Mã hàng,Tên hàng,ĐVT,Tồn đầu 01/01/2023,Tổng Nhập 2023,Tổng Xuất 2023,Tồn cuối 31/12/2023
,063940S_08___KHĂN LỤA,Cái,0,1,0,1
,064550CK_05___KHÓA LƯNG 5382 STRIATED,Cái,0,1,0,1
,073967CA_EG_085__DÂY LƯNG 32 MM,Cái,0,1,0,1
,1132639-NHÃN DÁN-BURBERRY-BRANDED STICKER 61.5MM X 46MM BBY707-(HÀNG KHUYẾN MÃI KHÔNG THU TIỀN),CAI,0,3,0,3
,1161946-ÁO SƠ MI TAY DÀI NAM-BURBERRY-M CASUAL SHIRT LS 8064881(RDA003086834),CAI,0,1,0,1
,1168742-ÁO SƠ MI TAY DÀI NAM-BURBERRY-M CASUAL SHIRT LS 8066622(RDA003094337),CAI,0,1,0,1
,231993ZA_ME_410__GIÀY NAM LOAFERS GUIDO,Đôi,0,1,0,1
,554052_1403_L__ÁO,Cái,0,1,0,1
,554052_4240_XL__ÁO,Cái,0,1,0,1
,81C-01245,,0,4,0,4
,81C-04800,,0,2,0,2
,81C-18927,,0,2,0,2
,ACUPAN,Ống,0,1,0,1
,AL ANLENE CONCENTRATE CHOCO 4X125ML,Lốc,0,0,60,-60
,AL ANLENE CONCENTRATE VANILLA 4X125ML,Lốc,0,0,1089,-1089
,AL ANLENE GOLD VANILLA MOVEPRO 1KG,Hộp,0,0,125,-125
,AL ANLENE GOLD VANILLA MOVEPRO 400G,Lon,0,0,283,-283
,AL ANLENE GOLD VANILLA MOVEPRO 440G,Hộp,0,0,204,-204
,AL ANLENE GOLD VANILLA MOVEPRO 800G,Lon,0,0,169,-169
,AL ANLENE MOVEPRO UHT 180ML - CÓ ĐƯỜNG,Lốc,0,0,778,-778
,AL ANLENE MOVEPRO UHT 180ML - KHÔNG BÉO,Lốc,0,0,102,-102
,AL ANLENE VANILLA MOVEPRO 440G,Hộp,0,0,289,-289
,AL ANLENE VANILLA MOVEPRO 800G,Lon,0,0,144,-144
,AL ANLENE VANILLA MOVEPRO SACHET 20GX3,Hộp,0,0,18,-18
,AL ANMUM CONCENTRATE CHOCO 4X125ML,Lốc,0,0,3,-3
,AL ANMUM CONCENTRATE VANILLA 4X125ML,Lốc,0,0,12,-12
,AL ANMUM MATERNA CHOCO 400G,Lon,0,0,84,-84
,AL ANMUM MATERNA CHOCO 800G,Lon,0,0,48,-48
,AL ANMUM MATERNA VANILLA 400G,Lon,0,0,72,-72
,ALGESIN - N,Ống,0,1,0,1
,ĂN UỐNG (NGÀY 10/10),bàn,0,1,0,1
,AO BLAZER,Cái/PCS,0,1,0,1
,AO KHOAC,Cái/PCS,0,1,0,1
,ÁO PHẪU THUẬT SMMMS SIZE L (GA-2- L),Cái,0,4,0,4
,AO SO-MI,Cái/PCS,0,1,0,1
,ÁO SƠ MI NAM NGẮN TAY PIE (ANPIE),Cái,0,1,0,1
,BA CHỈ BÒ,Phần,0,1,0,1
,BẠCH TUỘC MINI,Phần,0,1,0,1
,BĂNG KEO CÁ NHÂN 626-100V,Miếng,0,2,0,2
,BĂNG KEO LỤA Y TẾ 1538-1,Cuộn,0,2.1,0,2.1
,BẢNG TRẮNG 0.8*1.2M,Cái,0,1,0,1
,BÁNH BAO CHAY 300GR,Gói,0,1076,0,1076
,BÁNH BAO NHÂN THỊT 400GR,Gói,0,676,0,676
,BÁNH BAO NHÂN XÁ XÍU 280G,Gói,0,227,0,227
,BÁNH KEM XỐP PHÔ MAI - RICHEESE NABATI BITES CHEESE CREAM WAFER 300GR,Thùng,0,290,0,290
,BÁNH KEM XỐP PHÔ MAI RICHEESE NABATI CHEESE CREAM WAFER 110G,Thùng,0,20413,0,20413
,BÁNH KEM XỐP PHÔ MAI RICHEESE NABATI CHEESE CREAM WAFER 110G (HÀNG KHUYẾN MẠI KHÔNG THU TIỀN),Thùng,0,206,0,206
,BÁNH KEM XỐP PHÔ MAI-RICHEESE NABATI CHEESE CREAM WAFER 330G,Thùng,0,776,0,776
,BÁNH KEM XỐP PHÔ MAI – RICHEESE NABATI CHEESE CREAM WAFER 6G,Thùng,0,810,0,810
,BÁNH KEM XỐP PHÔ MAI – RICHEESE NABATI CHEESE CREAM WAFER 6G (HÀNG KHUYẾN MẠI KHÔNG THU TIỀN),Thùng,0,18,0,18
,BÁNH KEM XỐP PHÔ MAI RICHEESE NABATI CHEESE WAFER 15G,Thùng,0,4673,0,4673
,BÁNH KEM XỐP PHÔ MAI RICHEESE NABATI CHEESE WAFER 17G,Thùng,0,2419,346,2073
,BÁNH KEM XỐP PHÔ MAI RICHEESE NABATI CHEESE WAFER 17G (HÀNG KHUYẾN MẠI KHÔNG THU TIỀN),Thùng,0,468,0,468
,BÁNH KEM XỐP PHÔ MAI RICHEESE NABATI CHEESE WAFER 50G,Thùng,0,1978,7,1971
,BÁNH KEM XỐP PHÔ MAI RICHEESE NABATI CHEESE WAFER 50G (HÀNG KHUYẾN MẠI KHÔNG THU TIỀN),Thùng,0,59,0,59
,BÁNH KEM XỐP PHÔ MAI RICHEESE NABATI CHEESE WAFER 50GR,Gói,0,0,2,-2
,BÁNH KEM XỐP PHÔ MAI RICHEESE NABATI CHEESE WAFER 7.5G,Thùng,0,1747,15,1732
,BÁNH KEM XỐP PHỦ SÔ CÔ LA - NABATI RICHOCO TIME BREAK 48G,Thùng,0,280,0,280
,BÁNH KEM XỐP SỮA CHUA HƯƠNG PHÚC BỒN TỬ 16G,Thùng,0,43,193,-150
,BÁNH KEM XỐP SỮA CHUA HƯƠNG PHÚC BỒN TỬ 20G,Thùng,0,100,0,100
,BÁNH KEM XỐP SỮA CHUA HƯƠNG PHÚC BỒN TỬ- NABATI RICHBERRY 110G,Thùng,0,260,0,260
,BÁNH KEM XỐP SỮA CHUA HƯƠNG PHÚC BỒN TỬ - NABATI RICHBERRY - RASPBERRY FLAVOUR YOGHURT CREAM WAFER 50G,Thùng,0,75,88,-13
,BÁNH ỐNG LỚN NHÂN PHÔ MAI - NABATI CHEESE WAFER STICK- BIG ROLLS CHEESE 14G,Thùng,0,50,0,50
,BÁNH PHÔ MAI (DẠNG XỐP) RICHEESE AHH' TRIPLE CHEESE 15GR,Thùng,0,1021,0,1021
,BÁNH PHÔ MAI (DẠNG XỐP) RICHEESE NABATI CHEESE BLACK WAFER 50G,Thùng,0,0,1,-1
,BÁNH PHÔ MAI (DẠNG XỐP) RICHEESE NABATI CHEESE BLACK WAFER 50GR,Thùng,0,70,0,70
,BÁNH QUẾ NHÂN KEM – NABATI COOKIES AND CREAM LONG STICK 105G,Thùng,0,95,0,95
,BÁNH QUẾ NHÂN KEM - NABATI COOKIES AND CREAM LONG STICK 130G,Thùng,0,70,24,46
,BÁNH QUẾ NHÂN PHÔ MAI – NABATI RICHEESE LONG STICK 105G,Thùng,0,295,0,295
,BÁNH QUẾ NHÂN PHÔ MAI – NABATI RICHEESE LONG STICK 105G (HÀNG KHUYẾN MẠI KHÔNG THU TIỀN),Thùng,0,2,0,2
,BÁNH QUẾ NHÂN SÔ CÔ LA - NABATI RICHOCO BÁNH QUẾ 130G,Thùng,0,46,0,46
,BÁNH QUẾ NHÂN SÔ CÔ LA – NABATI RICHOCO LONG STICK 105G,Thùng,0,145,0,145
,BÁNH QUY GIÒN PHÔ MAI - NABATI RICHEESE CRACKERS - CHEESE CRACKERS 10G (24 PCS X 10G),Thùng,0,78,35,43
,BÁNH QUY GIÒN SÔ CÔ LA - NABATI RICHOCO CRACKERS - CHOCOLATE CRACKERS 10G (24 PCS X 10G,Thùng,0,0,10,-10
,BÁNH QUY GIÒN SÔ CÔ LA - NABATI RICHOCO CRACKERS - CHOCOLATE CRACKERS 10G (24 PCS X 10G),Thùng,0,60,46,14
,BÁNH QUY NHÂN KEM HƯƠNG VANI - NABATI COOKIES & CREAM 112G,Thùng,0,151,28,123
,BÁNH QUY NHÂN KEM HƯƠNG VANI – NABATI COOKIES & CREAM – SANDWICH COOKIES,Thùng,0,40,0,40
,BÁNH QUY NHÂN KEM HƯƠNG VANI - NABATI COOKIES & CREAM - SANDWICH COOKIES WITH VANILLA FLAVOUR CREAM 16G,Thùng,0,20,0,20
,BÁNH QUY NHÂN KEM SÔ CÔ LA - NABATI RICHOCO COOKIES 112G,Thùng,0,160,8,152
,BÁNH QUY NHÂN KEM SÔ CÔ LA – NABATI RICHOCO COOKIES – CHOCOLATE SANDWICH COOKIES 16G,Thùng,0,77,0,77
,BÁNH QUY NHÂN PHÔ MAI - NABATI RICHEESE COOKIES 112G,Thùng,0,153,0,153
,BÁNH QUY NHÂN PHÔ MAI - NABATI RICHEESE COOKIES 112G (HÀNG KHUYẾN MẠI KHÔNG THU TIỀN),Thùng,0,2,0,2
,BÁNH SNACK PHỦ PHÔ MAI - NABATI RICHEESE AHH' CHEESE CREAM COATED SNACK 9G,Thùng,0,1456,0,1456
,BÁNH SNACK VỊ BẮP RANG - NABATI SIIP BITE - ROASTED CORN FLAVOUR SNACK 40G,Thùng,0,56,110,-54
,BÁNH SNACK VỊ PHÔ MAI - NABATI RICHEESE SIIP BITE - CHEESE FLAVOUR SNACK 40G,Thùng,0,213,39,174
,BÁNH SNACK VỊ SÔ CÔ LA - NABATI RICHOCO SIIP BITE - CHOCOLATE FLAVOUR SNACK 40G,Thùng,0,0,15,-15
,BÁNH SÔCÔLA(DẠNG XỐP) RICHOCO NABATI CHOCOLATE CREAM WAFER 110G,Thùng,0,12290,0,12290
,BÁNH SÔCÔLA (DẠNG XỐP) – RICHOCO NABATI CHOCOLATE CREAM WAFER 6G,Thùng,0,351,0,351
,BÁNH SÔCÔLA (DẠNG XỐP) RICHOCO NABATI CHOCOLATE WAFER 15G,Thùng,0,1556,8,1548
,BÁNH SÔCÔLA (DẠNG XỐP) RICHOCO NABATI CHOCOLATE WAFER 17G,Gói,0,6950,114,6836
,BÁNH SÔCÔLA (DẠNG XỐP) RICHOCO NABATI CHOCOLATE WAFER 50G,Thùng,0,649,0,649
,BÁNH XẾP KIỂU NHẬT MINI 360G,Gói,0,40,0,40
,BÁNH XẾP TÔM THỊT 300GR,Gói,0,20,0,20
,BÁNH XỐP NHÂN KEM - NABATI COOKIES AND CREAM WAFER 50G,Thùng,0,47,0,47
,BÁNH XỐP PHỦ SOCOLA DỪA - NABATI COCONUT CHOCOLATE WAFER 14G,Thùng,0,549,0,549
,BÁNH XỐP PHỦ SOCOLA DỪA - NABATI COCONUT CHOCOLATE WAFER 14G (HÀNG KHUYẾN MẠI KHÔNG THU TIỀN),Thùng,0,5,0,5
,BÁNH XỐP PHỦ SÔ CÔ LA - NABATI RICHOCO COATED WAFER – CHOCOLATE COATED WAFER 14G,Thùng,0,502,0,502
,BÀN LÀM VIỆC,Bộ,0,1,0,1
,BÀN PHÍM DELL MULTIMEDIA KB216,Cái,0,1,0,1
,BAO GIÀY TIỆT TRÙNG/MEDIPRO( 1C/GÓI),Đôi,0,1,0,1
,BAO TÓC TIỆT TRÙNG (1C/GÓI),Cái,0,1,0,1
,BẦU LỌC NHIÊN LIỆU,Cái,0,1,0,1
,"BD SURGICAL CLIPPER BLADE, GENERAL USE( LƯỠI DAO)/ 4406",Cái,0,1,0,1
,BEL BÁNH QUE NHÚNG PM C.DIPPERS 30GX48,Gói,0,0,1296,-1296
,BEL HỖ TRỢ CTKM 20222015 THEO SỐ P04201030108,CT,0,0,1,-1
,BEL HỖ TRỢ CTKM 20222097 THEO SỐ P04201030108,CT,0,0,1,-1
,BEL HỖ TRỢ CTKM 20222098 THEO SỐ P04201030108,CT,0,0,1,-1
,BEL HỖ TRỢ CTKM 20222099 THEO SỐ P04201030108,CT,0,0,1,-1
,BEL HỖ TRỢ CTKM 20222100 THEO SỐ P04201030108,CT,0,0,1,-1
,BEL HỖ TRỢ CTKM 20222101 THEO SỐ P04201030108,CT,0,0,1,-1
,BEL HỖ TRỢ CTKM 20222102 THEO SỐ P04201030108,CT,0,0,1,-1
,BEL HỖ TRỢ CTKM 20232004 THEO SỐ P04201032121,CT,0,0,1,-1
,BEL HỖ TRỢ CTKM 20232005 THEO SỐ P04201032121,CT,0,0,1,-1
,BEL HỖ TRỢ CTKM 20232006 THEO SỐ P04201032121,CT,0,0,1,-1
,BEL HỖ TRỢ CTKM 20232007 THEO SỐ P04201032121,CT,0,0,1,-1
,BEL HỖ TRỢ CTKM 20232008 THEO SỐ P04201032121,CT,0,0,1,-1
,BEL HỖ TRỢ CTKM 20232009 THEO SỐ P04201032121,CT,0,0,1,-1
,BEL HỖ TRỢ CTKM 20232011 THEO SỐ P04201035243,CT,0,0,1,-1
,BEL HỖ TRỢ CTKM 20232012 THEO SỐ P04201035243,CT,0,0,1,-1
,BEL HỖ TRỢ CTKM 20232013 THEO SỐ P04201035243,CT,0,0,1,-1
,BEL HỖ TRỢ CTKM 20232014 THEO SỐ P04201035243,CT,0,0,1,-1
,BEL HỖ TRỢ CTKM 20232015 THEO SỐ P04201035243,CT,0,0,1,-1
,BEL HỖ TRỢ CTKM 20232016 THEO SỐ P04201035243,CT,0,0,1,-1
,BEL HỖ TRỢ CTKM 20232017 THEO SỐ P04201035243,CT,0,0,1,-1
,BEL HỖ TRỢ CTKM 20232018 THEO SỐ P04201040489,CT,0,0,1,-1
,BEL HỖ TRỢ CTKM 20232019 THEO SỐ P04201040489,CT,0,0,1,-1
,BEL HỖ TRỢ CTKM 20232020 THEO SỐ P04201040489,CT,0,0,1,-1
,BEL HỖ TRỢ CTKM 20232021 THEO SỐ P04201040489,CT,0,0,1,-1
,BEL HỖ TRỢ CTKM 20232022 THEO SỐ P04201040489,CT,0,0,1,-1
,BEL HỖ TRỢ CTKM 20232023 THEO SỐ P04201040489,CT,0,0,1,-1
,BEL HỖ TRỢ CTKM 20232024 THEO SỐ P04201040489,CT,0,0,1,-1
,BEL HỖ TRỢ CTKM 20232026 THEO SỐ P04201044845,CT,0,0,1,-1
,BEL HỖ TRỢ CTKM 20232027 THEO SỐ P04201044845,CT,0,0,1,-1
,BEL HỖ TRỢ CTKM 20232028 THEO SỐ P04201044845,CT,0,0,1,-1
,BEL HỖ TRỢ CTKM 20232030 THEO SỐ P04201044845,CT,0,0,1,-1
,BEL HỖ TRỢ CTKM 20232031 THEO SỐ P04201044845,CT,0,0,1,-1
,BEL HỖ TRỢ CTKM 20232032 THEO SỐ P04201044845,CT,0,0,1,-1
,BEL HỖ TRỢ CTKM 20232033 THEO SỐ P04201044845,CT,0,0,1,-1
,BEL HỖ TRỢ CTKM 20232034 THEO SỐ P04201044845,CT,0,0,1,-1
,BEL HỖ TRỢ CTKM 20232035 THEO SỐ P04201044845,CT,0,0,1,-1
,BEL HỖ TRỢ CTKM 20232036 THEO SỐ P04201044845,CT,0,0,1,-1
,BEL HỖ TRỢ CTKM 20232037 THEO SỐ P04201044845,CT,0,0,1,-1
,BEL HỖ TRỢ CTKM 20232038 THEO SỐ P04201044845,CT,0,0,1,-1
,BEL HỖ TRỢ CTKM 20232039 THEO SỐ P04201049364,CT,0,0,1,-1
,BEL HỖ TRỢ CTKM 20232040 THEO SỐ P04201049364,CT,0,0,1,-1
,BEL HỖ TRỢ CTKM 20232041 THEO SỐ P04201049364,CT,0,0,1,-1
,BEL HỖ TRỢ CTKM 20232042 THEO SỐ P04201049364,CT,0,0,1,-1
,BEL HỖ TRỢ CTKM 20232043 THEO SỐ P04201049364,CT,0,0,1,-1
,BEL HỖ TRỢ CTKM 20232044 THEO SỐ P04201049364,CT,0,0,1,-1
,BEL HỖ TRỢ CTKM 20232045 THEO SỐ P04201049364,CT,0,0,1,-1
,BEL HỖ TRỢ CTKM 20232046 THEO SỐ P04201049364,CT,0,0,1,-1
,BEL HỖ TRỢ CTKM 20232047 THEO SỐ P04201053313,CT,0,0,1,-1
,BEL HỖ TRỢ CTKM 20232048 THEO SỐ P04201053313,CT,0,0,1,-1
,BEL HỖ TRỢ CTKM 20232049 THEO SỐ P04201053313,CT,0,0,1,-1
,BEL HỖ TRỢ CTKM 20232050 THEO SỐ P04201053313,CT,0,0,1,-1
,BEL HỖ TRỢ CTKM 20232051 THEO SỐ P04201053313,CT,0,0,1,-1
,BEL HỖ TRỢ CTKM 20232052 THEO SỐ P04201053313,CT,0,0,1,-1
,BEL HỖ TRỢ CTKM 20232053 THEO SỐ P04201053313,CT,0,0,1,-1
,BEL HỖ TRỢ CTKM 20232054 THEO SỐ P04201053313,CT,0,0,1,-1
,BEL HỖ TRỢ CTKM 20232057 THEO SỐ P04201057154,CT,0,0,1,-1
,BEL HỖ TRỢ CTKM 20232058 THEO SỐ P04201057154,CT,0,0,1,-1
,BEL HỖ TRỢ CTKM 20232059 THEO SỐ P04201057154,CT,0,0,1,-1
,BEL HỖ TRỢ CTKM 20232060 THEO SỐ P04201057154,CT,0,0,1,-1
,BEL HỖ TRỢ CTKM 20232061 THEO SỐ P04201057154,CT,0,0,1,-1
,BEL HỖ TRỢ CTKM 20232062 THEO SỐ P04201057154,CT,0,0,1,-1
,BEL HỖ TRỢ CTKM 20232063 THEO SỐ P04201057154,CT,0,0,1,-1
,BEL HỖ TRỢ CTKM 20232064 THEO SỐ P04201057154,CT,0,0,1,-1
,BEL HỖ TRỢ CTKM 20232065 THEO SỐ P04201061810,CT,0,0,1,-1
,BEL HỖ TRỢ CTKM 20232066 THEO SỐ P04201061810,CT,0,0,1,-1
,BEL HỖ TRỢ CTKM 20232067 THEO SỐ P04201061810,CT,0,0,1,-1
,BEL HỖ TRỢ CTKM 20232068 THEO SỐ P04201061810,CT,0,0,1,-1
,BEL HỖ TRỢ CTKM 20232069 THEO SỐ P04201061810,CT,0,0,1,-1
,BEL HỖ TRỢ CTKM 20232078 THEO SỐ P04201070089,CT,0,0,1,-1
,BEL HỖ TRỢ CTKM 20232079 THEO SỐ P04201070089,CT,0,0,1,-1
,BEL HỖ TRỢ CTKM 20232082 THEO SỐ P04201070089,CT,0,0,1,-1
,BEL KM PHO MAI CBC 8M 120G,Hộp,0,0,21,-21
,BEL (KM) PHO MAI CBC 8M (KM),Hộp,0,0,6402,-6402
,BEL (KM) PHO MAI CUBE VỊ SỮA 78G ( KM),Gói,0,0,1680,-1680
,BEL (KM) PM LÁT CBC BURGER 200GX32 (KM),Gói,0,0,32,-32
,BEL (KM) PM VUÔNG BELCUBE VỊ DÂU 26G (KM),Gói,0,0,1500,-1500
,BEL PHÔ MAI CBC 16M,Hộp,0,0,52011,-52011
,BEL PHÔ MAI CBC 16M 240G TẾT,Hộp,0,0,1991,-1991
,BEL PHÔ MAI CBC 24M,Hộp,0,0,1776,-1776
,BEL PHÔ MAI CBC 4M,Hộp,0,0,162,-162
,BEL PHÔ MAI CBC 8M,Hộp,0,0,103893,-103893
,BEL PHÔ MAI CBC 8M 120G TẾT,Hộp,0,0,1627,-1627
,BEL PHOMAI CUBE COUNTRY (TRUYỀN THỐNG ) 78G,Hộp,0,0,655,-655
,BEL PHÔ MAI CUBE VỊ SỮA 125G,Hộp,0,0,7314,-7314
,BEL PHO MAI CUBE VỊ SỮA 78G,Hộp,0,0,26659,-26659
,BEL PHÔ MAI VUÔNG LECUBE TỔ YẾN 78G,Gói,0,0,495,-495
,BEL PM KEM SỮA KIRI 108G X 60,Hộp,0,0,20,-20
,BEL PM LÁT CBC BURGER 200GX32,Gói,0,0,421,-421
,BEL PM LÁT CBC TOAST 200GX32,Gói,0,0,96,-96
,BEL PM LÁT SANDWICH CHEDDAR 200G,Gói,0,0,288,-288
,BEL PM VUÔNG BELCUBE VỊ NGỌT DÂU 78G,Gói,0,0,7950,-7950
,BEL PM VUÔNG BELCUBE VỊ NGỌT SOCOLA 78G,Gói,0,0,5257,-5257
,BEL PM VUÔNG BELCUBE VỊ NGỌT VANI 78G,Gói,0,0,1290,-1290
,BEL PM VUÔNG LECUBE 9C/ 47G (12/LỐ ),Hộp,0,0,408,-408
,BEL XỐT PM CBC 15GX10X12,Dây,0,0,6,-6
,BIA TIGER,Lon,0,163,0,163
,BÌNH ẮC QUY GS MF 85D26L,Bình,0,2,0,2
,BÒ 2 LÁT 170G,Hộp,0,15,0,15
,BÒ 2 LÁT 3.B.MAI 150G,Hộp,0,9194,0,9194
,BÒ 2 LÁT_HỘP 170G,Hộp,0,144,0,144
,BÒ HẦM 150G,Hộp,0,6611,0,6611
,BÒ HẦM 397G,Hộp,0,4488,0,4488
,BÒ HẦM_HỘP 150G,Hộp,0,22730,0,22730
,BÒ HẦM (LON IN) HỘP 150G,Hộp,0,2088,0,2088
,BỘ KHĂN PHẪU THUẬT TỔNG QUÁT A (PA-UN-01A),Bộ,0,1,0,1
,BÒ KHO 200G,Hộp,0,240,0,240
,BỘ LỌC VÀ LÀM MÁT NHỚT,Bộ,0,1,0,1
,BƠM CHÂN KHÔNG,Cái,0,1,0,1
,BƠM TIÊM 10CC 23GX1 (VINAHANKOOK),Cái,0,6,0,6
,BƠM TIÊM 20CC 23GX1 (VINAHANKOOK),Cái,0,2,0,2
,BƠM TIÊM 3CC 23GX1 (VINAHANKOOK),Cái,0,2,0,2
,BƠM TIÊM 5CC 23GX1 (VINAHANKOOK),Cái,0,5,0,5
,BỘ ROĂNG ĐẠI TU,Bộ,0,1,0,1
,BỘ TĂNG SÊN CAM,Cái,0,1,0,1
,BỘT CANH 180G,Gói,0,2250,0,2250
,BỘT CANH NẤM BÀO NGƯ 180G,Gói,0,16000,0,16000
,BỘT CANH NẤM HƯƠNG 180G,Gói,0,8300,0,8300
,BÔ TIỂU NỮ,Cái,0,1,0,1
,BÒ VIÊN 3 NGON_GÓI 500G,Kg,0,752.5,0,752.5
,BÒ VIÊN GÓI 200G,Kg,0,10,0,10
,BRIDION,Lọ,0,1,0,1
,BULON MẶT MÁY,Cái,0,18,0,18
,BÚT BI,Hộp,0,38,0,38
,CẢI THÌA,Phần,0,1,0,1
,CẢM BIẾN BƯỚM GA,Cái,0,1,0,1
,"CAMERA QUAN SÁT (KN-S45F), PHỤ KIỆN",Bộ,0,1,0,1
,"CAMERA QUAN SÁT (KX-4012AN3), PHỤ KIỆN",Bộ,0,1,0,1
,"CAMERA QUAN SÁT (KX-A2011TN2), PHỤ KIỆN",Bộ,0,1,0,1
,"CAMERA QUAN SÁT (KX-A2023-V-A), PHỤ KIỆN",Bộ,0,2,0,2
,CAMMIC,Ống,0,2,0,2
,CÁ NGỪ NGÂM DẦU 185G,Hộp,0,3360,0,3360
,CÁ NGỪ XỐT CAY 185G,Hộp,0,96,0,96
,CÁ NGỪ XỐT DẦU,Hộp,0,384,0,384
,CÁ NGỪ XỐT DẦU_HỘP 170G,Hộp,0,1680,0,1680
,CÁP 5 GIA CƯỜNG,Mét,0,35,0,35
,CÁ SABA KHO TIÊU 185GR,Hộp,0,48,0,48
,CÁ SABA XỐT CÀ 185GR,Hộp,0,240,0,240
,CÁ SABA XỐT SIRACHA 185G,Hộp,0,240,0,240
,CÁ VIÊN 3 NGON 500GR,Kg,0,200,0,200
,CÁ VIÊN FUNNY_GÓI 250G,Kg,0,37.5,0,37.5
,CÁ VIÊN FUNNY_GÓI 500G,Kg,0,614.5,0,614.5
,CÁ VIÊN GÓI 200G ĐL,Kg,0,528,0,528
,CÁ VIÊN ỚT XIÊM XANH 500GR,Kg,0,5,0,5
,CÁ XỐT CÀ 170G,Hộp,0,3204,0,3204
,CÁ XỐT CÀ KOS 155G,Hộp,0,4080,0,4080
,CÁ XỐT CÀ MAI VÀNG HỘP 150G,Hộp,0,3096,0,3096
,CEFAZOLINE PANPHARMA,Lọ,0,2,0,2
,CHẢ GIÒ ALNN HŨ 250G,Hũ,0,132,0,132
,CHẢ GIÒ CHAY GÓI 500G,Kg,0,9,0,9
,CHẢ GIÒ CON TÔM GÓI 250G,Kg,0,1.25,0,1.25
,CHẢ GIÒ DA XỐP GÓI 400G,Kg,0,4,0,4
,CHẢ GIÒ HẢI SẢN GÓI 500G,Kg,0,1.5,0,1.5
,CHẢ GIÒ RẾ CON TÔM GÓI 300G,Kg,0,1.5,0,1.5
,CHẢ GIÒ RẾ THẬP CẨM 500GR,Gói,0,440,0,440
,CHẢ GIÒ RẾ THỊT GÓI 500G,Kg,0,9,0,9
,CHẢ GIÒ RẾ TÔM CUA 500GR,Gói,0,225,0,225
,CHẢ GIÒ RẾ TÔM CUA GÓI 500G,Kg,0,6.5,0,6.5
,CHẢ GIÒ TÔM CUA GÓI 500G,Kg,0,5,0,5
,CHẢ GIÒ TÔM THỊT 500GR/GÓI,Gói,0,2404,0,2404
,CHẢ GIÒ XỐP 500GR/GÓI,Gói,0,32,0,32
,CHẢ GIÒ XỐP CHAY 500GR,Gói,0,601,0,601
,CHẢ LỤA BÌ ỚT XIÊM 80G,Kg,0,2.24,0,2.24
,CHẢ LỤA QUE 80G,Kg,0,2.24,0,2.24
,CHÈ BẠCH QUẢ HẠT SEN,Phần,0,2,0,2
,CHÈ CỦ NĂNG NƯỚC DỪA,Chén,0,1,0,1
,CHIA MẠNG LAN TỪ 1 CỔNG SANG 8 CỔNG MODEL HN-1080P,Cái,0,1,0,1
,CHIẾT KHẤU 0.5% DOANH SỐ XX DINH DƯỠNG DHA 35G THÁNG 05/2023,,0,1,0,1
,CHIẾT KHẤU 0.5% DOANH SỐ XX DINH DƯỠNG DHA 35G THÁNG 11/2023,,0,1,0,1
,CHIẾT KHẤU 10%,,0,0,296,-296
,CHIẾT KHẤU 11%,,0,0,113,-113
,CHIẾT KHẤU 12%,,0,0,2,-2
,CHIẾT KHẤU 1% DOANH SỐ XX DINH DƯỠNG DHA 35G THÁNG 01/2023,,0,1,0,1
,CHIẾT KHẤU 1% DOANH SỐ XX DINH DƯỠNG DHA 35G THÁNG 04/2023,,0,1,0,1
,CHIẾT KHẤU 1% DOANH SỐ XX DINH DƯỠNG DHA 35G THÁNG 12/2022,,0,2,0,2
,CHIẾT KHẤU 2%,,0,0,1684,-1684
,CHIẾT KHẤU 2% IPT W1 (01.02 - 07.02.23),,0,1,0,1
,CHIẾT KHẤU 2% IPT W1 (01.03 - 07.03.23),,0,1,0,1
,CHIẾT KHẤU 2% IPT W1 (01.1 - 10.01.23),,0,1,0,1
,CHIẾT KHẤU 2% IPT W1 (01.12 - 13.12.22),,0,1,0,1
,CHIẾT KHẤU 2% IPT W2 (08.02 - 14.02.23),,0,1,0,1
,CHIẾT KHẤU 2% IPT W2 (08.03 - 14.03.23),,0,1,0,1
,CHIẾT KHẤU 2% IPT W2 (14.12 - 20.12.22),,0,1,0,1
,CHIẾT KHẤU 2% IPT W2+W3 (11.1 - 31.01.23),,0,1,0,1
,CHIẾT KHẤU 2% IPT W3 (15.02 - 21.02.23),,0,1,0,1
,CHIẾT KHẤU 2% IPT W3 (15.03 - 21.03.23),,0,1,0,1
,CHIẾT KHẤU 2% IPT W3 (21.12 - 27.12.22),,0,1,0,1
,CHIẾT KHẤU 2% IPT W4 (22.02 - 28.02.23),,0,1,0,1
,CHIẾT KHẤU 2% IPT W4 (22.03 - 31.03.23),,0,1,0,1
,CHIẾT KHẤU 2% IPT W4 (28.12 - 31.12.22),,0,1,0,1
,CHIẾT KHẤU 2% SO W1 (01.02 - 07.02.23),,0,1,0,1
,CHIẾT KHẤU 2% SO W1 (01.03 - 07.03.23),,0,1,0,1
,CHIẾT KHẤU 2% SO W1 (01.1 - 10.01.23),,0,1,0,1
,CHIẾT KHẤU 2% SO W1 (01.12 - 13.12.22),,0,1,0,1
,CHIẾT KHẤU 2% SO W2 (08.02 - 14.02.23),,0,1,0,1
,CHIẾT KHẤU 2% SO W2 (08.03 - 14.03.23),,0,1,0,1
,CHIẾT KHẤU 2% SO W2 (14.12 - 20.12.22),,0,1,0,1
,CHIẾT KHẤU 2% SO W2+W3 (11.1 - 31.01.23),,0,1,0,1
,CHIẾT KHẤU 2% SO W3 (15.02 - 21.02.23),,0,1,0,1
,CHIẾT KHẤU 2% SO W3 (15.03 - 21.03.23),,0,1,0,1
,CHIẾT KHẤU 2% SO W3 (21.12 - 27.12.22),,0,1,0,1
,CHIẾT KHẤU 2% SO W4 (22.02 - 28.02.23),,0,1,0,1
,CHIẾT KHẤU 2% SO W4 (22.03 - 31.03.23),,0,1,0,1
,CHIẾT KHẤU 2% SO W4 (28.12 - 31.12.22),,0,1,0,1
,CHIẾT KHẤU 4%,,0,0,15,-15
,CHIẾT KHẤU 40%,,0,0,2,-2
,CHIẾT KHẤU 5%,,0,0,1061,-1061
,CHIẾT KHẤU 5% + 5% HỖ TRỢ THÊM,,0,0,870,-870
,CHIẾT KHẤU 5% + 7% HỖ TRỢ THÊM,,0,0,1585,-1585
,"CHIẾT KHẤU 6,5%",,0,0,2806,-2806
,"CHIẾT KHẤU 7,5%",,0,0,286,-286
,CHIẾT KHẤU 7% +(5% CHIẾT KHẤU NHÂN DỊP THÀNH LẬP CTY),,0,0,319,-319
,CHIẾT KHẤU 9%,,0,0,4,-4
,CHIẾT KHẤU HÀNG BÁN,.,0,133,0,133
,CHIẾT KHẤU SO CRACKER (01.01 - 18.01.23),,0,1,0,1
,CHIẾT KHẤU SO CRACKER (01.12 - 31.12.22),,0,1,0,1
,CHIẾT KHẤU SO CRACKER (16.11 - 30.11.22),,0,1,0,1
,( CHIẾT KHẤU THANH TOÁN: 100.337 ),,0,1,0,1
,( CHIẾT KHẤU THANH TOÁN: 10.307 ),,0,1,0,1
,( CHIẾT KHẤU THANH TOÁN: 10.310 ),,0,1,0,1
,( CHIẾT KHẤU THANH TOÁN: 1.065.051 ),,0,1,0,1
,( CHIẾT KHẤU THANH TOÁN: 107.856 ),,0,1,0,1
,( CHIẾT KHẤU THANH TOÁN: 1.088.271 ),,0,1,0,1
,( CHIẾT KHẤU THANH TOÁN: 10.956 ),,0,1,0,1
,( CHIẾT KHẤU THANH TOÁN: 1.098.149 ),,0,1,0,1
,( CHIẾT KHẤU THANH TOÁN: 11.130 ),,0,1,0,1
,( CHIẾT KHẤU THANH TOÁN: 1.123.440 ),,0,1,0,1
,( CHIẾT KHẤU THANH TOÁN: 112.459 ),,0,1,0,1
,( CHIẾT KHẤU THANH TOÁN: 1.134.072 ),,0,1,0,1
,( CHIẾT KHẤU THANH TOÁN: 1.145.340 ),,0,1,0,1
,( CHIẾT KHẤU THANH TOÁN: 115.105 ),,0,1,0,1
,( CHIẾT KHẤU THANH TOÁN: 11.677 ),,0,1,0,1
,( CHIẾT KHẤU THANH TOÁN: 119.097 ),,0,1,0,1
,( CHIẾT KHẤU THANH TOÁN: 121.666 ),,0,1,0,1
,( CHIẾT KHẤU THANH TOÁN: 1.220.137 ),,0,1,0,1
,( CHIẾT KHẤU THANH TOÁN: 1.236.652 ),,0,1,0,1
,( CHIẾT KHẤU THANH TOÁN: 1.241.272 ),,0,1,0,1
,( CHIẾT KHẤU THANH TOÁN: 12.422 ),,0,1,0,1
,( CHIẾT KHẤU THANH TOÁN: 126.731 ),,0,2,0,2
,( CHIẾT KHẤU THANH TOÁN: 1.287.883 ),,0,1,0,1
,( CHIẾT KHẤU THANH TOÁN: 1.288.988 ),,0,1,0,1
,( CHIẾT KHẤU THANH TOÁN: 130.752 ),,0,1,0,1
,( CHIẾT KHẤU THANH TOÁN: 130.889 ),,0,1,0,1
,( CHIẾT KHẤU THANH TOÁN: 13.117 ),,0,1,0,1
,( CHIẾT KHẤU THANH TOÁN: 13.185 ),,0,1,0,1
,( CHIẾT KHẤU THANH TOÁN: 13.274 ),,0,1,0,1
,( CHIẾT KHẤU THANH TOÁN: 13.461 ),,0,1,0,1
,( CHIẾT KHẤU THANH TOÁN: 1.352.674 ),,0,1,0,1
,( CHIẾT KHẤU THANH TOÁN: 1.360.058 ),,0,1,0,1
,( CHIẾT KHẤU THANH TOÁN: 13.686 ),,0,1,0,1
,( CHIẾT KHẤU THANH TOÁN: 1.372.686 ),,0,1,0,1
,( CHIẾT KHẤU THANH TOÁN: 13.747 ),,0,1,0,1
,( CHIẾT KHẤU THANH TOÁN: 137.730 ),,0,1,0,1
,( CHIẾT KHẤU THANH TOÁN: 1.380.962 ),,0,1,0,1
,( CHIẾT KHẤU THANH TOÁN: 13.838 ),,0,1,0,1
,( CHIẾT KHẤU THANH TOÁN: 13.872 ),,0,1,0,1
,( CHIẾT KHẤU THANH TOÁN: 1.395.827 ),,0,1,0,1
,( CHIẾT KHẤU THANH TOÁN: 1.401.265 ),,0,1,0,1
,( CHIẾT KHẤU THANH TOÁN: 1.414.481 ),,0,1,0,1
,( CHIẾT KHẤU THANH TOÁN: 1.423 ),,0,1,0,1
,( CHIẾT KHẤU THANH TOÁN: 1.438.359 ),,0,1,0,1
,( CHIẾT KHẤU THANH TOÁN: 1.452.404 ),,0,1,0,1
,( CHIẾT KHẤU THANH TOÁN: 1.476.378 ),,0,1,0,1
,( CHIẾT KHẤU THANH TOÁN: 1.483.747 ),,0,1,0,1
,( CHIẾT KHẤU THANH TOÁN: 14.907 ),,0,1,0,1
,( CHIẾT KHẤU THANH TOÁN: 1.497.738 ),,0,1,0,1
,( CHIẾT KHẤU THANH TOÁN: 15.122 ),,0,1,0,1
,( CHIẾT KHẤU THANH TOÁN: 1.524.817 ),,0,1,0,1
,( CHIẾT KHẤU THANH TOÁN: 1.552.928 ),,0,1,0,1
,( CHIẾT KHẤU THANH TOÁN: 1.558.843 ),,0,1,0,1
,( CHIẾT KHẤU THANH TOÁN: 1.562.355 ),,0,1,0,1
,( CHIẾT KHẤU THANH TOÁN: 1.578.471 ),,0,1,0,1
,( CHIẾT KHẤU THANH TOÁN: 15.984 ),,0,2,0,2
,( CHIẾT KHẤU THANH TOÁN: 160.947 ),,0,1,0,1
,( CHIẾT KHẤU THANH TOÁN: 1.620.019 ),,0,1,0,1
,( CHIẾT KHẤU THANH TOÁN: 1.634.080 ),,0,1,0,1
,( CHIẾT KHẤU THANH TOÁN: 1.639.665 ),,0,1,0,1
,( CHIẾT KHẤU THANH TOÁN: 1.651.653 ),,0,1,0,1
,( CHIẾT KHẤU THANH TOÁN: 17.184 ),,0,1,0,1
,( CHIẾT KHẤU THANH TOÁN: 1.737.009 ),,0,1,0,1
,( CHIẾT KHẤU THANH TOÁN: 17.602 ),,0,1,0,1
,( CHIẾT KHẤU THANH TOÁN: 177.296 ),,0,1,0,1
,( CHIẾT KHẤU THANH TOÁN: 1.784.492 ),,0,1,0,1
,( CHIẾT KHẤU THANH TOÁN: 17.976 ),,0,1,0,1
,( CHIẾT KHẤU THANH TOÁN: 1.809.471 ),,0,1,0,1
,( CHIẾT KHẤU THANH TOÁN: 18.245 ),,0,1,0,1
,( CHIẾT KHẤU THANH TOÁN: 183.906 ),,0,1,0,1
,( CHIẾT KHẤU THANH TOÁN: 1.877.587 ),,0,1,0,1
,( CHIẾT KHẤU THANH TOÁN: 18.813 ),,0,1,0,1
,( CHIẾT KHẤU THANH TOÁN: 188.650 ),,0,1,0,1
,( CHIẾT KHẤU THANH TOÁN: 1.903.601 ),,0,1,0,1
,( CHIẾT KHẤU THANH TOÁN: 1.921.728 ),,0,1,0,1
,( CHIẾT KHẤU THANH TOÁN: 1.992.615 ),,0,1,0,1
,( CHIẾT KHẤU THANH TOÁN: 20.248 ),,0,1,0,1
,( CHIẾT KHẤU THANH TOÁN: 2.037.126 ),,0,1,0,1
,( CHIẾT KHẤU THANH TOÁN: 205.903 ),,0,1,0,1
,( CHIẾT KHẤU THANH TOÁN: 20.729 ),,0,1,0,1
,( CHIẾT KHẤU THANH TOÁN: 207.497 ),,0,1,0,1
,( CHIẾT KHẤU THANH TOÁN: 20.810 ),,0,1,0,1
,( CHIẾT KHẤU THANH TOÁN: 21.230 ),,0,1,0,1
,( CHIẾT KHẤU THANH TOÁN: 2.129.844 ),,0,1,0,1
,( CHIẾT KHẤU THANH TOÁN: 2.139.995 ),,0,1,0,1
,( CHIẾT KHẤU THANH TOÁN: 2.151.748 ),,0,1,0,1
,( CHIẾT KHẤU THANH TOÁN: 21.571 ),,0,1,0,1
,( CHIẾT KHẤU THANH TOÁN: 217.605 ),,0,1,0,1
,( CHIẾT KHẤU THANH TOÁN: 2.239.908 ),,0,1,0,1
,( CHIẾT KHẤU THANH TOÁN: 22.452 ),,0,1,0,1
,( CHIẾT KHẤU THANH TOÁN: 22.507 ),,0,1,0,1
,( CHIẾT KHẤU THANH TOÁN: 2.250.918 ),,0,1,0,1
,( CHIẾT KHẤU THANH TOÁN: 2.270.333 ),,0,1,0,1
,( CHIẾT KHẤU THANH TOÁN: 22.915 ),,0,1,0,1
,( CHIẾT KHẤU THANH TOÁN: 2.295.944 ),,0,1,0,1
,( CHIẾT KHẤU THANH TOÁN: 2.297.869 ),,0,1,0,1
,( CHIẾT KHẤU THANH TOÁN: 23.305 ),,0,1,0,1
,( CHIẾT KHẤU THANH TOÁN: 23.313 ),,0,1,0,1
,( CHIẾT KHẤU THANH TOÁN: 23.393 ),,0,1,0,1
,( CHIẾT KHẤU THANH TOÁN: 23.645 ),,0,1,0,1
,( CHIẾT KHẤU THANH TOÁN: 2.397.379 ),,0,1,0,1
,( CHIẾT KHẤU THANH TOÁN: 2.405.377 ),,0,1,0,1
,( CHIẾT KHẤU THANH TOÁN: 240.557 ),,0,1,0,1
,( CHIẾT KHẤU THANH TOÁN: 24.119 ),,0,1,0,1
,( CHIẾT KHẤU THANH TOÁN: 2.455.533 ),,0,1,0,1
,( CHIẾT KHẤU THANH TOÁN: 2.470.873 ),,0,1,0,1
,( CHIẾT KHẤU THANH TOÁN: 24.762 ),,0,1,0,1
,( CHIẾT KHẤU THANH TOÁN: 24.790 ),,0,1,0,1
,( CHIẾT KHẤU THANH TOÁN: 24.845 ),,0,1,0,1
,( CHIẾT KHẤU THANH TOÁN: 2.499.090 ),,0,1,0,1
,( CHIẾT KHẤU THANH TOÁN: 25.027 ),,0,1,0,1
,( CHIẾT KHẤU THANH TOÁN: 25.387 ),,0,1,0,1
,( CHIẾT KHẤU THANH TOÁN: 25.632 ),,0,1,0,1
,( CHIẾT KHẤU THANH TOÁN: 2.589.905 ),,0,1,0,1
,( CHIẾT KHẤU THANH TOÁN: 2.614.733 ),,0,1,0,1
,( CHIẾT KHẤU THANH TOÁN: 26.294 ),,0,1,0,1
,( CHIẾT KHẤU THANH TOÁN: 2.630.303 ),,0,1,0,1
,( CHIẾT KHẤU THANH TOÁN: 26.377 ),,0,1,0,1
,( CHIẾT KHẤU THANH TOÁN: 2.655.370 ),,0,1,0,1
,( CHIẾT KHẤU THANH TOÁN: 26.688 ),,0,1,0,1
,( CHIẾT KHẤU THANH TOÁN: 26.717 ),,0,1,0,1
,( CHIẾT KHẤU THANH TOÁN: 2.684.171 ),,0,1,0,1
,( CHIẾT KHẤU THANH TOÁN: 2.694.663 ),,0,1,0,1
,( CHIẾT KHẤU THANH TOÁN: 2.705.512 ),,0,1,0,1
,( CHIẾT KHẤU THANH TOÁN: 27.072 ),,0,1,0,1
,( CHIẾT KHẤU THANH TOÁN: 27.095 ),,0,1,0,1
,( CHIẾT KHẤU THANH TOÁN: 2.711.221 ),,0,1,0,1
,( CHIẾT KHẤU THANH TOÁN: 2.739.478 ),,0,1,0,1
,( CHIẾT KHẤU THANH TOÁN: 27.550 ),,0,1,0,1
,( CHIẾT KHẤU THANH TOÁN: 27.965 ),,0,1,0,1
,( CHIẾT KHẤU THANH TOÁN: 2.851 ),,0,1,0,1
,( CHIẾT KHẤU THANH TOÁN: 28.632 ),,0,1,0,1
,( CHIẾT KHẤU THANH TOÁN: 2.871.887 ),,0,1,0,1
,( CHIẾT KHẤU THANH TOÁN: 2.884.015 ),,0,1,0,1
,( CHIẾT KHẤU THANH TOÁN: 29.100 ),,0,1,0,1
,( CHIẾT KHẤU THANH TOÁN: 3.000 ),,0,1,0,1
,( CHIẾT KHẤU THANH TOÁN: 3.004.340 ),,0,1,0,1
,( CHIẾT KHẤU THANH TOÁN: 3.022.953 ),,0,1,0,1
,( CHIẾT KHẤU THANH TOÁN: 30.245 ),,0,1,0,1
,( CHIẾT KHẤU THANH TOÁN: 3.064 ),,0,5,0,5
,( CHIẾT KHẤU THANH TOÁN: 310.618 ),,0,1,0,1
,( CHIẾT KHẤU THANH TOÁN: 310.682 ),,0,1,0,1
,( CHIẾT KHẤU THANH TOÁN: 3.136.144 ),,0,1,0,1
,( CHIẾT KHẤU THANH TOÁN: 31.697 ),,0,1,0,1
,( CHIẾT KHẤU THANH TOÁN: 32.133 ),,0,1,0,1
,( CHIẾT KHẤU THANH TOÁN: 3.365 ),,0,1,0,1
,( CHIẾT KHẤU THANH TOÁN: 33.796 ),,0,1,0,1
,( CHIẾT KHẤU THANH TOÁN: 3.389.754 ),,0,1,0,1
,( CHIẾT KHẤU THANH TOÁN: 34.212 ),,0,1,0,1
,( CHIẾT KHẤU THANH TOÁN: 3.466.759 ),,0,1,0,1
,( CHIẾT KHẤU THANH TOÁN: 34.703 ),,0,1,0,1
,( CHIẾT KHẤU THANH TOÁN: 3.528 ),,0,4,0,4
,( CHIẾT KHẤU THANH TOÁN: 354.787 ),,0,1,0,1
,( CHIẾT KHẤU THANH TOÁN: 35.952 ),,0,17,0,17
,( CHIẾT KHẤU THANH TOÁN: 36.376 ),,0,1,0,1
,( CHIẾT KHẤU THANH TOÁN: 3.639.853 ),,0,1,0,1
,( CHIẾT KHẤU THANH TOÁN: 376.320 ),,0,1,0,1
,( CHIẾT KHẤU THANH TOÁN: 3.840.395 ),,0,1,0,1
,( CHIẾT KHẤU THANH TOÁN: 392.598 ),,0,1,0,1
,( CHIẾT KHẤU THANH TOÁN: 40.188 ),,0,1,0,1
,( CHIẾT KHẤU THANH TOÁN: 40.555 ),,0,1,0,1
,( CHIẾT KHẤU THANH TOÁN: 411.806 ),,0,1,0,1
,( CHIẾT KHẤU THANH TOÁN: 41.206 ),,0,1,0,1
,( CHIẾT KHẤU THANH TOÁN: 4.162.828 ),,0,1,0,1
,( CHIẾT KHẤU THANH TOÁN: 4.170.220 ),,0,1,0,1
,( CHIẾT KHẤU THANH TOÁN: 4.231.675 ),,0,1,0,1
,( CHIẾT KHẤU THANH TOÁN: 4.242.541 ),,0,1,0,1
,( CHIẾT KHẤU THANH TOÁN: 425.533 ),,0,1,0,1
,( CHIẾT KHẤU THANH TOÁN: 425.969 ),,0,1,0,1
,( CHIẾT KHẤU THANH TOÁN: 4.269.422 ),,0,1,0,1
,( CHIẾT KHẤU THANH TOÁN: 42.738 ),,0,1,0,1
,( CHIẾT KHẤU THANH TOÁN: 43.142 ),,0,1,0,1
,( CHIẾT KHẤU THANH TOÁN: 45.158 ),,0,3,0,3
,( CHIẾT KHẤU THANH TOÁN: 45.653 ),,0,1,0,1
,( CHIẾT KHẤU THANH TOÁN: 45.764 ),,0,1,0,1
,( CHIẾT KHẤU THANH TOÁN: 45.811 ),,0,1,0,1
,( CHIẾT KHẤU THANH TOÁN: 460.944 ),,0,1,0,1
,( CHIẾT KHẤU THANH TOÁN: 462.032 ),,0,1,0,1
,( CHIẾT KHẤU THANH TOÁN: 466.713 ),,0,1,0,1
,( CHIẾT KHẤU THANH TOÁN: 4.778.577 ),,0,1,0,1
,( CHIẾT KHẤU THANH TOÁN: 4.783.614 ),,0,1,0,1
,( CHIẾT KHẤU THANH TOÁN: 4.905.920 ),,0,1,0,1
,( CHIẾT KHẤU THANH TOÁN: 494.557 ),,0,1,0,1
,( CHIẾT KHẤU THANH TOÁN: 501.760 ),,0,1,0,1
,( CHIẾT KHẤU THANH TOÁN: 5.124.064 ),,0,1,0,1
,( CHIẾT KHẤU THANH TOÁN: 52.805 ),,0,1,0,1
,( CHIẾT KHẤU THANH TOÁN: 5.292 ),,0,1,0,1
,( CHIẾT KHẤU THANH TOÁN: 532.646 ),,0,1,0,1
,( CHIẾT KHẤU THANH TOÁN: 53.928 ),,0,3,0,3
,( CHIẾT KHẤU THANH TOÁN: 54.985 ),,0,1,0,1
,( CHIẾT KHẤU THANH TOÁN: 55.115 ),,0,1,0,1
,( CHIẾT KHẤU THANH TOÁN: 5.549 ),,0,3,0,3
,( CHIẾT KHẤU THANH TOÁN: 56.325 ),,0,1,0,1
,( CHIẾT KHẤU THANH TOÁN: 57.523 ),,0,2,0,2
,( CHIẾT KHẤU THANH TOÁN: 5.839 ),,0,1,0,1
,( CHIẾT KHẤU THANH TOÁN: 610.339 ),,0,1,0,1
,( CHIẾT KHẤU THANH TOÁN: 61.118 ),,0,1,0,1
,( CHIẾT KHẤU THANH TOÁN: 61.819 ),,0,2,0,2
,( CHIẾT KHẤU THANH TOÁN: 63.134 ),,0,1,0,1
,( CHIẾT KHẤU THANH TOÁN: 633.323 ),,0,1,0,1
,( CHIẾT KHẤU THANH TOÁN: 64.068 ),,0,1,0,1
,( CHIẾT KHẤU THANH TOÁN: 642.844 ),,0,1,0,1
,( CHIẾT KHẤU THANH TOÁN: 6.500.774 ),,0,1,0,1
,( CHIẾT KHẤU THANH TOÁN: 65.376 ),,0,1,0,1
,( CHIẾT KHẤU THANH TOÁN: 66.574 ),,0,1,0,1
,( CHIẾT KHẤU THANH TOÁN: 6.658 ),,0,1,0,1
,( CHIẾT KHẤU THANH TOÁN: 679.243 ),,0,1,0,1
,( CHIẾT KHẤU THANH TOÁN: 70.406 ),,0,1,0,1
,( CHIẾT KHẤU THANH TOÁN: 715.444 ),,0,1,0,1
,( CHIẾT KHẤU THANH TOÁN: 71.904 ),,0,14,0,14
,( CHIẾT KHẤU THANH TOÁN: 72.341 ),,0,2,0,2
,( CHIẾT KHẤU THANH TOÁN: 730.374 ),,0,1,0,1
,( CHIẾT KHẤU THANH TOÁN: 747.417 ),,0,1,0,1
,( CHIẾT KHẤU THANH TOÁN: 7.501 ),,0,1,0,1
,( CHIẾT KHẤU THANH TOÁN: 751.719 ),,0,1,0,1
,( CHIẾT KHẤU THANH TOÁN: 75.343 ),,0,1,0,1
,( CHIẾT KHẤU THANH TOÁN: 7.544.085 ),,0,1,0,1
,( CHIẾT KHẤU THANH TOÁN: 75.532 ),,0,1,0,1
,( CHIẾT KHẤU THANH TOÁN: 7.661 ),,0,2,0,2
,( CHIẾT KHẤU THANH TOÁN: 76.887 ),,0,1,0,1
,( CHIẾT KHẤU THANH TOÁN: 77.888 ),,0,1,0,1
,( CHIẾT KHẤU THANH TOÁN: 82.966 ),,0,1,0,1
,( CHIẾT KHẤU THANH TOÁN: 8.474 ),,0,1,0,1
,( CHIẾT KHẤU THANH TOÁN: 851.875 ),,0,1,0,1
,( CHIẾT KHẤU THANH TOÁN: 85.714 ),,0,3,0,3
,( CHIẾT KHẤU THANH TOÁN: 878.021 ),,0,1,0,1
,( CHIẾT KHẤU THANH TOÁN: 9.015 ),,0,1,0,1
,( CHIẾT KHẤU THANH TOÁN: 90.508 ),,0,1,0,1
,( CHIẾT KHẤU THANH TOÁN: 913.888 ),,0,1,0,1
,( CHIẾT KHẤU THANH TOÁN: 91.528 ),,0,1,0,1
,( CHIẾT KHẤU THANH TOÁN: 9.193 ),,0,1,0,1
,( CHIẾT KHẤU THANH TOÁN: 92.515 ),,0,1,0,1
,( CHIẾT KHẤU THANH TOÁN: 927.056 ),,0,1,0,1
,( CHIẾT KHẤU THANH TOÁN: 92.755 ),,0,1,0,1
,( CHIẾT KHẤU THANH TOÁN: 94.920 ),,0,1,0,1
,( CHIẾT KHẤU THANH TOÁN: 960.880 ),,0,1,0,1
,( CHIẾT KHẤU THANH TOÁN: 9.675 ),,0,1,0,1
,( CHIẾT KHẤU THANH TOÁN: 99.983 ),,0,1,0,1
,CHIẾT KHẤU THƯƠNG MẠI QUÝ 2 NĂM 2023 (THƯỞNG DOANH SỐ),,0,1,0,1
,CHIẾT KHẤU THƯƠNG MẠI QUÝ 4 NĂM 2022 (THƯỞNG DOANH SỐ),,0,2,0,2
,CHIẾT KHẤU THƯƠNG MẠI THÁNG 01 NĂM 2023 (THƯỞNG DOANH SỐ),,0,1,0,1
,CHIẾT KHẤU THƯƠNG MẠI THÁNG 04 NĂM 2023 (THƯỞNG DOANH SỐ),,0,1,0,1
,CHIẾT KHẤU THƯƠNG MẠI THÁNG 05 NĂM 2023 (THƯỞNG DOANH SỐ),,0,1,0,1
,CHIẾT KHẤU THƯƠNG MẠI THÁNG 11 NĂM 2023 (THƯỞNG DOANH SỐ),,0,1,0,1
,CHIẾT KHẤU THƯƠNG MẠI THÁNG 12 NĂM 2022 (THƯỞNG DOANH SỐ),,0,2,0,2
,"CHỈ PEGELAK RAPID 2/0, Q5360",Sợi,0,1,0,1
,"CHỈ PHẪU THUẬT MONOCRYL SỐ 0, KIM TRÒN ĐẦU TRÒN PLUS MH-1, DÀI 31MM 1/2C, CHỈ DÀI 70CM (W3442)",Tép,0,2,0,2
,"CHỈ PHẪU THUẬT VICRYL PLUS KHÁNG KHUẨN IRAGACARE MP SỐ 0, 90CM, KIM TRÒN CT 40MM, 1/2C, HỘP 36 TÉP -VCP358H",Tép,0,2,0,2
,"CHỈ TRUSTIGUT (C) (CHROMIC CATGUT) SỐ 2/0, DÀI 75CM, KIM TRÒN 1/2C, DÀI 26MM, C30A26",Tép,0,1,0,1
,CHỌN BÁC SĨ SẢN PHỤ KHOA NỘI VIỆN,Lần,0,1,0,1
,CHỤP XQUANG NGỰC THẲNG [1 PHIM],Lần,0,1,0,1
,CLM BỘT CANH 180G,Gói,0,0,1500,-1500
,CLM BỘT CANH NẤM BÀO NGƯ 180G,Gói,0,0,14505,-14505
,CLM BỘT CANH NẤM HƯƠNG 180G,Gói,0,0,7530,-7530
,CLM CÁ NGỪ NGÂM DẦU 185G,Hộp,0,0,1508,-1508
,CLM CÁ XỐT CÀ KOS 155G,Hộp,0,0,10,-10
,CLM DẦU DẤM TRỘN SALAD PET 270G,Chai,0,0,68790,-68790
,"CLM DẦU HÀO 2,25KG",Bình,0,0,99,-99
,CLM DẦU HÀO CHAY PET 170G,Chai,0,0,1152,-1152
,CLM DẦU HÀO CHAY PET 350G,Chai,0,0,2090,-2090
,CLM DẦU HÀO PET 170G,Chai,0,0,7524,-7524
,CLM DẦU HÀO PET 350GR,Chai,0,0,31720,-31720
,CLM DẦU HÀO PET 820G,Chai,0,0,8166,-8166
,CLM ĐL BÁNH BAO CHAY 300GR,Gói,0,0,909,-909
,CLM ĐL BÁNH BAO NHÂN THỊT 400GR,Gói,0,0,524,-524
,CLM ĐL BÁNH BAO NHÂN XÁ XÍU 280G,Gói,0,0,155,-155
,CLM ĐL BÁNH XẾP TÔM THỊT 300GR,Gói,0,0,5,-5
,CLM ĐL CHẢ GIÒ RẾ THẬP CẨM 500GR,Gói,0,0,354,-354
,CLM ĐL CHẢ GIÒ RẾ TÔM CUA 500GR,Gói,0,0,189,-189
,CLM ĐL CHẢ GIÒ TÔM THỊT 500GR/GÓI,Gói,0,0,2296,-2296
,CLM ĐL CHẢ GIÒ XỐP CHAY 500GR,Gói,0,0,582,-582
,CLM ĐL HÁ CẢO 300GR/GÓI,Gói,0,0,38,-38
,CLM GIA VỊ KHO CÁ 50G,Gói,0,0,29630,-29630
,CLM GIA VỊ KHO CÁ GÓI 50G,Hộp,0,0,36,-36
,CLM GIA VỊ KHO THỊT 50G,Gói,0,0,33330,-33330
,CLM GIA VỊ KHO THỊT GÓI 50G,Hộp,0,0,36,-36
,CLM HỘP QUÀ GIA VỊ TẾT 2024,Hộp,0,0,5,-5
,CLM HỘP QUÀ NHƯ Ý,Hộp,0,0,5,-5
,CLM (KM) DẦU DẤM TRỘN SALAD PET 270G (KM),Chai,0,0,922,-922
,CLM (KM) DẦU HÀO PET 350GR (KM),Chai,0,0,2274,-2274
,CLM (KM) DẦU HÀO PET 820G (KM),Chai,0,0,378,-378
,"CLM (KM) ĐL BÁNH BAO NHÂN XÁ XÍU 280G (KM) (THANH TOÁN MẪU SẢN PHẨM MỚI DÙNG THỬ TẶNG SALE,SÚP KÊNH GT & FS)",Gói,0,0,2,-2
,CLM (KM) GIA VỊ KHO THỊT 50G (KM),Gói,0,0,14,-14
,CLM (KM) LẨU CHUA HẢI SẢN TT200G (KM),Chai,0,0,357,-357
,CLM (KM) LẨU THÁI 280G (KM),Chai,0,0,759,-759
,CLM (KM) NƯỚC MẮM CAO ĐẠM 150ML (KM),Chai,0,0,136,-136
,CLM (KM) NƯỚC MẮM HƯƠNG VIỆT 500ML HÀNG ONPACK CHÉN (KM),Chai,0,0,258,-258
,CLM (KM) NƯỚC MẮM HƯƠNG VIỆT 500ML (KM),Chai,0,0,170,-170
,CLM (KM) NƯỚC TƯƠNG ĐẬU NÀNH PET 300ML (KM),Chai,0,0,4683,-4683
,CLM (KM) NƯỚC TƯƠNG ĐẬU NÀNH PET 700ML (KM),Chai,0,0,112,-112
,CLM (KM) NƯỚC TƯƠNG THANH VỊ 500ML (KM),Chai,0,0,13600,-13600
,CLM (KM) SA TẾ NƯỚNG NGŨ VỊ PET 100G (KM),Chai,0,0,126,-126
,CLM (KM) SA TẾ TÔM 450G (KM),Hũ,0,0,1704,-1704
,CLM (KM) SA TẾ TÔM HŨ NHỰA 100G (KM),Chai,0,0,1397,-1397
,CLM (KM) SA TẾ TÔM PET 90G (KM),Hũ,0,0,6104,-6104
,CLM (KM) SA TẾ TÔM PET 90G (KM) (THANH TOÁN HÀNG SAMPLING GT THÁNG 01/2023),Hũ,0,0,141,-141
,CLM (KM) SA TẾ TÔM PET 90G (KM) (THANH TOÁN HÀNG SAMPLING GT THÁNG 02/2023),Hũ,0,0,174,-174
,CLM (KM) SA TẾ TÔM PET 90G (KM) (THANH TOÁN HÀNG SAMPLING GT THÁNG 04/2023),Hũ,0,0,197,-197
,CLM (KM) SAUCE ƯỚP THỊT NƯỚNG 200G (KM),Hũ,0,0,530,-530
,CLM (KM) TƯƠNG CÀ CHAI PET 270G (KM),Chai,0,0,4085,-4085
,CLM (KM) TƯƠNG ĐEN 230G (KM),Chai,0,0,860,-860
,CLM (KM) TƯƠNG ỚT PET 2.1KG (KM),Chai,0,0,1194,-1194
,CLM (KM) TƯƠNG ỚT PET 270G (KM),Chai,0,0,23771,-23771
,CLM (KM) TƯƠNG ỚT SIÊU CAY 330G (KM),Chai,0,0,1024,-1024
,CLM (KM) XỐT BÒ KHO GÓI 90G (KM),Gói,0,0,114,-114
,CLM (KM) XỐT GÀ CHIÊN NƯỚC MẮM 90G (KM),Gói,0,0,5,-5
,"CLM (KM) XỐT LẨU KIM CHI PET 280G (KM) (THANH TOÁN HÀNG MẨU DÙNG THỬ TẶNG SALE, SUP KÊNH GT , FS & MT)",Chai,0,0,5,-5
,CLM (KM) XỐT RANG ME PET 280G (KM),Chai,0,0,342,-342
,CLM (KM) XỐT SƯỜN XÀO CHUA NGỌT 90G (KM),Gói,0,0,5,-5
,CLM (KM) XỐT ƯỚP THỊT HQ 90G VỊ TRUYỀN THỐNG (KM),Gói,0,0,3009,-3009
,CLM (KM) XỐT ƯỚP THỊT NƯỚNG 200G (KM),Hũ,0,0,609,-609
,CLM (KM) XỐT ƯỚP THỊT NƯỚNG GÓI 70G (KM),Gói,0,0,19184,-19184
,CLM (KM) XỐT ƯỚP XÁ XÍU 70G (KM),Gói,0,0,603,-603
,CLM LẨU CHUA HẢI SẢN TT200G,Chai,0,0,28242,-28242
,CLM LẨU THÁI 280G,Chai,0,0,53498,-53498
,CLM NƯỚC MẮM CAO ĐẠM 150ML,Chai,0,0,123,-123
,CLM NƯỚC MẮM CAO ĐẠM 500ML,Chai,0,0,572,-572
,CLM NƯỚC MẮM CAO ĐẠM 500ML (XUÂN),Hộp,0,0,6,-6
,CLM NƯỚC MẮM CAO ĐẠM 750ML (XUÂN),Hộp,0,0,5,-5
,CLM NƯỚC MẮM CHAY TT 245ML,Chai,0,0,3623,-3623
,CLM NƯỚC MẮM HƯƠNG VIỆT 500ML,Chai,0,0,588,-588
,CLM NƯỚC MẮM HƯƠNG VIỆT 500ML HÀNG ONPACK CHÉN,Chai,0,0,13350,-13350
,CLM NƯỚC MẮM HƯƠNG VIỆT PET 750ML HÀNG ONPACK CHÉN,Chai,0,0,19988,-19988
,CLM NƯỚC MẮM HƯƠNG VIỆT PET 750ML HÀNG ORPACK CHÉN,Chai,0,0,240,-240
,CLM NƯỚC TƯƠNG ĐẬU NÀNH PET 150ML,Chai,0,0,402,-402
,CLM NƯỚC TƯƠNG ĐẬU NÀNH PET 300ML,Chai,0,0,15842,-15842
,CLM NƯỚC TƯƠNG ĐẬU NÀNH PET 700ML,Chai,0,0,4513,-4513
,CLM NƯỚC TƯƠNG HẢO VỊ 500ML,Chai,0,0,1320,-1320
,CLM NƯỚC TƯƠNG HẢO VỊ 500ML HÀNG ONPACK CHÉN,Chai,0,0,20942,-20942
,CLM NƯỚC TƯƠNG HẢO VỊ GÓI 7ML,Gói,0,0,16800,-16800
,CLM NƯỚC TƯƠNG HƯƠNG VIỆT 4.9 LÍT(3 BÌNH/T),Bình,0,0,199,-199
,CLM NƯỚC TƯƠNG THANH VỊ 500ML,Chai,0,0,153270,-153270
,CLM ỚT KHÔ SA TẾ HŨ TT 100G,Chai,0,0,792,-792
,CLM ỚT SATE HŨ TT 150G,Hũ,0,0,3372,-3372
,CLM SA TẾ CHAY PET 90GR,Hũ,0,0,12304,-12304
,CLM SA TẾ NƯỚNG NGŨ VỊ PET 100G,Chai,0,0,5286,-5286
,CLM SA TẾ TÔM 450G,Hũ,0,0,95370,-95370
,CLM SA TẾ TÔM HŨ NHỰA 100G,Chai,0,0,93856,-93856
,CLM SA TẾ TÔM PET 90G,Hũ,0,0,288184,-288184
,CLM SAUCE ƯỚP THỊT NƯỚNG 200G,Hũ,0,0,28,-28
,CLM SAUCE ƯỚP THỊT NƯỚNG 600G,Hũ,0,0,60,-60
,CLM SAUCE ƯỚP THỊT NƯỚNG 70G,Hộp,0,0,120,-120
,CLM SAUCE ƯỚP XÁ XÍU TT200G,Hũ,0,0,360,-360
,CLM THỊT HEO BẰM 150G,Lon,0,0,220,-220
,CLM TƯƠNG CÀ 830G,Chai,0,0,2052,-2052
,CLM TƯƠNG CÀ CHAI PET 2.1KG,Chai,0,0,22159.1,-22159.1
,CLM TƯƠNG CÀ CHAI PET 270G,Chai,0,0,59874,-59874
,CLM TƯƠNG CÀ GÓI 10G,Gói,0,0,170000,-170000
,CLM TƯƠNG CHUA NGỌT PET 2.1 KG,Chai,0,0,1164,-1164
,CLM TƯƠNG CHUA NGỌT PET 270G,Chai,0,0,456,-456
,CLM TƯƠNG ĐEN 2.1 KG ( 6C/T),Chai,0,0,78,-78
,CLM TƯƠNG ĐEN 230G,Chai,0,0,144,-144
,CLM TƯƠNG ĐEN PHỞ 230G,Chai,0,0,96032,-96032
,CLM TƯƠNG ĐEN PHỞ 520G,Chai,0,0,240,-240
,CLM TƯƠNG ĐEN PHỞ 520GR,Chai,0,0,3348,-3348
,CLM TƯƠNG HỘT 250G,Hũ,0,0,3378,-3378
,CLM TƯƠNG ỚT 5KG (3B/T),Bình,0,0,887,-887
,CLM TƯƠNG ỚT GÓI 10G,Gói,0,0,193200,-193200
,CLM TƯƠNG ỚT NẮP XUÔI 250G,Chai,0,0,4902,-4902
,CLM TƯƠNG ỚT PET 130G,Chai,0,0,20,-20
,CLM TƯƠNG ỚT PET 2.1KG,Chai,0,0,22665,-22665
,CLM TƯƠNG ỚT PET 270G,Chai,0,0,62022,-62022
,CLM TƯƠNG ỚT PET 830G,Chai,0,0,7263,-7263
,CLM TƯƠNG ỚT SIÊU CAY 330G,Chai,0,0,4672,-4672
,CLM TƯƠNG ỚT TỰ NHIÊN 330G,Chai,0,0,363,-363
,CLM TƯƠNG XÍ MUỘI PET 2.1KG,Chai,0,0,822,-822
,CLM TƯƠNG XÍ MUỘI PET 270G,Chai,0,0,1795,-1795
,CLM XỐT BÒ KHO GÓI 90G,Gói,0,0,65854,-65854
,CLM XỐT BÚN BÒ GÓI 90G,Gói,0,0,14850,-14850
,CLM XỐT CÁ CHIÊN PET 280G,Chai,0,0,96,-96
,CLM XỐT CÀ CHUA KETCHUP TT 330G,Chai,0,0,339,-339
,CLM XỐT GÀ CHIÊN NƯỚC MẮM 90G,Gói,0,0,4790,-4790
,CLM XỐT LẨU KIM CHI PET 280G,Chai,0,0,2596,-2596
,CLM XỐT LẨU NẤM PET 270G,Chai,0,0,250,-250
,CLM XỐT LẨU THÁI PET 890G,Bình,0,0,876,-876
,CLM XỐT MÌ Ý BÒ BẰM 140G,Gói,0,0,460,-460
,CLM XỐT MÌ Ý CÀ CHUA 140G,Gói,0,0,240,-240
,CLM XỐT RANG ME PET 280G,Chai,0,0,37350,-37350
,CLM XỐT SƯỜN XÀO CHUA NGỌT 90G,Gói,0,0,6922,-6922
,CLM XỐT ƯỚP THỊT HQ 190G VỊ TRUYỀN THỐNG,Chai,0,0,120,-120
,CLM XỐT ƯỚP THỊT HQ 90G VỊ TRUYỀN THỐNG,Gói,0,0,240,-240
,CLM XỐT ƯỚP THỊT HQ VỊ CAY 190G,Chai,0,0,100,-100
,CLM XỐT ƯỚP THỊT HQ VỊ CAY 90G,Gói,0,0,1760,-1760
,CLM XỐT ƯỚP THỊT NƯỚNG 200G,Hũ,0,0,72140,-72140
,CLM XỐT ƯỚP THỊT NƯỚNG 600G,Hũ,0,0,5500,-5500
,CLM XỐT ƯỚP THỊT NƯỚNG GÓI 70G,Gói,0,0,319670,-319670
,CLM XỐT ƯỚP XÁ XÍU 70G,Gói,0,0,17220,-17220
,CLM XỐT ƯỚP XÁ XÍU TT 200G,Hũ,0,0,5916,-5916
,CLM XÚC XÍCH HEO TINI 35G (5 CÂY/GÓI),Gói,0,0,2086,-2086
,CNBT KM CHIẾT KHẤU TÍCH LŨY 4% IPT VÀ SO THEO DOANH SỐ,,0,0,1,-1
,COCKTAIL CHILL,Lon,0,2,0,2
,CƠM CHIÊN HẢI SẢN TRÁI THƠM,Phần,0,1,0,1
,CƠM CHIÊN TÔM,Phần,0,1,0,1
,CƠM TRÁI THƠM,Phần,0,1,0,1
,"CÔNG BẢO DƯỠNG ĐỊNH KỲ, THAY NHỚT, LỌC NHỚT, VỆ SINH LỌC GIÓ",Công,0,1,0,1
,"CÔNG BẢO DƯỠNG ĐỊNH KỲ, THAY NHỚT, VỆ SINH LỌC GIÓ",Công,0,2,0,2
,CÔNG SỬA CHỮA,Lần,0,2,0,2
,"CÔNG THÁO RÃ MÁY ĐẠI TU, KIỂM TRA VỆ SINH CÁC CHI TIẾT, LẮP HOÀN THIỆN PHẦN MÁY",Xe,0,1,0,1
,CÔNG THAY PHỤ TÙNG,Xe,0,3,0,3
,CUA XÀO CÀ RI,Phần,0,1,0,1
,CƯỚC DỊCH VỤ VIỄN THÔNG TRẢ SAU (DỊCH VỤ CHỊU THUẾ),,0,12,0,12
,CƯỚC ĐƯỜNG BỘ XE 81C01245T ĐI QUA TRẠM GIA LAI 1 THỜI GIAN GD 08:53:46 NGÀY 08/12/2023 MÃ GD 991357514,Lượt,0,1,0,1
,CƯỚC ĐƯỜNG BỘ XE 81C01245T ĐI QUA TRẠM GIA LAI 1 THỜI GIAN GD 08:56:39 NGÀY 09/12/2023 MÃ GD 992795730,Lượt,0,1,0,1
,CƯỚC ĐƯỜNG BỘ XE 81C01245T ĐI QUA TRẠM GIA LAI 1 THỜI GIAN GD 08:59:04 NGÀY 24/10/2023 MÃ GD 930749633,Lượt,0,1,0,1
,CƯỚC ĐƯỜNG BỘ XE 81C01245T ĐI QUA TRẠM GIA LAI 1 THỜI GIAN GD 09:01:30 NGÀY 27/10/2023 MÃ GD 934657279,Lượt,0,1,0,1
,CƯỚC ĐƯỜNG BỘ XE 81C01245T ĐI QUA TRẠM GIA LAI 1 THỜI GIAN GD 09:03:04 NGÀY 03/11/2023 MÃ GD 943729052,Lượt,0,1,0,1
,CƯỚC ĐƯỜNG BỘ XE 81C01245T ĐI QUA TRẠM GIA LAI 1 THỜI GIAN GD 09:03:49 NGÀY 01/12/2023 MÃ GD 981645881,Lượt,0,1,0,1
,CƯỚC ĐƯỜNG BỘ XE 81C01245T ĐI QUA TRẠM GIA LAI 1 THỜI GIAN GD 09:07:15 NGÀY 28/11/2023 MÃ GD 977619159,Lượt,0,1,0,1
,CƯỚC ĐƯỜNG BỘ XE 81C01245T ĐI QUA TRẠM GIA LAI 1 THỜI GIAN GD 09:07:18 NGÀY 12/12/2023 MÃ GD 996863160,Lượt,0,1,0,1
,CƯỚC ĐƯỜNG BỘ XE 81C01245T ĐI QUA TRẠM GIA LAI 1 THỜI GIAN GD 09:10:33 NGÀY 04/12/2023 MÃ GD 986152322,Lượt,0,1,0,1
,CƯỚC ĐƯỜNG BỘ XE 81C01245T ĐI QUA TRẠM GIA LAI 1 THỜI GIAN GD 09:12:41 NGÀY 13/10/2023 MÃ GD 916486450,Lượt,0,1,0,1
,CƯỚC ĐƯỜNG BỘ XE 81C01245T ĐI QUA TRẠM GIA LAI 1 THỜI GIAN GD 09:13:28 NGÀY 20/10/2023 MÃ GD 925406971,Lượt,0,1,0,1
,CƯỚC ĐƯỜNG BỘ XE 81C01245T ĐI QUA TRẠM GIA LAI 1 THỜI GIAN GD 09:16:12 NGÀY 21/11/2023 MÃ GD 968139370,Lượt,0,1,0,1
,CƯỚC ĐƯỜNG BỘ XE 81C01245T ĐI QUA TRẠM GIA LAI 1 THỜI GIAN GD 09:16:33 NGÀY 17/11/2023 MÃ GD 962540004,Lượt,0,1,0,1
,CƯỚC ĐƯỜNG BỘ XE 81C01245T ĐI QUA TRẠM GIA LAI 1 THỜI GIAN GD 09:17:49 NGÀY 31/10/2023 MÃ GD 939923281,Lượt,0,1,0,1
,CƯỚC ĐƯỜNG BỘ XE 81C01245T ĐI QUA TRẠM GIA LAI 1 THỜI GIAN GD 09:18:57 NGÀY 30/10/2023 MÃ GD 938689157,Lượt,0,1,0,1
,CƯỚC ĐƯỜNG BỘ XE 81C01245T ĐI QUA TRẠM GIA LAI 1 THỜI GIAN GD 09:20:04 NGÀY 14/11/2023 MÃ GD 958268007,Lượt,0,1,0,1
,CƯỚC ĐƯỜNG BỘ XE 81C01245T ĐI QUA TRẠM GIA LAI 1 THỜI GIAN GD 09:26:15 NGÀY 15/12/2023 MÃ GD 1000875159,Lượt,0,1,0,1
,CƯỚC ĐƯỜNG BỘ XE 81C01245T ĐI QUA TRẠM GIA LAI 1 THỜI GIAN GD 09:34:59 NGÀY 06/11/2023 MÃ GD 947840389,Lượt,0,1,0,1
,CƯỚC ĐƯỜNG BỘ XE 81C01245T ĐI QUA TRẠM GIA LAI 1 THỜI GIAN GD 09:35:33 NGÀY 18/12/2023 MÃ GD 1005073235,Lượt,0,1,0,1
,CƯỚC ĐƯỜNG BỘ XE 81C01245T ĐI QUA TRẠM GIA LAI 1 THỜI GIAN GD 09:37:47 NGÀY 20/11/2023 MÃ GD 966810101,Lượt,0,1,0,1
,CƯỚC ĐƯỜNG BỘ XE 81C01245T ĐI QUA TRẠM GIA LAI 1 THỜI GIAN GD 09:37:53 NGÀY 29/11/2023 MÃ GD 979004193,Lượt,0,1,0,1
,CƯỚC ĐƯỜNG BỘ XE 81C01245T ĐI QUA TRẠM GIA LAI 1 THỜI GIAN GD 09:38:55 NGÀY 23/10/2023 MÃ GD 929537656,Lượt,0,1,0,1
,CƯỚC ĐƯỜNG BỘ XE 81C01245T ĐI QUA TRẠM GIA LAI 1 THỜI GIAN GD 09:39:04 NGÀY 19/11/2023 MÃ GD 965465194,Lượt,0,1,0,1
,CƯỚC ĐƯỜNG BỘ XE 81C01245T ĐI QUA TRẠM GIA LAI 1 THỜI GIAN GD 09:41:58 NGÀY 16/10/2023 MÃ GD 920400491,Lượt,0,1,0,1
,CƯỚC ĐƯỜNG BỘ XE 81C01245T ĐI QUA TRẠM GIA LAI 1 THỜI GIAN GD 09:42:09 NGÀY 15/11/2023 MÃ GD 959574049,Lượt,0,1,0,1
,CƯỚC ĐƯỜNG BỘ XE 81C01245T ĐI QUA TRẠM GIA LAI 1 THỜI GIAN GD 09:42:30 NGÀY 08/11/2023 MÃ GD 950352517,Lượt,0,1,0,1
,CƯỚC ĐƯỜNG BỘ XE 81C01245T ĐI QUA TRẠM GIA LAI 1 THỜI GIAN GD 09:43:29 NGÀY 25/11/2023 MÃ GD 973641668,Lượt,0,1,0,1
,CƯỚC ĐƯỜNG BỘ XE 81C01245T ĐI QUA TRẠM GIA LAI 1 THỜI GIAN GD 09:43:31 NGÀY 10/11/2023 MÃ GD 952956578,Lượt,0,1,0,1
,CƯỚC ĐƯỜNG BỘ XE 81C01245T ĐI QUA TRẠM GIA LAI 1 THỜI GIAN GD 09:47:48 NGÀY 17/10/2023 MÃ GD 921658856,Lượt,0,1,0,1
,CƯỚC ĐƯỜNG BỘ XE 81C01245T ĐI QUA TRẠM GIA LAI 1 THỜI GIAN GD 09:58:09 NGÀY 28/10/2023 MÃ GD 936113306,Lượt,0,1,0,1
,CƯỚC ĐƯỜNG BỘ XE 81C01245T ĐI QUA TRẠM GIA LAI 1 THỜI GIAN GD 09:59:56 NGÀY 07/10/2023 MÃ GD 908975984,Lượt,0,1,0,1
,CƯỚC ĐƯỜNG BỘ XE 81C01245T ĐI QUA TRẠM GIA LAI 1 THỜI GIAN GD 10:04:33 NGÀY 04/11/2023 MÃ GD 945223003,Lượt,0,1,0,1
,CƯỚC ĐƯỜNG BỘ XE 81C01245T ĐI QUA TRẠM GIA LAI 1 THỜI GIAN GD 10:05:44 NGÀY 11/12/2023 MÃ GD 995654976,Lượt,0,1,0,1
,CƯỚC ĐƯỜNG BỘ XE 81C01245T ĐI QUA TRẠM GIA LAI 1 THỜI GIAN GD 10:08:18 NGÀY 16/12/2023 MÃ GD 1002397681,Lượt,0,1,0,1
,CƯỚC ĐƯỜNG BỘ XE 81C01245T ĐI QUA TRẠM GIA LAI 1 THỜI GIAN GD 10:13:35 NGÀY 19/10/2023 MÃ GD 924206296,Lượt,0,1,0,1
,CƯỚC ĐƯỜNG BỘ XE 81C01245T ĐI QUA TRẠM GIA LAI 1 THỜI GIAN GD 10:15:27 NGÀY 07/11/2023 MÃ GD 949120430,Lượt,0,1,0,1
,CƯỚC ĐƯỜNG BỘ XE 81C01245T ĐI QUA TRẠM GIA LAI 1 THỜI GIAN GD 10:16:49 NGÀY 26/10/2023 MÃ GD 933456142,Lượt,0,1,0,1
,CƯỚC ĐƯỜNG BỘ XE 81C01245T ĐI QUA TRẠM GIA LAI 1 THỜI GIAN GD 10:17:13 NGÀY 01/11/2023 MÃ GD 941240918,Lượt,0,1,0,1
,CƯỚC ĐƯỜNG BỘ XE 81C01245T ĐI QUA TRẠM GIA LAI 1 THỜI GIAN GD 10:19:53 NGÀY 11/11/2023 MÃ GD 954437535,Lượt,0,1,0,1
,CƯỚC ĐƯỜNG BỘ XE 81C01245T ĐI QUA TRẠM GIA LAI 1 THỜI GIAN GD 10:23:05 NGÀY 10/10/2023 MÃ GD 912802270,Lượt,0,1,0,1
,CƯỚC ĐƯỜNG BỘ XE 81C01245T ĐI QUA TRẠM GIA LAI 1 THỜI GIAN GD 10:38:58 NGÀY 11/10/2023 MÃ GD 914072877,Lượt,0,1,0,1
,CƯỚC ĐƯỜNG BỘ XE 81C01245T ĐI QUA TRẠM GIA LAI 1 THỜI GIAN GD 10:40:39 NGÀY 21/10/2023 MÃ GD 926942082,Lượt,0,1,0,1
,CƯỚC ĐƯỜNG BỘ XE 81C01245T ĐI QUA TRẠM GIA LAI 1 THỜI GIAN GD 10:50:25 NGÀY 14/10/2023 MÃ GD 917967852,Lượt,0,1,0,1
,CƯỚC ĐƯỜNG BỘ XE 81C01245T ĐI QUA TRẠM GIA LAI 1 THỜI GIAN GD 10:50:50 NGÀY 25/10/2023 MÃ GD 932198027,Lượt,0,1,0,1
,CƯỚC ĐƯỜNG BỘ XE 81C01245T ĐI QUA TRẠM GIA LAI 1 THỜI GIAN GD 11:00:24 NGÀY 25/12/2023 MÃ GD 1014889016,Lượt,0,1,0,1
,CƯỚC ĐƯỜNG BỘ XE 81C01245T ĐI QUA TRẠM GIA LAI 1 THỜI GIAN GD 11:17:49 NGÀY 06/12/2023 MÃ GD 988902394,Lượt,0,1,0,1
,CƯỚC ĐƯỜNG BỘ XE 81C01245T ĐI QUA TRẠM GIA LAI 1 THỜI GIAN GD 11:29:55 NGÀY 13/11/2023 MÃ GD 957198612,Lượt,0,1,0,1
,CƯỚC ĐƯỜNG BỘ XE 81C01245T ĐI QUA TRẠM GIA LAI 1 THỜI GIAN GD 11:48:15 NGÀY 27/11/2023 MÃ GD 976515377,Lượt,0,1,0,1
,CƯỚC ĐƯỜNG BỘ XE 81C01245T ĐI QUA TRẠM GIA LAI 1 THỜI GIAN GD 11:51:47 NGÀY 18/10/2023 MÃ GD 923061889,Lượt,0,1,0,1
,CƯỚC ĐƯỜNG BỘ XE 81C01245T ĐI QUA TRẠM GIA LAI 1 THỜI GIAN GD 12:55:23 NGÀY 27/12/2023 MÃ GD 1017730297,Lượt,0,1,0,1
,CƯỚC ĐƯỜNG BỘ XE 81C01245T ĐI QUA TRẠM GIA LAI 1 THỜI GIAN GD 13:00:24 NGÀY 02/12/2023 MÃ GD 983544730,Lượt,0,1,0,1
,CƯỚC ĐƯỜNG BỘ XE 81C01245T ĐI QUA TRẠM GIA LAI 1 THỜI GIAN GD 13:08:07 NGÀY 13/12/2023 MÃ GD 998479354,Lượt,0,1,0,1
,CƯỚC ĐƯỜNG BỘ XE 81C01245T ĐI QUA TRẠM GIA LAI 1 THỜI GIAN GD 13:28:50 NGÀY 07/12/2023 MÃ GD 990382894,Lượt,0,1,0,1
,CƯỚC ĐƯỜNG BỘ XE 81C01245T ĐI QUA TRẠM GIA LAI 1 THỜI GIAN GD 13:30:57 NGÀY 22/11/2023 MÃ GD 969821192,Lượt,0,1,0,1
,CƯỚC ĐƯỜNG BỘ XE 81C01245T ĐI QUA TRẠM GIA LAI 1 THỜI GIAN GD 13:43:41 NGÀY 16/11/2023 MÃ GD 961429337,Lượt,0,1,0,1
,CƯỚC ĐƯỜNG BỘ XE 81C01245T ĐI QUA TRẠM GIA LAI 1 THỜI GIAN GD 14:10:22 NGÀY 19/11/2023 MÃ GD 965786115,Lượt,0,1,0,1
,CƯỚC ĐƯỜNG BỘ XE 81C01245T ĐI QUA TRẠM GIA LAI 1 THỜI GIAN GD 14:46:41 NGÀY 12/10/2023 MÃ GD 915634129,Lượt,0,1,0,1
,CƯỚC ĐƯỜNG BỘ XE 81C01245T ĐI QUA TRẠM GIA LAI 1 THỜI GIAN GD 15:01:55 NGÀY 23/11/2023 MÃ GD 971276545,Lượt,0,1,0,1
,CƯỚC ĐƯỜNG BỘ XE 81C01245T ĐI QUA TRẠM GIA LAI 1 THỜI GIAN GD 15:05:15 NGÀY 28/10/2023 MÃ GD 936540161,Lượt,0,1,0,1
,CƯỚC ĐƯỜNG BỘ XE 81C01245T ĐI QUA TRẠM GIA LAI 1 THỜI GIAN GD 15:07:37 NGÀY 09/12/2023 MÃ GD 993338798,Lượt,0,1,0,1
,CƯỚC ĐƯỜNG BỘ XE 81C01245T ĐI QUA TRẠM GIA LAI 1 THỜI GIAN GD 15:13:01 NGÀY 09/11/2023 MÃ GD 952072471,Lượt,0,1,0,1
,CƯỚC ĐƯỜNG BỘ XE 81C01245T ĐI QUA TRẠM GIA LAI 1 THỜI GIAN GD 15:30:35 NGÀY 11/11/2023 MÃ GD 954880907,Lượt,0,1,0,1
,CƯỚC ĐƯỜNG BỘ XE 81C01245T ĐI QUA TRẠM GIA LAI 1 THỜI GIAN GD 15:37:57 NGÀY 04/11/2023 MÃ GD 945697908,Lượt,0,1,0,1
,CƯỚC ĐƯỜNG BỘ XE 81C01245T ĐI QUA TRẠM GIA LAI 1 THỜI GIAN GD 15:41:58 NGÀY 21/10/2023 MÃ GD 927360370,Lượt,0,1,0,1
,CƯỚC ĐƯỜNG BỘ XE 81C01245T ĐI QUA TRẠM GIA LAI 1 THỜI GIAN GD 15:48:02 NGÀY 30/11/2023 MÃ GD 980828844,Lượt,0,1,0,1
,CƯỚC ĐƯỜNG BỘ XE 81C01245T ĐI QUA TRẠM GIA LAI 1 THỜI GIAN GD 15:54:52 NGÀY 16/12/2023 MÃ GD 1002932665,Lượt,0,1,0,1
,CƯỚC ĐƯỜNG BỘ XE 81C01245T ĐI QUA TRẠM GIA LAI 1 THỜI GIAN GD 16:12:37 NGÀY 14/10/2023 MÃ GD 918407219,Lượt,0,1,0,1
,CƯỚC ĐƯỜNG BỘ XE 81C01245T ĐI QUA TRẠM GIA LAI 1 THỜI GIAN GD 16:20:41 NGÀY 29/11/2023 MÃ GD 979542693,Lượt,0,1,0,1
,CƯỚC ĐƯỜNG BỘ XE 81C01245T ĐI QUA TRẠM GIA LAI 1 THỜI GIAN GD 16:21:52 NGÀY 02/12/2023 MÃ GD 983905499,Lượt,0,1,0,1
,CƯỚC ĐƯỜNG BỘ XE 81C01245T ĐI QUA TRẠM GIA LAI 1 THỜI GIAN GD 16:23:30 NGÀY 25/11/2023 MÃ GD 974227194,Lượt,0,1,0,1
,CƯỚC ĐƯỜNG BỘ XE 81C01245T ĐI QUA TRẠM GIA LAI 1 THỜI GIAN GD 16:40:18 NGÀY 30/10/2023 MÃ GD 939240481,Lượt,0,1,0,1
,CƯỚC ĐƯỜNG BỘ XE 81C01245T ĐI QUA TRẠM GIA LAI 1 THỜI GIAN GD 16:41:17 NGÀY 04/12/2023 MÃ GD 986750895,Lượt,0,1,0,1
,CƯỚC ĐƯỜNG BỘ XE 81C01245T ĐI QUA TRẠM GIA LAI 1 THỜI GIAN GD 16:53:39 NGÀY 06/11/2023 MÃ GD 948375125,Lượt,0,1,0,1
,CƯỚC ĐƯỜNG BỘ XE 81C01245T ĐI QUA TRẠM GIA LAI 1 THỜI GIAN GD 16:57:19 NGÀY 07/10/2023 MÃ GD 909547205,Lượt,0,1,0,1
,CƯỚC ĐƯỜNG BỘ XE 81C01245T ĐI QUA TRẠM GIA LAI 1 THỜI GIAN GD 16:58:01 NGÀY 16/10/2023 MÃ GD 920947211,Lượt,0,1,0,1
,CƯỚC ĐƯỜNG BỘ XE 81C01245T ĐI QUA TRẠM GIA LAI 1 THỜI GIAN GD 17:01:26 NGÀY 14/12/2023 MÃ GD 1000139917,Lượt,0,1,0,1
,CƯỚC ĐƯỜNG BỘ XE 81C01245T ĐI QUA TRẠM GIA LAI 1 THỜI GIAN GD 17:15:32 NGÀY 27/11/2023 MÃ GD 976944530,Lượt,0,1,0,1
,CƯỚC ĐƯỜNG BỘ XE 81C01245T ĐI QUA TRẠM GIA LAI 1 THỜI GIAN GD 17:17:41 NGÀY 20/11/2023 MÃ GD 967430938,Lượt,0,1,0,1
,CƯỚC ĐƯỜNG BỘ XE 81C01245T ĐI QUA TRẠM GIA LAI 1 THỜI GIAN GD 17:36:37 NGÀY 11/12/2023 MÃ GD 996241731,Lượt,0,1,0,1
,CƯỚC ĐƯỜNG BỘ XE 81C01245T ĐI QUA TRẠM GIA LAI 1 THỜI GIAN GD 17:38:49 NGÀY 01/12/2023 MÃ GD 982414245,Lượt,0,1,0,1
,CƯỚC ĐƯỜNG BỘ XE 81C01245T ĐI QUA TRẠM GIA LAI 1 THỜI GIAN GD 17:46:00 NGÀY 25/12/2023 MÃ GD 1015426781,Lượt,0,1,0,1
,CƯỚC ĐƯỜNG BỘ XE 81C01245T ĐI QUA TRẠM GIA LAI 1 THỜI GIAN GD 17:53:44 NGÀY 08/11/2023 MÃ GD 950989734,Lượt,0,1,0,1
,CƯỚC ĐƯỜNG BỘ XE 81C01245T ĐI QUA TRẠM GIA LAI 1 THỜI GIAN GD 17:59:39 NGÀY 25/10/2023 MÃ GD 932755193,Lượt,0,1,0,1
,CƯỚC ĐƯỜNG BỘ XE 81C01245T ĐI QUA TRẠM GIA LAI 1 THỜI GIAN GD 18:01:47 NGÀY 18/12/2023 MÃ GD 1005744411,Lượt,0,1,0,1
,CƯỚC ĐƯỜNG BỘ XE 81C01245T ĐI QUA TRẠM GIA LAI 1 THỜI GIAN GD 18:05:57 NGÀY 17/11/2023 MÃ GD 963315646,Lượt,0,1,0,1
,CƯỚC ĐƯỜNG BỘ XE 81C01245T ĐI QUA TRẠM GIA LAI 1 THỜI GIAN GD 18:07:11 NGÀY 03/11/2023 MÃ GD 944483844,Lượt,0,1,0,1
,CƯỚC ĐƯỜNG BỘ XE 81C01245T ĐI QUA TRẠM GIA LAI 1 THỜI GIAN GD 18:11:57 NGÀY 27/10/2023 MÃ GD 935411687,Lượt,0,1,0,1
,CƯỚC ĐƯỜNG BỘ XE 81C01245T ĐI QUA TRẠM GIA LAI 1 THỜI GIAN GD 18:23:39 NGÀY 10/11/2023 MÃ GD 953679365,Lượt,0,1,0,1
,CƯỚC ĐƯỜNG BỘ XE 81C01245T ĐI QUA TRẠM GIA LAI 1 THỜI GIAN GD 18:24:21 NGÀY 13/10/2023 MÃ GD 917222324,Lượt,0,1,0,1
,CƯỚC ĐƯỜNG BỘ XE 81C01245T ĐI QUA TRẠM GIA LAI 1 THỜI GIAN GD 18:24:30 NGÀY 28/11/2023 MÃ GD 978380560,Lượt,0,1,0,1
,CƯỚC ĐƯỜNG BỘ XE 81C01245T ĐI QUA TRẠM GIA LAI 1 THỜI GIAN GD 18:27:02 NGÀY 01/11/2023 MÃ GD 941852198,Lượt,0,1,0,1
,CƯỚC ĐƯỜNG BỘ XE 81C01245T ĐI QUA TRẠM GIA LAI 1 THỜI GIAN GD 18:28:08 NGÀY 20/10/2023 MÃ GD 926181862,Lượt,0,1,0,1
,CƯỚC ĐƯỜNG BỘ XE 81C01245T ĐI QUA TRẠM GIA LAI 1 THỜI GIAN GD 18:42:57 NGÀY 14/11/2023 MÃ GD 958988115,Lượt,0,1,0,1
,CƯỚC ĐƯỜNG BỘ XE 81C01245T ĐI QUA TRẠM GIA LAI 1 THỜI GIAN GD 18:49:42 NGÀY 24/10/2023 MÃ GD 931508598,Lượt,0,1,0,1
,CƯỚC ĐƯỜNG BỘ XE 81C01245T ĐI QUA TRẠM GIA LAI 1 THỜI GIAN GD 18:54:21 NGÀY 15/12/2023 MÃ GD 1001681977,Lượt,0,1,0,1
,CƯỚC ĐƯỜNG BỘ XE 81C01245T ĐI QUA TRẠM GIA LAI 1 THỜI GIAN GD 19:00:06 NGÀY 13/11/2023 MÃ GD 957739526,Lượt,0,1,0,1
,CƯỚC ĐƯỜNG BỘ XE 81C01245T ĐI QUA TRẠM GIA LAI 1 THỜI GIAN GD 19:06:45 NGÀY 15/11/2023 MÃ GD 960335969,Lượt,0,1,0,1
,CƯỚC ĐƯỜNG BỘ XE 81C01245T ĐI QUA TRẠM GIA LAI 1 THỜI GIAN GD 19:07:04 NGÀY 11/10/2023 MÃ GD 914689242,Lượt,0,1,0,1
,CƯỚC ĐƯỜNG BỘ XE 81C01245T ĐI QUA TRẠM GIA LAI 1 THỜI GIAN GD 19:16:15 NGÀY 23/10/2023 MÃ GD 930246505,Lượt,0,1,0,1
,CƯỚC ĐƯỜNG BỘ XE 81C01245T ĐI QUA TRẠM GIA LAI 1 THỜI GIAN GD 19:19:47 NGÀY 06/12/2023 MÃ GD 989519883,Lượt,0,1,0,1
,CƯỚC ĐƯỜNG BỘ XE 81C01245T ĐI QUA TRẠM GIA LAI 1 THỜI GIAN GD 19:28:50 NGÀY 18/10/2023 MÃ GD 923619955,Lượt,0,1,0,1
,CƯỚC ĐƯỜNG BỘ XE 81C01245T ĐI QUA TRẠM GIA LAI 1 THỜI GIAN GD 19:29:23 NGÀY 08/12/2023 MÃ GD 992242531,Lượt,0,1,0,1
,CƯỚC ĐƯỜNG BỘ XE 81C01245T ĐI QUA TRẠM GIA LAI 1 THỜI GIAN GD 19:30:55 NGÀY 12/12/2023 MÃ GD 997665580,Lượt,0,1,0,1
,CƯỚC ĐƯỜNG BỘ XE 81C01245T ĐI QUA TRẠM GIA LAI 1 THỜI GIAN GD 19:40:02 NGÀY 05/12/2023 MÃ GD 988228571,Lượt,0,1,0,1
,CƯỚC ĐƯỜNG BỘ XE 81C01245T ĐI QUA TRẠM GIA LAI 1 THỜI GIAN GD 19:44:16 NGÀY 21/11/2023 MÃ GD 968960124,Lượt,0,1,0,1
,CƯỚC ĐƯỜNG BỘ XE 81C01245T ĐI QUA TRẠM GIA LAI 1 THỜI GIAN GD 19:47:55 NGÀY 17/10/2023 MÃ GD 922370412,Lượt,0,1,0,1
,CƯỚC ĐƯỜNG BỘ XE 81C01245T ĐI QUA TRẠM GIA LAI 1 THỜI GIAN GD 19:54:36 NGÀY 27/12/2023 MÃ GD 1018290126,Lượt,0,1,0,1
,CƯỚC ĐƯỜNG BỘ XE 81C01245T ĐI QUA TRẠM GIA LAI 1 THỜI GIAN GD 19:55:54 NGÀY 13/12/2023 MÃ GD 998983673,Lượt,0,1,0,1
,CƯỚC ĐƯỜNG BỘ XE 81C01245T ĐI QUA TRẠM GIA LAI 1 THỜI GIAN GD 20:13:36 NGÀY 07/11/2023 MÃ GD 949837510,Lượt,0,1,0,1
,CƯỚC ĐƯỜNG BỘ XE 81C01245T ĐI QUA TRẠM GIA LAI 1 THỜI GIAN GD 20:37:29 NGÀY 22/11/2023 MÃ GD 970343432,Lượt,0,1,0,1
,CƯỚC ĐƯỜNG BỘ XE 81C01245T ĐI QUA TRẠM GIA LAI 1 THỜI GIAN GD 21:06:37 NGÀY 10/10/2023 MÃ GD 913529569,Lượt,0,1,0,1
,CƯỚC ĐƯỜNG BỘ XE 81C01245T ĐI QUA TRẠM GIA LAI 1 THỜI GIAN GD 21:14:28 NGÀY 31/10/2023 MÃ GD 940733270,Lượt,0,1,0,1
,CƯỚC ĐƯỜNG BỘ XE 81C01245T ĐI QUA TRẠM KM124+720 QL19 THỜI GIAN GD 11:57:22 NGÀY 04/10/2023 MÃ GD 905293093,Lượt,0,1,0,1
,CƯỚC ĐƯỜNG BỘ XE 81C01245T ĐI QUA TRẠM KM124+720 QL19 THỜI GIAN GD 17:13:07 NGÀY 04/10/2023 MÃ GD 905688167,Lượt,0,1,0,1
,CƯỚC ĐƯỜNG BỘ XE 81C18927T ĐI QUA TRẠM GIA LAI 1 THỜI GIAN GD 09:46:55 NGÀY 24/11/2023 MÃ GD 972197867,Lượt,0,1,0,1
,CƯỚC ĐƯỜNG BỘ XE 81C18927T ĐI QUA TRẠM GIA LAI 1 THỜI GIAN GD 19:58:31 NGÀY 24/11/2023 MÃ GD 973045105,Lượt,0,1,0,1
,CƯỚC ĐƯỜNG BỘ XE 81C18927T ĐI QUA TRẠM KM124+720 QL19 THỜI GIAN GD 10:35:27 NGÀY 13/12/2023 MÃ GD 998294252,Lượt,0,1,0,1
,CƯỚC ĐƯỜNG BỘ XE 81C18927T ĐI QUA TRẠM KM124+720 QL19 THỜI GIAN GD 10:36:26 NGÀY 20/12/2023 MÃ GD 1007786564,Lượt,0,1,0,1
,CƯỚC ĐƯỜNG BỘ XE 81C18927T ĐI QUA TRẠM KM124+720 QL19 THỜI GIAN GD 11:09:46 NGÀY 25/10/2023 MÃ GD 932222067,Lượt,0,1,0,1
,CƯỚC ĐƯỜNG BỘ XE 81C18927T ĐI QUA TRẠM KM124+720 QL19 THỜI GIAN GD 11:14:00 NGÀY 06/12/2023 MÃ GD 988896651,Lượt,0,1,0,1
,CƯỚC ĐƯỜNG BỘ XE 81C18927T ĐI QUA TRẠM KM124+720 QL19 THỜI GIAN GD 11:19:30 NGÀY 29/11/2023 MÃ GD 979143350,Lượt,0,1,0,1
,CƯỚC ĐƯỜNG BỘ XE 81C18927T ĐI QUA TRẠM KM124+720 QL19 THỜI GIAN GD 11:21:37 NGÀY 27/12/2023 MÃ GD 1017607478,Lượt,0,1,0,1
,CƯỚC ĐƯỜNG BỘ XE 81C18927T ĐI QUA TRẠM KM124+720 QL19 THỜI GIAN GD 11:35:38 NGÀY 09/12/2023 MÃ GD 993030948,Lượt,0,1,0,1
,CƯỚC ĐƯỜNG BỘ XE 81C18927T ĐI QUA TRẠM KM124+720 QL19 THỜI GIAN GD 11:35:45 NGÀY 07/10/2023 MÃ GD 909106846,Lượt,0,1,0,1
,CƯỚC ĐƯỜNG BỘ XE 81C18927T ĐI QUA TRẠM KM124+720 QL19 THỜI GIAN GD 11:36:29 NGÀY 15/11/2023 MÃ GD 959720765,Lượt,0,1,0,1
,CƯỚC ĐƯỜNG BỘ XE 81C18927T ĐI QUA TRẠM KM124+720 QL19 THỜI GIAN GD 11:38:09 NGÀY 01/11/2023 MÃ GD 941340965,Lượt,0,1,0,1
,CƯỚC ĐƯỜNG BỘ XE 81C18927T ĐI QUA TRẠM KM124+720 QL19 THỜI GIAN GD 11:44:14 NGÀY 22/11/2023 MÃ GD 969679058,Lượt,0,1,0,1
,CƯỚC ĐƯỜNG BỘ XE 81C18927T ĐI QUA TRẠM KM124+720 QL19 THỜI GIAN GD 11:45:55 NGÀY 02/12/2023 MÃ GD 983439041,Lượt,0,1,0,1
,CƯỚC ĐƯỜNG BỘ XE 81C18927T ĐI QUA TRẠM KM124+720 QL19 THỜI GIAN GD 11:59:07 NGÀY 30/12/2023 MÃ GD 1022315373,Lượt,0,1,0,1
,CƯỚC ĐƯỜNG BỘ XE 81C18927T ĐI QUA TRẠM KM124+720 QL19 THỜI GIAN GD 12:05:58 NGÀY 18/10/2023 MÃ GD 923078117,Lượt,0,1,0,1
,CƯỚC ĐƯỜNG BỘ XE 81C18927T ĐI QUA TRẠM KM124+720 QL19 THỜI GIAN GD 12:13:01 NGÀY 28/10/2023 MÃ GD 936299298,Lượt,0,1,0,1
,CƯỚC ĐƯỜNG BỘ XE 81C18927T ĐI QUA TRẠM KM124+720 QL19 THỜI GIAN GD 12:50:58 NGÀY 14/10/2023 MÃ GD 918117600,Lượt,0,1,0,1
,CƯỚC ĐƯỜNG BỘ XE 81C18927T ĐI QUA TRẠM KM124+720 QL19 THỜI GIAN GD 12:57:58 NGÀY 19/11/2023 MÃ GD 965690928,Lượt,0,1,0,1
,CƯỚC ĐƯỜNG BỘ XE 81C18927T ĐI QUA TRẠM KM124+720 QL19 THỜI GIAN GD 12:59:13 NGÀY 24/10/2023 MÃ GD 931055206,Lượt,0,1,0,1
,CƯỚC ĐƯỜNG BỘ XE 81C18927T ĐI QUA TRẠM KM124+720 QL19 THỜI GIAN GD 13:14:17 NGÀY 23/12/2023 MÃ GD 1012250883,Lượt,0,1,0,1
,CƯỚC ĐƯỜNG BỘ XE 81C18927T ĐI QUA TRẠM KM124+720 QL19 THỜI GIAN GD 13:25:41 NGÀY 28/11/2023 MÃ GD 977961851,Lượt,0,1,0,1
,CƯỚC ĐƯỜNG BỘ XE 81C18927T ĐI QUA TRẠM KM124+720 QL19 THỜI GIAN GD 13:32:32 NGÀY 14/11/2023 MÃ GD 958582642,Lượt,0,1,0,1
,CƯỚC ĐƯỜNG BỘ XE 81C18927T ĐI QUA TRẠM KM124+720 QL19 THỜI GIAN GD 13:34:46 NGÀY 16/12/2023 MÃ GD 1002701700,Lượt,0,1,0,1
,CƯỚC ĐƯỜNG BỘ XE 81C18927T ĐI QUA TRẠM KM124+720 QL19 THỜI GIAN GD 13:38:06 NGÀY 12/12/2023 MÃ GD 997214649,Lượt,0,1,0,1
,CƯỚC ĐƯỜNG BỘ XE 81C18927T ĐI QUA TRẠM KM124+720 QL19 THỜI GIAN GD 13:38:40 NGÀY 21/10/2023 MÃ GD 927171979,Lượt,0,1,0,1
,CƯỚC ĐƯỜNG BỘ XE 81C18927T ĐI QUA TRẠM KM124+720 QL19 THỜI GIAN GD 13:53:41 NGÀY 25/11/2023 MÃ GD 973979937,Lượt,0,1,0,1
,CƯỚC ĐƯỜNG BỘ XE 81C18927T ĐI QUA TRẠM KM124+720 QL19 THỜI GIAN GD 13:54:44 NGÀY 28/11/2023 MÃ GD 978002970,Lượt,0,1,0,1
,CƯỚC ĐƯỜNG BỘ XE 81C18927T ĐI QUA TRẠM KM124+720 QL19 THỜI GIAN GD 14:00:41 NGÀY 24/10/2023 MÃ GD 931134015,Lượt,0,1,0,1
,CƯỚC ĐƯỜNG BỘ XE 81C18927T ĐI QUA TRẠM KM124+720 QL19 THỜI GIAN GD 14:11:17 NGÀY 12/12/2023 MÃ GD 997255048,Lượt,0,1,0,1
,CƯỚC ĐƯỜNG BỘ XE 81C18927T ĐI QUA TRẠM KM124+720 QL19 THỜI GIAN GD 14:11:52 NGÀY 04/11/2023 MÃ GD 945560404,Lượt,0,1,0,1
,CƯỚC ĐƯỜNG BỘ XE 81C18927T ĐI QUA TRẠM KM124+720 QL19 THỜI GIAN GD 14:24:21 NGÀY 14/11/2023 MÃ GD 958651388,Lượt,0,1,0,1
,CƯỚC ĐƯỜNG BỘ XE 81C18927T ĐI QUA TRẠM KM124+720 QL19 THỜI GIAN GD 14:26:27 NGÀY 10/10/2023 MÃ GD 913094534,Lượt,0,1,0,1
,CƯỚC ĐƯỜNG BỘ XE 81C18927T ĐI QUA TRẠM KM124+720 QL19 THỜI GIAN GD 14:26:28 NGÀY 21/11/2023 MÃ GD 968551470,Lượt,0,1,0,1
,CƯỚC ĐƯỜNG BỘ XE 81C18927T ĐI QUA TRẠM KM124+720 QL19 THỜI GIAN GD 14:45:53 NGÀY 05/12/2023 MÃ GD 987873524,Lượt,0,1,0,1
,CƯỚC ĐƯỜNG BỘ XE 81C18927T ĐI QUA TRẠM KM124+720 QL19 THỜI GIAN GD 15:06:21 NGÀY 19/12/2023 MÃ GD 1006807411,Lượt,0,1,0,1
,CƯỚC ĐƯỜNG BỘ XE 81C18927T ĐI QUA TRẠM KM124+720 QL19 THỜI GIAN GD 15:17:44 NGÀY 10/10/2023 MÃ GD 913160800,Lượt,0,1,0,1
,CƯỚC ĐƯỜNG BỘ XE 81C18927T ĐI QUA TRẠM KM124+720 QL19 THỜI GIAN GD 15:22:18 NGÀY 21/11/2023 MÃ GD 968632393,Lượt,0,1,0,1
,CƯỚC ĐƯỜNG BỘ XE 81C18927T ĐI QUA TRẠM KM124+720 QL19 THỜI GIAN GD 15:37:01 NGÀY 05/12/2023 MÃ GD 987945303,Lượt,0,1,0,1
,CƯỚC ĐƯỜNG BỘ XE 81C18927T ĐI QUA TRẠM KM124+720 QL19 THỜI GIAN GD 15:45:14 NGÀY 13/12/2023 MÃ GD 998691859,Lượt,0,1,0,1
,CƯỚC ĐƯỜNG BỘ XE 81C18927T ĐI QUA TRẠM KM124+720 QL19 THỜI GIAN GD 15:49:03 NGÀY 26/12/2023 MÃ GD 1016600288,Lượt,0,1,0,1
,CƯỚC ĐƯỜNG BỘ XE 81C18927T ĐI QUA TRẠM KM124+720 QL19 THỜI GIAN GD 15:57:19 NGÀY 31/10/2023 MÃ GD 940416647,Lượt,0,1,0,1
,CƯỚC ĐƯỜNG BỘ XE 81C18927T ĐI QUA TRẠM KM124+720 QL19 THỜI GIAN GD 16:07:12 NGÀY 11/10/2023 MÃ GD 914474914,Lượt,0,1,0,1
,CƯỚC ĐƯỜNG BỘ XE 81C18927T ĐI QUA TRẠM KM124+720 QL19 THỜI GIAN GD 16:09:34 NGÀY 19/12/2023 MÃ GD 1006897099,Lượt,0,1,0,1
,CƯỚC ĐƯỜNG BỘ XE 81C18927T ĐI QUA TRẠM KM124+720 QL19 THỜI GIAN GD 16:13:09 NGÀY 09/12/2023 MÃ GD 993439857,Lượt,0,1,0,1
,CƯỚC ĐƯỜNG BỘ XE 81C18927T ĐI QUA TRẠM KM124+720 QL19 THỜI GIAN GD 16:23:09 NGÀY 06/12/2023 MÃ GD 989307094,Lượt,0,1,0,1
,CƯỚC ĐƯỜNG BỘ XE 81C18927T ĐI QUA TRẠM KM124+720 QL19 THỜI GIAN GD 16:29:11 NGÀY 20/12/2023 MÃ GD 1008270036,Lượt,0,1,0,1
,CƯỚC ĐƯỜNG BỘ XE 81C18927T ĐI QUA TRẠM KM124+720 QL19 THỜI GIAN GD 16:29:23 NGÀY 31/10/2023 MÃ GD 940458975,Lượt,0,1,0,1
,CƯỚC ĐƯỜNG BỘ XE 81C18927T ĐI QUA TRẠM KM124+720 QL19 THỜI GIAN GD 16:41:54 NGÀY 07/10/2023 MÃ GD 909525140,Lượt,0,1,0,1
,CƯỚC ĐƯỜNG BỘ XE 81C18927T ĐI QUA TRẠM KM124+720 QL19 THỜI GIAN GD 16:48:42 NGÀY 26/12/2023 MÃ GD 1016688496,Lượt,0,1,0,1
,CƯỚC ĐƯỜNG BỘ XE 81C18927T ĐI QUA TRẠM KM124+720 QL19 THỜI GIAN GD 16:58:42 NGÀY 25/10/2023 MÃ GD 932675820,Lượt,0,1,0,1
,CƯỚC ĐƯỜNG BỘ XE 81C18927T ĐI QUA TRẠM KM124+720 QL19 THỜI GIAN GD 17:22:17 NGÀY 27/12/2023 MÃ GD 1018119621,Lượt,0,1,0,1
,CƯỚC ĐƯỜNG BỘ XE 81C18927T ĐI QUA TRẠM KM124+720 QL19 THỜI GIAN GD 17:25:57 NGÀY 22/11/2023 MÃ GD 970142820,Lượt,0,1,0,1
,CƯỚC ĐƯỜNG BỘ XE 81C18927T ĐI QUA TRẠM KM124+720 QL19 THỜI GIAN GD 17:29:21 NGÀY 18/10/2023 MÃ GD 923496912,Lượt,0,1,0,1
,CƯỚC ĐƯỜNG BỘ XE 81C18927T ĐI QUA TRẠM KM124+720 QL19 THỜI GIAN GD 17:38:35 NGÀY 15/11/2023 MÃ GD 960225164,Lượt,0,1,0,1
,CƯỚC ĐƯỜNG BỘ XE 81C18927T ĐI QUA TRẠM KM124+720 QL19 THỜI GIAN GD 17:54:18 NGÀY 29/11/2023 MÃ GD 979667106,Lượt,0,1,0,1
,CƯỚC ĐƯỜNG BỘ XE 81C18927T ĐI QUA TRẠM KM124+720 QL19 THỜI GIAN GD 18:03:34 NGÀY 30/12/2023 MÃ GD 1022999185,Lượt,0,1,0,1
,CƯỚC ĐƯỜNG BỘ XE 81C18927T ĐI QUA TRẠM KM124+720 QL19 THỜI GIAN GD 18:24:32 NGÀY 01/11/2023 MÃ GD 941849592,Lượt,0,1,0,1
,CƯỚC ĐƯỜNG BỘ XE 81C18927T ĐI QUA TRẠM KM124+720 QL19 THỜI GIAN GD 18:24:45 NGÀY 19/11/2023 MÃ GD 966160134,Lượt,0,1,0,1
,CƯỚC ĐƯỜNG BỘ XE 81C18927T ĐI QUA TRẠM KM124+720 QL19 THỜI GIAN GD 18:26:36 NGÀY 02/12/2023 MÃ GD 984100047,Lượt,0,1,0,1
,CƯỚC ĐƯỜNG BỘ XE 81C18927T ĐI QUA TRẠM KM124+720 QL19 THỜI GIAN GD 18:36:42 NGÀY 28/10/2023 MÃ GD 936842462,Lượt,0,1,0,1
,CƯỚC ĐƯỜNG BỘ XE 81C18927T ĐI QUA TRẠM KM124+720 QL19 THỜI GIAN GD 18:42:17 NGÀY 16/12/2023 MÃ GD 1003176205,Lượt,0,1,0,1
,CƯỚC ĐƯỜNG BỘ XE 81C18927T ĐI QUA TRẠM KM124+720 QL19 THỜI GIAN GD 18:46:54 NGÀY 14/10/2023 MÃ GD 918608661,Lượt,0,1,0,1
,CƯỚC ĐƯỜNG BỘ XE 81C18927T ĐI QUA TRẠM KM124+720 QL19 THỜI GIAN GD 18:52:54 NGÀY 23/12/2023 MÃ GD 1012788655,Lượt,0,1,0,1
,CƯỚC ĐƯỜNG BỘ XE 81C18927T ĐI QUA TRẠM KM124+720 QL19 THỜI GIAN GD 18:56:00 NGÀY 21/10/2023 MÃ GD 927624799,Lượt,0,1,0,1
,CƯỚC ĐƯỜNG BỘ XE 81C18927T ĐI QUA TRẠM KM124+720 QL19 THỜI GIAN GD 19:29:57 NGÀY 25/11/2023 MÃ GD 974458095,Lượt,0,1,0,1
,CƯỚC ĐƯỜNG BỘ XE 81C18927T ĐI QUA TRẠM KM124+720 QL19 THỜI GIAN GD 19:33:29 NGÀY 04/11/2023 MÃ GD 946007240,Lượt,0,1,0,1
,CƯỚC ĐƯỜNG BỘ XE 81C20280T ĐI QUA TRẠM GIA LAI 1 THỜI GIAN GD 08:53:26 NGÀY 05/10/2023 MÃ GD 906305966,Lượt,0,1,0,1
,CƯỚC ĐƯỜNG BỘ XE 81C20280T ĐI QUA TRẠM GIA LAI 1 THỜI GIAN GD 08:58:27 NGÀY 22/12/2023 MÃ GD 1010396132,Lượt,0,1,0,1
,CƯỚC ĐƯỜNG BỘ XE 81C20280T ĐI QUA TRẠM GIA LAI 1 THỜI GIAN GD 09:08:38 NGÀY 29/12/2023 MÃ GD 1020304702,Lượt,0,1,0,1
,CƯỚC ĐƯỜNG BỘ XE 81C20280T ĐI QUA TRẠM GIA LAI 1 THỜI GIAN GD 09:22:15 NGÀY 19/12/2023 MÃ GD 1006360027,Lượt,0,1,0,1
,CƯỚC ĐƯỜNG BỘ XE 81C20280T ĐI QUA TRẠM GIA LAI 1 THỜI GIAN GD 09:42:03 NGÀY 26/12/2023 MÃ GD 1016102609,Lượt,0,1,0,1
,CƯỚC ĐƯỜNG BỘ XE 81C20280T ĐI QUA TRẠM GIA LAI 1 THỜI GIAN GD 10:18:06 NGÀY 06/10/2023 MÃ GD 907660973,Lượt,0,1,0,1
,CƯỚC ĐƯỜNG BỘ XE 81C20280T ĐI QUA TRẠM GIA LAI 1 THỜI GIAN GD 10:28:36 NGÀY 01/01/2024 MÃ GD 1025356313,Lượt,0,1,0,1
,CƯỚC ĐƯỜNG BỘ XE 81C20280T ĐI QUA TRẠM GIA LAI 1 THỜI GIAN GD 11:07:55 NGÀY 20/12/2023 MÃ GD 1007823570,Lượt,0,1,0,1
,CƯỚC ĐƯỜNG BỘ XE 81C20280T ĐI QUA TRẠM GIA LAI 1 THỜI GIAN GD 12:18:58 NGÀY 23/12/2023 MÃ GD 1012168884,Lượt,0,1,0,1
,CƯỚC ĐƯỜNG BỘ XE 81C20280T ĐI QUA TRẠM GIA LAI 1 THỜI GIAN GD 13:36:21 NGÀY 30/12/2023 MÃ GD 1022478785,Lượt,0,1,0,1
,CƯỚC ĐƯỜNG BỘ XE 81C20280T ĐI QUA TRẠM GIA LAI 1 THỜI GIAN GD 16:24:28 NGÀY 01/01/2024 MÃ GD 1025973470,Lượt,0,1,0,1
,CƯỚC ĐƯỜNG BỘ XE 81C20280T ĐI QUA TRẠM GIA LAI 1 THỜI GIAN GD 16:47:41 NGÀY 21/12/2023 MÃ GD 1009671015,Lượt,0,1,0,1
,CƯỚC ĐƯỜNG BỘ XE 81C20280T ĐI QUA TRẠM GIA LAI 1 THỜI GIAN GD 17:01:28 NGÀY 28/12/2023 MÃ GD 1019538559,Lượt,0,1,0,1
,CƯỚC ĐƯỜNG BỘ XE 81C20280T ĐI QUA TRẠM GIA LAI 1 THỜI GIAN GD 18:22:55 NGÀY 22/12/2023 MÃ GD 1011215240,Lượt,0,1,0,1
,CƯỚC ĐƯỜNG BỘ XE 81C20280T ĐI QUA TRẠM GIA LAI 1 THỜI GIAN GD 18:24:10 NGÀY 23/12/2023 MÃ GD 1012752074,Lượt,0,1,0,1
,CƯỚC ĐƯỜNG BỘ XE 81C20280T ĐI QUA TRẠM GIA LAI 1 THỜI GIAN GD 18:29:14 NGÀY 06/10/2023 MÃ GD 908306351,Lượt,0,1,0,1
,CƯỚC ĐƯỜNG BỘ XE 81C20280T ĐI QUA TRẠM GIA LAI 1 THỜI GIAN GD 18:43:33 NGÀY 20/12/2023 MÃ GD 1008448280,Lượt,0,1,0,1
,CƯỚC ĐƯỜNG BỘ XE 81C20280T ĐI QUA TRẠM GIA LAI 1 THỜI GIAN GD 19:06:16 NGÀY 29/12/2023 MÃ GD 1021250530,Lượt,0,1,0,1
,CƯỚC ĐƯỜNG BỘ XE 81C20280T ĐI QUA TRẠM GIA LAI 1 THỜI GIAN GD 19:34:58 NGÀY 19/12/2023 MÃ GD 1007144095,Lượt,0,1,0,1
,CƯỚC ĐƯỜNG BỘ XE 81C20280T ĐI QUA TRẠM GIA LAI 1 THỜI GIAN GD 19:38:05 NGÀY 30/12/2023 MÃ GD 1023137651,Lượt,0,1,0,1
,CƯỚC ĐƯỜNG BỘ XE 81C20280T ĐI QUA TRẠM GIA LAI 1 THỜI GIAN GD 20:01:19 NGÀY 04/10/2023 MÃ GD 905854828,Lượt,0,1,0,1
,CƯỚC ĐƯỜNG BỘ XE 81C20280T ĐI QUA TRẠM GIA LAI 1 THỜI GIAN GD 20:18:33 NGÀY 26/12/2023 MÃ GD 1016923191,Lượt,0,1,0,1
,CƯỚC ĐƯỜNG BỘ XE 81C20280T ĐI QUA TRẠM KM124+720 QL19 THỜI GIAN GD 10:25:25 NGÀY 08/11/2023 MÃ GD 950409257,Lượt,0,1,0,1
,CƯỚC ĐƯỜNG BỘ XE 81C20280T ĐI QUA TRẠM KM124+720 QL19 THỜI GIAN GD 12:41:02 NGÀY 11/11/2023 MÃ GD 954628646,Lượt,0,1,0,1
,CƯỚC ĐƯỜNG BỘ XE 81C20280T ĐI QUA TRẠM KM124+720 QL19 THỜI GIAN GD 14:42:30 NGÀY 07/11/2023 MÃ GD 949451346,Lượt,0,1,0,1
,CƯỚC ĐƯỜNG BỘ XE 81C20280T ĐI QUA TRẠM KM124+720 QL19 THỜI GIAN GD 15:47:00 NGÀY 07/11/2023 MÃ GD 949540436,Lượt,0,1,0,1
,CƯỚC ĐƯỜNG BỘ XE 81C20280T ĐI QUA TRẠM KM124+720 QL19 THỜI GIAN GD 16:23:50 NGÀY 08/11/2023 MÃ GD 950870298,Lượt,0,1,0,1
,CƯỚC ĐƯỜNG BỘ XE 81C20280T ĐI QUA TRẠM KM124+720 QL19 THỜI GIAN GD 18:55:00 NGÀY 11/11/2023 MÃ GD 955171303,Lượt,0,1,0,1
,DẦU DẤM TRỘN SALAD PET 270 G,Chai,0,74527,0,74527
,"ĐẦU GHI HÌNH KTS 16 KÊNH (KX-A4K8116N2), PHỤ KIỆN",Bộ,0,1,0,1
,"DẦU HÀO 2,25KG",Bình,0,366,0,366
,DẦU HÀO CHAY PET 170G,Chai,0,2208,0,2208
,DẦU HÀO CHAY PET 350G,Chai,0,2856,0,2856
,DẦU HÀO CHAY PET 820G,Chai,0,168,0,168
,DẦU HÀO PET 170G,Chai,0,10416,0,10416
,DẦU HÀO PET 350G,Chai,0,34960,0,34960
,DẦU HÀO PET 820G,Chai,0,9875,0,9875
,DẦU NHỜN PLC-AW HYDROIL 68 - PHUY 209 LÍT,Lít,0,27,0,27
,DẦU NHỜN PLC KOMAT SHD50 - T18 LÍT,Thùng,0,1,0,1
,DẦU RỬA ĐẠI TU MÁY,Lít,0,20,0,20
,DÂY HÚT DỊCH PHẪU THUẬT 8MM X 3MÉT,sợi,0,2,0,2
,DÂY MÁY GÂY MÊ CO GIÃN NGƯỜI LỚN/2150000/ INTERSUGICAL,Cái,0,1,0,1
,DÂY OXY 2 NHÁNH NGƯỜI LỚN- VTD009,Cái,0,1,0,1
,"ĐÈN XI NHAN TRƯỚC, PHẢI (TRÊN)",CÁI,0,1,0,1
,DERMANIOS SCRUB CHLORHEXINDINE 4%-30ML,Chai,0,1,0,1
,DEXAMETHASONE,Ống,0,1,0,1
,ĐĨA BỐ LY HỢP,Cái,0,1,0,1
,"DỊCH VỤ HÓA ĐƠN ĐIỆN TỬ,GÓI HD10.100",Gói,0,1,0,1
,DỊCH VỤ NGÂN HÀNG,,0,12,0,12
,DỊCH VỤ SỬA CHỮA XE CANTER-TF7.5 BS:81C20280 RO:23050161,,0,1,0,1
,DỊCH VỤ SỬA CHỮA XE CANTER-TF7.5 BS:81C20280 RO:23060256,,0,1,0,1
,DỊCH VỤ SỬA CHỮA XE CANTER-TF7.5 BS:81C20280 RO:23080143,,0,1,0,1
,DỊCH VỤ SỬA CHỮA XE CANTER-TF7.5 BS:81C20280 RO:23100050,,0,1,0,1
,ĐIỆN CỰC TIM 3M/2239 (50 MIẾNG/GÓI),Miếng,0,5,0,5
,"ĐIỆN GIẢI ĐỒ (NA+, K+, CL-) [MÁU]",Lần,0,1,0,1
,ĐIỆN TIM THƯỜNG,Lần,0,1,0,1
,"ĐIỀU CHỈNH GIẢM TIỀN HÀNG, TIỀN THUẾ CHO HOÁ ĐƠN ĐIỆN TỬ SỐ:C23TBR1419 KÝ HIỆU:C23TBR1419,LẬP NGÀY:24/06/2023",,0,1,0,1
,"ĐIỀU CHỈNH GIẢM TIỀN HÀNG, TIỀN THUẾ CỦA HÀNG HÓA DỊCH VỤ: 1132639-NHÃN DÁN-BURBERRY-BRANDED STICKER 61.5MM X 46MM BBY707-(HÀNG KHUYẾN MÃI KHÔNG THU TIỀN)",CAI,0,3,0,3
,"ĐIỀU CHỈNH GIẢM TIỀN HÀNG, TIỀN THUẾ CỦA HÀNG HÓA DỊCH VỤ: 1161946-ÁO SƠ MI TAY DÀI NAM-BURBERRY-M CASUAL SHIRT LS 8064881(RDA003086834)",CAI,0,1,0,1
,"ĐIỀU CHỈNH GIẢM TIỀN HÀNG, TIỀN THUẾ CỦA HÀNG HÓA DỊCH VỤ: 1168742-ÁO SƠ MI TAY DÀI NAM-BURBERRY-M CASUAL SHIRT LS 8066622(RDA003094337)",CAI,0,1,0,1
,"ĐIỀU CHỈNH THUẾ SUẤT TỪ 10% THÀNH 8% CHO HÓA ĐƠN ĐIỆN TỬ SỐ: 31153, KÝ HIỆU: 1K23TAA, NGÀY 20/03/2023",,0,1,0,1
,"ĐIỀU CHỈNH THUẾ SUẤT TỪ 10% THÀNH 8% CHO HÓA ĐƠN ĐIỆN TỬ SỐ: 9724, KÝ HIỆU: 1K23TAA, NGÀY 30/01/2023",,0,1,0,1
,"ĐIỀU CHỈNH THUẾ SUẤT TỪ 10% THÀNH 8% CHO HÓA ĐƠN ĐIỆN TỬ SỐ: 9968, KÝ HIỆU: 1K23TAA, NGÀY 30/01/2023",,0,1,0,1
,"ĐIỀU CHỈNH TỔNG TIỀN BẰNG CHỮ LÀ ""MỘT TRĂM HAI MƯƠI CHÍN TRIỆU HAI TRĂM BẢY MƯƠI MỐT NGHÌN BẢY TRĂM TÁM MƯƠI ĐỒNG."" TẠI HÓA ĐƠN SỐ 11639, MẪU SỐ 1, KÝ HIỆU C23TDC, NGÀY 21 THÁNG 09 NĂM 2023 THÀNH ""BỐN MƯƠI TÁM TRIỆU TÁM TRĂM TÁM MƯƠI CHÍN NGHÌN BẢY TRĂM BỐN MƯƠI CHÍN ĐỒNG.""",,0,1,0,1
,"ĐIỀU CHỈNH TỔNG TIỀN BẰNG CHỮ LÀ ""MỘT TRĂM HAI MƯƠI CHÍN TRIỆU HAI TRĂM BẢY MƯƠI MỐT NGHÌN BẢY TRĂM TÁM MƯƠI ĐỒNG."" TẠI HÓA ĐƠN SỐ 11640, MẪU SỐ 1, KÝ HIỆU C23TDC, NGÀY 21 THÁNG 09 NĂM 2023 THÀNH ""HAI TRĂM MƯỜI TÁM TRIỆU TÁM TRĂM MƯỜI TÁM NGHÌN KHÔNG TRĂM BỐN MƯƠI BỐN ĐỒNG.""",,0,1,0,1
,ĐỊNH LƯỢNG BHCG (BETA HUMAN CHORIONIC GONADOTROPINS) [MÁU],Lần,0,1,0,1
,ĐỊNH LƯỢNG CREATININ [MÁU],Lần,0,1,0,1
,"ĐỊNH LƯỢNG FIBRINOGEN (TÊN KHÁC: ĐỊNH LƯỢNG YẾU TỐ I), PHƯƠNG PHÁP CLAUSS- PHƯƠNG PHÁP TRỰC TIẾP, BẰNG MÁY TỰ ĐỘNG",Lần,0,1,0,1
,ĐỊNH LƯỢNG GLUCOSE [MÁU],Lần,0,1,0,1
,ĐỊNH LƯỢNG URÊ [MÁU],Lần,0,1,0,1
,"ĐỊNH NHÓM MÁU HỆ ABO, RH(D) (KỸ THUẬT SCANGEL/GELCARD TRÊN MÁY BÁN TỰ ĐỘNG)",Lần,0,1,0,1
,DO 0.001S-V,Lít,0,10750.79,0,10750.79
,DO 0.05S-II,Lít,259.68,25624.03,0,25883.71
,ĐO HOẠT ĐỘ ALT (GPT) [MÁU],Lần,0,1,0,1
,ĐO HOẠT ĐỘ AST (GOT) [MÁU],Lần,0,1,0,1
,DỒI SỤN GIÒN GÓI_250G,Kg,0,1,0,1
,DỒI SỤN GIÒN GÓI_500G,Kg,0,8,0,8
,ĐỒ UỐNG TỰ CHỌN,Phần,0,3,0,3
,"DUNG DỊCH SÁT KHUẨN VÙNG DA TRƯỚC MỔ BACTISEPTIC ORANGE, CHAI XỊT 250ML- VESBOS250",Chai,0,0.2,0,0.2
,DUNG DỊCH VỆ SINH ĐƯỜNG NHỚT,Chai,0,4,0,4
,DUNG DỊCH VỆ SINH MÁY,Chai,0,2,0,2
,EPHEDRINE AGUETTANT,Bơm Tiêm,0,1,0,1
,ESMERON,Lọ,0,1,0,1
,"GẠC PHẪU THUẬT Ổ BỤNG CÓ CẢN QUANG 30X40CMX6 LỚP, VÔ TRÙNG- 0471PA",Gói,0,3,0,3
,GẠC TẨM CỒN 5X6CM - 4 LỚP/MEDIPRO,Miếng,0,14,0,14
,"GẠC Y TẾ 10X10CM 12 LỚP, VÔ TRÙNG- 707PA",Gói,0,4,0,4
,GẠC Y TẾ CÓ CẢN QUANG 10X10CMX8 LỚP- 0124PA,Gói,0,3,0,3
,GĂNG TAY KHÔNG BỘT TIỆT TRÙNG TỪNG ĐÔI SỐ 6.5 ( GREAT GLOVE),Đôi,0,8,0,8
,GĂNG TAY KHÔNG BỘT TIỆT TRÙNG TỪNG ĐÔI SỐ 7.5 ( GREAT GLOVE),Đôi,0,2,0,2
,GĂNG TAY KHÔNG BỘT TIỆT TRÙNG TỪNG ĐÔI SỐ 7 ( GREAT GLOVE),Đôi,0,2,0,2
,GĂNG TAY LATEX KHÔNG BỘT SIZE M-VGLOVE,Đôi,0,15,0,15
,GĂNG TAY LATEX KHÔNG BỘT SIZE S-VGLOVE,Đôi,0,16,0,16
,GHẾ XOAY,Cái,0,1,0,1
,GIA VỊ KHO CÁ 50G,Gói,0,8400,0,8400
,GIA VỊ KHO CÁ GÓI 50G,Gói,0,23400,0,23400
,GIA VỊ KHO THỊT 50G,Gói,0,11401,0,11401
,GIA VỊ KHO THỊT GÓI 50G,Gói,0,24613,0,24613
,GIA VỊ TỰ CHỌN,Phần,0,3,0,3
,GIẤY A4,Ram,0,51,0,51
,GIẤY A5,Ram,0,240,0,240
,GIẤY NOTE,Tập,0,1,0,1
,GIƯỜNG NGOẠI KHOA LOẠI 3 HẠNG III - KHOA PHỤ - SẢN [PHÒNG ĐÔI],Ngày,0,3,0,3
,GIƯỜNG NỘI KHOA LOẠI 2 HẠNG III - KHOA PHỤ - SẢN [PHÒNG ĐÔI],Ngày,0,1,0,1
,GỎI CÁ HỒI NGÓ SEN,Phần,0,1,0,1
,GOLISTIN-ENEMA,Lọ,0,1,0,1
,HÁ CẢO 300GR/GÓI,Gói,0,53,0,53
,HÁ CẢO HAI MÙA 300GR/GÓI,Gói,0,28,0,28
,HÁ CẢO TÔM GÓI 300G,Kg,0,0.6,0,0.6
,(HÀNG KHUYẾN MẠI KHÔNG THU TIỀN),,0,2,0,2
,HÀNG ONPACK CHÉN,,0,96,0,96
,HÀNG ONPAVK CHÉN,,0,1,0,1
,HÀNG TẾT -,,0,1,0,1
,HẠT NÊM CHUẨN VỊ THỊT GÓI 200G,Gói,0,636,0,636
,HBSAG MIỄN DỊCH TỰ ĐỘNG,Lần,0,1,0,1
,HCV AB MIỄN DỊCH TỰ ĐỘNG,Lần,0,1,0,1
,HEO 2 LÁT 160G,Hộp,0,336,0,336
,HEO 2 LÁT 3.B.MAI 150G,Hộp,0,72302,0,72302
,HEO 2 LÁT_HỘP 150G,Hộp,0,11052,0,11052
,HEO HẦM 397G,Hộp,0,6960,0,6960
,HEO HẦM 3.B.MAI 150G,Hộp,0,576,0,576
,HEO HẦM_HỘP 150G,Hộp,0,53830,0,53830
,HEO MỌI NƯỚNG DA GIÒN,Phần,0,2,0,2
,HIV AG/AB MIỄN DỊCH TỰ ĐỘNG,Lần,0,1,0,1
,HOÀNH THÁNH 300GR/GÓI,Gói,0,20,0,20
,HỘP KỸ THUẬT CHỐNG NƯỚC 11X11,Cái,0,4,0,4
,HỘP QUÀ GIA VỊ TẾT 2024,Hộp,0,30,0,30
,HỘP QUÀ NABATI,Thùng,0,52,0,52
,HỘP QUÀ NHƯ Ý,Hộp,0,12,0,12
,HỖ TRỢ 0.5% TRÊN DOANH THU THỰC HIỆN T01/2023 THEO ĐỀ XUẤT NGÀY 27/12/2022,Đồng,0,1,0,1
,HỖ TRỢ 0.5% TRÊN DOANH THU THỰC HIỆN T6/2023 THEO ĐỀ XUẤT NGÀY 12/6/2023,Đồng,0,1,0,1
,HỖ TRỢ 1.5% DOANH THU THỰC HIỆN T9/2023 THEO ĐỀ XUẤT NGÀY 08/9/2023,Đồng,0,1,0,1
,HỦ NHỰA 2 LÍT,Cái,0,2,0,2
,INTRAFIX SAFESET I.S.TUBING LENGHT 180CM/4063005( DÂY TRUYỀN DỊCH),Cái,0,1,0,1
,KỆ ĐỰNG TÀI LIỆU 3 NGĂN,Cái,0,1,0,1
,KEM XỐP PHÔ MAI RICHEESE NABATI CHEESE WAFER 17G,Thùng,0,8986,0,8986
,"KEO DÁN DA DERMABOND THÀNH PHẦN 2-OCTYL CYANOACRYLATE. ỐNG 0,5ML. HỘP 12 ỐNG - AHV12",Ống,0,1,0,1
,KEO LÀM ROĂNG,Tuýp,0,2,0,2
,KHÁC,kWh,0,297,0,297
,KHAI VỊ - FREE,ML,0,2,0,2
,KHÁM TIỀN MÊ,Lần,0,1,0,1
,KHĂN LẠNH,Cái,0,80,0,80
,KHAY 3 TẦNG,Cái,0,1,0,1
,KHÓA 3 NGÃ CÓ DÂY 25CM - GREETMED,Sợi,0,1,0,1
,KHÔNG CÓ TÊN,,6,144,0,150
,KIM BƯỚM LẤY MÁU CHÂN KHÔNG CÓ KHOÁ AN TOÀN WINGSET SLBCS 12LUER 23G X3/4'' X12''/367283 ( BD VACUTAINER),Cái,0,2,0,2
,KIM TIÊM 18GX1.1/2 (KIM PHA VINAHANKOOK),Cái,0,5,0,5
,KÍNH CỬA TÀI,Cái,0,1,0,1
,KINH DOANH SX 1,Khối,0,22,0,22
,KÍNH NỮ DIOR_DPFCS1UQR,Cái,0,1,0,1
,KOMAT SHD 40 - HỘP 4 LÍT,Hộp,0,1,0,1
,LACTATED RINGER'S AND DEXTROSE,Chai,0,1,0,1
,LẠP XƯỞNG MQL GÓI 200G,Kg,0,2370,0,2370
,LẠP XƯỞNG MQL HỘP 500G,Kg,0,80,0,80
,LẠP XƯỞNG TÔM GÓI 200G,Kg,0,50,0,50
,LẠP XƯỞNG TÔM HỘP 500G (ST),Kg,0,30,0,30
,LẨU CÁ THÁC LÁC,Cái,0,1,0,1
,LẨU CHUA HẢI SẢN TT 200G,Chai,0,18696,0,18696
,LẨU CHUA HẢI SẢN TT200G,Chai,0,11868,0,11868
,LẨU NẤM,Phần,0,1,0,1
,LẨU NẤM |LẨU THÁI,Phần,0,1,0,1
,LẨU ( NL),Suất,0,64,0,64
,LẨU THÁI,Phần,0,1,0,1
,LẨU THÁI 280G,Chai,0,57045,0,57045
,LỌC GIÓ ĐỘNG CƠ,Cái,0,1,0,1
,"LỌC KHUẨN 3 CHỨC NĂNG (HMEF): 29GR, LỌC VIRÚT/VI KHUẨN 99,999%, LÀM ẤM VÀ ẨM NHIỆT, CÓ CỔNG ĐO CO2 (MS.4030)/4333/761BSSA",Cái,0,1,0,1
,LỌC NHIÊN LIỆU,Cái,0,3,0,3
,LỌC NHỚT,Cái,0,4,0,4
,LỌC TÁCH NƯỚC NHIÊN LIỆU,Cái,0,1,0,1
,LÕI LỌC NHIÊN LIỆU,CÁI,0,1,0,1
,LỐP 650R16 HANKOOK,Cái,0,2,0,2
,LỐP 750-16/33B/16PR DRC,Cái,0,4,0,4
,LỐP DRC 550-13/53D14PR,chiếc,0,4,0,4
,LOVENOX,Bơm tiêm,0,8,0,8
,"LƯỠI DAO MỔ TIỆT TRÙNG, THÉP CACBON SỐ 10/BB510 ( AESCULAP)",Cái,0,1,0,1
,MẮM CHƯNG VỊT MUỐI_HỘP 150G,Hộp,0,144,0,144
,MÂM ÉP LY HỢP,Cái,0,1,0,1
,MẶT NẠ OXY CÓ TÚI SIZE M,Cái,0,1,0,1
,"MẪU MỔ LỚN ( DẠ DÀY, RUỘT, TỬ CUNG, U XƠ, U NANG, GAN, THẬN, PHỔI.. VÀ CÁC CƠ QUAN KHÁC… (XÉT NGHIỆM VÀ CHẨN ĐOÁN MÔ BỆNH HỌC BẰNG PHƯƠNG PHÁP NHUỘM HEMTOXYLIN EOSIN",Lần,0,1,0,1
,MÁY CHẤM CÔNG BẰNG DẤU VÂN TAY DG600BID,Cái,0,1,0,1
,MÌ SÚP PHÔ MAI CAY CẤP ĐỘ 0 - NABATI CHEESE RAMEN NOODLES LEVEL 0 65G,Thùng,0,72,0,72
,MÌ SÚP PHÔ MAI CAY CẤP ĐỘ 1 - NABATI SPICY CHEESE RAMEN NOODLES LEVEL 1 67G,Thùng,0,72,0,72
,MÌ TRỘN PHÔ MAI CAY CẤP ĐỘ 0 - NABATI CHEESE FRIED NOODLES LEVEL 0 74G,Thùng,0,77,0,77
,MÌ TRỘN PHÔ MAI CAY CẤP ĐỘ 0 - NABATI CHEESE FRIED NOODLES LEVEL 0 74G (HÀNG KHUYẾN MẠI KHÔNG THU TIỀN),Thùng,0,4,0,4
,MÌ TRỘN PHÔ MAI CAY CẤP ĐỘ 1 - NABATI SPICY CHEESE FRIED NOODLES LEVEL 1 75G,Thùng,0,72,0,72
,MÚA MÌ,Phần,0,1,0,1
,NẤM HƯƠNG,Phần,0,1,0,1
,NẤM LINH CHI TRẮNG,Phần,0,1,0,1
,NATRI CLORID (DN 3/2),Chai,0,3,0,3
,NATRI CLORID KABI,Chai,0,2,0,2
,NATRI CLORID TWINPORT,Chai,0,2,0,2
,NBT BÁNH KEM SOCOLA RICHOCO PASTA CHOCOLATE 8G,Thùng,0,0,5,-5
,NBT BÁNH KEM XỐP PHÔ MAI - RICHEESE NABATI CHEESE CREAM WAFER 6,Thùng,0,0,110,-110
,NBT BÁNH KEM XỐP SỮA CHUA HƯƠNG PHÚC BỒN TỬ 130G,Thùng,0,0,1049,-1049
,NBT BÁNH KEM XỐP SỮA CHUA HƯƠNG PHÚC BỒN TỬ - NABATI RICHBERRY 1,Thùng,0,0,75,-75
,NBT BÁNH KXPM RICHEESE NABATI BITES CHEESE CREAM WAFER 300GR,Thùng,0,0,257,-257
,NBT BÁNH KXPM RICHEESE NABATI CHEESE CREAM WAFER 110G,Thùng,0,0,19799,-19799
,NBT BÁNH KXPM RICHEESE NABATI CHEESE CREAM WAFER 110G TẾT,Thùng,0,0,4035,-4035
,NBT BÁNH KXPM RICHEESE NABATI CHEESE WAFER 120G,Thùng,0,0,3776,-3776
,NBT BÁNH KXPM RICHEESE NABATI CHEESE WAFER 15G,Thùng,0,0,4350,-4350
,NBT BÁNH KXPM RICHEESE NABATI CHEESE WAFER 15G TẾT,Thùng,0,0,1500,-1500
,NBT BÁNH KXPM RICHEESE NABATI CHEESE WAFER 16G,Thùng,0,0,650,-650
,NBT BÁNH KXPM RICHEESE NABATI CHEESE WAFER 17G,Thùng,0,0,13374,-13374
,NBT BÁNH KXPM RICHEESE NABATI CHEESE WAFER 50G,Thùng,0,0,1732,-1732
,NBT BÁNH KXPM RICHEESE NABATI CHEESE WAFER 7.5G,Thùng,0,0,2955,-2955
,NBT BÁNH KXPM RICHOCO NABATI CHOCOLATE WAFER 17G,Thùng,0,0,10098,-10098
,NBT BÁNH KX RICHOCO NABATI CHOCOLATE CREAM WAFER 110G,Thùng,0,0,16453,-16453
,NBT BÁNH NABATI GAITO CHEESE SANDWICH 32G,Thùng,0,0,151,-151
,NBT BÁNH NABATI KEM XỐP SỮA CHUA HƯƠNG PHÚC BỒN TỬ 20G,Thùng,0,0,20,-20
,NBT BÁNH NABATI SANDWICH GREEN TEA GREAM WAFER 40G,Thùng,0,0,70,-70
,NBT BÁNH NBT GAITO CAT TONGUE SANDWICH RICHOCO 260G,Thùng,0,0,87,-87
,NBT BÁNH QUẾ NHÂN KEM- COOKIES & CREAM LONG STIK 130G,Thùng,0,0,440,-440
,NBT BÁNH QUẾ NHÂN KEM - NABATI COOKIES AND CREAM LONG STICK 105,Thùng,0,0,25,-25
,NBT BÁNH QUẾ NHÂN PHÔ MAI - NABATI RICHEESE LONG STICK 105G,Thùng,0,0,148,-148
,NBT BÁNH QUẾ NHÂN SÔ CÔ LA - NABATI RICHOCO LONG STICK 105G,Thùng,0,0,45,-45
,NBT BÁNH QUẾ SÔ CO LA- NABATI RICHOCO BÁNH QUẾ 130G,Thùng,0,0,265,-265
,NBT BÁNH QUY GIÒN PM- CHEESE CRACKERS 10G(24PCSX10G),Thùng,0,0,214,-214
,NBT BÁNH QUY GIÒN SCL- CHOCOLATE CRACKERS 10G(24PCSX10G),Thùng,0,0,190,-190
,NBT BÁNH QUY NHÂN KEM HƯƠNG VANI - NABATI COOKIES & CREAM - SA,Thùng,0,0,20,-20
,NBT BÁNH QUY NHÂN KEM SÔ CO LA- NABATI RICHOCO COOKIES 112G.,Thùng,0,0,240,-240
,NBT BÁNH QUY NHÂN PHÔ MAI - NABATI RICHEESE COOKIES 112G,Thùng,0,0,69,-69
,NBT BÁNH RICHEESE AHH TRIPLE CHEESE 15G,Thùng,0,0,1376,-1376
,NBT BÁNH SNACK PHỦ PHÔ MAI - NABATI RICHEESE AHH CHEESE CREAM CO,Thùng,0,0,56,-56
,NBT BÁNH SNACK PHỦ PHÔ MAI - NABATI RICHEESE AHH CHEESE CREAM COATED SNACK 9G,Thùng,0,0,170,-170
,NBT BÁNH SNACK VỊ BẮP RANG- NABATI SIIP BITE- ROASTED CORN FLAVOUR SNACK 40G,Thùng,0,0,200,-200
,NBT BÁNH SNACK VỊ PHÔ MAI-NABATI RICHEESE SIIP BITE- CHEESE FLAVOUR SNACK 40G,Thùng,0,0,140,-140
,NBT BÁNH SNACK VỊ SÔ CÔ LA -NABATI RICHOCO SIIP BITE- CHOCOLATE FLAVO,Thùng,0,0,5,-5
,NBT BÁNH SNACK VỊ SÔ CÔ LA -NABATI RICHOCO SIIP BITE- CHOCOLATE FLAVOUR SNACK 40G,Thùng,0,0,10,-10
,NBT BÁNH SÔCÔLA (DẠNG XỐP) - RICHOCO NABATI CHOCOLATE CREAM WAFER,Thùng,0,0,27,-27
,NBT BÁNH SOCOLA RICHOCO NABATI CHOCOLATE WAFER 120G,Thùng,0,0,2420,-2420
,NBT BÁNH SOCOLA RICHOCO NABATI CHOCOLATE WAFER 15G,Thùng,0,0,1475,-1475
,NBT BÁNH SOCOLA RICHOCO NABATI CHOCOLATE WAFER 16G,Thùng,0,0,354,-354
,NBT BÁNH SOCOLA RICHOCO NABATI CHOCOLATE WAFER 50G,Thùng,0,0,1124,-1124
,NBT BÁNH XỐP NHÂN KEM- NABATI COOKIES & CREAM WAFER 50G.,Thùng,0,0,135,-135
,NBT BÁNH XỐP PHỦ SOCOLA DỪA - NABATI COCONUT CHOCOLATE WAFER 14G,Thùng,0,0,29,-29
,NBT BÁNH XỐP PHỦ SÔ CÔ LA - NABATI RICHOCO COATED WAFER - CHOCOLATE COATED WAFER 14G,Thùng,0,0,13,-13
,NBT (KM) BÁNH KEM XỐP SỮA CHUA HƯƠNG PHÚC BỒN TỬ 16G (KM),Thùng,0,0,3,-3
,NBT (KM) BÁNH KXPM RICHEESE NABATI CHEESE CREAM WAFER 110G (KM,Thùng,0,0,31,-31
,NBT (KM) BÁNH KXPM RICHEESE NABATI CHEESE CREAM WAFER 110G (KM),Thùng,0,0,2455,-2455
,NBT (KM) BÁNH KXPM RICHEESE NABATI CHEESE CREAM WAFER 110G (KM).,Thùng,0,0,1,-1
,NBT (KM) BÁNH KXPM RICHEESE NABATI CHEESE WAFER 17G (KM),Thùng,0,0,792,-792
,NBT(KM) BÁNH KXPM RICHEESE NABATI CHEESE WAFER 50G,Thùng,0,0,1124,-1124
,NBT (KM) BÁNH QUẾ NHÂN PHÔ MAI - NABATI RICHEESE LONG STICK 105G,Thùng,0,0,53,-53
,NBT(KM) BÁNH QUY GIÒN PM- CHEESE CRACKERS 10G(24PCSX10G)KM,Thùng,0,0,18,-18
,NBT KM BÁNH QUY NHÂN KEM HƯƠNG VANI-NABATI COOKIES & CREAM 112,Thùng,0,0,14,-14
,NBT KM BÁNH QUY NHÂN KEM HƯƠNG VANI-NABATI COOKIES & CREAM 112G,Thùng,0,0,22,-22
,NBT KM BÁNH QUY NHÂN PHÔ MAI - NABATI RICHEESE COOKIES 112G,Thùng,0,0,19,-19
,NBT (KM) BÁNH RICHEESE NBT CHEESE CREAM WAFER 110G,Thùng,0,0,200,-200
,NBT (KM) BÁNH RICHEESE NBT HƯƠNG PHÚC BỒN TỬ 110G (KM),Thùng,0,0,44,-44
,NBT(KM) BÁNH SCL- NABATI RICHOCO BÁNH QUẾ 130G (KM),Thùng,0,0,43,-43
,NBT KM BÁNH SNACK VỊ BẮP RANG - NABATI SIIP BITE - ROASTED CORN FLAVOUR SNACK 40G,Thùng,0,0,36,-36
,NBT KM BÁNH SNACK VỊ PHÔ MAI-NABATI RICHEESE SIIP BITE- CHEESE FLAVOUR SNACK 40G,Thùng,0,0,10,-10
,NBT KM BÁNH XỐP NHÂN KEM- NABATI COOKIES AND CREAM WAFER 50G,Thùng,0,0,7,-7
,NBT (KM) BÁNH XỐP PHỦ SOCOLA DỪA - NABATI COCONUT CHOCOLATE WAFE,Thùng,0,0,18,-18
,NBT (KM) BÁNH XỐP PHỦ SOCOLA DỪA - NABATI COCONUT CHOCOLATE WAFER 14G (KM),Thùng,0,0,2,-2
,NBT (KM) BÁNH XỐP PHỦ SÔ CÔ LA - NABATI RICHOCO COATED WAFER - CHOCOLATE COATED WAFER 14G,Thùng,0,0,2,-2
,NBT KM CHIẾT KHẤU TÍCH LŨY 4% IPT VÀ SO THEO DOANH SỐ,,0,0,1103,-1103
,NBT NGŨ CỐC SCL - SIMBA CEREAL WITH CHOCOLATE FLAVOR 30G,Thùng,0,0,30,-30
,NBT PM RICHEESE NABATI CHEESE BLACK WAFER 50G,Thùng,0,0,95,-95
,NGŨ CỐC 2 TRONG 1 - SIMBA SEREAL 2 IN 1 24GR,Thùng,0,0,43,-43
,NGŨ CỐC SÔ CÔ LA - SIMBA CEREAL WITH CHOCOLATE FLAVOR (CHOCO CHIPS) 30GR,Thùng,0,5,14,-9
,NHỚT MÁY,Lít,0,10,0,10
,NHỚT MÁY DẦU CAO CẤP CALTEX CX DELO 400 SLK SAE 15W40 API CK (BAO BÌ PHUY 208 LÍT),LÍT,0,22.1,0,22.1
,NỒI CHƯNG ĐIỆN CÁCH THỦY,Cái,0,1,0,1
,NƯỚC KHOÁNG,Chai,0,6,0,6
,NƯỚC KHOÁNG AQUAFINA,Chai,0,26,0,26
,NƯỚC MẮM CAO ĐẠM 150ML,Chai,0,314,0,314
,NƯỚC MẮM CAO ĐẠM 500ML,Chai,0,960,0,960
,NƯỚC MẮM CAO ĐẠM 500M (XUÂN),Hộp,0,156,0,156
,NƯỚC MẮM CAO ĐẠM 750ML (XUÂN),Hộp,0,84,0,84
,NƯỚC MẮM CHAY TT 245ML,Chai,0,4560,0,4560
,NƯỚC MẮM CHOLIMEX 30 ĐỘ ĐẠM 500ML,Chai,0,240,0,240
,NƯỚC MẮM CHOLIMEX 30 ĐỘ ĐẠM 750ML,Chai,0,120,0,120
,NƯỚC MẮM CHOLIMEX 40 ĐỘ ĐẠM 500ML,Chai,0,240,0,240
,NƯỚC MẮM CHOLIMEX 40 ĐỘ ĐẠM 750ML,Chai,0,120,0,120
,"NƯỚC MẮM HƯƠNG VIỆT 4,9 LÍT",Bình,0,15,0,15
,NƯỚC MẮM HƯƠNG VIỆT 500ML,Chai,0,4402,0,4402
,NƯỚC MẮM HƯƠNG VIỆT PET 500ML,Chai,0,11165,0,11165
,NƯỚC MẮM HƯƠNG VIỆT PET 750ML,Chai,0,21120,0,21120
,NƯỚC SUỐI,Chai,0,2,0,2
,NƯỚC TƯƠNG ĐẬU NÀNH PET 150ML,Chai,0,1248,0,1248
,NƯỚC TƯƠNG ĐẬU NÀNH PET 300ML,Chai,0,20436,0,20436
,NƯỚC TƯƠNG ĐẬU NÀNH PET 700ML,Chai,0,5092,0,5092
,NƯỚC TƯƠNG HẢO VỊ 500ML,Chai,0,1920,0,1920
,NƯỚC TƯƠNG HẢO VỊ GÓI 7ML,Gói,0,17600,0,17600
,NƯỚC TƯƠNG HẢO VỊ PET 500ML,Chai,0,19680,0,19680
,"NƯỚC TƯƠNG HƯƠNG VIỆT 4,9 LÍT",Bình,0,486,0,486
,NƯỚC TƯƠNG THANH VỊ 500ML,Chai,0,177597,0,177597
,NƯỚC YẾN SANEST HỘP 6 LỌ K X 70ML,Hộp,0,2435,0,2435
,NƯỚC YẾN SANEST HỘP 6 LỌ NHÂN SÂM X 70ML,Hộp,0,593,0,593
,NƯỚC YẾN SANEST HỘP 6 LON K X 190ML,Hộp,0,1885,0,1885
,NƯỚC YẾN SANEST HỘP 6 LON T X 190ML,Hộp,0,77610,0,77610
,NƯỚC YẾN SANEST HỘP 6 LON T X 190ML (QT),Hộp,0,7840,0,7840
,NƯỚC YẾN SANEST HỘP 6 LỌ T X 70ML,Hộp,0,45584,0,45584
,NƯỚC YẾN SANEST LỌ K X 70ML,Lọ,0,51534,0,51534
,NƯỚC YẾN SANEST LỌ NHÂN SÂM X 70ML,Lọ,0,6636,0,6636
,NƯỚC YẾN SANEST LON K X 190ML,Lon,0,44040,0,44040
,NƯỚC YẾN SANEST LON T X 190ML,Lon,0,1891412,0,1891412
,NƯỚC YẾN SANEST LON T X 190ML (HỖ TRỢ 1% SẢN PHẨM NƯỚC YẾN T3/2023),Lon,0,3239,0,3239
,NƯỚC YẾN SANEST LỌ T X 70ML,Lọ,0,310023,0,310023
,NƯỚC YẾN SANEST LỌ T X 70ML (TT NƯỚC YẾN Q1/2023),Lọ,0,6314,0,6314
,NƯỚC YẾN SANEST LỌ T X 70ML (TT NƯỚC YẾN Q2/2023),Lọ,0,4986,0,4986
,NƯỚC YẾN SANEST LỌ T X 70ML (TT NƯỚC YẾN Q3/2023),Lọ,0,4095,0,4095
,NƯỚC YẾN SANEST LỌ T X 70ML (TT SINH NHẬT T8/2023),Lọ,0,976,0,976
,NƯỚC YẾN SANEST THÙNG 30 LON K X 190ML,Thùng,0,350,0,350
,NƯỚC YẾN SANEST THÙNG 30 LON T X 190ML,Thùng,0,17100,0,17100
,NƯỚC YẾN SÀO SANEST TRẺ EM,Lọ,0,177270,0,177270
,NƯỚC YẾN SÀO SANEST TRẺ EM HỘP 6 LỌ,Hộp,0,985,0,985
,NƯỚC YẾN SÀO SANEST TRẺ EM LON X 190ML,Lon,0,3630,0,3630
,NÚT CHẶN KIM LUỒN/GREETMED,Cái,0,2,0,2
,Ổ CỨNG LẮP TRONG WESTERN 2000GB,Cái,0,1,0,1
,ONDANSETRON KABI,Ống,0,1,0,1
,ỐNG GIỮ KIM LẤY MÁU (NEEDLE HOLDER),Cái,0,2,0,2
,ỐNG HÚT DỊCH ĐẦU TRÒN/22FR/8888502005,Cái,0,1,0,1
,ỐNG HÚT ĐỜM NHỚT CÓ KIỂM SOÁT SỐ 14 FR (REF STC1420),Cái,0,1,0,1
,ỐNG NỘI KHÍ QUẢN CÓ BÓNG CHÈN 7.0 (REF 9570E),Cái,0,1,0,1
,"ỐNG THÔNG TIỂU 2 NHÁNH CÓ BÓNG SỐ 14, 30CC (REF 26147)",Cái,0,1,0,1
,ỚT KHÔ SATE HỦ THỦY TINH 100G,Chai,0,684,0,684
,ỚT SATE HŨ TT 150G,Hũ,0,2736,0,2736
,ỚT SATE HỦ TT 150G,Hũ,0,1332,0,1332
,PARACOL 10MG/ML 100ML,Chai,0,1,0,1
,PA TÊ GAN HEO_HỘP 170G,Hộp,0,10908,0,10908
,PA TÊ THỊT HEO 170G,Hộp,0,5686,0,5686
,PA TÊ THỊT HEO 397G,Hộp,0,288,0,288
,PHẦN MỀM KẾ TOÁN ASIA,Bản,0,1,0,1
,PHẪU THUẬT MỞ BỤNG BÓC U XƠ TỬ CUNG,Lần,0,1,0,1
,PHÍ BẢO HIỂM CỦA HỢP ĐỒNG 035OTBB+230000423,,0,2,0,2
,PHÍ BẢO HIỂM CỦA HỢP ĐỒNG 035OTBB+230000424,,0,2,0,2
,PHÍ BẢO HIỂM CỦA HỢP ĐỒNG 035OTBB+230000452,,0,2,0,2
,PHÍ BẢO HIỂM SỨC KHỎE 033.KD02.HD.CN.23.332139,,0,1,0,1
,PHÍ DỊCH VỤ ĐĂNG KÝ/THAY ĐỔI E-TAG CHO BIỂN SỐ XE 81A11982TL THỜI GIAN GD 09:46:38 NGÀY 04/10/2023 MÃ GD 9998022,Lượt,0,1,0,1
,PHÍ DỊCH VỤ ĐĂNG KÝ/THAY ĐỔI E-TAG CHO BIỂN SỐ XE 81C01245T THỜI GIAN GD 09:51:40 NGÀY 04/10/2023 MÃ GD 9998069,Lượt,0,1,0,1
,PHÍ DỊCH VỤ ĐĂNG KÝ/THAY ĐỔI E-TAG CHO BIỂN SỐ XE 81C18927TL THỜI GIAN GD 09:41:43 NGÀY 04/10/2023 MÃ GD 9997983,Lượt,0,1,0,1
,PHÍ DỊCH VỤ NGÂN HÀNG,,0,190,0,190
,PHÍ ĐỊNH GIÁ TÀI SẢN TB 760 NGÀY 18/01/2023,,0,1,0,1
,"PHÍ DUY TRÌ THIẾT BỊ TMS 12 THÁNG XE 81C18927, 81M2345",xe,0,2,0,2
,PHÍ DUY TRÌ THIẾT BỊ TMS 12 THÁNG XE 81C20280,xe,0,1,0,1
,PHÍ GIAO NHẬN HÀNG HÓA THÁNG 02/2023,,0,0,1,-1
,PHÍ GIAO NHẬN HÀNG HÓA THÁNG 03/2023,,0,0,1,-1
,PHÍ GIAO NHẬN HÀNG HÓA THÁNG 04/2023,,0,0,1,-1
,PHÍ GIAO NHẬN HÀNG HÓA THÁNG 05/2023,,0,0,1,-1
,PHÍ GIAO NHẬN HÀNG HÓA THÁNG 06/2023,,0,0,1,-1
,PHÍ GIAO NHẬN HÀNG HÓA THÁNG 07/2023,,0,0,1,-1
,PHÍ GIAO NHẬN HÀNG HÓA THÁNG 08/2023,,0,0,1,-1
,PHÍ GIAO NHẬN HÀNG HÓA THÁNG 09/2023,,0,0,1,-1
,PHÍ GIAO NHẬN HÀNG HÓA THÁNG 10/2023,,0,0,2,-2
,PHÍ GIAO NHẬN HÀNG HÓA THÁNG 11/2023,,0,0,2,-2
,PHÍ KIỂM ĐỊNH XE Ô TÔ CON DƯỚI 09 CHỖ (81M-2345),Xe,0,1,0,1
,PHÍ KIỂM ĐỊNH XE Ô TÔ TẢI CÓ TRỌNG TẢI TRÊN 2T ĐẾN 7T,Xe,0,1,0,1
,PHÍ KIỂM ĐỊNH XE Ô TÔ TẢI CÓ TRỌNG TẢI TRÊN 2T ĐẾN 7T (81C-189.27),Xe,0,1,0,1
,PHÍ KIỂM ĐỊNH XE TẢI CÓ TRỌNG TẢI ĐẾN 2T (81C-012.45),Xe,0,1,0,1
,PHÍ KIỂM ĐỊNH XE TẢI CÓ TRỌNG TẢI ĐẾN 2T(81C-012.45),Xe,0,1,0,1
,PHÍ KIỂM ĐỊNH XE TẢI CÓ TRỌNG TẢI ĐẾN 2T (81C-048.00),Xe,0,1,0,1
,PHÍ KIỂM ĐỊNH XE TẢI CÓ TRỌNG TẢI ĐẾN 2T(81C-04800),Xe,0,1,0,1
,"PHI T01/2023-040017647557-ALERT,QLTK",,0,1,0,1
,"PHI T02/2023-040017647557-ALERT,QLTK",,0,1,0,1
,"PHI T03/2023-040017647557-ALERT,QLTK",,0,1,0,1
,"PHI T04/2023-040017647557-ALERT,QLTK",,0,1,0,1
,"PHI T05/2023-040017647557-ALERT,QLTK",,0,1,0,1
,"PHI T06/2023-040017647557-ALERT,QLTK",,0,1,0,1
,"PHI T07/2023-040017647557-ALERT,QLTK",,0,1,0,1
,"PHI T08/2023-040017647557-ALERT,QLTK",,0,1,0,1
,"PHI T09/2023-040017647557-ALERT(12),QLTK",,0,1,0,1
,"PHI T10/2023-040017647557-ALERT(2),QLTK",,0,1,0,1
,"PHI T11/2023-040017647557-ALERT(8),QLTK",,0,1,0,1
,"PHI T12/2023-040017647557-ALERT(6),QLTK",,0,1,0,1
,PHI THUE BAO 07/2023,,0,4,0,4
,PHI THUE BAO 08/2023-01/2024(KM1T100.000),,0,2,0,2
,PHI THUE BAO 08/2023-01/2024(KM1T15.000),,0,2,0,2
,PHÔ MAI CBC 16M 224GX32 TOTEM 3.0 VN,CT,0,1088,0,1088
,PHÔ MAI CBC 8M 112GX36 TOTEM 3.0 VN,CT,0,2115,0,2115
,PHÔ MAI CBC 8M 112GX36 TOTEM 3.0 VN::HÀNG KHUYẾN MÃI KHÔNG THU TIỀN,CT,0,132,0,132
,PLC CATER 15W40 - CI4 - THÙNG 18 LÍT,Thùng,0,2,0,2
,PLC CATER 15W40 - CI4 - THÙNG 25 LÍT,Thùng,0,4,0,4
,PLC CATER PLUS 20W/ 50 - PHUY 209 LÍT,Lít,0,12,0,12
,PLC CATER PLUS 20W/ 50 - THÙNG 25 LÍT,Thùng,0,1,0,1
,PM CON BO CUOI 16M 224GX32 TET24 VN,CT,0,224,0,224
,PM CON BÒ CƯỜI 16M 224X32 DISNEY23BTS VN,CT,0,156,0,156
,PM CON BÒ CƯỜI 24M 336GX24 HRC6 VN,CT,0,5,0,5
,PM CON BÒ CƯỜI 8M 112GX36 DISNEY23BTS VN,CT,0,402,0,402
,PM CON BÒ CƯỜI 8M 112GX36 DISNEY23BTS VN::HÀNG KHUYẾN MÃI KHÔNG THU TIỀN,CT,0,29,0,29
,PM CON BO CUOI 8M 112GX36 TET24 VN,CT,0,319,0,319
,PM CON BO CUOI 8M 112GX36 TET24 VN::HÀNG KHUYẾN MÃI KHÔNG THU TIỀN,CT,0,11,0,11
,PM CON BÒ CƯỜI VEG6 24M 336GX24 VN,CT,0,74,0,74
,PM LÁT CON BÒ CƯỜI BURGER 200GX32,CT,0,9,0,9
,PM LÁT CON BÒ CƯỜI BURGER 200GX32::HÀNG KHUYẾN MÃI KHÔNG THU TIỀN,CT,0,1,0,1
,PM VUÔNG BELCUBE COUNTRY 15C 78GX30,CT,0,6,0,6
,PM VUÔNG BELCUBE HƯƠNG VANI 15CX78G VN,CT,0,57,0,57
,PM VUÔNG BELCUBE NGỌT VỊ DÂU 78G X 15C,CT,0,511,0,511
,PM VUÔNG BELCUBE NGỌT VỊ DÂU 78G X 15C::HÀNG KHUYẾN MÃI KHÔNG THU TIỀN,CT,0,1,0,1
,PM VUÔNG BELCUBE NGỌT VỊ SOCOLA 78GX15C,CT,0,294,0,294
,PM VUÔNG BELCUBE VỊ DÂU 26GX30 VN::HÀNG KHUYẾN MÃI KHÔNG THU TIỀN,CT,0,50,0,50
,PM VUÔNG BELCUBE VỊ SỮA 15C 78GX15,CT,0,1578,0,1578
,PM VUÔNG BELCUBE VỊ SỮA 15C 78GX15 DIS,CT,0,162,0,162
,PM VUÔNG BELCUBE VỊ SỮA 15C 78GX15 DIS::HÀNG KHUYẾN MÃI KHÔNG THU TIỀN,CT,0,9,0,9
,PM VUÔNG BELCUBE VỊ SỮA 15C 78GX15::HÀNG KHUYẾN MÃI KHÔNG THU TIỀN,CT,0,103,0,103
,PM VUÔNG BELCUBE VỊ SỮA 24C 125GX15,CT,0,342,0,342
,PM VUÔNG BELCUBE VỊ SỮA 24C 125GX15 DIS,CT,0,66,0,66
,POVIDINE,Chai,0,0.4,0,0.4
,PROPOFOL LIPURO,Ống,0,1,0,1
,PYMEFERON B9,Viên,0,8,0,8
,QUAN DAI,Cái/PCS,0,3,0,3
,QUẦN KHAKI AN PHƯỚC(QKKAP),Cái,0,1,0,1
,QUẦN KHAKI NAM PIERRE(QKKPIE),Cái,0,1,0,1
,QUẦN TÂY NAM AN PHƯỚC(QTAP),Cái,0,1,0,1
,RAU THÊM,Phần,0,1,0,1
,SALAD CÁ HỒI,Phần,0,1,0,1
,SĂM 7.00R16/7.00-16,Cái,0,1,0,1
,SĂM 7.50-16/TR75A DRC,Cái,0,2,0,2
,SĂM DRC 550R13/550-13/600-13,chiếc,0,4,0,4
,SANNA ĐÓNG CHAI 1500 ML,Thùng,0,20,0,20
,SANNA ĐÓNG CHAI 330 ML,Thùng,0,2094,0,2094
,SANNA ĐÓNG CHAI 330 ML (TT NƯỚC SANNA Q1/2023),Chai,0,1557,0,1557
,SANNA ĐÓNG CHAI 500 ML,Thùng,0,2696,0,2696
,SANNA ĐÓNG CHAI 500 ML (TT NƯỚC SANNA Q2/2023),Chai,0,806,0,806
,SANNA ĐÓNG CHAI 500 ML (TT NƯỚC SANNA Q3/2023),Chai,0,782,0,782
,SATẾ CHAY PET 90 G,Hũ,0,9648,0,9648
,SATẾ CHAY PET 90 GR,Hũ,0,5040,0,5040
,SA TẾ NƯỚNG NGŨ VỊ PET 100G,Chai,0,6030,0,6030
,SATE TÔM 450G,Hũ,0,102468,0,102468
,SATẾ TÔM HŨ NHỰA 100 G,Chai,0,112269,0,112269
,SATE TÔM PET 90G,Hũ,0,320194,0,320194
,SEVORANE,Lọ,0,0.2,0,0.2
,"SIÊU ÂM Ổ BỤNG (GAN MẬT, TỤY, LÁCH, THẬN, BÀNG QUANG)",Lần,0,1,0,1
,SINGCLEAN 2.5ML,Hộp,0,1,0,1
,SN CHIẾT KHẤU 0.5% TRÊN DOANH THU THỰC HIỆN T1/2023 SHD 0000032,Tiền,0,0,800000,-800000
,SN CHIẾT KHẤU 0.5% TRÊN DOANH THU THỰC HIỆN T1/2023 SHĐ 00000324 NGÀY 23/02/2023,,0,0,34,-34
,SN CHIẾT KHẤU 0.5% TRÊN DOANH THU THỰC HIỆN T1/2023 SHĐ 0000032 NGÀY 23/02/2023,,0,0,1,-1
,SN HỖ TRỢ 0.5% TRÊN DOANH THU THỰC HIỆN T6/2023 SHĐ 00001357 NGÀY 29/07/2023,,0,0,21,-21
,SN (KM) NƯỚC SANNA 330ML (KM),Chai,0,0,1060,-1060
,SN (KM) NƯỚC SANNA 500ML (KM),Chai,0,0,4810,-4810
,SN (KM) NƯỚC YẾN SANEST HỘP 6 LON K (KM),Hộp,0,0,35,-35
,SN (KM) NƯỚC YẾN SANEST HỘP 6 LON T (KM),Hộp,0,0,3134,-3134
,SN (KM) NƯỚC YẾN SANEST LỌ K (KM),Lọ,0,0,504,-504
,SN (KM) NƯỚC YẾN SANNEST HỘP 6 LỌ K (KM),Hộp,0,0,25,-25
,SN (KM) NƯỚC YẾN SANNEST HỘP 6 LỌ NHÂN SÂM (KM),Hộp,0,0,8,-8
,SN (KM) NƯỚC YẾN SANNEST HỘP 6 LON T X 190ML (QT) (KM),Hộp,0,0,240,-240
,SN (KM) NƯỚC YẾN SANNEST HỘP 6 LỌ T (KM),Hộp,0,0,304,-304
,SN (KM) NƯỚC YẾN SANNEST LỌ NHÂN SÂM,Lọ,0,0,116,-116
,SN (KM) NƯỚC YẾN SANNEST LON K,Lon,0,0,540,-540
,SN (KM) NƯỚC YẾN SANNEST LON T (KM),Lon,0,0,15855,-15855
,SN (KM) NƯỚC YẾN SANNEST LỌ T (KM),Lọ,0,0,14777,-14777
,SN KM NƯỚC YẾN SÀO SANEST TRẺ EM HỘP 6 LỌ,Hộp,0,0,35,-35
,SN KM NƯỚC YẾN SÀO SANEST TRẺ EM LON X190ML,Lon,0,0,30,-30
,SN (KM) NƯỚC YẾN SÀO SANNEST TRẺ EM LỌ (KM),Lọ,0,0,2273,-2273
,SN LON 190ML SANVINEST THƯỜNG,Lon,0,0,4500,-4500
,SN NƯỚC SANNA 1500ML,Thùng,0,0,200,-200
,SN NƯỚC SANNA 330ML,Thùng,0,0,1594,-1594
,SN NƯỚC SANNA 500ML,Thùng,0,0,3787,-3787
,SN NƯỚC YẾN SANNEST HỘP 6 LỌ K,Hộp,0,0,1605,-1605
,SN NƯỚC YẾN SANNEST HỘP 6 LỌ NHÂN SÂM,Hộp,0,0,446,-446
,SN NƯỚC YẾN SANNEST HỘP 6 LON K,Hộp,0,0,1505,-1505
,SN NƯỚC YẾN SANNEST HỘP 6 LON T,Hộp,0,0,78725,-78725
,SN NƯỚC YẾN SANNEST HỘP 6 LON T (HQ),Hộp,0,0,40,-40
,SN NƯỚC YẾN SANNEST HỘP 6 LON T X 190ML (QT),Hộp,0,0,6100,-6100
,SN NƯỚC YẾN SANNEST HỘP 6 LỌ T,Hộp,0,0,39986,-39986
,SN NƯỚC YẾN SANNEST LỌ K,Lọ,0,0,58968,-58968
,SN NƯỚC YẾN SANNEST LỌ NHÂN SÂM,Lọ,0,0,7210,-7210
,SN NƯỚC YẾN SANNEST LON K,Lon,0,0,39265,-39265
,SN NƯỚC YẾN SANNEST LON K THÙNG 30 LON,Thùng,0,0,180,-180
,SN NƯỚC YẾN SANNEST LON T,Lon,0,0,1675895,-1675895
,SN NƯỚC YẾN SANNEST LON T (30LON/THÙNG),Thùng,0,0,14260,-14260
,SN NƯỚC YẾN SANNEST LỌ T,Lọ,0,0,284391,-284391
,SN NƯỚC YẾN SÀO SANEST TRẺ EM HỘP 6 LỌ,Hộp,0,0,1350,-1350
,SN NƯỚC YẾN SÀO SANEST TRẺ EM LON X190ML,Lon,0,0,4080,-4080
,SN NƯỚC YẾN SÀO SANNEST TRẺ EM,Lọ,0,0,166397,-166397
,SN YẾN NGUYÊN CHẤT 3G( 011),Hộp,0,0,5,-5
,SN YẾN NGUYÊN CHẤT 50G( 015),Hộp,0,0,40,-40
,SN YẾN SANEST KHÔNG ĐƯỜNG NGƯỜI CAO TUỔI HỘP 1 LỌ,Lọ,0,0,240,-240
,SÒ ĐIỆP BĂM,Phần,0,1,0,1
,SỔ GIÁO ÁN,Quyển,0,25,0,25
,( SỐ TIỀN PHẢI THU: 1.002.033 ),,0,1,0,1
,( SỐ TIỀN PHẢI THU: 10.084.113 ),,0,1,0,1
,( SỐ TIỀN PHẢI THU: 101.049.071 ),,0,1,0,1
,( SỐ TIỀN PHẢI THU: 10.110.317 ),,0,1,0,1
,( SỐ TIỀN PHẢI THU: 10.156.440 ),,0,1,0,1
,( SỐ TIỀN PHẢI THU: 102.814.182 ),,0,1,0,1
,( SỐ TIỀN PHẢI THU: 1.054.522 ),,0,1,0,1
,( SỐ TIỀN PHẢI THU: 10.898.158 ),,0,1,0,1
,( SỐ TIỀN PHẢI THU: 10.936.735 ),,0,1,0,1
,( SỐ TIỀN PHẢI THU: 1.102.827 ),,0,1,0,1
,( SỐ TIỀN PHẢI THU: 1.103.213 ),,0,1,0,1
,( SỐ TIỀN PHẢI THU: 113.960.478 ),,0,1,0,1
,( SỐ TIỀN PHẢI THU: 11.540.592 ),,0,1,0,1
,( SỐ TIỀN PHẢI THU: 117.501.921 ),,0,1,0,1
,( SỐ TIỀN PHẢI THU: 118.621.499 ),,0,1,0,1
,( SỐ TIỀN PHẢI THU: 1.194.171 ),,0,1,0,1
,( SỐ TIỀN PHẢI THU: 12.033.135 ),,0,1,0,1
,( SỐ TIỀN PHẢI THU: 1.213.126 ),,0,1,0,1
,( SỐ TIỀN PHẢI THU: 121.345.710 ),,0,1,0,1
,( SỐ TIỀN PHẢI THU: 122.454.923 ),,0,1,0,1
,( SỐ TIỀN PHẢI THU: 124.842.067 ),,0,1,0,1
,( SỐ TIỀN PHẢI THU: 1.249.487 ),,0,1,0,1
,( SỐ TIỀN PHẢI THU: 12.546.436 ),,0,1,0,1
,( SỐ TIỀN PHẢI THU: 12.981.586 ),,0,1,0,1
,( SỐ TIỀN PHẢI THU: 13.261.550 ),,0,1,0,1
,( SỐ TIỀN PHẢI THU: 132.816.076 ),,0,1,0,1
,( SỐ TIỀN PHẢI THU: 1.329.197 ),,0,1,0,1
,( SỐ TIỀN PHẢI THU: 132.994.959 ),,0,1,0,1
,( SỐ TIỀN PHẢI THU: 134.795.092 ),,0,1,0,1
,( SỐ TIỀN PHẢI THU: 137.803.427 ),,0,1,0,1
,( SỐ TIỀN PHẢI THU: 137.921.769 ),,0,1,0,1
,( SỐ TIỀN PHẢI THU: 13.813.657 ),,0,2,0,2
,( SỐ TIỀN PHẢI THU: 13.990.421 ),,0,1,0,1
,( SỐ TIỀN PHẢI THU: 1.410.756 ),,0,1,0,1
,( SỐ TIỀN PHẢI THU: 1.420.361 ),,0,1,0,1
,( SỐ TIỀN PHẢI THU: 14.266.879 ),,0,1,0,1
,( SỐ TIỀN PHẢI THU: 1.429.764 ),,0,1,0,1
,( SỐ TIỀN PHẢI THU: 1.464.376 ),,0,1,0,1
,( SỐ TIỀN PHẢI THU: 1.467.227 ),,0,1,0,1
,( SỐ TIỀN PHẢI THU: 146.877.402 ),,0,1,0,1
,( SỐ TIỀN PHẢI THU: 147.441.499 ),,0,1,0,1
,( SỐ TIỀN PHẢI THU: 147.762.916 ),,0,1,0,1
,( SỐ TIỀN PHẢI THU: 1.480.709 ),,0,1,0,1
,( SỐ TIỀN PHẢI THU: 148.246.342 ),,0,1,0,1
,( SỐ TIỀN PHẢI THU: 149.353.440 ),,0,1,0,1
,( SỐ TIỀN PHẢI THU: 1.498.445 ),,0,1,0,1
,( SỐ TIỀN PHẢI THU: 149.935.355 ),,0,1,0,1
,( SỐ TIỀN PHẢI THU: 15.012.525 ),,0,1,0,1
,( SỐ TIỀN PHẢI THU: 1.512.048 ),,0,1,0,1
,( SỐ TIỀN PHẢI THU: 151.349.442 ),,0,1,0,1
,( SỐ TIỀN PHẢI THU: 152.283 ),,0,1,0,1
,( SỐ TIỀN PHẢI THU: 156.781.101 ),,0,1,0,1
,( SỐ TIỀN PHẢI THU: 158.312.048 ),,0,1,0,1
,( SỐ TIỀN PHẢI THU: 158.760.933 ),,0,1,0,1
,( SỐ TIỀN PHẢI THU: 160.257.925 ),,0,1,0,1
,( SỐ TIỀN PHẢI THU: 160.925.150 ),,0,1,0,1
,( SỐ TIỀN PHẢI THU: 1.624.850 ),,0,1,0,1
,( SỐ TIỀN PHẢI THU: 163.155.460 ),,0,1,0,1
,( SỐ TIỀN PHẢI THU: 1.648.344 ),,0,1,0,1
,( SỐ TIỀN PHẢI THU: 166.163.338 ),,0,1,0,1
,( SỐ TIỀN PHẢI THU: 167.171.963 ),,0,1,0,1
,( SỐ TIỀN PHẢI THU: 168.896.361 ),,0,1,0,1
,( SỐ TIỀN PHẢI THU: 169.913.874 ),,0,1,0,1
,( SỐ TIỀN PHẢI THU: 1.710.288 ),,0,2,0,2
,( SỐ TIỀN PHẢI THU: 17.221.331 ),,0,1,0,1
,( SỐ TIỀN PHẢI THU: 173.342.010 ),,0,1,0,1
,( SỐ TIỀN PHẢI THU: 175.444.168 ),,0,1,0,1
,( SỐ TIỀN PHẢI THU: 178.114.733 ),,0,1,0,1
,( SỐ TIỀN PHẢI THU: 180.030.198 ),,0,1,0,1
,( SỐ TIỀN PHẢI THU: 1.873.056 ),,0,1,0,1
,( SỐ TIỀN PHẢI THU: 189.333.941 ),,0,1,0,1
,( SỐ TIỀN PHẢI THU: 190.940.622 ),,0,1,0,1
,( SỐ TIỀN PHẢI THU: 1.918.563 ),,0,1,0,1
,( SỐ TIỀN PHẢI THU: 1.923.432 ),,0,1,0,1
,( SỐ TIỀN PHẢI THU: 19.325.251 ),,0,1,0,1
,( SỐ TIỀN PHẢI THU: 19.677.944 ),,0,1,0,1
,( SỐ TIỀN PHẢI THU: 197.232.354 ),,0,1,0,1
,( SỐ TIỀN PHẢI THU: 1.988.749 ),,0,1,0,1
,( SỐ TIỀN PHẢI THU: 204.656.994 ),,0,1,0,1
,( SỐ TIỀN PHẢI THU: 2.050.635 ),,0,1,0,1
,( SỐ TIỀN PHẢI THU: 20.562.845 ),,0,1,0,1
,( SỐ TIỀN PHẢI THU: 207.492.509 ),,0,1,0,1
,( SỐ TIỀN PHẢI THU: 209.468.396 ),,0,1,0,1
,( SỐ TIỀN PHẢI THU: 217.194.993 ),,0,1,0,1
,( SỐ TIỀN PHẢI THU: 217.972.482 ),,0,1,0,1
,( SỐ TIỀN PHẢI THU: 2.207.067 ),,0,1,0,1
,( SỐ TIỀN PHẢI THU: 22.202.190 ),,0,1,0,1
,( SỐ TIỀN PHẢI THU: 22.443.416 ),,0,1,0,1
,( SỐ TIỀN PHẢI THU: 2.259.492 ),,0,1,0,1
,( SỐ TIỀN PHẢI THU: 2.268.322 ),,0,1,0,1
,( SỐ TIỀN PHẢI THU: 227.893.286 ),,0,1,0,1
,( SỐ TIỀN PHẢI THU: 230.237.087 ),,0,1,0,1
,( SỐ TIỀN PHẢI THU: 2.314.059 ),,0,1,0,1
,( SỐ TIỀN PHẢI THU: 233.259.467 ),,0,1,0,1
,( SỐ TIỀN PHẢI THU: 2.351.261 ),,0,1,0,1
,( SỐ TIỀN PHẢI THU: 23.718.976 ),,0,1,0,1
,( SỐ TIỀN PHẢI THU: 239.670.181 ),,0,1,0,1
,( SỐ TIỀN PHẢI THU: 2.408.271 ),,0,1,0,1
,( SỐ TIỀN PHẢI THU: 240.848.251 ),,0,1,0,1
,( SỐ TIỀN PHẢI THU: 2.447.215 ),,0,1,0,1
,( SỐ TIỀN PHẢI THU: 2.451.927 ),,0,1,0,1
,( SỐ TIỀN PHẢI THU: 245.666.007 ),,0,1,0,1
,( SỐ TIỀN PHẢI THU: 245.872.002 ),,0,1,0,1
,( SỐ TIỀN PHẢI THU: 247.466.284 ),,0,1,0,1
,( SỐ TIỀN PHẢI THU: 2.494.452 ),,0,1,0,1
,( SỐ TIỀN PHẢI THU: 2.503.081 ),,0,1,0,1
,( SỐ TIỀN PHẢI THU: 2.529.993 ),,0,1,0,1
,( SỐ TIỀN PHẢI THU: 2.540.241 ),,0,1,0,1
,( SỐ TIỀN PHẢI THU: 25.739.604 ),,0,1,0,1
,( SỐ TIỀN PHẢI THU: 2.580.711 ),,0,1,0,1
,( SỐ TIỀN PHẢI THU: 261.314.322 ),,0,1,0,1
,( SỐ TIỀN PHẢI THU: 262.186.073 ),,0,1,0,1
,( SỐ TIỀN PHẢI THU: 262.742.064 ),,0,1,0,1
,( SỐ TIỀN PHẢI THU: 2.652.565 ),,0,1,0,1
,( SỐ TIỀN PHẢI THU: 2.658.393 ),,0,1,0,1
,( SỐ TIỀN PHẢI THU: 267.402.586 ),,0,1,0,1
,( SỐ TIỀN PHẢI THU: 2.677.911 ),,0,1,0,1
,( SỐ TIỀN PHẢI THU: 269.325.188 ),,0,1,0,1
,( SỐ TIỀN PHẢI THU: 2.699.084 ),,0,1,0,1
,( SỐ TIỀN PHẢI THU: 2.742.624 ),,0,1,0,1
,( SỐ TIỀN PHẢI THU: 2.767.189 ),,0,1,0,1
,( SỐ TIỀN PHẢI THU: 277.119.805 ),,0,1,0,1
,( SỐ TIỀN PHẢI THU: 2.813.501 ),,0,1,0,1
,( SỐ TIỀN PHẢI THU: 281.442.372 ),,0,1,0,1
,( SỐ TIỀN PHẢI THU: 285.005.843 ),,0,1,0,1
,( SỐ TIỀN PHẢI THU: 2.858.697 ),,0,1,0,1
,( SỐ TIỀN PHẢI THU: 287.206.314 ),,0,1,0,1
,( SỐ TIỀN PHẢI THU: 2.875.089 ),,0,1,0,1
,( SỐ TIỀN PHẢI THU: 289.435.307 ),,0,1,0,1
,( SỐ TIỀN PHẢI THU: 289.489.749 ),,0,1,0,1
,( SỐ TIỀN PHẢI THU: 2.899.169 ),,0,1,0,1
,( SỐ TIỀN PHẢI THU: 290.100.612 ),,0,1,0,1
,( SỐ TIỀN PHẢI THU: 2.908.992 ),,0,1,0,1
,( SỐ TIỀN PHẢI THU: 293.124.185 ),,0,1,0,1
,( SỐ TIỀN PHẢI THU: 293.718.232 ),,0,1,0,1
,( SỐ TIỀN PHẢI THU: 2.947.877 ),,0,1,0,1
,( SỐ TIỀN PHẢI THU: 2.950.901 ),,0,1,0,1
,( SỐ TIỀN PHẢI THU: 2.992.233 ),,0,1,0,1
,( SỐ TIỀN PHẢI THU: 307.291.942 ),,0,1,0,1
,( SỐ TIỀN PHẢI THU: 310.710 ),,0,1,0,1
,( SỐ TIỀN PHẢI THU: 3.120.880 ),,0,1,0,1
,( SỐ TIỀN PHẢI THU: 314.357.591 ),,0,1,0,1
,( SỐ TIỀN PHẢI THU: 3.171.847 ),,0,1,0,1
,( SỐ TIỀN PHẢI THU: 321.464.396 ),,0,1,0,1
,( SỐ TIỀN PHẢI THU: 327.053 ),,0,1,0,1
,( SỐ TIỀN PHẢI THU: 327.883 ),,0,1,0,1
,( SỐ TIỀN PHẢI THU: 329.501.901 ),,0,1,0,1
,( SỐ TIỀN PHẢI THU: 3.296.687 ),,0,1,0,1
,( SỐ TIỀN PHẢI THU: 33.242.939 ),,0,1,0,1
,( SỐ TIỀN PHẢI THU: 334.011 ),,0,4,0,4
,( SỐ TIỀN PHẢI THU: 335.567.421 ),,0,1,0,1
,( SỐ TIỀN PHẢI THU: 33.857.333 ),,0,1,0,1
,( SỐ TIỀN PHẢI THU: 3.391.557 ),,0,1,0,1
,( SỐ TIỀN PHẢI THU: 3.502.510 ),,0,1,0,1
,( SỐ TIỀN PHẢI THU: 362.703.672 ),,0,1,0,1
,( SỐ TIỀN PHẢI THU: 366.807 ),,0,1,0,1
,( SỐ TIỀN PHẢI THU: 3.683.796 ),,0,1,0,1
,( SỐ TIỀN PHẢI THU: 370.943.197 ),,0,1,0,1
,( SỐ TIỀN PHẢI THU: 3.713.199 ),,0,1,0,1
,( SỐ TIỀN PHẢI THU: 3.729.129 ),,0,1,0,1
,( SỐ TIỀN PHẢI THU: 377.496 ),,0,3,0,3
,( SỐ TIỀN PHẢI THU: 384.552 ),,0,1,0,1
,( SỐ TIỀN PHẢI THU: 3.846.864 ),,0,11,0,11
,( SỐ TIỀN PHẢI THU: 38.671.805 ),,0,1,0,1
,( SỐ TIỀN PHẢI THU: 389.464.295 ),,0,1,0,1
,( SỐ TIỀN PHẢI THU: 3.918.768 ),,0,6,0,6
,( SỐ TIỀN PHẢI THU: 3.964.997 ),,0,1,0,1
,( SỐ TIỀN PHẢI THU: 41.018.880 ),,0,1,0,1
,( SỐ TIỀN PHẢI THU: 418.603.031 ),,0,1,0,1
,( SỐ TIỀN PHẢI THU: 42.793.160 ),,0,1,0,1
,( SỐ TIỀN PHẢI THU: 4.300.064 ),,0,1,0,1
,( SỐ TIỀN PHẢI THU: 4.339.407 ),,0,1,0,1
,( SỐ TIỀN PHẢI THU: 44.063.220 ),,0,1,0,1
,( SỐ TIỀN PHẢI THU: 4.408.999 ),,0,1,0,1
,( SỐ TIỀN PHẢI THU: 453.748.198 ),,0,1,0,1
,( SỐ TIỀN PHẢI THU: 453.951.878 ),,0,1,0,1
,( SỐ TIỀN PHẢI THU: 454.553.934 ),,0,1,0,1
,( SỐ TIỀN PHẢI THU: 45.578.704 ),,0,1,0,1
,( SỐ TIỀN PHẢI THU: 461.252.541 ),,0,1,0,1
,( SỐ TIỀN PHẢI THU: 46.383.060 ),,0,1,0,1
,( SỐ TIỀN PHẢI THU: 465.367.031 ),,0,1,0,1
,( SỐ TIỀN PHẢI THU: 4.658.473 ),,0,1,0,1
,( SỐ TIỀN PHẢI THU: 4.702.522 ),,0,1,0,1
,( SỐ TIỀN PHẢI THU: 4.831.949 ),,0,2,0,2
,( SỐ TIỀN PHẢI THU: 4.884.849 ),,0,1,0,1
,( SỐ TIỀN PHẢI THU: 4.922.266 ),,0,1,0,1
,( SỐ TIỀN PHẢI THU: 49.437.396 ),,0,1,0,1
,( SỐ TIỀN PHẢI THU: 4.988.265 ),,0,1,0,1
,( SỐ TIỀN PHẢI THU: 4.993.408 ),,0,1,0,1
,( SỐ TIỀN PHẢI THU: 50.242.896 ),,0,1,0,1
,( SỐ TIỀN PHẢI THU: 50.871.743 ),,0,1,0,1
,( SỐ TIỀN PHẢI THU: 520.864.930 ),,0,1,0,1
,( SỐ TIỀN PHẢI THU: 521.413.918 ),,0,1,0,1
,( SỐ TIỀN PHẢI THU: 52.917.599 ),,0,1,0,1
,( SỐ TIỀN PHẢI THU: 534.745.249 ),,0,1,0,1
,( SỐ TIỀN PHẢI THU: 54.691.840 ),,0,1,0,1
,( SỐ TIỀN PHẢI THU: 558.522.950 ),,0,1,0,1
,( SỐ TIỀN PHẢI THU: 566.244 ),,0,1,0,1
,( SỐ TIỀN PHẢI THU: 5.755.690 ),,0,1,0,1
,( SỐ TIỀN PHẢI THU: 5.770.296 ),,0,3,0,3
,( SỐ TIỀN PHẢI THU: 58.058.458 ),,0,1,0,1
,( SỐ TIỀN PHẢI THU: 593.721 ),,0,2,0,2
,( SỐ TIỀN PHẢI THU: 5.993.398 ),,0,1,0,1
,( SỐ TIỀN PHẢI THU: 6.007.579 ),,0,1,0,1
,( SỐ TIỀN PHẢI THU: 604.819 ),,0,1,0,1
,( SỐ TIỀN PHẢI THU: 6.139.403 ),,0,1,0,1
,( SỐ TIỀN PHẢI THU: 624.743 ),,0,1,0,1
,( SỐ TIỀN PHẢI THU: 6.270.029 ),,0,2,0,2
,( SỐ TIỀN PHẢI THU: 66.526.966 ),,0,1,0,1
,( SỐ TIỀN PHẢI THU: 6.661.906 ),,0,1,0,1
,( SỐ TIỀN PHẢI THU: 6.738.282 ),,0,2,0,2
,( SỐ TIỀN PHẢI THU: 6.755.381 ),,0,1,0,1
,( SỐ TIỀN PHẢI THU: 6.855.328 ),,0,1,0,1
,( SỐ TIỀN PHẢI THU: 68.784.318 ),,0,1,0,1
,( SỐ TIỀN PHẢI THU: 69.032.209 ),,0,1,0,1
,( SỐ TIỀN PHẢI THU: 708.584.353 ),,0,1,0,1
,( SỐ TIỀN PHẢI THU: 712.363 ),,0,1,0,1
,( SỐ TIỀN PHẢI THU: 7.125.962 ),,0,1,0,1
,( SỐ TIỀN PHẢI THU: 7.256.576 ),,0,1,0,1
,( SỐ TIỀN PHẢI THU: 72.679.032 ),,0,1,0,1
,( SỐ TIỀN PHẢI THU: 7.674.254 ),,0,1,0,1
,( SỐ TIỀN PHẢI THU: 7.693.728 ),,0,11,0,11
,( SỐ TIỀN PHẢI THU: 7.740.465 ),,0,1,0,1
,( SỐ TIỀN PHẢI THU: 77.983.407 ),,0,1,0,1
,( SỐ TIỀN PHẢI THU: 78.149.982 ),,0,1,0,1
,( SỐ TIỀN PHẢI THU: 7.837.536 ),,0,3,0,3
,( SỐ TIỀN PHẢI THU: 7.885.147 ),,0,1,0,1
,( SỐ TIỀN PHẢI THU: 8.061.742 ),,0,1,0,1
,( SỐ TIỀN PHẢI THU: 81.468.409 ),,0,1,0,1
,( SỐ TIỀN PHẢI THU: 817.631 ),,0,1,0,1
,( SỐ TIỀN PHẢI THU: 81.937.349 ),,0,1,0,1
,( SỐ TIỀN PHẢI THU: 819.705 ),,0,2,0,2
,( SỐ TIỀN PHẢI THU: 822.305.211 ),,0,1,0,1
,( SỐ TIỀN PHẢI THU: 8.232.984 ),,0,1,0,1
,( SỐ TIỀN PHẢI THU: 8.334.033 ),,0,1,0,1
,( SỐ TIỀN PHẢI THU: 8.380.716 ),,0,1,0,1
,( SỐ TIỀN PHẢI THU: 9.043.273 ),,0,1,0,1
,( SỐ TIỀN PHẢI THU: 9.171.355 ),,0,2,0,2
,( SỐ TIỀN PHẢI THU: 923.677 ),,0,1,0,1
,( SỐ TIỀN PHẢI THU: 92.854.353 ),,0,1,0,1
,( SỐ TIỀN PHẢI THU: 9.342.782 ),,0,1,0,1
,( SỐ TIỀN PHẢI THU: 93.948.238 ),,0,1,0,1
,( SỐ TIỀN PHẢI THU: 97.786.038 ),,0,1,0,1
,( SỐ TIỀN PHẢI THU: 982.591 ),,0,1,0,1
,( SỐ TIỀN PHẢI THU: 9.865.361 ),,0,1,0,1
,( SỐ TIỀN PHẢI THU: 9.976.530 ),,0,1,0,1
,SUFENTANIL-HAMELN,Ống,0,1,0,1
,SƯỜN NẤU ĐẬU 200G,Hộp,0,336,0,336
,SƯỜN NẤU ĐẬU_HỘP 170G,Hộp,0,432,0,432
,SƯỜN NẤU ĐẬU_HỘP 170G (LON IN),Hộp,0,360,0,360
,SYPHILIS (GIANG MAI) TEST NHANH,Lần,0,1,0,1
,TẤM ĐIỆN CỰC TRUNG TÍNH DÙNG TRONG PHẪU THUẬT BẰNG MÁY ĐỐT ĐIỆN-1280H/SWAROPLATE,Cái,0,1,0,1
,TẦN Ô,Phần,0,1,0,1
,TAY DAO CẮT ĐỐT SỬ DỤNG MỘT LẦN- FD100L,Cái,0,1,0,1
,THANH TOÁN HÀNG KHUYẾN MÃI (SỈ - LẺ) - THÁNG 03/2023,,0,1,0,1
,THANH TOÁN HÀNG KHUYẾN MÃI (SỈ - LẺ) - THÁNG 04/2023,,0,1,0,1
,THANH TOÁN HÀNG KHUYẾN MÃI (SỈ & LẺ) - THÁNG 05/2023,,0,1,0,1
,THANH TOÁN HÀNG KHUYẾN MÃI (SỈ & LẺ) - THÁNG 06/2023,,0,1,0,1
,THANH TOÁN HÀNG KHUYẾN MÃI (SỈ - LẺ) - THÁNG 07/2023,,0,1,0,1
,THANH TOÁN HÀNG KHUYẾN MÃI (SỈ-LẺ) - THÁNG 08/2023,,0,1,0,1
,THANH TOÁN HÀNG KHUYẾN MÃI (SỈ - LẺ) - THÁNG 09/2023,,0,1,0,1
,THANH TOÁN HÀNG KHUYẾN MÃI (SỈ - LẺ) - THÁNG10/2023,,0,1,0,1
,THANH TOÁN HÀNG KHUYẾN MÃI (SỈ - LẺ) - THÁNG 11/2023,,0,1,0,1
,THANH TOÁN HÀNG KHUYẾN MÃI (SỈ & LẺ) - THÁNG 2/2023,,0,2,0,2
,"THANH TOÁN HÀNG MẨU DÙNG THỬ TẶNG SALE, SUP KÊNH GT , FS & MT",,0,1,0,1
,THANH TOÁN HÀNG SAMPLING GT THÁNG 01/2023,,0,1,0,1
,THANH TOÁN HÀNG SAMPLING GT THÁNG 02/2023,,0,1,0,1
,THANH TOÁN HÀNG SAMPLING GT THÁNG 04/2023,,0,1,0,1
,THANH TOÁN KM ( SỈ - LẺ ) THÁNG 10/2023,,0,1,0,1
,THANH TOÁN KM ( SỈ - LẺ ) THÁNG 11/2023,,0,1,0,1
,"THANH TOÁN MẪU SẢN PHẨM MỚI DÙNG THỬ TẶNG SALE,SÚP KÊNH GT & FS",,0,1,0,1
,THANH TOÁN QUÀ TẶNG SAMPLING THÁNG 09 NĂM 2023,,0,1,0,1
,THANH TOÁN TRẢ THƯỞNG TB DẦU HÀO 820G & LÊN MEN 700ML GIAI ĐOẠN (21/04->20/05/2023)+THÁNG 05/2023 (ĐỢT 02),,0,1,0,1
,THANH TOÁN TRẢ THƯỞNG TB DẦU HÀO 820G & LÊN MEN 700ML GIAI ĐOẠN (21/05->20/06/2023),,0,1,0,1
,THANH TOÁN TRẢ THƯỞNG TB DẦU HÀO 820G & LÊN MEN 700ML THÁNG 04/2023 (ĐỢT 02),,0,1,0,1
,THANH TOÁN TRẢ THƯỞNG TB DẦU HÀO 820G & LÊN MEN 700ML THÁNG 06/2023 (ĐỢT 02),,0,1,0,1
,THANH TOÁN TRẢ THƯỞNG TB TƯƠNG ỚT SIÊU CAY 330G THÁNG 03/2023 (ĐỢT 02) VÀ THÁNG 04/2023 (ĐỢT 01) +TRẢ THƯỞNG TB DẦU HÀO 820G& LÊN MEN 700ML (20/03/2023 ->20/04/2023),,0,1,0,1
,THANH TOÁN TRẢ THƯỞNG TB TƯƠNG ỚT SIÊU CAY 330G THÁNG 05/2023 (ĐỢT 01),,0,1,0,1
,THANH TOÁN TRẢ THƯỞNG TB TƯƠNG ỚT SIÊU CAY 330G THÁNG 06/2023 (ĐỢT 01),,0,1,0,1
,THANH TOÁN TRẢ THƯỞNG TB TƯƠNG ỚT SIÊU CAY 330G THÁNG 07/2023 (ĐỢT 02),,0,1,0,1
,THANH TOÁN TRẢ THƯỞNG TB XE BÁNH MÌ THÁNG 02/2023,,0,1,0,1
,THANH TOÁN TRẢ THƯỞNG TB XE BÁNH MÌ THÁNG 03/2023,,0,1,0,1
,THANH TOÁN TRẢ THƯỞNG TB XE BÁNH MÌ - THÁNG 04/2023,,0,1,0,1
,THANH TOÁN TRẢ THƯỞNG TB XE BÁNH MÌ THÁNG 05/2023,,0,1,0,1
,THANH TOÁN TRẢ THƯỞNG TB XE BÁNH MÌ THÁNG 06/2023,,0,1,0,1
,THANH TOÁN TRẢ THƯỞNG TB XE BÁNH MÌ THÁNG 07/2023,,0,1,0,1
,THANH TOÁN TRẢ THƯỞNG TB XE BÁNH MÌ THÁNG 08/2023,,0,1,0,1
,THANH TOÁN TRẢ THƯỞNG TB XE BÁNH MÌ THÁNG 12/2022 & THÁNG 01/2023,,0,1,0,1
,THAY LỌC DẦU,CÔNG,0,1,0,1
,THỊT CUA XÀO CÀ RI,Phần,0,1,0,1
,THỊT HEO BẰM 150G,Lon,0,384,0,384
,THỊT HEO BẰM XỐT CÀ 150G,Lon,0,384,0,384
,"THỜI GIAN PROTHROMBIN (PT: PROTHROMBIN TIME), (CÁC TÊN KHÁC: TQ; TỶ LỆ PROTHROMBIN) BẰNG MÁY TỰ ĐỘNG",Lần,0,1,0,1
,"THỜI GIAN THROMBOPLASTIN MỘT PHẦN HOẠT HOÁ (APTT: ACTIVATED PARTIAL THROMBOPLASTIN TIME), (TÊN KHÁC: TCK) BẰNG MÁY TỰ ĐỘNG",Lần,0,1,0,1
,THỐ NHỎ,Cái,0,1,0,1
,"THỨC ĂN, THỨC UỐNG",bàn,0,2,0,2
,"THỨC ĂN,THỨC UỐNG",bàn,0,2,0,2
,THU LAI TIEN VAY THANG 1,,0,37,0,37
,THU LAI TIEN VAY THANG 10,,0,31,0,31
,THU LAI TIEN VAY THANG 11,,0,31,0,31
,THU LAI TIEN VAY THANG 12/2023,,0,58,0,58
,THU LAI TIEN VAY THANG 2,,0,10,0,10
,THU LAI TIEN VAY THANG 3,,0,74,0,74
,THU LAI TIEN VAY THANG 4,,0,8,0,8
,THU LAI TIEN VAY THANG 5,,0,71,0,71
,THU LAI TIEN VAY THANG 6,,0,38,0,38
,THU LAI TIEN VAY THANG 7,,0,32,0,32
,THU LAI TIEN VAY THANG 8,,0,28,0,28
,THU LAI TIEN VAY THANG 9,,0,26,0,26
,THƯỚC 30CM,Cây,0,1,0,1
,THU PHI RTM CTY HOANG HUY PHAT,,0,2,0,2
,TÍCH LŨY ĐIỂM KHTT: 10.800 ĐỒNG,,0,1,0,1
,TÍCH LŨY ĐIỂM KHTT: 26.070 ĐỒNG,Lần,0,1,0,1
,TIỀN GIƯỜNG CHO NGƯỜI NHÀ BỆNH NHÂN,Giường/Block,0,3,0,3
,TIỀN GIƯỜNG CHO NGƯỜI NHÀ BỆNH NHÂN + 3 BỮA ĂN,Giường/Block,0,1,0,1
,TIỀN PHÍ DỊCH VỤ BÁN VÉ,,0,17,0,17
,TIẾP KHÁCH,Bàn,0,2,0,2
,TINH CHẤT YẾN SÀO THIÊN NHIÊN KHÁNH HÒA GÓI 5G,Gói,0,19,0,19
,TNL CARYN TẤM ĐỆM LÓT STLL20-2004 (80 MIẾNG/THÙNG),Miếng,0,1,0,1
,TÔM SÚ,Phần,0,1,0,1
,TÔM VIÊN FUNNY_GÓI 250G,Kg,0,201.25,0,201.25
,TÔM VIÊN FUNNY_GÓI 500G,Kg,0,195,0,195
,TỔNG CỘNG: CBĐL: 10.000 KG 0.7 T,,0,6,0,6
,TỔNG CỘNG: CBĐL: 103.100 KG 5.6 T,,0,1,0,1
,TỔNG CỘNG: CBĐL: 12.000 KG 0.8 T,,0,1,0,1
,TỔNG CỘNG: CBĐL: 130.500 KG 8.7 T,,0,1,0,1
,TỔNG CỘNG: CBĐL: 13.750 KG 0.9 T,,0,1,0,1
,TỔNG CỘNG: CBĐL: 15.000 KG,,0,1,0,1
,TỔNG CỘNG: CBĐL: 15.000 KG 1.0 T,,0,1,0,1
,TỔNG CỘNG: CBĐL: 1.500 KG 0.1 T,,0,1,0,1
,TỔNG CỘNG: CBĐL: 160.750 KG 8.3 T,,0,1,0,1
,TỔNG CỘNG: CBĐL: 174.000 KG 6.8 T,,0,1,0,1
,TỔNG CỘNG: CBĐL: 17.500 KG 0.3 T,,0,1,0,1
,TỔNG CỘNG: CBĐL: 18.000 KG 1.2 T,,0,2,0,2
,TỔNG CỘNG: CBĐL: 19.500 KG 1.3 T,,0,1,0,1
,TỔNG CỘNG: CBĐL: 20.000 KG,,0,2,0,2
,TỔNG CỘNG: CBĐL: 20.000 KG 0.3 T,,0,1,0,1
,TỔNG CỘNG: CBĐL: 20.000 KG 0.7 T,,0,1,0,1
,TỔNG CỘNG: CBĐL: 21.000 KG 0.4 T,,0,1,0,1
,TỔNG CỘNG: CBĐL: 22.500 KG 1.5 T,,0,1,0,1
,TỔNG CỘNG: CBĐL: 25.000 KG,,0,1,0,1
,TỔNG CỘNG: CBĐL: 25.000 KG 1.7 T,,0,3,0,3
,TỔNG CỘNG: CBĐL: 2.500 KG 0.2 T,,0,1,0,1
,TỔNG CỘNG: CBĐL: 28.000 KG 0.9 T,,0,1,0,1
,TỔNG CỘNG: CBĐL: 28.000 KG 1.2 T,,0,1,0,1
,TỔNG CỘNG: CBĐL: 28.000 KG 2.1 T,,0,1,0,1
,TỔNG CỘNG: CBĐL: 29.000 KG 0.3 T,,0,1,0,1
,TỔNG CỘNG: CBĐL: 30.000 KG 1.0 T,,0,1,0,1
,TỔNG CỘNG: CBĐL: 31.000 KG 2.1 T,,0,1,0,1
,TỔNG CỘNG: CBĐL: 32.000 KG 2.1 T,,0,1,0,1
,TỔNG CỘNG: CBĐL: 33.000 KG 0.5 T,,0,1,0,1
,TỔNG CỘNG: CBĐL: 34.000 KG 1.3 T,,0,1,0,1
,TỔNG CỘNG: CBĐL: 34.000 KG 2.5 T,,0,1,0,1
,TỔNG CỘNG: CBĐL: 35.000 KG 0.7 T,,0,1,0,1
,TỔNG CỘNG: CBĐL: 35.000 KG 1.3 T,,0,3,0,3
,TỔNG CỘNG: CBĐL: 35.000 KG 2.3 T,,0,3,0,3
,TỔNG CỘNG: CBĐL: 36.000 KG 1.7 T,,0,1,0,1
,TỔNG CỘNG: CBĐL: 37.000 KG 0.8 T,,0,2,0,2
,TỔNG CỘNG: CBĐL: 38.000 KG 1.5 T,,0,1,0,1
,TỔNG CỘNG: CBĐL: 38.500 KG 0.9 T,,0,1,0,1
,TỔNG CỘNG: CBĐL: 40.000 KG 1.7 T,,0,1,0,1
,TỔNG CỘNG: CBĐL: 40.000 KG 2.0 T,,0,1,0,1
,TỔNG CỘNG: CBĐL: 40.000 KG 2.7 T,,0,2,0,2
,TỔNG CỘNG: CBĐL: 4.000 KG 0.3 T,,0,6,0,6
,TỔNG CỘNG: CBĐL: 42.500 KG 2.3 T,,0,1,0,1
,TỔNG CỘNG: CBĐL: 45.000 KG 3.0 T,,0,1,0,1
,TỔNG CỘNG: CBĐL: 45.500 KG 1.8 T,,0,1,0,1
,TỔNG CỘNG: CBĐL: 47.500 KG 1.5 T,,0,1,0,1
,TỔNG CỘNG: CBĐL: 49.000 KG 2.3 T,,0,1,0,1
,TỔNG CỘNG: CBĐL: 5.000 KG,,0,1,0,1
,TỔNG CỘNG: CBĐL: 5.000 KG 0.3 T,,0,4,0,4
,TỔNG CỘNG: CBĐL: 57.500 KG 1.2 T,,0,1,0,1
,TỔNG CỘNG: CBĐL: 60.000 KG 4.0 T,,0,1,0,1
,TỔNG CỘNG: CBĐL: 70.000 KG 3.0 T,,0,1,0,1
,TỔNG CỘNG: CBĐL: 71.000 KG 3.4 T,,0,1,0,1
,TỔNG CỘNG: CBĐL: 75.000 KG 3.3 T,,0,1,0,1
,TỔNG CỘNG: CBĐL: 7.500 KG 0.5 T,,0,1,0,1
,TỔNG CỘNG: CBĐL: 80.000 KG 4.3 T,,0,1,0,1
,TỔNG CỘNG: CBĐL: 8.500 KG 0.6 T,,0,1,0,1
,TỔNG CỘNG: CBĐL: 9.000 KG 0.6 T,,0,1,0,1
,"TỔNG CỘNG: CBK: 3.000 KG 1.0 T, LX: 50.000 KG 5.0 T, ĐH: 277.200 KG 25.0 T, XXTT: 1 221.000 KG 420.0 T",,0,1,0,1
,"TỔNG CỘNG: CBK: 3.000 KG 1.0 T, LX: 50.000 KG 5.0 T, ĐH: 622.560 KG 50.0 T, XXTT: 4 590.000 KG 1 676.0 T",,0,1,0,1
,"TỔNG CỘNG: CBK: 3.000 KG 1.0 T, XXTT: 1 688.400 KG 690.0 T",,0,1,0,1
,"TỔNG CỘNG: CBK: 3.000 KG 1.0 T, XXTT: 2 205.000 KG 875.0 T",,0,1,0,1
,"TỔNG CỘNG: CBK: 3.000 KG 1.0 T, XXTT: 5 309.220 KG 2 067.0 T",,0,1,0,1
,"TỔNG CỘNG: CBK: 6.000 KG 2.0 T, ĐH: 576.000 KG 50.0 T, XXTT: 5 082.520 KG 2 036.0 T",,0,1,0,1
,"TỔNG CỘNG: CBK: 6.000 KG 2.0 T, LX: 50.000 KG 5.0 T, ĐH: 572.400 KG 53.0 T, XXTT: 2 653.240 KG 1 072.0 T",,0,1,0,1
,"TỔNG CỘNG: CBK: 6.000 KG 2.0 T, XXTT: 2 252.520 KG 920.0 T",,0,1,0,1
,"TỔNG CỘNG: ĐH: 1 080.000 KG 100.0 T, XXTT: 2 540.840 KG 1 025.0 T",,0,1,0,1
,"TỔNG CỘNG: ĐH: 1 080.000 KG 100.0 T, XXTT: 5 094.584 KG 2 029.0 T",,0,1,0,1
,TỔNG CỘNG: ĐH: 114.740 KG 10.5 T,,0,1,0,1
,TỔNG CỘNG: ĐH: 122.400 KG 10.0 T,,0,1,0,1
,"TỔNG CỘNG: ĐH: 124.320 KG 12.0 T, XXTT: 1 514.600 KG 565.0 T",,0,1,0,1
,TỔNG CỘNG: ĐH: 134.640 KG 11.0 T,,0,1,0,1
,"TỔNG CỘNG: ĐH: 1 473.840 KG 125.0 T, XXTT: 3 741.856 KG 1 446.0 T",,0,1,0,1
,TỔNG CỘNG: ĐH: 147.384 KG 12.5 T,,0,1,0,1
,"TỔNG CỘNG: ĐH: 162.000 KG 15.0 T, XXTT: 1 691.000 KG 710.0 T",,0,1,0,1
,"TỔNG CỘNG: ĐH: 16.320 KG 2.0 T, XXTT: 1 950.400 KG 774.0 T",,0,1,0,1
,"TỔNG CỘNG: ĐH: 16.320 KG 2.0 T, XXTT: 2 090.680 KG 781.0 T",,0,1,0,1
,"TỔNG CỘNG: ĐH: 167.856 KG 16.0 T, XXTT: 4 443.540 KG 1 758.0 T",,0,1,0,1
,"TỔNG CỘNG: ĐH: 1 702.560 KG 150.0 T, XXTT: 2 423.760 KG 985.0 T",,0,1,0,1
,"TỔNG CỘNG: ĐH: 178.320 KG 17.0 T, XXTT: 1 784.900 KG 548.0 T",,0,1,0,1
,"TỔNG CỘNG: ĐH: 18.360 KG 1.5 T, XXTT: 28.704 KG 8.7 T",,0,1,0,1
,"TỔNG CỘNG: ĐH: 1 942.320 KG 150.0 T, XXTT: 6 737.680 KG 2 770.0 T",,0,1,0,1
,"TỔNG CỘNG: ĐH: 2 160.000 KG 200.0 T, XXTT: 1 356.320 KG 601.0 T",,0,1,0,1
,TỔNG CỘNG: ĐH: 216.000 KG 20.0 T,,0,2,0,2
,TỔNG CỘNG: ĐH: 21.600 KG 2.0 T,,0,1,0,1
,"TỔNG CỘNG: ĐH: 21.600 KG 2.0 T, XXTT: 320.000 KG 160.0 T",,0,1,0,1
,"TỔNG CỘNG: ĐH: 244.800 KG 20.0 T, XXTT: 2 701.452 KG 1 172.0 T",,0,1,0,1
,"TỔNG CỘNG: ĐH: 244.800 KG 20.0 T, XXTT: 3 153.000 KG 1 214.0 T",,0,1,0,1
,TỔNG CỘNG: ĐH: 24.480 KG 2.0 T,,0,2,0,2
,"TỔNG CỘNG: ĐH: 248.400 KG 23.0 T, XXTT: 1 958.160 KG 831.0 T",,0,1,0,1
,TỔNG CỘNG: ĐH: 2.550 KG 0.2 T,,0,1,0,1
,"TỔNG CỘNG: ĐH: 270.000 KG 25.0 T, XXTT: 1 139.040 KG 292.0 T",,0,1,0,1
,"TỔNG CỘNG: ĐH: 270.000 KG 25.0 T, XXTT: 1 633.568 KG 673.0 T",,0,1,0,1
,"TỔNG CỘNG: ĐH: 270.000 KG 25.0 T, XXTT: 554.080 KG 120.0 T",,0,1,0,1
,"TỔNG CỘNG: ĐH: 270.000 KG 25.0 T, XXTT: 6 663.760 KG 2 530.0 T",,0,1,0,1
,"TỔNG CỘNG: ĐH: 270.000 KG 25.0 T, XXTT: 812.200 KG 196.0 T",,0,1,0,1
,TỔNG CỘNG: ĐH: 27.000 KG 2.5 T,,0,1,0,1
,TỔNG CỘNG: ĐH: 300.480 KG 24.0 T,,0,1,0,1
,TỔNG CỘNG: ĐH: 30.600 KG 2.5 T,,0,1,0,1
,TỔNG CỘNG: ĐH: 354.660 KG 24.2 T,,0,1,0,1
,TỔNG CỘNG: ĐH: 43.200 KG 4.0 T,,0,1,0,1
,"TỔNG CỘNG: ĐH: 433.056 KG 38.0 T, XXTT: 45.600 KG 10.0 T",,0,1,0,1
,TỔNG CỘNG: ĐH: 48.000 KG 5.0 T,,0,1,0,1
,TỔNG CỘNG: ĐH: 48.600 KG 4.5 T,,0,1,0,1
,TỔNG CỘNG: ĐH: 48.960 KG 4.0 T,,0,1,0,1
,TỔNG CỘNG: ĐH: 493.812 KG 44.2 T,,0,1,0,1
,TỔNG CỘNG: ĐH: 51.750 KG 4.8 T,,0,1,0,1
,"TỔNG CỘNG: ĐH: 521.280 KG 48.0 T, XXTT: 2 803.960 KG 1 145.0 T",,0,1,0,1
,TỔNG CỘNG: ĐH: 526.800 KG 50.0 T,,0,1,0,1
,"TỔNG CỘNG: ĐH: 540.000 KG 50.0 T, XXTT: 3 487.360 KG 1 410.0 T",,0,1,0,1
,TỔNG CỘNG: ĐH: 54.000 KG 5.0 T,,0,1,0,1
,"TỔNG CỘNG: ĐH: 541.440 KG 50.0 T, XXTT: 2 487.960 KG 1 055.0 T",,0,1,0,1
,"TỔNG CỘNG: ĐH: 550.080 KG 50.0 T, XXTT: 2 674.100 KG 989.0 T",,0,1,0,1
,TỔNG CỘNG: ĐH: 563.700 KG 52.2 T,,0,1,0,1
,TỔNG CỘNG: ĐH: 61.200 KG 5.0 T,,0,1,0,1
,"TỔNG CỘNG: ĐH: 73.440 KG 6.0 T, XXTT: 817.880 KG 320.0 T",,0,1,0,1
,TỔNG CỘNG: ĐH: 75.600 KG 7.0 T,,0,1,0,1
,"TỔNG CỘNG: ĐH: 807.696 KG 75.0 T, XXTT: 2 837.400 KG 1 145.0 T",,0,1,0,1
,TỔNG CỘNG: ĐH: 87.300 KG 7.9 T,,0,1,0,1
,"TỔNG CỘNG: ĐH: 888.720 KG 65.0 T, XXTT: 2 286.000 KG 900.0 T",,0,1,0,1
,TỔNG CỘNG: ĐH: 91.800 KG 7.5 T,,0,1,0,1
,TỔNG CỘNG: ĐH: 938.640 KG 80.0 T,,0,1,0,1
,"TỔNG CỘNG: ĐH: 95.280 KG 5.0 T, XXTT: 2 750.408 KG 1 006.0 T, GV: 48.000 KG 5.0 T",,0,1,0,1
,"TỔNG CỘNG: ĐH: 979.200 KG 90.0 T, XXTT: 1 478.480 KG 555.0 T",,0,1,0,1
,TỔNG CỘNG: ĐH: 99.300 KG 9.2 T,,0,1,0,1
,TỔNG CỘNG: GL: 0.640 KG 0.2 T,,0,1,0,1
,TỔNG CỘNG: GL: 3.840 KG 1.2 T,,0,1,0,1
,TỔNG CỘNG: GV: 2.800 KG 0.3 T,,0,1,0,1
,TỔNG CỘNG: GV: 3.600 KG 0.4 T,,0,1,0,1
,TỔNG CỘNG: GV: 6.200 KG 0.6 T,,0,1,0,1
,TỔNG CỘNG: GV: 7.800 KG 0.8 T,,0,1,0,1
,"TỔNG CỘNG: LX: 100.000 KG 10.0 T, ĐH: 259.680 KG 25.0 T, XXTT: 9 281.080 KG 3 755.0 T, GV: 48.000 KG 5.0 T",,0,1,0,1
,"TỔNG CỘNG: LX: 100.000 KG 10.0 T, ĐH: 264.000 KG 25.0 T, XXTT: 815.104 KG 218.0 T",,0,1,0,1
,"TỔNG CỘNG: LX: 100.000 KG 10.0 T, ĐH: 33.840 KG 3.0 T, XXTT: 1 213.080 KG 355.0 T",,0,1,0,1
,"TỔNG CỘNG: LX: 100.000 KG 10.0 T, XXTT: 2 529.000 KG 912.0 T",,0,1,0,1
,"TỔNG CỘNG: LX: 20.000 KG 2.0 T, ĐH: 1 162.560 KG 100.0 T, XXTT: 3 299.440 KG 1 350.0 T",,0,1,0,1
,"TỔNG CỘNG: LX: 20.000 KG 2.0 T, ĐH: 547.200 KG 50.0 T, XXTT: 2 922.000 KG 1 047.0 T",,0,1,0,1
,TỔNG CỘNG: LX: 30.000 KG 3.0 T,,0,1,0,1
,"TỔNG CỘNG: LX: 30.000 KG 3.0 T, ĐH: 540.000 KG 50.0 T, XXTT: 1 108.000 KG 285.0 T",,0,1,0,1
,"TỔNG CỘNG: LX: 30.000 KG 3.0 T, ĐH: 540.000 KG 50.0 T, XXTT: 1 357.320 KG 481.0 T",,0,1,0,1
,"TỔNG CỘNG: LX: 30.000 KG 3.0 T, ĐH: 540.000 KG 50.0 T, XXTT: 4 641.200 KG 1 815.0 T",,0,1,0,1
,"TỔNG CỘNG: LX: 30.000 KG 3.0 T, ĐH: 842.400 KG 78.0 T, XXTT: 3 344.700 KG 1 246.0 T",,0,1,0,1
,"TỔNG CỘNG: LX: 30.000 KG 3.0 T, XXTT: 143.000 KG 35.0 T",,0,1,0,1
,"TỔNG CỘNG: LX: 30.000 KG 3.0 T, XXTT: 646.520 KG 190.0 T",,0,1,0,1
,"TỔNG CỘNG: LX: 40.000 KG 4.0 T, XXTT: 135.840 KG 40.0 T",,0,1,0,1
,"TỔNG CỘNG: LX: 40.000 KG 4.0 T, XXTT: 2 003.240 KG 811.0 T",,0,1,0,1
,"TỔNG CỘNG: LX: 40.000 KG 4.0 T, XXTT: 891.840 KG 255.0 T",,0,1,0,1
,"TỔNG CỘNG: LX: 50.000 KG 5.0 T, ĐH: 112.800 KG 10.0 T, XXTT: 2 552.340 KG 854.0 T",,0,1,0,1
,"TỔNG CỘNG: LX: 50.000 KG 5.0 T, ĐH: 182.160 KG 15.0 T",,0,1,0,1
,"TỔNG CỘNG: LX: 50.000 KG 5.0 T, ĐH: 270.000 KG 25.0 T, XXTT: 3 268.760 KG 1 185.0 T",,0,1,0,1
,"TỔNG CỘNG: LX: 50.000 KG 5.0 T, ĐH: 514.800 KG 47.0 T, XXTT: 2 070.080 KG 860.0 T",,0,1,0,1
,"TỔNG CỘNG: LX: 50.000 KG 5.0 T, ĐH: 540.000 KG 50.0 T, XXTT: 2 616.600 KG 986.0 T",,0,1,0,1
,"TỔNG CỘNG: LX: 50.000 KG 5.0 T, ĐH: 540.000 KG 50.0 T, XXTT: 2 982.280 KG 1 155.0 T",,0,1,0,1
,"TỔNG CỘNG: LX: 50.000 KG 5.0 T, ĐH: 678.720 KG 50.0 T, XXTT: 1 374.576 KG 594.0 T",,0,1,0,1
,"TỔNG CỘNG: LX: 50.000 KG 5.0 T, XXTT: 112.200 KG 30.0 T",,0,1,0,1
,"TỔNG CỘNG: LX: 50.000 KG 5.0 T, XXTT: 1 964.760 KG 855.0 T",,0,1,0,1
,"TỔNG CỘNG: LX: 50.000 KG 5.0 T, XXTT: 2 378.500 KG 937.0 T",,0,1,0,1
,"TỔNG CỘNG: LX: 50.000 KG 5.0 T, XXTT: 3 281.640 KG 1 385.0 T",,0,1,0,1
,"TỔNG CỘNG: LX: 50.000 KG 5.0 T, XXTT: 3 946.800 KG 1 520.0 T",,0,1,0,1
,"TỔNG CỘNG: LX: 70.000 KG 7.0 T, ĐH: 1 874.160 KG 125.0 T, XXTT: 3 652.920 KG 1 411.0 T",,0,1,0,1
,"TỔNG CỘNG: LX: 80.000 KG 8.0 T, ĐH: 1 773.888 KG 138.0 T, XXTT: 2 413.500 KG 860.0 T",,0,1,0,1
,TỔNG CỘNG: LX: 860.000 KG 86.0 T,,0,1,0,1
,TỔNG CỘNG: TN: 7.500 KG,,0,1,0,1
,TỔNG CỘNG: XXT: 100.000 KG,,0,15,0,15
,TỔNG CỘNG: XXT: 10.000 KG,,0,2,0,2
,TỔNG CỘNG: XXT: 105.000 KG,,0,1,0,1
,TỔNG CỘNG: XXT: 106.500 KG,,0,1,0,1
,TỔNG CỘNG: XXT: 115.000 KG,,0,3,0,3
,TỔNG CỘNG: XXT: 120.000 KG,,0,1,0,1
,TỔNG CỘNG: XXT: 125.000 KG,,0,1,0,1
,TỔNG CỘNG: XXT: 130.000 KG,,0,2,0,2
,TỔNG CỘNG: XXT: 13.000 KG,,0,1,0,1
,TỔNG CỘNG: XXT: 135.000 KG,,0,1,0,1
,TỔNG CỘNG: XXT: 150.000 KG,,0,1,0,1
,TỔNG CỘNG: XXT: 155.000 KG,,0,1,0,1
,TỔNG CỘNG: XXT: 15.500 KG,,0,2,0,2
,TỔNG CỘNG: XXT: 16.000 KG 0.6 T,,0,1,0,1
,TỔNG CỘNG: XXT: 165.000 KG,,0,1,0,1
,TỔNG CỘNG: XXT: 16.500 KG,,0,2,0,2
,TỔNG CỘNG: XXT: 17.000 KG,,0,4,0,4
,TỔNG CỘNG: XXT: 180.000 KG,,0,2,0,2
,TỔNG CỘNG: XXT: 20.500 KG,,0,1,0,1
,TỔNG CỘNG: XXT: 25.000 KG,,0,2,0,2
,TỔNG CỘNG: XXT: 2.500 KG,,0,1,0,1
,TỔNG CỘNG: XXT: 27.500 KG,,0,1,0,1
,TỔNG CỘNG: XXT: 30.000 KG,,0,1,0,1
,TỔNG CỘNG: XXT: 50.000 KG,,0,17,0,17
,TỔNG CỘNG: XXT: 55.000 KG,,0,1,0,1
,TỔNG CỘNG: XXT: 60.000 KG,,0,4,0,4
,TỔNG CỘNG: XXT: 65.000 KG,,0,1,0,1
,TỔNG CỘNG: XXT: 75.000 KG,,0,5,0,5
,TỔNG CỘNG: XXT: 80.000 KG,,0,3,0,3
,TỔNG CỘNG: XXT: 85.000 KG,,0,4,0,4
,TỔNG CỘNG: XXT: 95.000 KG,,0,2,0,2
,TỔNG CỘNG: XXTT: 0.175 KG 0.1 T,,0,1,0,1
,TỔNG CỘNG: XXTT: 0.792 KG 0.2 T,,0,1,0,1
,TỔNG CỘNG: XXTT: 0.840 KG 0.1 T,,0,1,0,1
,TỔNG CỘNG: XXTT: 1.000 KG 0.1 T,,0,1,0,1
,TỔNG CỘNG: XXTT: 102.100 KG 51.0 T,,0,1,0,1
,TỔNG CỘNG: XXTT: 103.200 KG 51.6 T,,0,1,0,1
,TỔNG CỘNG: XXTT: 105.300 KG 52.6 T,,0,2,0,2
,TỔNG CỘNG: XXTT: 1 067.800 KG 305.0 T,,0,1,0,1
,TỔNG CỘNG: XXTT: 1 075.710 KG 467.7 T,,0,1,0,1
,TỔNG CỘNG: XXTT: 110.500 KG 25.0 T,,0,1,0,1
,TỔNG CỘNG: XXTT: 11.400 KG 2.5 T,,0,1,0,1
,TỔNG CỘNG: XXTT: 11.628 KG 2.5 T,,0,1,0,1
,TỔNG CỘNG: XXTT: 1 177.600 KG 512.0 T,,0,1,0,1
,TỔNG CỘNG: XXTT: 118.100 KG 18.0 T,,0,1,0,1
,TỔNG CỘNG: XXTT: 118.500 KG 59.3 T,,0,1,0,1
,TỔNG CỘNG: XXTT: 1.188 KG 0.3 T,,0,1,0,1
,TỔNG CỘNG: XXTT: 12.000 KG 1.5 T,,0,1,0,1
,TỔNG CỘNG: XXTT: 120.800 KG 60.4 T,,0,1,0,1
,TỔNG CỘNG: XXTT: 1 220.000 KG 510.0 T,,0,1,0,1
,TỔNG CỘNG: XXTT: 12.600 KG 1.8 T,,0,1,0,1
,TỔNG CỘNG: XXTT: 126.100 KG 63.0 T,,0,1,0,1
,TỔNG CỘNG: XXTT: 13.000 KG 1.6 T,,0,1,0,1
,TỔNG CỘNG: XXTT: 130.200 KG 65.1 T,,0,1,0,1
,TỔNG CỘNG: XXTT: 1 325.992 KG 426.0 T,,0,1,0,1
,TỔNG CỘNG: XXTT: 134.090 KG 58.3 T,,0,1,0,1
,TỔNG CỘNG: XXTT: 13.680 KG 3.6 T,,0,1,0,1
,TỔNG CỘNG: XXTT: 13.860 KG 3.5 T,,0,1,0,1
,TỔNG CỘNG: XXTT: 140.000 KG 20.0 T,,0,1,0,1
,TỔNG CỘNG: XXTT: 140.000 KG 40.0 T,,0,1,0,1
,TỔNG CỘNG: XXTT: 14.000 KG 1.8 T,,0,1,0,1
,TỔNG CỘNG: XXTT: 1 408.000 KG 615.0 T,,0,1,0,1
,TỔNG CỘNG: XXTT: 14.560 KG 5.4 T,,0,1,0,1
,TỔNG CỘNG: XXTT: 1 468.440 KG 635.0 T,,0,1,0,1
,TỔNG CỘNG: XXTT: 15.000 KG 1.9 T,,0,1,0,1
,TỔNG CỘNG: XXTT: 15.120 KG 2.2 T,,0,1,0,1
,TỔNG CỘNG: XXTT: 15.624 KG 5.8 T,,0,1,0,1
,TỔNG CỘNG: XXTT: 15.840 KG 4.0 T,,0,1,0,1
,TỔNG CỘNG: XXTT: 1.596 KG 0.3 T,,0,1,0,1
,TỔNG CỘNG: XXTT: 16.000 KG 1.0 T,,0,1,0,1
,TỔNG CỘNG: XXTT: 1 610.000 KG 700.0 T,,0,1,0,1
,TỔNG CỘNG: XXTT: 16.100 KG 1.8 T,,0,2,0,2
,TỔNG CỘNG: XXTT: 16.416 KG 3.6 T,,0,1,0,1
,TỔNG CỘNG: XXTT: 166.320 KG 42.0 T,,0,1,0,1
,TỔNG CỘNG: XXTT: 16.800 KG 6.3 T,,0,1,0,1
,TỔNG CỘNG: XXTT: 16.802 KG 5.6 T,,0,2,0,2
,TỔNG CỘNG: XXTT: 17.000 KG 2.1 T,,0,2,0,2
,TỔNG CỘNG: XXTT: 1 701.080 KG 621.0 T,,0,1,0,1
,TỔNG CỘNG: XXTT: 17.328 KG 3.8 T,,0,1,0,1
,TỔNG CỘNG: XXTT: 17.556 KG 3.9 T,,0,1,0,1
,TỔNG CỘNG: XXTT: 18.000 KG 2.3 T,,0,1,0,1
,TỔNG CỘNG: XXTT: 182.800 KG 25.0 T,,0,1,0,1
,TỔNG CỘNG: XXTT: 1 840.000 KG 800.0 T,,0,1,0,1
,TỔNG CỘNG: XXTT: 18.480 KG 2.6 T,,0,1,0,1
,TỔNG CỘNG: XXTT: 18.480 KG 6.9 T,,0,1,0,1
,TỔNG CỘNG: XXTT: 186.328 KG 54.0 T,,0,1,0,1
,TỔNG CỘNG: XXTT: 19.110 KG 4.5 T,,0,1,0,1
,TỔNG CỘNG: XXTT: 193.000 KG 96.5 T,,0,1,0,1
,TỔNG CỘNG: XXTT: 19.608 KG 4.3 T,,0,1,0,1
,TỔNG CỘNG: XXTT: 1 986.000 KG 910.0 T,,0,1,0,1
,TỔNG CỘNG: XXTT: 20.000 KG 2.5 T,,0,1,0,1
,TỔNG CỘNG: XXTT: 2.000 KG 0.3 T,,0,1,0,1
,TỔNG CỘNG: XXTT: 2 002.440 KG 775.0 T,,0,1,0,1
,TỔNG CỘNG: XXTT: 20.160 KG 2.9 T,,0,1,0,1
,TỔNG CỘNG: XXTT: 2 023.440 KG 545.0 T,,0,1,0,1
,TỔNG CỘNG: XXTT: 210.800 KG 105.4 T,,0,1,0,1
,TỔNG CỘNG: XXTT: 21.448 KG 8.0 T,,0,1,0,1
,TỔNG CỘNG: XXTT: 21.504 KG 8.0 T,,0,1,0,1
,TỔNG CỘNG: XXTT: 21.616 KG 8.0 T,,0,1,0,1
,TỔNG CỘNG: XXTT: 221.200 KG 110.6 T,,0,1,0,1
,TỔNG CỘNG: XXTT: 2 222.200 KG 880.0 T,,0,1,0,1
,TỔNG CỘNG: XXTT: 223.820 KG 58.9 T,,0,1,0,1
,TỔNG CỘNG: XXTT: 2 267.160 KG 825.0 T,,0,1,0,1
,TỔNG CỘNG: XXTT: 22.680 KG 3.2 T,,0,3,0,3
,TỔNG CỘNG: XXTT: 2 290.400 KG 885.0 T,,0,1,0,1
,TỔNG CỘNG: XXTT: 2 300.000 KG 1 000.0 T,,0,1,0,1
,TỔNG CỘNG: XXTT: 23.000 KG 2.9 T,,0,1,0,1
,TỔNG CỘNG: XXTT: 2 307.520 KG 915.0 T,,0,1,0,1
,TỔNG CỘNG: XXTT: 23.520 KG 3.4 T,,0,1,0,1
,TỔNG CỘNG: XXTT: 23.744 KG 8.8 T,,0,1,0,1
,TỔNG CỘNG: XXTT: 2 413.000 KG 950.0 T,,0,1,0,1
,TỔNG CỘNG: XXTT: 2 425.520 KG 1 035.0 T,,0,1,0,1
,TỔNG CỘNG: XXTT: 24.800 KG 12.4 T,,0,1,0,1
,TỔNG CỘNG: XXTT: 25.000 KG 3.1 T,,0,2,0,2
,TỔNG CỘNG: XXTT: 2 515.000 KG 1 060.0 T,,0,1,0,1
,TỔNG CỘNG: XXTT: 2 649.600 KG 984.0 T,,0,1,0,1
,TỔNG CỘNG: XXTT: 26.880 KG 10.0 T,,0,1,0,1
,TỔNG CỘNG: XXTT: 27.720 KG 4.0 T,,0,1,0,1
,TỔNG CỘNG: XXTT: 27.920 KG 4.3 T,,0,1,0,1
,TỔNG CỘNG: XXTT: 2 805.064 KG 1 193.0 T,,0,1,0,1
,"TỔNG CỘNG: XXTT: 28.350 KG 8.1 T, GV: 10.800 KG 1.1 T",,0,1,0,1
,TỔNG CỘNG: XXTT: 296.336 KG 87.0 T,,0,1,0,1
,TỔNG CỘNG: XXTT: 29.700 KG 8.3 T,,0,1,0,1
,TỔNG CỘNG: XXTT: 2 990.000 KG 1 300.0 T,,0,1,0,1
,TỔNG CỘNG: XXTT: 30.096 KG 7.6 T,,0,1,0,1
,TỔNG CỘNG: XXTT: 30.625 KG 8.8 T,,0,1,0,1
,TỔNG CỘNG: XXTT: 3 125.000 KG 1 330.0 T,,0,1,0,1
,TỔNG CỘNG: XXTT: 31.680 KG 8.0 T,,0,1,0,1
,TỔNG CỘNG: XXTT: 3.174 KG 1.0 T,,0,1,0,1
,TỔNG CỘNG: XXTT: 319.200 KG 70.0 T,,0,1,0,1
,TỔNG CỘNG: XXTT: 32.000 KG 2.0 T,,0,1,0,1
,TỔNG CỘNG: XXTT: 32.868 KG 8.3 T,,0,1,0,1
,TỔNG CỘNG: XXTT: 3 290.000 KG 1 420.0 T,,0,1,0,1
,TỔNG CỘNG: XXTT: 3 326.940 KG 1 325.0 T,,0,1,0,1
,TỔNG CỘNG: XXTT: 345.000 KG 150.0 T,,0,1,0,1
,TỔNG CỘNG: XXTT: 3 464.800 KG 1 330.0 T,,0,1,0,1
,TỔNG CỘNG: XXTT: 3 499.640 KG 1 294.0 T,,0,1,0,1
,TỔNG CỘNG: XXTT: 35.244 KG 8.9 T,,0,1,0,1
,TỔNG CỘNG: XXTT: 35.640 KG 9.0 T,,0,1,0,1
,TỔNG CỘNG: XXTT: 358.080 KG 60.0 T,,0,1,0,1
,TỔNG CỘNG: XXTT: 377.660 KG 164.2 T,,0,1,0,1
,TỔNG CỘNG: XXTT: 37.800 KG 10.5 T,,0,1,0,1
,TỔNG CỘNG: XXTT: 38.412 KG 9.7 T,,0,1,0,1
,TỔNG CỘNG: XXTT: 3.876 KG 0.8 T,,0,1,0,1
,TỔNG CỘNG: XXTT: 3 898.300 KG 1 595.0 T,,0,1,0,1
,TỔNG CỘNG: XXTT: 4 042.760 KG 1 670.0 T,,0,1,0,1
,TỔNG CỘNG: XXTT: 420.000 KG 110.0 T,,0,1,0,1
,TỔNG CỘNG: XXTT: 4.200 KG 0.6 T,,0,1,0,1
,TỔNG CỘNG: XXTT: 45.900 KG 6.4 T,,0,1,0,1
,TỔNG CỘNG: XXTT: 49.000 KG 14.0 T,,0,1,0,1
,TỔNG CỘNG: XXTT: 4.928 KG 1.8 T,,0,1,0,1
,TỔNG CỘNG: XXTT: 50.688 KG 12.8 T,,0,1,0,1
,TỔNG CỘNG: XXTT: 53.350 KG 14.9 T,,0,1,0,1
,TỔNG CỘNG: XXTT: 54.000 KG 7.5 T,,0,1,0,1
,TỔNG CỘNG: XXTT: 542.800 KG 151.0 T,,0,1,0,1
,TỔNG CỘNG: XXTT: 5.460 KG 1.3 T,,0,1,0,1
,TỔNG CỘNG: XXTT: 55.440 KG 14.0 T,,0,1,0,1
,TỔNG CỘNG: XXTT: 5.544 KG 1.4 T,,0,1,0,1
,TỔNG CỘNG: XXTT: 559.820 KG 243.4 T,,0,1,0,1
,TỔNG CỘNG: XXTT: 566.490 KG 246.3 T,,0,2,0,2
,TỔNG CỘNG: XXTT: 5.727 KG 1.7 T,,0,1,0,1
,TỔNG CỘNG: XXTT: 57.600 KG 8.0 T,,0,1,0,1
,TỔNG CỘNG: XXTT: 583.625 KG 253.8 T,,0,1,0,1
,TỔNG CỘNG: XXTT: 59.400 KG 16.5 T,,0,1,0,1
,TỔNG CỘNG: XXTT: 594.895 KG 258.6 T,,0,1,0,1
,TỔNG CỘNG: XXTT: 600.000 KG 300.0 T,,0,1,0,1
,TỔNG CỘNG: XXTT: 60.100 KG 16.8 T,,0,1,0,1
,TỔNG CỘNG: XXTT: 613.295 KG 266.6 T,,0,1,0,1
,TỔNG CỘNG: XXTT: 6.156 KG 1.4 T,,0,1,0,1
,TỔNG CỘNG: XXTT: 625.715 KG 272.1 T,,0,1,0,1
,TỔNG CỘNG: XXTT: 639.975 KG 278.3 T,,0,1,0,1
,TỔNG CỘNG: XXTT: 642.600 KG 135.0 T,,0,1,0,1
,TỔNG CỘNG: XXTT: 67.716 KG 17.1 T,,0,1,0,1
,TỔNG CỘNG: XXTT: 690.000 KG 300.0 T,,0,1,0,1
,TỔNG CỘNG: XXTT: 70.000 KG 10.0 T,,0,1,0,1
,TỔNG CỘNG: XXTT: 705.525 KG 306.8 T,,0,1,0,1
,TỔNG CỘNG: XXTT: 713.000 KG 310.0 T,,0,1,0,1
,TỔNG CỘNG: XXTT: 72.000 KG 20.0 T,,0,1,0,1
,TỔNG CỘNG: XXTT: 74.300 KG 37.1 T,,0,1,0,1
,TỔNG CỘNG: XXTT: 7.524 KG 1.6 T,,0,1,0,1
,TỔNG CỘNG: XXTT: 75.600 KG 21.0 T,,0,1,0,1
,TỔNG CỘNG: XXTT: 774.640 KG 336.8 T,,0,1,0,1
,TỔNG CỘNG: XXTT: 782.000 KG 340.0 T,,0,1,0,1
,TỔNG CỘNG: XXTT: 78.700 KG 39.4 T,,0,1,0,1
,TỔNG CỘNG: XXTT: 787.200 KG 260.0 T,,0,1,0,1
,TỔNG CỘNG: XXTT: 800.000 KG 400.0 T,,0,1,0,1
,TỔNG CỘNG: XXTT: 817.800 KG 220.0 T,,0,1,0,1
,TỔNG CỘNG: XXTT: 824.776 KG 306.0 T,,0,1,0,1
,TỔNG CỘNG: XXTT: 90.450 KG 25.1 T,,0,1,0,1
,TỔNG CỘNG: XXTT: 964.850 KG 419.5 T,,0,1,0,1
,TỔNG CỘNG: XXTT: 9.800 KG 3.6 T,,0,1,0,1
,TỔNG PHÂN TÍCH NƯỚC TIỂU (BẰNG MÁY TỰ ĐỘNG),Lần,0,1,0,1
,TP RTM CTY HOANG HUY PHAT,,0,2,0,2
,TRAMADOL,Ống,0,1,0,1
,TRÀ SỮA THÁI ĐỎ TRÂN CHÂU ĐEN,Ly,0,1,0,1
,TRỨNG CÁ HỒI,Gram,0,1,0,1
,TỦ HỒ SƠ,Cái,0,1,0,1
,TÚI ĐỰNG NƯỚC TIỂU ECO 2000ML/ 155-210201,Cái,0,1,0,1
,TƯƠNG CÀ 10G,Gói,0,40000,0,40000
,TƯƠNG CÀ 830G,Chai,0,480,0,480
,"TƯƠNG CÀ CHAI PET 2 ,1KG",Chai,0,5340,0,5340
,"TƯƠNG CÀ CHAI PET 2,1KG",Chai,0,17700,0,17700
,TƯƠNG CÀ CHAI PET 270 G,Chai,0,31704,0,31704
,TƯƠNG CÀ CHAI PET 270G,Chai,0,34999,0,34999
,TƯƠNG CÀ CHAI PET 830G,Chai,0,2016,0,2016
,TƯƠNG CÀ GÓI 10G,Gói,0,168000,0,168000
,"TƯƠNG CHUA NGỌT PET 2,1 KG",Chai,0,1200,0,1200
,TƯƠNG CHUA NGỌT PET 270 G,Chai,0,672,0,672
,TƯƠNG CHUA NGỌT PET 830 G,Chai,0,48,0,48
,TƯƠNG ĐEN 2.1KG,Chai,0,54,0,54
,TƯƠNG ĐEN 230G,Chai,0,1784,0,1784
,TƯƠNG ĐEN PHỞ 2.1KG,Chai,0,90,0,90
,TƯƠNG ĐEN PHỞ 230G,Chai,0,104940,0,104940
,TƯƠNG ĐEN PHỞ 520G,Chai,0,3552,0,3552
,TƯƠNG HỘT 250G,Hũ,0,1008,0,1008
,TƯƠNG HỘT PET 250G,Hũ,0,2556,0,2556
,TƯƠNG ỚT 5KG,Bình,0,1191,0,1191
,TƯƠNG ỚT CAY NỒNG PET 270G,Chai,0,24,0,24
,TƯƠNG ỚT GÓI 10G,Gói,0,236000,0,236000
,TƯƠNG ỚT NẮP XUÔI 250G,Chai,0,5760,0,5760
,TƯƠNG ỚT PET 130G,Chai,0,192,0,192
,"TƯƠNG ỚT PET 2,1 KG",Chai,0,25184,0,25184
,TƯƠNG ỚT PET 270 G,Chai,0,37701,0,37701
,TƯƠNG ỚT PET 270G,Chai,0,54206,0,54206
,TƯƠNG ỚT PET 830 G,Chai,0,7848,0,7848
,TƯƠNG ỚT PHỞ 230G,Chai,0,72,0,72
,TƯƠNG ỚT PHỞ 230GR,Chai,0,72,0,72
,TƯƠNG ỚT SIÊU CAY 330G,Chai,0,5908,0,5908
,TƯƠNG ỚT TỰ NHIÊN 330G,Chai,0,648,0,648
,"TƯƠNG XÍ MUỘI PET 2,1 KG",Chai,0,360,0,360
,"TƯƠNG XÍ MUỘI PET 2,1KG",Chai,0,522,0,522
,TƯƠNG XÍ MUỘI PET 270 G,Chai,0,840,0,840
,TƯƠNG XÍ MUỘI PET 270G,Chai,0,1704,0,1704
,"VASOFIX SAFETY FEP 18G,1.75 IN., 1.3X45MM/ 4268130S-03",Cái,0,1,0,1
,VÉ MÁY BAY CXR-SGN,VÉ,0,1,0,1
,VÉ MÁY BAY PXU-SGN,VÉ,0,5,0,5
,VÉ MÁY BAY PXU-SGN-DAD,VÉ,0,2,0,2
,VÉ MÁY BAY PXU-SGN-NHA,VÉ,0,1,0,1
,VÉ MÁY BAY PXU-SGN-PXU,VÉ,0,11,0,11
,VÉ MÁY BAY SGN-NHA,VÉ,0,1,0,1
,VÉ MÁY BAY SGN-PXU,VÉ,0,5,0,5
,VÉ TÀU,Cái,0,7,0,7
,VỊT QUAY TIÊU ( 1/2 CON ),Phần,0,1,0,1
,VOLTAREN,Viên,0,11,0,11
,VS BÒ 2 LÁT 3B.MAI 150G,Hộp,0,0,8420,-8420
,VS BÒ 2 LÁT HỘP 170G,Hộp,0,0,338,-338
,VS BÒ 2 LÁT (LON IN) HỘP 170G,Hộp,0,0,420,-420
,VS BÒ HẦM 150G,Hộp,0,0,22517,-22517
,VS BÒ HẦM 397G,Hộp,0,0,4298,-4298
,VS BÒ HẦM ( LON IN ) HỘP 150G,Hộp,0,0,1604,-1604
,VS BÒ XỐT CÀ HỘP 170G,Hộp,0,0,1,-1
,VS CÁ NGỪ XỐT DẦU HỘP 170G,Hộp,0,0,2498,-2498
,VS CÁ XỐT CÀ HỘP 170G,Hộp,0,0,570,-570
,VS CÁ XỐT CÀ MAI VÀNG HỘP 150G,Hộp,0,0,2891,-2891
,VS CHẢ GIÒ ALN HŨ 250G,Hũ,0,0,992,-992
,VS ĐL BA RỌI HEO NKĐL (WRAP),Kg,0,0,6,-6
,VS ĐL BA RỌI SỐT TIÊU ĐEN GÓI 500G,Gói,0,0,15,-15
,VS ĐL BA RỌI ƯỚP GIA VỊ GÓI 500G,Gói,0,0,3,-3
,VS ĐL BA RỌI XỐT MẬT ONG GÓI 500G,Gói,0,0,47,-47
,VS ĐL BA RỌI XỐT SA TẾ GÓI 500G,Gói,0,0,16,-16
,VS ĐL BÒ TRỘN LÁ LỐT GÓI 200G,Gói,0,0,40,-40
,VS ĐL BÒ VIÊN 3 NGON GÓI 500G,Gói,0,0,1640,-1640
,VS ĐL BÒ VIÊN GÓI 200G,Gói,0,0,61,-61
,VS ĐL CÁ VIÊN 3 NGON GÓI 500G,Gói,0,0,518,-518
,VS ĐL CÁ VIÊN FUNNY GÓI 250G (1T=30G),Gói,0,0,50,-50
,VS ĐL CÁ VIÊN FUNNY GÓI 500G (1T=30G),Gói,0,0,1264,-1264
,VS ĐL CÁ VIÊN GÓI 200G,Gói,0,0,2675,-2675
,VS ĐL CÁ VIÊN ỚT XIÊM XANH GÓI 500G,Gói,0,0,136,-136
,VS ĐL CÁ VIÊN PHÔ MAI GÓI 200G,Gói,0,0,5,-5
,VS ĐL CHẢ GIÒ CHAY GÓI 500G,Gói,0,0,23,-23
,VS ĐL CHẢ GIÒ CON TÔM GÓI 250G,Gói,0,0,24,-24
,VS ĐL CHẢ GIÒ DA XỐP GÓI 400G,Gói,0,0,5,-5
,VS ĐL CHẢ GIÒ HẢI SẢN GÓI 500G,Gói,0,0,82,-82
,VS ĐL CHẢ GIÒ NẤM NGŨ VỊ VISSAN GÓI 400G,Gói,0,0,46,-46
,VS ĐL CHẢ GIÒ PARTY GÓI 1.4KG,Gói,0,0,7,-7
,VS ĐL CHẢ GIÒ RẾ CHAY GÓI 500G,Gói,0,0,27,-27
,VS ĐL CHẢ GIÒ RẾ CON TÔM GÓI 300G,Gói,0,0,54,-54
,VS ĐL CHẢ GIÒ RẾ THỊT GÓI 500G,Gói,0,0,25,-25
,VS ĐL CHẢ GIÒ RẾ TÔM CUA GÓI 250G,Gói,0,0,29,-29
,VS ĐL CHẢ GIÒ RẾ TÔM CUA GÓI 500G,Gói,0,0,20,-20
,VS ĐL CHẢ GIÒ THỊT ĐB GÓI 400G,Gói,0,0,5,-5
,VS ĐL CHẢ GIÒ THỊT GÓI 500G,Gói,0,0,5,-5
,VS ĐL CHẢ GIÒ TÔM CUA GÓI 500G,Gói,0,0,39,-39
,VS ĐL CHẢ GIÒ TÔM- HẠT SEN GÓI 320G,Gói,0,0,2,-2
,VS ĐL CỐT LẾT HEO CẮT LÁT NKĐL ( WRAP),Kg,0,0,5,-5
,VS ĐL CỐT LẾT ƯỚP GIA VỊ GÓI 200G,Gói,0,0,12,-12
,VS ĐL CỐT LẾT ƯỚP GIA VỊ GÓI 500G,Gói,0,0,95,-95
,VS ĐL CỐT LẾT XỐT MẬT ONG GÓI 500G,Gói,0,0,6,-6
,VS ĐL CỐT LẾT XỐT SA TẾ GÓI 500G,Gói,0,0,22,-22
,VS ĐL CỐT LẾT XỐT TIÊU ĐEN GÓI 500G,Gói,0,0,20,-20
,VS ĐL DỒI SỤN GIÒN GÓI 250G,Gói,0,0,32,-32
,VS ĐL DỒI SỤN GIÒN GÓI 500G,Gói,0,0,16,-16
,VS ĐL GIÒ LỤA ĐẶC BIỆT CÂY 500G,Cây,0,0,2,-2
,VS ĐL GIÒ LỤA HƯƠNG QUÊ CÂY 500G,Cây,0,0,10,-10
,VS ĐL GIÒ SỤN ỚT XIÊM XANH_CÂY 500G,Cây,0,0,14,-14
,VS ĐL HÁ CẢO GÓI 250G,Gói,0,0,15,-15
,VS ĐL HÁ CẢO THANH LONG GÓI 300G,Gói,0,0,21,-21
,VS ĐL HÁ CẢO THỊT GÓI 300G,Gói,0,0,53,-53
,VS ĐL HÁ CẢO TÔM GÓI 300G,Gói,0,0,66,-66
,VS ĐL HOÀNH THÁNH ĐẶC BIỆT GÓI 200G,Gói,0,0,30,-30
,VS ĐL HOÀNH THÁNH GÓI 200G,Gói,0,0,2,-2
,VS ĐL NEM LỤI- HỘP 300G,Hộp,0,0,109,-109
,VS ĐL NEM NƯỚNG ĐÔNG LẠNH GÓI 400G,Gói,0,0,15,-15
,VS ĐL SƯỜN NON ƯỚP GIA VỊ GÓI 500G,Gói,0,0,31,-31
,VS ĐL SƯỜN NON XỐT MẬT ONG GÓI 500G,Gói,0,0,18,-18
,VS ĐL TÔM VIÊN FUNNY GÓI 250G ( ĐL),Gói,0,0,729,-729
,VS ĐL TÔM VIÊN FUNNY GÓI 500G ( ĐL),Gói,0,0,315,-315
,VS ĐL XÚC XÍCH FUNNY GÓI 500G,Gói,0,0,11441,-11441
,VS ĐL XÚC XÍCH HAPPY GÓI 500G,Gói,0,0,570,-570
,VS ĐL XÚC XÍCH HỒ LÔ GÓI 200G,Gói,0,0,10,-10
,VS ĐL XÚC XÍCH LUCKY GÓI 500G,Gói,0,0,128,-128
,VS ĐL XÚC XÍCH LUCKY PHÔ MAI 10 CÂY- GÓI 500G,Gói,0,0,20,-20
,VS ĐL XÚC XÍCH SỤN GIÒN 500G,Gói,0,0,15,-15
,VS ĐL XÚC XÍCH SỤN GIÒN- GÓI 250G ĐL,Gói,0,0,66,-66
,VS ĐL XXTT PHÔ MAI 35-GÓI 175,Kg,0,0,25,-25
,VS ĐL XXTT SUPPER 5 GÓI 150G,Kg,0,0,30,-30
,VS HẠT NÊM CHUẨN VỊ THỊT GÓI 1KG 1/10G,Gói,0,0,11,-11
,VS HẠT NÊM CHUẨN VỊ THỊT GÓI 200G 1/24G,Thùng,0,0,11,-11
,VS HEO 2 LÁT 3 B.MAI 150G,Hộp,0,0,52898,-52898
,VS HEO 2 LÁT HỘP 150G,Hộp,0,0,9678,-9678
,VS HEO 2 LÁT (LON IN) HỘP 150G,Hộp,0,0,420,-420
,VS HEO HẦM 150G,Hộp,0,0,43080,-43080
,VS HEO HẦM 397G,Hộp,0,0,7099,-7099
,VS HEO HẦM 3BM 150G,Hộp,0,0,1290,-1290
,VS HEO HẦM HỘP,Hộp,0,0,72,-72
,VS HEO HẦM (LON IN ) HỘP 150G,Hộp,0,0,862,-862
,VS (KM) BÒ 2 LÁT 3 B.MAI 150G (KM),Lon,0,0,339,-339
,VS KM BÒ 2 LÁT HỘP 170G,Hộp,0,0,15,-15
,VS (KM) BÒ HẦM 150G (KM),Hộp,0,0,2003,-2003
,VS (KM) BÒ HẦM 397G (KM),Hộp,0,0,408,-408
,VS KM BÒ HẦM ( LON IN ) HỘP 150G,Lon,0,0,650,-650
,VS (KM) BÒ KHO 200G (KM),Hộp,0,0,240,-240
,VS KM CÁ XỐT CÀ 170G,Hộp,0,0,1898,-1898
,VS (KM) CÁ XỐT CÀ MAI VÀNG HỘP 150G (KM),Lon,0,0,504,-504
,VS KM ĐL XÚC XÍCH FUNNY GÓI 500G,Gói,0,0,372,-372
,VS (KM) HẠT NÊM CHUẨN VỊ THỊT GÓI 200G (KM),Gói,0,0,180,-180
,VS KM HEO 2 LÁT 3 B.MAI 150G,Hộp,0,0,4408,-4408
,VS KM HEO 2 LÁT HỘP 150G ( KM),Lon,0,0,622,-622
,VS KM HEO HẦM 150G ( KM),Lon,0,0,4008,-4008
,VS (KM) HEO HẦM 397G (KM),Lon,0,0,480,-480
,VS (KM) PATÊ GAN HEO 170G (KM),Hộp,0,0,148,-148
,VS (KM) PATÊ GAN HEO 170G (KM) (XUẤT TRẢ THƯỞNG CT TRƯNG BÀY HẠT NÊM ĐỢT 5 TỪ 16/09 - 15/10/2022 KV TÂY NGUYÊN KHÔNG THU TIỀN),Hộp,0,0,10,-10
,VS (KM) PATÊ GAN HEO 170G (KM) (XUẤT TRẢ THƯỞNG CT TRƯNG BÀY HẠT NÊM ĐỢT 6 TỪ 16/10 - 15/11/2022 KV TÂY NGUYÊN KHÔNG THU TIỀN),Hộp,0,0,100,-100
,VS (KM) PATÊ THỊT HEO 170G (KM),Hộp,0,0,647,-647
,VS KM XX TOKBOKKI XỐT CHUA NGỌT_69G,Ly,0,0,553,-553
,VS KM XXTT BÒ 40G (GÓI) (KM),Gói,0,0,15,-15
,VS KM XXTT BÒ 70G (GÓI),Gói,0,0,609,-609
,VS (KM) XXTT BOOM BOOM 18G-CA NHỰA 900G (KM),Ca,0,0,174,-174
,VS (KM) XXTT BOOM BOOM 20G-GÓI 100G,Gói,0,0,17219,-17219
,VS (KM) XXTT BOOM BOOM 20G( HŨ 1 KG) (KM),Hũ,0,0,201,-201
,VS (KM) XXTT BOOM BOOM 23G GÓI,Gói,0,0,79618,-79618
,"VS (KM) XXTT BOOM BOOM 23G( HŨ 1,15 KG) (KM)",Hũ,0,0,28,-28
,VS (KM) XXTT BOOM BOOM 35G (5+1)-GÓI 210G,Gói,0,0,76,-76
,VS (KM) XXTT BOOM BOOM 38G (5+1)-GÓI 228GR (KM),Gói,0,0,496,-496
,VS (KM) XXTT BOOM BOOM 38G (KM),Cây,0,0,8715,-8715
,VS KM XXTT DINH DƯỠNG GOLDEN 3 (KM),Gói,0,0,1942,-1942
,VS KM XXTT DINH DƯỠNG GOLDEN 3 (KM) (XUẤT HÀNG DÙNG THỬ XX DINH DƯỠNG GOLDEN 3 TỪ 25/03-15/04/2023 KHU VỰC TÂY NGUYÊN KHÔNG THU TIỀN),Gói,0,0,70,-70
,VS KM XXTT DINH DƯỠNG HEO 175G( DHA HEO 35G) KM,Cây,0,0,3480,-3480
,VS (KM) XXTT HEO 18G T-3.6KG (KM),Cây,0,0,21800,-21800
,VS KM XXTT HEO 70G (GÓI),Gói,0,0,153,-153
,VS KM XXTT LẮC KÊU VỊ PHÔMAI 56G,Ly,0,0,3008,-3008
,VS (KM) XXTT TRỘN ĐỀU XỐT BBQ_62G (KM),Ly,0,0,133,-133
,VS (KM) XXTT TRỘN ĐỀU XỐT CHANH DÂY 62G (KM),Ly,0,0,416,-416
,VS LẠP XƯỞNG MQL GÓI 200G,Kg,0,0,2395,-2395
,VS LẠP XƯỞNG MQL HỘP 500GR,Kg,0,0,190,-190
,VS LẠP XƯỞNG TÔM GÓI 200G,Kg,0,0,150,-150
,VS LẠP XƯỞNG TÔM HỘP 500G,Kg,0,0,110,-110
,VS MẮM CHƯNG TRỨNG VỊT MUỐI 200G,Hộp,0,0,240,-240
,VS PATÊ GAN HEO 170G,Hộp,0,0,8364,-8364
,VS PATÊ GAN HEO( LON IN )170G,Hộp,0,0,928,-928
,VS PATÊ THỊT HEO 170G,Hộp,0,0,5795,-5795
,VS PATÊ THỊT HEO 397G,Hộp,0,0,954,-954
,VS PATÊ THỊT HEO ( LON IN) 170G,Hộp,0,0,336,-336
,VS SƯỜN HEO NẤU ĐẬU 200G,Hộp,0,0,576,-576
,VS SƯỜN NẤU ĐẬU HỘP 170G,Hộp,0,0,200,-200
,VS SƯỜN NẤU ĐẬU HỘP 170G (LON IN),Hộp,0,0,360,-360
,VS XX TOKBOKKI XỐT CHUA NGỌT_69G,Thùng,0,0,34,-34
,VS XXTT BÒ 18G T-3.6KG,Kg,0,0,6786,-6786
,VS XXTT BÒ 40G- CÂY 40G,Kg,0,0,1520,-1520
,VS XXTT BÒ 70 - CÂY 70G,Kg,0,0,6086,-6086
,VS XXTT BOOM BOOM 18G-CA NHỰA 900G,Ca,0,0,2600,-2600
,VS XXTT BOOM BOOM 20G-GÓI 100G,Kg,0,0,28968,-28968
,VS XXTT BOOM BOOM 20G( HŨ 0.5 KG),Hũ,0,0,750,-750
,VS XXTT BOOM BOOM 20G( HŨ 1 KG),Hũ,0,0,5637,-5637
,VS XXTT BOOM BOOM 23G,Kg,0,0,143551.7,-143551.7
,"VS XXTT BOOM BOOM 23G( HŨ 1,15 KG)",Hũ,0,0,3193,-3193
,VS XXTT BOOM BOOM 35G (5+1)-GÓI 210G,Kg,0,0,452.4,-452.4
,VS XXTT BOOM BOOM 38G,Kg,0,0,41,-41
,VS XXTT BOOM BOOM 38G (5+1)-GÓI 228GR,Kg,0,0,1846.48,-1846.48
,VS XXTT BOOM BOOM 38G-HŨ 1.9KG,Hũ,0,0,932,-932
,VS XXTT DINH DƯỠNG BÒ 175G (DHA BÒ 35G),Kg,0,0,29205.5,-29205.5
,VS XXTT DINH DƯỠNG GOLDEN 3,Kg,0,0,3487.7,-3487.7
,VS XXTT DINH DƯỠNG HEO 175G( DHA HEO 35G),Kg,0,0,17571.5,-17571.5
,VS XXTT DZUI DZUI THÙNG 2.1KG,Kg,0,0,2414.5,-2414.5
,VS XXTT HEO 18G T-3.6KG,Kg,0,0,3672,-3672
,VS XXTT HEO 70 - CÂY 70G,Kg,0,0,2548,-2548
,VS XXTT HEO- BÒ HỘP NHỰA 1KG,Hộp,0,0,528,-528
,VS XXTT HEO CÂY 40G,Kg,0,0,152,-152
,VS XXTT LẮC KÊU TRỘN ĐỀU XỐT TAMARIND 62G,Thùng,0,0,50,-50
,VS XXTT LẮC KÊU VỊ BƠ TÁI 56G,Thùng,0,0,211,-211
,VS XXTT LẮC KÊU VỊ PHÔMAI 56G,Thùng,0,0,1087,-1087
,VS XXTT TRỘN ĐỀU XỐT BBQ_62G,Thùng,0,0,30,-30
,VS XXTT TRỘN ĐỀU XỐT CHANH DÂY 55G,Thùng,0,0,2,-2
,VS XXTT TRỘN ĐỀU XỐT CHANH DÂY 62G,Thùng,0,0,13,-13
,VS XXTT TRỘN ĐỀU XỐT MAYONNAISE VỊ CÀ CHUA 55G,Thùng,0,0,16,-16
,VS XXTT TRỘN ĐỀU XỐT TAMARIND 55G,Thùng,0,0,76,-76
,VS XXTT TRỘN ĐỀU XỐT TAMARIND 62G,Thùng,0,0,552,-552
,XĂNG E5 RON 92-II,Lít,0,86.36,0,86.36
,XĂNG RON95-III,Lít,0,1855.23,0,1855.23
,XĂNG THỬ SUPAP,Lít,0,2,0,2
,XỐT BÒ KHO GÓI 90G,Gói,0,69714,0,69714
,XỐT BÚN BÒ GÓI 90G,Gói,0,16320,0,16320
,XỐT CÁ CHIÊN PET 280 G,Chai,0,96,0,96
,XỐT CÁ CHIÊN PET 280G,Chai,0,336,0,336
,XỐT CÀ CHUA KETCHUP TT330G,Chai,0,624,0,624
,XỐT GÀ CHIÊN NƯỚC MẮM 90G,Gói,0,7337,0,7337
,XỐT LẨU KIM CHI PET 280G,Chai,0,4565,0,4565
,XỐT LẨU NẤM PET 270G,Chai,0,744,0,744
,XỐT LẨU THÁI PET 890G,Bình,0,1164,0,1164
,XỐT MÌ Ý BÒ BẰM 140G,Gói,0,720,0,720
,XỐT MÌ Ý CÀ CHUA 140G,Gói,0,320,0,320
,XỐT RANG ME PET 280G,Chai,0,40660,0,40660
,XỐT SƯỜN XÀO CHUA NGỌT 90G,Gói,0,8285,0,8285
,XỐT TIÊU ĐEN TT 190G,Hủ,0,108,0,108
,XỐT ƯỚP THỊT HQ 190G VỊ TRUYỀN THỐNG,Chai,0,252,0,252
,XỐT ƯỚP THỊT HQ 90G VỊ TRUYỀN THỐNG,Gói,0,3656,0,3656
,XỐT ƯỚP THỊT HQ VỊ CAY 190G,Chai,0,108,0,108
,XỐT ƯỚP THỊT HQ VỊ CAY 90G,Gói,0,2280,0,2280
,XỐT ƯỚP THỊT NƯỚNG 200G,Hũ,0,28380,0,28380
,XỐT ƯỚP THỊT NƯỚNG 600G,Hũ,0,2040,0,2040
,XỐT ƯỚP THỊT NƯỚNG GÓI 70G,Gói,0,358770,0,358770
,XỐT ƯỚP THỊT NƯỚNG TT 200G,Hũ,0,47728,0,47728
,XỐT ƯỚP THỊT NƯỚNG TT 600G,Hũ,0,4284,0,4284
,XỐT ƯỚP XÁ XÍU 70G,Gói,0,4328,0,4328
,XỐT ƯỚP XÁ XÍU GÓI 70G,Gói,0,15955,0,15955
,XỐT ƯỚP XÁ XÍU TT 200G,Hũ,0,6336,0,6336
,XUẤT HÀNG CHƯƠNG TRÌNH THƯỞNG DOANH SỐ XXTT DHA 35GR TỪ 01/12-31/12/2022 KV TÂY NGUYÊN,,0,1,0,1
,XUẤT HÀNG DÙNG THỬ XX DINH DƯỠNG GOLDEN 3 TỪ 25/03-15/04/2023 KHU VỰC TÂY NGUYÊN KHÔNG THU TIỀN,,0,1,0,1
,"XUẤT HÀNG KHUYẾN MÃI CHẢ LỤA QUE 80G, CHẢ LỤA BÌ ỚT XIÊM 80G TỪ 01/11 - 30/11/2023 KV TÂY NGUYÊN KHÔNG THU TIỀN",,0,1,0,1
,XUẤT HÀNG KHUYẾN MÃI CT THẦN TÀI GÕ CỬA VISSAN - TẾT QUÝ MÃO 2023 KV TÂY NGUYÊN KHÔNG THU TIỀN,,0,1,0,1
,XUẤT HÀNG KHUYẾN MÃI ĐỒ HỘP THÁNG 01/2023 KV TÂY NGUYÊN KHÔNG THU TIỀN,,0,1,0,1
,XUẤT HÀNG KHUYẾN MÃI ĐỒ HỘP THÁNG 02/2023 KV TÂY NGUYÊN KHÔNG THU TIỀN,,0,1,0,1
,XUẤT HÀNG KHUYẾN MẠI ĐỒ HỘP THÁNG 03/2023 KV TÂY NGUYÊN KHÔNG THU TIỀN,,0,1,0,1
,XUẤT HÀNG KHUYẾN MÃI ĐỒ HỘP THÁNG 04/2023 KV TÂY NGUYÊN KHÔNG THU TIỀN,,0,1,0,1
,XUẤT HÀNG KHUYẾN MÃI ĐỒ HỘP THÁNG 05/2023 KV TÂY NGUYÊN KHÔNG THU TIỀN,,0,1,0,1
,XUẤT HÀNG KHUYẾN MÃI ĐỒ HỘP THÁNG 06/2023 KV TÂY NGUYÊN KHÔNG THU TIỀN,,0,1,0,1
,XUẤT HÀNG KHUYẾN MÃI ĐỒ HỘP THÁNG 07/2023 KV TÂY NGUYÊN KHÔNG THU TIỀN,,0,1,0,1
,XUẤT HÀNG KHUYẾN MÃI ĐỒ HỘP THÁNG 08/2023 KV TÂY NGUYÊN KHÔNG THU TIỀN,,0,1,0,1
,XUẤT HÀNG KHUYẾN MÃI ĐỒ HỘP THÁNG 09/2023 KV TÂY NGUYÊN KHÔNG THU TIỀN,,0,1,0,1
,XUẤT HÀNG KHUYẾN MÃI ĐỒ HỘP THÁNG 10/2023 KV TÂY NGUYÊN KHÔNG THU TIỀN,,0,1,0,1
,XUẤT HÀNG KHUYẾN MÃI ĐỒ HỘP THÁNG 11/2023 KHÔNG THU TIỀN,,0,1,0,1
,XUẤT HÀNG KHUYẾN MÃI ĐỒ HỘP THÁNG 12/2022 KV TÂY NGUYÊN KHÔNG THU TIỀN,,0,1,0,1
,XUẤT HÀNG KHUYẾN MÃI ĐỒ HỘP TỪ 01/01 - 31/01/2023 KV TÂY NGUYÊN KHÔNG THU TIỀN,,0,1,0,1
,XUẤT HÀNG KHUYẾN MÃI ĐỒ HỘP TỪ 01/10 - 31/10/2023 KV TÂY NGUYÊN KHÔNG THU TIỀN,,0,1,0,1
,XUẤT HÀNG KHUYẾN MÃI ĐỒ HỘP TỪ 04/09 - 30/09/2023 KV TÂY NGUYÊN KHÔNG THU TIỀN,,0,1,0,1
,XUẤT HÀNG KHUYẾN MÃI ĐỒ HỘP TỪ 06/11 - 30/11/2023 KV TÂY NGUYÊN KHÔNG THU TIỀN,,0,1,0,1
,XUẤT HÀNG KHUYẾN MÃI ĐỒ HỘP TỪ 07/04 - 30/04/2023 KV TÂY NGUYÊN KHÔNG THU TIỀN,,0,1,0,1
,XUẤT HÀNG KHUYẾN MÃI ĐỒ HỘP TỪ 08/09 - 30/09/2022 KV TÂY NGUYÊN KHÔNG THU TIỀN,,0,1,0,1
,XUẤT HÀNG KHUYẾN MÃI ĐỒ HỘP TỪ 10/02 - 28/02/2023 KV TÂY NGUYÊN KHÔNG THU TIỀN,,0,1,0,1
,XUẤT HÀNG KHUYẾN MÃI ĐỒ HỘP TỪ 10/05 - 31/05/2023 KV TÂY NGUYÊN KHÔNG THU TIỀN,,0,1,0,1
,XUẤT HÀNG KHUYẾN MÃI ĐỒ HỘP TỪ 10/08 - 31/08/2023 KV TÂY NGUYÊN KHÔNG THU TIỀN,,0,1,0,1
,XUẤT HÀNG KHUYẾN MÃI ĐỒ HỘP TỪ 14/06 - 30/06/2023 KV TÂY NGUYÊN KHÔNG THU TIỀN,,0,1,0,1
,XUẤT HÀNG KHUYẾN MÃI ĐỒ HỘP TỪ 14/12 - 31/12/2022 KV TÂY NGUYÊN KHÔNG THU TIỀN,,0,1,0,1
,XUẤT HÀNG KHUYẾN MÃI ĐỒ HỘP TỪ 15/07 - 31/07/2023 KV TÂY NGUYÊN KHÔNG THU TIỀN,,0,1,0,1
,XUẤT HÀNG KHUYẾN MÃI HẠT NÊM TỪ 01/12 - 22/12/2022 KV TÂY NGUYÊN KHÔNG THU TIỀN,,0,1,0,1
,XUẤT HÀNG KHUYẾN MÃI HẠT NÊM TỪ 23/12 - 23/02/2023 KV TÂY NGUYÊN KHÔNG THU TIỀN,,0,3,0,3
,XUẤT HÀNG KHUYẾN MÃI NGÀNH HÀNG XX FAMILY VÀ CBĐL TỪ 01/06 - 30/06/2023 KHU VỰC TÂY NGUYÊN KHÔNG THU TIỀN,,0,1,0,1
,XUẤT HÀNG KHUYẾN MÃI TLDS XXTT BOOM BOOM TỪ 01/12 ĐẾN 31/12/2022 KV TÂY NGUYÊN KHÔNG THU TIỀN,,0,1,0,1
,XUẤT HÀNG KHUYẾN MÃI TLDS XXTT DHA 35G TỪ 01/12 ĐẾN 31/12/2022 KV TÂY NGUYÊN KHÔNG THU TIỀN,,0,1,0,1
,XUẤT HÀNG KHUYẾN MÃI TLDS XXTT TỪ 01/02 ĐẾN 28/02/2023 KV TÂY NGUYÊN KHÔNG THU TIỀN,,0,1,0,1
,XUẤT HÀNG KHUYẾN MÃI TLDS XXTT TỪ 01/03 ĐẾN 31/03/2023 KV TÂY NGUYÊN KHÔNG THU TIỀN,,0,1,0,1
,XUẤT HÀNG KHUYẾN MÃI TLDS XXTT TỪ 01/04 ĐẾN 30/04/2023 KV TÂY NGUYÊN KHÔNG THU TIỀN,,0,1,0,1
,XUẤT HÀNG KHUYẾN MÃI TLDS XXTT TỪ 01/05 ĐẾN 31/05/2023 KV TÂY NGUYÊN KHÔNG THU TIỀN,,0,1,0,1
,XUẤT HÀNG KHUYẾN MÃI TLDS XXTT TỪ 01/06 ĐẾN 30/06/2023 KV TÂY NGUYÊN KHÔNG THU TIỀN,,0,1,0,1
,XUẤT HÀNG KHUYẾN MÃI TLDS XXTT TỪ 01/12 ĐẾN 31/12/2022 KV TÂY NGUYÊN KHÔNG THU TIỀN,,0,1,0,1
,XUẤT HÀNG KHUYẾN MÃI TLDS XXTT TỪ 14/01 ĐẾN 31/01/2023 KV TÂY NGUYÊN KHÔNG THU TIỀN,,0,1,0,1
,XUẤT HÀNG KHUYẾN MÃI XX DD GOLDEN 3 TỪ 01/04-30/04/2023 KHU VỰC TÂY NGUYÊN KHÔNG THU TIỀN,,0,1,0,1
,XUẤT HÀNG KHUYẾN MÃI XX DD GOLDEN 3 TỪ 01/06-30/06/2023 KHU VỰC TÂY NGUYÊN KHÔNG THU TIỀN,,0,1,0,1
,XUẤT HÀNG KHUYẾN MÃI XX DD GOLDEN 3 TỪ 01/09 - 30/09/2023 KHU VỰC TÂY NGUYÊN KHÔNG THU TIỀN,,0,1,0,1
,XUẤT HÀNG KHUYẾN MÃI XX DD GOLDEN 3 TỪ 01/10 - 31/10/2023 KHU VỰC TÂY NGUYÊN KHÔNG THU TIỀN,,0,1,0,1
,XUẤT HÀNG KHUYẾN MÃI XX DD GOLDEN 3 TỪ 01/11 - 30/11/2023 KHU VỰC TÂY NGUYÊN KHÔNG THU TIỀN,,0,1,0,1
,XUẤT HÀNG KHUYẾN MÃI XX DD GOLDEN 3 TỪ 05/07 - 31/07/2023 KHU VỰC TÂY NGUYÊN KHÔNG THU TIỀN,,0,1,0,1
,XUẤT HÀNG KHUYẾN MÃI XX DD GOLDEN 3 TỪ 10/05-31/05/2023 KHU VỰC TÂY NGUYÊN KHÔNG THU TIỀN,,0,1,0,1
,XUẤT HÀNG KHUYẾN MÃI XX DD GOLDEN 3 TỪ 10/08 - 31/08/2023 KHU VỰC TÂY NGUYÊN KHÔNG THU TIỀN,,0,1,0,1
,XUẤT HÀNG KHUYẾN MÃI XX DD GOLDEN 3 TỪ 20/03-31/03/2023 KHU VỰC TÂY NGUYÊN KHÔNG THU TIỀN,,0,1,0,1
,XUẤT HÀNG KHUYẾN MÃI XX DINH DƯỠNG DHA 35G TỪ 07/04 - 30/04/2023 KV TÂY NGUYÊN KHÔNG THU TIỀN,,0,1,0,1
,XUẤT HÀNG KHUYẾN MÃI XX FUNNY (MÁT) TỪ 01/01 - 31/01/2023 KV TÂY NGUYÊN KHÔNG THU TIỀN,,0,1,0,1
,XUẤT HÀNG KHUYẾN MÃI XX FUNNY (MÁT) TỪ 01/02 - 28/02/2023 KV TÂY NGUYÊN KHÔNG THU TIỀN,,0,1,0,1
,XUẤT HÀNG KHUYẾN MÃI XX FUNNY (MÁT) TỪ 01/10 - 31/10/2023 KV TÂY NGUYÊN KHÔNG THU TIỀN,,0,1,0,1
,XUẤT HÀNG KHUYẾN MÃI XX FUNNY (MÁT) TỪ 01/12 - 31/12/2022 KV TÂY NGUYÊN KHÔNG THU TIỀN,,0,1,0,1
,XUẤT HÀNG KHUYẾN MÃI XX FUNNY (MÁT) TỪ 04/09 - 30/09/2023 KV TÂY NGUYÊN KHÔNG THU TIỀN,,0,1,0,1
,XUẤT HÀNG KHUYẾN MÃI XX FUNNY (MÁT) TỪ 06/11 - 30/11/2023 KV TÂY NGUYÊN KHÔNG THU TIỀN,,0,1,0,1
,XUẤT HÀNG KHUYẾN MÃI XX FUNNY (MÁT) TỪ 07/04 - 30/04/2023 KV TÂY NGUYÊN KHÔNG THU TIỀN,,0,1,0,1
,XUẤT HÀNG KHUYẾN MÃI XX FUNNY (MÁT) TỪ 10/03 - 31/03/2023 KV TÂY NGUYÊN KHÔNG THU TIỀN,,0,1,0,1
,XUẤT HÀNG KHUYẾN MÃI XX FUNNY (MÁT) TỪ 10/05 - 31/05/2023 KV TÂY NGUYÊN KHÔNG THU TIỀN,,0,1,0,1
,XUẤT HÀNG KHUYẾN MÃI XX FUNNY (MÁT) TỪ 10/08 - 31/08/2023 KV TÂY NGUYÊN KHÔNG THU TIỀN,,0,1,0,1
,XUẤT HÀNG KHUYẾN MÃI XX FUNNY (MÁT) TỪ 14/06 - 30/06/2023 KV TÂY NGUYÊN KHÔNG THU TIỀN,,0,1,0,1
,XUẤT HÀNG KHUYẾN MÃI XX FUNNY (MÁT) TỪ 15/07 - 31/07/2023 KV TÂY NGUYÊN KHÔNG THU TIỀN,,0,1,0,1
,XUẤT HÀNG KHUYẾN MÃI XX LẮC TRỘN TỪ 01/04 - 30/04/2023 KV TÂY NGUYÊN KHÔNG THU TIỀN,,0,1,0,1
,XUẤT HÀNG KHUYẾN MÃI XX LẮC TRỘN TỪ 01/06 - 30/06/2023 KV TÂY NGUYÊN KHÔNG THU TIỀN,,0,1,0,1
,XUẤT HÀNG KHUYẾN MÃI XX LẮC TRỘN TỪ 01/10 - 31/10/2023 KV TÂY NGUYÊN KHÔNG THU TIỀN,,0,1,0,1
,XUẤT HÀNG KHUYẾN MÃI XX LẮC TRỘN TỪ 01/10 - 31/12/2022 KV TÂY NGUYÊN KHÔNG THU TIỀN,,0,1,0,1
,XUẤT HÀNG KHUYẾN MÃI XX LẮC TRỘN TỪ 01/11 - 30/11/2023 KV TÂY NGUYÊN KHÔNG THU TIỀN,,0,1,0,1
,XUẤT HÀNG KHUYẾN MÃI XX LẮC TRỘN TỪ 04/02 - 28/02/2023 KV TÂY NGUYÊN KHÔNG THU TIỀN,,0,1,0,1
,XUẤT HÀNG KHUYẾN MÃI XX LẮC TRỘN TỪ 04/09 - 30/09/2023 KV TÂY NGUYÊN KHÔNG THU TIỀN,,0,1,0,1
,XUẤT HÀNG KHUYẾN MÃI XX LẮC TRỘN TỪ 05/07 - 31/07/2023 KV TÂY NGUYÊN KHÔNG THU TIỀN,,0,1,0,1
,XUẤT HÀNG KHUYẾN MÃI XX LẮC TRỘN TỪ 10/03 - 31/03/2023 KV TÂY NGUYÊN KHÔNG THU TIỀN,,0,1,0,1
,XUẤT HÀNG KHUYẾN MÃI XX LẮC TRỘN TỪ 10/05 - 31/05/2023 KV TÂY NGUYÊN KHÔNG THU TIỀN,,0,1,0,1
,XUẤT HÀNG KHUYẾN MÃI XX LẮC TRỘN TỪ 10/08 - 31/08/2023 KV TÂY NGUYÊN KHÔNG THU TIỀN,,0,1,0,1
,XUẤT HÀNG KHUYẾN MÃI XX LẮC TRỘN TỪ 12/01 - 31/01/2023 KV TÂY NGUYÊN KHÔNG THU TIỀN,,0,1,0,1
,XUẤT HÀNG KHUYẾN MÃI XXTT BOOM BOOM 18G (CA NHỰA) TỪ 01/10 - 31/10/2023 KV TÂY NGUYÊN KHÔNG THU TIỀN,,0,1,0,1
,XUẤT HÀNG KHUYẾN MÃI XXTT BOOM BOOM 18G (CA NHỰA) TỪ 01/11 - 30/11/2023 KV TÂY NGUYÊN KHÔNG THU TIỀN,,0,1,0,1
,XUẤT HÀNG KHUYẾN MÃI XXTT BOOM BOOM 18G (CA NHỰA) TỪ 29/08 - 30/09/2023 KV TÂY NGUYÊN KHÔNG THU TIỀN,,0,1,0,1
,XUẤT HÀNG KHUYẾN MÃI XXTT BOOM BOOM 20G (GÓI) TỪ 01/10 - 31/10/2023 KV TÂY NGUYÊN KHÔNG THU TIỀN,,0,1,0,1
,XUẤT HÀNG KHUYẾN MÃI XXTT BOOM BOOM 20G (GÓI) TỪ 04/09 - 30/09/2023 KV TÂY NGUYÊN KHÔNG THU TIỀN,,0,1,0,1
,XUẤT HÀNG KHUYẾN MÃI XXTT BOOM BOOM 20G (GÓI) TỪ 06/11 - 30/11/2023 KV TÂY NGUYÊN KHÔNG THU TIỀN,,0,1,0,1
,XUẤT HÀNG KHUYẾN MÃI XXTT BOOM BOOM 20G (GÓI) TỪ 07/04 - 30/04/2023 KV TÂY NGUYÊN KHÔNG THU TIỀN,,0,1,0,1
,XUẤT HÀNG KHUYẾN MÃI XXTT BOOM BOOM 20G (GÓI) TỪ 10/02 - 28/02/2023 KV TÂY NGUYÊN KHÔNG THU TIỀN,,0,1,0,1
,XUẤT HÀNG KHUYẾN MÃI XXTT BOOM BOOM 20G (GÓI) TỪ 10/03 - 31/03/2023 KV TÂY NGUYÊN KHÔNG THU TIỀN,,0,1,0,1
,XUẤT HÀNG KHUYẾN MÃI XXTT BOOM BOOM 20G (GÓI) TỪ 10/05 - 31/05/2023 KV TÂY NGUYÊN KHÔNG THU TIỀN,,0,1,0,1
,XUẤT HÀNG KHUYẾN MÃI XXTT BOOM BOOM 20G (GÓI) TỪ 10/08 - 31/08/2023 KV TÂY NGUYÊN KHÔNG THU TIỀN,,0,1,0,1
,XUẤT HÀNG KHUYẾN MÃI XXTT BOOM BOOM 20G (GÓI) TỪ 14/01 - 31/01/2023 KV TÂY NGUYÊN KHÔNG THU TIỀN,,0,1,0,1
,XUẤT HÀNG KHUYẾN MÃI XXTT BOOM BOOM 20G (GÓI) TỪ 14/06 - 30/06/2023 KV TÂY NGUYÊN KHÔNG THU TIỀN,,0,1,0,1
,XUẤT HÀNG KHUYẾN MÃI XXTT BOOM BOOM 20G (GÓI) TỪ 15/07 - 31/07/2023 KV TÂY NGUYÊN KHÔNG THU TIỀN,,0,1,0,1
,XUẤT HÀNG KHUYẾN MÃI XXTT BOOM BOOM 20G (GÓI) TỪ 20/05 - 31/05/2023 KV TÂY NGUYÊN KHÔNG THU TIỀN,,0,1,0,1
,XUẤT HÀNG KHUYẾN MÃI XXTT BOOM BOOM 20G (GÓI) TỪ 25/08 - 30/09/2023 KV TÂY NGUYÊN KHÔNG THU TIỀN,,0,2,0,2
,XUẤT HÀNG KHUYẾN MÃI XXTT BOOM BOOM 20G (HŨ) TỪ 01/10 - 31/10/2023 KV TÂY NGUYÊN KHÔNG THU TIỀN,,0,1,0,1
,XUẤT HÀNG KHUYẾN MÃI XXTT BOOM BOOM 20G (HŨ) TỪ 04/09 - 30/09/2023 KV TÂY NGUYÊN KHÔNG THU TIỀN,,0,1,0,1
,XUẤT HÀNG KHUYẾN MÃI XXTT BOOM BOOM 20G (HŨ) TỪ 06/11 - 30/11/2023 KV TÂY NGUYÊN KHÔNG THU TIỀN,,0,1,0,1
,XUẤT HÀNG KHUYẾN MÃI XXTT BOOM BOOM 20G (HŨ) TỪ 07/04 - 30/04/2023 KV TÂY NGUYÊN KHÔNG THU TIỀN,,0,1,0,1
,XUẤT HÀNG KHUYẾN MÃI XXTT BOOM BOOM 20G (HŨ) TỪ 10/02 - 28/02/2023 KV TÂY NGUYÊN KHÔNG THU TIỀN,,0,1,0,1
,XUẤT HÀNG KHUYẾN MÃI XXTT BOOM BOOM 20G (HŨ) TỪ 10/03 - 31/03/2023 KV TÂY NGUYÊN KHÔNG THU TIỀN,,0,1,0,1
,XUẤT HÀNG KHUYẾN MÃI XXTT BOOM BOOM 20G (HŨ) TỪ 10/05 - 31/05/2023 KV TÂY NGUYÊN KHÔNG THU TIỀN,,0,1,0,1
,XUẤT HÀNG KHUYẾN MÃI XXTT BOOM BOOM 20G (HŨ) TỪ 10/08 - 31/08/2023 KV TÂY NGUYÊN KHÔNG THU TIỀN,,0,1,0,1
,XUẤT HÀNG KHUYẾN MÃI XXTT BOOM BOOM 20G (HŨ) TỪ 14/01 - 31/01/2023 KV TÂY NGUYÊN KHÔNG THU TIỀN,,0,1,0,1
,XUẤT HÀNG KHUYẾN MÃI XXTT BOOM BOOM 20G (HŨ) TỪ 14/06 - 30/06/2023 KV TÂY NGUYÊN KHÔNG THU TIỀN,,0,1,0,1
,XUẤT HÀNG KHUYẾN MÃI XXTT BOOM BOOM 20G (HŨ) TỪ 15/07 - 31/07/2023 KV TÂY NGUYÊN KHÔNG THU TIỀN,,0,1,0,1
,XUẤT HÀNG KHUYẾN MÃI XXTT BOOM BOOM 20G (HŨ) TỪ 25/08 - 30/09/2023 KV TÂY NGUYÊN KHÔNG THU TIỀN,,0,2,0,2
,XUẤT HÀNG KHUYẾN MÃI XXTT BOOM BOOM 23G (GÓI) TỪ 01/10 - 31/10/2023 KV TÂY NGUYÊN KHÔNG THU TIỀN,,0,1,0,1
,XUẤT HÀNG KHUYẾN MÃI XXTT BOOM BOOM 23G (GÓI) TỪ 04/09 - 30/09/2023 KV TÂY NGUYÊN KHÔNG THU TIỀN,,0,1,0,1
,XUẤT HÀNG KHUYẾN MÃI XXTT BOOM BOOM 23G (GÓI) TỪ 06/11 - 30/11/2023 KV TÂY NGUYÊN KHÔNG THU TIỀN,,0,1,0,1
,XUẤT HÀNG KHUYẾN MÃI XXTT BOOM BOOM 23G (GÓI) TỪ 07/04 - 30/04/2023 KV TÂY NGUYÊN KHÔNG THU TIỀN,,0,1,0,1
,XUẤT HÀNG KHUYẾN MÃI XXTT BOOM BOOM 23G (GÓI) TỪ 10/02-28/02/2023 KV TÂY NGUYÊN KHÔNG THU TIỀN,,0,1,0,1
,XUẤT HÀNG KHUYẾN MÃI XXTT BOOM BOOM 23G (GÓI) TỪ 10/03 - 31/03/2023 KV TÂY NGUYÊN KHÔNG THU TIỀN,,0,1,0,1
,XUẤT HÀNG KHUYẾN MÃI XXTT BOOM BOOM 23G (GÓI) TỪ 10/05 - 31/05/2023 KV TÂY NGUYÊN KHÔNG THU TIỀN,,0,1,0,1
,XUẤT HÀNG KHUYẾN MÃI XXTT BOOM BOOM 23G (GÓI) TỪ 10/08 - 31/08/2023 KV TÂY NGUYÊN KHÔNG THU TIỀN,,0,1,0,1
,XUẤT HÀNG KHUYẾN MÃI XXTT BOOM BOOM 23G (GÓI) TỪ 14/01-31/01/2023 KV TÂY NGUYÊN KHÔNG THU TIỀN,,0,1,0,1
,XUẤT HÀNG KHUYẾN MÃI XXTT BOOM BOOM 23G (GÓI) TỪ 14/06 - 30/06/2023 KV TÂY NGUYÊN KHÔNG THU TIỀN,,0,1,0,1
,XUẤT HÀNG KHUYẾN MÃI XXTT BOOM BOOM 23G (GÓI) TỪ 15/07 - 31/07/2023 KV TÂY NGUYÊN KHÔNG THU TIỀN,,0,1,0,1
,XUẤT HÀNG KHUYẾN MÃI XXTT BOOM BOOM 23G (GÓI) TỪ 20/05 - 31/05/2023 KV TÂY NGUYÊN KHÔNG THU TIỀN,,0,1,0,1
,XUẤT HÀNG KHUYẾN MÃI XXTT BOOM BOOM 23G (GÓI) TỪ 23/12 - 31/12/2022 KV TÂY NGUYÊN KHÔNG THU TIỀN,,0,1,0,1
,XUẤT HÀNG KHUYẾN MÃI XXTT BOOM BOOM 23G (GÓI) TỪ 25/08 - 30/09/2023 KV TÂY NGUYÊN KHÔNG THU TIỀN,,0,1,0,1
,XUẤT HÀNG KHUYẾN MÃI XXTT BOOM BOOM 23G (GÓI) TỪ 25/08 - 31/08/2023 KV TÂY NGUYÊN KHÔNG THU TIỀN,,0,1,0,1
,XUẤT HÀNG KHUYẾN MÃI XXTT BOOM BOOM 23G (HŨ) TỪ 14/01-31/01/2023 KV TÂY NGUYÊN KHÔNG THU TIỀN,,0,1,0,1
,XUẤT HÀNG KHUYẾN MÃI XXTT BOOM BOOM 23G (HŨ) TỪ 23/12 - 31/12/2022 KV TÂY NGUYÊN KHÔNG THU TIỀN,,0,1,0,1
,XUẤT HÀNG KHUYẾN MÃI XXTT BOOM BOOM 35G (5+1) TỪ 01/11 - 30/11/2023 KV TÂY NGUYÊN KHÔNG THU TIỀN,,0,1,0,1
,XUẤT HÀNG KHUYẾN MÃI XXTT BOOM BOOM 35G (5+1) TỪ 10/10 - 31/10/2023 KV TÂY NGUYÊN KHÔNG THU TIỀN,,0,1,0,1
,XUẤT HÀNG KHUYẾN MÃI XXTT BOOM BOOM 38G (5+1) TỪ 01/01- 31/01/2023 KV TÂY NGUYÊN KHÔNG THU TIỀN,,0,1,0,1
,XUẤT HÀNG KHUYẾN MÃI XXTT BOOM BOOM 38G (5+1) TỪ 01/02- 28/02/2023 KV TÂY NGUYÊN KHÔNG THU TIỀN,,0,1,0,1
,XUẤT HÀNG KHUYẾN MÃI XXTT BOOM BOOM 38G (5+1) TỪ 04/09 - 30/09/2023 KV TÂY NGUYÊN KHÔNG THU TIỀN,,0,1,0,1
,XUẤT HÀNG KHUYẾN MÃI XXTT BOOM BOOM 38G (5+1) TỪ 07/04- 30/04/2023 KV TÂY NGUYÊN KHÔNG THU TIỀN,,0,1,0,1
,XUẤT HÀNG KHUYẾN MÃI XXTT BOOM BOOM 38G (5+1) TỪ 10/03- 31/03/2023 KV TÂY NGUYÊN KHÔNG THU TIỀN,,0,1,0,1
,XUẤT HÀNG KHUYẾN MÃI XXTT BOOM BOOM 38G (5+1) TỪ 10/05- 31/05/2023 KV TÂY NGUYÊN KHÔNG THU TIỀN,,0,1,0,1
,XUẤT HÀNG KHUYẾN MÃI XXTT BOOM BOOM 38G (5+1) TỪ 10/08 - 31/08/2023 KV TÂY NGUYÊN KHÔNG THU TIỀN,,0,1,0,1
,XUẤT HÀNG KHUYẾN MÃI XXTT BOOM BOOM 38G (5+1) TỪ 14/06 - 30/06/2023 KV TÂY NGUYÊN KHÔNG THU TIỀN,,0,1,0,1
,XUẤT HÀNG KHUYẾN MÃI XXTT BOOM BOOM 38G (5+1) TỪ 15/07 - 31/07/2023 KV TÂY NGUYÊN KHÔNG THU TIỀN,,0,1,0,1
,XUẤT HÀNG KHUYẾN MÃI XXTT BOOM BOOM 38G (5+1) TỪ 20/11- 31/12/2022 KV TÂY NGUYÊN KHÔNG THU TIỀN,,0,1,0,1
,XUẤT HÀNG KHUYẾN MÃI XXTT TOKBOKKI XỐT CHUA NGỌT TỪ 16/12 - 16/01/2023 KV TÂY NGUYÊN KHÔNG THU TIỀN,,0,2,0,2
,XUẤT HÀNG KHUYẾN MÃI XXTT TỪ 01/01 - 31/01/2023 KV TÂY NGUYÊN KHÔNG THU TIỀN,,0,1,0,1
,XUẤT HÀNG KHUYẾN MÃI XXTT TỪ 01/10 - 31/10/2023 KV TÂY NGUYÊN KHÔNG THU TIỀN,,0,1,0,1
,XUẤT HÀNG KHUYẾN MÃI XXTT TỪ 01/12 - 31/12/2022 KV TÂY NGUYÊN KHÔNG THU TIỀN,,0,1,0,1
,XUẤT HÀNG KHUYẾN MÃI XXTT TỪ 04/02 - 28/02/2023 KV TÂY NGUYÊN KHÔNG THU TIỀN,,0,1,0,1
,XUẤT HÀNG KHUYẾN MÃI XXTT TỪ 04/09 - 30/09/2023 KV TÂY NGUYÊN KHÔNG THU TIỀN,,0,1,0,1
,XUẤT HÀNG KHUYẾN MÃI XXTT TỪ 06/11 - 30/11/2023 KV TÂY NGUYÊN KHÔNG THU TIỀN,,0,1,0,1
,XUẤT HÀNG KHUYẾN MÃI XXTT TỪ 07/04 - 30/04/2023 KV TÂY NGUYÊN KHÔNG THU TIỀN,,0,1,0,1
,XUẤT HÀNG KHUYẾN MÃI XXTT TỪ 10/03 - 31/03/2023 KV TÂY NGUYÊN KHÔNG THU TIỀN,,0,1,0,1
,XUẤT HÀNG KHUYẾN MÃI XXTT TỪ 10/05 - 31/05/2023 KV TÂY NGUYÊN KHÔNG THU TIỀN,,0,1,0,1
,XUẤT HÀNG KHUYẾN MÃI XXTT TỪ 10/08 - 31/08/2023 KV TÂY NGUYÊN KHÔNG THU TIỀN,,0,1,0,1
,XUẤT HÀNG KHUYẾN MÃI XXTT TỪ 14/06 - 30/06/2023 KV TÂY NGUYÊN KHÔNG THU TIỀN,,0,1,0,1
,XUẤT HÀNG KHUYẾN MÃI XXTT TỪ 15/07 - 31/07/2023 KV TÂY NGUYÊN KHÔNG THU TIỀN,,0,1,0,1
,"XUẤT TẶNG HÀNG MẪU DÙNG THỬ CHO ĐỘI NGŨ BÁN HÀNG KÊNH GT, FS & MT",,0,1,1,0
,XUẤT TRẢ THƯỞNG CT TRƯNG BÀY LẠP XƯỞNG TẾT QUÝ MÃO 2023 KV TÂY NGUYÊN KHÔNG THU TIỀN,,0,1,0,1
,XUẤT TRẢ THƯỞNG CT TRƯNG BÀY XXDD GOLDEN 3 ĐỢT 1 KV TÂY NGUYÊN KHÔNG THU TIỀN,,0,1,0,1
,XUẤT TRẢ THƯỞNG CT TRƯNG BÀY XXDD GOLDEN 3 ĐỢT 2 KV TÂY NGUYÊN KHÔNG THU TIỀN,,0,1,0,1
,XUẤT TRẢ THƯỞNG CT TRƯNG BÀY XXDD GOLDEN 3 ĐỢT 3 KV TÂY NGUYÊN KHÔNG THU TIỀN,,0,1,0,1
,XÚC KÉT NƯỚC,Cái,0,1,0,1
,XÚC XÍCH FUNNY GÓI_500G (ĐL),Kg,0,1.5,0,1.5
,XÚC XÍCH HEO TINI 35G ( 5 CÂY/GÓI),Gói,0,2540,0,2540
,XÚC XÍCH SỤN GIÒN 250G ĐL,Kg,0,7.5,0,7.5
,XÚC XÍCH SỤN GIÒN 500G,Kg,0,7.5,0,7.5
,XÚC XÍCH TOKBOKKI XỐT CHUA NGỌT_69G,Ly,0,545,0,545
,XX FUNNY GÓI 500G,Kg,0,5881.5,0,5881.5
,XX HAPPY GÓI 500G,Kg,0,291.5,0,291.5
,XX LUCKY 10 CÂY GÓI 500G,Kg,0,20,0,20
,XXTT BÒ 18G GÓI (T-3.6KG),Kg,0,6336,0,6336
,XXTT BÒ 40G (GÓI),Kg,0,670.72,0,670.72
,XXTT BÒ 70G (GÓI),Kg,0,4560.36,0,4560.36
,XXTT BOOM BOOM 18G_CA NHỰA 900G,Ca,0,2863,0,2863
,XXTT BOOM BOOM 20G_GÓI 100G,Kg,0,29534.3,0,29534.3
,XXTT BOOM BOOM 20G_HŨ 1 KG,Hũ,0,5474,0,5474
,XXTT BOOM BOOM 23G GÓI,Kg,0,156953.38,0,156953.38
,"XXTT BOOM BOOM 23G (HŨ 1,15KG)",Hũ,0,1916,0,1916
,XXTT BOOM BOOM 35G (5+1)_GÓI 210G,Kg,0,864.57,0,864.57
,XXTT BOOM BOOM 38G (5+1)_GÓI 228GR,Kg,0,2739.648,0,2739.648
,XXTT BOOM BOOM 38GR,Kg,0,275.5,0,275.5
,XXTT DINH DƯỠNG BÒ GÓI 175G,Kg,0,22242.5,0,22242.5
,XXTT DINH DƯỠNG GOLDEN 3,Kg,0,4632.408,0,4632.408
,XXTT DINH DƯỠNG HEO GÓI 175G,Kg,0,11619.65,0,11619.65
,XXTT DZUI DZUI THÙNG 2.1KG,Kg,0,787.5,0,787.5
,XXTT HEO 18G GÓI (T-3.6KG),Kg,0,3434.4,0,3434.4
,XXTT HEO 40G (GÓI),Kg,0,92,0,92
,XXTT HEO 70G (GÓI),Kg,0,1661.52,0,1661.52
,XXTT HEO-BÒ HỘP NHỰA 1KG,Kg,0,48,0,48
,XXTT LẮC KÊU VỊ BƠ TỎI_56G,Ly,0,11232,0,11232
,XXTT LẮC KÊU VỊ PHÔ MAI_56G,Ly,0,48657,0,48657
,XXTT TRỘN ĐỀU XỐT BBQ_62G,Ly,0,414,0,414
,XXTT TRỘN ĐỀU XỐT CHANH DÂY_62G,Ly,0,704,0,704
,XXTT TRỘN ĐỀU XỐT TAMARIND_62G,Ly,0,20496,0,20496
,XY LANH LY HỢP DƯỚI,Cái,0,1,0,1
,YẾM 6.50/7.00-16,Cái,0,1,0,1
,YẾM 7.50/8.25-16 DRC,Cái,0,1,0,1
,YẾN HỘP 100 G,Hộp,0,7,0,7
,YẾN HỘP 50 G,Hộp,0,3,0,3
,YẾN SÀO SANVINEST NGUYÊN TỔ SƠ CHẾ 100G,Hộp,0,1,0,1
,YẾN SÀO SANVINEST NGUYÊN TỔ SƠ CHẾ 50G,Hộp,0,4,0,4
,YẾN SÀO SANVINEST TINH CHẾ 100G,Hộp,0,2,0,2
,YẾN SÀO SANVINEST TINH CHẾ DẠNG TỔ 100G,Hộp,0,1,0,1