Ngày,Số HĐ,Diễn giải,TK Đ/Ứ,Nợ,Có
2023-01-02,5,Giá vốn (80%): Phần mềm Kaspersky KL1941MCCFS,632,0,520000.0
2023-01-02,6,Giá vốn (80%): Hộp mực in Ecoplus 12A,632,0,87272.8
2023-01-02,2,Giá vốn (80%): Máy in laser Brother HL-L2321D,632,0,58472727.2
2023-01-02,1,"Giá vốn (80%): Máy tính bàn Lenovo Desktop ThinkCentre M70a Gen 3 -i3-12100 ( 4.3 GHZ) - 8GB RAM - 256GB SSD - 21.5 inch FHD -1Yr, P/n 11VL0000VA",632,0,10829091.2
2023-01-02,3,Giá vốn (80%): Máy in đa chức năng Brother MFCL2701D,632,0,18654545.6
2023-01-02,3,Giá vốn (80%): Máy in laser Brother HL-L2321D,632,0,38981818.4
2023-01-02,4,Giá vốn (80%): Máy đếm tiền Mazsan MS - 5700C,632,0,2185185.6
2023-01-02,2,Giá vốn (80%): MÁY TÍNH ĐỂ BÀN (PC) LENOVO ThinkCentre neo 50s Gen 3 i5- 12400(6*2.5)/8GD4/256GSSD/WL/BT/KB/M/W11/ĐEN( 11T0004UVN),632,0,8218181.6
2023-01-02,2,Giá vốn (80%): MÀN HÌNH VI TÍNH (LCD) LENOVO C22-20 21.5INCH/1920 x 1080/75Hz/VGA/HDMI/ĐEN/3Y(62A7KAR1WW),632,0,43636363.2
2023-01-03,7,Giá vốn (80%): Máy in bill Epson TM-T82 III,632,0,8050908.8
2023-01-03,8,Giá vốn (80%): Bộ máy vi tính,632,0,12109091.2
2023-01-04,12,"Giá vốn (80%): Màn hình LCD Dell P3421W 34""",632,0,10174545.6
2023-01-04,9,Giá vốn (80%): Loa SoundMax A130,632,0,87272.8
2023-01-04,9,Giá vốn (80%): Chuột máy tính  Logitech B100,632,0,50908.8
2023-01-04,9,Giá vốn (80%): Bàn phím Logitech K120,632,0,109091.2
2023-01-04,11,Giá vốn (80%): Chuột vi tính có dây Rapoo N100,632,0,254545.6
2023-01-04,11,Giá vốn (80%): Bàn phím Keyboard NK2500,632,0,560000.0
2023-01-04,11,Giá vốn (80%): Loa SoundMax A710/2.1,632,0,872727.2
2023-01-04,11,Giá vốn (80%): Máy  in Brother HL-L2321D,632,0,1949091.2
2023-01-04,10,Giá vốn (80%): Bộ chuyển đổi mini Displayport sang VGA + HDMI màu trắng Ugreen ( 10427),632,0,305454.4
2023-01-05,15,Giá vốn (80%): Hộp mực  in Ecoplus 12A,632,0,94545.6
2023-01-05,13,Giá vốn (80%): Hộp mực in Izinet 12A,632,0,269091.2
2023-01-05,14,Giá vốn (80%): Hộp mực in Izinet 12A,632,0,509091.2
2023-01-05,14,Giá vốn (80%): Mực Laser TN-2385 Brother,632,0,407272.8
2023-01-06,16,"Giá vốn (80%): Thiết bị thu phát vô tuyến băng tần  2,4/5 Ghz , TPLINK  ARCHER AX23",632,0,981818.4
2023-01-06,16,"Giá vốn (80%): Thiết bị định tuyến TP-Link 450M,2.4GHz,TL-WR940N",632,0,312727.2
2023-01-08,20,Giá vốn (80%): Thẻ nhớ Micro SD+Adaptor Hikvision HS-TF-C1/32GB,632,0,465456.0
2023-01-08,21,Giá vốn (80%): MÁY TÍNH BỘ PC DELL INSPIRON 3910 CORE I5,632,0,12800000.0
2023-01-08,20,Giá vốn (80%): Bàn phím Keyboard NK2500,632,0,872728.0
2023-01-08,20,Giá vốn (80%): Chuột vi tính có dây  Rapoo N100,632,0,800000.0
2023-01-08,20,Giá vốn (80%): Vỏ thùng máy tính  Jetek A30,632,0,1090908.0
2023-01-08,19,Giá vốn (80%): Máy  in Brother DCP-B7535DW,632,0,4058181.6
2023-01-08,18,Giá vốn (80%): Bàn phím  Keyboard NK2500,632,0,203636.0
2023-01-08,17,Giá vốn (80%): Máy  In Canon Laser LBP-2900,632,0,2901818.4
2023-01-08,18,Giá vốn (80%): Dây USB 3.0 nối dài 1.5m Ugreen (30126),632,0,94545.6
2023-01-09,26,"Giá vốn (80%): Thiết bị chuyển mạch TP-Link,TL-SF1024D",632,0,640000.0
2023-01-09,22,"Giá vốn (80%): Ổ cứng  Seagate Expansion 1TB 2.5""",632,0,909091.2
2023-01-09,23,Giá vốn (80%): MÁY TÍNH ĐỂ BÀN HP 280 PRO G9 SFF 72K92PA  -Intel Core i5-12500,632,0,9920000.0
2023-01-09,24,Giá vốn (80%): Hộp mực  in Ecoplus 12A,632,0,189091.2
2023-01-09,25,Giá vốn (80%): Mực  in phun Brother BT5000M,632,0,134545.6
2023-01-09,25,Giá vốn (80%): Mực  in phun Brother BT5000Y,632,0,134545.6
2023-01-09,27,Giá vốn (80%): Máy in phun đa năng Brother DCPT226 (màu trắng),632,0,2756364.0
2023-01-10,29,"Giá vốn (80%): Máy tính bàn Lenovo Desktop ThinkCentre M70a Gen 3 -i3-12100 ( 4.3 GHZ) - 8GB RAM - 256GB SSD - 21.5 inchFHD -1Yr, P/n 11VL0000VA",632,0,10829091.2
2023-01-10,28,Giá vốn (80%): MÀN HÌNH LCD 23.8 Inch LENOVO THINKVISION S24e-20 (62AEKAR2WW),632,0,9454545.6
2023-01-10,28,Giá vốn (80%): MÁY TÍNH ĐỂ BÀN (PC) LENOVO ThinkCentre neo 50sGen 3 i5- 12400(6*2.5)/4GD4/256GSSD/WL/BT/KB/M/NoOS/ĐEN(11T000AXVA),632,0,15127272.8
2023-01-10,32,Giá vốn (80%): Chuột máy tính  Dell MS116,632,0,1090908.8
2023-01-10,32,Giá vốn (80%): Bàn phím Dell Multimedia KB216,632,0,1527272.8
2023-01-10,30,Giá vốn (80%): Máy quét HP Scanjet Pro 3000 S4 Sheet-feed - WTY_6FW07A,632,0,7818181.6
2023-01-10,31,Giá vốn (80%): Máy quét HP Scanjet Pro 3000 S4 Sheet-feed - WTY_6FW07A,632,0,7818181.6
2023-01-10,32,Giá vốn (80%): Bộ nhớ trong Kingston 8GD4-2666,632,0,4800000.0
2023-01-10,32,"Giá vốn (80%): Thanh ram G.Skill F3-1600C11S-8GIS, 8GB",632,0,6181818.4
2023-01-10,32,Giá vốn (80%): ổ cứng gắn trong 240GB SSD Exceria BiCS FLASH 2.5'' SATA3 Kioxia,632,0,5454545.6
2023-01-11,34,"Giá vốn (80%): Ổ cứng gắn trong 240GB SSD EXCERIA BICS FLASH2.5""SATA3 KIOXIA",632,0,690908.8
2023-01-11,34,Giá vốn (80%): Bàn phím Keyboard NK2500,632,0,174545.6
2023-01-11,34,Giá vốn (80%): Chuột máy tính Dell MS116,632,0,116364.0
2023-01-11,33,Giá vốn (80%): Tai nghe Logitech H370,632,0,400000.0
2023-01-11,35,Giá vốn (80%): Loa SoundMax A120/2.0,632,0,152727.2
2023-01-12,39,Giá vốn (80%): Camera quan sát DS-2CE76D0T-ITMFS,632,0,1200000.0
2023-01-12,39,Giá vốn (80%): Camera quan sát CS-CV310(A0-1C2WFR),632,0,3120000.0
2023-01-12,39,Giá vốn (80%): Camera KTS EZVIZ mã CS-C3N,632,0,463200.0
2023-01-12,39,Giá vốn (80%): Camera quan sát DS-2CE56D0T-IT3,632,0,520000.0
2023-01-12,39,Giá vốn (80%): Camera quan sát DS-2CE16D0T-IT5(C),632,0,960000.0
2023-01-12,39,Giá vốn (80%): Bát trên khóa chốt,632,0,560000.0
2023-01-12,39,Giá vốn (80%): Camera quan sát DS-2CE16D0T-IT3,632,0,13104000.0
2023-01-12,39,Giá vốn (80%): Dây cáp mạng Ensoho EN-F5CA24 FTP cat5e,632,0,60000000.0
2023-01-12,39,Giá vốn (80%): Ổ điện  12Port có CB,632,0,1600000.0
2023-01-12,39,Giá vốn (80%): Hộp ODC 4Fo Full phụ kiện SC/UPC,632,0,567272.8
2023-01-12,39,Giá vốn (80%): Đầu ghi hình DS-7216HGHI-K2,632,0,1600000.0
2023-01-12,39,Giá vốn (80%): Camera quan sát  DS-2CE12DFT-PIRXOF,632,0,1920000.0
2023-01-12,41,"Giá vốn (80%): Ổ cứng gắn trong 240GB SSD EXCERIA BICS FLASH2.5""SATA3 KIOXIA",632,0,1309091.2
2023-01-12,41,Giá vốn (80%): Thanh ram G.Skill 2400-8GB-8GIS,632,0,1243636.0
2023-01-12,41,Giá vốn (80%): Thiết bị truyền ảnh Webcam Logitech C270,632,0,960000.0
2023-01-12,41,Giá vốn (80%): Bàn phím Dell Multimedia KB216,632,0,545454.4
2023-01-12,41,Giá vốn (80%): Chuột máy tính Logitech M331,632,0,1032727.2
2023-01-12,40,Giá vốn (80%): Chuột máy tính Logitech B100,632,0,43636.0
2023-01-12,40,Giá vốn (80%): Máy chấm công vân tay RJ-3030. Hiệu: Ronald jack,632,0,2029091.2
2023-01-12,36,Giá vốn (80%): Phí Thư BL số MD2116742921 Số seri AA204770 Ngày 16/06/2021 đến 16/06/2022,632,0,10909091.2
2023-01-12,38,Giá vốn (80%): Hộp mực  in Ecoplus 12A,632,0,196364.0
2023-01-12,39,Giá vốn (80%): Đầu bấm dây cáp mạng  Ensoho EN-RJ45C5 RJ-45 cat5e,632,0,14400000.0
2023-01-12,39,"Giá vốn (80%): Ổ cứng  GN WD ELEMENTS 1TB 2.5"" USB 3.0",632,0,11440000.0
2023-01-12,39,Giá vốn (80%): Đầu ghi hình  DS-7204HUHI-K1/E(S),632,0,1200000.0
2023-01-12,39,Giá vốn (80%): Bát dưới khóa chốt,632,0,254545.6
2023-01-12,39,Giá vốn (80%): Khóa chốt  YB-100+,632,0,720000.0
2023-01-12,39,Giá vốn (80%): Bộ chuyển đổi  tín hiệu BT-HD4V1DF-T/R,632,0,2360000.0
2023-01-12,39,"Giá vốn (80%): Bộ chuyển đổi quang điện  TP-Link,MC111CS",632,0,560000.0
2023-01-12,39,Giá vốn (80%): Tủ Rack 6U,632,0,7584000.0
2023-01-12,39,Giá vốn (80%): Ổ cứng  GT Western 6TB-WD60PURZ,632,0,4240000.0
2023-01-12,39,Giá vốn (80%): Bộ chuyển đổi nguồn DS-3E1309P-EI,632,0,13920000.0
2023-01-12,39,Giá vốn (80%): Bộ chuyển đổi quang điện AP100-20B Aptek,632,0,2040000.0
2023-01-12,39,Giá vốn (80%): Bộ chuyển đổi quang điện AP100-20A Aptek,632,0,2040000.0
2023-01-12,39,Giá vốn (80%): Đầu ghi hình DS-7632NI-K2,632,0,3600000.0
2023-01-12,39,Giá vốn (80%): Camera quan sát DS-2CD2T43G2-2I,632,0,62400000.0
2023-01-12,37,Giá vốn (80%): Ru lô sấy,632,0,1127272.8
2023-01-12,39,Giá vốn (80%): Bộ chuyển đổi  USB-C sang HUB 3.0+HDMI+RJ45(50538),632,0,720000.0
2023-01-12,39,"Giá vốn (80%): Bộ chuyển đổi quang điện  TP-Link,MC112CS",632,0,560000.0
2023-01-12,39,Giá vốn (80%): Bộ nguồn cấp điện Cisco AIR-PWR-C,632,0,1680000.0
2023-01-12,39,Giá vốn (80%): Khung giá đỡ bằng thép không gỉ  Ruckus(902-0120-0000),632,0,3360000.0
2023-01-12,39,"Giá vốn (80%): 24Ackipter SC/UPC,24 ống,có nhiệt 60mm",632,0,800000.0
2023-01-12,39,"Giá vốn (80%): Tủ mạng 19""42U D1000-B",632,0,6560000.0
2023-01-12,39,Giá vốn (80%): Thiết bị chuyển mạch Switch Cisco SB19P-SG95-16,632,0,7680000.0
2023-01-12,39,Giá vốn (80%): Thiết bị chuyển mạch Cisco Catal C2960X-24TS-L,632,0,29760000.0
2023-01-12,39,Giá vốn (80%): Thiết bị chuyển đổi nguồn điện Ruckus (902-0173-UK00),632,0,1200000.0
2023-01-12,39,Giá vốn (80%): Thiết bị  phát HDMI Dtech DT7060,632,0,3054545.6
2023-01-12,39,"Giá vốn (80%): Thiết bị chuyển mạch Switch 24P-LGS124,Linksys",632,0,1760000.0
2023-01-12,39,"Giá vốn (80%): Thiết bị chuyển mạch SF1082FP, hiệu  Aptek",632,0,560000.0
2023-01-12,39,"Giá vốn (80%): Thiết bị chuyển mạch TP-Link,TL-SG1024D",632,0,6000000.0
2023-01-12,39,"Giá vốn (80%): Cáp mạng  Aipoolink RJ45UTP CAT5E,CCA24AWG",632,0,4480000.0
2023-01-13,42,Giá vốn (80%): Bộ nhớ trong Kingston 16GB-3200U C16,632,0,1090908.8
2023-01-15,43,Giá vốn (80%): 6R9M6PA: Máy tính xách tay HP 14s-dq5053TU - Intel Corei5-1235U - U15 / 8GB DDR4 2DM 3200/ SSD 512Gb / IntelIris Xe/ 14 Inch HD/ Win 11 home/ Natural Silver/ 1Y,632,0,12356363.2
2023-01-15,43,"Giá vốn (80%): Máy tính để bàn Lenovo ThinkCentre neo 50s Gen 3 ,i3-12100, 4GB, 1TB, intel UHD Graphics 730, ac+ BT,KB,M,No OS, 1Y WTY_11T000ARVA - MÀN HÌNH LCD 23.8 Inch LENOVO THINKVISION S24e-20 (62AEKAR2WW)",632,0,18240000.0
2023-01-15,45,Giá vốn (80%): Máy in Brother HL-L2321D,632,0,2145454.4
2023-01-15,44,Giá vốn (80%): Máy quét canon DR-F120,632,0,6654545.6
2023-01-15,43,Giá vốn (80%): Máy chiếu đa năng ViewSonic PA503XE,632,0,8574545.6
2023-01-15,43,Giá vốn (80%): Máy In Canon Laser LBP-2900,632,0,2872727.2
2023-01-15,43,Giá vốn (80%): Màn chiếu  treo P84WS,632,0,727272.8
2023-01-16,46,Giá vốn (80%): Gía treo máy chiếu 1.2m,632,0,327272.8
2023-01-16,46,Giá vốn (80%): Dây  HDMI 1.4 đồng 100% 15M,632,0,560000.0
2023-01-17,48,Giá vốn (80%): Bộ nhớ trong  Kingston 8GD4-2666,632,0,945454.4
2023-01-17,48,"Giá vốn (80%): Thiết bị thu phát vô tuyến TP-Link,TL-WN822N",632,0,436363.2
2023-01-17,48,Giá vốn (80%): Bảng mạch chính Asus Prime H510MF,632,0,2109091.2
2023-01-17,48,Giá vốn (80%): Ổ cứng 500GB Kingston SSD NV1 M2 2280(SNVS/500G),632,0,1309091.2
2023-01-17,47,Giá vốn (80%): Ổ cứng GT Western 1TB,632,0,690908.8
2023-01-17,49,Giá vốn (80%): MÀN HÌNH VI TÍNH (LCD) LENOVO C22-2021.5INCH/1920 x 1080/75Hz/VGA/HDMI/ĐEN/3Y(62A7KAR1WW),632,0,1854545.6
2023-01-27,50,Giá vốn (80%): BỘ MÁY VI TÍNH,632,0,13032727.2
2023-01-27,50,Giá vốn (80%): Nguồn Jetek Model J400,632,0,429090.4
2023-01-27,51,Giá vốn (80%): Máy  In Canon Laser LBP-2900,632,0,2901818.4
2023-01-27,51,Giá vốn (80%): Hộp mực in Izinet 12A,632,0,269090.4
2023-01-27,52,"Giá vốn (80%): Ổ cứng di động Seagate Expansion 1TB 2.5""",632,0,1054545.6
2023-01-27,50,Giá vốn (80%): Điện thoại có dây Panasonic KXTS500,632,0,989091.2
2023-01-27,50,"Giá vốn (80%): Ổ cứng gắn trong 240GB SSD EXCERIA BICS FLASH2.5""SATA3 KIOXIA",632,0,1003636.0
2023-01-27,50,Giá vốn (80%): Máy  In Canon Laser LBP-2900,632,0,2901818.4
2023-01-27,50,Giá vốn (80%): Ram 4GB Kingston,632,0,400000.0
2023-01-27,50,"Giá vốn (80%): Thiết bị chuyển mạch TP-Link,TL-SG1008D",632,0,334545.6
2023-01-31,53,Giá vốn (80%): Bộ lưu điện  Santak - TG1000,632,0,3476364.0
2023-01-31,54,Giá vốn (80%): Hộp mực  in Izinet 12A,632,0,509091.2
2023-01-31,54,Giá vốn (80%): Máy In Canon Laser LBP-2900,632,0,3200000.0
2023-01-31,55,"Giá vốn (80%): Ổ cứng SSD Western WDS500G2B0A,500GB,Sata3 2.5""",632,0,1090908.8
2023-01-31,55,"Giá vốn (80%): Ổ cứng gắn trong 240GB SSD EXCERIA BICSFLASH2.5""SATA3 KIOXIA",632,0,683636.8
2023-01-31,56,Giá vốn (80%): MÁY TÍNH ĐỂ BÀN (PC) LENOVO ThinkCentre neo 50s Gen 3 i5- 12400(6*2.5)/8GD4/256GSSD/WL/BT/KB/M/W11/ĐEN( 11T0004UVN),632,0,9229090.4
2023-01-31,56,Giá vốn (80%): Loa SoundMax R-200,632,0,218181.6
2023-01-31,56,Giá vốn (80%): MÀN HÌNH VI TÍNH (LCD) LENOVO C22-20 21.5 INCH/1920 x 1080/75Hz/VGA/HDMI/ĐEN/(62A7KAR1WW),632,0,1854545.6
2023-01-31,56,Giá vốn (80%): Máy In Canon Laser LBP-2900,632,0,2901818.4
2023-02-01,58,Giá vốn (80%): Hộp mực in Ecoplus 12A,632,0,94545.6
2023-02-01,69,Giá vốn (80%): Hộp mực in,632,0,218181.6
2023-02-01,68,Giá vốn (80%): Bộ máy vi tính,632,0,7258181.6
2023-02-01,59,Giá vốn (80%): Ổ cứng Gigabyte GP-GSTFS31240GNTD 240GB,632,0,581818.4
2023-02-01,57,"Giá vốn (80%): Ổ cứng gắn trong 240GB SSD EXCERIABICSFLASH2.5""SATA3 KIOXIA",632,0,1483636.0
2023-02-01,60,Giá vốn (80%): Máy  in Brother HL-L2321D,632,0,2145454.4
2023-02-01,61,Giá vốn (80%): USB hiệu Kingston 32GB 3.0DT100G3,632,0,690908.8
2023-02-01,63,Giá vốn (80%): Máy  In Canon Laser LBP-2900,632,0,2901818.4
2023-02-01,64,"Giá vốn (80%): Màn hình LCD VIEWSONIC VX2476-SMHD/24""",632,0,2901818.4
2023-02-01,65,Giá vốn (80%): Bút trình chiếu hiệu Rapoo Wireless Prensenter Black XR200,632,0,429091.2
2023-02-01,66,Giá vốn (80%): Máy  In Canon Laser LBP-2900,632,0,2901818.4
2023-02-01,67,Giá vốn (80%): Mực xeroc S1810/S2011,632,0,843636.8
2023-02-01,62,Giá vốn (80%): Hộp mực in Izinet 12A,632,0,334545.6
2023-02-02,72,Giá vốn (80%): MÁY TÍNH XÁCH TAY (NB) LENOVO V14 G3 IAP i3-1215U/4GD4/256GSSD/14.0FHD/WL/BT/2C38/NoOS/ ĐEN(82TS0067VN),632,0,7563636.0
2023-02-02,73,Giá vốn (80%): MÁY IN LASER ĐƠN NĂNG CANON I-SENSYS LBP226 DW,632,0,4509091.2
2023-02-02,70,Giá vốn (80%): Bảng mạch chính Asus EX - B365M - V,632,0,974545.6
2023-02-02,70,Giá vốn (80%): Ổ cứng  Gigabyte GP-GSTFS31120GNTD 120GB,632,0,254545.6
2023-02-02,71,Giá vốn (80%): Chuột máy tính Logitech M185,632,0,181818.4
2023-02-02,71,"Giá vốn (80%): Ổ cứng Seagate Expansion 1TB 2.5""",632,0,1054545.6
2023-02-02,71,Giá vốn (80%): Bàn phím Logitech G213,632,0,545454.4
2023-02-03,74,Giá vốn (80%): Máy in laser Brother HL-L2321D,632,0,74170908.8
2023-02-03,75,"Giá vốn (80%): Thiết bị định tuyến TP-Link 300M,2.4GHz,TL-WR841N",632,0,174545.6
2023-02-05,82,Giá vốn (80%): Ghế xoay Citizen EGC200 E-Dra,632,0,1810908.8
2023-02-05,81,Giá vốn (80%): Điện thoại có dây  Panasonic KXTS500,632,0,247272.8
2023-02-05,80,"Giá vốn (80%): Màn hình vi tính Dell LCD  E2216Hv - 21.5"" WHD",632,0,2145454.4
2023-02-05,79,Giá vốn (80%): Ổ cứng di động 16GB U202 USB 2.0 KIOXIA,632,0,523636.0
2023-02-05,80,"Giá vốn (80%): Máy tính để bàn Dell Vostro 3710 STI34010W1-8G-256G Intel Core i3-12100 processor (4-Core, 12M Cache, 3.3GHzto 4.3GHz), 1x8GB, DDR4, 3200MHz, 256GB NVMe M.2 PCIe SSD, Chuột, Bàn Phím, Windows 11 Microsoft Office Home and Student 2021",632,0,8356364.0
2023-02-05,83,Giá vốn (80%): Máy tính xách tay LENOVO ThinkBook 14S G2 ITL I7 1165G7/8GB/512GB SSD/14.0 FHD/FG/W11/LED KB/XÁM (20VA003RVN),632,0,13447272.8
2023-02-05,78,Giá vốn (80%): Máy in Brother HL-L2321D,632,0,2240000.0
2023-02-05,84,Giá vốn (80%): Hộp mực in tương thích HP SK 93A (CZ192A),632,0,647272.8
2023-02-05,77,Giá vốn (80%): MỰC IN MÀU ĐEN IM C2500H,632,0,3345454.4
2023-02-05,77,Giá vốn (80%): ĐẦU BẤM DÂY CÁP MẠNG EN-RJ45C5,632,0,145454.4
2023-02-05,77,Giá vốn (80%): ĐẦU BẤM DÂY CÁP MẠNG EN-RJ45C6,632,0,181818.4
2023-02-05,77,Giá vốn (80%): DÂY CHUYỂN ĐỔI CÓ CHÍP RS-232,632,0,109091.2
2023-02-05,77,Giá vốn (80%): MỰC IN MÀU ĐỎ IM C2500H,632,0,3236364.0
2023-02-05,77,Giá vốn (80%): BỘ NHỚ TRONG RAM 8GB/3200 KINGSTON,632,0,763636.0
2023-02-05,76,Giá vốn (80%): 6FW06A: Máy quét ảnh hoặc tài liệu HP ScanJet Pro 2000 s2- Sheet-feed Scanner,632,0,10981818.4
2023-02-05,77,Giá vốn (80%): NGUỒN MÁY TÍNH CORSAIR CV550,632,0,690908.8
2023-02-06,90,Giá vốn (80%): Bàn phím + chuột Logitech MK240,632,0,349091.2
2023-02-06,92,Giá vốn (80%): Bộ nhớ trong  Kingmax 4GB DDR4-2666,632,0,581818.4
2023-02-06,92,Giá vốn (80%): Bộ vi xử lý  Intel Pentium G6405,632,0,1018181.6
2023-02-06,91,Giá vốn (80%): Máy in Brother HL-L2321D,632,0,2145454.4
2023-02-06,92,Giá vốn (80%): Bảng mạch chính Asus Prime H510MK,632,0,2269091.2
2023-02-06,87,Giá vốn (80%): Máy  in Brother DCP-B7535DW,632,0,4058181.6
2023-02-06,89,Giá vốn (80%): Ổ cứng Kingmax SSD M2 Sata III 256GB SA3080,632,0,981818.4
2023-02-06,92,Giá vốn (80%): Ổ cứng Kingmax PQ3480 128GB(ZeusM2PCIe-Gen3x4),632,0,1221818.4
2023-02-06,88,"Giá vốn (80%): Ổ cứng GT Western Digital 1TB - 3.5""",632,0,909091.2
2023-02-06,88,"Giá vốn (80%): Thiết bị thu phát vô tuyến TP-Link 150M,TL - WN722N",632,0,109090.4
2023-02-06,93,Giá vốn (80%): Máy in HP Laser Pro M706N,632,0,14400000.0
2023-02-06,86,Giá vốn (80%): USB hiệu Kingston 32GB 3.0DT100G3,632,0,72727.2
2023-02-06,86,"Giá vốn (80%): Thiết bị chuyển mạch TP-Link,TL-SF1005D",632,0,181818.4
2023-02-06,86,Giá vốn (80%): Máy chấm công bằng dấu vân tay RJ3030,632,0,2029090.4
2023-02-06,86,Giá vốn (80%): Máy  In Canon Laser LBP-2900,632,0,2901818.4
2023-02-08,100,Giá vốn (80%): MÁY TÍNH XÁCH TAY (NB) HP Pavilion  X360 14- ek0132TU i7- 1255U/16GD4/512GSSD/14.0FHDT/PEN/FP/WLax/BT5. 2/3C43/W11SL/VÀNG(7C0W4PA),632,0,19047272.8
2023-02-08,103,Giá vốn (80%): MÁY TÍNH ĐỂ BÀN (PC) LENOVO ThinkCentre neo 50s Gen 3 i5- 12400(6*2.5)/4GD4/256GSSD/WL/BT/KB/M/NoOS/ĐEN(11T000AXVA),632,0,8429091.2
2023-02-08,103,Giá vốn (80%): MÀN HÌNH VI TÍNH (LCD) LENOVO C22-20 21.5INCH/1920 x 1080/75Hz/VGA/HDMI/ĐEN(62A7KAR1WW),632,0,1854545.6
2023-02-08,103,Giá vốn (80%): Máy In Canon Laser LBP-2900,632,0,2901817.6
2023-02-08,101,Giá vốn (80%): Chuột vi tính có dây Rapoo N100,632,0,363636.0
2023-02-08,101,Giá vốn (80%): Bàn phím Rapoo V500SE,632,0,450908.8
2023-02-08,101,Giá vốn (80%): Loa SoundMax A130/2.0,632,0,349091.2
2023-02-08,102,"Giá vốn (80%): Ổ cứng di động Seagate Expansion 2TB 2.5""",632,0,1600000.0
2023-02-08,102,Giá vốn (80%): Chuột máy tính Logitech M557,632,0,349091.2
2023-02-08,102,Giá vốn (80%): Bàn phím Rapoo V500SE,632,0,509090.4
2023-02-08,101,Giá vốn (80%): Bàn phím  Keyboard NK2500,632,0,1818181.6
2023-02-08,94,Giá vốn (80%): Chuột vi tính Rapoo M20,632,0,87272.8
2023-02-08,94,"Giá vốn (80%): Máy tính xách tay MSI GF63 Thin 11UD473VN/ i5-11400H/512GB SSD/8GB/RTX3050 Ti Max-Q 4GB/15.6""FHD/60Hz/WIN 11/màu đen",632,0,14160000.0
2023-02-08,95,Giá vốn (80%): Máy in laser Brother HL-L2366DW,632,0,2872727.2
2023-02-08,96,Giá vốn (80%): Nguồn Jetek Model J500,632,0,552727.2
2023-02-08,96,"Giá vốn (80%): Ổ cứng gắn trong 240GB SSD EXCERIA BICSFLASH2.5""SATA3 KIOXIA",632,0,501818.4
2023-02-08,99,"Giá vốn (80%): Màn hình vi tính Dell  LCD E2216Hv 21.5"" WHD",632,0,2152727.2
2023-02-08,96,Giá vốn (80%): Ram 4GB Kingston,632,0,400000.0
2023-02-08,97,Giá vốn (80%): Máy  in Brother HL-L2321D,632,0,2363636.0
2023-02-08,98,"Giá vốn (80%): Máy tính để bàn HP AIO 24- cb1011d,Core i5-1235U,8GB RAM,512GB SSD,Intel Graphics,23.8""FHD Touch,Wlan ac+BT,USB Keyboard & Mouse,Win11 Home 64,Starry White,1Y WTY_6K7G6PA",632,0,14516364.0
2023-02-09,105,Giá vốn (80%): Nguồn Jetek Model Y500T,632,0,363636.8
2023-02-09,105,Giá vốn (80%): Vỏ thùng máy tính JETEK Squid Game R3 WHITE,632,0,567272.8
2023-02-09,104,"Giá vốn (80%): Màn hình LCD VIEWSONIC VX2476 - SMHD/24""",632,0,3098181.6
2023-02-09,106,Giá vốn (80%): Hộp mực  in Ecoplus 12A,632,0,109091.2
2023-02-09,108,Giá vốn (80%): Máy  In Canon Laser LBP-2900,632,0,3054545.6
2023-02-09,107,Giá vốn (80%): Máy In Canon Laser LBP-2900,632,0,5658181.6
2023-02-10,109,Giá vốn (80%): Ổ cứng di động USB U366 64GB KIOXIA,632,0,160000.0
2023-02-10,111,Giá vốn (80%): Ổ cứng di động 16GB KIOXIA U202,632,0,261818.4
2023-02-10,112,Giá vốn (80%): Chuột máy tính Dell WM 126,632,0,145454.4
2023-02-10,113,Giá vốn (80%): Máy In Brother HL-L2321D,632,0,2145454.4
2023-02-10,110,Giá vốn (80%): Máy in Brother HL-L2321D,632,0,2145454.4
2023-02-12,114,Giá vốn (80%): Chuột máy tính  Logitech M331,632,0,203636.0
2023-02-12,114,Giá vốn (80%): Tai nghe Logitech H370,632,0,320000.0
2023-02-12,114,Giá vốn (80%): Mực Laser TN-2385 Brother,632,0,312727.2
2023-02-12,114,"Giá vốn (80%): Ổ cứng di động Seagate Expansion 1TB 2.5""",632,0,909091.2
2023-02-13,115,Giá vốn (80%): Bàn phím + chuột Logitech MK240,632,0,269091.2
2023-02-13,116,Giá vốn (80%): Ổ cứng Kingmax SSD Sata III 120GB SMV32,632,0,305454.4
2023-02-13,116,Giá vốn (80%): Bảng mạch chính Asus Prime H510MF,632,0,1083636.8
2023-02-13,117,Giá vốn (80%): Chuột vi tính  Rapoo M20,632,0,87272.8
2023-02-13,117,"Giá vốn (80%): Máy tính xách tay Lenovo ThinkBook 14 G4 IAP -I3-1215U(1.2G)-8GB RAM-256GB SSD-WF +BL,Fingerprint-14""FHD- DOS - 2Yr; P/N 21DH00B0VN",632,0,10741818.4
2023-02-13,119,Giá vốn (80%): Bàn phím máy tinh Rapoo NK2500,632,0,218181.6
2023-02-14,121,"Giá vốn (80%): Ổ cứng  GT Western Digital 2TB - 3.5""",632,0,814545.6
2023-02-14,122,Giá vốn (80%): Dây máy in USB 2.0 dài 5M Ugreen,632,0,181818.4
2023-02-14,120,Giá vốn (80%): Bộ lưu điện Santak - TG1000,632,0,2160000.0
2023-02-14,121,Giá vốn (80%): Mực Laser TN-2385 Brother,632,0,698181.6
2023-02-14,121,Giá vốn (80%): Bộ nhớ trong Kingmax 8GB DDR4-3200,632,0,385454.4
2023-02-15,124,Giá vốn (80%): Đầu bấm dây cáp mạng  Ensoho EN-RJ45C5 RJ-45 cat5e,632,0,61091.2
2023-02-15,124,"Giá vốn (80%): Thiết bị chuyển mạch TP-Link,LS108G",632,0,400000.0
2023-02-15,123,Giá vốn (80%): Chuột máy tính Logitech B100,632,0,72727.2
2023-02-15,123,Giá vốn (80%): Bàn phím Dell Multimedia KB216,632,0,138181.6
2023-02-16,131,Giá vốn (80%): Máy In Canon Laser LBP-2900,632,0,2901818.4
2023-02-16,125,Giá vốn (80%): Màn hình vi tính LCD  ASUS PRO ART PA247CV  23.8inch,632,0,4763636.0
2023-02-16,125,Giá vốn (80%): Chuột máy tính Logitech M331,632,0,181818.4
2023-02-16,133,Giá vốn (80%): Ổ Cứng SSD 120gb Kingston,632,0,3054545.6
2023-02-16,132,Giá vốn (80%): Bộ máy vi tính,632,0,7272727.2
2023-02-16,127,Giá vốn (80%): MÁY TÍNH XÁCH TAY (NB) LENOVO V14 G3 IAP i5- 1235U/8GD4/256GSSD/14.0FHD/WL/BT/2C38/NoOS/Đ EN(82TS0062VN),632,0,9810908.8
2023-02-16,134,"Giá vốn (80%): Thiết bị thu phát vô tuyến TP-Link,TL-WN823N",632,0,501818.4
2023-02-16,130,Giá vốn (80%): MÀN HÌNH LCD 23.8 Inch LENOVO THINKVISION S24e-20 (62AEKAR2WW),632,0,2174545.6
2023-02-16,130,Giá vốn (80%): Bộ máy vi tính,632,0,6683636.0
2023-02-16,129,Giá vốn (80%): Bộ nhớ máy tính xách tay Kingmax 4GB DDR4-2400,632,0,407272.8
2023-02-16,129,Giá vốn (80%): ổ cứng gắn trong 480GB SSD Exceria BiCS FLASH 2.5'' SATA3 Kioxia,632,0,1054545.6
2023-02-16,128,Giá vốn (80%): Bộ nguồn cấp điện liên tục Cyber Power BU600E,632,0,836364.0
2023-02-16,127,Giá vốn (80%): MÀN HÌNH VI TÍNH (LCD) LENOVO C22-20 21.5INCH/1920 x 1080/75Hz/VGA/HDMI/ĐEN(62A7KAR1WW),632,0,1592727.2
2023-02-16,127,Giá vốn (80%): MÀN HÌNH LCD 23.8 Inch LENOVO THINKVISION S24e-20 (62AEKAR2WW),632,0,1927272.8
2023-02-16,126,Giá vốn (80%): Nguồn  Jetek mini A200m,632,0,960000.0
2023-02-16,134,Giá vốn (80%): Thiết bị định tuyến TP-Link 2.4GHz/5GHz Archer C20,632,0,341817.6
2023-02-17,136,Giá vốn (80%): Ram 4GB Kingston,632,0,800000.0
2023-02-17,136,"Giá vốn (80%): Ổ cứng gắn trong 240GB SSD EXCERIABICSFLASH2.5""SATA3 KIOXIA",632,0,1505454.4
2023-02-17,135,"Giá vốn (80%): Ổ cứng di động Seagate Expansion 1TB 2.5""",632,0,952727.2
2023-02-17,136,Giá vốn (80%): Điện thoại có dây  Panasonic KXTS500,632,0,494545.6
2023-02-17,135,Giá vốn (80%): CPU MÁY TÍNH,632,0,6320000.0
2023-02-17,136,Giá vốn (80%): Cạc mạng  PCI Gigabit TP-Link TG 3468,632,0,167272.8
2023-02-17,138,Giá vốn (80%): Màn hình  LCD VIEWSONIC VA1903A,632,0,1381818.4
2023-02-17,137,Giá vốn (80%): Máy  in Brother HL-L2321D,632,0,1963636.8
2023-02-18,141,Giá vốn (80%): Máy  in Brother DCP - B7535DW,632,0,4058181.6
2023-02-18,140,Giá vốn (80%): Phần mềm  Kaspersky KL1941MCCFS,632,0,720000.0
2023-02-18,139,"Giá vốn (80%): Ổ cứng gắn trong 240GB SSDEXCERIABICSFLASH2.5""SATA3 KIOXIA",632,0,1200000.0
2023-02-19,146,Giá vốn (80%): Hộp mực in Eco Plus 12A,632,0,94545.6
2023-02-19,145,Giá vốn (80%): Hộp mực in Izinet 12A,632,0,458181.6
2023-02-19,143,Giá vốn (80%): Hộp mực in Izinet 12A,632,0,698181.6
2023-02-19,144,Giá vốn (80%): Màn Hình Vi Tính Dell-LCD-E2216HV,632,0,2465454.4
2023-02-19,142,Giá vốn (80%): MỰC LASER TN-2385 Brother,632,0,400000.0
2023-02-20,147,Giá vốn (80%): Mực nạp đổ XP12-140,632,0,2880000.0
2023-02-20,147,Giá vốn (80%): Mực laser đen Premium,632,0,1454545.6
2023-02-20,149,Giá vốn (80%): Hộp mực in Izinet 12A,632,0,509091.2
2023-02-20,150,Giá vốn (80%): Bộ máy vi tính Pentium G6405,632,0,222836363.2
2023-02-20,151,Giá vốn (80%): Máy in Brother HL-L2321D,632,0,1963636.0
2023-02-20,148,"Giá vốn (80%): Ổ cứng gắn trong 240GB SSDEXCERIABICSFLASH2.5""SATA3 KIOXIA",632,0,654545.6
2023-02-20,148,Giá vốn (80%): Bàn phím  NK2500,632,0,94545.6
2023-02-20,148,Giá vốn (80%): Bộ nhớ trong  Kingmax 4GB DDR4-2666,632,0,400000.0
2023-02-20,152,Giá vốn (80%): 6FW06A: Máy quét ảnh hoặc tài liệu HP ScanJet Pro 2000 s2- Sheet-feed Scanner,632,0,5665454.4
2023-02-21,157,Giá vốn (80%): Bộ nhớ trong Kingmax 8GB DDR4-2666,632,0,436363.2
2023-02-21,157,"Giá vốn (80%): Thiết bị thu phát vô tuyến  TP-Link,TL- WN822N",632,0,356364.0
2023-02-21,157,Giá vốn (80%): Bàn phím + chuột Logitech MK235,632,0,327272.8
2023-02-21,157,Giá vốn (80%): Ổ cứng hiệu  Western  4TB,632,0,1600000.0
2023-02-21,153,"Giá vốn (80%): Ổ cứng di động Seagate One touch 1TB 2.5""",632,0,1054545.6
2023-02-21,155,Giá vốn (80%): Mực T5018,632,0,872727.2
2023-02-21,156,Giá vốn (80%): Bộ lưu điện Santak - Mã hàng TG500,632,0,1687272.8
2023-02-21,154,"Giá vốn (80%): Ổ cứng GN WD Elements 2.5"" 4TB",632,0,2581818.4
2023-02-22,158,Giá vốn (80%): MÁY TÍNH ĐỂ BÀN (PC) LENOVO ThinkCentre neo 50s Gen 3 i5- 12400(6*2.5)/4GD4/256GSSD/WL/BT/KB/M/NoOS/ĐE N(11T000AXVA),632,0,37818181.6
2023-02-22,159,Giá vốn (80%): BỘ CPU I3.10105,632,0,12640000.0
2023-02-22,158,Giá vốn (80%): MÁY VI TÍNH ĐỂ BÀN (PC) LENOVO ThinkCentre neo 50t Gen 3 i3- 12100(4*3.3)/4GD4/256GSSD/WL/BT/KB/M/nOS/ĐEN( 11SC001LVA),632,0,84000000.0
2023-02-23,164,Giá vốn (80%): Hộp mực  in Ecoplus 12A,632,0,189091.2
2023-02-23,163,Giá vốn (80%): Hộp mực  in Izinet 12A,632,0,247272.8
2023-02-23,162,Giá vốn (80%): Mực Laser đen Premium,632,0,232727.2
2023-02-23,160,Giá vốn (80%): Phần mềm Kaspersky KL1867MUAFS,632,0,240000.0
2023-02-23,161,Giá vốn (80%): Nguồn Jetek Model Y500T,632,0,174544.8
2023-02-23,161,Giá vốn (80%): Bảng mạch chính Asus Prime H510MF,632,0,1090908.8
2023-02-23,161,Giá vốn (80%): Vỏ thùng máy tính  Jetek A30,632,0,189091.2
2023-02-23,161,Giá vốn (80%): Bộ nhớ trong  Kingmax 8GB DDR4-2400,632,0,436364.0
2023-02-23,161,Giá vốn (80%): Ổ cứng GT Western Digital 2TB,632,0,872727.2
2023-02-24,167,Giá vốn (80%): Nguồn máy tính Corsair CV450,632,0,560000.0
2023-02-24,167,Giá vốn (80%): Máy in laser Brother HL-L2321D,632,0,4058180.8
2023-02-24,167,Giá vốn (80%): MÀN HÌNH VI TÍNH (LCD) LENOVO C22-20 21.5INCH/1920 x 1080/75Hz/VGA/HDMI/ĐEN/(62A7KAR1WW),632,0,3709091.2
2023-02-24,166,Giá vốn (80%): Loa SoundMax A120/2.0,632,0,123636.0
2023-02-24,166,Giá vốn (80%): Bàn phím Rapoo NK2500,632,0,160000.0
2023-02-24,166,Giá vốn (80%): Chuột vi tính Rapoo M20,632,0,261818.4
2023-02-24,165,Giá vốn (80%): Chuột vi tính Rapoo M20,632,0,349091.2
2023-02-24,165,Giá vốn (80%): Bàn phím Rapoo NK2500,632,0,320000.0
2023-02-24,165,Giá vốn (80%): Nguồn  Jetek Model Y500T,632,0,349091.2
2023-02-24,167,Giá vốn (80%): Bảng mạch chính ASUS TUF  B660M-E D4,632,0,2327272.8
2023-02-24,167,Giá vốn (80%): Bộ nhớ trong DDR4 16GB/3200 KINGSTON,632,0,1658182.4
2023-02-24,167,Giá vốn (80%): Ổ cứng hiệu Western WD 1TB,632,0,1280000.0
2023-02-26,169,Giá vốn (80%): Chuột máy tính Dell MS116,632,0,65454.4
2023-02-26,172,Giá vốn (80%): Loa SoundMax A710/2.1,632,0,581818.4
2023-02-26,171,Giá vốn (80%): Ổ đĩa SDRW - 08D2S - U lite hiệu Asus,632,0,1294545.6
2023-02-26,170,Giá vốn (80%): Mực Laser TN-2385,632,0,618181.6
2023-02-26,169,Giá vốn (80%): MÀN HÌNH VI TÍNH (LCD) LENOVO C22-20 21.5INCH/1920 x 1080/75Hz/VGA/HDMI/ĐEN/(62A7KAR1WW),632,0,1854545.6
2023-02-26,168,Giá vốn (80%): Phần mềm  Kaspersky KL1941MCCFS,632,0,720000.0
2023-02-26,169,Giá vốn (80%): Bàn phím  Dell Multimedia KB216,632,0,123636.0
2023-02-26,172,Giá vốn (80%): Bàn phím Dell Multimedia KB216,632,0,349092.0
2023-02-26,172,Giá vốn (80%): Nguồn Jetek Model Y500T,632,0,320000.0
2023-02-26,174,Giá vốn (80%): Bộ lưu điện Santak - mã hàng C1K-LCD,632,0,5520000.0
2023-02-26,174,Giá vốn (80%): Chuột máy tính  Logitech B100,632,0,130908.8
2023-02-26,173,"Giá vốn (80%): Ổ cứng lưu trữ dữ liệu ST4000VX000,4T,5900RPM,3.5'',SATA,SEAGATE",632,0,1709091.2
2023-02-26,172,"Giá vốn (80%): Thiết bị đầu cuối 2.4GHz TP-Link,M7000",632,0,1163635.2
2023-02-26,174,"Giá vốn (80%): Chuyển đổi quang điện 2 sợi quang , BT-950 GS-20 (10/100/1000M)",632,0,843636.8
2023-02-27,179,Giá vốn (80%): Thiết bị định tuyến TP-Link 2.4GHz/5GHz Archer C50,632,0,2560000.0
2023-02-27,179,Giá vốn (80%): Đầu bấm dây cáp mạng Ensoho  RJ-45 cat5e,632,0,349091.2
2023-02-27,178,Giá vốn (80%): Máy In Canon Laser LBP226DW,632,0,5163636.0
2023-02-27,179,Giá vốn (80%): Cổng nối mạng TL - SG1005D TP-Link,632,0,669091.2
2023-02-27,177,Giá vốn (80%): Máy In Canon Laser LBP-2900,632,0,2829090.4
2023-02-27,179,Giá vốn (80%): Dây cáp mạng Ensoho EN-F6CA24 FTP cat6,632,0,1985454.4
2023-02-27,179,Giá vốn (80%): Tủ Rack 6U,632,0,622545.6
2023-02-27,179,Giá vốn (80%): THIẾT BỊ CHUYỂN MẠCH CISCO WS-C2960 CG-8TCL,632,0,5781817.6
2023-02-27,177,Giá vốn (80%): Màn hình vi tính Asus VP247HAE,632,0,2909091.2
2023-02-27,179,"Giá vốn (80%): CÁP CAT6 4UTP,23AWG,CM",632,0,2109091.2
2023-02-27,176,"Giá vốn (80%): Ổ cứng GT Western Digital 1TB-3.5""",632,0,545454.4
2023-02-27,180,Giá vốn (80%): Hộp mực  in Izinet 12A,632,0,763636.0
2023-02-27,175,Giá vốn (80%): Bàn phím Dell Multimedia KB216,632,0,145454.4
2023-02-28,182,Giá vốn (80%): Nguồn Jetek Model Y500T,632,0,872727.2
2023-02-28,182,"Giá vốn (80%): Thiết bị thu phát vô tuyến TP-Link,TL-WN821N",632,0,392727.2
2023-02-28,182,"Giá vốn (80%): Thiết bị thu phát vô tuyến TP-Link,TL-WN823N",632,0,130908.8
2023-02-28,182,"Giá vốn (80%): Thiết bị thu phát vô tuyến TP-Link,TL-WN725N",632,0,567272.8
2023-02-28,182,Giá vốn (80%): Chuột vi tính Rapoo M20,632,0,872727.2
2023-02-28,181,"Giá vốn (80%): Thiết bị thu phát vô tuyến TP-Link,TL-WA860RE",632,0,210908.8
2023-02-28,182,Giá vốn (80%): Bộ định tuyến TP-Link 2.4GHz-TL-WR840N,632,0,196364.0
2023-02-28,186,Giá vốn (80%): MÀN HÌNH LCD 23.8 Inch LENOVO THINKVISION S24e-20 (62AEKAR2WW),632,0,3636364.0
2023-02-28,182,"Giá vốn (80%): Bộ định tuyến  TP-Link 2.4GHz,TL-WR820N",632,0,174545.6
2023-02-28,185,Giá vốn (80%): Bộ nhớ máy vi tính Kingmax 4GB DDR4 - 2666,632,0,2545454.4
2023-02-28,186,Giá vốn (80%): MÀN HÌNH VI TÍNH (LCD) LENOVO C22-20 21.5INCH/1920 x 1080/75Hz/VGA/HDMI/ĐEN/3Y(62A7KAR1WW),632,0,2909091.2
2023-02-28,185,Giá vốn (80%): MÀN HÌNH VI TÍNH (LCD) LENOVO C22-20 21.5INCH/1920 x 1080/75Hz/VGA/HDMI/ĐEN/3Y(62A7KAR1WW),632,0,20363636.0
2023-02-28,185,Giá vốn (80%): MÁY VI TÍNH ĐỂ BÀN (PC) LENOVO ThinkCentre neo 50t Gen 3 i3- 12100(4*3.3)/4GD4/256GSSD/WL/BT/KB/M/nOS/ĐEN( 11SC001LVA),632,0,84000000.0
2023-02-28,184,Giá vốn (80%): Chuột vi tính Rapoo M20,632,0,94545.6
2023-02-28,184,"Giá vốn (80%): Máy tính xách tay Lenovo ThinkBook 14 G4 IAP -I3-1215U(1.2G)-8GB RAM-256GB SSD-WF +BL,Fingerprint-14""FHD- DOS - P/N 21DH00B0VN",632,0,10734545.6
2023-02-28,183,Giá vốn (80%): Điện thoại Panasonic KXTGB110CX,632,0,363636.0
2023-03-01,188,"Giá vốn (80%): Ổ cứng di động Seagate 2TB 2.5""",632,0,1600000.0
2023-03-01,189,Giá vốn (80%): MÁY VI TÍNH ĐỂ BÀN (PC) LENOVO ThinkCentre  neo 50t Gen 3 i3- 12100(4*3.3)/4GD4/256GSSD/WL/BT/KB/M/nOS/ĐEN( 11SC001LVA),632,0,5600000.0
2023-03-01,190,Giá vốn (80%): Loa SoundMax A150/2.0,632,0,421818.4
2023-03-01,190,Giá vốn (80%): Máy In Canon Laser LBP-2900,632,0,2901817.6
2023-03-01,187,"Giá vốn (80%): Bản quyền phần mềm Kaspersky Ksos 5 for DT+MD+FS SEA 5 - MD; 5-DT ,1-FS; 5USER 1Y BsRP",632,0,5760000.0
2023-03-02,193,Giá vốn (80%): Bộ máy vi tính,632,0,5018181.6
2023-03-02,193,Giá vốn (80%): Màn hình LCD VIEWSONIC VA1903A,632,0,2545454.4
2023-03-02,191,Giá vốn (80%): Chuột vi tính Rapoo M20,632,0,72727.2
2023-03-02,192,Giá vốn (80%): Mực  in  Brother BT5000Y,632,0,109091.2
2023-03-02,194,Giá vốn (80%): Bộ máy vi tính,632,0,14545454.4
2023-03-02,195,Giá vốn (80%): Đầu bấm dây mạng  Ensoho  RJ-45 cat5e,632,0,247273.6
2023-03-02,195,"Giá vốn (80%): Đầu mạng cáp 6 Commscope, AMP",632,0,400000.0
2023-03-02,195,Giá vốn (80%): Đầu ghi hình DS-7216HGHI-K1,632,0,2181818.4
2023-03-02,195,Giá vốn (80%): Camera quan sát DS-2CE16D0T-LFS,632,0,7490908.8
2023-03-02,195,"Giá vốn (80%): Ổ cứng lưu trữ dữ liệu ST4000VX000, 4T ,5900RPM,3.5'',SATA,SEAGATE",632,0,3767273.6
2023-03-02,195,Giá vốn (80%): Cáp dữ liệu HDMI 1.4 dài 15m,632,0,727272.8
2023-03-02,195,"Giá vốn (80%): Dây 4 lõi có thép treo vỏ nhựa PVC, chuẩn cat 3 (300m)",632,0,727272.8
2023-03-02,195,"Giá vốn (80%): Cáp cat6 4UTP, 23AWG, CM (305m/thùng)",632,0,4290908.8
2023-03-02,195,"Giá vốn (80%): Dây mạng FTP CAT6E Cu 0,5mm Cường lực HDPE",632,0,1774544.0
2023-03-02,195,Giá vốn (80%): Nguồn 12V 1A ADS-12FG-12N,632,0,581818.4
2023-03-03,196,Giá vốn (80%): Bộ định tuyến  Tp-Link 2.4GHz/Archer MR100,632,0,6909091.2
2023-03-03,196,Giá vốn (80%): Tiền công,632,0,26181818.4
2023-03-03,196,Giá vốn (80%): Camera quan sát CS-C6N (1080P),632,0,13090908.8
2023-03-03,196,"Giá vốn (80%): Thiết bị chuyển mạch Catalyst 1000 24port GE, 4x1G SFP/C1000­24T­4G­L",632,0,23272727.2
2023-03-04,198,Giá vốn (80%): Bộ máy vi tính,632,0,12509091.2
2023-03-04,199,Giá vốn (80%): MÀN HÌNH VI TÍNH (LCD) LENOVO C22-2021.5INCH/1920 x 1080/75Hz/VGA/HDMI/ĐEN(62A7KAR1WW),632,0,1505454.4
2023-03-04,197,"Giá vốn (80%): Dây USB 2.0 nối dài có chipset , dài 10m (10321)",632,0,276364.0
2023-03-04,197,Giá vốn (80%): Thiết bị ghi hình Logitech C930e,632,0,1883636.0
2023-03-05,200,Giá vốn (80%): Bộ nhớ trong  Kingston 8GD4 /2666,632,0,472727.2
2023-03-05,200,Giá vốn (80%): Chuột máy tính  Logitech M331,632,0,218181.6
2023-03-05,200,Giá vốn (80%): Ổ cứng  GT Western Digital 1TB,632,0,654545.6
2023-03-05,201,Giá vốn (80%): MÁY TÍNH ĐỂ BÀN (PC) LENOVO ThinkCentre neo 50s Gen 3 i5- 12400(6*2.5)/4GD4/256GSSD/WL/BT/KB/M/NoOS/ĐEN(11T000AXVA),632,0,22690908.8
2023-03-05,200,Giá vốn (80%): Bàn phím Dell Multimedia KB216,632,0,109091.2
2023-03-05,200,Giá vốn (80%): Bảng mạch chính Asus Prime H510MF,632,0,1090908.8
2023-03-08,203,"Giá vốn (80%): Thiết bị thu phát vô tuyến Tp-Link 150M ,TL-WN722N",632,0,145454.4
2023-03-08,202,Giá vốn (80%): Chuột máy tính Dell MS116,632,0,218181.6
2023-03-08,204,Giá vốn (80%): Nguồn Jetek Model J500,632,0,472727.2
2023-03-08,206,Giá vốn (80%): Máy tinh xách tay Asus ExpertBook B1400CEAE-EK4263 Core i5 -8G/256GB/Numpad/KB LED Backlid,632,0,10829091.2
2023-03-08,205,Giá vốn (80%): MÁY IN HP PRINTER LJ PRO400 M404DN,632,0,4283636.0
2023-03-09,208,"Giá vốn (80%): MÀN HÌNH VI TÍNH DELL-LCD-E2216HV-21.5""WHD-3Y",632,0,2036364.0
2023-03-09,207,Giá vốn (80%): MÁY IN CANON LASER LBP-2900,632,0,2901818.4
2023-03-10,209,Giá vốn (80%): Bộ Máy Vi Tính,632,0,11869091.2
2023-03-10,210,Giá vốn (80%): MÀN HÌNH VI TÍNH (LCD) LENOVO C22-20 21.5INCH/1920 x 1080/75Hz/VGA/HDMI/ ĐEN/(62A7KAR1WW),632,0,1854545.6
2023-03-12,216,Giá vốn (80%): Ổ CỨNG DI DỘNG SEAGATE 1TB ONE TOUCH,632,0,1054544.8
2023-03-12,211,"Giá vốn (80%): Bộ chuột,bàn phím máy vi tính X1800s",632,0,232727.2
2023-03-12,220,Giá vốn (80%): Hộp mực  in Ecoplus 12A,632,0,189091.2
2023-03-12,219,Giá vốn (80%): MÁY TÍNH ĐỂ BÀN DELL OPTIPEX 3000 SMALL FORM FACTOR Intel® Core i5 - 12500,632,0,12618181.6
2023-03-12,219,Giá vốn (80%): Ổ cứng gắn ngoài SanDisk SDSSDE61-4T00-G25 USB 3.2 Type C & Type A,632,0,9058181.6
2023-03-12,217,"Giá vốn (80%): MÀN HÌNH VI TÍNH DELL-LCD-E2216HV-21.5""WHD",632,0,2145454.4
2023-03-12,217,"Giá vốn (80%): Máy tính để bàn Dell Inspiron 3910 STI56020W1-8G-512G Intel Core i5- 12400 processor (6-Core, 18M Cache, 2.5GHz to 4.4GHz), 1x8GB, DDR4, 3200MHz, 512GB M.2 PCIe NVMe SSD, Intel(R) UHD Graphics 730, Không ổ đĩa, Chuột, Bàn Phím, Windows 11 Microsoft Office Home and Student 2021",632,0,8356364.0
2023-03-12,218,Giá vốn (80%): HỘP MỰC ECOPLUS 12A,632,0,130908.8
2023-03-12,216,Giá vốn (80%): MÀN HÌNH VI TÍNH (LCD) LENOVO C22-20 21.5INCH/1920 x 1080/75Hz/VGA/HDMI/ ĐEN(62A7KAR1WW),632,0,1854545.6
2023-03-12,216,Giá vốn (80%): MÁY IN ĐA NĂNG BROTHER DCP-T220,632,0,2676364.0
2023-03-12,212,Giá vốn (80%): BỘ MÁY VI TÍNH,632,0,12007272.8
2023-03-12,213,"Giá vốn (80%): Ổ cứng gắn trong 240GB SSD Exceria BICS FLASH 2.5"" SATA3 Kioxia",632,0,690908.8
2023-03-12,214,Giá vốn (80%): MÁY TÍNH XÁCH TAY (NB) LENOVO V14 G3 IAP i5- 1235U/8GD4/256GSSD/14.0FHD/WL/BT/2C38/NoOS/Đ EN(82TS0062VN),632,0,10654545.6
2023-03-12,214,Giá vốn (80%): Chuột vi tính Rapoo M20,632,0,101818.4
2023-03-12,215,Giá vốn (80%): ổ cứng Kingmax SSD M2 SATA III 256GB SA3080,632,0,574545.6
2023-03-12,216,Giá vốn (80%): BỘ MÁY VI TÍNH,632,0,6778181.6
2023-03-13,226,Giá vốn (80%): Bàn phím  Dell Multimedia KB216,632,0,109091.2
2023-03-13,226,Giá vốn (80%): Bảng mạch chính Asus Prime H510MF,632,0,1090908.8
2023-03-13,226,"Giá vốn (80%): Ổ cứng  SSD Western WDS240G2G0A,240GB",632,0,363636.8
2023-03-13,226,Giá vốn (80%): Bộ vi xử lý Intel Pentium G6405,632,0,1090908.8
2023-03-13,227,Giá vốn (80%): Chuột máy tính Logitech M187,632,0,363636.8
2023-03-13,227,Giá vốn (80%): Bàn phím Dell Multimedia KB216,632,0,123636.0
2023-03-13,228,"Giá vốn (80%): Bộ nhớ ngoài Sandisk 32G SDCZ74-032G-G46,USB",632,0,334545.6
2023-03-13,226,Giá vốn (80%): Chuột vi tính  Rapoo M20,632,0,87272.8
2023-03-13,224,Giá vốn (80%): Mực in HP W2092A,632,0,2109091.2
2023-03-13,229,Giá vốn (80%): Camera quan sát CS-CV310 (A0-1B2WFR),632,0,1672727.2
2023-03-13,224,Giá vốn (80%): Ruy băng máy in vi tính LQ310,632,0,327272.8
2023-03-13,224,Giá vốn (80%): Mực in HP CF-230A,632,0,2792728.0
2023-03-13,224,Giá vốn (80%): Mực in HP W2093A,632,0,2109091.2
2023-03-13,224,Giá vốn (80%): Mực in HP W2091A,632,0,2109091.2
2023-03-13,224,Giá vốn (80%): Mực in HP W2090A,632,0,3163636.0
2023-03-13,224,Giá vốn (80%): Mực in phun Brother BT5000C,632,0,370908.8
2023-03-13,224,Giá vốn (80%): Mực  in phun Brother BT5000M,632,0,370908.8
2023-03-13,224,Giá vốn (80%): Mực  in phun Brother BT5000Y,632,0,370908.8
2023-03-13,224,Giá vốn (80%): Mực in phun Brother BTD60BK,632,0,545454.4
2023-03-13,225,Giá vốn (80%): Cáp dữ liệu VIDEO HDMI 1.4 truyền âm thanh hình ảnh dài 5M Ugreen ( 10109),632,0,2109091.2
2023-03-13,230,Giá vốn (80%): Bút trình chiếu Rapoo XR200,632,0,290908.8
2023-03-13,221,Giá vốn (80%): Phần mềm  Kaspersky KL1867MUAFS,632,0,240000.0
2023-03-13,223,"Giá vốn (80%): Màn hình vi tính Dell LCD - E2216Hv - 21.5""WHD",632,0,4872727.2
2023-03-13,231,"Giá vốn (80%): Ổ cứng gắn trong 240GB SSD EXCERIA BICS FLASH 2.5"" Sata3 Kioxia",632,0,712727.2
2023-03-13,231,Giá vốn (80%): Bộ nhớ trong  Kingston 8GD4 - 3200,632,0,1236364.0
2023-03-13,231,Giá vốn (80%): Bảng mạch chính  Asus Prime H510MF,632,0,1418181.6
2023-03-13,232,Giá vốn (80%): Ổ cứng  GT Western Digital 1TB,632,0,622545.6
2023-03-13,232,Giá vốn (80%): Bộ nhớ trong  Kingston 8GD4 - 2666,632,0,778181.6
2023-03-13,232,Giá vốn (80%): Chuột vi tính Rapoo M20,632,0,272727.2
2023-03-13,232,Giá vốn (80%): Bàn phím  Logitech K120,632,0,327272.8
2023-03-13,222,Giá vốn (80%): Mực  Laser đen Premium,632,0,29091.2
2023-03-13,232,Giá vốn (80%): USB hiệu Kingston 64GB 3.0DT100G3,632,0,327272.8
2023-03-13,222,Giá vốn (80%): Máy  in Brother HL-L2321D,632,0,2145454.4
2023-03-14,238,Giá vốn (80%): MÁY IN  Brother DCP-B7535DW,632,0,4058181.6
2023-03-14,239,Giá vốn (80%): Bộ nhớ máy vi tính Kingmax 4GB DDR4 - 2666,632,0,5090908.8
2023-03-14,240,Giá vốn (80%): Bàn phím Dell Multimedia KB216,632,0,109091.2
2023-03-14,240,"Giá vốn (80%): Ổ cứng gắn trong 480GB SSD  EXCERIA BICS FLASH 2.5"" Sata3 KIOXIA",632,0,654545.6
2023-03-14,238,Giá vốn (80%): MÁY VI TÍNH ĐỂ BÀN (PC) LENOVO ThinkCentre neo 50t Gen 3 i3- 12100(4*3.3)/4GD4/256GSSD/WL/BT/KB/M/nOS/ ĐEN( 11SC001LVA),632,0,6392727.2
2023-03-14,239,Giá vốn (80%): MÀN HÌNH VI TÍNH (LCD) LENOVO C22-20 21.5INCH/1920 x 1080/75Hz/VGA/HDMI/ĐEN/3Y(62A7KAR1WW),632,0,21818181.6
2023-03-14,237,"Giá vốn (80%): Bộ nhớ ngoài Sandisk 32G SDCZ74-032G-G46,USB",632,0,334545.6
2023-03-14,236,Giá vốn (80%): Bộ nhớ trong Kingston 8GB D-2666,632,0,494545.6
2023-03-14,236,Giá vốn (80%): Bảng mạch chính Asus Prime H510M,632,0,1090908.8
2023-03-14,236,Giá vốn (80%): Nguồn Jetek Model Y500T,632,0,363636.8
2023-03-14,236,Giá vốn (80%): Bàn phím Keyboard NK2500,632,0,218180.8
2023-03-14,238,Giá vốn (80%): MÀN HÌNH LCD 23.8 Inch LENOVO THINKVISION S24e-20 (62AEKAR2WW),632,0,2174545.6
2023-03-14,240,Giá vốn (80%): Bộ nhớ trong Kingston 16GB D4 - 3200U,632,0,800000.0
2023-03-14,236,"Giá vốn (80%): Ổ cứng gắn trong 240GB SSD EXCERIA BICS FLASH2.5""Sata3 Kioxia",632,0,872728.0
2023-03-14,240,Giá vốn (80%): Chuột máy tính Logitech G304,632,0,523636.0
2023-03-14,235,Giá vốn (80%): Máy in hóa đơn XP-Q801L,632,0,1054545.6
2023-03-14,235,Giá vốn (80%): Máy in mã vạch XP-350BM,632,0,1272727.2
2023-03-14,235,Giá vốn (80%): ĐẦU ĐỌC MÃ VẠCH OD7200,632,0,1156363.2
2023-03-14,234,Giá vốn (80%): Bảng mạch chính Asus Prime H510MF,632,0,1090908.8
2023-03-14,233,Giá vốn (80%): Mực  in phun Brother BT5000,632,0,269091.2
2023-03-14,234,Giá vốn (80%): Bộ nhớ trong Kingston 8GB D-2666,632,0,494545.6
2023-03-14,234,"Giá vốn (80%): Ổ cứng gắn trong 240GB SSD EXCERIA BICS FLASH 2.5""Sata3 Kioxia",632,0,872728.0
2023-03-14,234,Giá vốn (80%): Bàn phím Keyboard NK2500,632,0,218180.8
2023-03-14,234,Giá vốn (80%): Nguồn Jetek Model Y500T,632,0,363636.8
2023-03-15,242,Giá vốn (80%): Máy in HP Laser jet Pro M404DN,632,0,4574545.6
2023-03-15,241,Giá vốn (80%): Bộ vi xử lý  Intel Core i3-10105,632,0,1963636.8
2023-03-15,241,Giá vốn (80%): Bảng mạch chính Asus Prime B560MK/CSM,632,0,1381818.4
2023-03-15,241,Giá vốn (80%): Drum máy photo,632,0,654545.6
2023-03-15,241,Giá vốn (80%): Từ,632,0,872727.2
2023-03-15,241,Giá vốn (80%): Bo máy photo,632,0,1636364.0
2023-03-15,241,Giá vốn (80%): Gạt máy photo,632,0,363636.0
2023-03-15,241,Giá vốn (80%): Mực T2309,632,0,363636.0
2023-03-16,250,Giá vốn (80%): Ổ cứng Kingmax SSD Sata III 120GB SMV32,632,0,247272.8
2023-03-16,250,Giá vốn (80%): Bàn phím Dell Multimedia KB216,632,0,218182.4
2023-03-16,247,Giá vốn (80%): Cáp dữ liệu Video HDMI 1.4 truyền âm thanh hình ảnh dài 10M Ugreen,632,0,349091.2
2023-03-16,243,Giá vốn (80%): Bảng mạch chính Asus Prime H510MF,632,0,2254545.6
2023-03-16,250,Giá vốn (80%): Chuột máy tính Logitech M185,632,0,261817.6
2023-03-16,245,"Giá vốn (80%): Màn hình vi tính Dell LCD  U2422H  23.8"" WHD",632,0,9236363.2
2023-03-16,245,Giá vốn (80%): Máy in HP Laser jet Pro M404DN,632,0,4356364.0
2023-03-16,245,Giá vốn (80%): Chuột máy tính Dell MS116,632,0,138182.4
2023-03-16,245,Giá vốn (80%): Bàn phím Dell Multimedia KB216,632,0,225454.4
2023-03-16,245,Giá vốn (80%): Vỏ thùng máy tính  JETEK EN15,632,0,196364.0
2023-03-16,245,Giá vốn (80%): Vỏ thùng máy tính  JETEK EN22,632,0,196363.2
2023-03-16,243,Giá vốn (80%): Bộ vi xử lý Intel Core i3 /9100,632,0,3520000.0
2023-03-16,243,Giá vốn (80%): Ổ cứng GT Western Digital 1TB,632,0,1280000.0
2023-03-16,251,Giá vốn (80%): Màn hình LCD VIEWSONIC VA2732-H,632,0,2363636.0
2023-03-16,251,Giá vốn (80%): Chuột vi tính có dây Rapoo N100,632,0,349091.2
2023-03-16,251,Giá vốn (80%): Bàn phím Keyboard NK2500,632,0,109090.4
2023-03-16,251,Giá vốn (80%): Ổ cứng di động 16GB U366 USB KIOXIA,632,0,218181.6
2023-03-16,251,Giá vốn (80%): TAI NGHE SOUNDMAX AH304,632,0,378182.4
2023-03-16,249,Giá vốn (80%): Máy in Brother DCP - B7535DW,632,0,4058181.6
2023-03-16,248,Giá vốn (80%): Mực T3008,632,0,909091.2
2023-03-16,244,Giá vốn (80%): Đầu bấm dây mạng Ensoho EN-RJ45C5 RJ-45 cat5e,632,0,109091.2
2023-03-16,244,Giá vốn (80%): Dây cáp mạng  Ensoho EN - U5CA24 UTP Cat5e,632,0,690908.8
2023-03-16,244,"Giá vốn (80%): Ổ cứng  SSD 240GB  EXCERIA BICS FLASH 2.5"" Sata3 KIOXIA",632,0,2290908.8
2023-03-16,244,Giá vốn (80%): LOA MICROLAB U210 2.1,632,0,305454.4
2023-03-16,244,Giá vốn (80%): LOA SOUNDMAX A827 2.1,632,0,429091.2
2023-03-16,244,Giá vốn (80%): Vỏ thùng máy tính JETEK Squid Game A1,632,0,421818.4
2023-03-16,244,Giá vốn (80%): Ổ cứng SSD 120GB SMV32 KINGMAX SATA III,632,0,1309091.2
2023-03-17,252,Giá vốn (80%): Hộp mực  in Izinet 12A,632,0,567272.8
2023-03-18,253,Giá vốn (80%): Máy in laser Canon LBP 2900,632,0,13890908.8
2023-03-19,254,Giá vốn (80%): Mực T3008,632,0,909091.2
2023-03-20,261,"Giá vốn (80%): Bút trình chiếu hiệu Rapoo mới 100%. Wireless Prensenter BLACK, XR200",632,0,218181.6
2023-03-20,260,Giá vốn (80%): Bộ máy vi tính,632,0,11250908.8
2023-03-20,259,Giá vốn (80%): CHUỘT MÁY TÍNH DELL MS116,632,0,436364.0
2023-03-20,258,Giá vốn (80%): Ổ cứng Kingmax SSD Sata III 120GB SMV32,632,0,327272.8
2023-03-20,260,Giá vốn (80%): MÀN HÌNH LCD 23.8 Inch LENOVO THINKVISION S24e-20 (62AEKAR2WW),632,0,2174545.6
2023-03-20,255,Giá vốn (80%): Máy  in Brother DCP-B7535DW,632,0,3992727.2
2023-03-20,259,"Giá vốn (80%): Màn hình máy tính Lenovo H20215FE0 - ""E22-28 (H20215FE0) 21.5 inch Monitor-HDMI, Linecord, P/N:62B9MAR4WW",632,0,1956363.2
2023-03-20,264,Giá vốn (80%): Màn hình máy tính Dell 22 Monitor - E2223HN,632,0,6240000.0
2023-03-20,257,Giá vốn (80%): Máy quét HP Scanjet Pro 3000 S4 Sheet-feed - WTY_6FW07A,632,0,7701818.4
2023-03-20,256,Giá vốn (80%): Chuột máy tính Logitech B100,632,0,50908.8
2023-03-20,263,Giá vốn (80%): MÁY IN ĐA NĂNG  Brother DCP-T220,632,0,2676364.0
2023-03-20,262,Giá vốn (80%): MÁY IN Canon Laser LBP-2900,632,0,2901818.4
2023-03-21,267,Giá vốn (80%): Màn chiếu treo P70WS,632,0,763636.0
2023-03-21,267,Giá vốn (80%): Thiết bị trình chiếu Presenter Logitech R400,632,0,472727.2
2023-03-21,266,Giá vốn (80%): Máy in đa năng Brother DCP-T220,632,0,2400000.0
2023-03-21,266,Giá vốn (80%): Bộ định tuyến Tp-Link 2.4GHz/5GHz Archer MR200,632,0,909091.2
2023-03-21,266,Giá vốn (80%): Ổ cứng  Kingmax SSD M2 Sata III 256GB SA3080,632,0,509091.2
2023-03-21,267,Giá vốn (80%): Máy chiếu đa năng ViewSonic PA503XB,632,0,8210908.8
2023-03-21,266,Giá vốn (80%): Loa SoundMax A926/2.1,632,0,509090.4
2023-03-21,267,Giá vốn (80%): Cáp dữ liệu HDMI dài 15m Ugreen,632,0,690908.8
2023-03-21,268,Giá vốn (80%): Máy tính bàn LENOVO THINKCENTRE M70S GEN 3  i5-12400 /11TC000TVA,632,0,18981819.2
2023-03-21,268,Giá vốn (80%): MÀN HÌNH VI TÍNH (LCD) LENOVO C22-20 21.5INCH/1920 x 1080/75Hz/VGA/HDMI/ĐEN(62A7KAR1WW),632,0,3636363.2
2023-03-21,266,Giá vốn (80%): MÁY TÍNH XÁCH TAY (NB) LENOVO V14 G3 IAP i5-1235U/8GD4/256GSSD/14.0FHD/WL/BT/2C38/NoOS/ĐEN(82TS0062VN),632,0,9818181.6
2023-03-21,269,Giá vốn (80%): Hộp mực in Ecoplus 12A,632,0,305454.4
2023-03-21,270,"Giá vốn (80%): Bút trình chiếu hiệu Rapoo mới 100%. Wireless Prensenter BLACK, XR200",632,0,218181.6
2023-03-21,270,Giá vốn (80%): Cáp chuyển đổi HDMI dài 5M ugreen,632,0,145454.4
2023-03-21,271,Giá vốn (80%): Cap chuyển đổi HDMI dài 10M ugreen,632,0,363636.0
2023-03-21,267,Giá vốn (80%): Gía treo máy chiếu  MS12,632,0,436364.8
2023-03-21,275,Giá vốn (80%): MÁY TÍNH ĐỂ BÀN,632,0,7272727.2
2023-03-21,265,Giá vốn (80%): MÀN HÌNH LCD 23.8 Inch LENOVO THINKVISIONS24e-20 (62AEKAR2WW),632,0,2174545.6
2023-03-21,265,Giá vốn (80%): Bộ máy vi tính,632,0,11250908.8
2023-03-21,274,"Giá vốn (80%): Bút trình chiếu hiệu Rapoo mới 100%. Wireless Prensenter BLACK, XR200",632,0,218181.6
2023-03-21,273,Giá vốn (80%): Cáp chuyển đổi HDMI dài 5M ugreen,632,0,145454.4
2023-03-21,274,Giá vốn (80%): Cáp chuyển đổi HDMI dài 5M ugreen,632,0,145454.4
2023-03-21,272,Giá vốn (80%): BÚT TRÌNH CHIẾU LP15 A4TECH,632,0,218181.6
2023-03-21,273,"Giá vốn (80%): Bút trình chiếu hiệu Rapoo mới 100%. Wireless Prensenter BLACK, XR200",632,0,218181.6
2023-03-22,282,Giá vốn (80%): Máy in Brother HL - L2321D,632,0,2120000.0
2023-03-22,286,Giá vốn (80%): Bộ nhớ trong Kingston 16GB D4-3200U,632,0,800000.0
2023-03-22,287,"Giá vốn (80%): Màn hình vi tính Dell  LCD  E2216Hv 21.5"" WHD",632,0,1854545.6
2023-03-22,277,Giá vốn (80%): Trống từ Brother DR-2385,632,0,509091.2
2023-03-22,288,Giá vốn (80%): Màn hình  LCD VIEWSONIC VX2476 - SH,632,0,2320000.0
2023-03-22,288,Giá vốn (80%): Chuột máy tính Logitech G102,632,0,240000.0
2023-03-22,288,"Giá vốn (80%): Ổ cứng SSD Western WDS500G2B0A, 500GB, Sata3 2.5""",632,0,1076364.0
2023-03-22,276,Giá vốn (80%): MỰC BROTHER BT5000Y,632,0,94545.6
2023-03-22,276,Giá vốn (80%): Trống từ Brother DR-2385,632,0,509090.4
2023-03-22,286,Giá vốn (80%): Chuột máy tính Logitech G102,632,0,240000.0
2023-03-22,287,"Giá vốn (80%): Ổ cứng di động  Seagate Expansion 1TB 2.5""",632,0,1054545.6
2023-03-22,286,Giá vốn (80%): Màn hình LCD VIEWSONIC VX2776-SH,632,0,2596364.0
2023-03-22,278,Giá vốn (80%): Mực in phun Brother BT5000,632,0,283636.8
2023-03-22,279,Giá vốn (80%): Bộ máy vi tính,632,0,11250908.8
2023-03-22,279,Giá vốn (80%): MÀN HÌNH LCD 23.8 Inch LENOVOTHINKVISIONS24e-20 (62AEKAR2WW),632,0,2174545.6
2023-03-22,280,Giá vốn (80%): HỘP MỰC ECOPLUS 12A,632,0,138181.6
2023-03-22,281,Giá vốn (80%): BÀN PHÍM RAPOO V500SE,632,0,800000.0
2023-03-22,281,Giá vốn (80%): CHUỘT MÁY TÍNH LOGITECH M185,632,0,290908.8
2023-03-22,283,"Giá vốn (80%): Máy tính xách tay Asus ExpertBook model B1500CEAE-BQ3284 Intel® Core™ i7-1165G7 /8G DDR4 on board, 512GB M.2 NVMe PCIe 3.0 SSD, Endless, FingerPrint, 15.6-inch, LED Backlit, 250nits, FHD (1920 x 1080)",632,0,13447272.8
2023-03-22,285,"Giá vốn (80%): Thiết bị thu phát vô tuyến  TP-Link,TL-WN722N",632,0,261818.4
2023-03-22,284,Giá vốn (80%): Camera kỹ thuật số có chức năng ghi hiệu EZVIZ mã CS-C3TN (1080P COLOR),632,0,727272.8
2023-03-22,285,Giá vốn (80%): Chuột máy tính Dell MS116,632,0,218181.6
2023-03-22,285,Giá vốn (80%): Vỏ thùng máy tính JETEK EM3,632,0,654545.6
2023-03-22,285,Giá vốn (80%): Bàn phím  Dell Multimedia KB216,632,0,360000.0
2023-03-22,284,Giá vốn (80%): Bàn phím  Logitech K120,632,0,130908.8
2023-03-22,284,"Giá vốn (80%): Camera quan sát CS-C3TN (3MP,2.8MM)",632,0,763636.8
2023-03-23,289,"Giá vốn (80%): Card PCIe Adapter TP Link,TL-WN881ND",632,0,632727.2
2023-03-23,289,Giá vốn (80%): MÀN HÌNH LCD 23.8 Inch LENOVOTHINKVISIONS24e-20(62AEKAR2WW),632,0,2174545.6
2023-03-23,292,"Giá vốn (80%): Thiết bị thu phát vô tuyến  2.4GHz TP-Link,TL-WA854RE",632,0,145454.4
2023-03-23,292,Giá vốn (80%): Bàn phím RAPOO V500 PRO,632,0,494545.6
2023-03-23,292,Giá vốn (80%): Chuột LOGITECH M170,632,0,123636.0
2023-03-23,291,"Giá vốn (80%): Ổ CỨNG MÁY TÍNH SSD Western WDS250G2B0A,250G",632,0,945454.4
2023-03-23,289,Giá vốn (80%): Bộ máy vi tính,632,0,11250908.8
2023-03-23,290,"Giá vốn (80%): Card PCIe Adapter TP Link,TL-WN881ND",632,0,203636.8
2023-03-23,293,Giá vốn (80%): MÁY IN Canon Laser LBP-2900,632,0,2901818.4
2023-03-23,290,Giá vốn (80%): MÁY TÍNH ĐỂ BÀN DELL OPTIPEX 3000 SMALL FORMFACTOR Intel® Core i5 - 12500,632,0,10610908.8
2023-03-24,294,Giá vốn (80%): Mực Laser TN-2385 Brother,632,0,581818.4
2023-03-24,296,Giá vốn (80%): Máy tính Casio JS20,632,0,2981818.4
2023-03-24,296,Giá vốn (80%): Thiết bị định tuyến TP-Link 2.4GHz/5GHz Archer C50,632,0,843636.0
2023-03-24,296,Giá vốn (80%): Máy hủy giấy hiệu Magitech DM-120M,632,0,3440000.0
2023-03-24,296,Giá vốn (80%): Bộ lưu điện Santak - TG500,632,0,9774545.6
2023-03-24,295,"Giá vốn (80%): ổ cứng Western SSD 240GB Sata3, màuxanh - green (WDS240G3G0A)",632,0,5236364.0
2023-03-25,298,Giá vốn (80%): TAI NGHE SOUNDMAX AH304,632,0,567272.8
2023-03-25,298,Giá vốn (80%): Máy tính bàn LENOVO THINKCENTRE M70S Gen 3 I3 12100/4GB/256GB SSD/WL+BT/K+M/DEN/1Y (11TC000PVA),632,0,5818181.6
2023-03-25,297,Giá vốn (80%): MÁY VI TÍNH ĐỂ BÀN (PC) LENOVO ThinkCentre neo 50tGen 3 i3- 12100(4*3.3)/4GD4/256GSSD/WL/BT/KB/M/nOS/ĐEN( 11SC001LVA),632,0,61600000.0
2023-03-25,298,Giá vốn (80%): Máy tính bàn LENOVO THINKCENTRE M70S Gen 3 -I5 12400/8GB/256GB SSD/WL+BT/K+M/DEN/1Y (11TC000TVA),632,0,8000000.0
2023-03-26,301,Giá vốn (80%): CHUỘT MÁY TÍNH  Logitech B100,632,0,58181.6
2023-03-26,307,"Giá vốn (80%): Thiết bị chuyến mạch TP-Link,TL-SF1008D",632,0,145454.4
2023-03-26,308,"Giá vốn (80%): Máy tính xách tay HP PAVILION 15 - eg2062TU i3 1215TU/8GB/256GB SSD/15.6"" FHD/W11SL/ALU Vàng ( 6K790PA)",632,0,10072727.2
2023-03-26,301,Giá vốn (80%): BÀN PHÍM LOGITECH K120,632,0,130908.8
2023-03-26,300,Giá vốn (80%): MỰC LASER ĐEN BROTHER 2240,632,0,109091.2
2023-03-26,299,"Giá vốn (80%): Ổ cứng SSD 480GB KIOXIA EXCERIA BICS FLASH 2.5"" Sata3",632,0,712727.2
2023-03-26,300,Giá vốn (80%): MỰC Laser TN-2385 Brother,632,0,400000.0
2023-03-26,300,Giá vốn (80%): CHUỘT MÁY TÍNH Logitech M185,632,0,145454.4
2023-03-26,307,Giá vốn (80%): Bộ nhớ trong Kingston 4GB/2666,632,0,618181.6
2023-03-26,308,Giá vốn (80%): Chuột vi tính  Rapoo M20,632,0,101818.4
2023-03-26,306,Giá vốn (80%): Máy in Brother HL-L2321D,632,0,5781818.4
2023-03-26,302,Giá vốn (80%): CHUỘT MÁY TÍNH Logitech M221,632,0,392727.2
2023-03-26,303,Giá vốn (80%): Mực  Laser đen Premium,632,0,109091.2
2023-03-26,303,Giá vốn (80%): Mực MP2014,632,0,472727.2
2023-03-26,304,Giá vốn (80%): Chuột máy tính Logitech M221,632,0,167272.8
2023-03-26,304,Giá vốn (80%): Hộp Mực In EcoPlus 12A,632,0,109091.2
2023-03-26,305,Giá vốn (80%): BỘ MÁY VI TÍNH,632,0,6385454.4
2023-03-26,306,"Giá vốn (80%): Máy tính xách tay Dell Latitude 3420, CTO Intel Core i3-1115G4 (2 Core,6M cache, base 3.0GHz, up to 4.10), MH 14 inch HD (1920 x 1080), RAM8GB, 256GB SSD, Intel® UHD Graphics, Ubuntu /L3420I3SSHD",632,0,8363636.0
2023-03-26,303,Giá vốn (80%): TỪ,632,0,1418181.6
2023-03-27,309,Giá vốn (80%): Mực In Brother BT5000M,632,0,109091.2
2023-03-27,310,Giá vốn (80%): CHUỘT MÁY TÍNH LOGITECH B100,632,0,101818.4
2023-03-28,313,Giá vốn (80%): TAI NGHE LOGITECH H370,632,0,327272.8
2023-03-28,313,Giá vốn (80%): THIẾT BỊ CHUYỂN MẠCH TP-Link TL-SF1008D,632,0,160000.0
2023-03-28,313,Giá vốn (80%): CHUỘT MÁY TÍNH LOGITECH B100,632,0,61818.4
2023-03-28,314,Giá vốn (80%): Ổ CỨNG SSD 240GB KIOXIA EXCERIA SATA3 BICS FLASH 2.5,632,0,690908.8
2023-03-28,315,Giá vốn (80%): Bộ nhớ trong Ram 8GB - 3200 Kingmax,632,0,545454.4
2023-03-28,315,Giá vốn (80%): Nguồn Jetek Model J450,632,0,494545.6
2023-03-28,315,Giá vốn (80%): Bo mạch chính Asus Prime H510MK,632,0,1221818.4
2023-03-28,313,Giá vốn (80%): BỘ NHỚ TRONG RAM KINGSTON 16GB/3200,632,0,858181.6
2023-03-28,315,Giá vốn (80%): Bộ vi xử lý Intel i5 10400-2.90Ghz,632,0,2683636.0
2023-03-28,313,Giá vốn (80%): BỘ NHỚ TRONG RAM KINGMAX 8GB/3200,632,0,2138181.6
2023-03-28,311,Giá vốn (80%): Chuột máy tính Logitech M185,632,0,145454.4
2023-03-28,312,"Giá vốn (80%): Màn hình LCD   VIEWSONIC VA1903A/19""",632,0,2327272.8
2023-03-28,312,Giá vốn (80%): Tai nghe SoundMax AH304,632,0,800000.0
2023-03-28,312,Giá vốn (80%): 4K0Z7PA: Máy tính xách tay HP 14s-fq1080AU - AMD Ryzen 3 5300U / 4GB DDR4-3200/ SSD 256GB / Radeon Vega Graphics/ 14” HD/ Windows 11 Home/ Natural Silver/ 1Y,632,0,10800000.0
2023-03-29,319,"Giá vốn (80%): Thiết bị thu phát vô tuyến TP-Link 150M,TL-WN722N",632,0,1127272.8
2023-03-29,319,Giá vốn (80%): LOA SOUNDMAX A2126 2.1,632,0,843636.0
2023-03-29,319,Giá vốn (80%): Loa SoundMax A150/2.0,632,0,501818.4
2023-03-29,319,"Giá vốn (80%): Thiết bị chuyển mạch TP-Link,TL-SF1008D",632,0,1127272.8
2023-03-29,319,Giá vốn (80%): Chuột máy tính Logitech B100,632,0,509091.2
2023-03-29,319,Giá vốn (80%): Bàn phím  Logitech K120,632,0,738181.6
2023-03-29,328,Giá vốn (80%): Hộp mực in ecoplus 12A,632,0,94545.6
2023-03-29,327,"Giá vốn (80%): Màn hình vi tính LCD DELL P2719H 27.0""",632,0,8945454.4
2023-03-29,319,Giá vốn (80%): Ổ cứng di động USB KIOXIA 16GB U202 2.0,632,0,240000.0
2023-03-29,321,Giá vốn (80%): Bộ lưu điện Santak - TG500,632,0,734545.6
2023-03-29,327,"Giá vốn (80%): Màn hình  LCD VIEWSONIC VX3276-MHD-2.31.5""",632,0,12800000.0
2023-03-29,321,Giá vốn (80%): Máy  In Canon Laser LBP-2900,632,0,2901818.4
2023-03-29,327,"Giá vốn (80%): Màn hình vi tính LCD DELL P2722H 27.0""",632,0,6545454.4
2023-03-29,326,Giá vốn (80%): Máy in Brother HL- L2321D,632,0,19054545.6
2023-03-29,325,Giá vốn (80%): Máy In Canon Laser LBP 226DW,632,0,4400000.0
2023-03-29,324,Giá vốn (80%): MÁY IN  Brother HL-L2321D,632,0,1963636.0
2023-03-29,326,"Giá vốn (80%): Màn hình LCD VIEWSONIC VA1903A/19""",632,0,5745454.4
2023-03-29,323,Giá vốn (80%): 4K0Z7PA: Máy tính xách tay HP 14s-fq1080AU - AMD Ryzen3 5300U / 4GB DDR4-3200/ SSD 256GB / Radeon VegaGraphics/ 14” HD/ Windows 11 Home/ Natural Silver/ 1Y,632,0,17236364.0
2023-03-29,317,Giá vốn (80%): Cáp truyền dữ liệu HDMI 10m Ugreen,632,0,320000.0
2023-03-29,318,Giá vốn (80%): MỰC LASER ĐEN PREMIUM,632,0,232727.2
2023-03-29,318,Giá vốn (80%): HỘP MỰC ECOPLUS 12A,632,0,232727.2
2023-03-29,320,Giá vốn (80%): Máy  In Canon Laser LBP-2900,632,0,2901818.4
2023-03-29,326,Giá vốn (80%): Bàn phím  Dell Multimedia KB216,632,0,3272727.2
2023-03-29,327,"Giá vốn (80%): Màn hình vi tính Dell LCD  U2419H  23.8"" WHD-3Y",632,0,15709091.2
2023-03-29,327,Giá vốn (80%): Máy in đa năng Brother MFC - L2701D,632,0,18909091.2
2023-03-29,326,"Giá vốn (80%): Thiết bị chuyển mạch  TP-Link,TL-SF1005D",632,0,109090.4
2023-03-29,327,Giá vốn (80%): Bộ máy vi tính,632,0,68727272.8
2023-03-29,326,Giá vốn (80%): Máy In Canon Laser LBP-2900,632,0,10909091.2
2023-03-29,326,"Giá vốn (80%): Máy tính xách tay MSI GF63 Thin11SC-664VN (i5-11400H; 8GB;512GB SSD; GTX 1650/4GB; 15.6""FHD 144Hz; Win11; Đen)",632,0,11636364.0
2023-03-29,326,Giá vốn (80%): Chuột máy tính  Dell MS116,632,0,1854545.6
2023-03-29,326,Giá vốn (80%): TAI NGHE SOUNDMAX AH314,632,0,1454545.6
2023-03-30,329,"Giá vốn (80%): Thiết bị đầu cuối GSM/W-CDMA FDD 2.4GHz TP-Link,M7000",632,0,676363.2
2023-03-30,329,"Giá vốn (80%): Thiết bị chuyển mạch  TP-Link,TL-SF1008D",632,0,116363.2
2023-03-30,329,Giá vốn (80%): Thẻ nhớ 32GB MICRO SDHC Exceria UHS-I C10 U1  KIOXIA,632,0,581818.4
2023-03-30,329,Giá vốn (80%): Ổ cứng di động USB KIOXIA 16GB U202 2.0,632,0,349091.2
2023-03-30,329,"Giá vốn (80%): Ổ cứng GT Western Digital 2TB - 3.5""",632,0,1054545.6
2023-03-30,329,Giá vốn (80%): Camera quan sát DS-2CE16D0T-LFS,632,0,2880000.0
2023-03-30,329,Giá vốn (80%): Đầu ghi hình DS-7208HGHI-K1,632,0,1549091.2
2023-03-30,338,Giá vốn (80%): Bộ máy vi tính,632,0,87272727.2
2023-03-30,337,Giá vốn (80%): MÁY VI TÍNH ĐỂ BÀN,632,0,3890908.8
2023-03-30,337,Giá vốn (80%): MÁY IN Brother HL-L2321D,632,0,1927272.8
2023-03-30,336,Giá vốn (80%): CARD ĐỒ HỌA ASUS PH-GTX1650-O4GD6-90YV0EH2-M0NA00,632,0,2974545.6
2023-03-30,339,Giá vốn (80%): Bộ máy vi tính,632,0,56000000.0
2023-03-30,334,Giá vốn (80%): Ổ CỨNG Kingmax PQ3480 256GB(ZeusM2PCIe-Gen3x4),632,0,480000.0
2023-03-30,333,Giá vốn (80%): Bộ nhớ trong Ram 16gb/3200 kingston,632,0,1127272.8
2023-03-30,331,"Giá vốn (80%): Máy tính xách tay LenovoThinkPad E14 Gen 4, i5-1235U,8GB, 512GB SSD, Intel Iris XeGraphics, 14"" FHD, 3C 45Wh,ax+BT, FP, No OS, Đen (Black), WTY_21E300DPVA",632,0,13818181.6
2023-03-30,335,"Giá vốn (80%): Máy tính để bàn Dell Vostro 3710 STI34010W1-8G-256G Intel Core i3-12100processor (4-Core, 12M Cache, 3.3GHz to 4.3GHz), 1x8GB, DDR4,3200MHz, 256GB NVMe M.2 PCIe SSD, Chuột, Bàn Phím, Windows 11Microsoft Office Home and Student 2021",632,0,8727272.8
2023-03-30,329,"Giá vốn (80%): Thiết bị thu phát vô tuyến  2.4GHz TP-Link,TL-WA850RE",632,0,480000.0
2023-03-30,340,Giá vốn (80%): Vỏ thùng máy tính  JETEK Squid Game X1 (WHITE),632,0,567272.8
2023-03-30,330,Giá vốn (80%): USB hiệu Kingston 16GB 3.0DT100G3,632,0,1636363.2
2023-03-30,340,Giá vốn (80%): Ổ cứng di động USB KIOXIA 16GB U202 2.0,632,0,472727.2
2023-03-30,340,Giá vốn (80%): Bàn phím Keyboard NK2500,632,0,523636.0
2023-03-30,340,Giá vốn (80%): Chuột vi tính có dây Rapoo N100,632,0,327272.8
2023-03-30,340,Giá vốn (80%): Thẻ nhớ Micro SD+Adaptor Hikvision HS-TF-C1/32G,632,0,232727.2
2023-03-30,340,Giá vốn (80%): Nguồn JETEK  Model J450,632,0,872727.2
2023-03-30,340,Giá vốn (80%): Nguồn JETEK  Model J400,632,0,1156364.0
2023-03-30,340,Giá vốn (80%): Vỏ thùng máy tính JETEK Squid Game R5,632,0,487272.8
2023-03-30,340,Giá vốn (80%): Vỏ thùng máy tính GOLDEN FIELD 241 PLUS,632,0,363636.0
2023-04-01,341,Giá vốn (80%): CPU MÁY TÍNH,632,0,10305454.4
2023-04-01,342,Giá vốn (80%): 6R9M6PA: Máy tính xách tay HP 14s-dq5053TU - Intel Core i5-1235U - U15 / 8GB DDR4 2DM 3200/ SSD 512Gb / Intel Iris Xe/ 14 Inch HD/ Win 11 home/ Natural Silver/ 1Y,632,0,11170908.8
2023-04-01,342,Giá vốn (80%): Chuột vi tính Rapoo M20,632,0,94545.6
2023-04-02,344,Giá vốn (80%): Bộ máy vi tính,632,0,6836363.2
2023-04-02,344,Giá vốn (80%): Máy  In Canon Laser LBP-2900,632,0,2800000.0
2023-04-02,344,Giá vốn (80%): Thiết bị ghi hình webcam RAPOO,632,0,254545.6
2023-04-02,344,Giá vốn (80%): Máy chấm công bằng dấu vân tay  DG600BID,632,0,2392727.2
2023-04-02,344,Giá vốn (80%): MÀN HÌNH LCD 23.8 Inch LENOVO THINKVISION S24e-20 (62AEKAR2WW),632,0,2174545.6
2023-04-02,345,Giá vốn (80%): Máy In Canon Laser LBP 226DW,632,0,5047272.8
2023-04-02,343,Giá vốn (80%): Máy in Canon Laser LBP-2900,632,0,2901818.4
2023-04-03,350,Giá vốn (80%): Máy in laser Brother HL-L2321D,632,0,117818181.6
2023-04-03,349,Giá vốn (80%): BỘ MÁY VI TÍNH,632,0,9229091.2
2023-04-03,346,Giá vốn (80%): Bàn phím RAPOO V500SE,632,0,800000.0
2023-04-03,346,Giá vốn (80%): Chuột máy tính Dell MS116,632,0,130908.8
2023-04-03,351,Giá vốn (80%): BỘ NHỚ RAM SILICON 4GB DDR4-2666,632,0,3032727.2
2023-04-03,349,Giá vốn (80%): Máy  In Canon Laser LBP-2900,632,0,2901817.6
2023-04-03,347,"Giá vốn (80%): Camera quan sát CS-C1C 1080P, H.265 (E0-1E2WF)",632,0,1047272.8
2023-04-03,347,Giá vốn (80%): Thẻ nhớ 64GB MICRO SDXC Exceria UHS -I C10 U1 KIOXIA,632,0,283636.8
2023-04-03,348,Giá vốn (80%): Máy bộ đàm GP685,632,0,1090908.8
2023-04-03,347,Giá vốn (80%): Camera kỹ thuật số có chức năng ghi hiệu EZVIZ mãCS-C3TN (1080P COLOR) 2.8 MM,632,0,705454.4
2023-04-04,358,Giá vốn (80%): Hộp mực  in Ecoplus 12A,632,0,94545.6
2023-04-04,353,Giá vốn (80%): Bàn Phím Dell Multimedia KB216,632,0,1236364.0
2023-04-04,352,"Giá vốn (80%): Ổ cứng Seagate Expansion2TB 2.5""(STEA2000400)",632,0,1301818.4
2023-04-04,353,Giá vốn (80%): Chuột Vi Tính  Rapoo M20,632,0,872727.2
2023-04-04,357,"Giá vốn (80%): Bút trình chiếu hiệu Rapoo mới 100%. WirelessPrensenter BLACK, XR200",632,0,472727.2
2023-04-04,356,Giá vốn (80%): Hộp mực  in Ecoplus 12A,632,0,94545.6
2023-04-04,354,"Giá vốn (80%): Máy tính xách tay Dell Inspiron 15 3520 Intel Core i5-1235U, 15.6""FHD, 1x8G,256GB SSD PCIe NVMe, 3 Cell-41Whr, Win 11 Microsoft Office Home andStudent 2021, N5I5122W1-Black",632,0,11272727.2
2023-04-04,354,Giá vốn (80%): Máy In Canon Laser LBP-2900,632,0,2778181.6
2023-04-04,355,Giá vốn (80%): MÁY IN Canon Laser LBP-2900,632,0,8596364.0
2023-04-04,355,Giá vốn (80%): BỘ CHIA CỔNG Cliptec RZH209,632,0,109090.4
2023-04-04,354,Giá vốn (80%): Chuột máy tính Logitech M221,632,0,349091.2
2023-04-05,362,Giá vốn (80%): Chuột vi tính Rapoo M20,632,0,669091.2
2023-04-05,362,Giá vốn (80%): Loa vi tính  Microlab M108/2.1,632,0,552728.0
2023-04-05,362,Giá vốn (80%): Tai nghe SoundMax AH317,632,0,218181.6
2023-04-05,362,Giá vốn (80%): Camera quan sát kỹ thuật số có chức năng ghi hiệuEZVIZ mã CS-H8C,632,0,1374545.6
2023-04-05,359,"Giá vốn (80%): Máy tính xách tay MSI GF63 Thin11SC - 664VN (i5-11400H;8GB;512GB SSD; GTX 1650/4GB; 15.6""FHD 144Hz; Win11;Đen)",632,0,10981818.4
2023-04-05,359,"Giá vốn (80%): Thiết bị định tuyến thu phát vô tuyến  TP-Link,2.4Ghz,TL-MR6400",632,0,1570908.8
2023-04-05,361,Giá vốn (80%): Dây cáp mạng Ensoho EN-U5CA24 UTP Cat5e,632,0,385454.4
2023-04-05,362,"Giá vốn (80%): Thiết bị định tuyến thu phát vô tuyến TP-Link,2.4Ghz,TL-MR6400",632,0,850908.8
2023-04-05,362,Giá vốn (80%): Camera quan sát CS-H8C (1080P),632,0,1112728.0
2023-04-05,359,Giá vốn (80%): MÀN HÌNH LCD 23.8 Inch LENOVO THINKVISION S24e-20 (62AEKAR2WW),632,0,1890908.8
2023-04-05,362,"Giá vốn (80%): Ổ cứng  GT Western Digital 4TB - 3.5""",632,0,1883636.0
2023-04-05,362,Giá vốn (80%): Đầu ghi hình DS-7216HGHI-K1,632,0,1854545.6
2023-04-05,360,"Giá vốn (80%): Ổ CỨNG Seagate Expansion1TB 2.5""(STEA1000405)",632,0,960000.0
2023-04-05,362,Giá vốn (80%): Camera quan sát DS-2CE16D0T-LFS,632,0,11752727.2
2023-04-05,362,Giá vốn (80%): Camera quan sát CS-C6N (1080P),632,0,1090908.8
2023-04-05,362,Giá vốn (80%): Thẻ nhớ 32GB Kioxia,632,0,218181.6
2023-04-05,362,Giá vốn (80%): Camera kỹ thuật số có chức năng ghi hiệu EZVIZ mãCS-C3TN (1080P COLOR) 2.8 MM,632,0,763636.0
2023-04-06,364,"Giá vốn (80%): Máy tính xách tay LenovoThinkPad E14 Gen 4, i5-1235U,8GB, 512GB SSD, Intel Iris XeGraphics, 14"" FHD, 3C 45Wh,ax+BT, FP, No OS, Đen (Black),2Y WTY_21E300DPVA",632,0,12436364.0
2023-04-06,363,Giá vốn (80%): MÀN HÌNH LCD 23.8 Inch LENOVO THINKVISION S24e-20 (62AEKAR2WW),632,0,9090908.8
2023-04-06,363,Giá vốn (80%): MÀN HÌNH VI TÍNH (LCD) LENOVO C22-20 21.5INCH/1920 x 1080/75Hz/VGA/HDMI/ĐEN/3Y(62A7KAR1WW),632,0,14545454.4
2023-04-06,363,Giá vốn (80%): MÁY TÍNH ĐỂ BÀN (PC) LENOVO ThinkCentre neo 50s Gen 3 i5- 12400(6*2.5)/4GD4/256GSSD/WL/BT/KB/M/NoOS/ĐEN(11T000AXVA),632,0,15127272.8
2023-04-07,365,Giá vốn (80%): Máy in phun màu khổ A4 Epson L805,632,0,7236364.0
2023-04-09,366,Giá vốn (80%): Hộp mực in Izinet 12A,632,0,232727.2
2023-04-09,367,Giá vốn (80%): Ổ đĩa cứng GT Kingston 120GB(SA400S37/120G)km,632,0,945454.4
2023-04-09,367,Giá vốn (80%): Mực laser đen Premium,632,0,65454.4
2023-04-09,372,Giá vốn (80%): Bàn phím RAPOO V500SE,632,0,400000.0
2023-04-09,372,"Giá vốn (80%): Ổ cứng Seagate Expansion 1TB 2.5""",632,0,1054545.6
2023-04-09,368,Giá vốn (80%): MÁY BỘ ĐÀM  VX6868,632,0,11636364.0
2023-04-09,369,Giá vốn (80%): Máy chiếu đa năng ViewSonic PA503W,632,0,28778181.6
2023-04-09,369,Giá vốn (80%): Gía treo máy chiếu 1.2m,632,0,654545.6
2023-04-09,369,Giá vốn (80%): Màn chiếu treo P84WS,632,0,2836364.0
2023-04-09,369,Giá vốn (80%): Máy In Canon Laser LBP-2900,632,0,2872727.2
2023-04-09,369,Giá vốn (80%): Cáp dữ liệu VIDEO HDMI 1.4 truyền âm thanh hình ảnh dài 15M Ugreen (10111),632,0,1963636.0
2023-04-09,371,"Giá vốn (80%): Bộ nhớ ngoài  Sandisk 32G SDCZ50-032G-B35,USB,Cruzer",632,0,400000.0
2023-04-09,369,Giá vốn (80%): 6R9M6PA: Máy tính xách tay HP 14s-dq5053TU - Intel Core i5-1235U - U15 / 8GB DDR4 2DM 3200/ SSD 512Gb / Intel Iris Xe/ 14 Inch HD/ Win 11 home/ Natural Silver/ 1Y,632,0,12356364.0
2023-04-09,370,Giá vốn (80%): ổ cứng gắn trong 250GB SSD Exceria NVMe BiCS FLASHM.2 PCIe Kioxia,632,0,545454.4
2023-04-10,375,Giá vốn (80%): Bàn phím  RAPOO V500 PRO,632,0,538181.6
2023-04-10,375,Giá vốn (80%): Chuột máy tính Logitech M221,632,0,189091.2
2023-04-10,375,"Giá vốn (80%): Ổ cứng  Seagate Expansion 1TB 2.5""",632,0,1054545.6
2023-04-10,375,"Giá vốn (80%): Màn hình vi tính  Dell LCD E2216Hv 21.5"" WHD",632,0,1854545.6
2023-04-10,373,Giá vốn (80%): Chuột máy tính Dell WM118,632,0,181818.4
2023-04-10,373,Giá vốn (80%): Cáp dữ liệu VIDEO HDMI 1.4 truyền âm thanh hình ảnh dài5M Ugreen (10109),632,0,203636.0
2023-04-10,374,Giá vốn (80%): Bàn phím  Keyboard NK2500,632,0,436364.0
2023-04-10,374,"Giá vốn (80%): Ổ đĩa cứng GT Kingston 2.5""SSD (SA400S37/240G)",632,0,690908.8
2023-04-11,381,"Giá vốn (80%): THIẾT BỊ ĐẦU CUỐI  GSM/W-CDMA FDD 2.4GHz TP-Link,M7000",632,0,581818.4
2023-04-11,382,Giá vốn (80%): Mực Laser TN-2385 Brother,632,0,327272.8
2023-04-11,377,Giá vốn (80%): CPU máy vi tính I3/10105,632,0,4938181.6
2023-04-11,377,Giá vốn (80%): Mực laser đen Brother 2240,632,0,174545.6
2023-04-11,381,Giá vốn (80%): BÀN PHÍM RAPOO V500SE,632,0,400000.0
2023-04-11,380,"Giá vốn (80%): BỘ NHỚ NGOÀI Sandisk 16G SDCZ50-016G-B35,USB,Cruzer",632,0,690908.8
2023-04-11,376,"Giá vốn (80%): Máy tính bàn Lenovo Desktop ThinkCentre M70a Gen 3 -i3-12100 ( 4.3 GHZ) - 8GB RAM - 256GB SSD - 21.5 inchFHD -1Yr, P/n , hdd 1TB , 11VL0000VA",632,0,11701818.4
2023-04-11,378,Giá vốn (80%): CHUỘT MÁY TÍNH LOGITECH M187,632,0,218181.6
2023-04-11,378,"Giá vốn (80%): Ổ cứng Seagate Expansion 1TB 2.5""",632,0,1054545.6
2023-04-11,379,Giá vốn (80%): HỘP MỰC  Ecoplus 12A,632,0,94545.6
2023-04-11,380,"Giá vốn (80%): Máy tính xách tay Dell Latitude 3420, CTO Intel Core i3-1115G4 (2 Core,6M cache, base 3.0GHz, up to 4.10), MH 14 inch HD (1920 x 1080), RAM8GB, 256GB SSD, Intel® UHD Graphics, Ubuntu",632,0,8654545.6
2023-04-11,380,Giá vốn (80%): USB hiệu Kingston 32GB 3.0DT100G3(DT100G3/32GB),632,0,327272.8
2023-04-11,380,Giá vốn (80%): BỘ NHỚ NGOÀI Sandisk 32G SDCZ73-032G-G46,632,0,272727.2
2023-04-12,385,Giá vốn (80%): MÁY IN LASER CANON LBP 2900,632,0,3047272.8
2023-04-12,389,Giá vốn (80%): Giấy nhiệt 57-45 (TPNT-K7002 K),632,0,560000.0
2023-04-12,383,Giá vốn (80%): Bàn phím Rapoo NK2500,632,0,94545.6
2023-04-12,383,Giá vốn (80%): Chuột máy tính  Logitech B100,632,0,50908.8
2023-04-12,384,"Giá vốn (80%): Ổ cứng di động Seagate Expansion 2TB 2.5""",632,0,1781818.4
2023-04-12,387,Giá vốn (80%): BỘ MÁY VI TÍNH,632,0,4138181.6
2023-04-12,384,Giá vốn (80%): Máy tính xách tay Asus ExpertBook Model B1400CEAE-EK4263 Core i5 -8G/256GB/ Numpad/ Bàn Phím LED Backlid/No OS,632,0,10763636.0
2023-04-12,386,"Giá vốn (80%): Máy tính xách tay Lenovo S14 G3 IAP CLOUD_GREY/14"" FHD/I3-1215U/8Gb/256Gb/UHD/Fingerprint/No Office/No OS",632,0,19330908.8
2023-04-12,388,Giá vốn (80%): ổ cứng gắn trong 250GB SSD Exceria NVMe BiCS FLASHM.2 PCIe Kioxia,632,0,2414545.6
2023-04-12,386,Giá vốn (80%): Máy in Brother HL - L2321D,632,0,4290908.8
2023-04-12,384,Giá vốn (80%): MÁY TÍNH XÁCH TAY (NB) HP Pavilion 15- eg2058TUi5-1240P/8GD4/256GSSD/15.6FHD/Wlax/BT5/3C41WHr/ALUp/W11SL/VÀNG (6K788PA),632,0,10872727.2
2023-04-13,393,Giá vốn (80%): Ram 4GB Kingston,632,0,356363.2
2023-04-13,393,Giá vốn (80%): Cạc mạng  PCI Gigabit TP-Link-TG 3468,632,0,167272.8
2023-04-13,390,Giá vốn (80%): Bàn phím Rapoo NK2500,632,0,109091.2
2023-04-13,392,Giá vốn (80%): CỔNG KẾT NỐI MẠNG TL-SG1005D TP-Link,632,0,203636.0
2023-04-13,395,Giá vốn (80%): Ổ cứng di động USB KIOXIA 128GB U366 3.2,632,0,283636.0
2023-04-13,391,Giá vốn (80%): Bộ lưu điện Santak - TG500,632,0,814545.6
2023-04-13,393,"Giá vốn (80%): Ổ cứng gắn trong 240GB SSDEXCERIABICSFLASH2.5""SATA3 KIOXIA",632,0,501818.4
2023-04-13,391,Giá vốn (80%): Máy tính Casio JS20,632,0,596363.2
2023-04-13,397,"Giá vốn (80%): THIẾT BỊ CHUYỂN MẠCH TP-Link,LS108G",632,0,400000.0
2023-04-13,394,Giá vốn (80%): CHUỘT MÁY TÍNH LOGITECH M170,632,0,167272.8
2023-04-13,396,Giá vốn (80%): Máy  in Brother HL-L2321D,632,0,1963636.0
2023-04-16,400,Giá vốn (80%): Cáp dữ liệu VIDEO HDMI 1.4 truyền âm thanh hình ảnh dài5M Ugreen (10109),632,0,290908.8
2023-04-16,399,Giá vốn (80%): Hộp mực in Izinet 12A,632,0,218181.6
2023-04-16,399,"Giá vốn (80%): Ổ đĩa cứng GT Kingston 2.5""SSD (SA400S37/240G)",632,0,334545.6
2023-04-16,398,Giá vốn (80%): Phim sấy mã RM1-0649-FM3,632,0,581818.4
2023-04-16,398,"Giá vốn (80%): Hộp mực in đã có mực in, tương thích HP MG -CF214A",632,0,763636.0
2023-04-16,398,Giá vốn (80%): Drum máy photo,632,0,654545.6
2023-04-16,398,Giá vốn (80%): Gạt máy photo,632,0,472727.2
2023-04-16,398,Giá vốn (80%): Ru lô dưới (ru lô ép),632,0,945454.4
2023-04-16,398,Giá vốn (80%): Bao lụa máy photo,632,0,1345454.4
2023-04-16,400,Giá vốn (80%): Dây chuyển đổi có chipset USB sang cổng COM RS­232 dài1.5M Ugreen (20211),632,0,145454.4
2023-04-16,400,"Giá vốn (80%): Ổ cứng gắn trong 240GB SSD EXCERIA BICS FLASH 2.5""SATA3 KIOXIA",632,0,654545.6
2023-04-16,401,"Giá vốn (80%): Ổ cứng GT Western Digital 1TB- 3.5""",632,0,727272.8
2023-04-16,401,Giá vốn (80%): MÀN HÌNH VI TÍNH (LCD)DELL SE2422H23.8INCH,632,0,2974545.6
2023-04-16,401,Giá vốn (80%): MÁY TÍNH ĐỂ BÀN (PC) DELL VOS 3910MT i5-12400(6*2.5)/8GD4/256SSD/WLn/BT/KB/M/W11SL+OFICEHOMEST/ProSup/ĐEN(9M2DD1),632,0,10865454.4
2023-04-16,402,Giá vốn (80%): USB hiệu  Kingston 128GB 3.0DT100G3,632,0,327272.8
2023-04-16,402,"Giá vốn (80%): Ổ cứng di động  Seagate 2TB 2.5""",632,0,1781818.4
2023-04-16,402,Giá vốn (80%): Bộ chia cổng Cliptec  RZH343,632,0,130908.8
2023-04-17,409,Giá vốn (80%): Chuột vi tính Rapoo M20,632,0,130908.8
2023-04-17,404,"Giá vốn (80%): Máy tính xách tay Dell L3420 I5SSDFB Latitude 3420 - i51135G7-8-256G-UBT-U-1Y(FHD, no FPR)",632,0,12210909.6
2023-04-17,409,"Giá vốn (80%): Máy quét ảnh, tài liệu HP Pro 2000 S2",632,0,6036364.0
2023-04-17,408,Giá vốn (80%): MÀN HÌNH LCD 23.8 Inch LENOVO THINKVISION S24e -20 (62AEKAR2WW),632,0,23636364.0
2023-04-17,408,Giá vốn (80%): MÁY VI TÍNH ĐỂ BÀN (PC) LENOVO ThinkCentre neo 50t Gen 3 i3- 12100(4*3.3)/4GD4/256GSSD/WL/BT/KB/M/nOS/ĐEN( 11SC001LVA),632,0,56000000.0
2023-04-17,404,Giá vốn (80%): Máy  in Brother HL - L2321D,632,0,2145454.4
2023-04-17,405,Giá vốn (80%): Hộp mực  in Izinet 12A,632,0,400000.0
2023-04-17,403,Giá vốn (80%): Máy In Canon Laser LBP-2900,632,0,2778181.6
2023-04-17,407,Giá vốn (80%): Máy in phun màu khổ A4 Epson L805,632,0,7490908.8
2023-04-17,406,Giá vốn (80%): BÀN PHÍM Dell Multimedia KB216,632,0,167272.8
2023-04-17,405,Giá vốn (80%): Bộ vi xử lý Intel i5/10400,632,0,2538181.6
2023-04-17,405,Giá vốn (80%): Bộ nhớ trong Kingmax 8GBD4-3200,632,0,581818.4
2023-04-17,405,Giá vốn (80%): ổ cứng gắn trong 240GB SSD Exceria BiCS FLASH 2.5''SATA3 Kioxia,632,0,509091.2
2023-04-17,405,Giá vốn (80%): Bảng mạch chính Asus Prime H510MK,632,0,1214545.6
2023-04-17,405,Giá vốn (80%): Vỏ thùng máy tính JETEK EN15,632,0,276363.2
2023-04-18,413,Giá vốn (80%): Máy chấm công bằng dấu vân tay DG600BID,632,0,2392727.2
2023-04-18,411,Giá vốn (80%): Pin carbon AA Philips R6L10S/97,632,0,21818.4
2023-04-18,411,"Giá vốn (80%): THIẾT BỊ CHUYỂN MẠCH TP-Link,TL-SG1005D",632,0,181818.4
2023-04-18,412,Giá vốn (80%): Bộ nhớ trong Kingston 8GD4 - 3200,632,0,618181.6
2023-04-18,412,Giá vốn (80%): ổ cứng gắn trong 240GB SSD Exceria BiCS FLASH 2.5''SATA3 Kioxia,632,0,909091.2
2023-04-18,411,Giá vốn (80%): Cáp dữ liệu VIDEO HDMI 1.4 truyền âm thanh hình ảnh dài3M Ugreen,632,0,181818.4
2023-04-18,411,Giá vốn (80%): BỘ NHỚ TRONG Kingston 8G-D4 3200S22 1RX8 (KVR32S22S8/8),632,0,1090908.8
2023-04-18,410,"Giá vốn (80%): Thiết bị định tuyến thu phát vô tuyến  TP-Link,2.4Ghz,TL-MR6400",632,0,909091.2
2023-04-18,410,Giá vốn (80%): Dây cáp mạng  Ensoho EN-F6CA24 FTP cat6 (305m/h),632,0,1272727.2
2023-04-19,422,Giá vốn (80%): THIẾT BỊ TRÌNH CHIẾU  Presenter Logitech R400,632,0,363636.0
2023-04-19,417,Giá vốn (80%): MỰC IN Brother BT5000M,632,0,109091.2
2023-04-19,416,Giá vốn (80%): Cáp dữ liệu VIDEO HDMI 1.4 truyền âm thanh hình ảnh dài10M Ugreen,632,0,640000.0
2023-04-19,416,Giá vốn (80%): Cáp dữ liệu VIDEO HDMI 1.4 truyền âm thanh hình ảnh dài1.5M Ugreen,632,0,109091.2
2023-04-19,416,"Giá vốn (80%): Thiết bị chuyển mạch  TP-Link,TL-SF1008D",632,0,138181.6
2023-04-19,416,Giá vốn (80%): Bộ chuyển đổi  DVI-D to VGA (40387),632,0,130908.8
2023-04-19,415,"Giá vốn (80%): THIẾT BỊ THU PHÁT VÔ TUYẾN  TP-Link 2.4Ghz,Archer T2U",632,0,196364.0
2023-04-19,415,Giá vốn (80%): THIẾT BỊ THU PHÁT VÔ TUYẾN   TPLINK ARCHER AX23,632,0,981817.6
2023-04-19,421,Giá vốn (80%): ĐẦU ĐỌC MÃ VẠCH OD7200,632,0,1156364.0
2023-04-19,421,Giá vốn (80%): Máy in hóa đơn XP-Q801L,632,0,1010908.8
2023-04-19,423,Giá vốn (80%): Máy in hóa đơn XP-K200L,632,0,1010908.8
2023-04-19,423,Giá vốn (80%): CHUỘT MÁY TÍNH  Dell MS116,632,0,72727.2
2023-04-19,418,Giá vốn (80%): MỰC IN BROTHER TN -2385,632,0,400000.0
2023-04-19,418,Giá vốn (80%): TRỐNG TỪ BROTHER DR-2385,632,0,509091.2
2023-04-19,418,Giá vốn (80%): BÀN PHÍM Dell Multimedia KB216,632,0,218181.6
2023-04-19,419,Giá vốn (80%): CHUỘT MÁY TÍNH  EM6102 E-Dra,632,0,130908.8
2023-04-19,420,Giá vốn (80%): PHẦN MỀM Kaspersky KL1941MCCFS,632,0,696000.0
2023-04-19,414,Giá vốn (80%): Màn hình LCD VIEWSONIC VX3276-2K-MHD-2 32'',632,0,4429091.2
2023-04-19,421,Giá vốn (80%): BỘ MÁY VINH TÍNH,632,0,7483636.0
2023-04-19,418,Giá vốn (80%): CHUỘT LOGITECH M190,632,0,334545.6
2023-04-20,425,Giá vốn (80%): CHUỘT MÁY TÍNH LOGITECH B100,632,0,72727.2
2023-04-20,425,Giá vốn (80%): Ổ ĐĨA CỨNG  GT Kingston 240GB(SA400M8/240G),632,0,356364.0
2023-04-20,425,Giá vốn (80%): BỘ NHỚ TRONG RAM 4GB/2400 KINGMAX,632,0,341817.6
2023-04-20,424,"Giá vốn (80%): Ổ ĐĨA CỨNG GT Kingston 2.5""SSD(SA400S37/240G)",632,0,654545.6
2023-04-21,430,Giá vốn (80%): Nguồn Jetek Model Y500T,632,0,218181.6
2023-04-21,429,Giá vốn (80%): Cáp dữ liệu VIDEO HDMI 1.4 truyền âm thanh hình ảnhdài 3M Ugreen,632,0,654545.6
2023-04-21,431,Giá vốn (80%): BỘ MÁY VI TÍNH,632,0,7985454.4
2023-04-21,426,Giá vốn (80%): Ổ cứng GT Western 1TB,632,0,1890908.8
2023-04-21,426,Giá vốn (80%): ổ cứng gắn trong 240GB SSD Exceria BiCS FLASH 2.5''SATA3 Kioxia,632,0,654545.6
2023-04-21,430,Giá vốn (80%): Bộ nhớ trong Kingston 4GBD4-3200,632,0,327272.8
2023-04-21,430,Giá vốn (80%): Bàn phím  Dell Multimedia KB216,632,0,218182.4
2023-04-21,427,Giá vốn (80%): ổ cứng gắn trong 240GB SSD Exceria BiCS FLASH 2.5''SATA3 Kioxia,632,0,4581818.4
2023-04-21,427,Giá vốn (80%): ổ cứng gắn trong 480GB SSD Exceria BiCS FLASH 2.5''SATA3 Kioxia,632,0,1338181.6
2023-04-21,428,Giá vốn (80%): Chuột máy tính Logitech  M170,632,0,116364.0
2023-04-21,428,Giá vốn (80%): Điện thoại có dây Panasonic KXTS500,632,0,872727.2
2023-04-21,430,Giá vốn (80%): Mực  Laser TN-2385 Brother,632,0,363635.2
2023-04-21,430,Giá vốn (80%): Bộ vi xử lý Intel Core i3-10105,632,0,1890908.8
2023-04-21,430,Giá vốn (80%): ổ cứng gắn trong 240GB SSD Exceria BiCS FLASH 2.5''SATA3 Kioxia,632,0,509091.2
2023-04-21,430,"Giá vốn (80%): Màn hình máy tính Lenovo H20215FE0 - ""E22-28 (H20215FE0)21.5 inch Monitor-HDMI, Linecord, WTYWarrantyCode:limited"", P/N:62B9MAR4WW",632,0,1956364.0
2023-04-23,434,Giá vốn (80%): Đầu bấm dây mạng  EN-RJ45C6 RJ-45,632,0,363636.8
2023-04-23,435,"Giá vốn (80%): Máy tính xách tay ThinkBook 14 G4 IAP i5-1240P/8Gb/512Gb/UHD/Fingerprint/Off Trial/Win11 H64SL/MINERAL_GREY/14"" FHD, P/N: 21DH00B5VN   (Xuất trả lại hàng theo hóa đơn 750 ngày 27/12/2022 , ký hiệu : 1C22TDN)",632,0,12720000.0
2023-04-23,436,"Giá vốn (80%): Ổ cứng di động  Seagate One touch  2TB 2.5""",632,0,1890908.8
2023-04-23,434,"Giá vốn (80%): Thanh Ram G.Skill F3-1600C11S-8GIS, 8GB",632,0,6181818.4
2023-04-23,434,Giá vốn (80%): Bộ nhớ trong Kingston 8GD4-2666,632,0,9163636.0
2023-04-23,434,Giá vốn (80%): ổ cứng gắn trong 240GB SSD Exceria BiCS FLASH 2.5''SATA3 Kioxia,632,0,10181818.4
2023-04-23,437,Giá vốn (80%): Bàn phím Logitech K120,632,0,138181.6
2023-04-23,437,Giá vốn (80%): Chuột máy tính Logitech B100,632,0,72727.2
2023-04-23,438,Giá vốn (80%): Máy In laser Canon LBP 6230DN,632,0,4440000.0
2023-04-23,432,Giá vốn (80%): Bàn phím Dell Multimedia KB216,632,0,167272.8
2023-04-24,443,Giá vốn (80%): Màn hình  LCD VIEWSONIC VA1903A,632,0,1272727.2
2023-04-24,443,Giá vốn (80%): Chuột Rapoo N100,632,0,58181.6
2023-04-24,443,Giá vốn (80%): Bàn phím Rapoo NK2500,632,0,109091.2
2023-04-24,444,Giá vốn (80%): Máy In Canon Laser LBP-2900,632,0,3047272.8
2023-04-24,445,Giá vốn (80%): ổ cứng gắn trong 250GB SSD Exceria NVMe BiCS FLASHM.2 PCIe Kioxia,632,0,909091.2
2023-04-24,445,"Giá vốn (80%): Ổ cứng  GT Western Digital 1TB - 3.5""",632,0,981817.6
2023-04-24,443,Giá vốn (80%): Vỏ thùng máy tính Jetek EN15,632,0,210908.8
2023-04-24,444,Giá vốn (80%): Chuột máy tính  Logitech M331,632,0,218181.6
2023-04-24,443,Giá vốn (80%): Nguồn  Jetek Model Y600T,632,0,225454.4
2023-04-24,441,"Giá vốn (80%): Ổ cứng GT Kingston 2.5""SSD (SA400S37/240G)",632,0,363636.0
2023-04-24,439,"Giá vốn (80%): Thiết bị chuyển mạch TP-Link, TL-SG1016D",632,0,938181.6
2023-04-24,440,Giá vốn (80%): Nguồn máy tính Jetek Model G350,632,0,327272.8
2023-04-24,440,Giá vốn (80%): Chuột máy tính Logitech M185,632,0,181818.4
2023-04-24,440,"Giá vốn (80%): Màn hình LCD-Dell E2016Hv 19.5""",632,0,1818181.6
2023-04-24,442,Giá vốn (80%): Máy In Canon Laser LBP-2900,632,0,6327272.8
2023-04-24,442,Giá vốn (80%): Máy quét Canon Lide 300,632,0,1781818.4
2023-04-24,443,Giá vốn (80%): Bảng mạch chính Asus Prime H510MK,632,0,1170908.8
2023-04-24,443,Giá vốn (80%): Bộ vi xử lý Intel Pentium G6400,632,0,1156364.8
2023-04-24,443,Giá vốn (80%): Bộ nhớ trong ram 4GB/2666 Kingmax,632,0,232727.2
2023-04-24,443,"Giá vốn (80%): Ổ đĩa cứng GT Kingston 2.5""SSD (SA400S37/240G)",632,0,290908.8
2023-04-25,446,Giá vốn (80%): Công sửa (bảo dưỡng),632,0,436364.0
2023-04-25,446,Giá vốn (80%): Ru lô dưới (ru lô ép),632,0,1018181.6
2023-04-25,450,Giá vốn (80%): Cáp dữ liệu VIDEO HDMI 1.4 truyền âm thanh hình ảnh dài3M Ugreen,632,0,181818.4
2023-04-25,447,Giá vốn (80%): MÁY IN ĐƠN NĂNG HP LASERJET PRO M404DW -W1A56A,632,0,4727272.8
2023-04-25,446,Giá vốn (80%): Nhông sấy máy photo,632,0,363636.0
2023-04-25,446,Giá vốn (80%): Mực sharp 235,632,0,909091.2
2023-04-25,448,Giá vốn (80%): Bàn phím Keyboard NK2500,632,0,109091.2
2023-04-25,448,Giá vốn (80%): Chuột máy tính Dell MS116,632,0,109090.4
2023-04-25,449,Giá vốn (80%): Cáp dữ liệu VIDEO HDMI 1.4 truyền âm thanh hình ảnhdài 1.5M Ugreen (10109),632,0,72727.2
2023-04-25,449,"Giá vốn (80%): Máy tính để bàn Dell Vostro 3710 STI34010W1-8G-256GIntel Core i3-12100processor (4-Core, 12M Cache, 3.3GHz to4.3GHz), 1x8GB, DDR4,3200MHz, 256GB NVMe M.2 PCIeSSD, Chuột, Bàn Phím, Windows 11Microsoft Office Homeand Student 202",632,0,8356364.0
2023-04-25,449,"Giá vốn (80%): Màn hình LCD-Dell E2016Hv 19.5""",632,0,2145454.4
2023-04-26,453,"Giá vốn (80%): Thiết bị định tuyến TP-Link 300M,2.4GHz,TL- WR841N",632,0,240000.0
2023-04-26,453,Giá vốn (80%): Tai nghe SoundMax AH314,632,0,189091.2
2023-04-26,454,Giá vốn (80%): Bộ máy vi tính,632,0,10901818.4
2023-04-26,452,Giá vốn (80%): Nguồn Jetek Model Y500T,632,0,152727.2
2023-04-26,452,Giá vốn (80%): Bàn Phím Rapoo V50s,632,0,210908.8
2023-04-26,452,"Giá vốn (80%): Thiết bị chuyển mạch  TP-Link,TL-SF1005D",632,0,87272.8
2023-04-26,451,Giá vốn (80%): Phần mềm Kaspersky KL1867MUAFS,632,0,224000.0
2023-04-27,455,Giá vốn (80%): ổ cứng gắn trong 480GB SSD Exceria BiCS FLASH 2.5''SATA3 Kioxia,632,0,872727.2
2023-04-27,455,Giá vốn (80%): Bàn phím Rapoo NK2500,632,0,160000.0
2023-04-29,456,Giá vốn (80%): Phần mềm Kaspersky KL1941MCCFS,632,0,720000.0
2023-05-01,458,"Giá vốn (80%): Ổ đĩa cứng  GT Kingston 2.5""SSD (SA400S37/240G)",632,0,349091.2
2023-05-02,460,Giá vốn (80%): Phí dịch vụ tháng 03 /2023 theo hợp đồng số 64/2015/HĐ_NetViet ký ngày 26/10/2015,632,0,436364.0
2023-05-02,459,Giá vốn (80%): Bộ máy vi tính,632,0,9629091.2
2023-05-03,461,"Giá vốn (80%): Máy tính để bàn Dell Inspiron 3910 STI56020W1 - 8G -512G Intel Core i5-12400 processor (6-Core, 18M Cache, 2.5GHz to 4.4GHz), 1x8GB, DDR4,3200MHz, 512GB M.2 PCIe NVMe SSD, Intel(R) UHD Graphics 730,Không ổ đĩa, Chuột, Bàn Phím, Windows 11 Microsoft Office Home andStudent 2021",632,0,10400000.0
2023-05-03,461,Giá vốn (80%): Màn hình máy tính Dell 22 Monitor - E2223HN powercord,632,0,2363636.0
2023-05-03,463,Giá vốn (80%): Màn chiếu chân  P84TS,632,0,1054545.6
2023-05-03,462,"Giá vốn (80%): Bộ định tuyến có chức năng thu phát sóng băng tần 2.4GHz/5GHz hiệu RUIJIE mã RG-EW3200GX PRO - hãng sx: RUIJIE NETWORKS CO.,LTD",632,0,1658181.6
2023-05-03,463,Giá vốn (80%): Máy  in đa năng Brother MFC-L2701D,632,0,3992727.2
2023-05-04,464,Giá vốn (80%): Máy In Canon Laser LBP-2900,632,0,3120000.0
2023-05-04,464,Giá vốn (80%): Máy tính xách tay Asus ExpertBook Model B1400CEAE-EK4263 Core i5 -8G/256GB/ Numpad/ Bàn Phím LEDBacklid/No OS,632,0,10901818.4
2023-05-04,465,Giá vốn (80%): Cáp mạng Cat 5e UTP 305m/thùng Hiệu Aptek,632,0,1876364.0
2023-05-04,465,"Giá vốn (80%): Thiết bị định tuyến TP-Link , 2.4GHz/5GHz Archer C50",632,0,2530908.8
2023-05-05,466,Giá vốn (80%): Máy In Canon Laser LBP-2900,632,0,2901818.4
2023-05-05,466,Giá vốn (80%): Màn hình  Dell S2421H 23.5inch,632,0,3338181.6
2023-05-05,467,Giá vốn (80%): Ổ đĩa cứng GT Kingston 480GB A400(SA400S37/480G),632,0,909091.2
2023-05-06,469,Giá vốn (80%): Ổ cứng di động USB 16GB U202 2.0 KIOXIA,632,0,72727.2
2023-05-06,468,Giá vốn (80%): Mực in  Brother BT5000M,632,0,189091.2
2023-05-06,469,Giá vốn (80%): MÁY TÍNH ĐỂ BÀN (PC) DELL VOS 3910MT i5-12400(6*2.5)/8GD4/256SSD/WLn/BT/KB/M/W11SL+OFICEHOMEST/ProSup/ĐEN(9M2DD1),632,0,10683636.8
2023-05-07,473,Giá vốn (80%): MÁY TÍNH ĐỂ BÀN DELL OPTIPEX 3000 SMALL FORMFACTOR Intel® Core i5 - 12500,632,0,12472727.2
2023-05-07,472,Giá vốn (80%): Hộp mực in Izinet 12A/303/FX9,632,0,298181.6
2023-05-07,471,"Giá vốn (80%): Ổ đĩa cứng  GT Kingston 2.5""SSD(SA400S37/240G)",632,0,349091.2
2023-05-07,473,Giá vốn (80%): Màn hình máy tính Dell 22 Monitor - E2223HN,632,0,3120000.0
2023-05-07,470,"Giá vốn (80%): Máy tính xách tay HP PAVILION 15-eg2058TU i5 1240P/8GB/SSD 256GB/15.6"" FHD/W11SL/Vàng (6K788PA)",632,0,11047272.8
2023-05-08,475,Giá vốn (80%): Drum máy photo,632,0,618181.6
2023-05-08,475,Giá vốn (80%): Mực T3008,632,0,909091.2
2023-05-08,475,Giá vốn (80%): Nhông máy photo,632,0,254545.6
2023-05-08,475,Giá vốn (80%): Ru lô dưới (ru lô ép),632,0,690908.8
2023-05-08,476,Giá vốn (80%): Máy In Canon Laser LBP-2900,632,0,5803636.8
2023-05-08,475,Giá vốn (80%): Gạt máy photo,632,0,254545.6
2023-05-08,477,Giá vốn (80%): Máy in Epson LX310,632,0,4218181.6
2023-05-08,474,Giá vốn (80%): Mực  Laser đen Premium,632,0,785454.4
2023-05-08,474,Giá vốn (80%): Mực Xeroc V3065/2060,632,0,1818182.4
2023-05-08,474,Giá vốn (80%): Mực nạp NB35a,632,0,145454.4
2023-05-08,478,Giá vốn (80%): CHUỘT KHÔNG DÂY Logitech M190,632,0,210908.8
2023-05-08,474,Giá vốn (80%): Mực  Laser đen Premium,632,0,145454.4
2023-05-09,485,"Giá vốn (80%): Máy tính xách tay Lenovo Notebook ThinkPad NBLN TP L13Clam G3 T (gồm i7-1255U (4.7G) - 16GB RAM - 512GB SSD -WF+BL, Fingerprint - 13.3'' WUXGA - Thunder Black - Dos -P/N:21B3005YVA",632,0,20363636.0
2023-05-09,482,Giá vốn (80%): Bộ định tuyến Tp-Link 2.4GHz/5GHz Archer MR200,632,0,908364.0
2023-05-09,482,Giá vốn (80%): Bàn phím RAPOO V500SE,632,0,400000.0
2023-05-09,486,"Giá vốn (80%): Màn hình vi tính Dell LCD-E2722H-27""",632,0,3272727.2
2023-05-09,483,Giá vốn (80%): Hộp mực in  Ecoplus 12A/,632,0,189091.2
2023-05-09,482,"Giá vốn (80%): Màn hình LCD - Dell E2016Hv 19.5""",632,0,1563636.0
2023-05-09,481,Giá vốn (80%): Phần mềm Kaspersky KL1941MCCFS,632,0,560000.0
2023-05-09,479,Giá vốn (80%): Ổ cứng hiệu Western SN350NVME (WDS240G2G0C),632,0,654545.6
2023-05-09,480,Giá vốn (80%): Bàn phím RAPOO NK2500,632,0,872727.2
2023-05-09,480,Giá vốn (80%): Chuột vi tính có dây  Rapoo N100,632,0,363636.0
2023-05-09,480,"Giá vốn (80%): Ổ đĩa cứng GT Kingston 2.5"" SSD (SA400S37/240G)",632,0,1381818.4
2023-05-10,490,Giá vốn (80%): Máy in Brother HL - L2321D,632,0,1912727.2
2023-05-10,489,Giá vốn (80%): Bộ lưu điện Santak-mã hàng TG500,632,0,11345454.4
2023-05-10,490,Giá vốn (80%): Bàn phím Rapoo  NK2500,632,0,472728.0
2023-05-10,488,Giá vốn (80%): MÀN HÌNH LCD 23.8 Inch LENOVO THINKVISION S24e-20 (62AEKAR2WW),632,0,2174545.6
2023-05-10,488,Giá vốn (80%): Máy tính bàn Lenovo ThinkCentre M70s Gen 3 - i3-12100 ( 4.3GHZ)-1Yr; P/n 11TC000PVA,632,0,8574545.6
2023-05-10,490,Giá vốn (80%): Chuột máy tính  Logitech B100,632,0,290908.8
2023-05-11,494,"Giá vốn (80%): Ổ cứng máy tính SSD Western WDS240G2G0A,240GB",632,0,1381818.4
2023-05-11,493,Giá vốn (80%): Màn hình máy tính Dell 22 Monitor - E2223HN powercord/Advanced Exchange Service,632,0,2363636.0
2023-05-11,494,Giá vốn (80%): Bộ chia cổng Cliptec RZH209,632,0,305454.4
2023-05-11,494,Giá vốn (80%): Nguồn Jetek Model Y600T,632,0,1000000.0
2023-05-11,491,Giá vốn (80%): 4K0Z7PA: Máy tính xách tay HP 14s-fq1080AU - AMD Ryzen3 5300U / 4GB DDR4-3200/ SSD 256GB / RadeonVegaGraphics/ 14” HD/ Windows 11 Home/ Natural Silver/ 1,632,0,10181818.4
2023-05-11,492,Giá vốn (80%): Nguồn Jetek Model J450,632,0,872727.2
2023-05-11,492,Giá vốn (80%): ổ cứng gắn trong 240GB SSD Exceria BiCS FLASH 2.5''SATA3 Kioxia,632,0,2072727.2
2023-05-12,495,Giá vốn (80%): Máy in Brother DCP-B7535DW,632,0,7985454.4
2023-05-13,496,Giá vốn (80%): Bộ máy vi tính,632,0,5818181.6
2023-05-13,496,Giá vốn (80%): ổ cứng di động 32GB U301 USB 3.2 Gen 1 Kioxia - Trắng,632,0,72727.2
2023-05-14,497,Giá vốn (80%): Bộ nhớ trong Kingston 8GD4-2666U19,632,0,436363.2
2023-05-14,497,Giá vốn (80%): Ổ đĩa cứng GT Kingston 480GB A400,632,0,654545.6
2023-05-15,502,Giá vốn (80%): Máy Quét Canon Lide 400,632,0,2036364.0
2023-05-15,501,Giá vốn (80%): CPU MÁY TÍNH,632,0,4938181.6
2023-05-15,500,Giá vốn (80%): Màn chiếu chân P70TS,632,0,618181.6
2023-05-16,503,Giá vốn (80%): ổ cứng gắn trong 480GB SSD Exceria BiCS FLASH2.5''SATA3 Kioxia,632,0,618181.6
2023-05-16,504,Giá vốn (80%): Bộ máy vi tính,632,0,7840000.0
2023-05-16,504,"Giá vốn (80%): Camera kỹ thuật số có chức năng ghi EZVIZ CSC6N(4MP,W1)",632,0,2007272.8
2023-05-17,509,Giá vốn (80%): Bàn phím Logitech G213,632,0,610908.8
2023-05-17,508,Giá vốn (80%): Phần mềm Kaspersky KL1941MCCFS,632,0,400000.0
2023-05-17,507,Giá vốn (80%): BỘ MÁY VI TÍNH,632,0,6690908.8
2023-05-17,506,Giá vốn (80%): Máy in Canon Laser LBP-2900,632,0,2901818.4
2023-05-17,509,Giá vốn (80%): Chuột máy tính Logitech G102,632,0,305454.4
2023-05-17,510,Giá vốn (80%): Khung HDMI âm tường màu trắng chất liệu nhựa ugreen (20316),632,0,698181.6
2023-05-17,510,Giá vốn (80%): MÁY IN HP LASER JET PRO M404DN (W1A53A),632,0,11818182.4
2023-05-17,505,Giá vốn (80%): TRỐNG TỪ BROTHER DR-B022,632,0,545454.4
2023-05-17,510,"Giá vốn (80%): Đầu nối HDMI âm tường bằng nhựa bẻ góc 90 độ, màu đen Ugreen ( 20318)",632,0,1265454.4
2023-05-17,510,Giá vốn (80%): Cáp dữ liệu VIDEO HDMI 1.4 truyền âm thanh hình ảnh dài 5M Ugreen ( 10109),632,0,1687272.8
2023-05-18,511,Giá vốn (80%): Máy in mã vạch Godex G500,632,0,2756363.2
2023-05-18,511,Giá vốn (80%): Bộ máy vi tính,632,0,5454545.6
2023-05-18,511,Giá vốn (80%): Máy In Canon Laser LBP 226DW,632,0,4400000.0
2023-05-18,514,Giá vốn (80%): Hộp mực in Izinet 12A,632,0,269091.2
2023-05-18,513,Giá vốn (80%): Mực Laser TN-2385 Brother,632,0,1047272.8
2023-05-18,512,Giá vốn (80%): ổ cứng gắn trong 480GB SSD Exceria BiCS FLASH 2.5''SATA3 Kioxia,632,0,2501818.4
2023-05-18,512,Giá vốn (80%): Vỏ thùng máy tính JETEK Squid Game X1,632,0,480000.0
2023-05-18,512,Giá vốn (80%): Bảng mạch chính Asus Prime H510MF,632,0,2181818.4
2023-05-18,512,Giá vốn (80%): Bộ vi xử lý  Intel Core i3-10105,632,0,1810908.8
2023-05-18,512,Giá vốn (80%): Nguồn Jetek Model Y600T,632,0,363636.0
2023-05-19,515,Giá vốn (80%): Màn chiếu chân P84TS,632,0,1054545.6
2023-05-19,516,Giá vốn (80%): MỰC T3008,632,0,909091.2
2023-05-20,517,Giá vốn (80%): Máy  In Canon Laser LBP-2900,632,0,2800000.0
2023-05-21,518,"Giá vốn (80%): Bộ chuột,bàn phím Rapoo 1800s",632,0,654545.6
2023-05-21,518,Giá vốn (80%): Ổ cứng di động USB 16GB U202 Kioxia,632,0,72727.2
2023-05-21,518,Giá vốn (80%): Máy in  Canon Laser LBP-2900,632,0,2901818.4
2023-05-22,522,Giá vốn (80%): Máy tính bàn LENOVO THINKCENTRE M70S GEN 3 i5-12400 /11TC000TVA,632,0,18894545.6
2023-05-22,522,"Giá vốn (80%): Màn hình máy tính Lenovo H20215FE0 - ""E22-2821.5 inch Monitor -P/N: 62B9MAR4WW",632,0,3636363.2
2023-05-22,520,Giá vốn (80%): Hộp mực  in Ecoplus 12A,632,0,203636.8
2023-05-22,520,Giá vốn (80%): Mực nạp NB35a,632,0,36363.2
2023-05-22,521,Giá vốn (80%): Máy In Canon Laser LBP-2900,632,0,2901818.4
2023-05-22,521,Giá vốn (80%): Hộp mực  in Izinet 12A,632,0,472727.2
2023-05-22,523,Giá vốn (80%): BỘ MÁY VI TÍNH ( KHÔNG MÀN HÌNH ),632,0,5832727.2
2023-05-22,523,Giá vốn (80%): Máy quét mã vạch Zebra DS9308-SR,632,0,3170908.8
2023-05-22,524,"Giá vốn (80%): Ổ cứng máy tính SSD Western WDS240G2G0A,240GB",632,0,356364.0
2023-05-22,523,Giá vốn (80%): MÁY IN CANON LASER LBP 226DW,632,0,5454545.6
2023-05-22,519,Giá vốn (80%): Máy in Canon Laser LBP-2900,632,0,5745454.4
2023-05-22,519,Giá vốn (80%): Máy quét HP Scanjet Pro 2600F1 (20G05A),632,0,5745454.4
2023-05-22,519,Giá vốn (80%): BỘ MÁY VI TÍNH CORE I5-10400,632,0,7178181.6
2023-05-22,525,Giá vốn (80%): Mực Laser TN-2385 Brother,632,0,567272.8
2023-05-23,528,"Giá vốn (80%): Thiết bị chuyển mạch TP-Link, TL-SG108",632,0,1600000.0
2023-05-23,528,"Giá vốn (80%): Thiết bị thu phát vô tuyến, TPLINK, 2,4GHz/5GHz_ArcherAX73",632,0,1600000.0
2023-05-23,529,Giá vốn (80%): Phần mềm Kaspersky KL1867MUAFS,632,0,240000.0
2023-05-23,528,Giá vốn (80%): Bàn phím Dell Multimedia KB216,632,0,138181.6
2023-05-23,528,"Giá vốn (80%): Thiết bị thu phát vô tuyến  TP-Link 2.4Ghz,Archer T2U",632,0,181818.4
2023-05-23,528,Giá vốn (80%): Dây cáp mạng  Ensoho EN-F6CA24 FTP cat6,632,0,1745454.4
2023-05-23,528,"Giá vốn (80%): Bộ định tuyến có chức năng thuphát vô tuyến TP-LINK, 2,4GHz/ W-CDMA FDD/GSM_TL-MR6400",632,0,2334545.6
2023-05-23,528,"Giá vốn (80%): Thiết bị chuyển mạch TP-Link, TL - SG1016",632,0,880000.0
2023-05-23,530,Giá vốn (80%): Điện thoại có dây Panasonic KXTS500,632,0,436363.2
2023-05-23,528,"Giá vốn (80%): Thiết bị định tuyến TP-Link 300M,2.4GHz, TL-WR841HP",632,0,974545.6
2023-05-23,530,Giá vốn (80%): Chuột vi tính Rapoo M20,632,0,87272.8
2023-05-23,527,Giá vốn (80%): Điện thoại có dây Panasonic KXTS500,632,0,218181.6
2023-05-23,526,Giá vốn (80%): Camera quan sát kỹ thuật số có chức năng ghi hiệuEZVIZ mã CS-H8C - hỗ trợ thẻ nhớ trong,632,0,814545.6
2023-05-23,531,Giá vốn (80%): Mực in  Brother BT5000M,632,0,109091.2
2023-05-23,534,Giá vốn (80%): Máy  In Canon Laser LBP-2900,632,0,2901818.4
2023-05-23,533,Giá vốn (80%): ổ đĩa cứng hiệu KINGSTON 1000GNV2 M.2 2280 NVME SSD ( SNV2S/1000G ),632,0,1454545.6
2023-05-23,532,"Giá vốn (80%): Máy tính xách tay HP PAVILION 15-eg2064TX i5 1235U/8GB/256GB/2GB_MX550/15.6"" FHD/W11SL/(7C0W8PA)",632,0,13498181.6
2023-05-23,532,Giá vốn (80%): Chuột máy tính Rapoo M20,632,0,94545.6
2023-05-24,535,Giá vốn (80%): MÁY VI TÍNH ĐỂ BÀN (PC) LENOVO ThinkCentre neo 50t Gen 3 i3- 12100(4*3.3)/4GD4/256GSSD/WL/BT/KB/M/nOS/ĐEN( 11SC001LVA),632,0,28109091.2
2023-05-25,539,Giá vốn (80%): Cáp dữ liệu VIDEO HDMI 1.4 truyền âm thanh hình ảnh dài30M có chipset Ugreen (10114),632,0,1076364.0
2023-05-25,539,"Giá vốn (80%): Thiết bị chuyển mạch TP-Link,TL-SG1008D",632,0,334545.6
2023-05-25,539,Giá vốn (80%): Cạc màn hình Asus GT710 - SL - 2GD3- BRK-EVO,632,0,865454.4
2023-05-25,536,"Giá vốn (80%): Ổ cứng máy tính chủ 300Gb 10K SAS 2.5""6Gbps",632,0,10690908.8
2023-05-25,537,"Giá vốn (80%): Thiết bị đầu cuối W-CDMA FDD/E-UTRA FDD, 2.4GHz, TP-Link,M7000",632,0,581818.4
2023-05-25,537,"Giá vốn (80%): Thiết bị định tuyến TP-Link, 2.4GHz/5GHz, Archer C20",632,0,596363.2
2023-05-25,537,Giá vốn (80%): ổ cứng di động 32GB U301 USB 3.2 Gen 1 Kioxia - Trắng,632,0,276364.0
2023-05-25,538,Giá vốn (80%): Dây chuyển đổi có chipset USB sang cổng COM RS­232 dài1.5M Ugreen (20211),632,0,254545.6
2023-05-25,538,Giá vốn (80%): Chuột Logitech PEBBLE M350,632,0,349090.4
2023-05-26,540,Giá vốn (80%): Bộ nhớ trong của máy vi tính KINGSTON 16G D4 -3200S22 1Rx8 SODIMM ( KVR32S22S8/16 ),632,0,1556363.2
2023-05-26,540,Giá vốn (80%): Bàn phím  Dell Multimedia KB216,632,0,436364.0
2023-05-26,540,Giá vốn (80%): Vỏ thùng máy tính JETEK EN22,632,0,436364.0
2023-05-26,540,Giá vốn (80%): CARD VGA của máy vi tính hiệu ASUS GT730 - SL -2GD5 - BRK,632,0,1876363.2
2023-05-26,540,Giá vốn (80%): Chíp xử lý Intel i5 - 10400,632,0,4516363.2
2023-05-26,540,Giá vốn (80%): Nguồn Jetek Model Y600T,632,0,589092.0
2023-05-26,541,"Giá vốn (80%): Màn hình vi tính Dell LCD-U2422H-23.8""WHD",632,0,4720000.0
2023-05-26,542,Giá vốn (80%): Mực laser đen premium,632,0,72727.2
2023-05-26,540,Giá vốn (80%): ổ cứng gắn trong 240GB SSD Exceria BiCS FLASH 2.5''SATA3 Kioxia,632,0,1745454.4
2023-05-26,540,Giá vốn (80%): Máy in đa năng Brother DCP-T226,632,0,2756363.2
2023-05-27,544,Giá vốn (80%): Loa SoundMax A130/2.0,632,0,101818.4
2023-05-27,544,"Giá vốn (80%): Card PCIe Adapter TP-Link,TL-WN881ND",632,0,203636.8
2023-05-27,544,"Giá vốn (80%): Thiết bị thu phát vô tuyến 2.4GHz TP-Link,TL-WA860RE",632,0,254545.6
2023-05-27,544,Giá vốn (80%): Máy in Brother HL-L2321D,632,0,2145454.4
2023-05-27,544,Giá vốn (80%): Bộ nhớ trong  Kingston 4GD4 2666,632,0,290908.8
2023-05-27,544,Giá vốn (80%): Bộ máy vi tính,632,0,6727272.8
2023-05-27,543,Giá vốn (80%): ổ cứng gắn trong 240GB SSD Exceria BiCS FLASH 2.5''SATA3 Kioxia,632,0,2072727.2
2023-05-27,545,Giá vốn (80%): Chuột máy tính Logitech M185,632,0,145454.4
2023-05-27,545,Giá vốn (80%): ổ cứng gắn trong 240GB SSD Exceria BiCS FLASH 2.5''SATA3 Kioxia,632,0,654545.6
2023-05-27,544,"Giá vốn (80%): Màn hình  Viewsonic VA2215-H / 21.5""",632,0,2392727.2
2023-05-28,546,Giá vốn (80%): Máy In Canon Laser LBP-2900,632,0,2901818.4
2023-05-29,553,Giá vốn (80%): Loa SoundMax A828/2.1,632,0,421818.4
2023-05-29,553,Giá vốn (80%): Màn hình LCD VIEWSONIC VX2718-PC - MHD/27'' LCD MONITOR,632,0,3200000.0
2023-05-29,553,Giá vốn (80%): Cáp dữ liệu VIDEO HDMI 1.4 truyền âm thanh hình ảnh dài3M Ugreen,632,0,210908.8
2023-05-29,552,Giá vốn (80%): Chuột máy tính Logitech M185,632,0,181818.4
2023-05-29,552,Giá vốn (80%): ổ cứng di động 32GB U301 USB 3.2 Gen 1 Kioxia,632,0,116363.2
2023-05-29,548,Giá vốn (80%): Máy In Canon Laser LBP 226DW,632,0,4400000.0
2023-05-29,547,Giá vốn (80%): MÁY TÍNH XÁCH TAY (NB) HP Pavilion 15- eg2056TUi5-1240P/8GD4/512GSSD/15.6FHD/Wlax/BT5/3C41WHr/ALUp/W11SL/VÀNG(6K786PA),632,0,12254545.6
2023-05-29,547,Giá vốn (80%): Chuột vi tính Rapoo M20,632,0,101818.4
2023-05-29,554,Giá vốn (80%): Máy in Brother DCP-B7535DW,632,0,4109091.2
2023-05-29,554,Giá vốn (80%): Điện thoại có dây Panasonic KXTSC11,632,0,472727.2
2023-05-29,555,Giá vốn (80%): Mực Laser đen Premium,632,0,254545.6
2023-05-29,549,"Giá vốn (80%): Thiết bị chuyển mạch  TP-Link, TL- SG1016D",632,0,938181.6
2023-05-29,556,Giá vốn (80%): Mực Laser đen Brother 2240,632,0,327272.8
2023-05-29,551,Giá vốn (80%): Hộp mực  in Izinet 12A,632,0,269091.2
2023-05-29,551,Giá vốn (80%): Rum 12A,632,0,29090.4
2023-05-30,562,Giá vốn (80%): Bộ lưu điện  Santak - TG500,632,0,872727.2
2023-05-30,565,Giá vốn (80%): ổ cứng di động 16GB U202 USB 2.0 Kioxia,632,0,436364.0
2023-05-30,563,Giá vốn (80%): Bàn phím Keyboard Rapoo NK2500,632,0,240000.0
2023-05-30,563,Giá vốn (80%): Card đồ họa ASUS DUAL-RTX3060-8G_90YV0GB6-M0NA00,632,0,6145454.4
2023-05-30,564,Giá vốn (80%): Chuột máy tính Logitech M557,632,0,858182.4
2023-05-30,557,Giá vốn (80%): Bộ máy vi tính,632,0,8530908.8
2023-05-30,563,Giá vốn (80%): Loa SoundMax A828/2.1,632,0,376000.0
2023-05-30,561,Giá vốn (80%): Bảng mạch chính của máy vi tính hiệu ASUS PRIMEH610M - K D4,632,0,1272727.2
2023-05-30,559,Giá vốn (80%): Chuột vi tính có dây  Rapoo N100,632,0,800000.0
2023-05-30,559,Giá vốn (80%): ổ cứng di động 16GB U202 USB 2.0 Kioxia,632,0,545454.4
2023-05-30,559,Giá vốn (80%): 4K0Z7PA: Máy tính xách tay HP 14s- fq1080AU -AMD Ryzen3 5300U / 4GB DDR4-3200/ SSD 256GB /RadeonVegaGraphics/ 14” HD/ Windows 11 Home/ NaturalSilver,632,0,11490908.8
2023-05-30,559,"Giá vốn (80%): Thiết bị thu phát vô tuyến TP-Link,TL-WN725N",632,0,290908.8
2023-05-30,560,"Giá vốn (80%): Bộ định tuyến có chức năng thuphát vô tuyến TP-LINK, 2,4GHz/ W-CDMA FDD/GSM_TL-MR6400",632,0,909091.2
2023-05-30,557,Giá vốn (80%): Màn hình máy tính Dell 22 Monitor - E2223HN powercord/Advanced Exchange Service,632,0,2363636.8
2023-05-30,558,Giá vốn (80%): MÁY TÍNH XÁCH TAY (NB) HP Pavilion x360 14-dy0077TU i5-1135G7/8GD4/512GSSD/14.0FHDT/PEN/WL/BT/3C/W11SL/XANH(46L95PA),632,0,11127272.8
2023-05-30,566,Giá vốn (80%): Chuột vi tính Rapoo M20,632,0,189091.2
2023-05-30,558,Giá vốn (80%): MÁY TÍNH XÁCH TAY (NB) HP Pavilion 15-eg2058TUi5-1240P/8GD4/256GSSD/15.6FHD/Wlax/BT5/3C41WHr/ALUp/W11SL/VÀNG(6K788PA),632,0,10254545.6
2023-05-30,558,"Giá vốn (80%): Thiết bị chuyển mạch TP-Link, TL-SF1008D",632,0,2240000.0
2023-05-30,558,"Giá vốn (80%): Thiết bị chuyển mạch TP-Link, TL-SF1005D",632,0,1774545.6
2023-05-30,558,"Giá vốn (80%): Thiết bị thu phát vô tuyến TP-Link, TL-WN725N",632,0,1556363.2
2023-05-30,558,Giá vốn (80%): MÁY TÍNH XÁCH TAY (NB) HP Pavilion 15-eg2062TUi3-1215U/8GD4/256GSSD/15.6FHD/Wlax/BT5/3C41WHr/ALUp/W11SL/VÀNG(6K790PA),632,0,8363636.0
2023-05-30,558,Giá vốn (80%): MÁY TÍNH XÁCH TAY (NB) HP Pavilion 15- eg0513TUi3-1125G4/4GD4/256GSSD/15.6FHD/Wlac/BT5/3C41WHr/ALUp/VÀNG/W11SL(46M12PA),632,0,13527272.8
2023-05-30,558,Giá vốn (80%): MÁY TÍNH XÁCH TAY (NB) HP Pavilion 15- eg2056TU i5-1240P/8GD4/512GSSD/15.6FHD/Wlax/BT5/3C41WHr/ALUp/W11SL/VÀNG(6K786PA),632,0,22109091.2
2023-05-30,558,"Giá vốn (80%): Máy tính xách tay Lenovo S14 G3 IAP - I5-1235U (1.3G) - 8GB- 512GB SSD - WF+BL, Fingerprint - 14"" FHD - Dos - 1Yr; P/n82TW0029VN",632,0,10763636.0
2023-05-30,558,Giá vốn (80%): 4K0Z7PA: Máy tính xách tay HP 14s- fq1080AU - AMD Ryzen3 5300U / 4GB DDR4-3200/ SSD 256GB / RadeonVegaGraphics/ 14” HD/ Windows 11 Home/ Natural Silver,632,0,25454545.6
2023-05-30,558,"Giá vốn (80%): Máy tính xách tay ThinkBook 14 G4 IAP i5-1240P/8Gb/512Gb/UHD/Fingerprint/Off Trial/Win11 H64SL/MINERAL_GREY/14""FHD, P/N: 21DH00B5VN",632,0,10909091.2
2023-05-30,558,Giá vốn (80%): Camera quan sát CS-C6N (1080P),632,0,12509091.2
2023-05-30,566,Giá vốn (80%): Bảng mạch chính Asus Prime H510MF,632,0,1112727.2
2023-05-30,566,Giá vốn (80%): Bộ nhớ trong của máy vi tính KINGSTON 8G D4 - 2666U19 1RX8 UDIMM (KVR26N19S8/8),632,0,1025455.2
2023-05-30,566,Giá vốn (80%): ổ cứng gắn trong 480GB SSD Exceria BiCS FLASH 2.5''SATA3 Kioxia,632,0,1192727.2
2023-05-30,566,Giá vốn (80%): Hộp mực  in Izinet 12A/303/FX9,632,0,523636.0
2023-05-30,558,Giá vốn (80%): ổ cứng di động 32GB U301 USB 3.2 Gen 1 Kioxia - Trắng,632,0,1163636.0
2023-05-31,569,Giá vốn (80%): Máy in Brother DCP-B7535DW,632,0,4109091.2
2023-05-31,568,"Giá vốn (80%): Màn hình máy tính Lenovo H20215FE0 - ""E22-28 (H20215FE0)21.5 inch Monitor-HDMI, Linecord, 3YR WTYWarranty"", P/N:62B9MAR4WW",632,0,1956364.0
2023-05-31,567,Giá vốn (80%): Chuột máy tính Logitech B100,632,0,363636.0
2023-06-02,571,"Giá vốn (80%): Thiết bị trợ giảng không dây bao gồm:Loa cógắn vi mạch khuếch đại âm tần,tai nghe gắnmic,thắt lưng,cápsạcUSB,pin1200MAH.Model:KFMTG021S,dải tần từ 90hz -20khz,csloa:7W,pin:5V.Hiệu:Kungfu.Mới 100%",632,0,909091.2
2023-06-03,573,"Giá vốn (80%): Máy tính xách tay DELL Vostro 3510 I51135G7/8GB/512GB/15.6"" FHD/NV-MX350 2GB/W11/(P112F002BBL)",632,0,11272727.2
2023-06-03,572,"Giá vốn (80%): Máy tính xách tay DELL Vostro 3510 I5 1135G7/8GB/512GB/15.6"" FHD/NV-MX350 2GB/W11/ (P112F002BBL)",632,0,11272727.2
2023-06-03,575,"Giá vốn (80%): Máy tính xách tay DELL Vostro 3510 I51135G7/8GB/512GB/15.6"" FHD/NV-MX350 2GB/W11/(P112F002BBL)",632,0,11272727.2
2023-06-03,574,"Giá vốn (80%): Máy tính xách tay DELL Vostro 3510 I51135G7/8GB/512GB/15.6"" FHD/NV-MX350 2GB/W11/(P112F002BBL)",632,0,11272727.2
2023-06-04,577,"Giá vốn (80%): Máy tính xách DELL INSPIRON 14 I51235U/8GB/512GBSSD/14.0"" FHD TOUCH/W11+OFFice(N4I5021W) bạ",632,0,15054545.6
2023-06-04,576,"Giá vốn (80%): Máy tính xách DELL INSPIRON 14 I5 1235U/8GB/512GBSSD/14.0"" FHD TOUCH/W11+OFFice (N4I5021W) bạc",632,0,15054545.6
2023-06-05,582,Giá vốn (80%): Chuột máy tinh Rapoo N100,632,0,43636.0
2023-06-05,579,Giá vốn (80%): ổ cứng gắn trong 480GB SSD Exceria BiCS FLASH 2.5''SATA3 Kioxia,632,0,705454.4
2023-06-05,580,Giá vốn (80%): BỘ MÁY VI TÍNH,632,0,6101818.4
2023-06-05,581,"Giá vốn (80%): MÀN HÌNH  LCD-Dell E2016Hv 19.5""",632,0,2218181.6
2023-06-05,578,Giá vốn (80%): Ổ cứng di động 16GB U202 USB 2.0 Kioxia,632,0,145454.4
2023-06-05,582,Giá vốn (80%): Bàn phím  Rapoo NK2500,632,0,87272.8
2023-06-06,583,Giá vốn (80%): Nguồn Máy Vi Tính CM PC700 Elite V3,632,0,1127272.8
2023-06-06,586,"Giá vốn (80%): Đầu ghi hình KTS 16 kênh (DH - NVR 4116HS -I), phụ kiện",632,0,1490908.8
2023-06-06,584,"Giá vốn (80%): Ổ cứng máy tính SSD Western WDS250G2B0A,250GB",632,0,654545.6
2023-06-06,585,Giá vốn (80%): Chuột có dây Rapoo N100,632,0,43636.0
2023-06-06,585,Giá vốn (80%): Điện thoại có dây Panasonic KXTS500,632,0,247272.8
2023-06-06,585,Giá vốn (80%): Bàn phím Rapoo NK 2500,632,0,87272.8
2023-06-07,590,"Giá vốn (80%): ổ cứng lắp trong Western Digital 6TB 3.5""Sata3, màu tím(Purple) (WD64PURZ)",632,0,4000000.0
2023-06-07,591,Giá vốn (80%): Thiết bị định tuyến TP-Link 2.4GHz/5GHz Archer C50,632,0,349091.2
2023-06-07,588,"Giá vốn (80%): Bộ định tuyến có chức năng thuphát vô tuyến TP-LINK,2,4GHz/ W-CDMA FDD/GSM_TL-MR6400",632,0,909091.2
2023-06-07,587,Giá vốn (80%): Máy in Canon Laser LBP-2900,632,0,2901818.4
2023-06-07,589,Giá vốn (80%): Cáp dữ liệu VIDEO HDMI 1.4 truyềnâm thanh hình ảnh dài 15M Ugreen(10111) DVT,632,0,509091.2
2023-06-07,589,Giá vốn (80%): Giá treo máy chiếu MS12,632,0,290908.8
2023-06-07,589,Giá vốn (80%): Màn chiếu điện APW150ES,632,0,2218181.6
2023-06-07,589,Giá vốn (80%): Máy chiếu Panasonic PT-LB426,632,0,13374545.6
2023-06-08,594,Giá vốn (80%): Hộp mực in Ecoplus 12A,632,0,94545.6
2023-06-08,594,Giá vốn (80%): Bàn phím máy tính Rapoo NK2500,632,0,83636.0
2023-06-08,594,Giá vốn (80%): Chuột máy tính Logitech M185,632,0,181818.4
2023-06-08,594,Giá vốn (80%): Chuột máy tính Logitech B100,632,0,72727.2
2023-06-08,593,Giá vốn (80%): Chuột vi tính Rapoo M20,632,0,87272.8
2023-06-08,593,Giá vốn (80%): Ổ đĩa cứng  GT Kingston 240GB(SA400M8/240G),632,0,240000.0
2023-06-08,595,Giá vốn (80%): Máy In  Brother HL-L2321D,632,0,2145454.4
2023-06-08,592,"Giá vốn (80%): Máy tính bàn Lenovo Desktop ThinkCentre M70a Gen 3 -i3-12100( 4.3 GHZ) - 8GB RAM - 256GB SSD - 21.5 inch FHD -1Yr, P/n11VL0000VA",632,0,10829091.2
2023-06-10,596,Giá vốn (80%): Mực in Brother BT5000M,632,0,240000.0
2023-06-10,597,Giá vốn (80%): Đầu đọc mã vạch OD7200,632,0,4690908.8
2023-06-11,599,"Giá vốn (80%): Máy tính xách tay HP PAVILION 15-eg2056TU I5 1240P/8GB/512GB/15.6"" FHD/ VANG/Windown 11 (6K786PA)",632,0,10909091.2
2023-06-11,598,"Giá vốn (80%): Ổ cứng máy tính  SSD Western WDS240G2G0A,240GB",632,0,2836364.0
2023-06-11,598,Giá vốn (80%): Máy in Canon Laser LBP-2900,632,0,2800000.0
2023-06-12,612,Giá vốn (80%): Đầu ghi hình DS-7216HGHI-K1,632,0,1490908.8
2023-06-12,612,"Giá vốn (80%): Camera kỹ thuật số có chức năng ghi hiệu EZVIZ mãCS-C8C (1080P,6MM)",632,0,843636.8
2023-06-12,612,Giá vốn (80%): Ổ cứng gắn trong Toshiba 4000gb,632,0,1760000.0
2023-06-12,612,Giá vốn (80%): Camera quan sát DS-2CE17D0T-IT5(C),632,0,4189091.2
2023-06-12,603,Giá vốn (80%): Mực in HP CF-230A,632,0,6872727.2
2023-06-12,612,Giá vốn (80%): Dây cáp mạng Ensoho EN-F6CA24 FTP cat6(305m/h),632,0,1272727.2
2023-06-12,603,Giá vốn (80%): BỘ LƯU ĐIỆN SANTAK - MÃ HÀNGC1K-LCD,632,0,5520000.0
2023-06-12,603,Giá vốn (80%): Máy hút bụi cầm tay Baseus A3 Car Vacuum Cleaner,632,0,1076364.0
2023-06-12,610,Giá vốn (80%): Bộ nhớ trong của máy vi tính KINGSTON 8G D4 - 2666U19 1RX8 UDIMM (KVR26N19S8/8),632,0,1025455.2
2023-06-12,603,Giá vốn (80%): Mực in HP W2090A,632,0,2021817.6
2023-06-12,600,Giá vốn (80%): LOA VI TÍNH MICROLAB B26 2.0,632,0,196364.0
2023-06-12,613,Giá vốn (80%): CPU máy tính,632,0,6203636.0
2023-06-12,607,Giá vốn (80%): Bàn phím có đèn nền màu đen Rapoo V500SE,632,0,400000.0
2023-06-12,607,"Giá vốn (80%): Màn hình máy tính Lenovo H20215FE0 - ""E22-28 (H20215FE0)21.5 inch Monitor-HDMI, Linecord, 3YR WTYWarrantyCode:3years limited"", P/N:62B9MAR4WW",632,0,1781818.4
2023-06-12,608,Giá vốn (80%): Chuột máy tính  Dell MS116,632,0,945454.4
2023-06-12,611,Giá vốn (80%): MÁY IN  Canon Laser LBP-2900,632,0,2901818.4
2023-06-12,604,Giá vốn (80%): ổ cứng gắn trong 250GB SSD Exceria NVMe BiCS FLASHM.2 PCIe Kioxia,632,0,712727.2
2023-06-12,604,Giá vốn (80%): Bộ nhớ trong Kingston 8GBD4-3200U,632,0,581818.4
2023-06-12,602,Giá vốn (80%): Bàn phím + chuột Logitech MK270,632,0,400000.0
2023-06-12,601,Giá vốn (80%): Điện thoại có dây Panasonic KXTSC11,632,0,472727.2
2023-06-12,610,Giá vốn (80%): ổ đĩa cứng gắn trong máy vi tính 480GB hiệu KINGSTON A400 SATA3 2.5 SSD,632,0,1440000.0
2023-06-12,610,"Giá vốn (80%): Màn hình vi tính Dell LCD E2216Hv - 21.5"" WHD",632,0,1941817.6
2023-06-12,605,Giá vốn (80%): Bảng mạch chính  Asus Prime H510MF,632,0,1200000.0
2023-06-12,605,Giá vốn (80%): ổ cứng gắn trong 240GB SSD Exceria BiCS FLASH 2.5''SATA3 Kioxia,632,0,581818.4
2023-06-12,614,Giá vốn (80%): Máy in hóa đơn XP-T80L,632,0,945454.4
2023-06-12,605,Giá vốn (80%): Bộ nhớ trong  Kingston 4GD4-2666U19,632,0,261818.4
2023-06-12,610,Giá vốn (80%): Máy In Canon Laser LBP-2900,632,0,2901818.4
2023-06-12,610,"Giá vốn (80%): Máy tính xách tay Dell Latitude 3420, CTO Intel Core i3-1115G4 (2 Core,6M cache, base 3.0GHz, up to 4.10), MH 14 inch HD (1920 x 1080), RAM8GB, 256GB SSD, Intel® UHD Graphics, Ubuntu-L3420I3SSHD",632,0,7236363.2
2023-06-12,609,Giá vốn (80%): Mực MP 3054/3554/2554,632,0,618181.6
2023-06-12,606,Giá vốn (80%): Mực Laser TN-2385 Brother,632,0,327272.8
2023-06-12,606,Giá vốn (80%): Chuột máy tính Logitech M185,632,0,145454.4
2023-06-12,605,Giá vốn (80%): Bộ vi xử lý lý Intel Pentium G6400,632,0,938181.6
2023-06-13,615,Giá vốn (80%): BỘ MÁY VI TÍNH,632,0,7469091.2
2023-06-13,616,Giá vốn (80%): ổ đĩa cứng GT Kingston 480GB A400(SA400S37/480G),632,0,690908.8
2023-06-13,616,Giá vốn (80%): Bộ nhớ trong Kingston 8GBD4 - 3200U C16,632,0,509091.2
2023-06-13,616,"Giá vốn (80%): Máy tính xách tay ThinkBook 14 G4 IAP i5-1240P/8Gb/512Gb/UHD/Fingerprint/Off Trial/Win11 H64SL/MINERAL_GREY/14""FHD, P/N: 21DH00B5VN",632,0,11890908.8
2023-06-13,620,Giá vốn (80%): Bàn phím máy tính RAPOO V500L,632,0,472727.2
2023-06-13,617,"Giá vốn (80%): Thiết bị thu phát vô tuyến TP-Link 2.4Ghz,Archer T2U",632,0,203636.8
2023-06-13,619,Giá vốn (80%): MÀN HÌNH LCD 23.8 Inch LENOVO THINKVISION S24e-20 (62AEKAR2WW),632,0,2545454.4
2023-06-13,619,Giá vốn (80%): Máy tính bàn Lenovo ThinkCentre M70s Gen 3 - i3-12100 ( 4.3GHZ) - 4GB RAM - 256GB SSD - Wireless & Bluetooth - None-1Yr; P/n 11TC000PVA,632,0,7272727.2
2023-06-13,618,Giá vốn (80%): MÁY IN BROTHER HL-L2321D,632,0,2145454.4
2023-06-13,617,Giá vốn (80%): Bộ nhớ trong của máy vi tính KINGSTON 8G D4 -3200,632,0,400000.0
2023-06-13,617,Giá vốn (80%): Bảng mạch chính của máy vi tính hiêu ASUS PRIMEH510M - K,632,0,1138181.6
2023-06-13,617,"Giá vốn (80%): Màn hình vi tính  Dell LCD E2216Hv 21.5"" WHD",632,0,1672727.2
2023-06-13,617,Giá vốn (80%): Chuột máy tính Logitech M221,632,0,170908.8
2023-06-14,621,Giá vốn (80%): Bàn phím  Logitech K120,632,0,2152727.2
2023-06-14,623,Giá vốn (80%): Nguồn máy tính  Jetek mini A200m,632,0,232727.2
2023-06-14,621,Giá vốn (80%): Ổ cứng 250GB Kingston SSD NV1 M2 2280(SNVS/250G),632,0,392727.2
2023-06-14,621,"Giá vốn (80%): Thiết bị thu phát vô tuyến TP-Link,TL-WN722N",632,0,1236364.0
2023-06-14,621,Giá vốn (80%): Vỏ thùng máy tính Jetek EN15,632,0,1818181.6
2023-06-14,622,"Giá vốn (80%): Máy tính xách tay Dell Vostro 5620 Intel Core i5-1240P /16.0""FHD+/ 1x8G/256GB SSD PCIe NVMe/ 4 Cell-54Whr/ Win 11 Microsoft Office Home andStudent 2021/ V6I5001W1-Gray",632,0,29803636.0
2023-06-14,621,Giá vốn (80%): Nguồn Jetek Model Y600T,632,0,3927272.8
2023-06-14,621,Giá vốn (80%): Vỏ thùng máy tính Jetek  EN22,632,0,1818181.6
2023-06-15,625,Giá vốn (80%): Máy tính để bàn Dell Inspiron 3910 STI56020W1,632,0,12820363.2
2023-06-15,625,Giá vốn (80%): MÁY IN HP LASERJET PRO M404DN (W1A53A),632,0,5909091.2
2023-06-15,626,Giá vốn (80%): Máy in phun đa năng Brother MFC - T920DW,632,0,5592727.2
2023-06-15,624,Giá vốn (80%): Máy in hóa đơn XP-T80L,632,0,690908.8
2023-06-15,627,Giá vốn (80%): Phần mềm Kaspersky KL1171MCCFS,632,0,560000.0
2023-06-15,628,"Giá vốn (80%): Máy tính xách tay Dell Vostro 3520 Intel Core i3-1215U, 15.6""FHD, 1x8G,256GB SSD PCIe NVMe, 3 Cell-41Whr, Win 11, Office H&S 2021,V5I3614W1-Gray",632,0,17890908.8
2023-06-15,628,Giá vốn (80%): 4K0Z7PA: Máy tính xách tay HP 14s- fq1080AU -AMD Ryzen3 5300U / 4GB DDR4-3200/ SSD 256GB /RadeonVegaGraphics/ 14” HD/ Windows 11 Home/NaturalSilver,632,0,11127272.8
2023-06-16,629,Giá vốn (80%): Cạc mạng PCI Gigabit TP-Link TG-3468,632,0,167272.8
2023-06-16,629,Giá vốn (80%): Máy in phun màu khổ A4 Epson L805,632,0,6836363.2
2023-06-18,631,Giá vốn (80%): Bảng mạch chính của máy vi tính hiệu ASUS PRIMEH510M - K R2.0-CSM-SI,632,0,3381818.4
2023-06-18,631,Giá vốn (80%): Bộ vi xử  lý Intel Core i3-10105,632,0,3752727.2
2023-06-18,630,Giá vốn (80%): Máy Scan HP 2000S2 (6FW06A),632,0,5963636.0
2023-06-18,630,"Giá vốn (80%): Máy tính xách tay Dell Inspiron 15 -3520 Intel Core i5-1235U, 15.6""FHD, 1x8G,256GB SSD PCIe NVMe, 3 Cell-41Whr, Win 11 Microsoft Office Home andStudent 2021, N5I5122W1-Black",632,0,13054545.6
2023-06-19,632,Giá vốn (80%): Bàn phím Logitech K120,632,0,130908.8
2023-06-20,635,Giá vốn (80%): Bộ nhớ trong RAM DESKTOP LEXAR U-DIMM DDR4 8GB_LD4AU008G-B3200GSST,632,0,436364.0
2023-06-20,635,Giá vốn (80%): ổ cứng gắn trong 240GB SSD Exceria BiCS FLASH 2.5''SATA3 Kioxia,632,0,494545.6
2023-06-20,635,Giá vốn (80%): Vỏ thùng máy tính  Jetek EN15,632,0,218181.6
2023-06-20,635,Giá vốn (80%): Bộ vi xử lý Intel Core i3-10105,632,0,1890908.8
2023-06-20,635,Giá vốn (80%): Nguồn Jetek Model J400,632,0,450908.8
2023-06-20,635,Giá vốn (80%): Bàn phím Rapoo NK2500,632,0,109091.2
2023-06-20,635,Giá vốn (80%): Máy In Canon Laser LBP-2900,632,0,2690908.8
2023-06-20,635,Giá vốn (80%): Chuột vi tính có dây Rapoo N100,632,0,58181.6
2023-06-20,635,"Giá vốn (80%): Màn hình vi tính Dell LCD E2216Hv 21.5"" WHD",632,0,2145454.4
2023-06-20,635,Giá vốn (80%): Loa SoundMax A130/2.0,632,0,509091.2
2023-06-20,635,Giá vốn (80%): Camera quan sát CS-C6N (1080P),632,0,2352000.0
2023-06-20,635,"Giá vốn (80%): Thiết bị thu phát vô tuyến TP-Link,TL-WN722N",632,0,563636.0
2023-06-20,635,Giá vốn (80%): Bảng mạch chính Asus Prime H510MK,632,0,1214545.6
2023-06-20,634,Giá vốn (80%): Bút trình chiếu LP15 A4tech,632,0,210908.8
2023-06-20,633,"Giá vốn (80%): Ổ cứng máy tính  SSD Western WDS240G2G0A,240GB",632,0,581818.4
2023-06-20,633,Giá vốn (80%): Tai nghe SoundMax AH304,632,0,203636.0
2023-06-20,633,"Giá vốn (80%): Bộ chuột , bàn phím máy vi tính X1800S",632,0,232727.2
2023-06-21,638,Giá vốn (80%): Chuột vi tính hiệu Rapoo M20,632,0,872727.2
2023-06-21,638,Giá vốn (80%): Máy in laser Canon LBP 2900,632,0,13636364.0
2023-06-21,636,"Giá vốn (80%): Ổ cứng máy tính SSD Western WDS240G2G0A,240GB",632,0,581817.6
2023-06-21,636,Giá vốn (80%): Chuột vi tính Rapoo M20,632,0,181818.4
2023-06-21,637,Giá vốn (80%): LOA SOUNDMAX  A-2126 2.1,632,0,1010908.8
2023-06-22,640,Giá vốn (80%): Hộp mực  in Ecoplus 12A,632,0,196364.0
2023-06-22,639,Giá vốn (80%): Chuột vi tính có dây Rapoo N100,632,0,36364.0
2023-06-22,639,"Giá vốn (80%): Thiết bị chuyển mạch TP-Link,TL-SF1005D",632,0,123636.0
2023-06-22,643,Giá vốn (80%): Máy in hóa đơn XP-T80L,632,0,923636.0
2023-06-22,643,Giá vốn (80%): Chuột máy tính Logitech B100,632,0,320000.0
2023-06-22,641,Giá vốn (80%): Mạch chính vi tính Gigabyte H510M-H,632,0,1120000.0
2023-06-22,641,Giá vốn (80%): Bộ nhớ máy vi tính Kingmax 8GBDDR4-3200 (KM-LD4-3200-8GS),632,0,610908.8
2023-06-22,641,Giá vốn (80%): Chuột máy tính Logitech M185,632,0,138181.6
2023-06-22,641,Giá vốn (80%): Bàn phím Dell Multimedia KB216,632,0,109091.2
2023-06-22,644,"Giá vốn (80%): Máy tính xách tay ASUS ExpertBook model L1400( L1400CDA-EK0942W )Ryzen5 3500U/8GB/512GB/OB/14"" HD/W11/2Y",632,0,13163636.8
2023-06-22,644,Giá vốn (80%): Loa vi tính Microlab M300BT /2.1,632,0,727272.8
2023-06-22,644,Giá vốn (80%): Thiết bị định tuyến  TP-Link 2.4GHz/5GHz Archer C50,632,0,625454.4
2023-06-22,642,Giá vốn (80%): Chuột máy tính Logitech M331,632,0,218181.6
2023-06-23,646,Giá vốn (80%): Máy in Brother HL-L2321D,632,0,2145454.4
2023-06-23,645,Giá vốn (80%): Chuột máy tính Logitech B100,632,0,363636.0
2023-06-23,647,"Giá vốn (80%): Thiết bị định tuyến thu phát vô tuyến  TP-Link,2.4Ghz,TL-MR6400",632,0,2334545.6
2023-06-23,647,Giá vốn (80%): Máy quét  Canon Lide 400,632,0,3200000.0
2023-06-23,647,Giá vốn (80%): Camera quan sát CS-C6N (1080P),632,0,3200000.0
2023-06-23,647,Giá vốn (80%): MÀN HÌNH VI TÍNH (LCD) LENOVO ThinkVision S27e-20 27.0 INCH/1920x1080/IPS/WLED/VGA/HDMI/ĐEN/3Y(62AFKAR2WW),632,0,4581818.4
2023-06-23,647,Giá vốn (80%): Tay Game Logitech F310,632,0,1163636.0
2023-06-24,648,Giá vốn (80%): Chuột máy tính Dell WM118,632,0,181818.4
2023-06-24,650,Giá vốn (80%): Máy tính bàn Lenovo ThinkCentre M70s Gen 3 i5-12400(4.4GHZ)- 8GB RAM - 256 SSD- Wireless & Bluetooth - None -1Yr; P/n11TC000TVA,632,0,8327272.8
2023-06-24,649,Giá vốn (80%): Mực Laser đen Premium,632,0,65454.4
2023-06-24,650,Giá vốn (80%): Máy tính bàn Lenovo ThinkCentre M70s Gen 3 - i3-12100 ( 4.3GHZ) - 4GB RAM - 256GB SSD - Wireless & Bluetooth - None-1Yr; P/n 11TC000PVA,632,0,6181818.4
2023-06-25,652,Giá vốn (80%): Cạc VGA ASUS GT730 2GBD5 64BIT,632,0,909091.2
2023-06-25,652,Giá vốn (80%): ổ cứng gắn trong 240GB SSD Exceria BiCS FLASH 2.5''SATA3 Kioxia,632,0,865454.4
2023-06-25,652,Giá vốn (80%): Bảng mạch chính  Asus Prime H510MK,632,0,1134545.6
2023-06-25,652,Giá vốn (80%): Nguồn 700W COOLER MASTER ELITE V3-PC700,632,0,727272.8
2023-06-25,653,Giá vốn (80%): Chuột máy tính  Dell WM118,632,0,181818.4
2023-06-25,654,Giá vốn (80%): ổ cứng di động 32GB U301 USB 3.2 Gen 1 Kioxia - Trắng,632,0,65454.4
2023-06-25,651,"Giá vốn (80%): Thiết bị thu phát vô tuyến, TP-LINK, 2.4GHz/5GHz, Archer C24",632,0,305454.4
2023-06-25,654,Giá vốn (80%): Máy tính bàn Lenovo ThinkCentre M70s Gen 3 - i3-12100( 4.3GHZ) - 4GB RAM - 256GB SSD - Wireless & Bluetooth -None-1Yr; P/n 11TC000PVA,632,0,6181817.6
2023-06-25,654,Giá vốn (80%): Máy in đa năng Brother MFC-L2701D,632,0,7563636.8
2023-06-25,654,Giá vốn (80%): Bộ lưu điện Santak - TG500,632,0,712727.2
2023-06-26,657,Giá vốn (80%): ổ cứng gắn trong 240GB SSD Exceria BiCS FLASH2.5''SATA3 Kioxia,632,0,865454.4
2023-06-26,656,Giá vốn (80%): Hộp mực in,632,0,756364.0
2023-06-26,661,"Giá vốn (80%): Máy tính xách tay ASUS B3402FEA-EC0714T I3 1115G4/8GB/256GB/FG/NP/14""FHD TOUCH/XANH/W10",632,0,8290908.8
2023-06-26,661,Giá vốn (80%): 4K0Z7PA: Máy tính xách tay HP 14s- fq1080AU -AMD Ryzen3 5300U / 4GB DDR4-3200/ SSD 256GB /RadeonVegaGraphics/ 14” HD/ Windows 11 Home/NaturalSilver,632,0,5381818.4
2023-06-26,660,"Giá vốn (80%): Màn hình máy tính Lenovo H20215FE0 - ""E22-28(H20215FE0)21.5 inch Monitor-HDMI, Linecord, P/N:62B9MAR4WW",632,0,1956364.0
2023-06-26,661,Giá vốn (80%): ổ cứng gắn trong 240GB SSD Exceria BiCS FLASH 2.5'' SATA3 Kioxia,632,0,865454.4
2023-06-26,660,Giá vốn (80%): Máy tính bàn Lenovo ThinkCentre M70s Gen 3 -i3-12100( 4.3GHZ) - 4GB RAM - 256GB SSD - Wireless &Bluetooth -None-1Yr; P/n 11TC000PV,632,0,6763636.0
2023-06-26,659,"Giá vốn (80%): Ổ cứng di động  Seagate Expansion 1TB 2.5""",632,0,872727.2
2023-06-26,657,Giá vốn (80%): Nguồn 700W COOLER MASTER ELITE V3-PC70,632,0,720000.0
2023-06-26,657,Giá vốn (80%): Chuột máy tính Dell MS116,632,0,196363.2
2023-06-26,655,Giá vốn (80%): Mực T2309,632,0,654545.6
2023-06-26,657,Giá vốn (80%): Bàn phím Dell Multimedia KB216,632,0,218182.4
2023-06-26,657,Giá vốn (80%): Cạc VGA ASUS GT730 2GBD5 64BIT,632,0,909091.2
2023-06-26,658,Giá vốn (80%): Chuột máy tính Logitech M185,632,0,138181.6
2023-06-26,655,"Giá vốn (80%): Ổ cứng di động Seagate 2TB 2.5"" ONETOUCH",632,0,1381818.4
2023-06-27,662,Giá vốn (80%): Hộp mực  in Izinet 12A,632,0,254545.6
2023-06-27,662,Giá vốn (80%): ổ cứng gắn trong 240GB SSD Exceria BiCS FLASH 2.5''SATA3 Kioxia,632,0,509091.2
2023-06-27,663,Giá vốn (80%): Bút trình chiếu LP15 A4tech (Trắng),632,0,210908.8
2023-06-27,663,Giá vốn (80%): Cáp dữ liệu VIDEO HDMI 1.4 truyền âm thanh hình ảnh dài10M Ugreen,632,0,327272.8
2023-06-27,663,Giá vốn (80%): Máy chiếu đa năng ViewSonic LS500WHE,632,0,12283636.8
2023-06-27,663,Giá vốn (80%): Màn chiếu chân P84TS,632,0,690908.8
2023-06-27,664,Giá vốn (80%): Máy tính bàn Lenovo ThinkCentre M70s Gen 3 -i3-12100( 4.3GHZ) - 4GB RAM - 256GB SSD - Wireless&Bluetooth -None-1Yr; P/n 11TC000PVA,632,0,6763636.0
2023-06-27,664,"Giá vốn (80%): Màn hình máy tính Lenovo H20215FE0 -""E22-28(H20215FE0)21.5 inch Monitor-HDMI, Linecord, P/N:62B9MAR4WW",632,0,1956364.0
2023-06-27,665,Giá vốn (80%): Bộ nguồn cấp điện liên tục Cyber Power BU600E,632,0,9600000.0
2023-06-27,662,Giá vốn (80%): Loa SoundMax  A828 / 2.1,632,0,458181.6
2023-06-27,662,Giá vốn (80%): Tai nghe SoundMax AH304,632,0,465454.4
2023-06-27,669,Giá vốn (80%): Máy tính để bàn,632,0,53454545.6
2023-06-27,668,Giá vốn (80%): Màn hình LCD VIEWSONIC VX2718 - PC - MHD/27'' LCD MONITOR,632,0,8072727.2
2023-06-27,668,"Giá vốn (80%): Màn hình máy tính Viewsonic VX3276 - MHD -3/32 inch, Full HD, IPS,75Hz",632,0,5600000.0
2023-06-27,668,Giá vốn (80%): Loa SoundMax A2126/2.1,632,0,850908.8
2023-06-27,666,Giá vốn (80%): Bộ máy vi tính,632,0,14276363.2
2023-06-27,666,Giá vốn (80%): MÀN HÌNH LCD 23.8 Inch LENOVO THINKVISION S24e -20 (62AEKAR2WW),632,0,4349091.2
2023-06-27,667,Giá vốn (80%): MÁY TÍNH XÁCH TAY (NB) HP Pavilion 15 - eg2056TUi5-1240P/8GD4/512GSSD/15.6FHD/Wlax/BT5/3C41WHr/ALUp/W11SL/VÀNG(6K786PA),632,0,12356364.0
2023-06-27,666,Giá vốn (80%): Máy  In Canon Laser LBP-2900,632,0,5803636.8
2023-06-28,673,"Giá vốn (80%): Máy tính xách tay Asus B1500C i5-1135G7/ 8GB/512GBSSD/ UMA/ 15.6""FHD/ FP/ Chuột/ Win 11/ Đen/2YW_B1500CEAE-EJ2362W",632,0,11527272.8
2023-06-28,670,"Giá vốn (80%): Thiết bị chuyển mạch TP -Link, TL - SG108",632,0,392727.2
2023-06-28,671,"Giá vốn (80%): Ổ cứng máy tính  SSD Western WDS240G2G0A, 240GB",632,0,400000.0
2023-06-28,672,Giá vốn (80%): Máy in đa năng Brother MFC - L2701D,632,0,3992727.2
2023-06-28,672,Giá vốn (80%): Hộp mực  in Izinet 12A/303/FX9,632,0,232727.2
2023-06-29,675,"Giá vốn (80%): Thiết bị thu phát vô tuyến TP-Link,TL - WN823N",632,0,654545.6
2023-06-29,675,Giá vốn (80%): Nguồn Jetek Model Y600T,632,0,1018181.6
2023-06-29,675,Giá vốn (80%): Chuột vi tính  Rapoo M20,632,0,872727.2
2023-06-29,674,"Giá vốn (80%): Máy tính xách tay Dell Inspiron 15 3520 Intel Core i5-1235U, 15.6""FHD, 1x8G,256GB SSD PCIe NVMe, 3 Cell-41Whr, Win 11 Microsoft Office Home andStudent 2021, N5I5122W1-Black",632,0,10909091.2
2023-06-29,674,Giá vốn (80%): Loa vi tính Microlab M300/2.1,632,0,472727.2
2023-06-29,675,Giá vốn (80%): Vỏ thùng máy tính Jetek  EN22,632,0,363636.8
2023-06-29,674,Giá vốn (80%): Chuột máy tính  Logitech M185,632,0,1454545.6
2023-06-29,674,Giá vốn (80%): Tai nghe Logitech H370,632,0,1672727.2
2023-06-29,676,Giá vốn (80%): MÁY IN BROTHER HL-L2321D,632,0,2618181.6
2023-06-29,677,Giá vốn (80%): Máy định vị GPSMAP 79s,632,0,6254545.6
2023-06-29,675,Giá vốn (80%): Vỏ thùng máy tính Jetek  EN15,632,0,181817.6
2023-06-29,679,"Giá vốn (80%): Bộ Vi xử lý Intel Core i3-10105 Processor3.70GHz 6M Cache, Sockets FCLGA1200-BX8070110105",632,0,20640000.0
2023-06-29,680,Giá vốn (80%): MÁY IN HP LASERJET PRO M404DN (W1A53A),632,0,4647272.8
2023-06-29,680,Giá vốn (80%): Máy Scan HP 2000S2 (6FW06A),632,0,5738181.6
2023-06-29,681,Giá vốn (80%): Phần mềm Win 11 Pro 64bit Eng lntl 1pk DSP OEi DVD(FQC-10528),632,0,2960000.0
2023-06-29,682,Giá vốn (80%): Usb hiệu Kingston 32GB 3.0DT100G3(DT100G3/32GB),632,0,123636.0
2023-06-29,678,"Giá vốn (80%): Ổ cứng SSD Western WDS500G2B0A, 500GB, Sata3 2.5""",632,0,894545.6
2023-06-29,679,Giá vốn (80%): BO MẠCH CHÍNH MÁY VI TÍNH (MainBoard) MSI H510M PLUS V3(H510MPLUSV3),632,0,12400000.0
2023-06-29,679,Giá vốn (80%): Bộ nhớ trong RAM DESKTOP LEXAR U-DIMMDDR4 8GB_LD4AU008G-B3200GSST,632,0,3680000.0
2023-06-29,679,Giá vốn (80%): Thiết bị chuyển mạch TPLINK_TL-SG1008D,632,0,625454.4
2023-06-29,679,"Giá vốn (80%): Bộ lưu điện (UPS) APC Easy Back-ups 700VA,230V,AVR,USBcharging Universal sockets(BVX700LUI-MS)",632,0,10000000.0
2023-06-29,679,Giá vốn (80%): Tai nghe HyperX Cloud Stinger IICore(683L9AA),632,0,6080000.0
2023-06-29,679,Giá vốn (80%): Chuột máy tính Logitech B100,632,0,560000.0
2023-06-29,679,Giá vốn (80%): Bàn phím  Logitech K120,632,0,1160000.0
2023-06-29,679,"Giá vốn (80%): ổ cứng Western SSD 240GB Sata3, màuxanh - green (WDS240G3G0A)",632,0,6981818.4
2023-06-29,679,Giá vốn (80%): Nguồn Jetek Model 350 ELITE V2,632,0,3360000.0
2023-06-29,679,"Giá vốn (80%): Màn hình LCD của máy vi tính hiệuPHILIPS 221V8 21.5""(LED),cáp,mới100%.",632,0,13520000.0
2023-06-29,679,Giá vốn (80%): Vỏ thùng máy tính Jetek EN22,632,0,2000000.0
2023-06-30,683,Giá vốn (80%): Bàn phím máy tính RAPOO V50S,632,0,210908.8
2023-06-30,683,Giá vốn (80%): Bàn phím máy tính RAPOO V500SE,632,0,800000.0
2023-06-30,683,Giá vốn (80%): TAI NGHE SOUNDMAX AH327,632,0,283636.0
2023-06-30,683,Giá vốn (80%): Bộ vi xử lý  Intel Core i3-10105,632,0,1818181.6
2023-06-30,683,Giá vốn (80%): Bộ nhớ trong ram DDR4 16GB/3200 KINGMAX,632,0,1192728.0
2023-06-30,683,Giá vốn (80%): Bảng mạch chính GIGABYTE H510M-H,632,0,1120000.0
2023-06-30,683,Giá vốn (80%): Ổ cứng máy tính HDD 1TB Western SaTa3 BLUE,632,0,1280000.0
2023-06-30,683,Giá vốn (80%): Ổ cứng WESTERN SSD 240GB SN350 GREEN M2 NVME ( WDS240G2G0C),632,0,356364.0
2023-06-30,683,Giá vốn (80%): Cạc VGA ASUS TUF-GTX1660S-6G-GAMING,632,0,3563636.0
2023-06-30,683,Giá vốn (80%): Máy in Brother HL - L2321D,632,0,3854545.6
2023-07-01,685,Giá vốn (80%): Nguồn  Jetek Model Y600T,632,0,349091.2
2023-07-01,686,"Giá vốn (80%): Màn hình máy tính Lenovo H20215FE0 -"" E22-28 (H20215FE0) 21.5 inch Monitor-HDMI, Linecord, P/N:62B9MAR4WW",632,0,1854545.6
2023-07-01,684,Giá vốn (80%): Màn hình máy tính Dell 22 Monitor - E2223HN powercord/Advanced Exchange Service,632,0,2363636.0
2023-07-02,688,Giá vốn (80%): Cáp dữ liệu USB 2.0 nối dài truyền dữ liệu,632,0,276364.0
2023-07-02,687,"Giá vốn (80%): Thiết bị chuyển mạch  TP-Link,TL- SG1024D",632,0,1374545.6
2023-07-02,688,Giá vốn (80%): Cáp dữ liệu VIDEO HDMI 1.4 truyền âm thanh hình ảnh dài10M Ugreen (10110),632,0,320000.0
2023-07-03,692,Giá vốn (80%): Máy In Canon Laser LBP 226DW,632,0,4145454.4
2023-07-03,692,Giá vốn (80%): Mực Laser TN-2385,632,0,800000.0
2023-07-03,695,Giá vốn (80%): Ổ đĩa cứng máy tính KingmaxSMV32 120GB (Sata 3),632,0,2640000.0
2023-07-03,694,Giá vốn (80%): MÀN HÌNH LCD 23.8 Inch LENOVO THINKVISION S24e-20 (62AEKAR2WW),632,0,2174545.6
2023-07-03,693,Giá vốn (80%): BỘ MÁY VI TÍNH,632,0,11127272.8
2023-07-03,690,Giá vốn (80%): Camera quan sát CS-H8C (1080P),632,0,1243636.0
2023-07-03,691,Giá vốn (80%): Mực in Brother TN - B022,632,0,400000.0
2023-07-03,690,Giá vốn (80%): Máy in đa năng Brother DCP-T220,632,0,2400000.0
2023-07-03,689,"Giá vốn (80%): Bộ định tuyến có chức năng thuphát vô tuyến TP-LINK, 2,4GHz/ W-CDMA FDD/GSM_TL-MR6400",632,0,981818.4
2023-07-03,690,"Giá vốn (80%): Máy tính xách tay Lenovo S14 G3 IAP - I5-1235U (1.3G) - 8GB- 512GB SSD - WF+BL, Fingerprint - 14"" FHD - Dos - 1Yr; P/n82TW0029VN",632,0,10836364.0
2023-07-04,696,Giá vốn (80%): MÀN HÌNH VI TÍNH (LCD) DELL SE2422H23.8 INCH/1920x1080@75Hz/VGA/HDMI/LED/ĐEN(60W8F1),632,0,2909091.2
2023-07-04,697,Giá vốn (80%): Chuột vi tính có dây Rapoo N100,632,0,174545.6
2023-07-04,698,Giá vốn (80%): ổ cứng gắn trong 480GB SSD Exceria BiCS FLASH 2.5''SATA3 Kioxia,632,0,720000.0
2023-07-04,699,Giá vốn (80%): Cáp dữ liệu VIDEO HDMI 1.4 truyền âm thanh hình ảnh dài5M Ugreen,632,0,687272.8
2023-07-05,703,"Giá vốn (80%): Máy tính xách tay Dell Latitude 3420, CTO Intel Core i3-1115G4 (2 Core,6M cache, base 3.0GHz, up to 4.10), MH 14 inch HD (1366 x 768), RAM8GB, 256GB SSD, Intel® UHD Graphics, Ubuntu",632,0,64581818.4
2023-07-05,702,Giá vốn (80%): Máy chiếu đa năng ViewSonic PA503W,632,0,9447272.8
2023-07-05,704,Giá vốn (80%): Cáp dữ liệu VIDEO HDMI 1.4 truyền âm thanh hình ảnh dài5M Ugreen (10109),632,0,341818.4
2023-07-05,701,"Giá vốn (80%): MÁY TÍNH XÁCH TAY HP Pavilion 15- eg2083TU(i5-1240P, 8GD4, 512GBSSD, 15.6FHD, Wlax,BT5,3C41WHr_7C0W9PA)",632,0,11992727.2
2023-07-05,700,Giá vốn (80%): Máy In Canon Laser LBP226DW,632,0,4501818.4
2023-07-05,700,Giá vốn (80%): Bộ máy vi tính intel core  i3 - 12100,632,0,14407272.0
2023-07-05,700,Giá vốn (80%): Màn hình  LCD Dell S2421H 23.5 inch,632,0,2909091.2
2023-07-06,705,Giá vốn (80%): Máy tính bàn Lenovo ThinkCentre M70s Gen 3 i5-12400(4.4GHZ)- 8GB RAM - 256 SSD- Wireless & Bluetooth - None -1Yr; P/n11TC000TVA,632,0,15774545.6
2023-07-06,705,Giá vốn (80%): Máy in Brother HL-L2321D,632,0,7825454.4
2023-07-06,705,Giá vốn (80%): Bộ nhớ máy tính xách tay Kingmax16GB/ DDR4-3200,632,0,1083636.8
2023-07-06,706,Giá vốn (80%): Thiết bị định tuyến TP-Link 2.4GHz/5GHz Archer C50,632,0,1709091.2
2023-07-06,705,"Giá vốn (80%): Máy tính xách tay LenovoThinkPad E15 Gen 4, i7-1255U,8GB, 512GB SSD, Intel Iris XeGraphics, 15.6"" FHD, 3C 45Wh,ax+BT, FP, No OS, Đen (Black),2Y WTY_21E600CMVA",632,0,15345454.4
2023-07-07,707,Giá vốn (80%): Bàn phím Rapoo NK2500,632,0,218182.4
2023-07-07,707,Giá vốn (80%): Chuột vi tính có dây Rapoo N100,632,0,116363.2
2023-07-08,708,Giá vốn (80%): Hộp mực in Izinet 12A/303/FX9,632,0,247272.8
2023-07-08,709,"Giá vốn (80%): Ổ CỨNG DI ĐỘNG (HDD) SEAGATE ONE TOUCH 1TB2.5"" USB 3.0 - XÁM (GREY)(STKY1000404)",632,0,1061818.4
2023-07-09,710,Giá vốn (80%): Máy in đa năng Brother DCP-T220,632,0,2610908.8
2023-07-09,711,"Giá vốn (80%): Thiết bị định tuyến TP-Link 2.4GHz,Archer C6",632,0,2833454.4
2023-07-10,714,Giá vốn (80%): Bộ vi xử lý vi tính Intel Corei5-10400 (BX8070110400SRH3C) +Quạt,632,0,2400000.0
2023-07-10,714,Giá vốn (80%): Bộ nhớ trong RAM DESKTOP LEXAR U­DIMM DDR48GB_LD4AU008G­B3200GSST,632,0,334545.6
2023-07-10,714,Giá vốn (80%): Mạch chính vi tính Gigabyte H510MH,632,0,1250908.8
2023-07-10,714,"Giá vốn (80%): Chuột vi tính hiệu Rapoo mới 100%. Item no:12091, Model: M650Silent BR_F-Yellow Green",632,0,421818.4
2023-07-10,714,"Giá vốn (80%): Ổ cứng SSD Western WDS500G2B0A ,500GB, Sata3 2.5""",632,0,1025454.4
2023-07-10,713,Giá vốn (80%): Chuột máy tính  Dell MS116,632,0,116363.2
2023-07-10,714,Giá vốn (80%): ổ cứng gắn trong 240GB SSD Exceria BiCS FLASH 2.5''SATA3 Kioxia,632,0,3607272.8
2023-07-10,714,"Giá vốn (80%): Ổ đĩa cứng  GT Kingston 2.5"" SSD (SA400S37/240G)",632,0,283636.8
2023-07-10,714,Giá vốn (80%): Bàn phím  Logitech K120,632,0,527272.8
2023-07-10,714,Giá vốn (80%): Vỏ thùng máy tính  Jetek EN15,632,0,200000.0
2023-07-10,715,Giá vốn (80%): Bộ máy vi tính để bàn (CPU Intel core I3 - 10105 / Ram 4gb / Ssd 240gb),632,0,7134545.6
2023-07-10,715,"Giá vốn (80%): Màn hình máy tính Lenovo  E22 -28  / 21.5 inch Monitor-HDMI, Linecord, P/N:62B9MAR4WW",632,0,1956363.2
2023-07-10,714,Giá vốn (80%): Bàn phím RAPOO NK2500,632,0,1920000.0
2023-07-10,714,"Giá vốn (80%): Thiết bị chuyển mạch  TP -Link, TL-SF1016D",632,0,305454.4
2023-07-10,714,Giá vốn (80%): Nguồn Jetek Model Y600T,632,0,200000.0
2023-07-10,714,Giá vốn (80%): Chuột máy tính N100.BLACK - Optical Mouse,632,0,800000.0
2023-07-10,713,Giá vốn (80%): Bàn phím Dell Multimedia KB216,632,0,218182.4
2023-07-10,713,"Giá vốn (80%): Thiết bị định tuyến TP - Link 300M, 2.4GHz,TL- WR841N",632,0,196364.0
2023-07-10,712,Giá vốn (80%): Mực  in phun Brother BT5000C,632,0,145454.4
2023-07-10,712,Giá vốn (80%): Mực  in phun Brother BT5000Y,632,0,145454.4
2023-07-10,712,Giá vốn (80%): Mực  in phun Brother BT5000M,632,0,145454.4
2023-07-10,716,Giá vốn (80%): MÁY IN  Brother HL-L2321D,632,0,2109091.2
2023-07-10,717,Giá vốn (80%): Máy In Canon Laser LBP-2900,632,0,2901818.4
2023-07-10,717,Giá vốn (80%): Bàn phím RAPOO NK2500,632,0,109091.2
2023-07-10,717,Giá vốn (80%): Chuột máy tính N100.BLACK - Optical Mouse,632,0,58181.6
2023-07-10,713,Giá vốn (80%): Máy  in Brother HL - L2321D,632,0,1890908.8
2023-07-10,721,Giá vốn (80%): Mực  in phun Brother BTD60BK,632,0,363636.8
2023-07-10,721,Giá vốn (80%): Mực in phun Brother BT5000,632,0,261817.6
2023-07-10,720,Giá vốn (80%): Thiết bị định tuyến  TP-Link 2.4GHz/5GHz Archer C20,632,0,341817.6
2023-07-10,719,Giá vốn (80%): Hộp mực  in Ecoplus 12A/303/FX9,632,0,109091.2
2023-07-10,718,Giá vốn (80%): MỰC IN  Brother TN-B022,632,0,400000.0
2023-07-10,720,"Giá vốn (80%): Thiết bị chuyển mạch TP-Link, TL-SF1005D",632,0,189091.2
2023-07-11,722,"Giá vốn (80%): Màn hình vi tính  Dell LCD  E2216Hv - 21.5"" WHD",632,0,1563636.0
2023-07-12,723,Giá vốn (80%): ổ cứng gắn trong 250GB SSD Exceria NVMe BiCS FLASHM.2 PCIe Kioxia,632,0,472727.2
2023-07-12,725,Giá vốn (80%): MÁY QUÉT ẢNH HOẶC TÀI LIỆU HP SCAN JET PRO2000 S2 SCANNER (6FW06A),632,0,5781818.4
2023-07-12,724,Giá vốn (80%): Máy In Canon Laser LBP-2900,632,0,3163636.0
2023-07-13,730,"Giá vốn (80%): Máy Tính Xách tay DELL Inspiron 16-5620 I71255U/8GB/512GB NVME/16.0"" FHD/Window 11 /Màu Bạc(N6I7110W1)",632,0,14400000.0
2023-07-13,728,"Giá vốn (80%): Máy tính xách tay DELL Vostro 5620 I5-1240P/8GB/256GB NVME/16.0"" FHD/Window 11(V6I5001W1)",632,0,12727272.8
2023-07-13,731,Giá vốn (80%): Tai nghe Logitech H370,632,0,320000.0
2023-07-13,726,"Giá vốn (80%): Máy tính xách tay MSI Alpha 17 B5EEK031VN / Ryzen 7 5800H / 512GBSSD/ 8GB/ RX6600M8GB/ 17.3""FHD/ 144Hz/ WIN 11/ màu đen,ba lô",632,0,16283636.0
2023-07-13,731,Giá vốn (80%): Chuột vi tính  Rapoo M20,632,0,196363.2
2023-07-13,727,Giá vốn (80%): Chuột vi tính Rapoo M20,632,0,88727.2
2023-07-13,729,"Giá vốn (80%): Máy Tính Xách tay DELL Inspiron 16-5620 I7 1255U/8GB/512GB NVME/16.0"" FHD/Window 11 /Màu Bạc (N6I7110W1)",632,0,14400000.0
2023-07-13,727,Giá vốn (80%): Mạch chính vi tính Gigabyte H510M-H,632,0,1120000.0
2023-07-13,727,Giá vốn (80%): Bộ nhớ máy vi tính Kingmax 8GBDDR4 - 3200 (KM-LD4-3200-8GS),632,0,305454.4
2023-07-13,727,Giá vốn (80%): Bộ vi xử lý  Intel Core i3-10105,632,0,1781818.4
2023-07-15,732,"Giá vốn (80%): Máy tính xách tay MSI Katana GF6612UCK - 699VN/Alder Lake i5-12450H/512GB SSD/DDR4 8GB(3200MHz)/RTX3050 GDDR6 4GB/15.6""FHD/WIN 11/màu đen/ba lô",632,0,12363636.0
2023-07-15,732,Giá vốn (80%): Camera quan sát CS-C6N (1080P),632,0,14545454.4
2023-07-15,732,"Giá vốn (80%): Camera kỹ thuật số có chức năng ghi hiệu EZVIZ mãCS-C1C(1080P,H.265) - Hỗ trợ thẻ nhớ trong",632,0,5527280.0
2023-07-15,732,Giá vốn (80%): Thiết bị thu phát vô tuyến TPLINK_TL- WN725N,632,0,1167272.8
2023-07-15,732,Giá vốn (80%): Thiết bị chuyển mạch TPLINK_TL- SF 1005D,632,0,1774544.0
2023-07-15,732,Giá vốn (80%): Máy In Canon Laser LBP-2900,632,0,25454544.0
2023-07-15,732,"Giá vốn (80%): Máy tính xách tay MSI Katana GF6612UCK - 815VN /Alder Lake i5-12450H/512GB SSD/DDR4 8GB(3200MHz)/RTX3050 GDDR6 4GB/15.6""FHD/WIN11/màu đen/ ba lô",632,0,12727272.0
2023-07-15,732,"Giá vốn (80%): Chuột vi tính hiệu Rapoo mới 100%. Item no:18823, Model: M20, Wireless Optical MouseBLACK",632,0,16727272.0
2023-07-15,733,"Giá vốn (80%): Màn hình máy tính Lenovo H20215FE0 - "" E22-28(H20215FE0) 21.5 inch Monitor - HDMI, Linecord, P/N:62B9MAR4WW",632,0,1956364.0
2023-07-15,733,Giá vốn (80%): Máy tính bàn Lenovo ThinkCentre M70s Gen 3 i5-12400(4.4GHZ)- 8GB RAM - 256 SSD- Wireless & Bluetooth - None -1Yr; P/n11TC000TVA,632,0,9083636.0
2023-07-15,733,Giá vốn (80%): Thiết bị thu phát vô tuyến TP-LINK_TL-WA850RE,632,0,305454.4
2023-07-15,733,"Giá vốn (80%): Chuột vi tính hiệu Rapoo mới 100%. Item no:12091, Model: M650 Silent BR_F-Yellow Green",632,0,385454.4
2023-07-15,732,"Giá vốn (80%): Máy tính xách tay Lenovo ThinkPad E15 Gen 4 -I5- 1235U(4.4G)-8Gb RAM - 512GB SSD - WF+BL,Fingerprint-15.6'' FHD - Dos - 2Yrs; P/N 21E600CFVA",632,0,12000000.0
2023-07-15,732,Giá vốn (80%): Máy in Brother HL - L2321D,632,0,37090908.8
2023-07-15,732,Giá vốn (80%): MÁY TÍNH XÁCH TAY (NB) LENOVO V14 G3 IAP i3 -1215U/4GD4/256GSSD/14.0FHD/WL/BT/2C38/NoOS/ĐEN (82TS0067VN),632,0,13236363.2
2023-07-16,734,Giá vốn (80%): ổ cứng gắn trong 240GB SSD Exceria BiCS FLASH 2.5''SATA3 Kioxia,632,0,436364.0
2023-07-16,734,Giá vốn (80%): Mực  Laser TN-2385 Brother,632,0,327272.0
2023-07-16,734,Giá vốn (80%): Loa SoundMax A150/2.0,632,0,181818.4
2023-07-16,735,Giá vốn (80%): Tai nghe SoundMax AH304,632,0,203636.8
2023-07-16,735,Giá vốn (80%): Máy chiếu đa năng ViewSonic PA503W,632,0,9083636.0
2023-07-16,734,Giá vốn (80%): Chuột máy tính Logitech M185,632,0,145454.4
2023-07-17,739,Giá vốn (80%): Ổ đĩa cứng máy tính KingmaxSMQ32 240GB (Sata 3),632,0,436364.0
2023-07-17,737,Giá vốn (80%): Máy In Canon Laser LBP-2900,632,0,2901818.4
2023-07-17,736,Giá vốn (80%): Máy In Canon Laser LBP - 2900,632,0,25963636.0
2023-07-17,736,Giá vốn (80%): Máy in Brother HL - L2321D,632,0,37090908.8
2023-07-17,736,Giá vốn (80%): Máy In Canon Laser LBP 6030,632,0,4909091.2
2023-07-17,736,Giá vốn (80%): Máy in đa năng Brother DCP - T220,632,0,4727272.8
2023-07-17,739,Giá vốn (80%): Bộ nhớ máy vi tính Kingmax 8GBDDR4-3200 (KM-LD4-3200-8GS),632,0,545454.4
2023-07-17,738,Giá vốn (80%): Phần mềm  Kaspersky KL1941MCCFS,632,0,720000.0
2023-07-17,740,Giá vốn (80%): Nguồn máy tính Jetek mini A200m,632,0,254545.6
2023-07-17,741,Giá vốn (80%): Máy tính bàn Lenovo ThinkCentre M70s Gen 3 - i3-12100 ( 4.3GHZ) - 4GB RAM - 256GB SSD - Wireless & Bluetooth - None-1Yr; P/n 11TC000PVA,632,0,6800000.0
2023-07-17,741,Giá vốn (80%): Bàn phím  Dell Multimedia KB 216,632,0,109091.2
2023-07-17,742,"Giá vốn (80%): Ổ CỨNG DI ĐỘNG (HDD) SEAGATE ONE TOUCH 1TB2.5"" USB 3.0 - ĐEN (BLACK)(STKY1000400)",632,0,967272.8
2023-07-17,742,Giá vốn (80%): Chuột máy tính Logitech M185,632,0,290908.8
2023-07-17,743,Giá vốn (80%): Bàn phím Rapoo V500L,632,0,487272.8
2023-07-17,741,Giá vốn (80%): Thiết bị truyền ảnh Webcam Logitech C270,632,0,327272.8
2023-07-18,744,Giá vốn (80%): Máy In Canon Laser LBP - 2900,632,0,2901818.4
2023-07-19,748,Giá vốn (80%): Bàn phím  Dell Multimedia KB216,632,0,109090.4
2023-07-19,748,Giá vốn (80%): Chuột máy tính Logitech M185,632,0,145454.4
2023-07-19,748,"Giá vốn (80%): Bộ định tuyến có chức năng thuphát vô tuyến TP-LINK, 2,4GHz/ W-CDMA FDD/GSM_TL-MR6400",632,0,909091.2
2023-07-19,745,Giá vốn (80%): Mực laser đen Brother 2240,632,0,290908.8
2023-07-19,746,Giá vốn (80%): Máy scan tài liệu Brother ADS - 3100,632,0,15054545.6
2023-07-19,747,Giá vốn (80%): Máy in hóa đơn XP-T80L,632,0,647272.8
2023-07-20,749,Giá vốn (80%): Hộp mực  in Izinet 12A/303/FX9,632,0,160000.0
2023-07-23,751,Giá vốn (80%): Bộ nhớ máy vi tính Kingmax 8GBDDR4-2400,632,0,283636.0
2023-07-23,751,"Giá vốn (80%): Ổ CỨNG DI ĐỘNG (HDD) SEAGATE ONE TOUCH 1TB2.5"" USB 3.0 - ĐEN (BLACK)(STKY1000400)",632,0,1054545.6
2023-07-23,751,Giá vốn (80%): Chuột máy tính Logitech M221,632,0,181818.4
2023-07-23,752,Giá vốn (80%): Máy In Canon Laser LBP - 2900,632,0,2901818.4
2023-07-23,752,"Giá vốn (80%): Máy tính xách tay Dell Vostro 3520 Intel Core i3 - 1215U,15.6""FHD, 1x8G,256GB SSD PCIe NVMe, 3 Cell-41Whr, Win11, Office H&S 2021,V5I3614W1-Gray",632,0,9374545.6
2023-07-24,754,Giá vốn (80%): Loa SoundMax A2130 / 2.1,632,0,1054545.6
2023-07-25,757,Giá vốn (80%): MÁY TÍNH XÁCH TAY (NB) LENOVO V14 G3 IAP i5 -1235U/8GD4/256GSSD/14.0FHD/WL/BT/2C38/NoOS/ĐEN(82TS0062VN),632,0,11265454.4
2023-07-25,756,Giá vốn (80%): Bộ lưu điện Santak - TG500,632,0,836364.0
2023-07-25,759,Giá vốn (80%): Hộp mực in Ecoplus 12A/303/FX9,632,0,94545.6
2023-07-25,760,Giá vốn (80%): Máy in đa năng Brother MFC - L2701D,632,0,3992727.2
2023-07-25,758,Giá vốn (80%): Phần mềm Kaspersky KL1867MUAFS,632,0,240000.0
2023-07-25,755,Giá vốn (80%): Mực Laser Đen Premium,632,0,283636.0
2023-07-25,755,Giá vốn (80%): Trục từ 26A,632,0,218181.6
2023-07-25,761,Giá vốn (80%): Tủ Rack 6U​D400,632,0,654545.6
2023-07-26,766,Giá vốn (80%): BỘ MÁY VI TÍNH,632,0,9272727.2
2023-07-26,762,Giá vốn (80%): Chuột máy tính  Logitech   M185,632,0,145454.4
2023-07-26,762,Giá vốn (80%): Mực  Laser TN - 2385 Brother,632,0,320000.0
2023-07-26,764,Giá vốn (80%): Ổ cứng Kingmax SSD Sata III 240GB SMV32,632,0,283636.0
2023-07-26,762,Giá vốn (80%): Bàn phím Keyboard NK2500,632,0,94545.6
2023-07-26,765,Giá vốn (80%): Máy in Brother HL - L2321D,632,0,2109091.2
2023-07-26,763,Giá vốn (80%): BỘ LƯU ĐIỆN Santak-TG1000,632,0,1810908.8
2023-07-28,767,Giá vốn (80%): Bàn phím Logitech K120,632,0,690908.8
2023-07-28,767,Giá vốn (80%): Chuột máy tính Logitech B100,632,0,363636.0
2023-07-28,767,Giá vốn (80%): Cạc mạng  PCI Gigabit TP -Link - TG - 3468,632,0,167272.8
2023-07-28,768,Giá vốn (80%): Đầu máy in kim Epson LQ 310,632,0,4080000.0
2023-07-29,770,"Giá vốn (80%): Chuột bluetooth Logitech M650L, màu đen(910-006247)",632,0,600000.0
2023-07-29,769,"Giá vốn (80%): Máy tính xách tay MSI Katana GF6612UCK - 815VN /Alder Lake i5-12450H/512GB SSD/DDR4 8GB(3200MHz)/RTX3050 GDDR6 4GB/15.6""FHD/WIN11/màu đen/ ba lô",632,0,14363636.0
2023-07-29,770,"Giá vốn (80%): Máy tính xách tay Dell Vostro 3430 (i7-1355U, 16GB,512GB SSD, 14.0"" FHD, NV-MX550/2GB, Win11,Office HS 21, Xám, P152G008)(V3430-i7U165W11GRD2)",632,0,18920000.0
2023-07-29,772,Giá vốn (80%): Bàn phím Dell Multimedia KB216,632,0,109091.2
2023-07-29,771,Giá vốn (80%): Túi Xách TUCANO 15.6' (Blue),632,0,1560000.0
2023-07-30,780,Giá vốn (80%): Ổ đĩa cứng máy tính KingmaxSA3080 128GB (M.2 Sata 3),632,0,2363636.0
2023-07-30,780,Giá vốn (80%): ổ cứng gắn trong 240GB SSD Exceria BiCS FLASH 2.5''SATA3 Kioxia,632,0,7941818.4
2023-07-30,780,Giá vốn (80%): MÁY TÍNH XÁCH TAY (NB) LENOVO V14 G3 IAP i5 -1235U/8GD4/256GSSD/14.0FHD/WL/BT/2C38/NoOS/ĐEN(82TS0062VN),632,0,16000000.0
2023-07-30,780,Giá vốn (80%): Bộ nhớ máy tính xách tay Kingmax8GB DDR4-3200,632,0,4254545.6
2023-07-30,780,Giá vốn (80%): Bảng mạch chính của máy vi tính hiệu ASUS PRIMEH510M - K R2.0-CSM-SI,632,0,10800000.0
2023-07-30,780,Giá vốn (80%): Ổ đĩa cứng máy tính KingmaxSMQ32 240GB (Sata 3),632,0,7418181.6
2023-07-30,780,Giá vốn (80%): Bộ nhớ máy vi tính Kingmax 16GBDDR4-3200 (KM-LD4-3200-16GS),632,0,4981818.4
2023-07-30,780,"Giá vốn (80%): ổ cứng Western SSD 240GB Sata3, màuxanh - green (WDS240G3G0A)",632,0,9890908.8
2023-07-30,780,Giá vốn (80%): Ổ đĩa cứng máy tính KingmaxSA3080 256GB (M.2 Sata 3),632,0,3309091.2
2023-07-30,780,Giá vốn (80%): MÀN HÌNH LCD 23.8 Inch LENOVO THINKVISION S24e-20 (62AEKAR2WW),632,0,17454545.6
2023-07-30,776,Giá vốn (80%): Máy chiếu đa năng ViewSonic PS501X,632,0,10610908.8
2023-07-30,775,Giá vốn (80%): Bàn phím  Dell Multimedia KB216,632,0,276363.2
2023-07-30,775,Giá vốn (80%): Chuột máy tính Logitech M331,632,0,392728.0
2023-07-30,774,Giá vốn (80%): ổ cứng di động 16GB U202 USB 2.0 Kioxia,632,0,1727272.8
2023-07-30,780,Giá vốn (80%): Máy In Canon Laser LBP - 2900,632,0,10385454.4
2023-07-30,780,Giá vốn (80%): 4K0Z7PA: Máy tính xách tay HP 14s- fq1080AU -AMD Ryzen3 5300U / 4GB DDR4-3200/ SSD 256GB /RadeonVegaGraphics/ 14” HD/ Windows 11 Home/NaturalSilver,632,0,10181818.4
2023-07-30,780,"Giá vốn (80%): Màn hình máy tính Lenovo H20215FE0 - "" E22 - 28 (H20215FE0)21.5 inch Monitor-HDMI, Linecord, 3YR WTYWarrantyCode:3years limited"", P/N:62B9MAR4WW",632,0,13745454.4
2023-07-30,780,Giá vốn (80%): Máy in Brother HL - L2321D,632,0,18545454.4
2023-07-30,780,Giá vốn (80%): Máy in đa năng Brother DCP - T220,632,0,7090908.8
2023-07-30,778,Giá vốn (80%): MÁY TÍNH ĐỂ BÀN (PC)  HP AIO 22- dd2005d i3 -1215U/4GD4/256GSSD/21.5FHD/Wlac/BT5/KB/M/W11SL/TRẮNG(6K7G4PA),632,0,11490908.8
2023-07-30,777,"Giá vốn (80%): Thiết bị đầu cuối GSM/W-CDMA FDD 2.4GHz TP-Link,M7000",632,0,654545.6
2023-07-30,780,Giá vốn (80%): MÀN HÌNH VI TÍNH (LCD) LENOVO ThinkVision S27e -2027.0INCH/1920x1080/IPS/WLED/VGA/HDMI/ĐEN/3Y(62AFKAR2WW),632,0,9818181.6
2023-07-30,779,"Giá vốn (80%): Thiết bị chuyển mạch TP-Link, TL - SG1024D",632,0,1345454.4
2023-07-30,773,Giá vốn (80%): Màn hình LCD DELL SE2422H (23.8 inch/FHD/IPS/75Hz/VGA+HDMI/LED),632,0,2545454.4
2023-07-30,773,Giá vốn (80%): Chuột máy tính  Dell MS116,632,0,65454.4
2023-07-31,784,"Giá vốn (80%): MÀN HÌNH LCD VIEWSONIC VA1903A/19""",632,0,1272727.2
2023-07-31,784,Giá vốn (80%): Chuột máy tính Dell MS116,632,0,232727.2
2023-07-31,783,"Giá vốn (80%): Máy tính xách tay Dell Vostro 3430 (i7-1355U, 16GB,512GBSSD, 14.0"" FHD, NV-MX550/2GB, Win11,Office HS 21,Xám, P152G008)(V3430-i7U165W11GRD2)",632,0,14400000.0
2023-07-31,782,Giá vốn (80%): Máy  In Canon Laser LBP - 2900,632,0,5556364.0
2023-07-31,781,Giá vốn (80%): MỰC IN BROTHER BT5000M,632,0,189091.2
2023-08-01,787,"Giá vốn (80%): Thiết bị định tuyến TP-Link 300M,2.4GHz,TL-WR841N",632,0,240000.0
2023-08-01,786,Giá vốn (80%): Chuột vi tính Rapoo M20,632,0,349091.2
2023-08-01,789,Giá vốn (80%): Ổ đĩa cứng GT Kingston 480GB A400(SA400S37/480G),632,0,618181.6
2023-08-01,788,Giá vốn (80%): Máy in đa năng Brother MFC-L2701D,632,0,4392000.0
2023-08-01,785,Giá vốn (80%): Máy  in Brother DCP-B7535DW,632,0,4109091.2
2023-08-01,786,Giá vốn (80%): Bàn phím  Dell Multimedia KB216,632,0,545454.4
2023-08-01,786,Giá vốn (80%): Nguồn  máy tính Jetek mini A200m,632,0,906181.6
2023-08-02,790,"Giá vốn (80%): Thiết bị thu phát vô tuyến  TP-Link, TL- WN725N",632,0,116364.0
2023-08-02,790,Giá vốn (80%): Bàn phím Rapoo NK2500,632,0,196363.2
2023-08-02,792,Giá vốn (80%): Mực Laser đen Premium,632,0,181818.4
2023-08-02,790,Giá vốn (80%): Chuột vi tính có dây Rapoo N100,632,0,58181.6
2023-08-02,793,Giá vốn (80%): Mực MP 3054/3554/2554,632,0,618181.6
2023-08-02,791,Giá vốn (80%): MÀN HÌNH VI TÍNH (LCD) LENOVO ThinkVision S27e -20 27.0 INCH/1920x1080/IPS/WLED/VGA/HDMI/ĐEN/(62AFKAR2WW),632,0,2181818.4
2023-08-03,797,Giá vốn (80%): Máy  In Canon Laser LBP-2900,632,0,2763636.8
2023-08-03,797,Giá vốn (80%): Bộ máy vi tính,632,0,11418181.6
2023-08-03,794,"Giá vốn (80%): Máy tính xách tay Lenovo ThinkPad E15 Gen 4-I5-1235U(4.4G)-8Gb RAM - 512GB SSD - WF+BL,Fingerprint-15.6'' FHD - Dos - 2Yrs; P/N 21E600CFVA",632,0,11920000.0
2023-08-03,796,Giá vốn (80%): ổ cứng gắn trong 240GB SSD Exceria BiCS FLASH 2.5''SATA3 Kioxia,632,0,436364.0
2023-08-03,795,"Giá vốn (80%): Thiết bị chuyển mạch TP-Link,TL- SF1005D",632,0,116364.0
2023-08-03,795,Giá vốn (80%): ổ cứng gắn trong 240GB SSD Exceria BiCS FLASH 2.5''SATA3 Kioxia,632,0,545454.4
2023-08-03,795,Giá vốn (80%): Bàn phím Dell Multimedia KB216,632,0,138181.6
2023-08-03,795,"Giá vốn (80%): Màn hình máy tính Lenovo H20215FE0 - ""E22-28 (H20215FE0)21.5 inch Monitor-HDMI, P/N:62B9MAR4WW",632,0,1898181.6
2023-08-03,795,Giá vốn (80%): Tai nghe SoundMax AH304,632,0,181818.4
2023-08-04,798,"Giá vốn (80%): Ổ cứng máy tính  SSD Western WDS240G2G0A,240GB",632,0,545454.4
2023-08-04,804,Giá vốn (80%): Chuột máy tính Logitech M331,632,0,247272.8
2023-08-04,799,Giá vốn (80%): ổ cứng di động 16GB U202 USB 2.0 Kioxia,632,0,72727.2
2023-08-04,802,"Giá vốn (80%): Thiết bị chuyển mạch  TP-Link,TL-SG1024D",632,0,1272727.2
2023-08-04,800,Giá vốn (80%): MÁY IN LASER ĐƠN NĂNG TRẮNG ĐEN - CANONPRINTER I-SENSYS LBP236DW,632,0,4138181.6
2023-08-04,800,Giá vốn (80%): Bộ máy vi tính,632,0,7803636.8
2023-08-04,801,Giá vốn (80%): Bộ định tuyến Tp-Link 2.4GHz/5GHz Archer MR200,632,0,1054545.6
2023-08-04,801,Giá vốn (80%): Bộ máy vi tính,632,0,13083636.0
2023-08-05,807,Giá vốn (80%): Nguồn  Jetek Model 350 ELITE V2,632,0,327272.8
2023-08-05,807,Giá vốn (80%): Vỏ thùng máy tính  Jetek EN22,632,0,218181.6
2023-08-05,807,Giá vốn (80%): Chíp xử lý  Intel i5/10400-2.90Ghz,632,0,2385454.4
2023-08-05,805,Giá vốn (80%): Chuột vi tính  Rapoo M20,632,0,109091.2
2023-08-05,805,Giá vốn (80%): Bàn phím Dell Multimedia KB216,632,0,116363.2
2023-08-05,807,Giá vốn (80%): Ổ cứng Kingmax SSD Sata III 240GB SMV32,632,0,290908.8
2023-08-05,807,Giá vốn (80%): Bộ nhớ máy vi tính Kingmax 8GBDDR4-3200 (KM-LD4-3200-8GS),632,0,334545.6
2023-08-05,807,Giá vốn (80%): Bảng mạch chính Asus Prime H510MK,632,0,1170908.8
2023-08-05,807,Giá vốn (80%): Màn hình  LCD VIEWSONIC VA1903A,632,0,3600000.0
2023-08-05,806,Giá vốn (80%): MÁY TÍNH XÁCH TAY (NB) LENOVO V14 G3 IAP i3 -1215U/8GD4/256GSSD/14.0FHD/IPS/WL/BT/2C38/NoOS/ĐEN (82TS0060VN),632,0,11927272.8
2023-08-06,809,Giá vốn (80%): Máy  In Canon Laser LBP-2900,632,0,2901817.6
2023-08-06,809,Giá vốn (80%): Chuột vi tính có dây  Rapoo N100,632,0,72728.0
2023-08-06,810,"Giá vốn (80%): Máy tính xách tay Lenovo V14 G4 IRU - Intel Core i7-1355U (5.00GHz) - 8GB RAM - 512GB SSD - WF+BL - 14"" FHD - NOS -2YR Premium NBD,P/n 83A0000NVN",632,0,11927272.8
2023-08-06,808,"Giá vốn (80%): Màn hình máy tính Lenovo H20215FE0 - ""E22-28(H20215FE0)21.5 inch Monitor-HDMI, P/N:62B9MAR4WW",632,0,1563636.0
2023-08-07,816,Giá vốn (80%): Thiết bị truyền ảnh Webcam Logitech C270,632,0,509091.2
2023-08-07,816,Giá vốn (80%): Máy in hóa đơn XP-T80L,632,0,2181818.4
2023-08-07,815,Giá vốn (80%): Chuột máy tính  Logitech M331,632,0,247272.8
2023-08-07,817,Giá vốn (80%): MÀN HÌNH VI TÍNH (LCD) LENOVO ThinkVision  S27e-20 27.0INCH/1920x1080/IPS/WLED/VGA/HDMI/ĐEN/3Y(62AFKAR2WW),632,0,4363636.8
2023-08-07,816,Giá vốn (80%): MÀN HÌNH VI TÍNH (LCD)  LENOVO ThinkVision S24e-20 /23.8INCH/1920x1080/WLED/VGA/HDMI/ĐEN/(62AEKAR2WW),632,0,4072726.4
2023-08-07,817,Giá vốn (80%): Bộ nhớ máy vi tính Kingmax 8GB-DDR4-3200,632,0,290908.8
2023-08-07,814,Giá vốn (80%): Bàn phím  Logitech K120,632,0,276363.2
2023-08-07,817,Giá vốn (80%): Bộ lưu điện  Santak-TG1000,632,0,1600000.0
2023-08-07,817,"Giá vốn (80%): Thiết bị chuyển mạch TP-Link, TL- SG1024D",632,0,5527272.8
2023-08-07,817,Giá vốn (80%): Nguồn Máy Vi Tính CM PC500 Elite V3,632,0,1090908.8
2023-08-07,818,Giá vốn (80%): Phần mềm diệt virus Bkav Pro Internet Security Al,632,0,3200000.0
2023-08-07,819,Giá vốn (80%): Phần mềm Kaspersky KL1867MUAFS,632,0,464000.0
2023-08-07,817,"Giá vốn (80%): ổ cứng lắp trong Western Digital 1TB 3.5""Sata, màu xanh (Blue) (WD10EZEX)",632,0,640000.0
2023-08-07,820,"Giá vốn (80%): Màn hình LCD VIEWSONIC VA1903A / 19""",632,0,1200000.0
2023-08-07,820,Giá vốn (80%): Cáp dữ liệu VIDEO HDMI 1.4 truyền âm thanh hình ảnh dài15M Ugreen (10111),632,0,400000.0
2023-08-07,814,Giá vốn (80%): Chuột máy tính Dell MS116,632,0,189091.2
2023-08-07,820,Giá vốn (80%): Chuột vi tính  Rapoo M20,632,0,909091.2
2023-08-07,820,Giá vốn (80%): Ổ đĩa cứng máy tính KingmaxSMQ32 240GB (Sata 3),632,0,2836363.2
2023-08-07,820,Giá vốn (80%): Chuột vi tính  Rapoo N100,632,0,654545.6
2023-08-07,814,"Giá vốn (80%): Màn hình máy tính Lenovo H20215FE0 - ""E22-28(H20215FE0) 21.5 inch Monitor-HDMI, P/N:62B9MAR4W",632,0,3563636.8
2023-08-07,813,Giá vốn (80%): Chuột máy tính Logitech M221,632,0,727272.8
2023-08-07,813,"Giá vốn (80%): Ổ CỨNG DI ĐỘNG (HDD)  SEAGATE ONETOUCH 2TB2.5"" USB3.0 - ĐEN (BLACK)(STKY2000400)",632,0,2909091.2
2023-08-07,813,"Giá vốn (80%): Máy tính xách tay Asus model B1400CBA - EB0641W 14"" IPS/ I5-1235U/ 8GB/512GB/ Win 11/ LED KB/ PUR",632,0,10909090.4
2023-08-07,812,Giá vốn (80%): Mực T3008,632,0,909091.2
2023-08-07,811,Giá vốn (80%): Mực T3008,632,0,872727.2
2023-08-08,821,Giá vốn (80%): ổ cứng gắn trong 240GB SSD Exceria BiCS FLASH 2.5''SATA3 Kioxia,632,0,545454.4
2023-08-08,821,Giá vốn (80%): Bộ nhớ máy vi tính Kingmax 8GB-DDR4-3200,632,0,545454.4
2023-08-09,822,Giá vốn (80%): Nguồn Jetek Model 400 ELITE V2,632,0,356364.0
2023-08-09,824,Giá vốn (80%): MÀN HÌNH VI TÍNH (LCD) LENOVO ThinkVision  S24e -20 23.8INCH/1920x1080/WLED/VGA/HDMI/ĐEN/3Y(62AEKAR2WW,632,0,2080000.0
2023-08-09,824,"Giá vốn (80%): ổ cứng lắp trong Western Digital 1TB 3.5""Sata, màu xanh (Blue) (WD10EZEX)",632,0,727272.8
2023-08-09,824,Giá vốn (80%): Máy tính bàn Lenovo ThinkCentre M70s Gen 3 i3-12100 ( 4.3GHZ) - 8GB RAM - 256GB SSD - Wireless & Bluetooth - None-1Yr; P/n 11TC000QVA,632,0,6756363.2
2023-08-09,823,Giá vốn (80%): Hộp mực in Izinet 12A/303/FX9,632,0,232727.2
2023-08-10,825,Giá vốn (80%): Ổ đĩa cứng máy tính KingmaxSA3080 256GB (M.2 Sata 3),632,0,690908.8
2023-08-11,827,Giá vốn (80%): Mực laser đen Brother 2240,632,0,109091.2
2023-08-11,827,Giá vốn (80%): Hộp mực  in Izinet 12A/303/FX9,632,0,160000.0
2023-08-11,826,Giá vốn (80%): BỘ MÁY VI TÍNH CORE  I5/10400 - MAIN ASUS H510 MK / RAM 4GB/ SSD 240GB/CASE EN22/ NGUỒN 350 ELITE / LOA A130,632,0,5592727.2
2023-08-11,827,Giá vốn (80%): Mực  Laser TN - 2385 Brother,632,0,363636.0
2023-08-13,828,Giá vốn (80%): Giấy nhiệt - Khổ 57x45mm,632,0,1140740.8
2023-08-14,829,Giá vốn (80%): Bộ nhớ máy vi tính Kingmax 16GBDDR4-3200 (KM-LD4-3200-16GS),632,0,654545.6
2023-08-14,830,Giá vốn (80%): Bộ máy vi tính bàn,632,0,7312000.0
2023-08-14,830,Giá vốn (80%): Máy  In Canon Laser LBP-2900,632,0,3192000.0
2023-08-14,830,Giá vốn (80%): Điện thoại có dây Panasonic KXTS500,632,0,280000.0
2023-08-14,831,Giá vốn (80%): Thiết bị định tuyến TP-Link 2.4GHz/5GHz Archer C50,632,0,734545.6
2023-08-14,829,Giá vốn (80%): Bàn phím máy tính  RAPOO V500SE,632,0,436364.0
2023-08-14,829,Giá vốn (80%): ổ cứng gắn trong 240GB SSD Exceria BiCS FLASH 2.5''SATA3 Kioxia,632,0,618181.6
2023-08-15,834,Giá vốn (80%): Màn chiếu điện AP96ES,632,0,1592592.8
2023-08-15,835,Giá vốn (80%): Trống từ Brother DR - 2385,632,0,494545.6
2023-08-15,836,"Giá vốn (80%): Máy tính xách tay Dell Inspiron 15-3520 (i5-1235U, 8GB, 512GB SSD,15.6"" FHD, UMA, Win11, OfficeHS 21, Đen, P112F007) (N3520-i5U085W11BLU)",632,0,10909091.2
2023-08-15,833,Giá vốn (80%): Chuột máy tính Dell MS116,632,0,94545.6
2023-08-15,833,Giá vốn (80%): Bàn phím Logitech K120,632,0,138181.6
2023-08-15,832,Giá vốn (80%): Bàn phím có đèn nền màu đen Rapoo V500SE,632,0,400000.0
2023-08-15,832,"Giá vốn (80%): Màn hình máy tính Lenovo H20215FE0 - ""E22-28(H20215FE0)21.5 inch Monitor-HDMI, Linecord, 3YRWTYWarrantyCode:3years limited"", P/N:62B9MAR4WW",632,0,1781818.4
2023-08-16,838,"Giá vốn (80%): BỘ NHỚ NGOÀI Sandisk 16G SDCZ50-016G-B35,USB,Cruzer",632,0,240000.0
2023-08-16,838,Giá vốn (80%): MÁY IN ĐA NĂNG Brother MFC-L2701D,632,0,3963636.0
2023-08-16,837,"Giá vốn (80%): Máy tính xách tay Dell Inspiron 15-3520 (i5-1235U, 8GB,512GB SSD,15.6"" FHD, UMA, Win11, OfficeHS 21, Đen,P112F007) (N3520-i5U085W11BLU)",632,0,21818181.6
2023-08-16,840,Giá vốn (80%): Dây cáp mạng Golden Link SFTP Cat 6 PlatinumTAIWAN 305m/cuộn (Xanh lá) - TW1104-1,632,0,4218181.6
2023-08-16,839,Giá vốn (80%): MÁY IN ĐA CHỨC NĂNG  Brother MFC-L2701D,632,0,3992727.2
2023-08-17,841,"Giá vốn (80%): Bộ Vi xử lý Intel Core i3-10105 Processor3.70GHz 6M Cache, Sockets FCLGA1200-BX8070110105",632,0,3854545.6
2023-08-17,841,Giá vốn (80%): CHÍP VI XỬ LÝ INTEL PENTIUM G6405 - 4.1GHZ + QUẠT,632,0,1185454.4
2023-08-17,841,Giá vốn (80%): Bảng mạch chính của máy vi tính hiệu ASUS PRIMEH510M - K R2.0-CSM-SI,632,0,5400000.0
2023-08-17,841,Giá vốn (80%): Bộ nhớ máy vi tính Kingmax 8GBDDR4-3200 (KM-LD4-3200-8GS),632,0,1563636.0
2023-08-19,843,Giá vốn (80%): CHUỘT MÁY TÍNH LOGITECH B100,632,0,290908.8
2023-08-19,842,Giá vốn (80%): ổ cứng gắn trong 240GB SSD Exceria BiCS FLASH2.5''SATA3 Kioxia,632,0,545454.4
2023-08-20,848,Giá vốn (80%): Bàn phím  Logitech K120,632,0,130908.8
2023-08-20,848,Giá vốn (80%): Vỏ thùng máy tính  Jetek EN15,632,0,218181.6
2023-08-20,848,Giá vốn (80%): Nguồn Máy Vi Tính CM PC500 Elite V3,632,0,647272.8
2023-08-20,848,Giá vốn (80%): Cạc màn hình Asus TUF - GTX1660SO6G-GAMING,632,0,3818181.6
2023-08-20,848,Giá vốn (80%): Ổ cứng gắn trong 500GB SSD Exceria NVME Bics FLASH  M.2 PCIE KIOXIA,632,0,1010908.8
2023-08-20,848,Giá vốn (80%): Bộ nhớ máy vi tính Kingmax 16GB-DDR4 / 3200,632,0,669091.2
2023-08-20,848,Giá vốn (80%): LOA MICROLAB B26 2.0,632,0,174545.6
2023-08-20,848,Giá vốn (80%): ổ cứng di động 32GB U301 USB 3.2 Gen 1 Kioxia,632,0,116364.0
2023-08-20,849,Giá vốn (80%): Máy  In Canon Laser LBP - 2900,632,0,2901818.4
2023-08-20,850,"Giá vốn (80%): Máy tính xách tay Dell Inspiron 14 Plus 7420 Core i7-12700 Ram 16Gb ,SSD 512 ,RTX 3050 14 inch 2,2 kWindows 11",632,0,21454545.6
2023-08-20,851,Giá vốn (80%): MÁY IN Brother HL-L2321D,632,0,2109091.2
2023-08-20,852,Giá vốn (80%): Trống Mực HP CF232A,632,0,1956364.0
2023-08-20,848,Giá vốn (80%): Bảng mạch chính của máy vi tính hiệu ASUS PRIMEB760M - K D4,632,0,1956364.0
2023-08-20,848,Giá vốn (80%): Chuột máy tính Logitech B100,632,0,65454.4
2023-08-20,848,Giá vốn (80%): MÀN HÌNH VI TÍNH (LCD)  LENOVO ThinkVision S27e -20 27.0 INCH/1920x1080/IPS/WLED/VGA/HDMI/ĐEN(62AFKAR2WW),632,0,2465454.4
2023-08-20,853,Giá vốn (80%): S015639 Ruy băng máy in kim Epson,632,0,474074.4
2023-08-20,844,"Giá vốn (80%): ổ cứng Western SSD 500GB /2.5"" 7mm Sata3 màu xanh_Blue (WDS500G3B0A)",632,0,2109091.2
2023-08-20,846,Giá vốn (80%): Phần mềm Kaspersky KL1867MUAFS,632,0,280000.0
2023-08-20,845,Giá vốn (80%): MÁY IN CANON LASER LBP 226DW,632,0,5410908.8
2023-08-20,845,"Giá vốn (80%): BỘ MÁY VI TÍNH ( KHÔNG MÀN HÌNH )Bo mạch chủ : ASUS PRIME H510M – SK1200 / Bộ nhớ : DDR4 – 8GB / Bộ vi xử lý : INTEL CORE I3-10105 / GPU : INTEL® HD GRAPHICS / Ổ cứng SSD : 512 GB, SATA / Case + Power HV",632,0,6109091.2
2023-08-20,845,"Giá vốn (80%): BỘ MÁY VI TÍNH ( KHÔNG MÀN HÌNH )Bo mạch chủ : ASUS PRIME H510M – SK1200 / Bộ nhớ : DDR4 – 8GB / Bộ vi xử lý : INTEL CORE I3-10105 / GPU : INTEL® HD GRAPHICS / Ổ cứng SSD : 256 GB, SATA / Case + Power HV",632,0,11345454.4
2023-08-21,863,Giá vốn (80%): Anten Kenwood KRA 26,632,0,3534545.6
2023-08-21,863,Giá vốn (80%): Chuột máy tính  Dell MS116,632,0,240000.0
2023-08-21,863,Giá vốn (80%): Bàn phím Logitech K120,632,0,370908.0
2023-08-21,863,Giá vốn (80%): Ổ RULO QT30 ­3 ­15A,632,0,1760000.0
2023-08-21,863,Giá vốn (80%): Bình đun nước điện Panasonic NC­K101WRA,632,0,3796364.0
2023-08-21,863,Giá vốn (80%): Bộ đàm Kenwood NX 1200D ­ M3,632,0,25636364.0
2023-08-21,863,Giá vốn (80%): MÁY TÍNH ĐỂ BÀN (PC) DELL VOS 3910MT i5 -12400(6*2.5)/8GD4/256SSD/WLn/BT/KB/M/W11SL+OFICEHOMEST/ProSup/ĐEN(9M2DD1),632,0,37309091.2
2023-08-21,863,Giá vốn (80%): Ổ cắm 4D+6S dây 5mX2,632,0,225454.4
2023-08-21,863,Giá vốn (80%): MÀN HÌNH VI TÍNH (LCD) DELL SE2422H 23.8 INCH/1920x1080@75Hz/VGA/HDMI/LED/ĐEN(60W8F1),632,0,9818181.6
2023-08-21,860,Giá vốn (80%): Ổ cứng  Kingmax SSD Sata III 240GB SMV32,632,0,2472727.2
2023-08-21,861,Giá vốn (80%): Phần mềm Kaspersky KL1867MUAFS,632,0,3944000.0
2023-08-21,862,Giá vốn (80%): Bình ắc quy 12V­100Ah,632,0,13851852.0
2023-08-21,862,Giá vốn (80%): Quạt đứng LV16 - RA CY - GY,632,0,1918518.4
2023-08-21,862,Giá vốn (80%): Ghế xoay SG130,632,0,1933333.6
2023-08-21,862,Giá vốn (80%): Lõi OCB 10 Đại Việt,632,0,1200000.0
2023-08-21,862,Giá vốn (80%): Lõi PP có nắp bịt 10 ĐV,632,0,1200000.0
2023-08-21,862,Giá vốn (80%): Lõi UDF OCB 10 Đại Việt,632,0,600000.0
2023-08-21,864,Giá vốn (80%): BỘ 6 CỐC THỦY TINH,632,0,124444.8
2023-08-21,859,Giá vốn (80%): Bộ máy vi tính,632,0,20000000.0
2023-08-21,864,Giá vốn (80%): BỘ ẤM TÍCH BÁT TRÀNG,632,0,2666666.4
2023-08-21,856,Giá vốn (80%): Pin Alkaline AA Philips LR6P2B/97,632,0,888888.8
2023-08-21,858,Giá vốn (80%): Mực laser đen Brother 2240,632,0,94545.6
2023-08-21,855,Giá vốn (80%): Máy  In Canon Laser LBP - 2900,632,0,2778181.6
2023-08-22,867,Giá vốn (80%): MÁY TÍNH XÁCH TAY (NB) LENOVO V14 G3 IAP i3-1215U/8GD4/256GSSD/14.0FHD/IPS/WL/BT/2C38/NoOS/ĐEN (82TS0060VN),632,0,11927272.8
2023-08-22,866,"Giá vốn (80%): Thiết bị chuyển mạch  TP -Link, TL- SG108",632,0,392727.2
2023-08-22,868,Giá vốn (80%): MÁY TÍNH XÁCH TAY (NB) LENOVO V14 G3 IAP i3-1215U/8GD4/256GSSD/14.0FHD/IPS/WL/BT/2C38/NoOS/ĐEN (82TS0060VN),632,0,58909091.2
2023-08-22,866,Giá vốn (80%): Nguồn Jetek Model 400 ELITE V2,632,0,356364.0
2023-08-22,866,Giá vốn (80%): Cạc mạng PCI Gigabit TP -Link - TG - 3468,632,0,167272.8
2023-08-23,870,"Giá vốn (80%): Chuột bluetooth Logitech M650L, màu đen(910-006247)",632,0,472727.2
2023-08-23,869,"Giá vốn (80%): Màn hình máy tính Lenovo H20215FE0 -"" E22-28 (H20215FE0) 21.5 inch Monitor-HDMI, P/N:62B9MAR4W",632,0,1738181.6
2023-08-24,877,Giá vốn (80%): Máy quét CANON DR F - 120,632,0,7120000.0
2023-08-24,874,Giá vốn (80%): Máy in laser Brother HL-L2366DW,632,0,2974545.6
2023-08-24,871,Giá vốn (80%): Máy in laser đen trắng HP LJ Pro MFP 4103fdw­ Printer _ 2Z629A,632,0,8618181.6
2023-08-24,876,Giá vốn (80%): Mực T3008,632,0,909091.2
2023-08-24,871,Giá vốn (80%): Ổ cứng gắn ngoài Samsung SSD T7 Portable 1TB Blue (MU-PC1T0H/WW),632,0,2174545.6
2023-08-24,876,Giá vốn (80%): Nhông sấy máy photo,632,0,472727.2
2023-08-24,872,Giá vốn (80%): Máy quét  CANON DR F - 120,632,0,7418181.6
2023-08-24,873,Giá vốn (80%): Mực Laser đen Premium,632,0,290908.8
2023-08-24,873,Giá vốn (80%): Mực nạp đổ XP12 - 140,632,0,1832727.2
2023-08-24,873,Giá vốn (80%): Mực Laser đen Premium,632,0,290908.8
2023-08-24,873,Giá vốn (80%): Mực nạp đổ XP12 - 140,632,0,610909.6
2023-08-24,875,Giá vốn (80%): Máy in HP 4103FDN (2Z628A),632,0,6174545.6
2023-08-24,875,Giá vốn (80%): Cáp dữ liệu VIDEO HDMI 1.4 truyền âm thanh hình ảnh dài3M Ugreen (10108),632,0,80000.0
2023-08-25,878,Giá vốn (80%): Bàn phím Rapoo Keyboard NK2500,632,0,87272.8
2023-08-25,878,Giá vốn (80%): Chuột vi tính có dây Rapoo N100,632,0,36364.0
2023-08-25,878,Giá vốn (80%): MÀN HÌNH VI TÍNH (LCD)  DELL SE2422H23.8 INCH/1920x1080@75Hz/VGA/HDMI/LED/ĐEN(60W8F1),632,0,2690908.8
2023-08-25,878,"Giá vốn (80%): Ổ CỨNG DI ĐỘNG (USB) Lexar JumpDrive S60 USB2.0, 64GB(LJDS060064G-BNBNG)",632,0,385454.4
2023-08-25,878,"Giá vốn (80%): Bộ nhớ ngoài  Sandisk 32G SDCZ50-032/B35,USB,Cruzer",632,0,400000.0
2023-08-25,878,Giá vốn (80%): Bộ vi xử  lý Intel Core i3-10105,632,0,1956364.0
2023-08-25,878,Giá vốn (80%): Ổ cứng  Kingmax SSD Sata III 240GB SMV32,632,0,290908.8
2023-08-25,878,Giá vốn (80%): Vỏ thùng máy tính Jetek Squid Game R3 Black,632,0,523636.8
2023-08-25,878,Giá vốn (80%): Nguồn Jetek Model 350 ELITE V2,632,0,298181.6
2023-08-25,880,Giá vốn (80%): Máy  In Canon Laser LBP-2900,632,0,2901818.4
2023-08-25,879,Giá vốn (80%): Màn hình LCD Samsung S22F350,632,0,1709091.2
2023-08-25,879,Giá vốn (80%): Máy in hóa đơn XP - T80L,632,0,654545.6
2023-08-25,879,"Giá vốn (80%): Thiết bị thu phát vô tuyến  TP-Link,TL - WN722N",632,0,130908.8
2023-08-25,878,Giá vốn (80%): Bảng mạch chính Asus Prime H510MK,632,0,1170908.8
2023-08-25,879,Giá vốn (80%): LOA SOUNDMAX A120 /2.0,632,0,130908.8
2023-08-25,878,Giá vốn (80%): Bộ nhớ máy tính  Kingmax 8GB/ DDR4-3200,632,0,334545.6
2023-08-27,881,Giá vốn (80%): Máy in đa năng Brother DCP- T226,632,0,2756364.0
2023-08-27,882,Giá vốn (80%): Chuột máy tính Dell MS116,632,0,94544.8
2023-08-27,882,Giá vốn (80%): Máy tính bàn Lenovo ThinkCentre M70s Gen 3 i5-12400(4.4GHZ)- 8GB RAM - 512 SSD - Wireless & Bluetooth - None -1Yr; P/n11TC000TVA,632,0,18421818.4
2023-08-27,882,"Giá vốn (80%): Màn hình LCD VIEWSONIC VX3276-MHD-2 / 31.5""",632,0,10669091.2
2023-08-27,881,Giá vốn (80%): Chip xử lý Intel I5 -10400,632,0,4516363.2
2023-08-27,881,Giá vốn (80%): Bộ nhớ trong máy tính KingSton 16G D4 - 3200S22 (KVR32S22S8/16),632,0,1556364.0
2023-08-27,881,Giá vốn (80%): Ổ cứng gắn trong 240GB SSD Kioxia,632,0,1745454.4
2023-08-27,881,Giá vốn (80%): Nguồn Jetek Y600T,632,0,589089.6
2023-08-27,881,Giá vốn (80%): Card VGA hiệu Asus GT730 - SL - 2GD5 BRK,632,0,1876364.0
2023-08-27,881,Giá vốn (80%): Bàn phím Dell KB216,632,0,436364.0
2023-08-27,881,Giá vốn (80%): Vỏ thùng máy tính Jetek EN22,632,0,436364.0
2023-08-27,883,Giá vốn (80%): Thiết bị thu phát vô tuyến Reyee RG - EG105GW(T),632,0,1600000.0
2023-08-27,883,Giá vốn (80%): Thiết bị thu phát vô tuyến RG - EW1200G Pro,632,0,4836364.0
2023-08-28,885,"Giá vốn (80%): Camera kỹ thuật số có chức năng ghi hiệu EZVIZ mãCS-C1C(1080P,H.265) - Hỗ trợ thẻ nhớ trong",632,0,316364.0
2023-08-28,884,Giá vốn (80%): CHUỘT VI TÍNH (MOUSE) LOGITECH M221WIRELESS /OPTICAL/ĐEN,632,0,181818.4
2023-08-28,884,Giá vốn (80%): Hộp mực  in Izinet 12A/303/FX9,632,0,145454.4
2023-08-28,887,Giá vốn (80%): Máy chiếu đa năng ViewSonic LS500WHE,632,0,12138181.6
2023-08-28,887,Giá vốn (80%): Cáp dữ liệu VIDEO HDMI 1.4 truyền âm thanh hình ảnh dài5M Ugreen (10109),632,0,196364.0
2023-08-28,888,Giá vốn (80%): Màn chiếu chân P70TS,632,0,777777.6
2023-08-28,886,Giá vốn (80%): Bàn phím Dell Multimedia KB216,632,0,160000.0
2023-08-29,889,Giá vốn (80%): Loa hội nghị Jabra Speak 510 MS,632,0,2894545.6
2023-08-29,890,"Giá vốn (80%): Máy tính xách tay Lenovo V15 G4 IRU - Intel Core i3-1315U (4.50GHz) - 8GB RAM - 512GB SSD - WF+BL - 15.6FHD 60Hz - NOS- 2YR Premium NBD,P/n 83A10007VN",632,0,8000000.0
2023-08-29,891,Giá vốn (80%): Mực nạp đổ XP12 - 140,632,0,130908.8
2023-08-29,892,Giá vốn (80%): 4K0Z7PA : Máy tính xách tay HP 14s- fq1080AU -AMD Ryzen3 5300U / 4GB DDR4-3200/ SSD 256GB /RadeonVegaGraphics/ 14” HD/ Windows 11 Home/NaturalSilver,632,0,5563636.0
2023-08-29,892,Giá vốn (80%): MÁY TÍNH XÁCH TAY (NB) LENOVO V14 G3 IAP i3 - 1215U/8GD4/256GSSD/14.0FHD/IPS/WL/BT/2C38/NoOS/ĐEN (82TS0060VN),632,0,6036364.0
2023-08-29,893,"Giá vốn (80%): Máy tính xách tay Lenovo V15 G4 IRU - Intel Core i3-1315U(4.50GHz) - 8GB RAM - 512GB SSD - WF+BL - 15.6FHD60Hz - NOS- 2YR Premium NBD,P/n 83A10007VN",632,0,7563636.0
2023-08-29,893,Giá vốn (80%): MÁY TÍNH XÁCH TAY (NB) LENOVO V14 G3 IAP i3 -1215U/8GD4/256GSSD/14.0FHD/IPS/WL/BT/2C38/NoOS/ĐEN (82TS0060VN),632,0,12072728.0
2023-08-29,894,"Giá vốn (80%): Máy tính xách tay Dell Inspiron 15 /3520 (i5-1235U, 8GB, 512GB SSD,15.6"" FHD, UMA, Win11, OfficeHS 21, Đen, P112F007) (N3520-i5U085W11BLU)",632,0,12720000.0
2023-08-29,895,Giá vốn (80%): Hộp mực in Izinet 12A/303/FX9,632,0,487272.8
2023-08-30,898,"Giá vốn (80%): Thiết bị thu phát vô tuyến TP-Link,TL - WN823N",632,0,261818.4
2023-08-30,898,"Giá vốn (80%): Ổ CỨNG DI ĐỘNG (USB)  Lexar JumpDrive S60 USB2.0, 64GB",632,0,152727.2
2023-08-30,898,Giá vốn (80%): Loa SoundMax A130/2.0,632,0,574545.6
2023-08-30,898,Giá vốn (80%): Tai nghe SoundMax AH315,632,0,501818.4
2023-08-30,898,Giá vốn (80%): Màn hình LCD VIEWSONIC VA1903A / 19'',632,0,1200000.0
2023-08-30,898,"Giá vốn (80%): Ổ cứng máy tính SSD Western WDS240G2G0A, 240GB",632,0,2836364.0
2023-08-30,898,Giá vốn (80%): ổ cứng gắn trong 480GB SSD Exceria BiCS FLASH 2.5''SATA3 Kioxia,632,0,2007272.0
2023-08-30,898,"Giá vốn (80%): Thiết bị thu phát vô tuyếnTP-Link,TL - WN725N",632,0,472727.2
2023-08-30,899,Giá vốn (80%): CHUỘT VI TÍNH (MOUSE)  LOGITECH PEBBLEM350/WIRELESS/BLUETOOTH/ĐEN(GRAPHITE)(910-005602),632,0,290908.8
2023-08-30,899,Giá vốn (80%): Bàn phím Logitech K120,632,0,101818.4
2023-08-30,899,Giá vốn (80%): Máy In Canon Laser LBP - 2900,632,0,2836364.0
2023-08-30,900,Giá vốn (80%): Bộ lưu điện  Santak - TG500,632,0,3258181.6
2023-08-30,897,Giá vốn (80%): Mực nạp đổ XP12 - 140,632,0,196364.0
2023-08-30,902,Giá vốn (80%): Bàn phím  Dell Multimedia KB216,632,0,138181.6
2023-08-30,896,"Giá vốn (80%): Ổ CỨNG DI ĐỘNG (HDD) SEAGATE EXPANSIONPORTABLE  1TB 2.5"" USB 3.0 (STKM1000400)",632,0,1032727.2
2023-08-30,901,Giá vốn (80%): ổ cứng gắn trong 480GB SSD Exceria BiCS FLASH 2.5''SATA3 Kioxia,632,0,2327272.8
2023-08-30,903,Giá vốn (80%): Máy in hóa đơn XP - T80L,632,0,6545454.4
2023-08-30,903,Giá vốn (80%): Máy in Brother HL - L2321D,632,0,37090908.8
2023-08-30,903,Giá vốn (80%): ổ cứng gắn trong 240GB SSD Exceria BiCS FLASH2.5''SATA3 Kioxia,632,0,3970908.8
2023-08-30,903,Giá vốn (80%): MÁY IN ĐA CHỨC NĂNG Brother MFC - L2701D,632,0,7563636.8
2023-08-30,903,"Giá vốn (80%): Máy tính xách tay Lenovo Thinkpad E15 Gen 4- i5-1235U (4.4G) - 8Gb RAM -512GB SSD -WF+BL, Fingerprint-15,6'' FHD-Dos -2Yrs, P/N 21E600CFVA",632,0,23854545.6
2023-08-30,903,"Giá vốn (80%): Máy tính xách tay Lenovo V14 G4 IRU - Intel Core i7-1355U (5.00GHz) - 8GB RAM - 512GB SSD - WF+BL - 14"" FHD -NOS -2YR Premium NBD,P/n 83A0000NVN",632,0,11927272.8
2023-08-30,903,Giá vốn (80%): Bảng mạch chính Asus Prime H510 MK,632,0,3272727.2
2023-08-30,903,Giá vốn (80%): MÁY TÍNH XÁCH TAY (NB) LENOVO V14 G3 IAP i3-1215U/8GD4/256GSSD/14.0FHD/IPS/WL/BT/2C38/NoOS/ĐEN (82TS0060VN),632,0,18109091.2
2023-08-30,903,"Giá vốn (80%): Máy tính xách tay Lenovo V15 G4 IRU - Intel Corei3-1315U(4.50GHz) - 8GB RAM - 512GB SSD - WF+BL -15.6FHD60Hz - NOS- 2YR Premium NBD,P/n : 83A10007VN",632,0,22690908.8
2023-08-30,903,"Giá vốn (80%): Màn hình máy tính Lenovo H20215FE0 - "" E22 - 28(H20215FE0)21.5 inch Monitor-HDMI, Linecord, 3YRWTYWarrantyCode:3years limited"", P/N:62B9MAR4W",632,0,15272727.2
2023-08-30,903,Giá vốn (80%): Bộ nhớ máy tính xách tay Kingmax 8GB DDR4-3200,632,0,2269091.2
2023-08-30,903,Giá vốn (80%): MÀN HÌNH LCD 23.8 Inch LENOVO THINKVISION S24e - 20 (62AEKAR2WW),632,0,12218181.6
2023-08-30,903,"Giá vốn (80%): Ổ cứng máy tính SSD Western WDS240G2G0A, 240G",632,0,2400000.0
2023-08-30,903,"Giá vốn (80%): Ổ CỨNG DI ĐỘNG (HDD) SEAGATE EXPANSION PORTABLE 1TB 2.5"" USB 3.0",632,0,4727272.8
2023-08-31,904,Giá vốn (80%): Chuột vi tính  Rapoo M20,632,0,436364.0
2023-08-31,904,"Giá vốn (80%): Ổ CỨNG DI ĐỘNG (USB) Lexar JumpDrive S60 USB2.0, 64GB",632,0,200000.0
2023-08-31,904,Giá vốn (80%): Chuột máy tính  Logitech B100,632,0,218181.6
2023-09-03,906,"Giá vốn (80%): Thiết bị chuyển mạch TP -Link, TL- SG1008D",632,0,138181.6
2023-09-03,906,"Giá vốn (80%): Thiết bị đầu cuối GSM/W-CDMA FDD 2.4GHz TP- Link, M7000",632,0,589091.2
2023-09-03,906,"Giá vốn (80%): Màn hình vi tính Dell LCD E2216Hv  21.5"" WHD",632,0,2145454.4
2023-09-03,905,Giá vốn (80%): Cáp dữ liệu VIDEO HDMI 1.4 truyền âm thanh hình ảnh dài10M Ugreen (10110),632,0,305454.4
2023-09-04,908,"Giá vốn (80%): Thiết bị thu phát vô tuyến TP-Link 150M, TL - WN722N",632,0,545454.4
2023-09-04,908,Giá vốn (80%): Camera quan sát CS - H8C (1080P),632,0,1280000.0
2023-09-04,908,"Giá vốn (80%): Máy tính xách tay Lenovo V14 G4 IRU - Intel Core i7-1355U (5.00GHz) - 8GB RAM - 512GB SSD - WF+BL - 14"" FHD - NOS -2YR Premium NBD,P/n 83A0000NVN",632,0,11927272.8
2023-09-04,911,Giá vốn (80%): Phí dịch vụ tháng 08 /2023 theo hợp đồng số 64/2015/HĐ_NetViet ký ngày 26/10/2015,632,0,81481.6
2023-09-04,910,Giá vốn (80%): MÁY TÍNHXÁCHTAY (NB) DELL VOS15 3520 i5-1235U/8GD4/512SSD/15.6FHD/120Hz/3C41WHr/W11SL+OFFICEHOME_ST/ProSup/XÁM(5M2TT2),632,0,11992727.2
2023-09-04,909,Giá vốn (80%): Bộ máy vi tính,632,0,13294545.6
2023-09-04,907,Giá vốn (80%): ổ cứng gắn trong 250GB SSD Exceria NVMe BiCS FLASHM.2 PCIe Kioxia,632,0,509091.2
2023-09-05,912,Giá vốn (80%): Ổ CỨNG VI TÍNH ( SSD)  Lexar  SSDNS100 256GBSata III 6Gbs ( LNS100-256RB) (LNS100-256RB),632,0,21454545.6
2023-09-05,913,Giá vốn (80%): ổ cứng gắn ngoài 1TB SSD ESD310S USB 10Gbps TypeC/A Transcend,632,0,1345454.4
2023-09-05,914,Giá vốn (80%): ĐẦU ĐỌC MÃ VẠCH OD7200,632,0,1010908.8
2023-09-05,915,Giá vốn (80%): Máy in  Canon Laser LBP-2900,632,0,2872727.2
2023-09-05,914,"Giá vốn (80%): Ổ CỨNG DI ĐỘNG (HDD) SEAGATE EXPANSIONPORTABLE 1TB 2.5""  USB 3.0 (STKM1000400)",632,0,1061818.4
2023-09-05,916,"Giá vốn (80%): Máy tính xách tay Lenovo S14 G3 IAP CLOUD_GREY/14"" FHD/I3-1215U/8Gb/256Gb/UHD/Fingerprint/No Office/No OS",632,0,8145454.4
2023-09-06,921,Giá vốn (80%): Máy in Brother HL - L2321D,632,0,2109091.2
2023-09-06,922,"Giá vốn (80%): Thiết bị đầu cuối GSM/W-CDMA FDD 2.4GHz TP-Link, M7000",632,0,589091.2
2023-09-06,922,Giá vốn (80%): Loa SoundMax R-200/1.0,632,0,218181.6
2023-09-06,922,Giá vốn (80%): Tai nghe SoundMax AH315,632,0,320000.0
2023-09-06,922,Giá vốn (80%): Bàn phím Rapoo NK2500,632,0,181818.4
2023-09-06,917,"Giá vốn (80%): ổ cứng lắp trong Western Digital 1TB 3.5""Sata, màu xanh (Blue) (WD10EZEX)",632,0,618181.6
2023-09-06,920,Giá vốn (80%): ổ cứng di động 128GB U301 USB 3.2 Gen 1 Kioxia - Trắng,632,0,618181.6
2023-09-06,924,"Giá vốn (80%): Thiết bị đầu cuối  GSM/W-CDMA FDD 2.4GHz TP - Link, M7350",632,0,1040000.0
2023-09-06,920,Giá vốn (80%): Thiết bị định tuyến 2G/3G/4G băng tần 2.4 GHzTP-LINK _TL - MR100,632,0,1381818.4
2023-09-06,923,Giá vốn (80%): Bàn phím Rapoo NK2500,632,0,218181.6
2023-09-06,923,Giá vốn (80%): Chuột máy tính Rapoo N100,632,0,232727.2
2023-09-06,923,"Giá vốn (80%): ổ cứng lắp trong Western Digital 1TB 3.5""Sata, màu xanh (Blue) (WD10EZEX)",632,0,727272.8
2023-09-06,923,Giá vốn (80%): Nguồn Máy Vi Tính CM PC500 Elite V3,632,0,523636.0
2023-09-06,923,Giá vốn (80%): Máy đọc mã vạch WNI - 6710G,632,0,836364.0
2023-09-06,923,Giá vốn (80%): Bộ nhớ máy tính  Kingmax 8GB DDR4 - 3200,632,0,312727.2
2023-09-06,918,Giá vốn (80%): Thiết bị định tuyến 2G/3G/4G băng tần 2.4 GHzTP-LINK _TL - MR100,632,0,683636.0
2023-09-06,918,Giá vốn (80%): Chuột vi tính Rapoo M20,632,0,116364.0
2023-09-06,919,Giá vốn (80%): Máy In Canon Laser LBP - 2900,632,0,2981818.4
2023-09-06,920,"Giá vốn (80%): Máy tính xách tay Lenovo ThinkPad E15 Gen 4 - I5-1235U (4.4G) -8Gb RAM - 256GB SSD - WF+BL, Fingerprint - 15.6' FHD - Dos -2Yrs,P/N:21E600CGVA",632,0,11563636.0
2023-09-07,930,Giá vốn (80%): ổ cứng di động 32GB U202 USB 2.0 Kioxia - Trắng,632,0,945454.4
2023-09-07,929,Giá vốn (80%): Hộp mực  in Izinet 12A/303/FX9,632,0,196364.0
2023-09-07,928,Giá vốn (80%): Cạc mạng PCI Gigabit TP -Link - TG - 3468,632,0,167272.8
2023-09-07,928,Giá vốn (80%): Nguồn Jetek Model 400 ELITE V2,632,0,356363.2
2023-09-07,927,"Giá vốn (80%): MÁY IN LASER ĐƠN NĂNG TRẮNG ĐEN - CANON ,PRINTER I-SENSYS LBP 236DW",632,0,3992727.2
2023-09-07,927,Giá vốn (80%): Bộ máy vi tính,632,0,15549091.2
2023-09-07,926,Giá vốn (80%): Đầu ghi hình DS - 7616NI - K1,632,0,1236364.0
2023-09-07,925,"Giá vốn (80%): MÁY IN LASER ĐƠN NĂNG TRẮNG ĐEN - CANON ,PRINTER I-SENSYS   LBP 236DW",632,0,3992727.2
2023-09-08,933,Giá vốn (80%): Card VGA ASUS GT 710 - SL -2GD5-BRK,632,0,981818.4
2023-09-08,931,Giá vốn (80%): Trống từ  Brother  DR - 2385,632,0,494545.6
2023-09-08,931,Giá vốn (80%): Mực Laser TN - 2385 Brother,632,0,400000.0
2023-09-08,932,Giá vốn (80%): Tai nghe SoundMax AH314,632,0,320000.0
2023-09-08,932,Giá vốn (80%): LOA SOUNDMAX A827 / 2.1,632,0,378181.6
2023-09-08,932,"Giá vốn (80%): Máy tính xách tay Lenovo V14 G4 IRU - Intel Core i7 - 1355U (5.00GHz) - 8GB RAM - 512GB SSD - WF+BL - 14"" FHD -NOS -2YR Premium NBD, P/n 83A0000NVN",632,0,11927272.8
2023-09-09,934,Giá vốn (80%): Nguồn Jetek Model 400 ELITE V2,632,0,349091.2
2023-09-09,934,Giá vốn (80%): Bàn phím máy tính Rapoo V500SE,632,0,385454.4
2023-09-09,934,Giá vốn (80%): Chuột máy tính  Logitech M185,632,0,145454.4
2023-09-10,936,Giá vốn (80%): Máy In Canon Laser LBP-2900,632,0,5556364.0
2023-09-10,937,"Giá vốn (80%): Thiết bị thu phát vô tuyến  TP-Link 2.4Ghz, Archer T2U",632,0,232727.2
2023-09-10,939,"Giá vốn (80%): Máy tính để bàn Dell Inspiron 3910 STI56020W1 - 8G -512GIntel Core i5-12400 processor (6-Core, 18M Cache, 2.5GHz to4.4GHz), 1x8GB, DDR4,3200MHz, 512GB M.2 PCIe NVMeSSD, Intel(R) UHD Graphics 730,Không ổ đĩa, Chuột, BànPhím",632,0,11410908.8
2023-09-10,935,Giá vốn (80%): Máy in Brother HL - L2321D,632,0,1963636.0
2023-09-10,935,Giá vốn (80%): Máy tính bàn Lenovo ThinkCentre M70s Gen 3 i5 - 12400 (4.4GHZ)- 8GB RAM - 512 SSD - Wireless & Bluetooth - None -1Yr; P/n11TC000TVA,632,0,8363636.0
2023-09-10,935,Giá vốn (80%): LOA SOUNDMAX A2129 / 2.1,632,0,1090908.8
2023-09-10,935,Giá vốn (80%): Thiết bị truyền ảnh  Webcam Logitech C270,632,0,552728.0
2023-09-10,938,Giá vốn (80%): Máy in Canon Laser LBP-2900,632,0,2872727.2
2023-09-11,941,Giá vốn (80%): Nguồn Máy Vi Tính CM PC600 Elite V3,632,0,720000.0
2023-09-11,941,Giá vốn (80%): Ổ CỨNG VI TÍNH ( SSD) Lexar SSDNS100 256GBSata III6Gbs ( LNS100-256RB) (LNS100-256RB),632,0,1963636.8
2023-09-11,941,Giá vốn (80%): Ổ cứng SSD 250G KIOXIA GEN3X4 NVMe (LRC10Z250GG8),632,0,1134545.6
2023-09-11,941,Giá vốn (80%): Bộ nhớ trong ram 16GB/3200 KINGMAX,632,0,1941818.4
2023-09-11,941,Giá vốn (80%): Bàn phím RAPOO V500L,632,0,974545.6
2023-09-11,941,Giá vốn (80%): BỘ TẢN NHIỆT NƯỚC ID-COOLINGZOOMFLOW 240-XT ELITE SNOW,632,0,1090908.8
2023-09-11,941,"Giá vốn (80%): Màn hình máy tính LCD 27"" LENOVO S27E-20 62AFKAR2WW",632,0,2312727.2
2023-09-11,940,Giá vốn (80%): Hộp mực  in Izinet 12A/303/FX9,632,0,145454.4
2023-09-11,942,Giá vốn (80%): MÁY IN Brother HL-L2321D,632,0,2109091.2
2023-09-11,940,Giá vốn (80%): Máy  in Brother HL - L2321D,632,0,2036364.0
2023-09-12,944,Giá vốn (80%): MÀN HÌNH LCD 23.8 Inch LENOVO THINKVISIONS24e-20 (62AEKAR2WW),632,0,5454544.8
2023-09-12,945,Giá vốn (80%): Bàn phím Dell Multimedia KB216,632,0,218181.6
2023-09-12,945,Giá vốn (80%): Chuột máy tính Logitech M221,632,0,160000.0
2023-09-12,946,Giá vốn (80%): Mực in  Brother BT5000Y,632,0,109091.2
2023-09-12,944,Giá vốn (80%): CPU MÁY TÍNH,632,0,7258182.4
2023-09-12,945,"Giá vốn (80%): Ổ cứng gắn trong 240GB SSD Exceria BiCSFLASH2.5""SATA3 kioxia",632,0,436364.0
2023-09-12,943,Giá vốn (80%): Máy in đa năng Brother DCP-T226,632,0,2683636.0
2023-09-12,943,Giá vốn (80%): Cáp dữ liệu VIDEO HDMI 1.4 truyền âm thanh hình ảnh dài10M Ugreen (10110),632,0,305454.4
2023-09-12,943,Giá vốn (80%): Mực Laser TN - 2385 Brother,632,0,363636.0
2023-09-12,943,Giá vốn (80%): Cáp dữ liệu VIDEO VGA truyền hình ảnh dài 15m  màu đenUgreen (11634),632,0,356364.0
2023-09-12,943,Giá vốn (80%): Bàn phím Dell Multimedia KB216,632,0,240000.0
2023-09-12,943,Giá vốn (80%): Chuột máy tính Logitech M331,632,0,414545.6
2023-09-13,947,Giá vốn (80%): Bộ nhớ trong ram 8GB/3200 KINGMAX ZERUS,632,0,2094545.6
2023-09-13,947,Giá vốn (80%): Bộ nhớ trong máy tính xách tay 8GB/3200 Kingmax,632,0,1512727.2
2023-09-13,947,Giá vốn (80%): Ổ cứng máy tính 1tb WD BLUE,632,0,2589091.2
2023-09-13,947,Giá vốn (80%): Bộ vi xử lý vi tính Intel Core I5-10400 + Quạt,632,0,2545454.4
2023-09-13,947,Giá vốn (80%): Bảng mạch chính ASUS PRIME H510M-k,632,0,2400000.0
2023-09-13,948,Giá vốn (80%): MÁY IN Canon Laser LBP-2900,632,0,2872727.2
2023-09-14,949,Giá vốn (80%): Bộ nhớ trong ram 8GB/3200 KINGMAX,632,0,363636.0
2023-09-14,954,Giá vốn (80%): Tivi SamsungUA75BU8000,632,0,21709091.2
2023-09-14,951,Giá vốn (80%): Màn chiếu chân P84TS,632,0,962963.2
2023-09-14,952,Giá vốn (80%): Máy chiếu đa năng ViewSonic LS500WHE,632,0,12138181.6
2023-09-14,953,Giá vốn (80%): MÁY IN ĐA NĂNG Brother MFC-L2701D,632,0,4000000.0
2023-09-14,950,Giá vốn (80%): Máy chấm công bằng dấu vân tay DG600BID,632,0,2437036.8
2023-09-14,952,Giá vốn (80%): Cáp dữ liệu VIDEO HDMI 1.4 truyền âm thanh hình ảnh dài10M Ugreen (10110),632,0,305454.4
2023-09-15,955,"Giá vốn (80%): Hộp mực (cartridge) đã có mực in dùng cho máy inlaser, loại 2612A/C-P303/FX9/FX10, hiệu LPT",632,0,138181.6
2023-09-16,957,"Giá vốn (80%): Màn hình máy tính Lenovo H20215FE0 - "" E22 - 28 (H20215FE0)21.5 inch Monitor-HDMI, Linecord, P/N:62B9MAR4WW",632,0,1738181.6
2023-09-16,957,Giá vốn (80%): Bộ nhớ trong Ram 4GB/2666 Kingmax,632,0,327272.8
2023-09-16,957,Giá vốn (80%): MÁY TÍNH ĐỂ BÀN (PC) LENOVO ThinkCentre neo50s Gen 3 i5 - 12400 (6*2.5)/4GD4/256GSSD/WL/BT/KB/M/NoOS/ĐEN(11T000AXVA),632,0,8101818.4
2023-09-16,956,"Giá vốn (80%): Thiết bị đầu cuối GSM/W-CDMA FDD 2.4GHz TP-Link, M7350",632,0,2945455.2
2023-09-16,956,Giá vốn (80%): Chuột máy tính  Dell MS116,632,0,654545.6
2023-09-16,956,Giá vốn (80%): Bàn phím Dell Multimedia KB 216,632,0,1090908.8
2023-09-16,956,Giá vốn (80%): Camera quan sát CS - H8C (1080P),632,0,2727272.8
2023-09-16,956,Giá vốn (80%): Máy  in Brother DCP - B7535DW,632,0,3781817.6
2023-09-16,958,"Giá vốn (80%): Ổ cứng SSD Western loại WDS500G3B0A,500GB",632,0,785454.4
2023-09-17,961,Giá vốn (80%): Chuột Logitech G402 Hyperion Fury (910-004070),632,0,727272.8
2023-09-17,959,Giá vốn (80%): Máy Scan HP 2000S2 (6FW06A),632,0,5345454.4
2023-09-17,964,Giá vốn (80%): Phần mềm Kaspersky KL1867MUAFS,632,0,240000.0
2023-09-17,969,"Giá vốn (80%): MÀN HÌNH 27"" LENOVO S27E-20 62AFKAR2WW",632,0,2625454.4
2023-09-17,961,"Giá vốn (80%): Bút trình chiếu hiệu Rapoo mới 100%. WirelessPrensenter BLACK, XR200",632,0,290908.8
2023-09-17,960,"Giá vốn (80%): Máy tính xách tay Lenovo ThinkBook 14 G4 IAP-I3-1215U(1.2G)-8GB RAM-256GB SSD-WF+BL,Fingerprint-14""FHD- DOS - 2Yr; P/N 21DH00B0VN",632,0,9745454.4
2023-09-17,960,Giá vốn (80%): Thiết bị chuyển mạch TP -LINK 5port _ TL - SG1005D,632,0,305454.4
2023-09-17,967,Giá vốn (80%): ĐẦU GHI HÌNH KTS 4 KÊNH KX-7104AI,632,0,1298181.6
2023-09-17,962,"Giá vốn (80%): Ổ CỨNG DI ĐỘNG (HDD) SEAGATE EXPANSIONPORTABLE 2TB 2.5""  USB 3.0 (STKM2000400)",632,0,1418181.6
2023-09-17,963,Giá vốn (80%): Chuột vi tính Rapoo M20,632,0,116363.2
2023-09-17,965,Giá vốn (80%): Đầu bấm dây cáp mạng Ensoho EN - RJ45C6 RJ - 45cat6,632,0,160000.0
2023-09-17,963,Giá vốn (80%): MÁY TÍNH XÁCH TAY (NB) HP Pavilion 15 - eg2084TUi5-1240P/8GD4/256GSSD/15.6FHD/WLax/BT5/3C41WHr/ALUp/W11SL/VÀNG(7C0Q6PA),632,0,12501818.4
2023-09-17,965,"Giá vốn (80%): Thiết bị định tuyến có thu phát vô tuyến TP-Link ,2.4/5 GHz, Archer C58HP",632,0,2618181.6
2023-09-17,966,Giá vốn (80%): MÀN HÌNH VI TÍNH (LCD) LENOVO ThinkVision S24e -20-23.8 INCH/1920x1080/WLED/VGA/HDMI/ĐEN (62AEKAR2WW),632,0,2181818.4
2023-09-17,965,Giá vốn (80%): Tủ Rack 6UD400,632,0,1309091.2
2023-09-17,965,"Giá vốn (80%): Thiết bị chuyển mạch TP-Link, TL - SG1024D",632,0,3818181.6
2023-09-17,965,"Giá vốn (80%): Thanh phân phối cổng mạng cat 6, 24 Port, loại 1402-04011, hiệu Dintek",632,0,4123636.8
2023-09-17,965,"Giá vốn (80%): Bộ định tuyến  Tp-Link 2.4GHz 450M,TL- WR941HP",632,0,1963636.0
2023-09-17,966,Giá vốn (80%): MÁY TÍNH ĐỂ BÀN (PC) LENOVO ThinkCentre neo50s Gen 3 i5 - 12400(6*2.5)/4GD4/256GSSD/WL/BT/KB/M/NoOS/ĐEN(11T000AXVA),632,0,8363636.0
2023-09-18,971,Giá vốn (80%): Chuột vi tính Rapoo M20,632,0,174545.6
2023-09-18,972,"Giá vốn (80%): ổ cứng gắn ngoài 2TB Slim StoreJet 2.5"" M3S Transcend",632,0,1927272.8
2023-09-18,973,Giá vốn (80%): Trống từ BROTHER  DR - 2385,632,0,1294545.6
2023-09-18,974,"Giá vốn (80%): Laptop Lenovo V15 G3 82TT00N9VN - I5 /1235U 8Gb/ SSD512GB/ Intel Iris Xe/15.6"" FHD Win11/ Xám",632,0,32000000.0
2023-09-18,975,Giá vốn (80%): 4K0Z7PA : Máy tính xách tay HP 14s- fq1080AU -AMD Ryzen3 5300U / 4GB DDR4-3200/ SSD 256GB /RadeonVegaGraphics/ 14” HD/ Windows 11 Home/Natural Silver,632,0,11127272.8
2023-09-18,973,Giá vốn (80%): MỰC LASER ĐEN BROTHER 2240,632,0,200000.0
2023-09-18,976,"Giá vốn (80%): Ổ CỨNG DI ĐỘNG (HDD) SEAGATE EXPANSIONPORTABLE 1TB 2.5"" USB 3.0 (STKM1000400)",632,0,945454.4
2023-09-18,976,Giá vốn (80%): Nguồn Jetek Model 400 ELITE V2,632,0,290908.8
2023-09-18,977,Giá vốn (80%): Cáp dữ liệu VIDEO HDMI 1.4 truyền âm thanh hình ảnh dài5M Ugreen (10109),632,0,196364.0
2023-09-18,977,Giá vốn (80%): Chuột máy tính Logitech M187,632,0,203636.0
2023-09-19,981,Giá vốn (80%): Vỏ thùng máy tính Jetek EN15,632,0,545455.2
2023-09-19,981,"Giá vốn (80%): Thiết bị thu phát vô tuyến TP -Link, TL - WN822N",632,0,523636.0
2023-09-19,981,Giá vốn (80%): ổ cứng gắn trong 480GB SSD Exceria BiCS FLASH2.5''SATA3 Kioxia,632,0,2007271.2
2023-09-19,981,"Giá vốn (80%): Ổ cứng máy tính SSD Western WDS240G2G0A, 240GB",632,0,2836364.0
2023-09-19,981,Giá vốn (80%): ổ cứng di động 32GB U301 USB 3.2 Gen 1 Kioxia - Trắng,632,0,196364.0
2023-09-19,982,Giá vốn (80%): Chuột vi tính  Rapoo M22,632,0,305454.4
2023-09-19,981,Giá vốn (80%): Bàn phím Rapoo NK2500,632,0,909091.2
2023-09-19,981,Giá vốn (80%): Chuột vi tính Rapoo N100,632,0,363636.0
2023-09-19,981,Giá vốn (80%): Nguồn Jetek Model 350 ELITE V2,632,0,261818.4
2023-09-19,981,Giá vốn (80%): Nguồn máy tính  Jetek mini A200m,632,0,465454.4
2023-09-19,982,Giá vốn (80%): Chuột máy tính Dell MS116,632,0,400000.0
2023-09-19,980,Giá vốn (80%): Máy  In Canon Laser LBP - 2900,632,0,3054545.6
2023-09-19,981,Giá vốn (80%): Chuột vi tính Rapoo M20,632,0,454545.6
2023-09-19,979,Giá vốn (80%): Bộ nhớ trong  Kingston 4GD4 / 2666,632,0,290908.8
2023-09-19,983,Giá vốn (80%): Máy in Brother HL - L2321D,632,0,2109091.2
2023-09-19,984,Giá vốn (80%): Camera quan sát DS-2CE16D0T - LFS,632,0,749090.4
2023-09-19,984,Giá vốn (80%): Camera quan sát DS-2CE76D0T - LMFS,632,0,2996364.8
2023-09-19,984,Giá vốn (80%): Nguồn 12V 1A ADS-12FG-12N,632,0,436364.0
2023-09-19,984,"Giá vốn (80%): Cáp mạng Cat 5e UTP , Hiệu Aptek",632,0,2632726.4
2023-09-19,979,Giá vốn (80%): ổ cứng gắn trong 480GB SSD Exceria BiCS FLASH 2.5''SATA3 Kioxia,632,0,800000.0
2023-09-19,978,Giá vốn (80%): MÁY TÍNH XÁCH TAY (NB) LENOVO V14 G3 IAP i3 -1215U/8GD4/256GSSD/14.0FHD/IPS/WL/BT/2C38/NoOS/ĐEN (82TS0060VN),632,0,58909091.2
2023-09-19,984,"Giá vốn (80%): Đầu ghi hình KTS 4 kênh (DH - XVR 1B04 - I),",632,0,712727.2
2023-09-19,985,"Giá vốn (80%): ổ cứng lắp trong Western Digital 2TB 3.5""Sata 3,màu xanh (Blue)(WD20EZBX)",632,0,909091.2
2023-09-19,984,Giá vốn (80%): Ổ cứng máy tính,632,0,472727.2
2023-09-20,988,Giá vốn (80%): Phần mềm Win Pro 11 64Bit Eng Intl 1pk DSP OEIDVD (FQC-10528),632,0,2280000.0
2023-09-20,993,Giá vốn (80%): Màn chiếu chân P70TS,632,0,925925.6
2023-09-20,995,Giá vốn (80%): Máy  In Canon Laser LBP-2900,632,0,2676364.0
2023-09-20,995,Giá vốn (80%): Bộ máy vi tính,632,0,7010908.8
2023-09-20,996,Giá vốn (80%): ổ cứng gắn trong 240GB SSD Exceria BiCS FLASH 2.5''SATA3 Kioxia,632,0,494545.6
2023-09-20,997,Giá vốn (80%): Chuột vi tính Rapoo N100,632,0,36363.2
2023-09-20,997,Giá vốn (80%): Bàn phím Rapoo NK2500,632,0,94545.6
2023-09-20,987,Giá vốn (80%): CPU MÁY TÍNH,632,0,5156363.2
2023-09-20,987,"Giá vốn (80%): Màn hình máy tính Lenovo H20215FE0 - "" E22-28 (H20215FE0)21.5 inch Monitor-HDMI, Linecord, P/N:62B9MAR4WW",632,0,1738181.6
2023-09-20,987,Giá vốn (80%): Máy  in Brother HL - L2321D,632,0,2109091.2
2023-09-20,989,Giá vốn (80%): MÀN HÌNH VI TÍNH (LCD)  LENOVO ThinkVision S24e -2023.8 INCH/1920x1080/WLED/VGA/HDMI/ĐEN/3Y(62AEKAR2WW),632,0,9818181.6
2023-09-20,986,Giá vốn (80%): Mực nạp đổ XP12 - 140,632,0,327272.8
2023-09-20,994,Giá vốn (80%): Chuột máy tính  Logitech B100,632,0,65454.4
2023-09-20,994,Giá vốn (80%): Bàn phím  Logitech K120,632,0,130908.8
2023-09-20,994,Giá vốn (80%): Vỏ thùng máy tính JETEK X917,632,0,283636.8
2023-09-20,994,Giá vốn (80%): Cạc màn hình Asus GT730-SL-2GD5- BRK,632,0,1083636.0
2023-09-20,994,Giá vốn (80%): Nguồn Jetek Model J450,632,0,501818.4
2023-09-20,989,"Giá vốn (80%): Màn hình máy tính Lenovo H20215FE0 - "" E22-28 (H20215FE0)21.5 inch Monitor-HDMI, Linecord, 3YR WTYWarrantyCode:3years limited"", P/N:62B9MAR4WW",632,0,8472727.2
2023-09-20,994,Giá vốn (80%): ổ cứng gắn trong 240GB SSD Exceria BiCS FLASH 2.5''SATA3 Kioxia,632,0,501818.4
2023-09-20,994,Giá vốn (80%): Bộ nhớ máy vi tính Kingmax 8GBDDR4-3200 (KM-LD4-3200-8GS),632,0,450908.8
2023-09-20,994,Giá vốn (80%): Bộ vi xử lý vi tính Intel Corei3-10105F (BX8070110105FSRH8V)+ Quạt,632,0,1374545.6
2023-09-20,994,Giá vốn (80%): Bảng mạch chính của máy vi tính hiệu ASUS PRIMEH510M - K R2.0-CSM-SI,632,0,1229091.2
2023-09-20,994,"Giá vốn (80%): Màn hình máy tính Lenovo H20215FE0 - "" E22-28 (H20215FE0) 21.5 inch Monitor-HDMI"", P/N:62B9MAR4WW",632,0,1760000.0
2023-09-20,992,Giá vốn (80%): Máy chiếu Panasonic PT-LB306,632,0,10581818.4
2023-09-20,991,Giá vốn (80%): Thiết bị định tuyến 2G/3G/4G băng tần 2.4 GHzTP-LINK_TL-MR100,632,0,1527272.8
2023-09-20,989,Giá vốn (80%): Bộ nhớ máy vi tính Kingmax 16GBDDR4-3200 (KM-LD4-3200-16GS),632,0,2490908.0
2023-09-20,989,Giá vốn (80%): Bộ nhớ máy vi tính Kingmax 8GBDDR4-3200 (KM-LD4-3200-8GS),632,0,5600000.0
2023-09-20,989,"Giá vốn (80%): Máy tính xách tay MSI GF63 Thin11UC-1228VN (i7-11800H; 8GB;512GB SSD; RTX3050/4GB; 15.6""FHD; Win11; Đen)",632,0,27054545.6
2023-09-20,989,Giá vốn (80%): Card đồ hoạ ASUS TUF-GTX1660S-O6GGAMING_90YV0DT2-M0NA00,632,0,3396364.0
2023-09-20,989,"Giá vốn (80%): Máy tính xách tay LenovoIdeaPad Slim 5 14IAH8, i5-12450H, 16GB, 512GB SSD,Intel UHD Graphics, 14""WUXGA, 3C 56.6Wh, ax+BT,W11H 64, Xám (Cloud Grey), 3YWTY_83BF002NVN",632,0,9858181.6
2023-09-20,989,Giá vốn (80%): Card đồ họa ASUS PH-GT1030-O2G_90YV0AU0-M0NA00,632,0,2909091.2
2023-09-20,989,"Giá vốn (80%): Máy tính xách tay Lenovo V15 G4 IRU - Intel Corei3-1315U(4.50GHz) - 8GB RAM - 512GB SSD - WF+BL -15.6FHD60Hz - NOS- 2YR Premium NBD,P/n 83A10007VN",632,0,16000000.0
2023-09-20,989,Giá vốn (80%): Ổ CỨNG VI TÍNH ( SSD) Lexar SSDNS100 256GB Sata III 6Gbs ( LNS100-256RB) (LNS100-256RB),632,0,4290908.8
2023-09-20,989,"Giá vốn (80%): Laptop Lenovo V15 G3 82TT00N9VN - I5 /1235U 8Gb/SSD512GB/ Intel Iris Xe/15.6"" FHD Win11/ Xám",632,0,8000000.0
2023-09-20,989,Giá vốn (80%): Card đồ hoạ ASUS TUF-GTX1650-O4GD6-GAMING_90YV0EH0-M0NA00,632,0,12909092.0
2023-09-20,990,Giá vốn (80%): Loa SoundMax A130/2.0,632,0,232727.2
2023-09-21,1008,Giá vốn (80%): Màn hình LCD VIEWSONIC VX3276 - 2K - MHD-2 / 32'',632,0,3636364.0
2023-09-21,1006,Giá vốn (80%): Nguồn Jetek Model 400 ELITE V2,632,0,705454.4
2023-09-21,1006,Giá vốn (80%): Chuột máy tính Logitech G402,632,0,872726.4
2023-09-21,1006,Giá vốn (80%): Vỏ Máy Vi Tính SAMA 338W,632,0,581818.4
2023-09-21,1006,Giá vốn (80%): Vỏ Máy Vi Tính SAMA LUX,632,0,509091.2
2023-09-21,1006,Giá vốn (80%): Bộ vi xử lý vi tính Intel Corei3-12100 (BX8071512100SRL62) +Quạt,632,0,2058181.6
2023-09-21,1002,Giá vốn (80%): Bộ máy vi tính,632,0,5781818.4
2023-09-21,998,Giá vốn (80%): MÁY IN  Canon Laser LBP-2900,632,0,2872727.2
2023-09-21,1000,Giá vốn (80%): ổ cứng gắn trong 250GB SSD Exceria NVMe BiCS FLASHM.2 PCIe Kioxia,632,0,1745455.2
2023-09-21,1000,Giá vốn (80%): Bảng mạch chính của máy vi tính hiệu ASUS PRIMEH510M - K R2.0 - CSM - SI,632,0,3272726.4
2023-09-21,1006,"Giá vốn (80%): ổ cứng lắp trong Western Digital 1TB 3.5""Sata, màu xanh (Blue) (WD10EZEX)",632,0,1309091.2
2023-09-21,1000,Giá vốn (80%): Bàn phím + chuột Logitech MK240,632,0,618182.4
2023-09-21,1006,Giá vốn (80%): Bộ nhớ máy vi tính Kingmax 8GBDDR4-3200 (KM-LD4-3200-8GS),632,0,640000.0
2023-09-21,999,Giá vốn (80%): Hộp mực  in Izinet 12A/303/FX9,632,0,145454.4
2023-09-21,999,Giá vốn (80%): Bàn phím Rapoo NK2500,632,0,109091.2
2023-09-21,1007,Giá vốn (80%): Ru lô sấy,632,0,690908.8
2023-09-21,1003,Giá vốn (80%): Máy quét HP ScanJet Pro2000 S2  Sheet-feed (6FW06A),632,0,5418181.6
2023-09-21,1001,Giá vốn (80%): Bàn phím Logitech K120,632,0,654545.6
2023-09-21,1004,Giá vốn (80%): MÁY TÍNH ĐỂ BÀN (PC) LENOVO ThinkCentre neo 50s Gen 3 i5 - 12400(6*2.5)/4GD4/256GSSD/WL/BT/KB/M/NoOS/ĐEN(11T000AXVA),632,0,8363636.0
2023-09-21,1006,Giá vốn (80%): Bộ vi xử lý vi tính Intel Core I5-10400 + Quạt,632,0,2581818.4
2023-09-21,1006,Giá vốn (80%): Máy In Canon Laser LBP-2900,632,0,5818182.4
2023-09-21,1006,Giá vốn (80%): Cạc màn hình Asus GT730 - SL - 2GD5 - BRK,632,0,923636.0
2023-09-21,1005,Giá vốn (80%): Chuột máy tính Logitech B100,632,0,509091.2
2023-09-21,1004,Giá vốn (80%): MÀN HÌNH VI TÍNH (LCD) LENOVO ThinkVision S24e -20- 23.8   INCH/1920x1080/WLED/VGA/HDMI/ĐEN(62AEKAR2WW),632,0,2181818.4
2023-09-21,1005,"Giá vốn (80%): Máy tính xách tay Dell Inspiron 15-3520 (i5-1235U, 8GB, 512GB SSD,15.6"" FHD, UMA, Win11, OfficeHS 21, Đen, P112F007) (N3520-i5U085W11BLU)",632,0,11490908.8
2023-09-22,1009,Giá vốn (80%): Chuột máy tính Logitech M221,632,0,163636.8
2023-09-22,1009,Giá vốn (80%): Bàn phím máy tính hiệu Rapoo V500SE,632,0,403636.0
2023-09-23,1010,Giá vốn (80%): Phần mềm Kaspersky KL1867MUAFS,632,0,696000.0
2023-09-24,1015,"Giá vốn (80%): Laptop Lenovo V15 G3 82TT00N9VN - I5 /1235U 8Gb/SSD512GB/ Intel Iris Xe/15.6"" FHD Win11/ Xám",632,0,8000000.0
2023-09-24,1016,Giá vốn (80%): MÀN HÌNH VI TÍNH (LCD) PHILIPS 243V7 QDSB /74/23.8 INCH/ IPS/ VGA/ DVI-D/ HDMI/ HDMIAUDIOOUT/ĐEN(BLACK)(243V7QDSB/74),632,0,1585454.4
2023-09-24,1014,Giá vốn (80%): Máy  in Brother DCP - B7535DW,632,0,4109091.2
2023-09-24,1017,Giá vốn (80%): MÀN HÌNH VI TÍNH (LCD) PHILIPS 271V8LA/74 /27INCH/VA-LCD/WLED/75Hz/4ms/250cd/m2/3000:1/VGA/HDMI/ĐEN(BLACK)(271V8LA/74),632,0,16727272.8
2023-09-24,1017,Giá vốn (80%): MÀN HÌNH VI TÍNH (LCD)  PHILIPS 243V7QDSB/74/23.8 INCH/ IPS/ VGA/ DVI-D/ HDMI/ HDMIAUDIOOUT/ĐEN(BLACK)(243V7QDSB/74),632,0,7454545.6
2023-09-24,1015,Giá vốn (80%): Bộ nhớ máy tính xách tay Kingmax 8GB DDR4 - 3200,632,0,298181.6
2023-09-24,1013,Giá vốn (80%): MÁY TÍNH BẢNG (TAB)  LENOVO Tab M10 Gen 3UnisocT610/4GB/64GB/10.1WUXGAT/IPS/5MP/8MP/4G/WL/BT/5000mAh/2Y/XÁM(ZAAF0009VN),632,0,86949818.4
2023-09-24,1012,"Giá vốn (80%): Ổ cứng SSD WesternWDS480G2G0A, 480GB, Sata3",632,0,836364.0
2023-09-24,1012,Giá vốn (80%): Màn hình LCD VIEWSONIC VA1903A,632,0,1418181.6
2023-09-24,1011,Giá vốn (80%): Máy  in Brother HL - L2321D,632,0,1963636.0
2023-09-24,1011,Giá vốn (80%): Ổ CỨNG VI TÍNH ( SSD) Lexar SSDNS100 256GB Sata III 6Gbs ( LNS100-256RB) (LNS100-256RB),632,0,4727272.8
2023-09-24,1011,Giá vốn (80%): Chuột vi tính  Rapoo M20,632,0,181818.4
2023-09-25,1022,Giá vốn (80%): Nguồn máy vi tính CM PC600 Elite V3,632,0,720000.0
2023-09-25,1022,Giá vốn (80%): Vỏ thùng máy tính JETEK EM3,632,0,254545.6
2023-09-25,1023,Giá vốn (80%): Ổ cứng gắn ngoài 1TB SSD  ESD310C USB 10Gbps Type C/A  TRANSCEND,632,0,1301818.4
2023-09-25,1023,"Giá vốn (80%): Thiết bị chuyển mạch TP-Link,TL - SG108",632,0,349091.2
2023-09-25,1023,Giá vốn (80%): Cáp dữ liệu USB 2.0 cho máy in truyền dữ liệu từ máy tính ra máy in dài 5m Ugreen (10329),632,0,109090.4
2023-09-25,1022,Giá vốn (80%): Bộ nhớ máy tính xách tay 8GB/2400 Kingmax,632,0,400000.0
2023-09-25,1021,Giá vốn (80%): Bộ vi xử lý vi tính Intel Core I5-10400 + Quạt,632,0,2690908.8
2023-09-25,1022,"Giá vốn (80%): Thiết bị chuyển mạch TP-Link,TL - SF1008D",632,0,109091.2
2023-09-25,1022,Giá vốn (80%): Bộ nhớ máy tính 16GB/3200 Kingston,632,0,618181.6
2023-09-25,1021,Giá vốn (80%): Bảng mạch chính của máy vi tính hiệu ASUS PRIMEH510M - K R2.0-CSM-SI,632,0,1149091.2
2023-09-25,1021,Giá vốn (80%): Vỏ thùng máy tính Jetek X917,632,0,254545.6
2023-09-25,1020,Giá vốn (80%): MÁY In Canon Laser LBP - 2900,632,0,3192000.0
2023-09-25,1024,Giá vốn (80%): Máy tính bàn Lenovo ThinkCentre M70s Gen 3 i5 - 12400(4.4GHZ)- 8GB RAM - 512 SSD - Wireless & Bluetooth -None -1Yr; P/n11TC000TVA,632,0,8363636.0
2023-09-25,1018,Giá vốn (80%): Dây chuyển  đổi có chíp RS - 232 dài 2m Ugreen,632,0,181818.4
2023-09-25,1019,Giá vốn (80%): 4K0Z7PA : Máy tính xách tay HP 14s- fq1080AU -AMD Ryzen3 5300U / 4GB DDR4-3200/ SSD 256GB /RadeonVegaGraphics/ 14” HD/ Windows 11 Home/NaturalSilver,632,0,11127272.8
2023-09-26,1025,Giá vốn (80%): Máy  In Canon Laser LBP - 2900,632,0,2974545.6
2023-09-26,1025,Giá vốn (80%): Máy quét Canon Lide 400,632,0,2545454.4
2023-09-26,1025,Giá vốn (80%): MÀN HÌNH VI TÍNH (LCD)  PHILIPS 243V7QDSB/74/23.8 INCH/ IPS/ VGA/ DVI-D/ HDMI/ HDMIAUDIOOUT/ĐEN(BLACK)(243V7QDSB/74),632,0,1883636.0
2023-09-26,1026,Giá vốn (80%): Máy  in Brother HL - L2321D,632,0,2109091.2
2023-09-27,1028,Giá vốn (80%): MÁY VI TÍNH ĐỂ BÀN (PC) LENOVO ThinkCentre neo 50t Gen 3 i3 -  12100(4*3.3)/4GD4/256GSSD/WL/BT/KB/M/nOS/ĐEN( 11SC001LVA),632,0,5309091.2
2023-09-27,1029,"Giá vốn (80%): Màn hình LCD VIEWSONIC VX3276 - MHD-2 /31.5""",632,0,3200000.0
2023-09-27,1030,"Giá vốn (80%): ổ cứng gắn ngoài 2TB Slim StoreJet 2.5"" M3G Transcend",632,0,1927272.8
2023-09-27,1032,Giá vốn (80%): Chuột máy tính Dell WM118,632,0,363636.8
2023-09-27,1027,Giá vốn (80%): Mực nạp đổ XP Brother 2240,632,0,436364.0
2023-09-27,1031,Giá vốn (80%): Nguồn Jetek Model 350 ELITE V2,632,0,320000.0
2023-09-27,1031,Giá vốn (80%): Ổ CỨNG VI TÍNH ( SSD) Lexar SSDNS100 256GB Sata III 6Gbs ( LNS100-256RB) (LNS100-256RB),632,0,509091.2
2023-09-29,1035,Giá vốn (80%): Bộ máy vi tính,632,0,6218181.6
2023-09-29,1034,Giá vốn (80%): Nguồn Jetek Model 400 ELITE V2,632,0,356364.0
2023-09-29,1033,Giá vốn (80%): Bộ máy vi tính,632,0,11563636.8
2023-09-29,1038,Giá vốn (80%): 4K0Z7PA : Máy tính xách tay HP 14s- fq1080AU -AMD Ryzen3 5300U / 4GB DDR4-3200/ SSD 256GB /RadeonVegaGraphics/ 14” HD/ Windows 11 Home/NaturalSilver,632,0,11127272.8
2023-09-29,1036,Giá vốn (80%): Ổ cứng HDD BOX SEAGATE ONE TOUCH 1TB 2.5 USB 3.0,632,0,1061818.4
2023-09-29,1037,Giá vốn (80%): MÁY TÍNH XÁCH TAY (NB) HP 240 G10 i3 -1315U/8G/256GSSD/14.0FHD/WL/BT/3C/W11SL/BẠC(8F129PA),632,0,8436364.0
2023-09-29,1037,Giá vốn (80%): MÁY TÍNH XÁCH TAY (NB) HP 14 - ep0128TU i5 -1335U/8GD4/512GSSD/14.0FHD/Wlax/BT5/3C41WHr/W11SL/BẠC(8U6L5PA),632,0,12181818.4
2023-09-29,1037,"Giá vốn (80%): Máy tính xách tay Lenovo ThinkPad E15 Gen 4 - I5-1235U(4.4G) -8Gb RAM - 256GB SSD - WF+BL, Fingerprint - 15.6'FHD - Dos -2Yrs,P/N:21E600CGVA",632,0,11563636.0
2023-09-29,1037,"Giá vốn (80%): Laptop Lenovo V15 G3 82TT00N9VN - I5 /1235U 8Gb/SSD512GB/ Intel Iris Xe/15.6"" FHD Win11/ Xám",632,0,8000000.0
2023-09-29,1037,Giá vốn (80%): Ổ CỨNG VI TÍNH ( SSD) Lexar SSDNS100 256GB Sata III 6Gbs ( LNS100-256RB) (LNS100-256RB),632,0,21454544.8
2023-09-29,1037,"Giá vốn (80%): Màn hình vi tính LCD MSI PRO MP251 24.5"" FHD/IPS/300cd/m2/100Hz/HDMI/VGA/AUDIO",632,0,8909091.2
2023-09-29,1037,Giá vốn (80%): Máy In Canon Laser LBP - 2900,632,0,13454545.6
2023-09-29,1037,"Giá vốn (80%): Màn hình máy tính Lenovo H20215FE0 - "" E22-28 (H20215FE0) 21.5 inch Monitor-HDMI, Linecord, 3YRWTYWarrantyCode:3years limited"", P/N:62B9MAR4W",632,0,16945454.4
2023-09-30,1040,Giá vốn (80%): Hộp mực in iziNet 12A/303/FX9 Universal,632,0,1090908.8
2023-09-30,1039,Giá vốn (80%): Ổ cứng HDD BOX SEAGATE ONE TOUCH 1TB 2.5 USB 3.0,632,0,1090908.8
2023-10-01,1043,Giá vốn (80%): Màn hình vi tính Dell LCD -  E2222H - 21.5'' WHD,632,0,5869091.2
2023-10-01,1042,"Giá vốn (80%): Màn hình máy tính Lenovo H20215FE0 - "" E22 -28 (H20215FE0) 21.5 inch Monitor-HDMI, P/N:62B9MAR4",632,0,1738181.6
2023-10-01,1045,Giá vốn (80%): Máy in hóa đơn XP - T80L,632,0,1490908.8
2023-10-01,1045,"Giá vốn (80%): Ổ cứng  SSD Western  WDS240G2G0A , 240GB",632,0,472727.2
2023-10-01,1045,Giá vốn (80%): Loa Microlab M106BT 2.1,632,0,400000.0
2023-10-01,1044,"Giá vốn (80%): Ổ CỨNG DI ĐỘNG (HDD) SEAGATE EXPANSION PORTABLE 1TB 2.5"" USB 3.0",632,0,1032727.2
2023-10-01,1045,Giá vốn (80%): Bàn phím Rapoo NK2500,632,0,189091.2
2023-10-01,1041,Giá vốn (80%): Máy tính bàn Dell Inspiron 3020 Core i3 - 13100 3.4GHz/ 8GBRam/256GB SSD/ Win 11home/ Office Home & Student 2021/Wireless Bluetooth/ Mouse/ Keyboard/ 12mths Pre,632,0,9309090.4
2023-10-01,1041,Giá vốn (80%): MÀN HÌNH VI TÍNH (LCD)  LENOVO ThinkVision S24e -20 /23.8 INCH/1920x1080/WLED/VGA/HDMI/ĐEN (62AEKAR2WW),632,0,2181818.4
2023-10-01,1044,Giá vốn (80%): Ổ cứng HDD BOX SEAGATE ONE TOUCH 1TB 2.5 USB 3.0,632,0,2123636.8
2023-10-01,1044,Giá vốn (80%): Chuột vi tính Rapoo N100,632,0,290908.8
2023-10-02,1046,Giá vốn (80%): MÀN HÌNH VI TÍNH (LCD) PHILIPS  243V7 QDSB /74/23.8INCH/ IPS/ VGA/ DVI-D/ HDMI/ HDMIAUDIOOUT/ĐEN(BLACK)(243V7QDSB/74),632,0,1636364.0
2023-10-02,1046,Giá vốn (80%): Bộ máy vi tính,632,0,4938181.6
2023-10-02,1047,"Giá vốn (80%): ổ cứng lắp trong Western Digital 2TB 3.5 ""Sata 3, màu xanh (Blue)(WD20EZBX)",632,0,981818.4
2023-10-02,1048,Giá vốn (80%): Phần mềm Kaspersky KL1867MUAFS,632,0,232000.0
2023-10-02,1052,Giá vốn (80%): Máy chiếu đa năng ViewSonic LS500WHE,632,0,12145454.4
2023-10-02,1051,Giá vốn (80%): Thiết bị chuyển mạch TPLINK _ TL - SG108,632,0,392727.2
2023-10-02,1049,Giá vốn (80%): Hộp mực in iziNet 12A/303/FX9 Universal,632,0,698181.6
2023-10-02,1050,Giá vốn (80%): Thiết bị chuyển mạch TPLINK _ TL - SG108,632,0,392727.2
2023-10-02,1050,Giá vốn (80%): Bàn phím Logitech K120,632,0,690908.8
2023-10-03,1053,Giá vốn (80%): MÁY VI TÍNH ĐỂ BÀN (PC) LENOVO ThinkCentre neo 50t Gen 3 i3 -  12100(4*3.3)/4GD4/256GSSD/WL/BT/KB/M/nOS/ĐEN( 11SC001LVA),632,0,11243636.8
2023-10-03,1054,Giá vốn (80%): ổ cứng gắn ngoài 1TB SSD ESD310C USB 10Gbps TypeC/A Transcend,632,0,1345454.4
2023-10-04,1056,Giá vốn (80%): ổ cứng di động  128GB U301 USB 3.2 Gen 1 KIOXIA,632,0,210908.8
2023-10-04,1058,Giá vốn (80%): Máy In Canon Laser LBP-2900,632,0,3054545.6
2023-10-04,1055,Giá vốn (80%): Chuột máy tính Logitech B100,632,0,363636.0
2023-10-04,1057,"Giá vốn (80%): Thiết bị chuyển mạch TP -Link ,TL - SF1008D",632,0,167272.8
2023-10-04,1057,"Giá vốn (80%): Thiết bị chuyển mạch  TP -Link ,TL - SF1005D",632,0,116364.0
2023-10-04,1057,Giá vốn (80%): Thiết bị chuyển mạch TP -LINK_ TL - SG1016D,632,0,800000.0
2023-10-05,1060,Giá vốn (80%): Màn hình Viewsonic  VA2406-H2,632,0,1890908.8
2023-10-05,1059,Giá vốn (80%): Máy in đa năng  Brother MFC - L2701D,632,0,3992727.2
2023-10-05,1061,Giá vốn (80%): Máy tính bàn Lenovo ThinkCentre M70s Gen 3 i3 - 12100 ( 4.3GHZ) - 8GB RAM - 256GB SSD - Wireless & Bluetooth - None-1Yr; P/n 11TC000QVA,632,0,36436364.0
2023-10-06,1064,Giá vốn (80%): Bàn phím Keyboard NK2500,632,0,94545.6
2023-10-06,1064,Giá vốn (80%): Loa SoundMax A130/2.0,632,0,109091.2
2023-10-06,1062,Giá vốn (80%): Màn hình vi tính Dell SE2422H 23.8 Inch/1920x1080@75Hz/Vga/HDMI/Led (60W8F1),632,0,4363636.8
2023-10-06,1062,Giá vốn (80%): Bộ lưu điện Santak - TG500,632,0,1410908.8
2023-10-06,1062,Giá vốn (80%): Bàn phím Dell Multimedia KB216,632,0,436364.0
2023-10-06,1062,Giá vốn (80%): Hộp mực in Izinet 12A/303/FX9,632,0,698181.6
2023-10-06,1064,Giá vốn (80%): Chuột vi tính Rapoo M20,632,0,87272.8
2023-10-06,1064,Giá vốn (80%): Card VGA ASUS PH - GT1030 - 02G,632,0,1818181.6
2023-10-06,1063,Giá vốn (80%): Máy in phun màu khổ A4 Epson L805,632,0,6763636.0
2023-10-07,1067,Giá vốn (80%): Màn hình vi tính (LCD) Lenovo ThinkVision S24e -20 23.8 inch/1920x1080 (62AEKAR2WW),632,0,2000000.0
2023-10-07,1066,Giá vốn (80%): BỘ MÁY VI TÍNH,632,0,14385454.4
2023-10-07,1067,Giá vốn (80%): Loa SoundMax A130/2.0,632,0,109091.2
2023-10-07,1065,Giá vốn (80%): Máy chấm công bằng dấu vân tay DG600BID,632,0,2437036.8
2023-10-07,1068,Giá vốn (80%): Loa vi tính Microlab B26,632,0,174544.8
2023-10-07,1068,Giá vốn (80%): Bàn phím Keyboard NK2500,632,0,174545.6
2023-10-07,1068,"Giá vốn (80%): Thiết bị đinh tuyến Thu phát vô tuyến TP-Link,2.4Ghz,TL-MR6400",632,0,778181.6
2023-10-07,1068,Giá vốn (80%): Chuột vi tính không dây Rapoo N100,632,0,72728.0
2023-10-08,1069,Giá vốn (80%): Tai nghe SoundMax AH314,632,0,290908.8
2023-10-08,1069,Giá vốn (80%): Máy tính để bàn Optiplex 3080SFF XCTO Core i5 - 10505 (3080SFF -10505 -4G1TB3Y),632,0,8363636.0
2023-10-08,1069,Giá vốn (80%): Loa SoundMax A130/2.0,632,0,203636.8
2023-10-08,1075,Giá vốn (80%): Bàn phím Dell Multimedia KB216,632,0,727272.8
2023-10-08,1070,Giá vốn (80%): Bộ định tuyến thu phát vô tuyến Tp-Link 2.4GHz/5GHz Archer MR200,632,0,1054545.6
2023-10-08,1076,Giá vốn (80%): Mực in phun Brother BTD60BK BH17 ASA,632,0,727272.8
2023-10-08,1075,"Giá vốn (80%): Màn hình vi tính (LCD) Lenovo ThinkVision  S27e - 20/ 27.0""/1920/1080 (62AFKAR2WW)",632,0,11563636.0
2023-10-08,1075,Giá vốn (80%): CÁP DỮ LIỆU VIDEO HDMI 1.4 TRUYỀN ÂM THANH HÌNH ẢNH UGREEN (10109),632,0,436363.2
2023-10-08,1075,Giá vốn (80%): Chuột máy tính Dell MS116,632,0,509092.0
2023-10-08,1074,Giá vốn (80%): Chuột máy tính Logitech B100,632,0,254545.6
2023-10-08,1074,"Giá vốn (80%): Ổ cứng  máy tính SSD Western WDS240G2G0A, 240GB",632,0,3272727.2
2023-10-08,1074,"Giá vốn (80%): Hộp mực (Cartridge) đã có mực in dùng cho máy inlaser, loại LH2612A ( HP1010/1012/CN2900), hiệuPremium",632,0,472727.2
2023-10-08,1071,Giá vốn (80%): Máy đếm tiền XD BC - 35,632,0,3844444.8
2023-10-08,1072,Giá vốn (80%): Thiết bị thu phát vô tuyến RG - EW1200G Pro,632,0,690908.8
2023-10-08,1073,Giá vốn (80%): BỘ MÁY VI TÍNH,632,0,20363636.0
2023-10-08,1074,Giá vốn (80%): Máy in Brother HL - L2321D,632,0,1963636.0
2023-10-08,1074,"Giá vốn (80%): Màn hình LCD VIEWSONIC VA1903A/19""",632,0,1200000.0
2023-10-09,1079,"Giá vốn (80%): Máy tính xách tay (NB) HP 14s - dq2620TU i3 - 1115G4/4GD4/256G SSD/14.0"" (6K774PA)",632,0,6763636.0
2023-10-09,1082,Giá vốn (80%): Bộ chuyển USB sang DP9 RS-232 (20223),632,0,254545.6
2023-10-09,1079,Giá vốn (80%): Điện  thoại có dây Panasonic KXTS500,632,0,2181818.4
2023-10-09,1079,Giá vốn (80%): Máy in hóa đơn Zywell ZY808 cổng USB+LAN,632,0,1163636.8
2023-10-09,1079,"Giá vốn (80%): Thiết bị thu phát vô tuyến TP-Link,TL-WN725N",632,0,800000.0
2023-10-09,1079,Giá vốn (80%): USB hỗ trợ kết nối Bluetooth Tp-Link UB400,632,0,1454545.6
2023-10-09,1077,"Giá vốn (80%): Ổ cứng gắn trong 480GB SSD Exceria Bics Flash 2.5"" Sata3 Kioxia",632,0,909091.2
2023-10-09,1078,Giá vốn (80%): Loa vi tính Microlab M106BT / 2.1,632,0,989091.2
2023-10-09,1081,Giá vốn (80%): Ổ cứng Kingmax SSD M2 Sata III 256GB SA3080,632,0,545454.4
2023-10-09,1081,Giá vốn (80%): Vỏ máy tính Golden Field H2B,632,0,327272.8
2023-10-09,1081,Giá vốn (80%): Nguồn Jetek Model 350 ELITE V2,632,0,290908.8
2023-10-09,1079,Giá vốn (80%): Thiết bị ghi hình Logitech C505e,632,0,5454545.6
2023-10-09,1080,Giá vốn (80%): Máy in Brother HL - L2321D,632,0,2109091.2
2023-10-09,1080,Giá vốn (80%): Camera kỹ thuật số có chức năng ghi hiệu EZVIZ mã CS - C6N,632,0,290908.8
2023-10-09,1079,Giá vốn (80%): Camera kỹ thuật số có chức năng ghi hiệu EZVIZ mã CS - C6N (B0-1G2WF)(1080P)- hỗ trợ thẻ nhớ trong,632,0,11345454.4
2023-10-09,1079,Giá vốn (80%): Chuột máy tính Dell MS116,632,0,1745454.4
2023-10-09,1079,Giá vốn (80%): Chuột vi tính Rapoo M20,632,0,3345454.4
2023-10-09,1079,Giá vốn (80%): Loa vi tính Microlab M300BT /2.1,632,0,1400000.0
2023-10-09,1079,"Giá vốn (80%): Thiết bị đầu cuối GSM/W-CDMA FDD 2.4GHz TP-Link, M7350",632,0,9600000.0
2023-10-09,1079,Giá vốn (80%): Tai nghe Logitech H370,632,0,3200000.0
2023-10-09,1079,Giá vốn (80%): Thẻ nhớ Micro SD+Adaptor Hikvision HS-TF-C1/32GB,632,0,2327272.8
2023-10-09,1079,Giá vốn (80%): Mực Laser đen Premium,632,0,3490908.8
2023-10-09,1079,"Giá vốn (80%): Thiết bị chuyển  mạch TP-Link,TL- SF1005D",632,0,1745454.4
2023-10-09,1079,Giá vốn (80%): Loa SoundMax A130/2.0,632,0,2600000.0
2023-10-09,1079,Giá vốn (80%): Bàn phím Keyboard NK2500,632,0,4000000.0
2023-10-10,1083,Giá vốn (80%): Máy chiếu Panasonic PT - LB426,632,0,13156364.0
2023-10-10,1084,Giá vốn (80%): Màn chiếu chân P70TS,632,0,777777.6
2023-10-10,1085,Giá vốn (80%): Máy in màu Epson L805,632,0,8727272.8
2023-10-11,1091,Giá vốn (80%): MÁY TÍNH XÁCH TAY (NB) HP Probook 450G9 i7 - 1255U/16GB (2 * 8GD4 ) /512GSSD/15.6FHD/WL/BT/FP/3C45WHr/ALU/W11SL/LED_KB/BẠC(6M0Z8PA),632,0,19960000.0
2023-10-11,1090,Giá vốn (80%): Tai nghe Logitech H340,632,0,356364.0
2023-10-11,1087,"Giá vốn (80%): Ổ cứng di động (HDD) Seagate One Touch 2TB 2.5"" USB 3.0",632,0,1890908.8
2023-10-11,1089,Giá vốn (80%): Chuột máy tính Dell MS116,632,0,283636.8
2023-10-11,1089,Giá vốn (80%): Bàn phím Dell Multimedia KB216,632,0,552727.2
2023-10-11,1088,Giá vốn (80%): Máy tính để bàn Dell Vos 3671MT i5 - 9400/ (V579Y1W),632,0,27490908.8
2023-10-11,1088,"Giá vốn (80%): Màn hình LCD - DELL  P2722H /27.0""",632,0,13090908.8
2023-10-11,1088,"Giá vốn (80%): Ổ cứng gắn trong Western Digital 1TB - 3.5""(WD10EZEX)",632,0,1963636.8
2023-10-11,1086,Giá vốn (80%): Mực in phun Brother BT5000C,632,0,130908.8
2023-10-11,1086,Giá vốn (80%): Mực in phun Brother BT5000M,632,0,130908.8
2023-10-11,1086,Giá vốn (80%): Mực in phun Brother BT5000Y,632,0,130908.8
2023-10-11,1086,Giá vốn (80%): Mực in phun Brother BTD60BK,632,0,181818.4
2023-10-12,1092,Giá vốn (80%): Giá treo máy chiếu MS12,632,0,261818.4
2023-10-13,1093,"Giá vốn (80%): Ổ cứng di động Seagate Expansion 2TB 2.5""(STEA2000400)",632,0,1600000.0
2023-10-14,1095,Giá vốn (80%): Mực Laser TN-2385 Brother,632,0,400000.0
2023-10-14,1095,Giá vốn (80%): Máy in Brother HL-L2321D,632,0,2109091.2
2023-10-14,1094,Giá vốn (80%): Bảng mạch chính của máy vi tính hiệu ASUS PRIMEH510M - K R2.0-CSM-SI,632,0,1090908.8
2023-10-15,1100,Giá vốn (80%): Máy quét Canon DR F-120,632,0,7120000.0
2023-10-15,1100,Giá vốn (80%): MÁY IN Canon Laser LBP-2900,632,0,2872727.2
2023-10-15,1101,Giá vốn (80%): Bộ nhớ trong Kingston 8GB D - 2666 CL16,632,0,509091.2
2023-10-15,1096,Giá vốn (80%): Bàn phím Logitech G213,632,0,610908.8
2023-10-15,1101,"Giá vốn (80%): Ổ cứng gắn trong Western Digital 1TB - 3.5"" (WD10EZEX)",632,0,894545.6
2023-10-15,1101,Giá vốn (80%): Tai nghe Logitech H150,632,0,218181.6
2023-10-15,1099,Giá vốn (80%): Mực in Canon GI-790Y,632,0,254545.6
2023-10-15,1098,Giá vốn (80%): MÁY IN  Canon Laser LBP-2900,632,0,2872727.2
2023-10-15,1098,Giá vốn (80%): Máy quét Canon DR F-120,632,0,7120000.0
2023-10-15,1097,"Giá vốn (80%): Máy tính xách tay MSI GF63 Thin 11UC - 1228VN (i7-11800H; 8GBx2;512GB SSD; RTX3050/4GB; 15.6"" FHD; Win11; Đen)",632,0,15236364.0
2023-10-15,1099,Giá vốn (80%): Mực in Canon GI-790C,632,0,254545.6
2023-10-15,1099,Giá vốn (80%): Mực in Canon GI-790M,632,0,254545.6
2023-10-16,1103,Giá vốn (80%): Chuột vi tính có dây Rapoo N100,632,0,50908.8
2023-10-16,1103,Giá vốn (80%): CARD VGA của máy vi tính hiệu ASUS GT730 - SL -2GD5 - BRK,632,0,1047272.8
2023-10-16,1103,"Giá vốn (80%): Màn hình LCD VIEWSONIC VX2476 - SMHD/24""",632,0,1883636.8
2023-10-16,1103,Giá vốn (80%): Ổ cứng gắn trong 250GB SSD Exceria NVMe Bics Flas M.2 PCle Kioxia,632,0,567272.8
2023-10-16,1108,Giá vốn (80%): Phần mềm Kaspersky KL1867MUAFS,632,0,800000.0
2023-10-16,1103,Giá vốn (80%): Vỏ thùng máy tính Jetek EN15,632,0,218181.6
2023-10-16,1103,Giá vốn (80%): Nguồn Jetek Model 450 ELITE V2,632,0,429091.2
2023-10-16,1103,Giá vốn (80%): Bàn phím Keyboard NK2500,632,0,109091.2
2023-10-16,1103,"Giá vốn (80%): Cạc mạng PCI Adapter TP -Link, TL - WN781ND",632,0,138181.6
2023-10-16,1103,Giá vốn (80%): Máy in phun đa năng Brother DCP - T226,632,0,2683636.0
2023-10-16,1103,Giá vốn (80%): Ổ cứng di động 32GB U202 USB 2.0 Kioxia,632,0,72727.2
2023-10-16,1103,Giá vốn (80%): Loa SoundMax A600 / 2.1,632,0,240000.0
2023-10-16,1104,Giá vốn (80%): Chuột máy tính Dell WM118,632,0,334545.6
2023-10-16,1109,Giá vốn (80%): Loa SoundMax A130/2.0,632,0,349091.2
2023-10-16,1109,Giá vốn (80%): Máy in Brother HL - L2321D,632,0,1963636.0
2023-10-16,1109,Giá vốn (80%): Chuột vi tính có dây Rapoo N100,632,0,400000.0
2023-10-16,1103,Giá vốn (80%): Bộ Nhớ Trong Kingmax 8GBD4 - 3200U C16,632,0,378181.6
2023-10-16,1103,Giá vốn (80%): Chíp xử lý vi tính Intel Core i5-10400F (BX8070110400FSRH3D),632,0,2029091.2
2023-10-16,1107,Giá vốn (80%): Máy tính xách tay Dell Vos 15 3500 i5 - 1135G7/8G(7G3981),632,0,30981816.0
2023-10-16,1107,Giá vốn (80%): Máy In Canon Laser LBP - 2900,632,0,11345456.0
2023-10-16,1107,Giá vốn (80%): Chuột máy tính Logitech G402,632,0,2618184.0
2023-10-16,1107,"Giá vốn (80%): Thiết bị định tuyến TP - Link 2.4GHz , Archer C6",632,0,1680000.0
2023-10-16,1107,"Giá vốn (80%): Camera kỹ thuật số có chức năng ghi hiệu EZVIZ mã CS - C3TN (3MP,2.8MM) - hỗ trợ thẻ nhớ trong",632,0,3869090.4
2023-10-16,1106,Giá vốn (80%): Chuột máy tính Dell MS116,632,0,189091.2
2023-10-16,1106,Giá vốn (80%): Mực chai 17A,632,0,87272.8
2023-10-16,1102,Giá vốn (80%): Bộ nhớ máy vi tính Kingmax  8GB DDR4-3200 (KM-LD4-3200-8GS),632,0,312727.2
2023-10-16,1102,Giá vốn (80%): Ổ đĩa cứng máy tính Kingmax SA3080 256GB (M.2 Sata 3),632,0,334545.6
2023-10-16,1103,Giá vốn (80%): Bảng mạch chính của máy vi tính hiệu ASUS PRIMEH510M - K R2.0-CSM-SI,632,0,1192727.2
2023-10-16,1105,"Giá vốn (80%): Thiêt bị chuyển mạch TP -Link, TL - SG1024D",632,0,1163636.0
2023-10-16,1105,Giá vốn (80%): MÁY IN LASER ĐƠN NĂNG TRẮNG ĐEN - CANONPRINTER I-SENSYS - LBP236DW,632,0,5309091.2
2023-10-16,1102,Giá vốn (80%): Bộ vi xử lý vi tính Intel Corei5-10400 (BX8070110400SRH3C) +Quạt,632,0,2232727.2
2023-10-17,1117,Giá vốn (80%): Cạc mạng PCI Gigabit TP-Link-TG - 3468,632,0,167272.8
2023-10-17,1116,Giá vốn (80%): MÀN CHIẾU CHÂN P70TS,632,0,777777.6
2023-10-17,1114,Giá vốn (80%): Mực Laser TN - 2385 Brother,632,0,400000.0
2023-10-17,1110,Giá vốn (80%): Màn hình vi tính (LCD) Lenovo ThinkVision S24e - 20- 23.8 inch/1920x1080 (62AEKAR2WW),632,0,2000000.0
2023-10-17,1112,Giá vốn (80%): Màn chiếu điện 84 x 84,632,0,1400000.0
2023-10-17,1110,Giá vốn (80%): Máy tính bàn Lenovo ThinkCentre M70s Gen 3 i3 - 12100( 4.3GHZ) - 8GB RAM - 256GB SSD - Wireless & Bluetooth -None-1Yr; P/n 11TC000QVA,632,0,6756364.0
2023-10-17,1115,Giá vốn (80%): BÚT TRÌNH CHIẾU NEWMEN P-026,632,0,203636.0
2023-10-17,1113,Giá vốn (80%): Máy In Canon Laser LBP - 2900,632,0,6109091.2
2023-10-17,1111,Giá vốn (80%): Hộp mực in Izinet 12A/303/FX9,632,0,269091.2
2023-10-17,1111,Giá vốn (80%): Ổ cứng Kingmax SSD M2 Sata III 128GB SA3080,632,0,545454.4
2023-10-17,1111,Giá vốn (80%): Bàn phím Logitech G213,632,0,545454.4
2023-10-18,1125,Giá vốn (80%): Chuột vi tính có dây Rapoo N100,632,0,43636.0
2023-10-18,1118,Giá vốn (80%): Máy In Canon Laser LBP - 2900,632,0,5556364.0
2023-10-18,1125,Giá vốn (80%): Bộ lưu điện Santak - TG500,632,0,836364.0
2023-10-18,1123,Giá vốn (80%): Mực laser đen Brother 2240,632,0,327272.8
2023-10-18,1124,Giá vốn (80%): Điện thoại có dây Panasonic KXTSC11,632,0,378181.6
2023-10-18,1121,Giá vốn (80%): MÀN HÌNH VI TÍNH (LCD) PHILIPS  271V8LA /74 /27 INCH/VA-LCD/WLED/75Hz/4ms/250cd/m2/3000:1/VGA/HDMI/ĐEN(BLACK)(271V8LA/74),632,0,1883636.0
2023-10-18,1119,Giá vốn (80%): Máy In Canon Laser LBP - 2900,632,0,2872727.2
2023-10-18,1125,"Giá vốn (80%): Thiết bị chuyển  mạch TP-Link,TL - SF1008D",632,0,116364.0
2023-10-18,1120,Giá vốn (80%): Bàn phím Dell Multimedia KB216,632,0,1690908.8
2023-10-18,1120,Giá vốn (80%): Chuột máy tính Dell MS116,632,0,927272.8
2023-10-18,1122,Giá vốn (80%): Bộ máy vi tính,632,0,6581818.4
2023-10-18,1122,Giá vốn (80%): Máy In Canon Laser LBP - 2900,632,0,2901818.4
2023-10-18,1122,"Giá vốn (80%): Màn hình máy tính Lenovo H20215FE0 -"" E22 -28 (H20215FE0) 21.5 inch Monitor-HDMI, P/N:62B9MAR4W",632,0,1738181.6
2023-10-19,1128,Giá vốn (80%): Hộp mực in Izinet 12A/303/FX9,632,0,600000.0
2023-10-19,1128,"Giá vốn (80%): Ổ cứng di động SeagateExpansion 1TB 2.5""",632,0,952727.2
2023-10-19,1128,Giá vốn (80%): Bàn phím Logitech K120,632,0,283636.8
2023-10-19,1128,Giá vốn (80%): Chuột vi tính Rapoo M20,632,0,250908.8
2023-10-19,1128,Giá vốn (80%): Máy tính xách tay HP Pa 15 -eg0542TU  i3 - 1125G4 /4G (4P5G9PA),632,0,9818181.6
2023-10-19,1128,"Giá vốn (80%): Thiết bị đinh tuyến thu phát vô tuyến TP-Link,2.4Ghz, TL - MR6400",632,0,2334545.6
2023-10-19,1126,Giá vốn (80%): Mực laser đen Brother 2240,632,0,109091.2
2023-10-19,1127,"Giá vốn (80%): Thiết bị định tuyến thu phát vô tuyến TP-Link,2.4Ghz, C58HP",632,0,1054545.6
2023-10-20,1129,"Giá vốn (80%): Ổ CỨNG LẮP TRONG WESTERN DGITAL 2TB 3.5 ""Sata 3, màu xanh",632,0,872727.2
2023-10-20,1132,Giá vốn (80%): Bàn phím Logitech K380,632,0,400000.0
2023-10-20,1134,"Giá vốn (80%): Hộp mực (Cartridge) đã có mực in dùng cho máy inlaser, loại LH2612A ( HP1010/1012/CN2900), hiệuPremium",632,0,72727.2
2023-10-20,1131,Giá vốn (80%): Phí dịch vụ tháng 09 /2023 theo hợp đồng số 64/2015/HĐ_NetViet ký ngày 26/10/2015,632,0,666666.4
2023-10-20,1134,Giá vốn (80%): Mực Laser TN - 2385 Brother,632,0,327272.8
2023-10-20,1130,Giá vốn (80%): MÁY TÍNH XÁCH TAY (NB) HP 14S - DQ5121TU i3- 1215U/ 8GD4/ 512GSSD/14.0FHD/Wlac/BT5/3C41WHr/ W11SL/BẠC (8W355PA),632,0,10763636.0
2023-10-20,1133,"Giá vốn (80%): Thiết bị thu phát vô tuyến 2.4GHz TP-Link,TL - WA854RE",632,0,327272.8
2023-10-20,1135,Giá vốn (80%): Hộp mực in Ecoplus 12A/303/FX9,632,0,203636.8
2023-10-20,1135,Giá vốn (80%): Giá treo máy chiếu 1.2 m,632,0,327272.8
2023-10-20,1135,"Giá vốn (80%): Thiết bị chuyển  mạch TP-Link,TL- SF1008D",632,0,109090.4
2023-10-20,1133,Giá vốn (80%): Thiết bị ghi hình Logitech C920E,632,0,1418181.6
2023-10-21,1136,Giá vốn (80%): Chuột vi tính Rapoo M20,632,0,101818.4
2023-10-21,1136,Giá vốn (80%): MÁY TÍNH XÁCH TAY (NB)  HP 240 G10 i3 -1315U/8G/256GSSD/14.0FHD/WL/BT/3C/W11SL/BẠC(8F129PA),632,0,9127272.8
2023-10-21,1137,"Giá vốn (80%): Thiết bị định tuyến 2G/3G/4G băng tần 2.4Ghz TP-Link, TL - MR100",632,0,632727.2
2023-10-21,1138,"Giá vốn (80%): Bộ chuột , bàn phím máy vi tính X1800S",632,0,363636.0
2023-10-21,1138,Giá vốn (80%): Chuột vi tính Rapoo M20,632,0,418181.6
2023-10-21,1138,Giá vốn (80%): Chuột vi tính có dây Rapoo N100,632,0,545454.4
2023-10-21,1138,Giá vốn (80%): Bàn phím Keyboard NK2500,632,0,836364.0
2023-10-22,1140,Giá vốn (80%): THIẾT BỊ TRÌNH CHIẾU PRESENTER LOGITECH R400,632,0,454545.6
2023-10-22,1140,Giá vốn (80%): CÁP DỮ LIỆU VIDEO HDMI 1.4 TRUYỀN ÂM THANH HÌNH ẢNH UGREEN (10111),632,0,574545.6
2023-10-22,1140,Giá vốn (80%): MÀN HÌNH VI TÍNH DELL,632,0,6000000.0
2023-10-22,1142,"Giá vốn (80%): Cạc mạng PCI Adapter TP -Link, TL- WN781ND",632,0,218181.6
2023-10-22,1140,Giá vốn (80%): MÁY TÍNH CÁ NHÂN ĐỂ BÀN - BỘ MINI PC KIT INTEL NUC11TN(BNUC11TNKI30000),632,0,8622545.6
2023-10-22,1141,Giá vốn (80%): MÁY TÍNH ĐỂ BÀN DELL OPTIPLEX 3000 CORE i5-12500/8G (3000SFF-I5/12500-8G-256SSD),632,0,9810908.8
2023-10-22,1141,Giá vốn (80%): Màn hình vi tính DELL LCD - E2423H - 23.8-WHD,632,0,2320000.0
2023-10-22,1142,Giá vốn (80%): Ổ CỨNG LẮP TRONG WESTERN DIGITAL 1TB,632,0,872727.2
2023-10-22,1139,Giá vốn (80%): Cáp dữ liệu VIDEO HDMI 1.4 truyền âm thanh hình ảnh dài10M Ugreen (10110),632,0,2181818.4
2023-10-22,1140,Giá vốn (80%): BÀN PHÍM LOGITECH K400 WIRELESS,632,0,690908.8
2023-10-22,1143,Giá vốn (80%): Máy in hóa đơn XP - T80L,632,0,647272.8
2023-10-23,1144,Giá vốn (80%): Máy In Canon Laser LBP - 2900,632,0,3054545.6
2023-10-24,1147,Giá vốn (80%): Cáp dữ liệu VIDEO HDMI 1.4 truyền âm thanh hình ảnh dài5M Ugreen(10109),632,0,196364.0
2023-10-24,1146,Giá vốn (80%): Máy chiếu đa năng ViewSonic PA503XB,632,0,7920000.0
2023-10-24,1147,"Giá vốn (80%): Thiêt bị chuyển mạch TP -Link, TL - SG1024D",632,0,1054545.6
2023-10-24,1153,"Giá vốn (80%): Thiết bị  thu phát vô tuyến TP-Link 2.4Ghz,Archer T2U",632,0,196364.0
2023-10-24,1153,"Giá vốn (80%): Thiết bị chuyển mạch TP-Link, TL - SG108",632,0,392727.2
2023-10-24,1152,Giá vốn (80%): Hộp mực in Izinet 12A/303/FX9,632,0,327272.8
2023-10-24,1145,Giá vốn (80%): Phần mềm Kaspersky KL1941MUEFS,632,0,2160000.0
2023-10-24,1145,Giá vốn (80%): Phần mềm Kaspersky KL1941MCCFS,632,0,520000.0
2023-10-24,1153,"Giá vốn (80%): Thiết bị định tuyến 2G/3G/4G băng tần 2.4Ghz TP-Link,TL-MR100",632,0,647272.8
2023-10-24,1147,Giá vốn (80%): Bàn phím Logitech G213,632,0,545454.4
2023-10-24,1151,Giá vốn (80%): Hộp mực in Izinet 12A/303/FX9,632,0,690908.8
2023-10-24,1151,"Giá vốn (80%): Ổ cứng gắn trong WesternDigital 2TB-3.5"" (WD20EZAZ)",632,0,872727.2
2023-10-24,1151,Giá vốn (80%): Bộ vi xử  lý Intel Pentium G6405 (BX80701G6405SRH3Z),632,0,1163636.0
2023-10-24,1151,Giá vốn (80%): Bộ nhớ MTXT Kingmax 8GB DDR4 - 2400,632,0,400000.0
2023-10-24,1151,Giá vốn (80%): Ổ đĩa cứng Kingmax PQ3480256GB (ZeusM2PCIe-Gen3x4),632,0,523636.8
2023-10-24,1150,Giá vốn (80%): Mực MP 3054/3554/2554,632,0,690908.8
2023-10-24,1148,"Giá vốn (80%): Thiết bị đầu cuối GSM/W-CDMA FDD 2.4GHz TP-Link, M7000",632,0,3236364.0
2023-10-25,1157,Giá vốn (80%): Hộp mực in HP MFP M150a/M178NW/M179NW M,632,0,327272.8
2023-10-25,1158,Giá vốn (80%): Mực T5018,632,0,872727.2
2023-10-25,1157,Giá vốn (80%): Hộp mực in HP MFP M150a/M178NW/M179NW C,632,0,327272.8
2023-10-25,1157,Giá vốn (80%): Hộp mực in HP MFP M150a/M178NW/M179NWBK,632,0,327272.8
2023-10-25,1154,"Giá vốn (80%): Thiết bị thu phát vô tuyến 2.4GHz TP-Link ,TL- WA854RE",632,0,145454.4
2023-10-25,1154,Giá vốn (80%): Bộ nhớ Máy tính Kingmax 16GB DDR4-3200,632,0,763636.8
2023-10-25,1155,"Giá vốn (80%): Thiết bị định tuyến 2G/3G/4G băng tần 2.4Ghz TP-Link, TL-MR100",632,0,560000.0
2023-10-25,1156,Giá vốn (80%): Mực T3008,632,0,836364.0
2023-10-25,1155,"Giá vốn (80%): Máy tính xách tay MSI GF63 Thin11UC - 1228VN (i7-11800H; 8GB;512GB SSD; RTX3050/4GB; 15.6""FHD; Win11; Đen)",632,0,13527272.8
2023-10-26,1173,"Giá vốn (80%): Máy tính xách tay Dell Ins 15 3520 Intel Core i5-1235U/15.6""FHD/1x8G/256GB SSD (N5I5122W1)",632,0,10181818.4
2023-10-26,1172,"Giá vốn (80%): Máy tính xách tay Dell Ins 15 3520 Intel Core i5 -1235U/15.6""FHD/1x8G/256GB SSD (N5I5122W1)",632,0,10181818.4
2023-10-26,1170,Giá vốn (80%): Bộ máy vi tính,632,0,5592727.2
2023-10-26,1171,"Giá vốn (80%): Máy tính xách tay Dell Ins 16 5620 Core i7-1255U/16.0""FHD/1+8G/512GB SSD (N6I7110W1)",632,0,14909091.2
2023-10-26,1170,"Giá vốn (80%): Màn hình máy tính Lenovo H20215FE0 - ""E22 -28 (H20215FE0) 21.5 inch Monitor-HDMI, P/N:62B9MAR4W",632,0,1956364.0
2023-10-26,1174,"Giá vốn (80%): Máy tính xách tay Dell Vostro 3520 Intel Core i3-1215U, 15.6""FHD, 1x8G,256GB SSD PCIe NVMe, 3 Cell-41Whr, Win 11, Office H&S 2021,V5I3614W1-Gray",632,0,8436364.0
2023-10-26,1163,"Giá vốn (80%): Hộp mực(Cartridge) đã có mực in dùng cho máy inLaser loại 230A , nhãn hiệu XPPRO",632,0,1745454.4
2023-10-26,1161,"Giá vốn (80%): Hộp mực (Catridge) đã có mực in dùng cho máy inlaser loại 83A,nhãn hiệu Xppro",632,0,4145454.4
2023-10-26,1162,Giá vốn (80%): Phần mềm Kaspersky KL1941MUEFS,632,0,720000.0
2023-10-26,1159,Giá vốn (80%): Cáp dữ liệu USB 2.0 cho máy in dài 1.5m (10845),632,0,50908.8
2023-10-26,1160,Giá vốn (80%): Phần mềm diệt virus Bkav Pro Internet Security Al,632,0,400000.0
2023-10-26,1169,Giá vốn (80%): Máy Photocopy Toshiba E-Studio 2309A+MR3029,632,0,16581818.4
2023-10-26,1168,Giá vốn (80%): Máy chấm công bằng dấu vân tay DG600BID,632,0,2362963.2
2023-10-26,1164,Giá vốn (80%): Máy in mã vạch XP - TT426B,632,0,6000000.0
2023-10-26,1167,"Giá vốn (80%): Ổ cứng di động  (HDD) Seagate One Touch 1TB2.5"" USB 3.0",632,0,1127272.8
2023-10-26,1165,Giá vốn (80%): Máy In Canon Laser LBP226DW,632,0,3781818.4
2023-10-26,1165,Giá vốn (80%): Bàn phím Dell Multimedia KB216,632,0,1090908.8
2023-10-26,1165,Giá vốn (80%): Chuột vi tính Rapoo M20,632,0,1745454.4
2023-10-26,1165,Giá vốn (80%): Tai nghe Logitech H370,632,0,1600000.0
2023-10-26,1165,Giá vốn (80%): Loa SoundMax A2126/2.1,632,0,1687272.8
2023-10-26,1166,Giá vốn (80%): Hộp mực in Ecoplus 12A/303/FX9,632,0,283636.8
2023-10-26,1165,"Giá vốn (80%): Camera kỹ thuật số có chức năng ghi hiệu EZVIZ mã CS -C3TN (3MP,2.8MM)-hỗ trợ thẻ nhớ trong",632,0,3236364.0
2023-10-26,1165,Giá vốn (80%): Hộp mực in Izinet 12A/303/FX9,632,0,1200000.0
2023-10-27,1187,"Giá vốn (80%): Máy tính xách tay Dell Inspiron 153520 (i5-1235U, 8GB,512GB SSD,15.6"" FHD, UMA, Win11, OfficeHS 21, Đen,P112F007) (N3520-i5U085W11BLU)",632,0,10327272.8
2023-10-27,1181,"Giá vốn (80%): Máy Tính Xách Tay (NB) Dell Vos15 3520i5-1235U/8G/512SSD/15.6""FHD (5M2TT2)",632,0,10909091.2
2023-10-27,1182,"Giá vốn (80%): Máy tính xách tay Dell Vostro 3520 Intel Core i3-1215U,15.6""FHD, 1x8G,256GB SSD PCIe NVMe, 3 Cell-41Whr, Win11, Office H&S 2021,V5I3614W1-Gray",632,0,8436364.0
2023-10-27,1189,"Giá vốn (80%): Máy tính xách tay Dell Vostro 3510(i5-1135G7, 8GB, 512GBSSD, 15.6""FHD, NV-MX350/2GB, Win11,Office HS 21, Đen,P112F002)(P112F002BBL)",632,0,9818181.6
2023-10-27,1188,"Giá vốn (80%): Máy tính xách tay Dell Vostro 3510(i5-1135G7, 8GB, 512GB SSD, 15.6""FHD, NV-MX350/2GB, Win11,Office HS 21, Đen, P112F002)(P112F002BBL)",632,0,9818181.6
2023-10-27,1180,"Giá vốn (80%): Máy Tính Xách Tay (NB) Dell Vos15 3520i5-1235U/8G/512SSD/15.6""FHD (5M2TT2",632,0,10909091.2
2023-10-27,1191,"Giá vốn (80%): Máy tính xách tay Dell Inspiron 153520 (i3-1215U, 8GB, 256GB SSD,15.6' FHD, UMA, Win11, OfficeHS 21, Đen, P112F007) (N3520-i3U082W11BLU)",632,0,8000000.0
2023-10-27,1192,"Giá vốn (80%): Máy tính xách tay Dell Ins 15 3520 Intel Core i5-1235U/15.6""FHD/1x8G/256GB SSD (N5I5122W1)",632,0,9454545.6
2023-10-27,1175,"Giá vốn (80%): Máy Tính Xách Tay (NB) Dell Vos15 3520 i5 -1235U/8G/512SSD/15.6""FHD (5M2TT2)",632,0,10909091.2
2023-10-27,1178,Giá vốn (80%): Máy in đa năng Canon G1010,632,0,1956364.0
2023-10-27,1179,"Giá vốn (80%): Máy Tính Xách Tay (NB) Dell Vos15 3520 i5-1235U/8G/512SSD/15.6""FHD (5M2TT2)",632,0,10909091.2
2023-10-27,1190,"Giá vốn (80%): Máy tính xách tay Dell Vostro 3510(i5-1135G7, 8GB, 512GBSSD, 15.6""FHD, NV-MX350/2GB, Win11,Office HS 21, Đen,P112F002)(P112F002BBL)",632,0,9818181.6
2023-10-27,1176,Giá vốn (80%): Máy In Canon Laser LBP6030,632,0,18545456.0
2023-10-27,1176,Giá vốn (80%): Chuột vi tính Rapoo M20,632,0,25090908.0
2023-10-27,1176,Giá vốn (80%): Bàn phím Keyboard NK2500,632,0,16581817.6
2023-10-27,1176,Giá vốn (80%): Hộp mực in Izinet 12A/303/FX9,632,0,5745454.4
2023-10-27,1176,Giá vốn (80%): Chuột máy tính Logitech B100,632,0,6000000.0
2023-10-27,1176,Giá vốn (80%): Camera kỹ thuật số có chức năng ghi hiệu EZVIZ mã CS - C6N (B0-1G2WF)(1080P) - hỗ trợ thẻ nhớ trong,632,0,19854545.6
2023-10-27,1186,"Giá vốn (80%): Máy tính xách tay Dell Inspiron 153520 (i5-1235U, 8GB,512GB SSD,15.6"" FHD, UMA, Win11, OfficeHS 21, Đen,P112F007) (N3520-i5U085W11BLU)",632,0,10327272.8
2023-10-27,1185,"Giá vốn (80%): Máy tính xách tay Dell Inspiron 153520 (i5-1235U, 8GB, 512GB SSD,15.6"" FHD, UMA, Win11, OfficeHS 21, Đen, P112F007) (N3520-i5U085W11BLU)",632,0,10327272.8
2023-10-27,1183,"Giá vốn (80%): Máy tính xách tay Dell Inspiron 153520 (i5-1235U, 8GB, 512GB SSD,15.6"" FHD, UMA, Win11, OfficeHS 21, Đen, P112F007) (N3520-i5U085W11BLU)",632,0,10327272.8
2023-10-27,1177,"Giá vốn (80%): Máy Tính Xách Tay (NB) Dell Vos15 3520 i5-1235U/8G/512SSD/15.6""FHD (5M2TT2)",632,0,10909091.2
2023-10-27,1184,"Giá vốn (80%): Máy tính xách tay Dell Inspiron 153520 (i5-1235U, 8GB, 512GB SSD,15.6"" FHD, UMA, Win11, OfficeHS 21, Đen, P112F007) (N3520-i5U085W11BLU)",632,0,10327272.8
2023-10-28,1193,Giá vốn (80%): ổ cứng gắn ngoài 1TB SSD ESD310S USB 10Gbps TypeC/A Transcend,632,0,1345454.4
2023-10-29,1197,Giá vốn (80%): Mực in Canon GI-790BK,632,0,196364.0
2023-10-29,1197,Giá vốn (80%): Mực in Canon GI-790C,632,0,181818.4
2023-10-29,1197,Giá vốn (80%): Mực in Canon GI-790M,632,0,181818.4
2023-10-29,1202,Giá vốn (80%): Hộp mực in Izinet 12A/303/FX9,632,0,589091.2
2023-10-29,1197,Giá vốn (80%): Mực in Canon GI-790Y,632,0,181817.6
2023-10-29,1196,Giá vốn (80%): Máy in Brother HL - L2321D,632,0,2109091.2
2023-10-29,1203,"Giá vốn (80%): Máy tính xách tay Dell Ins 15 3520 Intel Corei5-1235U/15.6""FHD/1x8G/256GB SSD (N5I5122W1)",632,0,10181818.4
2023-10-29,1198,"Giá vốn (80%): Máy tính xách tay Dell Vostro 3510 (i5-1135G7, 8GB, 512GBSSD, 15.6""FHD, NV-MX350/2GB, Win11,Office HS21, Đen,P112F002)(P112F002BBL)",632,0,11236364.0
2023-10-29,1194,Giá vốn (80%): Bộ máy vi tính,632,0,5810908.8
2023-10-29,1201,Giá vốn (80%): Thẻ nhớ Patriot VX Series 64GB MICRO SDXCV30 P/N 7FCNB6JPUVI-64G,632,0,80000.0
2023-10-29,1201,Giá vốn (80%): Camera quan sát CS-H8C (1080P),632,0,785454.4
2023-10-29,1200,Giá vốn (80%): Màn hình vi tính DELL LCD E2423H  23.8 - WHD,632,0,2320000.0
2023-10-29,1198,Giá vốn (80%): Chuột vi tính Rapoo M20,632,0,101817.6
2023-10-29,1199,"Giá vốn (80%): Hộp mực (Catridge) đã có mực in dùng cho máy inlaser loại 35A, nhãn hiệu Xppro",632,0,240000.0
2023-10-29,1199,"Giá vốn (80%): Thiết bị định tuyến 2G/3G/4G băng tần 2.4Ghz TP-Link,TL-MR100",632,0,632727.2
2023-10-29,1195,Giá vốn (80%): Máy In Canon Laser LBP - 2900,632,0,2872727.2
2023-10-29,1195,Giá vốn (80%): Hộp mực in Ecoplus 12A/303/FX9,632,0,145454.4
2023-10-29,1195,Giá vốn (80%): Mực Laser đen Premium,632,0,58182.4
2023-10-30,1209,Giá vốn (80%): Màn chiếu treo P84WS,632,0,1074074.4
2023-10-30,1208,Giá vốn (80%): Máy chiếu đa năng ViewSonic PA503SB,632,0,6829091.2
2023-10-30,1210,Giá vốn (80%): Ổ CỨNG VI TÍNH ( SSD) Lexar SSDNS100 256GB Sata III 6Gbs ( LNS100-256RB) (LNS100-256RB),632,0,640000.0
2023-10-30,1208,Giá vốn (80%): Thiết bị trình chiếu Presenter Logitech  R400,632,0,429091.2
2023-10-30,1208,Giá vốn (80%): Cáp dữ liệu VIDEO HDMI 1.4 truyền âm thanh hình ảnh dài15M Ugreen (10111),632,0,545454.4
2023-10-30,1208,Giá vốn (80%): Dây chuyển đổi có  chíp RS-232 dài 1.5m Ugreen (20211),632,0,101817.6
2023-10-30,1211,Giá vốn (80%): Bàn phím máy tính NK2500Wired Keyboard US_BLACK,632,0,8363636.0
2023-10-30,1206,"Giá vốn (80%): Máy Tính Xách Tay (NB) Dell Vos15 3520i5-1235U/8G/512SSD/15.6""FHD (5M2TT2)",632,0,10545454.4
2023-10-30,1207,"Giá vốn (80%): Hộp mực (Catridge) đã có mực in dùng cho máy inlaser loại 12a,nhãn hiệu Xppro",632,0,247272.8
2023-10-30,1205,Giá vốn (80%): Máy in Brother HL-L2321D,632,0,4218181.6
2023-10-30,1208,Giá vốn (80%): Giá treo máy chiếu 1.2 m,632,0,327272.8
2023-10-30,1211,Giá vốn (80%): Chuột máy tính N100.BLACK - Optical Mouse,632,0,3636364.0
2023-10-30,1204,Giá vốn (80%): Bảng mạch chính Asus ROGMAXIMUS Z790 HERO,632,0,11600000.0
2023-10-30,1204,"Giá vốn (80%): Bộ nhớ trong Corsair DDR5, 5600MHz64GB 2x32GB DIMM,DOMINATORPLATINUM RGB Black Heatspreader,RGBLED,C40,1.25V/CMT64GX5M2B5600C40",632,0,5083636.8
2023-10-30,1204,Giá vốn (80%): Card đồ hoạ ASUS TUF-RTX4070-O12GGAMING_90YV0IZ0-M0NA00,632,0,13738181.6
2023-10-30,1204,Giá vốn (80%): Nguồn máy tính Corsair RM1000e ATX3.0/CP-9020264-NA,632,0,3338181.6
2023-10-30,1204,Giá vốn (80%): Vỏ máy tính MIK LV12 - WHITE,632,0,1301818.4
2023-10-30,1204,Giá vốn (80%): Màn hình máy tính Dell 27 Monitor - U2722D,632,0,14821818.4
2023-10-30,1204,Giá vốn (80%): Bàn phím Logitech  G413 TKL SE,632,0,1010908.8
2023-10-30,1204,Giá vốn (80%): Chuột máy tính Logitech G402,632,0,465454.4
2023-10-30,1204,Giá vốn (80%): BỘ TẢN NHIỆT NƯỚC ID - COOLINGZOOMFLOW 360-XT SNOW,632,0,1374545.6
2023-10-30,1204,Giá vốn (80%): Ổ cứng SSD Samsung  PRO 1TB M.2NVMe (MZ-V9P1T0BW),632,0,1781818.4
2023-10-30,1204,"Giá vốn (80%): ổ cứng lắp trong Western Digital 4TB3.5"" Sata3 , màu vàng(Gold) (WD4003FRYZ )",632,0,3192727.2
2023-10-31,1212,Giá vốn (80%): Bộ máy vi tính để bàn,632,0,48000000.0
2023-10-31,1213,Giá vốn (80%): Ổ cứng Kingmax SSD M2 Sata III 256GB SA3080,632,0,800000.0
2023-10-31,1218,"Giá vốn (80%): Máy tính xách tay Lenovo V14 G4 IRU - Intel Core i7 -1355U (5.00GHz) - 8GB RAM - 512GB SSD - WF+BL - 14"" FHD - NOS -2YR Premium NBD,P/n 83A0000NVN",632,0,11927272.8
2023-10-31,1213,Giá vốn (80%): Chuột máy tính Logitech M185,632,0,276363.2
2023-10-31,1219,"Giá vốn (80%): Thiết bị chuyển mạch TP -Link, TL- SG108",632,0,392727.2
2023-10-31,1218,"Giá vốn (80%): Màn hình AOC 31.5"" Wide Led C32V1Q/74",632,0,2545454.4
2023-10-31,1216,Giá vốn (80%): Máy tính để bàn Dell Optiplex   3000 SFF Core i5,632,0,13301818.4
2023-10-31,1215,Giá vốn (80%): Mực MP 3054/3554/2554,632,0,1236364.0
2023-10-31,1213,Giá vốn (80%): Hộp mực in Izinet 12A/303/FX9,632,0,436364.0
2023-10-31,1217,Giá vốn (80%): Phần mềm Kaspersky KL1867MUAFS,632,0,3120000.0
2023-10-31,1214,Giá vốn (80%): Máy in hóa đơn XP - T80L,632,0,654545.6
2023-11-01,1220,Giá vốn (80%): Chuột máy tính Dell MS116,632,0,458181.6
2023-11-01,1220,Giá vốn (80%): Nguồn Jetek Model 350 ELITE V2,632,0,1047273.6
2023-11-01,1220,Giá vốn (80%): Chíp xử lý vi tính Intel Celeron G4930 - 3.20Ghz,632,0,1156363.2
2023-11-01,1220,Giá vốn (80%): Bàn phím Dell Multimedia KB216,632,0,654545.6
2023-11-01,1220,Giá vốn (80%): Mạch chính vi tính Gigabyte H510MH,632,0,1156363.2
2023-11-01,1220,Giá vốn (80%): Bộ nhớ trong Kingston 4GB D4 - 2666U19,632,0,872726.4
2023-11-01,1220,"Giá vốn (80%): ổ cứng lắp trong Western Digital 1TB  3.5""Sata, màu xanh (Blue) (WD10EZEX)",632,0,3272728.0
2023-11-01,1220,Giá vốn (80%): Vỏ thùng máy tính Jetek A3032B,632,0,1200000.0
2023-11-01,1222,"Giá vốn (80%): Máy tính xách tay Lenovo ThinkPad E15 Gen 4 - I5 -1235U (4.4G) -8Gb RAM - 256GB SSD - WF+BL, Fingerprint - 15.6' FHD - Dos -2Yrs,P/N:21E600CGVA",632,0,11636364.0
2023-11-01,1223,Giá vốn (80%): Máy In Canon Laser LBP - 2900,632,0,2872727.2
2023-11-01,1228,Giá vốn (80%): Máy In Canon Laser LBP-2900,632,0,2800000.0
2023-11-01,1227,Giá vốn (80%): Máy In Canon Laser LBP - 2900,632,0,2872727.2
2023-11-01,1226,Giá vốn (80%): Máy in hóa đơn XP-T80L,632,0,1294545.6
2023-11-01,1226,Giá vốn (80%): Máy quét mã vạch WNI-5010G,632,0,1032727.2
2023-11-01,1226,Giá vốn (80%): Máy đọc mã vạch EC331,632,0,618181.6
2023-11-01,1221,Giá vốn (80%): Bàn phím Dell Multimedia KB216,632,0,138181.6
2023-11-01,1224,Giá vốn (80%): Ổ CỨNG (SSD) LexarSSD NS100 1TB Sata III 6Gb/s(LNS100-1TRB)(LNS100-1TRB),632,0,938181.6
2023-11-01,1225,Giá vốn (80%): Chuột máy tính Dell MS116,632,0,218181.6
2023-11-01,1225,Giá vốn (80%): Bàn phím Dell MultimediaKB216,632,0,370909.6
2023-11-02,1229,Giá vốn (80%): Máy In Canon Laser LBP - 2900,632,0,5818182.4
2023-11-02,1230,Giá vốn (80%): Máy In Canon Laser LBP - 2900,632,0,2981818.4
2023-11-03,1233,Giá vốn (80%): Camera kỹ thuật số có chức năng ghi hiệu EZVIZ mã CS -C6N (B0-1G2WF)(1080P),632,0,421818.4
2023-11-03,1233,Giá vốn (80%): Thẻ nhớ Patriot VX Series 64GB MICRO SDXCV30 P/N 7FCNB6JPUVI-64G,632,0,87272.8
2023-11-03,1232,Giá vốn (80%): MÁY TÍNH XÁCH TAY (NB) LENOVO V14 G3 IAP i5 -1235U/8GD4/512GSSD/14.0FHD/IPS/WL/BT/2C38/WIN11/1Y/XÁM (82TS00AXVN),632,0,8625454.4
2023-11-03,1232,Giá vốn (80%): Chuột vi tính Rapoo M20,632,0,101817.6
2023-11-03,1232,Giá vốn (80%): Bàn phím EKM 046 Pro Eblue,632,0,327273.6
2023-11-03,1232,Giá vốn (80%): Điện  thoại có dây PanasonicKXTS500,632,0,269090.4
2023-11-03,1232,Giá vốn (80%): Chuột máy tính Eblue EMS 146 Pro,632,0,123636.8
2023-11-03,1231,Giá vốn (80%): Máy In Canon Laser LBP - 2900,632,0,3054545.6
2023-11-03,1235,Giá vốn (80%): Máy In Canon Laser LBP226DW(3516C007AAME),632,0,3781818.4
2023-11-03,1236,Giá vốn (80%): Thẻ nhớ Patriot VX Series 64GB MICRO SDXCV30 P/N 7FCNB6JPUVI-64G,632,0,145454.4
2023-11-03,1234,Giá vốn (80%): Bàn phím EKM 046 Pro Eblue,632,0,545454.4
2023-11-03,1234,Giá vốn (80%): Thiết bị truyền ảnh Webcam Logitech C270,632,0,1090908.8
2023-11-03,1234,"Giá vốn (80%): Thiết bị đinh tuyến Thu phát vô tuyến TP-Link,2.4Ghz,TL-MR6400",632,0,1556363.2
2023-11-03,1236,"Giá vốn (80%): Thiết bị đinh tuyến Thu phát vô tuyến TP-Link,2.4Ghz,TL-MR6400",632,0,909091.2
2023-11-03,1236,Giá vốn (80%): Camera quan sát CS - H8C (1080P),632,0,1381818.4
2023-11-03,1234,Giá vốn (80%): Chuột máy tính Eblue EMS 146 Pro,632,0,432728.8
2023-11-04,1237,Giá vốn (80%): Cáp dữ liệu VIDEO HDMI 1.4 truyền âm thanh hình ảnh dài5M Ugreen (10109),632,0,890908.8
2023-11-04,1237,"Giá vốn (80%): Màn hình máy tính Lenovo H20215FE0 -"" E22-28 (H20215FE0) 21.5 inch Monitor-HDMI, P/N:62B9MAR4W",632,0,1527272.8
2023-11-04,1237,"Giá vốn (80%): Thiết bị  thu phát vô tuyến TP-Link 2.4Ghz, Archer T2U",632,0,349091.2
2023-11-04,1237,Giá vốn (80%): Ổ CỨNG VI TÍNH ( SSD)  Lexar SSDNS100 512GBSata III 6Gbs ( LNS100-512RB)(LNS100-512RB),632,0,2545454.4
2023-11-04,1237,Giá vốn (80%): Nguồn Jetek Model 350 ELITE V2,632,0,1309091.2
2023-11-05,1238,Giá vốn (80%): Phần mềm Kaspersky KL1941MUEFS,632,0,1440000.0
2023-11-05,1239,Giá vốn (80%): Ổ CỨNG DI ĐỘNG WESTERN MY PASSPORT 5TB USB 3.2,632,0,10472727.2
2023-11-05,1248,Giá vốn (80%): Nguồn Jetek Model 400 ELITE V2,632,0,312727.2
2023-11-05,1248,"Giá vốn (80%): Ổ cứng gắn trong Western Digital 1TB-3.5""(WD10EZEX)",632,0,872727.2
2023-11-05,1247,Giá vốn (80%): BỘ MÁY VI TÍNH,632,0,11694545.6
2023-11-05,1240,"Giá vốn (80%): Thiết bị đầu cuối GSM/W-CDMA FDD 2.4GHz TP-Link, M7000",632,0,1338182.4
2023-11-05,1246,Giá vốn (80%): Hộp mực in Izinet 12A/303/FX9,632,0,370908.8
2023-11-05,1241,Giá vốn (80%): Mực T2309,632,0,690908.8
2023-11-05,1241,"Giá vốn (80%): Thiết bị đinh tuyến Thu phát vô tuyến TP-Link,2.4Ghz,TL-MR6400",632,0,836364.0
2023-11-05,1242,"Giá vốn (80%): Thiết bị đầu cuối GSM/W-CDMA FDD 2.4GHz TP-Link,M7000",632,0,574545.6
2023-11-05,1243,Giá vốn (80%): Chuột vi tính Rapoo M20,632,0,87272.8
2023-11-05,1243,Giá vốn (80%): Camera quan sát CS - H8C (1080P),632,0,836364.0
2023-11-05,1243,Giá vốn (80%): Camera kỹ thuật số có chức năng ghi hiệu EZVIZ mã CS-C6N (B0-1G2WF)(1080P),632,0,509090.4
2023-11-05,1243,Giá vốn (80%): Thẻ nhớ Patriot VX Series 64GB MICRO SDXCV30 P/N 7FCNB6JPUVI-64G,632,0,145454.4
2023-11-05,1246,Giá vốn (80%): Bảng mạch chính Asus Prime -H510MK,632,0,1127272.8
2023-11-05,1245,"Giá vốn (80%): MÁY TÍNH ĐỂ BÀN (PC) LENOVO ThinkCentre neo50s Gen 3 i7 -12700(12*2.1)/8GD4/512GSSD/WL/BT/KB/M/NoOS/ĐEN(11T0005BVA)*Màn Hình Lenovo 21.5"" E22-28",632,0,13927272.8
2023-11-05,1246,Giá vốn (80%): Nguồn Jetek Model 400 ELITE V2,632,0,269091.2
2023-11-05,1245,"Giá vốn (80%): Máy tính xách tay Lenovo Notebook ThinkPad NBLN TP L13Clam G3 T (gồm i7-1255U (4.7G) - 16GB RAM - 512GB SSD -WF+BL, Fingerprint - 13.3'' WUXGA - Thunder Black - Dos -P/N:21B3005YVA",632,0,16690908.8
2023-11-05,1244,Giá vốn (80%): Hộp mực in Ecoplus 12A/303/FX9,632,0,94545.6
2023-11-05,1243,Giá vốn (80%): Bàn phím Keyboard NK2500,632,0,87272.8
2023-11-06,1254,Giá vốn (80%): Bàn phím Keyboard NK2500,632,0,283636.8
2023-11-06,1254,Giá vốn (80%): Chuột vi tính Rapoo M20,632,0,283636.8
2023-11-06,1254,"Giá vốn (80%): Ổ cứng gắn trong Western Digital 1TB - 3.5""(WD10EZEX)",632,0,654544.8
2023-11-06,1249,Giá vốn (80%): Mực Laser TN-2385 Brother,632,0,1424727.2
2023-11-06,1256,Giá vốn (80%): Ổ CỨNG VI TÍNH ( SSD) Lexar SSDNS100 256GBSata III6Gbs ( LNS100-256RB)(LNS100-256RB),632,0,327272.8
2023-11-06,1256,Giá vốn (80%): Mạch chính vi tính Gigabyte H510MH,632,0,1127272.8
2023-11-06,1250,Giá vốn (80%): MÁY TÍNH XÁCH TAY (NB) LENOVO V14 G3 IAP i5 -1235U/8GD4/512GSSD/14.0FHD/IPS/WL/BT/2C38/WIN11/1Y/XÁM(82TS00AXVN),632,0,8509091.2
2023-11-06,1250,Giá vốn (80%): Bộ lưu điện Santak - TG1000,632,0,3258182.4
2023-11-06,1250,Giá vốn (80%): Máy quét Canon Lide 400,632,0,1687272.0
2023-11-06,1253,Giá vốn (80%): Phần mềm Kaspersky KL1941MUEFS,632,0,720000.0
2023-11-06,1253,Giá vốn (80%): Phần mềm Kaspersky KL1941MCCFS,632,0,520000.0
2023-11-06,1255,Giá vốn (80%): Phí dịch vụ tháng 10 /2023 theo hợp đồng số 64/2015/HĐ_NetViet ký ngày 26/10/2015,632,0,222222.4
2023-11-06,1251,Giá vốn (80%): Phần mềm Kaspersky KL1171MUAFS,632,0,160000.0
2023-11-06,1252,Giá vốn (80%): Bộ nhớ trong Kingston 4GB D4-2666U19,632,0,327272.8
2023-11-06,1252,Giá vốn (80%): Ổ CỨNG VI TÍNH ( SSD)  Lexar SSDNS100 256GBSata III 6Gbs ( LNS100-256RB)(LNS100-256RB),632,0,567272.8
2023-11-07,1258,Giá vốn (80%): Hộp mực in Izinet 12A/303/FX9,632,0,741816.0
2023-11-07,1258,Giá vốn (80%): Bộ nhớ Máy tính Kingmax 8GB DDR4-3200,632,0,327272.8
2023-11-07,1258,Giá vốn (80%): Chuột máy tính Dell MS116,632,0,130908.8
2023-11-07,1261,Giá vốn (80%): Bộ vi xử lý Intel Core i3 - 10105 (BX8070110105SRH3P),632,0,4000000.0
2023-11-07,1258,Giá vốn (80%): Vỏ thùng máy tính Jetek A3035B,632,0,392728.0
2023-11-07,1261,"Giá vốn (80%): Ổ cứng gắn trong WesternDigital 1TB - 3.5""(WD10EZEX)",632,0,727272.8
2023-11-07,1261,Giá vốn (80%): Nguồn Jetek Model 400 ELITE V2,632,0,538182.4
2023-11-07,1261,Giá vốn (80%): Bộ nhớ trong Kingston 4GD4 /2666S19 1RX16(KVR26S19S6/4),632,0,552726.4
2023-11-07,1258,Giá vốn (80%): Bàn phím Dell Multimedia KB216,632,0,232728.0
2023-11-07,1258,Giá vốn (80%): Nguồn Jetek Model 400 ELITE V2,632,0,538182.4
2023-11-07,1257,"Giá vốn (80%): Ổ cứng gắn trong WesternDigital 2TB - 3.5""(WD20EZAZ)",632,0,1156364.0
2023-11-07,1260,"Giá vốn (80%): Thiết bị chuyển  mạch TP -Link, TL- SG1016D",632,0,1149091.2
2023-11-07,1258,Giá vốn (80%): Bộ vi xử lý Intel Core i3 - 10105 (BX8070110105SRH3P),632,0,2000000.0
2023-11-07,1258,"Giá vốn (80%): Ổ cứng gắn trong WesternDigital 1TB - 3.5""(WD10EZEX)",632,0,1454545.6
2023-11-07,1259,"Giá vốn (80%): Màn hình máy tính Lenovo H20215FE0 -""  E22 -28 (H20215FE0) 21.5 inch Monitor-HDMI, P/N:62B9MAR4W",632,0,1738181.6
2023-11-07,1259,Giá vốn (80%): Máy tính bàn Lenovo ThinkCentre M70s Gen 3  i3 - 12100( 4.3GHZ) - 8GB RAM - 256GB SSD - Wireless & Bluetooth -None-1Yr; P/n 11TC000QVA,632,0,6756364.0
2023-11-07,1259,Giá vốn (80%): MÁY IN LASER ĐƠN NĂNG TRẮNG ĐEN - CANONPRINTER  I - SENSYS LBP 236DW,632,0,8421818.4
2023-11-08,1266,"Giá vốn (80%): Ổ cứng gắn trong WesternDigital 1TB - 3.5""(WD10EZEX)",632,0,5963640.0
2023-11-08,1266,Giá vốn (80%): Mạch chính vi tính Gigabyte H510MH V2,632,0,5636360.0
2023-11-08,1266,Giá vốn (80%): Ổ đĩa cứng máy tính KingmaxSA3080 256GB (M.2 Sata 3),632,0,3272728.0
2023-11-08,1266,Giá vốn (80%): Dây cáp mạng (xoắn)  Ensoho EN- U5CA24 UTP Cat5e,632,0,8290912.0
2023-11-08,1268,Giá vốn (80%): Cáp dữ liệu VIDEO HDMI 1.4 truyền âm thanh hình ảnh dài1.5M Ugreen( 60820),632,0,109090.4
2023-11-08,1267,"Giá vốn (80%): Laptop Lenovo V15 G3 82TT00N9VN - I5 /1235U 8Gb/SSD512GB/ Intel Iris Xe/15.6"" FHD Win11/ Xám",632,0,8363636.0
2023-11-08,1266,Giá vốn (80%): Bảng mạch chính của máy vi tính hiệu ASUS PRIMEH510M - K R2.0-CSM-SI,632,0,5454544.0
2023-11-08,1267,Giá vốn (80%): MÁY TÍNH XÁCH TAY (NB) LENOVO V14 G3 IAP i3 - 1215U/8GD4/256GSSD/14.0FHD/IPS/WL/BT/2C38/NoOS/ĐEN (82TS0060VN),632,0,6036364.0
2023-11-08,1268,Giá vốn (80%): Máy tính bàn Lenovo ThinkCentre M70s Gen 3 i5 -12400(4.4GHZ)- 8GB RAM - 256 SSD- Wireless & Bluetooth - None -1Yr; P/n11TC000TVA,632,0,9301818.4
2023-11-08,1266,"Giá vốn (80%): Thanh ram SGKILL F4 - 2666C19S - 8GVR,8GB",632,0,4000000.0
2023-11-08,1265,"Giá vốn (80%): Ổ cứng di động (HDD) Seagate One Touch 2TB 2.5"" USB 3.0",632,0,1600000.0
2023-11-08,1269,Giá vốn (80%): Máy chiếu Epson EB - FH52,632,0,26909091.2
2023-11-08,1263,Giá vốn (80%): Máy in hóa đơn XP - T80L,632,0,865454.4
2023-11-08,1262,"Giá vốn (80%): Máy quét HP ScanJetEnterprise Flow 7000 s3 Sheet-feed Scanner, 1Y WTY_L2757A",632,0,15636364.0
2023-11-08,1265,Giá vốn (80%): Bộ máy vi tính,632,0,10909091.2
2023-11-08,1264,Giá vốn (80%): Chuột máy tính Logitech M331,632,0,240000.0
2023-11-08,1264,Giá vốn (80%): Chuột máy tính Logitech M221,632,0,189091.2
2023-11-09,1273,Giá vốn (80%): Máy In Canon Laser LBP-2900,632,0,2800000.0
2023-11-09,1272,Giá vốn (80%): Phần mềm Kaspersky KL1171MUAFS,632,0,160000.0
2023-11-09,1270,Giá vốn (80%): Nguồn Jetek model MAXWATT 550,632,0,501818.4
2023-11-09,1272,Giá vốn (80%): Phần mềm Kaspersky KL1919MCAFS,632,0,360000.0
2023-11-09,1273,"Giá vốn (80%): Máy tính xách tay Lenovo ThinkPad E15 Gen 4 - I5 -1235U(4.4G) -8Gb RAM - 256GB SSD - WF+BL, Fingerprint - 15.6'FHD - Dos -2Yrs,P/N:21E600CGVA",632,0,11636364.0
2023-11-09,1271,Giá vốn (80%): Ổ CỨNG VI TÍNH ( SSD) Lexar SSDNS100 256GB Sata III 6Gbs ( LNS100-256RB) (LNS100-256RB),632,0,640000.0
2023-11-09,1271,Giá vốn (80%): Bộ nhớ trong Kingmax 4GB DDR4 - 2400,632,0,472727.2
2023-11-09,1271,Giá vốn (80%): Ổ cứng gắn trong 250GB SSD Exceria NVMe Bics Flas M.2 PCle Kioxia,632,0,836364.0
2023-11-10,1277,Giá vốn (80%): Ổ CỨNG VI TÍNH ( SSD) Lexar SSDNS100 256GBSata III 6Gbs ( LNS100-256RB) (LNS100-256RB),632,0,567272.8
2023-11-10,1277,"Giá vốn (80%): Thiết bị thu phát vô tuyến TP -Link,TL- WN823N",632,0,145454.4
2023-11-10,1275,"Giá vốn (80%): Camera quan sát CS - H8  (5MP,4MM)",632,0,1163636.8
2023-11-10,1275,Giá vốn (80%): Thẻ nhớ Patriot VX Series 64GB MICRO SDXCV30 P/N 7FCNB6JPUVI-64G,632,0,72727.2
2023-11-10,1275,"Giá vốn (80%): Cáp mạng Cat 6 FTP 305m/thùng, Hiệu Aptek",632,0,1272727.2
2023-11-10,1274,Giá vốn (80%): Máy in Brother HL - L2321D,632,0,1963636.0
2023-11-10,1274,"Giá vốn (80%): Thiết bị đinh tuyến Thu phát vô tuyến TP-Link,2.4Ghz,TL-MR6400",632,0,814545.6
2023-11-10,1274,Giá vốn (80%): Máy in hóa đơn XP - T80L,632,0,647272.8
2023-11-10,1278,Giá vốn (80%): Chuột vi tính Rapoo M20,632,0,101818.4
2023-11-10,1278,"Giá vốn (80%): Máy tính xách tay Dell Vostro 3530 Intel Core i5-1335U, 15.6"" FHD, 1x8G,256GB SSD, 3 Cell-41Whr, Win 11, Office H&S 2021, BH 12 tháng,V5I5267W1-Gray",632,0,12181817.6
2023-11-10,1280,Giá vốn (80%): Máy tính để bàn Dell Vostro 3470 ST PDCG5420/4GD4 (HXKWJ2),632,0,10909091.2
2023-11-10,1280,Giá vốn (80%): Bàn phím Dell Multimedia  KB216,632,0,218182.4
2023-11-10,1280,Giá vốn (80%): Chuột máy tính Dell MS116,632,0,130908.8
2023-11-10,1279,Giá vốn (80%): Hộp mực in Izinet 12A,632,0,312727.2
2023-11-11,1281,"Giá vốn (80%): Thiết bị chuyển  mạch TP -Link, TL- SF1008D",632,0,109091.2
2023-11-11,1281,Giá vốn (80%): Ổ CỨNG VI TÍNH ( SSD) Lexar SSDNS100 256GBSata III 6Gbs ( LNS100-256RB) (LNS100-256RB,632,0,567272.8
2023-11-12,1282,Giá vốn (80%): PHẦN MỀM KASPERSKY KL1867MUAFS,632,0,480000.0
2023-11-12,1283,Giá vốn (80%): Bộ lưu điện Santak - TG500,632,0,836364.0
2023-11-12,1284,Giá vốn (80%): Hộp mực in Ecoplus 12A/303/FX9,632,0,203636.8
2023-11-13,1285,Giá vốn (80%): Bộ nhớ Máy tính Kingmax 16GB DDR4-3200,632,0,800000.0
2023-11-13,1285,Giá vốn (80%): Ỏ đĩa cứng GT 500GB Kingston SSD NV1 M2 2280(SNVS/500G),632,0,1200000.0
2023-11-13,1285,Giá vốn (80%): Chuột máy tính Logitech G102,632,0,261818.4
2023-11-13,1285,Giá vốn (80%): Nguồn Jetek model MAXWATT 650,632,0,618181.6
2023-11-13,1285,Giá vốn (80%): Card VGA ASUS TUF -GTX1650 - 4GD6-Gaming,632,0,3192727.2
2023-11-13,1285,Giá vốn (80%): Bộ vi xử lý vi tính Intel Core i5 - 12400F (BX8071512400FSRL4W),632,0,3047272.8
2023-11-13,1285,"Giá vốn (80%): Ổ cứng gắn trong Western Digital 1TB - 3.5""(WD10EZEX)",632,0,872727.2
2023-11-13,1285,Giá vốn (80%): Bảng mạch chính của máy vi tính hiệu ASUS PROARTB660 - CREATOR D4,632,0,3221818.4
2023-11-14,1290,Giá vốn (80%): Máy In Canon Laser LBP 162DW,632,0,3440000.0
2023-11-14,1288,Giá vốn (80%): Nguồn Jetek Model 350  ELITE V2,632,0,283636.8
2023-11-14,1289,Giá vốn (80%): Thiết bị định tuyến TP-Link 2.4GHz/5GHz Archer C50,632,0,334545.6
2023-11-14,1290,"Giá vốn (80%): Máy tính xách tay LenovoV15 G4 IRU - Intel Core i3 -1315U(4.50GHz) - 8GB RAM - 512GB SSD - WF+BL -15.6FHD60Hz - NOS- 2YR Premium NBD,P/n 83A10007VN",632,0,8000000.0
2023-11-14,1290,"Giá vốn (80%): Bộ định tuyến Tp-Link 2.4GHz 450M, TL- WR941HP",632,0,1920000.0
2023-11-14,1291,Giá vốn (80%): Nguồn Jetek Model 400 ELITE V2,632,0,356364.0
2023-11-14,1291,Giá vốn (80%): Bộ vi xử lý Intel Core i3 - 10105,632,0,2101818.4
2023-11-14,1291,Giá vốn (80%): LINH KIỆN VI TÍNH ( RAM PC ) Lexar 8GB DDR4 - 3200U-DIMMCL22 (LD4AU008G-B3200GSST),632,0,378181.6
2023-11-14,1291,Giá vốn (80%): Vỏ thùng máy tính Jetek EN22,632,0,254545.6
2023-11-14,1291,Giá vốn (80%): Bộ định tuyến Tp-Link 2.4GHz/5GHz Archer MR200,632,0,1018181.6
2023-11-14,1291,Giá vốn (80%): Mạch chính vi tính Gigabyte H510MH,632,0,1200000.0
2023-11-14,1288,Giá vốn (80%): Bàn phím Dell Multimedia KB 216,632,0,145454.4
2023-11-14,1292,Giá vốn (80%): Bộ máy vi tính,632,0,72727272.8
2023-11-14,1286,Giá vốn (80%): USB hiệu Kingston 32GB  3.0 Data 106 (DT106/32GB),632,0,80000.0
2023-11-14,1286,Giá vốn (80%): Nguồn Jetek Model 400 ELITE V2,632,0,356364.0
2023-11-14,1287,Giá vốn (80%): Máy in Brother HL-L2321D,632,0,2109091.2
2023-11-15,1296,Giá vốn (80%): Phần mềm Kaspersky KL1919MCAFS,632,0,280000.0
2023-11-15,1294,Giá vốn (80%): MÁY QUÉT ẢNH HOẶC TÀI LIỆU HP SCAN JET PRO2000 S2 SCANNER(6FW06A),632,0,5447272.8
2023-11-15,1295,Giá vốn (80%): Máy in Brother HL-L2321D,632,0,2181818.4
2023-11-15,1293,Giá vốn (80%): Máy Ép Nhựa Plastic YT 320,632,0,1222222.4
2023-11-16,1297,Giá vốn (80%): Mực Laser TN - 2385 Brother,632,0,12727272.8
2023-11-16,1302,Giá vốn (80%): MÁY TÍNH XÁCH TAY (NB)  HP Pavilion 15-eg3094TUi5-1335U/8GD4/512GSSD/15.6FHD/WLax/BT5/3C41WHr/ALUp/W11SL/VÀNG(8C5L5PA),632,0,12945454.4
2023-11-16,1301,Giá vốn (80%): Thiết  bị ghi hình Logitech C922,632,0,5818182.4
2023-11-16,1299,Giá vốn (80%): Máy In Canon Laser LBP-2900,632,0,2872727.2
2023-11-16,1298,Giá vốn (80%): Hộp mực in Ecoplus 12A/303/FX9,632,0,174545.6
2023-11-16,1301,"Giá vốn (80%): Máy tính xách tay LenovoV15G3 IAP, i5-1235U, 8GB, 512GBSSD, Intel Iris Xe Graphics,15.6"" FHD, 2C 38Wh, ac+BT,W11H 64, Xám (Iron Grey), 1YWTY_82TT00N9VN",632,0,7563636.0
2023-11-16,1300,"Giá vốn (80%): Thiết bị chuyển  mạch TP -Link, TL - SG1016D",632,0,909091.2
2023-11-16,1300,"Giá vốn (80%): Thiêt bị chuyển mạch TP - Link, TL - SG1024D",632,0,1301818.4
2023-11-16,1300,Giá vốn (80%): Đầu bấm dây cáp mạng Ensoho EN - RJ45C5 RJ - 45 cat 5e,632,0,130908.8
2023-11-17,1307,Giá vốn (80%): Máy chiếu đa năng ViewSonic PA503SB,632,0,5818181.6
2023-11-17,1307,Giá vốn (80%): Cáp dữ liệu VIDEO HDMI 1.4 truyền âm thanh hình ảnh dài10M Ugreen(10110),632,0,814545.6
2023-11-17,1307,Giá vốn (80%): Bàn phím + Chuột Logitech MK240,632,0,850908.8
2023-11-17,1305,Giá vốn (80%): Hộp mực Kenice 226,632,0,269091.2
2023-11-17,1304,Giá vốn (80%): Bộ máy vi tính,632,0,5701818.4
2023-11-17,1307,Giá vốn (80%): Máy chiếu đa năng Vivitek DS272,632,0,5760000.0
2023-11-17,1303,"Giá vốn (80%): MÁY TÍNH XÁCH TAY LENOVO THINKPAD E15 GEN 4 - I5 -1235U(4.4G) -8Gb RAM - 256GB SSD - WF+BL, Fingerprint - 15.6'FHD - Dos P/N:21E600CGVA",632,0,14181817.6
2023-11-17,1303,"Giá vốn (80%): MÀN HÌNH MÁY TÍNH LENOVO H20215FE0 -"" E22 -28 (H20215FE0) 21.5 inch Monitor-HDMI, P/N:62B9MAR4W",632,0,5781818.4
2023-11-17,1303,Giá vốn (80%): MÁY TÍNH ĐỂ BÀN LENOVO THINK CENTRE  M70s GEN3 i3 - 12100 ( 4.3GHZ) - 8GB RAM - 256GB SSD - Wireless & Bluetooth -None-1Yr; P/n 11TC000QVA,632,0,28123636.8
2023-11-17,1306,"Giá vốn (80%): MÀN HÌNH MÁY TÍNH LENOVO H20215FE0 -"" E22 -28 (H20215FE0) 21.5 inch Monitor-HDMI, I, P/N:62B9MAR4W",632,0,1738181.6
2023-11-17,1306,Giá vốn (80%): Bộ máy vi tính,632,0,7549091.2
2023-11-18,1310,Giá vốn (80%): Máy In Canon Inmage Class MF269DW,632,0,3854545.6
2023-11-18,1309,"Giá vốn (80%): Camera kỹ thuật số có chức năng ghi hiệu EZVIZ mã CS -C3TN (3MP,2.8MM) - hỗ trợ thẻ nhớ trong",632,0,1120000.0
2023-11-18,1309,Giá vốn (80%): Thẻ nhớ Patriot VX Series 64GB MICRO SDXCV30 P/N 7FCNB6JPUVI - 64G,632,0,130908.8
2023-11-18,1308,Giá vốn (80%): Bộ lưu điện Santak - TG500,632,0,1672727.2
2023-11-18,1310,"Giá vốn (80%): Máy Tính Xách Tay Asus B3402FEA - EC0714T / 14.0 "" I3 - 1115G4/8GB (90NX0491-M00L00)",632,0,8363636.0
2023-11-19,1313,Giá vốn (80%): Máy chiếu Epson EB - FH52,632,0,26909091.2
2023-11-19,1312,Giá vốn (80%): Máy đếm tiền GL - ­ 8086,632,0,14000000.0
2023-11-19,1315,Giá vốn (80%): Cáp dữ liệu VIDEO HDMI 1.4truyền âm thanh hình ảnh dài10M Ugreen (10110),632,0,349091.2
2023-11-19,1315,"Giá vốn (80%): Thiết bị định tuyến 2G/3G/4G băng tần 2.4Ghz TP-Link,TL-MR100",632,0,727272.0
2023-11-19,1314,"Giá vốn (80%): MÀN HÌNH VI TÍNH (LCD)MSI PRO MP251 24.5""INCH/FHD/IPS/300cd/m2/100Hz/HDMI/VGA/AUDIO/SPEAKER/ĐEN(BLACK) (3PC2)(PROMP251)",632,0,1883636.0
2023-11-19,1315,"Giá vốn (80%): Ỏ cứng gắn trong Western  Digital 2TB - 3.5""( WD20EZAZ)",632,0,1156364.0
2023-11-20,1322,Giá vốn (80%): Hộp mực (Cartridge) đã có mực in dùng cho máy inLaser loại LHW1106A/NN ( Without Chip),632,0,545454.4
2023-11-20,1321,Giá vốn (80%): ĐẦU ĐỌC MÃ VẠCH OD7200,632,0,1120000.0
2023-11-20,1320,Giá vốn (80%): Màn hình VIEWSONICVVA1903A/19'' LCD MONITOR,632,0,2312727.2
2023-11-20,1319,Giá vốn (80%): Máy In Canon Laser LBP-2900,632,0,2872727.2
2023-11-20,1318,Giá vốn (80%): Bàn phím Dell Multimedia KB216,632,0,138181.6
2023-11-20,1316,Giá vốn (80%): Mực in phun BrotherBT5000M,632,0,149091.2
2023-11-20,1316,Giá vốn (80%): Mực in phun BrotherBT5000Y,632,0,149091.2
2023-11-20,1317,"Giá vốn (80%): Máy tính bàn Lenovo ThinkCentre Neo 50t Gen 4 - IntelCore i5-13400 (4.60 GHz) - 8GB RAM - 512GB SSD - Wifi & BL -UHD Graphics 730 - NOS - 1YR Premier NBD,P/n 12JB001HVA",632,0,9374545.6
2023-11-20,1317,Giá vốn (80%): Dây chuyển đổi có chíp RS - 232 dài 2m Ugreen (20211),632,0,145454.4
2023-11-21,1323,Giá vốn (80%): Bộ máy vi tính,632,0,5294545.6
2023-11-21,1325,"Giá vốn (80%): Thiết bị thu phát vô tuyến TP-Link 150M,TL-WN722N",632,0,145454.4
2023-11-21,1324,Giá vốn (80%): Máy in Brother HL - L2321D,632,0,2109091.2
2023-11-22,1330,Giá vốn (80%): Bàn phím Dell Multimedia KB216,632,0,232728.0
2023-11-22,1330,Giá vốn (80%): Ổ đĩa cứng máy tính KingmaxSA3080 256GB (M.2 Sata 3),632,0,981818.4
2023-11-22,1330,Giá vốn (80%): Mạch chính vi tính Gigabyte H510MH V2,632,0,2254545.6
2023-11-22,1330,Giá vốn (80%): Bộ vi xử lý Intel Core i3 -10105 (BX8070110105SRH3P),632,0,4145454.4
2023-11-22,1330,Giá vốn (80%): Hộp mực in Izinet 12A/303/FX9,632,0,727272.8
2023-11-22,1331,Giá vốn (80%): Hộp mực in Ecoplus 12A/303/FX9,632,0,436364.0
2023-11-22,1330,Giá vốn (80%): Nguồn Jetek Model 350 ELITE V2,632,0,254544.8
2023-11-22,1329,Giá vốn (80%): Mực nạp đổ XP12 - 140,632,0,254545.6
2023-11-22,1328,"Giá vốn (80%): Máy Tính Xách Tay  Dell VosV5590/I7-10510U/8GB/15.6""(V5590A)",632,0,12065454.4
2023-11-22,1327,Giá vốn (80%): Máy in Brother HL-L2321D,632,0,28363636.0
2023-11-22,1333,Giá vốn (80%): Máy In Canon Laser MF3010,632,0,3636364.0
2023-11-22,1335,Giá vốn (80%): Máy in Brother DCP - B7535DW,632,0,4029091.2
2023-11-22,1331,Giá vốn (80%): L8050 Máy in hiệu Epson,632,0,4654545.6
2023-11-22,1330,Giá vốn (80%): Chuột máy tính Dell MS116,632,0,130908.8
2023-11-22,1334,Giá vốn (80%): Máy Tính Xách Tay Dell Vos 3510 i3-1115G4 (V5I3205W),632,0,10181818.4
2023-11-22,1336,Giá vốn (80%): Bộ lưu điện Santak - TG1000,632,0,3272726.4
2023-11-22,1336,"Giá vốn (80%): Màn hình LCD - DELL P2719H /27.0""",632,0,11895272.8
2023-11-22,1336,Giá vốn (80%): Bàn phím Logitech G213,632,0,1120000.0
2023-11-22,1336,Giá vốn (80%): Chuột máy tính LogitechG304,632,0,1032726.4
2023-11-22,1336,Giá vốn (80%): Mực Laser TN - 2385 Brother,632,0,2094547.2
2023-11-22,1326,Giá vốn (80%): Màn chiếu chân P84TS,632,0,807407.2
2023-11-22,1332,Giá vốn (80%): Vỏ thùng máy tính Jetek EN22,632,0,610908.8
2023-11-22,1332,"Giá vốn (80%): Màn hình máy tính LenovoH20215FE0 - "" E22-28 (H20215FE0)21.5 inch Monitor-HDMI, Linecord, P/N:62B9MAR4WW",632,0,1527272.8
2023-11-22,1332,Giá vốn (80%): Nguồn Jetek Model 400ELITE V2,632,0,1418180.0
2023-11-22,1332,Giá vốn (80%): Màn hình VIEWSONICVA1903A/19'' LCD MONITOR,632,0,2109091.2
2023-11-22,1332,Giá vốn (80%): Chuột vi tính có dây Rapoo N100,632,0,400000.0
2023-11-22,1332,Giá vốn (80%): Bàn phím Keyboard NK2500,632,0,945456.0
2023-11-22,1332,Giá vốn (80%): Ổ CỨNG VI TÍNH ( SSD)Lexar SSDNS100 256GBSata III 6Gbs ( LNS100-256RB)(LNS100-256RB),632,0,1636364.0
2023-11-23,1341,Giá vốn (80%): L8050 MÁY IN EPSON,632,0,7200000.0
2023-11-23,1338,Giá vốn (80%): Điện thoại có dây PanasonicKXTSC11,632,0,472727.2
2023-11-23,1340,Giá vốn (80%): Hộp mực in Ecoplus 12A/303/FX9,632,0,109091.2
2023-11-23,1339,Giá vốn (80%): Máy in Brother DCP - B7535DW,632,0,4029091.2
2023-11-23,1337,"Giá vốn (80%): Máy Photocopy đa chức năng đen trắng hiệu FUJIFILM Apeos2150 NDA (copy, in, scan) tốc độ 21 trang A4/Phút khổ lớn nhấtA3 với khay giấy 1 ngăn - TL200716",632,0,14254545.6
2023-11-23,1341,Giá vốn (80%): CPU DELL INSPIRON 3020MTI51012W1,632,0,13232727.2
2023-11-24,1342,"Giá vốn (80%): Hộp mực (Catridge) đã có mực in dùng cho máy in laser loại 83A, nhãn hiệu Xppro",632,0,640000.0
2023-11-25,1344,Giá vốn (80%): Bộ nhớ Máy tính Kingmax8GB DDR4-3200,632,0,509090.4
2023-11-25,1343,Giá vốn (80%): Gạt mực (Linh kiện của hộp mực (Cartridge) dùngcho máy in Laser) loại WB 12A,632,0,109091.2
2023-11-25,1343,Giá vốn (80%): Mực nạp đổ XP Brother 2240,632,0,581818.4
2023-11-25,1343,Giá vốn (80%): Mực nạp đổ XP NPG 6,632,0,436363.2
2023-11-25,1344,Giá vốn (80%): MÁY TÍNH ĐỂ BÀN (PC) HP Pro One 240 G9 AIO i3-1215U/8GD4/512GSSD/23.8FHD/IPS/WL/BT/KB/M/W11SL/ĐEN (6M3T0PA),632,0,11709091.2
2023-11-25,1343,Giá vốn (80%): Mực nạp đổ XP12 - 140,632,0,2181817.6
2023-11-25,1343,"Giá vốn (80%): Hộp mực (Catridge) đã có mực in dùng cho máy inlaser loại 49A, nhãn hiệu Xppro",632,0,407272.8
2023-11-25,1343,"Giá vốn (80%): Hộp mực (Catridge) đã có mực in dùng cho máy inlaser loại 35A,nhãn hiệu Xppro",632,0,407272.0
2023-11-25,1343,Giá vốn (80%): Hộp mực in Izinet 12A/303/FX9,632,0,1745456.0
2023-11-26,1349,Giá vốn (80%): Máy chiếu đa năng ViewSonic LS500WHE,632,0,12138181.6
2023-11-26,1348,"Giá vốn (80%): Thiết bị chuyển mạch TP -Link, TL- SG108",632,0,349091.2
2023-11-26,1346,Giá vốn (80%): Máy in Brother HL - L2321D,632,0,2109091.2
2023-11-26,1345,Giá vốn (80%): Mực Laser TN - 2385 Brother,632,0,9090908.8
2023-11-26,1350,Giá vốn (80%): Máy In Canon Laser LBP-2900,632,0,2872727.2
2023-11-26,1347,Giá vốn (80%): Mạch chính vi tính Gigabyte H510MH V2,632,0,1127272.8
2023-11-26,1347,Giá vốn (80%): Nguồn Jetek Model 400 ELITE V2,632,0,290908.8
2023-11-26,1347,Giá vốn (80%): Hộp mực in Izinet 12A/303/FX9,632,0,400000.0
2023-11-26,1347,Giá vốn (80%): Chuột máy tính Dell WM118,632,0,116363.2
2023-11-26,1351,Giá vốn (80%): Ổ CỨNG GẮN TRONG SAMSUNG SSD 860EVO 250GB-MZ-76E250BW,632,0,1083636.0
2023-11-26,1347,Giá vốn (80%): Bàn phím Dell Multimedia KB216,632,0,116364.0
2023-11-27,1354,Giá vốn (80%): ổ cứng SSD Samsung 980 1TB M.2 NVMe (MZ­V8V1T0BW),632,0,1883636.8
2023-11-27,1354,Giá vốn (80%): Bộ nhớ ram Dell EMC 16GB DDR4 - 3200 UDIMM,632,0,2610908.8
2023-11-27,1355,Giá vốn (80%): Ổ CỨNG VI TÍNH ( SSD) Lexar SSDNS100 256GBSata III 6Gbs ( LNS100-256RB)(LNS100-256RB),632,0,12181818.4
2023-11-27,1354,Giá vốn (80%): Bộ chuyển đổi PCI express sang cổng M.2 NVME và M.2SATA Ugreen(70504),632,0,232727.2
2023-11-27,1354,"Giá vốn (80%): Ổ cứng gắn trong 480GBSSD Exceria Bics Flash 2.5"" Sata3  Kioxia",632,0,872727.2
2023-11-27,1354,Giá vốn (80%): Ổ cứng gắn ngoài 1TB Store Jet 2.5'' H3B Transcend,632,0,1229091.2
2023-11-27,1353,"Giá vốn (80%): Máy tính bàn Lenovo ThinkCentre Neo 50t Gen 4 - IntelCore i5-13400 (4.60 GHz) - 8GB RAM - 512GB SSD - Wifi & BL -UHD Graphics 730 - NOS - 1YR Premier NBD, P/n 12JB001HVA",632,0,168727272.8
2023-11-27,1352,"Giá vốn (80%): Bản quyền phần mềm Kaspersky Ksos 5 for DT+MD+FSSEA 10 - MD; 10-Dt ,1-FS; 10Us",632,0,3352000.0
2023-11-27,1353,"Giá vốn (80%): Màn hình máy tính Lenovo H20215FE0 - "" E22-28 (H20215FE0)21.5 inch Monitor-HDMI, Linecord, 3YR , P/N:62B9MAR4WW",632,0,29090908.8
2023-11-28,1356,Giá vốn (80%): Bộ vi xử  lý Intel Core i3- 9100 (BX80684I39100SRCZV),632,0,2152727.2
2023-11-28,1356,"Giá vốn (80%): Cạc mạng PCI Adapter TP-Link, TL-WN781ND",632,0,145454.4
2023-11-28,1356,"Giá vốn (80%): Ổ cứng gắn trong Western Digital 1TB-3.5"" (WD10EZEX)",632,0,640000.0
2023-11-28,1356,Giá vốn (80%): Mực Laser TN-2385 Brother,632,0,698182.4
2023-11-28,1359,Giá vốn (80%): MÁY IN LASER ĐƠN NĂNGTRẮNG ĐEN - CANONPRINTER  I-SENSYSLBP236DW,632,0,4210908.8
2023-11-28,1359,Giá vốn (80%): Chuột máy tính Dell WM118,632,0,167272.8
2023-11-28,1359,Giá vốn (80%): Ổ cứng di động 32GB U301 USB 3.2 Gen 1 Kioxia,632,0,72727.2
2023-11-28,1357,Giá vốn (80%): Chuột vi tính Rapoo M20,632,0,87272.8
2023-11-28,1358,Giá vốn (80%): Máy chấm công bằng dấu vân tay K14 Pro,632,0,1962963.2
2023-11-28,1357,Giá vốn (80%): Bàn phím Keyboard NK2500,632,0,87272.8
2023-11-29,1360,Giá vốn (80%): Chuột vi tính có dây Rapoo N100,632,0,290908.0
2023-11-29,1360,Giá vốn (80%): Bàn phím Keyboard NK2500,632,0,545456.0
2023-11-29,1361,Giá vốn (80%): Cạc mạng PCI Gigabit TP-Link- TG - 3468,632,0,167272.8
2023-11-30,1368,Giá vốn (80%): Bộ máy vi tính,632,0,6320000.0
2023-11-30,1367,Giá vốn (80%): Mực T3008,632,0,836364.0
2023-11-30,1368,"Giá vốn (80%): MÀN HÌNH VI TÍNH (LCD)MSI PRO MP251 24.5""INCH/FHD/IPS/300cd/m2/100Hz/HDMI/VGA/AUDIO/SPEAKER/ĐEN(BLACK) (3PC2)(PROMP251)",632,0,1883636.0
2023-11-30,1368,"Giá vốn (80%): Thiết bị thu phát vô tuyến TP-Link, TL- WA850RE",632,0,181818.4
2023-11-30,1368,Giá vốn (80%): Tai nghe SoundMax AH314,632,0,160000.0
2023-11-30,1369,Giá vốn (80%): Bộ nhớ máy tính xách tayKingmax  8GB DDR5 - 4800 (KMSD5-4800-08GS),632,0,1454545.6
2023-11-30,1362,"Giá vốn (80%): Ổ CỨNG GẮN TRONG WESTERN DIGITAL  2TB-3.5"" (WD20EZAZ)",632,0,2327272.8
2023-11-30,1363,Giá vốn (80%): Máy chấm công bằng dấu vân tay K14 Pro,632,0,1985185.6
2023-11-30,1364,Giá vốn (80%): Bộ máy vi tính,632,0,5847272.8
2023-11-30,1365,Giá vốn (80%): Loa SoundMax A2128/2.1,632,0,1054545.6
2023-11-30,1366,Giá vốn (80%): Ổ cứng gắn ngoài 500GB SSD ESD270C USB 3.1 GEN 2 TYPE C TRANSCEND,632,0,865454.4
2023-12-01,1370,Giá vốn (80%): Chuột vi tính hiệu Rapoo Model: M650Silent ENG_F-Whilte,632,0,480000.0
2023-12-01,1370,Giá vốn (80%): Máy in Brother DCP - B7535DW,632,0,4029091.2
2023-12-02,1371,Giá vốn (80%): Bàn phím Keyboard NK2500,632,0,109091.2
2023-12-02,1372,Giá vốn (80%): Máy In Canon Laser LBP-2900,632,0,2872727.2
2023-12-02,1371,Giá vốn (80%): Ổ cứng gắn ngoài 1TB StoreJet 2.5'' H3B Transcend,632,0,1149090.4
2023-12-03,1377,Giá vốn (80%): Máy chấm công bằng dấu vân tay DG600BID,632,0,2244444.8
2023-12-03,1376,Giá vốn (80%): Máy Tính Xách Tay  Dell Ins14 5402 i5 -1135G7/4GB/256GBSSD/14.0FHD/VGA2GB/WIN10 (GVCNH2),632,0,14145454.4
2023-12-03,1375,Giá vốn (80%): Ổ cắm điện Mpower 4 ổ cắm 5m MP-245S,632,0,340740.8
2023-12-03,1374,Giá vốn (80%): Phần mềm Kaspersky KL1941MUEFS,632,0,720000.0
2023-12-03,1373,Giá vốn (80%): Máy in Brother HL - L2321D,632,0,2254545.6
2023-12-04,1380,Giá vốn (80%): Nguồn Jetek model MAXWATT 550,632,0,785454.4
2023-12-04,1380,"Giá vốn (80%): Ổ cứng gắn trong Western Digital 1TB - 3.5""(WD10EZEX)",632,0,2181818.4
2023-12-04,1380,Giá vốn (80%): Mực Laser TN - 2385 Brother,632,0,1745456.0
2023-12-04,1382,Giá vốn (80%): Bảng mạch chính Asus PRIME - H410MF,632,0,1127272.8
2023-12-04,1380,Giá vốn (80%): Mạch chính vi tính Gigabyte H510MH -V2,632,0,3490908.0
2023-12-04,1383,Giá vốn (80%): Nguồn Jetek Model 400 ELITE V2,632,0,327272.8
2023-12-04,1381,Giá vốn (80%): C11CJ67503 : Máy in EpsonL3250 STD,632,0,3236364.0
2023-12-04,1380,Giá vốn (80%): Bàn phím + Chuột Logitech MK235,632,0,938181.6
2023-12-04,1383,Giá vốn (80%): Máy In Canon Laser LBP 162DW,632,0,7054545.6
2023-12-04,1383,Giá vốn (80%): Chíp Xử Lý Intel i5 10400 -(BX8070110400SRH78),632,0,2800000.0
2023-12-04,1378,Giá vốn (80%): Ổ CỨNG VI TÍNH ( SSD) Lexar SSDNS100  256GBSata III 6Gbs ( LNS100-256RB)(LNS100-256RB),632,0,363636.0
2023-12-04,1378,"Giá vốn (80%): Hộp mực (Catridge) đã có mực in dùng cho máy inlaser loại 35A, nhãn hiệu Xppro",632,0,276363.2
2023-12-04,1378,Giá vốn (80%): Mực Laser đen Premium,632,0,87273.6
2023-12-04,1385,Giá vốn (80%): Máy chấm công bằng dấu vân tay K14 Pro,632,0,2007407.2
2023-12-04,1386,"Giá vốn (80%): Máy Tính Xách Tay  MSIGF63 Thin 11SC-662VN  i7-11800H/8GB;512GB SSD;GTX1650/4GB;15.6"" FHD 144Hz;Win11",632,0,13963636.0
2023-12-04,1384,Giá vốn (80%): Ổ cứng Kingmax SSD Sata III240GB SMV32,632,0,378181.6
2023-12-04,1379,"Giá vốn (80%): Ổ cứng SSD Western WDS500G 2B0A, 500GB, Sata3 2.5""",632,0,1163636.0
2023-12-05,1390,Giá vốn (80%): Sửa dàn gương,632,0,327272.8
2023-12-05,1390,Giá vốn (80%): Sửa khay ADF,632,0,283636.0
2023-12-05,1390,Giá vốn (80%): Drum máy photo,632,0,545454.4
2023-12-05,1390,Giá vốn (80%): Bộ cò sấy,632,0,436364.0
2023-12-05,1390,Giá vốn (80%): Gạt máy photo,632,0,334545.6
2023-12-05,1388,Giá vốn (80%): Mực nạp đổ XP12-140,632,0,945453.6
2023-12-05,1390,Giá vốn (80%): Bộ cò máy Photo,632,0,363636.8
2023-12-05,1390,"Giá vốn (80%): Trống máy in tương thích Brother HL2385 (PADDR630-1), mới 100%",632,0,261817.6
2023-12-05,1389,Giá vốn (80%): Máy in trắng đen đa năngBrother DCP-B7620DW,632,0,4181818.4
2023-12-05,1388,Giá vốn (80%): Mực Photo ( DP - 5570 ),632,0,727272.8
2023-12-05,1388,Giá vốn (80%): Hộp mực in Ecoplus 12A/303/FX9,632,0,1309092.0
2023-12-05,1390,Giá vốn (80%): Cụm sấy DC V2060,632,0,2800000.0
2023-12-05,1391,Giá vốn (80%): Chuột máy tính Dell MS116,632,0,65454.4
2023-12-05,1393,Giá vốn (80%): Máy tính để bàn DellVos 3888MT  i5-10400/4GD4(RJMM6Y1),632,0,8000000.0
2023-12-05,1393,Giá vốn (80%): Màn hình LCD ViewsonicVX2458 -C-MHD,632,0,3236364.0
2023-12-05,1393,Giá vốn (80%): Loa SoundMax A2140/2.1,632,0,1018181.6
2023-12-05,1393,Giá vốn (80%): Bàn phím + Chuột Logitech MK240,632,0,938181.6
2023-12-05,1393,"Giá vốn (80%): Thiết bị chuyển  mạch TP -Link,TL - SG1016D",632,0,909091.2
2023-12-05,1392,"Giá vốn (80%): Bộ chuyển đổi quang điện AP1113-20A, hiệuAptek",632,0,400000.0
2023-12-05,1392,"Giá vốn (80%): Bộ chuyển đổi quang điện AP1115-20B, hiệuAptek",632,0,400000.0
2023-12-05,1391,"Giá vốn (80%): Màn hình LCD VIEWSONICVA1903A/19""",632,0,1018181.6
2023-12-05,1391,Giá vốn (80%): Loa SoundMax A150/2.0,632,0,196364.0
2023-12-05,1391,Giá vốn (80%): Bàn phím Dell Multimedia KB216,632,0,109091.2
2023-12-05,1391,Giá vốn (80%): Máy tính bàn Lenovo ThinkCentre M70s  Gen 3 i3 -12100( 4.3GHZ) - 8GB RAM - 256GB SSD - Wireless &Bluetooth -None-1Yr; P/n 11TC000QVA,632,0,6618181.6
2023-12-06,1398,Giá vốn (80%): Cổng nối  mạng TL - SG1005D TP-Link,632,0,400000.0
2023-12-06,1398,Giá vốn (80%): Chuột máy tính Logitech B100,632,0,72727.2
2023-12-06,1395,"Giá vốn (80%): Máy tính xách tay DellInspiron15 3530, i7-1355U, 8GB, 512GBSSD, Intel Iris Xe Graphics,15.6"" FHD, 4C 54Wh, ax+BT,OfficeHS21, McAfee MDS, Win11, Đen (Carbon Black), 1Y WTY/ 71011775",632,0,28203636.8
2023-12-06,1398,Giá vốn (80%): Mực Laser đen Premium,632,0,145454.4
2023-12-06,1397,"Giá vốn (80%): Thiết bị định tuyến băng tần 2,4/5Ghz, TP-LINK, Deco E4 (2-pack)",632,0,1054545.6
2023-12-06,1398,Giá vốn (80%): Hộp mực in Izinet 12A/303/FX9,632,0,232727.2
2023-12-06,1394,Giá vốn (80%): Máy in phun đa năng BrotherMFC - T920DW,632,0,5592727.2
2023-12-06,1396,Giá vốn (80%): Mực Laser TN-2385 Brother,632,0,400000.0
2023-12-07,1399,Giá vốn (80%): MÀN HÌNH MÁY VÍ TÍNH DELL,632,0,2872727.2
2023-12-08,1400,"Giá vốn (80%): Thiết bị chuyển  mạch TP-Link, TL- SF1024D",632,0,560000.0
2023-12-08,1400,Giá vốn (80%): Cáp dữ liệu VIDEO HDMI 1.4truyền âm thanh hình ảnh dài15M Ugreen(10111),632,0,545454.4
2023-12-08,1401,Giá vốn (80%): MÁY TÍNH XÁCH TAY (NB)HP 15s - fq5147TU i7-1255U/8GD4/512GSSD/15.6FHD/Wlac/BT5/3C41WHr/W11SL/BẠC(7C133PA),632,0,12654545.6
2023-12-08,1400,Giá vốn (80%): Giá treo máy chiếu MS12,632,0,327272.8
2023-12-09,1402,Giá vốn (80%): Hộp mực in Izinet 12A/303/FX9,632,0,232727.2
2023-12-09,1403,"Giá vốn (80%): Màn hình vi tính Dell LCD -U2419H- 23.8""WHD-3Y",632,0,3600000.0
2023-12-09,1403,Giá vốn (80%): Máy chiếu đa năng ViewSonic LS500WHE,632,0,10909091.2
2023-12-09,1405,Giá vốn (80%): Chuột máy tính Logitech M185,632,0,181818.4
2023-12-09,1405,Giá vốn (80%): Bộ nhớ Máy Tính Xách Tay  Kingmax 8GB DDR4-2666,632,0,618181.6
2023-12-09,1406,"Giá vốn (80%): Màn hình LCD VIEWSONICVA1903A/19""",632,0,981818.4
2023-12-09,1404,Giá vốn (80%): Thiết bị định tuyến TP-Link 2.4GHz/5GHz Archer C50,632,0,334545.6
2023-12-10,1411,Giá vốn (80%): MÀN HÌNH VI TÍNH (LCD)LENOVO ThinkVision  S24i-3023.8INCH/1920x1080/100Hz/IPS/WLED/VGA/HDMI/ĐEN(63DEKAR3WW),632,0,5781818.4
2023-12-10,1410,Giá vốn (80%): MÁY IN LASER ĐƠN NĂNGTRẮNG ĐEN -  CANONPRINTER I- SENSYSLBP236DW,632,0,4210908.8
2023-12-10,1409,Giá vốn (80%): Chuột máy tính Logitech M221,632,0,174545.6
2023-12-10,1408,Giá vốn (80%): Bộ lưu điện Santak - TG500,632,0,12545454.4
2023-12-10,1407,Giá vốn (80%): Máy in Brother HL-L2321D,632,0,2109091.2
2023-12-10,1412,"Giá vốn (80%): Thiết bị chuyển mạch TP-Link, 5Port, TL-SG1005D",632,0,160000.0
2023-12-10,1416,Giá vốn (80%): Hộp mực in Izinet 12A/303/FX9,632,0,232727.2
2023-12-10,1413,"Giá vốn (80%): Thiết bị thu phát vô tuyến TP-Link 150M, TL- WN722N",632,0,145454.4
2023-12-10,1417,Giá vốn (80%): Bộ nhớ Máy Tính Xách TayKingmax  8GB DDR4-2666,632,0,436364.0
2023-12-10,1417,Giá vốn (80%): Bộ nhớ Máy tính Kingmax8GB DDR4-3200,632,0,872726.4
2023-12-10,1417,"Giá vốn (80%): Ổ cứng gắn trong SamsungSSD 970EVO,2.250GB MZ-V7S250BW",632,0,1512727.2
2023-12-10,1417,Giá vốn (80%): Mực Laser TN-2385 Brother,632,0,1745456.0
2023-12-10,1417,Giá vốn (80%): Chíp Xử Lý Intel i5 /10400 -(BX8070110400SRH78),632,0,5527272.0
2023-12-10,1418,Giá vốn (80%): Máy in Canon Laser LBP-2900,632,0,2949091.2
2023-12-10,1413,"Giá vốn (80%): MÀN HÌNH VI TÍNH (LCD)MSI PRO MP251  24.5""INCH/FHD/IPS/300cd/m2/100Hz/HDMI/VGA/AUDIO/SPEAKER/ĐEN(BLACK) (3PC2)(PROMP251)",632,0,1883636.8
2023-12-10,1413,Giá vốn (80%): Bộ máy vi tính,632,0,4938181.6
2023-12-10,1415,Giá vốn (80%): Mực Laser đen Premium,632,0,218181.6
2023-12-10,1414,Giá vốn (80%): Bút trình chiếu NewmenP012,632,0,269091.2
2023-12-11,1422,Giá vốn (80%): Máy In Canon Laser LBP6030,632,0,1912727.2
2023-12-11,1421,Giá vốn (80%): Máy in Brother HL-L2321D,632,0,2109091.2
2023-12-11,1422,Giá vốn (80%): Máy Tính Xách Tay Asus ExpertBook B1500CEAE -EJ2362W  i5-1135G7/8GB (90NX0441-M003A0),632,0,11781818.4
2023-12-11,1420,Giá vốn (80%): Chuột vi tính Rapoo M20,632,0,218182.4
2023-12-12,1428,Giá vốn (80%): Cáp dữ liệu VIDEO VGA truyền hình ảnh dài 10M Ugreen(11633),632,0,349091.2
2023-12-12,1428,"Giá vốn (80%): Thiết bị chuyển mạch TP-Link,TL-SG1008D",632,0,320000.0
2023-12-12,1424,"Giá vốn (80%): Thiết bị  thu phát vô tuyến TP-Link 2.4Ghz,Archer T2U",632,0,203636.0
2023-12-12,1426,"Giá vốn (80%): Máy tính xách tay LenovoThinkPad E15 Gen 4 - I5 -1235U(4.4G) -8Gb RAM - 256GB SSD - WF+BL, Fingerprint - 15.6'FHD - Dos -2Yrs,P/N:21E600CGVA",632,0,12465454.4
2023-12-12,1426,Giá vốn (80%): Bộ nhớ Máy tính xách tay Kingmax 8GB DDR4-3200,632,0,509090.4
2023-12-12,1426,Giá vốn (80%): Ổ cứng di động 32GB U202 USB2.0 Kioxia,632,0,218182.4
2023-12-12,1426,Giá vốn (80%): Chuột vi tính Rapoo M20,632,0,109091.2
2023-12-12,1427,"Giá vốn (80%): Màn  hình  LCD - DELL P2719H  27.0""",632,0,3687272.8
2023-12-12,1428,Giá vốn (80%): Camera quan sát DS - 2CD1023G0E-IUF,632,0,1090908.8
2023-12-12,1425,"Giá vốn (80%): Ổ  cứng gắn trong Western Digital 1TB - 3.5""(WD10EZEX)",632,0,872727.2
2023-12-12,1423,"Giá vốn (80%): Ổ cứng di động SeagateExpansion 2TB 2.5""(STEA2000400)",632,0,1738181.6
2023-12-12,1429,Giá vốn (80%): Cạc màn hình Gigabyte 4GB GV-N1650OC - 4GD,632,0,2981818.4
2023-12-12,1429,Giá vốn (80%): Mạch chính Gigabyte GA-B460 AORUS PRO AC,632,0,2654545.6
2023-12-12,1429,Giá vốn (80%): Mạch chính Gigabyte GA-C246 - WU4,632,0,3309091.2
2023-12-12,1429,Giá vốn (80%): Chíp Xử Lý Intel i5 -10400 -2.90Ghz(BS8070110400SRH3C),632,0,5498180.8
2023-12-13,1435,Giá vốn (80%): Mực Laser TN - 2385 Brother,632,0,1200000.0
2023-12-13,1435,Giá vốn (80%): Hộp mực in Izinet 12A/303/FX9,632,0,981818.4
2023-12-13,1435,Giá vốn (80%): Mực nạp đổ XP Brother 2240,632,0,363636.0
2023-12-13,1432,Giá vốn (80%): Bộ máy vi tính,632,0,5520000.0
2023-12-13,1432,Giá vốn (80%): MÀN HÌNH VI TÍNH (LCD)LENOVO ThinkVision  S24i-3023.8INCH/1920x1080/100Hz/IPS/WLED/VGA/HDMI/ĐEN(63DEKAR3WW),632,0,1854545.6
2023-12-13,1430,Giá vốn (80%): Ổ cắm điện Mpower 6 ổ cắm 5m MP-265S,632,0,259259.2
2023-12-13,1435,Giá vốn (80%): Trống từ Brother DR-2385,632,0,509091.2
2023-12-13,1433,Giá vốn (80%): MÁY IN LASER ĐƠN NĂNG TRẮNG ĐEN - CANONPRINTER I - SENSYS LBP 236DW,632,0,8421818.4
2023-12-13,1431,Giá vốn (80%): Màn hình vi tính DellSE2422H 23.8Inch/1920x1080@75Hz/Vga/HDMI/Led (60W8F1),632,0,2872727.2
2023-12-13,1431,Giá vốn (80%): Máy In Canon Laser LBP-2900,632,0,2945454.4
2023-12-13,1434,Giá vốn (80%): Chíp Xử Lý  Intel i5 -10400 -(BX8070110400SRH78),632,0,2763636.0
2023-12-13,1434,Giá vốn (80%): Bảng mạch chính Asus Prime H510MK,632,0,1163636.8
2023-12-13,1434,Giá vốn (80%): Chuột máy tính Logitech G102,632,0,567272.0
2023-12-13,1434,Giá vốn (80%): Bàn phím hiệu Rapoo Model: V500SE (19776),632,0,843636.8
2023-12-14,1438,Giá vốn (80%): Màn hình vi tính Samsung LC27F397 Fhexxv,632,0,2872727.2
2023-12-14,1438,"Giá vốn (80%): Máy tính để bàn (PC) HP ProOne 240 G9 AIO i3-1215U/8GD4/512SSD/23.8"" (6M3T0PA)",632,0,10690908.8
2023-12-14,1440,"Giá vốn (80%): Hộp mực (Catridge) đã có mực in dùng cho máy inlaser loại 214, nhãn hiệu Xppro",632,0,763636.0
2023-12-14,1441,Giá vốn (80%): Chuột máy tính Logitech B100,632,0,58181.6
2023-12-14,1438,"Giá vốn (80%): Thiết bị đầu cuối GSM/W-CDMA FDD 2.4GHz TP-Link, M7000",632,0,603636.8
2023-12-14,1439,Giá vốn (80%): Máy hủy giấy Magitech DM-120C,632,0,2962963.2
2023-12-14,1442,"Giá vốn (80%): Máy tính xách tay LenovoV15 G3 IAP , i5-1235U, 8GB,512GBSSD, Intel Iris Xe Graphics,15.6"" FHD, 2C 38Wh, ac+BT,W11H 64, Xám (Iron Grey), 1YWTY_Y_82TT00N9VN",632,0,7563636.0
2023-12-14,1436,"Giá vốn (80%): Thiết bị chuyển mạch TP-Link, TL-SG105E",632,0,349091.2
2023-12-14,1436,Giá vốn (80%): Thiết bị định tuyến TP-Link 2.4GHz/5GHz Archer C50,632,0,334545.6
2023-12-14,1436,"Giá vốn (80%): Cáp mạng Cat 6 FTP 305m/thùng, Hiệu Aptek",632,0,1272727.2
2023-12-14,1442,"Giá vốn (80%): Màn hình vi tính Dell LCD-U2419H - 23.8"" WHD-3Y",632,0,3600000.0
2023-12-14,1442,Giá vốn (80%): Loa SoundMax A2128/2.1,632,0,981818.4
2023-12-14,1441,Giá vốn (80%): Máy In Canon Laser LBP-2900,632,0,2800000.0
2023-12-14,1437,Giá vốn (80%): Máy in canon Laser LBP -2900,632,0,2916364.0
2023-12-14,1445,"Giá vốn (80%): Máy Tính Xách Tay  Dell Ins15 3520 Intel Core i5 - 1235U/15.6""FHD/1x8G/256GB SSD (N5I5122W1)",632,0,12218181.6
2023-12-14,1444,Giá vốn (80%): Cạc màn hình Asus GT730 -SL - 2GD5-BRK,632,0,1090908.8
2023-12-14,1443,"Giá vốn (80%): Màn hình Viewsonic VA2215 -H /21.5""",632,0,1374545.6
2023-12-14,1441,"Giá vốn (80%): Máy tính xách tay Lenovo V15G3 IAP, i5-1235U, 8GB, 512GBSSD, Intel Iris Xe Graphics,15.6"" FHD, 2C 38Wh, ac+BT,W11H 64, Xám (Iron Grey), 1YWTY_82TT00N9VN",632,0,7963636.8
2023-12-14,1443,Giá vốn (80%): Máy in Brother HL - L2321D,632,0,2109091.2
2023-12-14,1443,Giá vốn (80%): Máy in Brother DCP - B7535DW,632,0,4109091.2
2023-12-14,1443,Giá vốn (80%): BỘ LƯU ĐIỆN SANTAK - MÃ HÀNGBLAZER-1200 PRO,632,0,2683636.0
2023-12-15,1446,Giá vốn (80%): Máy in Canon Laser LBP 2900,632,0,2872727.2
2023-12-15,1447,Giá vốn (80%): Hộp mực in Izinet 12A/303/FX9,632,0,465454.4
2023-12-17,1455,Giá vốn (80%): Ổ đĩa SDRW - 08D2S - U lite hiệu Asus,632,0,647272.8
2023-12-17,1456,Giá vốn (80%): Chuột vi tính Rapoo M20,632,0,101818.4
2023-12-17,1456,Giá vốn (80%): Bàn phím Dell Multimedia KB216,632,0,116364.0
2023-12-17,1456,Giá vốn (80%): Loa SoundMax A2129/2.1,632,0,1127272.0
2023-12-17,1457,Giá vốn (80%): MÁY TÍNH XÁCH TAY (NB)DELL VOS 15 3530 i3-1305U/8GD4/256SSD/15.6FHD/120Hz/41WHr/W11SL+OFFICEHOME_ST/Pro/XÁM(80GG92),632,0,8436364.0
2023-12-17,1457,"Giá vốn (80%): Ổ CỨNG DI ĐỘNG (HDD)SEAGATE EXPANSIONPORTABLE 1TB 2.5"" USB 3.0 (STKM1000400)",632,0,1018181.6
2023-12-17,1454,"Giá vốn (80%): Máy tính xách tay MSI Bravo15 B7ED -010VN/Ryzen 5 7535HS/512GBSSD/DDR5 16GB(8GB*2)/Radeon RX6550M,GDDR6 4GB/15.6"" FHD144Hz/Win11/Màu đen",632,0,12072727.2
2023-12-17,1457,"Giá vốn (80%): Thiết bị đinh tuyến Thu phát vô tuyến TP-Link,2.4Ghz,TL-MR6400",632,0,800000.0
2023-12-17,1449,Giá vốn (80%): Thẻ nhớ Patriot VX Series 64GB MICRO SDXCV30 P/N 7FCNB6JPUVI-64G,632,0,145454.4
2023-12-17,1449,Giá vốn (80%): Camera quan sát CS - C6N (1080P),632,0,436364.0
2023-12-17,1449,"Giá vốn (80%): Camera quan sát CS - H3C (1080P,4MM,COLOR)",632,0,618181.6
2023-12-17,1449,Giá vốn (80%): Máy in Brother DCP -B7535DW,632,0,4109091.2
2023-12-17,1454,Giá vốn (80%): Chuột máy tính Logitech G402,632,0,429091.2
2023-12-17,1451,"Giá vốn (80%): Ổ cứng gắn trong Western Digital 1 TB-3.5""(WD10EZEX)",632,0,800000.0
2023-12-17,1451,Giá vốn (80%): Nguồn Jetek Model 400 ELITE V2,632,0,349091.2
2023-12-17,1452,Giá vốn (80%): Hộp mực in Ecoplus 12A/303/FX9,632,0,189091.2
2023-12-17,1453,Giá vốn (80%): Hộp mực in Izinet12A/303/FX9,632,0,181818.4
2023-12-17,1454,Giá vốn (80%): Bàn phím Logitech Gaming G413 SE,632,0,909090.4
2023-12-17,1450,Giá vốn (80%): Hộp mực in Ecoplus 12A/303/FX9,632,0,203636.0
2023-12-17,1448,Giá vốn (80%): Bộ máy vi tính,632,0,5883636.0
2023-12-17,1448,Giá vốn (80%): Màn hình Viewsonic VA2215 -H /21.5'',632,0,1374545.6
2023-12-18,1461,Giá vốn (80%): Chuột máy tính Logitech M185,632,0,160000.0
2023-12-18,1464,Giá vốn (80%): Máy In Canon Laser LBP-2900,632,0,2800000.0
2023-12-18,1464,Giá vốn (80%): MÁY TÍNH XÁCH TAY (NB)DELL  VOS 15  3530 i5 -1335U/8GD4/512SSD/15.6FHD/120Hz/3C41WHr/W11SL+OFFICEHOME_ST/ProSup/XÁM (80GG9),632,0,11381818.4
2023-12-18,1459,Giá vốn (80%): Bộ vi xử lý Intel Core i3 -10105 (BX8070110105SRH3P),632,0,4000000.0
2023-12-18,1463,Giá vốn (80%): Phần mềm Kaspersky KL1867MUAFS,632,0,672000.0
2023-12-18,1458,"Giá vốn (80%): Thiết bị thu phát vô tuyến , TP-LINK,2.4GHz/5GHz,Archer C24",632,0,552728.0
2023-12-18,1458,Giá vốn (80%): Bàn phím Keyboard NK2500,632,0,189089.6
2023-12-18,1458,Giá vốn (80%): Chuột vi tính Rapoo M20,632,0,203636.8
2023-12-18,1459,Giá vốn (80%): Màn hình vi tính SamsungL24R350FHEXXV,632,0,2116364.0
2023-12-18,1459,Giá vốn (80%): Chuột máy tính Logitech M331,632,0,2109088.0
2023-12-18,1459,Giá vốn (80%): Mạch chính vi tính Gigabyte H510MH V2,632,0,5636364.0
2023-12-18,1459,Giá vốn (80%): Máy tính để  bàn Dell Ins 3881MT i3 -10100/8GD4(0K2RY1),632,0,19898181.6
2023-12-18,1459,Giá vốn (80%): Máy tính để  bàn HP Pro i3 -10100/4G (22C51PA),632,0,13090908.8
2023-12-18,1460,"Giá vốn (80%): Thiết bị thu phát vô tuyến TP-Link,TL-WN822N",632,0,210908.8
2023-12-18,1462,"Giá vốn (80%): Ổ cứng gắn trong 240GBSSD Exceria Bics Flash 2.5"" Sata3 Kioxia",632,0,509091.2
2023-12-18,1462,Giá vốn (80%): Bộ nhớ  Máy Tính Xách TayKingmax 4GB DDR4 - 2666,632,0,290908.8
2023-12-18,1462,Giá vốn (80%): Chuột máy tính Logitech M221,632,0,181818.4
2023-12-18,1459,Giá vốn (80%): Cạc màn hình Asus GT730-SL- 2GD5 - BRK,632,0,5760000.0
2023-12-18,1459,"Giá vốn (80%): Máy tính để  bàn HP 20-c403d AIO,J5005(WTY-3JU96AA)70162689",632,0,5760000.0
2023-12-18,1459,Giá vốn (80%): Cạc màn hình MSI RX550 AERO ITX2GOC,632,0,3738182.4
2023-12-18,1459,Giá vốn (80%): Bộ nhớ  Máy Tính Xách TayKingmax 4GB DDR4 - 2666,632,0,3927280.0
2023-12-18,1459,Giá vốn (80%): Bảng mạch chính Asus Ex- B365M-V,632,0,2109089.6
2023-12-18,1459,Giá vốn (80%): Bàn phím + Chuột LogitechMK240,632,0,3054544.0
2023-12-18,1459,Giá vốn (80%): Bàn phím + Chuột LogitechMK220,632,0,1309088.0
2023-12-18,1459,Giá vốn (80%): Máy In Canon Laser LBP-2900,632,0,13880000.0
2023-12-18,1459,Giá vốn (80%): Cạc màn hình Asus Cerberus GTX1050TI - O4G,632,0,7200000.0
2023-12-18,1459,Giá vốn (80%): Card VGA ASUS TUF-GTX1650 - 4GD6 - Gaming,632,0,12130908.8
2023-12-18,1459,"Giá vốn (80%): Thiết bị định tuyến 2G/3G/4G băng tần 2.4Ghz TP-Link,TL-MR100",632,0,3403636.8
2023-12-18,1459,"Giá vốn (80%): Màn hình LCD VIEWSONICVA2261-2/22""",632,0,3200000.0
2023-12-19,1466,Giá vốn (80%): Loa SoundMax A130/2.0,632,0,247272.0
2023-12-19,1466,Giá vốn (80%): Màn hình VIEWSONICVA1903A/19'' LCD MONITOR,632,0,2109091.2
2023-12-19,1466,"Giá vốn (80%): Hộp mực (cartridge) đã có mực in dùng cho máy inlaser, loại LH2612A (HP1010/1012/3050/FX9) , hiệuMaetone",632,0,545456.0
2023-12-19,1466,"Giá vốn (80%): Ổ cứng gắn trong Western Digital 1TB-3.5""(WD10EZEX)",632,0,1716363.2
2023-12-19,1466,Giá vốn (80%): Nguồn Jetek Model 400ELITE V2,632,0,1472728.0
2023-12-19,1465,Giá vốn (80%): Máy hủy giấy Magitech DM - 120C,632,0,2733333.6
2023-12-19,1466,"Giá vốn (80%): Bộ chuột,bàn phím máy vi tính X1800S",632,0,210908.8
2023-12-19,1470,Giá vốn (80%): Dây cáp mạng(xoắn) Ensoho EN-U5CA24 UTP Cat5e,632,0,945454.4
2023-12-19,1471,Giá vốn (80%): Mực Laser TN-2385 Brother,632,0,327272.8
2023-12-19,1470,"Giá vốn (80%): Thiết bị định tuyến TP-Link 2.4GHz,Archer C6",632,0,400000.0
2023-12-19,1470,"Giá vốn (80%): Thiết bị chuyển  mạch TP-Link, TL - SF1024D",632,0,618181.6
2023-12-19,1468,Giá vốn (80%): Bộ lưu điện Santak - TG500,632,0,836364.0
2023-12-19,1469,Giá vốn (80%): Chuột máy tính Dell MS116,632,0,283636.8
2023-12-19,1467,Giá vốn (80%): Phần mềm Kaspersky KL1867MUAFS,632,0,416000.0
2023-12-19,1467,Giá vốn (80%): Phần mềm Kaspersky KL1171MUAFS,632,0,384000.0
2023-12-19,1466,Giá vốn (80%): Máy In Canon Laser LBP-2900,632,0,2800000.0
2023-12-19,1466,Giá vốn (80%): Ổ CỨNG VI TÍNH ( SSD)Lexar SSDNS100 512GB Sata III 6Gbs ( LNS100-512RB)(LNS100-512RB),632,0,1636363.2
2023-12-19,1466,Giá vốn (80%): Ổ CỨNG VI TÍNH ( SSD) Lexar  SSDNS100 256GB Sata III6Gbs ( LNS100-256RB)(LNS100-256RB,632,0,1636364.0
2023-12-19,1466,Giá vốn (80%): Tai nghe Logitech H151,632,0,589089.6
2023-12-19,1474,Giá vốn (80%): Cạc màn hình Asus CerberusGTX1050TI - O4G,632,0,4800000.0
2023-12-19,1474,"Giá vốn (80%): Máy tính xách tay   HP 240G8 (i3-1005G1/4GB DDR4;256GB SSD,14.0FHD Wlac,BT4.2, 3C41WHr,W11SL_617K5PA",632,0,11200000.0
2023-12-19,1474,Giá vốn (80%): Chuột máy tính LogitechM221,632,0,2400000.0
2023-12-19,1474,Giá vốn (80%): Bàn phím + Chuột LogitechMK220,632,0,1570910.4
2023-12-19,1474,Giá vốn (80%): Bộ nhớ Máy Tính Xách Tay Kingmax 4GB DDR4 - 2666,632,0,3927280.0
2023-12-19,1474,Giá vốn (80%): Cạc màn hình Asus GT730-SL- 2GD5 - BRK,632,0,2880000.0
2023-12-19,1474,Giá vốn (80%): Máy tính xách tay (NB)Lenovo IdeaPad 3 15 IAU7 i3-1215U/8GD4/512GSSD/15.6FHD (82RK001NVN),632,0,14981817.6
2023-12-19,1474,Giá vốn (80%): Máy tính xách tay(NB) Lenovo IdeaPad 3 14 IAU7 i3-1215U/8GD4/512GSSD/14.0FHD(82RJ001AVN),632,0,14981817.6
2023-12-19,1474,Giá vốn (80%): Máy tính xách tay AsusA415EA - EBI750W (i3-1125G4/8GB/256GB (90NB0RLB-M32730),632,0,15854545.6
2023-12-19,1472,Giá vốn (80%): Máy Tính Xách Tay (NB) DellVos 13 5320 i5 -1240P/8GD5/256SSD/13.3FHD (M32DH1),632,0,14254545.6
2023-12-19,1475,Giá vốn (80%): BỘ LƯU ĐIỆN SANTAK - MÃ HÀNG BLAZER - 2200 PRO,632,0,3338181.6
2023-12-19,1474,Giá vốn (80%): Cạc màn hình Asus PH - GTX1650 - 4G,632,0,4581817.6
2023-12-19,1473,"Giá vốn (80%): MÁY TÍNH XÁCH TAY DELL INSPIRON 3530, i7-1355U",632,0,19047272.8
2023-12-19,1474,Giá vốn (80%): Bộ vi xử lý  Celeron G5920(BX80701G5920SHR42),632,0,981818.4
2023-12-19,1474,Giá vốn (80%): Bộ vi xử  lý Intel Pentium G6405(BX80701G6405SRH3Z),632,0,4509091.2
2023-12-19,1474,Giá vốn (80%): Máy In Canon Laser LBP - 2900,632,0,13880000.0
2023-12-19,1474,"Giá vốn (80%): Thiết bị đầu cuối W-CDMA FDD 2.4GHz TP-Link, M7200",632,0,5090904.0
2023-12-19,1474,"Giá vốn (80%): Thiết bị định tuyến TP-Link 2.4GHz,Archer C6",632,0,3636360.0
2023-12-19,1474,"Giá vốn (80%): Ổ cứng gắn trong WesternDigital 1TB - 3.5""(WD10EZEX)",632,0,3272728.0
2023-12-19,1474,Giá vốn (80%): Mạch chính vi tính Gigabyte H510MH V2,632,0,3381818.4
2023-12-20,1486,Giá vốn (80%): Máy in đa năng Canon G1010,632,0,3912727.2
2023-12-20,1476,Giá vốn (80%): Máy In Canon Laser LBP - 2900,632,0,2872727.2
2023-12-20,1478,Giá vốn (80%): Bàn phím Logitech GamingG413 TKL SE,632,0,909090.4
2023-12-20,1478,Giá vốn (80%): Cạc màn hình Gigabyte 8GBGV-N3050GAMING OC-8GD,632,0,7527272.8
2023-12-20,1478,"Giá vốn (80%): Màn hình vi tính Dell  LCD -E2720H  27""- WHD -3Y",632,0,5818182.4
2023-12-20,1479,Giá vốn (80%): Chuột máy tính LogitechM185,632,0,145454.4
2023-12-20,1478,Giá vốn (80%): Chuột máy tính Logitech G102,632,0,276363.2
2023-12-20,1477,Giá vốn (80%): Đầu ghi hình DS - 7632NXI-K2,632,0,3992727.2
2023-12-20,1477,"Giá vốn (80%): Camera quan sát CS-H8C (4MP,4MM)",632,0,15163636.0
2023-12-20,1484,"Giá vốn (80%): Hộp mực (Catridge) đã có mực in dùng cho máy in laser loại83A, nhãn hiệu Xppro",632,0,254545.6
2023-12-20,1477,"Giá vốn (80%): Cáp mạng Cat 6 FTP , Hiệu Aptek",632,0,6109091.2
2023-12-20,1477,Giá vốn (80%): Đầu bấm dây cáp mạng Ensoho EN-RJ45C5 RJ-45 cat5e,632,0,1309091.2
2023-12-20,1477,Giá vốn (80%): Chuột vi tính Rapoo M20,632,0,138181.6
2023-12-20,1477,"Giá vốn (80%): Thiết bị chuyển  mạch TP-Link,TL - SF1008D",632,0,254545.6
2023-12-20,1477,Giá vốn (80%): Cáp dữ liệu VIDEO HDMI 1.4 truyền âm thanh hình ảnh dài1.5M Ugreen (60820),632,0,183272.8
2023-12-20,1477,Giá vốn (80%): Ổ cứng hiệu Western WD40EFRX  4TB,632,0,2043636.0
2023-12-20,1477,"Giá vốn (80%): Thiêt bị chuyển mạch TP-Link,TL-SF1016D",632,0,356364.0
2023-12-20,1487,Giá vốn (80%): Bộ vi xử lý  Intel Pentium G5400,632,0,2836363.2
2023-12-20,1482,"Giá vốn (80%): Ổ cứng gắn trong 480GBSSD Exceria Bics Flash 2.5"" Sata3 Kioxia",632,0,800000.0
2023-12-20,1487,Giá vốn (80%): Vỏ thùng máy tính Jetek A3033B,632,0,501818.4
2023-12-20,1482,Giá vốn (80%): Bộ vi xử lý vi tính Intel Corei3-10105 (BX8070110105SRH3P) +Quạt,632,0,2000000.0
2023-12-20,1482,"Giá vốn (80%): Ổ cứng gắn trong WesternDigital 1TB - 3.5""(WD10EZEX)",632,0,800000.0
2023-12-20,1483,Giá vốn (80%): MÁY TÍNH XÁCH TAY (NB) LENOVO V14 G3 IAP i3-1215U/8GD4/256GSSD/14.0FHD/IPS/WL/BT/2C38/NoOS/ĐEN (82TS0060VN),632,0,6036364.0
2023-12-20,1485,Giá vốn (80%): Bộ nhớ máy tính Kingmax 4GB DDR4 - 2666,632,0,1963636.0
2023-12-20,1485,Giá vốn (80%): Mạch chính vi tính GigabyteH410MH V2,632,0,5454545.6
2023-12-20,1482,Giá vốn (80%): Bộ nhớ máy tính xách tayKingmax  8GB-DDR4-2400,632,0,320000.0
2023-12-20,1487,Giá vốn (80%): Cạc màn hình Asus GT730-SL-2GD5-BRK,632,0,974545.6
2023-12-20,1487,Giá vốn (80%): Bộ nhớ máy tính xách tay Kingmax 8GB DDR4-2666,632,0,1250908.8
2023-12-20,1480,Giá vốn (80%): Chuột máy tính Logitech -B100,632,0,58181.6
2023-12-20,1487,Giá vốn (80%): Bảng mạch chính AsusPrime H510MK,632,0,1127272.8
2023-12-20,1481,Giá vốn (80%): Bản quyền phần mềm kaspersky dùng cho máy tính Kaspersky Plus SEA 5-Dvc 1Y BsRP ( KL 10424UEFS ),632,0,9360000.0
2023-12-20,1481,Giá vốn (80%): Bản quyền phần mềm kaspersky dùng cho máy tính Kaspersky Plus SEA 1-Dvc 1Y BsRP ( KL 10424UAFS ),632,0,240000.0
2023-12-20,1480,Giá vốn (80%): ĐẦU ĐỌC MÃ VẠCH EC331,632,0,618181.6
2023-12-20,1480,Giá vốn (80%): Máy in mã vạch XP - 350B,632,0,2545454.4
2023-12-21,1499,Giá vốn (80%): MÀN HÌNH VI TÍNH (LCD) PHILIPS 271V8LA/74 /27INCH/VA-LCD/WLED/75Hz/4ms/250cd/m2/3000:1/VGA/HDMI/ĐEN(BLACK)(271V8LA/74),632,0,1883636.0
2023-12-21,1489,Giá vốn (80%): Hộp mực in Izinet 12A/303/FX9,632,0,123636.0
2023-12-21,1499,Giá vốn (80%): Máy in Brother HL-L2321D,632,0,2109091.2
2023-12-21,1499,Giá vốn (80%): Máy in Epson L8050,632,0,5600000.0
2023-12-21,1498,Giá vốn (80%): Nguồn máy tính Corsair CX650/CP-9020122-NA,632,0,3229092.0
2023-12-21,1499,Giá vốn (80%): Bộ máy vi tính,632,0,5156364.0
2023-12-21,1498,Giá vốn (80%): Vỏ thùng máy tính Jetek Squid  Z1,632,0,654545.6
2023-12-21,1498,"Giá vốn (80%): Ổ cứng di động SeagateExpansion 2TB 2.5""(STEA2000400)",632,0,3200000.0
2023-12-21,1490,Giá vốn (80%): Bút trình chiếu Newmen P026,632,0,203636.0
2023-12-21,1499,"Giá vốn (80%): Card PCIe Adapter TP-Link,TL-WN881ND",632,0,210908.8
2023-12-21,1498,"Giá vốn (80%): Ỏ cứng gắn trong Western Digital 2TB - 3.5""(WD20EZAZ)",632,0,2880000.0
2023-12-21,1492,Giá vốn (80%): Cáp truyền dữ liệu HDMI 1.4 dài 3m Ugreen (10108),632,0,130908.8
2023-12-21,1490,"Giá vốn (80%): Thiết bị chuyển mạch TP-Link,TL-SG1008D",632,0,334545.6
2023-12-21,1492,Giá vốn (80%): Máy chiếu đa năng ViewSonic LS500WHE,632,0,11563636.8
2023-12-21,1491,Giá vốn (80%): Hộp mực in Izinet 12A/303/FX9,632,0,800000.0
2023-12-21,1491,Giá vốn (80%): Bộ nguồn  Gigabyte GP-P550B 550W,632,0,618181.6
2023-12-21,1491,Giá vốn (80%): Chuột máy tính Logitech G102,632,0,552728.0
2023-12-21,1491,Giá vốn (80%): Bàn phím Logitech K380,632,0,785454.4
2023-12-21,1490,Giá vốn (80%): Đầu bấm dây cáp mạng hiệu ENSOHO mã EN-RJ45C6B RJ-45 Cat6e,632,0,181818.4
2023-12-21,1498,Giá vốn (80%): Bàn phím Logitech K380,632,0,1178181.6
2023-12-21,1488,Giá vốn (80%): Máy in Brother HL - L2321D,632,0,4218182.4
2023-12-21,1493,"Giá vốn (80%): Thiết bị chuyển mạch TP-Link,TL-SG1008D",632,0,327272.8
2023-12-21,1493,"Giá vốn (80%): Thiết bị định tuyến TP-Link 300M,2.4GHz,TL-WR841N",632,0,232727.2
2023-12-21,1498,Giá vốn (80%): Chuột máy tính LogitechM590,632,0,1112726.4
2023-12-21,1498,Giá vốn (80%): Bộ vi xử lý vi tính Intel Core I5-10400 + Quạt,632,0,8290908.0
2023-12-21,1498,Giá vốn (80%): Bảng mạch chính AsusPrime H510MK,632,0,3381818.4
2023-12-21,1498,Giá vốn (80%): Bộ nhớ Máy tính Kingmax16GB DDR4-3200,632,0,1963636.8
2023-12-21,1498,Giá vốn (80%): Máy In Canon Laser LBP-2900,632,0,2909091.2
2023-12-21,1497,Giá vốn (80%): Máy Tính Xách Tay Lenovo   ThinkBook 14 G4 IAP i5-1240P/8G/512GB (21DH00B5VN),632,0,13229091.2
2023-12-21,1496,Giá vốn (80%): Ổ cứng di động 16GB U301 USB3.2 Gen 1 Kioxia,632,0,261818.4
2023-12-21,1495,"Giá vốn (80%): Thiết bị chuyển mạch TP-Link,TL-SG1008D",632,0,327272.8
2023-12-21,1494,Giá vốn (80%): Màn chiếu chân P84TS,632,0,881481.6
2023-12-21,1493,Giá vốn (80%): Đầu bấm dây cáp mạng Ensoho EN-RJ45C5 RJ-45 cat5e,632,0,130908.8
2023-12-22,1503,Giá vốn (80%): Mực laser đen Brother 2240,632,0,109091.2
2023-12-22,1501,Giá vốn (80%): Máy  tính bàn Lenovo ThinkCentre M70s Gen 3 i3 - 12100( 4.3GHZ) - 8GB RAM - 256GB SSD - Wireless & Bluetooth -None-1Yr; P/n 11TC000QVA,632,0,6756364.0
2023-12-22,1501,Giá vốn (80%): MÀN HÌNH VI TÍNH (LCD)PHILIPS 271V8LA/74 /27INCH/VA-LCD/WLED/75Hz/4ms/250cd/m2/3000:1/VGA/HDMI/ĐEN(BLACK)(271V8LA/74),632,0,1927272.0
2023-12-22,1504,Giá vốn (80%): Màn hình LCD VIEWSONIC VX2718MHD,632,0,2654545.6
2023-12-22,1500,"Giá vốn (80%): Bộ định tuyến Vigor2926 Plus, hiệu Draytek",632,0,3047272.8
2023-12-22,1502,Giá vốn (80%): Máy Tính Xách Tay MSI Bravo 15 B5DD - 028VN i7-5800H,632,0,14523636.0
2023-12-23,1511,"Giá vốn (80%): Thiết bị chuyển  mạch TP-Link,TL- SF1005D",632,0,116364.0
2023-12-23,1511,"Giá vốn (80%): Ổ cứng gắn trong Western Digital 1TB -3.5"" (WD10EZEX)",632,0,865454.4
2023-12-23,1510,Giá vốn (80%): Ổ đĩa SDRW-08D2S-U LITE hiệu ASUS,632,0,1294545.6
2023-12-23,1509,Giá vốn (80%): Chuột máy tính Logitech B100,632,0,58181.6
2023-12-23,1511,"Giá vốn (80%): Máy tính để bàn Dell Inspiron3020, Core i5-13400 (2.5GHz to 4.6GHz),1x8GB 3200MHz, 512GB M.2 PCIe NVMe SSD, Non DVD, Chuột, Bànphím, Win 11, BH 12 tháng, MTI51012W1-8G-512G",632,0,10545454.4
2023-12-23,1511,Giá vốn (80%): Loa SoundMax A130/2.0,632,0,116364.0
2023-12-23,1511,Giá vốn (80%): Màn hình máy tính Dell 22 Monitor E2223HN,632,0,1883636.0
2023-12-23,1506,Giá vốn (80%): Chuột máy tính Logitech M185,632,0,145454.4
2023-12-23,1506,Giá vốn (80%): Bộ vi xử lý Intel Core i3 - 10105 (BX8070110105SRH3P),632,0,2036364.0
2023-12-23,1508,Giá vốn (80%): MÁY  TÍNH XÁCH TAY (NB)HP 14 - ep0128TU i5-1335U/8GD4/512GSSD/14.0FHD/Wlax/BT5/3C41WHr/W11SL/BẠC(8U6L5PA),632,0,12523636.0
2023-12-23,1508,Giá vốn (80%): Chuột máy tính Logitech M221,632,0,167272.8
2023-12-23,1509,Giá vốn (80%): Bảng mạch chính AsusPrime H510MK,632,0,1156364.0
2023-12-23,1511,Giá vốn (80%): Cáp dữ liệu VIDEO HDMI 1.4truyền âm thanh hình ảnh dài 10M Ugreen,632,0,327272.8
2023-12-23,1509,"Giá vốn (80%): Ổ cứng gắn trong Western Digital 1TB-3.5"" (WD10EZEX)",632,0,800000.0
2023-12-23,1507,Giá vốn (80%): Chuột máy tính Logitech M221,632,0,167272.8
2023-12-23,1507,Giá vốn (80%): Màn  hình vi tính Asus VP247 HAE,632,0,2203636.8
2023-12-23,1507,"Giá vốn (80%): Ổ cứng gắn ngoài WDELEMENTS 1TB 2.5"" USB3.0",632,0,1018181.6
2023-12-23,1505,Giá vốn (80%): Chuột máy tính Dell WM118,632,0,261817.6
2023-12-23,1507,Giá vốn (80%): Bàn phím Logitech  K270 Wireless,632,0,247272.8
2023-12-23,1505,Giá vốn (80%): Bàn phím Dell Multimedia KB216,632,0,232728.0
2023-12-23,1505,Giá vốn (80%): Bộ vi xử lý Intel Core i3 - 10105 (BX8070110105SRH3P),632,0,4072726.4
2023-12-23,1505,Giá vốn (80%): Nguồn Jetek Model 400 ELITE V2,632,0,320000.0
2023-12-23,1505,Giá vốn (80%): Mực Laser TN-2385 Brother,632,0,1425456.0
2023-12-23,1505,"Giá vốn (80%): Ỏ cứng gắn trong Western Digital 2TB-3.5""(WD20EZAZ)",632,0,1058181.6
2023-12-23,1505,Giá vốn (80%): Mạch chính vi tính Gigabyte H510MH -V2,632,0,1149090.4
2023-12-24,1514,Giá vốn (80%): Bộ chuyển đổi nguồn dùng cho camera DS-3E1309P-EI,632,0,4218179.2
2023-12-24,1514,Giá vốn (80%): Camera quan sát DS-2CD2T43G2-2I,632,0,10181820.0
2023-12-24,1514,"Giá vốn (80%): Camera KTS EZVIZ mã CS-C6N (4MP,W1)",632,0,974545.6
2023-12-24,1515,Giá vốn (80%): Chuột máy tính Logitech B100,632,0,523636.0
2023-12-24,1516,Giá vốn (80%): Nguồn Jetek Model 400 ELITE V2,632,0,800000.0
2023-12-24,1516,Giá vốn (80%): Vỏ máy tính Jetek X917,632,0,509091.2
2023-12-24,1516,Giá vốn (80%): Bộ nhớ trong Kingston Fury 16GB D4-3200U C16 (KF432C16BB/16),632,0,1309091.2
2023-12-24,1516,Giá vốn (80%): Bộ vi xử lý vi tính Intel Core I5-10400 + Quạt,632,0,5600000.0
2023-12-24,1515,Giá vốn (80%): Máy in mã vạch XP - 350B,632,0,1272727.2
2023-12-24,1514,"Giá vốn (80%): Cáp mạng Cat 5e UTP 305m/thùng, Hiệu Aptek",632,0,1985455.2
2023-12-24,1513,Giá vốn (80%): Ổ điã cứng GT Kingston 480GB A400(SA400S37/480G),632,0,1019636.0
2023-12-24,1514,Giá vốn (80%): Thiết bị định tuyến TP-Link 2.4GHz/5GHz Archer C50,632,0,349090.4
2023-12-24,1520,"Giá vốn (80%): Màn hình vi tính  LCD  DELL U2721DE -27"" -3Y",632,0,7418181.6
2023-12-24,1520,Giá vốn (80%): Hộp mực in Izinet 12A/303/FX9,632,0,1934545.6
2023-12-24,1520,Giá vốn (80%): Mực Laser TN-2385 Brother,632,0,4989091.2
2023-12-24,1513,Giá vốn (80%): Nguồn máy tính Corsair CV550/CP-9020210-NA,632,0,800000.0
2023-12-24,1513,Giá vốn (80%): Ram máy tính DDR4 4GB bus 2666 Kingston,632,0,944000.0
2023-12-24,1513,Giá vốn (80%): Bộ vi xử lý vi tính Intel Core I5 - 10400 + Quạt,632,0,2880000.0
2023-12-24,1513,Giá vốn (80%): Bảng mạch chính Asus Prime H610M - ED4,632,0,1520000.0
2023-12-24,1514,"Giá vốn (80%): Bộ chuyển đổi quang sang HDMI + USB, Mãhàng: HDMI-A-USB",632,0,2654545.6
2023-12-24,1516,Giá vốn (80%): Bảng mạch chính Asus Prime H510MK,632,0,2400000.0
2023-12-24,1517,Giá vốn (80%): Điện  thoại có dây Panasonic KXTS500,632,0,269091.2
2023-12-24,1518,"Giá vốn (80%): Camera KTS EZVIZ mã CS-C6N (4MP,W1)",632,0,450908.8
2023-12-24,1512,Giá vốn (80%): Vỏ thùng máy tính JetekA3033B,632,0,210908.8
2023-12-24,1512,Giá vốn (80%): Bộ vi xử lý Intel Core i3 -10105 (BX8070110105SRH3P),632,0,2029091.2
2023-12-24,1512,Giá vốn (80%): Bảng mạch chính AsusPrime H510MK,632,0,1149090.4
2023-12-24,1512,Giá vốn (80%): Hộp mực in Izinet 12A/303/FX9,632,0,981818.4
2023-12-24,1512,Giá vốn (80%): Bàn phím Logitech K380,632,0,785454.4
2023-12-24,1512,Giá vốn (80%): Chuột máy tính Logitech G102,632,0,552728.0
2023-12-24,1519,Giá vốn (80%): Mực Laser TN-2385 Brother,632,0,1381818.4
2023-12-24,1512,"Giá vốn (80%): Ổ cứng gắn trong Western Digital 1TB-3.5""(WD10EZEX)",632,0,800000.0
2023-12-25,1530,Giá vốn (80%): Mực Laser TN - 2385 Brother,632,0,363636.8
2023-12-25,1528,Giá vốn (80%): Bộ máy vi tính,632,0,70341818.4
2023-12-25,1530,Giá vốn (80%): Mực Laser đen Premium,632,0,785454.4
2023-12-25,1529,Giá vốn (80%): MÁY TÍNH XÁCH TAY (NB) LENOVO V14 G3 IAP i3-1215U/8GD4/256GSSD/14.0FHD/IpS/WL/BT/2C38/NoOS/ĐEN(82TS0060VN),632,0,7272727.2
2023-12-25,1527,Giá vốn (80%): Hộp mực in Izinet 12A/303/FX9,632,0,654545.6
2023-12-25,1525,Giá vốn (80%): Máy In Canon Laser LBP-2900,632,0,27272727.2
2023-12-25,1527,Giá vốn (80%): Máy In Canon Laser LBP-2900,632,0,2872727.2
2023-12-25,1525,Giá vốn (80%): Bộ Nhớ Trong Kingston 8GB D-2666 CL16-18-18 (HX426C16FB3/8),632,0,6254545.6
2023-12-25,1525,Giá vốn (80%): Nguồn máy tính Jetek Model G350,632,0,5818181.6
2023-12-25,1522,Giá vốn (80%): Chuột vi tính Rapoo M20,632,0,480000.0
2023-12-25,1521,Giá vốn (80%): Ổ CỨNG VI TÍNH ( SSD) Lexar SSDNS100 256GB Sata III 6Gbs ( LNS100-256RB)(LNS100-256RB),632,0,12181818.4
2023-12-25,1523,Giá vốn (80%): Ổ CỨNG KINGMAX SSD SATA III 240GB SMV32,632,0,400000.0
2023-12-25,1523,Giá vốn (80%): BÀN PHÍM + CHUỘT LOGITECH MK240,632,0,327272.8
2023-12-25,1522,Giá vốn (80%): Bàn phím Dell MultimediaKB216,632,0,618181.6
2023-12-25,1526,Giá vốn (80%): MÁY IN LASER ĐƠN NĂNG TRẮNG ĐEN -CANON PRINTER I - SENSYS LBP 236DW,632,0,4210908.8
2023-12-25,1525,Giá vốn (80%): Nguồn máy tính Jetek mini A200m,632,0,4145456.0
2023-12-25,1525,"Giá vốn (80%): Máy tính Surface Pro 8 13"" (2800x1920) Bundle Intel Core i5-1135G7 8GB Ram 256GB SSD,Win11, DR1-00003",632,0,20145454.4
2023-12-25,1525,"Giá vốn (80%): Màn hình AOC 31.5"" Curve Gaming C32G2E/74",632,0,3781818.4
2023-12-25,1525,Giá vốn (80%): Thiết bị định tuyến TP-Link 2.4GHz/5GHz Archer C20,632,0,4363632.0
2023-12-25,1525,Giá vốn (80%): Loa vi tính Microlab U210,632,0,1200000.0
2023-12-25,1525,Giá vốn (80%): Mạch chính vi tính Gigabyte H410MH V2,632,0,15272727.2
2023-12-25,1524,"Giá vốn (80%): Thiết bị đầu cuối GSM/W-CDMA FDD 2.4GHz TP-Link, M7000",632,0,640000.0
2023-12-25,1524,Giá vốn (80%): Máy quét HP 2000S2-6FW06A,632,0,5520000.0
2023-12-25,1524,"Giá vốn (80%): MÀN HÌNH VI TÍNH (LCD)MSI PRO MP251 24.5""INCH/FHD/IPS/300cd/m2/100Hz/HDMI/VGA/AUDIO/SPEAKER/ĐEN(BLACK) (3PC2)(PROMP251)",632,0,4144000.0
2023-12-25,1525,"Giá vốn (80%): Thiết bị chuyển mạch TP-Link,TL-SG1008D",632,0,1047273.6
2023-12-25,1524,Giá vốn (80%): Loa  Microlab FC861-5.1,632,0,1920000.0
2023-12-25,1525,Giá vốn (80%): Bộ nhớ Máy Tính Xách Tay Kingmax 4GB DDR4 - 2666,632,0,3927280.0
2023-12-25,1525,"Giá vốn (80%): Màn hình AOC 23.8""  Wide  IPS 24V2Q/74",632,0,4145454.4
2023-12-25,1525,"Giá vốn (80%): Màn hình vi tính HP 22FW21.5 inch,3Y WTY- 3KS61AA",632,0,2290908.8
2023-12-25,1525,"Giá vốn (80%): Màn hình AOC 27"" Wide IPS 27V2Q/74",632,0,2290908.8
2023-12-25,1525,"Giá vốn (80%): Máy tính để bàn (PC) HP AIO22-dd2005d i3-1215U/4GD4/256G SSD/21.5"" (6K7G4PA)",632,0,9818181.6
2023-12-25,1525,Giá vốn (80%): Máy chiếu đa năng ViewSonic PA502SP,632,0,11578180.8
2023-12-25,1525,"Giá vốn (80%): Màn hình LCD 18.5"" HP 19ka",632,0,4450908.8
2023-12-25,1525,Giá vốn (80%): Máy in mã vạch XP-318B,632,0,3316361.6
2023-12-25,1525,Giá vốn (80%): Máy chiếu Sony VPL - EX430,632,0,9280000.0
2023-12-25,1525,Giá vốn (80%): Hộp mực in Izinet 12A/303/FX9,632,0,12363636.0
2023-12-26,1540,"Giá vốn (80%): Hộp mực đã có mực in, tương thích xerox C-XD2065, 10K",632,0,1156364.0
2023-12-26,1541,Giá vốn (80%): Máy in Brother HL - L2321D,632,0,4218182.4
2023-12-26,1542,"Giá vốn (80%): Máy hủy giấy hiệu Ziba model PC-415CD ,hoạt động bằng điện",632,0,6074074.4
2023-12-26,1531,Giá vốn (80%): Chuột máy tính Logitech B100,632,0,363636.0
2023-12-26,1539,Giá vốn (80%): Bộ máy vi tính,632,0,70341818.4
2023-12-26,1531,"Giá vốn (80%): Ổ cứng di động SeagateExpansion 1TB 2.5""(STEA1000401)",632,0,2312728.0
2023-12-26,1531,Giá vốn (80%): Bàn phím Logitech K120,632,0,690908.8
2023-12-26,1543,Giá vốn (80%): MÁY TÍNH ĐỂ BÀN DELL INSPIRON  3020 Core i3-13100 - Màn hình máy  tính  Dell 22 	Monitor - E2223HN (Theo Hợp đồng kinh tế số 01/HĐKT-XDBTN-HV ký ngày 18 tháng 12 năm 2023),632,0,364800000.0
2023-12-26,1544,Giá vốn (80%): Mực T3008,632,0,836364.0
2023-12-26,1532,Giá vốn (80%): Mực laser đen Brother 2240,632,0,145454.4
2023-12-26,1532,Giá vốn (80%): Mực Laser đen Premium,632,0,1090908.8
2023-12-26,1532,Giá vốn (80%): Hộp mực in Izinet 12A/303/FX9,632,0,872728.0
2023-12-26,1533,Giá vốn (80%): Phần mềm Kaspersky KL1919MCAFS,632,0,560000.0
2023-12-26,1534,Giá vốn (80%): Máy In Laser Canon  LBP-2900,632,0,15418181.6
2023-12-26,1534,"Giá vốn (80%): MÀN HÌNH VI TÍNH (LCD) MSI PRO MP251 24.5"" INCH/FHD/IPS/300cd/m2/100Hz/HDMI/VGA/AUDIO/SPEAKER/ĐEN(BLACK) (3PC2)(PROMP251)",632,0,6087273.6
2023-12-26,1534,Giá vốn (80%): BỘ MÁY VI TÍNH,632,0,30654544.8
2023-12-26,1535,"Giá vốn (80%): Máy tính xách tay Lenovo V15 G4 IAH, i5-12500H, 16GB,512GB SSD, Intel Iris XeGraphics, 15.6"" FHD, 2C 38Wh,ax+BT, FP, W11H, Xám (IronGrey), 1Y WTY_83FS0032VN",632,0,20509091.2
2023-12-26,1536,Giá vốn (80%): Máy in đa năng Brother MFC - L2701D,632,0,3992727.2
2023-12-26,1537,Giá vốn (80%): Máy in Canon LBP -233DW,632,0,4145454.4
2023-12-26,1532,Giá vốn (80%): Mực nạp NB 35a,632,0,109091.2
2023-12-26,1548,Giá vốn (80%): Dây cáp mạng Ensoho EN-F6CA24 FTP cat6 (305m/h),632,0,3818181.6
2023-12-26,1544,Giá vốn (80%): Bộ cò sấy,632,0,400000.0
2023-12-26,1545,Giá vốn (80%): Chuột vi tính có dây Rapoo N100,632,0,58181.6
2023-12-26,1545,Giá vốn (80%): Bàn phím Keyboard NK2500,632,0,109090.4
2023-12-26,1545,Giá vốn (80%): Nguồn Jetek Model 350 ELITE V2,632,0,349091.2
2023-12-26,1545,Giá vốn (80%): Vỏ máy tính Jetek X917,632,0,290908.8
2023-12-26,1545,Giá vốn (80%): LINH KIỆN VI TÍNH ( RAM PC ) Lexar 8GB DDR4 -3200U-DIMMCL22 (LD4AU008G-B3200GSST ),632,0,509091.2
2023-12-26,1545,"Giá vốn (80%): Ỏ cứng gắn trong Western Digital 2TB-3.5""(WD20EZAZ)",632,0,1040000.0
2023-12-26,1546,Giá vốn (80%): Dây cáp mạng Ensoho EN-F6CA24 FTP cat6 (305m/h),632,0,3905454.4
2023-12-26,1547,Giá vốn (80%): Giấy in BILL K57x38,632,0,570370.4
2023-12-26,1545,Giá vốn (80%): Bảng mạch chính Asus Prime H510MK,632,0,1200000.0
2023-12-26,1545,Giá vốn (80%): Bộ vi xử lý vi tính Intel Core I5-10400 + Quạt,632,0,2909091.2
2023-12-26,1545,Giá vốn (80%): Ổ CỨNG VI TÍNH ( SSD) Lexar SSDNS100 256GB Sata III6Gbs ( LNS100-256RB)(LNS100-256RB),632,0,436364.0
2023-12-27,1553,Giá vốn (80%): BỘ MÁY VI TÍNH,632,0,4363636.0
2023-12-27,1552,Giá vốn (80%): Ổ CỨNG VI TÍNH ( SSD) Lexar SSDNS100 256GB Sata III6Gbs ( LNS100-256RB)(LNS100-256RB ),632,0,12181818.4
2023-12-27,1549,Giá vốn (80%): CPU  MÁY  TÍNH,632,0,13454545.6
2023-12-27,1552,Giá vốn (80%): Máy tính bàn Dell Inspiron 3020 Core i3-13100 3.4GHz/ 8GBRam/256GB SSD/ Win 11home/ Office Home & Student 2021/Wireless Bluetooth/ Mouse/ Keyboard/ 12mths Pre,632,0,82000000.0
2023-12-27,1549,Giá vốn (80%): Máy chiếu đa năng Viewsonic  PA503W,632,0,8094545.6
2023-12-27,1554,Giá vốn (80%): Máy tính để bàn Dell Vos 3681 - STI38400W4G - 1T Intel Core i3-10105,632,0,7200000.0
2023-12-27,1556,Giá vốn (80%): Mực nạp đổ XP12 - 140,632,0,4800000.0
2023-12-27,1555,Giá vốn (80%): Bàn phím + Chuột Logitech MK240,632,0,625454.4
2023-12-27,1555,"Giá vốn (80%): Thiết bị đầu cuối GSM/W-CDMA FDD 2.4GHz TP-Link, M7350",632,0,981818.4
2023-12-27,1555,"Giá vốn (80%): Màn hình Ultrasharp Dell 23.8"" U2422H",632,0,3781818.4
2023-12-27,1555,Giá vốn (80%): Máy chiếu Boxlight ALX350,632,0,8800000.0
2023-12-27,1551,Giá vốn (80%): Máy hủy giấy Magitech DM-120C,632,0,2952000.0
2023-12-27,1557,Giá vốn (80%): Máy In Canon MF241D,632,0,3341818.4
2023-12-27,1558,Giá vốn (80%): Máy in đa năng Brother MFC - L2701D,632,0,3781818.4
2023-12-27,1559,Giá vốn (80%): Camera quan sát DS-2CD2T43G2-2I,632,0,3120000.0
2023-12-27,1550,Giá vốn (80%): Bộ máy vi tính,632,0,70341818.4
2023-12-27,1559,"Giá vốn (80%): Camera quan sát CS - H8C (4MP,4MM)",632,0,2016000.0
2023-12-27,1559,Giá vốn (80%): Hộp mực in Izinet 12A/303/FX9,632,0,24000000.0
2023-12-27,1558,Giá vốn (80%): Bàn phím Dell Multimedia KB216,632,0,123636.0
2023-12-27,1558,Giá vốn (80%): Chuột máy tính Logitech M221,632,0,174545.6
2023-12-27,1558,Giá vốn (80%): Bộ vi xử lý vi tính Intel Core i3-10105 (BX8070110105SRH3P) +Quạt,632,0,2000000.0
2023-12-27,1559,Giá vốn (80%): Mực nạp đổ XP12 - 140,632,0,3200000.0
2023-12-27,1558,"Giá vốn (80%): Ổ cứng di động Seagate Expansion 1TB  2.5""",632,0,1018181.6
2023-12-28,1566,"Giá vốn (80%): Ổ cứng gắn trong Western Digital  1TB - 3.5""(WD10EZEX)",632,0,1634908.8
2023-12-28,1565,Giá vốn (80%): Máy in Brother DCP-B7535DW,632,0,4109091.2
2023-12-28,1564,Giá vốn (80%): Máy in Brother DCP - B7535DW,632,0,4109091.2
2023-12-28,1563,Giá vốn (80%): Camera quan sát CS-C6N (1080P),632,0,31999968.0
2023-12-28,1563,"Giá vốn (80%): Thiết bị chuyển  mạch TP-Link,TL-SF1005D",632,0,6109096.0
2023-12-28,1563,"Giá vốn (80%): Thiết bị thu phát vô tuyến TP-Link,TL - WN725N",632,0,4000000.0
2023-12-28,1563,Giá vốn (80%): Vỏ thùng máy tính Jetek A3033B,632,0,9090920.0
2023-12-28,1566,Giá vốn (80%): Màn  hình Dell  S2421H23.5 inch (70X9V1),632,0,4480000.0
2023-12-28,1566,Giá vốn (80%): USB hiệu Kingston 64GB 3.0 DT100G3 (DT100G3/64GB),632,0,576000.0
2023-12-28,1566,Giá vốn (80%): Bảng mạch chính Asus Prime H510MK,632,0,2327272.0
2023-12-28,1567,Giá vốn (80%): Thiết bị chuyển mạch DS-3E1318P-EI/M,632,0,4624000.0
2023-12-28,1567,"Giá vốn (80%): Ổ cứng gắn trong Western Digital  4TB 3.5 '' sata3 , màu tím ( Purple ) WD43PURZ",632,0,1944000.0
2023-12-28,1567,Giá vốn (80%): Thiết bị thu phát vô tuyến RG - EW1200G Pro,632,0,727272.8
2023-12-28,1566,Giá vốn (80%): Bộ vi xử lý vi tính Intel Core I5-10400 + Quạt,632,0,2581818.4
2023-12-28,1566,Giá vốn (80%): Nguồn Jetek Model 350 ELITE V2,632,0,763636.8
2023-12-28,1573,Giá vốn (80%): Tai nghe SoundMax AH314,632,0,320000.0
2023-12-28,1563,Giá vốn (80%): Vỏ thùng máy tính Jetek A3035B,632,0,18181840.0
2023-12-28,1563,Giá vốn (80%): Bàn phím Dell Multimedia KB216,632,0,1090908.8
2023-12-28,1567,Giá vốn (80%): Camera quan sát DS-2CD1023G0-IUF(C),632,0,19936000.0
2023-12-28,1573,Giá vốn (80%): Loa SoundMax A4000/4.1,632,0,640000.0
2023-12-28,1573,"Giá vốn (80%): Màn hình vi tính Dell LCD E2216H - 21.5"" WHD-3Y",632,0,1527272.8
2023-12-28,1573,Giá vốn (80%): Hộp mực in Izinet12A/303/FX9,632,0,290908.8
2023-12-28,1573,Giá vốn (80%): Máy tính bàn Dell Inspiron 3020 Core i3-13100 3.4GHz/8GBRam/256GB SSD/ Win 11home/ Office Home & Student2021/Wireless Bluetooth/ Mouse/ Keyboard/ 12mths Pre,632,0,8200000.0
2023-12-28,1562,"Giá vốn (80%): Thiết bị đầu cuối GSM/W-CDMA FDD 2.4GHz TP-Link, M7350",632,0,981818.4
2023-12-28,1563,"Giá vốn (80%): Camera quan sát CS - H3C (1080P,4MM,COLOR)",632,0,2272728.0
2023-12-28,1563,"Giá vốn (80%): Thiết bị  thu phát vô tuyến TP-Link,TL-WN821N",632,0,4363648.0
2023-12-28,1563,Giá vốn (80%): Máy in hóa đơn XP-T80L,632,0,16363632.0
2023-12-28,1563,Giá vốn (80%): Chuột vi tính có dây Rapoo N100,632,0,21818179.2
2023-12-28,1563,Giá vốn (80%): Loa SoundMax A130/2.0,632,0,6327264.0
2023-12-28,1563,Giá vốn (80%): Chuột máy tính Logitech B100,632,0,2705454.4
2023-12-28,1563,Giá vốn (80%): Bàn phím Keyboard NK2500,632,0,25090908.0
2023-12-28,1570,Giá vốn (80%): 6FW06A : Máy quét ảnh hoặc tài liệu HP ScanJetPro 2000S2 Sheet-feed- Scanner,632,0,5810908.8
2023-12-28,1571,Giá vốn (80%): Máy in HP LJ 181FW(T6B71A),632,0,6218181.6
2023-12-28,1572,Giá vốn (80%): Máy In Canon Laser LBP-2900,632,0,15454545.6
2023-12-28,1572,Giá vốn (80%): Bộ máy vi tính,632,0,8792727.2
2023-12-28,1561,"Giá vốn (80%): Thiết bị chuyển  mạch TP-Link,TL - SF1005D",632,0,189091.2
2023-12-28,1561,Giá vốn (80%): Tai nghe SoundMax AH314,632,0,305454.4
2023-12-28,1567,Giá vốn (80%): Đầu ghi hình DS-7632NXI-K2,632,0,3880000.0
2023-12-28,1561,Giá vốn (80%): MÁY TÍNH XÁCH TAY (NB) LENOVO V14 G3 IAP i3-1215U/8GD4/256GSSD/14.0FHD/IPS/WL/BT/2C38/NoOS/ĐEN (82TS0060VN),632,0,6538181.6
2023-12-28,1561,"Giá vốn (80%): Thiết bị đầu cuối GSM/W-CDMA FDD 2.4GHz TP-Link, M7350",632,0,981817.6
2023-12-28,1561,Giá vốn (80%): Camera quan sát CS - C6N (1080P),632,0,1968000.0
2023-12-28,1561,Giá vốn (80%): Loa SoundMax A926 /2.1,632,0,567272.8
2023-12-28,1561,Giá vốn (80%): Bàn phím Dell Multimedia KB216,632,0,465456.0
2023-12-28,1561,Giá vốn (80%): Chuột máy tính Dell MS116,632,0,261817.6
2023-12-28,1572,"Giá vốn (80%): Màn hình máy tính LenovoThinkVision S22e - 20, 21.5""FHD, 3Y WTY_62C6KAR1WW",632,0,43454545.6
2023-12-28,1560,Giá vốn (80%): Ổ đĩa cứng gắn trong  máy tính hiệu LEXAR 2.5 inch SSD256GB (LNS100-256RB),632,0,654545.6
2023-12-28,1569,Giá vốn (80%): MÀN HÌNH VI TÍNH (LCD) DELL S2421H  23.8INCH/1920x1080@75Hz/SP/2HDM I/LED/IPS/BẠC(70X9V1),632,0,2872000.0
2023-12-28,1568,Giá vốn (80%): Máy quét Canon Lide 400,632,0,2356364.0
2023-12-28,1569,Giá vốn (80%): Cáp dữ liệu VIDEO HDMI sang DVI truyền hình ảnh dài 1.5M Ugreen (11150),632,0,200000.0
2023-12-29,1580,Giá vốn (80%): Máy quét Canon Lide 400,632,0,4421817.6
2023-12-29,1580,Giá vốn (80%): MÁY IN CANON LBP 233DW,632,0,13287273.6
2023-12-29,1578,Giá vốn (80%): ổ cứng gắn ngoài 2TB SSDESD310C USB 10Gbps TypeC/A Transcend,632,0,2727272.8
2023-12-29,1577,Giá vốn (80%): MÁY TÍNH XÁCH TAY (NB)  Lenovo Ideapad 320 15IKB i5-8250U/4G /15.6,632,0,5454545.6
2023-12-29,1579,Giá vốn (80%): Máy in hóa đơn XP-T80L,632,0,654545.6
2023-12-29,1580,Giá vốn (80%): Máy in sổ Olivetti PR2 Plus,632,0,8819636.8
2023-12-29,1580,"Giá vốn (80%): Thiêt bị chuyển mạch TP-Link,TL-SG1024D",632,0,1418181.6
2023-12-29,1580,"Giá vốn (80%): Thiết bị chuyển mạch TP-Link, TL-SG108",632,0,479272.8
2023-12-29,1580,Giá vốn (80%): Dây cáp mạng EN-R5BC20-MP3L-200-RG59+2C,632,0,2928000.0
2023-12-29,1580,Giá vốn (80%): Đầu bấm dây cáp mạng hiệu ENSOHO mã EN-RJ45C6B RJ-45 Cat6e 8P8C,632,0,218181.6
2023-12-29,1580,Giá vốn (80%): BỘ LƯU ĐIỆN SANTAK - MÃ HÀNG  BLAZER-2200 PRO,632,0,3200000.0
2023-12-29,1581,Giá vốn (80%): Phần mềm Kaspersky KL1941MUEFS,632,0,1520000.0
2023-12-29,1577,"Giá vốn (80%): Máy tính xách tay LenovoV15 G4 IRU - Intel Core i3 -1315U (4.50GHz) - 8GB RAM - 512GB SSD - WF+BL -15.6FHD60Hz - NOS- 2YR Premium NBD, ,P/n 83A10007VN",632,0,7345454.4
2023-12-29,1577,Giá vốn (80%): MÁY TÍNH XÁCH TAY (NB)LENOVO V14 G3 IAP i3-1215U/8GD4/256GSSD/14.0FHD/IPS/WL/BT/2C38/NoOS/ĐEN (82TS0060VN),632,0,23563636.0
2023-12-29,1582,"Giá vốn (80%): Máy Tính Xách Tay Asus Expert  Center B1500CEAE -EJ2701 / 15.6"" i5-1135G7/8GB DDR4/512GB (90NX0441-M01BE0)",632,0,8727272.8
2023-12-29,1582,Giá vốn (80%): Máy In Canon Laser LBP6030,632,0,1840000.0
2023-12-29,1582,"Giá vốn (80%): Màn hình LCD VIEWSONIC VA1903A/19""",632,0,945454.4
2023-12-29,1576,Giá vốn (80%): MÁY TÍNH XÁCH TAY (NB) LENOVO V14 G3 IAP i3-1215U/8GD4/256GSSD/14.0FHD/IPS/WL/BT/2C38/NoOS/ĐEN (82TS0060VN),632,0,6036364.0
2023-12-29,1575,Giá vốn (80%): Máy quét Canon Lide 300,632,0,1374545.6
2023-12-29,1574,"Giá vốn (80%): Màn hình LCD VIEWSONIC VA1903A/19""",632,0,1054545.6
2023-12-29,1583,Giá vốn (80%): Chuột máy tính Logitech M221,632,0,210908.8
2023-12-29,1583,Giá vốn (80%): Ổ cứng di động 32GB U202 USB 2.0 Kioxia,632,0,1090908.8
2023-12-29,1583,Giá vốn (80%): Bảng mạch chính Asus PRIME H310M-KR2.0,632,0,909091.2
2023-12-30,1585,Giá vốn (80%): Loa SoundMax A2126/2.1,632,0,861818.4
2023-12-30,1585,Giá vốn (80%): Chuột máy tính Logitech M590,632,0,378181.6
2023-12-30,1585,Giá vốn (80%): Trống nhãn hiệu Hanp loại DMHP1010PG11-1-100/DMHP1010(Canon2900/12A),632,0,240000.0
2023-12-30,1585,Giá vốn (80%): Mực Laser Mitsubishi (140g) 26A,632,0,145456.0
2023-12-30,1585,Giá vốn (80%): Gạt mực (Linh kiện của hộp mực (Cartridge) dùngcho máy in Laser) loại WB 12A,632,0,64000.0
2023-12-30,1586,Giá vốn (80%): Máy in canon laser LBP - 2900,632,0,2800000.0
2023-12-30,1586,"Giá vốn (80%): Máy Tính Xách Tay Asus Expert Center B1500CEAE -EJ2701 / 15.6"" i5-1135G7/8GB DDR4/512GB (90NX0441-M01BE0)",632,0,8727272.8
2023-12-30,1584,Giá vốn (80%): Máy đếm tiền XD BC -­ 35,632,0,3592592.8
2023-12-30,1585,Giá vốn (80%): Hộp mực in Izinet 12A/303/FX9,632,0,6720000.0
2023-12-30,1585,Giá vốn (80%): Mực nạp đổ XP12 - 140,632,0,752000.0
2023-12-30,1587,Giá vốn (80%): Hộp mực in Izinet 12A/303/FX9,632,0,261818.4
