Ngày,Số CT,Diễn giải,TK Nợ,TK Có,Số tiền
Ngày,Số HĐ,Diễn giải,TK Nợ,TK Có,Số tiền
2023-01-02,5,Phần mềm Kaspersky KL1941MCCFS,131,511,650000.0
2023-01-02,249,THU LAI VAY QUA HAN PDLD2229700440,6422,1111,740536.0
2023-01-02,8,Máy chiếu đa năng ViewSonic PA503XE,6422,1111,9000000.0
2023-01-02,254,THU LAI VAY QUA HAN PDLD2228500483,6422,1111,738603.0
2023-01-02,2,Bộ chuyển đổi mini Displayport sang VGA + HDMI màu trắng Ugreen ( 10427),6422,1111,290909.0
2023-01-02,2,"Cáp dữ liệu nối mạng CAT6 UTP, truyền dữ liệu giữa các máy tính, dài 10M Ugreen ( 11205)",6422,1111,90909.0
2023-01-02,25,Máy in bill Epson TM-T82 III,6422,1111,8610000.0
2023-01-02,32,Máy in laser Brother HL-L2321D,6422,1111,260363638.0
2023-01-02,32,Máy in đa chức năng Brother MFC-L2701D,6422,1111,9450909.0
2023-01-02,32,Máy in phun đa năng Brother DCP-T220,6422,1111,25198836.0
2023-01-02,32,Máy in phun đa năng Brother DCP-T226 (màu trắng),6422,1111,25198836.0
2023-01-02,32,Máy in phun đa năng Brother MFC-T920DW,6422,1111,6596236.0
2023-01-02,32,Máy in laser Brother DCP-B7535DW,6422,1111,29301818.0
2023-01-02,32,Mực in Brother TN-2385,6422,1111,52380000.0
2023-01-02,32,Mực in Brother TN-B022,6422,1111,4365000.0
2023-01-02,32,Trống từ Brother DR-2385,6422,1111,11110909.0
2023-01-02,32,Trống từ Brother DR-B022,6422,1111,5555455.0
2023-01-02,32,Mực in phun Brother BTD60BK BH17 ASA,6422,1111,3492000.0
2023-01-02,32,Mực in phun Brother BT5000C,6422,1111,2539636.0
2023-01-02,32,Mực in phun Brother BT5000M,6422,1111,2539636.0
2023-01-02,32,Mực in phun Brother BT5000Y,6422,1111,2539636.0
2023-01-02,263,THU LAI VAY QUA HAN PDLD2227000299,6422,1111,523778.0
2023-01-02,262,THU LAI VAY QUA HAN PDLD2227200389,6422,1111,488178.0
2023-01-02,261,THU LAI VAY QUA HAN PDLD2227300451,6422,1111,441320.0
2023-01-02,260,THU LAI VAY QUA HAN PDLD2227700350,6422,1111,1270908.0
2023-01-02,259,THU LAI VAY QUA HAN PDLD2228000535,6422,1111,428468.0
2023-01-02,258,THU LAI VAY QUA HAN PDLD2228300453,6422,1111,3702684.0
2023-01-02,257,THU LAI VAY QUA HAN PDLD2228400092,6422,1111,740536.0
2023-01-02,250,THU LAI VAY QUA HAN PDLD2229700340,6422,1111,740536.0
2023-01-02,251,THU LAI VAY QUA HAN PDLD2229200450,6422,1111,707952.0
2023-01-02,41,Mực in Brother TN-2385,6422,1111,8730000.0
2023-01-02,253,THU LAI VAY QUA HAN PDLD2228600465,6422,1111,864872.0
2023-01-02,5,Giá vốn (80%): Phần mềm Kaspersky KL1941MCCFS,632,1561,520000.0
2023-01-02,255,THU LAI VAY QUA HAN PDLD2228500024,6422,1111,1046867.0
2023-01-02,273,THU LAI VAY QUA HAN PDLD2234700421,6422,1111,1423057.0
2023-01-02,272,THU LAI VAY QUA HAN PDLD2235000387,6422,1111,614371.0
2023-01-02,271,THU LAI VAY QUA HAN PDLD2235300287,6422,1111,371091.0
2023-01-02,252,THU LAI VAY QUA HAN PDLD2229000275,6422,1111,1418712.0
2023-01-02,269,THU LAI VAY QUA HAN PDLD2235600430,6422,1111,219418.0
2023-01-02,268,THU LAI VAY QUA HAN PDLD2235700402,6422,1111,287987.0
2023-01-02,267,THU LAI VAY QUA HAN PDLD2225700570,6422,1111,937365.0
2023-01-02,266,THU LAI VAY QUA HAN PDLD2226300522,6422,1111,1398792.0
2023-01-02,265,THU LAI VAY QUA HAN PDLD2226400456,6422,1111,778197.0
2023-01-02,6,Hộp mực in Ecoplus 12A,131,511,109091.0
2023-01-02,6,Giá vốn (80%): Hộp mực in Ecoplus 12A,632,1561,87272.8
2023-01-02,2,Máy in laser Brother HL-L2321D,131,511,73090909.0
2023-01-02,270,THU LAI VAY QUA HAN PDLD2235300450,6422,1111,436259.0
2023-01-02,2,MÀN HÌNH VI TÍNH (LCD) LENOVO C22-20 21.5INCH/1920 x 1080/75Hz/VGA/HDMI/ĐEN/3Y(62A7KAR1WW),131,511,54545454.0
2023-01-02,2,Giá vốn (80%): Máy in laser Brother HL-L2321D,632,1561,58472727.2
2023-01-02,264,THU LAI VAY QUA HAN PDLD2226900375,6422,1111,1119032.0
2023-01-02,1,"Giá vốn (80%): Máy tính bàn Lenovo Desktop ThinkCentre M70a Gen 3 -i3-12100 ( 4.3 GHZ) - 8GB RAM - 256GB SSD - 21.5 inch FHD -1Yr, P/n 11VL0000VA",632,1561,10829091.2
2023-01-02,1,"Máy tính bàn Lenovo Desktop ThinkCentre M70a Gen 3 -i3-12100 ( 4.3 GHZ) - 8GB RAM - 256GB SSD - 21.5 inch FHD -1Yr, P/n 11VL0000VA",131,511,13536364.0
2023-01-02,3,Giá vốn (80%): Máy in đa chức năng Brother MFCL2701D,632,1561,18654545.6
2023-01-02,3,Giá vốn (80%): Máy in laser Brother HL-L2321D,632,1561,38981818.4
2023-01-02,3,Máy in đa chức năng Brother MFCL2701D,131,511,23318182.0
2023-01-02,4,Giá vốn (80%): Máy đếm tiền Mazsan MS - 5700C,632,1561,2185185.6
2023-01-02,4,Máy đếm tiền Mazsan MS - 5700C,131,511,2731482.0
2023-01-02,2,Giá vốn (80%): MÁY TÍNH ĐỂ BÀN (PC) LENOVO ThinkCentre neo 50s Gen 3 i5- 12400(6*2.5)/8GD4/256GSSD/WL/BT/KB/M/W11/ĐEN( 11T0004UVN),632,1561,8218181.6
2023-01-02,2,MÁY TÍNH ĐỂ BÀN (PC) LENOVO ThinkCentre neo 50s Gen 3 i5- 12400(6*2.5)/8GD4/256GSSD/WL/BT/KB/M/W11/ĐEN( 11T0004UVN),131,511,10272727.0
2023-01-02,2,Giá vốn (80%): MÀN HÌNH VI TÍNH (LCD) LENOVO C22-20 21.5INCH/1920 x 1080/75Hz/VGA/HDMI/ĐEN/3Y(62A7KAR1WW),632,1561,43636363.2
2023-01-02,3,Máy in laser Brother HL-L2321D,131,511,48727273.0
2023-01-03,5,Bộ chuyển đổi mini Displayport sang VGA + HDMI màu trắng Ugreen ( 10427),6422,1111,290909.0
2023-01-03,2,Pin Alkaline AA Philips LR6P2B/97,6422,1111,1592760.0
2023-01-03,5,"cáp dữ liệu nối mạng CAT6 UTP truyền dữ liệu giữa các máy tính, dài 10M Ugreen ( 11205)",6422,1111,90909.0
2023-01-03,5,Cáp dữ liệu VIDEO HDMI 1.4 truyền âm thanh hình ảnh dài 25M có chipset Ugreen ( 10113),6422,1111,963636.0
2023-01-03,2,Pin minicell Philips CR2025/01B,6422,1111,130000.0
2023-01-03,7,Máy in bill Epson TM-T82 III,131,511,10063636.0
2023-01-03,2,Bộ chia cổng Cliptec RZH201,6422,1111,818170.0
2023-01-03,7,Giá vốn (80%): Máy in bill Epson TM-T82 III,632,1561,8050908.8
2023-01-03,8,Giá vốn (80%): Bộ máy vi tính,632,1561,12109091.2
2023-01-03,8,Bộ máy vi tính,131,511,15136364.0
2023-01-03,2,Bộ chia cổng Cliptec RZH209,6422,1111,818170.0
2023-01-04,12,"Giá vốn (80%): Màn hình LCD Dell P3421W 34""",632,1561,10174545.6
2023-01-04,9,Giá vốn (80%): Loa SoundMax A130,632,1561,87272.8
2023-01-04,9,Loa SoundMax A130,131,511,109091.0
2023-01-04,9,Giá vốn (80%): Chuột máy tính  Logitech B100,632,1561,50908.8
2023-01-04,9,Chuột máy tính  Logitech B100,131,511,63636.0
2023-01-04,9,Giá vốn (80%): Bàn phím Logitech K120,632,1561,109091.2
2023-01-04,9,Bàn phím Logitech K120,131,511,136364.0
2023-01-04,12,"Màn hình LCD Dell P3421W 34""",131,511,12718182.0
2023-01-04,11,Giá vốn (80%): Chuột vi tính có dây Rapoo N100,632,1561,254545.6
2023-01-04,11,Chuột vi tính có dây Rapoo N100,131,511,318182.0
2023-01-04,11,Giá vốn (80%): Bàn phím Keyboard NK2500,632,1561,560000.0
2023-01-04,11,Bàn phím Keyboard NK2500,131,511,700000.0
2023-01-04,11,Giá vốn (80%): Loa SoundMax A710/2.1,632,1561,872727.2
2023-01-04,11,Loa SoundMax A710/2.1,131,511,1090909.0
2023-01-04,11,Giá vốn (80%): Máy  in Brother HL-L2321D,632,1561,1949091.2
2023-01-04,11,Máy  in Brother HL-L2321D,131,511,2436364.0
2023-01-04,10,Giá vốn (80%): Bộ chuyển đổi mini Displayport sang VGA + HDMI màu trắng Ugreen ( 10427),632,1561,305454.4
2023-01-04,10,Bộ chuyển đổi mini Displayport sang VGA + HDMI màu trắng Ugreen ( 10427),131,511,381818.0
2023-01-05,88,"MÁY TÍNH ĐỂ BÀN HP 280 Pro G9 SFF (i5-12500 (6*3.0),8GB DDR4,256GB SSD,WL,BT,KB,M,W11SL_72K92PA)",6422,1111,11081818.0
2023-01-05,1324,Thuế GTGT: Cước dịch vụ viễn thông trả sau (Dịch vụ chịu thuế),1331,1111,23909.0
2023-01-05,1324,Cước dịch vụ viễn thông trả sau (Dịch vụ chịu thuế),6422,1111,239090.0
2023-01-05,13,Hộp mực in Izinet 12A,131,511,336364.0
2023-01-05,15,Giá vốn (80%): Hộp mực  in Ecoplus 12A,632,1561,94545.6
2023-01-05,15,Hộp mực  in Ecoplus 12A,131,511,118182.0
2023-01-05,13,Giá vốn (80%): Hộp mực in Izinet 12A,632,1561,269091.2
2023-01-05,1967,THU PHI CT ACB,6422,1121,23000.0
2023-01-05,1845,"Máy tính để bàn Lenovo ThinkCentre neo 50s Gen 3, i3-12100, 4GB, 1TB, Intel UHD Graphics 730, ac+BT, KB, M, No OS, 1Y WTY_11T000ARVA",6422,1111,14090908.0
2023-01-05,14,Giá vốn (80%): Hộp mực in Izinet 12A,632,1561,509091.2
2023-01-05,14,Hộp mực in Izinet 12A,131,511,636364.0
2023-01-05,14,Giá vốn (80%): Mực Laser TN-2385 Brother,632,1561,407272.8
2023-01-05,14,Mực Laser TN-2385 Brother,131,511,509091.0
2023-01-05,1967,Thuế GTGT: THU PHI CT ACB,6422,1121,2300.0
2023-01-06,1929293,Thuế GTGT:  Thu Phi SMS thay doi so du thang  12/2022,1331,1111,1818.0
2023-01-06,16,"Giá vốn (80%): Thiết bị thu phát vô tuyến băng tần  2,4/5 Ghz , TPLINK  ARCHER AX23",632,1561,981818.4
2023-01-06,1929293,Thu Phi SMS thay doi so du thang  12/2022,6422,1111,18182.0
2023-01-06,16,"Giá vốn (80%): Thiết bị định tuyến TP-Link 450M,2.4GHz,TL-WR940N",632,1561,312727.2
2023-01-06,16,"Thiết bị định tuyến TP-Link 450M,2.4GHz,TL-WR940N",131,511,390909.0
2023-01-06,16,"Thiết bị thu phát vô tuyến băng tần  2,4/5 Ghz , TPLINK  ARCHER AX23",131,511,1227273.0
2023-01-08,20,Giá vốn (80%): Thẻ nhớ Micro SD+Adaptor Hikvision HS-TF-C1/32GB,632,1561,465456.0
2023-01-08,21,Giá vốn (80%): MÁY TÍNH BỘ PC DELL INSPIRON 3910 CORE I5,632,1561,12800000.0
2023-01-08,21,MÁY TÍNH BỘ PC DELL INSPIRON 3910 CORE I5,131,511,16000000.0
2023-01-08,110,Tai nghe SoundMax AH314,6422,1111,1800000.0
2023-01-08,110,Tai nghe SoundMax AH304,6422,1111,1150000.0
2023-01-08,110,Loa SoundMax AS-6,6422,1111,810000.0
2023-01-08,20,Giá vốn (80%): Bàn phím Keyboard NK2500,632,1561,872728.0
2023-01-08,20,Bàn phím Keyboard NK2500,131,511,1090910.0
2023-01-08,20,Giá vốn (80%): Chuột vi tính có dây  Rapoo N100,632,1561,800000.0
2023-01-08,20,Chuột vi tính có dây  Rapoo N100,131,511,1000000.0
2023-01-08,20,Thẻ nhớ Micro SD+Adaptor Hikvision HS-TF-C1/32GB,131,511,581820.0
2023-01-08,17,Máy  In Canon Laser LBP-2900,131,511,3627273.0
2023-01-08,20,Vỏ thùng máy tính  Jetek A30,131,511,1363635.0
2023-01-08,20,Giá vốn (80%): Vỏ thùng máy tính  Jetek A30,632,1561,1090908.0
2023-01-08,57,Ghế xoay Midnight EGC205  - E-Dra,6422,1111,8704464.0
2023-01-08,19,Máy  in Brother DCP-B7535DW,131,511,5072727.0
2023-01-08,19,Giá vốn (80%): Máy  in Brother DCP-B7535DW,632,1561,4058181.6
2023-01-08,18,Dây USB 3.0 nối dài 1.5m Ugreen (30126),131,511,118182.0
2023-01-08,57,Ghế xoay Citizen EGC200 - E-Dra,6422,1111,12490082.0
2023-01-08,18,Bàn phím  Keyboard NK2500,131,511,254545.0
2023-01-08,18,Giá vốn (80%): Bàn phím  Keyboard NK2500,632,1561,203636.0
2023-01-08,17,Giá vốn (80%): Máy  In Canon Laser LBP-2900,632,1561,2901818.4
2023-01-08,18,Giá vốn (80%): Dây USB 3.0 nối dài 1.5m Ugreen (30126),632,1561,94545.6
2023-01-09,24,Hộp mực  in Ecoplus 12A,131,511,236364.0
2023-01-09,26,"Giá vốn (80%): Thiết bị chuyển mạch TP-Link,TL-SF1024D",632,1561,640000.0
2023-01-09,26,"Thiết bị chuyển mạch TP-Link,TL-SF1024D",131,511,800000.0
2023-01-09,22,"Giá vốn (80%): Ổ cứng  Seagate Expansion 1TB 2.5""",632,1561,909091.2
2023-01-09,22,"Ổ cứng  Seagate Expansion 1TB 2.5""",131,511,1136364.0
2023-01-09,23,Giá vốn (80%): MÁY TÍNH ĐỂ BÀN HP 280 PRO G9 SFF 72K92PA  -Intel Core i5-12500,632,1561,9920000.0
2023-01-09,23,MÁY TÍNH ĐỂ BÀN HP 280 PRO G9 SFF 72K92PA  -Intel Core i5-12500,131,511,12400000.0
2023-01-09,24,Giá vốn (80%): Hộp mực  in Ecoplus 12A,632,1561,189091.2
2023-01-09,25,Giá vốn (80%): Mực  in phun Brother BT5000M,632,1561,134545.6
2023-01-09,3000275,Trich thu Tien vay - Lai : 663014 - Acct vay 383583749,6422,1111,663014.0
2023-01-09,25,Giá vốn (80%): Mực  in phun Brother BT5000Y,632,1561,134545.6
2023-01-09,25,Mực  in phun Brother BT5000Y,131,511,168182.0
2023-01-09,11,Máy quét HP Scanjet Pro 3000 S4 Sheet-feed - WTY_6FW07A,6422,1111,17181818.0
2023-01-09,3039252,Trich thu Tien vay - Lai : 11140822 - Acct vay 377993869,6422,1111,11140822.0
2023-01-09,27,Giá vốn (80%): Máy in phun đa năng Brother DCPT226 (màu trắng),632,1561,2756364.0
2023-01-09,27,Máy in phun đa năng Brother DCPT226 (màu trắng),131,511,3445455.0
2023-01-09,3023013,Trich thu Tien vay - Lai : 1084932 - Acct vay 383484139,6422,1111,1084932.0
2023-01-09,25,Mực  in phun Brother BT5000M,131,511,168182.0
2023-01-10,14,"Thanh ram G.Skill F3-1600C11S-8GIS, 8GB",6422,1111,500000.0
2023-01-10,5177,Thuế GTGT: THU PHI CT Vietcombank,6422,1121,2300.0
2023-01-10,15,"Thanh ram G.Skill F3-1600C11S-8GIS, 8GB",6422,1111,5000000.0
2023-01-10,15,Nguồn máy tính Corsair RM850e/CP,6422,1111,2627272.0
2023-01-10,14,Nguồn máy tính Corsair RM850e/CP,6422,1111,2627272.0
2023-01-10,5177,THU PHI CT Vietcombank,6422,1121,23000.0
2023-01-10,29,"Giá vốn (80%): Máy tính bàn Lenovo Desktop ThinkCentre M70a Gen 3 -i3-12100 ( 4.3 GHZ) - 8GB RAM - 256GB SSD - 21.5 inchFHD -1Yr, P/n 11VL0000VA",632,1561,10829091.2
2023-01-10,28,MÀN HÌNH LCD 23.8 Inch LENOVO THINKVISION S24e-20 (62AEKAR2WW),131,511,11818182.0
2023-01-10,28,Giá vốn (80%): MÀN HÌNH LCD 23.8 Inch LENOVO THINKVISION S24e-20 (62AEKAR2WW),632,1561,9454545.6
2023-01-10,28,MÁY TÍNH ĐỂ BÀN (PC) LENOVO ThinkCentre neo 50sGen 3 i5- 12400(6*2.5)/4GD4/256GSSD/WL/BT/KB/M/NoOS/ĐEN(11T000AXVA),131,511,18909091.0
2023-01-10,28,Giá vốn (80%): MÁY TÍNH ĐỂ BÀN (PC) LENOVO ThinkCentre neo 50sGen 3 i5- 12400(6*2.5)/4GD4/256GSSD/WL/BT/KB/M/NoOS/ĐEN(11T000AXVA),632,1561,15127272.8
2023-01-10,29,"Máy tính bàn Lenovo Desktop ThinkCentre M70a Gen 3 -i3-12100 ( 4.3 GHZ) - 8GB RAM - 256GB SSD - 21.5 inchFHD -1Yr, P/n 11VL0000VA",131,511,13536364.0
2023-01-10,32,Giá vốn (80%): Chuột máy tính  Dell MS116,632,1561,1090908.8
2023-01-10,76,Điện thoại có dây Panasonic KXTS500,6422,1111,2217000.0
2023-01-10,32,Giá vốn (80%): Bàn phím Dell Multimedia KB216,632,1561,1527272.8
2023-01-10,31,Máy quét HP Scanjet Pro 3000 S4 Sheet-feed - WTY_6FW07A,131,511,9772727.0
2023-01-10,30,Máy quét HP Scanjet Pro 3000 S4 Sheet-feed - WTY_6FW07A,131,511,9772727.0
2023-01-10,30,Giá vốn (80%): Máy quét HP Scanjet Pro 3000 S4 Sheet-feed - WTY_6FW07A,632,1561,7818181.6
2023-01-10,32,Chuột máy tính  Dell MS116,131,511,1363636.0
2023-01-10,32,ổ cứng gắn trong 240GB SSD Exceria BiCS FLASH 2.5'' SATA3 Kioxia,131,511,6818182.0
2023-01-10,31,Giá vốn (80%): Máy quét HP Scanjet Pro 3000 S4 Sheet-feed - WTY_6FW07A,632,1561,7818181.6
2023-01-10,32,Bộ nhớ trong Kingston 8GD4-2666,131,511,6000000.0
2023-01-10,32,Giá vốn (80%): Bộ nhớ trong Kingston 8GD4-2666,632,1561,4800000.0
2023-01-10,32,"Thanh ram G.Skill F3-1600C11S-8GIS, 8GB",131,511,7727273.0
2023-01-10,32,"Giá vốn (80%): Thanh ram G.Skill F3-1600C11S-8GIS, 8GB",632,1561,6181818.4
2023-01-10,32,Bàn phím Dell Multimedia KB216,131,511,1909091.0
2023-01-10,32,Giá vốn (80%): ổ cứng gắn trong 240GB SSD Exceria BiCS FLASH 2.5'' SATA3 Kioxia,632,1561,5454545.6
2023-01-11,34,"Giá vốn (80%): Ổ cứng gắn trong 240GB SSD EXCERIA BICS FLASH2.5""SATA3 KIOXIA",632,1561,690908.8
2023-01-11,471,Bộ nhớ máy tính xách tay Kingmax 16GB DDR4-3200,6422,1111,2209091.0
2023-01-11,471,Bộ vi xử lý vi tính Intel Core i3-10105 (BX8070110105SRH3P) + Quạt,6422,1111,12272728.0
2023-01-11,471,Bộ vi xử lý vi tính Intel Core i3-12100 (BX8071512100SRL62) + Quạt,6422,1111,2954545.0
2023-01-11,471,Ổ đĩa cứng của máy vi tính hiệu Gigabyte GP-GSTFS31240GNTD 240GB (Sata 3),6422,1111,409091.0
2023-01-11,471,Mạch chính vi tính Gigabyte H610M S2H DDR4,6422,1111,8954545.0
2023-01-11,34,Chuột máy tính Dell MS116,131,511,145455.0
2023-01-11,34,Giá vốn (80%): Bàn phím Keyboard NK2500,632,1561,174545.6
2023-01-11,34,Bàn phím Keyboard NK2500,131,511,218182.0
2023-01-11,34,"Ổ cứng gắn trong 240GB SSD EXCERIA BICS FLASH2.5""SATA3 KIOXIA",131,511,863636.0
2023-01-11,34,Giá vốn (80%): Chuột máy tính Dell MS116,632,1561,116364.0
2023-01-11,33,Tai nghe Logitech H370,131,511,500000.0
2023-01-11,33,Giá vốn (80%): Tai nghe Logitech H370,632,1561,400000.0
2023-01-11,653,"Camera kỹ thuật số có chức năng ghi EZVIZ CS-C6N(4MP,W1)",6422,1111,2950000.0
2023-01-11,653,Camera kỹ thuật số có chức năng ghi hiệu EZVIZ mã CS-C3TN (1080P COLOR) 2.8 MM- hỗ trợ thẻ nhớ trong,6422,1111,3550000.0
2023-01-11,35,Loa SoundMax A120/2.0,131,511,190909.0
2023-01-11,35,Giá vốn (80%): Loa SoundMax A120/2.0,632,1561,152727.2
2023-01-11,653,Camera quan sát CS-C6N (1080P),6422,1111,13200000.0
2023-01-11,7249,THU LAI VAY LD2234700421,6422,1111,105841.0
2023-01-11,3664,"Bộ định tuyến có chức năng  thu phát vô tuyến TP-LINK, 2,4 GHz/ W-CDMA FDD/ GSM_TL-MR6400",6422,1111,4931820.0
2023-01-11,374,THU PHI CK CTY CN QUOC GIA ADG TAI DN,6422,1111,36000.0
2023-01-11,374,Thuế GTGT: THU PHI CK CTY CN QUOC GIA ADG TAI DN,1331,1111,3600.0
2023-01-12,39,Giá vốn (80%): Camera quan sát DS-2CE76D0T-ITMFS,632,1561,1200000.0
2023-01-12,39,Giá vốn (80%): Camera quan sát CS-CV310(A0-1C2WFR),632,1561,3120000.0
2023-01-12,39,Camera quan sát CS-CV310(A0-1C2WFR),131,511,3900000.0
2023-01-12,39,Giá vốn (80%): Camera KTS EZVIZ mã CS-C3N,632,1561,463200.0
2023-01-12,39,Camera KTS EZVIZ mã CS-C3N,131,511,579000.0
2023-01-12,39,Giá vốn (80%): Camera quan sát DS-2CE56D0T-IT3,632,1561,520000.0
2023-01-12,39,Camera quan sát DS-2CE56D0T-IT3,131,511,650000.0
2023-01-12,39,Giá vốn (80%): Camera quan sát DS-2CE16D0T-IT5(C),632,1561,960000.0
2023-01-12,39,Camera quan sát DS-2CE16D0T-IT5(C),131,511,1200000.0
2023-01-12,39,Đầu ghi hình DS-7216HGHI-K2,131,511,2000000.0
2023-01-12,39,Camera quan sát DS-2CE76D0T-ITMFS,131,511,1500000.0
2023-01-12,39,Camera quan sát DS-2CE16D0T-IT3,131,511,16380000.0
2023-01-12,39,Giá vốn (80%): Bát trên khóa chốt,632,1561,560000.0
2023-01-12,39,Camera quan sát  DS-2CE12DFT-PIRXOF,131,511,2400000.0
2023-01-12,39,Giá vốn (80%): Camera quan sát DS-2CE16D0T-IT3,632,1561,13104000.0
2023-01-12,39,Giá vốn (80%): Dây cáp mạng Ensoho EN-F5CA24 FTP cat5e,632,1561,60000000.0
2023-01-12,39,Dây cáp mạng Ensoho EN-F5CA24 FTP cat5e,131,511,75000000.0
2023-01-12,39,Giá vốn (80%): Ổ điện  12Port có CB,632,1561,1600000.0
2023-01-12,39,Ổ điện  12Port có CB,131,511,2000000.0
2023-01-12,39,Giá vốn (80%): Hộp ODC 4Fo Full phụ kiện SC/UPC,632,1561,567272.8
2023-01-12,39,Hộp ODC 4Fo Full phụ kiện SC/UPC,131,511,709091.0
2023-01-12,39,Giá vốn (80%): Đầu ghi hình DS-7216HGHI-K2,632,1561,1600000.0
2023-01-12,39,Giá vốn (80%): Camera quan sát  DS-2CE12DFT-PIRXOF,632,1561,1920000.0
2023-01-12,39,Đầu ghi hình  DS-7204HUHI-K1/E(S),131,511,1500000.0
2023-01-12,41,"Giá vốn (80%): Ổ cứng gắn trong 240GB SSD EXCERIA BICS FLASH2.5""SATA3 KIOXIA",632,1561,1309091.2
2023-01-12,39,"Ổ cứng  GN WD ELEMENTS 1TB 2.5"" USB 3.0",131,511,14300000.0
2023-01-12,41,Giá vốn (80%): Thanh ram G.Skill 2400-8GB-8GIS,632,1561,1243636.0
2023-01-12,41,Thanh ram G.Skill 2400-8GB-8GIS,131,511,1554545.0
2023-01-12,41,Giá vốn (80%): Thiết bị truyền ảnh Webcam Logitech C270,632,1561,960000.0
2023-01-12,41,Thiết bị truyền ảnh Webcam Logitech C270,131,511,1200000.0
2023-01-12,41,Giá vốn (80%): Bàn phím Dell Multimedia KB216,632,1561,545454.4
2023-01-12,41,Bàn phím Dell Multimedia KB216,131,511,681818.0
2023-01-12,41,Giá vốn (80%): Chuột máy tính Logitech M331,632,1561,1032727.2
2023-01-12,41,Chuột máy tính Logitech M331,131,511,1290909.0
2023-01-12,39,Bát trên khóa chốt,131,511,700000.0
2023-01-12,41,"Ổ cứng gắn trong 240GB SSD EXCERIA BICS FLASH2.5""SATA3 KIOXIA",131,511,1636364.0
2023-01-12,40,Giá vốn (80%): Chuột máy tính Logitech B100,632,1561,43636.0
2023-01-12,40,Chuột máy tính Logitech B100,131,511,54545.0
2023-01-12,40,Giá vốn (80%): Máy chấm công vân tay RJ-3030. Hiệu: Ronald jack,632,1561,2029091.2
2023-01-12,40,Máy chấm công vân tay RJ-3030. Hiệu: Ronald jack,131,511,2536364.0
2023-01-12,36,Giá vốn (80%): Phí Thư BL số MD2116742921 Số seri AA204770 Ngày 16/06/2021 đến 16/06/2022,632,1561,10909091.2
2023-01-12,36,Phí Thư BL số MD2116742921 Số seri AA204770 Ngày 16/06/2021 đến 16/06/2022,131,511,13636364.0
2023-01-12,7663,Thuế GTGT: THU PHI CT ACB,6422,1121,2300.0
2023-01-12,7663,THU PHI CT ACB,6422,1121,23000.0
2023-01-12,38,Giá vốn (80%): Hộp mực  in Ecoplus 12A,632,1561,196364.0
2023-01-12,38,Hộp mực  in Ecoplus 12A,131,511,245455.0
2023-01-12,39,Giá vốn (80%): Đầu bấm dây cáp mạng  Ensoho EN-RJ45C5 RJ-45 cat5e,632,1561,14400000.0
2023-01-12,39,Đầu bấm dây cáp mạng  Ensoho EN-RJ45C5 RJ-45 cat5e,131,511,18000000.0
2023-01-12,39,"Giá vốn (80%): Ổ cứng  GN WD ELEMENTS 1TB 2.5"" USB 3.0",632,1561,11440000.0
2023-01-12,39,Giá vốn (80%): Đầu ghi hình  DS-7204HUHI-K1/E(S),632,1561,1200000.0
2023-01-12,39,Giá vốn (80%): Bát dưới khóa chốt,632,1561,254545.6
2023-01-12,39,Thiết bị chuyển mạch Cisco Catal C2960X-24TS-L,131,511,37200000.0
2023-01-12,39,Giá vốn (80%): Khóa chốt  YB-100+,632,1561,720000.0
2023-01-12,39,Giá vốn (80%): Bộ chuyển đổi  tín hiệu BT-HD4V1DF-T/R,632,1561,2360000.0
2023-01-12,39,Bộ chuyển đổi  tín hiệu BT-HD4V1DF-T/R,131,511,2950000.0
2023-01-12,39,Bát dưới khóa chốt,131,511,318182.0
2023-01-12,39,"Bộ chuyển đổi quang điện  TP-Link,MC112CS",131,511,700000.0
2023-01-12,39,"Giá vốn (80%): Bộ chuyển đổi quang điện  TP-Link,MC111CS",632,1561,560000.0
2023-01-12,39,"Bộ chuyển đổi quang điện  TP-Link,MC111CS",131,511,700000.0
2023-01-12,39,Giá vốn (80%): Tủ Rack 6U,632,1561,7584000.0
2023-01-12,39,Tủ Rack 6U,131,511,9480000.0
2023-01-12,39,Giá vốn (80%): Ổ cứng  GT Western 6TB-WD60PURZ,632,1561,4240000.0
2023-01-12,39,Ổ cứng  GT Western 6TB-WD60PURZ,131,511,5300000.0
2023-01-12,39,Bộ chuyển đổi  USB-C sang HUB 3.0+HDMI+RJ45(50538),131,511,900000.0
2023-01-12,39,Giá vốn (80%): Bộ chuyển đổi nguồn DS-3E1309P-EI,632,1561,13920000.0
2023-01-12,39,Giá vốn (80%): Bộ chuyển đổi quang điện AP100-20B Aptek,632,1561,2040000.0
2023-01-12,39,Bộ chuyển đổi quang điện AP100-20B Aptek,131,511,2550000.0
2023-01-12,39,Giá vốn (80%): Bộ chuyển đổi quang điện AP100-20A Aptek,632,1561,2040000.0
2023-01-12,39,Bộ chuyển đổi quang điện AP100-20A Aptek,131,511,2550000.0
2023-01-12,39,Giá vốn (80%): Đầu ghi hình DS-7632NI-K2,632,1561,3600000.0
2023-01-12,39,Đầu ghi hình DS-7632NI-K2,131,511,4500000.0
2023-01-12,39,Giá vốn (80%): Camera quan sát DS-2CD2T43G2-2I,632,1561,62400000.0
2023-01-12,39,Camera quan sát DS-2CD2T43G2-2I,131,511,78000000.0
2023-01-12,37,Giá vốn (80%): Ru lô sấy,632,1561,1127272.8
2023-01-12,37,Ru lô sấy,131,511,1409091.0
2023-01-12,39,Bộ chuyển đổi nguồn DS-3E1309P-EI,131,511,17400000.0
2023-01-12,39,Giá vốn (80%): Bộ chuyển đổi  USB-C sang HUB 3.0+HDMI+RJ45(50538),632,1561,720000.0
2023-01-12,39,"Giá vốn (80%): Bộ chuyển đổi quang điện  TP-Link,MC112CS",632,1561,560000.0
2023-01-12,39,Giá vốn (80%): Bộ nguồn cấp điện Cisco AIR-PWR-C,632,1561,1680000.0
2023-01-12,39,Khóa chốt  YB-100+,131,511,900000.0
2023-01-12,39,Giá vốn (80%): Khung giá đỡ bằng thép không gỉ  Ruckus(902-0120-0000),632,1561,3360000.0
2023-01-12,39,Khung giá đỡ bằng thép không gỉ  Ruckus(902-0120-0000),131,511,4200000.0
2023-01-12,39,"Giá vốn (80%): 24Ackipter SC/UPC,24 ống,có nhiệt 60mm",632,1561,800000.0
2023-01-12,39,"24Ackipter SC/UPC,24 ống,có nhiệt 60mm",131,511,1000000.0
2023-01-12,39,"Giá vốn (80%): Tủ mạng 19""42U D1000-B",632,1561,6560000.0
2023-01-12,39,Bộ nguồn cấp điện Cisco AIR-PWR-C,131,511,2100000.0
2023-01-12,39,Giá vốn (80%): Thiết bị chuyển mạch Switch Cisco SB19P-SG95-16,632,1561,7680000.0
2023-01-12,39,Thiết bị chuyển mạch Switch Cisco SB19P-SG95-16,131,511,9600000.0
2023-01-12,39,Giá vốn (80%): Thiết bị chuyển mạch Cisco Catal C2960X-24TS-L,632,1561,29760000.0
2023-01-12,39,Giá vốn (80%): Thiết bị chuyển đổi nguồn điện Ruckus (902-0173-UK00),632,1561,1200000.0
2023-01-12,39,"Tủ mạng 19""42U D1000-B",131,511,8200000.0
2023-01-12,39,Giá vốn (80%): Thiết bị  phát HDMI Dtech DT7060,632,1561,3054545.6
2023-01-12,39,Thiết bị  phát HDMI Dtech DT7060,131,511,3818182.0
2023-01-12,39,"Giá vốn (80%): Thiết bị chuyển mạch Switch 24P-LGS124,Linksys",632,1561,1760000.0
2023-01-12,39,"Thiết bị chuyển mạch Switch 24P-LGS124,Linksys",131,511,2200000.0
2023-01-12,39,"Giá vốn (80%): Thiết bị chuyển mạch SF1082FP, hiệu  Aptek",632,1561,560000.0
2023-01-12,39,"Thiết bị chuyển mạch SF1082FP, hiệu  Aptek",131,511,700000.0
2023-01-12,39,"Giá vốn (80%): Thiết bị chuyển mạch TP-Link,TL-SG1024D",632,1561,6000000.0
2023-01-12,39,"Thiết bị chuyển mạch TP-Link,TL-SG1024D",131,511,7500000.0
2023-01-12,39,"Giá vốn (80%): Cáp mạng  Aipoolink RJ45UTP CAT5E,CCA24AWG",632,1561,4480000.0
2023-01-12,39,"Cáp mạng  Aipoolink RJ45UTP CAT5E,CCA24AWG",131,511,5600000.0
2023-01-12,39,Thiết bị chuyển đổi nguồn điện Ruckus (902-0173-UK00),131,511,1500000.0
2023-01-13,42,Bộ nhớ trong Kingston 16GB-3200U C16,131,511,1363636.0
2023-01-13,42,Giá vốn (80%): Bộ nhớ trong Kingston 16GB-3200U C16,632,1561,1090908.8
2023-01-15,43,6R9M6PA: Máy tính xách tay HP 14s-dq5053TU - Intel Corei5-1235U - U15 / 8GB DDR4 2DM 3200/ SSD 512Gb / IntelIris Xe/ 14 Inch HD/ Win 11 home/ Natural Silver/ 1Y,131,511,15445454.0
2023-01-15,43,Giá vốn (80%): 6R9M6PA: Máy tính xách tay HP 14s-dq5053TU - Intel Corei5-1235U - U15 / 8GB DDR4 2DM 3200/ SSD 512Gb / IntelIris Xe/ 14 Inch HD/ Win 11 home/ Natural Silver/ 1Y,632,1561,12356363.2
2023-01-15,44,Máy quét canon DR-F120,131,511,8318182.0
2023-01-15,43,"Giá vốn (80%): Máy tính để bàn Lenovo ThinkCentre neo 50s Gen 3 ,i3-12100, 4GB, 1TB, intel UHD Graphics 730, ac+ BT,KB,M,No OS, 1Y WTY_11T000ARVA - MÀN HÌNH LCD 23.8 Inch LENOVO THINKVISION S24e-20 (62AEKAR2WW)",632,1561,18240000.0
2023-01-15,45,Máy in Brother HL-L2321D,131,511,2681818.0
2023-01-15,45,Giá vốn (80%): Máy in Brother HL-L2321D,632,1561,2145454.4
2023-01-15,44,Giá vốn (80%): Máy quét canon DR-F120,632,1561,6654545.6
2023-01-15,43,"Máy tính để bàn Lenovo ThinkCentre neo 50s Gen 3 ,i3-12100, 4GB, 1TB, intel UHD Graphics 730, ac+ BT,KB,M,No OS, 1Y WTY_11T000ARVA - MÀN HÌNH LCD 23.8 Inch LENOVO THINKVISION S24e-20 (62AEKAR2WW)",131,511,22800000.0
2023-01-15,21,Máy quét canon DR-F120,6422,1111,7590909.0
2023-01-15,43,Màn chiếu  treo P84WS,131,511,909091.0
2023-01-15,43,Giá vốn (80%): Máy chiếu đa năng ViewSonic PA503XE,632,1561,8574545.6
2023-01-15,43,Máy chiếu đa năng ViewSonic PA503XE,131,511,10718182.0
2023-01-15,43,Giá vốn (80%): Máy In Canon Laser LBP-2900,632,1561,2872727.2
2023-01-15,43,Máy In Canon Laser LBP-2900,131,511,3590909.0
2023-01-15,43,Giá vốn (80%): Màn chiếu  treo P84WS,632,1561,727272.8
2023-01-15,8318,Thuế GTGT: THU PHI CT Vietcombank,6422,1121,2300.0
2023-01-15,8318,THU PHI CT Vietcombank,6422,1121,23000.0
2023-01-16,46,Giá vốn (80%): Gía treo máy chiếu 1.2m,632,1561,327272.8
2023-01-16,46,Gía treo máy chiếu 1.2m,131,511,409091.0
2023-01-16,46,Giá vốn (80%): Dây  HDMI 1.4 đồng 100% 15M,632,1561,560000.0
2023-01-16,46,Dây  HDMI 1.4 đồng 100% 15M,131,511,700000.0
2023-01-16,9697,Thuế GTGT: THU PHI CT ACB,6422,1121,2300.0
2023-01-16,9697,THU PHI CT ACB,6422,1121,23000.0
2023-01-17,11033,Thuế GTGT: THU PHI CT ACB,6422,1121,2300.0
2023-01-17,11033,THU PHI CT ACB,6422,1121,23000.0
2023-01-17,48,Giá vốn (80%): Bộ nhớ trong  Kingston 8GD4-2666,632,1561,945454.4
2023-01-17,48,Bộ nhớ trong  Kingston 8GD4-2666,131,511,1181818.0
2023-01-17,48,"Giá vốn (80%): Thiết bị thu phát vô tuyến TP-Link,TL-WN822N",632,1561,436363.2
2023-01-17,48,"Thiết bị thu phát vô tuyến TP-Link,TL-WN822N",131,511,545454.0
2023-01-17,48,Giá vốn (80%): Bảng mạch chính Asus Prime H510MF,632,1561,2109091.2
2023-01-17,48,Bảng mạch chính Asus Prime H510MF,131,511,2636364.0
2023-01-17,48,Giá vốn (80%): Ổ cứng 500GB Kingston SSD NV1 M2 2280(SNVS/500G),632,1561,1309091.2
2023-01-17,58,MÁY IN HP LASERJET PRO M404DN (W1A53A),6422,1111,9818182.0
2023-01-17,58,MÁY IN LASER ĐƠN NĂNG CANON I-SENSYS LBP226DW (3516C007AAME),6422,1111,9818182.0
2023-01-17,43,Máy tính bàn Lenovo ThinkCentre M70s Gen 3 - i3-12100 ( 4.3 GHZ) - 4GB RAM - 256GB SSD - Wireless & Bluetooth - None -1Yr; P/n 11TC000PVA,6422,1111,118922727.0
2023-01-17,43,Máy tính bàn Lenovo ThinkCentre M70s Gen 3 i5-12400 (4.4GHZ)- 8GB RAM - 512 SSD - Wireless & Bluetooth - None - 1Yr; P/n11TC000TVA,6422,1111,160650000.0
2023-01-17,47,Giá vốn (80%): Ổ cứng GT Western 1TB,632,1561,690908.8
2023-01-17,47,Ổ cứng GT Western 1TB,131,511,863636.0
2023-01-17,49,Giá vốn (80%): MÀN HÌNH VI TÍNH (LCD) LENOVO C22-2021.5INCH/1920 x 1080/75Hz/VGA/HDMI/ĐEN/3Y(62A7KAR1WW),632,1561,1854545.6
2023-01-17,49,MÀN HÌNH VI TÍNH (LCD) LENOVO C22-2021.5INCH/1920 x 1080/75Hz/VGA/HDMI/ĐEN/3Y(62A7KAR1WW),131,511,2318182.0
2023-01-17,48,Ổ cứng 500GB Kingston SSD NV1 M2 2280(SNVS/500G),131,511,1636364.0
2023-01-18,671,THU PHI CK CTY THE GIOI SO,6422,1111,28000.0
2023-01-18,22621,DO 0.001S-V,6422,1111,1363636.0
2023-01-18,671,Thuế GTGT: THU PHI CK CTY THE GIOI SO,1331,1111,2800.0
2023-01-18,672,THU PHI CK CTY PP TONG HOP DAU KHI,6422,1111,15000.0
2023-01-18,672,Thuế GTGT: THU PHI CK CTY PP TONG HOP DAU KHI,1331,1111,1500.0
2023-01-18,11424,THU LAI VAY LD2225700570,6422,1111,524093.0
2023-01-19,3229,Nâng cấp Premium Cloud Hosting - Thiết yếu (Essential) (huyvugialai.com),6422,1111,1188000.0
2023-01-27,50,Giá vốn (80%): BỘ MÁY VI TÍNH,632,1561,13032727.2
2023-01-27,50,BỘ MÁY VI TÍNH,131,511,16290909.0
2023-01-27,52,"Ổ cứng di động Seagate Expansion 1TB 2.5""",131,511,1318182.0
2023-01-27,50,Giá vốn (80%): Nguồn Jetek Model J400,632,1561,429090.4
2023-01-27,51,Giá vốn (80%): Máy  In Canon Laser LBP-2900,632,1561,2901818.4
2023-01-27,51,Hộp mực in Izinet 12A,131,511,336363.0
2023-01-27,51,Giá vốn (80%): Hộp mực in Izinet 12A,632,1561,269090.4
2023-01-27,51,Máy  In Canon Laser LBP-2900,131,511,3627273.0
2023-01-27,50,Nguồn Jetek Model J400,131,511,536363.0
2023-01-27,52,"Giá vốn (80%): Ổ cứng di động Seagate Expansion 1TB 2.5""",632,1561,1054545.6
2023-01-27,50,Máy  In Canon Laser LBP-2900,131,511,3627273.0
2023-01-27,50,Giá vốn (80%): Điện thoại có dây Panasonic KXTS500,632,1561,989091.2
2023-01-27,50,"Ổ cứng gắn trong 240GB SSD EXCERIA BICS FLASH2.5""SATA3 KIOXIA",131,511,1254545.0
2023-01-27,50,"Giá vốn (80%): Ổ cứng gắn trong 240GB SSD EXCERIA BICS FLASH2.5""SATA3 KIOXIA",632,1561,1003636.0
2023-01-27,50,Giá vốn (80%): Máy  In Canon Laser LBP-2900,632,1561,2901818.4
2023-01-27,50,Điện thoại có dây Panasonic KXTS500,131,511,1236364.0
2023-01-27,50,Giá vốn (80%): Ram 4GB Kingston,632,1561,400000.0
2023-01-27,50,"Thiết bị chuyển mạch TP-Link,TL-SG1008D",131,511,418182.0
2023-01-27,50,"Giá vốn (80%): Thiết bị chuyển mạch TP-Link,TL-SG1008D",632,1561,334545.6
2023-01-27,50,Ram 4GB Kingston,131,511,500000.0
2023-01-29,13346,THU LAI VAY LD2301200655,6422,1111,481.0
2023-01-29,13635,"PHI T01/2023-040019911911-ALERT,IB,OTP,QLTK",6422,1111,125000.0
2023-01-29,13635,"Thuế GTGT: PHI T01/2023-040019911911-ALERT,IB,OTP,QLTK",1331,1111,12500.0
2023-01-30,2388,Máy in đa chức năng Brother MFC-L2701D,6422,1111,24354545.0
2023-01-30,24,Chíp vi xử lý intel Comet Lake core i5-10400 2.9Ghz + Quạ,6422,1111,6000000.0
2023-01-30,24,Bảng mạch chính Asus EX - B365M - V,6422,1111,2600000.0
2023-01-30,2388,Mực in Brother TN-2385,6422,1111,13531500.0
2023-01-30,2388,Máy in laser Brother DCP-B7535DW,6422,1111,24781818.0
2023-01-30,6637,Thuế GTGT: Không có tên,1331,1111,22000.0
2023-01-30,2388,Máy in laser Brother HL-L2321D,6422,1111,172190910.0
2023-01-30,6636,Không có tên,6422,1111,7301990.0
2023-01-30,1495,Phí dịch vụ thanh toán trên vimo.vn tháng 01/2023 theo hợp đồng số ĐL00424/08062022,6422,1111,49.0
2023-01-30,1061,Thuế GTGT: Dịch vụ ngân hàng,6422,1121,3000.0
2023-01-30,1061,Dịch vụ ngân hàng,6422,1121,30000.0
2023-01-30,56,Máy tính bàn Lenovo ThinkCentre M70s Gen 3 - i3-12100 ( 4.3 GHZ) - 4GB RAM - 256GB SSD - Wireless & Bluetooth - None -1Yr; P/n 11TC000PVA,6422,1111,118922727.0
2023-01-30,56,Máy tính bàn Lenovo ThinkCentre M70s Gen 3 i5-12400 (4.4GHZ)- 8GB RAM - 256 SSD- Wireless & Bluetooth - None - 1Yr; P/n11TC000TVA,6422,1111,156559091.0
2023-01-30,6637,Không có tên,6422,1111,220000.0
2023-01-31,25965907,Thuế GTGT: Không có tên,1331,1111,35000.0
2023-01-31,25965907,Không có tên,6422,1111,350000.0
2023-01-31,15901,THU LAI VAY QUA HAN PDLD2227700350,6422,1111,1312552.0
2023-01-31,15893,THU LAI VAY QUA HAN PDLD2229200450,6422,1111,731151.0
2023-01-31,15894,THU LAI VAY QUA HAN PDLD2229000275,6422,1111,1465199.0
2023-01-31,15900,THU LAI VAY QUA HAN PDLD2228000535,6422,1111,442507.0
2023-01-31,15895,THU LAI VAY QUA HAN PDLD2228600465,6422,1111,893213.0
2023-01-31,15898,THU LAI VAY QUA HAN PDLD2228400092,6422,1111,764803.0
2023-01-31,15897,THU LAI VAY QUA HAN PDLD2228500024,6422,1111,1081170.0
2023-01-31,53,Giá vốn (80%): Bộ lưu điện  Santak - TG1000,632,1561,3476364.0
2023-01-31,15896,THU LAI VAY QUA HAN PDLD2228500483,6422,1111,764803.0
2023-01-31,8651,"Máy tính để bàn HP AIO 24-cb1011d,Core i5-1235U,8GB RAM,512GB SSD,Intel Graphics,23.8""FHD Touch,Wlan ac+BT,USB Keyboard & Mouse,Win11 Home 64,Starry White,1Y WTY_6K7G6PA",6422,1111,17000000.0
2023-01-31,15904,THU LAI VAY QUA HAN PDLD2227000299,6422,1111,540940.0
2023-01-31,106579,Cước dịch vụ Viễn thông-Công nghệ thông tin tháng 01 năm 2023,6422,1111,359374.0
2023-01-31,15899,THU LAI VAY QUA HAN PDLD2228300453,6422,1111,3824012.0
2023-01-31,106579,Thuế GTGT: Cước dịch vụ Viễn thông-Công nghệ thông tin tháng 01 năm 2023,1331,1111,35937.0
2023-01-31,60191,Cước dịch vụ Viễn thông-Công nghệ thông tin tháng 01 năm 2023,6422,1111,274000.0
2023-01-31,106580,Thuế GTGT: Cước dịch vụ Viễn thông-Công nghệ thông tin tháng 01 năm 2023,1331,1111,23451.0
2023-01-31,53,Bộ lưu điện  Santak - TG1000,131,511,4345455.0
2023-01-31,90977,Thuế GTGT: Cước dịch vụ Viễn thông-Công nghệ thông tin tháng 01 năm 2023,1331,1111,24964.0
2023-01-31,90977,Cước dịch vụ Viễn thông-Công nghệ thông tin tháng 01 năm 2023,6422,1111,249636.0
2023-01-31,60191,Thuế GTGT: Cước dịch vụ Viễn thông-Công nghệ thông tin tháng 01 năm 2023,1331,1111,27400.0
2023-01-31,60146,Thuế GTGT: Cước dịch vụ Viễn thông-Công nghệ thông tin tháng 01 năm 2023,1331,1111,2000.0
2023-01-31,60146,Cước dịch vụ Viễn thông-Công nghệ thông tin tháng 01 năm 2023,6422,1111,20000.0
2023-01-31,106580,Cước dịch vụ Viễn thông-Công nghệ thông tin tháng 01 năm 2023,6422,1111,234510.0
2023-01-31,60093,Thuế GTGT: Cước dịch vụ Viễn thông-Công nghệ thông tin tháng 01 năm 2023,1331,1111,2455.0
2023-01-31,60092,Thuế GTGT: Cước dịch vụ Viễn thông-Công nghệ thông tin tháng 01 năm 2023,1331,1111,2540.0
2023-01-31,60092,Cước dịch vụ Viễn thông-Công nghệ thông tin tháng 01 năm 2023,6422,1111,25400.0
2023-01-31,59893,Thuế GTGT: Cước dịch vụ Viễn thông-Công nghệ thông tin tháng 01 năm 2023,1331,1111,21364.0
2023-01-31,59893,Cước dịch vụ Viễn thông-Công nghệ thông tin tháng 01 năm 2023,6422,1111,213636.0
2023-01-31,106678,Thuế GTGT: Cước dịch vụ Viễn thông-Công nghệ thông tin tháng 01 năm 2023,1331,1111,37422.0
2023-01-31,106678,Cước dịch vụ Viễn thông-Công nghệ thông tin tháng 01 năm 2023,6422,1111,374218.0
2023-01-31,60093,Cước dịch vụ Viễn thông-Công nghệ thông tin tháng 01 năm 2023,6422,1111,24545.0
2023-01-31,54,Giá vốn (80%): Hộp mực  in Izinet 12A,632,1561,509091.2
2023-01-31,15902,THU LAI VAY QUA HAN PDLD2227300451,6422,1111,455780.0
2023-01-31,54,Giá vốn (80%): Máy In Canon Laser LBP-2900,632,1561,3200000.0
2023-01-31,16320,THU LAI VAY LD2235000387,6422,1111,61698.0
2023-01-31,15892,THU LAI VAY QUA HAN PDLD2229700340,6422,1111,764803.0
2023-01-31,15906,THU LAI VAY QUA HAN PDLD2226400456,6422,1111,803696.0
2023-01-31,15907,THU LAI VAY QUA HAN PDLD2226300522,6422,1111,1444627.0
2023-01-31,54,Hộp mực  in Izinet 12A,131,511,636364.0
2023-01-31,15912,THU LAI VAY QUA HAN PDLD2301200655,6422,1111,399190.0
2023-01-31,15914,THU LAI VAY QUA HAN PDLD2235700402,6422,1111,1274671.0
2023-01-31,15918,THU LAI VAY QUA HAN PDLD2235600430,6422,1111,849780.0
2023-01-31,15920,THU LAI VAY QUA HAN PDLD2235300450,6422,1111,1228783.0
2023-01-31,15925,THU LAI VAY QUA HAN PDLD2235300287,6422,1111,1045230.0
2023-01-31,15927,THU LAI VAY QUA HAN PDLD2235000387,6422,1111,1216718.0
2023-01-31,746,TP CK CTY TH VIEN SON,6422,1111,80000.0
2023-01-31,746,Thuế GTGT: TP CK CTY TH VIEN SON,1331,1111,8000.0
2023-01-31,23,Hộp mực in iziNet 12A/303/FX9 Universal,6422,1111,2400000.0
2023-01-31,23,Hộp mực in EcoPlus 12A/303/FX9 Universal,6422,1111,880000.0
2023-01-31,15911,THU LAI VAY QUA HAN PDLD2301900242,6422,1111,325657.0
2023-01-31,15903,THU LAI VAY QUA HAN PDLD2227200389,6422,1111,504175.0
2023-01-31,15891,THU LAI VAY QUA HAN PDLD2229700440,6422,1111,764803.0
2023-01-31,54,Máy In Canon Laser LBP-2900,131,511,4000000.0
2023-01-31,55,"Giá vốn (80%): Ổ cứng SSD Western WDS500G2B0A,500GB,Sata3 2.5""",632,1561,1090908.8
2023-01-31,55,"Giá vốn (80%): Ổ cứng gắn trong 240GB SSD EXCERIA BICSFLASH2.5""SATA3 KIOXIA",632,1561,683636.8
2023-01-31,55,"Ổ cứng gắn trong 240GB SSD EXCERIA BICSFLASH2.5""SATA3 KIOXIA",131,511,854546.0
2023-01-31,56,Giá vốn (80%): MÁY TÍNH ĐỂ BÀN (PC) LENOVO ThinkCentre neo 50s Gen 3 i5- 12400(6*2.5)/8GD4/256GSSD/WL/BT/KB/M/W11/ĐEN( 11T0004UVN),632,1561,9229090.4
2023-01-31,56,MÁY TÍNH ĐỂ BÀN (PC) LENOVO ThinkCentre neo 50s Gen 3 i5- 12400(6*2.5)/8GD4/256GSSD/WL/BT/KB/M/W11/ĐEN( 11T0004UVN),131,511,11536363.0
2023-01-31,55,"Ổ cứng SSD Western WDS500G2B0A,500GB,Sata3 2.5""",131,511,1363636.0
2023-01-31,56,Giá vốn (80%): Loa SoundMax R-200,632,1561,218181.6
2023-01-31,56,Loa SoundMax R-200,131,511,272727.0
2023-01-31,56,Giá vốn (80%): MÀN HÌNH VI TÍNH (LCD) LENOVO C22-20 21.5 INCH/1920 x 1080/75Hz/VGA/HDMI/ĐEN/(62A7KAR1WW),632,1561,1854545.6
2023-01-31,56,MÀN HÌNH VI TÍNH (LCD) LENOVO C22-20 21.5 INCH/1920 x 1080/75Hz/VGA/HDMI/ĐEN/(62A7KAR1WW),131,511,2318182.0
2023-01-31,56,Giá vốn (80%): Máy In Canon Laser LBP-2900,632,1561,2901818.4
2023-01-31,56,Máy In Canon Laser LBP-2900,131,511,3627273.0
2023-01-31,15905,THU LAI VAY QUA HAN PDLD2226900375,6422,1111,1155701.0
2023-02-01,396,Chuột Logitech M170,6422,1111,981816.0
2023-02-01,396,Thiết bị ghi hình Logitech C920E,6422,1111,1500000.0
2023-02-01,396,Bàn Phím Bluetooth Logitech K380 Xám Đậm,6422,1111,1072728.0
2023-02-01,396,Bàn Phím+Chuột Logitech MK240 đen,6422,1111,1545456.0
2023-02-01,396,Tay Game Logitech F710,6422,1111,1536364.0
2023-02-01,396,Chuột Logitech M350 đen,6422,1111,1909090.0
2023-02-01,165,Máy tính tiền DT-W9,6422,1111,8090909.0
2023-02-01,396,Tay Game Logitech F310,6422,1111,1977275.0
2023-02-01,396,Chuột Logitech M187 Đen,6422,1111,890908.0
2023-02-01,396,Thiết bị ghi hình Logitech C270 (Webcam),6422,1111,1886365.0
2023-02-01,396,Chuột Logitech M187 Xanh,6422,1111,668181.0
2023-02-01,396,Chuột Logitech M221 Xanh,6422,1111,627273.0
2023-02-01,396,Chuột Logitech M185 Đỏ,6422,1111,360000.0
2023-02-01,396,Chuột Logitech M185 Xám,6422,1111,360000.0
2023-02-01,396,Chuột Logitech M185 Xanh,6422,1111,360000.0
2023-02-01,214,Ghế xoay Midnight EGC205  - E-Dra,6422,1111,18836364.0
2023-02-01,396,Chuột Logitech M221 Xám,6422,1111,836364.0
2023-02-01,396,Chuột Logitech M221 Đỏ,6422,1111,627273.0
2023-02-01,396,Chuột logitech Pop Emoji tím (910_006515),6422,1111,468182.0
2023-02-01,396,Chuột Logitech Pop Emoji hồng (910-006516),6422,1111,468182.0
2023-02-01,396,Chuột Logitech Pop Emoji vàng (910-006514),6422,1111,468182.0
2023-02-01,58,Giá vốn (80%): Hộp mực in Ecoplus 12A,632,1561,94545.6
2023-02-01,396,Chuột Logitech M187 Đỏ,6422,1111,668181.0
2023-02-01,58,Hộp mực in Ecoplus 12A,131,511,118182.0
2023-02-01,60,Máy  in Brother HL-L2321D,131,511,2681818.0
2023-02-01,69,Hộp mực in,131,511,272727.0
2023-02-01,69,Giá vốn (80%): Hộp mực in,632,1561,218181.6
2023-02-01,68,Bộ máy vi tính,131,511,9072727.0
2023-02-01,68,Giá vốn (80%): Bộ máy vi tính,632,1561,7258181.6
2023-02-01,59,Ổ cứng Gigabyte GP-GSTFS31240GNTD 240GB,131,511,727273.0
2023-02-01,59,Giá vốn (80%): Ổ cứng Gigabyte GP-GSTFS31240GNTD 240GB,632,1561,581818.4
2023-02-01,57,"Giá vốn (80%): Ổ cứng gắn trong 240GB SSD EXCERIABICSFLASH2.5""SATA3 KIOXIA",632,1561,1483636.0
2023-02-01,60,Giá vốn (80%): Máy  in Brother HL-L2321D,632,1561,2145454.4
2023-02-01,61,USB hiệu Kingston 32GB 3.0DT100G3,131,511,863636.0
2023-02-01,61,Giá vốn (80%): USB hiệu Kingston 32GB 3.0DT100G3,632,1561,690908.8
2023-02-01,62,Hộp mực in Izinet 12A,131,511,418182.0
2023-02-01,57,"Ổ cứng gắn trong 240GB SSD EXCERIABICSFLASH2.5""SATA3 KIOXIA",131,511,1854545.0
2023-02-01,63,Máy  In Canon Laser LBP-2900,131,511,3627273.0
2023-02-01,63,Giá vốn (80%): Máy  In Canon Laser LBP-2900,632,1561,2901818.4
2023-02-01,64,"Màn hình LCD VIEWSONIC VX2476-SMHD/24""",131,511,3627273.0
2023-02-01,64,"Giá vốn (80%): Màn hình LCD VIEWSONIC VX2476-SMHD/24""",632,1561,2901818.4
2023-02-01,65,Bút trình chiếu hiệu Rapoo Wireless Prensenter Black XR200,131,511,536364.0
2023-02-01,65,Giá vốn (80%): Bút trình chiếu hiệu Rapoo Wireless Prensenter Black XR200,632,1561,429091.2
2023-02-01,66,Máy  In Canon Laser LBP-2900,131,511,3627273.0
2023-02-01,66,Giá vốn (80%): Máy  In Canon Laser LBP-2900,632,1561,2901818.4
2023-02-01,67,Mực xeroc S1810/S2011,131,511,1054546.0
2023-02-01,67,Giá vốn (80%): Mực xeroc S1810/S2011,632,1561,843636.8
2023-02-01,62,Giá vốn (80%): Hộp mực in Izinet 12A,632,1561,334545.6
2023-02-02,72,Giá vốn (80%): MÁY TÍNH XÁCH TAY (NB) LENOVO V14 G3 IAP i3-1215U/4GD4/256GSSD/14.0FHD/WL/BT/2C38/NoOS/ ĐEN(82TS0067VN),632,1561,7563636.0
2023-02-02,73,Giá vốn (80%): MÁY IN LASER ĐƠN NĂNG CANON I-SENSYS LBP226 DW,632,1561,4509091.2
2023-02-02,816,THU PHI CK CTY VINH XUAN,6422,1111,23000.0
2023-02-02,816,Thuế GTGT: THU PHI CK CTY VINH XUAN,1331,1111,2300.0
2023-02-02,815,THU PHI CK CTY VIEN SON,6422,1111,40000.0
2023-02-02,17575,THU LAI VAY LD2235300287,6422,1111,86904.0
2023-02-02,70,Bảng mạch chính Asus EX - B365M - V,131,511,1218182.0
2023-02-02,70,Giá vốn (80%): Bảng mạch chính Asus EX - B365M - V,632,1561,974545.6
2023-02-02,70,Ổ cứng  Gigabyte GP-GSTFS31120GNTD 120GB,131,511,318182.0
2023-02-02,70,Giá vốn (80%): Ổ cứng  Gigabyte GP-GSTFS31120GNTD 120GB,632,1561,254545.6
2023-02-02,72,MÁY TÍNH XÁCH TAY (NB) LENOVO V14 G3 IAP i3-1215U/4GD4/256GSSD/14.0FHD/WL/BT/2C38/NoOS/ ĐEN(82TS0067VN),131,511,9454545.0
2023-02-02,815,Thuế GTGT: THU PHI CK CTY VIEN SON,1331,1111,4000.0
2023-02-02,71,Giá vốn (80%): Chuột máy tính Logitech M185,632,1561,181818.4
2023-02-02,73,MÁY IN LASER ĐƠN NĂNG CANON I-SENSYS LBP226 DW,131,511,5636364.0
2023-02-02,71,"Giá vốn (80%): Ổ cứng Seagate Expansion 1TB 2.5""",632,1561,1054545.6
2023-02-02,71,"Ổ cứng Seagate Expansion 1TB 2.5""",131,511,1318182.0
2023-02-02,71,Chuột máy tính Logitech M185,131,511,227273.0
2023-02-02,71,Giá vốn (80%): Bàn phím Logitech G213,632,1561,545454.4
2023-02-02,71,Bàn phím Logitech G213,131,511,681818.0
2023-02-02,2922,Máy in laser Brother HL-L2321D,6422,1111,103314545.0
2023-02-02,1403,"Camera quan sát CS-C1C 1080P, H.265 (E0-1E2WF)",6422,1111,1600000.0
2023-02-02,1403,Camera kỹ thuật số có chức năng ghi hiệu EZVIZ mã CS-C3TN (1080P COLOR) 2.8 MM- hỗ trợ thẻ nhớ trong,6422,1111,4320000.0
2023-02-02,1403,Camera quan sát kỹ thuật số có chức năng ghi hiệu EZVIZ mã CS-H8C - hỗ trợ thẻ nhớ trong,6422,1111,1663636.0
2023-02-02,2924,Máy in đa chức năng Brother MFC-L2701D,6422,1111,9741818.0
2023-02-02,2924,Mực in Brother TN-2385,6422,1111,8730000.0
2023-02-02,2924,Máy in laser Brother DCP-B7535DW,6422,1111,19825455.0
2023-02-02,2996,Máy in phun đơn năng Brother HL-T4000DW,6422,1111,9854618.0
2023-02-03,74,Giá vốn (80%): Máy in laser Brother HL-L2321D,632,1561,74170908.8
2023-02-03,74,Máy in laser Brother HL-L2321D,131,511,92713636.0
2023-02-03,75,"Thiết bị định tuyến TP-Link 300M,2.4GHz,TL-WR841N",131,511,218182.0
2023-02-03,75,"Giá vốn (80%): Thiết bị định tuyến TP-Link 300M,2.4GHz,TL-WR841N",632,1561,174545.6
2023-02-05,152,Mực in 16A Numberone,6422,1121,680000.0
2023-02-05,82,Giá vốn (80%): Ghế xoay Citizen EGC200 E-Dra,632,1561,1810908.8
2023-02-05,81,Điện thoại có dây  Panasonic KXTS500,131,511,309091.0
2023-02-05,81,Giá vốn (80%): Điện thoại có dây  Panasonic KXTS500,632,1561,247272.8
2023-02-05,82,Ghế xoay Citizen EGC200 E-Dra,131,511,2263636.0
2023-02-05,152,Mực in 308 Number One,6422,1121,960000.0
2023-02-05,152,Mực in 30A NUmbe One,6422,1121,600000.0
2023-02-05,152,Mực In 325 Number One,6422,1121,520000.0
2023-02-05,152,Hộp mực in tương thích HP SK 93A (CZ192A),6422,1111,550000.0
2023-02-05,152,Hộp mực in tương thích HP S-C4092A,6422,1111,185000.0
2023-02-05,152,Mực laser đen Brother 2240,6422,1111,1363650.0
2023-02-05,80,"Giá vốn (80%): Màn hình vi tính Dell LCD  E2216Hv - 21.5"" WHD",632,1561,2145454.4
2023-02-05,152,Trống máy in HP 1010/1020,6422,1111,600000.0
2023-02-05,62,MỰC IN MÀU ĐỎ IM C2500H,6422,1111,3459120.0
2023-02-05,62,MỰC IN MÀU ĐEN IM C2500H,6422,1111,3271680.0
2023-02-05,100,MÁY IN LASER ĐƠN NĂNG CANON I-SENSYS LBP226DW (3516C007AAME),6422,1111,19636364.0
2023-02-05,79,Ổ cứng di động 16GB U202 USB 2.0 KIOXIA,131,511,654545.0
2023-02-05,79,Giá vốn (80%): Ổ cứng di động 16GB U202 USB 2.0 KIOXIA,632,1561,523636.0
2023-02-05,80,"Màn hình vi tính Dell LCD  E2216Hv - 21.5"" WHD",131,511,2681818.0
2023-02-05,80,"Máy tính để bàn Dell Vostro 3710 STI34010W1-8G-256G Intel Core i3-12100 processor (4-Core, 12M Cache, 3.3GHzto 4.3GHz), 1x8GB, DDR4, 3200MHz, 256GB NVMe M.2 PCIe SSD, Chuột, Bàn Phím, Windows 11 Microsoft Office Home and Student 2021",131,511,10445455.0
2023-02-05,80,"Giá vốn (80%): Máy tính để bàn Dell Vostro 3710 STI34010W1-8G-256G Intel Core i3-12100 processor (4-Core, 12M Cache, 3.3GHzto 4.3GHz), 1x8GB, DDR4, 3200MHz, 256GB NVMe M.2 PCIe SSD, Chuột, Bàn Phím, Windows 11 Microsoft Office Home and Student 2021",632,1561,8356364.0
2023-02-05,78,Máy in Brother HL-L2321D,131,511,2800000.0
2023-02-05,83,Giá vốn (80%): Máy tính xách tay LENOVO ThinkBook 14S G2 ITL I7 1165G7/8GB/512GB SSD/14.0 FHD/FG/W11/LED KB/XÁM (20VA003RVN),632,1561,13447272.8
2023-02-05,78,Giá vốn (80%): Máy in Brother HL-L2321D,632,1561,2240000.0
2023-02-05,83,Máy tính xách tay LENOVO ThinkBook 14S G2 ITL I7 1165G7/8GB/512GB SSD/14.0 FHD/FG/W11/LED KB/XÁM (20VA003RVN),131,511,16809091.0
2023-02-05,77,NGUỒN MÁY TÍNH CORSAIR CV550,131,511,863636.0
2023-02-05,84,Hộp mực in tương thích HP SK 93A (CZ192A),131,511,809091.0
2023-02-05,84,Giá vốn (80%): Hộp mực in tương thích HP SK 93A (CZ192A),632,1561,647272.8
2023-02-05,33,Máy in HP Laser Pro M706N,6422,1111,13545455.0
2023-02-05,77,MỰC IN MÀU ĐEN IM C2500H,131,511,4181818.0
2023-02-05,77,Giá vốn (80%): MỰC IN MÀU ĐEN IM C2500H,632,1561,3345454.4
2023-02-05,77,MỰC IN MÀU ĐỎ IM C2500H,131,511,4045455.0
2023-02-05,77,ĐẦU BẤM DÂY CÁP MẠNG EN-RJ45C5,131,511,181818.0
2023-02-05,77,Giá vốn (80%): ĐẦU BẤM DÂY CÁP MẠNG EN-RJ45C5,632,1561,145454.4
2023-02-05,77,ĐẦU BẤM DÂY CÁP MẠNG EN-RJ45C6,131,511,227273.0
2023-02-05,77,Giá vốn (80%): ĐẦU BẤM DÂY CÁP MẠNG EN-RJ45C6,632,1561,181818.4
2023-02-05,77,DÂY CHUYỂN ĐỔI CÓ CHÍP RS-232,131,511,136364.0
2023-02-05,77,Giá vốn (80%): DÂY CHUYỂN ĐỔI CÓ CHÍP RS-232,632,1561,109091.2
2023-02-05,77,Giá vốn (80%): MỰC IN MÀU ĐỎ IM C2500H,632,1561,3236364.0
2023-02-05,77,BỘ NHỚ TRONG RAM 8GB/3200 KINGSTON,131,511,954545.0
2023-02-05,77,Giá vốn (80%): BỘ NHỚ TRONG RAM 8GB/3200 KINGSTON,632,1561,763636.0
2023-02-05,76,6FW06A: Máy quét ảnh hoặc tài liệu HP ScanJet Pro 2000 s2- Sheet-feed Scanner,131,511,13727273.0
2023-02-05,76,Giá vốn (80%): 6FW06A: Máy quét ảnh hoặc tài liệu HP ScanJet Pro 2000 s2- Sheet-feed Scanner,632,1561,10981818.4
2023-02-05,1790,Chiết khấu giảm giá hàng hóa,6422,1111,15454545.0
2023-02-05,83499,Cước dịch vụ viễn thông trả sau (Dịch vụ chịu thuế),6422,1111,236818.0
2023-02-05,83499,Thuế GTGT: Cước dịch vụ viễn thông trả sau (Dịch vụ chịu thuế),1331,1111,23682.0
2023-02-05,17934,THU LAI VAY LD2235300450,6422,1111,183287.0
2023-02-05,1673,Camera quan sát CS-C6N (1080P),6422,1111,8800000.0
2023-02-05,77,Giá vốn (80%): NGUỒN MÁY TÍNH CORSAIR CV550,632,1561,690908.8
2023-02-05,1673,"Camera quan sát CS-C8PF (2MP,W1)",6422,1111,1272727.0
2023-02-06,28876,MÁY TÍNH XÁCH TAY (NB) HP Pavilion X360 14-ek0132TU i7-1255U/16GD4/512GSSD/14.0FHDT/PEN/FP/WLax/BT5.2/3C43/W11SL/VÀNG(7C0W4PA),6422,1111,22216364.0
2023-02-06,18,ĐẦU ĐỌC MÃ VẠCH OD7200,6422,1111,2200000.0
2023-02-06,18,Máy in mã vạch GODEX G500,6422,1111,2900000.0
2023-02-06,90,Giá vốn (80%): Bàn phím + chuột Logitech MK240,632,1561,349091.2
2023-02-06,90,Bàn phím + chuột Logitech MK240,131,511,436364.0
2023-02-06,92,Giá vốn (80%): Bộ nhớ trong  Kingmax 4GB DDR4-2666,632,1561,581818.4
2023-02-06,91,Máy in Brother HL-L2321D,131,511,2681818.0
2023-02-06,92,Giá vốn (80%): Bộ vi xử lý  Intel Pentium G6405,632,1561,1018181.6
2023-02-06,92,Bộ vi xử lý  Intel Pentium G6405,131,511,1272727.0
2023-02-06,92,Bộ nhớ trong  Kingmax 4GB DDR4-2666,131,511,727273.0
2023-02-06,20315,THU LAI VAY LD2226300522,6422,1111,333060.0
2023-02-06,91,Giá vốn (80%): Máy in Brother HL-L2321D,632,1561,2145454.4
2023-02-06,87,Máy  in Brother DCP-B7535DW,131,511,5072727.0
2023-02-06,409,Tai nghe SoundMax AH336,6422,1111,760000.0
2023-02-06,409,Loa SoundMax A130/2.0,6422,1111,1300000.0
2023-02-06,409,Loa SoundMax A828/2.1,6422,1111,940000.0
2023-02-06,409,Loa SoundMax A2126/2.1,6422,1111,2100000.0
2023-02-06,409,Loa SoundMax A2130/2.1,6422,1111,1140000.0
2023-02-06,409,Loa SoundMax A2140/2.1,6422,1111,1220000.0
2023-02-06,409,Loa SoundMax R-200/1.0,6422,1111,270000.0
2023-02-06,409,Loa SoundMax R-300/1.0,6422,1111,300000.0
2023-02-06,409,Tai nghe SoundMax AH314,6422,1111,900000.0
2023-02-06,409,Tai nghe SoundMax AH315,6422,1111,600000.0
2023-02-06,409,Tai nghe SoundMax AH326,6422,1111,309091.0
2023-02-06,409,Tai nghe SoundMax AH713,6422,1111,420000.0
2023-02-06,92,Giá vốn (80%): Bảng mạch chính Asus Prime H510MK,632,1561,2269091.2
2023-02-06,87,Giá vốn (80%): Máy  in Brother DCP-B7535DW,632,1561,4058181.6
2023-02-06,92,Bảng mạch chính Asus Prime H510MK,131,511,2836364.0
2023-02-06,409,Tai nghe SoundMax AH328,6422,1111,350000.0
2023-02-06,92,Ổ cứng Kingmax PQ3480 128GB(ZeusM2PCIe-Gen3x4),131,511,1527273.0
2023-02-06,89,Ổ cứng Kingmax SSD M2 Sata III 256GB SA3080,131,511,1227273.0
2023-02-06,89,Giá vốn (80%): Ổ cứng Kingmax SSD M2 Sata III 256GB SA3080,632,1561,981818.4
2023-02-06,92,Giá vốn (80%): Ổ cứng Kingmax PQ3480 128GB(ZeusM2PCIe-Gen3x4),632,1561,1221818.4
2023-02-06,19,Đầu ghi hình DH - XVR 4116HS -  I,6422,1111,1663636.0
2023-02-06,341,Máy in laser Brother HL-L2366DW,6422,1111,3363491.0
2023-02-06,28949,CHUỘT VI TÍNH (MOUSE) LOGITECH G402 WIRED/USB/OPTICAL/ĐEN (BLACK)(910-004070),6422,1111,2681820.0
2023-02-06,28949,CHUỘT VI TÍNH (MOUSE) LOGITECH G304 LIGHTSPEED WIRELESS GAMING MOUSE(910-005284),6422,1111,3272725.0
2023-02-06,28949,CHUỘT VI TÍNH (MOUSE) LOGITECH G502 HERO GAMING – ĐEN (BLACK)(910-005472),6422,1111,827273.0
2023-02-06,28949,CHUỘT VI TÍNH (MOUSE) LOGITECH G102 GEN2 LIGHTSYNC GAMING - ĐEN (BLACK)(910-005802),6422,1111,2654544.0
2023-02-06,28949,CHUỘT VI TÍNH (MOUSE) LOGITECH G102 GEN2 LIGHTSYNC GAMING – TRẮNG (WHITE)(910-005803),6422,1111,663636.0
2023-02-06,28949,TAI NGHE (HEADSET) LOGITECH G331 WIRED GAMING - ĐEN (BLACK)(981-000759),6422,1111,1490908.0
2023-02-06,28949,TAI NGHE (HEADSET) LOGITECH G431 7.1 SURROUND GAMING - ĐEN (BLACK)(981-000774),6422,1111,1000000.0
2023-02-06,88,"Giá vốn (80%): Ổ cứng GT Western Digital 1TB - 3.5""",632,1561,909091.2
2023-02-06,88,"Ổ cứng GT Western Digital 1TB - 3.5""",131,511,1136364.0
2023-02-06,88,"Giá vốn (80%): Thiết bị thu phát vô tuyến TP-Link 150M,TL - WN722N",632,1561,109090.4
2023-02-06,93,Giá vốn (80%): Máy in HP Laser Pro M706N,632,1561,14400000.0
2023-02-06,93,Máy in HP Laser Pro M706N,131,511,18000000.0
2023-02-06,85,Giá vốn (80%): Mực  in 308 Number One,632,1121,334545.6
2023-02-06,85,Mực  in 308 Number One,131,511,418182.0
2023-02-06,88,"Thiết bị thu phát vô tuyến TP-Link 150M,TL - WN722N",131,511,136363.0
2023-02-06,86,USB hiệu Kingston 32GB 3.0DT100G3,131,511,90909.0
2023-02-06,86,Giá vốn (80%): USB hiệu Kingston 32GB 3.0DT100G3,632,1561,72727.2
2023-02-06,86,Máy  In Canon Laser LBP-2900,131,511,3627273.0
2023-02-06,86,"Giá vốn (80%): Thiết bị chuyển mạch TP-Link,TL-SF1005D",632,1561,181818.4
2023-02-06,86,"Thiết bị chuyển mạch TP-Link,TL-SF1005D",131,511,227273.0
2023-02-06,86,Giá vốn (80%): Máy chấm công bằng dấu vân tay RJ3030,632,1561,2029090.4
2023-02-06,86,Máy chấm công bằng dấu vân tay RJ3030,131,511,2536363.0
2023-02-06,86,Giá vốn (80%): Máy  In Canon Laser LBP-2900,632,1561,2901818.4
2023-02-07,547,CHIP VI XỬ LÝ INTEL CORE I5 11400F - 2.60GHZ ( BX8070811400F SRKP1 ) + QUẠT,6422,1111,2863636.0
2023-02-07,20520,Thuế GTGT: THU PHI CT ACB,6422,1121,2300.0
2023-02-07,20520,THU PHI CT ACB,6422,1121,23000.0
2023-02-07,547,Bộ vi xử lý vi tính Intel Core i3-13100F (BX8071513100FSRMBV) + Quạt,6422,1121,2863636.0
2023-02-07,547,Bộ vi xử lý vi tính Intel Core i3-12100 (BX8071512100SRL62) + Quạt,6422,1111,3045455.0
2023-02-07,20519,Thuế GTGT: THU PHI CT ACB,6422,1121,2300.0
2023-02-07,547,"Bộ Vi xử lý Intel Core i3-10105 Processor 3.70GHz 6M Cache, Sockets FCLGA1200-BX8070110105",6422,1111,4945455.0
2023-02-07,492,Chill Cocktail Light Thùng 24 lon mix (4 thùng 6 lon mix 6 vị) TẾT (Hàng cho biếu tặng không thu tiền),1121,131,454545.0
2023-02-07,4488,"Máy tính xách tay MSI GF63 Thin 11UC-1228VN (i7-11800H; 8GB; 512GB SSD; RTX3050/4GB; 15.6"" FHD; Win11; Đen)",6422,1111,19181818.0
2023-02-07,20519,THU PHI CT ACB,6422,1121,23000.0
2023-02-07,547,CHÍP VI XỬ LÝ INTEL CORE I5-12400 - 2.50GHZ + QUẠT,6422,1111,4318182.0
2023-02-08,100,Giá vốn (80%): MÁY TÍNH XÁCH TAY (NB) HP Pavilion  X360 14- ek0132TU i7- 1255U/16GD4/512GSSD/14.0FHDT/PEN/FP/WLax/BT5. 2/3C43/W11SL/VÀNG(7C0W4PA),632,1561,19047272.8
2023-02-08,103,MÁY TÍNH ĐỂ BÀN (PC) LENOVO ThinkCentre neo 50s Gen 3 i5- 12400(6*2.5)/4GD4/256GSSD/WL/BT/KB/M/NoOS/ĐEN(11T000AXVA),131,511,10536364.0
2023-02-08,103,Giá vốn (80%): MÁY TÍNH ĐỂ BÀN (PC) LENOVO ThinkCentre neo 50s Gen 3 i5- 12400(6*2.5)/4GD4/256GSSD/WL/BT/KB/M/NoOS/ĐEN(11T000AXVA),632,1561,8429091.2
2023-02-08,103,MÀN HÌNH VI TÍNH (LCD) LENOVO C22-20 21.5INCH/1920 x 1080/75Hz/VGA/HDMI/ĐEN(62A7KAR1WW),131,511,2318182.0
2023-02-08,103,Giá vốn (80%): MÀN HÌNH VI TÍNH (LCD) LENOVO C22-20 21.5INCH/1920 x 1080/75Hz/VGA/HDMI/ĐEN(62A7KAR1WW),632,1561,1854545.6
2023-02-08,103,Máy In Canon Laser LBP-2900,131,511,3627272.0
2023-02-08,103,Giá vốn (80%): Máy In Canon Laser LBP-2900,632,1561,2901817.6
2023-02-08,101,Chuột vi tính có dây Rapoo N100,131,511,454545.0
2023-02-08,101,Giá vốn (80%): Chuột vi tính có dây Rapoo N100,632,1561,363636.0
2023-02-08,101,Bàn phím  Keyboard NK2500,131,511,2272727.0
2023-02-08,101,Giá vốn (80%): Bàn phím Rapoo V500SE,632,1561,450908.8
2023-02-08,101,Loa SoundMax A130/2.0,131,511,436364.0
2023-02-08,101,Giá vốn (80%): Loa SoundMax A130/2.0,632,1561,349091.2
2023-02-08,102,"Ổ cứng di động Seagate Expansion 2TB 2.5""",131,511,2000000.0
2023-02-08,102,"Giá vốn (80%): Ổ cứng di động Seagate Expansion 2TB 2.5""",632,1561,1600000.0
2023-02-08,102,Chuột máy tính Logitech M557,131,511,436364.0
2023-02-08,102,Giá vốn (80%): Chuột máy tính Logitech M557,632,1561,349091.2
2023-02-08,102,Bàn phím Rapoo V500SE,131,511,636363.0
2023-02-08,102,Giá vốn (80%): Bàn phím Rapoo V500SE,632,1561,509090.4
2023-02-08,100,MÁY TÍNH XÁCH TAY (NB) HP Pavilion  X360 14- ek0132TU i7- 1255U/16GD4/512GSSD/14.0FHDT/PEN/FP/WLax/BT5. 2/3C43/W11SL/VÀNG(7C0W4PA),131,511,23809091.0
2023-02-08,101,Bàn phím Rapoo V500SE,131,511,563636.0
2023-02-08,20883,THU LAI VAY LD2226400456,6422,1111,226605.0
2023-02-08,101,Giá vốn (80%): Bàn phím  Keyboard NK2500,632,1561,1818181.6
2023-02-08,8835,"Thiết bị thu phát vô tuyến, TP-LINK, 2,4GHz/5GHz, Archer T2U",6422,1111,200000.0
2023-02-08,8835,"Thiết bị định tuyến băng tần 2,4/5 GHz, TP-LINK, Deco E4(2-pack)",6422,1111,1163636.0
2023-02-08,94,Chuột vi tính Rapoo M20,131,511,109091.0
2023-02-08,94,Giá vốn (80%): Chuột vi tính Rapoo M20,632,1561,87272.8
2023-02-08,94,"Máy tính xách tay MSI GF63 Thin 11UD473VN/ i5-11400H/512GB SSD/8GB/RTX3050 Ti Max-Q 4GB/15.6""FHD/60Hz/WIN 11/màu đen",131,511,17700000.0
2023-02-08,94,"Giá vốn (80%): Máy tính xách tay MSI GF63 Thin 11UD473VN/ i5-11400H/512GB SSD/8GB/RTX3050 Ti Max-Q 4GB/15.6""FHD/60Hz/WIN 11/màu đen",632,1561,14160000.0
2023-02-08,95,Máy in laser Brother HL-L2366DW,131,511,3590909.0
2023-02-08,95,Giá vốn (80%): Máy in laser Brother HL-L2366DW,632,1561,2872727.2
2023-02-08,96,Giá vốn (80%): Nguồn Jetek Model J500,632,1561,552727.2
2023-02-08,96,"Ổ cứng gắn trong 240GB SSD EXCERIA BICSFLASH2.5""SATA3 KIOXIA",131,511,627273.0
2023-02-08,96,"Giá vốn (80%): Ổ cứng gắn trong 240GB SSD EXCERIA BICSFLASH2.5""SATA3 KIOXIA",632,1561,501818.4
2023-02-08,96,Nguồn Jetek Model J500,131,511,690909.0
2023-02-08,99,"Giá vốn (80%): Màn hình vi tính Dell  LCD E2216Hv 21.5"" WHD",632,1561,2152727.2
2023-02-08,96,Giá vốn (80%): Ram 4GB Kingston,632,1561,400000.0
2023-02-08,97,Máy  in Brother HL-L2321D,131,511,2954545.0
2023-02-08,97,Giá vốn (80%): Máy  in Brother HL-L2321D,632,1561,2363636.0
2023-02-08,98,"Máy tính để bàn HP AIO 24- cb1011d,Core i5-1235U,8GB RAM,512GB SSD,Intel Graphics,23.8""FHD Touch,Wlan ac+BT,USB Keyboard & Mouse,Win11 Home 64,Starry White,1Y WTY_6K7G6PA",131,511,18145455.0
2023-02-08,98,"Giá vốn (80%): Máy tính để bàn HP AIO 24- cb1011d,Core i5-1235U,8GB RAM,512GB SSD,Intel Graphics,23.8""FHD Touch,Wlan ac+BT,USB Keyboard & Mouse,Win11 Home 64,Starry White,1Y WTY_6K7G6PA",632,1561,14516364.0
2023-02-08,99,"Máy tính để bàn Dell OptiPlex 3000 Small Form Factor Intel® Core i5-12500 (6 Cores/18MB/12T/3.0GHzto 4.6GHz/65W), 8GB 3200MHz DDR4, 256GB SSD, Intel UHD Graphics , No DVD_RW, Ubuntu,",131,511,13254546.0
2023-02-08,99,"Giá vốn (80%): Máy tính để bàn Dell OptiPlex 3000 Small Form Factor Intel® Core i5-12500 (6 Cores/18MB/12T/3.0GHzto 4.6GHz/65W), 8GB 3200MHz DDR4, 256GB SSD, Intel UHD Graphics , No DVD_RW, Ubuntu,",6422,1121,10603636.8
2023-02-08,99,"Màn hình vi tính Dell  LCD E2216Hv 21.5"" WHD",131,511,2690909.0
2023-02-08,96,Ram 4GB Kingston,131,511,500000.0
2023-02-08,8835,"Thiết bị thu phát vô tuyến TP-LINK 150M, TL-WN722N",6422,1111,150000.0
2023-02-09,105,Giá vốn (80%): Nguồn Jetek Model Y500T,632,1561,363636.8
2023-02-09,105,Vỏ thùng máy tính JETEK Squid Game R3 WHITE,131,511,709091.0
2023-02-09,105,Giá vốn (80%): Vỏ thùng máy tính JETEK Squid Game R3 WHITE,632,1561,567272.8
2023-02-09,104,"Màn hình LCD VIEWSONIC VX2476 - SMHD/24""",131,511,3872727.0
2023-02-09,9473346,Trich thu Tien vay - Lai : 7032329 - Acct vay 377993869,6422,1111,7032329.0
2023-02-09,7574,"Màn Hình ViewSonic VA3209-2K-MHD / 31.5"" LCD",6422,1111,22727273.0
2023-02-09,2279,Ổ đĩa cứng máy tính Kingmax SMV32 120GB (Sata 3),6422,1111,27272727.0
2023-02-09,105,Nguồn Jetek Model Y500T,131,511,454546.0
2023-02-09,104,"Giá vốn (80%): Màn hình LCD VIEWSONIC VX2476 - SMHD/24""",632,1561,3098181.6
2023-02-09,106,Giá vốn (80%): Hộp mực  in Ecoplus 12A,632,1561,109091.2
2023-02-09,9473353,Trich thu Tien vay - Lai : 1868493 - Acct vay 383583749,6422,1111,1868493.0
2023-02-09,107,Giá vốn (80%): Mực in 30A NUmber One,632,1121,581818.4
2023-02-09,106,Hộp mực  in Ecoplus 12A,131,511,136364.0
2023-02-09,7605,Chiết khấu theo biên bản thỏa thuận và quyết toán số 00470-2022-05-HTG-ASUS-HVU09-PSD kí ngày 11/5/2022,6422,1111,9454545.0
2023-02-09,9473339,Trich thu Tien vay - Lai : 2802740 - Acct vay 383484139,6422,1111,2802740.0
2023-02-09,21120,THU LAI VAY LD2235600430,6422,1111,285333.0
2023-02-09,7605,Màn hình VIEWSONIC VA1903A/19'' LCD MONITOR,6422,1111,43090909.0
2023-02-09,108,Giá vốn (80%): Máy  In Canon Laser LBP-2900,632,1561,3054545.6
2023-02-09,107,Máy In Canon Laser LBP-2900,131,511,7072727.0
2023-02-09,107,Giá vốn (80%): Máy In Canon Laser LBP-2900,632,1561,5658181.6
2023-02-09,107,Mực in 30A NUmber One,131,511,727273.0
2023-02-09,108,Máy  In Canon Laser LBP-2900,131,511,3818182.0
2023-02-10,109,Giá vốn (80%): Ổ cứng di động USB U366 64GB KIOXIA,632,1561,160000.0
2023-02-10,10185604,Thuế GTGT:  Thu Phi SMS thay doi so du thang  01/2023,1331,1111,1818.0
2023-02-10,7695,Màn hình LCD VIEWSONIC VX2718-PC-MHD/27'' LCD MONITOR,6422,1111,38454545.0
2023-02-10,7784,Màn hình LCD VIEWSONIC VA2732-H,6422,1111,13863636.0
2023-02-10,7784,"Màn hình máy tính  Viewsonic VX3276-MHD-3/32 inch, Full HD, IPS, 75Hz",6422,1111,40000000.0
2023-02-10,362,Chuột không dây dùng cho máy tính EM6102W ; hiệu E-dra,6422,1111,8083636.0
2023-02-10,362,Chuột máy tính EM6102 E-Dra,6422,1111,9689091.0
2023-02-10,109,Ổ cứng di động USB U366 64GB KIOXIA,131,511,200000.0
2023-02-10,10185604,Thu Phi SMS thay doi so du thang  01/2023,6422,1111,18182.0
2023-02-10,110,Máy in Brother HL-L2321D,131,511,2681818.0
2023-02-10,111,Giá vốn (80%): Ổ cứng di động 16GB KIOXIA U202,632,1561,261818.4
2023-02-10,111,Ổ cứng di động 16GB KIOXIA U202,131,511,327273.0
2023-02-10,112,Giá vốn (80%): Chuột máy tính Dell WM 126,632,1561,145454.4
2023-02-10,112,Chuột máy tính Dell WM 126,131,511,181818.0
2023-02-10,113,Giá vốn (80%): Máy In Brother HL-L2321D,632,1561,2145454.4
2023-02-10,113,Máy In Brother HL-L2321D,131,511,2681818.0
2023-02-10,110,Giá vốn (80%): Máy in Brother HL-L2321D,632,1561,2145454.4
2023-02-12,34,Hộp mực in EcoPlus 12A/303/FX9 Universal,6422,1111,880000.0
2023-02-12,114,Giá vốn (80%): Chuột máy tính  Logitech M331,632,1561,203636.0
2023-02-12,114,Chuột máy tính  Logitech M331,131,511,254545.0
2023-02-12,114,Giá vốn (80%): Tai nghe Logitech H370,632,1561,320000.0
2023-02-12,114,Giá vốn (80%): Mực Laser TN-2385 Brother,632,1561,312727.2
2023-02-12,114,"Giá vốn (80%): Ổ cứng di động Seagate Expansion 1TB 2.5""",632,1561,909091.2
2023-02-12,114,"Ổ cứng di động Seagate Expansion 1TB 2.5""",131,511,1136364.0
2023-02-12,34,Hộp mực in iziNet 12A/303/FX9 Universal,6422,1111,2400000.0
2023-02-12,114,Mực Laser TN-2385 Brother,131,511,390909.0
2023-02-12,987,Thuế GTGT: THU PHI CK CTY VIEN SON,1331,1111,6000.0
2023-02-12,114,Tai nghe Logitech H370,131,511,400000.0
2023-02-12,42,"Bộ nhớ Ram dùng cho máy tính để bàn hiệu Silicon DDR4-2666, UDIMM, 8GBx1",6422,1111,17454560.0
2023-02-12,42,Bộ chuyển đổi DVI-D sang VGA active từ máy tính nối ra máy chiếu/màn hình Ugreen ( 40259),6422,1111,418182.0
2023-02-12,42,Cáp dữ liệu VIDEO HDMI 1.4 truyền âm thanh hình ảnh dài 5M Ugreen ( 10109),6422,1111,636365.0
2023-02-12,42,Cáp dữ liệu VIDEO HDMI 1.4 truyền âm thanh hình ảnh dài 1.5M Ugreen ( 60820),6422,1111,386365.0
2023-02-12,42,"Bộ chuyển đổi có chipset USB 3.0 sang SATA, nguồn 12v-2A Ugreen (60561)",6422,1111,663636.0
2023-02-12,986,THU PHI CK CTY THE GIOI SO,6422,1111,40000.0
2023-02-12,986,Thuế GTGT: THU PHI CK CTY THE GIOI SO,1331,1111,4000.0
2023-02-12,983,THU PHI CK CTY VINH XUAN,6422,1111,23000.0
2023-02-12,983,Thuế GTGT: THU PHI CK CTY VINH XUAN,1331,1111,2300.0
2023-02-12,21801,THU LAI VAY LD2235700402,6422,1111,501506.0
2023-02-12,21799,THU LAI VAY LD2227200389,6422,1111,227567.0
2023-02-12,21797,THU LAI VAY LD2227000299,6422,1111,244162.0
2023-02-12,987,THU PHI CK CTY VIEN SON,6422,1111,60000.0
2023-02-12,42,Dây chuyển đổi có chipset USB sang cổng COM RS-232 dài 1.5M Ugreen ( 20211),6422,1111,477273.0
2023-02-12,988,Thuế GTGT: THU PHI CK CTY VIET SON,1331,1111,2300.0
2023-02-12,42,Cáp dữ liệu VIDEO DVI 24+1 male sang HDMI female truyền hình ảnh dài 25cM Ugreen ( 20118),6422,1111,245454.0
2023-02-12,5677,Mực in Brother TN-2385,6422,1111,5674500.0
2023-02-12,622,Thiết bị ghi hình Logitech C270 (Webcam),6422,1111,3590910.0
2023-02-12,622,Bàn Phím Bluetooth Logitech K380 Xám Đậm,6422,1111,1018182.0
2023-02-12,622,Chuột Logitech M220 đen,6422,1111,1068180.0
2023-02-12,622,Bàn Phím+Chuột Logitech MK240 đen,6422,1111,745454.0
2023-02-12,622,Chuột Logitech M185 Xám,6422,1111,1800000.0
2023-02-12,622,Chuột Logitech M221 Xám,6422,1111,2136360.0
2023-02-12,673,Bộ vi xử lý vi tính Intel Core I5-10400 + Quạt,6422,1111,5909091.0
2023-02-12,988,THU PHI CK CTY VIET SON,6422,1111,23000.0
2023-02-12,673,BỘ VI XỬ LÝ VI TÍNH INTEL CORE i7-10700F (BX8070110700FSRH70) + QUẠT,6422,1111,5227273.0
2023-02-12,475,Camera quan sát DS-2CE17D0T-LFS,6422,1111,1465200.0
2023-02-12,475,Camera quan sát DS-2CE12DF0T-F,6422,1111,1073000.0
2023-02-12,475,Camera quan sát DS-2CD2935FWD-IS,6422,1111,8088200.0
2023-02-12,673,CHÍP VI XỬ LÝ INTEL PENTIUM G6405 - 4.1GHZ + QUẠT,6422,1111,55909091.0
2023-02-12,475,Camera quan sát DS-2CD1123G0E-I (L),6422,1111,1110000.0
2023-02-12,475,Đầu ghi hình DS-7216HGHI-K1,6422,1111,1402300.0
2023-02-12,5677,Máy in laser Brother DCP-B7535DW,6422,1111,9912727.0
2023-02-12,5677,Máy in đa chức năng Brother MFC-L2701D,6422,1111,9741818.0
2023-02-12,5677,Máy in laser Brother HL-L2321D,6422,1111,68876364.0
2023-02-12,2423,Ổ đĩa cứng máy tính Kingmax SA3080 256GB (M.2 Sata 3),6422,1111,1554545.0
2023-02-12,2423,Ổ đĩa cứng máy tính Kingmax SA3080 128GB (M.2 Sata 3),6422,1111,1818182.0
2023-02-12,2423,Bộ nhớ máy vi tính Kingmax 4GB DDR4-2666,6422,1111,7954546.0
2023-02-12,2423,Bộ nhớ máy tính xách tay Kingmax 8GB DDR4-3200,6422,1111,2890909.0
2023-02-12,2423,Bộ nhớ máy vi tính Kingmax 8GB DDR4-3200 (KM-LD4-3200-8GS),6422,1111,4818182.0
2023-02-12,2423,Bộ nhớ máy vi tính Kingmax 8GB DDR4-3200 HEATSINK (Zeus),6422,1111,5090909.0
2023-02-12,7890,"Màn hình vi tính Dell LCD-U2422H-23.8""WHD-3Y",6422,1111,27954545.0
2023-02-12,475,Camera quan sát DS-2CE56D0T-IR(C),6422,1111,592000.0
2023-02-13,36709,Chiết khấu thương mại S2023-00292 07/01/2023,6422,1111,104818182.0
2023-02-13,2617,Bộ nhớ trong của máy vi tính KINGSTON 16G D4 - 3200S22 1Rx8 SODIMM    ( KVR32S22S8/16 ),6422,1111,2918181.0
2023-02-13,36776,MÁY VI TÍNH ĐỂ BÀN (PC) LENOVO ThinkCentre neo 50t Gen 3 i3-12100(4*3.3)/4GD4/256GSSD/WL/BT/KB/M/nOS/ĐEN(11SC001LVA),6422,1111,85700000.0
2023-02-13,36709,MÁY VI TÍNH ĐỂ BÀN (PC) LENOVO ThinkCentre neo 50t Gen 3 i3-12100(4*3.3)/4GD4/256GSSD/WL/BT/KB/M/nOS/ĐEN(11SC001LVA),6422,1111,128550000.0
2023-02-13,2617,Bảng mạch chính của máy vi tính hiệu ASUS EX -  B660M -V5 D4,6422,1111,2109091.0
2023-02-13,23811,THU LAI VAY LD2227300451,6422,1111,220418.0
2023-02-13,115,Giá vốn (80%): Bàn phím + chuột Logitech MK240,632,1561,269091.2
2023-02-13,116,Ổ cứng Kingmax SSD Sata III 120GB SMV32,131,511,381818.0
2023-02-13,116,Giá vốn (80%): Ổ cứng Kingmax SSD Sata III 120GB SMV32,632,1561,305454.4
2023-02-13,116,Giá vốn (80%): Bảng mạch chính Asus Prime H510MF,632,1561,1083636.8
2023-02-13,115,Bàn phím + chuột Logitech MK240,131,511,336364.0
2023-02-13,2617,Bảng mạch chính của máy vi tính hiệu ASUS PRIME B660M -K D4,6422,1111,2163636.0
2023-02-13,23810,THU LAI VAY LD2226900375,6422,1111,535929.0
2023-02-13,2617,Bảng mạch chính của máy vi tính hiệu ASUS PRIME B660M -A D4 - CSM,6422,1111,2418182.0
2023-02-13,116,Bảng mạch chính Asus Prime H510MF,131,511,1354546.0
2023-02-13,2617,CARD VGA của máy vi tính hiệu ASUS GT730 - SL - 2GD5 - BRK,6422,1111,5863635.0
2023-02-13,117,Chuột vi tính  Rapoo M20,131,511,109091.0
2023-02-13,117,Giá vốn (80%): Chuột vi tính  Rapoo M20,632,1561,87272.8
2023-02-13,117,"Máy tính xách tay Lenovo ThinkBook 14 G4 IAP -I3-1215U(1.2G)-8GB RAM-256GB SSD-WF +BL,Fingerprint-14""FHD- DOS - 2Yr; P/N 21DH00B0VN",131,511,13427273.0
2023-02-13,117,"Giá vốn (80%): Máy tính xách tay Lenovo ThinkBook 14 G4 IAP -I3-1215U(1.2G)-8GB RAM-256GB SSD-WF +BL,Fingerprint-14""FHD- DOS - 2Yr; P/N 21DH00B0VN",632,1561,10741818.4
2023-02-13,550,Bộ lưu điện Santak - Mã hàng TG1000,6422,1111,6081818.0
2023-02-13,1037,TP CK GN CTY HUETRONICS,6422,1111,24776.0
2023-02-13,2617,Bảng mạch chính của máy vi tính hiệu ASUS TUF GAMING  B660M - E D4,6422,1111,2909091.0
2023-02-13,119,Bàn phím máy tinh Rapoo NK2500,131,511,272727.0
2023-02-13,119,Giá vốn (80%): Bàn phím máy tinh Rapoo NK2500,632,1561,218181.6
2023-02-13,118,Mực  in 337 Number One,131,511,800000.0
2023-02-13,118,Giá vốn (80%): Mực  in 337 Number One,632,1121,640000.0
2023-02-13,2617,Bảng mạch chính của máy vi tính hiêu ASUS PRIME H510M - K,6422,1111,28454540.0
2023-02-13,1037,Thuế GTGT: TP CK GN CTY HUETRONICS,1331,1111,2478.0
2023-02-14,121,"Giá vốn (80%): Ổ cứng  GT Western Digital 2TB - 3.5""",632,1561,814545.6
2023-02-14,122,Giá vốn (80%): Dây máy in USB 2.0 dài 5M Ugreen,632,1561,181818.4
2023-02-14,122,Dây máy in USB 2.0 dài 5M Ugreen,131,511,227273.0
2023-02-14,120,Giá vốn (80%): Bộ lưu điện Santak - TG1000,632,1561,2160000.0
2023-02-14,120,Bộ lưu điện Santak - TG1000,131,511,2700000.0
2023-02-14,121,Giá vốn (80%): Mực Laser TN-2385 Brother,632,1561,698181.6
2023-02-14,121,Mực Laser TN-2385 Brother,131,511,872727.0
2023-02-14,121,"Ổ cứng  GT Western Digital 2TB - 3.5""",131,511,1018182.0
2023-02-14,44,"Cáp cat6 4UTP, 23AWG, CM (305m/thùng)",6422,1111,7881819.0
2023-02-14,121,Bộ nhớ trong Kingmax 8GB DDR4-3200,131,511,481818.0
2023-02-14,44,"Thiết bị chuyển mạch Catalyst 1000 24port GE, 4x1G SFP/C1000­24T­4G­L",6422,1111,28000000.0
2023-02-14,44,"Bộ chuyển đổi quang điện 1 sợi quang Netlink GS­03A/B 10/100/1000M, 20Km",6422,1111,909090.0
2023-02-14,44,"Đầu mạng cáp 6 Commscope, AMP",6422,1111,500000.0
2023-02-14,44,Bộ nhớ Ram Silicon 4GB DDR4- 2666,6422,1111,10109080.0
2023-02-14,167,Vỏ thùng máy tính Jetek EN22,6422,1111,19090909.0
2023-02-14,167,Vỏ thùng máy tính Jetek EN15,6422,1111,20000000.0
2023-02-14,121,Giá vốn (80%): Bộ nhớ trong Kingmax 8GB DDR4-3200,632,1561,385454.4
2023-02-15,124,"Thiết bị chuyển mạch TP-Link,LS108G",131,511,500000.0
2023-02-15,124,Giá vốn (80%): Đầu bấm dây cáp mạng  Ensoho EN-RJ45C5 RJ-45 cat5e,632,1561,61091.2
2023-02-15,124,Đầu bấm dây cáp mạng  Ensoho EN-RJ45C5 RJ-45 cat5e,131,511,76364.0
2023-02-15,124,"Giá vốn (80%): Thiết bị chuyển mạch TP-Link,LS108G",632,1561,400000.0
2023-02-15,7125,Chiết khấu bán hàng Máy in Brother Q4/2022 theo văn bản số 213/12 ngày 05/01/2023,131,511,5102450.0
2023-02-15,123,Bàn phím Dell Multimedia KB216,131,511,172727.0
2023-02-15,123,Giá vốn (80%): Chuột máy tính Logitech B100,632,1561,72727.2
2023-02-15,123,Chuột máy tính Logitech B100,131,511,90909.0
2023-02-15,123,Giá vốn (80%): Bàn phím Dell Multimedia KB216,632,1561,138181.6
2023-02-15,7126,Chiết khấu bán hàng Mực in Brother Quý 4/2022 theo văn bản số 214/12 ngày 05/01/2023,131,511,1278837.0
2023-02-16,826,"Thiết bị định tuyến TP-Link, 300M,2.4GHz, TL-WR841N",6422,1111,4963636.0
2023-02-16,826,"Thiết bị định tuyến băng tần 2,4 GHz, W-CDMA FDD/E-UTRA FDD, TP-LINK, TL-MR100",6422,1111,2555455.0
2023-02-16,826,"Thiết bị thu phát vô tuyến TP-LINK, 2,4 GHz/ W-CDMA FDD/ E-UTRA FDD, TL-MR6400",6422,1111,4909091.0
2023-02-16,826,"Thiết bị đầu cuối  W-CDMA FDD/E-UTRA FDD, 2.4GHz, TP-Link, M7000",6422,1111,3700000.0
2023-02-16,826,"Thiết bị đầu cuối GSM/W-CDMA FDD/E-UTRA FDD, 2.4GHz, TP-Link, M7350",6422,1111,6077273.0
2023-02-16,826,"USB hỗ trợ kết nối bluetooth, Tp-Link, UB500",6422,1111,881818.0
2023-02-16,826,"Thiết bị thu phát vô tuyếnTP-Link 150M, TL-WN722N",6422,1111,1390909.0
2023-02-16,826,"Thiết bị định tuyến băng tần 2,4/5 GHz, TP-LINK, Deco E4(2-pack)",6422,1111,2276364.0
2023-02-16,826,"Thiết bị định tuyến băng tần 2,4/5GHz, TP-Link, Deco M5 (2-pack)",6422,1111,4636364.0
2023-02-16,131,Giá vốn (80%): Máy In Canon Laser LBP-2900,632,1561,2901818.4
2023-02-16,125,Giá vốn (80%): Màn hình vi tính LCD  ASUS PRO ART PA247CV  23.8inch,632,1561,4763636.0
2023-02-16,125,Chuột máy tính Logitech M331,131,511,227273.0
2023-02-16,125,Giá vốn (80%): Chuột máy tính Logitech M331,632,1561,181818.4
2023-02-16,1109,TP CK CTY KT CN NAM THANH,6422,1111,28633.0
2023-02-16,1109,Thuế GTGT: TP CK CTY KT CN NAM THANH,1331,1111,2863.0
2023-02-16,133,Ổ Cứng SSD 120gb Kingston,131,511,3818182.0
2023-02-16,133,Giá vốn (80%): Ổ Cứng SSD 120gb Kingston,632,1561,3054545.6
2023-02-16,132,Bộ máy vi tính,131,511,9090909.0
2023-02-16,132,Giá vốn (80%): Bộ máy vi tính,632,1561,7272727.2
2023-02-16,131,Máy In Canon Laser LBP-2900,131,511,3627273.0
2023-02-16,826,"Thiết bị thu phát vô tuyến, TP-LINK, 2.4GHz/5GHz, Archer C24",6422,1111,1663636.0
2023-02-16,125,Màn hình vi tính LCD  ASUS PRO ART PA247CV  23.8inch,131,511,5954545.0
2023-02-16,826,"Thiết bị định tuyến TP-Link, 2.4GHz/5GHz Archer C50",6422,1111,5890909.0
2023-02-16,127,Giá vốn (80%): MÁY TÍNH XÁCH TAY (NB) LENOVO V14 G3 IAP i5- 1235U/8GD4/256GSSD/14.0FHD/WL/BT/2C38/NoOS/Đ EN(82TS0062VN),632,1561,9810908.8
2023-02-16,134,"Giá vốn (80%): Thiết bị thu phát vô tuyến TP-Link,TL-WN823N",632,1561,501818.4
2023-02-16,826,"Thiết bị thu phát vô tuyến TP-Link, TL-WN725N",6422,1111,990909.0
2023-02-16,130,MÀN HÌNH LCD 23.8 Inch LENOVO THINKVISION S24e-20 (62AEKAR2WW),131,511,2718182.0
2023-02-16,130,Giá vốn (80%): MÀN HÌNH LCD 23.8 Inch LENOVO THINKVISION S24e-20 (62AEKAR2WW),632,1561,2174545.6
2023-02-16,130,Bộ máy vi tính,131,511,8354545.0
2023-02-16,130,Giá vốn (80%): Bộ máy vi tính,632,1561,6683636.0
2023-02-16,129,Giá vốn (80%): Bộ nhớ máy tính xách tay Kingmax 4GB DDR4-2400,632,1561,407272.8
2023-02-16,129,ổ cứng gắn trong 480GB SSD Exceria BiCS FLASH 2.5'' SATA3 Kioxia,131,511,1318182.0
2023-02-16,129,Giá vốn (80%): ổ cứng gắn trong 480GB SSD Exceria BiCS FLASH 2.5'' SATA3 Kioxia,632,1561,1054545.6
2023-02-16,128,Bộ nguồn cấp điện liên tục Cyber Power BU600E,131,511,1045455.0
2023-02-16,128,Giá vốn (80%): Bộ nguồn cấp điện liên tục Cyber Power BU600E,632,1561,836364.0
2023-02-16,129,Bộ nhớ máy tính xách tay Kingmax 4GB DDR4-2400,131,511,509091.0
2023-02-16,127,MÀN HÌNH VI TÍNH (LCD) LENOVO C22-20 21.5INCH/1920 x 1080/75Hz/VGA/HDMI/ĐEN(62A7KAR1WW),131,511,1990909.0
2023-02-16,127,Giá vốn (80%): MÀN HÌNH VI TÍNH (LCD) LENOVO C22-20 21.5INCH/1920 x 1080/75Hz/VGA/HDMI/ĐEN(62A7KAR1WW),632,1561,1592727.2
2023-02-16,127,MÀN HÌNH LCD 23.8 Inch LENOVO THINKVISION S24e-20 (62AEKAR2WW),131,511,2409091.0
2023-02-16,127,Giá vốn (80%): MÀN HÌNH LCD 23.8 Inch LENOVO THINKVISION S24e-20 (62AEKAR2WW),632,1561,1927272.8
2023-02-16,126,Nguồn  Jetek mini A200m,131,511,1200000.0
2023-02-16,126,Giá vốn (80%): Nguồn  Jetek mini A200m,632,1561,960000.0
2023-02-16,134,Thiết bị định tuyến TP-Link 2.4GHz/5GHz Archer C20,131,511,427272.0
2023-02-16,134,Giá vốn (80%): Thiết bị định tuyến TP-Link 2.4GHz/5GHz Archer C20,632,1561,341817.6
2023-02-16,127,MÁY TÍNH XÁCH TAY (NB) LENOVO V14 G3 IAP i5- 1235U/8GD4/256GSSD/14.0FHD/WL/BT/2C38/NoOS/Đ EN(82TS0062VN),131,511,12263636.0
2023-02-16,134,"Thiết bị thu phát vô tuyến TP-Link,TL-WN823N",131,511,627273.0
2023-02-17,136,Giá vốn (80%): Ram 4GB Kingston,632,1561,800000.0
2023-02-17,136,"Ổ cứng gắn trong 240GB SSD EXCERIABICSFLASH2.5""SATA3 KIOXIA",131,511,1881818.0
2023-02-17,136,"Giá vốn (80%): Ổ cứng gắn trong 240GB SSD EXCERIABICSFLASH2.5""SATA3 KIOXIA",632,1561,1505454.4
2023-02-17,135,"Ổ cứng di động Seagate Expansion 1TB 2.5""",131,511,1190909.0
2023-02-17,47,Tủ Rack 6U,6422,1111,650000.0
2023-02-17,135,CPU MÁY TÍNH,131,511,7900000.0
2023-02-17,47,"Dây mạng FTP CAT6E Cu 0,5mm Cường lực HDPE",6422,1111,2054785.0
2023-02-17,47,"Chuyển đổi quang điện 2 sợi quang, BT­950 GS­20 (10/100/1000M)",6422,1111,581818.0
2023-02-17,136,Ram 4GB Kingston,131,511,1000000.0
2023-02-17,135,"Giá vốn (80%): Ổ cứng di động Seagate Expansion 1TB 2.5""",632,1561,952727.2
2023-02-17,136,Giá vốn (80%): Điện thoại có dây  Panasonic KXTS500,632,1561,494545.6
2023-02-17,135,Giá vốn (80%): CPU MÁY TÍNH,632,1561,6320000.0
2023-02-17,136,Giá vốn (80%): Cạc mạng  PCI Gigabit TP-Link TG 3468,632,1561,167272.8
2023-02-17,177,MÁY IN LASER ĐƠN NĂNG CANON I-SENSYS LBP226DW (3516C007AAME),6422,1111,14727273.0
2023-02-17,177,"Máy quét HP ScanJet Pro 3000S4 Sheet-feed Scanner, 1Y WTY_6FW07A",6422,1111,8818182.0
2023-02-17,138,Màn hình  LCD VIEWSONIC VA1903A,131,511,1727273.0
2023-02-17,138,Giá vốn (80%): Màn hình  LCD VIEWSONIC VA1903A,632,1561,1381818.4
2023-02-17,136,Điện thoại có dây  Panasonic KXTS500,131,511,618182.0
2023-02-17,137,Giá vốn (80%): Máy  in Brother HL-L2321D,632,1561,1963636.8
2023-02-17,137,Thiết bị thu phát vô tuyến TP LINK  ARCHER AX23- AX1800Mbps,131,511,1081818.0
2023-02-17,137,Giá vốn (80%): Thiết bị thu phát vô tuyến TP LINK  ARCHER AX23- AX1800Mbps,632,1121,865454.4
2023-02-17,136,Cạc mạng  PCI Gigabit TP-Link TG 3468,131,511,209091.0
2023-02-17,137,Máy  in Brother HL-L2321D,131,511,2454546.0
2023-02-18,141,Giá vốn (80%): Máy  in Brother DCP - B7535DW,632,1561,4058181.6
2023-02-18,140,Giá vốn (80%): Phần mềm  Kaspersky KL1941MCCFS,632,1561,720000.0
2023-02-18,141,Máy  in Brother DCP - B7535DW,131,511,5072727.0
2023-02-18,139,"Ổ cứng gắn trong 240GB SSDEXCERIABICSFLASH2.5""SATA3 KIOXIA",131,511,1500000.0
2023-02-18,140,Phần mềm  Kaspersky KL1941MCCFS,131,511,900000.0
2023-02-18,139,"Giá vốn (80%): Ổ cứng gắn trong 240GB SSDEXCERIABICSFLASH2.5""SATA3 KIOXIA",632,1561,1200000.0
2023-02-19,144,Màn Hình Vi Tính Dell-LCD-E2216HV,131,511,3081818.0
2023-02-19,146,Giá vốn (80%): Hộp mực in Eco Plus 12A,632,1561,94545.6
2023-02-19,146,Hộp mực in Eco Plus 12A,131,511,118182.0
2023-02-19,145,Giá vốn (80%): Hộp mực in Izinet 12A,632,1561,458181.6
2023-02-19,145,Hộp mực in Izinet 12A,131,511,572727.0
2023-02-19,143,Giá vốn (80%): Hộp mực in Izinet 12A,632,1561,698181.6
2023-02-19,143,Hộp mực in Izinet 12A,131,511,872727.0
2023-02-19,144,Giá vốn (80%): Màn Hình Vi Tính Dell-LCD-E2216HV,632,1561,2465454.4
2023-02-19,1152,Thuế GTGT: THU PHI CK CTY CN ADG TAI DN,1331,1111,4000.0
2023-02-19,1151,Thuế GTGT: THU PHI CK CTY CP TG SO,1331,1111,4000.0
2023-02-19,1151,THU PHI CK CTY CP TG SO,6422,1111,40000.0
2023-02-19,127,"Máy chấm công vân tay RJ-3030. Hiệu: Ronald jack, nhà sản xuất:zkteco, điện áp: 5V.Mới 100%",6422,1111,3400000.0
2023-02-19,142,Giá vốn (80%): MỰC LASER TN-2385 Brother,632,1561,400000.0
2023-02-19,142,MỰC LASER TN-2385 Brother,131,511,500000.0
2023-02-19,26686,THU LAI VAY LD2227700350,6422,1111,828785.0
2023-02-19,1152,THU PHI CK CTY CN ADG TAI DN,6422,1111,40000.0
2023-02-20,1190,Thuế GTGT: THU PHI CK CTY VIEN SON,1331,1111,4000.0
2023-02-20,45189,MÁY TÍNH ĐỂ BÀN (PC) LENOVO ThinkCentre neo 50s Gen 3 i5-12400(6*2.5)/4GD4/256GSSD/WL/BT/KB/M/NoOS/ĐEN(11T000AXVA),6422,1111,49050000.0
2023-02-20,8337,"Máy tính xách tay MSI Modern 14 C11M-011VN (i3-1115G4; 8GB; 512GB SSD; UMA; 14"" FHD; Win11; Black)",6422,1111,11545455.0
2023-02-20,8337,"Máy tính xách tay MSI GF63 Thin 11SC-664VN (i5-11400H; 8GB; 512GB SSD; GTX 1650/4GB; 15.6"" FHD 144Hz; Win11; Đen)",6422,1111,15545455.0
2023-02-20,8337,"Máy tính xách tay MSI GF63 Thin 11UC-1230VN (i5-11400H; 8GB; 512GB SSD; RTX3050/4GB; 15.6"" FHD; Win11; Đen)",6422,1111,17545454.0
2023-02-20,147,Giá vốn (80%): Mực nạp đổ XP12-140,632,1561,2880000.0
2023-02-20,49,"Đầu mạng cáp 6 Commscope, AMP",6422,1111,500000.0
2023-02-20,49,"ổ cứng GN WD Elements 2.5"" 4TB",6422,1111,3000000.0
2023-02-20,49,Máy in đa chức năng HP LaserJet Pro MFP 4103fdn,6422,1111,15090910.0
2023-02-20,49,CHUỘT TRÌNH CHIẾU (PRESENTER) LOGITECH R800 (910-001358),6422,1111,3354546.0
2023-02-20,147,Mực laser đen Premium,131,511,1818182.0
2023-02-20,147,Giá vốn (80%): Mực laser đen Premium,632,1561,1454545.6
2023-02-20,147,Mực nạp đổ XP12-140,131,511,3600000.0
2023-02-20,1190,THU PHI CK CTY VIEN SON,6422,1111,40000.0
2023-02-20,49,"Bộ chuyển đổi quang điện 1 sợi quang Netlink GS­03A+B 10/100/1000M, 20Km bộ gồm 2 con ko nguồn",6422,1111,909090.0
2023-02-20,1189,Thuế GTGT: THU PHI CK CTY DIEP KHANH,1331,1111,4000.0
2023-02-20,148,"Ổ cứng gắn trong 240GB SSDEXCERIABICSFLASH2.5""SATA3 KIOXIA",131,511,818182.0
2023-02-20,27273,Thuế GTGT: THU PHI CT ACB,6422,1121,2300.0
2023-02-20,1189,THU PHI CK CTY DIEP KHANH,6422,1111,40000.0
2023-02-20,149,Hộp mực in Izinet 12A,131,511,636364.0
2023-02-20,149,Giá vốn (80%): Hộp mực in Izinet 12A,632,1561,509091.2
2023-02-20,150,Giá vốn (80%): Bộ máy vi tính Pentium G6405,632,1561,222836363.2
2023-02-20,151,Máy in Brother HL-L2321D,131,511,2454545.0
2023-02-20,151,Giá vốn (80%): Máy in Brother HL-L2321D,632,1561,1963636.0
2023-02-20,152,6FW06A: Máy quét ảnh hoặc tài liệu HP ScanJet Pro 2000 s2- Sheet-feed Scanner,131,511,7081818.0
2023-02-20,150,Bộ máy vi tính Pentium G6405,131,511,278545454.0
2023-02-20,148,"Giá vốn (80%): Ổ cứng gắn trong 240GB SSDEXCERIABICSFLASH2.5""SATA3 KIOXIA",632,1561,654545.6
2023-02-20,148,Bàn phím  NK2500,131,511,118182.0
2023-02-20,148,Giá vốn (80%): Bàn phím  NK2500,632,1561,94545.6
2023-02-20,148,Bộ nhớ trong  Kingmax 4GB DDR4-2666,131,511,500000.0
2023-02-20,148,Giá vốn (80%): Bộ nhớ trong  Kingmax 4GB DDR4-2666,632,1561,400000.0
2023-02-20,27273,THU PHI CT ACB,6422,1121,23000.0
2023-02-20,152,Giá vốn (80%): 6FW06A: Máy quét ảnh hoặc tài liệu HP ScanJet Pro 2000 s2- Sheet-feed Scanner,632,1561,5665454.4
2023-02-21,157,Ổ cứng hiệu  Western  4TB,131,511,2000000.0
2023-02-21,157,Giá vốn (80%): Bộ nhớ trong Kingmax 8GB DDR4-2666,632,1561,436363.2
2023-02-21,157,Bộ nhớ trong Kingmax 8GB DDR4-2666,131,511,545454.0
2023-02-21,157,"Giá vốn (80%): Thiết bị thu phát vô tuyến  TP-Link,TL- WN822N",632,1561,356364.0
2023-02-21,157,"Thiết bị thu phát vô tuyến  TP-Link,TL- WN822N",131,511,445455.0
2023-02-21,157,Giá vốn (80%): Bàn phím + chuột Logitech MK235,632,1561,327272.8
2023-02-21,157,Bàn phím + chuột Logitech MK235,131,511,409091.0
2023-02-21,157,Giá vốn (80%): Ổ cứng hiệu  Western  4TB,632,1561,1600000.0
2023-02-21,153,"Giá vốn (80%): Ổ cứng di động Seagate One touch 1TB 2.5""",632,1561,1054545.6
2023-02-21,153,"Ổ cứng di động Seagate One touch 1TB 2.5""",131,511,1318182.0
2023-02-21,155,Giá vốn (80%): Mực T5018,632,1561,872727.2
2023-02-21,155,Mực T5018,131,511,1090909.0
2023-02-21,156,Giá vốn (80%): Bộ lưu điện Santak - Mã hàng TG500,632,1561,1687272.8
2023-02-21,156,Bộ lưu điện Santak - Mã hàng TG500,131,511,2109091.0
2023-02-21,154,"Giá vốn (80%): Ổ cứng GN WD Elements 2.5"" 4TB",632,1561,2581818.4
2023-02-21,154,"Ổ cứng GN WD Elements 2.5"" 4TB",131,511,3227273.0
2023-02-21,1161,Bộ lưu điện Santak-mã hàng C1K-LCD,6422,1111,6409091.0
2023-02-21,29772,THU LAI VAY LD2228000535,6422,1111,304666.0
2023-02-22,1008,CHUỘT QUANG VI TÍNH DELL MS116,6422,1111,3909091.0
2023-02-22,1008,CHUỘT QUANG DELL WIRELESS WM118,6422,1111,4090909.0
2023-02-22,360292,Không có tên,6422,1111,2266182.0
2023-02-22,360292,Thuế GTGT: Không có tên,1331,1111,226818.0
2023-02-22,360292,Không có tên,6422,1111,220000.0
2023-02-22,158,MÁY VI TÍNH ĐỂ BÀN (PC) LENOVO ThinkCentre neo 50t Gen 3 i3- 12100(4*3.3)/4GD4/256GSSD/WL/BT/KB/M/nOS/ĐEN( 11SC001LVA),131,511,105000000.0
2023-02-22,159,BỘ CPU I3.10105,131,511,15800000.0
2023-02-22,158,MÁY TÍNH ĐỂ BÀN (PC) LENOVO ThinkCentre neo 50s Gen 3 i5- 12400(6*2.5)/4GD4/256GSSD/WL/BT/KB/M/NoOS/ĐE N(11T000AXVA),131,511,47272727.0
2023-02-22,158,Giá vốn (80%): MÁY TÍNH ĐỂ BÀN (PC) LENOVO ThinkCentre neo 50s Gen 3 i5- 12400(6*2.5)/4GD4/256GSSD/WL/BT/KB/M/NoOS/ĐE N(11T000AXVA),632,1561,37818181.6
2023-02-22,1008,BÀN PHÍM DELL MULTIMEDIA KB216,6422,1111,6500000.0
2023-02-22,159,Giá vốn (80%): BỘ CPU I3.10105,632,1561,12640000.0
2023-02-22,1246,THU PHI CK CTY MAY TINH VINH XUAN,6422,1111,26183.0
2023-02-22,1246,Thuế GTGT: THU PHI CK CTY MAY TINH VINH XUAN,1331,1111,2618.0
2023-02-22,158,Giá vốn (80%): MÁY VI TÍNH ĐỂ BÀN (PC) LENOVO ThinkCentre neo 50t Gen 3 i3- 12100(4*3.3)/4GD4/256GSSD/WL/BT/KB/M/nOS/ĐEN( 11SC001LVA),632,1561,84000000.0
2023-02-22,926,Bàn phím multimode không dây Blue Switch Rapoo V500PRO-87 màu đen,6422,1111,1418182.0
2023-02-22,926,Bàn phím gaming Rapoo V530 màu đen,6422,1111,1254545.0
2023-02-22,926,Bàn phím chơi game có đèn nền màu đen Rapoo V500L,6422,1111,2500000.0
2023-02-22,1245,THU PHI CK CTY HOI TU THONG MINH,6422,1111,15000.0
2023-02-22,1245,Thuế GTGT: THU PHI CK CTY HOI TU THONG MINH,1331,1111,1500.0
2023-02-22,111,Màn chiếu chân P70TS,6422,1111,1740000.0
2023-02-22,111,Màn chiếu treo P84WS,6422,1111,2520000.0
2023-02-22,111,Giá treo máy chiếu MS65,6422,1111,150000.0
2023-02-22,111,Giá treo máy chiếu MS12,6422,1111,220000.0
2023-02-22,1071,Bộ vi xử lý vi tính Intel Core I5-10400 + Quạt,6422,1111,5818182.0
2023-02-22,926,Bàn phím cơ gaming có dây Rapoo V500pro màu vàng xanh,6422,1111,3068182.0
2023-02-22,926,Bàn phím  gaming  Rapoo V500pro màu  xanh lơ,6422,1111,3068182.0
2023-02-22,926,Bàn phím gaming Blue switch Rapoo V500Alloy màu đen,6422,1111,3272727.0
2023-02-22,926,Bàn phím chơi game có đèn nền màu đen Rapoo V500SE,6422,1111,2500000.0
2023-02-22,926,Bàn phím gaming có dây Rapoo V50S màu đen,6422,1111,1318182.0
2023-02-22,111,Giá treo máy chiếu MS18,6422,1111,660000.0
2023-02-23,162,Mực in 308 Number One,131,511,400000.0
2023-02-23,164,Giá vốn (80%): Hộp mực  in Ecoplus 12A,632,1561,189091.2
2023-02-23,164,Hộp mực  in Ecoplus 12A,131,511,236364.0
2023-02-23,163,Giá vốn (80%): Hộp mực  in Izinet 12A,632,1561,247272.8
2023-02-23,163,Hộp mực  in Izinet 12A,131,511,309091.0
2023-02-23,3477,"Máy tính xách tay MSI Modern 14 B11MOU-1030VN/i3-1115G4/256GB SSD/8GB/UHD Graphics/14""FHD/60Hz/WIN 11/màu xám",6422,1111,9909091.0
2023-02-23,162,Giá vốn (80%): Mực Laser đen Premium,632,1561,232727.2
2023-02-23,162,Mực Laser đen Premium,131,511,290909.0
2023-02-23,162,Giá vốn (80%): Mực in 308 Number One,632,1121,320000.0
2023-02-23,160,Giá vốn (80%): Phần mềm Kaspersky KL1867MUAFS,632,1561,240000.0
2023-02-23,161,Giá vốn (80%): Nguồn Jetek Model Y500T,632,1561,174544.8
2023-02-23,161,Nguồn Jetek Model Y500T,131,511,218181.0
2023-02-23,161,Giá vốn (80%): Bảng mạch chính Asus Prime H510MF,632,1561,1090908.8
2023-02-23,161,Bảng mạch chính Asus Prime H510MF,131,511,1363636.0
2023-02-23,161,Giá vốn (80%): Vỏ thùng máy tính  Jetek A30,632,1561,189091.2
2023-02-23,161,Vỏ thùng máy tính  Jetek A30,131,511,236364.0
2023-02-23,161,Giá vốn (80%): Bộ nhớ trong  Kingmax 8GB DDR4-2400,632,1561,436364.0
2023-02-23,161,Bộ nhớ trong  Kingmax 8GB DDR4-2400,131,511,545455.0
2023-02-23,161,Giá vốn (80%): Ổ cứng GT Western Digital 2TB,632,1561,872727.2
2023-02-23,161,Ổ cứng GT Western Digital 2TB,131,511,1090909.0
2023-02-23,160,Phần mềm Kaspersky KL1867MUAFS,131,511,300000.0
2023-02-24,167,Giá vốn (80%): Nguồn máy tính Corsair CV450,632,1561,560000.0
2023-02-24,167,Máy in laser Brother HL-L2321D,131,511,5072726.0
2023-02-24,167,Giá vốn (80%): Máy in laser Brother HL-L2321D,632,1561,4058180.8
2023-02-24,167,MÀN HÌNH VI TÍNH (LCD) LENOVO C22-20 21.5INCH/1920 x 1080/75Hz/VGA/HDMI/ĐEN/(62A7KAR1WW),131,511,4636364.0
2023-02-24,167,Giá vốn (80%): MÀN HÌNH VI TÍNH (LCD) LENOVO C22-20 21.5INCH/1920 x 1080/75Hz/VGA/HDMI/ĐEN/(62A7KAR1WW),632,1561,3709091.2
2023-02-24,166,Giá vốn (80%): Loa SoundMax A120/2.0,632,1561,123636.0
2023-02-24,166,Giá vốn (80%): Bàn phím Rapoo NK2500,632,1561,160000.0
2023-02-24,166,Chuột vi tính Rapoo M20,131,511,327273.0
2023-02-24,166,Giá vốn (80%): Chuột vi tính Rapoo M20,632,1561,261818.4
2023-02-24,166,Loa SoundMax A120/2.0,131,511,154545.0
2023-02-24,166,Bàn phím Rapoo NK2500,131,511,200000.0
2023-02-24,167,Nguồn máy tính Corsair CV450,131,511,700000.0
2023-02-24,165,Giá vốn (80%): Chuột vi tính Rapoo M20,632,1561,349091.2
2023-02-24,167,Ổ cứng hiệu Western WD 1TB,131,511,1600000.0
2023-02-24,165,Chuột vi tính Rapoo M20,131,511,436364.0
2023-02-24,165,Giá vốn (80%): Bàn phím Rapoo NK2500,632,1561,320000.0
2023-02-24,165,Nguồn  Jetek Model Y500T,131,511,436364.0
2023-02-24,165,Giá vốn (80%): Nguồn  Jetek Model Y500T,632,1561,349091.2
2023-02-24,165,Bàn phím Rapoo NK2500,131,511,400000.0
2023-02-24,167,Giá vốn (80%): Bảng mạch chính ASUS TUF  B660M-E D4,632,1561,2327272.8
2023-02-24,167,Bộ nhớ trong DDR4 16GB/3200 KINGSTON,131,511,2072728.0
2023-02-24,167,Giá vốn (80%): Bộ nhớ trong DDR4 16GB/3200 KINGSTON,632,1561,1658182.4
2023-02-24,167,Bảng mạch chính ASUS TUF  B660M-E D4,131,511,2909091.0
2023-02-24,167,Giá vốn (80%): Ổ cứng hiệu Western WD 1TB,632,1561,1280000.0
2023-02-26,169,Giá vốn (80%): Chuột máy tính Dell MS116,632,1561,65454.4
2023-02-26,172,Giá vốn (80%): Loa SoundMax A710/2.1,632,1561,581818.4
2023-02-26,171,Ổ đĩa SDRW - 08D2S - U lite hiệu Asus,131,511,1618182.0
2023-02-26,171,Giá vốn (80%): Ổ đĩa SDRW - 08D2S - U lite hiệu Asus,632,1561,1294545.6
2023-02-26,170,Mực Laser TN-2385,131,511,772727.0
2023-02-26,170,Giá vốn (80%): Mực Laser TN-2385,632,1561,618181.6
2023-02-26,169,Chuột máy tính Dell MS116,131,511,81818.0
2023-02-26,168,Phần mềm  Kaspersky KL1941MCCFS,131,511,900000.0
2023-02-26,169,MÀN HÌNH VI TÍNH (LCD) LENOVO C22-20 21.5INCH/1920 x 1080/75Hz/VGA/HDMI/ĐEN/(62A7KAR1WW),131,511,2318182.0
2023-02-26,169,Giá vốn (80%): MÀN HÌNH VI TÍNH (LCD) LENOVO C22-20 21.5INCH/1920 x 1080/75Hz/VGA/HDMI/ĐEN/(62A7KAR1WW),632,1561,1854545.6
2023-02-26,172,Loa SoundMax A710/2.1,131,511,727273.0
2023-02-26,168,Giá vốn (80%): Phần mềm  Kaspersky KL1941MCCFS,632,1561,720000.0
2023-02-26,54,"Chuyển đổi quang điện 2 sợi quang, BT-950 GS-20(10/100/1000M)",6422,1111,581818.0
2023-02-26,54,"Dây 4 lõi có thép treo vỏ nhựa PVC, chuẩn cat 3 (300m)",6422,1111,863636.0
2023-02-26,169,Giá vốn (80%): Bàn phím  Dell Multimedia KB216,632,1561,123636.0
2023-02-26,172,Giá vốn (80%): Bàn phím Dell Multimedia KB216,632,1561,349092.0
2023-02-26,169,Bàn phím  Dell Multimedia KB216,131,511,154545.0
2023-02-26,172,Giá vốn (80%): Nguồn Jetek Model Y500T,632,1561,320000.0
2023-02-26,172,Bàn phím Dell Multimedia KB216,131,511,436365.0
2023-02-26,704,Camera quan sát DS-2CE16D0T-LFS,6422,1111,5639250.0
2023-02-26,704,Đầu ghi hình DS-7208HGHI-K1,6422,1111,777450.0
2023-02-26,704,"Ổ cứng lưu trữ dữ liệu ST4000VX000,4T,5900RPM,3.5'',SATA,SEAGATE",6422,1111,5727273.0
2023-02-26,174,Bộ lưu điện Santak - mã hàng C1K-LCD,131,511,6900000.0
2023-02-26,174,Giá vốn (80%): Bộ lưu điện Santak - mã hàng C1K-LCD,632,1561,5520000.0
2023-02-26,174,"Chuyển đổi quang điện 2 sợi quang , BT-950 GS-20 (10/100/1000M)",131,511,1054546.0
2023-02-26,704,Đầu ghi hình DS-7216HGHI-K1,6422,1111,1383350.0
2023-02-26,174,Chuột máy tính  Logitech B100,131,511,163636.0
2023-02-26,174,Giá vốn (80%): Chuột máy tính  Logitech B100,632,1561,130908.8
2023-02-26,173,"Ổ cứng lưu trữ dữ liệu ST4000VX000,4T,5900RPM,3.5'',SATA,SEAGATE",131,511,2136364.0
2023-02-26,173,"Giá vốn (80%): Ổ cứng lưu trữ dữ liệu ST4000VX000,4T,5900RPM,3.5'',SATA,SEAGATE",632,1561,1709091.2
2023-02-26,172,"Thiết bị đầu cuối 2.4GHz TP-Link,M7000",131,511,1454544.0
2023-02-26,172,"Giá vốn (80%): Thiết bị đầu cuối 2.4GHz TP-Link,M7000",632,1561,1163635.2
2023-02-26,174,"Giá vốn (80%): Chuyển đổi quang điện 2 sợi quang , BT-950 GS-20 (10/100/1000M)",632,1561,843636.8
2023-02-26,172,Nguồn Jetek Model Y500T,131,511,400000.0
2023-02-27,179,Dây cáp mạng Ensoho EN-F6CA24 FTP cat6,131,511,2481818.0
2023-02-27,179,Giá vốn (80%): Thiết bị định tuyến TP-Link 2.4GHz/5GHz Archer C50,632,1561,2560000.0
2023-02-27,21007,Chiết khấu thương mại theo Số lượng Máy tính để bàn Lenovo từ 10/12/2022 đến 25/12/2022 (MKT-LNV-VJFD-2022-05520),6422,1111,8181818.0
2023-02-27,179,Thiết bị định tuyến TP-Link 2.4GHz/5GHz Archer C50,131,511,3200000.0
2023-02-27,179,Giá vốn (80%): Đầu bấm dây cáp mạng Ensoho  RJ-45 cat5e,632,1561,349091.2
2023-02-27,178,Giá vốn (80%): Máy In Canon Laser LBP226DW,632,1561,5163636.0
2023-02-27,179,Giá vốn (80%): Cổng nối mạng TL - SG1005D TP-Link,632,1561,669091.2
2023-02-27,179,Cổng nối mạng TL - SG1005D TP-Link,131,511,836364.0
2023-02-27,178,Máy In Canon Laser LBP226DW,131,511,6454545.0
2023-02-27,177,Giá vốn (80%): Máy In Canon Laser LBP-2900,632,1561,2829090.4
2023-02-27,177,Máy In Canon Laser LBP-2900,131,511,3536363.0
2023-02-27,179,Giá vốn (80%): Dây cáp mạng Ensoho EN-F6CA24 FTP cat6,632,1561,1985454.4
2023-02-27,179,Đầu bấm dây cáp mạng Ensoho  RJ-45 cat5e,131,511,436364.0
2023-02-27,179,"CÁP CAT6 4UTP,23AWG,CM",131,511,2636364.0
2023-02-27,1339,THU PHI CK CTY DIEP KHANH,6422,1111,40000.0
2023-02-27,179,Tủ Rack 6U,131,511,778182.0
2023-02-27,179,Giá vốn (80%): Tủ Rack 6U,632,1561,622545.6
2023-02-27,179,THIẾT BỊ CHUYỂN MẠCH CISCO WS-C2960 CG-8TCL,131,511,7227272.0
2023-02-27,179,Giá vốn (80%): THIẾT BỊ CHUYỂN MẠCH CISCO WS-C2960 CG-8TCL,632,1561,5781817.6
2023-02-27,49876,MÁY VI TÍNH ĐỂ BÀN (PC) LENOVO ThinkCentre neo 50t Gen 3 i3-12100(4*3.3)/4GD4/256GSSD/WL/BT/KB/M/nOS/ĐEN(11SC001LVA),6422,1111,42850000.0
2023-02-27,49874,MÁY VI TÍNH ĐỂ BÀN (PC) LENOVO ThinkCentre neo 50t Gen 3 i3-12100(4*3.3)/4GD4/256GSSD/WL/BT/KB/M/nOS/ĐEN(11SC001LVA),6422,1111,85700000.0
2023-02-27,49870,MÁY VI TÍNH ĐỂ BÀN (PC) LENOVO ThinkCentre neo 50t Gen 3 i3-12100(4*3.3)/4GD4/256GSSD/WL/BT/KB/M/nOS/ĐEN(11SC001LVA),6422,1111,85700000.0
2023-02-27,1339,Thuế GTGT: THU PHI CK CTY DIEP KHANH,1331,1111,4000.0
2023-02-27,1338,THU PHI CK CTY CP TG SO,6422,1111,40000.0
2023-02-27,1338,Thuế GTGT: THU PHI CK CTY CP TG SO,1331,1111,4000.0
2023-02-27,12830,Không có tên,6422,1111,60000.0
2023-02-27,12830,Thuế GTGT: Không có tên,1331,1111,6000.0
2023-02-27,12829,Không có tên,6422,1111,9797385.0
2023-02-27,177,Giá vốn (80%): Màn hình vi tính Asus VP247HAE,632,1561,2909091.2
2023-02-27,179,"Giá vốn (80%): CÁP CAT6 4UTP,23AWG,CM",632,1561,2109091.2
2023-02-27,177,Màn hình vi tính Asus VP247HAE,131,511,3636364.0
2023-02-27,3342,"Máy tính xách tay MSI Katana GF66 12UCK-815VN/Alder Lake i5-12450H/512GB SSD/DDR4 8GB (3200MHz)/RTX3050 GDDR6 4GB/15.6"" FHD/WIN11/màu đen/ ba lô",6422,1111,39163636.0
2023-02-27,176,"Ổ cứng GT Western Digital 1TB-3.5""",131,511,681818.0
2023-02-27,2991,Dịch vụ ngân hàng,6422,1121,30000.0
2023-02-27,2991,Thuế GTGT: Dịch vụ ngân hàng,6422,1121,3000.0
2023-02-27,1337,THU PHI CK CTY VIEN SON,6422,1111,40000.0
2023-02-27,1337,Thuế GTGT: THU PHI CK CTY VIEN SON,1331,1111,4000.0
2023-02-27,3815,Camera quan sát kỹ thuật số có chức năng ghi hiệu EZVIZ mã CS-H8C - hỗ trợ thẻ nhớ trong,6422,1111,1663636.0
2023-02-27,3815,"Camera quan sát CS-C1C 1080P, H.265 (E0-1E2WF)",6422,1111,3272727.0
2023-02-27,3815,Camera kỹ thuật số có chức năng ghi hiệu EZVIZ mã CS-C3TN (1080P COLOR) 2.8 MM- hỗ trợ thẻ nhớ trong,6422,1111,3500000.0
2023-02-27,3815,"Camera quan sát CS-C3TN (3MP,2.8MM)",6422,1111,4181818.0
2023-02-27,3815,"Camera quan sát CS-C3W (4MP, 2.8MM,H.265)",6422,1111,4200000.0
2023-02-27,3815,Camera quan sát CS-C6N (1080P),6422,1111,6477273.0
2023-02-27,3772,Camera quan sát kỹ thuật số có chức năng ghi hiệu EZVIZ mã CS-H8C - hỗ trợ thẻ nhớ trong,6422,1111,3309091.0
2023-02-27,3772,Camera quan sát CS-CV310 (A0-1B2WFR),6422,1111,3200000.0
2023-02-27,3772,Camera quan sát CS-C6N (1080P),6422,1111,8600000.0
2023-02-27,3772,"Camera kỹ thuật số có chức năng ghi EZVIZ CS-C6N(4MP,W1)",6422,1111,2950000.0
2023-02-27,176,"Giá vốn (80%): Ổ cứng GT Western Digital 1TB-3.5""",632,1561,545454.4
2023-02-27,33062,"PHI T02/2023-040019911911-ALERT,IB,OTP,QLTK",6422,1111,125000.0
2023-02-27,13151,Bộ phát Wifi6 Asus RT-AX53U,6422,1111,1250000.0
2023-02-27,180,Giá vốn (80%): Hộp mực  in Izinet 12A,632,1561,763636.0
2023-02-27,175,Giá vốn (80%): Bàn phím Dell Multimedia KB216,632,1561,145454.4
2023-02-27,175,Bàn phím Dell Multimedia KB216,131,511,181818.0
2023-02-27,9841,"Máy tính xách tay MSI GF63 Thin 11SC-664VN (i5-11400H; 8GB; 512GB SSD; GTX 1650/4GB; 15.6"" FHD 144Hz; Win11; Đen)",6422,1111,31090909.0
2023-02-27,9841,"Máy tính xách tay MSI Modern 14 C11M-011VN (i3-1115G4; 8GB; 512GB SSD; UMA; 14"" FHD; Win11; Black)",6422,1111,23090909.0
2023-02-27,180,Hộp mực  in Izinet 12A,131,511,954545.0
2023-02-27,3342,"ổ cứng lắp trong Western Digital 4TB 3.5"" Sata 3, màu xanh(Blue)(WD40EZAZ)",6422,1111,1954545.0
2023-02-27,3342,"Máy tính xách tay MSI GF63 Thin 11UD-473VN/i5-11400H/512GB SSD/8GB/RTX3050 Ti Max-Q 4GB/15.6""FHD/60Hz/WIN 11/màu đen",6422,1111,34545455.0
2023-02-27,722,Thuế GTGT: Dịch vụ SMS Brandname CSKH,1331,1111,20687.0
2023-02-27,722,Dịch vụ SMS Brandname CSKH,6422,1111,206873.0
2023-02-27,33062,"Thuế GTGT: PHI T02/2023-040019911911-ALERT,IB,OTP,QLTK",1331,1111,12500.0
2023-02-27,3342,Chiết khấu giảm giá,6422,1111,909091.0
2023-02-28,46369397,Thuế GTGT: Không có tên,1331,1111,35000.0
2023-02-28,118803,Thuế GTGT: Cước dịch vụ Viễn thông-Công nghệ thông tin tháng 02 năm 2023,1331,1111,2700.0
2023-02-28,118803,Cước dịch vụ Viễn thông-Công nghệ thông tin tháng 02 năm 2023,6422,1111,27000.0
2023-02-28,34480,THU LAI VAY QUA HAN PDLD2301200655,6422,1111,643738.0
2023-02-28,34478,THU LAI VAY QUA HAN PDLD2301900242,6422,1111,858317.0
2023-02-28,34476,THU LAI VAY QUA HAN PDLD2303200329,6422,1111,1997807.0
2023-02-28,34474,THU LAI VAY QUA HAN PDLD2303400378,6422,1111,1541518.0
2023-02-28,34471,THU LAI VAY QUA HAN PDLD2303700342,6422,1111,1085229.0
2023-02-28,46369397,Không có tên,6422,1111,350000.0
2023-02-28,149479,Cước dịch vụ Viễn thông-Công nghệ thông tin tháng 02 năm 2023,6422,1111,249636.0
2023-02-28,118855,Cước dịch vụ Viễn thông-Công nghệ thông tin tháng 02 năm 2023,6422,1111,20000.0
2023-02-28,118898,Thuế GTGT: Cước dịch vụ Viễn thông-Công nghệ thông tin tháng 02 năm 2023,1331,1111,27400.0
2023-02-28,118898,Cước dịch vụ Viễn thông-Công nghệ thông tin tháng 02 năm 2023,6422,1111,274000.0
2023-02-28,149479,Thuế GTGT: Cước dịch vụ Viễn thông-Công nghệ thông tin tháng 02 năm 2023,1331,1111,24964.0
2023-02-28,1040,"Thiết bị thu phát vô tuyếnTP-Link,TL-WA850RE",6422,1111,1909091.0
2023-02-28,165150,Thuế GTGT: Cước dịch vụ Viễn thông-Công nghệ thông tin tháng 02 năm 2023,1331,1111,43204.0
2023-02-28,165150,Cước dịch vụ Viễn thông-Công nghệ thông tin tháng 02 năm 2023,6422,1111,432037.0
2023-02-28,165151,Thuế GTGT: Cước dịch vụ Viễn thông-Công nghệ thông tin tháng 02 năm 2023,1331,1111,21079.0
2023-02-28,165151,Cước dịch vụ Viễn thông-Công nghệ thông tin tháng 02 năm 2023,6422,1111,210789.0
2023-02-28,118855,Thuế GTGT: Cước dịch vụ Viễn thông-Công nghệ thông tin tháng 02 năm 2023,1331,1111,2000.0
2023-02-28,1040,"Thiết bị thu phát vô tuyến băng tần 2.4GHz, Tp-Link, TL-WN781ND",6422,1111,677273.0
2023-02-28,367,Máy in mã vạch XP-420B,6422,1111,6363636.0
2023-02-28,1040,"Thiết bị chuyển mạch Tp-Link,TL-SG1005D",6422,1111,2018182.0
2023-02-28,34468,THU LAI VAY QUA HAN PDLD2303800419,6422,1111,517950.0
2023-02-28,3312,Chuột không dây Logitech  M190 màu xanh (910-005914),6422,1111,872727.0
2023-02-28,3312,Tai nghe Logitech G431 7.1 Surround (981-000774),6422,1111,1000000.0
2023-02-28,118606,Thuế GTGT: Cước dịch vụ Viễn thông-Công nghệ thông tin tháng 02 năm 2023,1331,1111,21364.0
2023-02-28,118606,Cước dịch vụ Viễn thông-Công nghệ thông tin tháng 02 năm 2023,6422,1111,213636.0
2023-02-28,76313,Nokia 105 4G DS Xanh,6422,1111,718182.0
2023-02-28,34460,THU LAI VAY QUA HAN PDLD2304500443,6422,1111,648957.0
2023-02-28,165249,Thuế GTGT: Cước dịch vụ Viễn thông-Công nghệ thông tin tháng 02 năm 2023,1331,1111,36958.0
2023-02-28,924,Bàn phím Logitech G610 ORION BLUE (920-008005),6422,1111,1363636.0
2023-02-28,924,Tai nghe Logitech Gaming G335 màu đen (981-000979),6422,1111,1027273.0
2023-02-28,924,Tai nghe Logitech G331 Stereo (981-000759),6422,1111,1490909.0
2023-02-28,924,Chuột Logitech G502 HERO High Performance Gaming(910-005472),6422,1111,1654545.0
2023-02-28,924,Chuột Logitech G403 HERO (910-005634),6422,1111,1600000.0
2023-02-28,367,Máy đọc mã vạch WNL-6000G,6422,1111,590909.0
2023-02-28,367,Máy in hóa đơn XP-Q801L,6422,1111,4772727.0
2023-02-28,34464,THU LAI VAY QUA HAN PDLD2304000227,6422,1111,615301.0
2023-02-28,1436,"Bản quyền phần mềm Kaspersky Ksos 5 for DT+MD+FS SEA 5 - MD; 5-DT ,1-FS; 5USER 1Y BsRP",6422,1111,5600000.0
2023-02-28,1071,Chuột Logitech M170,6422,1111,1636360.0
2023-02-28,1071,Thiết bị ghi hình Logitech C930E (Webcam),6422,1111,3981818.0
2023-02-28,1040,"Bộ định tuyến TP-Link, 2.4GHz/5GHz W-CDMA FDD/E-UTRA FDD, Archer MR200",6422,1111,6741818.0
2023-02-28,34462,THU LAI VAY QUA HAN PDLD2304400277,6422,1111,1307879.0
2023-02-28,165249,Cước dịch vụ Viễn thông-Công nghệ thông tin tháng 02 năm 2023,6422,1111,369576.0
2023-02-28,118804,Cước dịch vụ Viễn thông-Công nghệ thông tin tháng 02 năm 2023,6422,1111,24545.0
2023-02-28,182,Bộ định tuyến TP-Link 2.4GHz-TL-WR840N,131,511,245455.0
2023-02-28,182,Giá vốn (80%): Nguồn Jetek Model Y500T,632,1561,872727.2
2023-02-28,182,Nguồn Jetek Model Y500T,131,511,1090909.0
2023-02-28,182,"Giá vốn (80%): Thiết bị thu phát vô tuyến TP-Link,TL-WN821N",632,1561,392727.2
2023-02-28,182,"Thiết bị thu phát vô tuyến TP-Link,TL-WN821N",131,511,490909.0
2023-02-28,182,"Giá vốn (80%): Thiết bị thu phát vô tuyến TP-Link,TL-WN823N",632,1561,130908.8
2023-02-28,182,"Thiết bị thu phát vô tuyến TP-Link,TL-WN823N",131,511,163636.0
2023-02-28,182,"Giá vốn (80%): Thiết bị thu phát vô tuyến TP-Link,TL-WN725N",632,1561,567272.8
2023-02-28,182,"Thiết bị thu phát vô tuyến TP-Link,TL-WN725N",131,511,709091.0
2023-02-28,182,Giá vốn (80%): Chuột vi tính Rapoo M20,632,1561,872727.2
2023-02-28,182,Chuột vi tính Rapoo M20,131,511,1090909.0
2023-02-28,181,"Giá vốn (80%): Thiết bị thu phát vô tuyến TP-Link,TL-WA860RE",632,1561,210908.8
2023-02-28,118804,Thuế GTGT: Cước dịch vụ Viễn thông-Công nghệ thông tin tháng 02 năm 2023,1331,1111,2455.0
2023-02-28,34458,THU LAI VAY QUA HAN PDLD2304700471,6422,1111,474363.0
2023-02-28,34456,THU LAI VAY QUA HAN PDLD2304800307,6422,1111,187733.0
2023-02-28,34445,THU LAI VAY QUA HAN PDLD2228300453,6422,1111,3314220.0
2023-02-28,34444,THU LAI VAY QUA HAN PDLD2228400092,6422,1111,708492.0
2023-02-28,34443,THU LAI VAY QUA HAN PDLD2228500024,6422,1111,1011141.0
2023-02-28,34437,THU LAI VAY QUA HAN PDLD2228600465,6422,1111,835357.0
2023-02-28,182,Giá vốn (80%): Bộ định tuyến TP-Link 2.4GHz-TL-WR840N,632,1561,196364.0
2023-02-28,182,"Bộ định tuyến  TP-Link 2.4GHz,TL-WR820N",131,511,218182.0
2023-02-28,181,"Thiết bị thu phát vô tuyến TP-Link,TL-WA860RE",131,511,263636.0
2023-02-28,183,Điện thoại Panasonic KXTGB110CX,131,511,454545.0
2023-02-28,34428,THU LAI VAY QUA HAN PDLD2229700440,6422,1111,715264.0
2023-02-28,34430,THU LAI VAY QUA HAN PDLD2229700340,6422,1111,715264.0
2023-02-28,34433,THU LAI VAY QUA HAN PDLD2229200450,6422,1111,683792.0
2023-02-28,34435,THU LAI VAY QUA HAN PDLD2229000275,6422,1111,1370294.0
2023-02-28,34440,THU LAI VAY QUA HAN PDLD2228500483,6422,1111,715264.0
2023-02-28,186,Giá vốn (80%): MÀN HÌNH LCD 23.8 Inch LENOVO THINKVISION S24e-20 (62AEKAR2WW),632,1561,3636364.0
2023-02-28,186,MÀN HÌNH LCD 23.8 Inch LENOVO THINKVISION S24e-20 (62AEKAR2WW),131,511,4545455.0
2023-02-28,182,"Giá vốn (80%): Bộ định tuyến  TP-Link 2.4GHz,TL-WR820N",632,1561,174545.6
2023-02-28,186,MÀN HÌNH VI TÍNH (LCD) LENOVO C22-20 21.5INCH/1920 x 1080/75Hz/VGA/HDMI/ĐEN/3Y(62A7KAR1WW),131,511,3636364.0
2023-02-28,185,Giá vốn (80%): Bộ nhớ máy vi tính Kingmax 4GB DDR4 - 2666,632,1561,2545454.4
2023-02-28,186,Giá vốn (80%): MÀN HÌNH VI TÍNH (LCD) LENOVO C22-20 21.5INCH/1920 x 1080/75Hz/VGA/HDMI/ĐEN/3Y(62A7KAR1WW),632,1561,2909091.2
2023-02-28,185,Giá vốn (80%): MÀN HÌNH VI TÍNH (LCD) LENOVO C22-20 21.5INCH/1920 x 1080/75Hz/VGA/HDMI/ĐEN/3Y(62A7KAR1WW),632,1561,20363636.0
2023-02-28,185,MÀN HÌNH VI TÍNH (LCD) LENOVO C22-20 21.5INCH/1920 x 1080/75Hz/VGA/HDMI/ĐEN/3Y(62A7KAR1WW),131,511,25454545.0
2023-02-28,185,Giá vốn (80%): MÁY VI TÍNH ĐỂ BÀN (PC) LENOVO ThinkCentre neo 50t Gen 3 i3- 12100(4*3.3)/4GD4/256GSSD/WL/BT/KB/M/nOS/ĐEN( 11SC001LVA),632,1561,84000000.0
2023-02-28,185,MÁY VI TÍNH ĐỂ BÀN (PC) LENOVO ThinkCentre neo 50t Gen 3 i3- 12100(4*3.3)/4GD4/256GSSD/WL/BT/KB/M/nOS/ĐEN( 11SC001LVA),131,511,105000000.0
2023-02-28,184,Giá vốn (80%): Chuột vi tính Rapoo M20,632,1561,94545.6
2023-02-28,184,Chuột vi tính Rapoo M20,131,511,118182.0
2023-02-28,184,"Giá vốn (80%): Máy tính xách tay Lenovo ThinkBook 14 G4 IAP -I3-1215U(1.2G)-8GB RAM-256GB SSD-WF +BL,Fingerprint-14""FHD- DOS - P/N 21DH00B0VN",632,1561,10734545.6
2023-02-28,184,"Máy tính xách tay Lenovo ThinkBook 14 G4 IAP -I3-1215U(1.2G)-8GB RAM-256GB SSD-WF +BL,Fingerprint-14""FHD- DOS - P/N 21DH00B0VN",131,511,13418182.0
2023-02-28,183,Giá vốn (80%): Điện thoại Panasonic KXTGB110CX,632,1561,363636.0
2023-02-28,185,Bộ nhớ máy vi tính Kingmax 4GB DDR4 - 2666,131,511,3181818.0
2023-03-01,188,"Giá vốn (80%): Ổ cứng di động Seagate 2TB 2.5""",632,1561,1600000.0
2023-03-01,188,"Ổ cứng di động Seagate 2TB 2.5""",131,511,2000000.0
2023-03-01,3957,Bộ nhớ trong Kingston Fury 16GB D4-3600U C17 Beast RGB Kit/2 (KF436C17BBAK2/16),6422,1111,5272727.0
2023-03-01,961,Bảng mạch chính Asus PRIME H510M-K,6422,1111,26945455.0
2023-03-01,189,Giá vốn (80%): MÁY VI TÍNH ĐỂ BÀN (PC) LENOVO ThinkCentre  neo 50t Gen 3 i3- 12100(4*3.3)/4GD4/256GSSD/WL/BT/KB/M/nOS/ĐEN( 11SC001LVA),632,1561,5600000.0
2023-03-01,189,MÁY VI TÍNH ĐỂ BÀN (PC) LENOVO ThinkCentre  neo 50t Gen 3 i3- 12100(4*3.3)/4GD4/256GSSD/WL/BT/KB/M/nOS/ĐEN( 11SC001LVA),131,511,7000000.0
2023-03-01,187,"Bản quyền phần mềm Kaspersky Ksos 5 for DT+MD+FS SEA 5 - MD; 5-DT ,1-FS; 5USER 1Y BsRP",131,511,7200000.0
2023-03-01,190,Giá vốn (80%): Loa SoundMax A150/2.0,632,1561,421818.4
2023-03-01,190,Loa SoundMax A150/2.0,131,511,527273.0
2023-03-01,190,Giá vốn (80%): Máy In Canon Laser LBP-2900,632,1561,2901817.6
2023-03-01,190,Máy In Canon Laser LBP-2900,131,511,3627272.0
2023-03-01,187,"Giá vốn (80%): Bản quyền phần mềm Kaspersky Ksos 5 for DT+MD+FS SEA 5 - MD; 5-DT ,1-FS; 5USER 1Y BsRP",632,1561,5760000.0
2023-03-02,193,Bộ máy vi tính,131,511,6272727.0
2023-03-02,193,Giá vốn (80%): Bộ máy vi tính,632,1561,5018181.6
2023-03-02,193,Màn hình LCD VIEWSONIC VA1903A,131,511,3181818.0
2023-03-02,193,Giá vốn (80%): Màn hình LCD VIEWSONIC VA1903A,632,1561,2545454.4
2023-03-02,1143,Chuột Logitech M170,6422,1111,1636360.0
2023-03-02,1143,Thiết bị ghi hình Logitech C930E (Webcam),6422,1111,3981818.0
2023-03-02,191,Chuột vi tính Rapoo M20,131,511,90909.0
2023-03-02,191,Giá vốn (80%): Chuột vi tính Rapoo M20,632,1561,72727.2
2023-03-02,35227,THU PHI CT Vietcombank,6422,1121,25000.0
2023-03-02,192,Giá vốn (80%): Mực  in  Brother BT5000Y,632,1561,109091.2
2023-03-02,35227,Thuế GTGT: THU PHI CT Vietcombank,6422,1121,2500.0
2023-03-02,35340,THU LAI VAY LD2228300453,6422,1111,513.0
2023-03-02,498,Mực nạp đổ XP12 - 140,6422,1111,4000000.0
2023-03-02,498,"Màn chiếu ba chân 84 x 84, hiệu ECO SCREEN",6422,1111,1527273.0
2023-03-02,194,Bộ máy vi tính,131,511,18181818.0
2023-03-02,194,Giá vốn (80%): Bộ máy vi tính,632,1561,14545454.4
2023-03-02,195,Giá vốn (80%): Đầu bấm dây mạng  Ensoho  RJ-45 cat5e,632,1561,247273.6
2023-03-02,192,Mực  in  Brother BT5000Y,131,511,136364.0
2023-03-02,195,Đầu bấm dây mạng  Ensoho  RJ-45 cat5e,131,511,309092.0
2023-03-02,195,"Giá vốn (80%): Đầu mạng cáp 6 Commscope, AMP",632,1561,400000.0
2023-03-02,195,"Cáp cat6 4UTP, 23AWG, CM (305m/thùng)",131,511,5363636.0
2023-03-02,35341,THU LAI VAY LD2228400092,6422,1111,53661.0
2023-03-02,833663,Phí vận chuyển [922055842],6422,1111,6364.0
2023-03-02,195,Đầu ghi hình DS-7216HGHI-K1,131,511,2727273.0
2023-03-02,195,Giá vốn (80%): Đầu ghi hình DS-7216HGHI-K1,632,1561,2181818.4
2023-03-02,195,Camera quan sát DS-2CE16D0T-LFS,131,511,9363636.0
2023-03-02,195,Giá vốn (80%): Camera quan sát DS-2CE16D0T-LFS,632,1561,7490908.8
2023-03-02,195,"Ổ cứng lưu trữ dữ liệu ST4000VX000, 4T ,5900RPM,3.5'',SATA,SEAGATE",131,511,4709092.0
2023-03-02,195,Nguồn 12V 1A ADS-12FG-12N,131,511,727273.0
2023-03-02,195,"Giá vốn (80%): Ổ cứng lưu trữ dữ liệu ST4000VX000, 4T ,5900RPM,3.5'',SATA,SEAGATE",632,1561,3767273.6
2023-03-02,195,Cáp dữ liệu HDMI 1.4 dài 15m,131,511,909091.0
2023-03-02,195,Giá vốn (80%): Cáp dữ liệu HDMI 1.4 dài 15m,632,1561,727272.8
2023-03-02,195,"Dây 4 lõi có thép treo vỏ nhựa PVC, chuẩn cat 3 (300m)",131,511,909091.0
2023-03-02,195,"Giá vốn (80%): Dây 4 lõi có thép treo vỏ nhựa PVC, chuẩn cat 3 (300m)",632,1561,727272.8
2023-03-02,195,"Đầu mạng cáp 6 Commscope, AMP",131,511,500000.0
2023-03-02,195,"Giá vốn (80%): Cáp cat6 4UTP, 23AWG, CM (305m/thùng)",632,1561,4290908.8
2023-03-02,195,"Dây mạng FTP CAT6E Cu 0,5mm Cường lực HDPE",131,511,2218180.0
2023-03-02,195,"Giá vốn (80%): Dây mạng FTP CAT6E Cu 0,5mm Cường lực HDPE",632,1561,1774544.0
2023-03-02,195,Giá vốn (80%): Nguồn 12V 1A ADS-12FG-12N,632,1561,581818.4
2023-03-03,196,Giá vốn (80%): Bộ định tuyến  Tp-Link 2.4GHz/Archer MR100,632,1561,6909091.2
2023-03-03,196,Giá vốn (80%): Tiền công,632,1561,26181818.4
2023-03-03,196,Tiền công,131,511,32727273.0
2023-03-03,196,Bộ định tuyến  Tp-Link 2.4GHz/Archer MR100,131,511,8636364.0
2023-03-03,196,Giá vốn (80%): Thẻ nhớ 64GB Micro SDXC Exceria UHS-I C10 U1 100MB/s Kioxia (Không có Adapter),1121,131,3272727.2
2023-03-03,196,Giá vốn (80%): Camera quan sát CS-C6N (1080P),632,1561,13090908.8
2023-03-03,196,Camera quan sát CS-C6N (1080P),131,511,16363636.0
2023-03-03,196,"Giá vốn (80%): Thiết bị chuyển mạch Catalyst 1000 24port GE, 4x1G SFP/C1000­24T­4G­L",632,1561,23272727.2
2023-03-03,196,"Thiết bị chuyển mạch Catalyst 1000 24port GE, 4x1G SFP/C1000­24T­4G­L",131,511,29090909.0
2023-03-03,196,Thẻ nhớ 64GB Micro SDXC Exceria UHS-I C10 U1 100MB/s Kioxia (Không có Adapter),131,511,4090909.0
2023-03-04,198,Giá vốn (80%): Bộ máy vi tính,632,1561,12509091.2
2023-03-04,198,Bộ máy vi tính,131,511,15636364.0
2023-03-04,199,Giá vốn (80%): MÀN HÌNH VI TÍNH (LCD) LENOVO C22-2021.5INCH/1920 x 1080/75Hz/VGA/HDMI/ĐEN(62A7KAR1WW),632,1561,1505454.4
2023-03-04,199,MÀN HÌNH VI TÍNH (LCD) LENOVO C22-2021.5INCH/1920 x 1080/75Hz/VGA/HDMI/ĐEN(62A7KAR1WW),131,511,1881818.0
2023-03-04,197,"Giá vốn (80%): Dây USB 2.0 nối dài có chipset , dài 10m (10321)",632,1561,276364.0
2023-03-04,197,"Dây USB 2.0 nối dài có chipset , dài 10m (10321)",131,511,345455.0
2023-03-04,197,Giá vốn (80%): Thiết bị ghi hình Logitech C930e,632,1561,1883636.0
2023-03-04,197,Thiết bị ghi hình Logitech C930e,131,511,2354545.0
2023-03-05,200,Bộ nhớ trong  Kingston 8GD4 /2666,131,511,590909.0
2023-03-05,200,Giá vốn (80%): Bộ nhớ trong  Kingston 8GD4 /2666,632,1561,472727.2
2023-03-05,200,Chuột máy tính  Logitech M331,131,511,272727.0
2023-03-05,200,Giá vốn (80%): Chuột máy tính  Logitech M331,632,1561,218181.6
2023-03-05,201,MÁY TÍNH ĐỂ BÀN (PC) LENOVO ThinkCentre neo 50s Gen 3 i5- 12400(6*2.5)/4GD4/256GSSD/WL/BT/KB/M/NoOS/ĐEN(11T000AXVA),131,511,28363636.0
2023-03-05,200,Giá vốn (80%): Ổ cứng  GT Western Digital 1TB,632,1561,654545.6
2023-03-05,64026,MÁY TÍNH ĐỂ BÀN (PC) LENOVO ThinkCentre neo 50s Gen 3 i5-12400(6*2.5)/4GD4/256GSSD/WL/BT/KB/M/NoOS/ĐEN(11T000AXVA),6422,1111,49050000.0
2023-03-05,1471,THU PHI CK CTY THE GIOI SO,6422,1111,20000.0
2023-03-05,1471,Thuế GTGT: THU PHI CK CTY THE GIOI SO,1331,1111,2000.0
2023-03-05,1472,THU PHI CK CTY THUAT DIEP KHANH,6422,1111,19884.0
2023-03-05,1472,Thuế GTGT: THU PHI CK CTY THUAT DIEP KHANH,1331,1111,1988.0
2023-03-05,201,Giá vốn (80%): MÁY TÍNH ĐỂ BÀN (PC) LENOVO ThinkCentre neo 50s Gen 3 i5- 12400(6*2.5)/4GD4/256GSSD/WL/BT/KB/M/NoOS/ĐEN(11T000AXVA),632,1561,22690908.8
2023-03-05,200,Ổ cứng  GT Western Digital 1TB,131,511,818182.0
2023-03-05,1034,Chuột Logitech G502 HERO High Performance Gaming(910-005472),6422,1111,827273.0
2023-03-05,200,Bàn phím Dell Multimedia KB216,131,511,136364.0
2023-03-05,200,Giá vốn (80%): Bàn phím Dell Multimedia KB216,632,1561,109091.2
2023-03-05,1386,Chíp vi xử lý INTEL CORE I3 10105F - 3 .70 GHZ (BX8070110105F S RH 8 V) + Quạt,6422,1111,3181818.0
2023-03-05,1386,CHIP VI XỬ LÝ INTEL CORE I5 - 10400F 2.90 GHZ + QUẠT,6422,1111,4454545.0
2023-03-05,1386,BỘ VI XỬ LÝ VI TÍNH INTEL CORE i7-10700F (BX8070110700FSRH70) + QUẠT,6422,1111,5227273.0
2023-03-05,1386,Chíp vi xử lý INTEL CORE I5 12400F - 2.50GHZ (BX8071512400F S RL4W)+Quạt,6422,1111,3681818.0
2023-03-05,1386,Bộ vi xử lý vi tính Intel Core I5-10400 + Quạt,6422,1111,5727273.0
2023-03-05,1034,Bàn phím Logitech G610 ORION BLUE (920-008005),6422,1111,1363636.0
2023-03-05,1034,Chuột Logitech G402 Hyperion Fury (910-004070),6422,1111,2145455.0
2023-03-05,181,"Màn hình máy tính Lenovo H20215FE0 - ""E22-28 (H20215FE0) 21.5 inch Monitor-HDMI, Linecord, 3YR WTYWarrantyCode: 3years limited"", P/N:62B9MAR4WW",6422,1111,43636364.0
2023-03-05,200,Bảng mạch chính Asus Prime H510MF,131,511,1363636.0
2023-03-05,200,Giá vốn (80%): Bảng mạch chính Asus Prime H510MF,632,1561,1090908.8
2023-03-06,2845,CPN Vận đơn số  BO426585589 từ Gia Lai đến TP. Hồ Chí Minh,6422,1111,15600.0
2023-03-06,2845,CPN Vận đơn số  BO428283936 từ Gia Lai đến Đà Nẵng,6422,1111,15600.0
2023-03-06,2845,CPN Vận đơn số  BO429645066 từ Gia Lai đến TP. Hồ Chí Minh,6422,1111,15600.0
2023-03-06,2845,CPN Vận đơn số  BO427201507 từ Gia Lai đến TP. Hồ Chí Minh,6422,1111,15600.0
2023-03-06,2845,CPN Vận đơn số  BO426588225 từ Gia Lai đến TP. Hồ Chí Minh,6422,1111,15600.0
2023-03-06,2845,Đường bộ Vận đơn số  BO426587420 từ Gia Lai đến Hà Nội,6422,1111,27273.0
2023-03-06,2845,Đường bộ Vận đơn số  BO426586936 từ Gia Lai đến TP. Hồ Chí Minh,6422,1111,32500.0
2023-03-06,2845,CPN Vận đơn số  BO426586180 từ Gia Lai đến TP. Hồ Chí Minh,6422,1111,15600.0
2023-03-06,2845,CPN Vận đơn số  BO428284206 từ Gia Lai đến Đà Nẵng,6422,1111,15600.0
2023-03-06,2845,CPN Vận đơn số  BO426026143 từ Gia Lai đến TP. Hồ Chí Minh,6422,1111,15600.0
2023-03-06,2845,Đường bộ Vận đơn số  BO426022167 từ Gia Lai đến TP. Hồ Chí Minh,6422,1111,38999.0
2023-03-06,2845,CPN Vận đơn số  BO424601776 từ Gia Lai đến TP. Hồ Chí Minh,6422,1111,15600.0
2023-03-06,2845,Đường bộ Vận đơn số  BO422815355 từ Gia Lai đến TP. Hồ Chí Minh,6422,1111,32500.0
2023-03-06,2845,Đường bộ Vận đơn số  BO433631595 từ Gia Lai đến TP. Hồ Chí Minh,6422,1111,32500.0
2023-03-06,2845,CPN Vận đơn số  BO433629540 từ Gia Lai đến TP. Hồ Chí Minh,6422,1111,15600.0
2023-03-06,14621,"Màn hình vi tính Dell LCD-U2422H-23.8""WHD-3Y",6422,1111,28181818.0
2023-03-06,36042,THU LAI VAY LD2228500024,6422,1111,217603.0
2023-03-06,4384,"Camera quan sát CS-C1C 1080P, H.265 (E0-1E2WF)",6422,1111,4050000.0
2023-03-06,4384,Camera quan sát kỹ thuật số có chức năng ghi hiệu EZVIZ mã CS-H8C - hỗ trợ thẻ nhớ trong,6422,1111,4300000.0
2023-03-06,64,Cáp dữ liệu VIDEO HDMI 1.4 truyền âm thanh hình ảnh dài 5M Ugreen ( 10109),6422,1111,2545460.0
2023-03-06,2845,CPN Vận đơn số  BO429645173 từ Gia Lai đến TP. Hồ Chí Minh,6422,1111,15600.0
2023-03-06,2845,CPN Vận đơn số  BO424603065 từ Gia Lai đến TP. Hồ Chí Minh,6422,1111,22100.0
2023-03-06,2845,Đường bộ Vận đơn số  BO429645280 từ Gia Lai đến TP. Hồ Chí Minh,6422,1111,32500.0
2023-03-06,2845,Đường bộ Vận đơn số  BO437546827 từ Gia Lai đến TP. Hồ Chí Minh,6422,1111,32500.0
2023-03-06,2845,CPN Vận đơn số  BO426019735 từ Gia Lai đến TP. Hồ Chí Minh,6422,1111,15600.0
2023-03-06,2845,Đường bộ Vận đơn số  BO430218410 từ Gia Lai đến TP. Hồ Chí Minh,6422,1111,32500.0
2023-03-06,181034,Cước dịch vụ viễn thông trả sau (Dịch vụ chịu thuế),6422,1111,248182.0
2023-03-06,181034,Thuế GTGT: Cước dịch vụ viễn thông trả sau (Dịch vụ chịu thuế),1331,1111,24818.0
2023-03-06,960,Bộ lưu điện Santak - Mã hàng TG500,6422,1111,5290909.0
2023-03-06,1924,Mực in HP W2090A,6422,1111,3409090.91
2023-03-06,2845,Đường bộ Vận đơn số  BO438331252 từ Gia Lai đến Đà Nẵng,6422,1111,27273.0
2023-03-06,2845,CPN Vận đơn số  BO438330768 từ Gia Lai đến TP. Hồ Chí Minh,6422,1111,15600.0
2023-03-06,2845,CPN Vận đơn số  BO438330554 từ Gia Lai đến Đà Nẵng,6422,1111,15600.0
2023-03-06,2845,CPN Vận đơn số  BO438330233 từ Gia Lai đến Đà Nẵng,6422,1111,15600.0
2023-03-06,2845,CPN Vận đơn số  BO438329732 từ Gia Lai đến TP. Hồ Chí Minh,6422,1111,15600.0
2023-03-06,2845,Đường bộ Vận đơn số  BO437546285 từ Gia Lai đến TP. Hồ Chí Minh,6422,1111,32500.0
2023-03-06,2845,CPN Vận đơn số  BO431121800 từ Gia Lai đến TP. Hồ Chí Minh,6422,1111,15600.0
2023-03-06,2845,CPN Vận đơn số  BO431121793 từ Gia Lai đến Đà Nẵng,6422,1111,15600.0
2023-03-06,2845,CPN Vận đơn số  BO426582211 từ Gia Lai đến TP. Hồ Chí Minh,6422,1111,15600.0
2023-03-06,2845,CPN Vận đơn số  BO434635043 từ Gia Lai đến TP. Hồ Chí Minh,6422,1111,15600.0
2023-03-06,2845,CPN Vận đơn số  BO426584142 từ Gia Lai đến TP. Hồ Chí Minh,6422,1111,15600.0
2023-03-06,2845,CPN Vận đơn số  BO426583337 từ Gia Lai đến Đà Nẵng,6422,1111,15600.0
2023-03-06,2845,Đường bộ Vận đơn số  BO431630241 từ Gia Lai đến TP. Hồ Chí Minh,6422,1111,39000.0
2023-03-06,2845,CPN Vận đơn số  BO426024854 từ Gia Lai đến TP. Hồ Chí Minh,6422,1111,15600.0
2023-03-06,2845,CPN Vận đơn số  BO431121579 từ Gia Lai đến Thừa Thiên Huế,6422,1111,16900.0
2023-03-06,2845,CPN Vận đơn số  BO426023407 từ Gia Lai đến Đà Nẵng,6422,1111,15600.0
2023-03-06,2845,CPN Vận đơn số  BO435615036 từ Gia Lai đến Đà Nẵng,6422,1111,15600.0
2023-03-07,1987,Mực in HP W2093A,6422,1111,2272727.27
2023-03-07,1069,"ổ cứng lắp trong Western Digital 2TB 3.5"" Sata 3,màu xanh(Blue)(WD20EZBX)",6422,1111,5772727.0
2023-03-07,1987,Mực in HP W2092A,6422,1111,2272727.27
2023-03-07,1987,Mực in HP CF-230A,6422,1111,3090909.09
2023-03-07,361,Ruy băng máy in vi tính LQ310,6422,1111,198000.0
2023-03-07,361,Hộp mực 76a Number One,6422,1121,2400000.0
2023-03-07,1988,Máy in laser Brother DCP B7535DW,6422,1111,4818181.82
2023-03-07,1987,Mực in HP W2091A,6422,1111,2272727.27
2023-03-08,203,"Giá vốn (80%): Thiết bị thu phát vô tuyến Tp-Link 150M ,TL-WN722N",632,1561,145454.4
2023-03-08,203,"Thiết bị thu phát vô tuyến Tp-Link 150M ,TL-WN722N",131,511,181818.0
2023-03-08,202,Giá vốn (80%): Chuột máy tính Dell MS116,632,1561,218181.6
2023-03-08,202,Chuột máy tính Dell MS116,131,511,272727.0
2023-03-08,204,Nguồn Jetek Model J500,131,511,590909.0
2023-03-08,204,Giá vốn (80%): Nguồn Jetek Model J500,632,1561,472727.2
2023-03-08,205,MÁY IN HP PRINTER LJ PRO400 M404DN,131,511,5354545.0
2023-03-08,206,Giá vốn (80%): Máy tinh xách tay Asus ExpertBook B1400CEAE-EK4263 Core i5 -8G/256GB/Numpad/KB LED Backlid,632,1561,10829091.2
2023-03-08,206,Máy tinh xách tay Asus ExpertBook B1400CEAE-EK4263 Core i5 -8G/256GB/Numpad/KB LED Backlid,131,511,13536364.0
2023-03-08,15579,"Máy tính xách tay Dell Inspiron 16 5620 Intel Core i7-1255U /16.0""FHD+/ 1x8G/ 512GB SSD PCIe NVMe/ 4 Cell-54Whr/ Win 11 Microsoft Office Home and Student 2021/ N6I7110W1-Silver",6422,1111,39454545.0
2023-03-08,205,Giá vốn (80%): MÁY IN HP PRINTER LJ PRO400 M404DN,632,1561,4283636.0
2023-03-09,1135,Chuột Logitech G403 HERO (910-005634),6422,1111,1600000.0
2023-03-09,208,"Giá vốn (80%): MÀN HÌNH VI TÍNH DELL-LCD-E2216HV-21.5""WHD-3Y",632,1561,2036364.0
2023-03-09,208,"MÀN HÌNH VI TÍNH DELL-LCD-E2216HV-21.5""WHD-3Y",131,511,2545455.0
2023-03-09,207,Giá vốn (80%): MÁY IN CANON LASER LBP-2900,632,1561,2901818.4
2023-03-09,207,MÁY IN CANON LASER LBP-2900,131,511,3627273.0
2023-03-09,16225366,Trich thu Tien vay - Lai : 1687671 - Acct vay 383583749,6422,1111,1687671.0
2023-03-09,1134,"Máy tính xách tay MSI Modern 14 B11SBU-668VN/i5-1155G7/512GB SSD/8GB/MX450 2GB/14""FHD/60Hz/WIN 10/màu xám",6422,1111,31890909.0
2023-03-09,1596,Thuế GTGT: THU PHI BAO CO USD CTY HUY VU,1331,1111,5000.0
2023-03-09,1596,THU PHI BAO CO USD CTY HUY VU,6422,1111,50000.0
2023-03-09,16225375,Trich thu Tien vay - Lai : 2531507 - Acct vay 383484139,6422,1111,2531507.0
2023-03-09,1134,"ổ cứng lắp trong Western Digital 4TB 3.5"" Sata 3, màu xanh(Blue)(WD40EZAZ)",6422,1111,3909091.0
2023-03-09,16225362,Trich thu Tien vay - Lai : 8837260 - Acct vay 377993869,6422,1111,8837260.0
2023-03-10,68,"Thiết bị phụ trợ mạng Planet 17"" 8­Port Combo VGA LCD KVM Switch_KVM­210­08M",6422,1121,16900000.0
2023-03-10,69,Ổ cứng gắn ngoài SanDisk SDSSDE61-4T00-G25 USB 3.2 Type C & Type A,6422,1111,9000000.0
2023-03-10,68,Máy in HP Laserjet Pro M404DN,6422,1111,10000000.0
2023-03-10,68,Máy in Canon LBP 226dw,6422,1111,5000000.0
2023-03-10,2521,4K0Z7PA: Máy tính xách tay HP 14s-fq1080AU - AMD Ryzen 3 5300U / 4GB DDR4-3200/ SSD 256GB / Radeon Vega Graphics/ 14” HD/ Windows 11 Home/ Natural Silver/ 1Y,6422,1111,135000000.0
2023-03-10,2521,6R9M6PA: Máy tính xách tay HP 14s-dq5053TU - Intel Core i5-1235U - U15 / 8GB DDR4 2DM 3200/ SSD 512Gb / Intel Iris Xe/ 14 Inch HD/ Win 11 home/ Natural Silver/ 1Y,6422,1111,26909092.0
2023-03-10,16763463,Thu Phi SMS thay doi so du thang  02/2023,6422,1111,18182.0
2023-03-10,16763463,Thuế GTGT:  Thu Phi SMS thay doi so du thang  02/2023,1331,1111,1818.0
2023-03-10,209,Giá vốn (80%): Bộ Máy Vi Tính,632,1561,11869091.2
2023-03-10,209,Bộ Máy Vi Tính,131,511,14836364.0
2023-03-10,210,Giá vốn (80%): MÀN HÌNH VI TÍNH (LCD) LENOVO C22-20 21.5INCH/1920 x 1080/75Hz/VGA/HDMI/ ĐEN/(62A7KAR1WW),632,1561,1854545.6
2023-03-10,210,MÀN HÌNH VI TÍNH (LCD) LENOVO C22-20 21.5INCH/1920 x 1080/75Hz/VGA/HDMI/ ĐEN/(62A7KAR1WW),131,511,2318182.0
2023-03-12,216,Giá vốn (80%): Ổ CỨNG DI DỘNG SEAGATE 1TB ONE TOUCH,632,1561,1054544.8
2023-03-12,39746,THU LAI VAY LD2228500483,6422,1111,195062.0
2023-03-12,211,"Bộ chuột,bàn phím máy vi tính X1800s",131,511,290909.0
2023-03-12,211,"Giá vốn (80%): Bộ chuột,bàn phím máy vi tính X1800s",632,1561,232727.2
2023-03-12,220,Giá vốn (80%): Hộp mực  in Ecoplus 12A,632,1561,189091.2
2023-03-12,219,MÁY TÍNH ĐỂ BÀN DELL OPTIPEX 3000 SMALL FORM FACTOR Intel® Core i5 - 12500,131,511,15772727.0
2023-03-12,219,Giá vốn (80%): MÁY TÍNH ĐỂ BÀN DELL OPTIPEX 3000 SMALL FORM FACTOR Intel® Core i5 - 12500,632,1561,12618181.6
2023-03-12,217,"MÀN HÌNH VI TÍNH DELL-LCD-E2216HV-21.5""WHD",131,511,2681818.0
2023-03-12,219,Giá vốn (80%): Ổ cứng gắn ngoài SanDisk SDSSDE61-4T00-G25 USB 3.2 Type C & Type A,632,1561,9058181.6
2023-03-12,216,Ổ CỨNG DI DỘNG SEAGATE 1TB ONE TOUCH,131,511,1318181.0
2023-03-12,217,"Giá vốn (80%): MÀN HÌNH VI TÍNH DELL-LCD-E2216HV-21.5""WHD",632,1561,2145454.4
2023-03-12,217,"Máy tính để bàn Dell Inspiron 3910 STI56020W1-8G-512G Intel Core i5- 12400 processor (6-Core, 18M Cache, 2.5GHz to 4.4GHz), 1x8GB, DDR4, 3200MHz, 512GB M.2 PCIe NVMe SSD, Intel(R) UHD Graphics 730, Không ổ đĩa, Chuột, Bàn Phím, Windows 11 Microsoft Office Home and Student 2021",131,511,10445455.0
2023-03-12,217,"Giá vốn (80%): Máy tính để bàn Dell Inspiron 3910 STI56020W1-8G-512G Intel Core i5- 12400 processor (6-Core, 18M Cache, 2.5GHz to 4.4GHz), 1x8GB, DDR4, 3200MHz, 512GB M.2 PCIe NVMe SSD, Intel(R) UHD Graphics 730, Không ổ đĩa, Chuột, Bàn Phím, Windows 11 Microsoft Office Home and Student 2021",632,1561,8356364.0
2023-03-12,218,HỘP MỰC ECOPLUS 12A,131,511,163636.0
2023-03-12,218,Giá vốn (80%): HỘP MỰC ECOPLUS 12A,632,1561,130908.8
2023-03-12,219,Ổ cứng gắn ngoài SanDisk SDSSDE61-4T00-G25 USB 3.2 Type C & Type A,131,511,11322727.0
2023-03-12,216,Giá vốn (80%): MÀN HÌNH VI TÍNH (LCD) LENOVO C22-20 21.5INCH/1920 x 1080/75Hz/VGA/HDMI/ ĐEN(62A7KAR1WW),632,1561,1854545.6
2023-03-12,220,Hộp mực  in Ecoplus 12A,131,511,236364.0
2023-03-12,216,Giá vốn (80%): MÁY IN ĐA NĂNG BROTHER DCP-T220,632,1561,2676364.0
2023-03-12,216,MÀN HÌNH VI TÍNH (LCD) LENOVO C22-20 21.5INCH/1920 x 1080/75Hz/VGA/HDMI/ ĐEN(62A7KAR1WW),131,511,2318182.0
2023-03-12,16779,Màn hình LCD VIEWSONIC VX3276-2K-MHD-2 32'',6422,1111,25909091.0
2023-03-12,39753,THU LAI VAY LD2301200655,6422,1111,288493.0
2023-03-12,212,BỘ MÁY VI TÍNH,131,511,15009091.0
2023-03-12,212,Giá vốn (80%): BỘ MÁY VI TÍNH,632,1561,12007272.8
2023-03-12,213,"Giá vốn (80%): Ổ cứng gắn trong 240GB SSD Exceria BICS FLASH 2.5"" SATA3 Kioxia",632,1561,690908.8
2023-03-12,214,MÁY TÍNH XÁCH TAY (NB) LENOVO V14 G3 IAP i5- 1235U/8GD4/256GSSD/14.0FHD/WL/BT/2C38/NoOS/Đ EN(82TS0062VN),131,511,13318182.0
2023-03-12,214,Giá vốn (80%): MÁY TÍNH XÁCH TAY (NB) LENOVO V14 G3 IAP i5- 1235U/8GD4/256GSSD/14.0FHD/WL/BT/2C38/NoOS/Đ EN(82TS0062VN),632,1561,10654545.6
2023-03-12,213,"Ổ cứng gắn trong 240GB SSD Exceria BICS FLASH 2.5"" SATA3 Kioxia",131,511,863636.0
2023-03-12,214,Giá vốn (80%): Chuột vi tính Rapoo M20,632,1561,101818.4
2023-03-12,215,ổ cứng Kingmax SSD M2 SATA III 256GB SA3080,131,511,718182.0
2023-03-12,215,Giá vốn (80%): ổ cứng Kingmax SSD M2 SATA III 256GB SA3080,632,1561,574545.6
2023-03-12,216,BỘ MÁY VI TÍNH,131,511,8472727.0
2023-03-12,216,Giá vốn (80%): BỘ MÁY VI TÍNH,632,1561,6778181.6
2023-03-12,216,MÁY IN ĐA NĂNG BROTHER DCP-T220,131,511,3345455.0
2023-03-12,214,Chuột vi tính Rapoo M20,131,511,127273.0
2023-03-13,226,"Ổ cứng  SSD Western WDS240G2G0A,240GB",131,511,454546.0
2023-03-13,226,Chuột vi tính  Rapoo M20,131,511,109091.0
2023-03-13,226,Giá vốn (80%): Bàn phím  Dell Multimedia KB216,632,1561,109091.2
2023-03-13,226,Bàn phím  Dell Multimedia KB216,131,511,136364.0
2023-03-13,226,Giá vốn (80%): Bảng mạch chính Asus Prime H510MF,632,1561,1090908.8
2023-03-13,226,Bảng mạch chính Asus Prime H510MF,131,511,1363636.0
2023-03-13,226,"Giá vốn (80%): Ổ cứng  SSD Western WDS240G2G0A,240GB",632,1561,363636.8
2023-03-13,226,Giá vốn (80%): Bộ vi xử lý Intel Pentium G6405,632,1561,1090908.8
2023-03-13,229,Giá vốn (80%): Thẻ nhớ 32GB Micro SDHC exceria UHS-I C10 U1 100mb/s Kioxia,632,1121,145454.4
2023-03-13,227,Giá vốn (80%): Chuột máy tính Logitech M187,632,1561,363636.8
2023-03-13,227,Chuột máy tính Logitech M187,131,511,454546.0
2023-03-13,227,Giá vốn (80%): Bàn phím Dell Multimedia KB216,632,1561,123636.0
2023-03-13,229,Thẻ nhớ 32GB Micro SDHC exceria UHS-I C10 U1 100mb/s Kioxia,131,511,181818.0
2023-03-13,227,Bàn phím Dell Multimedia KB216,131,511,154545.0
2023-03-13,228,"Giá vốn (80%): Bộ nhớ ngoài Sandisk 32G SDCZ74-032G-G46,USB",632,1561,334545.6
2023-03-13,228,"Bộ nhớ ngoài Sandisk 32G SDCZ74-032G-G46,USB",131,511,418182.0
2023-03-13,226,Giá vốn (80%): Chuột vi tính  Rapoo M20,632,1561,87272.8
2023-03-13,226,Bộ vi xử lý Intel Pentium G6405,131,511,1363636.0
2023-03-13,225,Cáp dữ liệu VIDEO HDMI 1.4 truyền âm thanh hình ảnh dài 5M Ugreen ( 10109),131,511,2636364.0
2023-03-13,224,Mực in HP W2092A,131,511,2636364.0
2023-03-13,224,Mực in phun Brother BTD60BK,131,511,681818.0
2023-03-13,224,Giá vốn (80%): Mực in HP W2092A,632,1561,2109091.2
2023-03-13,229,Giá vốn (80%): Camera quan sát CS-CV310 (A0-1B2WFR),632,1561,1672727.2
2023-03-13,224,Giá vốn (80%): Ruy băng máy in vi tính LQ310,632,1561,327272.8
2023-03-13,224,Ruy băng máy in vi tính LQ310,131,511,409091.0
2023-03-13,224,Giá vốn (80%): Mực in HP CF-230A,632,1561,2792728.0
2023-03-13,224,Mực in HP CF-230A,131,511,3490910.0
2023-03-13,224,Giá vốn (80%): Mực in HP W2093A,632,1561,2109091.2
2023-03-13,224,Mực in HP W2093A,131,511,2636364.0
2023-03-13,224,Giá vốn (80%): Mực in HP W2091A,632,1561,2109091.2
2023-03-13,224,Mực in HP W2091A,131,511,2636364.0
2023-03-13,224,Giá vốn (80%): Mực in HP W2090A,632,1561,3163636.0
2023-03-13,224,Mực in HP W2090A,131,511,3954545.0
2023-03-13,224,Giá vốn (80%): Mực in phun Brother BT5000C,632,1561,370908.8
2023-03-13,224,Mực in phun Brother BT5000C,131,511,463636.0
2023-03-13,224,Giá vốn (80%): Mực  in phun Brother BT5000M,632,1561,370908.8
2023-03-13,224,Mực  in phun Brother BT5000M,131,511,463636.0
2023-03-13,224,Giá vốn (80%): Mực  in phun Brother BT5000Y,632,1561,370908.8
2023-03-13,224,Mực  in phun Brother BT5000Y,131,511,463636.0
2023-03-13,224,Giá vốn (80%): Mực in phun Brother BTD60BK,632,1561,545454.4
2023-03-13,225,Giá vốn (80%): Cáp dữ liệu VIDEO HDMI 1.4 truyền âm thanh hình ảnh dài 5M Ugreen ( 10109),632,1561,2109091.2
2023-03-13,229,Camera quan sát CS-CV310 (A0-1B2WFR),131,511,2090909.0
2023-03-13,231,Bảng mạch chính  Asus Prime H510MF,131,511,1772727.0
2023-03-13,230,Bút trình chiếu Rapoo XR200,131,511,363636.0
2023-03-13,221,Phần mềm  Kaspersky KL1867MUAFS,131,511,300000.0
2023-03-13,1067,Tai nghe SoundMax BT200,6422,1111,720000.0
2023-03-13,1067,Tai nghe SoundMax AH713,6422,1111,840000.0
2023-03-13,1067,Tai nghe SoundMax AH712,6422,1111,880000.0
2023-03-13,1067,Tai nghe SoundMax AH336,6422,1111,380000.0
2023-03-13,1067,Tai nghe SoundMax AH327,6422,1111,350000.0
2023-03-13,1067,Tai nghe SoundMax AH304,6422,1111,1150000.0
2023-03-13,1067,Loa SoundMax A927/2.1,6422,1111,1360000.0
2023-03-13,1067,Loa SoundMax A926/2.1,6422,1111,1360000.0
2023-03-13,1067,Loa SoundMax A828/2.1,6422,1111,940000.0
2023-03-13,230,Giá vốn (80%): Bút trình chiếu Rapoo XR200,632,1561,290908.8
2023-03-13,1067,Loa SoundMax A600/2.1,6422,1111,620000.0
2023-03-13,1067,Loa SoundMax A150/2.0,6422,1111,1200000.0
2023-03-13,1067,Loa SoundMax A130/2.0,6422,1111,2600000.0
2023-03-13,1686,Thuế GTGT: THU PHI CK CTY LBM,1331,1111,1500.0
2023-03-13,1686,THU PHI CK CTY LBM,6422,1111,15000.0
2023-03-13,41409,THU LAI VAY LD2228600465,6422,1111,379785.0
2023-03-13,221,Giá vốn (80%): Phần mềm  Kaspersky KL1867MUAFS,632,1561,240000.0
2023-03-13,223,"Màn hình vi tính Dell LCD - E2216Hv - 21.5""WHD",131,511,6090909.0
2023-03-13,1067,Loa SoundMax A827/2.1,6422,1111,940000.0
2023-03-13,222,Máy  in Brother HL-L2321D,131,511,2681818.0
2023-03-13,223,"Giá vốn (80%): Màn hình vi tính Dell LCD - E2216Hv - 21.5""WHD",632,1561,4872727.2
2023-03-13,231,"Giá vốn (80%): Ổ cứng gắn trong 240GB SSD EXCERIA BICS FLASH 2.5"" Sata3 Kioxia",632,1561,712727.2
2023-03-13,231,"Ổ cứng gắn trong 240GB SSD EXCERIA BICS FLASH 2.5"" Sata3 Kioxia",131,511,890909.0
2023-03-13,231,Giá vốn (80%): Bộ nhớ trong  Kingston 8GD4 - 3200,632,1561,1236364.0
2023-03-13,231,Giá vốn (80%): Bảng mạch chính  Asus Prime H510MF,632,1561,1418181.6
2023-03-13,232,Giá vốn (80%): Ổ cứng  GT Western Digital 1TB,632,1561,622545.6
2023-03-13,232,Ổ cứng  GT Western Digital 1TB,131,511,778182.0
2023-03-13,232,Giá vốn (80%): Bộ nhớ trong  Kingston 8GD4 - 2666,632,1561,778181.6
2023-03-13,232,Bộ nhớ trong  Kingston 8GD4 - 2666,131,511,972727.0
2023-03-13,231,Bộ nhớ trong  Kingston 8GD4 - 3200,131,511,1545455.0
2023-03-13,232,USB hiệu Kingston 64GB 3.0DT100G3,131,511,409091.0
2023-03-13,232,Giá vốn (80%): Chuột vi tính Rapoo M20,632,1561,272727.2
2023-03-13,232,Chuột vi tính Rapoo M20,131,511,340909.0
2023-03-13,232,Giá vốn (80%): Bàn phím  Logitech K120,632,1561,327272.8
2023-03-13,232,Bàn phím  Logitech K120,131,511,409091.0
2023-03-13,222,Giá vốn (80%): Mực  Laser đen Premium,632,1561,29091.2
2023-03-13,222,Mực  Laser đen Premium,131,511,36364.0
2023-03-13,232,Giá vốn (80%): USB hiệu Kingston 64GB 3.0DT100G3,632,1561,327272.8
2023-03-13,222,Giá vốn (80%): Máy  in Brother HL-L2321D,632,1561,2145454.4
2023-03-14,238,MÁY VI TÍNH ĐỂ BÀN (PC) LENOVO ThinkCentre neo 50t Gen 3 i3- 12100(4*3.3)/4GD4/256GSSD/WL/BT/KB/M/nOS/ ĐEN( 11SC001LVA),131,511,7990909.0
2023-03-14,238,Giá vốn (80%): MÁY IN  Brother DCP-B7535DW,632,1561,4058181.6
2023-03-14,238,MÁY IN  Brother DCP-B7535DW,131,511,5072727.0
2023-03-14,239,Giá vốn (80%): Bộ nhớ máy vi tính Kingmax 4GB DDR4 - 2666,632,1561,5090908.8
2023-03-14,239,Bộ nhớ máy vi tính Kingmax 4GB DDR4 - 2666,131,511,6363636.0
2023-03-14,240,Giá vốn (80%): Bàn phím Dell Multimedia KB216,632,1561,109091.2
2023-03-14,239,MÀN HÌNH VI TÍNH (LCD) LENOVO C22-20 21.5INCH/1920 x 1080/75Hz/VGA/HDMI/ĐEN/3Y(62A7KAR1WW),131,511,27272727.0
2023-03-14,240,Bàn phím Dell Multimedia KB216,131,511,136364.0
2023-03-14,240,"Giá vốn (80%): Ổ cứng gắn trong 480GB SSD  EXCERIA BICS FLASH 2.5"" Sata3 KIOXIA",632,1561,654545.6
2023-03-14,238,Giá vốn (80%): MÁY VI TÍNH ĐỂ BÀN (PC) LENOVO ThinkCentre neo 50t Gen 3 i3- 12100(4*3.3)/4GD4/256GSSD/WL/BT/KB/M/nOS/ ĐEN( 11SC001LVA),632,1561,6392727.2
2023-03-14,239,Giá vốn (80%): MÀN HÌNH VI TÍNH (LCD) LENOVO C22-20 21.5INCH/1920 x 1080/75Hz/VGA/HDMI/ĐEN/3Y(62A7KAR1WW),632,1561,21818181.6
2023-03-14,238,MÀN HÌNH LCD 23.8 Inch LENOVO THINKVISION S24e-20 (62AEKAR2WW),131,511,2718182.0
2023-03-14,236,Bàn phím Keyboard NK2500,131,511,272726.0
2023-03-14,237,"Bộ nhớ ngoài Sandisk 32G SDCZ74-032G-G46,USB",131,511,418182.0
2023-03-14,237,"Giá vốn (80%): Bộ nhớ ngoài Sandisk 32G SDCZ74-032G-G46,USB",632,1561,334545.6
2023-03-14,236,"Ổ cứng gắn trong 240GB SSD EXCERIA BICS FLASH2.5""Sata3 Kioxia",131,511,1090910.0
2023-03-14,236,Giá vốn (80%): Bộ nhớ trong Kingston 8GB D-2666,632,1561,494545.6
2023-03-14,236,Bảng mạch chính Asus Prime H510M,131,511,1363636.0
2023-03-14,236,Giá vốn (80%): Bảng mạch chính Asus Prime H510M,632,1561,1090908.8
2023-03-14,236,Nguồn Jetek Model Y500T,131,511,454546.0
2023-03-14,236,Giá vốn (80%): Nguồn Jetek Model Y500T,632,1561,363636.8
2023-03-14,236,Giá vốn (80%): Bàn phím Keyboard NK2500,632,1561,218180.8
2023-03-14,236,Bộ nhớ trong Kingston 8GB D-2666,131,511,618182.0
2023-03-14,240,"Ổ cứng gắn trong 480GB SSD  EXCERIA BICS FLASH 2.5"" Sata3 KIOXIA",131,511,818182.0
2023-03-14,238,Giá vốn (80%): MÀN HÌNH LCD 23.8 Inch LENOVO THINKVISION S24e-20 (62AEKAR2WW),632,1561,2174545.6
2023-03-14,240,Giá vốn (80%): Bộ nhớ trong Kingston 16GB D4 - 3200U,632,1561,800000.0
2023-03-14,236,"Giá vốn (80%): Ổ cứng gắn trong 240GB SSD EXCERIA BICS FLASH2.5""Sata3 Kioxia",632,1561,872728.0
2023-03-14,240,Giá vốn (80%): Chuột máy tính Logitech G304,632,1561,523636.0
2023-03-14,240,Bộ nhớ trong Kingston 16GB D4 - 3200U,131,511,1000000.0
2023-03-14,235,Máy in hóa đơn XP-Q801L,131,511,1318182.0
2023-03-14,235,Giá vốn (80%): Máy in hóa đơn XP-Q801L,632,1561,1054545.6
2023-03-14,235,Máy in mã vạch XP-350BM,131,511,1590909.0
2023-03-14,235,Giá vốn (80%): Máy in mã vạch XP-350BM,632,1561,1272727.2
2023-03-14,235,ĐẦU ĐỌC MÃ VẠCH OD7200,131,511,1445454.0
2023-03-14,73,Bộ chuyển đổi DVI-D sang VGA active từ máy tính nối ra máy chiếu/màn hình Ugreen (40259),6422,1111,400000.0
2023-03-14,73,"Đầu nối HDMI âm tường bằng nhựa bẻ góc 90 độ, màu đen Ugreen ( 20318)",6422,1111,572730.0
2023-03-14,73,Cáp dữ liệu VIDEO HDMI 1.4 truyền âm thanh hình ảnh dài 5M Ugreen ( 10109),6422,1111,636365.0
2023-03-14,73,Bộ nhớ trong của máy vi tính 16GB hiệu G - SKILL F4 - 3200C16S - 16GIS,6422,1111,2536362.0
2023-03-14,73,Bộ nhớ trong của máy vi tính 16GB hiệu G - SKILL F4 - 3200C16S - 16GVK,6422,1111,845454.0
2023-03-14,206,"Máy tính xách tay Lenovo S14 G3 IAP CLOUD_GREY/14"" FHD/I3-1215U/8Gb/256Gb/UHD/Fingerprint/No Office/No OS",6422,1111,44690909.0
2023-03-14,235,Giá vốn (80%): ĐẦU ĐỌC MÃ VẠCH OD7200,632,1561,1156363.2
2023-03-14,234,Giá vốn (80%): Bảng mạch chính Asus Prime H510MF,632,1561,1090908.8
2023-03-14,234,Bảng mạch chính Asus Prime H510MF,131,511,1363636.0
2023-03-14,240,Chuột máy tính Logitech G304,131,511,654545.0
2023-03-14,233,Giá vốn (80%): Mực  in phun Brother BT5000,632,1561,269091.2
2023-03-14,233,Mực  in phun Brother BT5000,131,511,336364.0
2023-03-14,234,"Ổ cứng gắn trong 240GB SSD EXCERIA BICS FLASH 2.5""Sata3 Kioxia",131,511,1090910.0
2023-03-14,234,Giá vốn (80%): Bộ nhớ trong Kingston 8GB D-2666,632,1561,494545.6
2023-03-14,234,"Giá vốn (80%): Ổ cứng gắn trong 240GB SSD EXCERIA BICS FLASH 2.5""Sata3 Kioxia",632,1561,872728.0
2023-03-14,234,Bộ nhớ trong Kingston 8GB D-2666,131,511,618182.0
2023-03-14,234,Giá vốn (80%): Bàn phím Keyboard NK2500,632,1561,218180.8
2023-03-14,234,Bàn phím Keyboard NK2500,131,511,272726.0
2023-03-14,234,Giá vốn (80%): Nguồn Jetek Model Y500T,632,1561,363636.8
2023-03-14,234,Nguồn Jetek Model Y500T,131,511,454546.0
2023-03-15,1694,Chíp vi xử lý INTEL CORE I5 12400F - 2.50GHZ (BX8071512400F S RL4W)+Quạt,6422,1111,21818182.0
2023-03-15,5593,Bảng mạch chính của máy vi tính hiệu ASUS PRIME H610M - K D4,6422,1111,6654544.0
2023-03-15,5593,Ổ đĩa SDRW-08D2S-U LITE hiệu ASUS,6422,1111,2472728.0
2023-03-15,5593,Bộ nhớ trong của máy vi tính KINGSTON 16GB D4 - 3600U CL18  Beast  Black  ( KF436C18BB/16 ),6422,1111,4072728.0
2023-03-15,5593,Bảng mạch chính của máy vi tính hiệu ASUS PRIME B660M -K D4,6422,1111,10818180.0
2023-03-15,1694,Chíp vi xử lý INTEL CORE I3-12100F - 3.30GHZ + Quạt,6422,1111,2200000.0
2023-03-15,1731,Thuế GTGT: THU PHI CK CTY TIN HOC VIET SON,1331,1111,1900.0
2023-03-15,242,Giá vốn (80%): Máy in HP Laser jet Pro M404DN,632,1561,4574545.6
2023-03-15,42344,THU LAI VAY LD2229000275,6422,1111,716482.0
2023-03-15,1730,THU PHI CK CTY MAY TINH VINH XUAN,6422,1111,19000.0
2023-03-15,1730,Thuế GTGT: THU PHI CK CTY MAY TINH VINH XUAN,1331,1111,1900.0
2023-03-15,1731,THU PHI CK CTY TIN HOC VIET SON,6422,1111,19000.0
2023-03-15,241,Giá vốn (80%): Bộ vi xử lý  Intel Core i3-10105,632,1561,1963636.8
2023-03-15,242,Máy in HP Laser jet Pro M404DN,131,511,5718182.0
2023-03-15,241,Bộ vi xử lý  Intel Core i3-10105,131,511,2454546.0
2023-03-15,5593,Chíp vi xử lý INTEL CORE I3 10105 - 3.70 GHZ (BX8070110105   S RH3P) + Quạt,6422,1111,11272725.0
2023-03-15,241,Bảng mạch chính Asus Prime B560MK/CSM,131,511,1727273.0
2023-03-15,241,Giá vốn (80%): Bảng mạch chính Asus Prime B560MK/CSM,632,1561,1381818.4
2023-03-15,28993,Card đồ họa ASUS PH-GT1030-O2G_90YV0AU0-M0NA00,6422,1111,4032726.0
2023-03-15,1739,THU PHI CK CTY CN TIN HOC VIEN SON,6422,1111,40000.0
2023-03-15,1739,Thuế GTGT: THU PHI CK CTY CN TIN HOC VIEN SON,1331,1111,4000.0
2023-03-15,241,Drum máy photo,131,511,818182.0
2023-03-15,241,Giá vốn (80%): Drum máy photo,632,1561,654545.6
2023-03-15,241,Gạt máy photo,131,511,454545.0
2023-03-15,28993,Card đồ hoạ ASUS TUF-GTX1650-O4GD6-P-V2-GAMING_90YV0GX2-M0NA00,6422,1111,13570908.0
2023-03-15,241,Từ,131,511,1090909.0
2023-03-15,241,Giá vốn (80%): Từ,632,1561,872727.2
2023-03-15,241,Bo máy photo,131,511,2045455.0
2023-03-15,241,Giá vốn (80%): Bo máy photo,632,1561,1636364.0
2023-03-15,241,Mực T2309,131,511,454545.0
2023-03-15,241,Giá vốn (80%): Gạt máy photo,632,1561,363636.0
2023-03-15,241,Giá vốn (80%): Mực T2309,632,1561,363636.0
2023-03-16,4566,Chuột quang USB Logitech B100 (910-006605),6422,1111,2727273.0
2023-03-16,4566,Bàn phím Logitech Gaming G413 TKL SE (920-010448),6422,1111,4436364.0
2023-03-16,250,Giá vốn (80%): Ổ cứng Kingmax SSD Sata III 120GB SMV32,632,1561,247272.8
2023-03-16,250,Ổ cứng Kingmax SSD Sata III 120GB SMV32,131,511,309091.0
2023-03-16,250,Giá vốn (80%): Bàn phím Dell Multimedia KB216,632,1561,218182.4
2023-03-16,250,Bàn phím Dell Multimedia KB216,131,511,272728.0
2023-03-16,247,Giá vốn (80%): Cáp dữ liệu Video HDMI 1.4 truyền âm thanh hình ảnh dài 10M Ugreen,632,1561,349091.2
2023-03-16,250,Chuột máy tính Logitech M185,131,511,327272.0
2023-03-16,247,Cáp dữ liệu Video HDMI 1.4 truyền âm thanh hình ảnh dài 10M Ugreen,131,511,436364.0
2023-03-16,247,Giá vốn (80%): Mực  in 337 Number One,632,1121,320000.0
2023-03-16,247,Mực  in 337 Number One,131,511,400000.0
2023-03-16,1283,Ổ cứng SSD Samsung 980 1TB M.2 NVMe(MZ-V8V1T0BW),6422,1111,1954545.0
2023-03-16,243,Giá vốn (80%): Bảng mạch chính Asus Prime H510MF,632,1561,2254545.6
2023-03-16,250,Giá vốn (80%): Chuột máy tính Logitech M185,632,1561,261817.6
2023-03-16,1283,Chuột Logitech Gaming G102 Gen 2 màu đen(910-005802),6422,1111,3318182.0
2023-03-16,245,Bàn phím Dell Multimedia KB216,131,511,281818.0
2023-03-16,245,"Màn hình vi tính Dell LCD  U2422H  23.8"" WHD",131,511,11545454.0
2023-03-16,245,"Giá vốn (80%): Màn hình vi tính Dell LCD  U2422H  23.8"" WHD",632,1561,9236363.2
2023-03-16,245,Máy in HP Laser jet Pro M404DN,131,511,5445455.0
2023-03-16,245,Giá vốn (80%): Máy in HP Laser jet Pro M404DN,632,1561,4356364.0
2023-03-16,245,Chuột máy tính Dell MS116,131,511,172728.0
2023-03-16,245,Giá vốn (80%): Chuột máy tính Dell MS116,632,1561,138182.4
2023-03-16,245,Giá vốn (80%): Bàn phím Dell Multimedia KB216,632,1561,225454.4
2023-03-16,245,Vỏ thùng máy tính  JETEK EN15,131,511,245455.0
2023-03-16,245,Giá vốn (80%): Vỏ thùng máy tính  JETEK EN15,632,1561,196364.0
2023-03-16,245,Vỏ thùng máy tính  JETEK EN22,131,511,245454.0
2023-03-16,245,Giá vốn (80%): Vỏ thùng máy tính  JETEK EN22,632,1561,196363.2
2023-03-16,246,MÁY TÍNH XÁCH TAY HP PAVILION 15 - EG2035TX -6K781PA (Core™ i5-1235U,8GB,512GB,0.0
2023-03-16,246,Giá vốn (80%): MÁY TÍNH XÁCH TAY HP PAVILION 15 - EG2035TX -6K781PA (Core™ i5-1235U,8GB,512GB,0.0
2023-03-16,243,Bảng mạch chính Asus Prime H510MF,131,511,2818182.0
2023-03-16,222,"Máy tính xách tay Lenovo S14 G3 IAP CLOUD_GREY/14"" FHD/I3-1215U/8Gb/256Gb/UHD/Fingerprint/No Office/No OS",6422,1111,22345455.0
2023-03-16,243,Giá vốn (80%): Bộ vi xử lý Intel Core i3 /9100,632,1561,3520000.0
2023-03-16,244,LOA SOUNDMAX A827 2.1,131,511,536364.0
2023-03-16,243,Giá vốn (80%): Ổ cứng GT Western Digital 1TB,632,1561,1280000.0
2023-03-16,243,Bộ vi xử lý Intel Core i3 /9100,131,511,4400000.0
2023-03-16,251,Giá vốn (80%): Màn hình LCD VIEWSONIC VA2732-H,632,1561,2363636.0
2023-03-16,251,Chuột vi tính có dây Rapoo N100,131,511,436364.0
2023-03-16,251,Giá vốn (80%): Chuột vi tính có dây Rapoo N100,632,1561,349091.2
2023-03-16,251,Bàn phím Keyboard NK2500,131,511,136363.0
2023-03-16,251,Giá vốn (80%): Bàn phím Keyboard NK2500,632,1561,109090.4
2023-03-16,251,Ổ cứng di động 16GB U366 USB KIOXIA,131,511,272727.0
2023-03-16,251,Giá vốn (80%): Ổ cứng di động 16GB U366 USB KIOXIA,632,1561,218181.6
2023-03-16,251,TAI NGHE SOUNDMAX AH304,131,511,472728.0
2023-03-16,251,Giá vốn (80%): TAI NGHE SOUNDMAX AH304,632,1561,378182.4
2023-03-16,249,Máy in Brother DCP - B7535DW,131,511,5072727.0
2023-03-16,249,Giá vốn (80%): Máy in Brother DCP - B7535DW,632,1561,4058181.6
2023-03-16,29390,Card đồ hoạ ASUS PH-GTX1650-O4GD6_90YV0EH2-M0NA00,6422,1111,6238182.0
2023-03-16,1924,Máy in phun đa năng màu Canon G2010,6422,1111,2654545.0
2023-03-16,248,Mực T3008,131,511,1136364.0
2023-03-16,251,Màn hình LCD VIEWSONIC VA2732-H,131,511,2954545.0
2023-03-16,244,Vỏ thùng máy tính JETEK Squid Game A1,131,511,527273.0
2023-03-16,248,Giá vốn (80%): Mực T3008,632,1561,909091.2
2023-03-16,243,Ổ cứng GT Western Digital 1TB,131,511,1600000.0
2023-03-16,244,Giá vốn (80%): Đầu bấm dây mạng Ensoho EN-RJ45C5 RJ-45 cat5e,632,1561,109091.2
2023-03-16,244,Giá vốn (80%): Dây cáp mạng  Ensoho EN - U5CA24 UTP Cat5e,632,1561,690908.8
2023-03-16,244,Dây cáp mạng  Ensoho EN - U5CA24 UTP Cat5e,131,511,863636.0
2023-03-16,244,"Giá vốn (80%): Ổ cứng  SSD 240GB  EXCERIA BICS FLASH 2.5"" Sata3 KIOXIA",632,1561,2290908.8
2023-03-16,244,"Ổ cứng  SSD 240GB  EXCERIA BICS FLASH 2.5"" Sata3 KIOXIA",131,511,2863636.0
2023-03-16,244,Đầu bấm dây mạng Ensoho EN-RJ45C5 RJ-45 cat5e,131,511,136364.0
2023-03-16,244,Ổ cứng SSD 120GB SMV32 KINGMAX SATA III,131,511,1636364.0
2023-03-16,244,Giá vốn (80%): LOA MICROLAB U210 2.1,632,1561,305454.4
2023-03-16,244,LOA MICROLAB U210 2.1,131,511,381818.0
2023-03-16,244,Giá vốn (80%): LOA SOUNDMAX A827 2.1,632,1561,429091.2
2023-03-16,244,Giá vốn (80%): Vỏ thùng máy tính JETEK Squid Game A1,632,1561,421818.4
2023-03-16,244,Giá vốn (80%): Ổ cứng SSD 120GB SMV32 KINGMAX SATA III,632,1561,1309091.2
2023-03-17,252,Hộp mực  in Izinet 12A,131,511,709091.0
2023-03-17,252,Giá vốn (80%): Hộp mực  in Izinet 12A,632,1561,567272.8
2023-03-18,253,Máy in laser Canon LBP 2900,131,511,17363636.0
2023-03-18,253,Giá vốn (80%): Máy in laser Canon LBP 2900,632,1561,13890908.8
2023-03-19,1460,Thiết bị trình chiếu logitech R400,6422,1111,1363635.0
2023-03-19,254,Giá vốn (80%): Mực T3008,632,1561,909091.2
2023-03-19,254,Mực T3008,131,511,1136364.0
2023-03-19,1760,Màn hình máy tính Dell 22 Monitor - E2223HN powercord/ 36mths Advanced Exchange Service,6422,1111,5072728.0
2023-03-19,44665,THU LAI VAY LD2301900242,6422,1111,591781.0
2023-03-19,1460,Tai Nghe Logitech H370,6422,1111,2000000.0
2023-03-19,572,Bút trình chiếu LP15 A4tech (Trắng),6422,1111,840909.0
2023-03-19,81,Máy quét HP Scanjet Pro 3000 S4 Sheet-feed - WTY_6FW07A,6422,1111,8863636.0
2023-03-19,572,Bút trình chiếu LP15 A4tech (Đen),6422,1111,840909.0
2023-03-19,572,ổ cứng gắn trong 120GB SSD820S M.2 2280 SATA3 Transcend,6422,1111,1590909.0
2023-03-19,572,ổ cứng gắn trong 250GB SSD 825S M.2 Transcend,6422,1111,1336364.0
2023-03-19,44661,THU LAI VAY LD2229200450,6422,1111,400305.0
2023-03-19,1460,Chuột Logitech M185 Xám,6422,1111,1700000.0
2023-03-20,1350,ổ cứng 1000GB Kingston SSD NV2 M.2 2280 NVMe (SNV2S/1000G),6422,1111,2545455.0
2023-03-20,261,"Bút trình chiếu hiệu Rapoo mới 100%. Wireless Prensenter BLACK, XR200",131,511,272727.0
2023-03-20,261,"Giá vốn (80%): Bút trình chiếu hiệu Rapoo mới 100%. Wireless Prensenter BLACK, XR200",632,1561,218181.6
2023-03-20,260,Bộ máy vi tính,131,511,14063636.0
2023-03-20,260,Giá vốn (80%): Bộ máy vi tính,632,1561,11250908.8
2023-03-20,260,MÀN HÌNH LCD 23.8 Inch LENOVO THINKVISION S24e-20 (62AEKAR2WW),131,511,2718182.0
2023-03-20,259,Giá vốn (80%): CHUỘT MÁY TÍNH DELL MS116,632,1561,436364.0
2023-03-20,259,CHUỘT MÁY TÍNH DELL MS116,131,511,545455.0
2023-03-20,259,"Màn hình máy tính Lenovo H20215FE0 - ""E22-28 (H20215FE0) 21.5 inch Monitor-HDMI, Linecord, P/N:62B9MAR4WW",131,511,2445454.0
2023-03-20,258,Giá vốn (80%): Ổ cứng Kingmax SSD Sata III 120GB SMV32,632,1561,327272.8
2023-03-20,258,Ổ cứng Kingmax SSD Sata III 120GB SMV32,131,511,409091.0
2023-03-20,1350,Cạc màn hình Asus TUF-GTX1660S-O6G-GAMING,6422,1111,8909091.0
2023-03-20,260,Giá vốn (80%): MÀN HÌNH LCD 23.8 Inch LENOVO THINKVISION S24e-20 (62AEKAR2WW),632,1561,2174545.6
2023-03-20,255,Giá vốn (80%): Máy  in Brother DCP-B7535DW,632,1561,3992727.2
2023-03-20,259,"Giá vốn (80%): Màn hình máy tính Lenovo H20215FE0 - ""E22-28 (H20215FE0) 21.5 inch Monitor-HDMI, Linecord, P/N:62B9MAR4WW",632,1561,1956363.2
2023-03-20,264,Giá vốn (80%): Màn hình máy tính Dell 22 Monitor - E2223HN,632,1561,6240000.0
2023-03-20,257,Máy quét HP Scanjet Pro 3000 S4 Sheet-feed - WTY_6FW07A,131,511,9627273.0
2023-03-20,257,Giá vốn (80%): Máy quét HP Scanjet Pro 3000 S4 Sheet-feed - WTY_6FW07A,632,1561,7701818.4
2023-03-20,256,Chuột máy tính Logitech B100,131,511,63636.0
2023-03-20,256,Giá vốn (80%): Chuột máy tính Logitech B100,632,1561,50908.8
2023-03-20,256,Mực in 26A Number One,131,511,445455.0
2023-03-20,256,Giá vốn (80%): Mực in 26A Number One,632,1121,356364.0
2023-03-20,255,Máy  in Brother DCP-B7535DW,131,511,4990909.0
2023-03-20,256,Giá vốn (80%): Mực  in 308 Number One,632,1121,320000.0
2023-03-20,263,MÁY IN ĐA NĂNG  Brother DCP-T220,131,511,3345455.0
2023-03-20,263,Giá vốn (80%): MÁY IN ĐA NĂNG  Brother DCP-T220,632,1561,2676364.0
2023-03-20,262,MÁY IN Canon Laser LBP-2900,131,511,3627273.0
2023-03-20,262,Giá vốn (80%): MÁY IN Canon Laser LBP-2900,632,1561,2901818.4
2023-03-20,264,Màn hình máy tính Dell 22 Monitor - E2223HN,131,511,7800000.0
2023-03-20,256,Mực  in 308 Number One,131,511,400000.0
2023-03-21,267,Máy chiếu đa năng ViewSonic PA503XB,131,511,10263636.0
2023-03-21,267,Giá vốn (80%): Màn chiếu treo P70WS,632,1561,763636.0
2023-03-21,267,Màn chiếu treo P70WS,131,511,954545.0
2023-03-21,267,Giá vốn (80%): Thiết bị trình chiếu Presenter Logitech R400,632,1561,472727.2
2023-03-21,267,Thiết bị trình chiếu Presenter Logitech R400,131,511,590909.0
2023-03-21,266,Giá vốn (80%): Máy in đa năng Brother DCP-T220,632,1561,2400000.0
2023-03-21,266,Giá vốn (80%): Bộ định tuyến Tp-Link 2.4GHz/5GHz Archer MR200,632,1561,909091.2
2023-03-21,266,Loa SoundMax A926/2.1,131,511,636363.0
2023-03-21,266,Bộ định tuyến Tp-Link 2.4GHz/5GHz Archer MR200,131,511,1136364.0
2023-03-21,266,Giá vốn (80%): Ổ cứng  Kingmax SSD M2 Sata III 256GB SA3080,632,1561,509091.2
2023-03-21,266,Ổ cứng  Kingmax SSD M2 Sata III 256GB SA3080,131,511,636364.0
2023-03-21,267,Giá vốn (80%): Máy chiếu đa năng ViewSonic PA503XB,632,1561,8210908.8
2023-03-21,266,Giá vốn (80%): Loa SoundMax A926/2.1,632,1561,509090.4
2023-03-21,267,Gía treo máy chiếu  MS12,131,511,545456.0
2023-03-21,269,Hộp mực in Ecoplus 12A,131,511,381818.0
2023-03-21,267,Cáp dữ liệu HDMI dài 15m Ugreen,131,511,863636.0
2023-03-21,267,Giá vốn (80%): Cáp dữ liệu HDMI dài 15m Ugreen,632,1561,690908.8
2023-03-21,268,Máy tính bàn LENOVO THINKCENTRE M70S GEN 3  i5-12400 /11TC000TVA,131,511,23727274.0
2023-03-21,268,Giá vốn (80%): Máy tính bàn LENOVO THINKCENTRE M70S GEN 3  i5-12400 /11TC000TVA,632,1561,18981819.2
2023-03-21,268,MÀN HÌNH VI TÍNH (LCD) LENOVO C22-20 21.5INCH/1920 x 1080/75Hz/VGA/HDMI/ĐEN(62A7KAR1WW),131,511,4545454.0
2023-03-21,268,Giá vốn (80%): MÀN HÌNH VI TÍNH (LCD) LENOVO C22-20 21.5INCH/1920 x 1080/75Hz/VGA/HDMI/ĐEN(62A7KAR1WW),632,1561,3636363.2
2023-03-21,266,Giá vốn (80%): MÁY TÍNH XÁCH TAY (NB) LENOVO V14 G3 IAP i5-1235U/8GD4/256GSSD/14.0FHD/WL/BT/2C38/NoOS/ĐEN(82TS0062VN),632,1561,9818181.6
2023-03-21,269,Giá vốn (80%): Hộp mực in Ecoplus 12A,632,1561,305454.4
2023-03-21,270,"Bút trình chiếu hiệu Rapoo mới 100%. Wireless Prensenter BLACK, XR200",131,511,272727.0
2023-03-21,270,"Giá vốn (80%): Bút trình chiếu hiệu Rapoo mới 100%. Wireless Prensenter BLACK, XR200",632,1561,218181.6
2023-03-21,270,Cáp chuyển đổi HDMI dài 5M ugreen,131,511,181818.0
2023-03-21,270,Giá vốn (80%): Cáp chuyển đổi HDMI dài 5M ugreen,632,1561,145454.4
2023-03-21,271,Cap chuyển đổi HDMI dài 10M ugreen,131,511,454545.0
2023-03-21,271,Giá vốn (80%): Cap chuyển đổi HDMI dài 10M ugreen,632,1561,363636.0
2023-03-21,267,Giá vốn (80%): Gía treo máy chiếu  MS12,632,1561,436364.8
2023-03-21,266,MÁY TÍNH XÁCH TAY (NB) LENOVO V14 G3 IAP i5-1235U/8GD4/256GSSD/14.0FHD/WL/BT/2C38/NoOS/ĐEN(82TS0062VN),131,511,12272727.0
2023-03-21,266,Máy in đa năng Brother DCP-T220,131,511,3000000.0
2023-03-21,275,MÁY TÍNH ĐỂ BÀN,131,511,9090909.0
2023-03-21,275,Giá vốn (80%): MÁY TÍNH ĐỂ BÀN,632,1561,7272727.2
2023-03-21,229,Máy chiếu đa năng ViewSonic PA503XB,6422,1111,8700000.0
2023-03-21,265,MÀN HÌNH LCD 23.8 Inch LENOVO THINKVISIONS24e-20 (62AEKAR2WW),131,511,2718182.0
2023-03-21,265,Giá vốn (80%): MÀN HÌNH LCD 23.8 Inch LENOVO THINKVISIONS24e-20 (62AEKAR2WW),632,1561,2174545.6
2023-03-21,265,Bộ máy vi tính,131,511,14063636.0
2023-03-21,265,Giá vốn (80%): Bộ máy vi tính,632,1561,11250908.8
2023-03-21,1377,Nguồn máy tính Corsair CV550/CP-9020210-NA,6422,1111,1927273.0
2023-03-21,1377,Nguồn máy tính Corsair CV650/CP-9020236-NA,6422,1111,2290909.0
2023-03-21,1377,Nguồn máy tính Corsair CV750 - 80 Plus Bronze/CP-9020237-NA,6422,1111,1336364.0
2023-03-21,19314,"Máy tính xách tay Dell Inspiron 16 5620 Intel Core i7-1255U, 16.0""FHD+, 1x8G, 512GB SSD PCIe NVMe, 4 Cell-54Whr, Win 11 Microsoft Office Home and Student 2021, N6I7110W1-Silver",6422,1111,19727273.0
2023-03-21,19314,"Máy tính xách tay Dell Inspiron 15 3520 Intel Core i5-1235U, 15.6""FHD, 1x8G, 256GB SSD PCIe NVMe, 3 Cell-41Whr, Win 11 Microsoft Office Home and Student 2021, N5I5122W1-Black",6422,1111,42272727.0
2023-03-21,236,Máy hủy giấy hiệu Magitech DM-120M,6422,1111,2800000.0
2023-03-21,1887,CHIP VI XỬ LÝ INTEL CORE I5 - 10400F 2.90 GHZ + QUẠT,6422,1111,2227273.0
2023-03-21,1887,Bộ vi xử lý vi tính Intel Core i3-12100 (BX8071512100SRL62) + Quạt,6422,1111,2954545.0
2023-03-21,85,Khung HDMI âm tường màu trắng chất liệu nhựa ugreen (20316),6422,1111,250908.0
2023-03-21,82729,MÁY VI TÍNH ĐỂ BÀN (PC) LENOVO ThinkCentre neo 50t Gen 3 i3-12100(4*3.3)/4GD4/256GSSD/WL/BT/KB/M/nOS/ĐEN(11SC001LVA),6422,1111,8570000.0
2023-03-21,85,Cáp dữ liệu VIDEO HDMI 1.4 truyền âm thanh hình ảnh dài 15M Ugreen (10111),6422,1111,1781816.0
2023-03-21,85,Cáp dữ liệu VIDEO HDMI 1.4 truyền âm thanh hình ảnh dài 3M Ugreen (10108),6422,1111,477275.0
2023-03-21,274,Cáp chuyển đổi HDMI dài 5M ugreen,131,511,181818.0
2023-03-21,274,"Giá vốn (80%): Bút trình chiếu hiệu Rapoo mới 100%. Wireless Prensenter BLACK, XR200",632,1561,218181.6
2023-03-21,274,"Bút trình chiếu hiệu Rapoo mới 100%. Wireless Prensenter BLACK, XR200",131,511,272727.0
2023-03-21,273,Giá vốn (80%): Cáp chuyển đổi HDMI dài 5M ugreen,632,1561,145454.4
2023-03-21,273,Cáp chuyển đổi HDMI dài 5M ugreen,131,511,181818.0
2023-03-21,274,Giá vốn (80%): Cáp chuyển đổi HDMI dài 5M ugreen,632,1561,145454.4
2023-03-21,273,"Bút trình chiếu hiệu Rapoo mới 100%. Wireless Prensenter BLACK, XR200",131,511,272727.0
2023-03-21,272,Giá vốn (80%): BÚT TRÌNH CHIẾU LP15 A4TECH,632,1561,218181.6
2023-03-21,272,BÚT TRÌNH CHIẾU LP15 A4TECH,131,511,272727.0
2023-03-21,2065,Bộ lưu điện Santak-mã hàng TG500,6422,1111,10603644.0
2023-03-21,85,Cáp dữ liệu USB 2.0 cho máy in truyền dữ liệu từ máy tính ra máy in dài 5m Ugreen (10329),6422,1111,454545.0
2023-03-21,273,"Giá vốn (80%): Bút trình chiếu hiệu Rapoo mới 100%. Wireless Prensenter BLACK, XR200",632,1561,218181.6
2023-03-22,286,Bộ nhớ trong Kingston 16GB D4-3200U,131,511,1000000.0
2023-03-22,287,"Màn hình vi tính Dell  LCD  E2216Hv 21.5"" WHD",131,511,2318182.0
2023-03-22,46772,THU LAI VAY LD2229700340,6422,1111,525303.0
2023-03-22,20110,Chiết khấu theo BB thỏa thuận và quyết toán số 00090-2023-01-HTG-DELL-HVU09-PSD kí ngày 07/01/2023,6422,1111,3636364.0
2023-03-22,20110,"Máy tính xách tay Dell Latitude 3420, CTO Intel Core i3-1115G4 (2 Core, 6M cache, base 3.0GHz, up to 4.10), MH 14 inch HD (1920 x 1080), RAM 8GB, 256GB SSD, Intel® UHD Graphics, Ubuntu",6422,1111,52272727.0
2023-03-22,13978,"Máy tính xách tay MSI Modern 14 C11M-011VN (i3-1115G4; 8GB; 512GB SSD; UMA; 14"" FHD; Win11; Black)",6422,1111,45454545.0
2023-03-22,6216,ổ đĩa cứng gắn trong máy vi tính 480GB  hiệu KINGSTON 480GB A400 SATA3 2.5 SSD (SA400S37/480G),6422,1111,3000000.0
2023-03-22,282,Máy in Brother HL - L2321D,131,511,2650000.0
2023-03-22,282,Giá vốn (80%): Máy in Brother HL - L2321D,632,1561,2120000.0
2023-03-22,1906,Thuế GTGT: TP CK CTY TH VIEN SON,1331,1111,1900.0
2023-03-22,1906,TP CK CTY TH VIEN SON,6422,1111,19000.0
2023-03-22,286,Giá vốn (80%): Bộ nhớ trong Kingston 16GB D4-3200U,632,1561,800000.0
2023-03-22,287,"Giá vốn (80%): Màn hình vi tính Dell  LCD  E2216Hv 21.5"" WHD",632,1561,1854545.6
2023-03-22,6221,"Ổ đĩa cứng gắn trong máy vi tính 240GB hiệu KINGSTON 240GB A400  SATA3 2.5"" SSD (SA400S37/240G)",6422,1111,16818200.0
2023-03-22,287,"Ổ cứng di động  Seagate Expansion 1TB 2.5""",131,511,1318182.0
2023-03-22,277,Trống từ Brother DR-2385,131,511,636364.0
2023-03-22,288,Màn hình  LCD VIEWSONIC VX2476 - SH,131,511,2900000.0
2023-03-22,277,Giá vốn (80%): Trống từ Brother DR-2385,632,1561,509091.2
2023-03-22,288,Giá vốn (80%): Màn hình  LCD VIEWSONIC VX2476 - SH,632,1561,2320000.0
2023-03-22,288,Chuột máy tính Logitech G102,131,511,300000.0
2023-03-22,288,Giá vốn (80%): Chuột máy tính Logitech G102,632,1561,240000.0
2023-03-22,288,"Ổ cứng SSD Western WDS500G2B0A, 500GB, Sata3 2.5""",131,511,1345455.0
2023-03-22,288,"Giá vốn (80%): Ổ cứng SSD Western WDS500G2B0A, 500GB, Sata3 2.5""",632,1561,1076364.0
2023-03-22,5001,"Máy tính xách tay MSI Cyborg 15 A12VE-240VN/i7-12650H/512GB SSD/DDR5 8GB/RTX 4050 GDDR6 6GB/15.6"" FHD 144Hz/Win11/màu đen, ba lô",6422,1111,22490909.0
2023-03-22,5001,"ổ cứng Western SSD 240GB Sata3, màu xanh - green (WDS240G3G0A)",6422,1111,9545455.0
2023-03-22,276,MỰC BROTHER BT5000Y,131,511,118182.0
2023-03-22,276,Giá vốn (80%): MỰC BROTHER BT5000Y,632,1561,94545.6
2023-03-22,276,Trống từ Brother DR-2385,131,511,636363.0
2023-03-22,276,Giá vốn (80%): Trống từ Brother DR-2385,632,1561,509090.4
2023-03-22,286,Giá vốn (80%): Chuột máy tính Logitech G102,632,1561,240000.0
2023-03-22,287,"Giá vốn (80%): Ổ cứng di động  Seagate Expansion 1TB 2.5""",632,1561,1054545.6
2023-03-22,286,Chuột máy tính Logitech G102,131,511,300000.0
2023-03-22,283,"Máy tính xách tay Asus ExpertBook model B1500CEAE-BQ3284 Intel® Core™ i7-1165G7 /8G DDR4 on board, 512GB M.2 NVMe PCIe 3.0 SSD, Endless, FingerPrint, 15.6-inch, LED Backlit, 250nits, FHD (1920 x 1080)",131,511,16809091.0
2023-03-22,286,Màn hình LCD VIEWSONIC VX2776-SH,131,511,3245455.0
2023-03-22,286,Giá vốn (80%): Màn hình LCD VIEWSONIC VX2776-SH,632,1561,2596364.0
2023-03-22,278,Mực in phun Brother BT5000,131,511,354546.0
2023-03-22,278,Giá vốn (80%): Mực in phun Brother BT5000,632,1561,283636.8
2023-03-22,279,Bộ máy vi tính,131,511,14063636.0
2023-03-22,279,Giá vốn (80%): Bộ máy vi tính,632,1561,11250908.8
2023-03-22,279,MÀN HÌNH LCD 23.8 Inch LENOVOTHINKVISIONS24e-20 (62AEKAR2WW),131,511,2718182.0
2023-03-22,279,Giá vốn (80%): MÀN HÌNH LCD 23.8 Inch LENOVOTHINKVISIONS24e-20 (62AEKAR2WW),632,1561,2174545.6
2023-03-22,280,Giá vốn (80%): HỘP MỰC ECOPLUS 12A,632,1561,138181.6
2023-03-22,281,BÀN PHÍM RAPOO V500SE,131,511,1000000.0
2023-03-22,281,Giá vốn (80%): BÀN PHÍM RAPOO V500SE,632,1561,800000.0
2023-03-22,281,CHUỘT MÁY TÍNH LOGITECH M185,131,511,363636.0
2023-03-22,281,Giá vốn (80%): CHUỘT MÁY TÍNH LOGITECH M185,632,1561,290908.8
2023-03-22,283,"Giá vốn (80%): Máy tính xách tay Asus ExpertBook model B1500CEAE-BQ3284 Intel® Core™ i7-1165G7 /8G DDR4 on board, 512GB M.2 NVMe PCIe 3.0 SSD, Endless, FingerPrint, 15.6-inch, LED Backlit, 250nits, FHD (1920 x 1080)",632,1561,13447272.8
2023-03-22,284,Camera kỹ thuật số có chức năng ghi hiệu EZVIZ mã CS-C3TN (1080P COLOR),131,511,909091.0
2023-03-22,280,HỘP MỰC ECOPLUS 12A,131,511,172727.0
2023-03-22,284,"Camera quan sát CS-C3TN (3MP,2.8MM)",131,511,954546.0
2023-03-22,285,"Giá vốn (80%): Thiết bị thu phát vô tuyến  TP-Link,TL-WN722N",632,1561,261818.4
2023-03-22,284,Giá vốn (80%): Camera kỹ thuật số có chức năng ghi hiệu EZVIZ mã CS-C3TN (1080P COLOR),632,1561,727272.8
2023-03-22,285,"Thiết bị thu phát vô tuyến  TP-Link,TL-WN722N",131,511,327273.0
2023-03-22,285,Giá vốn (80%): Chuột máy tính Dell MS116,632,1561,218181.6
2023-03-22,285,Chuột máy tính Dell MS116,131,511,272727.0
2023-03-22,285,Bàn phím  Dell Multimedia KB216,131,511,450000.0
2023-03-22,285,Giá vốn (80%): Vỏ thùng máy tính JETEK EM3,632,1561,654545.6
2023-03-22,285,Giá vốn (80%): Bàn phím  Dell Multimedia KB216,632,1561,360000.0
2023-03-22,285,Vỏ thùng máy tính JETEK EM3,131,511,818182.0
2023-03-22,284,Giá vốn (80%): Bàn phím  Logitech K120,632,1561,130908.8
2023-03-22,284,Bàn phím  Logitech K120,131,511,163636.0
2023-03-22,284,Giá vốn (80%): Thẻ nhớ 32GB Micro SDHC Exceria UHS -I C10 U1 100MB/s Kioxia,632,1121,145454.4
2023-03-22,284,Thẻ nhớ 32GB Micro SDHC Exceria UHS -I C10 U1 100MB/s Kioxia,131,511,181818.0
2023-03-22,284,"Giá vốn (80%): Camera quan sát CS-C3TN (3MP,2.8MM)",632,1561,763636.8
2023-03-23,47118,THU LAI VAY LD2229700440,6422,1111,590169.0
2023-03-23,289,"Card PCIe Adapter TP Link,TL-WN881ND",131,511,790909.0
2023-03-23,289,"Giá vốn (80%): Card PCIe Adapter TP Link,TL-WN881ND",632,1561,632727.2
2023-03-23,1971,THU PHI CK CTY MAY TINH VINH XUAN,6422,1111,28000.0
2023-03-23,1971,Thuế GTGT: THU PHI CK CTY MAY TINH VINH XUAN,1331,1111,2800.0
2023-03-23,289,Giá vốn (80%): MÀN HÌNH LCD 23.8 Inch LENOVOTHINKVISIONS24e-20(62AEKAR2WW),632,1561,2174545.6
2023-03-23,291,"Ổ CỨNG MÁY TÍNH SSD Western WDS250G2B0A,250G",131,511,1181818.0
2023-03-23,292,Chuột LOGITECH M170,131,511,154545.0
2023-03-23,292,"Thiết bị thu phát vô tuyến  2.4GHz TP-Link,TL-WA854RE",131,511,181818.0
2023-03-23,292,"Giá vốn (80%): Thiết bị thu phát vô tuyến  2.4GHz TP-Link,TL-WA854RE",632,1561,145454.4
2023-03-23,292,Bàn phím RAPOO V500 PRO,131,511,618182.0
2023-03-23,292,Giá vốn (80%): Bàn phím RAPOO V500 PRO,632,1561,494545.6
2023-03-23,292,Giá vốn (80%): Chuột LOGITECH M170,632,1561,123636.0
2023-03-23,289,MÀN HÌNH LCD 23.8 Inch LENOVOTHINKVISIONS24e-20(62AEKAR2WW),131,511,2718182.0
2023-03-23,291,"Giá vốn (80%): Ổ CỨNG MÁY TÍNH SSD Western WDS250G2B0A,250G",632,1561,945454.4
2023-03-23,289,Giá vốn (80%): Bộ máy vi tính,632,1561,11250908.8
2023-03-23,14405,Trống từ Brother DR-2385,6422,1111,2777727.0
2023-03-23,290,"Giá vốn (80%): Card PCIe Adapter TP Link,TL-WN881ND",632,1561,203636.8
2023-03-23,153,"Máy tính xách tay Apple MacBook Air, M2 8 core CPU/8 core GPU, 8GB memory, 256GB SSD, 16 core Neural Engine, 13.6"" Liquid Retina True Tone, Magic Keyboard/Touch ID, 30W USB-C Power Adpt.,macOS, Silver, 1Y WTY_MLXY3SA/A",6422,1121,23363636.0
2023-03-23,14405,Mực in Brother TN-2385,6422,1111,21825001.0
2023-03-23,14405,Mực in Brother TN-B022,6422,1111,4365000.0
2023-03-23,289,Bộ máy vi tính,131,511,14063636.0
2023-03-23,14405,Mực in phun Brother BTD60BK BH17 ASA,6422,1111,3492000.0
2023-03-23,14405,Mực in phun Brother BT5000C,6422,1111,2539636.0
2023-03-23,14405,Trống từ Brother DR-B022,6422,1111,5555455.0
2023-03-23,14405,Mực in phun Brother BT5000Y,6422,1111,2539636.0
2023-03-23,293,MÁY IN Canon Laser LBP-2900,131,511,3627273.0
2023-03-23,293,Giá vốn (80%): MÁY IN Canon Laser LBP-2900,632,1561,2901818.4
2023-03-23,290,MÁY TÍNH ĐỂ BÀN DELL OPTIPEX 3000 SMALL FORMFACTOR Intel® Core i5 - 12500,131,511,13263636.0
2023-03-23,290,Giá vốn (80%): MÁY TÍNH ĐỂ BÀN DELL OPTIPEX 3000 SMALL FORMFACTOR Intel® Core i5 - 12500,632,1561,10610908.8
2023-03-23,290,"Card PCIe Adapter TP Link,TL-WN881ND",131,511,254546.0
2023-03-23,14405,Mực in phun Brother BT5000M,6422,1111,2539636.0
2023-03-24,467,Mực in 93A Number One,6422,1121,1360000.0
2023-03-24,294,Giá vốn (80%): Mực Laser TN-2385 Brother,632,1561,581818.4
2023-03-24,294,Mực Laser TN-2385 Brother,131,511,727273.0
2023-03-24,296,Giá vốn (80%): Máy tính Casio JS20,632,1561,2981818.4
2023-03-24,296,Máy tính Casio JS20,131,511,3727273.0
2023-03-24,296,Giá vốn (80%): Thiết bị định tuyến TP-Link 2.4GHz/5GHz Archer C50,632,1561,843636.0
2023-03-24,296,Giá vốn (80%): Máy hủy giấy hiệu Magitech DM-120M,632,1561,3440000.0
2023-03-24,296,Thiết bị định tuyến TP-Link 2.4GHz/5GHz Archer C50,131,511,1054545.0
2023-03-24,296,Giá vốn (80%): Bộ lưu điện Santak - TG500,632,1561,9774545.6
2023-03-24,295,"ổ cứng Western SSD 240GB Sata3, màuxanh - green (WDS240G3G0A)",131,511,6545455.0
2023-03-24,295,"Giá vốn (80%): ổ cứng Western SSD 240GB Sata3, màuxanh - green (WDS240G3G0A)",632,1561,5236364.0
2023-03-24,296,Máy hủy giấy hiệu Magitech DM-120M,131,511,4300000.0
2023-03-24,361,MÁY IN SỔ OLIVETTI PASSBOOK PRINTER PR2 PLUS,6422,1111,10363636.0
2023-03-24,296,Bộ lưu điện Santak - TG500,131,511,12218182.0
2023-03-24,430,MÁY TÍNH CASIO JS20,6422,1111,3136365.0
2023-03-25,298,Giá vốn (80%): TAI NGHE SOUNDMAX AH304,632,1561,567272.8
2023-03-25,298,Giá vốn (80%): Máy tính bàn LENOVO THINKCENTRE M70S Gen 3 I3 12100/4GB/256GB SSD/WL+BT/K+M/DEN/1Y (11TC000PVA),632,1561,5818181.6
2023-03-25,298,Máy tính bàn LENOVO THINKCENTRE M70S Gen 3 I3 12100/4GB/256GB SSD/WL+BT/K+M/DEN/1Y (11TC000PVA),131,511,7272727.0
2023-03-25,298,TAI NGHE SOUNDMAX AH304,131,511,709091.0
2023-03-25,298,Máy tính bàn LENOVO THINKCENTRE M70S Gen 3 -I5 12400/8GB/256GB SSD/WL+BT/K+M/DEN/1Y (11TC000TVA),131,511,10000000.0
2023-03-25,297,Giá vốn (80%): MÁY VI TÍNH ĐỂ BÀN (PC) LENOVO ThinkCentre neo 50tGen 3 i3- 12100(4*3.3)/4GD4/256GSSD/WL/BT/KB/M/nOS/ĐEN( 11SC001LVA),632,1561,61600000.0
2023-03-25,297,MÁY VI TÍNH ĐỂ BÀN (PC) LENOVO ThinkCentre neo 50tGen 3 i3- 12100(4*3.3)/4GD4/256GSSD/WL/BT/KB/M/nOS/ĐEN( 11SC001LVA),131,511,77000000.0
2023-03-25,298,Giá vốn (80%): Máy tính bàn LENOVO THINKCENTRE M70S Gen 3 -I5 12400/8GB/256GB SSD/WL+BT/K+M/DEN/1Y (11TC000TVA),632,1561,8000000.0
2023-03-26,301,Giá vốn (80%): CHUỘT MÁY TÍNH  Logitech B100,632,1561,58181.6
2023-03-26,307,"Giá vốn (80%): Thiết bị chuyến mạch TP-Link,TL-SF1008D",632,1561,145454.4
2023-03-26,308,"Máy tính xách tay HP PAVILION 15 - eg2062TU i3 1215TU/8GB/256GB SSD/15.6"" FHD/W11SL/ALU Vàng ( 6K790PA)",131,511,12590909.0
2023-03-26,308,"Giá vốn (80%): Máy tính xách tay HP PAVILION 15 - eg2062TU i3 1215TU/8GB/256GB SSD/15.6"" FHD/W11SL/ALU Vàng ( 6K790PA)",632,1561,10072727.2
2023-03-26,308,Chuột vi tính  Rapoo M20,131,511,127273.0
2023-03-26,301,BÀN PHÍM LOGITECH K120,131,511,163636.0
2023-03-26,301,Giá vốn (80%): BÀN PHÍM LOGITECH K120,632,1561,130908.8
2023-03-26,301,CHUỘT MÁY TÍNH  Logitech B100,131,511,72727.0
2023-03-26,261,Màn hình máy tính Dell 22 Monitor - E2223HN powercord/ 36mths Advanced Exchange Service,6422,1111,26800000.0
2023-03-26,300,Giá vốn (80%): MỰC LASER ĐEN BROTHER 2240,632,1561,109091.2
2023-03-26,299,"Giá vốn (80%): Ổ cứng SSD 480GB KIOXIA EXCERIA BICS FLASH 2.5"" Sata3",632,1561,712727.2
2023-03-26,300,MỰC Laser TN-2385 Brother,131,511,500000.0
2023-03-26,300,Giá vốn (80%): MỰC Laser TN-2385 Brother,632,1561,400000.0
2023-03-26,300,MỰC LASER ĐEN BROTHER 2240,131,511,136364.0
2023-03-26,307,"Thiết bị chuyến mạch TP-Link,TL-SF1008D",131,511,181818.0
2023-03-26,300,CHUỘT MÁY TÍNH Logitech M185,131,511,181818.0
2023-03-26,300,Giá vốn (80%): CHUỘT MÁY TÍNH Logitech M185,632,1561,145454.4
2023-03-26,2009,THU PHI CK CTY CP THE GIOI SO,6422,1111,40000.0
2023-03-26,2009,Thuế GTGT: THU PHI CK CTY CP THE GIOI SO,1331,1111,4000.0
2023-03-26,299,"Ổ cứng SSD 480GB KIOXIA EXCERIA BICS FLASH 2.5"" Sata3",131,511,890909.0
2023-03-26,307,Giá vốn (80%): Bộ nhớ trong Kingston 4GB/2666,632,1561,618181.6
2023-03-26,308,Giá vốn (80%): Chuột vi tính  Rapoo M20,632,1561,101818.4
2023-03-26,306,Giá vốn (80%): Máy in Brother HL-L2321D,632,1561,5781818.4
2023-03-26,9954,NỒI CƠM ĐIỆN SUPOR CFXB40FC33VN-75,6422,1111,718182.0
2023-03-26,99766,DO 0.05S-II,6422,1111,454545.0
2023-03-26,34177,"Máy tính xách tay Lenovo ThinkPad E14 Gen 4, i5-1235U, 8GB, 512GB SSD, Intel Iris Xe Graphics, 14"" FHD, 3C 45Wh, ax+BT, FP, No OS, Đen (Black), 2Y WTY_21E300DPVA",6422,1111,15454545.0
2023-03-26,302,CHUỘT MÁY TÍNH Logitech M221,131,511,490909.0
2023-03-26,302,Giá vốn (80%): CHUỘT MÁY TÍNH Logitech M221,632,1561,392727.2
2023-03-26,303,Mực  Laser đen Premium,131,511,136364.0
2023-03-26,303,Giá vốn (80%): Mực  Laser đen Premium,632,1561,109091.2
2023-03-26,303,Mực MP2014,131,511,590909.0
2023-03-26,303,Giá vốn (80%): Mực MP2014,632,1561,472727.2
2023-03-26,307,Bộ nhớ trong Kingston 4GB/2666,131,511,772727.0
2023-03-26,303,TỪ,131,511,1772727.0
2023-03-26,304,Chuột máy tính Logitech M221,131,511,209091.0
2023-03-26,304,Giá vốn (80%): Chuột máy tính Logitech M221,632,1561,167272.8
2023-03-26,304,Hộp Mực In EcoPlus 12A,131,511,136364.0
2023-03-26,304,Giá vốn (80%): Hộp Mực In EcoPlus 12A,632,1561,109091.2
2023-03-26,305,BỘ MÁY VI TÍNH,131,511,7981818.0
2023-03-26,305,Giá vốn (80%): BỘ MÁY VI TÍNH,632,1561,6385454.4
2023-03-26,306,"Máy tính xách tay Dell Latitude 3420, CTO Intel Core i3-1115G4 (2 Core,6M cache, base 3.0GHz, up to 4.10), MH 14 inch HD (1920 x 1080), RAM8GB, 256GB SSD, Intel® UHD Graphics, Ubuntu /L3420I3SSHD",131,511,10454545.0
2023-03-26,306,"Giá vốn (80%): Máy tính xách tay Dell Latitude 3420, CTO Intel Core i3-1115G4 (2 Core,6M cache, base 3.0GHz, up to 4.10), MH 14 inch HD (1920 x 1080), RAM8GB, 256GB SSD, Intel® UHD Graphics, Ubuntu /L3420I3SSHD",632,1561,8363636.0
2023-03-26,306,Máy in Brother HL-L2321D,131,511,7227273.0
2023-03-26,303,Giá vốn (80%): TỪ,632,1561,1418181.6
2023-03-27,20948699,THANH LY,6422,1111,1627397.0
2023-03-27,309,Giá vốn (80%): Mực In Brother BT5000M,632,1561,109091.2
2023-03-27,309,Mực In Brother BT5000M,131,511,136364.0
2023-03-27,20949776,THANH LY,6422,1111,1084932.0
2023-03-27,310,CHUỘT MÁY TÍNH LOGITECH B100,131,511,127273.0
2023-03-27,268,"Máy tính xách tay Lenovo Notebook ThinkPad NBLN TP L13 Clam G3 T (gồm i7-1255U (4.7G) - 16GB RAM - 512GB SSD - WF+BL, Fingerprint - 13.3'' WUXGA - Thunder Black - Dos -P/N: 21B3005YVA",6422,1111,9090909.0
2023-03-27,310,Giá vốn (80%): CHUỘT MÁY TÍNH LOGITECH B100,632,1561,101818.4
2023-03-28,313,TAI NGHE LOGITECH H370,131,511,409091.0
2023-03-28,313,Giá vốn (80%): TAI NGHE LOGITECH H370,632,1561,327272.8
2023-03-28,313,THIẾT BỊ CHUYỂN MẠCH TP-Link TL-SF1008D,131,511,200000.0
2023-03-28,313,Giá vốn (80%): THIẾT BỊ CHUYỂN MẠCH TP-Link TL-SF1008D,632,1561,160000.0
2023-03-28,313,CHUỘT MÁY TÍNH LOGITECH B100,131,511,77273.0
2023-03-28,313,Giá vốn (80%): CHUỘT MÁY TÍNH LOGITECH B100,632,1561,61818.4
2023-03-28,314,Ổ CỨNG SSD 240GB KIOXIA EXCERIA SATA3 BICS FLASH 2.5,131,511,863636.0
2023-03-28,314,Giá vốn (80%): Ổ CỨNG SSD 240GB KIOXIA EXCERIA SATA3 BICS FLASH 2.5,632,1561,690908.8
2023-03-28,315,Bộ vi xử lý Intel i5 10400-2.90Ghz,131,511,3354545.0
2023-03-28,315,Bộ nhớ trong Ram 8GB - 3200 Kingmax,131,511,681818.0
2023-03-28,315,Giá vốn (80%): Bộ nhớ trong Ram 8GB - 3200 Kingmax,632,1561,545454.4
2023-03-28,315,Nguồn Jetek Model J450,131,511,618182.0
2023-03-28,315,Giá vốn (80%): Nguồn Jetek Model J450,632,1561,494545.6
2023-03-28,315,Bo mạch chính Asus Prime H510MK,131,511,1527273.0
2023-03-28,315,Giá vốn (80%): Bo mạch chính Asus Prime H510MK,632,1561,1221818.4
2023-03-28,313,Giá vốn (80%): BỘ NHỚ TRONG RAM KINGSTON 16GB/3200,632,1561,858181.6
2023-03-28,315,Giá vốn (80%): Bộ vi xử lý Intel i5 10400-2.90Ghz,632,1561,2683636.0
2023-03-28,313,BỘ NHỚ TRONG RAM KINGSTON 16GB/3200,131,511,1072727.0
2023-03-28,2112,Thuế GTGT: THU PHI CK CTY CN NAM THANH,1331,1111,2300.0
2023-03-28,313,BỘ NHỚ TRONG RAM KINGMAX 8GB/3200,131,511,2672727.0
2023-03-28,313,Giá vốn (80%): BỘ NHỚ TRONG RAM KINGMAX 8GB/3200,632,1561,2138181.6
2023-03-28,311,Giá vốn (80%): Chuột máy tính Logitech M185,632,1561,145454.4
2023-03-28,49839,"PHI T03/2023-040019911911-ALERT,IB,OTP,QLTK",6422,1111,125000.0
2023-03-28,49839,"Thuế GTGT: PHI T03/2023-040019911911-ALERT,IB,OTP,QLTK",1331,1111,12500.0
2023-03-28,2112,THU PHI CK CTY CN NAM THANH,6422,1111,23000.0
2023-03-28,66,Hộp mực in iziNet 12A/303/FX9 Universal,6422,1111,4800000.0
2023-03-28,66,Hộp mực in EcoPlus 12A/303/FX9 Universal,6422,1111,1760000.0
2023-03-28,311,Chuột máy tính Logitech M185,131,511,181818.0
2023-03-28,316,"Giá vốn (80%): Máy tính xách tay Apple MacBook Air,M2 8 core CPU/8 core GPU, 8GBmemory, 256GB SSD, 16 core NeuralEngine, 13.6"" Liquid Retina True Tone,Magic Keyboard/Touch ID, 30W USB-CPower Adpt.,macOS, Silver, 1Y WTY_MLXY3SA/A",632,1121,18690908.8
2023-03-28,312,"Màn hình LCD   VIEWSONIC VA1903A/19""",131,511,2909091.0
2023-03-28,312,"Giá vốn (80%): Màn hình LCD   VIEWSONIC VA1903A/19""",632,1561,2327272.8
2023-03-28,312,Tai nghe SoundMax AH304,131,511,1000000.0
2023-03-28,312,Giá vốn (80%): Tai nghe SoundMax AH304,632,1561,800000.0
2023-03-28,312,4K0Z7PA: Máy tính xách tay HP 14s-fq1080AU - AMD Ryzen 3 5300U / 4GB DDR4-3200/ SSD 256GB / Radeon Vega Graphics/ 14” HD/ Windows 11 Home/ Natural Silver/ 1Y,131,511,13500000.0
2023-03-28,312,Giá vốn (80%): 4K0Z7PA: Máy tính xách tay HP 14s-fq1080AU - AMD Ryzen 3 5300U / 4GB DDR4-3200/ SSD 256GB / Radeon Vega Graphics/ 14” HD/ Windows 11 Home/ Natural Silver/ 1Y,632,1561,10800000.0
2023-03-28,316,"Máy tính xách tay Apple MacBook Air,M2 8 core CPU/8 core GPU, 8GBmemory, 256GB SSD, 16 core NeuralEngine, 13.6"" Liquid Retina True Tone,Magic Keyboard/Touch ID, 30W USB-CPower Adpt.,macOS, Silver, 1Y WTY_MLXY3SA/A",131,511,23363636.0
2023-03-29,319,"Giá vốn (80%): Thiết bị thu phát vô tuyến TP-Link 150M,TL-WN722N",632,1561,1127272.8
2023-03-29,319,"Thiết bị thu phát vô tuyến TP-Link 150M,TL-WN722N",131,511,1409091.0
2023-03-29,319,Giá vốn (80%): LOA SOUNDMAX A2126 2.1,632,1561,843636.0
2023-03-29,319,LOA SOUNDMAX A2126 2.1,131,511,1054545.0
2023-03-29,319,Giá vốn (80%): Loa SoundMax A150/2.0,632,1561,501818.4
2023-03-29,319,Loa SoundMax A150/2.0,131,511,627273.0
2023-03-29,319,"Giá vốn (80%): Thiết bị chuyển mạch TP-Link,TL-SF1008D",632,1561,1127272.8
2023-03-29,319,Chuột máy tính Logitech B100,131,511,636364.0
2023-03-29,319,Giá vốn (80%): Chuột máy tính Logitech B100,632,1561,509091.2
2023-03-29,319,Giá vốn (80%): Bàn phím  Logitech K120,632,1561,738181.6
2023-03-29,319,Bàn phím  Logitech K120,131,511,922727.0
2023-03-29,328,Giá vốn (80%): Hộp mực in ecoplus 12A,632,1561,94545.6
2023-03-29,328,Hộp mực in ecoplus 12A,131,511,118182.0
2023-03-29,319,Ổ cứng di động USB KIOXIA 16GB U202 2.0,131,511,300000.0
2023-03-29,327,"Giá vốn (80%): Màn hình vi tính LCD DELL P2719H 27.0""",632,1561,8945454.4
2023-03-29,319,"Thiết bị chuyển mạch TP-Link,TL-SF1008D",131,511,1409091.0
2023-03-29,319,Giá vốn (80%): Ổ cứng di động USB KIOXIA 16GB U202 2.0,632,1561,240000.0
2023-03-29,1563,"Thiết bị thu phát vô tuyến băng tần 2.4GHz, Tp-Link, TL-WN881ND",6422,1111,1040909.0
2023-03-29,321,Máy  In Canon Laser LBP-2900,131,511,3627273.0
2023-03-29,327,"Màn hình vi tính LCD DELL P2719H 27.0""",131,511,11181818.0
2023-03-29,664,Mực nạp đổ XP12 - 140,6422,1111,4000000.0
2023-03-29,664,L3250 Máy in phun màu đa năng khổ A4 hiệu Epson,6422,1111,4363636.0
2023-03-29,664,L1210 Máy in phun hiệu epson,6422,1111,3090909.0
2023-03-29,1563,"Thiết bị định tuyến băng tần 2,4 GHz, W-CDMA FDD/E-UTRA FDD, TP-LINK, TL-MR100",6422,1111,1705455.0
2023-03-29,1563,"Thiết bị định tuyến TP-Link, 2.4GHz/5GHz Archer C50",6422,1111,5890909.0
2023-03-29,1563,"Thiết bị thu phát vô tuyến TP-LINK, 2,4 GHz/ W-CDMA FDD/ E-UTRA FDD, TL-MR6400",6422,1111,9818182.0
2023-03-29,320,Máy  In Canon Laser LBP-2900,131,511,3627273.0
2023-03-29,1563,"Thiết bị thu phát vô tuyến băng tần 2.4GHz, Tp-Link, TL-WN781ND",6422,1111,681818.0
2023-03-29,1563,"Thiết bị chuyển mạch Tp-Link,TL-SG1005D",6422,1111,1009091.0
2023-03-29,259,Máy chiếu đa năng ViewSonic PA503W,6422,1111,21800000.0
2023-03-29,322,Giá vốn (80%): Mực  in 326 Number One,632,1121,320000.0
2023-03-29,322,Mực  in 326 Number One,131,511,400000.0
2023-03-29,321,Giá vốn (80%): Bộ lưu điện Santak - TG500,632,1561,734545.6
2023-03-29,321,Bộ lưu điện Santak - TG500,131,511,918182.0
2023-03-29,281,"Màn hình máy tính Lenovo H20215FE0 - ""E22-28 (H20215FE0) 21.5 inch Monitor-HDMI, Linecord, 3YR WTYWarrantyCode: 3years limited"", P/N:62B9MAR4WW",6422,1111,65454545.0
2023-03-29,1563,"Thiết bị đầu cuối  W-CDMA FDD/E-UTRA FDD, 2.4GHz, TP-Link, M7000",6422,1111,3700000.0
2023-03-29,327,"Giá vốn (80%): Màn hình  LCD VIEWSONIC VX3276-MHD-2.31.5""",632,1561,12800000.0
2023-03-29,321,Giá vốn (80%): Máy  In Canon Laser LBP-2900,632,1561,2901818.4
2023-03-29,327,"Giá vốn (80%): Màn hình vi tính LCD DELL P2722H 27.0""",632,1561,6545454.4
2023-03-29,326,"Màn hình LCD VIEWSONIC VA1903A/19""",131,511,7181818.0
2023-03-29,326,Giá vốn (80%): Máy in Brother HL- L2321D,632,1561,19054545.6
2023-03-29,326,Máy in Brother HL- L2321D,131,511,23818182.0
2023-03-29,325,Giá vốn (80%): Máy In Canon Laser LBP 226DW,632,1561,4400000.0
2023-03-29,325,Máy In Canon Laser LBP 226DW,131,511,5500000.0
2023-03-29,324,Giá vốn (80%): MÁY IN  Brother HL-L2321D,632,1561,1963636.0
2023-03-29,324,MÁY IN  Brother HL-L2321D,131,511,2454545.0
2023-03-29,326,"Giá vốn (80%): Màn hình LCD VIEWSONIC VA1903A/19""",632,1561,5745454.4
2023-03-29,323,Giá vốn (80%): 4K0Z7PA: Máy tính xách tay HP 14s-fq1080AU - AMD Ryzen3 5300U / 4GB DDR4-3200/ SSD 256GB / Radeon VegaGraphics/ 14” HD/ Windows 11 Home/ Natural Silver/ 1Y,632,1561,17236364.0
2023-03-29,317,Giá vốn (80%): Cáp truyền dữ liệu HDMI 10m Ugreen,632,1561,320000.0
2023-03-29,317,Cáp truyền dữ liệu HDMI 10m Ugreen,131,511,400000.0
2023-03-29,318,Giá vốn (80%): MỰC LASER ĐEN PREMIUM,632,1561,232727.2
2023-03-29,318,MỰC LASER ĐEN PREMIUM,131,511,290909.0
2023-03-29,318,Giá vốn (80%): HỘP MỰC ECOPLUS 12A,632,1561,232727.2
2023-03-29,318,HỘP MỰC ECOPLUS 12A,131,511,290909.0
2023-03-29,327,"Màn hình  LCD VIEWSONIC VX3276-MHD-2.31.5""",131,511,16000000.0
2023-03-29,323,4K0Z7PA: Máy tính xách tay HP 14s-fq1080AU - AMD Ryzen3 5300U / 4GB DDR4-3200/ SSD 256GB / Radeon VegaGraphics/ 14” HD/ Windows 11 Home/ Natural Silver/ 1Y,131,511,21545455.0
2023-03-29,326,Bàn phím  Dell Multimedia KB216,131,511,4090909.0
2023-03-29,320,Giá vốn (80%): Máy  In Canon Laser LBP-2900,632,1561,2901818.4
2023-03-29,326,Giá vốn (80%): Bàn phím  Dell Multimedia KB216,632,1561,3272727.2
2023-03-29,327,"Giá vốn (80%): Màn hình vi tính Dell LCD  U2419H  23.8"" WHD-3Y",632,1561,15709091.2
2023-03-29,327,"Màn hình vi tính Dell LCD  U2419H  23.8"" WHD-3Y",131,511,19636364.0
2023-03-29,327,Giá vốn (80%): Máy in đa năng Brother MFC - L2701D,632,1561,18909091.2
2023-03-29,327,Máy in đa năng Brother MFC - L2701D,131,511,23636364.0
2023-03-29,327,Bộ máy vi tính,131,511,85909091.0
2023-03-29,326,"Giá vốn (80%): Thiết bị chuyển mạch  TP-Link,TL-SF1005D",632,1561,109090.4
2023-03-29,326,"Thiết bị chuyển mạch  TP-Link,TL-SF1005D",131,511,136363.0
2023-03-29,327,Giá vốn (80%): Bộ máy vi tính,632,1561,68727272.8
2023-03-29,326,TAI NGHE SOUNDMAX AH314,131,511,1818182.0
2023-03-29,326,Giá vốn (80%): Máy In Canon Laser LBP-2900,632,1561,10909091.2
2023-03-29,326,Máy In Canon Laser LBP-2900,131,511,13636364.0
2023-03-29,326,"Giá vốn (80%): Máy tính xách tay MSI GF63 Thin11SC-664VN (i5-11400H; 8GB;512GB SSD; GTX 1650/4GB; 15.6""FHD 144Hz; Win11; Đen)",632,1561,11636364.0
2023-03-29,326,"Máy tính xách tay MSI GF63 Thin11SC-664VN (i5-11400H; 8GB;512GB SSD; GTX 1650/4GB; 15.6""FHD 144Hz; Win11; Đen)",131,511,14545455.0
2023-03-29,326,Giá vốn (80%): Chuột máy tính  Dell MS116,632,1561,1854545.6
2023-03-29,326,Chuột máy tính  Dell MS116,131,511,2318182.0
2023-03-29,326,Giá vốn (80%): TAI NGHE SOUNDMAX AH314,632,1561,1454545.6
2023-03-29,327,"Màn hình vi tính LCD DELL P2722H 27.0""",131,511,8181818.0
2023-03-30,329,"Thiết bị chuyển mạch  TP-Link,TL-SF1008D",131,511,145454.0
2023-03-30,1607,Cạc màn hình Asus GT710-SL-2GD3-BRK-EVO,6422,1111,4090909.0
2023-03-30,5508,Cạc màn hình Asus TUF-GTX1650-O4GD6-GAMING,6422,1111,16745455.0
2023-03-30,5559,Tai nghe Logitech G331 Stereo (981-000759),6422,1111,2236364.0
2023-03-30,329,"Giá vốn (80%): Thiết bị đầu cuối GSM/W-CDMA FDD 2.4GHz TP-Link,M7000",632,1561,676363.2
2023-03-30,329,"Thiết bị đầu cuối GSM/W-CDMA FDD 2.4GHz TP-Link,M7000",131,511,845454.0
2023-03-30,329,"Giá vốn (80%): Thiết bị chuyển mạch  TP-Link,TL-SF1008D",632,1561,116363.2
2023-03-30,329,Camera quan sát DS-2CE16D0T-LFS,131,511,3600000.0
2023-03-30,329,Giá vốn (80%): Thẻ nhớ 32GB MICRO SDHC Exceria UHS-I C10 U1  KIOXIA,632,1561,581818.4
2023-03-30,329,Thẻ nhớ 32GB MICRO SDHC Exceria UHS-I C10 U1  KIOXIA,131,511,727273.0
2023-03-30,329,Giá vốn (80%): Ổ cứng di động USB KIOXIA 16GB U202 2.0,632,1561,349091.2
2023-03-30,329,Ổ cứng di động USB KIOXIA 16GB U202 2.0,131,511,436364.0
2023-03-30,329,"Giá vốn (80%): Ổ cứng GT Western Digital 2TB - 3.5""",632,1561,1054545.6
2023-03-30,329,"Ổ cứng GT Western Digital 2TB - 3.5""",131,511,1318182.0
2023-03-30,329,Giá vốn (80%): Camera quan sát DS-2CE16D0T-LFS,632,1561,2880000.0
2023-03-30,1607,Bảng mạch chính Asus PRIME H510M-F,6422,1111,20727273.0
2023-03-30,329,"Thiết bị thu phát vô tuyến  2.4GHz TP-Link,TL-WA850RE",131,511,600000.0
2023-03-30,1607,Bộ nhớ trong Kingston Fury 32GB D4-3600U CL18 Beast RGB Kit/2 (KF436C18BBAK2/32),6422,1111,4309091.0
2023-03-30,2190,Thuế GTGT: TP CK CTY HUETRONICS,1331,1111,2300.0
2023-03-30,2168,CARD VGA của máy vi tính hiệu ASUS GT730 - SL - 2GD5 - BRK,6422,1111,2363636.0
2023-03-30,5917,Thuế GTGT: Dịch vụ ngân hàng,6422,1121,18400.0
2023-03-30,5917,Dịch vụ ngân hàng,6422,1121,184000.0
2023-03-30,5698,"Máy tính xách tay MSI Katana GF66 12UDK-814VN/Alder Lake i7-12650H/512GB SSD/DDR4 8GB*2 (3200MHz)/RTX3050Ti GDDR6 4GB/15.6"" FHD/WIN11/màu đen/ ba lô",6422,1111,23627273.0
2023-03-30,5698,"Máy tính xách tay MSI Katana GF66 12UCK-699VN/Alder Lake i5-12450H/512GB SSD/DDR4 8GB (3200MHz)/RTX3050 GDDR6 4GB/15.6"" FHD/WIN 11/màu đen/ba lô",6422,1111,38254545.0
2023-03-30,16617,Không có tên,6422,1111,9466010.0
2023-03-30,51220,THU LAI VAY QUA HAN PDLD2303400378,6422,1111,1849822.0
2023-03-30,99458,MÁY VI TÍNH ĐỂ BÀN (PC) LENOVO ThinkCentre neo 50t Gen 3 i3-12100(4*3.3)/4GD4/256GSSD/WL/BT/KB/M/nOS/ĐEN(11SC001LVA),6422,1111,85700000.0
2023-03-30,1264,Thuế GTGT: Dịch vụ SMS Brandname CSKH,1331,1111,11544.0
2023-03-30,2168,Chíp vi xử lý INTEL CORE I5 12400F - 2.50GHZ (BX8071512400F S RL4W)+Quạt,6422,1111,3436364.0
2023-03-30,1264,Dịch vụ SMS Brandname CSKH,6422,1111,115436.0
2023-03-30,2189,TP CK CTY MINH PHAT,6422,1111,23000.0
2023-03-30,329,Giá vốn (80%): Đầu ghi hình DS-7208HGHI-K1,632,1561,1549091.2
2023-03-30,2190,TP CK CTY HUETRONICS,6422,1111,23000.0
2023-03-30,1210,Đầu ghi hình DS-7216HGHI-K1,6422,1111,1364400.0
2023-03-30,1210,Camera quan sát DS-2CE16D0T-LFS,6422,1111,5932800.0
2023-03-30,1210,"Camera quan sát CS-C8PF (2MP,W1)",6422,1111,1236364.0
2023-03-30,1210,"Camera quan sát CS-H8C (3MP,4MM)",6422,1111,2618182.0
2023-03-30,1210,Camera quan sát CS-H8C (1080P),6422,1111,2400000.0
2023-03-30,2189,Thuế GTGT: TP CK CTY MINH PHAT,1331,1111,2300.0
2023-03-30,329,Đầu ghi hình DS-7208HGHI-K1,131,511,1936364.0
2023-03-30,2168,CHÍP VI XỬ LÝ INTEL CORE I5-12400 - 2.50GHZ + QUẠT,6422,1111,8818182.0
2023-03-30,331,"Máy tính xách tay LenovoThinkPad E14 Gen 4, i5-1235U,8GB, 512GB SSD, Intel Iris XeGraphics, 14"" FHD, 3C 45Wh,ax+BT, FP, No OS, Đen (Black), WTY_21E300DPVA",131,511,17272727.0
2023-03-30,339,Bộ máy vi tính,131,511,70000000.0
2023-03-30,338,Giá vốn (80%): Bộ máy vi tính,632,1561,87272727.2
2023-03-30,338,Bộ máy vi tính,131,511,109090909.0
2023-03-30,337,Giá vốn (80%): MÁY VI TÍNH ĐỂ BÀN,632,1561,3890908.8
2023-03-30,337,MÁY VI TÍNH ĐỂ BÀN,131,511,4863636.0
2023-03-30,337,Giá vốn (80%): MÁY IN Brother HL-L2321D,632,1561,1927272.8
2023-03-30,337,MÁY IN Brother HL-L2321D,131,511,2409091.0
2023-03-30,336,Giá vốn (80%): CARD ĐỒ HỌA ASUS PH-GTX1650-O4GD6-90YV0EH2-M0NA00,632,1561,2974545.6
2023-03-30,339,Giá vốn (80%): Bộ máy vi tính,632,1561,56000000.0
2023-03-30,336,CARD ĐỒ HỌA ASUS PH-GTX1650-O4GD6-90YV0EH2-M0NA00,131,511,3718182.0
2023-03-30,335,"Máy tính để bàn Dell Vostro 3710 STI34010W1-8G-256G Intel Core i3-12100processor (4-Core, 12M Cache, 3.3GHz to 4.3GHz), 1x8GB, DDR4,3200MHz, 256GB NVMe M.2 PCIe SSD, Chuột, Bàn Phím, Windows 11Microsoft Office Home and Student 2021",131,511,10909091.0
2023-03-30,334,Giá vốn (80%): Ổ CỨNG Kingmax PQ3480 256GB(ZeusM2PCIe-Gen3x4),632,1561,480000.0
2023-03-30,334,Ổ CỨNG Kingmax PQ3480 256GB(ZeusM2PCIe-Gen3x4),131,511,600000.0
2023-03-30,333,Giá vốn (80%): Bộ nhớ trong Ram 16gb/3200 kingston,632,1561,1127272.8
2023-03-30,333,Bộ nhớ trong Ram 16gb/3200 kingston,131,511,1409091.0
2023-03-30,332,"Giá vốn (80%): Thiết bị phụ trợ mạng Planet 17"" 8­Port Combo VGA LCD KVM Switch_KVM­210­08M",632,1121,21658181.6
2023-03-30,332,"Thiết bị phụ trợ mạng Planet 17"" 8­Port Combo VGA LCD KVM Switch_KVM­210­08M",131,511,27072727.0
2023-03-30,331,"Giá vốn (80%): Máy tính xách tay LenovoThinkPad E14 Gen 4, i5-1235U,8GB, 512GB SSD, Intel Iris XeGraphics, 14"" FHD, 3C 45Wh,ax+BT, FP, No OS, Đen (Black), WTY_21E300DPVA",632,1561,13818181.6
2023-03-30,335,"Giá vốn (80%): Máy tính để bàn Dell Vostro 3710 STI34010W1-8G-256G Intel Core i3-12100processor (4-Core, 12M Cache, 3.3GHz to 4.3GHz), 1x8GB, DDR4,3200MHz, 256GB NVMe M.2 PCIe SSD, Chuột, Bàn Phím, Windows 11Microsoft Office Home and Student 2021",632,1561,8727272.8
2023-03-30,340,Vỏ thùng máy tính  JETEK Squid Game X1 (WHITE),131,511,709091.0
2023-03-30,329,"Giá vốn (80%): Thiết bị thu phát vô tuyến  2.4GHz TP-Link,TL-WA850RE",632,1561,480000.0
2023-03-30,340,Giá vốn (80%): Vỏ thùng máy tính  JETEK Squid Game X1 (WHITE),632,1561,567272.8
2023-03-30,330,Giá vốn (80%): USB hiệu Kingston 16GB 3.0DT100G3,632,1561,1636363.2
2023-03-30,330,USB hiệu Kingston 16GB 3.0DT100G3,131,511,2045454.0
2023-03-30,340,Thẻ nhớ Micro SD+Adaptor Hikvision HS-TF-C1/32G,131,511,290909.0
2023-03-30,340,Giá vốn (80%): Ổ cứng di động USB KIOXIA 16GB U202 2.0,632,1561,472727.2
2023-03-30,340,Ổ cứng di động USB KIOXIA 16GB U202 2.0,131,511,590909.0
2023-03-30,340,Giá vốn (80%): Bàn phím Keyboard NK2500,632,1561,523636.0
2023-03-30,340,Bàn phím Keyboard NK2500,131,511,654545.0
2023-03-30,340,Giá vốn (80%): Chuột vi tính có dây Rapoo N100,632,1561,327272.8
2023-03-30,340,Giá vốn (80%): Thẻ nhớ Micro SD+Adaptor Hikvision HS-TF-C1/32G,632,1561,232727.2
2023-03-30,340,Giá vốn (80%): Nguồn JETEK  Model J450,632,1561,872727.2
2023-03-30,340,Nguồn JETEK  Model J450,131,511,1090909.0
2023-03-30,340,Giá vốn (80%): Nguồn JETEK  Model J400,632,1561,1156364.0
2023-03-30,340,Nguồn JETEK  Model J400,131,511,1445455.0
2023-03-30,340,Giá vốn (80%): Vỏ thùng máy tính JETEK Squid Game R5,632,1561,487272.8
2023-03-30,340,Vỏ thùng máy tính JETEK Squid Game R5,131,511,609091.0
2023-03-30,340,Vỏ thùng máy tính GOLDEN FIELD 241 PLUS,131,511,454545.0
2023-03-30,340,Giá vốn (80%): Vỏ thùng máy tính GOLDEN FIELD 241 PLUS,632,1561,363636.0
2023-03-30,340,Chuột vi tính có dây Rapoo N100,131,511,409091.0
2023-03-31,67202949,Thuế GTGT: Không có tên,1331,1111,35000.0
2023-03-31,2193,Chíp vi xử lý Intel PENTIUM G6400 - 4.00 GHZ (BX80701G6400 S RH3Y) + quạt,6422,1111,6363636.0
2023-03-31,67202949,Không có tên,6422,1111,350000.0
2023-04-01,224002,Thuế GTGT: Cước dịch vụ Viễn thông-Công nghệ thông tin tháng 03 năm 2023,1331,1111,37781.0
2023-04-01,224002,Cước dịch vụ Viễn thông-Công nghệ thông tin tháng 03 năm 2023,6422,1111,377812.0
2023-04-01,177181,Thuế GTGT: Cước dịch vụ Viễn thông-Công nghệ thông tin tháng 03 năm 2023,1331,1111,21364.0
2023-04-01,177181,Cước dịch vụ Viễn thông-Công nghệ thông tin tháng 03 năm 2023,6422,1111,213636.0
2023-04-01,177378,Thuế GTGT: Cước dịch vụ Viễn thông-Công nghệ thông tin tháng 03 năm 2023,1331,1111,2455.0
2023-04-01,177378,Cước dịch vụ Viễn thông-Công nghệ thông tin tháng 03 năm 2023,6422,1111,24545.0
2023-04-01,207657,Thuế GTGT: Cước dịch vụ Viễn thông-Công nghệ thông tin tháng 03 năm 2023,1331,1111,24964.0
2023-04-01,177427,Thuế GTGT: Cước dịch vụ Viễn thông-Công nghệ thông tin tháng 03 năm 2023,1331,1111,2000.0
2023-04-01,177470,Thuế GTGT: Cước dịch vụ Viễn thông-Công nghệ thông tin tháng 03 năm 2023,1331,1111,27400.0
2023-04-01,177470,Cước dịch vụ Viễn thông-Công nghệ thông tin tháng 03 năm 2023,6422,1111,274000.0
2023-04-01,207657,Cước dịch vụ Viễn thông-Công nghệ thông tin tháng 03 năm 2023,6422,1111,249636.0
2023-04-01,177427,Cước dịch vụ Viễn thông-Công nghệ thông tin tháng 03 năm 2023,6422,1111,20000.0
2023-04-01,177377,Cước dịch vụ Viễn thông-Công nghệ thông tin tháng 03 năm 2023,6422,1111,31000.0
2023-04-01,177377,Thuế GTGT: Cước dịch vụ Viễn thông-Công nghệ thông tin tháng 03 năm 2023,1331,1111,3100.0
2023-04-01,223907,Cước dịch vụ Viễn thông-Công nghệ thông tin tháng 03 năm 2023,6422,1111,272859.0
2023-04-01,223907,Thuế GTGT: Cước dịch vụ Viễn thông-Công nghệ thông tin tháng 03 năm 2023,1331,1111,27286.0
2023-04-01,341,CPU MÁY TÍNH,131,511,12881818.0
2023-04-01,341,Giá vốn (80%): CPU MÁY TÍNH,632,1561,10305454.4
2023-04-01,342,Giá vốn (80%): 6R9M6PA: Máy tính xách tay HP 14s-dq5053TU - Intel Core i5-1235U - U15 / 8GB DDR4 2DM 3200/ SSD 512Gb / Intel Iris Xe/ 14 Inch HD/ Win 11 home/ Natural Silver/ 1Y,632,1561,11170908.8
2023-04-01,342,Chuột vi tính Rapoo M20,131,511,118182.0
2023-04-01,342,Giá vốn (80%): Chuột vi tính Rapoo M20,632,1561,94545.6
2023-04-01,223906,Cước dịch vụ Viễn thông-Công nghệ thông tin tháng 03 năm 2023,6422,1111,470352.0
2023-04-01,223906,Thuế GTGT: Cước dịch vụ Viễn thông-Công nghệ thông tin tháng 03 năm 2023,1331,1111,47035.0
2023-04-01,342,6R9M6PA: Máy tính xách tay HP 14s-dq5053TU - Intel Core i5-1235U - U15 / 8GB DDR4 2DM 3200/ SSD 512Gb / Intel Iris Xe/ 14 Inch HD/ Win 11 home/ Natural Silver/ 1Y,131,511,13963636.0
2023-04-02,51555,THU LAI VAY QUA HAN PDLD2308700259,6422,1111,233133.0
2023-04-02,51554,THU LAI VAY QUA HAN PDLD2308800587,6422,1111,10259.0
2023-04-02,51556,THU LAI VAY QUA HAN PDLD2308600588,6422,1111,69939.0
2023-04-02,51557,THU LAI VAY QUA HAN PDLD2308300580,6422,1111,97916.0
2023-04-02,16168,Mực in phun Brother BT5000Y,6422,1111,3174545.0
2023-04-02,16168,Mực in phun Brother BT5000M,6422,1111,3174545.0
2023-04-02,16168,Mực in phun Brother BTD60BK BH17 ASA,6422,1111,4365000.0
2023-04-02,16168,Trống từ Brother DR-B022,6422,1111,5555455.0
2023-04-02,16168,Trống từ Brother DR-2385,6422,1111,13888636.0
2023-04-02,16168,Mực in Brother TN-B022,6422,1111,10912500.0
2023-04-02,16168,Mực in Brother TN-2385,6422,1111,63292500.0
2023-04-02,16168,Máy in phun đa năng Brother MFC-T920DW,6422,1111,13192473.0
2023-04-02,16168,Máy in laser Brother DCP-B7535DW,6422,1111,24418182.0
2023-04-02,16168,Mực in phun Brother BT5000C,6422,1111,3174545.0
2023-04-02,343,Máy in Canon Laser LBP-2900,131,511,3627273.0
2023-04-02,344,Bộ máy vi tính,131,511,8545454.0
2023-04-02,344,Giá vốn (80%): Bộ máy vi tính,632,1561,6836363.2
2023-04-02,344,Máy  In Canon Laser LBP-2900,131,511,3500000.0
2023-04-02,344,Giá vốn (80%): Máy  In Canon Laser LBP-2900,632,1561,2800000.0
2023-04-02,344,Giá vốn (80%): Thiết bị ghi hình webcam RAPOO,632,1561,254545.6
2023-04-02,344,Máy chấm công bằng dấu vân tay  DG600BID,131,511,2990909.0
2023-04-02,344,Giá vốn (80%): Máy chấm công bằng dấu vân tay  DG600BID,632,1561,2392727.2
2023-04-02,344,MÀN HÌNH LCD 23.8 Inch LENOVO THINKVISION S24e-20 (62AEKAR2WW),131,511,2718182.0
2023-04-02,344,Giá vốn (80%): MÀN HÌNH LCD 23.8 Inch LENOVO THINKVISION S24e-20 (62AEKAR2WW),632,1561,2174545.6
2023-04-02,345,Máy In Canon Laser LBP 226DW,131,511,6309091.0
2023-04-02,345,Giá vốn (80%): Máy In Canon Laser LBP 226DW,632,1561,5047272.8
2023-04-02,51570,THU LAI VAY QUA HAN PDLD2304500443,6422,1111,1391765.0
2023-04-02,51558,THU LAI VAY QUA HAN PDLD2308300426,6422,1111,139880.0
2023-04-02,51559,THU LAI VAY QUA HAN PDLD2308200255,6422,1111,81597.0
2023-04-02,16168,Máy in phun đa năng Brother DCP-T226,6422,1111,28348691.0
2023-04-02,343,Giá vốn (80%): Máy in Canon Laser LBP-2900,632,1561,2901818.4
2023-04-02,344,Thiết bị ghi hình webcam RAPOO,131,511,318182.0
2023-04-02,16168,Máy in phun đa năng Brother DCP-T220,6422,1111,25198836.0
2023-04-02,16168,Máy in laser Brother HL-L2321D,6422,1111,157036365.0
2023-04-02,16168,Máy in đa chức năng Brother MFC-L2701D,6422,1111,28352727.0
2023-04-02,51560,THU LAI VAY QUA HAN PDLD2307500658,6422,1111,326385.0
2023-04-02,51561,THU LAI VAY QUA HAN PDLD2307500316,6422,1111,266070.0
2023-04-02,51562,THU LAI VAY QUA HAN PDLD2307300692,6422,1111,381788.0
2023-04-02,51563,THU LAI VAY QUA HAN PDLD2306500370,6422,1111,1142042.0
2023-04-02,51564,THU LAI VAY QUA HAN PDLD2305900592,6422,1111,2098186.0
2023-04-02,51565,THU LAI VAY QUA HAN PDLD2305400571,6422,1111,964260.0
2023-04-02,51566,THU LAI VAY QUA HAN PDLD2305200454,6422,1111,1765768.0
2023-04-02,51567,THU LAI VAY QUA HAN PDLD2305100452,6422,1111,1813493.0
2023-04-02,51568,THU LAI VAY QUA HAN PDLD2304800307,6422,1111,512420.0
2023-04-02,51572,THU LAI VAY QUA HAN PDLD2304000227,6422,1111,972324.0
2023-04-02,51575,THU LAI VAY QUA HAN PDLD2303800419,6422,1111,740536.0
2023-04-02,51577,THU LAI VAY QUA HAN PDLD2303700342,6422,1111,1481074.0
2023-04-02,51579,THU LAI VAY QUA HAN PDLD2303200329,6422,1111,2023340.0
2023-04-02,1332,Loa SoundMax A2130/2.1,6422,1111,1140000.0
2023-04-02,51571,THU LAI VAY QUA HAN PDLD2304400277,6422,1111,2617908.0
2023-04-02,1332,Loa SoundMax A828/2.1,6422,1111,940000.0
2023-04-02,2234,Thuế GTGT: THU PHI CK CTY TIN HOC VIEN SON,1331,1111,8000.0
2023-04-02,1332,Loa SoundMax A2140/2.1,6422,1111,1220000.0
2023-04-02,51569,THU LAI VAY QUA HAN PDLD2304700471,6422,1111,1186884.0
2023-04-02,397,MÁY IN LASER ĐƠN NĂNG CANON I-SENSYS LBP226DW (3516C007AAME),6422,1111,19636364.0
2023-04-02,783,Loa vi tính Microlab M- 300BT/2.1,6422,1111,1718182.0
2023-04-02,783,Loa vi tính Microlab M-108BT,6422,1111,987272.0
2023-04-02,783,Loa vi tính Microlab M-108/2.1,6422,1111,818182.0
2023-04-02,2234,THU PHI CK CTY TIN HOC VIEN SON,6422,1111,80000.0
2023-04-02,783,Loa vi tính Microlab M-600BT/2.1,6422,1111,2309090.0
2023-04-02,783,Loa vi tính Microlab M - 280BT,6422,1111,1509090.0
2023-04-02,783,Loa vi tính Microlab B-26,6422,1111,954545.0
2023-04-02,783,Loa vi tính microlab BP11,6422,1111,909090.0
2023-04-02,1332,Tai nghe SoundMax BT300,6422,1111,420000.0
2023-04-02,783,Loa vi tính Microlab M-106BT/2.1,6422,1111,934546.0
2023-04-03,350,Máy in laser Brother HL-L2321D,131,511,147272727.0
2023-04-03,350,Giá vốn (80%): Máy in laser Brother HL-L2321D,632,1561,117818181.6
2023-04-03,349,BỘ MÁY VI TÍNH,131,511,11536364.0
2023-04-03,349,Giá vốn (80%): BỘ MÁY VI TÍNH,632,1561,9229091.2
2023-04-03,349,Máy  In Canon Laser LBP-2900,131,511,3627272.0
2023-04-03,346,Giá vốn (80%): Bàn phím RAPOO V500SE,632,1561,800000.0
2023-04-03,346,Bàn phím RAPOO V500SE,131,511,1000000.0
2023-04-03,346,Chuột máy tính Dell MS116,131,511,163636.0
2023-04-03,346,Giá vốn (80%): Chuột máy tính Dell MS116,632,1561,130908.8
2023-04-03,351,Giá vốn (80%): BỘ NHỚ RAM SILICON 4GB DDR4-2666,632,1561,3032727.2
2023-04-03,349,Giá vốn (80%): Máy  In Canon Laser LBP-2900,632,1561,2901817.6
2023-04-03,351,BỘ NHỚ RAM SILICON 4GB DDR4-2666,131,511,3790909.0
2023-04-03,2272,THU PHI CK CTY LE TRAN GIA,6422,1111,23000.0
2023-04-03,347,Camera kỹ thuật số có chức năng ghi hiệu EZVIZ mãCS-C3TN (1080P COLOR) 2.8 MM,131,511,881818.0
2023-04-03,347,"Giá vốn (80%): Camera quan sát CS-C1C 1080P, H.265 (E0-1E2WF)",632,1561,1047272.8
2023-04-03,347,"Camera quan sát CS-C1C 1080P, H.265 (E0-1E2WF)",131,511,1309091.0
2023-04-03,347,Giá vốn (80%): Thẻ nhớ 64GB MICRO SDXC Exceria UHS -I C10 U1 KIOXIA,632,1561,283636.8
2023-04-03,347,Thẻ nhớ 64GB MICRO SDXC Exceria UHS -I C10 U1 KIOXIA,131,511,354546.0
2023-04-03,51824,THU LAI VAY LD2303200329,6422,1111,19621.0
2023-04-03,51826,THU LAI VAY LD2303400378,6422,1111,240460.0
2023-04-03,2272,Thuế GTGT: THU PHI CK CTY LE TRAN GIA,1331,1111,2300.0
2023-04-03,348,Giá vốn (80%): Máy bộ đàm GP685,632,1561,1090908.8
2023-04-03,348,Máy bộ đàm GP685,131,511,1363636.0
2023-04-03,347,Giá vốn (80%): Camera kỹ thuật số có chức năng ghi hiệu EZVIZ mãCS-C3TN (1080P COLOR) 2.8 MM,632,1561,705454.4
2023-04-04,358,Giá vốn (80%): Hộp mực  in Ecoplus 12A,632,1561,94545.6
2023-04-04,2301,TP CK CTY VINH XUAN,6422,1111,23000.0
2023-04-04,2301,Thuế GTGT: TP CK CTY VINH XUAN,1331,1111,2300.0
2023-04-04,2279,THU PHI BS BCNN FT23055MHZR3 NG24.2.23,6422,1111,40000.0
2023-04-04,2279,Thuế GTGT: THU PHI BS BCNN FT23055MHZR3 NG24.2.23,1331,1111,4000.0
2023-04-04,353,Giá vốn (80%): Bàn Phím Dell Multimedia KB216,632,1561,1236364.0
2023-04-04,352,"Ổ cứng Seagate Expansion2TB 2.5""(STEA2000400)",131,511,1627273.0
2023-04-04,352,"Giá vốn (80%): Ổ cứng Seagate Expansion2TB 2.5""(STEA2000400)",632,1561,1301818.4
2023-04-04,353,Chuột Vi Tính  Rapoo M20,131,511,1090909.0
2023-04-04,353,Giá vốn (80%): Chuột Vi Tính  Rapoo M20,632,1561,872727.2
2023-04-04,358,Hộp mực  in Ecoplus 12A,131,511,118182.0
2023-04-04,40959,"Máy tính xách tay Lenovo ThinkPad E14 Gen 4, i5-1235U, 8GB, 512GB SSD, Intel Iris Xe Graphics, 14"" FHD, 3C 45Wh, ax+BT, FP, No OS, Đen (Black), 2Y WTY_21E300DPVA",6422,1111,15454545.0
2023-04-04,357,"Giá vốn (80%): Bút trình chiếu hiệu Rapoo mới 100%. WirelessPrensenter BLACK, XR200",632,1561,472727.2
2023-04-04,353,Bàn Phím Dell Multimedia KB216,131,511,1545455.0
2023-04-04,356,Giá vốn (80%): Hộp mực  in Ecoplus 12A,632,1561,94545.6
2023-04-04,357,"Bút trình chiếu hiệu Rapoo mới 100%. WirelessPrensenter BLACK, XR200",131,511,590909.0
2023-04-04,354,Máy In Canon Laser LBP-2900,131,511,3472727.0
2023-04-04,354,"Máy tính xách tay Dell Inspiron 15 3520 Intel Core i5-1235U, 15.6""FHD, 1x8G,256GB SSD PCIe NVMe, 3 Cell-41Whr, Win 11 Microsoft Office Home andStudent 2021, N5I5122W1-Black",131,511,14090909.0
2023-04-04,354,"Giá vốn (80%): Máy tính xách tay Dell Inspiron 15 3520 Intel Core i5-1235U, 15.6""FHD, 1x8G,256GB SSD PCIe NVMe, 3 Cell-41Whr, Win 11 Microsoft Office Home andStudent 2021, N5I5122W1-Black",632,1561,11272727.2
2023-04-04,354,Chuột máy tính Logitech M221,131,511,436364.0
2023-04-04,354,Giá vốn (80%): Máy In Canon Laser LBP-2900,632,1561,2778181.6
2023-04-04,355,MÁY IN Canon Laser LBP-2900,131,511,10745455.0
2023-04-04,355,Giá vốn (80%): MÁY IN Canon Laser LBP-2900,632,1561,8596364.0
2023-04-04,355,BỘ CHIA CỔNG Cliptec RZH209,131,511,136363.0
2023-04-04,355,Giá vốn (80%): BỘ CHIA CỔNG Cliptec RZH209,632,1561,109090.4
2023-04-04,356,Hộp mực  in Ecoplus 12A,131,511,118182.0
2023-04-04,354,Giá vốn (80%): Chuột máy tính Logitech M221,632,1561,349091.2
2023-04-05,362,Giá vốn (80%): Chuột vi tính Rapoo M20,632,1561,669091.2
2023-04-05,362,Giá vốn (80%): Loa vi tính  Microlab M108/2.1,632,1561,552728.0
2023-04-05,362,Tai nghe SoundMax AH317,131,511,272727.0
2023-04-05,362,Giá vốn (80%): Tai nghe SoundMax AH317,632,1561,218181.6
2023-04-05,362,Camera quan sát kỹ thuật số có chức năng ghi hiệuEZVIZ mã CS-H8C,131,511,1718182.0
2023-04-05,362,Giá vốn (80%): Camera quan sát kỹ thuật số có chức năng ghi hiệuEZVIZ mã CS-H8C,632,1561,1374545.6
2023-04-05,362,Chuột vi tính Rapoo M20,131,511,836364.0
2023-04-05,362,"Thiết bị định tuyến thu phát vô tuyến TP-Link,2.4Ghz,TL-MR6400",131,511,1063636.0
2023-04-05,359,"Giá vốn (80%): Máy tính xách tay MSI GF63 Thin11SC - 664VN (i5-11400H;8GB;512GB SSD; GTX 1650/4GB; 15.6""FHD 144Hz; Win11;Đen)",632,1561,10981818.4
2023-04-05,359,"Thiết bị định tuyến thu phát vô tuyến  TP-Link,2.4Ghz,TL-MR6400",131,511,1963636.0
2023-04-05,359,"Giá vốn (80%): Thiết bị định tuyến thu phát vô tuyến  TP-Link,2.4Ghz,TL-MR6400",632,1561,1570908.8
2023-04-05,359,MÀN HÌNH LCD 23.8 Inch LENOVO THINKVISION S24e-20 (62AEKAR2WW),131,511,2363636.0
2023-04-05,359,"Máy tính xách tay MSI GF63 Thin11SC - 664VN (i5-11400H;8GB;512GB SSD; GTX 1650/4GB; 15.6""FHD 144Hz; Win11;Đen)",131,511,13727273.0
2023-04-05,362,Loa vi tính  Microlab M108/2.1,131,511,690910.0
2023-04-05,361,Dây cáp mạng Ensoho EN-U5CA24 UTP Cat5e,131,511,481818.0
2023-04-05,361,Giá vốn (80%): Dây cáp mạng Ensoho EN-U5CA24 UTP Cat5e,632,1561,385454.4
2023-04-05,4636,Kiểm định xe Tải đến 2T (BĐK: 81C-064.95),6422,1111,263636.0
2023-04-05,362,"Giá vốn (80%): Thiết bị định tuyến thu phát vô tuyến TP-Link,2.4Ghz,TL-MR6400",632,1561,850908.8
2023-04-05,362,Giá vốn (80%): Camera quan sát CS-H8C (1080P),632,1561,1112728.0
2023-04-05,359,Giá vốn (80%): MÀN HÌNH LCD 23.8 Inch LENOVO THINKVISION S24e-20 (62AEKAR2WW),632,1561,1890908.8
2023-04-05,362,"Giá vốn (80%): Ổ cứng  GT Western Digital 4TB - 3.5""",632,1561,1883636.0
2023-04-05,362,Camera quan sát CS-H8C (1080P),131,511,1390910.0
2023-04-05,2348,THU PHI CK CTY PTCNQG ADG DA NANG,6422,1111,40000.0
2023-04-05,2348,Thuế GTGT: THU PHI CK CTY PTCNQG ADG DA NANG,1331,1111,4000.0
2023-04-05,691,Cước dịch vụ viễn thông trả sau (Dịch vụ chịu thuế),6422,1111,242727.0
2023-04-05,691,Thuế GTGT: Cước dịch vụ viễn thông trả sau (Dịch vụ chịu thuế),1331,1111,24273.0
2023-04-05,360,"Ổ CỨNG Seagate Expansion1TB 2.5""(STEA1000405)",131,511,1200000.0
2023-04-05,362,Đầu ghi hình DS-7216HGHI-K1,131,511,2318182.0
2023-04-05,362,Giá vốn (80%): Đầu ghi hình DS-7216HGHI-K1,632,1561,1854545.6
2023-04-05,360,"Giá vốn (80%): Ổ CỨNG Seagate Expansion1TB 2.5""(STEA1000405)",632,1561,960000.0
2023-04-05,362,Giá vốn (80%): Camera quan sát DS-2CE16D0T-LFS,632,1561,11752727.2
2023-04-05,362,Camera quan sát CS-C6N (1080P),131,511,1363636.0
2023-04-05,362,Giá vốn (80%): Camera quan sát CS-C6N (1080P),632,1561,1090908.8
2023-04-05,362,Thẻ nhớ 32GB Kioxia,131,511,272727.0
2023-04-05,362,Giá vốn (80%): Thẻ nhớ 32GB Kioxia,632,1561,218181.6
2023-04-05,362,Camera kỹ thuật số có chức năng ghi hiệu EZVIZ mãCS-C3TN (1080P COLOR) 2.8 MM,131,511,954545.0
2023-04-05,362,Giá vốn (80%): Camera kỹ thuật số có chức năng ghi hiệu EZVIZ mãCS-C3TN (1080P COLOR) 2.8 MM,632,1561,763636.0
2023-04-05,362,"Ổ cứng  GT Western Digital 4TB - 3.5""",131,511,2354545.0
2023-04-05,362,Camera quan sát DS-2CE16D0T-LFS,131,511,14690909.0
2023-04-06,364,"Giá vốn (80%): Máy tính xách tay LenovoThinkPad E14 Gen 4, i5-1235U,8GB, 512GB SSD, Intel Iris XeGraphics, 14"" FHD, 3C 45Wh,ax+BT, FP, No OS, Đen (Black),2Y WTY_21E300DPVA",632,1561,12436364.0
2023-04-06,606,Máy đọc mã vạch WAI-5780,6422,1111,909091.0
2023-04-06,606,Máy đọc mã vạch WNI - 6710G,6422,1111,836364.0
2023-04-06,606,Máy in mã vạch XP-350BM,6422,1111,6363636.0
2023-04-06,606,Máy in hóa đơn XP-T80L,6422,1111,7090909.0
2023-04-06,2387,THU PHI CK CTY LBM,6422,1111,15000.0
2023-04-06,364,"Máy tính xách tay LenovoThinkPad E14 Gen 4, i5-1235U,8GB, 512GB SSD, Intel Iris XeGraphics, 14"" FHD, 3C 45Wh,ax+BT, FP, No OS, Đen (Black),2Y WTY_21E300DPVA",131,511,15545455.0
2023-04-06,2387,Thuế GTGT: THU PHI CK CTY LBM,1331,1111,1500.0
2023-04-06,363,MÁY TÍNH ĐỂ BÀN (PC) LENOVO ThinkCentre neo 50s Gen 3 i5- 12400(6*2.5)/4GD4/256GSSD/WL/BT/KB/M/NoOS/ĐEN(11T000AXVA),131,511,18909091.0
2023-04-06,363,Giá vốn (80%): MÀN HÌNH LCD 23.8 Inch LENOVO THINKVISION S24e-20 (62AEKAR2WW),632,1561,9090908.8
2023-04-06,363,MÀN HÌNH LCD 23.8 Inch LENOVO THINKVISION S24e-20 (62AEKAR2WW),131,511,11363636.0
2023-04-06,363,Giá vốn (80%): MÀN HÌNH VI TÍNH (LCD) LENOVO C22-20 21.5INCH/1920 x 1080/75Hz/VGA/HDMI/ĐEN/3Y(62A7KAR1WW),632,1561,14545454.4
2023-04-06,363,MÀN HÌNH VI TÍNH (LCD) LENOVO C22-20 21.5INCH/1920 x 1080/75Hz/VGA/HDMI/ĐEN/3Y(62A7KAR1WW),131,511,18181818.0
2023-04-06,520,Máy in phun màu khổ A4 Epson L805,6422,1111,10400000.0
2023-04-06,363,Giá vốn (80%): MÁY TÍNH ĐỂ BÀN (PC) LENOVO ThinkCentre neo 50s Gen 3 i5- 12400(6*2.5)/4GD4/256GSSD/WL/BT/KB/M/NoOS/ĐEN(11T000AXVA),632,1561,15127272.8
2023-04-07,365,Máy in phun màu khổ A4 Epson L805,131,511,9045455.0
2023-04-07,365,Giá vốn (80%): Máy in phun màu khổ A4 Epson L805,632,1561,7236364.0
2023-04-07,23453389,Thu Phi SMS thay doi so du thang  03/2023,6422,1111,54545.0
2023-04-07,23453389,Thuế GTGT:  Thu Phi SMS thay doi so du thang  03/2023,1331,1111,5455.0
2023-04-09,237,Màn chiếu điện P84ES,6422,1111,1200000.0
2023-04-09,390,Máy bộ đàm VX6868,6422,1111,14000000.0
2023-04-09,115,Đầu nối micro HDMI sang HDMI ugreen (20106),6422,1111,77273.0
2023-04-09,115,Cáp dữ liệu HDMI 1.4 truyền âm thanh hình ảnh dài 35M Ugreen (80729),6422,1111,5745452.0
2023-04-09,115,Cáp dữ liệu VIDEO HDMI 1.4 truyền âm thanh hình ảnh dài 5M Ugreen (10109),6422,1111,1227270.0
2023-04-09,237,Màn chiếu chân P84TS,6422,1111,780000.0
2023-04-09,115,Dây chuyển đổi có chipset USB sang cổng COM RS-232 dài 1.5M Ugreen (20211),6422,1111,618180.0
2023-04-09,237,Màn chiếu treo P84WS,6422,1111,1890000.0
2023-04-09,237,Màn chiếu chân P70TS,6422,1111,1160000.0
2023-04-09,237,Giá treo máy chiếu MS12,6422,1111,440000.0
2023-04-09,366,Hộp mực in Izinet 12A,131,511,290909.0
2023-04-09,2371,"Máy tính xách tay Asus B1500C i5-1135G7/ 8GB/ 512GBSSD/ UMA/ 15.6""FHD/ FP/ Chuột/ Win 11/ Đen/ 2YW_B1500CEAE-EJ2362W",6422,1111,12545455.0
2023-04-09,1387,"Camera quan sát CS-C6N (4MP,W1)",6422,1111,2840910.0
2023-04-09,1387,Camera kỹ thuật số có chức năng ghi hiệu EZVIZ mã CS-C3TN (1080P COLOR) 2.8 MM- hỗ trợ thẻ nhớ trong,6422,1111,2072727.0
2023-04-09,366,Giá vốn (80%): Hộp mực in Izinet 12A,632,1561,232727.2
2023-04-09,367,Ổ đĩa cứng GT Kingston 120GB(SA400S37/120G)km,131,511,1181818.0
2023-04-09,367,Giá vốn (80%): Ổ đĩa cứng GT Kingston 120GB(SA400S37/120G)km,632,1561,945454.4
2023-04-09,367,Mực laser đen Premium,131,511,81818.0
2023-04-09,367,Giá vốn (80%): Mực laser đen Premium,632,1561,65454.4
2023-04-09,115,Cáp dữ liệu VIDEO HDMI 1.4 truyền âm thanh hình ảnh dài 15M Ugreen (10111),6422,1111,2227270.0
2023-04-09,24390307,Trich thu Tien vay - Lai : 9784110 - Acct vay 377993869,6422,1111,9784110.0
2023-04-09,372,Giá vốn (80%): Bàn phím RAPOO V500SE,632,1561,400000.0
2023-04-09,371,Mực  in 308 Number One,131,511,381818.0
2023-04-09,372,"Giá vốn (80%): Ổ cứng Seagate Expansion 1TB 2.5""",632,1561,1054545.6
2023-04-09,372,Bàn phím RAPOO V500SE,131,511,500000.0
2023-04-09,368,MÁY BỘ ĐÀM  VX6868,131,511,14545455.0
2023-04-09,368,Giá vốn (80%): MÁY BỘ ĐÀM  VX6868,632,1561,11636364.0
2023-04-09,369,Máy chiếu đa năng ViewSonic PA503W,131,511,35972727.0
2023-04-09,369,Giá vốn (80%): Máy chiếu đa năng ViewSonic PA503W,632,1561,28778181.6
2023-04-09,369,Máy In Canon Laser LBP-2900,131,511,3590909.0
2023-04-09,369,Gía treo máy chiếu 1.2m,131,511,818182.0
2023-04-09,369,Giá vốn (80%): Gía treo máy chiếu 1.2m,632,1561,654545.6
2023-04-09,369,Màn chiếu treo P84WS,131,511,3545455.0
2023-04-09,369,Giá vốn (80%): Màn chiếu treo P84WS,632,1561,2836364.0
2023-04-09,369,Giá vốn (80%): Máy In Canon Laser LBP-2900,632,1561,2872727.2
2023-04-09,369,Giá vốn (80%): Cáp dữ liệu VIDEO HDMI 1.4 truyền âm thanh hình ảnh dài 15M Ugreen (10111),632,1561,1963636.0
2023-04-09,369,Cáp dữ liệu VIDEO HDMI 1.4 truyền âm thanh hình ảnh dài 15M Ugreen (10111),131,511,2454545.0
2023-04-09,371,Giá vốn (80%): Mực  in 308 Number One,632,1121,305454.4
2023-04-09,371,"Giá vốn (80%): Bộ nhớ ngoài  Sandisk 32G SDCZ50-032G-B35,USB,Cruzer",632,1561,400000.0
2023-04-09,371,"Bộ nhớ ngoài  Sandisk 32G SDCZ50-032G-B35,USB,Cruzer",131,511,500000.0
2023-04-09,372,"Ổ cứng Seagate Expansion 1TB 2.5""",131,511,1318182.0
2023-04-09,370,ổ cứng gắn trong 250GB SSD Exceria NVMe BiCS FLASHM.2 PCIe Kioxia,131,511,681818.0
2023-04-09,369,Giá vốn (80%): 6R9M6PA: Máy tính xách tay HP 14s-dq5053TU - Intel Core i5-1235U - U15 / 8GB DDR4 2DM 3200/ SSD 512Gb / Intel Iris Xe/ 14 Inch HD/ Win 11 home/ Natural Silver/ 1Y,632,1561,12356364.0
2023-04-09,369,6R9M6PA: Máy tính xách tay HP 14s-dq5053TU - Intel Core i5-1235U - U15 / 8GB DDR4 2DM 3200/ SSD 512Gb / Intel Iris Xe/ 14 Inch HD/ Win 11 home/ Natural Silver/ 1Y,131,511,15445455.0
2023-04-09,370,Giá vốn (80%): ổ cứng gắn trong 250GB SSD Exceria NVMe BiCS FLASHM.2 PCIe Kioxia,632,1561,545454.4
2023-04-10,24588060,Thu phi Phat hanh Bao lanh thanh toan- So BLTT.GIL.12580.110423,6422,1111,3008219.0
2023-04-10,375,Giá vốn (80%): Bàn phím  RAPOO V500 PRO,632,1561,538181.6
2023-04-10,375,Bàn phím  RAPOO V500 PRO,131,511,672727.0
2023-04-10,375,Giá vốn (80%): Chuột máy tính Logitech M221,632,1561,189091.2
2023-04-10,375,Chuột máy tính Logitech M221,131,511,236364.0
2023-04-10,375,"Giá vốn (80%): Ổ cứng  Seagate Expansion 1TB 2.5""",632,1561,1054545.6
2023-04-10,375,"Ổ cứng  Seagate Expansion 1TB 2.5""",131,511,1318182.0
2023-04-10,375,"Giá vốn (80%): Màn hình vi tính  Dell LCD E2216Hv 21.5"" WHD",632,1561,1854545.6
2023-04-10,375,"Màn hình vi tính  Dell LCD E2216Hv 21.5"" WHD",131,511,2318182.0
2023-04-10,373,Giá vốn (80%): Chuột máy tính Dell WM118,632,1561,181818.4
2023-04-10,373,Giá vốn (80%): Cáp dữ liệu VIDEO HDMI 1.4 truyền âm thanh hình ảnh dài5M Ugreen (10109),632,1561,203636.0
2023-04-10,373,Giá vốn (80%): Thẻ nhớ 64GB Micro SDXC Exceria UHS-I C10 U1100MB/s Kioxia (Không có Adapter),1121,131,123636.8
2023-04-10,373,Chuột máy tính Dell WM118,131,511,227273.0
2023-04-10,374,"Ổ đĩa cứng GT Kingston 2.5""SSD (SA400S37/240G)",131,511,863636.0
2023-04-10,374,Bàn phím  Keyboard NK2500,131,511,545455.0
2023-04-10,374,Giá vốn (80%): Bàn phím  Keyboard NK2500,632,1561,436364.0
2023-04-10,374,"Giá vốn (80%): Ổ đĩa cứng GT Kingston 2.5""SSD (SA400S37/240G)",632,1561,690908.8
2023-04-10,374,Giá vốn (80%): Thẻ nhớ 32GB Micro SDHC Exceria UHS-I C10 U1100MB/s Kioxia (Không có Adapter),1121,131,290908.8
2023-04-10,373,Cáp dữ liệu VIDEO HDMI 1.4 truyền âm thanh hình ảnh dài5M Ugreen (10109),131,511,254545.0
2023-04-10,373,Thẻ nhớ 64GB Micro SDXC Exceria UHS-I C10 U1100MB/s Kioxia (Không có Adapter),131,511,154546.0
2023-04-10,374,Thẻ nhớ 32GB Micro SDHC Exceria UHS-I C10 U1100MB/s Kioxia (Không có Adapter),131,511,363636.0
2023-04-11,377,Mực laser đen Brother 2240,131,511,218182.0
2023-04-11,381,"Giá vốn (80%): THIẾT BỊ ĐẦU CUỐI  GSM/W-CDMA FDD 2.4GHz TP-Link,M7000",632,1561,581818.4
2023-04-11,382,Mực Laser TN-2385 Brother,131,511,409091.0
2023-04-11,382,Giá vốn (80%): Mực Laser TN-2385 Brother,632,1561,327272.8
2023-04-11,377,CPU máy vi tính I3/10105,131,511,6172727.0
2023-04-11,377,Giá vốn (80%): CPU máy vi tính I3/10105,632,1561,4938181.6
2023-04-11,377,Giá vốn (80%): Mực laser đen Brother 2240,632,1561,174545.6
2023-04-11,1401,Camera quan sát CS-H8C (1080P),6422,1111,2386365.0
2023-04-11,1401,Camera quan sát DS-2CE16D0T-LFS,6422,1111,422300.0
2023-04-11,1401,Đầu ghi hình DS-7208HGHI-K1,6422,1111,873300.0
2023-04-11,1401,Camera quan sát DS-2CE10DF0T-FS,6422,1111,1476000.0
2023-04-11,1401,Camera quan sát CS-C6N (1080P),6422,1111,12600000.0
2023-04-11,2522,THU PHI CK CTY CN TH VIEN SON,6422,1111,40000.0
2023-04-11,2522,Thuế GTGT: THU PHI CK CTY CN TH VIEN SON,1331,1111,4000.0
2023-04-11,381,"THIẾT BỊ ĐẦU CUỐI  GSM/W-CDMA FDD 2.4GHz TP-Link,M7000",131,511,727273.0
2023-04-11,57479,THU LAI VAY LD2303700342,6422,1111,428504.0
2023-04-11,381,Giá vốn (80%): BÀN PHÍM RAPOO V500SE,632,1561,400000.0
2023-04-11,378,CHUỘT MÁY TÍNH LOGITECH M187,131,511,272727.0
2023-04-11,380,"Giá vốn (80%): BỘ NHỚ NGOÀI Sandisk 16G SDCZ50-016G-B35,USB,Cruzer",632,1561,690908.8
2023-04-11,381,BÀN PHÍM RAPOO V500SE,131,511,500000.0
2023-04-11,376,"Giá vốn (80%): Máy tính bàn Lenovo Desktop ThinkCentre M70a Gen 3 -i3-12100 ( 4.3 GHZ) - 8GB RAM - 256GB SSD - 21.5 inchFHD -1Yr, P/n , hdd 1TB , 11VL0000VA",632,1561,11701818.4
2023-04-11,378,Giá vốn (80%): CHUỘT MÁY TÍNH LOGITECH M187,632,1561,218181.6
2023-04-11,378,"Ổ cứng Seagate Expansion 1TB 2.5""",131,511,1318182.0
2023-04-11,378,"Giá vốn (80%): Ổ cứng Seagate Expansion 1TB 2.5""",632,1561,1054545.6
2023-04-11,379,HỘP MỰC  Ecoplus 12A,131,511,118182.0
2023-04-11,379,Giá vốn (80%): HỘP MỰC  Ecoplus 12A,632,1561,94545.6
2023-04-11,376,"Máy tính bàn Lenovo Desktop ThinkCentre M70a Gen 3 -i3-12100 ( 4.3 GHZ) - 8GB RAM - 256GB SSD - 21.5 inchFHD -1Yr, P/n , hdd 1TB , 11VL0000VA",131,511,14627273.0
2023-04-11,380,"Giá vốn (80%): Máy tính xách tay Dell Latitude 3420, CTO Intel Core i3-1115G4 (2 Core,6M cache, base 3.0GHz, up to 4.10), MH 14 inch HD (1920 x 1080), RAM8GB, 256GB SSD, Intel® UHD Graphics, Ubuntu",632,1561,8654545.6
2023-04-11,380,USB hiệu Kingston 32GB 3.0DT100G3(DT100G3/32GB),131,511,409091.0
2023-04-11,380,Giá vốn (80%): USB hiệu Kingston 32GB 3.0DT100G3(DT100G3/32GB),632,1561,327272.8
2023-04-11,380,BỘ NHỚ NGOÀI Sandisk 32G SDCZ73-032G-G46,131,511,340909.0
2023-04-11,380,Giá vốn (80%): BỘ NHỚ NGOÀI Sandisk 32G SDCZ73-032G-G46,632,1561,272727.2
2023-04-11,380,"BỘ NHỚ NGOÀI Sandisk 16G SDCZ50-016G-B35,USB,Cruzer",131,511,863636.0
2023-04-11,380,"Máy tính xách tay Dell Latitude 3420, CTO Intel Core i3-1115G4 (2 Core,6M cache, base 3.0GHz, up to 4.10), MH 14 inch HD (1920 x 1080), RAM8GB, 256GB SSD, Intel® UHD Graphics, Ubuntu",131,511,10818182.0
2023-04-12,358,L805 Máy in phun màu khổ A4 Epson,6422,1111,13636364.0
2023-04-12,385,MÁY IN LASER CANON LBP 2900,131,511,3809091.0
2023-04-12,385,Giá vốn (80%): MÁY IN LASER CANON LBP 2900,632,1561,3047272.8
2023-04-12,389,Giấy nhiệt 57-45 (TPNT-K7002 K),131,511,700000.0
2023-04-12,389,Giá vốn (80%): Giấy nhiệt 57-45 (TPNT-K7002 K),632,1561,560000.0
2023-04-12,387,BỘ MÁY VI TÍNH,131,511,5172727.0
2023-04-12,383,Bàn phím Rapoo NK2500,131,511,118182.0
2023-04-12,216,"Máy tính xách tay Apple Macbook Air Apple M1 chip with 8-core CPU/7-core GPU, 16-core Neural Engine, 8GB unified memory, 256GB SSD, 13.3 inch Retina, Touch ID, Two Thunderbolt/USB 4 ports, Space Grey, macOS, Wty 1Y_MGN63SA/A",6422,1121,16818182.0
2023-04-12,52,Giấy nhiệt 57-45 (TPNT-K7002 K),6422,1111,430000.0
2023-04-12,383,Giá vốn (80%): Bàn phím Rapoo NK2500,632,1561,94545.6
2023-04-12,383,Chuột máy tính  Logitech B100,131,511,63636.0
2023-04-12,383,Giá vốn (80%): Chuột máy tính  Logitech B100,632,1561,50908.8
2023-04-12,384,"Giá vốn (80%): Ổ cứng di động Seagate Expansion 2TB 2.5""",632,1561,1781818.4
2023-04-12,387,Giá vốn (80%): BỘ MÁY VI TÍNH,632,1561,4138181.6
2023-04-12,384,"Ổ cứng di động Seagate Expansion 2TB 2.5""",131,511,2227273.0
2023-04-12,2551,TP CK CTY CP DAU TU LBM,6422,1111,15000.0
2023-04-12,384,Máy tính xách tay Asus ExpertBook Model B1400CEAE-EK4263 Core i5 -8G/256GB/ Numpad/ Bàn Phím LED Backlid/No OS,131,511,13454545.0
2023-04-12,384,Giá vốn (80%): Máy tính xách tay Asus ExpertBook Model B1400CEAE-EK4263 Core i5 -8G/256GB/ Numpad/ Bàn Phím LED Backlid/No OS,632,1561,10763636.0
2023-04-12,2551,Thuế GTGT: TP CK CTY CP DAU TU LBM,1331,1111,1500.0
2023-04-12,121400,DO 0.001S-V,6422,1111,454545.0
2023-04-12,388,ổ cứng gắn trong 250GB SSD Exceria NVMe BiCS FLASHM.2 PCIe Kioxia,131,511,3018182.0
2023-04-12,386,"Máy tính xách tay Lenovo S14 G3 IAP CLOUD_GREY/14"" FHD/I3-1215U/8Gb/256Gb/UHD/Fingerprint/No Office/No OS",131,511,24163636.0
2023-04-12,386,"Giá vốn (80%): Máy tính xách tay Lenovo S14 G3 IAP CLOUD_GREY/14"" FHD/I3-1215U/8Gb/256Gb/UHD/Fingerprint/No Office/No OS",632,1561,19330908.8
2023-04-12,388,Giá vốn (80%): ổ cứng gắn trong 250GB SSD Exceria NVMe BiCS FLASHM.2 PCIe Kioxia,632,1561,2414545.6
2023-04-12,386,"Giá vốn (80%): Máy tính xách tay Apple MacBook Air Apple M1 chip with 8-core CPU/7-core GPU, 16-core Neural Engine, 8GB unified memory, 256GB SSD, 13.3-inch Retina, Touch ID, Two Thunderbolt / USB 4 ports, Space Grey, macOS, Wty 1Y_MGN63SA/A",632,1121,14174545.6
2023-04-12,386,Máy in Brother HL - L2321D,131,511,5363636.0
2023-04-12,386,Giá vốn (80%): Máy in Brother HL - L2321D,632,1561,4290908.8
2023-04-12,384,MÁY TÍNH XÁCH TAY (NB) HP Pavilion 15- eg2058TUi5-1240P/8GD4/256GSSD/15.6FHD/Wlax/BT5/3C41WHr/ALUp/W11SL/VÀNG (6K788PA),131,511,13590909.0
2023-04-12,384,Giá vốn (80%): MÁY TÍNH XÁCH TAY (NB) HP Pavilion 15- eg2058TUi5-1240P/8GD4/256GSSD/15.6FHD/Wlax/BT5/3C41WHr/ALUp/W11SL/VÀNG (6K788PA),632,1561,10872727.2
2023-04-12,386,"Máy tính xách tay Apple MacBook Air Apple M1 chip with 8-core CPU/7-core GPU, 16-core Neural Engine, 8GB unified memory, 256GB SSD, 13.3-inch Retina, Touch ID, Two Thunderbolt / USB 4 ports, Space Grey, macOS, Wty 1Y_MGN63SA/A",131,511,17718182.0
2023-04-13,393,Cạc mạng  PCI Gigabit TP-Link-TG 3468,131,511,209091.0
2023-04-13,393,"Ổ cứng gắn trong 240GB SSDEXCERIABICSFLASH2.5""SATA3 KIOXIA",131,511,627273.0
2023-04-13,393,Ram 4GB Kingston,131,511,445454.0
2023-04-13,393,Giá vốn (80%): Ram 4GB Kingston,632,1561,356363.2
2023-04-13,393,Giá vốn (80%): Cạc mạng  PCI Gigabit TP-Link-TG 3468,632,1561,167272.8
2023-04-13,390,Giá vốn (80%): Bàn phím Rapoo NK2500,632,1561,109091.2
2023-04-13,392,Giá vốn (80%): CỔNG KẾT NỐI MẠNG TL-SG1005D TP-Link,632,1561,203636.0
2023-04-13,395,Ổ cứng di động USB KIOXIA 128GB U366 3.2,131,511,354545.0
2023-04-13,395,Giá vốn (80%): Ổ cứng di động USB KIOXIA 128GB U366 3.2,632,1561,283636.0
2023-04-13,390,Bàn phím Rapoo NK2500,131,511,136364.0
2023-04-13,391,Giá vốn (80%): Bộ lưu điện Santak - TG500,632,1561,814545.6
2023-04-13,392,CỔNG KẾT NỐI MẠNG TL-SG1005D TP-Link,131,511,254545.0
2023-04-13,391,Bộ lưu điện Santak - TG500,131,511,1018182.0
2023-04-13,393,"Giá vốn (80%): Ổ cứng gắn trong 240GB SSDEXCERIABICSFLASH2.5""SATA3 KIOXIA",632,1561,501818.4
2023-04-13,391,Máy tính Casio JS20,131,511,745454.0
2023-04-13,391,Giá vốn (80%): Máy tính Casio JS20,632,1561,596363.2
2023-04-13,394,CHUỘT MÁY TÍNH LOGITECH M170,131,511,209091.0
2023-04-13,397,"THIẾT BỊ CHUYỂN MẠCH TP-Link,LS108G",131,511,500000.0
2023-04-13,397,"Giá vốn (80%): THIẾT BỊ CHUYỂN MẠCH TP-Link,LS108G",632,1561,400000.0
2023-04-13,396,Máy  in Brother HL-L2321D,131,511,2454545.0
2023-04-13,394,Giá vốn (80%): CHUỘT MÁY TÍNH LOGITECH M170,632,1561,167272.8
2023-04-13,598,Máy tính casio JS20,6422,1111,627273.0
2023-04-13,657,Máy in hóa đơn XP-K200L,6422,1111,1909091.0
2023-04-13,657,Máy in hóa đơn XP-K200W,6422,1111,2454545.0
2023-04-13,657,Ngăn kéo đựng tiền JJ410,6422,1111,590909.0
2023-04-13,2449,"Bộ định tuyến Vigor3910, Hiệu Draytek",6422,1111,33363636.0
2023-04-13,396,Giá vốn (80%): Máy  in Brother HL-L2321D,632,1561,1963636.0
2023-04-16,398,Phim sấy mã RM1-0649-FM3,131,511,727273.0
2023-04-16,400,Giá vốn (80%): Cáp dữ liệu VIDEO HDMI 1.4 truyền âm thanh hình ảnh dài5M Ugreen (10109),632,1561,290908.8
2023-04-16,399,Hộp mực in Izinet 12A,131,511,272727.0
2023-04-16,399,Giá vốn (80%): Hộp mực in Izinet 12A,632,1561,218181.6
2023-04-16,399,"Ổ đĩa cứng GT Kingston 2.5""SSD (SA400S37/240G)",131,511,418182.0
2023-04-16,399,"Giá vốn (80%): Ổ đĩa cứng GT Kingston 2.5""SSD (SA400S37/240G)",632,1561,334545.6
2023-04-16,398,Mực in 93A Number One,131,511,954546.0
2023-04-16,398,Giá vốn (80%): Mực in 93A Number One,632,1121,763636.8
2023-04-16,398,Giá vốn (80%): Phim sấy mã RM1-0649-FM3,632,1561,581818.4
2023-04-16,398,Ru lô dưới (ru lô ép),131,511,1181818.0
2023-04-16,398,"Giá vốn (80%): Hộp mực in đã có mực in, tương thích HP MG -CF214A",632,1561,763636.0
2023-04-16,398,Drum máy photo,131,511,818182.0
2023-04-16,398,Giá vốn (80%): Drum máy photo,632,1561,654545.6
2023-04-16,398,Gạt máy photo,131,511,590909.0
2023-04-16,398,Giá vốn (80%): Gạt máy photo,632,1561,472727.2
2023-04-16,398,Giá vốn (80%): Ru lô dưới (ru lô ép),632,1561,945454.4
2023-04-16,398,Bao lụa máy photo,131,511,1681818.0
2023-04-16,398,Giá vốn (80%): Bao lụa máy photo,632,1561,1345454.4
2023-04-16,400,Cáp dữ liệu VIDEO HDMI 1.4 truyền âm thanh hình ảnh dài5M Ugreen (10109),131,511,363636.0
2023-04-16,398,"Hộp mực in đã có mực in, tương thích HP MG -CF214A",131,511,954545.0
2023-04-16,400,Giá vốn (80%): Dây chuyển đổi có chipset USB sang cổng COM RS­232 dài1.5M Ugreen (20211),632,1561,145454.4
2023-04-16,2652,THU PHI CK CTY AN PHAT,6422,1111,23000.0
2023-04-16,400,"Giá vốn (80%): Ổ cứng gắn trong 240GB SSD EXCERIA BICS FLASH 2.5""SATA3 KIOXIA",632,1561,654545.6
2023-04-16,401,MÁY TÍNH ĐỂ BÀN (PC) DELL VOS 3910MT i5-12400(6*2.5)/8GD4/256SSD/WLn/BT/KB/M/W11SL+OFICEHOMEST/ProSup/ĐEN(9M2DD1),131,511,13581818.0
2023-04-16,401,"Ổ cứng GT Western Digital 1TB- 3.5""",131,511,909091.0
2023-04-16,401,"Giá vốn (80%): Ổ cứng GT Western Digital 1TB- 3.5""",632,1561,727272.8
2023-04-16,401,MÀN HÌNH VI TÍNH (LCD)DELL SE2422H23.8INCH,131,511,3718182.0
2023-04-16,401,Giá vốn (80%): MÀN HÌNH VI TÍNH (LCD)DELL SE2422H23.8INCH,632,1561,2974545.6
2023-04-16,2654,THU PHI CK CTY THE GIOI SO,6422,1111,40000.0
2023-04-16,2654,Thuế GTGT: THU PHI CK CTY THE GIOI SO,1331,1111,4000.0
2023-04-16,2653,THU PHI CK CTY LOGICO,6422,1111,23000.0
2023-04-16,2653,Thuế GTGT: THU PHI CK CTY LOGICO,1331,1111,2300.0
2023-04-16,401,Giá vốn (80%): MÁY TÍNH ĐỂ BÀN (PC) DELL VOS 3910MT i5-12400(6*2.5)/8GD4/256SSD/WLn/BT/KB/M/W11SL+OFICEHOMEST/ProSup/ĐEN(9M2DD1),632,1561,10865454.4
2023-04-16,2652,Thuế GTGT: THU PHI CK CTY AN PHAT,1331,1111,2300.0
2023-04-16,402,USB hiệu  Kingston 128GB 3.0DT100G3,131,511,409091.0
2023-04-16,402,Giá vốn (80%): USB hiệu  Kingston 128GB 3.0DT100G3,632,1561,327272.8
2023-04-16,402,"Ổ cứng di động  Seagate 2TB 2.5""",131,511,2227273.0
2023-04-16,402,"Giá vốn (80%): Ổ cứng di động  Seagate 2TB 2.5""",632,1561,1781818.4
2023-04-16,402,Bộ chia cổng Cliptec  RZH343,131,511,163636.0
2023-04-16,402,Giá vốn (80%): Bộ chia cổng Cliptec  RZH343,632,1561,130908.8
2023-04-16,941,Máy chấm công bằng dấu vân tay DG600BID,6422,1111,3300000.0
2023-04-16,400,"Ổ cứng gắn trong 240GB SSD EXCERIA BICS FLASH 2.5""SATA3 KIOXIA",131,511,818182.0
2023-04-16,400,Dây chuyển đổi có chipset USB sang cổng COM RS­232 dài1.5M Ugreen (20211),131,511,181818.0
2023-04-17,408,MÀN HÌNH LCD 23.8 Inch LENOVO THINKVISION S24e -20 (62AEKAR2WW),131,511,29545455.0
2023-04-17,409,Giá vốn (80%): Chuột vi tính Rapoo M20,632,1561,130908.8
2023-04-17,404,"Giá vốn (80%): Máy tính xách tay Dell L3420 I5SSDFB Latitude 3420 - i51135G7-8-256G-UBT-U-1Y(FHD, no FPR)",632,1561,12210909.6
2023-04-17,409,"Giá vốn (80%): Máy quét ảnh, tài liệu HP Pro 2000 S2",632,1561,6036364.0
2023-04-17,409,"Máy quét ảnh, tài liệu HP Pro 2000 S2",131,511,7545455.0
2023-04-17,408,Giá vốn (80%): MÀN HÌNH LCD 23.8 Inch LENOVO THINKVISION S24e -20 (62AEKAR2WW),632,1561,23636364.0
2023-04-17,409,Chuột vi tính Rapoo M20,131,511,163636.0
2023-04-17,408,MÁY VI TÍNH ĐỂ BÀN (PC) LENOVO ThinkCentre neo 50t Gen 3 i3- 12100(4*3.3)/4GD4/256GSSD/WL/BT/KB/M/nOS/ĐEN( 11SC001LVA),131,511,70000000.0
2023-04-17,1477,Camera quan sát DS-2CD1123G0E-I (L),6422,1111,4800000.0
2023-04-17,2577,"Cáp mạng Cat 5e UTP 305m/thùng, Hiệu Aptek",6422,1111,4418184.0
2023-04-17,1477,Đầu ghi hình DS-7616NI-K1,6422,1111,1688000.0
2023-04-17,1477,Camera quan sát DS-2CD1023G0E-I(L),6422,1111,1800000.0
2023-04-17,129,"Máy quét ảnh, tài liệu HP Pro 2000 S2",6422,1111,6818182.0
2023-04-17,129,"Bộ chuyển đổi có chipset USB 3.0 sang SATA, nguồn 12v-2A Ugreen (60561)",6422,1111,304545.0
2023-04-17,129,Cáp dữ liệu VIDEO DVI 24+1 male sang HDMI female truyền hình ảnh dài 25cm Ugreen (20118),6422,1111,163636.0
2023-04-17,129,ổ cứng Western 1TB (Blue),6422,1111,809091.0
2023-04-17,404,"Máy tính xách tay Dell L3420 I5SSDFB Latitude 3420 - i51135G7-8-256G-UBT-U-1Y(FHD, no FPR)",131,511,15263637.0
2023-04-17,408,Giá vốn (80%): MÁY VI TÍNH ĐỂ BÀN (PC) LENOVO ThinkCentre neo 50t Gen 3 i3- 12100(4*3.3)/4GD4/256GSSD/WL/BT/KB/M/nOS/ĐEN( 11SC001LVA),632,1561,56000000.0
2023-04-17,404,Giá vốn (80%): Máy  in Brother HL - L2321D,632,1561,2145454.4
2023-04-17,2577,"Thiết bị chuyển mạch SF1163P, hiệu Aptek",6422,1111,1772727.0
2023-04-17,405,Giá vốn (80%): Hộp mực  in Izinet 12A,632,1561,400000.0
2023-04-17,403,Máy In Canon Laser LBP-2900,131,511,3472727.0
2023-04-17,403,Giá vốn (80%): Máy In Canon Laser LBP-2900,632,1561,2778181.6
2023-04-17,407,Máy in phun màu khổ A4 Epson L805,131,511,9363636.0
2023-04-17,407,Giá vốn (80%): Máy in phun màu khổ A4 Epson L805,632,1561,7490908.8
2023-04-17,404,Máy  in Brother HL - L2321D,131,511,2681818.0
2023-04-17,406,Giá vốn (80%): BÀN PHÍM Dell Multimedia KB216,632,1561,167272.8
2023-04-17,405,Bộ vi xử lý Intel i5/10400,131,511,3172727.0
2023-04-17,405,Giá vốn (80%): Bộ vi xử lý Intel i5/10400,632,1561,2538181.6
2023-04-17,406,BÀN PHÍM Dell Multimedia KB216,131,511,209091.0
2023-04-17,405,Giá vốn (80%): Bộ nhớ trong Kingmax 8GBD4-3200,632,1561,581818.4
2023-04-17,405,ổ cứng gắn trong 240GB SSD Exceria BiCS FLASH 2.5''SATA3 Kioxia,131,511,636364.0
2023-04-17,405,Giá vốn (80%): ổ cứng gắn trong 240GB SSD Exceria BiCS FLASH 2.5''SATA3 Kioxia,632,1561,509091.2
2023-04-17,405,Bảng mạch chính Asus Prime H510MK,131,511,1518182.0
2023-04-17,405,Giá vốn (80%): Bảng mạch chính Asus Prime H510MK,632,1561,1214545.6
2023-04-17,405,Vỏ thùng máy tính JETEK EN15,131,511,345454.0
2023-04-17,405,Giá vốn (80%): Vỏ thùng máy tính JETEK EN15,632,1561,276363.2
2023-04-17,405,Hộp mực  in Izinet 12A,131,511,500000.0
2023-04-17,405,Bộ nhớ trong Kingmax 8GBD4-3200,131,511,727273.0
2023-04-18,413,Giá vốn (80%): Máy chấm công bằng dấu vân tay DG600BID,632,1561,2392727.2
2023-04-18,411,Giá vốn (80%): Pin carbon AA Philips R6L10S/97,632,1561,21818.4
2023-04-18,411,"THIẾT BỊ CHUYỂN MẠCH TP-Link,TL-SG1005D",131,511,227273.0
2023-04-18,411,"Giá vốn (80%): THIẾT BỊ CHUYỂN MẠCH TP-Link,TL-SG1005D",632,1561,181818.4
2023-04-18,413,Máy chấm công bằng dấu vân tay DG600BID,131,511,2990909.0
2023-04-18,412,Giá vốn (80%): Bộ nhớ trong Kingston 8GD4 - 3200,632,1561,618181.6
2023-04-18,412,ổ cứng gắn trong 240GB SSD Exceria BiCS FLASH 2.5''SATA3 Kioxia,131,511,1136364.0
2023-04-18,412,Giá vốn (80%): ổ cứng gắn trong 240GB SSD Exceria BiCS FLASH 2.5''SATA3 Kioxia,632,1561,909091.2
2023-04-18,412,Bộ nhớ trong Kingston 8GD4 - 3200,131,511,772727.0
2023-04-18,411,Giá vốn (80%): Cáp dữ liệu VIDEO HDMI 1.4 truyền âm thanh hình ảnh dài3M Ugreen,632,1561,181818.4
2023-04-18,411,Pin carbon AA Philips R6L10S/97,131,511,27273.0
2023-04-18,411,Giá vốn (80%): BỘ NHỚ TRONG Kingston 8G-D4 3200S22 1RX8 (KVR32S22S8/8),632,1561,1090908.8
2023-04-18,411,BỘ NHỚ TRONG Kingston 8G-D4 3200S22 1RX8 (KVR32S22S8/8),131,511,1363636.0
2023-04-18,410,"Giá vốn (80%): Thiết bị định tuyến thu phát vô tuyến  TP-Link,2.4Ghz,TL-MR6400",632,1561,909091.2
2023-04-18,410,"Thiết bị định tuyến thu phát vô tuyến  TP-Link,2.4Ghz,TL-MR6400",131,511,1136364.0
2023-04-18,410,Giá vốn (80%): Dây cáp mạng  Ensoho EN-F6CA24 FTP cat6 (305m/h),632,1561,1272727.2
2023-04-18,410,Dây cáp mạng  Ensoho EN-F6CA24 FTP cat6 (305m/h),131,511,1590909.0
2023-04-18,60606,THU LAI VAY LD2304000227,6422,1111,558740.0
2023-04-18,2727,Thuế GTGT: THU PHI CK CTY PHUONG KHANG COMPUTER,1331,1111,2300.0
2023-04-18,2727,THU PHI CK CTY PHUONG KHANG COMPUTER,6422,1111,23000.0
2023-04-18,60603,THU LAI VAY LD2303800419,6422,1111,331386.0
2023-04-18,411,Cáp dữ liệu VIDEO HDMI 1.4 truyền âm thanh hình ảnh dài3M Ugreen,131,511,227273.0
2023-04-19,3538,Máy in laser Canon LBP 6230DN,6422,1111,4090909.09
2023-04-19,2702,Bảng mạch chính của máy vi tính hiệu ASROCK Z690 PRO RS,6422,1111,3554545.0
2023-04-19,2702,Bộ vi xử lý vi tính Intel Core I5-10400 + Quạt,6422,1111,2809091.0
2023-04-19,422,Giá vốn (80%): THIẾT BỊ TRÌNH CHIẾU  Presenter Logitech R400,632,1561,363636.0
2023-04-19,2747,THU PHI RTM CTY HUY VU,6422,1111,78000.0
2023-04-19,417,Giá vốn (80%): MỰC IN Brother BT5000M,632,1561,109091.2
2023-04-19,417,MỰC IN Brother BT5000M,131,511,136364.0
2023-04-19,416,Cáp dữ liệu VIDEO HDMI 1.4 truyền âm thanh hình ảnh dài10M Ugreen,131,511,800000.0
2023-04-19,2747,Thuế GTGT: THU PHI RTM CTY HUY VU,1331,1111,7800.0
2023-04-19,416,Giá vốn (80%): Cáp dữ liệu VIDEO HDMI 1.4 truyền âm thanh hình ảnh dài10M Ugreen,632,1561,640000.0
2023-04-19,416,Bộ chuyển đổi  DVI-D to VGA (40387),131,511,163636.0
2023-04-19,416,Giá vốn (80%): Cáp dữ liệu VIDEO HDMI 1.4 truyền âm thanh hình ảnh dài1.5M Ugreen,632,1561,109091.2
2023-04-19,416,"Thiết bị chuyển mạch  TP-Link,TL-SF1008D",131,511,172727.0
2023-04-19,416,"Giá vốn (80%): Thiết bị chuyển mạch  TP-Link,TL-SF1008D",632,1561,138181.6
2023-04-19,416,Giá vốn (80%): Bộ chuyển đổi  DVI-D to VGA (40387),632,1561,130908.8
2023-04-19,415,"THIẾT BỊ THU PHÁT VÔ TUYẾN  TP-Link 2.4Ghz,Archer T2U",131,511,245455.0
2023-04-19,415,"Giá vốn (80%): THIẾT BỊ THU PHÁT VÔ TUYẾN  TP-Link 2.4Ghz,Archer T2U",632,1561,196364.0
2023-04-19,415,THIẾT BỊ THU PHÁT VÔ TUYẾN   TPLINK ARCHER AX23,131,511,1227272.0
2023-04-19,415,Giá vốn (80%): THIẾT BỊ THU PHÁT VÔ TUYẾN   TPLINK ARCHER AX23,632,1561,981817.6
2023-04-19,422,THIẾT BỊ TRÌNH CHIẾU  Presenter Logitech R400,131,511,454545.0
2023-04-19,416,Cáp dữ liệu VIDEO HDMI 1.4 truyền âm thanh hình ảnh dài1.5M Ugreen,131,511,136364.0
2023-04-19,421,Giá vốn (80%): ĐẦU ĐỌC MÃ VẠCH OD7200,632,1561,1156364.0
2023-04-19,423,Máy in hóa đơn XP-K200L,131,511,1263636.0
2023-04-19,421,Giá vốn (80%): Máy in hóa đơn XP-Q801L,632,1561,1010908.8
2023-04-19,423,Giá vốn (80%): Máy in hóa đơn XP-K200L,632,1561,1010908.8
2023-04-19,423,CHUỘT MÁY TÍNH  Dell MS116,131,511,90909.0
2023-04-19,423,Giá vốn (80%): CHUỘT MÁY TÍNH  Dell MS116,632,1561,72727.2
2023-04-19,418,MỰC IN BROTHER TN -2385,131,511,500000.0
2023-04-19,418,Giá vốn (80%): MỰC IN BROTHER TN -2385,632,1561,400000.0
2023-04-19,421,ĐẦU ĐỌC MÃ VẠCH OD7200,131,511,1445455.0
2023-04-19,418,Giá vốn (80%): TRỐNG TỪ BROTHER DR-2385,632,1561,509091.2
2023-04-19,418,BÀN PHÍM Dell Multimedia KB216,131,511,272727.0
2023-04-19,418,Giá vốn (80%): BÀN PHÍM Dell Multimedia KB216,632,1561,218181.6
2023-04-19,418,CHUỘT LOGITECH M190,131,511,418182.0
2023-04-19,418,TRỐNG TỪ BROTHER DR-2385,131,511,636364.0
2023-04-19,419,CHUỘT MÁY TÍNH  EM6102 E-Dra,131,511,163636.0
2023-04-19,419,Giá vốn (80%): CHUỘT MÁY TÍNH  EM6102 E-Dra,632,1561,130908.8
2023-04-19,420,PHẦN MỀM Kaspersky KL1941MCCFS,131,511,870000.0
2023-04-19,420,Giá vốn (80%): PHẦN MỀM Kaspersky KL1941MCCFS,632,1561,696000.0
2023-04-19,414,Màn hình LCD VIEWSONIC VX3276-2K-MHD-2 32'',131,511,5536364.0
2023-04-19,414,Giá vốn (80%): Màn hình LCD VIEWSONIC VX3276-2K-MHD-2 32'',632,1561,4429091.2
2023-04-19,421,BỘ MÁY VINH TÍNH,131,511,9354545.0
2023-04-19,421,Giá vốn (80%): BỘ MÁY VINH TÍNH,632,1561,7483636.0
2023-04-19,421,Máy in hóa đơn XP-Q801L,131,511,1263636.0
2023-04-19,418,Giá vốn (80%): CHUỘT LOGITECH M190,632,1561,334545.6
2023-04-20,134,Máy đếm tiền XD BC - 35F,6422,1111,4500000.0
2023-04-20,134,Bộ nhớ ram G.Skill 8GB-1600 GIS,6422,1111,3090910.0
2023-04-20,134,Tủ Rack 6U,6422,1111,636364.0
2023-04-20,134,"Dây cáp mạng U/UTP CAT6, 24AWG, lõi đồng đặc, 4 đôi, vỏ PVC, CMX, màu xanh",6422,1111,2200000.0
2023-04-20,882,Điện thoại có dây Panasonic KXTS500,6422,1111,2268000.0
2023-04-20,2776,Thuế GTGT: TP CK CTY VINH XUAN,1331,1111,2300.0
2023-04-20,2775,TP CK CTY VIET SON,6422,1111,24248.0
2023-04-20,2775,Thuế GTGT: TP CK CTY VIET SON,1331,1111,2425.0
2023-04-20,2776,TP CK CTY VINH XUAN,6422,1111,23000.0
2023-04-20,134,Máy đếm tiền Mazsan MS - 5600C,6422,1111,1900000.0
2023-04-20,424,"Ổ ĐĨA CỨNG GT Kingston 2.5""SSD(SA400S37/240G)",131,511,818182.0
2023-04-20,425,Giá vốn (80%): CHUỘT MÁY TÍNH LOGITECH B100,632,1561,72727.2
2023-04-20,425,CHUỘT MÁY TÍNH LOGITECH B100,131,511,90909.0
2023-04-20,425,Giá vốn (80%): Ổ ĐĨA CỨNG  GT Kingston 240GB(SA400M8/240G),632,1561,356364.0
2023-04-20,425,Ổ ĐĨA CỨNG  GT Kingston 240GB(SA400M8/240G),131,511,445455.0
2023-04-20,425,Giá vốn (80%): BỘ NHỚ TRONG RAM 4GB/2400 KINGMAX,632,1561,341817.6
2023-04-20,425,BỘ NHỚ TRONG RAM 4GB/2400 KINGMAX,131,511,427272.0
2023-04-20,2774,Thuế GTGT: TP CK CTY HUNG LONG,1331,1111,2300.0
2023-04-20,2774,TP CK CTY HUNG LONG,6422,1111,23000.0
2023-04-20,424,"Giá vốn (80%): Ổ ĐĨA CỨNG GT Kingston 2.5""SSD(SA400S37/240G)",632,1561,654545.6
2023-04-21,8434,Bảng mạch chính của máy vi tính hiệu ASUS TUF GAMING  B660M - PLUS D4,6422,1111,2818182.0
2023-04-21,8434,Bảng mạch chính của máy vi tính hiệu ASUS TUF GAMING  B660M - PLUS WIFI D4,6422,1111,3177273.0
2023-04-21,430,Giá vốn (80%): Nguồn Jetek Model Y500T,632,1561,218181.6
2023-04-21,429,Giá vốn (80%): Cáp dữ liệu VIDEO HDMI 1.4 truyền âm thanh hình ảnhdài 3M Ugreen,632,1561,654545.6
2023-04-21,429,Cáp dữ liệu VIDEO HDMI 1.4 truyền âm thanh hình ảnhdài 3M Ugreen,131,511,818182.0
2023-04-21,8434,Bảng mạch chính của máy vi tính hiệu ASUS TUF GAMING  B660M - E D4,6422,1111,5672728.0
2023-04-21,8434,Bộ nhớ trong của máy vi tính KINGSTON 8G D4 - 2666U 19 1RX8 UDIMM (KVR26N19S8/8),6422,1111,12818190.0
2023-04-21,8434,Bảng mạch chính của máy vi tính hiệu ASUS PROART B660 - CREATOR D4,6422,1111,3627273.0
2023-04-21,431,Giá vốn (80%): BỘ MÁY VI TÍNH,632,1561,7985454.4
2023-04-21,8434,ổ đĩa cứng gắn trong máy vi tính  hiệu KINGSTON 1000G NV2 M.2 2280 NVME SSD ( SNV2S/1000G ),6422,1111,2345454.0
2023-04-21,8434,ổ đĩa cứng gắn trong máy vi tính  hiệu KINGSTON 250G NV2 M.2 2280 NVME SSD ( SNV2S/250G ),6422,1111,2409090.0
2023-04-21,431,BỘ MÁY VI TÍNH,131,511,9981818.0
2023-04-21,426,Ổ cứng GT Western 1TB,131,511,2363636.0
2023-04-21,426,Giá vốn (80%): Ổ cứng GT Western 1TB,632,1561,1890908.8
2023-04-21,426,ổ cứng gắn trong 240GB SSD Exceria BiCS FLASH 2.5''SATA3 Kioxia,131,511,818182.0
2023-04-21,426,Giá vốn (80%): ổ cứng gắn trong 240GB SSD Exceria BiCS FLASH 2.5''SATA3 Kioxia,632,1561,654545.6
2023-04-21,430,Nguồn Jetek Model Y500T,131,511,272727.0
2023-04-21,8434,Bảng mạch chính của máy vi tính hiệu ASUS ROG  STRIX B660 - G GAMING WIFI,6422,1111,3836364.0
2023-04-21,430,Giá vốn (80%): Bộ nhớ trong Kingston 4GBD4-3200,632,1561,327272.8
2023-04-21,430,ổ cứng gắn trong 240GB SSD Exceria BiCS FLASH 2.5''SATA3 Kioxia,131,511,636364.0
2023-04-21,430,Giá vốn (80%): Bàn phím  Dell Multimedia KB216,632,1561,218182.4
2023-04-21,427,ổ cứng gắn trong 240GB SSD Exceria BiCS FLASH 2.5''SATA3 Kioxia,131,511,5727273.0
2023-04-21,427,Giá vốn (80%): ổ cứng gắn trong 240GB SSD Exceria BiCS FLASH 2.5''SATA3 Kioxia,632,1561,4581818.4
2023-04-21,427,ổ cứng gắn trong 480GB SSD Exceria BiCS FLASH 2.5''SATA3 Kioxia,131,511,1672727.0
2023-04-21,427,Giá vốn (80%): ổ cứng gắn trong 480GB SSD Exceria BiCS FLASH 2.5''SATA3 Kioxia,632,1561,1338181.6
2023-04-21,428,Điện thoại có dây Panasonic KXTS500,131,511,1090909.0
2023-04-21,428,Chuột máy tính Logitech  M170,131,511,145455.0
2023-04-21,428,Giá vốn (80%): Chuột máy tính Logitech  M170,632,1561,116364.0
2023-04-21,430,"Màn hình máy tính Lenovo H20215FE0 - ""E22-28 (H20215FE0)21.5 inch Monitor-HDMI, Linecord, WTYWarrantyCode:limited"", P/N:62B9MAR4WW",131,511,2445455.0
2023-04-21,428,Giá vốn (80%): Điện thoại có dây Panasonic KXTS500,632,1561,872727.2
2023-04-21,430,Mực  Laser TN-2385 Brother,131,511,454544.0
2023-04-21,430,Giá vốn (80%): Mực  Laser TN-2385 Brother,632,1561,363635.2
2023-04-21,430,Bộ vi xử lý Intel Core i3-10105,131,511,2363636.0
2023-04-21,430,Giá vốn (80%): Bộ vi xử lý Intel Core i3-10105,632,1561,1890908.8
2023-04-21,430,Bộ nhớ trong Kingston 4GBD4-3200,131,511,409091.0
2023-04-21,430,Giá vốn (80%): ổ cứng gắn trong 240GB SSD Exceria BiCS FLASH 2.5''SATA3 Kioxia,632,1561,509091.2
2023-04-21,430,Bàn phím  Dell Multimedia KB216,131,511,272728.0
2023-04-21,430,"Giá vốn (80%): Màn hình máy tính Lenovo H20215FE0 - ""E22-28 (H20215FE0)21.5 inch Monitor-HDMI, Linecord, WTYWarrantyCode:limited"", P/N:62B9MAR4WW",632,1561,1956364.0
2023-04-23,2388,Bàn Phím+Chuột Logitech MK270r,6422,1111,1563636.0
2023-04-23,434,Đầu bấm dây mạng  EN-RJ45C6 RJ-45,131,511,454546.0
2023-04-23,434,Giá vốn (80%): Đầu bấm dây mạng  EN-RJ45C6 RJ-45,632,1561,363636.8
2023-04-23,2821,THU PHI CK CTY CP HOI TU THONG MINH,6422,1111,15000.0
2023-04-23,2821,Thuế GTGT: THU PHI CK CTY CP HOI TU THONG MINH,1331,1111,1500.0
2023-04-23,435,"Máy tính xách tay ThinkBook 14 G4 IAP i5-1240P/8Gb/512Gb/UHD/Fingerprint/Off Trial/Win11 H64SL/MINERAL_GREY/14"" FHD, P/N: 21DH00B5VN   (Xuất trả lại hàng theo hóa đơn 750 ngày 27/12/2022 , ký hiệu : 1C22TDN)",131,511,15900000.0
2023-04-23,435,"Giá vốn (80%): Máy tính xách tay ThinkBook 14 G4 IAP i5-1240P/8Gb/512Gb/UHD/Fingerprint/Off Trial/Win11 H64SL/MINERAL_GREY/14"" FHD, P/N: 21DH00B5VN   (Xuất trả lại hàng theo hóa đơn 750 ngày 27/12/2022 , ký hiệu : 1C22TDN)",632,1561,12720000.0
2023-04-23,2388,Thiết bị ghi hình Logitech C270 (Webcam),6422,1111,1750000.0
2023-04-23,498,MÁY IN LASER ĐƠN NĂNG CANON I-SENSYS LBP226DW (3516C007AAME),6422,1111,21600000.0
2023-04-23,2388,Chuột Logitech M350 đen,6422,1111,1795455.0
2023-04-23,2388,Tai Nghe Logitech A10 xanh,6422,1111,740909.0
2023-04-23,2388,Chuột Logitech M557 Đen,6422,1111,772728.0
2023-04-23,2388,Chuột Logitech M720,6422,1111,718182.0
2023-04-23,2388,Chuột logitech MX Anywhere 2S đen (910-006285),6422,1111,981818.0
2023-04-23,436,"Ổ cứng di động  Seagate One touch  2TB 2.5""",131,511,2363636.0
2023-04-23,436,"Giá vốn (80%): Ổ cứng di động  Seagate One touch  2TB 2.5""",632,1561,1890908.8
2023-04-23,434,Bộ nhớ trong Kingston 8GD4-2666,131,511,11454545.0
2023-04-23,2388,Thiết bị ghi hình Logitech C310 (Webcam),6422,1111,1131819.0
2023-04-23,434,"Giá vốn (80%): Thanh Ram G.Skill F3-1600C11S-8GIS, 8GB",632,1561,6181818.4
2023-04-23,434,Giá vốn (80%): Bộ nhớ trong Kingston 8GD4-2666,632,1561,9163636.0
2023-04-23,434,Giá vốn (80%): ổ cứng gắn trong 240GB SSD Exceria BiCS FLASH 2.5''SATA3 Kioxia,632,1561,10181818.4
2023-04-23,434,"Thanh Ram G.Skill F3-1600C11S-8GIS, 8GB",131,511,7727273.0
2023-04-23,437,Bàn phím Logitech K120,131,511,172727.0
2023-04-23,437,Giá vốn (80%): Bàn phím Logitech K120,632,1561,138181.6
2023-04-23,437,Chuột máy tính Logitech B100,131,511,90909.0
2023-04-23,437,Giá vốn (80%): Chuột máy tính Logitech B100,632,1561,72727.2
2023-04-23,108,"Camera quan sát (DH-HAC-HFW1500CMP-A-S2), phụ kiện",6422,1111,545455.0
2023-04-23,108,"Camera quan sát (DH-HAC-HDW1500TMQPA-S2), phụ kiện",6422,1111,3181820.0
2023-04-23,500,MÁY IN ĐƠN NĂNG HP LASERJET PRO M404DW -W1A56A,6422,1111,5363636.0
2023-04-23,432,Bàn phím Dell Multimedia KB216,131,511,209091.0
2023-04-23,108,"Đầu ghi hình KTS 8 kênh (DH-XVR5108HS-4KL-I3), phụ kiện",6422,1111,2500000.0
2023-04-23,2820,THU PHI CK CTY CP TG SO,6422,1111,40000.0
2023-04-23,2820,Thuế GTGT: THU PHI CK CTY CP TG SO,1331,1111,4000.0
2023-04-23,438,Máy In laser Canon LBP 6230DN,131,511,5550000.0
2023-04-23,438,Giá vốn (80%): Máy In laser Canon LBP 6230DN,632,1561,4440000.0
2023-04-23,433,MÁY TÍNH XÁCH TAY  HP 240 G8 6L1A1PA (Core i3-1115G4,8GB,256GB,0.0
2023-04-23,433,Giá vốn (80%): MÁY TÍNH XÁCH TAY  HP 240 G8 6L1A1PA (Core i3-1115G4,8GB,256GB,0.0
2023-04-23,434,ổ cứng gắn trong 240GB SSD Exceria BiCS FLASH 2.5''SATA3 Kioxia,131,511,12727273.0
2023-04-23,432,Giá vốn (80%): Bàn phím Dell Multimedia KB216,632,1561,167272.8
2023-04-24,444,Máy In Canon Laser LBP-2900,131,511,3809091.0
2023-04-24,443,Giá vốn (80%): Màn hình  LCD VIEWSONIC VA1903A,632,1561,1272727.2
2023-04-24,443,Màn hình  LCD VIEWSONIC VA1903A,131,511,1590909.0
2023-04-24,443,Giá vốn (80%): Chuột Rapoo N100,632,1561,58181.6
2023-04-24,443,Bàn phím Rapoo NK2500,131,511,136364.0
2023-04-24,443,Giá vốn (80%): Bàn phím Rapoo NK2500,632,1561,109091.2
2023-04-24,2862,Thuế GTGT: THU PHI CK CTY LBM,1331,1111,1500.0
2023-04-24,444,Giá vốn (80%): Máy In Canon Laser LBP-2900,632,1561,3047272.8
2023-04-24,443,Chuột Rapoo N100,131,511,72727.0
2023-04-24,444,Chuột máy tính  Logitech M331,131,511,272727.0
2023-04-24,2860,Thuế GTGT: THU PHI CK CTY VIEN SON,1331,1111,4000.0
2023-04-24,445,ổ cứng gắn trong 250GB SSD Exceria NVMe BiCS FLASHM.2 PCIe Kioxia,131,511,1136364.0
2023-04-24,445,Giá vốn (80%): ổ cứng gắn trong 250GB SSD Exceria NVMe BiCS FLASHM.2 PCIe Kioxia,632,1561,909091.2
2023-04-24,445,"Ổ cứng  GT Western Digital 1TB - 3.5""",131,511,1227272.0
2023-04-24,445,"Giá vốn (80%): Ổ cứng  GT Western Digital 1TB - 3.5""",632,1561,981817.6
2023-04-24,2861,THU PHI CK CTY DT VA PT CN QUOC GIA ADG TAI DA NANG,6422,1111,23000.0
2023-04-24,2861,Thuế GTGT: THU PHI CK CTY DT VA PT CN QUOC GIA ADG TAI DA NANG,1331,1111,2300.0
2023-04-24,5753,"Kiểm định xe   tô dưới 10 ghế, CThg (BĐK: 81A-002.83)",6422,1111,227273.0
2023-04-24,2860,THU PHI CK CTY VIEN SON,6422,1111,40000.0
2023-04-24,2862,THU PHI CK CTY LBM,6422,1111,15000.0
2023-04-24,443,Giá vốn (80%): Vỏ thùng máy tính Jetek EN15,632,1561,210908.8
2023-04-24,444,Giá vốn (80%): Chuột máy tính  Logitech M331,632,1561,218181.6
2023-04-24,443,Vỏ thùng máy tính Jetek EN15,131,511,263636.0
2023-04-24,443,"Ổ đĩa cứng GT Kingston 2.5""SSD (SA400S37/240G)",131,511,363636.0
2023-04-24,443,Nguồn  Jetek Model Y600T,131,511,281818.0
2023-04-24,443,Giá vốn (80%): Nguồn  Jetek Model Y600T,632,1561,225454.4
2023-04-24,441,"Ổ cứng GT Kingston 2.5""SSD (SA400S37/240G)",131,511,454545.0
2023-04-24,441,"Giá vốn (80%): Ổ cứng GT Kingston 2.5""SSD (SA400S37/240G)",632,1561,363636.0
2023-04-24,439,"Thiết bị chuyển mạch TP-Link, TL-SG1016D",131,511,1172727.0
2023-04-24,439,"Giá vốn (80%): Thiết bị chuyển mạch TP-Link, TL-SG1016D",632,1561,938181.6
2023-04-24,440,"Màn hình LCD-Dell E2016Hv 19.5""",131,511,2272727.0
2023-04-24,440,Nguồn máy tính Jetek Model G350,131,511,409091.0
2023-04-24,440,Giá vốn (80%): Nguồn máy tính Jetek Model G350,632,1561,327272.8
2023-04-24,440,Chuột máy tính Logitech M185,131,511,227273.0
2023-04-24,440,Giá vốn (80%): Chuột máy tính Logitech M185,632,1561,181818.4
2023-04-24,440,"Giá vốn (80%): Màn hình LCD-Dell E2016Hv 19.5""",632,1561,1818181.6
2023-04-24,442,Giá vốn (80%): Máy In Canon Laser LBP-2900,632,1561,6327272.8
2023-04-24,442,Máy quét Canon Lide 300,131,511,2227273.0
2023-04-24,442,Giá vốn (80%): Máy quét Canon Lide 300,632,1561,1781818.4
2023-04-24,443,Bảng mạch chính Asus Prime H510MK,131,511,1463636.0
2023-04-24,443,Giá vốn (80%): Bảng mạch chính Asus Prime H510MK,632,1561,1170908.8
2023-04-24,443,Bộ vi xử lý Intel Pentium G6400,131,511,1445456.0
2023-04-24,443,Giá vốn (80%): Bộ vi xử lý Intel Pentium G6400,632,1561,1156364.8
2023-04-24,443,Bộ nhớ trong ram 4GB/2666 Kingmax,131,511,290909.0
2023-04-24,443,Giá vốn (80%): Bộ nhớ trong ram 4GB/2666 Kingmax,632,1561,232727.2
2023-04-24,442,Máy In Canon Laser LBP-2900,131,511,7909091.0
2023-04-24,443,"Giá vốn (80%): Ổ đĩa cứng GT Kingston 2.5""SSD (SA400S37/240G)",632,1561,290908.8
2023-04-25,446,Giá vốn (80%): Công sửa (bảo dưỡng),632,1561,436364.0
2023-04-25,446,Giá vốn (80%): Ru lô dưới (ru lô ép),632,1561,1018181.6
2023-04-25,446,Nhông sấy máy photo,131,511,454545.0
2023-04-25,450,Giá vốn (80%): Cáp dữ liệu VIDEO HDMI 1.4 truyền âm thanh hình ảnh dài3M Ugreen,632,1561,181818.4
2023-04-25,447,MÁY IN ĐƠN NĂNG HP LASERJET PRO M404DW -W1A56A,131,511,5909091.0
2023-04-25,447,Giá vốn (80%): MÁY IN ĐƠN NĂNG HP LASERJET PRO M404DW -W1A56A,632,1561,4727272.8
2023-04-25,450,Cáp dữ liệu VIDEO HDMI 1.4 truyền âm thanh hình ảnh dài3M Ugreen,131,511,227273.0
2023-04-25,446,Công sửa (bảo dưỡng),131,511,545455.0
2023-04-25,446,Giá vốn (80%): Nhông sấy máy photo,632,1561,363636.0
2023-04-25,446,Giá vốn (80%): Mực sharp 235,632,1561,909091.2
2023-04-25,446,Ru lô dưới (ru lô ép),131,511,1272727.0
2023-04-25,448,Giá vốn (80%): Bàn phím Keyboard NK2500,632,1561,109091.2
2023-04-25,448,Bàn phím Keyboard NK2500,131,511,136364.0
2023-04-25,448,Giá vốn (80%): Chuột máy tính Dell MS116,632,1561,109090.4
2023-04-25,448,Chuột máy tính Dell MS116,131,511,136363.0
2023-04-25,449,Giá vốn (80%): Cáp dữ liệu VIDEO HDMI 1.4 truyền âm thanh hình ảnhdài 1.5M Ugreen (10109),632,1561,72727.2
2023-04-25,449,Cáp dữ liệu VIDEO HDMI 1.4 truyền âm thanh hình ảnhdài 1.5M Ugreen (10109),131,511,90909.0
2023-04-25,449,"Giá vốn (80%): Máy tính để bàn Dell Vostro 3710 STI34010W1-8G-256GIntel Core i3-12100processor (4-Core, 12M Cache, 3.3GHz to4.3GHz), 1x8GB, DDR4,3200MHz, 256GB NVMe M.2 PCIeSSD, Chuột, Bàn Phím, Windows 11Microsoft Office Homeand Student 202",632,1561,8356364.0
2023-04-25,449,"Máy tính để bàn Dell Vostro 3710 STI34010W1-8G-256GIntel Core i3-12100processor (4-Core, 12M Cache, 3.3GHz to4.3GHz), 1x8GB, DDR4,3200MHz, 256GB NVMe M.2 PCIeSSD, Chuột, Bàn Phím, Windows 11Microsoft Office Homeand Student 202",131,511,10445455.0
2023-04-25,449,"Giá vốn (80%): Màn hình LCD-Dell E2016Hv 19.5""",632,1561,2145454.4
2023-04-25,449,"Màn hình LCD-Dell E2016Hv 19.5""",131,511,2681818.0
2023-04-25,446,Mực sharp 235,131,511,1136364.0
2023-04-26,453,"Thiết bị định tuyến TP-Link 300M,2.4GHz,TL- WR841N",131,511,300000.0
2023-04-26,453,"Giá vốn (80%): Thiết bị định tuyến TP-Link 300M,2.4GHz,TL- WR841N",632,1561,240000.0
2023-04-26,453,Tai nghe SoundMax AH314,131,511,236364.0
2023-04-26,453,Giá vốn (80%): Tai nghe SoundMax AH314,632,1561,189091.2
2023-04-26,454,Bộ máy vi tính,131,511,13627273.0
2023-04-26,54907,Thiết bị thu phát vô tuyến TP-LINK_TL-WN725N,6422,1111,972000.0
2023-04-26,54907,"Bộ định tuyến TP-LINK, 2,4GHz/5GHz/ W-CDMA FDD/ E-UTRA FDD_Archer MR200",6422,1111,2236364.0
2023-04-26,54907,Thiết bị chuyển mạch TP-LINK_TL-SF1005D,6422,1111,1109090.0
2023-04-26,54907,Thiết bị thu phát vô tuyến TP-LINK 150M_TL-WN722N,6422,1111,677275.0
2023-04-26,1609,"Camera quan sát CS-H3C (1080P,4MM,COLOR)",6422,1111,1330000.0
2023-04-26,54907,"Bộ định tuyến có chức năng  thu phát vô tuyến TP-LINK, 2,4 GHz/ W-CDMA FDD/ GSM_TL-MR6400",6422,1111,2918181.0
2023-04-26,454,Giá vốn (80%): Bộ máy vi tính,632,1561,10901818.4
2023-04-26,1609,"Camera kỹ thuật số có chức năng ghi hiệu EZVIZ mã CS-C1C(1080P,H.265) - Hỗ trợ thẻ nhớ trong",6422,1111,2768185.0
2023-04-26,64153,"Thuế GTGT: PHI T04/2023-040019911911-ALERT,IB,OTP,QLTK",1331,1111,12500.0
2023-04-26,1609,Camera quan sát CS-H8C (1080P),6422,1111,5010000.0
2023-04-26,55240,Card đồ họa ASUS DUAL-RTX3060-8G_90YV0GB6-M0NA00,6422,1111,7037273.0
2023-04-26,64153,"PHI T04/2023-040019911911-ALERT,IB,OTP,QLTK",6422,1111,125000.0
2023-04-26,452,Giá vốn (80%): Nguồn Jetek Model Y500T,632,1561,152727.2
2023-04-26,452,Nguồn Jetek Model Y500T,131,511,190909.0
2023-04-26,452,Giá vốn (80%): Bàn Phím Rapoo V50s,632,1561,210908.8
2023-04-26,452,Bàn Phím Rapoo V50s,131,511,263636.0
2023-04-26,452,"Giá vốn (80%): Thiết bị chuyển mạch  TP-Link,TL-SF1005D",632,1561,87272.8
2023-04-26,452,"Thiết bị chuyển mạch  TP-Link,TL-SF1005D",131,511,109091.0
2023-04-26,451,Giá vốn (80%): Phần mềm Kaspersky KL1867MUAFS,632,1561,224000.0
2023-04-26,451,Phần mềm Kaspersky KL1867MUAFS,131,511,280000.0
2023-04-26,1609,"Camera quan sát CS-H8C (4MP,4MM)",6422,1111,1964000.0
2023-04-27,8911,Bộ nhớ trong của máy vi tính KINGSTON 16GB D4 - 3200U C16  Beast  Black  ( KF432C16BBA/16 ),6422,1111,1909090.0
2023-04-27,69003,Card đồ họa ASUS PH-GT1030-O2G_90YV0AU0-M0NA00,6422,1111,3981818.0
2023-04-27,8911,Bộ nhớ trong của máy vi tính KINGSTON 16GB D4 - 3200U C16  Beast  Black  ( KF432C16BB/16 ),6422,1111,3236364.0
2023-04-27,8911,Bộ nhớ trong của máy vi tính KINGSTON 16GB D5- 4800 38 -38 -38 DIMM FURY BEAST BLK ( KF548C38BB - 16 ),6422,1111,1322727.0
2023-04-27,455,ổ cứng gắn trong 480GB SSD Exceria BiCS FLASH 2.5''SATA3 Kioxia,131,511,1090909.0
2023-04-27,455,Bàn phím Rapoo NK2500,131,511,200000.0
2023-04-27,455,Giá vốn (80%): ổ cứng gắn trong 480GB SSD Exceria BiCS FLASH 2.5''SATA3 Kioxia,632,1561,872727.2
2023-04-27,455,Giá vốn (80%): Bàn phím Rapoo NK2500,632,1561,160000.0
2023-04-27,1629,"Bộ định tuyến có chức năng thu phát sóng băng tần 2.4GHz/5GHz hiệu RUIJIE mã RG-EW3200GX PRO - hãng sx: RUIJIE NETWORKS CO.,LTD",6422,1111,7090909.0
2023-04-29,457,Giá vốn (80%): Mực in 308 Number One,632,1121,305454.4
2023-04-29,457,Mực in 308 Number One,131,511,381818.0
2023-04-29,8343,Thuế GTGT: Dịch vụ ngân hàng,6422,1121,1000.0
2023-04-29,8343,Dịch vụ ngân hàng,6422,1121,10000.0
2023-04-29,1575,Thuế GTGT: Dịch vụ SMS Brandname CSKH,1331,1111,11544.0
2023-04-29,26181,Không có tên,6422,1111,10536172.0
2023-04-29,26182,Thuế GTGT: Không có tên,1331,1111,18000.0
2023-04-29,26182,Không có tên,6422,1111,180000.0
2023-04-29,456,Giá vốn (80%): Phần mềm Kaspersky KL1941MCCFS,632,1561,720000.0
2023-04-29,456,Phần mềm Kaspersky KL1941MCCFS,131,511,900000.0
2023-04-29,1575,Dịch vụ SMS Brandname CSKH,6422,1111,115436.0
2023-05-01,458,"Giá vốn (80%): Ổ đĩa cứng  GT Kingston 2.5""SSD (SA400S37/240G)",632,1561,349091.2
2023-05-01,458,"Ổ đĩa cứng  GT Kingston 2.5""SSD (SA400S37/240G)",131,511,436364.0
2023-05-01,87265303,Không có tên,6422,1111,350000.0
2023-05-01,87265303,Thuế GTGT: Không có tên,1331,1111,35000.0
2023-05-02,235925,Cước dịch vụ Viễn thông-Công nghệ thông tin tháng 04 năm 2023,6422,1111,25600.0
2023-05-02,283093,Thuế GTGT: Cước dịch vụ Viễn thông-Công nghệ thông tin tháng 04 năm 2023,1331,1111,37551.0
2023-05-02,283093,Cước dịch vụ Viễn thông-Công nghệ thông tin tháng 04 năm 2023,6422,1111,375514.0
2023-05-02,235926,Thuế GTGT: Cước dịch vụ Viễn thông-Công nghệ thông tin tháng 04 năm 2023,1331,1111,2455.0
2023-05-02,235926,Cước dịch vụ Viễn thông-Công nghệ thông tin tháng 04 năm 2023,6422,1111,24545.0
2023-05-02,235975,Thuế GTGT: Cước dịch vụ Viễn thông-Công nghệ thông tin tháng 04 năm 2023,1331,1111,2000.0
2023-05-02,235975,Cước dịch vụ Viễn thông-Công nghệ thông tin tháng 04 năm 2023,6422,1111,20000.0
2023-05-02,236018,Thuế GTGT: Cước dịch vụ Viễn thông-Công nghệ thông tin tháng 04 năm 2023,1331,1111,27400.0
2023-05-02,236018,Cước dịch vụ Viễn thông-Công nghệ thông tin tháng 04 năm 2023,6422,1111,274000.0
2023-05-02,265949,Thuế GTGT: Cước dịch vụ Viễn thông-Công nghệ thông tin tháng 04 năm 2023,1331,1111,24964.0
2023-05-02,265949,Cước dịch vụ Viễn thông-Công nghệ thông tin tháng 04 năm 2023,6422,1111,249636.0
2023-05-02,235925,Thuế GTGT: Cước dịch vụ Viễn thông-Công nghệ thông tin tháng 04 năm 2023,1331,1111,2560.0
2023-05-02,460,Giá vốn (80%): Phí dịch vụ tháng 03 /2023 theo hợp đồng số 64/2015/HĐ_NetViet ký ngày 26/10/2015,632,1561,436364.0
2023-05-02,460,Phí dịch vụ tháng 03 /2023 theo hợp đồng số 64/2015/HĐ_NetViet ký ngày 26/10/2015,131,511,545455.0
2023-05-02,235732,Thuế GTGT: Cước dịch vụ Viễn thông-Công nghệ thông tin tháng 04 năm 2023,1331,1111,21364.0
2023-05-02,282997,Cước dịch vụ Viễn thông-Công nghệ thông tin tháng 04 năm 2023,6422,1111,235651.0
2023-05-02,282997,Thuế GTGT: Cước dịch vụ Viễn thông-Công nghệ thông tin tháng 04 năm 2023,1331,1111,23565.0
2023-05-02,282996,Thuế GTGT: Cước dịch vụ Viễn thông-Công nghệ thông tin tháng 04 năm 2023,1331,1111,50726.0
2023-05-02,459,Bộ máy vi tính,131,511,12036364.0
2023-05-02,459,Giá vốn (80%): Bộ máy vi tính,632,1561,9629091.2
2023-05-02,282996,Cước dịch vụ Viễn thông-Công nghệ thông tin tháng 04 năm 2023,6422,1111,507256.0
2023-05-02,2947,Bộ vi xử lý vi tính Intel Core I5-10400 + Quạt,6422,1111,2809091.0
2023-05-02,2947,Chíp vi xử lý INTEL CORE I3 10105F - 3 .70 GHZ (BX8070110105F S RH 8 V) + Quạt,6422,1111,3000000.0
2023-05-02,2947,CHIP VI XỬ LÝ INTEL CORE I5 - 10400F 2.90 GHZ + QUẠT,6422,1111,4454545.0
2023-05-02,2947,CHIP VI XỬ LÝ INTEL CORE I5 11400 - 2.60GHZ + QUẠT,6422,1111,3336364.0
2023-05-02,235732,Cước dịch vụ Viễn thông-Công nghệ thông tin tháng 04 năm 2023,6422,1111,213636.0
2023-05-02,2947,Màn hình vi tính Samsung LS32AM501NEXXV,6422,1111,4772727.0
2023-05-03,67037,THU LAI VAY QUA HAN PDLD2307500658,6422,1111,699587.0
2023-05-03,67094,THU LAI VAY QUA HAN PDLD2304800307,6422,1111,512561.0
2023-05-03,67047,THU LAI VAY QUA HAN PDLD2311500655,6422,1111,233196.0
2023-05-03,67045,THU LAI VAY QUA HAN PDLD2311100495,6422,1111,320168.0
2023-05-03,67043,THU LAI VAY QUA HAN PDLD2309000506,6422,1111,464595.0
2023-05-03,67042,THU LAI VAY QUA HAN PDLD2308800587,6422,1111,307818.0
2023-05-03,67040,THU LAI VAY QUA HAN PDLD2308600588,6422,1111,699587.0
2023-05-03,67039,THU LAI VAY QUA HAN PDLD2308300580,6422,1111,489711.0
2023-05-03,67035,THU LAI VAY QUA HAN PDLD2308200255,6422,1111,349793.0
2023-05-03,461,"Giá vốn (80%): Máy tính để bàn Dell Inspiron 3910 STI56020W1 - 8G -512G Intel Core i5-12400 processor (6-Core, 18M Cache, 2.5GHz to 4.4GHz), 1x8GB, DDR4,3200MHz, 512GB M.2 PCIe NVMe SSD, Intel(R) UHD Graphics 730,Không ổ đĩa, Chuột, Bàn Phím, Windows 11 Microsoft Office Home andStudent 2021",632,1561,10400000.0
2023-05-03,66904,THU LAI VAY QUA HAN PDLD2307500316,6422,1111,570303.0
2023-05-03,461,Màn hình máy tính Dell 22 Monitor - E2223HN powercord,131,511,2954545.0
2023-05-03,461,Giá vốn (80%): Màn hình máy tính Dell 22 Monitor - E2223HN powercord,632,1561,2363636.0
2023-05-03,461,"Máy tính để bàn Dell Inspiron 3910 STI56020W1 - 8G -512G Intel Core i5-12400 processor (6-Core, 18M Cache, 2.5GHz to 4.4GHz), 1x8GB, DDR4,3200MHz, 512GB M.2 PCIe NVMe SSD, Intel(R) UHD Graphics 730,Không ổ đĩa, Chuột, Bàn Phím, Windows 11 Microsoft Office Home andStudent 2021",131,511,13000000.0
2023-05-03,463,Giá vốn (80%): Màn chiếu chân  P84TS,632,1561,1054545.6
2023-05-03,66903,THU LAI VAY QUA HAN PDLD2307300692,6422,1111,716048.0
2023-05-03,66896,THU LAI VAY QUA HAN PDLD2305400571,6422,1111,826735.0
2023-05-03,66895,THU LAI VAY QUA HAN PDLD2305200454,6422,1111,1432096.0
2023-05-03,67033,THU LAI VAY QUA HAN PDLD2308300426,6422,1111,699587.0
2023-05-03,463,Màn chiếu chân  P84TS,131,511,1318182.0
2023-05-03,67041,THU LAI VAY QUA HAN PDLD2308700259,6422,1111,3497936.0
2023-05-03,463,Máy  in đa năng Brother MFC-L2701D,131,511,4990909.0
2023-05-03,66889,THU LAI VAY QUA HAN PDLD2309700661,6422,1111,605645.0
2023-05-03,66898,THU LAI VAY QUA HAN PDLD2305900592,6422,1111,2098761.0
2023-05-03,66892,THU LAI VAY QUA HAN PDLD2310700630,6422,1111,615709.0
2023-05-03,462,"Bộ định tuyến có chức năng thu phát sóng băng tần 2.4GHz/5GHz hiệu RUIJIE mã RG-EW3200GX PRO - hãng sx: RUIJIE NETWORKS CO.,LTD",131,511,2072727.0
2023-05-03,462,"Giá vốn (80%): Bộ định tuyến có chức năng thu phát sóng băng tần 2.4GHz/5GHz hiệu RUIJIE mã RG-EW3200GX PRO - hãng sx: RUIJIE NETWORKS CO.,LTD",632,1561,1658181.6
2023-05-03,66838,THU LAI VAY QUA HAN PDLD2304400277,6422,1111,1851636.0
2023-05-03,66902,THU LAI VAY QUA HAN PDLD2306500370,6422,1111,1427943.0
2023-05-03,56188,Card đồ họa ASUS GT730-SL-2GD5-BRK_90YV06N2-M0NA00,6422,1111,2345454.0
2023-05-03,66891,THU LAI VAY QUA HAN PDLD2310300519,6422,1111,465881.0
2023-05-03,66893,THU LAI VAY QUA HAN PDLD2310900580,6422,1111,132468.0
2023-05-03,66894,THU LAI VAY QUA HAN PDLD2305100452,6422,1111,1432096.0
2023-05-03,66888,THU LAI VAY QUA HAN PDLD2309600714,6422,1111,628939.0
2023-05-03,463,Giá vốn (80%): Máy  in đa năng Brother MFC-L2701D,632,1561,3992727.2
2023-05-03,66887,THU LAI VAY QUA HAN PDLD2309500589,6422,1111,326116.0
2023-05-03,66886,THU LAI VAY QUA HAN PDLD2309400481,6422,1111,382687.0
2023-05-03,66885,THU LAI VAY QUA HAN PDLD2309300604,6422,1111,1397643.0
2023-05-03,66884,THU LAI VAY QUA HAN PDLD2308900493,6422,1111,503315.0
2023-05-03,66841,THU LAI VAY QUA HAN PDLD2304700471,6422,1111,1105611.0
2023-05-03,66839,THU LAI VAY QUA HAN PDLD2304500443,6422,1111,1172537.0
2023-05-03,66890,THU LAI VAY QUA HAN PDLD2310200658,6422,1111,489175.0
2023-05-04,4028,Máy in Epson LX310,6422,1111,4090909.09
2023-05-04,464,Giá vốn (80%): Máy In Canon Laser LBP-2900,632,1561,3120000.0
2023-05-04,464,Máy In Canon Laser LBP-2900,131,511,3900000.0
2023-05-04,464,Giá vốn (80%): Máy tính xách tay Asus ExpertBook Model B1400CEAE-EK4263 Core i5 -8G/256GB/ Numpad/ Bàn Phím LEDBacklid/No OS,632,1561,10901818.4
2023-05-04,464,Máy tính xách tay Asus ExpertBook Model B1400CEAE-EK4263 Core i5 -8G/256GB/ Numpad/ Bàn Phím LEDBacklid/No OS,131,511,13627273.0
2023-05-04,465,Giá vốn (80%): Cáp mạng Cat 5e UTP 305m/thùng Hiệu Aptek,632,1561,1876364.0
2023-05-04,2586,Chuột Logitech M171 Xám đen,6422,1111,945455.0
2023-05-04,465,"Giá vốn (80%): Thiết bị định tuyến TP-Link , 2.4GHz/5GHz Archer C50",632,1561,2530908.8
2023-05-04,465,"Thiết bị định tuyến TP-Link , 2.4GHz/5GHz Archer C50",131,511,3163636.0
2023-05-04,2586,Bàn Phím Bluetooth Logitech K380 Xám Đậm,6422,1111,1431819.0
2023-05-04,2586,Bàn phím +chuột Logitech MK295 đen,6422,1111,468182.0
2023-05-04,2586,Chuột Logitech M720,6422,1111,718182.0
2023-05-04,465,Cáp mạng Cat 5e UTP 305m/thùng Hiệu Aptek,131,511,2345455.0
2023-05-05,466,Giá vốn (80%): Máy In Canon Laser LBP-2900,632,1561,2901818.4
2023-05-05,466,Màn hình  Dell S2421H 23.5inch,131,511,4172727.0
2023-05-05,466,Máy In Canon Laser LBP-2900,131,511,3627273.0
2023-05-05,466,Giá vốn (80%): Màn hình  Dell S2421H 23.5inch,632,1561,3338181.6
2023-05-05,299101,Cước dịch vụ viễn thông trả sau (Dịch vụ chịu thuế),6422,1111,96363.0
2023-05-05,467,Giá vốn (80%): Ổ đĩa cứng GT Kingston 480GB A400(SA400S37/480G),632,1561,909091.2
2023-05-05,467,Ổ đĩa cứng GT Kingston 480GB A400(SA400S37/480G),131,511,1136364.0
2023-05-05,299101,Thuế GTGT: Cước dịch vụ viễn thông trả sau (Dịch vụ chịu thuế),1331,1111,9636.0
2023-05-06,468,Mực in  Brother BT5000M,131,511,236364.0
2023-05-06,469,Giá vốn (80%): Ổ cứng di động USB 16GB U202 2.0 KIOXIA,632,1561,72727.2
2023-05-06,468,Giá vốn (80%): Mực in  Brother BT5000M,632,1561,189091.2
2023-05-06,469,Giá vốn (80%): MÁY TÍNH ĐỂ BÀN (PC) DELL VOS 3910MT i5-12400(6*2.5)/8GD4/256SSD/WLn/BT/KB/M/W11SL+OFICEHOMEST/ProSup/ĐEN(9M2DD1),632,1561,10683636.8
2023-05-06,469,MÁY TÍNH ĐỂ BÀN (PC) DELL VOS 3910MT i5-12400(6*2.5)/8GD4/256SSD/WLn/BT/KB/M/W11SL+OFICEHOMEST/ProSup/ĐEN(9M2DD1),131,511,13354546.0
2023-05-06,469,Ổ cứng di động USB 16GB U202 2.0 KIOXIA,131,511,90909.0
2023-05-07,470,"Máy tính xách tay HP PAVILION 15-eg2058TU i5 1240P/8GB/SSD 256GB/15.6"" FHD/W11SL/Vàng (6K788PA)",131,511,13809091.0
2023-05-07,473,Màn hình máy tính Dell 22 Monitor - E2223HN,131,511,3900000.0
2023-05-07,473,Giá vốn (80%): MÁY TÍNH ĐỂ BÀN DELL OPTIPEX 3000 SMALL FORMFACTOR Intel® Core i5 - 12500,632,1561,12472727.2
2023-05-07,473,MÁY TÍNH ĐỂ BÀN DELL OPTIPEX 3000 SMALL FORMFACTOR Intel® Core i5 - 12500,131,511,15590909.0
2023-05-07,472,Giá vốn (80%): Hộp mực in Izinet 12A/303/FX9,632,1561,298181.6
2023-05-07,472,Hộp mực in Izinet 12A/303/FX9,131,511,372727.0
2023-05-07,471,"Giá vốn (80%): Ổ đĩa cứng  GT Kingston 2.5""SSD(SA400S37/240G)",632,1561,349091.2
2023-05-07,471,"Ổ đĩa cứng  GT Kingston 2.5""SSD(SA400S37/240G)",131,511,436364.0
2023-05-07,473,Giá vốn (80%): Màn hình máy tính Dell 22 Monitor - E2223HN,632,1561,3120000.0
2023-05-07,68597,THU LAI VAY LD2304800307,6422,1111,153558.0
2023-05-07,470,"Giá vốn (80%): Máy tính xách tay HP PAVILION 15-eg2058TU i5 1240P/8GB/SSD 256GB/15.6"" FHD/W11SL/Vàng (6K788PA)",632,1561,11047272.8
2023-05-07,68622,THU LAI VAY LD2304700471,6422,1111,150551.0
2023-05-07,3088,THU PHI CAM KET RUT VON LD2312800507- CTY TNHH MTV HUY VU,6422,1111,1000000.0
2023-05-07,3108,Thuế GTGT: THU PHI CK CTY THE GIOI SO,1331,1111,4000.0
2023-05-07,3108,THU PHI CK CTY THE GIOI SO,6422,1111,40000.0
2023-05-07,3109,Thuế GTGT: THU PHI CK CTY VINH XUAN,1331,1111,2300.0
2023-05-07,3109,THU PHI CK CTY VINH XUAN,6422,1111,23000.0
2023-05-07,684,Máy in phun màu khổ A4 Epson L805,6422,1111,10400000.0
2023-05-07,68601,THU LAI VAY LD2304400277,6422,1111,1243.0
2023-05-07,3344,Bộ lưu điện Santak-mã hàng TG500,6422,1111,15872742.0
2023-05-07,68602,THU LAI VAY LD2304500443,6422,1111,2346.0
2023-05-08,475,Drum máy photo,131,511,772727.0
2023-05-08,475,Giá vốn (80%): Drum máy photo,632,1561,618181.6
2023-05-08,475,Mực T3008,131,511,1136364.0
2023-05-08,475,Giá vốn (80%): Mực T3008,632,1561,909091.2
2023-05-08,475,Gạt máy photo,131,511,318182.0
2023-05-08,428,"Máy tính xách tay Lenovo Notebook ThinkPad NBLN TP L13 Clam G3 T (gồm i7-1255U (4.7G) - 16GB RAM - 512GB SSD - WF+BL, Fingerprint - 13.3'' WUXGA - Thunder Black - Dos -P/N: 21B3005YVA",6422,1111,23881818.0
2023-05-08,68707,THU PHI CT VietinBank,6422,1121,19000.0
2023-05-08,475,Giá vốn (80%): Nhông máy photo,632,1561,254545.6
2023-05-08,475,Ru lô dưới (ru lô ép),131,511,863636.0
2023-05-08,475,Giá vốn (80%): Ru lô dưới (ru lô ép),632,1561,690908.8
2023-05-08,68707,Thuế GTGT: THU PHI CT VietinBank,6422,1121,1900.0
2023-05-08,476,Giá vốn (80%): Máy In Canon Laser LBP-2900,632,1561,5803636.8
2023-05-08,475,Nhông máy photo,131,511,318182.0
2023-05-08,476,Máy In Canon Laser LBP-2900,131,511,7254546.0
2023-05-08,475,Giá vốn (80%): Gạt máy photo,632,1561,254545.6
2023-05-08,477,Máy in Epson LX310,131,511,5272727.0
2023-05-08,477,Giá vốn (80%): Máy in Epson LX310,632,1561,4218181.6
2023-05-08,1846,LÕI LỌC CỦA BỘ LỌC NHỚT,6422,1111,742000.0
2023-05-08,1846,NHỚT ĐỘNG CƠ 229.5 MB 5W-40,6422,1121,2894400.0
2023-05-08,474,Mực  Laser đen Premium,131,511,981818.0
2023-05-08,474,Giá vốn (80%): Mực  Laser đen Premium,632,1561,785454.4
2023-05-08,474,Mực  Laser đen Premium,131,511,181818.0
2023-05-08,1846,CÔNG THỰC HIỆN BẢO DƯỠNG,6422,1111,750000.0
2023-05-08,474,Mực Xeroc V3065/2060,131,511,2272728.0
2023-05-08,474,Giá vốn (80%): Mực Xeroc V3065/2060,632,1561,1818182.4
2023-05-08,474,Mực nạp NB35a,131,511,181818.0
2023-05-08,474,Giá vốn (80%): Mực nạp NB35a,632,1561,145454.4
2023-05-08,478,CHUỘT KHÔNG DÂY Logitech M190,131,511,263636.0
2023-05-08,478,Giá vốn (80%): CHUỘT KHÔNG DÂY Logitech M190,632,1561,210908.8
2023-05-08,474,Giá vốn (80%): Mực  Laser đen Premium,632,1561,145454.4
2023-05-09,485,"Máy tính xách tay Lenovo Notebook ThinkPad NBLN TP L13Clam G3 T (gồm i7-1255U (4.7G) - 16GB RAM - 512GB SSD -WF+BL, Fingerprint - 13.3'' WUXGA - Thunder Black - Dos -P/N:21B3005YVA",131,511,25454545.0
2023-05-09,485,"Giá vốn (80%): Máy tính xách tay Lenovo Notebook ThinkPad NBLN TP L13Clam G3 T (gồm i7-1255U (4.7G) - 16GB RAM - 512GB SSD -WF+BL, Fingerprint - 13.3'' WUXGA - Thunder Black - Dos -P/N:21B3005YVA",632,1561,20363636.0
2023-05-09,484,Mực in 051 Number One,131,511,454545.0
2023-05-09,484,Giá vốn (80%): Mực in 051 Number One,632,1121,363636.0
2023-05-09,483,Hộp mực in  Ecoplus 12A/,131,511,236364.0
2023-05-09,482,"Màn hình LCD - Dell E2016Hv 19.5""",131,511,1954545.0
2023-05-09,482,Bộ định tuyến Tp-Link 2.4GHz/5GHz Archer MR200,131,511,1135455.0
2023-05-09,482,Giá vốn (80%): Bộ định tuyến Tp-Link 2.4GHz/5GHz Archer MR200,632,1561,908364.0
2023-05-09,482,Bàn phím RAPOO V500SE,131,511,500000.0
2023-05-09,482,Giá vốn (80%): Bàn phím RAPOO V500SE,632,1561,400000.0
2023-05-09,486,"Giá vốn (80%): Màn hình vi tính Dell LCD-E2722H-27""",632,1561,3272727.2
2023-05-09,483,Giá vốn (80%): Hộp mực in  Ecoplus 12A/,632,1561,189091.2
2023-05-09,486,"Màn hình vi tính Dell LCD-E2722H-27""",131,511,4090909.0
2023-05-09,482,"Giá vốn (80%): Màn hình LCD - Dell E2016Hv 19.5""",632,1561,1563636.0
2023-05-09,479,Ổ cứng hiệu Western SN350NVME (WDS240G2G0C),131,511,818182.0
2023-05-09,481,Phần mềm Kaspersky KL1941MCCFS,131,511,700000.0
2023-05-09,481,Giá vốn (80%): Phần mềm Kaspersky KL1941MCCFS,632,1561,560000.0
2023-05-09,479,Giá vốn (80%): Ổ cứng hiệu Western SN350NVME (WDS240G2G0C),632,1561,654545.6
2023-05-09,480,Bàn phím RAPOO NK2500,131,511,1090909.0
2023-05-09,480,Giá vốn (80%): Bàn phím RAPOO NK2500,632,1561,872727.2
2023-05-09,480,Giá vốn (80%): Chuột vi tính có dây  Rapoo N100,632,1561,363636.0
2023-05-09,480,Chuột vi tính có dây  Rapoo N100,131,511,454545.0
2023-05-09,480,"Giá vốn (80%): Ổ đĩa cứng GT Kingston 2.5"" SSD (SA400S37/240G)",632,1561,1381818.4
2023-05-09,59512,"Màn hình máy tính Dell 24 Touch Monitor - P2418HT,Power Cord,3Yrs",6422,1111,6818181.0
2023-05-09,3200,"Cáp mạng Cat 6 UTP copper 305m/thùng , Hiệu Aptek",6422,1111,2136000.0
2023-05-09,3200,"Thiết bị thu phát vô tuyến WI-AP217-Lite, hiệu Wi-Tek",6422,1111,9490905.0
2023-05-09,3200,"Thiết bị chuyển mạch SG1080P, Hiệu APTEK",6422,1111,2490000.0
2023-05-09,480,"Ổ đĩa cứng GT Kingston 2.5"" SSD (SA400S37/240G)",131,511,1727273.0
2023-05-10,489,Bộ lưu điện Santak-mã hàng TG500,131,511,14181818.0
2023-05-10,490,Giá vốn (80%): Máy in Brother HL - L2321D,632,1561,1912727.2
2023-05-10,489,Giá vốn (80%): Bộ lưu điện Santak-mã hàng TG500,632,1561,11345454.4
2023-05-10,3209,Thuế GTGT: THU PHI CK CTY LBM,1331,1111,1500.0
2023-05-10,3208,Thuế GTGT: THU PHI CK CTY LE TRAN GIA,1331,1111,2300.0
2023-05-10,3209,THU PHI CK CTY LBM,6422,1111,15000.0
2023-05-10,490,Giá vốn (80%): Bàn phím Rapoo  NK2500,632,1561,472728.0
2023-05-10,3208,THU PHI CK CTY LE TRAN GIA,6422,1111,23000.0
2023-05-10,490,Bàn phím Rapoo  NK2500,131,511,590910.0
2023-05-10,490,Máy in Brother HL - L2321D,131,511,2390909.0
2023-05-10,490,Chuột máy tính  Logitech B100,131,511,363636.0
2023-05-10,30591488,Trich thu Tien vay - Lai : 9468493 - Phat : 2594 - Acct vay 377993869,6422,1111,9471087.0
2023-05-10,487,Giá vốn (80%): Máy tính xách tay Dell Latitude 3420 L3420I5SSDFB (Core i5-1135G7,8GB,256GB,0.0
2023-05-10,487,Máy tính xách tay Dell Latitude 3420 L3420I5SSDFB (Core i5-1135G7,8GB,256GB,0.0
2023-05-10,488,Giá vốn (80%): MÀN HÌNH LCD 23.8 Inch LENOVO THINKVISION S24e-20 (62AEKAR2WW),632,1561,2174545.6
2023-05-10,488,MÀN HÌNH LCD 23.8 Inch LENOVO THINKVISION S24e-20 (62AEKAR2WW),131,511,2718182.0
2023-05-10,488,Giá vốn (80%): Máy tính bàn Lenovo ThinkCentre M70s Gen 3 - i3-12100 ( 4.3GHZ)-1Yr; P/n 11TC000PVA,632,1561,8574545.6
2023-05-10,488,Máy tính bàn Lenovo ThinkCentre M70s Gen 3 - i3-12100 ( 4.3GHZ)-1Yr; P/n 11TC000PVA,131,511,10718182.0
2023-05-10,490,Giá vốn (80%): Chuột máy tính  Logitech B100,632,1561,290908.8
2023-05-11,494,"Giá vốn (80%): Ổ cứng máy tính SSD Western WDS240G2G0A,240GB",632,1561,1381818.4
2023-05-11,494,Thẻ nhớ 32GB Micro SDHC Exceria UHS-I C10 U1100MB/s Kioxia (Không có Adapter),131,511,1363636.0
2023-05-11,166275,MÀN HÌNH VI TÍNH (LCD) LENOVO ThinkVision S27e-20 27.0INCH/1920x1080/IPS/WLED/VGA/HDMI/ĐEN/3Y(62AFKAR2WW),6422,1111,14318180.0
2023-05-11,493,Màn hình máy tính Dell 22 Monitor - E2223HN powercord/Advanced Exchange Service,131,511,2954545.0
2023-05-11,493,Giá vốn (80%): Màn hình máy tính Dell 22 Monitor - E2223HN powercord/Advanced Exchange Service,632,1561,2363636.0
2023-05-11,494,"Ổ cứng máy tính SSD Western WDS240G2G0A,240GB",131,511,1727273.0
2023-05-11,494,Giá vốn (80%): Thẻ nhớ 32GB Micro SDHC Exceria UHS-I C10 U1100MB/s Kioxia (Không có Adapter),1121,131,1090908.8
2023-05-11,494,Giá vốn (80%): Bộ chia cổng Cliptec RZH209,632,1561,305454.4
2023-05-11,491,4K0Z7PA: Máy tính xách tay HP 14s-fq1080AU - AMD Ryzen3 5300U / 4GB DDR4-3200/ SSD 256GB / RadeonVegaGraphics/ 14” HD/ Windows 11 Home/ Natural Silver/ 1,131,511,12727273.0
2023-05-11,494,Giá vốn (80%): Nguồn Jetek Model Y600T,632,1561,1000000.0
2023-05-11,494,Nguồn Jetek Model Y600T,131,511,1250000.0
2023-05-11,491,Giá vốn (80%): 4K0Z7PA: Máy tính xách tay HP 14s-fq1080AU - AMD Ryzen3 5300U / 4GB DDR4-3200/ SSD 256GB / RadeonVegaGraphics/ 14” HD/ Windows 11 Home/ Natural Silver/ 1,632,1561,10181818.4
2023-05-11,492,Giá vốn (80%): Nguồn Jetek Model J450,632,1561,872727.2
2023-05-11,492,Nguồn Jetek Model J450,131,511,1090909.0
2023-05-11,492,Giá vốn (80%): ổ cứng gắn trong 240GB SSD Exceria BiCS FLASH 2.5''SATA3 Kioxia,632,1561,2072727.2
2023-05-11,492,ổ cứng gắn trong 240GB SSD Exceria BiCS FLASH 2.5''SATA3 Kioxia,131,511,2590909.0
2023-05-11,494,Bộ chia cổng Cliptec RZH209,131,511,381818.0
2023-05-12,495,Máy in Brother DCP-B7535DW,131,511,9981818.0
2023-05-12,31519221,Thuế GTGT:  Thu Phi SMS thay doi so du thang  04/2023,1331,1111,5455.0
2023-05-12,495,Giá vốn (80%): Máy in Brother DCP-B7535DW,632,1561,7985454.4
2023-05-12,560,MÁY IN HP LASERJET PRO M404DN (W1A53A),6422,1111,15545455.0
2023-05-12,31519221,Thu Phi SMS thay doi so du thang  04/2023,6422,1111,54545.0
2023-05-13,496,Bộ máy vi tính,131,511,7272727.0
2023-05-13,496,Giá vốn (80%): Bộ máy vi tính,632,1561,5818181.6
2023-05-13,496,ổ cứng di động 32GB U301 USB 3.2 Gen 1 Kioxia - Trắng,131,511,90909.0
2023-05-13,496,Giá vốn (80%): ổ cứng di động 32GB U301 USB 3.2 Gen 1 Kioxia - Trắng,632,1561,72727.2
2023-05-14,499,Giá vốn (80%): Cụm Drum 051 Number one,632,1121,400000.0
2023-05-14,499,Cụm Drum 051 Number one,131,511,500000.0
2023-05-14,498,Mực  in 308 Number One,131,511,763636.0
2023-05-14,3284,Thuế GTGT: THU PHI CK CTY PHUONG KHANG COMPUTER,1331,1111,2300.0
2023-05-14,3284,THU PHI CK CTY PHUONG KHANG COMPUTER,6422,1111,23000.0
2023-05-14,498,Giá vốn (80%): Mực  in 308 Number One,632,1121,610908.8
2023-05-14,497,Ổ đĩa cứng GT Kingston 480GB A400,131,511,818182.0
2023-05-14,497,Giá vốn (80%): Bộ nhớ trong Kingston 8GD4-2666U19,632,1561,436363.2
2023-05-14,497,Bộ nhớ trong Kingston 8GD4-2666U19,131,511,545454.0
2023-05-14,3283,Thuế GTGT: THU PHI CK CTY TG SO,1331,1111,4000.0
2023-05-14,3283,THU PHI CK CTY TG SO,6422,1111,40000.0
2023-05-14,497,Giá vốn (80%): Ổ đĩa cứng GT Kingston 480GB A400,632,1561,654545.6
2023-05-15,25794,Sushi Cuộn Sò Điệp Nướng - Grilled Hotate Roll,6422,1111,121000.0
2023-05-15,25794,Sushi Cuộn Sò Điệp Phô Mai - Hotate Cheese Roll,6422,1111,149000.0
2023-05-15,25794,Tôm Chiên  - Ebi Tempura,6422,1111,178000.0
2023-05-15,25794,Tổng Hợp 5 Loại Đặc Biệt - Goshumori Special,6422,1111,390000.0
2023-05-15,25794,Xà Lách Rong Biển - Kaisou Salad,6422,1111,125000.0
2023-05-15,501,CPU MÁY TÍNH,131,511,6172727.0
2023-05-15,502,Giá vốn (80%): Máy Quét Canon Lide 400,632,1561,2036364.0
2023-05-15,501,Giá vốn (80%): CPU MÁY TÍNH,632,1561,4938181.6
2023-05-15,159,Bộ nhớ trong RAM DESKTOP LEXAR U-DIMM DDR4 8GB_LD4AU008G-B3200GSST,6422,1111,5590905.0
2023-05-15,500,Giá vốn (80%): Màn chiếu chân P70TS,632,1561,618181.6
2023-05-15,25794,Sushi Cuộn Lươn - Unagi Roll,6422,1111,131000.0
2023-05-15,502,Máy Quét Canon Lide 400,131,511,2545455.0
2023-05-15,25794,Sashimi Hàu - Kaki Sashimi,6422,1111,141000.0
2023-05-15,500,Màn chiếu chân P70TS,131,511,772727.0
2023-05-15,25794,Lá Rong Biển Khô - Nori,6422,1111,60000.0
2023-05-15,158,Bộ vi xử lý vi tính Intel Core i3-10105 (BX8070110105SRH3P) + Quạt,6422,1111,11454545.0
2023-05-15,158,Bộ vi xử lý vi tính Intel Core i3-10105 (BX8070110105SRH3P) + Quạt,6422,1111,11636364.0
2023-05-15,158,Bộ nhớ máy xách tay Kingmax 4GB-2400,6422,1111,1590910.0
2023-05-15,158,Bộ nhớ máy tính xách tay Kingston 8G D4-3200,6422,1111,445455.0
2023-05-15,4445,Máy quét HP Scanjet Pro 2600F1 (20G05A),6422,1111,6363636.36
2023-05-15,25794,Nước Lựu Và Đào - Pomegranate Mocktail,6422,1111,255000.0
2023-05-15,4470,Máy in mã vạch Godex G500,6422,1111,2900000.0
2023-05-15,4470,Máy quét mã vạch Zebra DS9308-SR,6422,1111,2454545.45
2023-05-15,25794,Cá Tai Sốt Ponzu - Tai Kobujime Ponzu,6422,1111,139000.0
2023-05-15,25794,Cá Thu Nướng Phô Mai & Sốt Đậu Tương - Sawara Cheese Misoyaki,6422,1111,118000.0
2023-05-15,25794,Guava Herbal Tea,6422,1111,75000.0
2023-05-15,4479,Máy ép nhựa Plastic YT 320,6422,1111,1090909.09
2023-05-16,62566,"Thiết bị thu phát vô tuyến băng tần 2.4GHz, hiệu TP-LINK_TL-WA854RE",6422,1111,936365.0
2023-05-16,4046,Lẩu Thái,6422,1111,170000.0
2023-05-16,4046,Rau bó xôi,6422,1111,40000.0
2023-05-16,4046,Ếch (con),6422,1111,60000.0
2023-05-16,4046,Chân gà rút xương,6422,1111,100000.0
2023-05-16,4046,Tôm viên phô mai,6422,1111,80000.0
2023-05-16,4046,Mực Nang,6422,1111,90000.0
2023-05-16,4046,Múa mì,6422,1111,80000.0
2023-05-16,4046,Đồ uống tự chọn,6422,1111,30000.0
2023-05-16,62566,Thiết bị thu phát vô tuyến TP-LINK_TL-WA850RE,6422,1111,954545.0
2023-05-16,4046,Tần ô,6422,1111,40000.0
2023-05-16,4046,Gia vị tự chọn,6422,1111,120000.0
2023-05-16,62566,"USB hỗ trợ kết nối bluetooth, hiệu TP-LINK_UB500",6422,1111,445455.0
2023-05-16,62566,Thiết bị chuyển mạch TP-LINK_TL-SF1005D,6422,1111,554545.0
2023-05-16,62566,Thiết bị thu phát vô tuyến TP-LINK_TL-WN725N,6422,1111,486000.0
2023-05-16,503,ổ cứng gắn trong 480GB SSD Exceria BiCS FLASH2.5''SATA3 Kioxia,131,511,772727.0
2023-05-16,503,Giá vốn (80%): ổ cứng gắn trong 480GB SSD Exceria BiCS FLASH2.5''SATA3 Kioxia,632,1561,618181.6
2023-05-16,504,Giá vốn (80%): Bộ máy vi tính,632,1561,7840000.0
2023-05-16,504,"Camera kỹ thuật số có chức năng ghi EZVIZ CSC6N(4MP,W1)",131,511,2509091.0
2023-05-16,504,Bộ máy vi tính,131,511,9800000.0
2023-05-16,504,Thẻ nhớ 64GB Micro SDXC Exceria UHS-I C10 U1100MB/s Kioxia (Không có Adapter,131,511,354545.0
2023-05-16,504,Giá vốn (80%): Thẻ nhớ 64GB Micro SDXC Exceria UHS-I C10 U1100MB/s Kioxia (Không có Adapter,1121,131,283636.0
2023-05-16,62566,Thiết bị chuyển mạch TP-LINK_TL-SG108,6422,1111,4600002.0
2023-05-16,62566,"Bộ định tuyến TP-LINK, 2,4GHz/5GHz_Archer C50",6422,1111,3881820.0
2023-05-16,62566,Thiết bị chuyển mạch TP-LINK_TL-SG1016D,6422,1111,2118182.0
2023-05-16,504,"Giá vốn (80%): Camera kỹ thuật số có chức năng ghi EZVIZ CSC6N(4MP,W1)",632,1561,2007272.8
2023-05-17,75836,THU LAI VAY LD2305400571,6422,1111,522882.0
2023-05-17,509,Giá vốn (80%): Bàn phím Logitech G213,632,1561,610908.8
2023-05-17,508,Phần mềm Kaspersky KL1941MCCFS,131,511,500000.0
2023-05-17,508,Giá vốn (80%): Phần mềm Kaspersky KL1941MCCFS,632,1561,400000.0
2023-05-17,507,BỘ MÁY VI TÍNH,131,511,8363636.0
2023-05-17,507,Giá vốn (80%): BỘ MÁY VI TÍNH,632,1561,6690908.8
2023-05-17,11317,"Camera quan sát CS-H3C (1080P,4MM,COLOR)",6422,1111,3930000.0
2023-05-17,506,Giá vốn (80%): Máy in Canon Laser LBP-2900,632,1561,2901818.4
2023-05-17,1199,Máy chấm công bằng dấu vân tay DG600BID,6422,1111,3200000.0
2023-05-17,11317,"Camera quan sát kỹ thuật số có chức năng ghi hiệu EZVIZ mã CS-H8 (5MP,4MM)",6422,1111,4781818.0
2023-05-17,11317,"Camera kỹ thuật số có chức năng ghi EZVIZ CS-C6N(4MP,W1)",6422,1111,5650000.0
2023-05-17,509,Bàn phím Logitech G213,131,511,763636.0
2023-05-17,506,Máy in Canon Laser LBP-2900,131,511,3627273.0
2023-05-17,509,Giá vốn (80%): Chuột máy tính Logitech G102,632,1561,305454.4
2023-05-17,510,Giá vốn (80%): Khung HDMI âm tường màu trắng chất liệu nhựa ugreen (20316),632,1561,698181.6
2023-05-17,32872496,"Thuế GTGT: 608_16393635_Thu phi chuyen tien ngoai he thong_600,000,000 VND * 0.02%,Min 100,000/Max 1,000,000/Phi CD 0.",1331,1111,10909.0
2023-05-17,509,Chuột máy tính Logitech G102,131,511,381818.0
2023-05-17,75824,THU LAI VAY LD2305200454,6422,1111,905753.0
2023-05-17,75807,THU LAI VAY LD2305100452,6422,1111,637264.0
2023-05-17,505,TRỐNG TỪ BROTHER DR-B022,131,511,681818.0
2023-05-17,510,MÁY IN HP LASER JET PRO M404DN (W1A53A),131,511,14772728.0
2023-05-17,510,Giá vốn (80%): MÁY IN HP LASER JET PRO M404DN (W1A53A),632,1561,11818182.4
2023-05-17,505,Giá vốn (80%): TRỐNG TỪ BROTHER DR-B022,632,1561,545454.4
2023-05-17,510,"Đầu nối HDMI âm tường bằng nhựa bẻ góc 90 độ, màu đen Ugreen ( 20318)",131,511,1581818.0
2023-05-17,510,"Giá vốn (80%): Đầu nối HDMI âm tường bằng nhựa bẻ góc 90 độ, màu đen Ugreen ( 20318)",632,1561,1265454.4
2023-05-17,510,Cáp dữ liệu VIDEO HDMI 1.4 truyền âm thanh hình ảnh dài 5M Ugreen ( 10109),131,511,2109091.0
2023-05-17,510,Giá vốn (80%): Cáp dữ liệu VIDEO HDMI 1.4 truyền âm thanh hình ảnh dài 5M Ugreen ( 10109),632,1561,1687272.8
2023-05-17,32872496,"608_16393635_Thu phi chuyen tien ngoai he thong_600,000,000 VND * 0.02%,Min 100,000/Max 1,000,000/Phi CD 0.",6422,1111,109091.0
2023-05-17,510,Khung HDMI âm tường màu trắng chất liệu nhựa ugreen (20316),131,511,872727.0
2023-05-18,511,Giá vốn (80%): Máy in mã vạch Godex G500,632,1561,2756363.2
2023-05-18,2324,Bộ lưu điện Santak - Mã hàng TG1000,6422,1111,6081818.0
2023-05-18,511,Bộ máy vi tính,131,511,6818182.0
2023-05-18,511,Giá vốn (80%): Bộ máy vi tính,632,1561,5454545.6
2023-05-18,511,Máy in mã vạch Godex G500,131,511,3445454.0
2023-05-18,511,Máy In Canon Laser LBP 226DW,131,511,5500000.0
2023-05-18,514,Hộp mực in Izinet 12A,131,511,336364.0
2023-05-18,27029,Chiết khấu bán hàng Mực in Brother Quý 1/2023 theo văn bản số 65/03 ngày 06/04/2023,131,511,7582835.0
2023-05-18,2587,Khai vị tổng hợp nướng,6422,1111,485000.0
2023-05-18,2587,Nước ép cóc xanh,6422,1111,49000.0
2023-05-18,2587,Cóc ép xí muội,6422,1111,59000.0
2023-05-18,2587,Khăn lạnh,6422,1111,6000.0
2023-05-18,2324,Bộ lưu điện Santak - Mã hàng TG500,6422,1111,1763636.0
2023-05-18,511,Giá vốn (80%): Máy In Canon Laser LBP 226DW,632,1561,4400000.0
2023-05-18,3429,Thuế GTGT: THU PHI CK CTY VINH XUAN,1331,1111,2300.0
2023-05-18,514,Giá vốn (80%): Hộp mực in Izinet 12A,632,1561,269091.2
2023-05-18,513,Giá vốn (80%): Mực Laser TN-2385 Brother,632,1561,1047272.8
2023-05-18,3429,THU PHI CK CTY VINH XUAN,6422,1111,23000.0
2023-05-18,27028,Chiết khấu bán hàng Máy in Brother Quý 1/2023 theo văn bản số 64/03 ngày 06/04/2023,131,511,27167101.0
2023-05-18,512,Bảng mạch chính Asus Prime H510MF,131,511,2727273.0
2023-05-18,512,ổ cứng gắn trong 480GB SSD Exceria BiCS FLASH 2.5''SATA3 Kioxia,131,511,3127273.0
2023-05-18,512,Giá vốn (80%): ổ cứng gắn trong 480GB SSD Exceria BiCS FLASH 2.5''SATA3 Kioxia,632,1561,2501818.4
2023-05-18,512,Vỏ thùng máy tính JETEK Squid Game X1,131,511,600000.0
2023-05-18,512,Giá vốn (80%): Vỏ thùng máy tính JETEK Squid Game X1,632,1561,480000.0
2023-05-18,512,Giá vốn (80%): Bảng mạch chính Asus Prime H510MF,632,1561,2181818.4
2023-05-18,512,Giá vốn (80%): Bộ vi xử lý  Intel Core i3-10105,632,1561,1810908.8
2023-05-18,512,Nguồn Jetek Model Y600T,131,511,454545.0
2023-05-18,512,Giá vốn (80%): Nguồn Jetek Model Y600T,632,1561,363636.0
2023-05-18,63133,Card đồ họa ASUS GT730-SL-2GD5-BRK_90YV06N2-M0NA00,6422,1111,4690908.0
2023-05-18,22462,"Máy tính xách tay HP Pavilion 14-dv2075TU,Core i5-1235U,8GB RAM,512GB SSD,Intel Graphics,14""FHD,Webcam,3 Cell,Wlan ax+BT,Win11 Home 64,Natural Silver,1Y WTY_7C0W2PA",6422,1111,13954545.0
2023-05-18,513,Mực Laser TN-2385 Brother,131,511,1309091.0
2023-05-18,512,Bộ vi xử lý  Intel Core i3-10105,131,511,2263636.0
2023-05-19,515,Giá vốn (80%): Màn chiếu chân P84TS,632,1561,1054545.6
2023-05-19,515,Màn chiếu chân P84TS,131,511,1318182.0
2023-05-19,516,MỰC T3008,131,511,1136364.0
2023-05-19,1072,Mực nạp đổ XP12 - 140,6422,1111,4000000.0
2023-05-19,516,Giá vốn (80%): MỰC T3008,632,1561,909091.2
2023-05-20,517,Máy  In Canon Laser LBP-2900,131,511,3500000.0
2023-05-20,517,Giá vốn (80%): Máy  In Canon Laser LBP-2900,632,1561,2800000.0
2023-05-21,3493,"Thiết bị chuyển mạch SG1080, Hiệu APTEK",6422,1111,1172727.0
2023-05-21,76910,THU LAI VAY LD2305900592,6422,1111,1400807.0
2023-05-21,1895,Camera quan sát DS-2CD1023G0E-I(L),6422,1111,600000.0
2023-05-21,1895,Camera quan sát DS-2CD2023G2-IU,6422,1111,1532000.0
2023-05-21,1895,"Camera kỹ thuật số có chức năng ghi hiệu EZVIZ mã CS-C8C (1080P,6MM) - hỗ trợ thẻ nhớ trong",6422,1111,7690909.0
2023-05-21,1895,"Ổ cứng gắn trong Seagate SkyHawk 2TB 5900rpm SATA 3.5""_ST2000VX015",6422,1111,1090909.0
2023-05-21,1895,Camera quan sát DS-2CD1023G0-IUF(C),6422,1111,3760000.0
2023-05-21,1895,Đầu ghi hình DS-7616NI-K1,6422,1111,1688000.0
2023-05-21,63399,"Bộ định tuyến có chức năng  thu phát vô tuyến TP-LINK, 2,4 GHz/ W-CDMA FDD/ GSM_TL-MR6400",6422,1111,4863635.0
2023-05-21,1082,L1250 Máy in phun màu hiệu epson,6422,1111,3318182.0
2023-05-21,63399,Thiết bị thu phát vô tuyến TP-LINK_TL-WN725N,6422,1111,486000.0
2023-05-21,518,"Giá vốn (80%): Bộ chuột,bàn phím Rapoo 1800s",632,1561,654545.6
2023-05-21,518,"Bộ chuột,bàn phím Rapoo 1800s",131,511,818182.0
2023-05-21,518,Giá vốn (80%): Ổ cứng di động USB 16GB U202 Kioxia,632,1561,72727.2
2023-05-21,518,Ổ cứng di động USB 16GB U202 Kioxia,131,511,90909.0
2023-05-21,518,Giá vốn (80%): Máy in  Canon Laser LBP-2900,632,1561,2901818.4
2023-05-21,518,Máy in  Canon Laser LBP-2900,131,511,3627273.0
2023-05-21,47,"Ổ cứng máy tính chủ 300Gb 10K SAS 2.5""6Gbps",6422,1111,11850000.0
2023-05-21,63399,"Thiết bị thu phát vô tuyến, TP-LINK, 2,4GHz/5GHz_Archer AX73",6422,1111,1872727.0
2023-05-22,714,Vỏ thùng máy tính Jetek Squid Game X1 Black,6422,1111,2473636.0
2023-05-22,714,Vỏ thùng máy tính Jetek Squid Game R3 Black,6422,1111,3957818.0
2023-05-22,522,Giá vốn (80%): Máy tính bàn LENOVO THINKCENTRE M70S GEN 3 i5-12400 /11TC000TVA,632,1561,18894545.6
2023-05-22,522,"Giá vốn (80%): Màn hình máy tính Lenovo H20215FE0 - ""E22-2821.5 inch Monitor -P/N: 62B9MAR4WW",632,1561,3636363.2
2023-05-22,522,"Màn hình máy tính Lenovo H20215FE0 - ""E22-2821.5 inch Monitor -P/N: 62B9MAR4WW",131,511,4545454.0
2023-05-22,714,Vỏ thùng máy tính Jetek Squid Game X1 White,6422,1111,2746364.0
2023-05-22,714,Vỏ thùng máy tính Jetek Squid Game R1,6422,1111,2473636.0
2023-05-22,714,Vỏ thùng máy tính Jetek Squid Game R3 White,6422,1111,4466909.0
2023-05-22,520,Mực nạp NB35a,131,511,45454.0
2023-05-22,4751,Máy ép nhựa Plastic YT 320,6422,1111,1090909.09
2023-05-22,520,Hộp mực  in Ecoplus 12A,131,511,254546.0
2023-05-22,520,Giá vốn (80%): Hộp mực  in Ecoplus 12A,632,1561,203636.8
2023-05-22,520,Giá vốn (80%): Mực nạp NB35a,632,1561,36363.2
2023-05-22,3503,THU PHI CK CTY ADG+CTY VIEN SON+ CTY TM DAI PHAT,6422,1111,69000.0
2023-05-22,3503,Thuế GTGT: THU PHI CK CTY ADG+CTY VIEN SON+ CTY TM DAI PHAT,1331,1111,6900.0
2023-05-22,178099,MÁY VI TÍNH ĐỂ BÀN (PC) LENOVO ThinkCentre neo 50t Gen 3 i3-12100(4*3.3)/4GD4/256GSSD/WL/BT/KB/M/nOS/ĐEN(11SC001LVA),6422,1111,42850000.0
2023-05-22,522,Máy tính bàn LENOVO THINKCENTRE M70S GEN 3 i5-12400 /11TC000TVA,131,511,23618182.0
2023-05-22,714,Vỏ thùng máy tính Jetek Squid Game R6,6422,1111,2427727.0
2023-05-22,1240,Máy chấm công bằng dấu vân tay DG600BID,6422,1111,3200000.0
2023-05-22,521,Giá vốn (80%): Máy In Canon Laser LBP-2900,632,1561,2901818.4
2023-05-22,521,Hộp mực  in Izinet 12A,131,511,590909.0
2023-05-22,521,Giá vốn (80%): Hộp mực  in Izinet 12A,632,1561,472727.2
2023-05-22,523,BỘ MÁY VI TÍNH ( KHÔNG MÀN HÌNH ),131,511,7290909.0
2023-05-22,523,Giá vốn (80%): BỘ MÁY VI TÍNH ( KHÔNG MÀN HÌNH ),632,1561,5832727.2
2023-05-22,523,Máy quét mã vạch Zebra DS9308-SR,131,511,3963636.0
2023-05-22,523,Giá vốn (80%): Máy quét mã vạch Zebra DS9308-SR,632,1561,3170908.8
2023-05-22,523,MÁY IN CANON LASER LBP 226DW,131,511,6818182.0
2023-05-22,524,"Ổ cứng máy tính SSD Western WDS240G2G0A,240GB",131,511,445455.0
2023-05-22,524,"Giá vốn (80%): Ổ cứng máy tính SSD Western WDS240G2G0A,240GB",632,1561,356364.0
2023-05-22,525,Mực Laser TN-2385 Brother,131,511,709091.0
2023-05-22,523,Giá vốn (80%): MÁY IN CANON LASER LBP 226DW,632,1561,5454545.6
2023-05-22,519,Máy in Canon Laser LBP-2900,131,511,7181818.0
2023-05-22,519,Giá vốn (80%): Máy in Canon Laser LBP-2900,632,1561,5745454.4
2023-05-22,519,Máy quét HP Scanjet Pro 2600F1 (20G05A),131,511,7181818.0
2023-05-22,519,Giá vốn (80%): Máy quét HP Scanjet Pro 2600F1 (20G05A),632,1561,5745454.4
2023-05-22,519,BỘ MÁY VI TÍNH CORE I5-10400,131,511,8972727.0
2023-05-22,519,Giá vốn (80%): BỘ MÁY VI TÍNH CORE I5-10400,632,1561,7178181.6
2023-05-22,521,Máy In Canon Laser LBP-2900,131,511,3627273.0
2023-05-22,525,Giá vốn (80%): Mực Laser TN-2385 Brother,632,1561,567272.8
2023-05-23,528,"Giá vốn (80%): Thiết bị chuyển mạch TP-Link, TL-SG108",632,1561,1600000.0
2023-05-23,528,"Thiết bị chuyển mạch TP-Link, TL-SG108",131,511,2000000.0
2023-05-23,528,"Giá vốn (80%): Thiết bị thu phát vô tuyến, TPLINK, 2,4GHz/5GHz_ArcherAX73",632,1561,1600000.0
2023-05-23,530,Chuột vi tính Rapoo M20,131,511,109091.0
2023-05-23,529,Giá vốn (80%): Phần mềm Kaspersky KL1867MUAFS,632,1561,240000.0
2023-05-23,529,Phần mềm Kaspersky KL1867MUAFS,131,511,300000.0
2023-05-23,528,Bàn phím Dell Multimedia KB216,131,511,172727.0
2023-05-23,528,"Thiết bị thu phát vô tuyến, TPLINK, 2,4GHz/5GHz_ArcherAX73",131,511,2000000.0
2023-05-23,528,Giá vốn (80%): Bàn phím Dell Multimedia KB216,632,1561,138181.6
2023-05-23,528,"Thiết bị định tuyến TP-Link 300M,2.4GHz, TL-WR841HP",131,511,1218182.0
2023-05-23,528,"Giá vốn (80%): Thiết bị thu phát vô tuyến  TP-Link 2.4Ghz,Archer T2U",632,1561,181818.4
2023-05-23,528,Dây cáp mạng  Ensoho EN-F6CA24 FTP cat6,131,511,2181818.0
2023-05-23,528,Giá vốn (80%): Dây cáp mạng  Ensoho EN-F6CA24 FTP cat6,632,1561,1745454.4
2023-05-23,528,"Bộ định tuyến có chức năng thuphát vô tuyến TP-LINK, 2,4GHz/ W-CDMA FDD/GSM_TL-MR6400",131,511,2918182.0
2023-05-23,528,"Giá vốn (80%): Bộ định tuyến có chức năng thuphát vô tuyến TP-LINK, 2,4GHz/ W-CDMA FDD/GSM_TL-MR6400",632,1561,2334545.6
2023-05-23,528,"Thiết bị chuyển mạch TP-Link, TL - SG1016",131,511,1100000.0
2023-05-23,528,"Giá vốn (80%): Thiết bị chuyển mạch TP-Link, TL - SG1016",632,1561,880000.0
2023-05-23,530,Giá vốn (80%): Điện thoại có dây Panasonic KXTS500,632,1561,436363.2
2023-05-23,528,"Giá vốn (80%): Thiết bị định tuyến TP-Link 300M,2.4GHz, TL-WR841HP",632,1561,974545.6
2023-05-23,528,"Thiết bị thu phát vô tuyến  TP-Link 2.4Ghz,Archer T2U",131,511,227273.0
2023-05-23,530,Điện thoại có dây Panasonic KXTS500,131,511,545454.0
2023-05-23,530,Giá vốn (80%): Chuột vi tính Rapoo M20,632,1561,87272.8
2023-05-23,531,Mực in  Brother BT5000M,131,511,136364.0
2023-05-23,527,Điện thoại có dây Panasonic KXTS500,131,511,272727.0
2023-05-23,527,Giá vốn (80%): Điện thoại có dây Panasonic KXTS500,632,1561,218181.6
2023-05-23,3534,THU PHI CK CTY CN ELITE,6422,1111,24000.0
2023-05-23,3534,Thuế GTGT: THU PHI CK CTY CN ELITE,1331,1111,2400.0
2023-05-23,526,Thẻ nhớ 64GB Micro SDXC Exceria UHS-I C10 U1100MB/s Kioxia (Không có Adapter),131,511,118182.0
2023-05-23,526,Giá vốn (80%): Thẻ nhớ 64GB Micro SDXC Exceria UHS-I C10 U1100MB/s Kioxia (Không có Adapter),1121,131,94545.6
2023-05-23,526,Camera quan sát kỹ thuật số có chức năng ghi hiệuEZVIZ mã CS-H8C - hỗ trợ thẻ nhớ trong,131,511,1018182.0
2023-05-23,526,Giá vốn (80%): Camera quan sát kỹ thuật số có chức năng ghi hiệuEZVIZ mã CS-H8C - hỗ trợ thẻ nhớ trong,632,1561,814545.6
2023-05-23,531,Giá vốn (80%): Mực in  Brother BT5000M,632,1561,109091.2
2023-05-23,3535,THU PHI CK CTY VIET SON,6422,1111,23000.0
2023-05-23,534,Máy  In Canon Laser LBP-2900,131,511,3627273.0
2023-05-23,534,Giá vốn (80%): Máy  In Canon Laser LBP-2900,632,1561,2901818.4
2023-05-23,179009,MÁY TÍNH ĐỂ BÀN (PC) DELL VOS3910MT i5-12400(6*2.5)/8GD4/256SSD/WLn/BT/KB/M/W11SL+OFICE HOME ST/ProSup/ĐEN(9M2DD1),6422,1111,33818184.0
2023-05-23,533,ổ đĩa cứng hiệu KINGSTON 1000GNV2 M.2 2280 NVME SSD ( SNV2S/1000G ),131,511,1818182.0
2023-05-23,533,Giá vốn (80%): ổ đĩa cứng hiệu KINGSTON 1000GNV2 M.2 2280 NVME SSD ( SNV2S/1000G ),632,1561,1454545.6
2023-05-23,532,"Máy tính xách tay HP PAVILION 15-eg2064TX i5 1235U/8GB/256GB/2GB_MX550/15.6"" FHD/W11SL/(7C0W8PA)",131,511,16872727.0
2023-05-23,532,"Giá vốn (80%): Máy tính xách tay HP PAVILION 15-eg2064TX i5 1235U/8GB/256GB/2GB_MX550/15.6"" FHD/W11SL/(7C0W8PA)",632,1561,13498181.6
2023-05-23,532,Chuột máy tính Rapoo M20,131,511,118182.0
2023-05-23,532,Giá vốn (80%): Chuột máy tính Rapoo M20,632,1561,94545.6
2023-05-23,3535,Thuế GTGT: THU PHI CK CTY VIET SON,1331,1111,2300.0
2023-05-24,3570,Thuế GTGT: TP CK CTY VINH XUAN,1331,1111,2974.0
2023-05-24,3570,TP CK CTY VINH XUAN,6422,1111,29744.0
2023-05-24,535,Giá vốn (80%): MÁY VI TÍNH ĐỂ BÀN (PC) LENOVO ThinkCentre neo 50t Gen 3 i3- 12100(4*3.3)/4GD4/256GSSD/WL/BT/KB/M/nOS/ĐEN( 11SC001LVA),632,1561,28109091.2
2023-05-24,3565,Thuế GTGT: THU PHI RTM CTY HUY VU,1331,1111,2000.0
2023-05-24,414,"Máy chấm công vân tay RJ-3030. Hiệu: Ronald jack, nhà sản xuất:zkteco, điện áp: 5V.Mới 100%",6422,1111,1727273.0
2023-05-24,3565,THU PHI RTM CTY HUY VU,6422,1111,20000.0
2023-05-24,535,MÁY VI TÍNH ĐỂ BÀN (PC) LENOVO ThinkCentre neo 50t Gen 3 i3- 12100(4*3.3)/4GD4/256GSSD/WL/BT/KB/M/nOS/ĐEN( 11SC001LVA),131,511,35136364.0
2023-05-25,539,Giá vốn (80%): Cáp dữ liệu VIDEO HDMI 1.4 truyền âm thanh hình ảnh dài30M có chipset Ugreen (10114),632,1561,1076364.0
2023-05-25,539,"Thiết bị chuyển mạch TP-Link,TL-SG1008D",131,511,418182.0
2023-05-25,539,"Giá vốn (80%): Thiết bị chuyển mạch TP-Link,TL-SG1008D",632,1561,334545.6
2023-05-25,539,Cạc màn hình Asus GT710 - SL - 2GD3- BRK-EVO,131,511,1081818.0
2023-05-25,539,Giá vốn (80%): Cạc màn hình Asus GT710 - SL - 2GD3- BRK-EVO,632,1561,865454.4
2023-05-25,536,"Ổ cứng máy tính chủ 300Gb 10K SAS 2.5""6Gbps",131,511,13363636.0
2023-05-25,536,"Giá vốn (80%): Ổ cứng máy tính chủ 300Gb 10K SAS 2.5""6Gbps",632,1561,10690908.8
2023-05-25,537,"Thiết bị đầu cuối W-CDMA FDD/E-UTRA FDD, 2.4GHz, TP-Link,M7000",131,511,727273.0
2023-05-25,537,"Giá vốn (80%): Thiết bị đầu cuối W-CDMA FDD/E-UTRA FDD, 2.4GHz, TP-Link,M7000",632,1561,581818.4
2023-05-25,537,"Giá vốn (80%): Thiết bị định tuyến TP-Link, 2.4GHz/5GHz, Archer C20",632,1561,596363.2
2023-05-25,537,ổ cứng di động 32GB U301 USB 3.2 Gen 1 Kioxia - Trắng,131,511,345455.0
2023-05-25,537,Giá vốn (80%): ổ cứng di động 32GB U301 USB 3.2 Gen 1 Kioxia - Trắng,632,1561,276364.0
2023-05-25,79916,"PHI T05/2023-040019911911-ALERT,IB,OTP,QLTK",6422,1111,125000.0
2023-05-25,79916,"Thuế GTGT: PHI T05/2023-040019911911-ALERT,IB,OTP,QLTK",1331,1111,12500.0
2023-05-25,80458,THU LAI VAY LD2306500370,6422,1111,1151215.0
2023-05-25,539,Cáp dữ liệu VIDEO HDMI 1.4 truyền âm thanh hình ảnh dài30M có chipset Ugreen (10114),131,511,1345455.0
2023-05-25,537,"Thiết bị định tuyến TP-Link, 2.4GHz/5GHz, Archer C20",131,511,745454.0
2023-05-25,133,Ổ cứng gắn trong Toshiba 4000gb,6422,1111,1909091.0
2023-05-25,182,Cáp dữ liệu VIDEO HDMI 1.4 truyền âm thanh hình ảnh dài 30M có chipset Ugreen (10114),6422,1111,1127273.0
2023-05-25,182,Bộ đàm Kenwood NX 1200D-M3,6422,1111,26122500.0
2023-05-25,538,Dây chuyển đổi có chipset USB sang cổng COM RS­232 dài1.5M Ugreen (20211),131,511,318182.0
2023-05-25,538,Giá vốn (80%): Dây chuyển đổi có chipset USB sang cổng COM RS­232 dài1.5M Ugreen (20211),632,1561,254545.6
2023-05-25,538,Chuột Logitech PEBBLE M350,131,511,436363.0
2023-05-25,80459,THU LAI VAY LD2307300692,6422,1111,635133.0
2023-05-25,3610,THU PHI CK CTY CP TG SO,6422,1111,40000.0
2023-05-25,3610,Thuế GTGT: THU PHI CK CTY CP TG SO,1331,1111,4000.0
2023-05-25,909,Mực in 26A Number One,6422,1121,1050000.0
2023-05-25,538,Giá vốn (80%): Chuột Logitech PEBBLE M350,632,1561,349090.4
2023-05-25,909,Gạt mực 35A/P1005/1006,6422,1111,59090.0
2023-05-25,909,Trống máy in HP 1010/1020,6422,1111,618200.0
2023-05-25,909,Cụm Drum 32A Number One,6422,1121,700000.0
2023-05-25,909,Mực in 051 Number One,6422,1121,600000.0
2023-05-25,909,Mực in 308 Number One,6422,1121,640000.0
2023-05-25,182,Anten Kenwood KRA 26,6422,1111,2515500.0
2023-05-25,182,Bình ắc quy 12V-100Ah,6422,1111,9900000.0
2023-05-25,909,Hộp mực 052 Number One,6422,1121,350000.0
2023-05-26,540,Bộ nhớ trong của máy vi tính KINGSTON 16G D4 -3200S22 1Rx8 SODIMM ( KVR32S22S8/16 ),131,511,1945454.0
2023-05-26,540,Giá vốn (80%): Bộ nhớ trong của máy vi tính KINGSTON 16G D4 -3200S22 1Rx8 SODIMM ( KVR32S22S8/16 ),632,1561,1556363.2
2023-05-26,540,Bàn phím  Dell Multimedia KB216,131,511,545455.0
2023-05-26,540,Giá vốn (80%): Bàn phím  Dell Multimedia KB216,632,1561,436364.0
2023-05-26,1159,Điện thoại có dây Panasonic KXTS500,6422,1111,1136000.0
2023-05-26,540,Giá vốn (80%): Vỏ thùng máy tính JETEK EN22,632,1561,436364.0
2023-05-26,185,Bình đun nước điện Panasonic NC-K101WRA,6422,1111,3600000.0
2023-05-26,1159,Điện thoại có dây Panasonic KXTSC11,6422,1111,1318200.0
2023-05-26,540,Giá vốn (80%): CARD VGA của máy vi tính hiệu ASUS GT730 - SL -2GD5 - BRK,632,1561,1876363.2
2023-05-26,540,Vỏ thùng máy tính JETEK EN22,131,511,545455.0
2023-05-26,540,CARD VGA của máy vi tính hiệu ASUS GT730 - SL -2GD5 - BRK,131,511,2345454.0
2023-05-26,540,Giá vốn (80%): Chíp xử lý Intel i5 - 10400,632,1561,4516363.2
2023-05-26,540,Nguồn Jetek Model Y600T,131,511,736365.0
2023-05-26,542,Mực laser đen premium,131,511,90909.0
2023-05-26,540,Giá vốn (80%): Nguồn Jetek Model Y600T,632,1561,589092.0
2023-05-26,541,"Màn hình vi tính Dell LCD-U2422H-23.8""WHD",131,511,5900000.0
2023-05-26,541,"Giá vốn (80%): Màn hình vi tính Dell LCD-U2422H-23.8""WHD",632,1561,4720000.0
2023-05-26,540,Máy in đa năng Brother DCP-T226,131,511,3445454.0
2023-05-26,542,Giá vốn (80%): Mực laser đen premium,632,1561,72727.2
2023-05-26,540,Chíp xử lý Intel i5 - 10400,131,511,5645454.0
2023-05-26,540,ổ cứng gắn trong 240GB SSD Exceria BiCS FLASH 2.5''SATA3 Kioxia,131,511,2181818.0
2023-05-26,540,Giá vốn (80%): ổ cứng gắn trong 240GB SSD Exceria BiCS FLASH 2.5''SATA3 Kioxia,632,1561,1745454.4
2023-05-26,540,Giá vốn (80%): Máy in đa năng Brother DCP-T226,632,1561,2756363.2
2023-05-27,544,Máy in Brother HL-L2321D,131,511,2681818.0
2023-05-27,544,Giá vốn (80%): Loa SoundMax A130/2.0,632,1561,101818.4
2023-05-27,544,Loa SoundMax A130/2.0,131,511,127273.0
2023-05-27,544,"Giá vốn (80%): Card PCIe Adapter TP-Link,TL-WN881ND",632,1561,203636.8
2023-05-27,544,"Card PCIe Adapter TP-Link,TL-WN881ND",131,511,254546.0
2023-05-27,544,"Giá vốn (80%): Thiết bị thu phát vô tuyến 2.4GHz TP-Link,TL-WA860RE",632,1561,254545.6
2023-05-27,544,"Thiết bị thu phát vô tuyến 2.4GHz TP-Link,TL-WA860RE",131,511,318182.0
2023-05-27,544,Giá vốn (80%): Máy in Brother HL-L2321D,632,1561,2145454.4
2023-05-27,544,Bộ nhớ trong  Kingston 4GD4 2666,131,511,363636.0
2023-05-27,544,Giá vốn (80%): Bộ nhớ trong  Kingston 4GD4 2666,632,1561,290908.8
2023-05-27,544,"Màn hình  Viewsonic VA2215-H / 21.5""",131,511,2990909.0
2023-05-27,544,Giá vốn (80%): Bộ máy vi tính,632,1561,6727272.8
2023-05-27,544,Bộ máy vi tính,131,511,8409091.0
2023-05-27,543,Giá vốn (80%): ổ cứng gắn trong 240GB SSD Exceria BiCS FLASH 2.5''SATA3 Kioxia,632,1561,2072727.2
2023-05-27,543,ổ cứng gắn trong 240GB SSD Exceria BiCS FLASH 2.5''SATA3 Kioxia,131,511,2590909.0
2023-05-27,545,Giá vốn (80%): Chuột máy tính Logitech M185,632,1561,145454.4
2023-05-27,545,Chuột máy tính Logitech M185,131,511,181818.0
2023-05-27,545,Giá vốn (80%): ổ cứng gắn trong 240GB SSD Exceria BiCS FLASH 2.5''SATA3 Kioxia,632,1561,654545.6
2023-05-27,545,ổ cứng gắn trong 240GB SSD Exceria BiCS FLASH 2.5''SATA3 Kioxia,131,511,818182.0
2023-05-27,544,"Giá vốn (80%): Màn hình  Viewsonic VA2215-H / 21.5""",632,1561,2392727.2
2023-05-28,546,Máy In Canon Laser LBP-2900,131,511,3627273.0
2023-05-28,546,Giá vốn (80%): Máy In Canon Laser LBP-2900,632,1561,2901818.4
2023-05-28,3647,Thuế GTGT: TP CK CTY DT LBM,1331,1111,1500.0
2023-05-28,3691,"Cáp mạng Cat 5e UTP 305m/thùng, Hiệu Aptek",6422,1111,4418184.0
2023-05-28,3646,TP CK CTY CN ELITE,6422,1111,23000.0
2023-05-28,1921,Vỏ Máy Vi Tính SAMA LUX,6422,1111,600000.0
2023-05-28,1921,Vỏ Máy Vi Tính SAMA 338B,6422,1111,654545.0
2023-05-28,1921,Vỏ Máy Vi Tính SAMA 338W,6422,1111,690909.0
2023-05-28,2697,"ổ cứng lắp trong Western Digital 2TB 3.5"" Sata 3,màu xanh(Blue)(WD20EZBX)",6422,1111,5681818.0
2023-05-28,3646,Thuế GTGT: TP CK CTY CN ELITE,1331,1111,2300.0
2023-05-28,2530,BỘ LƯU ĐIỆN SANTAK - MÃ HÀNG C1K-LCD,6422,1111,6409091.0
2023-05-28,2697,"ổ cứng lắp trong Western Digital 1TB 3.5"" Sata, màu xanh (Blue) (WD10EZEX)",6422,1111,7727273.0
2023-05-28,3647,TP CK CTY DT LBM,6422,1111,15000.0
2023-05-28,1920,KEO CPU CryoFuze,6422,1111,313636.0
2023-05-28,1920,Đế Giải Nhiệt Cho Laptop C3,6422,1111,772727.0
2023-05-28,150,Quạt đứng LV16-RA CY-GY,6422,1111,1818182.0
2023-05-28,150,Lõi PP có nắp bịt 10 ĐV,6422,1111,872727.24
2023-05-28,150,Lõi OCB 10 Đại Việt,6422,1111,872727.24
2023-05-28,150,Màng RO membrane 50GPP TORAY,6422,1121,909090.9
2023-05-28,150,Lõi UDF OCB 10 Đại Việt,6422,1111,436363.62
2023-05-28,1920,Nguồn Máy Vi Tính CM PC600 Elite V3,6422,1111,3863636.0
2023-05-28,1920,Nguồn Máy Vi Tính CM PC700 Elite V3,6422,1111,4454545.0
2023-05-28,1920,KEO CPU Grease High Performance,6422,1111,454545.0
2023-05-28,1920,KEO CPU CryoFuze Violet,6422,1111,245455.0
2023-05-28,1920,Nguồn Máy Vi Tính CM PC500 Elite V3,6422,1111,7090909.0
2023-05-29,552,Chuột máy tính Logitech M185,131,511,227273.0
2023-05-29,553,Loa SoundMax A828/2.1,131,511,527273.0
2023-05-29,553,Giá vốn (80%): Loa SoundMax A828/2.1,632,1561,421818.4
2023-05-29,553,Màn hình LCD VIEWSONIC VX2718-PC - MHD/27'' LCD MONITOR,131,511,4000000.0
2023-05-29,553,Giá vốn (80%): Màn hình LCD VIEWSONIC VX2718-PC - MHD/27'' LCD MONITOR,632,1561,3200000.0
2023-05-29,553,Cáp dữ liệu VIDEO HDMI 1.4 truyền âm thanh hình ảnh dài3M Ugreen,131,511,263636.0
2023-05-29,553,Giá vốn (80%): Cáp dữ liệu VIDEO HDMI 1.4 truyền âm thanh hình ảnh dài3M Ugreen,632,1561,210908.8
2023-05-29,552,Giá vốn (80%): Chuột máy tính Logitech M185,632,1561,181818.4
2023-05-29,547,MÁY TÍNH XÁCH TAY (NB) HP Pavilion 15- eg2056TUi5-1240P/8GD4/512GSSD/15.6FHD/Wlax/BT5/3C41WHr/ALUp/W11SL/VÀNG(6K786PA),131,511,15318182.0
2023-05-29,552,Giá vốn (80%): ổ cứng di động 32GB U301 USB 3.2 Gen 1 Kioxia,632,1561,116363.2
2023-05-29,1939,Nguồn Máy Vi Tính CM P400 BULK ELITE V3,6422,1111,2954545.0
2023-05-29,548,Máy In Canon Laser LBP 226DW,131,511,5500000.0
2023-05-29,548,Giá vốn (80%): Máy In Canon Laser LBP 226DW,632,1561,4400000.0
2023-05-29,547,Giá vốn (80%): MÁY TÍNH XÁCH TAY (NB) HP Pavilion 15- eg2056TUi5-1240P/8GD4/512GSSD/15.6FHD/Wlax/BT5/3C41WHr/ALUp/W11SL/VÀNG(6K786PA),632,1561,12254545.6
2023-05-29,547,Chuột vi tính Rapoo M20,131,511,127273.0
2023-05-29,547,Giá vốn (80%): Chuột vi tính Rapoo M20,632,1561,101818.4
2023-05-29,550,Giá vốn (80%): Mực in 051 Number One,632,1121,400000.0
2023-05-29,552,ổ cứng di động 32GB U301 USB 3.2 Gen 1 Kioxia,131,511,145454.0
2023-05-29,550,Mực in 051 Number One,131,511,500000.0
2023-05-29,554,Máy in Brother DCP-B7535DW,131,511,5136364.0
2023-05-29,550,Cụm Drum 32A Number One,131,511,454545.0
2023-05-29,550,Giá vốn (80%): Cụm Drum 32A Number One,632,1121,363636.0
2023-05-29,554,Giá vốn (80%): Máy in Brother DCP-B7535DW,632,1561,4109091.2
2023-05-29,554,Điện thoại có dây Panasonic KXTSC11,131,511,590909.0
2023-05-29,554,Giá vốn (80%): Điện thoại có dây Panasonic KXTSC11,632,1561,472727.2
2023-05-29,9099,"ổ cứng lắp trong Western Digital 4TB 3.5"" Sata 3, màu xanh(Blue)(WD40EZAX)",6422,1111,3727273.0
2023-05-29,555,Giá vốn (80%): Mực Laser đen Premium,632,1561,254545.6
2023-05-29,549,"Thiết bị chuyển mạch  TP-Link, TL- SG1016D",131,511,1172727.0
2023-05-29,549,"Giá vốn (80%): Thiết bị chuyển mạch  TP-Link, TL- SG1016D",632,1561,938181.6
2023-05-29,555,Mực Laser đen Premium,131,511,318182.0
2023-05-29,501,"Sạc dự phòng Lenovo Go USB-C Power Bank; P/n 40ALLG2WWW (Hàng tặng khuyến mãi, không thu tiền)",1121,131,2388137.0
2023-05-29,501,"Ba lô Lenovo CASE_BO TP Professional BP; P/n 4X40Q26383 (Hàng tặng khuyến mãi, không thu tiền)",1121,131,1177745.0
2023-05-29,556,Mực Laser đen Brother 2240,131,511,409091.0
2023-05-29,556,Giá vốn (80%): Mực Laser đen Brother 2240,632,1561,327272.8
2023-05-29,551,Hộp mực  in Izinet 12A,131,511,336364.0
2023-05-29,551,Giá vốn (80%): Hộp mực  in Izinet 12A,632,1561,269091.2
2023-05-29,551,Rum 12A,131,511,36363.0
2023-05-29,501,"Chuột máy tính Lenovo MICE_BO ThinkBook Wireless Media Mouse; P/n: 4Y50V81591 (Hàng tặng khuyến mãi, không thu tiền)",1121,131,1994268.0
2023-05-29,551,Giá vốn (80%): Rum 12A,632,1561,29090.4
2023-05-30,3705,THU PHI RTM CTY HUY VU,6422,1111,1000000.0
2023-05-30,3705,Thuế GTGT: THU PHI RTM CTY HUY VU,1331,1111,100000.0
2023-05-30,2753,Bộ nhớ trong Kingston 8G D4-3200S22 1Rx8 SODIMM(KVR32S22S8/8),6422,1111,2090909.0
2023-05-30,32807,Không có tên,6422,1111,60000.0
2023-05-30,82573,THU LAI VAY QUA HAN PDLD2307500316,6422,1111,548805.0
2023-05-30,82574,THU LAI VAY QUA HAN PDLD2307500658,6422,1111,722116.0
2023-05-30,562,Giá vốn (80%): Bộ lưu điện  Santak - TG500,632,1561,872727.2
2023-05-30,2753,Chiết khấu giảm giá,6422,1111,1818182.0
2023-05-30,562,Bộ lưu điện  Santak - TG500,131,511,1090909.0
2023-05-30,565,Giá vốn (80%): ổ cứng di động 16GB U202 USB 2.0 Kioxia,632,1561,436364.0
2023-05-30,563,Loa SoundMax A828/2.1,131,511,470000.0
2023-05-30,563,Giá vốn (80%): Bàn phím Keyboard Rapoo NK2500,632,1561,240000.0
2023-05-30,563,Bàn phím Keyboard Rapoo NK2500,131,511,300000.0
2023-05-30,563,Giá vốn (80%): Card đồ họa ASUS DUAL-RTX3060-8G_90YV0GB6-M0NA00,632,1561,6145454.4
2023-05-30,563,Card đồ họa ASUS DUAL-RTX3060-8G_90YV0GB6-M0NA00,131,511,7681818.0
2023-05-30,564,Giá vốn (80%): Chuột máy tính Logitech M557,632,1561,858182.4
2023-05-30,564,Chuột máy tính Logitech M557,131,511,1072728.0
2023-05-30,32807,Thuế GTGT: Không có tên,1331,1111,6000.0
2023-05-30,565,ổ cứng di động 16GB U202 USB 2.0 Kioxia,131,511,545455.0
2023-05-30,557,Giá vốn (80%): Bộ máy vi tính,632,1561,8530908.8
2023-05-30,563,Giá vốn (80%): Loa SoundMax A828/2.1,632,1561,376000.0
2023-05-30,32806,Không có tên,6422,1111,9747477.0
2023-05-30,561,Giá vốn (80%): Bảng mạch chính của máy vi tính hiệu ASUS PRIMEH610M - K D4,632,1561,1272727.2
2023-05-30,68093,"Bộ định tuyến có chức năng  thu phát vô tuyến TP-LINK, 2,4 GHz/ W-CDMA FDD/ GSM_TL-MR6400",6422,1111,2912727.0
2023-05-30,557,Bộ máy vi tính,131,511,10663636.0
2023-05-30,559,"Thiết bị thu phát vô tuyến TP-Link,TL-WN725N",131,511,363636.0
2023-05-30,559,Giá vốn (80%): Chuột vi tính có dây  Rapoo N100,632,1561,800000.0
2023-05-30,559,Chuột vi tính có dây  Rapoo N100,131,511,1000000.0
2023-05-30,559,Giá vốn (80%): ổ cứng di động 16GB U202 USB 2.0 Kioxia,632,1561,545454.4
2023-05-30,559,ổ cứng di động 16GB U202 USB 2.0 Kioxia,131,511,681818.0
2023-05-30,559,Giá vốn (80%): 4K0Z7PA: Máy tính xách tay HP 14s- fq1080AU -AMD Ryzen3 5300U / 4GB DDR4-3200/ SSD 256GB /RadeonVegaGraphics/ 14” HD/ Windows 11 Home/ NaturalSilver,632,1561,11490908.8
2023-05-30,559,4K0Z7PA: Máy tính xách tay HP 14s- fq1080AU -AMD Ryzen3 5300U / 4GB DDR4-3200/ SSD 256GB /RadeonVegaGraphics/ 14” HD/ Windows 11 Home/ NaturalSilver,131,511,14363636.0
2023-05-30,5039,Mực in HP W2090A,6422,1111,2218181.82
2023-05-30,5039,Mực in HP CF-230A,6422,1111,7500000.0
2023-05-30,559,"Giá vốn (80%): Thiết bị thu phát vô tuyến TP-Link,TL-WN725N",632,1561,290908.8
2023-05-30,44619,"Máy tính xách tay Dell Vostro 3520 Intel Core i3-1215U, 15.6""FHD, 1x8G, 256GB SSD PCIe NVMe, 3 Cell-41Whr, Win 11, Office H&S 2021, V5I3614W1-Gray",6422,1111,22000000.0
2023-05-30,560,"Giá vốn (80%): Bộ định tuyến có chức năng thuphát vô tuyến TP-LINK, 2,4GHz/ W-CDMA FDD/GSM_TL-MR6400",632,1561,909091.2
2023-05-30,560,"Bộ định tuyến có chức năng thuphát vô tuyến TP-LINK, 2,4GHz/ W-CDMA FDD/GSM_TL-MR6400",131,511,1136364.0
2023-05-30,561,Bảng mạch chính của máy vi tính hiệu ASUS PRIMEH610M - K D4,131,511,1590909.0
2023-05-30,85470,Card đồ họa ASUS PH-GT1030-O2G_90YV0AU0-M0NA00,6422,1111,9090910.0
2023-05-30,2744,Nguồn máy tính Corsair CV750 - 80 Plus Bronze/CP-9020237-NA,6422,1111,3954545.0
2023-05-30,82589,THU LAI VAY LD2307500316,6422,1111,9021.0
2023-05-30,1943,Thuế GTGT: Dịch vụ SMS Brandname CSKH,1331,1111,12297.0
2023-05-30,1943,Dịch vụ SMS Brandname CSKH,6422,1111,122973.0
2023-05-30,68093,Thiết bị chuyển mạch TP-LINK_TL-SG1016D,6422,1111,2112728.0
2023-05-30,68093,"Thiết bị đầu cuối GSM/ W-CDMA FDD/E-UTRA FDD, 2,4 GHz, TP-LINK_M7000",6422,1111,2195454.0
2023-05-30,557,Giá vốn (80%): Màn hình máy tính Dell 22 Monitor - E2223HN powercord/Advanced Exchange Service,632,1561,2363636.8
2023-05-30,558,Giá vốn (80%): MÁY TÍNH XÁCH TAY (NB) HP Pavilion x360 14-dy0077TU i5-1135G7/8GD4/512GSSD/14.0FHDT/PEN/WL/BT/3C/W11SL/XANH(46L95PA),632,1561,11127272.8
2023-05-30,566,Giá vốn (80%): Chuột vi tính Rapoo M20,632,1561,189091.2
2023-05-30,558,MÁY TÍNH XÁCH TAY (NB) HP Pavilion 15-eg2062TUi3-1215U/8GD4/256GSSD/15.6FHD/Wlax/BT5/3C41WHr/ALUp/W11SL/VÀNG(6K790PA),131,511,10454545.0
2023-05-30,558,Giá vốn (80%): MÁY TÍNH XÁCH TAY (NB) HP Pavilion 15-eg2058TUi5-1240P/8GD4/256GSSD/15.6FHD/Wlax/BT5/3C41WHr/ALUp/W11SL/VÀNG(6K788PA),632,1561,10254545.6
2023-05-30,558,MÁY TÍNH XÁCH TAY (NB) HP Pavilion 15-eg2058TUi5-1240P/8GD4/256GSSD/15.6FHD/Wlax/BT5/3C41WHr/ALUp/W11SL/VÀNG(6K788PA),131,511,12818182.0
2023-05-30,558,"Giá vốn (80%): Thiết bị chuyển mạch TP-Link, TL-SF1008D",632,1561,2240000.0
2023-05-30,558,"Thiết bị chuyển mạch TP-Link, TL-SF1008D",131,511,2800000.0
2023-05-30,558,"Giá vốn (80%): Thiết bị chuyển mạch TP-Link, TL-SF1005D",632,1561,1774545.6
2023-05-30,558,"Thiết bị chuyển mạch TP-Link, TL-SF1005D",131,511,2218182.0
2023-05-30,558,"Giá vốn (80%): Thiết bị thu phát vô tuyến TP-Link, TL-WN725N",632,1561,1556363.2
2023-05-30,558,"Thiết bị thu phát vô tuyến TP-Link, TL-WN725N",131,511,1945454.0
2023-05-30,558,Giá vốn (80%): MÁY TÍNH XÁCH TAY (NB) HP Pavilion 15-eg2062TUi3-1215U/8GD4/256GSSD/15.6FHD/Wlax/BT5/3C41WHr/ALUp/W11SL/VÀNG(6K790PA),632,1561,8363636.0
2023-05-30,558,Giá vốn (80%): MÁY TÍNH XÁCH TAY (NB) HP Pavilion 15- eg0513TUi3-1125G4/4GD4/256GSSD/15.6FHD/Wlac/BT5/3C41WHr/ALUp/VÀNG/W11SL(46M12PA),632,1561,13527272.8
2023-05-30,558,MÁY TÍNH XÁCH TAY (NB) HP Pavilion x360 14-dy0077TU i5-1135G7/8GD4/512GSSD/14.0FHDT/PEN/WL/BT/3C/W11SL/XANH(46L95PA),131,511,13909091.0
2023-05-30,558,Giá vốn (80%): MÁY TÍNH XÁCH TAY (NB) HP Pavilion 15- eg2056TU i5-1240P/8GD4/512GSSD/15.6FHD/Wlax/BT5/3C41WHr/ALUp/W11SL/VÀNG(6K786PA),632,1561,22109091.2
2023-05-30,558,MÁY TÍNH XÁCH TAY (NB) HP Pavilion 15- eg2056TU i5-1240P/8GD4/512GSSD/15.6FHD/Wlax/BT5/3C41WHr/ALUp/W11SL/VÀNG(6K786PA),131,511,27636364.0
2023-05-30,558,"Máy tính xách tay ThinkBook 14 G4 IAP i5-1240P/8Gb/512Gb/UHD/Fingerprint/Off Trial/Win11 H64SL/MINERAL_GREY/14""FHD, P/N: 21DH00B5VN",131,511,13636364.0
2023-05-30,558,"Giá vốn (80%): Máy tính xách tay Lenovo S14 G3 IAP - I5-1235U (1.3G) - 8GB- 512GB SSD - WF+BL, Fingerprint - 14"" FHD - Dos - 1Yr; P/n82TW0029VN",632,1561,10763636.0
2023-05-30,558,"Máy tính xách tay Lenovo S14 G3 IAP - I5-1235U (1.3G) - 8GB- 512GB SSD - WF+BL, Fingerprint - 14"" FHD - Dos - 1Yr; P/n82TW0029VN",131,511,13454545.0
2023-05-30,558,Giá vốn (80%): 4K0Z7PA: Máy tính xách tay HP 14s- fq1080AU - AMD Ryzen3 5300U / 4GB DDR4-3200/ SSD 256GB / RadeonVegaGraphics/ 14” HD/ Windows 11 Home/ Natural Silver,632,1561,25454545.6
2023-05-30,558,4K0Z7PA: Máy tính xách tay HP 14s- fq1080AU - AMD Ryzen3 5300U / 4GB DDR4-3200/ SSD 256GB / RadeonVegaGraphics/ 14” HD/ Windows 11 Home/ Natural Silver,131,511,31818182.0
2023-05-30,557,Màn hình máy tính Dell 22 Monitor - E2223HN powercord/Advanced Exchange Service,131,511,2954546.0
2023-05-30,558,MÁY TÍNH XÁCH TAY (NB) HP Pavilion 15- eg0513TUi3-1125G4/4GD4/256GSSD/15.6FHD/Wlac/BT5/3C41WHr/ALUp/VÀNG/W11SL(46M12PA),131,511,16909091.0
2023-05-30,558,Camera quan sát CS-C6N (1080P),131,511,15636364.0
2023-05-30,558,"Giá vốn (80%): Máy tính xách tay ThinkBook 14 G4 IAP i5-1240P/8Gb/512Gb/UHD/Fingerprint/Off Trial/Win11 H64SL/MINERAL_GREY/14""FHD, P/N: 21DH00B5VN",632,1561,10909091.2
2023-05-30,558,ổ cứng di động 32GB U301 USB 3.2 Gen 1 Kioxia - Trắng,131,511,1454545.0
2023-05-30,558,Giá vốn (80%): Camera quan sát CS-C6N (1080P),632,1561,12509091.2
2023-05-30,566,Chuột vi tính Rapoo M20,131,511,236364.0
2023-05-30,566,Giá vốn (80%): Bảng mạch chính Asus Prime H510MF,632,1561,1112727.2
2023-05-30,566,Bảng mạch chính Asus Prime H510MF,131,511,1390909.0
2023-05-30,566,Hộp mực  in Izinet 12A/303/FX9,131,511,654545.0
2023-05-30,566,Giá vốn (80%): Bộ nhớ trong của máy vi tính KINGSTON 8G D4 - 2666U19 1RX8 UDIMM (KVR26N19S8/8),632,1561,1025455.2
2023-05-30,566,Bộ nhớ trong của máy vi tính KINGSTON 8G D4 - 2666U19 1RX8 UDIMM (KVR26N19S8/8),131,511,1281819.0
2023-05-30,566,Giá vốn (80%): ổ cứng gắn trong 480GB SSD Exceria BiCS FLASH 2.5''SATA3 Kioxia,632,1561,1192727.2
2023-05-30,566,ổ cứng gắn trong 480GB SSD Exceria BiCS FLASH 2.5''SATA3 Kioxia,131,511,1490909.0
2023-05-30,43787,Chiết khấu theo BB thỏa thuận và quyết toán số 00432-2022-05-HTG-DELL-HVU09-PSD kí ngày 11/05/2022,6422,1111,12318182.0
2023-05-30,566,Giá vốn (80%): Hộp mực  in Izinet 12A/303/FX9,632,1561,523636.0
2023-05-30,43787,Chiết khấu theo BB thỏa thuận và quyết toán số 00661-2022-06-HTG-DELL-HVU09-PSD kí ngày 14/06/2022,6422,1111,1363636.0
2023-05-30,43787,Chiết khấu theo BB thỏa thuận và quyết toán số 00698-2023-04-HTG-DELL-HVU09-PSD kí ngày 11/04/2023,6422,1111,2636364.0
2023-05-30,558,Thẻ nhớ 32GB Micro SDHC Exceria UHS-I C10 U1100MB/s Kioxia (Không có Adapter),131,511,3409091.0
2023-05-30,558,Giá vốn (80%): Thẻ nhớ 32GB Micro SDHC Exceria UHS-I C10 U1100MB/s Kioxia (Không có Adapter),1121,131,2727272.8
2023-05-30,558,Giá vốn (80%): ổ cứng di động 32GB U301 USB 3.2 Gen 1 Kioxia - Trắng,632,1561,1163636.0
2023-05-30,558,Giá vốn (80%): Thẻ nhớ 64GB Micro SDXC Exceria UHS-I C10 U1100MB/s Kioxia (Không có Adapter),1121,131,8000000.0
2023-05-30,558,Thẻ nhớ 64GB Micro SDXC Exceria UHS-I C10 U1100MB/s Kioxia (Không có Adapter),131,511,10000000.0
2023-05-30,558,"Giá vốn (80%): Máy tính tách tay Asus model B3402FEA-EC0714T 14.0"" Full HD/Touchscreen/INTEL I3-1115G4/ 8GB DDR4/256GB M.2 SSD /Fingerprint/NumberPad/Win 10 home/TPM2.0/WIFI6+BT/50WH/BAG/STYLUS/WIRELESS MOUSE/ 2 YW OSS",632,1121,19636364.0
2023-05-30,43787,"Máy tính xách tay Dell Vostro 3520 Intel Core i3-1215U, 15.6""FHD, 1x8G, 256GB SSD PCIe NVMe, 3 Cell-41Whr, Win 11, Office H&S 2021, V5I3614W1-Gray",6422,1111,22000000.0
2023-05-30,43787,Chiết khấu theo BB thỏa thuận và quyết toán số 00094-2023-01-HTG-DELL-HVU09-PSD kí ngày 07/01/2023,6422,1111,909091.0
2023-05-30,558,"Máy tính tách tay Asus model B3402FEA-EC0714T 14.0"" Full HD/Touchscreen/INTEL I3-1115G4/ 8GB DDR4/256GB M.2 SSD /Fingerprint/NumberPad/Win 10 home/TPM2.0/WIFI6+BT/50WH/BAG/STYLUS/WIRELESS MOUSE/ 2 YW OSS",131,511,24545455.0
2023-05-31,34,Nút ấn khẩn,6422,1111,290000.0
2023-05-31,34,Chuông 12V,6422,1111,290000.0
2023-05-31,34,Đầu dò khói kèm đế,6422,1111,910908.0
2023-05-31,82758,THU LAI VAY QUA HAN PDLD2314500499,6422,1111,86631.0
2023-05-31,35667435,Thuế GTGT: THU PHI SEC CTY TNHH MTV HUY VU,1331,1111,1364.0
2023-05-31,35667435,THU PHI SEC CTY TNHH MTV HUY VU,6422,1111,13636.0
2023-05-31,294866,Thuế GTGT: Cước dịch vụ Viễn thông-Công nghệ thông tin tháng 05 năm 2023,1331,1111,2455.0
2023-05-31,294956,Thuế GTGT: Cước dịch vụ Viễn thông-Công nghệ thông tin tháng 05 năm 2023,1331,1111,27400.0
2023-05-31,294914,Thuế GTGT: Cước dịch vụ Viễn thông-Công nghệ thông tin tháng 05 năm 2023,1331,1111,2000.0
2023-05-31,294914,Cước dịch vụ Viễn thông-Công nghệ thông tin tháng 05 năm 2023,6422,1111,20000.0
2023-05-31,294956,Cước dịch vụ Viễn thông-Công nghệ thông tin tháng 05 năm 2023,6422,1111,274000.0
2023-05-31,324627,Thuế GTGT: Cước dịch vụ Viễn thông-Công nghệ thông tin tháng 05 năm 2023,1331,1111,24964.0
2023-05-31,34,Bình ắc quy Globe WP7.5-12,6422,1111,347274.0
2023-05-31,324627,Cước dịch vụ Viễn thông-Công nghệ thông tin tháng 05 năm 2023,6422,1111,249636.0
2023-05-31,294866,Cước dịch vụ Viễn thông-Công nghệ thông tin tháng 05 năm 2023,6422,1111,24545.0
2023-05-31,82792,THU LAI VAY QUA HAN PDLD2308800587,6422,1111,317818.0
2023-05-31,82775,THU LAI VAY QUA HAN PDLD2310900580,6422,1111,255545.0
2023-05-31,82790,THU LAI VAY QUA HAN PDLD2309000506,6422,1111,496230.0
2023-05-31,342799,Thuế GTGT: Cước dịch vụ Viễn thông-Công nghệ thông tin tháng 05 năm 2023,1331,1111,41127.0
2023-05-31,1125,ổ cứng gắn ngoài 1TB SSD ESD310C USB 10Gbps Type C/A Transcend,6422,1111,3000000.0
2023-05-31,1125,ổ cứng gắn ngoài 256GB SSD ESD310C USB 10Gbps Type C/A Transcend,6422,1111,1381818.0
2023-05-31,1125,Bút trình chiếu LP15 A4tech (Đen),6422,1111,2454545.0
2023-05-31,1125,Bút trình chiếu LP15 A4tech (Trắng),6422,1111,818182.0
2023-05-31,82777,THU LAI VAY QUA HAN PDLD2310700630,6422,1111,1039292.0
2023-05-31,82774,THU LAI VAY QUA HAN PDLD2311100495,6422,1111,1239634.0
2023-05-31,82772,THU LAI VAY QUA HAN PDLD2311400659,6422,1111,1341123.0
2023-05-31,82770,THU LAI VAY QUA HAN PDLD2311500655,6422,1111,1805784.0
2023-05-31,82768,THU LAI VAY QUA HAN PDLD2312800507,6422,1111,2563048.0
2023-05-31,82765,THU LAI VAY QUA HAN PDLD2312800516,6422,1111,1025219.0
2023-05-31,82793,THU LAI VAY QUA HAN PDLD2308700259,6422,1111,3611567.0
2023-05-31,82787,THU LAI VAY QUA HAN PDLD2309500589,6422,1111,314556.0
2023-05-31,82788,THU LAI VAY QUA HAN PDLD2309400481,6422,1111,356392.0
2023-05-31,82789,THU LAI VAY QUA HAN PDLD2309300604,6422,1111,1258223.0
2023-05-31,82791,THU LAI VAY QUA HAN PDLD2308900493,6422,1111,399801.0
2023-05-31,342799,Cước dịch vụ Viễn thông-Công nghệ thông tin tháng 05 năm 2023,6422,1111,411267.0
2023-05-31,82759,THU LAI VAY QUA HAN PDLD2314400467,6422,1111,150274.0
2023-05-31,342800,Thuế GTGT: Cước dịch vụ Viễn thông-Công nghệ thông tin tháng 05 năm 2023,1331,1111,24093.0
2023-05-31,11398,Chíp vi xử lý INTEL CORE I5 12400F - 2.50GHZ (BX8071512400F  S RL4W)+Quạt,6422,1111,3345455.0
2023-05-31,11398,Bảng mạch chính của máy vi tính hiệu ASUS PRIME H510M - K R2.0-CSM-SI,6422,1111,8127270.0
2023-05-31,11398,Bảng mạch chính của máy vi tính hiệu ASUS PRIME B760M -K  D4,6422,1111,2244545.0
2023-05-31,11398,Bảng mạch chính của máy vi tính hiệu ASUS PRIME B760M -A  D4,6422,1111,2633636.0
2023-05-31,11398,Bảng mạch chính của máy vi tính hiệu ASUS TUF GAMING  B660M - PLUS WIFI D4,6422,1111,3177273.0
2023-05-31,11398,Bảng mạch chính của máy vi tính hiệu ASUS PRIME  H610M - F D4,6422,1111,4876365.0
2023-05-31,568,"Màn hình máy tính Lenovo H20215FE0 - ""E22-28 (H20215FE0)21.5 inch Monitor-HDMI, Linecord, 3YR WTYWarranty"", P/N:62B9MAR4WW",131,511,2445455.0
2023-05-31,82754,THU LAI VAY QUA HAN PDLD2314900522,6422,1111,34951.0
2023-05-31,294670,Cước dịch vụ Viễn thông-Công nghệ thông tin tháng 05 năm 2023,6422,1111,213636.0
2023-05-31,569,Giá vốn (80%): Máy in Brother DCP-B7535DW,632,1561,4109091.2
2023-05-31,569,Máy in Brother DCP-B7535DW,131,511,5136364.0
2023-05-31,82762,THU LAI VAY QUA HAN PDLD2313900450,6422,1111,290342.0
2023-05-31,570,Mực in 308 Number One,131,511,409091.0
2023-05-31,82763,THU LAI VAY QUA HAN PDLD2313100510,6422,1111,354299.0
2023-05-31,294670,Thuế GTGT: Cước dịch vụ Viễn thông-Công nghệ thông tin tháng 05 năm 2023,1331,1111,21364.0
2023-05-31,568,"Giá vốn (80%): Màn hình máy tính Lenovo H20215FE0 - ""E22-28 (H20215FE0)21.5 inch Monitor-HDMI, Linecord, 3YR WTYWarranty"", P/N:62B9MAR4WW",632,1561,1956364.0
2023-05-31,570,Giá vốn (80%): Mực in 308 Number One,632,1121,327272.8
2023-05-31,567,Giá vốn (80%): Chuột máy tính Logitech B100,632,1561,363636.0
2023-05-31,342800,Cước dịch vụ Viễn thông-Công nghệ thông tin tháng 05 năm 2023,6422,1111,240925.0
2023-05-31,342896,Thuế GTGT: Cước dịch vụ Viễn thông-Công nghệ thông tin tháng 05 năm 2023,1331,1111,38786.0
2023-05-31,342896,Cước dịch vụ Viễn thông-Công nghệ thông tin tháng 05 năm 2023,6422,1111,387864.0
2023-05-31,82784,THU LAI VAY QUA HAN PDLD2310200658,6422,1111,629112.0
2023-05-31,567,Chuột máy tính Logitech B100,131,511,454545.0
2023-05-31,82786,THU LAI VAY QUA HAN PDLD2309600714,6422,1111,629112.0
2023-05-31,82760,THU LAI VAY QUA HAN PDLD2314300534,6422,1111,205314.0
2023-05-31,82785,THU LAI VAY QUA HAN PDLD2309700661,6422,1111,629112.0
2023-05-31,294865,Thuế GTGT: Cước dịch vụ Viễn thông-Công nghệ thông tin tháng 05 năm 2023,1331,1111,2620.0
2023-05-31,294865,Cước dịch vụ Viễn thông-Công nghệ thông tin tháng 05 năm 2023,6422,1111,26200.0
2023-05-31,82797,THU LAI VAY QUA HAN PDLD2308200255,6422,1111,361157.0
2023-05-31,82796,THU LAI VAY QUA HAN PDLD2308300426,6422,1111,722314.0
2023-05-31,82795,THU LAI VAY QUA HAN PDLD2308300580,6422,1111,505619.0
2023-05-31,82794,THU LAI VAY QUA HAN PDLD2308600588,6422,1111,722314.0
2023-05-31,82779,THU LAI VAY QUA HAN PDLD2310300519,6422,1111,629112.0
2023-06-01,7537166,Không có tên,6422,1111,350000.0
2023-06-01,83267,THU LAI VAY LD2308900493,6422,1111,44398.0
2023-06-01,83273,THU LAI VAY LD2307500658,6422,1111,41330.0
2023-06-01,83274,THU LAI VAY LD2308200255,6422,1111,34932.0
2023-06-01,83279,THU LAI VAY LD2308600588,6422,1111,69863.0
2023-06-01,83281,THU LAI VAY LD2308300426,6422,1111,69863.0
2023-06-01,7537166,Thuế GTGT: Không có tên,1331,1111,35000.0
2023-06-01,3785,Thuế GTGT: THU PHI CK CTY CN ELITE,1331,1111,2724.0
2023-06-01,83282,THU LAI VAY LD2308700259,6422,1111,349315.0
2023-06-01,83287,THU LAI VAY LD2308300580,6422,1111,48904.0
2023-06-01,83284,THU LAI VAY LD2308800587,6422,1111,30740.0
2023-06-01,3786,Thuế GTGT: THU PHI CK CTY VIEN SON,1331,1111,2300.0
2023-06-01,3786,THU PHI CK CTY VIEN SON,6422,1111,23000.0
2023-06-01,3787,Thuế GTGT: THU PHI CK CTY DT VA PT CN QUOC GIA ADG TAI DA NANG,1331,1111,2300.0
2023-06-01,3787,THU PHI CK CTY DT VA PT CN QUOC GIA ADG TAI DA NANG,6422,1111,23000.0
2023-06-01,45602,Máy tính xách tay Asus ExpertBook model L1400CDA-EK0942W 14.0-inch FHD/ AMD R5-3500U/ DDR4 8GB/ 512G PCIEG3+TPM/ WIN11/ LED KB+WL mouse/ Wifi 6/ 2Y PUR,6422,1111,49090909.0
2023-06-01,3785,THU PHI CK CTY CN ELITE,6422,1111,27240.0
2023-06-02,9376,"ổ cứng lắp trong Western Digital 6TB 3.5"" Sata3, màu tím(Purple) (WD64PURZ)",6422,1111,3318182.0
2023-06-02,9376,"ổ cứng Western SSD 240GB SN350 NVME, màu xanh - green (WDS240G2G0C)",6422,1111,2227273.0
2023-06-02,9376,"ổ cứng Western SSD 240GB Sata3, màu xanh - green (WDS240G3G0A)",6422,1111,3181818.0
2023-06-02,9858,Tai nghe USB Logitech H390 (981-000485),6422,1111,545455.0
2023-06-02,194,Máy tính xách tay Lenovo Yoga 7 14ACN6-82N7008VVN (AMD Ryzen 7 5800U),6422,1111,15090909.0
2023-06-02,71432,Thiết bị thu phát vô tuyến TP-LINK 150M_TL-WN722N,6422,1111,2763640.0
2023-06-02,71432,Thiết bị thu phát vô tuyến TP-LINK_TL-WN822N,6422,1111,968180.0
2023-06-02,994,Mực in 308 Number One,6422,1121,640000.0
2023-06-02,71432,Thiết bị thu phát vô tuyến TP-LINK_TL-WN725N,6422,1111,486365.0
2023-06-02,571,"Giá vốn (80%): Thiết bị trợ giảng không dây bao gồm:Loa cógắn vi mạch khuếch đại âm tần,tai nghe gắnmic,thắt lưng,cápsạcUSB,pin1200MAH.Model:KFMTG021S,dải tần từ 90hz -20khz,csloa:7W,pin:5V.Hiệu:Kungfu.Mới 100%",632,1561,909091.2
2023-06-02,994,Hộp mực 76a Number One,6422,1121,1100000.0
2023-06-02,571,"Thiết bị trợ giảng không dây bao gồm:Loa cógắn vi mạch khuếch đại âm tần,tai nghe gắnmic,thắt lưng,cápsạcUSB,pin1200MAH.Model:KFMTG021S,dải tần từ 90hz -20khz,csloa:7W,pin:5V.Hiệu:Kungfu.Mới 100%",131,511,1136364.0
2023-06-02,2826,Chuột Gaming không dây Logitech G304 màu trắng(910-005293),6422,1111,1309091.0
2023-06-02,2826,Tai nghe PC Logitech H110 (981-000459),6422,1111,659091.0
2023-06-02,2826,"Tai nghe PC Logitech Stereo H151, màu đen - BLACK (981-000587)",6422,1111,854545.0
2023-06-02,2826,Tai nghe USB Logitech H540 (981-000482),6422,1111,681818.0
2023-06-02,2826,Chuột quang USB Logitech B100 (910-006605),6422,1111,2636364.0
2023-06-02,2826,Bàn phím Logitech K120 (920-002582),6422,1111,5818182.0
2023-06-02,2826,"Chuột gaming có dây Logitech G203, màu tím lilac (910-005853)",6422,1111,1636364.0
2023-06-02,2826,Chuột Logitech Gaming G102 Gen 2 màu đen(910-005802),6422,1111,1659091.0
2023-06-02,2826,Chuột không dây Logitech M221 màu đen (910-004882),6422,1111,1954545.0
2023-06-02,2826,"Chuột không dây Logitech M185, màu đỏ (910-002503)",6422,1111,872727.0
2023-06-02,2826,"Chuột không dây Logitech M185, màu xám (910-002255)",6422,1111,872727.0
2023-06-02,2826,Chiết khấu giảm giá,6422,1111,454545.0
2023-06-03,573,"Giá vốn (80%): Máy tính xách tay DELL Vostro 3510 I51135G7/8GB/512GB/15.6"" FHD/NV-MX350 2GB/W11/(P112F002BBL)",632,1561,11272727.2
2023-06-03,573,"Máy tính xách tay DELL Vostro 3510 I51135G7/8GB/512GB/15.6"" FHD/NV-MX350 2GB/W11/(P112F002BBL)",131,511,14090909.0
2023-06-03,572,"Máy tính xách tay DELL Vostro 3510 I5 1135G7/8GB/512GB/15.6"" FHD/NV-MX350 2GB/W11/ (P112F002BBL)",131,511,14090909.0
2023-06-03,572,"Giá vốn (80%): Máy tính xách tay DELL Vostro 3510 I5 1135G7/8GB/512GB/15.6"" FHD/NV-MX350 2GB/W11/ (P112F002BBL)",632,1561,11272727.2
2023-06-03,574,"Máy tính xách tay DELL Vostro 3510 I51135G7/8GB/512GB/15.6"" FHD/NV-MX350 2GB/W11/(P112F002BBL)",131,511,14090909.0
2023-06-03,575,"Giá vốn (80%): Máy tính xách tay DELL Vostro 3510 I51135G7/8GB/512GB/15.6"" FHD/NV-MX350 2GB/W11/(P112F002BBL)",632,1561,11272727.2
2023-06-03,575,"Máy tính xách tay DELL Vostro 3510 I51135G7/8GB/512GB/15.6"" FHD/NV-MX350 2GB/W11/(P112F002BBL)",131,511,14090909.0
2023-06-03,574,"Giá vốn (80%): Máy tính xách tay DELL Vostro 3510 I51135G7/8GB/512GB/15.6"" FHD/NV-MX350 2GB/W11/(P112F002BBL)",632,1561,11272727.2
2023-06-04,978,Máy chiếu Panasonic PT-LB426 ( kèm dây HDMI 1.5m),6422,1111,15500000.0
2023-06-04,577,"Máy tính xách DELL INSPIRON 14 I51235U/8GB/512GBSSD/14.0"" FHD TOUCH/W11+OFFice(N4I5021W) bạ",131,511,18818182.0
2023-06-04,577,"Giá vốn (80%): Máy tính xách DELL INSPIRON 14 I51235U/8GB/512GBSSD/14.0"" FHD TOUCH/W11+OFFice(N4I5021W) bạ",632,1561,15054545.6
2023-06-04,576,"Máy tính xách DELL INSPIRON 14 I5 1235U/8GB/512GBSSD/14.0"" FHD TOUCH/W11+OFFice (N4I5021W) bạc",131,511,18818182.0
2023-06-04,13070,Máy hút bụi cầm tay Baseus A3 Car Vacuum Cleaner,6422,1111,1250000.0
2023-06-04,576,"Giá vốn (80%): Máy tính xách DELL INSPIRON 14 I5 1235U/8GB/512GBSSD/14.0"" FHD TOUCH/W11+OFFice (N4I5021W) bạc",632,1561,15054545.6
2023-06-05,582,Giá vốn (80%): Chuột máy tinh Rapoo N100,632,1561,43636.0
2023-06-05,579,Giá vốn (80%): ổ cứng gắn trong 480GB SSD Exceria BiCS FLASH 2.5''SATA3 Kioxia,632,1561,705454.4
2023-06-05,579,ổ cứng gắn trong 480GB SSD Exceria BiCS FLASH 2.5''SATA3 Kioxia,131,511,881818.0
2023-06-05,580,Giá vốn (80%): BỘ MÁY VI TÍNH,632,1561,6101818.4
2023-06-05,580,BỘ MÁY VI TÍNH,131,511,7627273.0
2023-06-05,581,"Giá vốn (80%): MÀN HÌNH  LCD-Dell E2016Hv 19.5""",632,1561,2218181.6
2023-06-05,581,"MÀN HÌNH  LCD-Dell E2016Hv 19.5""",131,511,2772727.0
2023-06-05,582,Chuột máy tinh Rapoo N100,131,511,54545.0
2023-06-05,9605,"ổ cứng lắp trong Western Digital 4TB 3.5"" Sata 3, màu xanh(Blue)(WD40EZAX)",6422,1111,9318182.0
2023-06-05,582,Bàn phím  Rapoo NK2500,131,511,109091.0
2023-06-05,578,Giá vốn (80%): Ổ cứng di động 16GB U202 USB 2.0 Kioxia,632,1561,145454.4
2023-06-05,578,Ổ cứng di động 16GB U202 USB 2.0 Kioxia,131,511,181818.0
2023-06-05,60865,Thuế GTGT: Cước dịch vụ viễn thông trả sau (Dịch vụ chịu thuế),1331,1111,24991.0
2023-06-05,60865,Cước dịch vụ viễn thông trả sau (Dịch vụ chịu thuế),6422,1111,249907.0
2023-06-05,84457,THU LAI VAY LD2309000506,6422,1111,80587.0
2023-06-05,582,Giá vốn (80%): Bàn phím  Rapoo NK2500,632,1561,87272.8
2023-06-06,583,Nguồn Máy Vi Tính CM PC700 Elite V3,131,511,1409091.0
2023-06-06,583,Giá vốn (80%): Nguồn Máy Vi Tính CM PC700 Elite V3,632,1561,1127272.8
2023-06-06,88,ĐẦU ĐỌC MÃ VẠCH OD7200,6422,1111,2200000.0
2023-06-06,88,ĐẦU ĐỌC MÃ VẠCH EC331,6422,1111,1000000.0
2023-06-06,586,"Đầu ghi hình KTS 16 kênh (DH - NVR 4116HS -I), phụ kiện",131,511,1863636.0
2023-06-06,88,Nguồn máy in,6422,1111,363635.0
2023-06-06,174,"Đầu ghi hình KTS 16 kênh  (DH - NVR 4116HS - I), phụ kiện",6422,1111,1636364.0
2023-06-06,586,"Giá vốn (80%): Đầu ghi hình KTS 16 kênh (DH - NVR 4116HS -I), phụ kiện",632,1561,1490908.8
2023-06-06,584,"Giá vốn (80%): Ổ cứng máy tính SSD Western WDS250G2B0A,250GB",632,1561,654545.6
2023-06-06,88,Nguồn máy in nhiệt,6422,1111,545455.0
2023-06-06,584,"Ổ cứng máy tính SSD Western WDS250G2B0A,250GB",131,511,818182.0
2023-06-06,4002,"Thiết bị chuyển mạch SF1163P, hiệu Aptek",6422,1111,5072727.0
2023-06-06,585,Chuột có dây Rapoo N100,131,511,54545.0
2023-06-06,198,Ổ RULO QT30-3-15A,6422,1111,1781818.0
2023-06-06,198,Ổ cắm 4D+6S dây 5mX2,6422,1111,200000.0
2023-06-06,198,"Dây cáp mạng U/UTP CAT6, 24AWG, lõi đồng đặc, 4 đôi, vỏ PVC, CMX, màu xanh",6422,1111,6681818.0
2023-06-06,198,Tủ Rack 6U,6422,1111,2400000.0
2023-06-06,73813,"Bộ định tuyến có chức năng  thu phát vô tuyến TP-LINK, 2,4 GHz/ W-CDMA FDD/ GSM_TL-MR6400",6422,1111,6796363.0
2023-06-06,585,Giá vốn (80%): Chuột có dây Rapoo N100,632,1561,43636.0
2023-06-06,585,Điện thoại có dây Panasonic KXTS500,131,511,309091.0
2023-06-06,585,Giá vốn (80%): Điện thoại có dây Panasonic KXTS500,632,1561,247272.8
2023-06-06,585,Bàn phím Rapoo NK 2500,131,511,109091.0
2023-06-06,585,Giá vốn (80%): Bàn phím Rapoo NK 2500,632,1561,87272.8
2023-06-06,4001,Thiết bị định tuyến mạng không dây APTEK A196GU,6422,1111,5072727.0
2023-06-07,384,Màn chiếu điện APW150ES,6422,1111,1800000.0
2023-06-07,590,"Giá vốn (80%): ổ cứng lắp trong Western Digital 6TB 3.5""Sata3, màu tím(Purple) (WD64PURZ)",632,1561,4000000.0
2023-06-07,590,"ổ cứng lắp trong Western Digital 6TB 3.5""Sata3, màu tím(Purple) (WD64PURZ)",131,511,5000000.0
2023-06-07,591,Giá vốn (80%): Thiết bị định tuyến TP-Link 2.4GHz/5GHz Archer C50,632,1561,349091.2
2023-06-07,591,Thiết bị định tuyến TP-Link 2.4GHz/5GHz Archer C50,131,511,436364.0
2023-06-07,2189,"Bộ định tuyến có chức năng thu phát sóng băng tần 2.4GHz/5GHz hiệu RUIJIE mã RG-EW3200GX PRO - hãng sx: RUIJIE NETWORKS CO.,LTD",6422,1111,7018200.0
2023-06-07,2189,Đầu ghi hình DS-7616NI-K1,6422,1111,3080602.0
2023-06-07,2189,Camera quan sát DS-2CD1023G0E-I(L),6422,1111,2181820.0
2023-06-07,384,Giá treo máy chiếu MS12,6422,1111,220000.0
2023-06-07,384,Giá treo máy chiếu MS65,6422,1111,150000.0
2023-06-07,384,Màn chiếu chân P84TS,6422,1111,2340000.0
2023-06-07,588,"Giá vốn (80%): Bộ định tuyến có chức năng thuphát vô tuyến TP-LINK,2,4GHz/ W-CDMA FDD/GSM_TL-MR6400",632,1561,909091.2
2023-06-07,588,"Bộ định tuyến có chức năng thuphát vô tuyến TP-LINK,2,4GHz/ W-CDMA FDD/GSM_TL-MR6400",131,511,1136364.0
2023-06-07,587,Giá vốn (80%): Máy in Canon Laser LBP-2900,632,1561,2901818.4
2023-06-07,587,Máy in Canon Laser LBP-2900,131,511,3627273.0
2023-06-07,589,Giá vốn (80%): Cáp dữ liệu VIDEO HDMI 1.4 truyềnâm thanh hình ảnh dài 15M Ugreen(10111) DVT,632,1561,509091.2
2023-06-07,589,Cáp dữ liệu VIDEO HDMI 1.4 truyềnâm thanh hình ảnh dài 15M Ugreen(10111) DVT,131,511,636364.0
2023-06-07,589,Giá vốn (80%): Giá treo máy chiếu MS12,632,1561,290908.8
2023-06-07,589,Giá treo máy chiếu MS12,131,511,363636.0
2023-06-07,589,Giá vốn (80%): Màn chiếu điện APW150ES,632,1561,2218181.6
2023-06-07,589,Màn chiếu điện APW150ES,131,511,2772727.0
2023-06-07,589,Giá vốn (80%): Máy chiếu Panasonic PT-LB426,632,1561,13374545.6
2023-06-07,589,Máy chiếu Panasonic PT-LB426,131,511,16718182.0
2023-06-08,594,Giá vốn (80%): Hộp mực in Ecoplus 12A,632,1561,94545.6
2023-06-08,594,Bàn phím máy tính Rapoo NK2500,131,511,104545.0
2023-06-08,594,Giá vốn (80%): Bàn phím máy tính Rapoo NK2500,632,1561,83636.0
2023-06-08,84,Ghế xoay SG130,6422,1111,1772727.0
2023-06-08,86528,THU LAI VAY LD2309300604,6422,1111,385402.0
2023-06-08,4277,Máy in phun màu Canon G1010,6422,1111,2036364.0
2023-06-08,3972,THU PHI BAO CO USD CTY HUY VU,6422,1111,50000.0
2023-06-08,89,ĐẦU ĐỌC MÃ VẠCH OD7200,6422,1111,3300000.0
2023-06-08,3972,Thuế GTGT: THU PHI BAO CO USD CTY HUY VU,1331,1111,5000.0
2023-06-08,594,Hộp mực in Ecoplus 12A,131,511,118182.0
2023-06-08,86530,THU LAI VAY LD2309400481,6422,1111,131925.0
2023-06-08,594,Giá vốn (80%): Chuột máy tính Logitech M185,632,1561,181818.4
2023-06-08,592,"Máy tính bàn Lenovo Desktop ThinkCentre M70a Gen 3 -i3-12100( 4.3 GHZ) - 8GB RAM - 256GB SSD - 21.5 inch FHD -1Yr, P/n11VL0000VA",131,511,13536364.0
2023-06-08,594,Giá vốn (80%): Chuột máy tính Logitech B100,632,1561,72727.2
2023-06-08,594,Chuột máy tính Logitech B100,131,511,90909.0
2023-06-08,593,Giá vốn (80%): Chuột vi tính Rapoo M20,632,1561,87272.8
2023-06-08,593,Chuột vi tính Rapoo M20,131,511,109091.0
2023-06-08,593,Giá vốn (80%): Ổ đĩa cứng  GT Kingston 240GB(SA400M8/240G),632,1561,240000.0
2023-06-08,593,Ổ đĩa cứng  GT Kingston 240GB(SA400M8/240G),131,511,300000.0
2023-06-08,595,Giá vốn (80%): Máy In  Brother HL-L2321D,632,1561,2145454.4
2023-06-08,595,Máy In  Brother HL-L2321D,131,511,2681818.0
2023-06-08,592,"Giá vốn (80%): Máy tính bàn Lenovo Desktop ThinkCentre M70a Gen 3 -i3-12100( 4.3 GHZ) - 8GB RAM - 256GB SSD - 21.5 inch FHD -1Yr, P/n11VL0000VA",632,1561,10829091.2
2023-06-08,1556,case máy tính Mirage2000 - Forgame,6422,1111,981818.0
2023-06-08,1556,NGUỒN MT ĐỂ BÀN RX-1200AE-B 950W,6422,1111,1363636.0
2023-06-08,594,Chuột máy tính Logitech M185,131,511,227273.0
2023-06-09,1167,Máy in hóa đơn XP-T80L,6422,1111,10227273.0
2023-06-09,37933113,Thuế GTGT:  Thu Phi SMS thay doi so du thang  05/2023,1331,1111,5455.0
2023-06-09,37933113,Thu Phi SMS thay doi so du thang  05/2023,6422,1111,54545.0
2023-06-10,596,Mực in Brother BT5000M,131,511,300000.0
2023-06-10,596,Giá vốn (80%): Mực in Brother BT5000M,632,1561,240000.0
2023-06-10,597,Đầu đọc mã vạch OD7200,131,511,5863636.0
2023-06-10,597,Giá vốn (80%): Đầu đọc mã vạch OD7200,632,1561,4690908.8
2023-06-11,3182,BÀN PHÍM DELL MULTIMEDIA KB216,6422,1111,2600000.0
2023-06-11,3182,CHUỘT QUANG VI TÍNH DELL MS116,6422,1111,7636364.0
2023-06-11,1195,"ổ cứng gắn ngoài 2TB StoreJet 2.5"" H3P Transcend",6422,1111,1772727.0
2023-06-11,1195,"ổ cứng gắn ngoài 2TB StoreJet 2.5"" H3B Transcend",6422,1111,1772727.0
2023-06-11,1195,"ổ cứng gắn ngoài 2TB Slim StoreJet 2.5"" M3G Transcend",6422,1111,1772727.0
2023-06-11,1195,"ổ cứng gắn ngoài 2TB Slim StoreJet 2.5"" M3S Transcend",6422,1111,1772727.0
2023-06-11,1195,"ổ cứng gắn ngoài 1TB StoreJet 2.5"" H3P Transcend",6422,1111,1227273.0
2023-06-11,1195,"ổ cứng gắn ngoài 1TB StoreJet 2.5"" H3B Transcend",6422,1111,1227273.0
2023-06-11,1195,"ổ cứng gắn ngoài 1TB Slim StoreJet 2.5"" M3G Transcend",6422,1111,1227273.0
2023-06-11,38843892,Trich thu Tien vay - Lai : 9784110 - Phat : 5361 - Acct vay 377993869,6422,1111,9789471.0
2023-06-11,599,"Giá vốn (80%): Máy tính xách tay HP PAVILION 15-eg2056TU I5 1240P/8GB/512GB/15.6"" FHD/ VANG/Windown 11 (6K786PA)",632,1561,10909091.2
2023-06-11,599,"Máy tính xách tay HP PAVILION 15-eg2056TU I5 1240P/8GB/512GB/15.6"" FHD/ VANG/Windown 11 (6K786PA)",131,511,13636364.0
2023-06-11,598,"Giá vốn (80%): Ổ cứng máy tính  SSD Western WDS240G2G0A,240GB",632,1561,2836364.0
2023-06-11,598,"Ổ cứng máy tính  SSD Western WDS240G2G0A,240GB",131,511,3545455.0
2023-06-11,598,Giá vốn (80%): Máy in Canon Laser LBP-2900,632,1561,2800000.0
2023-06-11,598,Máy in Canon Laser LBP-2900,131,511,3500000.0
2023-06-11,38843867,Trich thu Tien vay - Lai : 3364932 - Phat : 1844 - Acct vay 397841389,6422,1111,3366776.0
2023-06-11,1195,"ổ cứng gắn ngoài 1TB Slim StoreJet 2.5"" M3S Transcend",6422,1111,1227273.0
2023-06-12,612,Đầu ghi hình DS-7216HGHI-K1,131,511,1863636.0
2023-06-12,612,Giá vốn (80%): Đầu ghi hình DS-7216HGHI-K1,632,1561,1490908.8
2023-06-12,612,Camera quan sát DS-2CE17D0T-IT5(C),131,511,5236364.0
2023-06-12,612,Dây cáp mạng Ensoho EN-F6CA24 FTP cat6(305m/h),131,511,1590909.0
2023-06-12,612,"Camera kỹ thuật số có chức năng ghi hiệu EZVIZ mãCS-C8C (1080P,6MM)",131,511,1054546.0
2023-06-12,612,"Giá vốn (80%): Camera kỹ thuật số có chức năng ghi hiệu EZVIZ mãCS-C8C (1080P,6MM)",632,1561,843636.8
2023-06-12,612,Giá vốn (80%): Ổ cứng gắn trong Toshiba 4000gb,632,1561,1760000.0
2023-06-12,612,Giá vốn (80%): Camera quan sát DS-2CE17D0T-IT5(C),632,1561,4189091.2
2023-06-12,612,Ổ cứng gắn trong Toshiba 4000gb,131,511,2200000.0
2023-06-12,603,Mực in HP CF-230A,131,511,8590909.0
2023-06-12,603,Mực in HP W2090A,131,511,2527272.0
2023-06-12,603,Giá vốn (80%): Mực in HP CF-230A,632,1561,6872727.2
2023-06-12,612,Giá vốn (80%): Dây cáp mạng Ensoho EN-F6CA24 FTP cat6(305m/h),632,1561,1272727.2
2023-06-12,603,Giá vốn (80%): BỘ LƯU ĐIỆN SANTAK - MÃ HÀNGC1K-LCD,632,1561,5520000.0
2023-06-12,603,BỘ LƯU ĐIỆN SANTAK - MÃ HÀNGC1K-LCD,131,511,6900000.0
2023-06-12,603,Giá vốn (80%): Máy hút bụi cầm tay Baseus A3 Car Vacuum Cleaner,632,1561,1076364.0
2023-06-12,603,Máy hút bụi cầm tay Baseus A3 Car Vacuum Cleaner,131,511,1345455.0
2023-06-12,610,Giá vốn (80%): Bộ nhớ trong của máy vi tính KINGSTON 8G D4 - 2666U19 1RX8 UDIMM (KVR26N19S8/8),632,1561,1025455.2
2023-06-12,603,Giá vốn (80%): Mực in HP W2090A,632,1561,2021817.6
2023-06-12,612,Thẻ nhớ 128GB Micro SDXC Exceria UHS-I C10 U1100MB/s Kioxia (Không có Adapter),131,511,318181.0
2023-06-12,600,Giá vốn (80%): LOA VI TÍNH MICROLAB B26 2.0,632,1561,196364.0
2023-06-12,613,Giá vốn (80%): CPU máy tính,632,1561,6203636.0
2023-06-12,607,Giá vốn (80%): Bàn phím có đèn nền màu đen Rapoo V500SE,632,1561,400000.0
2023-06-12,607,Bàn phím có đèn nền màu đen Rapoo V500SE,131,511,500000.0
2023-06-12,607,"Giá vốn (80%): Màn hình máy tính Lenovo H20215FE0 - ""E22-28 (H20215FE0)21.5 inch Monitor-HDMI, Linecord, 3YR WTYWarrantyCode:3years limited"", P/N:62B9MAR4WW",632,1561,1781818.4
2023-06-12,607,"Màn hình máy tính Lenovo H20215FE0 - ""E22-28 (H20215FE0)21.5 inch Monitor-HDMI, Linecord, 3YR WTYWarrantyCode:3years limited"", P/N:62B9MAR4WW",131,511,2227273.0
2023-06-12,608,Giá vốn (80%): Chuột máy tính  Dell MS116,632,1561,945454.4
2023-06-12,608,Chuột máy tính  Dell MS116,131,511,1181818.0
2023-06-12,611,Giá vốn (80%): MÁY IN  Canon Laser LBP-2900,632,1561,2901818.4
2023-06-12,611,MÁY IN  Canon Laser LBP-2900,131,511,3627273.0
2023-06-12,613,CPU máy tính,131,511,7754545.0
2023-06-12,604,Giá vốn (80%): ổ cứng gắn trong 250GB SSD Exceria NVMe BiCS FLASHM.2 PCIe Kioxia,632,1561,712727.2
2023-06-12,604,Giá vốn (80%): Bộ nhớ trong Kingston 8GBD4-3200U,632,1561,581818.4
2023-06-12,604,Bộ nhớ trong Kingston 8GBD4-3200U,131,511,727273.0
2023-06-12,602,Giá vốn (80%): Bàn phím + chuột Logitech MK270,632,1561,400000.0
2023-06-12,602,Bàn phím + chuột Logitech MK270,131,511,500000.0
2023-06-12,601,Giá vốn (80%): Điện thoại có dây Panasonic KXTSC11,632,1561,472727.2
2023-06-12,601,Điện thoại có dây Panasonic KXTSC11,131,511,590909.0
2023-06-12,610,Bộ nhớ trong của máy vi tính KINGSTON 8G D4 - 2666U19 1RX8 UDIMM (KVR26N19S8/8),131,511,1281819.0
2023-06-12,600,LOA VI TÍNH MICROLAB B26 2.0,131,511,245455.0
2023-06-12,604,ổ cứng gắn trong 250GB SSD Exceria NVMe BiCS FLASHM.2 PCIe Kioxia,131,511,890909.0
2023-06-12,610,Giá vốn (80%): ổ đĩa cứng gắn trong máy vi tính 480GB hiệu KINGSTON A400 SATA3 2.5 SSD,632,1561,1440000.0
2023-06-12,612,Giá vốn (80%): Thẻ nhớ 128GB Micro SDXC Exceria UHS-I C10 U1100MB/s Kioxia (Không có Adapter),1121,131,254544.8
2023-06-12,610,"Giá vốn (80%): Màn hình vi tính Dell LCD E2216Hv - 21.5"" WHD",632,1561,1941817.6
2023-06-12,605,ổ cứng gắn trong 240GB SSD Exceria BiCS FLASH 2.5''SATA3 Kioxia,131,511,727273.0
2023-06-12,605,Giá vốn (80%): Bảng mạch chính  Asus Prime H510MF,632,1561,1200000.0
2023-06-12,605,Bảng mạch chính  Asus Prime H510MF,131,511,1500000.0
2023-06-12,109,Hộp mực in EcoPlus 12A/303/FX9 Universal,6422,1111,1760000.0
2023-06-12,109,Hộp mực in iziNet 12A/303/FX9 Universal,6422,1111,3600000.0
2023-06-12,2263,Đầu ghi hình DS-7216HGHI-K1,6422,1111,3445455.0
2023-06-12,2263,Camera quan sát DS-2CE17D0T-IT5(C),6422,1111,4384000.0
2023-06-12,2256,Camera quan sát DS-2CD1023G0-IUF(C),6422,1111,2058600.0
2023-06-12,605,Giá vốn (80%): ổ cứng gắn trong 240GB SSD Exceria BiCS FLASH 2.5''SATA3 Kioxia,632,1561,581818.4
2023-06-12,2256,"Camera kỹ thuật số có chức năng ghi hiệu EZVIZ mã CS-C1C(1080P,H.265) - Hỗ trợ thẻ nhớ trong",6422,1111,1977270.0
2023-06-12,2256,Camera quan sát DS-2CD1123G0-IUF(C),6422,1111,4803400.0
2023-06-12,2256,Camera quan sát CS-H8C (1080P),6422,1111,1554546.0
2023-06-12,2256,"Camera kỹ thuật số có chức năng ghi hiệu EZVIZ mã CS-C3TN (3MP,2.8MM)- hỗ trợ thẻ nhớ trong",6422,1111,2468181.0
2023-06-12,2256,Đầu ghi hình DS-7616NI-K1,6422,1111,1540300.0
2023-06-12,614,Giá vốn (80%): Máy in hóa đơn XP-T80L,632,1561,945454.4
2023-06-12,614,Máy in hóa đơn XP-T80L,131,511,1181818.0
2023-06-12,38914995,THU LAI VAY,6422,1111,3904577.0
2023-06-12,610,ổ đĩa cứng gắn trong máy vi tính 480GB hiệu KINGSTON A400 SATA3 2.5 SSD,131,511,1800000.0
2023-06-12,2256,"Camera quan sát CS-C6N (4MP,W1)",6422,1111,2727275.0
2023-06-12,605,Bộ nhớ trong  Kingston 4GD4-2666U19,131,511,327273.0
2023-06-12,2256,Camera quan sát CS-C6N (1080P),6422,1111,6068175.0
2023-06-12,605,Giá vốn (80%): Bộ nhớ trong  Kingston 4GD4-2666U19,632,1561,261818.4
2023-06-12,610,"Màn hình vi tính Dell LCD E2216Hv - 21.5"" WHD",131,511,2427272.0
2023-06-12,610,Giá vốn (80%): Máy In Canon Laser LBP-2900,632,1561,2901818.4
2023-06-12,610,Máy In Canon Laser LBP-2900,131,511,3627273.0
2023-06-12,610,"Giá vốn (80%): Máy tính xách tay Dell Latitude 3420, CTO Intel Core i3-1115G4 (2 Core,6M cache, base 3.0GHz, up to 4.10), MH 14 inch HD (1920 x 1080), RAM8GB, 256GB SSD, Intel® UHD Graphics, Ubuntu-L3420I3SSHD",632,1561,7236363.2
2023-06-12,610,"Máy tính xách tay Dell Latitude 3420, CTO Intel Core i3-1115G4 (2 Core,6M cache, base 3.0GHz, up to 4.10), MH 14 inch HD (1920 x 1080), RAM8GB, 256GB SSD, Intel® UHD Graphics, Ubuntu-L3420I3SSHD",131,511,9045454.0
2023-06-12,1245,Mực nạp đổ XP12 - 140,6422,1111,4000000.0
2023-06-12,3506,Chuột Logitech M557 Đen,6422,1111,1131819.0
2023-06-12,3506,Bàn Phím Bluetooth Logitech K380 Xám Đậm,6422,1111,945454.0
2023-06-12,3506,Chuột Logitech M350 đen,6422,1111,1763635.0
2023-06-12,3506,Tay Game Logitech F310,6422,1111,772728.0
2023-06-12,609,Giá vốn (80%): Mực MP 3054/3554/2554,632,1561,618181.6
2023-06-12,609,Mực MP 3054/3554/2554,131,511,772727.0
2023-06-12,606,Giá vốn (80%): Mực Laser TN-2385 Brother,632,1561,327272.8
2023-06-12,606,Mực Laser TN-2385 Brother,131,511,409091.0
2023-06-12,606,Giá vốn (80%): Chuột máy tính Logitech M185,632,1561,145454.4
2023-06-12,606,Chuột máy tính Logitech M185,131,511,181818.0
2023-06-12,605,Giá vốn (80%): Bộ vi xử lý lý Intel Pentium G6400,632,1561,938181.6
2023-06-12,3506,Bàn Phím+Chuột Logitech MK240 đen,6422,1111,700000.0
2023-06-12,605,Bộ vi xử lý lý Intel Pentium G6400,131,511,1172727.0
2023-06-13,34015,Ổ đĩa cứng máy tính Kingmax SA3080 128GB (M.2 Sata 3),6422,1111,2954545.0
2023-06-13,4332,Bộ vi xử lý vi tính Intel Core I5-10400 + Quạt,6422,1111,8509091.0
2023-06-13,4332,CHIP VI XỬ LÝ INTEL CORE I5 11400F - 2.60GHZ ( BX8070811400F SRKP1 ) + QUẠT,6422,1111,2390909.0
2023-06-13,34015,Bộ vi xử lý vi tính Intel Core i5-10400 (BX8070110400SRH3C) + Quạt,6422,1111,5581819.0
2023-06-13,34015,Ổ đĩa cứng máy tính Kingmax SA3080 256GB (M.2 Sata 3),6422,1111,4136364.0
2023-06-13,34015,Mạch chính vi tính Gigabyte H610M H V2 DDR4,6422,1111,3309091.0
2023-06-13,34015,Ổ đĩa cứng máy tính Kingmax PQ3480 512GB (Zeus M.2 PCIe - Gen3x4),6422,1111,3022727.0
2023-06-13,4332,CHIP VI XỬ LÝ INTEL CORE I5 - 10400F 2.90 GHZ + QUẠT,6422,1111,2200000.0
2023-06-13,34015,Bộ nhớ máy vi tính Kingmax 8GB DDR4-3200 (KM-LD4-3200-8GS),6422,1111,1954545.0
2023-06-13,4332,CHÍP VI XỬ LÝ INTEL CORE I5-12400 - 2.50GHZ + QUẠT,6422,1111,3681818.0
2023-06-13,615,Giá vốn (80%): BỘ MÁY VI TÍNH,632,1561,7469091.2
2023-06-13,616,Giá vốn (80%): ổ đĩa cứng GT Kingston 480GB A400(SA400S37/480G),632,1561,690908.8
2023-06-13,616,Bộ nhớ trong Kingston 8GBD4 - 3200U C16,131,511,636364.0
2023-06-13,616,Giá vốn (80%): Bộ nhớ trong Kingston 8GBD4 - 3200U C16,632,1561,509091.2
2023-06-13,616,"Máy tính xách tay ThinkBook 14 G4 IAP i5-1240P/8Gb/512Gb/UHD/Fingerprint/Off Trial/Win11 H64SL/MINERAL_GREY/14""FHD, P/N: 21DH00B5VN",131,511,14863636.0
2023-06-13,616,"Giá vốn (80%): Máy tính xách tay ThinkBook 14 G4 IAP i5-1240P/8Gb/512Gb/UHD/Fingerprint/Off Trial/Win11 H64SL/MINERAL_GREY/14""FHD, P/N: 21DH00B5VN",632,1561,11890908.8
2023-06-13,34053,Bộ vi xử lý vi tính Intel Core i5-10400 (BX8070110400SRH3C) + Quạt,6422,1111,8372727.0
2023-06-13,615,BỘ MÁY VI TÍNH,131,511,9336364.0
2023-06-13,5590,Mực in Canon 333,6422,1111,3000000.0
2023-06-13,89172,THU LAI VAY LD2309500589,6422,1111,164920.0
2023-06-13,616,ổ đĩa cứng GT Kingston 480GB A400(SA400S37/480G),131,511,863636.0
2023-06-13,3059,"Chuột không dây Logitech Bluetooth MX Anywhere 3S, màu than chì (910-006932)",6422,1111,2472727.0
2023-06-13,620,Giá vốn (80%): Bàn phím máy tính RAPOO V500L,632,1561,472727.2
2023-06-13,617,"Thiết bị thu phát vô tuyến TP-Link 2.4Ghz,Archer T2U",131,511,254546.0
2023-06-13,4091,THU PHI CK CTY VIEN SON,6422,1111,40000.0
2023-06-13,4091,Thuế GTGT: THU PHI CK CTY VIEN SON,1331,1111,4000.0
2023-06-13,620,Mực in 8A Number One,131,511,318182.0
2023-06-13,620,Giá vốn (80%): Mực in 8A Number One,632,1121,254545.6
2023-06-13,620,Bàn phím máy tính RAPOO V500L,131,511,590909.0
2023-06-13,617,"Giá vốn (80%): Thiết bị thu phát vô tuyến TP-Link 2.4Ghz,Archer T2U",632,1561,203636.8
2023-06-13,619,Giá vốn (80%): MÀN HÌNH LCD 23.8 Inch LENOVO THINKVISION S24e-20 (62AEKAR2WW),632,1561,2545454.4
2023-06-13,619,Máy tính bàn Lenovo ThinkCentre M70s Gen 3 - i3-12100 ( 4.3GHZ) - 4GB RAM - 256GB SSD - Wireless & Bluetooth - None-1Yr; P/n 11TC000PVA,131,511,9090909.0
2023-06-13,619,Giá vốn (80%): Máy tính bàn Lenovo ThinkCentre M70s Gen 3 - i3-12100 ( 4.3GHZ) - 4GB RAM - 256GB SSD - Wireless & Bluetooth - None-1Yr; P/n 11TC000PVA,632,1561,7272727.2
2023-06-13,619,MÀN HÌNH LCD 23.8 Inch LENOVO THINKVISION S24e-20 (62AEKAR2WW),131,511,3181818.0
2023-06-13,618,Giá vốn (80%): MÁY IN BROTHER HL-L2321D,632,1561,2145454.4
2023-06-13,617,Bộ nhớ trong của máy vi tính KINGSTON 8G D4 -3200,131,511,500000.0
2023-06-13,617,Giá vốn (80%): Bộ nhớ trong của máy vi tính KINGSTON 8G D4 -3200,632,1561,400000.0
2023-06-13,617,Bảng mạch chính của máy vi tính hiêu ASUS PRIMEH510M - K,131,511,1422727.0
2023-06-13,617,Giá vốn (80%): Bảng mạch chính của máy vi tính hiêu ASUS PRIMEH510M - K,632,1561,1138181.6
2023-06-13,617,"Màn hình vi tính  Dell LCD E2216Hv 21.5"" WHD",131,511,2090909.0
2023-06-13,617,"Giá vốn (80%): Màn hình vi tính  Dell LCD E2216Hv 21.5"" WHD",632,1561,1672727.2
2023-06-13,617,Chuột máy tính Logitech M221,131,511,213636.0
2023-06-13,617,Giá vốn (80%): Chuột máy tính Logitech M221,632,1561,170908.8
2023-06-13,618,MÁY IN BROTHER HL-L2321D,131,511,2681818.0
2023-06-14,621,Bàn phím  Logitech K120,131,511,2690909.0
2023-06-14,621,Giá vốn (80%): Bàn phím  Logitech K120,632,1561,2152727.2
2023-06-14,200237,DO 0.001S-V,6422,1111,454545.0
2023-06-14,621,"Thiết bị thu phát vô tuyến TP-Link,TL-WN722N",131,511,1545455.0
2023-06-14,4140,Thuế GTGT: THU PHI CK CN CTY CP DAU TU VA PT CONG NGHE QUOC GIA ADG TAI DN,1331,1111,3200.0
2023-06-14,623,Nguồn máy tính  Jetek mini A200m,131,511,290909.0
2023-06-14,623,Giá vốn (80%): Nguồn máy tính  Jetek mini A200m,632,1561,232727.2
2023-06-14,4140,THU PHI CK CN CTY CP DAU TU VA PT CONG NGHE QUOC GIA ADG TAI DN,6422,1111,32000.0
2023-06-14,621,Giá vốn (80%): Ổ cứng 250GB Kingston SSD NV1 M2 2280(SNVS/250G),632,1561,392727.2
2023-06-14,621,"Giá vốn (80%): Thiết bị thu phát vô tuyến TP-Link,TL-WN722N",632,1561,1236364.0
2023-06-14,621,Giá vốn (80%): Vỏ thùng máy tính Jetek EN15,632,1561,1818181.6
2023-06-14,622,"Giá vốn (80%): Máy tính xách tay Dell Vostro 5620 Intel Core i5-1240P /16.0""FHD+/ 1x8G/256GB SSD PCIe NVMe/ 4 Cell-54Whr/ Win 11 Microsoft Office Home andStudent 2021/ V6I5001W1-Gray",632,1561,29803636.0
2023-06-14,89714,THU LAI VAY LD2309600714,6422,1111,359011.0
2023-06-14,621,Nguồn Jetek Model Y600T,131,511,4909091.0
2023-06-14,621,Giá vốn (80%): Nguồn Jetek Model Y600T,632,1561,3927272.8
2023-06-14,622,"Máy tính xách tay Dell Vostro 5620 Intel Core i5-1240P /16.0""FHD+/ 1x8G/256GB SSD PCIe NVMe/ 4 Cell-54Whr/ Win 11 Microsoft Office Home andStudent 2021/ V6I5001W1-Gray",131,511,37254545.0
2023-06-14,621,Giá vốn (80%): Vỏ thùng máy tính Jetek  EN22,632,1561,1818181.6
2023-06-14,621,Ổ cứng 250GB Kingston SSD NV1 M2 2280(SNVS/250G),131,511,490909.0
2023-06-14,621,Vỏ thùng máy tính Jetek EN15,131,511,2272727.0
2023-06-14,621,Vỏ thùng máy tính Jetek  EN22,131,511,2272727.0
2023-06-15,624,Máy in hóa đơn XP-T80L,131,511,863636.0
2023-06-15,90159,THU LAI VAY LD2309700661,6422,1111,386957.0
2023-06-15,625,Giá vốn (80%): Máy tính để bàn Dell Inspiron 3910 STI56020W1,632,1561,12820363.2
2023-06-15,625,Máy tính để bàn Dell Inspiron 3910 STI56020W1,131,511,16025454.0
2023-06-15,625,Giá vốn (80%): MÁY IN HP LASERJET PRO M404DN (W1A53A),632,1561,5909091.2
2023-06-15,625,MÁY IN HP LASERJET PRO M404DN (W1A53A),131,511,7386364.0
2023-06-15,626,Giá vốn (80%): Máy in phun đa năng Brother MFC - T920DW,632,1561,5592727.2
2023-06-15,624,Giá vốn (80%): Máy in hóa đơn XP-T80L,632,1561,690908.8
2023-06-15,39591721,Thu phi Phat hanh Bao lanh thanh toan- So BLTT.GIL.22182.160623,6422,1111,7520548.0
2023-06-15,626,Máy in phun đa năng Brother MFC - T920DW,131,511,6990909.0
2023-06-15,4170,Thuế GTGT: THU PHI BAO CO USD CTY HUY VU,1331,1111,5000.0
2023-06-15,4170,THU PHI BAO CO USD CTY HUY VU,6422,1111,50000.0
2023-06-15,627,Giá vốn (80%): Phần mềm Kaspersky KL1171MCCFS,632,1561,560000.0
2023-06-15,627,Phần mềm Kaspersky KL1171MCCFS,131,511,700000.0
2023-06-15,628,"Giá vốn (80%): Máy tính xách tay Dell Vostro 3520 Intel Core i3-1215U, 15.6""FHD, 1x8G,256GB SSD PCIe NVMe, 3 Cell-41Whr, Win 11, Office H&S 2021,V5I3614W1-Gray",632,1561,17890908.8
2023-06-15,628,"Máy tính xách tay Dell Vostro 3520 Intel Core i3-1215U, 15.6""FHD, 1x8G,256GB SSD PCIe NVMe, 3 Cell-41Whr, Win 11, Office H&S 2021,V5I3614W1-Gray",131,511,22363636.0
2023-06-15,628,Giá vốn (80%): 4K0Z7PA: Máy tính xách tay HP 14s- fq1080AU -AMD Ryzen3 5300U / 4GB DDR4-3200/ SSD 256GB /RadeonVegaGraphics/ 14” HD/ Windows 11 Home/NaturalSilver,632,1561,11127272.8
2023-06-15,628,4K0Z7PA: Máy tính xách tay HP 14s- fq1080AU -AMD Ryzen3 5300U / 4GB DDR4-3200/ SSD 256GB /RadeonVegaGraphics/ 14” HD/ Windows 11 Home/NaturalSilver,131,511,13909091.0
2023-06-15,5664,Máy Scan HP 2000S2 (6FW06A),6422,1111,6545454.55
2023-06-16,629,Giá vốn (80%): Cạc mạng PCI Gigabit TP-Link TG-3468,632,1561,167272.8
2023-06-16,629,Cạc mạng PCI Gigabit TP-Link TG-3468,131,511,209091.0
2023-06-16,629,Giá vốn (80%): Máy in phun màu khổ A4 Epson L805,632,1561,6836363.2
2023-06-16,629,Máy in phun màu khổ A4 Epson L805,131,511,8545454.0
2023-06-16,218289,"Ổ CỨNG DI ĐỘNG (HDD) SEAGATE ONE TOUCH 1TB 2.5"" USB 3.0 - BẠC (SILVER)(STKY1000401)",6422,1111,2405454.0
2023-06-16,218289,"Ổ CỨNG DI ĐỘNG (HDD) SEAGATE ONE TOUCH 1TB 2.5"" USB 3.0 - XÁM (GREY)(STKY1000404)",6422,1111,2405454.0
2023-06-16,218279,ÁO MƯA CÁNH DƠI VẢI NHỰA(AOMUA_SEAGATE),6422,1111,927260.0
2023-06-16,218289,"Ổ CỨNG DI ĐỘNG (HDD) SEAGATE EXPANSION PORTABLE 2TB 2.5"" USB 3.0(STKM2000400)",6422,1111,8727275.0
2023-06-16,218289,"Ổ CỨNG DI ĐỘNG (HDD) SEAGATE EXPANSION PORTABLE 1TB 2.5"" USB 3.0(STKM1000400)",6422,1111,11818180.0
2023-06-16,218279,CHUỘT VI TÍNH (MOUSE) LOGITECH B100 USB/ ĐEN( BLACK)(910-006605-KMSEAGATE),6422,1111,1581810.0
2023-06-16,218279,"Ổ CỨNG DI ĐỘNG (HDD) SEAGATE ONE TOUCH 2TB 2.5"" USB 3.0 - BẠC (SILVER)(STKY2000401)",6422,1111,4009090.0
2023-06-16,218279,"Ổ CỨNG DI ĐỘNG (HDD) SEAGATE ONE TOUCH 2TB 2.5"" USB 3.0 - ĐEN (BLACK)(STKY2000400)",6422,1111,6013635.0
2023-06-16,218289,"Ổ CỨNG DI ĐỘNG (HDD) SEAGATE ONE TOUCH 1TB 2.5"" USB 3.0 - ĐEN (BLACK)(STKY1000400)",6422,1111,7216362.0
2023-06-18,631,Bảng mạch chính của máy vi tính hiệu ASUS PRIMEH510M - K R2.0-CSM-SI,131,511,4227273.0
2023-06-18,3171,Bảng mạch chính Asus PRIME H510M-K R2.0,6422,1111,14181818.0
2023-06-18,631,Giá vốn (80%): Bảng mạch chính của máy vi tính hiệu ASUS PRIMEH510M - K R2.0-CSM-SI,632,1561,3381818.4
2023-06-18,631,Giá vốn (80%): Bộ vi xử  lý Intel Core i3-10105,632,1561,3752727.2
2023-06-18,630,"Máy tính xách tay Dell Inspiron 15 -3520 Intel Core i5-1235U, 15.6""FHD, 1x8G,256GB SSD PCIe NVMe, 3 Cell-41Whr, Win 11 Microsoft Office Home andStudent 2021, N5I5122W1-Black",131,511,16318182.0
2023-06-18,630,Giá vốn (80%): Máy Scan HP 2000S2 (6FW06A),632,1561,5963636.0
2023-06-18,630,Máy Scan HP 2000S2 (6FW06A),131,511,7454545.0
2023-06-18,630,"Giá vốn (80%): Máy tính xách tay Dell Inspiron 15 -3520 Intel Core i5-1235U, 15.6""FHD, 1x8G,256GB SSD PCIe NVMe, 3 Cell-41Whr, Win 11 Microsoft Office Home andStudent 2021, N5I5122W1-Black",632,1561,13054545.6
2023-06-18,631,Bộ vi xử  lý Intel Core i3-10105,131,511,4690909.0
2023-06-19,4367,"Cáp mạng Cat 6 UTP copper 305m/thùng , Hiệu Aptek",6422,1111,2150000.0
2023-06-19,632,Giá vốn (80%): Bàn phím Logitech K120,632,1561,130908.8
2023-06-19,632,Bàn phím Logitech K120,131,511,163636.0
2023-06-19,4367,"Thiết bị chuyển mạch SG1080, Hiệu APTEK",6422,1111,390909.0
2023-06-19,4228,THU PHI CK CTY PP SYNNEX FPT,6422,1111,23000.0
2023-06-19,4229,Thuế GTGT: THU PHI CK CTY VIEN SON,1331,1111,4000.0
2023-06-19,4229,THU PHI CK CTY VIEN SON,6422,1111,40000.0
2023-06-19,4228,Thuế GTGT: THU PHI CK CTY PP SYNNEX FPT,1331,1111,2300.0
2023-06-20,635,Bàn phím Rapoo NK2500,131,511,136364.0
2023-06-20,635,Bộ nhớ trong RAM DESKTOP LEXAR U-DIMM DDR4 8GB_LD4AU008G-B3200GSST,131,511,545455.0
2023-06-20,635,Giá vốn (80%): Bộ nhớ trong RAM DESKTOP LEXAR U-DIMM DDR4 8GB_LD4AU008G-B3200GSST,632,1561,436364.0
2023-06-20,635,ổ cứng gắn trong 240GB SSD Exceria BiCS FLASH 2.5''SATA3 Kioxia,131,511,618182.0
2023-06-20,635,Giá vốn (80%): ổ cứng gắn trong 240GB SSD Exceria BiCS FLASH 2.5''SATA3 Kioxia,632,1561,494545.6
2023-06-20,635,Vỏ thùng máy tính  Jetek EN15,131,511,272727.0
2023-06-20,635,Giá vốn (80%): Vỏ thùng máy tính  Jetek EN15,632,1561,218181.6
2023-06-20,635,Nguồn Jetek Model J400,131,511,563636.0
2023-06-20,635,Giá vốn (80%): Bộ vi xử lý Intel Core i3-10105,632,1561,1890908.8
2023-06-20,635,Giá vốn (80%): Thẻ nhớ 32GB Micro SDHC Exceria UHS-I C10 U1100MB/s Kioxia (Không có Adapter),1121,131,381818.4
2023-06-20,635,Giá vốn (80%): Nguồn Jetek Model J400,632,1561,450908.8
2023-06-20,635,Giá vốn (80%): Bàn phím Rapoo NK2500,632,1561,109091.2
2023-06-20,635,Giá vốn (80%): Máy In Canon Laser LBP-2900,632,1561,2690908.8
2023-06-20,635,Giá vốn (80%): Chuột vi tính có dây Rapoo N100,632,1561,58181.6
2023-06-20,635,"Màn hình vi tính Dell LCD E2216Hv 21.5"" WHD",131,511,2681818.0
2023-06-20,635,"Giá vốn (80%): Màn hình vi tính Dell LCD E2216Hv 21.5"" WHD",632,1561,2145454.4
2023-06-20,635,Máy In Canon Laser LBP-2900,131,511,3363636.0
2023-06-20,635,Loa SoundMax A130/2.0,131,511,636364.0
2023-06-20,635,Giá vốn (80%): Loa SoundMax A130/2.0,632,1561,509091.2
2023-06-20,635,Camera quan sát CS-C6N (1080P),131,511,2940000.0
2023-06-20,635,Giá vốn (80%): Camera quan sát CS-C6N (1080P),632,1561,2352000.0
2023-06-20,635,"Thiết bị thu phát vô tuyến TP-Link,TL-WN722N",131,511,704545.0
2023-06-20,635,"Giá vốn (80%): Thiết bị thu phát vô tuyến TP-Link,TL-WN722N",632,1561,563636.0
2023-06-20,635,Thẻ nhớ 32GB Micro SDHC Exceria UHS-I C10 U1100MB/s Kioxia (Không có Adapter),131,511,477273.0
2023-06-20,635,Bộ vi xử lý Intel Core i3-10105,131,511,2363636.0
2023-06-20,635,Chuột vi tính có dây Rapoo N100,131,511,72727.0
2023-06-20,635,Giá vốn (80%): Bảng mạch chính Asus Prime H510MK,632,1561,1214545.6
2023-06-20,35801,Mạch chính vi tính Gigabyte H510M H,6422,1111,6977273.0
2023-06-20,4275,Thuế GTGT: TP CK CTY CN QUOC GIA ADG,1331,1111,2300.0
2023-06-20,635,Bảng mạch chính Asus Prime H510MK,131,511,1518182.0
2023-06-20,1683,Bàn gỗ dành cho máy tính mã EGT1460 A  hiệu e-dra,6422,1111,5580000.0
2023-06-20,634,Bút trình chiếu LP15 A4tech,131,511,263636.0
2023-06-20,634,Giá vốn (80%): Bút trình chiếu LP15 A4tech,632,1561,210908.8
2023-06-20,92828,THU LAI VAY LD2310200658,6422,1111,490947.0
2023-06-20,4274,TP CK CTY CN NAM THANH,6422,1111,23000.0
2023-06-20,4274,Thuế GTGT: TP CK CTY CN NAM THANH,1331,1111,2300.0
2023-06-20,633,"Ổ cứng máy tính  SSD Western WDS240G2G0A,240GB",131,511,727273.0
2023-06-20,633,"Giá vốn (80%): Ổ cứng máy tính  SSD Western WDS240G2G0A,240GB",632,1561,581818.4
2023-06-20,633,Giá vốn (80%): Tai nghe SoundMax AH304,632,1561,203636.0
2023-06-20,633,"Bộ chuột , bàn phím máy vi tính X1800S",131,511,290909.0
2023-06-20,633,"Giá vốn (80%): Bộ chuột , bàn phím máy vi tính X1800S",632,1561,232727.2
2023-06-20,633,Tai nghe SoundMax AH304,131,511,254545.0
2023-06-20,36518,Bộ tản nhiệt cho CPU của máy vi tính Deepcool AG400 LED,6422,1111,2636364.0
2023-06-20,4275,TP CK CTY CN QUOC GIA ADG,6422,1111,23000.0
2023-06-20,35801,Bộ nhớ máy vi tính Kingmax 16GB DDR4-3200 (KM-LD4-3200-16GS),6422,1111,3704545.0
2023-06-20,36518,Bộ tản nhiệt cho CPU của máy vi tính Deepcool AG400 ARGB,6422,1111,1545455.0
2023-06-20,35801,Bộ nhớ máy vi tính Kingmax 8GB DDR4-2400,6422,1111,1863636.0
2023-06-20,35801,Bộ nhớ máy tính xách tay Kingmax 8GB DDR4-3200,6422,1111,1909091.0
2023-06-20,35801,Bộ nhớ máy vi tính Kingmax 8GB DDR4-3200 (KM-LD4-3200-8GS),6422,1111,3818182.0
2023-06-20,35801,Bộ nhớ máy vi tính Kingmax 4GB DDR4-2400,6422,1111,1318182.0
2023-06-20,35801,Bộ vi xử lý vi tính Intel Core i3-12100 (BX8071512100SRL62) + Quạt,6422,1111,7718182.0
2023-06-20,35801,Bộ vi xử lý vi tính Intel Core i3-10105F (BX8070110105FSRH8V) + Quạt,6422,1111,1563636.0
2023-06-20,35801,Mạch chính vi tính Gigabyte H610M H V2 DDR4,6422,1111,3272727.0
2023-06-20,36518,Bộ tản nhiệt cho CPU của máy vi tính Deepcool AG620 ARGB,6422,1111,6272726.0
2023-06-20,35801,Bộ vi xử lý vi tính Intel Core i5-12400 (BX8071512400SRL5Y)  + Quạt,6422,1111,3909091.0
2023-06-21,636,Chuột vi tính Rapoo M20,131,511,227273.0
2023-06-21,638,Giá vốn (80%): Chuột vi tính hiệu Rapoo M20,632,1561,872727.2
2023-06-21,638,Chuột vi tính hiệu Rapoo M20,131,511,1090909.0
2023-06-21,638,Giá vốn (80%): Máy in laser Canon LBP 2900,632,1561,13636364.0
2023-06-21,638,Máy in laser Canon LBP 2900,131,511,17045455.0
2023-06-21,636,"Giá vốn (80%): Ổ cứng máy tính SSD Western WDS240G2G0A,240GB",632,1561,581817.6
2023-06-21,636,"Ổ cứng máy tính SSD Western WDS240G2G0A,240GB",131,511,727272.0
2023-06-21,636,Giá vốn (80%): Chuột vi tính Rapoo M20,632,1561,181818.4
2023-06-21,94188,THU LAI VAY LD2310300519,6422,1111,524708.0
2023-06-21,208,Máy định vị GPSMAP 79s,6422,1111,6818182.0
2023-06-21,4316,THU PHI CK CTY ADG+CTY VIEN SON,6422,1111,46000.0
2023-06-21,4342,"Chuột vi tính hiệu Rapoo mới 100%. Item no: 18823, Model: M20, Wireless Optical Mouse BLACK",6422,1111,37636364.0
2023-06-21,208,Đầu đọc thẻ USB 2.0 hỗ trợ thẻ TF và DS màu đen Ugreen (60721),6422,1111,1090909.0
2023-06-21,208,Cáp dữ liệu VIDEO HDMI 1.4 truyền âm thanh hình ảnh dài 20M Ugreen (10112),6422,1111,2263636.0
2023-06-21,208,Cáp dữ liệu USB 2.0 cho máy in truyền dữ liệu từ máy tính ra máy in dài 5m Ugreen (10329),6422,1111,431818.0
2023-06-21,637,Giá vốn (80%): LOA SOUNDMAX  A-2126 2.1,632,1561,1010908.8
2023-06-21,637,LOA SOUNDMAX  A-2126 2.1,131,511,1263636.0
2023-06-21,40698024,Thu phi Phat hanh Bao lanh thanh toan- So BLTT.GIL.23046.220623,6422,1111,15041096.0
2023-06-21,4316,Thuế GTGT: THU PHI CK CTY ADG+CTY VIEN SON,1331,1111,4600.0
2023-06-22,386,Tai nghe SoundMax AH327,6422,1111,350000.0
2023-06-22,386,Tai nghe SoundMax AH315,6422,1111,1000000.0
2023-06-22,386,Loa SoundMax A2129/2.1,6422,1111,2660000.0
2023-06-22,386,Loa SoundMax R-300/1.0,6422,1111,600000.0
2023-06-22,386,Loa SoundMax R-200/1.0,6422,1111,540000.0
2023-06-22,386,Tai nghe SoundMax BT200,6422,1111,720000.0
2023-06-22,386,Tai nghe SoundMax AH314,6422,1111,900000.0
2023-06-22,386,Tai nghe SoundMax BT300,6422,1111,420000.0
2023-06-22,640,Giá vốn (80%): Hộp mực  in Ecoplus 12A,632,1561,196364.0
2023-06-22,639,Giá vốn (80%): Chuột vi tính có dây Rapoo N100,632,1561,36364.0
2023-06-22,639,"Thiết bị chuyển mạch TP-Link,TL-SF1005D",131,511,154545.0
2023-06-22,639,"Giá vốn (80%): Thiết bị chuyển mạch TP-Link,TL-SF1005D",632,1561,123636.0
2023-06-22,643,Máy in hóa đơn XP-T80L,131,511,1154545.0
2023-06-22,643,Giá vốn (80%): Máy in hóa đơn XP-T80L,632,1561,923636.0
2023-06-22,643,Chuột máy tính Logitech B100,131,511,400000.0
2023-06-22,643,Giá vốn (80%): Chuột máy tính Logitech B100,632,1561,320000.0
2023-06-22,386,Loa SoundMax A827/2.1,6422,1111,470000.0
2023-06-22,639,Chuột vi tính có dây Rapoo N100,131,511,45455.0
2023-06-22,386,Loa SoundMax A600/2.1,6422,1111,310000.0
2023-06-22,640,Hộp mực  in Ecoplus 12A,131,511,245455.0
2023-06-22,386,Loa SoundMax A130/2.0,6422,1111,1300000.0
2023-06-22,641,Mạch chính vi tính Gigabyte H510M-H,131,511,1400000.0
2023-06-22,641,Giá vốn (80%): Mạch chính vi tính Gigabyte H510M-H,632,1561,1120000.0
2023-06-22,641,Bộ nhớ máy vi tính Kingmax 8GBDDR4-3200 (KM-LD4-3200-8GS),131,511,763636.0
2023-06-22,641,Giá vốn (80%): Bộ nhớ máy vi tính Kingmax 8GBDDR4-3200 (KM-LD4-3200-8GS),632,1561,610908.8
2023-06-22,641,Chuột máy tính Logitech M185,131,511,172727.0
2023-06-22,641,Giá vốn (80%): Chuột máy tính Logitech M185,632,1561,138181.6
2023-06-22,641,Bàn phím Dell Multimedia KB216,131,511,136364.0
2023-06-22,641,Giá vốn (80%): Bàn phím Dell Multimedia KB216,632,1561,109091.2
2023-06-22,386,Loa SoundMax A150/2.0,6422,1111,1200000.0
2023-06-22,644,"Giá vốn (80%): Máy tính xách tay ASUS ExpertBook model L1400( L1400CDA-EK0942W )Ryzen5 3500U/8GB/512GB/OB/14"" HD/W11/2Y",632,1561,13163636.8
2023-06-22,644,Loa vi tính Microlab M300BT /2.1,131,511,909091.0
2023-06-22,644,Giá vốn (80%): Loa vi tính Microlab M300BT /2.1,632,1561,727272.8
2023-06-22,644,"Máy tính xách tay ASUS ExpertBook model L1400( L1400CDA-EK0942W )Ryzen5 3500U/8GB/512GB/OB/14"" HD/W11/2Y",131,511,16454546.0
2023-06-22,644,Thiết bị định tuyến  TP-Link 2.4GHz/5GHz Archer C50,131,511,781818.0
2023-06-22,644,Giá vốn (80%): Thiết bị định tuyến  TP-Link 2.4GHz/5GHz Archer C50,632,1561,625454.4
2023-06-22,642,Chuột máy tính Logitech M331,131,511,272727.0
2023-06-22,642,Giá vốn (80%): Chuột máy tính Logitech M331,632,1561,218181.6
2023-06-22,386,Loa SoundMax A120/2.0,6422,1111,750000.0
2023-06-23,646,Máy in Brother HL-L2321D,131,511,2681818.0
2023-06-23,646,Giá vốn (80%): Máy in Brother HL-L2321D,632,1561,2145454.4
2023-06-23,3969,NỒI CHIÊN KHÔNG DẦU TEFAL EY401D15,6422,1111,1590000.0
2023-06-23,2455,Thẻ nhớ 32GB Micro SDHC Ultra C10 80MB/s SanDisk (không có adapter),1121,131,2909100.0
2023-06-23,37284,Bộ nhớ máy tính xách tay Kingmax 16GB DDR4-3200,6422,1111,2222727.0
2023-06-23,2455,Camera quan sát DS-2CD1027G0-LUF C,6422,1111,3441600.0
2023-06-23,2455,Camera quan sát DS-2CD1023G0-IUF(C),6422,1111,1290910.0
2023-06-23,645,Giá vốn (80%): Chuột máy tính Logitech B100,632,1561,363636.0
2023-06-23,2455,Đầu ghi hình DS-7108NI-Q1/M,6422,1111,1900000.0
2023-06-23,645,Chuột máy tính Logitech B100,131,511,454545.0
2023-06-23,2455,"Camera quan sát CS-H3C (1080P,4MM,COLOR)",6422,1111,9477270.0
2023-06-23,647,Tay Game Logitech F310,131,511,1454545.0
2023-06-23,647,"Giá vốn (80%): Thiết bị định tuyến thu phát vô tuyến  TP-Link,2.4Ghz,TL-MR6400",632,1561,2334545.6
2023-06-23,647,"Thiết bị định tuyến thu phát vô tuyến  TP-Link,2.4Ghz,TL-MR6400",131,511,2918182.0
2023-06-23,647,Giá vốn (80%): Máy quét  Canon Lide 400,632,1561,3200000.0
2023-06-23,647,Máy quét  Canon Lide 400,131,511,4000000.0
2023-06-23,647,Giá vốn (80%): Camera quan sát CS-C6N (1080P),632,1561,3200000.0
2023-06-23,647,Camera quan sát CS-C6N (1080P),131,511,4000000.0
2023-06-23,647,Giá vốn (80%): MÀN HÌNH VI TÍNH (LCD) LENOVO ThinkVision S27e-20 27.0 INCH/1920x1080/IPS/WLED/VGA/HDMI/ĐEN/3Y(62AFKAR2WW),632,1561,4581818.4
2023-06-23,647,MÀN HÌNH VI TÍNH (LCD) LENOVO ThinkVision S27e-20 27.0 INCH/1920x1080/IPS/WLED/VGA/HDMI/ĐEN/3Y(62AFKAR2WW),131,511,5727273.0
2023-06-23,647,Giá vốn (80%): Tay Game Logitech F310,632,1561,1163636.0
2023-06-24,648,Giá vốn (80%): Chuột máy tính Dell WM118,632,1561,181818.4
2023-06-24,648,Chuột máy tính Dell WM118,131,511,227273.0
2023-06-24,650,Giá vốn (80%): Máy tính bàn Lenovo ThinkCentre M70s Gen 3 i5-12400(4.4GHZ)- 8GB RAM - 256 SSD- Wireless & Bluetooth - None -1Yr; P/n11TC000TVA,632,1561,8327272.8
2023-06-24,650,Máy tính bàn Lenovo ThinkCentre M70s Gen 3 i5-12400(4.4GHZ)- 8GB RAM - 256 SSD- Wireless & Bluetooth - None -1Yr; P/n11TC000TVA,131,511,10409091.0
2023-06-24,650,Máy tính bàn Lenovo ThinkCentre M70s Gen 3 - i3-12100 ( 4.3GHZ) - 4GB RAM - 256GB SSD - Wireless & Bluetooth - None-1Yr; P/n 11TC000PVA,131,511,7727273.0
2023-06-24,649,Giá vốn (80%): Mực Laser đen Premium,632,1561,65454.4
2023-06-24,649,Mực Laser đen Premium,131,511,81818.0
2023-06-24,650,Giá vốn (80%): Máy tính bàn Lenovo ThinkCentre M70s Gen 3 - i3-12100 ( 4.3GHZ) - 4GB RAM - 256GB SSD - Wireless & Bluetooth - None-1Yr; P/n 11TC000PVA,632,1561,6181818.4
2023-06-25,653,Chuột máy tính  Dell WM118,131,511,227273.0
2023-06-25,37634,Ổ đĩa cứng máy tính Kingmax SMQ32 240GB  (Sata 3),6422,1111,8036364.0
2023-06-25,652,Giá vốn (80%): Cạc VGA ASUS GT730 2GBD5 64BIT,632,1561,909091.2
2023-06-25,652,Cạc VGA ASUS GT730 2GBD5 64BIT,131,511,1136364.0
2023-06-25,652,Giá vốn (80%): ổ cứng gắn trong 240GB SSD Exceria BiCS FLASH 2.5''SATA3 Kioxia,632,1561,865454.4
2023-06-25,652,ổ cứng gắn trong 240GB SSD Exceria BiCS FLASH 2.5''SATA3 Kioxia,131,511,1081818.0
2023-06-25,652,Giá vốn (80%): Bảng mạch chính  Asus Prime H510MK,632,1561,1134545.6
2023-06-25,652,Bảng mạch chính  Asus Prime H510MK,131,511,1418182.0
2023-06-25,652,Giá vốn (80%): Nguồn 700W COOLER MASTER ELITE V3-PC700,632,1561,727272.8
2023-06-25,652,Nguồn 700W COOLER MASTER ELITE V3-PC700,131,511,909091.0
2023-06-25,653,Giá vốn (80%): Chuột máy tính  Dell WM118,632,1561,181818.4
2023-06-25,654,Giá vốn (80%): ổ cứng di động 32GB U301 USB 3.2 Gen 1 Kioxia - Trắng,632,1561,65454.4
2023-06-25,651,"Giá vốn (80%): Thiết bị thu phát vô tuyến, TP-LINK, 2.4GHz/5GHz, Archer C24",632,1561,305454.4
2023-06-25,654,Giá vốn (80%): Máy tính bàn Lenovo ThinkCentre M70s Gen 3 - i3-12100( 4.3GHZ) - 4GB RAM - 256GB SSD - Wireless & Bluetooth -None-1Yr; P/n 11TC000PVA,632,1561,6181817.6
2023-06-25,654,ổ cứng di động 32GB U301 USB 3.2 Gen 1 Kioxia - Trắng,131,511,81818.0
2023-06-25,37649,"Màn hình LCD của máy vi tính hiệu PHILIPS 221V8 21.5""(LED),cáp,mới 100%.",6422,1111,16909091.0
2023-06-25,5740,Phần mềm Win 11 Pro 64bit Eng lntl 1pk DSP OEi DVD (FQC-10528),6422,1111,2780000.0
2023-06-25,5946,Máy Scan HP 2000S2 (6FW06A),6422,1111,6545454.55
2023-06-25,651,"Thiết bị thu phát vô tuyến, TP-LINK, 2.4GHz/5GHz, Archer C24",131,511,381818.0
2023-06-25,654,Giá vốn (80%): Máy in đa năng Brother MFC-L2701D,632,1561,7563636.8
2023-06-25,654,Bộ lưu điện Santak - TG500,131,511,890909.0
2023-06-25,654,Giá vốn (80%): Bộ lưu điện Santak - TG500,632,1561,712727.2
2023-06-25,654,Máy tính bàn Lenovo ThinkCentre M70s Gen 3 - i3-12100( 4.3GHZ) - 4GB RAM - 256GB SSD - Wireless & Bluetooth -None-1Yr; P/n 11TC000PVA,131,511,7727272.0
2023-06-25,654,Máy in đa năng Brother MFC-L2701D,131,511,9454546.0
2023-06-26,657,Giá vốn (80%): ổ cứng gắn trong 240GB SSD Exceria BiCS FLASH2.5''SATA3 Kioxia,632,1561,865454.4
2023-06-26,661,4K0Z7PA: Máy tính xách tay HP 14s- fq1080AU -AMD Ryzen3 5300U / 4GB DDR4-3200/ SSD 256GB /RadeonVegaGraphics/ 14” HD/ Windows 11 Home/NaturalSilver,131,511,6727273.0
2023-06-26,656,Hộp mực in,131,511,945455.0
2023-06-26,316,"Bộ lưu điện (UPS) APC Easy Back-ups 700VA,230V,AVR,USB charging Universal sockets(BVX700LUI-MS)",6422,1111,11650001.0
2023-06-26,656,Giá vốn (80%): Hộp mực in,632,1561,756364.0
2023-06-26,661,"Máy tính xách tay ASUS B3402FEA-EC0714T I3 1115G4/8GB/256GB/FG/NP/14""FHD TOUCH/XANH/W10",131,511,10363636.0
2023-06-26,661,"Giá vốn (80%): Máy tính xách tay ASUS B3402FEA-EC0714T I3 1115G4/8GB/256GB/FG/NP/14""FHD TOUCH/XANH/W10",632,1561,8290908.8
2023-06-26,661,Giá vốn (80%): 4K0Z7PA: Máy tính xách tay HP 14s- fq1080AU -AMD Ryzen3 5300U / 4GB DDR4-3200/ SSD 256GB /RadeonVegaGraphics/ 14” HD/ Windows 11 Home/NaturalSilver,632,1561,5381818.4
2023-06-26,660,"Giá vốn (80%): Màn hình máy tính Lenovo H20215FE0 - ""E22-28(H20215FE0)21.5 inch Monitor-HDMI, Linecord, P/N:62B9MAR4WW",632,1561,1956364.0
2023-06-26,661,Giá vốn (80%): ổ cứng gắn trong 240GB SSD Exceria BiCS FLASH 2.5'' SATA3 Kioxia,632,1561,865454.4
2023-06-26,660,Máy tính bàn Lenovo ThinkCentre M70s Gen 3 -i3-12100( 4.3GHZ) - 4GB RAM - 256GB SSD - Wireless &Bluetooth -None-1Yr; P/n 11TC000PV,131,511,8454545.0
2023-06-26,660,Giá vốn (80%): Máy tính bàn Lenovo ThinkCentre M70s Gen 3 -i3-12100( 4.3GHZ) - 4GB RAM - 256GB SSD - Wireless &Bluetooth -None-1Yr; P/n 11TC000PV,632,1561,6763636.0
2023-06-26,660,"Màn hình máy tính Lenovo H20215FE0 - ""E22-28(H20215FE0)21.5 inch Monitor-HDMI, Linecord, P/N:62B9MAR4WW",131,511,2445455.0
2023-06-26,659,"Ổ cứng di động  Seagate Expansion 1TB 2.5""",131,511,1090909.0
2023-06-26,659,"Giá vốn (80%): Ổ cứng di động  Seagate Expansion 1TB 2.5""",632,1561,872727.2
2023-06-26,10947,"ổ cứng Western SSD 240GB Sata3, màu xanh - green (WDS240G3G0A)",6422,1111,9409091.0
2023-06-26,657,ổ cứng gắn trong 240GB SSD Exceria BiCS FLASH2.5''SATA3 Kioxia,131,511,1081818.0
2023-06-26,661,ổ cứng gắn trong 240GB SSD Exceria BiCS FLASH 2.5'' SATA3 Kioxia,131,511,1081818.0
2023-06-26,657,Giá vốn (80%): Nguồn 700W COOLER MASTER ELITE V3-PC70,632,1561,720000.0
2023-06-26,657,Bàn phím Dell Multimedia KB216,131,511,272728.0
2023-06-26,657,Giá vốn (80%): Chuột máy tính Dell MS116,632,1561,196363.2
2023-06-26,657,Nguồn 700W COOLER MASTER ELITE V3-PC70,131,511,900000.0
2023-06-26,96212,"PHI T06/2023-040019911911-ALERT,IB,OTP,QLTK",6422,1111,125000.0
2023-06-26,96212,"Thuế GTGT: PHI T06/2023-040019911911-ALERT,IB,OTP,QLTK",1331,1111,12500.0
2023-06-26,4779,"Bộ Vi xử lý Intel Core i3-10105 Processor 3.70GHz 6M Cache, Sockets FCLGA1200-BX8070110105",6422,1111,33681818.0
2023-06-26,4779,BO MẠCH CHÍNH MÁY VI TÍNH (Main Board) MSI H510M PLUS V3(H510MPLUSV3),6422,1111,14600000.0
2023-06-26,905,Nguồn Jetek Model 350 ELITE V2,6422,1111,7175000.0
2023-06-26,905,Nguồn Jetek Model 400 ELITE V2,6422,1111,3507273.0
2023-06-26,658,Chuột máy tính Logitech M185,131,511,172727.0
2023-06-26,655,Giá vốn (80%): Mực T2309,632,1561,654545.6
2023-06-26,655,Mực T2309,131,511,818182.0
2023-06-26,657,Chuột máy tính Dell MS116,131,511,245454.0
2023-06-26,657,Giá vốn (80%): Bàn phím Dell Multimedia KB216,632,1561,218182.4
2023-06-26,657,Giá vốn (80%): Cạc VGA ASUS GT730 2GBD5 64BIT,632,1561,909091.2
2023-06-26,658,Giá vốn (80%): Chuột máy tính Logitech M185,632,1561,138181.6
2023-06-26,655,"Giá vốn (80%): Ổ cứng di động Seagate 2TB 2.5"" ONETOUCH",632,1561,1381818.4
2023-06-26,655,"Ổ cứng di động Seagate 2TB 2.5"" ONETOUCH",131,511,1727273.0
2023-06-26,657,Cạc VGA ASUS GT730 2GBD5 64BIT,131,511,1136364.0
2023-06-27,662,Giá vốn (80%): Hộp mực  in Izinet 12A,632,1561,254545.6
2023-06-27,662,ổ cứng gắn trong 240GB SSD Exceria BiCS FLASH 2.5''SATA3 Kioxia,131,511,636364.0
2023-06-27,662,Giá vốn (80%): ổ cứng gắn trong 240GB SSD Exceria BiCS FLASH 2.5''SATA3 Kioxia,632,1561,509091.2
2023-06-27,87103,Cạc (card) mạng PCI Gigabit TP-LINK_TG-3468,6422,1111,736365.0
2023-06-27,663,Bút trình chiếu LP15 A4tech (Trắng),131,511,263636.0
2023-06-27,663,Giá vốn (80%): Bút trình chiếu LP15 A4tech (Trắng),632,1561,210908.8
2023-06-27,663,Cáp dữ liệu VIDEO HDMI 1.4 truyền âm thanh hình ảnh dài10M Ugreen,131,511,409091.0
2023-06-27,663,Giá vốn (80%): Cáp dữ liệu VIDEO HDMI 1.4 truyền âm thanh hình ảnh dài10M Ugreen,632,1561,327272.8
2023-06-27,663,Máy chiếu đa năng ViewSonic LS500WHE,131,511,15354546.0
2023-06-27,663,Giá vốn (80%): Máy chiếu đa năng ViewSonic LS500WHE,632,1561,12283636.8
2023-06-27,663,Giá vốn (80%): Màn chiếu chân P84TS,632,1561,690908.8
2023-06-27,665,Bộ nguồn cấp điện liên tục Cyber Power BU600E,131,511,12000000.0
2023-06-27,662,Hộp mực  in Izinet 12A,131,511,318182.0
2023-06-27,664,Máy tính bàn Lenovo ThinkCentre M70s Gen 3 -i3-12100( 4.3GHZ) - 4GB RAM - 256GB SSD - Wireless&Bluetooth -None-1Yr; P/n 11TC000PVA,131,511,8454545.0
2023-06-27,664,Giá vốn (80%): Máy tính bàn Lenovo ThinkCentre M70s Gen 3 -i3-12100( 4.3GHZ) - 4GB RAM - 256GB SSD - Wireless&Bluetooth -None-1Yr; P/n 11TC000PVA,632,1561,6763636.0
2023-06-27,664,"Màn hình máy tính Lenovo H20215FE0 -""E22-28(H20215FE0)21.5 inch Monitor-HDMI, Linecord, P/N:62B9MAR4WW",131,511,2445455.0
2023-06-27,664,"Giá vốn (80%): Màn hình máy tính Lenovo H20215FE0 -""E22-28(H20215FE0)21.5 inch Monitor-HDMI, Linecord, P/N:62B9MAR4WW",632,1561,1956364.0
2023-06-27,87103,"Thiết bị đầu cuối GSM/ W-CDMA FDD/E-UTRA FDD, 2,4 GHz, TP-LINK_M7000",6422,1111,3650000.0
2023-06-27,87103,Thiết bị chuyển mạch TP-LINK_TL-SF1005D,6422,1111,1109090.0
2023-06-27,87103,Thiết bị chuyển mạch TP-LINK_TL-SG1008D,6422,1111,1636365.0
2023-06-27,87103,Thiết bị thu phát vô tuyến TP-LINK_TL-WA850RE,6422,1111,945455.0
2023-06-27,663,Màn chiếu chân P84TS,131,511,863636.0
2023-06-27,665,Giá vốn (80%): Bộ nguồn cấp điện liên tục Cyber Power BU600E,632,1561,9600000.0
2023-06-27,662,Giá vốn (80%): Loa SoundMax  A828 / 2.1,632,1561,458181.6
2023-06-27,662,Giá vốn (80%): Tai nghe SoundMax AH304,632,1561,465454.4
2023-06-27,516,Máy chiếu đa năng ViewSonic LS500WHE,6422,1111,13500000.0
2023-06-27,97286,THU PHI CT Vietcombank,6422,1121,23000.0
2023-06-27,97286,Thuế GTGT: THU PHI CT Vietcombank,6422,1121,2300.0
2023-06-27,669,Máy tính để bàn,131,511,66818182.0
2023-06-27,669,Giá vốn (80%): Máy tính để bàn,632,1561,53454545.6
2023-06-27,662,Loa SoundMax  A828 / 2.1,131,511,572727.0
2023-06-27,668,Giá vốn (80%): Màn hình LCD VIEWSONIC VX2718 - PC - MHD/27'' LCD MONITOR,632,1561,8072727.2
2023-06-27,668,"Màn hình máy tính Viewsonic VX3276 - MHD -3/32 inch, Full HD, IPS,75Hz",131,511,7000000.0
2023-06-27,668,"Giá vốn (80%): Màn hình máy tính Viewsonic VX3276 - MHD -3/32 inch, Full HD, IPS,75Hz",632,1561,5600000.0
2023-06-27,668,Màn hình LCD VIEWSONIC VX2718 - PC - MHD/27'' LCD MONITOR,131,511,10090909.0
2023-06-27,668,Giá vốn (80%): Loa SoundMax A2126/2.1,632,1561,850908.8
2023-06-27,668,Loa SoundMax A2126/2.1,131,511,1063636.0
2023-06-27,666,Giá vốn (80%): Bộ máy vi tính,632,1561,14276363.2
2023-06-27,666,Giá vốn (80%): MÀN HÌNH LCD 23.8 Inch LENOVO THINKVISION S24e -20 (62AEKAR2WW),632,1561,4349091.2
2023-06-27,666,MÀN HÌNH LCD 23.8 Inch LENOVO THINKVISION S24e -20 (62AEKAR2WW),131,511,5436364.0
2023-06-27,662,Tai nghe SoundMax AH304,131,511,581818.0
2023-06-27,666,Máy  In Canon Laser LBP-2900,131,511,7254546.0
2023-06-27,667,Giá vốn (80%): MÁY TÍNH XÁCH TAY (NB) HP Pavilion 15 - eg2056TUi5-1240P/8GD4/512GSSD/15.6FHD/Wlax/BT5/3C41WHr/ALUp/W11SL/VÀNG(6K786PA),632,1561,12356364.0
2023-06-27,667,MÁY TÍNH XÁCH TAY (NB) HP Pavilion 15 - eg2056TUi5-1240P/8GD4/512GSSD/15.6FHD/Wlax/BT5/3C41WHr/ALUp/W11SL/VÀNG(6K786PA),131,511,15445455.0
2023-06-27,666,Giá vốn (80%): Máy  In Canon Laser LBP-2900,632,1561,5803636.8
2023-06-27,666,Bộ máy vi tính,131,511,17845454.0
2023-06-28,673,"Giá vốn (80%): Máy tính xách tay Asus B1500C i5-1135G7/ 8GB/512GBSSD/ UMA/ 15.6""FHD/ FP/ Chuột/ Win 11/ Đen/2YW_B1500CEAE-EJ2362W",632,1561,11527272.8
2023-06-28,11069,Tai nghe HyperX Cloud Stinger II Core(683L9AA),6422,1111,7100000.0
2023-06-28,673,"Máy tính xách tay Asus B1500C i5-1135G7/ 8GB/512GBSSD/ UMA/ 15.6""FHD/ FP/ Chuột/ Win 11/ Đen/2YW_B1500CEAE-EJ2362W",131,511,14409091.0
2023-06-28,670,"Giá vốn (80%): Thiết bị chuyển mạch TP -Link, TL - SG108",632,1561,392727.2
2023-06-28,670,"Thiết bị chuyển mạch TP -Link, TL - SG108",131,511,490909.0
2023-06-28,11069,Chiết khấu giảm giá,6422,1111,8546364.0
2023-06-28,11069,Bộ nhớ trong Kingston Fury 16GB D4-3200U C16 Beast Black (KF432C16BB/16),6422,1111,1509091.0
2023-06-28,671,"Giá vốn (80%): Ổ cứng máy tính  SSD Western WDS240G2G0A, 240GB",632,1561,400000.0
2023-06-28,97797,Thuế GTGT: THU PHI CT VietinBank,6422,1121,2300.0
2023-06-28,672,Máy in đa năng Brother MFC - L2701D,131,511,4990909.0
2023-06-28,672,Giá vốn (80%): Máy in đa năng Brother MFC - L2701D,632,1561,3992727.2
2023-06-28,671,"Ổ cứng máy tính  SSD Western WDS240G2G0A, 240GB",131,511,500000.0
2023-06-28,672,Giá vốn (80%): Hộp mực  in Izinet 12A/303/FX9,632,1561,232727.2
2023-06-28,97797,THU PHI CT VietinBank,6422,1121,23000.0
2023-06-28,672,Hộp mực  in Izinet 12A/303/FX9,131,511,290909.0
2023-06-29,675,Vỏ thùng máy tính Jetek  EN22,131,511,454546.0
2023-06-29,675,"Giá vốn (80%): Thiết bị thu phát vô tuyến TP-Link,TL - WN823N",632,1561,654545.6
2023-06-29,675,"Thiết bị thu phát vô tuyến TP-Link,TL - WN823N",131,511,818182.0
2023-06-29,675,Giá vốn (80%): Nguồn Jetek Model Y600T,632,1561,1018181.6
2023-06-29,675,Nguồn Jetek Model Y600T,131,511,1272727.0
2023-06-29,675,Giá vốn (80%): Chuột vi tính  Rapoo M20,632,1561,872727.2
2023-06-29,675,Chuột vi tính  Rapoo M20,131,511,1090909.0
2023-06-29,674,"Giá vốn (80%): Máy tính xách tay Dell Inspiron 15 3520 Intel Core i5-1235U, 15.6""FHD, 1x8G,256GB SSD PCIe NVMe, 3 Cell-41Whr, Win 11 Microsoft Office Home andStudent 2021, N5I5122W1-Black",632,1561,10909091.2
2023-06-29,674,Giá vốn (80%): Loa vi tính Microlab M300/2.1,632,1561,472727.2
2023-06-29,674,Loa vi tính Microlab M300/2.1,131,511,590909.0
2023-06-29,675,Giá vốn (80%): Vỏ thùng máy tính Jetek  EN22,632,1561,363636.8
2023-06-29,674,Giá vốn (80%): Chuột máy tính  Logitech M185,632,1561,1454545.6
2023-06-29,674,Chuột máy tính  Logitech M185,131,511,1818182.0
2023-06-29,674,Giá vốn (80%): Tai nghe Logitech H370,632,1561,1672727.2
2023-06-29,674,Tai nghe Logitech H370,131,511,2090909.0
2023-06-29,676,Giá vốn (80%): MÁY IN BROTHER HL-L2321D,632,1561,2618181.6
2023-06-29,676,MÁY IN BROTHER HL-L2321D,131,511,3272727.0
2023-06-29,674,"Máy tính xách tay Dell Inspiron 15 3520 Intel Core i5-1235U, 15.6""FHD, 1x8G,256GB SSD PCIe NVMe, 3 Cell-41Whr, Win 11 Microsoft Office Home andStudent 2021, N5I5122W1-Black",131,511,13636364.0
2023-06-29,675,Vỏ thùng máy tính Jetek  EN15,131,511,227272.0
2023-06-29,4687,"Cáp mạng Cat 6 FTP 305m/thùng, Hiệu Aptek",6422,1111,6000000.0
2023-06-29,4687,"Cáp mạng Cat 5e UTP 305m/thùng, Hiệu Aptek",6422,1111,4418184.0
2023-06-29,39386,Không có tên,6422,1111,3047670.0
2023-06-29,1374,Mực nạp đổ XP12 - 140,6422,1111,6000000.0
2023-06-29,2313,Thuế GTGT: Dịch vụ SMS Brandname CSKH,1331,1111,11544.0
2023-06-29,2313,Dịch vụ SMS Brandname CSKH,6422,1111,115436.0
2023-06-29,13469,Thuế GTGT: Dịch vụ ngân hàng,6422,1121,16000.0
2023-06-29,13469,Dịch vụ ngân hàng,6422,1121,160000.0
2023-06-29,810,MÁY IN LASER ĐƠN NĂNG TRẮNG ĐEN - CANON PRINTER I-SENSYS LBP236DW,6422,1111,4636364.0
2023-06-29,39387,Thuế GTGT: Không có tên,1331,1111,41986.0
2023-06-29,39387,Không có tên,6422,1111,419860.0
2023-06-29,114122,"Bộ định tuyến có chức năng  thu phát vô tuyến TP-LINK, 2,4 GHz/ W-CDMA FDD/ GSM_TL-MR6400",6422,1111,1945454.0
2023-06-29,114122,Thiết bị định tuyến 2G/3G/4G băng tần 2.4 GHz TP-LINK_TL-MR100,6422,1111,4272725.0
2023-06-29,88821,Thiết bị thu phát vô tuyến TP-LINK_TL-WA850RE,6422,1111,954545.0
2023-06-29,88821,Thiết bị thu phát vô tuyến TP-LINK 150M_TL-WN722N,6422,1111,2709100.0
2023-06-29,88821,Thiết bị thu phát vô tuyến TP-LINK_TL-WN725N,6422,1111,972730.0
2023-06-29,88821,"Bộ định tuyến TP-LINK, 2,4GHz/5GHz_Archer C50",6422,1111,5822730.0
2023-06-29,88821,"Bộ định tuyến TP-LINK 300M, 2.4GHz_TL-WR841N",6422,1111,989092.0
2023-06-29,677,Giá vốn (80%): Máy định vị GPSMAP 79s,632,1561,6254545.6
2023-06-29,675,Giá vốn (80%): Vỏ thùng máy tính Jetek  EN15,632,1561,181817.6
2023-06-29,677,Máy định vị GPSMAP 79s,131,511,7818182.0
2023-06-29,810,"MÁY IN ĐA CHỨC NĂNG HP LASERJET M440DN MFP PRNTR, 1Y WTY_8AF47A",6422,1111,13090909.0
2023-06-29,678,"Ổ cứng SSD Western WDS500G2B0A, 500GB, Sata3 2.5""",131,511,1118182.0
2023-06-29,679,BO MẠCH CHÍNH MÁY VI TÍNH (MainBoard) MSI H510M PLUS V3(H510MPLUSV3),131,511,15500000.0
2023-06-29,679,"Giá vốn (80%): Bộ Vi xử lý Intel Core i3-10105 Processor3.70GHz 6M Cache, Sockets FCLGA1200-BX8070110105",632,1561,20640000.0
2023-06-29,679,"Bộ Vi xử lý Intel Core i3-10105 Processor3.70GHz 6M Cache, Sockets FCLGA1200-BX8070110105",131,511,25800000.0
2023-06-29,680,Giá vốn (80%): MÁY IN HP LASERJET PRO M404DN (W1A53A),632,1561,4647272.8
2023-06-29,680,MÁY IN HP LASERJET PRO M404DN (W1A53A),131,511,5809091.0
2023-06-29,680,Giá vốn (80%): Máy Scan HP 2000S2 (6FW06A),632,1561,5738181.6
2023-06-29,680,Máy Scan HP 2000S2 (6FW06A),131,511,7172727.0
2023-06-29,681,Giá vốn (80%): Phần mềm Win 11 Pro 64bit Eng lntl 1pk DSP OEi DVD(FQC-10528),632,1561,2960000.0
2023-06-29,682,Giá vốn (80%): Usb hiệu Kingston 32GB 3.0DT100G3(DT100G3/32GB),632,1561,123636.0
2023-06-29,682,Usb hiệu Kingston 32GB 3.0DT100G3(DT100G3/32GB),131,511,154545.0
2023-06-29,39278,Ổ đĩa cứng máy tính Kingmax SMV32 120GB (Sata 3),6422,1111,2500000.0
2023-06-29,4536,Thuế GTGT: THU PHI BAO CO USD CTY HUY VU,1331,1111,5000.0
2023-06-29,4536,THU PHI BAO CO USD CTY HUY VU,6422,1111,50000.0
2023-06-29,212,Cáp dữ liệu VIDEO HDMI 1.4 truyền âm thanh hình ảnh dài 10M Ugreen (10110),6422,1111,1272725.0
2023-06-29,212,Cáp dữ liệu VIDEO HDMI 1.4 truyền âm thanh hình ảnh dài 3M Ugreen (10108),6422,1111,500000.0
2023-06-29,212,Bộ nhớ trong RAM DESKTOP LEXAR U-DIMM DDR4 8GB_LD4AU008G-B3200GSST,6422,1111,4145460.0
2023-06-29,678,"Giá vốn (80%): Ổ cứng SSD Western WDS500G2B0A, 500GB, Sata3 2.5""",632,1561,894545.6
2023-06-29,679,Giá vốn (80%): BO MẠCH CHÍNH MÁY VI TÍNH (MainBoard) MSI H510M PLUS V3(H510MPLUSV3),632,1561,12400000.0
2023-06-29,679,Bộ nhớ trong RAM DESKTOP LEXAR U-DIMMDDR4 8GB_LD4AU008G-B3200GSST,131,511,4600000.0
2023-06-29,681,Phần mềm Win 11 Pro 64bit Eng lntl 1pk DSP OEi DVD(FQC-10528),131,511,3700000.0
2023-06-29,679,"ổ cứng Western SSD 240GB Sata3, màuxanh - green (WDS240G3G0A)",131,511,8727273.0
2023-06-29,679,Giá vốn (80%): Bộ nhớ trong RAM DESKTOP LEXAR U-DIMMDDR4 8GB_LD4AU008G-B3200GSST,632,1561,3680000.0
2023-06-29,679,Giá vốn (80%): Thiết bị chuyển mạch TPLINK_TL-SG1008D,632,1561,625454.4
2023-06-29,679,Thiết bị chuyển mạch TPLINK_TL-SG1008D,131,511,781818.0
2023-06-29,679,"Giá vốn (80%): Bộ lưu điện (UPS) APC Easy Back-ups 700VA,230V,AVR,USBcharging Universal sockets(BVX700LUI-MS)",632,1561,10000000.0
2023-06-29,679,"Bộ lưu điện (UPS) APC Easy Back-ups 700VA,230V,AVR,USBcharging Universal sockets(BVX700LUI-MS)",131,511,12500000.0
2023-06-29,679,Giá vốn (80%): Tai nghe HyperX Cloud Stinger IICore(683L9AA),632,1561,6080000.0
2023-06-29,679,Giá vốn (80%): Chuột máy tính Logitech B100,632,1561,560000.0
2023-06-29,679,Chuột máy tính Logitech B100,131,511,700000.0
2023-06-29,679,Giá vốn (80%): Bàn phím  Logitech K120,632,1561,1160000.0
2023-06-29,679,Tai nghe HyperX Cloud Stinger IICore(683L9AA),131,511,7600000.0
2023-06-29,679,Bàn phím  Logitech K120,131,511,1450000.0
2023-06-29,679,"Giá vốn (80%): ổ cứng Western SSD 240GB Sata3, màuxanh - green (WDS240G3G0A)",632,1561,6981818.4
2023-06-29,679,Giá vốn (80%): Nguồn Jetek Model 350 ELITE V2,632,1561,3360000.0
2023-06-29,679,Vỏ thùng máy tính Jetek EN22,131,511,2500000.0
2023-06-29,679,Nguồn Jetek Model 350 ELITE V2,131,511,4200000.0
2023-06-29,679,"Màn hình LCD của máy vi tính hiệuPHILIPS 221V8 21.5""(LED),cáp,mới100%.",131,511,16900000.0
2023-06-29,679,"Giá vốn (80%): Màn hình LCD của máy vi tính hiệuPHILIPS 221V8 21.5""(LED),cáp,mới100%.",632,1561,13520000.0
2023-06-29,679,Giá vốn (80%): Vỏ thùng máy tính Jetek EN22,632,1561,2000000.0
2023-06-30,354351,Thuế GTGT: Cước dịch vụ Viễn thông-Công nghệ thông tin tháng 06 năm 2023,1331,1111,21364.0
2023-06-30,354542,Cước dịch vụ Viễn thông-Công nghệ thông tin tháng 06 năm 2023,6422,1111,24600.0
2023-06-30,683,Giá vốn (80%): Bàn phím máy tính RAPOO V50S,632,1561,210908.8
2023-06-30,354542,Thuế GTGT: Cước dịch vụ Viễn thông-Công nghệ thông tin tháng 06 năm 2023,1331,1111,2460.0
2023-06-30,403856,Cước dịch vụ Viễn thông-Công nghệ thông tin tháng 06 năm 2023,6422,1111,258066.0
2023-06-30,403856,Thuế GTGT: Cước dịch vụ Viễn thông-Công nghệ thông tin tháng 06 năm 2023,1331,1111,25807.0
2023-06-30,6115,Mực in HP W1510A,6422,1111,2227272.73
2023-06-30,354351,Cước dịch vụ Viễn thông-Công nghệ thông tin tháng 06 năm 2023,6422,1111,213636.0
2023-06-30,403952,Cước dịch vụ Viễn thông-Công nghệ thông tin tháng 06 năm 2023,6422,1111,415758.0
2023-06-30,3970,Chuột Logitech M331 Đen,6422,1111,1281820.0
2023-06-30,384099,Cước dịch vụ Viễn thông-Công nghệ thông tin tháng 06 năm 2023,6422,1111,249636.0
2023-06-30,384099,Thuế GTGT: Cước dịch vụ Viễn thông-Công nghệ thông tin tháng 06 năm 2023,1331,1111,24964.0
2023-06-30,403855,Cước dịch vụ Viễn thông-Công nghệ thông tin tháng 06 năm 2023,6422,1111,420607.0
2023-06-30,403855,Thuế GTGT: Cước dịch vụ Viễn thông-Công nghệ thông tin tháng 06 năm 2023,1331,1111,42061.0
2023-06-30,3970,Chuột Logitech M185 Xanh,6422,1111,845455.0
2023-06-30,3970,Chuột Logitech M190 xanh,6422,1111,1113635.0
2023-06-30,3970,Chuột Logitech M171 Xám đen,6422,1111,931820.0
2023-06-30,3970,Bàn Phím Bluetooth Logitech K380 Xám Đậm,6422,1111,472727.0
2023-06-30,3970,Thiết bị trình chiếu logitech R400,6422,1111,1268181.0
2023-06-30,683,Bàn phím máy tính RAPOO V50S,131,511,263636.0
2023-06-30,403952,Thuế GTGT: Cước dịch vụ Viễn thông-Công nghệ thông tin tháng 06 năm 2023,1331,1111,41576.0
2023-06-30,683,Giá vốn (80%): Bàn phím máy tính RAPOO V500SE,632,1561,800000.0
2023-06-30,683,Giá vốn (80%): TAI NGHE SOUNDMAX AH327,632,1561,283636.0
2023-06-30,683,Giá vốn (80%): Bộ vi xử lý  Intel Core i3-10105,632,1561,1818181.6
2023-06-30,354633,Cước dịch vụ Viễn thông-Công nghệ thông tin tháng 06 năm 2023,6422,1111,274000.0
2023-06-30,354633,Thuế GTGT: Cước dịch vụ Viễn thông-Công nghệ thông tin tháng 06 năm 2023,1331,1111,27400.0
2023-06-30,354543,Cước dịch vụ Viễn thông-Công nghệ thông tin tháng 06 năm 2023,6422,1111,24545.0
2023-06-30,354543,Thuế GTGT: Cước dịch vụ Viễn thông-Công nghệ thông tin tháng 06 năm 2023,1331,1111,2455.0
2023-06-30,354591,Cước dịch vụ Viễn thông-Công nghệ thông tin tháng 06 năm 2023,6422,1111,20000.0
2023-06-30,354591,Thuế GTGT: Cước dịch vụ Viễn thông-Công nghệ thông tin tháng 06 năm 2023,1331,1111,2000.0
2023-06-30,683,Bảng mạch chính GIGABYTE H510M-H,131,511,1400000.0
2023-06-30,683,Bộ nhớ trong ram DDR4 16GB/3200 KINGMAX,131,511,1490910.0
2023-06-30,683,Giá vốn (80%): Bộ nhớ trong ram DDR4 16GB/3200 KINGMAX,632,1561,1192728.0
2023-06-30,683,Giá vốn (80%): Bảng mạch chính GIGABYTE H510M-H,632,1561,1120000.0
2023-06-30,683,Giá vốn (80%): Ổ cứng máy tính HDD 1TB Western SaTa3 BLUE,632,1561,1280000.0
2023-06-30,683,Ổ cứng WESTERN SSD 240GB SN350 GREEN M2 NVME ( WDS240G2G0C),131,511,445455.0
2023-06-30,683,Giá vốn (80%): Ổ cứng WESTERN SSD 240GB SN350 GREEN M2 NVME ( WDS240G2G0C),632,1561,356364.0
2023-06-30,683,Cạc VGA ASUS TUF-GTX1660S-6G-GAMING,131,511,4454545.0
2023-06-30,683,Giá vốn (80%): Cạc VGA ASUS TUF-GTX1660S-6G-GAMING,632,1561,3563636.0
2023-06-30,683,TAI NGHE SOUNDMAX AH327,131,511,354545.0
2023-06-30,683,Máy in Brother HL - L2321D,131,511,4818182.0
2023-06-30,683,Giá vốn (80%): Máy in Brother HL - L2321D,632,1561,3854545.6
2023-06-30,683,Bộ vi xử lý  Intel Core i3-10105,131,511,2272727.0
2023-06-30,683,Ổ cứng máy tính HDD 1TB Western SaTa3 BLUE,131,511,1600000.0
2023-06-30,683,Bàn phím máy tính RAPOO V500SE,131,511,1000000.0
2023-07-01,685,Giá vốn (80%): Nguồn  Jetek Model Y600T,632,1561,349091.2
2023-07-01,28258023,Thuế GTGT: Không có tên,1331,1111,35000.0
2023-07-01,28258023,Không có tên,6422,1111,350000.0
2023-07-01,686,"Giá vốn (80%): Màn hình máy tính Lenovo H20215FE0 -"" E22-28 (H20215FE0) 21.5 inch Monitor-HDMI, Linecord, P/N:62B9MAR4WW",632,1561,1854545.6
2023-07-01,686,"Màn hình máy tính Lenovo H20215FE0 -"" E22-28 (H20215FE0) 21.5 inch Monitor-HDMI, Linecord, P/N:62B9MAR4WW",131,511,2318182.0
2023-07-01,685,Nguồn  Jetek Model Y600T,131,511,436364.0
2023-07-01,684,Màn hình máy tính Dell 22 Monitor - E2223HN powercord/Advanced Exchange Service,131,511,2954545.0
2023-07-01,684,"Giá vốn (80%): Máy tính để bàn Dell OptiPlex 3000 Small Form Factor Intel® Core i5-12500 (6Cores/18MB/12T/3.0GHz to 4.6GHz/65W), 8GB 3200MHz DDR4, 256GB SSD,Intel UHD Graphics , No DVD_RW, Ubuntu, BH 1 năm (1Bộ=Máy, Chuột, Bànphím,cáp)",6422,1121,10174545.6
2023-07-01,684,"Máy tính để bàn Dell OptiPlex 3000 Small Form Factor Intel® Core i5-12500 (6Cores/18MB/12T/3.0GHz to 4.6GHz/65W), 8GB 3200MHz DDR4, 256GB SSD,Intel UHD Graphics , No DVD_RW, Ubuntu, BH 1 năm (1Bộ=Máy, Chuột, Bànphím,cáp)",131,511,12718182.0
2023-07-01,684,Giá vốn (80%): Màn hình máy tính Dell 22 Monitor - E2223HN powercord/Advanced Exchange Service,632,1561,2363636.0
2023-07-02,4578,Thuế GTGT: THU PHI CK CN CTY CP DAU TU VA PT CONG NGHE QUOC GIA ADG TAI DN,1331,1111,2300.0
2023-07-02,4579,THU PHI CK CTY LE TRAN GIA,6422,1111,23000.0
2023-07-02,214,dây cáp máy in mạ vàng 3m ( 10351 ),6422,1111,477270.0
2023-07-02,99005,THU LAI VAY QUA HAN PDLD2317100469,6422,1111,299446.0
2023-07-02,659,Máy tính bàn Lenovo ThinkCentre M70s Gen 3 i3-12100 ( 4.3 GHZ) - 8GB RAM - 256GB SSD - Wireless & Bluetooth - None -1Yr; P/n 11TC000QVA,6422,1111,41227273.0
2023-07-02,4580,THU PHI CK CTY NAM THANH,6422,1111,23000.0
2023-07-02,4580,Thuế GTGT: THU PHI CK CTY NAM THANH,1331,1111,2300.0
2023-07-02,4577,THU PHI CK CTY VIEN SON,6422,1111,23000.0
2023-07-02,4577,Thuế GTGT: THU PHI CK CTY VIEN SON,1331,1111,2300.0
2023-07-02,98987,THU LAI VAY QUA HAN PDLD2310900580,6422,1111,293484.0
2023-07-02,98986,THU LAI VAY QUA HAN PDLD2310700630,6422,1111,1001693.0
2023-07-02,99034,THU LAI VAY LD2310900580,6422,1111,28378.0
2023-07-02,99032,THU LAI VAY LD2310700630,6422,1111,36264.0
2023-07-02,99007,THU LAI VAY QUA HAN PDLD2317300516,6422,1111,155596.0
2023-07-02,99006,THU LAI VAY QUA HAN PDLD2317200524,6422,1111,174102.0
2023-07-02,98985,THU LAI VAY QUA HAN PDLD2316600563,6422,1111,279682.0
2023-07-02,214,Cáp dữ liệu video HDMI 1.4 truyền âm thanh,6422,1111,690900.0
2023-07-02,214,cáp dữ liệu USB 2.0 nối dài truyền dữ liệu,6422,1111,200000.0
2023-07-02,4578,THU PHI CK CN CTY CP DAU TU VA PT CONG NGHE QUOC GIA ADG TAI DN,6422,1111,23000.0
2023-07-02,98988,THU LAI VAY QUA HAN PDLD2311100495,6422,1111,1239973.0
2023-07-02,98989,THU LAI VAY QUA HAN PDLD2311400659,6422,1111,1155172.0
2023-07-02,4579,Thuế GTGT: THU PHI CK CTY LE TRAN GIA,1331,1111,2300.0
2023-07-02,98992,THU LAI VAY QUA HAN PDLD2312800507,6422,1111,3612556.0
2023-07-02,98991,THU LAI VAY QUA HAN PDLD2311500655,6422,1111,1806278.0
2023-07-02,215,Cáp dữ liệu video HDMI 1.4 truyền âm thanh,6422,1111,690900.0
2023-07-02,215,cáp dữ liệu USB 2.0 nối dài truyền dữ liệu,6422,1111,400000.0
2023-07-02,215,dây cáp máy in mạ vàng 3m ( 10351 ),6422,1111,477270.0
2023-07-02,688,Cáp dữ liệu VIDEO HDMI 1.4 truyền âm thanh hình ảnh dài10M Ugreen (10110),131,511,400000.0
2023-07-02,688,Cáp dữ liệu USB 2.0 nối dài truyền dữ liệu,131,511,345455.0
2023-07-02,688,Giá vốn (80%): Cáp dữ liệu USB 2.0 nối dài truyền dữ liệu,632,1561,276364.0
2023-07-02,687,"Thiết bị chuyển mạch  TP-Link,TL- SG1024D",131,511,1718182.0
2023-07-02,687,"Giá vốn (80%): Thiết bị chuyển mạch  TP-Link,TL- SG1024D",632,1561,1374545.6
2023-07-02,99004,THU LAI VAY QUA HAN PDLD2316500549,6422,1111,372909.0
2023-07-02,688,Giá vốn (80%): Cáp dữ liệu VIDEO HDMI 1.4 truyền âm thanh hình ảnh dài10M Ugreen (10110),632,1561,320000.0
2023-07-02,99002,THU LAI VAY QUA HAN PDLD2314900522,6422,1111,1083767.0
2023-07-02,99001,THU LAI VAY QUA HAN PDLD2314600430,6422,1111,815738.0
2023-07-02,98999,THU LAI VAY QUA HAN PDLD2314500499,6422,1111,537259.0
2023-07-02,98998,THU LAI VAY QUA HAN PDLD2314400467,6422,1111,776627.0
2023-07-02,98997,THU LAI VAY QUA HAN PDLD2314300534,6422,1111,909497.0
2023-07-02,98996,THU LAI VAY QUA HAN PDLD2313900450,6422,1111,818460.0
2023-07-02,98995,THU LAI VAY QUA HAN PDLD2313500594,6422,1111,1929804.0
2023-07-02,98994,THU LAI VAY QUA HAN PDLD2313100510,6422,1111,578226.0
2023-07-02,98993,THU LAI VAY QUA HAN PDLD2312800516,6422,1111,1445023.0
2023-07-02,99003,THU LAI VAY QUA HAN PDLD2315300483,6422,1111,1097005.0
2023-07-03,692,Máy In Canon Laser LBP 226DW,131,511,5181818.0
2023-07-03,692,Giá vốn (80%): Máy In Canon Laser LBP 226DW,632,1561,4145454.4
2023-07-03,692,Mực Laser TN-2385,131,511,1000000.0
2023-07-03,692,Giá vốn (80%): Mực Laser TN-2385,632,1561,800000.0
2023-07-03,693,BỘ MÁY VI TÍNH,131,511,13909091.0
2023-07-03,695,Giá vốn (80%): Ổ đĩa cứng máy tính KingmaxSMV32 120GB (Sata 3),632,1561,2640000.0
2023-07-03,694,MÀN HÌNH LCD 23.8 Inch LENOVO THINKVISION S24e-20 (62AEKAR2WW),131,511,2718182.0
2023-07-03,694,Giá vốn (80%): MÀN HÌNH LCD 23.8 Inch LENOVO THINKVISION S24e-20 (62AEKAR2WW),632,1561,2174545.6
2023-07-03,695,Ổ đĩa cứng máy tính KingmaxSMV32 120GB (Sata 3),131,511,3300000.0
2023-07-03,691,Mực in Brother TN - B022,131,511,500000.0
2023-07-03,693,Giá vốn (80%): BỘ MÁY VI TÍNH,632,1561,11127272.8
2023-07-03,690,Giá vốn (80%): Camera quan sát CS-H8C (1080P),632,1561,1243636.0
2023-07-03,691,Giá vốn (80%): Mực in Brother TN - B022,632,1561,400000.0
2023-07-03,690,Giá vốn (80%): Máy in đa năng Brother DCP-T220,632,1561,2400000.0
2023-07-03,690,Camera quan sát CS-H8C (1080P),131,511,1554545.0
2023-07-03,665,Máy tính bàn Dell Inspiron 3020 Core i3-13100 3.4GHz/ 8GB Ram/256GB SSD/ Win 11home/ Office Home & Student 2021/ Wireless Bluetooth/ Mouse/ Keyboard/ 12mths Pre,6422,1111,20500000.0
2023-07-03,3577,"Bộ chuyển đổi quang điện TP-Link, MC111CS",6422,1111,305455.0
2023-07-03,3577,"Thiết bị thu phát vô tuyến 2,4/5GHz, TP-LINK, Archer T2UB Nano",6422,1111,638182.0
2023-07-03,3577,"Thiết bị chuyển mạch TP-Link, TL-SG1024D",6422,1111,2823636.0
2023-07-03,91268,"Máy tính xách tay Lenovo ThinkPad E15 Gen 4, i7-1255U, 8GB, 512GB SSD, Intel Iris Xe Graphics, 15.6"" FHD, 3C 45Wh, ax+BT, FP, No OS, Đen (Black), 2Y WTY_21E600CMVA",6422,1111,17909091.0
2023-07-03,3577,"Bộ chuyển đổi quang điện TP-Link, MC112CS",6422,1111,305455.0
2023-07-03,689,"Giá vốn (80%): Bộ định tuyến có chức năng thuphát vô tuyến TP-LINK, 2,4GHz/ W-CDMA FDD/GSM_TL-MR6400",632,1561,981818.4
2023-07-03,690,"Máy tính xách tay Lenovo S14 G3 IAP - I5-1235U (1.3G) - 8GB- 512GB SSD - WF+BL, Fingerprint - 14"" FHD - Dos - 1Yr; P/n82TW0029VN",131,511,13545455.0
2023-07-03,690,"Giá vốn (80%): Máy tính xách tay Lenovo S14 G3 IAP - I5-1235U (1.3G) - 8GB- 512GB SSD - WF+BL, Fingerprint - 14"" FHD - Dos - 1Yr; P/n82TW0029VN",632,1561,10836364.0
2023-07-03,690,Máy in đa năng Brother DCP-T220,131,511,3000000.0
2023-07-03,689,"Bộ định tuyến có chức năng thuphát vô tuyến TP-LINK, 2,4GHz/ W-CDMA FDD/GSM_TL-MR6400",131,511,1227273.0
2023-07-04,3638,"MÁY TÍNH XÁCH TAY HP Pavilion 15-eg2083TU (i5-1240P,8GD4,512GB SSD,15.6FHD,Wlax,BT5,3C41WHr_7C0W9PA)",6422,1111,14081818.0
2023-07-04,696,Giá vốn (80%): MÀN HÌNH VI TÍNH (LCD) DELL SE2422H23.8 INCH/1920x1080@75Hz/VGA/HDMI/LED/ĐEN(60W8F1),632,1561,2909091.2
2023-07-04,696,MÀN HÌNH VI TÍNH (LCD) DELL SE2422H23.8 INCH/1920x1080@75Hz/VGA/HDMI/LED/ĐEN(60W8F1),131,511,3636364.0
2023-07-04,1443,L805 Máy in phun màu khổ A4 Epson,6422,1111,7181818.0
2023-07-04,671,Máy tính bàn Dell Inspiron 3020 Core i3-13100 3.4GHz/ 8GB Ram/256GB SSD/ Win 11home/ Office Home & Student 2021/ Wireless Bluetooth/ Mouse/ Keyboard/ 12mths Pre,6422,1111,102500000.0
2023-07-04,671,Màn hình máy tính Dell 22 Monitor - E2223HN powercord/ 36mths Advanced Exchange Service,6422,1111,4800000.0
2023-07-04,671,Màn hình máy tính Dell 22 Monitor - E2223HN powercord/ 36mths Advanced Exchange Service,6422,1111,24000000.0
2023-07-04,61116,"Máy tính xách tay Dell Latitude 3420, CTO Intel Core i3-1115G4 (2 Core, 6M cache, base 3.0GHz, up to 4.10), MH 14 inch HD (1366 x 768), RAM 8GB, 256GB SSD, Intel® UHD Graphics, Ubuntu",6422,1111,82181818.0
2023-07-04,218,Bộ chuyển đổi DVI-D sang VGA active từ máy tính nối ra máy chiếu/màn hình Ugreen (40259),6422,1111,405455.0
2023-07-04,218,Cáp dữ liệu VIDEO HDMI 1.4 truyền âm thanh hình ảnh dài 50M có chipset Ugreen (50765),6422,1111,2410909.0
2023-07-04,218,Cáp dữ liệu VIDEO HDMI 1.4 truyền âm thanh hình ảnh dài 5M Ugreen (10109),6422,1111,636365.0
2023-07-04,697,Giá vốn (80%): Chuột vi tính có dây Rapoo N100,632,1561,174545.6
2023-07-04,697,Chuột vi tính có dây Rapoo N100,131,511,218182.0
2023-07-04,698,Giá vốn (80%): ổ cứng gắn trong 480GB SSD Exceria BiCS FLASH 2.5''SATA3 Kioxia,632,1561,720000.0
2023-07-04,698,ổ cứng gắn trong 480GB SSD Exceria BiCS FLASH 2.5''SATA3 Kioxia,131,511,900000.0
2023-07-04,699,Giá vốn (80%): Cáp dữ liệu VIDEO HDMI 1.4 truyền âm thanh hình ảnh dài5M Ugreen,632,1561,687272.8
2023-07-04,699,Cáp dữ liệu VIDEO HDMI 1.4 truyền âm thanh hình ảnh dài5M Ugreen,131,511,859091.0
2023-07-04,218,Bộ tuốc nơ vít gồm 38 cái/bộ chất liệu hợp kim ugreen (80459),6422,1111,418182.0
2023-07-05,217,Bộ ghi hình DS 7208 HGHI -K1,6422,1111,845455.0
2023-07-05,1452,L1210 Máy in phun hiệu epson,6422,1111,2954545.0
2023-07-05,553,Máy chiếu đa năng ViewSonic PA503W,6422,1111,10800000.0
2023-07-05,100235,THU LAI VAY LD2311100495,6422,1111,197562.0
2023-07-05,703,"Máy tính xách tay Dell Latitude 3420, CTO Intel Core i3-1115G4 (2 Core,6M cache, base 3.0GHz, up to 4.10), MH 14 inch HD (1366 x 768), RAM8GB, 256GB SSD, Intel® UHD Graphics, Ubuntu",131,511,80727273.0
2023-07-05,703,"Giá vốn (80%): Máy tính xách tay Dell Latitude 3420, CTO Intel Core i3-1115G4 (2 Core,6M cache, base 3.0GHz, up to 4.10), MH 14 inch HD (1366 x 768), RAM8GB, 256GB SSD, Intel® UHD Graphics, Ubuntu",632,1561,64581818.4
2023-07-05,702,Giá vốn (80%): Máy chiếu đa năng ViewSonic PA503W,632,1561,9447272.8
2023-07-05,704,Cáp dữ liệu VIDEO HDMI 1.4 truyền âm thanh hình ảnh dài5M Ugreen (10109),131,511,427273.0
2023-07-05,702,Máy chiếu đa năng ViewSonic PA503W,131,511,11809091.0
2023-07-05,704,Giá vốn (80%): Cáp dữ liệu VIDEO HDMI 1.4 truyền âm thanh hình ảnh dài5M Ugreen (10109),632,1561,341818.4
2023-07-05,700,Máy In Canon Laser LBP226DW,131,511,5627273.0
2023-07-05,701,"MÁY TÍNH XÁCH TAY HP Pavilion 15- eg2083TU(i5-1240P, 8GD4, 512GBSSD, 15.6FHD, Wlax,BT5,3C41WHr_7C0W9PA)",131,511,14990909.0
2023-07-05,701,"Giá vốn (80%): MÁY TÍNH XÁCH TAY HP Pavilion 15- eg2083TU(i5-1240P, 8GD4, 512GBSSD, 15.6FHD, Wlax,BT5,3C41WHr_7C0W9PA)",632,1561,11992727.2
2023-07-05,119561,Cước dịch vụ viễn thông trả sau (Dịch vụ chịu thuế),6422,1111,241816.0
2023-07-05,119561,Thuế GTGT: Cước dịch vụ viễn thông trả sau (Dịch vụ chịu thuế),1331,1111,24182.0
2023-07-05,700,Giá vốn (80%): Máy In Canon Laser LBP226DW,632,1561,4501818.4
2023-07-05,700,Giá vốn (80%): Bộ máy vi tính intel core  i3 - 12100,632,1561,14407272.0
2023-07-05,700,Màn hình  LCD Dell S2421H 23.5 inch,131,511,3636364.0
2023-07-05,700,Giá vốn (80%): Màn hình  LCD Dell S2421H 23.5 inch,632,1561,2909091.2
2023-07-05,700,Bộ máy vi tính intel core  i3 - 12100,131,511,18009090.0
2023-07-06,4701,TP CK CTY TH AN PHU,6422,1111,23000.0
2023-07-06,4701,Thuế GTGT: TP CK CTY TH AN PHU,1331,1111,2300.0
2023-07-06,705,Giá vốn (80%): Máy tính bàn Lenovo ThinkCentre M70s Gen 3 i5-12400(4.4GHZ)- 8GB RAM - 256 SSD- Wireless & Bluetooth - None -1Yr; P/n11TC000TVA,632,1561,15774545.6
2023-07-06,705,Máy tính bàn Lenovo ThinkCentre M70s Gen 3 i5-12400(4.4GHZ)- 8GB RAM - 256 SSD- Wireless & Bluetooth - None -1Yr; P/n11TC000TVA,131,511,19718182.0
2023-07-06,705,Giá vốn (80%): Máy in Brother HL-L2321D,632,1561,7825454.4
2023-07-06,705,Máy in Brother HL-L2321D,131,511,9781818.0
2023-07-06,705,Giá vốn (80%): Bộ nhớ máy tính xách tay Kingmax16GB/ DDR4-3200,632,1561,1083636.8
2023-07-06,705,Bộ nhớ máy tính xách tay Kingmax16GB/ DDR4-3200,131,511,1354546.0
2023-07-06,705,"Máy tính xách tay LenovoThinkPad E15 Gen 4, i7-1255U,8GB, 512GB SSD, Intel Iris XeGraphics, 15.6"" FHD, 3C 45Wh,ax+BT, FP, No OS, Đen (Black),2Y WTY_21E600CMVA",131,511,19181818.0
2023-07-06,706,Giá vốn (80%): Thiết bị định tuyến TP-Link 2.4GHz/5GHz Archer C50,632,1561,1709091.2
2023-07-06,706,Thiết bị định tuyến TP-Link 2.4GHz/5GHz Archer C50,131,511,2136364.0
2023-07-06,4702,Thuế GTGT: TP CK CTY VINH XUAN,1331,1111,2300.0
2023-07-06,4702,TP CK CTY VINH XUAN,6422,1111,23000.0
2023-07-06,705,"Giá vốn (80%): Máy tính xách tay LenovoThinkPad E15 Gen 4, i7-1255U,8GB, 512GB SSD, Intel Iris XeGraphics, 15.6"" FHD, 3C 45Wh,ax+BT, FP, No OS, Đen (Black),2Y WTY_21E600CMVA",632,1561,15345454.4
2023-07-07,707,Giá vốn (80%): Bàn phím Rapoo NK2500,632,1561,218182.4
2023-07-07,707,Bàn phím Rapoo NK2500,131,511,272728.0
2023-07-07,707,Giá vốn (80%): Chuột vi tính có dây Rapoo N100,632,1561,116363.2
2023-07-07,44461651,Thuế GTGT:  Thu Phi SMS thay doi so du thang  06/2023,1331,1111,5455.0
2023-07-07,44461651,Thu Phi SMS thay doi so du thang  06/2023,6422,1111,54545.0
2023-07-07,707,Chuột vi tính có dây Rapoo N100,131,511,145454.0
2023-07-08,708,Hộp mực in Izinet 12A/303/FX9,131,511,309091.0
2023-07-08,708,Giá vốn (80%): Hộp mực in Izinet 12A/303/FX9,632,1561,247272.8
2023-07-08,709,"Ổ CỨNG DI ĐỘNG (HDD) SEAGATE ONE TOUCH 1TB2.5"" USB 3.0 - XÁM (GREY)(STKY1000404)",131,511,1327273.0
2023-07-08,709,"Giá vốn (80%): Ổ CỨNG DI ĐỘNG (HDD) SEAGATE ONE TOUCH 1TB2.5"" USB 3.0 - XÁM (GREY)(STKY1000404)",632,1561,1061818.4
2023-07-09,710,Giá vốn (80%): Máy in đa năng Brother DCP-T220,632,1561,2610908.8
2023-07-09,45063899,Trich thu Tien vay - Lai : 11704110 - Acct vay 399045849,6422,1111,11704110.0
2023-07-09,4735,THU PHI CK CTY CP TG SO,6422,1111,33734.0
2023-07-09,4735,Thuế GTGT: THU PHI CK CTY CP TG SO,1331,1111,3373.0
2023-07-09,260238,MÀN HÌNH VI TÍNH (LCD) LENOVO ThinkVision S24e-20 23.8INCH/1920x1080/WLED/VGA/HDMI/ĐEN/3Y(62AEKAR2WW),6422,1111,24545450.0
2023-07-09,260240,MÁY TÍNH XÁCH TAY (NB) DELL VOS15 3520 i5-1235U/8GD4/512SSD/15.6FHD/120Hz/3C41WHr/W11SL+OFFICE HOME_ST/ProSup/XÁM(5M2TT2),6422,1111,42545454.0
2023-07-09,44972903,Trich thu Tien vay - Lai : 4389040 - Acct vay 397841389,6422,1111,4389040.0
2023-07-09,45100081,Trich thu Tien vay - Von : 900000000 - Lai : 9152877 - Acct vay 377993869,6422,1111,9152877.0
2023-07-09,710,Máy in đa năng Brother DCP-T220,131,511,3263636.0
2023-07-09,45239351,THANH LY,6422,1111,315616.0
2023-07-09,45078638,Trich thu Tien vay - Lai : 632877 - Acct vay 403046149,6422,1111,632877.0
2023-07-09,711,"Thiết bị định tuyến TP-Link 2.4GHz,Archer C6",131,511,3541818.0
2023-07-09,221,Giá treo màn hình máy tính đa năng F80,6422,1111,1527273.0
2023-07-09,711,"Giá vốn (80%): Thiết bị định tuyến TP-Link 2.4GHz,Archer C6",632,1561,2833454.4
2023-07-09,1914,Bàn phím máy tính EK384 E-Dra,6422,1111,671818.0
2023-07-09,1914,Bàn phím máy tính EK503 E-dra,6422,1111,972727.0
2023-07-09,1914,Bàn phím máy tính EK701 E-Dra,6422,1111,1431818.0
2023-07-09,1914,"Bàn phím dùng cho máy tính EK313 ,hiệu E-dra",6422,1111,780000.0
2023-07-09,1914,Bàn phím Edra EK308RGB Plus,6422,1111,1709091.0
2023-07-09,221,Cáp dữ liệu VIDEO HDMI 1.4 truyền âm thanh hình ảnh dài 1.5M Ugreen (60820),6422,1111,340909.0
2023-07-09,221,Cáp dữ liệu VIDEO HDMI 1.4 truyền âm thanh hình ảnh dài 30M có chipset Ugreen (10114),6422,1111,1127273.0
2023-07-09,221,Cáp dữ liệu VIDEO HDMI 1.4 truyền âm thanh hình ảnh dài 5M Ugreen (10109),6422,1111,613636.0
2023-07-09,1914,"Bàn phím EK384 Triple Mode (Beta), hiệu E-Dra",6422,1111,671818.0
2023-07-10,714,Giá vốn (80%): Bộ vi xử lý vi tính Intel Corei5-10400 (BX8070110400SRH3C) +Quạt,632,1561,2400000.0
2023-07-10,714,Giá vốn (80%): Bộ nhớ trong RAM DESKTOP LEXAR U­DIMM DDR48GB_LD4AU008G­B3200GSST,632,1561,334545.6
2023-07-10,714,Bộ nhớ trong RAM DESKTOP LEXAR U­DIMM DDR48GB_LD4AU008G­B3200GSST,131,511,418182.0
2023-07-10,714,Giá vốn (80%): Mạch chính vi tính Gigabyte H510MH,632,1561,1250908.8
2023-07-10,714,Mạch chính vi tính Gigabyte H510MH,131,511,1563636.0
2023-07-10,714,Bộ vi xử lý vi tính Intel Corei5-10400 (BX8070110400SRH3C) +Quạt,131,511,3000000.0
2023-07-10,714,"Giá vốn (80%): Chuột vi tính hiệu Rapoo mới 100%. Item no:12091, Model: M650Silent BR_F-Yellow Green",632,1561,421818.4
2023-07-10,714,ổ cứng gắn trong 240GB SSD Exceria BiCS FLASH 2.5''SATA3 Kioxia,131,511,4509091.0
2023-07-10,714,"Giá vốn (80%): Ổ cứng SSD Western WDS500G2B0A ,500GB, Sata3 2.5""",632,1561,1025454.4
2023-07-10,714,"Ổ cứng SSD Western WDS500G2B0A ,500GB, Sata3 2.5""",131,511,1281818.0
2023-07-10,714,"Ổ đĩa cứng  GT Kingston 2.5"" SSD (SA400S37/240G)",131,511,354546.0
2023-07-10,714,"Chuột vi tính hiệu Rapoo mới 100%. Item no:12091, Model: M650Silent BR_F-Yellow Green",131,511,527273.0
2023-07-10,713,Giá vốn (80%): Chuột máy tính  Dell MS116,632,1561,116363.2
2023-07-10,714,Giá vốn (80%): ổ cứng gắn trong 240GB SSD Exceria BiCS FLASH 2.5''SATA3 Kioxia,632,1561,3607272.8
2023-07-10,714,"Giá vốn (80%): Ổ đĩa cứng  GT Kingston 2.5"" SSD (SA400S37/240G)",632,1561,283636.8
2023-07-10,714,Giá vốn (80%): Bàn phím  Logitech K120,632,1561,527272.8
2023-07-10,714,Giá vốn (80%): Vỏ thùng máy tính  Jetek EN15,632,1561,200000.0
2023-07-10,713,Chuột máy tính  Dell MS116,131,511,145454.0
2023-07-10,715,Giá vốn (80%): Bộ máy vi tính để bàn (CPU Intel core I3 - 10105 / Ram 4gb / Ssd 240gb),632,1561,7134545.6
2023-07-10,715,Bộ máy vi tính để bàn (CPU Intel core I3 - 10105 / Ram 4gb / Ssd 240gb),131,511,8918182.0
2023-07-10,715,"Giá vốn (80%): Màn hình máy tính Lenovo  E22 -28  / 21.5 inch Monitor-HDMI, Linecord, P/N:62B9MAR4WW",632,1561,1956363.2
2023-07-10,715,"Màn hình máy tính Lenovo  E22 -28  / 21.5 inch Monitor-HDMI, Linecord, P/N:62B9MAR4WW",131,511,2445454.0
2023-07-10,714,Giá vốn (80%): Bàn phím RAPOO NK2500,632,1561,1920000.0
2023-07-10,714,Vỏ thùng máy tính  Jetek EN15,131,511,250000.0
2023-07-10,714,Bàn phím RAPOO NK2500,131,511,2400000.0
2023-07-10,714,Chuột máy tính N100.BLACK - Optical Mouse,131,511,1000000.0
2023-07-10,714,"Giá vốn (80%): Thiết bị chuyển mạch  TP -Link, TL-SF1016D",632,1561,305454.4
2023-07-10,714,"Thiết bị chuyển mạch  TP -Link, TL-SF1016D",131,511,381818.0
2023-07-10,714,Bàn phím  Logitech K120,131,511,659091.0
2023-07-10,714,Giá vốn (80%): Nguồn Jetek Model Y600T,632,1561,200000.0
2023-07-10,714,Nguồn Jetek Model Y600T,131,511,250000.0
2023-07-10,714,Giá vốn (80%): Chuột máy tính N100.BLACK - Optical Mouse,632,1561,800000.0
2023-07-10,713,Giá vốn (80%): Bàn phím Dell Multimedia KB216,632,1561,218182.4
2023-07-10,720,Thiết bị định tuyến  TP-Link 2.4GHz/5GHz Archer C20,131,511,427272.0
2023-07-10,713,"Giá vốn (80%): Thiết bị định tuyến TP - Link 300M, 2.4GHz,TL- WR841N",632,1561,196364.0
2023-07-10,713,Bàn phím Dell Multimedia KB216,131,511,272728.0
2023-07-10,12174,"ổ cứng lắp trong Western Digital 4TB 3.5"" Sata 3, màu xanh(Blue)(WD40EZAX)",6422,1111,5863636.0
2023-07-10,12174,"ổ cứng lắp trong Western Digital 4TB 3.5"" Sata3, màu tím(Purple) (WD43PURZ)",6422,1111,3945455.0
2023-07-10,712,Giá vốn (80%): Mực  in phun Brother BT5000C,632,1561,145454.4
2023-07-10,712,Mực  in phun Brother BT5000Y,131,511,181818.0
2023-07-10,712,Giá vốn (80%): Mực  in phun Brother BT5000Y,632,1561,145454.4
2023-07-10,712,Mực  in phun Brother BT5000M,131,511,181818.0
2023-07-10,712,Giá vốn (80%): Mực  in phun Brother BT5000M,632,1561,145454.4
2023-07-10,716,MÁY IN  Brother HL-L2321D,131,511,2636364.0
2023-07-10,716,Giá vốn (80%): MÁY IN  Brother HL-L2321D,632,1561,2109091.2
2023-07-10,717,Máy In Canon Laser LBP-2900,131,511,3627273.0
2023-07-10,717,Giá vốn (80%): Máy In Canon Laser LBP-2900,632,1561,2901818.4
2023-07-10,717,Bàn phím RAPOO NK2500,131,511,136364.0
2023-07-10,717,Giá vốn (80%): Bàn phím RAPOO NK2500,632,1561,109091.2
2023-07-10,717,Chuột máy tính N100.BLACK - Optical Mouse,131,511,72727.0
2023-07-10,712,Mực  in phun Brother BT5000C,131,511,181818.0
2023-07-10,718,MỰC IN  Brother TN-B022,131,511,500000.0
2023-07-10,717,Giá vốn (80%): Chuột máy tính N100.BLACK - Optical Mouse,632,1561,58181.6
2023-07-10,713,Giá vốn (80%): Máy  in Brother HL - L2321D,632,1561,1890908.8
2023-07-10,713,Máy  in Brother HL - L2321D,131,511,2363636.0
2023-07-10,721,Mực in phun Brother BT5000,131,511,327272.0
2023-07-10,721,Giá vốn (80%): Mực  in phun Brother BTD60BK,632,1561,363636.8
2023-07-10,721,Mực  in phun Brother BTD60BK,131,511,454546.0
2023-07-10,721,Giá vốn (80%): Mực in phun Brother BT5000,632,1561,261817.6
2023-07-10,720,"Thiết bị chuyển mạch TP-Link, TL-SF1005D",131,511,236364.0
2023-07-10,720,Giá vốn (80%): Thiết bị định tuyến  TP-Link 2.4GHz/5GHz Archer C20,632,1561,341817.6
2023-07-10,713,"Thiết bị định tuyến TP - Link 300M, 2.4GHz,TL- WR841N",131,511,245455.0
2023-07-10,719,Giá vốn (80%): Hộp mực  in Ecoplus 12A/303/FX9,632,1561,109091.2
2023-07-10,719,Hộp mực  in Ecoplus 12A/303/FX9,131,511,136364.0
2023-07-10,718,Giá vốn (80%): MỰC IN  Brother TN-B022,632,1561,400000.0
2023-07-10,720,"Giá vốn (80%): Thiết bị chuyển mạch TP-Link, TL-SF1005D",632,1561,189091.2
2023-07-11,12176,"Máy tính xách tay MSI Alpha 17 B5EEK-031VN/Ryzen 7 5800H/512GB SSD/8GB/RX6600M 8GB/17.3""FHD/144Hz/WIN 11/màu đen, ba lô",6422,1111,23172727.0
2023-07-11,722,"Màn hình vi tính  Dell LCD  E2216Hv - 21.5"" WHD",131,511,1954545.0
2023-07-11,722,"Giá vốn (80%): Màn hình vi tính  Dell LCD  E2216Hv - 21.5"" WHD",632,1561,1563636.0
2023-07-11,5296,MÁY QUÉT ẢNH HOẶC TÀI LIỆU HP SCAN JET PRO 2000 S2 SCANNER (6FW06A) (s/n:CN34HB20NW),6422,1111,6436364.0
2023-07-12,265234,MÁY TÍNH ĐỂ BÀN (PC) DELL INS 3020 i7-13700(16*2.1)/16GD4/512GSSD/WLn/SD/BTKB/M/W11SL+OFFICE/Pro/ĐEN(4VGWP7),6422,1111,18545454.0
2023-07-12,265235,MÀN HÌNH VI TÍNH (LCD) LENOVO ThinkVision S27e-20 27.0INCH/1920x1080/IPS/WLED/VGA/HDMI/ĐEN/3Y(62AFKAR2WW),6422,1111,3430000.0
2023-07-12,723,Giá vốn (80%): ổ cứng gắn trong 250GB SSD Exceria NVMe BiCS FLASHM.2 PCIe Kioxia,632,1561,472727.2
2023-07-12,723,ổ cứng gắn trong 250GB SSD Exceria NVMe BiCS FLASHM.2 PCIe Kioxia,131,511,590909.0
2023-07-12,4831,Thuế GTGT: THU PHI CK CTY TIN HOC VIET SON,1331,1111,2300.0
2023-07-12,725,MÁY QUÉT ẢNH HOẶC TÀI LIỆU HP SCAN JET PRO2000 S2 SCANNER (6FW06A),131,511,7227273.0
2023-07-12,104717,THU LAI VAY LD2311400659,6422,1111,269463.0
2023-07-12,725,Giá vốn (80%): MÁY QUÉT ẢNH HOẶC TÀI LIỆU HP SCAN JET PRO2000 S2 SCANNER (6FW06A),632,1561,5781818.4
2023-07-12,724,Giá vốn (80%): Máy In Canon Laser LBP-2900,632,1561,3163636.0
2023-07-12,724,Máy In Canon Laser LBP-2900,131,511,3954545.0
2023-07-12,4831,THU PHI CK CTY TIN HOC VIET SON,6422,1111,23000.0
2023-07-13,730,"Máy Tính Xách tay DELL Inspiron 16-5620 I71255U/8GB/512GB NVME/16.0"" FHD/Window 11 /Màu Bạc(N6I7110W1)",131,511,18000000.0
2023-07-13,730,"Giá vốn (80%): Máy Tính Xách tay DELL Inspiron 16-5620 I71255U/8GB/512GB NVME/16.0"" FHD/Window 11 /Màu Bạc(N6I7110W1)",632,1561,14400000.0
2023-07-13,728,"Máy tính xách tay DELL Vostro 5620 I5-1240P/8GB/256GB NVME/16.0"" FHD/Window 11(V6I5001W1)",131,511,15909091.0
2023-07-13,728,"Giá vốn (80%): Máy tính xách tay DELL Vostro 5620 I5-1240P/8GB/256GB NVME/16.0"" FHD/Window 11(V6I5001W1)",632,1561,12727272.8
2023-07-13,731,Thẻ nhớ 64GB Micro SDXC Exceria UHS-I C10 U1100MB/s Kioxia (Không có Adapter),131,511,218182.0
2023-07-13,4874,Thuế GTGT: THU PHI CK CTY VIEN SON,1331,1111,2300.0
2023-07-13,731,Chuột vi tính  Rapoo M20,131,511,245454.0
2023-07-13,731,Tai nghe Logitech H370,131,511,400000.0
2023-07-13,731,Giá vốn (80%): Tai nghe Logitech H370,632,1561,320000.0
2023-07-13,4874,THU PHI CK CTY VIEN SON,6422,1111,23000.0
2023-07-13,726,"Giá vốn (80%): Máy tính xách tay MSI Alpha 17 B5EEK031VN / Ryzen 7 5800H / 512GBSSD/ 8GB/ RX6600M8GB/ 17.3""FHD/ 144Hz/ WIN 11/ màu đen,ba lô",632,1561,16283636.0
2023-07-13,731,Giá vốn (80%): Thẻ nhớ 64GB Micro SDXC Exceria UHS-I C10 U1100MB/s Kioxia (Không có Adapter),1121,131,174545.6
2023-07-13,726,"Máy tính xách tay MSI Alpha 17 B5EEK031VN / Ryzen 7 5800H / 512GBSSD/ 8GB/ RX6600M8GB/ 17.3""FHD/ 144Hz/ WIN 11/ màu đen,ba lô",131,511,20354545.0
2023-07-13,731,Giá vốn (80%): Chuột vi tính  Rapoo M20,632,1561,196363.2
2023-07-13,727,Chuột vi tính Rapoo M20,131,511,110909.0
2023-07-13,105178,THU LAI VAY LD2311500655,6422,1111,722944.0
2023-07-13,729,"Máy Tính Xách tay DELL Inspiron 16-5620 I7 1255U/8GB/512GB NVME/16.0"" FHD/Window 11 /Màu Bạc (N6I7110W1)",131,511,18000000.0
2023-07-13,727,Giá vốn (80%): Chuột vi tính Rapoo M20,632,1561,88727.2
2023-07-13,4873,THU PHI CK CTY DT VA PT CN QG ADG TAI DA NANG,6422,1111,23000.0
2023-07-13,4873,Thuế GTGT: THU PHI CK CTY DT VA PT CN QG ADG TAI DA NANG,1331,1111,2300.0
2023-07-13,729,"Giá vốn (80%): Máy Tính Xách tay DELL Inspiron 16-5620 I7 1255U/8GB/512GB NVME/16.0"" FHD/Window 11 /Màu Bạc (N6I7110W1)",632,1561,14400000.0
2023-07-13,727,Giá vốn (80%): Mạch chính vi tính Gigabyte H510M-H,632,1561,1120000.0
2023-07-13,727,Bộ nhớ máy vi tính Kingmax 8GBDDR4 - 3200 (KM-LD4-3200-8GS),131,511,381818.0
2023-07-13,727,Giá vốn (80%): Bộ nhớ máy vi tính Kingmax 8GBDDR4 - 3200 (KM-LD4-3200-8GS),632,1561,305454.4
2023-07-13,727,Bộ vi xử lý  Intel Core i3-10105,131,511,2227273.0
2023-07-13,727,Giá vốn (80%): Bộ vi xử lý  Intel Core i3-10105,632,1561,1781818.4
2023-07-13,727,Mạch chính vi tính Gigabyte H510M-H,131,511,1400000.0
2023-07-15,732,"Máy tính xách tay MSI Katana GF6612UCK - 699VN/Alder Lake i5-12450H/512GB SSD/DDR4 8GB(3200MHz)/RTX3050 GDDR6 4GB/15.6""FHD/WIN 11/màu đen/ba lô",131,511,15454545.0
2023-07-15,732,"Giá vốn (80%): Máy tính xách tay MSI Katana GF6612UCK - 699VN/Alder Lake i5-12450H/512GB SSD/DDR4 8GB(3200MHz)/RTX3050 GDDR6 4GB/15.6""FHD/WIN 11/màu đen/ba lô",632,1561,12363636.0
2023-07-15,732,Camera quan sát CS-C6N (1080P),131,511,18181818.0
2023-07-15,732,Giá vốn (80%): Camera quan sát CS-C6N (1080P),632,1561,14545454.4
2023-07-15,732,"Camera kỹ thuật số có chức năng ghi hiệu EZVIZ mãCS-C1C(1080P,H.265) - Hỗ trợ thẻ nhớ trong",131,511,6909100.0
2023-07-15,732,"Giá vốn (80%): Camera kỹ thuật số có chức năng ghi hiệu EZVIZ mãCS-C1C(1080P,H.265) - Hỗ trợ thẻ nhớ trong",632,1561,5527280.0
2023-07-15,732,"Chuột vi tính hiệu Rapoo mới 100%. Item no:18823, Model: M20, Wireless Optical MouseBLACK",131,511,20909090.0
2023-07-15,732,Giá vốn (80%): Thiết bị thu phát vô tuyến TPLINK_TL- WN725N,632,1561,1167272.8
2023-07-15,732,Giá vốn (80%): Thiết bị chuyển mạch TPLINK_TL- SF 1005D,632,1561,1774544.0
2023-07-15,732,Máy In Canon Laser LBP-2900,131,511,31818180.0
2023-07-15,732,Giá vốn (80%): Máy In Canon Laser LBP-2900,632,1561,25454544.0
2023-07-15,732,"Giá vốn (80%): Máy tính xách tay MSI Katana GF6612UCK - 815VN /Alder Lake i5-12450H/512GB SSD/DDR4 8GB(3200MHz)/RTX3050 GDDR6 4GB/15.6""FHD/WIN11/màu đen/ ba lô",632,1561,12727272.0
2023-07-15,732,"Giá vốn (80%): Chuột vi tính hiệu Rapoo mới 100%. Item no:18823, Model: M20, Wireless Optical MouseBLACK",632,1561,16727272.0
2023-07-15,732,Thiết bị thu phát vô tuyến TPLINK_TL- WN725N,131,511,1459091.0
2023-07-15,732,"Máy tính xách tay MSI Katana GF6612UCK - 815VN /Alder Lake i5-12450H/512GB SSD/DDR4 8GB(3200MHz)/RTX3050 GDDR6 4GB/15.6""FHD/WIN11/màu đen/ ba lô",131,511,15909090.0
2023-07-15,732,Thiết bị chuyển mạch TPLINK_TL- SF 1005D,131,511,2218180.0
2023-07-15,732,Máy in Brother HL - L2321D,131,511,46363636.0
2023-07-15,733,"Màn hình máy tính Lenovo H20215FE0 - "" E22-28(H20215FE0) 21.5 inch Monitor - HDMI, Linecord, P/N:62B9MAR4WW",131,511,2445455.0
2023-07-15,733,"Giá vốn (80%): Màn hình máy tính Lenovo H20215FE0 - "" E22-28(H20215FE0) 21.5 inch Monitor - HDMI, Linecord, P/N:62B9MAR4WW",632,1561,1956364.0
2023-07-15,733,Giá vốn (80%): Máy tính bàn Lenovo ThinkCentre M70s Gen 3 i5-12400(4.4GHZ)- 8GB RAM - 256 SSD- Wireless & Bluetooth - None -1Yr; P/n11TC000TVA,632,1561,9083636.0
2023-07-15,733,Thiết bị thu phát vô tuyến TP-LINK_TL-WA850RE,131,511,381818.0
2023-07-15,733,Giá vốn (80%): Thiết bị thu phát vô tuyến TP-LINK_TL-WA850RE,632,1561,305454.4
2023-07-15,733,"Chuột vi tính hiệu Rapoo mới 100%. Item no:12091, Model: M650 Silent BR_F-Yellow Green",131,511,481818.0
2023-07-15,733,Máy tính bàn Lenovo ThinkCentre M70s Gen 3 i5-12400(4.4GHZ)- 8GB RAM - 256 SSD- Wireless & Bluetooth - None -1Yr; P/n11TC000TVA,131,511,11354545.0
2023-07-15,732,"Máy tính xách tay Asus model B3402FEA - EC0714T 14.0"" Full HD / Touchscreen/INTEL I3 - 1115G4/ 8GB DDR4/256GB M.2 SSD /Fingerprint/NumberPad/Win 10 home/TPM2.0/WIFI6+BT/50WH/BAG/STYLUS/WIRELESS MOUSE/ 2 YW OSS",131,511,16363636.0
2023-07-15,733,"Giá vốn (80%): Chuột vi tính hiệu Rapoo mới 100%. Item no:12091, Model: M650 Silent BR_F-Yellow Green",632,1561,385454.4
2023-07-15,732,"Giá vốn (80%): Máy tính xách tay Lenovo ThinkPad E15 Gen 4 -I5- 1235U(4.4G)-8Gb RAM - 512GB SSD - WF+BL,Fingerprint-15.6'' FHD - Dos - 2Yrs; P/N 21E600CFVA",632,1561,12000000.0
2023-07-15,732,"Máy tính xách tay Lenovo ThinkPad E15 Gen 4 -I5- 1235U(4.4G)-8Gb RAM - 512GB SSD - WF+BL,Fingerprint-15.6'' FHD - Dos - 2Yrs; P/N 21E600CFVA",131,511,15000000.0
2023-07-15,732,Giá vốn (80%): Máy in Brother HL - L2321D,632,1561,37090908.8
2023-07-15,732,Giá vốn (80%): MÁY TÍNH XÁCH TAY (NB) LENOVO V14 G3 IAP i3 -1215U/4GD4/256GSSD/14.0FHD/WL/BT/2C38/NoOS/ĐEN (82TS0067VN),632,1561,13236363.2
2023-07-15,732,MÁY TÍNH XÁCH TAY (NB) LENOVO V14 G3 IAP i3 -1215U/4GD4/256GSSD/14.0FHD/WL/BT/2C38/NoOS/ĐEN (82TS0067VN),131,511,16545454.0
2023-07-15,732,"Giá vốn (80%): Máy tính xách tay Asus model B3402FEA - EC0714T 14.0"" Full HD / Touchscreen/INTEL I3 - 1115G4/ 8GB DDR4/256GB M.2 SSD /Fingerprint/NumberPad/Win 10 home/TPM2.0/WIFI6+BT/50WH/BAG/STYLUS/WIRELESS MOUSE/ 2 YW OSS",632,1121,13090908.8
2023-07-16,33354,"Máy tính xách tay Dell Vostro 3430 (i7-1355U, 16GB, 512GB SSD, 14.0"" FHD, NV-MX550/2GB, Win11,Office HS 21, Xám, P152G008)(V3430-i7U165W11GRD2)",6422,1111,21363636.0
2023-07-16,4908,TP CK CTY NGUYEN KIM,6422,1111,15000.0
2023-07-16,589,Máy chiếu đa năng ViewSonic PA503W,6422,1111,10800000.0
2023-07-16,4909,Thuế GTGT: TP CL CTY VINH XUAN,1331,1111,2300.0
2023-07-16,4909,TP CL CTY VINH XUAN,6422,1111,23000.0
2023-07-16,734,Giá vốn (80%): ổ cứng gắn trong 240GB SSD Exceria BiCS FLASH 2.5''SATA3 Kioxia,632,1561,436364.0
2023-07-16,734,ổ cứng gắn trong 240GB SSD Exceria BiCS FLASH 2.5''SATA3 Kioxia,131,511,545455.0
2023-07-16,734,Giá vốn (80%): Mực  Laser TN-2385 Brother,632,1561,327272.0
2023-07-16,4908,Thuế GTGT: TP CK CTY NGUYEN KIM,1331,1111,1500.0
2023-07-16,734,Mực  Laser TN-2385 Brother,131,511,409090.0
2023-07-16,734,Chuột máy tính Logitech M185,131,511,181818.0
2023-07-16,734,Giá vốn (80%): Loa SoundMax A150/2.0,632,1561,181818.4
2023-07-16,734,Loa SoundMax A150/2.0,131,511,227273.0
2023-07-16,735,Giá vốn (80%): Tai nghe SoundMax AH304,632,1561,203636.8
2023-07-16,735,Tai nghe SoundMax AH304,131,511,254546.0
2023-07-16,735,Giá vốn (80%): Máy chiếu đa năng ViewSonic PA503W,632,1561,9083636.0
2023-07-16,735,Máy chiếu đa năng ViewSonic PA503W,131,511,11354545.0
2023-07-16,734,Giá vốn (80%): Chuột máy tính Logitech M185,632,1561,145454.4
2023-07-17,739,Giá vốn (80%): Ổ đĩa cứng máy tính KingmaxSMQ32 240GB (Sata 3),632,1561,436364.0
2023-07-17,16,Phần mềm Win Pro 11 64Bit Eng Intl 1pk DSP OEI DVD (FQC-10528),6422,1111,2650000.0
2023-07-17,235,Tủ Rack 6U­D400,6422,1111,1272727.0
2023-07-17,235,Cáp dữ liệu VIDEO DVI 24+1 male sang HDMI female truyền hình ảnh dài 25cm Ugreen (20118),6422,1111,161818.0
2023-07-17,66798,"Máy tính xách tay Asus model B1400CBA-EB0641W 14"" IPS/ I5-1235U/ 8GB/ 512GB/ Win 11/ LED KB/ 2Y PUR",6422,1111,26909091.0
2023-07-17,737,Máy In Canon Laser LBP-2900,131,511,3627273.0
2023-07-17,737,Giá vốn (80%): Máy In Canon Laser LBP-2900,632,1561,2901818.4
2023-07-17,736,Giá vốn (80%): Máy In Canon Laser LBP - 2900,632,1561,25963636.0
2023-07-17,736,Giá vốn (80%): Máy in Brother HL - L2321D,632,1561,37090908.8
2023-07-17,736,Giá vốn (80%): Máy In Canon Laser LBP 6030,632,1561,4909091.2
2023-07-17,736,Máy in đa năng Brother DCP - T220,131,511,5909091.0
2023-07-17,736,Giá vốn (80%): Máy in đa năng Brother DCP - T220,632,1561,4727272.8
2023-07-17,736,Máy In Canon Laser LBP 6030,131,511,6136364.0
2023-07-17,739,Ổ đĩa cứng máy tính KingmaxSMQ32 240GB (Sata 3),131,511,545455.0
2023-07-17,736,Máy in Brother HL - L2321D,131,511,46363636.0
2023-07-17,739,Giá vốn (80%): Bộ nhớ máy vi tính Kingmax 8GBDDR4-3200 (KM-LD4-3200-8GS),632,1561,545454.4
2023-07-17,736,Máy In Canon Laser LBP - 2900,131,511,32454545.0
2023-07-17,738,Giá vốn (80%): Phần mềm  Kaspersky KL1941MCCFS,632,1561,720000.0
2023-07-17,739,Bộ nhớ máy vi tính Kingmax 8GBDDR4-3200 (KM-LD4-3200-8GS),131,511,681818.0
2023-07-17,740,Nguồn máy tính Jetek mini A200m,131,511,318182.0
2023-07-17,740,Giá vốn (80%): Nguồn máy tính Jetek mini A200m,632,1561,254545.6
2023-07-17,741,Máy tính bàn Lenovo ThinkCentre M70s Gen 3 - i3-12100 ( 4.3GHZ) - 4GB RAM - 256GB SSD - Wireless & Bluetooth - None-1Yr; P/n 11TC000PVA,131,511,8500000.0
2023-07-17,741,Giá vốn (80%): Máy tính bàn Lenovo ThinkCentre M70s Gen 3 - i3-12100 ( 4.3GHZ) - 4GB RAM - 256GB SSD - Wireless & Bluetooth - None-1Yr; P/n 11TC000PVA,632,1561,6800000.0
2023-07-17,741,Bàn phím  Dell Multimedia KB 216,131,511,136364.0
2023-07-17,741,Thiết bị truyền ảnh Webcam Logitech C270,131,511,409091.0
2023-07-17,741,Giá vốn (80%): Bàn phím  Dell Multimedia KB 216,632,1561,109091.2
2023-07-17,742,"Ổ CỨNG DI ĐỘNG (HDD) SEAGATE ONE TOUCH 1TB2.5"" USB 3.0 - ĐEN (BLACK)(STKY1000400)",131,511,1209091.0
2023-07-17,742,"Giá vốn (80%): Ổ CỨNG DI ĐỘNG (HDD) SEAGATE ONE TOUCH 1TB2.5"" USB 3.0 - ĐEN (BLACK)(STKY1000400)",632,1561,967272.8
2023-07-17,742,Chuột máy tính Logitech M185,131,511,363636.0
2023-07-17,742,Giá vốn (80%): Chuột máy tính Logitech M185,632,1561,290908.8
2023-07-17,743,Bàn phím Rapoo V500L,131,511,609091.0
2023-07-17,743,Giá vốn (80%): Bàn phím Rapoo V500L,632,1561,487272.8
2023-07-17,738,Phần mềm  Kaspersky KL1941MCCFS,131,511,900000.0
2023-07-17,741,Giá vốn (80%): Thiết bị truyền ảnh Webcam Logitech C270,632,1561,327272.8
2023-07-18,46221,Bộ nhớ máy vi tính Kingmax 16GB DDR4-3200 (KM-LD4-3200-16GS),6422,1111,2490909.0
2023-07-18,744,Giá vốn (80%): Máy In Canon Laser LBP - 2900,632,1561,2901818.4
2023-07-18,744,Máy In Canon Laser LBP - 2900,131,511,3627273.0
2023-07-18,46221,Ổ đĩa cứng máy tính Kingmax SMQ32 240GB  (Sata 3),6422,1111,8036364.0
2023-07-18,46484,Máy scan tài liệu Brother ADS-3100,6422,1111,17727273.0
2023-07-18,99823,"USB hỗ trợ kết nối bluetooth, hiệu TP-LINK_UB500",6422,1111,445455.0
2023-07-18,99823,Thiết bị chuyển mạch TP-LINK_TL-SG1024D,6422,1111,2763636.0
2023-07-18,99823,Thiết bị chuyển mạch TP-LINK_TL-SF1008D,6422,1111,677275.0
2023-07-19,100154,"USB hỗ trợ kết nối bluetooth, hiệu TP-LINK_UB500",6422,1111,445455.0
2023-07-19,748,Giá vốn (80%): Bàn phím  Dell Multimedia KB216,632,1561,109090.4
2023-07-19,748,Bàn phím  Dell Multimedia KB216,131,511,136363.0
2023-07-19,748,Giá vốn (80%): Chuột máy tính Logitech M185,632,1561,145454.4
2023-07-19,748,Chuột máy tính Logitech M185,131,511,181818.0
2023-07-19,748,"Giá vốn (80%): Bộ định tuyến có chức năng thuphát vô tuyến TP-LINK, 2,4GHz/ W-CDMA FDD/GSM_TL-MR6400",632,1561,909091.2
2023-07-19,748,"Bộ định tuyến có chức năng thuphát vô tuyến TP-LINK, 2,4GHz/ W-CDMA FDD/GSM_TL-MR6400",131,511,1136364.0
2023-07-19,100154,Thiết bị chuyển mạch TP-LINK_TL-SF1008D,6422,1111,677275.0
2023-07-19,100154,Thiết bị chuyển mạch TP-LINK_TL-SF1005D,6422,1111,554545.0
2023-07-19,100154,Thiết bị chuyển mạch TP-LINK_TL-SG1024D,6422,1111,2763636.0
2023-07-19,4998,Thuế GTGT: TP CK CTY TH VIEN SON,1331,1111,2300.0
2023-07-19,4998,TP CK CTY TH VIEN SON,6422,1111,23000.0
2023-07-19,745,Giá vốn (80%): Mực laser đen Brother 2240,632,1561,290908.8
2023-07-19,745,Mực laser đen Brother 2240,131,511,363636.0
2023-07-19,4997,Thuế GTGT: TP CK CTY QG ADG TAI DN,1331,1111,2300.0
2023-07-19,4997,TP CK CTY QG ADG TAI DN,6422,1111,23000.0
2023-07-19,108206,THU LAI VAY LD2312800507,6422,1111,2050800.0
2023-07-19,746,Giá vốn (80%): Máy scan tài liệu Brother ADS - 3100,632,1561,15054545.6
2023-07-19,746,Máy scan tài liệu Brother ADS - 3100,131,511,18818182.0
2023-07-19,747,Giá vốn (80%): Máy in hóa đơn XP-T80L,632,1561,647272.8
2023-07-19,747,Máy in hóa đơn XP-T80L,131,511,809091.0
2023-07-20,5401,"Thanh phân phối cổng mạng cat 6, 24 Port, loại 1402-04011, hiệu Dintek",6422,1111,4254546.0
2023-07-20,2911,MÀN HÌNH VI TÍNH (LCD) LENOVO ThinkVision S27e-20 27.0INCH/1920x1080/IPS/WLED/VGA/HDMI/ĐEN/3Y(62AFKAR2WW),6422,1111,13636365.0
2023-07-20,750,Giá vốn (80%): MÁY TÍNH XÁCH TAY DELL LATITUDE 3420 L3420I5SSD (Core i5-1135G7,8GB,256GB,0.0
2023-07-20,277360,MÁY TÍNH ĐỂ BÀN (PC) HP AIO 22-dd2005d i3-1215U/4GD4/256GSSD/21.5FHD/Wlac/BT5/KB/M /W11SL/TRẮNG(6K7G4PA),6422,1111,12181818.0
2023-07-20,749,Giá vốn (80%): Hộp mực  in Izinet 12A/303/FX9,632,1561,160000.0
2023-07-20,749,Hộp mực  in Izinet 12A/303/FX9,131,511,200000.0
2023-07-20,750,MÁY TÍNH XÁCH TAY DELL LATITUDE 3420 L3420I5SSD (Core i5-1135G7,8GB,256GB,0.0
2023-07-23,751,Giá vốn (80%): Bộ nhớ máy vi tính Kingmax 8GBDDR4-2400,632,1561,283636.0
2023-07-23,1367,Mực in 35A Number One,6422,1121,250000.0
2023-07-23,1367,Mực in 308 Number One,6422,1121,640000.0
2023-07-23,1367,Trục từ 26A,6422,1111,181820.0
2023-07-23,751,"Ổ CỨNG DI ĐỘNG (HDD) SEAGATE ONE TOUCH 1TB2.5"" USB 3.0 - ĐEN (BLACK)(STKY1000400)",131,511,1318182.0
2023-07-23,751,"Giá vốn (80%): Ổ CỨNG DI ĐỘNG (HDD) SEAGATE ONE TOUCH 1TB2.5"" USB 3.0 - ĐEN (BLACK)(STKY1000400)",632,1561,1054545.6
2023-07-23,751,Bộ nhớ máy vi tính Kingmax 8GBDDR4-2400,131,511,354545.0
2023-07-23,751,Chuột máy tính Logitech M221,131,511,227273.0
2023-07-23,753,Giá vốn (80%): Mực in 308 Number One,632,1121,334545.6
2023-07-23,3823,Thiết bị truyền hình ảnh Webcam Logitech HD C270 (960-000584),6422,1111,1590909.0
2023-07-23,3823,"Bộ bàn phím + chuột không dây Logitech MK240 Nano, màu đen (920-008202)",6422,1111,1145455.0
2023-07-23,3823,Bàn phím Logitech Gaming G413 TKL SE (920-010448),6422,1111,2163636.0
2023-07-23,3823,"Chuột bluetooth Logitech M650L, màu đen (910-006247)",6422,1111,1000000.0
2023-07-23,3823,Thiết bị truyền hình ảnh Webcam Logitech C310 (960-000588),6422,1111,909091.0
2023-07-23,753,Mực in 308 Number One,131,511,418182.0
2023-07-23,1367,Mực in 337 Number One,6422,1121,2080000.0
2023-07-23,751,Giá vốn (80%): Chuột máy tính Logitech M221,632,1561,181818.4
2023-07-23,1367,Mực in 83A Number One,6422,1121,1300000.0
2023-07-23,3823,Bộ bàn phím + chuột không dây Logitech MK220 (920-003235),6422,1111,940909.0
2023-07-23,5056,THU PHI CK CTY VIEN SON,6422,1111,23000.0
2023-07-23,752,Máy In Canon Laser LBP - 2900,131,511,3627273.0
2023-07-23,752,Giá vốn (80%): Máy In Canon Laser LBP - 2900,632,1561,2901818.4
2023-07-23,752,"Máy tính xách tay Dell Vostro 3520 Intel Core i3 - 1215U,15.6""FHD, 1x8G,256GB SSD PCIe NVMe, 3 Cell-41Whr, Win11, Office H&S 2021,V5I3614W1-Gray",131,511,11718182.0
2023-07-23,752,"Giá vốn (80%): Máy tính xách tay Dell Vostro 3520 Intel Core i3 - 1215U,15.6""FHD, 1x8G,256GB SSD PCIe NVMe, 3 Cell-41Whr, Win11, Office H&S 2021,V5I3614W1-Gray",632,1561,9374545.6
2023-07-23,34793,"Máy tính xách tay Dell Vostro 3430 (i7-1355U, 16GB, 512GB SSD, 14.0"" FHD, NV-MX550/2GB, Win11,Office HS 21, Xám, P152G008)(V3430-i7U165W11GRD2)",6422,1111,21363636.0
2023-07-23,48038030,Thu phi dich vu chuyen tien nhanh 180000 VND_920518,642,1111,163636.0
2023-07-23,48038030,Thuế GTGT: Thu phi dich vu chuyen tien nhanh 180000 VND_920518,1331,1111,16364.0
2023-07-23,48034953,Thu phi dich vu chuyen tien nhanh 180000 VND_920357,642,1111,163636.0
2023-07-23,5056,Thuế GTGT: THU PHI CK CTY VIEN SON,1331,1111,2300.0
2023-07-23,48032848,THANH LY,6422,1111,2658082.0
2023-07-23,5059,THU PHI CK CTY NGUYEN KIM,6422,1111,15000.0
2023-07-23,5059,Thuế GTGT: THU PHI CK CTY NGUYEN KIM,1331,1111,1500.0
2023-07-23,5058,THU PHI CK CTY PHUONG VIET,6422,1111,23000.0
2023-07-23,5058,Thuế GTGT: THU PHI CK CTY PHUONG VIET,1331,1111,2300.0
2023-07-23,5057,THU PHI CK CTY PHUONG KHANG COMPUTER,6422,1111,23000.0
2023-07-23,5057,Thuế GTGT: THU PHI CK CTY PHUONG KHANG COMPUTER,1331,1111,2300.0
2023-07-23,48034953,Thuế GTGT: Thu phi dich vu chuyen tien nhanh 180000 VND_920357,1331,1111,16364.0
2023-07-24,5092,Thuế GTGT: TP CK CTY PHAN PHOI SYNNEX FPT,1331,1111,2300.0
2023-07-24,5091,Thuế GTGT: TP CK CTY KY THUAT DIEP KHANH,1331,1111,2300.0
2023-07-24,5091,TP CK CTY KY THUAT DIEP KHANH,6422,1111,23000.0
2023-07-24,110801,THU LAI VAY LD2312800516,6422,1111,1005460.0
2023-07-24,5092,TP CK CTY PHAN PHOI SYNNEX FPT,6422,1111,23000.0
2023-07-24,754,Loa SoundMax A2130 / 2.1,131,511,1318182.0
2023-07-24,16524,Bảng mạch chính của máy vi tính hiệu ASUS PRIME H510M - K R2.0-CSM-SI,6422,1111,20250000.0
2023-07-24,754,Giá vốn (80%): Loa SoundMax A2130 / 2.1,632,1561,1054545.6
2023-07-24,238,Máy đếm tiền XD BC - 35,6422,1111,3700000.0
2023-07-24,16524,Bảng mạch chính của máy vi tính hiệu ASUS PRIME  H610M - E D4,6422,1111,8954545.0
2023-07-25,241,Máy đếm tiền XD BC - 35,6422,1111,3700000.0
2023-07-25,756,Bộ lưu điện Santak - TG500,131,511,1045455.0
2023-07-25,757,Giá vốn (80%): MÁY TÍNH XÁCH TAY (NB) LENOVO V14 G3 IAP i5 -1235U/8GD4/256GSSD/14.0FHD/WL/BT/2C38/NoOS/ĐEN(82TS0062VN),632,1561,11265454.4
2023-07-25,757,MÁY TÍNH XÁCH TAY (NB) LENOVO V14 G3 IAP i5 -1235U/8GD4/256GSSD/14.0FHD/WL/BT/2C38/NoOS/ĐEN(82TS0062VN),131,511,14081818.0
2023-07-25,756,Giá vốn (80%): Bộ lưu điện Santak - TG500,632,1561,836364.0
2023-07-25,758,Phần mềm Kaspersky KL1867MUAFS,131,511,300000.0
2023-07-25,759,Giá vốn (80%): Hộp mực in Ecoplus 12A/303/FX9,632,1561,94545.6
2023-07-25,759,Hộp mực in Ecoplus 12A/303/FX9,131,511,118182.0
2023-07-25,760,Giá vốn (80%): Máy in đa năng Brother MFC - L2701D,632,1561,3992727.2
2023-07-25,760,Máy in đa năng Brother MFC - L2701D,131,511,4990909.0
2023-07-25,242,Túi Xách TUCANO Svolta 15.6' (Blue),6422,1111,879630.0
2023-07-25,758,Giá vốn (80%): Phần mềm Kaspersky KL1867MUAFS,632,1561,240000.0
2023-07-25,48517,Bộ nhớ máy tính xách tay Kingmax 16GB DDR4-3200,6422,1111,3113636.0
2023-07-25,48517,Bộ nhớ máy tính xách tay Kingmax 8GB DDR4-3200,6422,1111,4254545.0
2023-07-25,48517,Bộ nhớ máy vi tính Kingmax 8GB DDR4-3200 (KM-LD4-3200-8GS),6422,1111,1772727.0
2023-07-25,48517,Mạch chính vi tính Gigabyte H610M H V2 DDR4,6422,1111,8318183.0
2023-07-25,755,Giá vốn (80%): Mực Laser Đen Premium,632,1561,283636.0
2023-07-25,755,Mực Laser Đen Premium,131,511,354545.0
2023-07-25,755,Giá vốn (80%): Trục từ 26A,632,1561,218181.6
2023-07-25,755,Trục từ 26A,131,511,272727.0
2023-07-25,761,Giá vốn (80%): Tủ Rack 6U​D400,632,1561,654545.6
2023-07-25,761,Tủ Rack 6U​D400,131,511,818182.0
2023-07-25,741,"Máy tính xách tay Lenovo V14 G4 IRU - Intel Core i7-1355U (5.00GHz) - 8GB RAM - 512GB SSD - WF+BL - 14"" FHD - NOS -2YR Premium NBD,P/n 83A0000NVN",6422,1111,29747273.0
2023-07-25,48517,Bộ nhớ máy tính xách tay Kingmax 4GB DDR4-2400,6422,1111,481818.0
2023-07-26,765,Máy in Brother HL - L2321D,131,511,2636364.0
2023-07-26,766,BỘ MÁY VI TÍNH,131,511,11590909.0
2023-07-26,766,Giá vốn (80%): BỘ MÁY VI TÍNH,632,1561,9272727.2
2023-07-26,762,Bàn phím Keyboard NK2500,131,511,118182.0
2023-07-26,747,"Máy tính xách tay Lenovo V15 G4 IRU - Intel Core i3-1315U (4.50 GHz) - 8GB RAM - 512GB SSD - WF+BL - 15.6FHD 60Hz - NOS - 2YR Premium NBD,P/n 83A10007VN",6422,1111,20000000.0
2023-07-26,762,Chuột máy tính  Logitech   M185,131,511,181818.0
2023-07-26,762,Giá vốn (80%): Chuột máy tính  Logitech   M185,632,1561,145454.4
2023-07-26,762,Mực  Laser TN - 2385 Brother,131,511,400000.0
2023-07-26,762,Giá vốn (80%): Mực  Laser TN - 2385 Brother,632,1561,320000.0
2023-07-26,764,Giá vốn (80%): Ổ cứng Kingmax SSD Sata III 240GB SMV32,632,1561,283636.0
2023-07-26,762,Giá vốn (80%): Bàn phím Keyboard NK2500,632,1561,94545.6
2023-07-26,764,Ổ cứng Kingmax SSD Sata III 240GB SMV32,131,511,354545.0
2023-07-26,765,Giá vốn (80%): Máy in Brother HL - L2321D,632,1561,2109091.2
2023-07-26,763,BỘ LƯU ĐIỆN Santak-TG1000,131,511,2263636.0
2023-07-26,3622,Bộ lưu điện Santak - Mã hàng TG1000,6422,1111,4054545.0
2023-07-26,3622,Bộ lưu điện Santak - Mã hàng TG500,6422,1111,5290909.0
2023-07-26,5165,Thuế GTGT: THU PHI CK CTY LE TRAN GIA,1331,1111,2300.0
2023-07-26,5165,THU PHI CK CTY LE TRAN GIA,6422,1111,23000.0
2023-07-26,5164,Thuế GTGT: THU PHI CK CTY DAI PHAT,1331,1111,2300.0
2023-07-26,5164,THU PHI CK CTY DAI PHAT,6422,1111,23000.0
2023-07-26,112711,THU LAI VAY LD2313100510,6422,1111,453250.0
2023-07-26,4158,"Bộ định tuyến TP-Link, 2.4GHz/5GHz W-CDMA FDD/E-UTRA FDD, Archer MR200",6422,1111,3354545.0
2023-07-26,4158,"Thiết bị thu phát vô tuyến TP-LINK, 2,4 GHz/ W-CDMA FDD/ E-UTRA FDD, TL-MR6400",6422,1111,5836364.0
2023-07-26,4158,"Thiết bị định tuyến băng tần 2,4 GHz, W-CDMA FDD/E-UTRA FDD, TP-LINK, TL-MR100",6422,1111,1696364.0
2023-07-26,763,Giá vốn (80%): BỘ LƯU ĐIỆN Santak-TG1000,632,1561,1810908.8
2023-07-27,13332,"ổ cứng Western SSD 240GB Sata3, màu xanh - green (WDS240G3G0A)",6422,1111,6181818.0
2023-07-27,112762,"Thuế GTGT: PHI T07/2023-040019911911-ALERT,IB,OTP,QLTK",1331,1111,12500.0
2023-07-27,112762,"PHI T07/2023-040019911911-ALERT,IB,OTP,QLTK",6422,1111,125000.0
2023-07-27,3899,"ổ cứng lắp trong Western Digital 1TB 3.5"" Sata, màu xanh (Blue) (WD10EZEX)",6422,1111,16000000.0
2023-07-27,247,Camera DH - HAC - HFW 1200DP - S5,6422,1111,1000000.0
2023-07-27,48729416,Thu phi Phat hanh Bao lanh thanh toan- So BLTT.GIL.28885.280723,6422,1111,1500000.0
2023-07-28,767,Bàn phím Logitech K120,131,511,863636.0
2023-07-28,767,Giá vốn (80%): Bàn phím Logitech K120,632,1561,690908.8
2023-07-28,767,Chuột máy tính Logitech B100,131,511,454545.0
2023-07-28,767,Giá vốn (80%): Chuột máy tính Logitech B100,632,1561,363636.0
2023-07-28,767,Cạc mạng  PCI Gigabit TP -Link - TG - 3468,131,511,209091.0
2023-07-28,767,Giá vốn (80%): Cạc mạng  PCI Gigabit TP -Link - TG - 3468,632,1561,167272.8
2023-07-28,768,Đầu máy in kim Epson LQ 310,131,511,5100000.0
2023-07-28,768,Giá vốn (80%): Đầu máy in kim Epson LQ 310,632,1561,4080000.0
2023-07-29,770,"Chuột bluetooth Logitech M650L, màu đen(910-006247)",131,511,750000.0
2023-07-29,769,"Máy tính xách tay MSI Katana GF6612UCK - 815VN /Alder Lake i5-12450H/512GB SSD/DDR4 8GB(3200MHz)/RTX3050 GDDR6 4GB/15.6""FHD/WIN11/màu đen/ ba lô",131,511,17954545.0
2023-07-29,770,"Giá vốn (80%): Chuột bluetooth Logitech M650L, màu đen(910-006247)",632,1561,600000.0
2023-07-29,769,"Giá vốn (80%): Máy tính xách tay MSI Katana GF6612UCK - 815VN /Alder Lake i5-12450H/512GB SSD/DDR4 8GB(3200MHz)/RTX3050 GDDR6 4GB/15.6""FHD/WIN11/màu đen/ ba lô",632,1561,14363636.0
2023-07-29,770,"Giá vốn (80%): Máy tính xách tay Dell Vostro 3430 (i7-1355U, 16GB,512GB SSD, 14.0"" FHD, NV-MX550/2GB, Win11,Office HS 21, Xám, P152G008)(V3430-i7U165W11GRD2)",632,1561,18920000.0
2023-07-29,772,Bàn phím Dell Multimedia KB216,131,511,136364.0
2023-07-29,772,Giá vốn (80%): Bàn phím Dell Multimedia KB216,632,1561,109091.2
2023-07-29,771,Giá vốn (80%): Túi Xách TUCANO 15.6' (Blue),632,1561,1560000.0
2023-07-29,771,Túi Xách TUCANO 15.6' (Blue),131,511,1950000.0
2023-07-29,770,"Máy tính xách tay Dell Vostro 3430 (i7-1355U, 16GB,512GB SSD, 14.0"" FHD, NV-MX550/2GB, Win11,Office HS 21, Xám, P152G008)(V3430-i7U165W11GRD2)",131,511,23650000.0
2023-07-30,780,Giá vốn (80%): Ổ đĩa cứng máy tính KingmaxSA3080 128GB (M.2 Sata 3),632,1561,2363636.0
2023-07-30,780,Ổ đĩa cứng máy tính KingmaxSA3080 128GB (M.2 Sata 3),131,511,2954545.0
2023-07-30,780,Giá vốn (80%): ổ cứng gắn trong 240GB SSD Exceria BiCS FLASH 2.5''SATA3 Kioxia,632,1561,7941818.4
2023-07-30,780,ổ cứng gắn trong 240GB SSD Exceria BiCS FLASH 2.5''SATA3 Kioxia,131,511,9927273.0
2023-07-30,780,Giá vốn (80%): MÁY TÍNH XÁCH TAY (NB) LENOVO V14 G3 IAP i5 -1235U/8GD4/256GSSD/14.0FHD/WL/BT/2C38/NoOS/ĐEN(82TS0062VN),632,1561,16000000.0
2023-07-30,780,MÁY TÍNH XÁCH TAY (NB) LENOVO V14 G3 IAP i5 -1235U/8GD4/256GSSD/14.0FHD/WL/BT/2C38/NoOS/ĐEN(82TS0062VN),131,511,20000000.0
2023-07-30,780,Giá vốn (80%): Bộ nhớ máy tính xách tay Kingmax8GB DDR4-3200,632,1561,4254545.6
2023-07-30,780,Giá vốn (80%): Bảng mạch chính của máy vi tính hiệu ASUS PRIMEH510M - K R2.0-CSM-SI,632,1561,10800000.0
2023-07-30,780,Ổ đĩa cứng máy tính KingmaxSA3080 256GB (M.2 Sata 3),131,511,4136364.0
2023-07-30,780,Bảng mạch chính của máy vi tính hiệu ASUS PRIMEH510M - K R2.0-CSM-SI,131,511,13500000.0
2023-07-30,780,Giá vốn (80%): Ổ đĩa cứng máy tính KingmaxSMQ32 240GB (Sata 3),632,1561,7418181.6
2023-07-30,780,Giá vốn (80%): Bộ nhớ máy vi tính Kingmax 16GBDDR4-3200 (KM-LD4-3200-16GS),632,1561,4981818.4
2023-07-30,780,Bộ nhớ máy vi tính Kingmax 16GBDDR4-3200 (KM-LD4-3200-16GS),131,511,6227273.0
2023-07-30,780,"Giá vốn (80%): ổ cứng Western SSD 240GB Sata3, màuxanh - green (WDS240G3G0A)",632,1561,9890908.8
2023-07-30,780,Bộ nhớ máy tính xách tay Kingmax8GB DDR4-3200,131,511,5318182.0
2023-07-30,780,Giá vốn (80%): Ổ đĩa cứng máy tính KingmaxSA3080 256GB (M.2 Sata 3),632,1561,3309091.2
2023-07-30,780,Giá vốn (80%): MÀN HÌNH LCD 23.8 Inch LENOVO THINKVISION S24e-20 (62AEKAR2WW),632,1561,17454545.6
2023-07-30,780,"ổ cứng Western SSD 240GB Sata3, màuxanh - green (WDS240G3G0A)",131,511,12363636.0
2023-07-30,776,Giá vốn (80%): Máy chiếu đa năng ViewSonic PS501X,632,1561,10610908.8
2023-07-30,776,Máy chiếu đa năng ViewSonic PS501X,131,511,13263636.0
2023-07-30,775,Giá vốn (80%): Bàn phím  Dell Multimedia KB216,632,1561,276363.2
2023-07-30,775,Bàn phím  Dell Multimedia KB216,131,511,345454.0
2023-07-30,775,Giá vốn (80%): Chuột máy tính Logitech M331,632,1561,392728.0
2023-07-30,775,Chuột máy tính Logitech M331,131,511,490910.0
2023-07-30,780,MÀN HÌNH LCD 23.8 Inch LENOVO THINKVISION S24e-20 (62AEKAR2WW),131,511,21818182.0
2023-07-30,774,Giá vốn (80%): ổ cứng di động 16GB U202 USB 2.0 Kioxia,632,1561,1727272.8
2023-07-30,780,Giá vốn (80%): Máy In Canon Laser LBP - 2900,632,1561,10385454.4
2023-07-30,780,Máy In Canon Laser LBP - 2900,131,511,12981818.0
2023-07-30,780,Giá vốn (80%): 4K0Z7PA: Máy tính xách tay HP 14s- fq1080AU -AMD Ryzen3 5300U / 4GB DDR4-3200/ SSD 256GB /RadeonVegaGraphics/ 14” HD/ Windows 11 Home/NaturalSilver,632,1561,10181818.4
2023-07-30,780,4K0Z7PA: Máy tính xách tay HP 14s- fq1080AU -AMD Ryzen3 5300U / 4GB DDR4-3200/ SSD 256GB /RadeonVegaGraphics/ 14” HD/ Windows 11 Home/NaturalSilver,131,511,12727273.0
2023-07-30,780,"Giá vốn (80%): Màn hình máy tính Lenovo H20215FE0 - "" E22 - 28 (H20215FE0)21.5 inch Monitor-HDMI, Linecord, 3YR WTYWarrantyCode:3years limited"", P/N:62B9MAR4WW",632,1561,13745454.4
2023-07-30,780,"Màn hình máy tính Lenovo H20215FE0 - "" E22 - 28 (H20215FE0)21.5 inch Monitor-HDMI, Linecord, 3YR WTYWarrantyCode:3years limited"", P/N:62B9MAR4WW",131,511,17181818.0
2023-07-30,774,ổ cứng di động 16GB U202 USB 2.0 Kioxia,131,511,2159091.0
2023-07-30,780,Giá vốn (80%): Máy in Brother HL - L2321D,632,1561,18545454.4
2023-07-30,780,Ổ đĩa cứng máy tính KingmaxSMQ32 240GB (Sata 3),131,511,9272727.0
2023-07-30,780,Giá vốn (80%): Máy in đa năng Brother DCP - T220,632,1561,7090908.8
2023-07-30,49185081,"Thuế GTGT: 608_16598291_Thu phi chuyen tien ngoai he thong_4,000,000,000 VND * 0.02%,Min 100,000/Max 1,000,000/Phi CD 0.",1331,1111,72727.0
2023-07-30,49185081,"608_16598291_Thu phi chuyen tien ngoai he thong_4,000,000,000 VND * 0.02%,Min 100,000/Max 1,000,000/Phi CD 0.",6422,1111,727273.0
2023-07-30,5235,Thuế GTGT: THU PHI CK CTY ADG+CTY VIEN SON,1331,1111,4600.0
2023-07-30,5235,THU PHI CK CTY ADG+CTY VIEN SON,6422,1111,46000.0
2023-07-30,780,Máy in Brother HL - L2321D,131,511,23181818.0
2023-07-30,2698,Dịch vụ SMS Brandname CSKH,6422,1111,214873.0
2023-07-30,642,Máy chiếu đa năng ViewSonic PS501X,6422,1111,12500000.0
2023-07-30,3950,"Máy tính xách tay MSI Cyborg 15 A12VE-412VN/i5-12450H/512GB SSD/DDR5 8GB/RTX 4050,GDDR6 6GB/15.6"" FHD 144Hz/Win11/màu đen,ba lô",6422,1111,20445455.0
2023-07-30,777,"Thiết bị đầu cuối GSM/W-CDMA FDD 2.4GHz TP-Link,M7000",131,511,818182.0
2023-07-30,46165,Thuế GTGT: Không có tên,1331,1111,12000.0
2023-07-30,46165,Không có tên,6422,1111,120000.0
2023-07-30,26529,Phí dịch vụ thanh toán trên vimo.vn tháng 07/2023 theo hợp đồng số ĐL00424/08062022,6422,1111,389675.0
2023-07-30,778,Giá vốn (80%): MÁY TÍNH ĐỂ BÀN (PC)  HP AIO 22- dd2005d i3 -1215U/4GD4/256GSSD/21.5FHD/Wlac/BT5/KB/M/W11SL/TRẮNG(6K7G4PA),632,1561,11490908.8
2023-07-30,778,MÁY TÍNH ĐỂ BÀN (PC)  HP AIO 22- dd2005d i3 -1215U/4GD4/256GSSD/21.5FHD/Wlac/BT5/KB/M/W11SL/TRẮNG(6K7G4PA),131,511,14363636.0
2023-07-30,777,"Giá vốn (80%): Thiết bị đầu cuối GSM/W-CDMA FDD 2.4GHz TP-Link,M7000",632,1561,654545.6
2023-07-30,758,"Máy tính xách tay Lenovo V14 G4 IRU - Intel Core i7-1355U (5.00 GHz) - 8GB RAM - 512GB SSD - WF+BL - 14"" FHD - NOS - 2YR Premium NBD,P/n 83A0000NVN",6422,1111,14873636.0
2023-07-30,2698,Thuế GTGT: Dịch vụ SMS Brandname CSKH,1331,1111,21487.0
2023-07-30,15840,Thuế GTGT: Dịch vụ ngân hàng,6422,1121,200.0
2023-07-30,15840,Dịch vụ ngân hàng,6422,1121,2000.0
2023-07-30,780,Giá vốn (80%): MÀN HÌNH VI TÍNH (LCD) LENOVO ThinkVision S27e -2027.0INCH/1920x1080/IPS/WLED/VGA/HDMI/ĐEN/3Y(62AFKAR2WW),632,1561,9818181.6
2023-07-30,780,MÀN HÌNH VI TÍNH (LCD) LENOVO ThinkVision S27e -2027.0INCH/1920x1080/IPS/WLED/VGA/HDMI/ĐEN/3Y(62AFKAR2WW),131,511,12272727.0
2023-07-30,780,"Giá vốn (80%): Máy tính xách tay Asus model B3402FEA - EC0714T 14.0"" Full HD / Touchscreen/INTEL I3 - 1115G4/ 8GBDDR4/256GB M.2 SSD /Fingerprint/NumberPad/Win 10home/TPM2.0/WIFI6+BT/50WH/BAG/STYLUS/WIRELESSMOUSE/ 2 YW OSS",632,1121,13090908.8
2023-07-30,780,"Máy tính xách tay Asus model B3402FEA - EC0714T 14.0"" Full HD / Touchscreen/INTEL I3 - 1115G4/ 8GBDDR4/256GB M.2 SSD /Fingerprint/NumberPad/Win 10home/TPM2.0/WIFI6+BT/50WH/BAG/STYLUS/WIRELESSMOUSE/ 2 YW OSS",131,511,16363636.0
2023-07-30,779,"Giá vốn (80%): Thiết bị chuyển mạch TP-Link, TL - SG1024D",632,1561,1345454.4
2023-07-30,779,"Thiết bị chuyển mạch TP-Link, TL - SG1024D",131,511,1681818.0
2023-07-30,780,Máy in đa năng Brother DCP - T220,131,511,8863636.0
2023-07-30,773,Giá vốn (80%): Màn hình LCD DELL SE2422H (23.8 inch/FHD/IPS/75Hz/VGA+HDMI/LED),632,1561,2545454.4
2023-07-30,773,Màn hình LCD DELL SE2422H (23.8 inch/FHD/IPS/75Hz/VGA+HDMI/LED),131,511,3181818.0
2023-07-30,773,Giá vốn (80%): Chuột máy tính  Dell MS116,632,1561,65454.4
2023-07-30,773,Chuột máy tính  Dell MS116,131,511,81818.0
2023-07-30,3949,ổ cứng 1000GB Kingston SSD NV2 M.2 2280 NVMe (SNV2S/1000G),6422,1111,2036364.0
2023-07-30,3949,Cạc màn hình Asus GT730-SL-2GD5-BRK,6422,1111,4618182.0
2023-07-30,50286,"Máy tính xách tay Dell Inspiron 15 3520 (i5-1235U, 8GB, 512GB SSD, 15.6"" FHD, UMA, Win11, Office HS 21, Đen, P112F007) (N3520-i5U085W11BLU)",6422,1111,40909091.0
2023-07-31,6102,CHIP VI XỬ LÝ INTEL CORE I5 - 10400F 2.90 GHZ + QUẠT,6422,1111,4454545.0
2023-07-31,6102,Bộ vi xử lý vi tính Intel Core i3-12100 (BX8071512100SRL62) + Quạt,6422,1111,5254545.0
2023-07-31,6102,Chíp vi xử lý INTEL CORE I3-12100F - 3.30GHZ + Quạt,6422,1111,4181818.0
2023-07-31,415279,Cước dịch vụ Viễn thông-Công nghệ thông tin tháng 07 năm 2023,6422,1111,213636.0
2023-07-31,415279,Thuế GTGT: Cước dịch vụ Viễn thông-Công nghệ thông tin tháng 07 năm 2023,1331,1111,21364.0
2023-07-31,49414573,THANH LY,6422,1111,8583014.0
2023-07-31,784,Chuột máy tính Dell MS116,131,511,290909.0
2023-07-31,784,"MÀN HÌNH LCD VIEWSONIC VA1903A/19""",131,511,1590909.0
2023-07-31,784,"Giá vốn (80%): MÀN HÌNH LCD VIEWSONIC VA1903A/19""",632,1561,1272727.2
2023-07-31,784,Giá vốn (80%): Chuột máy tính Dell MS116,632,1561,232727.2
2023-07-31,49415554,THANH LY,6422,1111,3218630.0
2023-07-31,49414943,THANH LY,6422,1111,1518904.0
2023-07-31,6102,"Bộ Vi xử lý Intel Core i3-10105 Processor 3.70GHz 6M Cache, Sockets FCLGA1200-BX8070110105",6422,1111,4545455.0
2023-07-31,763,"Máy tính xách tay Lenovo ThinkPad E15 Gen 4-I5-1235U(4.4G)-8Gb RAM - 512GB SSD - WF+BL,Fingerprint -15.6'' FHD - Dos - 2Yrs; P/N 21E600CFVA",6422,1111,74545455.0
2023-07-31,6102,CHÍP VI XỬ LÝ INTEL PENTIUM G6405 - 4.1GHZ + QUẠT,6422,1111,2963636.0
2023-07-31,783,"Giá vốn (80%): Máy tính xách tay Dell Vostro 3430 (i7-1355U, 16GB,512GBSSD, 14.0"" FHD, NV-MX550/2GB, Win11,Office HS 21,Xám, P152G008)(V3430-i7U165W11GRD2)",632,1561,14400000.0
2023-07-31,415467,Cước dịch vụ Viễn thông-Công nghệ thông tin tháng 07 năm 2023,6422,1111,22800.0
2023-07-31,415467,Thuế GTGT: Cước dịch vụ Viễn thông-Công nghệ thông tin tháng 07 năm 2023,1331,1111,2280.0
2023-07-31,5275,THU PHI CK CTY PHUONG KHANG COMPUTER,6422,1111,23000.0
2023-07-31,415558,Cước dịch vụ Viễn thông-Công nghệ thông tin tháng 07 năm 2023,6422,1111,274000.0
2023-07-31,415558,Thuế GTGT: Cước dịch vụ Viễn thông-Công nghệ thông tin tháng 07 năm 2023,1331,1111,27400.0
2023-07-31,782,Máy  In Canon Laser LBP - 2900,131,511,6945455.0
2023-07-31,782,Giá vốn (80%): Máy  In Canon Laser LBP - 2900,632,1561,5556364.0
2023-07-31,5275,Thuế GTGT: THU PHI CK CTY PHUONG KHANG COMPUTER,1331,1111,2300.0
2023-07-31,781,MỰC IN BROTHER BT5000M,131,511,236364.0
2023-07-31,781,Giá vốn (80%): MỰC IN BROTHER BT5000M,632,1561,189091.2
2023-07-31,415516,Cước dịch vụ Viễn thông-Công nghệ thông tin tháng 07 năm 2023,6422,1111,20000.0
2023-07-31,415516,Thuế GTGT: Cước dịch vụ Viễn thông-Công nghệ thông tin tháng 07 năm 2023,1331,1111,2000.0
2023-07-31,415468,Cước dịch vụ Viễn thông-Công nghệ thông tin tháng 07 năm 2023,6422,1111,24545.0
2023-07-31,783,"Máy tính xách tay Dell Vostro 3430 (i7-1355U, 16GB,512GBSSD, 14.0"" FHD, NV-MX550/2GB, Win11,Office HS 21,Xám, P152G008)(V3430-i7U165W11GRD2)",131,511,18000000.0
2023-07-31,415468,Thuế GTGT: Cước dịch vụ Viễn thông-Công nghệ thông tin tháng 07 năm 2023,1331,1111,2455.0
2023-08-01,444832,Cước dịch vụ Viễn thông-Công nghệ thông tin tháng 07 năm 2023,6422,1111,249636.0
2023-08-01,787,"Giá vốn (80%): Thiết bị định tuyến TP-Link 300M,2.4GHz,TL-WR841N",632,1561,240000.0
2023-08-01,787,"Thiết bị định tuyến TP-Link 300M,2.4GHz,TL-WR841N",131,511,300000.0
2023-08-01,127,Giấy nhiệt - Khổ 57x45mm,6422,1111,860000.0
2023-08-01,114640,THU LAI VAY QUA HAN PDLD2320800425,6422,1111,39454.0
2023-08-01,114639,THU LAI VAY QUA HAN PDLD2319800504,6422,1111,128544.0
2023-08-01,114638,THU LAI VAY QUA HAN PDLD2319500514,6422,1111,358826.0
2023-08-01,444832,Thuế GTGT: Cước dịch vụ Viễn thông-Công nghệ thông tin tháng 07 năm 2023,1331,1111,24964.0
2023-08-01,114697,THU LAI VAY LD2313500594,6422,1111,11381.0
2023-08-01,17275,CARD VGA của máy vi tính hiêu ASUS TUF  - GTX1650 - O4GD6 - GAMING,6422,1111,9681819.0
2023-08-01,786,Giá vốn (80%): Chuột vi tính Rapoo M20,632,1561,349091.2
2023-08-01,789,Giá vốn (80%): Ổ đĩa cứng GT Kingston 480GB A400(SA400S37/480G),632,1561,618181.6
2023-08-01,788,Máy in đa năng Brother MFC-L2701D,131,511,5490000.0
2023-08-01,788,Giá vốn (80%): Máy in đa năng Brother MFC-L2701D,632,1561,4392000.0
2023-08-01,785,Máy  in Brother DCP-B7535DW,131,511,5136364.0
2023-08-01,785,Giá vốn (80%): Máy  in Brother DCP-B7535DW,632,1561,4109091.2
2023-08-01,786,Chuột vi tính Rapoo M20,131,511,436364.0
2023-08-01,786,Bàn phím  Dell Multimedia KB216,131,511,681818.0
2023-08-01,786,Giá vốn (80%): Bàn phím  Dell Multimedia KB216,632,1561,545454.4
2023-08-01,786,Nguồn  máy tính Jetek mini A200m,131,511,1132727.0
2023-08-01,786,Giá vốn (80%): Nguồn  máy tính Jetek mini A200m,632,1561,906181.6
2023-08-01,789,Ổ đĩa cứng GT Kingston 480GB A400(SA400S37/480G),131,511,772727.0
2023-08-01,114637,THU LAI VAY QUA HAN PDLD2319400601,6422,1111,305069.0
2023-08-01,114634,THU LAI VAY QUA HAN PDLD2318400577,6422,1111,998072.0
2023-08-01,114635,THU LAI VAY QUA HAN PDLD2318800574,6422,1111,310390.0
2023-08-01,465702,Cước dịch vụ Viễn thông-Công nghệ thông tin tháng 07 năm 2023,6422,1111,491260.0
2023-08-01,465702,Thuế GTGT: Cước dịch vụ Viễn thông-Công nghệ thông tin tháng 07 năm 2023,1331,1111,49126.0
2023-08-01,49192990,Không có tên,6422,1111,350000.0
2023-08-01,49192990,Thuế GTGT: Không có tên,1331,1111,35000.0
2023-08-01,465703,Cước dịch vụ Viễn thông-Công nghệ thông tin tháng 07 năm 2023,6422,1111,234626.0
2023-08-01,114636,THU LAI VAY QUA HAN PDLD2319100675,6422,1111,559451.0
2023-08-01,465797,Cước dịch vụ Viễn thông-Công nghệ thông tin tháng 07 năm 2023,6422,1111,410215.0
2023-08-01,465797,Thuế GTGT: Cước dịch vụ Viễn thông-Công nghệ thông tin tháng 07 năm 2023,1331,1111,41022.0
2023-08-01,114621,THU LAI VAY QUA HAN PDLD2313500594,6422,1111,1244246.0
2023-08-01,114622,THU LAI VAY QUA HAN PDLD2313900450,6422,1111,818236.0
2023-08-01,465703,Thuế GTGT: Cước dịch vụ Viễn thông-Công nghệ thông tin tháng 07 năm 2023,1331,1111,23463.0
2023-08-01,114624,THU LAI VAY QUA HAN PDLD2314400467,6422,1111,776415.0
2023-08-01,114625,THU LAI VAY QUA HAN PDLD2314500499,6422,1111,537112.0
2023-08-01,114626,THU LAI VAY QUA HAN PDLD2314600430,6422,1111,722314.0
2023-08-01,114627,THU LAI VAY QUA HAN PDLD2314900522,6422,1111,1083471.0
2023-08-01,114628,THU LAI VAY QUA HAN PDLD2315300483,6422,1111,1214208.0
2023-08-01,114629,THU LAI VAY QUA HAN PDLD2316500549,6422,1111,722314.0
2023-08-01,114630,THU LAI VAY QUA HAN PDLD2316600563,6422,1111,577850.0
2023-08-01,114631,THU LAI VAY QUA HAN PDLD2317100469,6422,1111,928028.0
2023-08-01,114632,THU LAI VAY QUA HAN PDLD2317200524,6422,1111,599520.0
2023-08-01,114633,THU LAI VAY QUA HAN PDLD2317300516,6422,1111,602770.0
2023-08-01,114623,THU LAI VAY QUA HAN PDLD2314300534,6422,1111,909248.0
2023-08-02,5468,"Bộ điều khiển Gamepad hiệu Rapoo, V600S Wireless Vibration Gamepad Space Grey",6422,1111,1081818.0
2023-08-02,790,"Thiết bị thu phát vô tuyến  TP-Link, TL- WN725N",131,511,145455.0
2023-08-02,790,"Giá vốn (80%): Thiết bị thu phát vô tuyến  TP-Link, TL- WN725N",632,1561,116364.0
2023-08-02,790,Chuột vi tính có dây Rapoo N100,131,511,72727.0
2023-08-02,5468,"Bộ điều khiển Gamepad hiệu Rapoo, V600S Wireless Vibration Gamepad Sierra Blue",6422,1111,1081818.0
2023-08-02,790,Bàn phím Rapoo NK2500,131,511,245454.0
2023-08-02,790,Giá vốn (80%): Bàn phím Rapoo NK2500,632,1561,196363.2
2023-08-02,792,Mực Laser đen Premium,131,511,227273.0
2023-08-02,792,Giá vốn (80%): Mực Laser đen Premium,632,1561,181818.4
2023-08-02,790,Giá vốn (80%): Chuột vi tính có dây Rapoo N100,632,1561,58181.6
2023-08-02,5468,"Bộ điều khiển Gamepad hiệu Rapoo, V600S Wireless Vibration Gamepad Starry Silver",6422,1111,1081818.0
2023-08-02,5468,Bộ điều khiển Gamepad V600 E-sports vibration gamepad BLACK,6422,1111,1418182.0
2023-08-02,301301,Chiết khấu thương mại S2023-00900 26/05/2023,6422,1111,92455636.0
2023-08-02,793,Mực MP 3054/3554/2554,131,511,772727.0
2023-08-02,793,Giá vốn (80%): Mực MP 3054/3554/2554,632,1561,618181.6
2023-08-02,793,Mực  in 93A Number One,131,511,954546.0
2023-08-02,793,Giá vốn (80%): Mực  in 93A Number One,632,1121,763636.8
2023-08-02,791,MÀN HÌNH VI TÍNH (LCD) LENOVO ThinkVision S27e -20 27.0 INCH/1920x1080/IPS/WLED/VGA/HDMI/ĐEN/(62AFKAR2WW),131,511,2727273.0
2023-08-02,5467,"Chuột vi tính hiệu Rapoo mới 100%. Item no: 18823, Model: M20, Wireless Optical Mouse BLACK",6422,1111,37636364.0
2023-08-02,301301,MÁY TÍNH XÁCH TAY (NB) LENOVO V14 G3 IAP i3-1215U/8GD4/256GSSD/14.0FHD/IPS/WL/BT/2C38/NoOS/ĐEN(82TS0060VN),6422,1111,94149090.0
2023-08-02,301301,MÀN HÌNH VI TÍNH (LCD) LENOVO ThinkVision S24e-20 23.8INCH/1920x1080/WLED/VGA/HDMI/ĐEN/3Y(62AEKAR2WW),6422,1111,12272725.0
2023-08-02,791,Giá vốn (80%): MÀN HÌNH VI TÍNH (LCD) LENOVO ThinkVision S27e -20 27.0 INCH/1920x1080/IPS/WLED/VGA/HDMI/ĐEN/(62AFKAR2WW),632,1561,2181818.4
2023-08-02,301301,MÀN HÌNH VI TÍNH (LCD) LENOVO ThinkVision S27e-20 27.0INCH/1920x1080/IPS/WLED/VGA/HDMI/ĐEN/3Y(62AFKAR2WW),6422,1111,13636365.0
2023-08-03,667,Máy chiếu đa năng ViewSonic LS500WHE,6422,1111,13500000.0
2023-08-03,797,Giá vốn (80%): Máy  In Canon Laser LBP-2900,632,1561,2763636.8
2023-08-03,797,Máy  In Canon Laser LBP-2900,131,511,3454546.0
2023-08-03,797,Giá vốn (80%): Bộ máy vi tính,632,1561,11418181.6
2023-08-03,797,Bộ máy vi tính,131,511,14272727.0
2023-08-03,794,"Giá vốn (80%): Máy tính xách tay Lenovo ThinkPad E15 Gen 4-I5-1235U(4.4G)-8Gb RAM - 512GB SSD - WF+BL,Fingerprint-15.6'' FHD - Dos - 2Yrs; P/N 21E600CFVA",632,1561,11920000.0
2023-08-03,794,"Máy tính xách tay Lenovo ThinkPad E15 Gen 4-I5-1235U(4.4G)-8Gb RAM - 512GB SSD - WF+BL,Fingerprint-15.6'' FHD - Dos - 2Yrs; P/N 21E600CFVA",131,511,14900000.0
2023-08-03,796,Giá vốn (80%): ổ cứng gắn trong 240GB SSD Exceria BiCS FLASH 2.5''SATA3 Kioxia,632,1561,436364.0
2023-08-03,6277,"Bộ Vi xử lý Intel Core i3-10105 Processor 3.70GHz 6M Cache, Sockets FCLGA1200-BX8070110105",6422,1111,4818182.0
2023-08-03,6277,Bộ vi xử lý vi tính Intel Core I5-10400 + Quạt,6422,1111,5727273.0
2023-08-03,6277,BỘ VI XỬ LÝ VI TÍNH INTEL CORE I7-11700F + QUẠT,6422,1111,5227273.0
2023-08-03,796,ổ cứng gắn trong 240GB SSD Exceria BiCS FLASH 2.5''SATA3 Kioxia,131,511,545455.0
2023-08-03,795,"Thiết bị chuyển mạch TP-Link,TL- SF1005D",131,511,145455.0
2023-08-03,795,"Giá vốn (80%): Thiết bị chuyển mạch TP-Link,TL- SF1005D",632,1561,116364.0
2023-08-03,5369,Thuế GTGT: THU PHI CK CTY VIEN SON,1331,1111,2800.0
2023-08-03,795,ổ cứng gắn trong 240GB SSD Exceria BiCS FLASH 2.5''SATA3 Kioxia,131,511,681818.0
2023-08-03,795,Giá vốn (80%): ổ cứng gắn trong 240GB SSD Exceria BiCS FLASH 2.5''SATA3 Kioxia,632,1561,545454.4
2023-08-03,795,Tai nghe SoundMax AH304,131,511,227273.0
2023-08-03,5369,THU PHI CK CTY VIEN SON,6422,1111,28000.0
2023-08-03,795,Bàn phím Dell Multimedia KB216,131,511,172727.0
2023-08-03,795,Giá vốn (80%): Bàn phím Dell Multimedia KB216,632,1561,138181.6
2023-08-03,795,"Màn hình máy tính Lenovo H20215FE0 - ""E22-28 (H20215FE0)21.5 inch Monitor-HDMI, P/N:62B9MAR4WW",131,511,2372727.0
2023-08-03,795,"Giá vốn (80%): Màn hình máy tính Lenovo H20215FE0 - ""E22-28 (H20215FE0)21.5 inch Monitor-HDMI, P/N:62B9MAR4WW",632,1561,1898181.6
2023-08-03,795,Giá vốn (80%): Tai nghe SoundMax AH304,632,1561,181818.4
2023-08-04,4666,Thẻ nhớ Patriot 64GB MicroSDXC V30 P/N PEF64GEP31MCX,6422,1111,5909091.0
2023-08-04,1463,Máy in hóa đơn XP-T80L,6422,1111,6818182.0
2023-08-04,1463,Máy in tem nhãn XP-D464B USB+WIFI,6422,1111,1227273.0
2023-08-04,1463,Máy in mã vạch XP-TT426B,6422,1111,2318182.0
2023-08-04,804,Chuột máy tính Logitech M331,131,511,309091.0
2023-08-04,76,Đầu dò khói kèm đế,6422,1111,3037037.0
2023-08-04,76,Nút ấn khẩn,6422,1111,289814.82
2023-08-04,76,Bình ắc quy Globe WP7.5-12,6422,1111,347222.0
2023-08-04,76,Chuông 12V,6422,1111,289814.82
2023-08-04,798,"Giá vốn (80%): Ổ cứng máy tính  SSD Western WDS240G2G0A,240GB",632,1561,545454.4
2023-08-04,804,Giá vốn (80%): Chuột máy tính Logitech M331,632,1561,247272.8
2023-08-04,798,"Ổ cứng máy tính  SSD Western WDS240G2G0A,240GB",131,511,681818.0
2023-08-04,799,Giá vốn (80%): ổ cứng di động 16GB U202 USB 2.0 Kioxia,632,1561,72727.2
2023-08-04,803,Giá vốn (80%): Mực in 337 Number One,632,1121,610908.8
2023-08-04,802,"Giá vốn (80%): Thiết bị chuyển mạch  TP-Link,TL-SG1024D",632,1561,1272727.2
2023-08-04,802,"Thiết bị chuyển mạch  TP-Link,TL-SG1024D",131,511,1590909.0
2023-08-04,800,Giá vốn (80%): MÁY IN LASER ĐƠN NĂNG TRẮNG ĐEN - CANONPRINTER I-SENSYS LBP236DW,632,1561,4138181.6
2023-08-04,800,MÁY IN LASER ĐƠN NĂNG TRẮNG ĐEN - CANONPRINTER I-SENSYS LBP236DW,131,511,5172727.0
2023-08-04,800,Giá vốn (80%): Bộ máy vi tính,632,1561,7803636.8
2023-08-04,800,Bộ máy vi tính,131,511,9754546.0
2023-08-04,801,Giá vốn (80%): Bộ định tuyến Tp-Link 2.4GHz/5GHz Archer MR200,632,1561,1054545.6
2023-08-04,801,Bộ định tuyến Tp-Link 2.4GHz/5GHz Archer MR200,131,511,1318182.0
2023-08-04,801,Giá vốn (80%): Bộ máy vi tính,632,1561,13083636.0
2023-08-04,801,Bộ máy vi tính,131,511,16354545.0
2023-08-04,799,ổ cứng di động 16GB U202 USB 2.0 Kioxia,131,511,90909.0
2023-08-04,803,Mực in 337 Number One,131,511,763636.0
2023-08-05,807,Giá vốn (80%): Nguồn  Jetek Model 350 ELITE V2,632,1561,327272.8
2023-08-05,807,Vỏ thùng máy tính  Jetek EN22,131,511,272727.0
2023-08-05,807,Giá vốn (80%): Vỏ thùng máy tính  Jetek EN22,632,1561,218181.6
2023-08-05,807,Giá vốn (80%): Chíp xử lý  Intel i5/10400-2.90Ghz,632,1561,2385454.4
2023-08-05,805,Giá vốn (80%): Chuột vi tính  Rapoo M20,632,1561,109091.2
2023-08-05,805,Bàn phím Dell Multimedia KB216,131,511,145454.0
2023-08-05,805,Giá vốn (80%): Bàn phím Dell Multimedia KB216,632,1561,116363.2
2023-08-05,807,Nguồn  Jetek Model 350 ELITE V2,131,511,409091.0
2023-08-05,805,Chuột vi tính  Rapoo M20,131,511,136364.0
2023-08-05,807,Giá vốn (80%): Ổ cứng Kingmax SSD Sata III 240GB SMV32,632,1561,290908.8
2023-08-05,807,Bảng mạch chính Asus Prime H510MK,131,511,1463636.0
2023-08-05,807,Giá vốn (80%): Bộ nhớ máy vi tính Kingmax 8GBDDR4-3200 (KM-LD4-3200-8GS),632,1561,334545.6
2023-08-05,807,Bộ nhớ máy vi tính Kingmax 8GBDDR4-3200 (KM-LD4-3200-8GS),131,511,418182.0
2023-08-05,807,Chíp xử lý  Intel i5/10400-2.90Ghz,131,511,2981818.0
2023-08-05,807,Giá vốn (80%): Bảng mạch chính Asus Prime H510MK,632,1561,1170908.8
2023-08-05,807,Giá vốn (80%): Màn hình  LCD VIEWSONIC VA1903A,632,1561,3600000.0
2023-08-05,807,Màn hình  LCD VIEWSONIC VA1903A,131,511,4500000.0
2023-08-05,806,Giá vốn (80%): MÁY TÍNH XÁCH TAY (NB) LENOVO V14 G3 IAP i3 -1215U/8GD4/256GSSD/14.0FHD/IPS/WL/BT/2C38/NoOS/ĐEN (82TS0060VN),632,1561,11927272.8
2023-08-05,806,MÁY TÍNH XÁCH TAY (NB) LENOVO V14 G3 IAP i3 -1215U/8GD4/256GSSD/14.0FHD/IPS/WL/BT/2C38/NoOS/ĐEN (82TS0060VN),131,511,14909091.0
2023-08-05,807,Ổ cứng Kingmax SSD Sata III 240GB SMV32,131,511,363636.0
2023-08-06,809,Chuột vi tính có dây  Rapoo N100,131,511,90910.0
2023-08-06,809,Giá vốn (80%): Máy  In Canon Laser LBP-2900,632,1561,2901817.6
2023-08-06,809,Giá vốn (80%): Chuột vi tính có dây  Rapoo N100,632,1561,72728.0
2023-08-06,809,Máy  In Canon Laser LBP-2900,131,511,3627272.0
2023-08-06,7474,Phần mềm diệt virus Bkav Pro Internet Security Al,642,1111,3700000.0
2023-08-06,1059,MÁY IN LASER ĐƠN NĂNG TRẮNG ĐEN - CANON PRINTER I-SENSYS LBP236DW,6422,1111,4681818.0
2023-08-06,1059,MÁY IN LASER ĐƠN NĂNG CANON I-SENSYS LBP226DW (3516C007AAME),6422,1111,4909091.0
2023-08-06,4717,Thẻ nhớ Patriot 64GB MicroSDXC V30 P/N PEF64GEP31MCX,6422,1111,5909091.0
2023-08-06,810,"Giá vốn (80%): Máy tính xách tay Lenovo V14 G4 IRU - Intel Core i7-1355U (5.00GHz) - 8GB RAM - 512GB SSD - WF+BL - 14"" FHD - NOS -2YR Premium NBD,P/n 83A0000NVN",632,1561,11927272.8
2023-08-06,810,"Máy tính xách tay Lenovo V14 G4 IRU - Intel Core i7-1355U (5.00GHz) - 8GB RAM - 512GB SSD - WF+BL - 14"" FHD - NOS -2YR Premium NBD,P/n 83A0000NVN",131,511,14909091.0
2023-08-06,1700,Mực nạp đổ XP 17A,6422,1111,545455.0
2023-08-06,1700,"Hộp mực (cartridge) đã có mực in dùng cho máy in laser, loại 2612A/C-P303/FX9/FX10, hiệu LPT",6422,1111,636363.0
2023-08-06,1700,"Hộp mực (cartridge) đã có mực in dùng cho máy in laser, loại LH2612A (HP1010/1012/3050/FX9) , hiệu Maetone",6422,1111,1090909.0
2023-08-06,1700,"Hộp mực (Cartridge) đã có mực in dùng cho máy in laser, loại LH2612A ( HP1010/1012/CN2900), hiệu Premium",6422,1111,818182.0
2023-08-06,808,"Giá vốn (80%): Màn hình máy tính Lenovo H20215FE0 - ""E22-28(H20215FE0)21.5 inch Monitor-HDMI, P/N:62B9MAR4WW",632,1561,1563636.0
2023-08-06,808,"Màn hình máy tính Lenovo H20215FE0 - ""E22-28(H20215FE0)21.5 inch Monitor-HDMI, P/N:62B9MAR4WW",131,511,1954545.0
2023-08-06,437484,Thuế GTGT: Cước dịch vụ viễn thông trả sau (Dịch vụ chịu thuế),1331,1111,24545.0
2023-08-06,437484,Cước dịch vụ viễn thông trả sau (Dịch vụ chịu thuế),6422,1111,245451.0
2023-08-07,817,MÀN HÌNH VI TÍNH (LCD) LENOVO ThinkVision  S27e-20 27.0INCH/1920x1080/IPS/WLED/VGA/HDMI/ĐEN/3Y(62AFKAR2WW),131,511,5454546.0
2023-08-07,816,Giá vốn (80%): Thiết bị truyền ảnh Webcam Logitech C270,632,1561,509091.2
2023-08-07,816,Thiết bị truyền ảnh Webcam Logitech C270,131,511,636364.0
2023-08-07,816,Giá vốn (80%): Máy in hóa đơn XP-T80L,632,1561,2181818.4
2023-08-07,816,Máy in hóa đơn XP-T80L,131,511,2727273.0
2023-08-07,815,Giá vốn (80%): Mực  in 337 Number One,632,1121,640000.0
2023-08-07,816,MÀN HÌNH VI TÍNH (LCD)  LENOVO ThinkVision S24e-20 /23.8INCH/1920x1080/WLED/VGA/HDMI/ĐEN/(62AEKAR2WW),131,511,5090908.0
2023-08-07,815,Giá vốn (80%): Chuột máy tính  Logitech M331,632,1561,247272.8
2023-08-07,817,Giá vốn (80%): MÀN HÌNH VI TÍNH (LCD) LENOVO ThinkVision  S27e-20 27.0INCH/1920x1080/IPS/WLED/VGA/HDMI/ĐEN/3Y(62AFKAR2WW),632,1561,4363636.8
2023-08-07,815,Mực  in 337 Number One,131,511,800000.0
2023-08-07,816,Giá vốn (80%): MÀN HÌNH VI TÍNH (LCD)  LENOVO ThinkVision S24e-20 /23.8INCH/1920x1080/WLED/VGA/HDMI/ĐEN/(62AEKAR2WW),632,1561,4072726.4
2023-08-07,817,"ổ cứng lắp trong Western Digital 1TB 3.5""Sata, màu xanh (Blue) (WD10EZEX)",131,511,800000.0
2023-08-07,817,Bộ lưu điện  Santak-TG1000,131,511,2000000.0
2023-08-07,817,Bộ nhớ máy vi tính Kingmax 8GB-DDR4-3200,131,511,363636.0
2023-08-07,817,Giá vốn (80%): Bộ nhớ máy vi tính Kingmax 8GB-DDR4-3200,632,1561,290908.8
2023-08-07,814,Giá vốn (80%): Bàn phím  Logitech K120,632,1561,276363.2
2023-08-07,817,Giá vốn (80%): Bộ lưu điện  Santak-TG1000,632,1561,1600000.0
2023-08-07,817,"Thiết bị chuyển mạch TP-Link, TL- SG1024D",131,511,6909091.0
2023-08-07,817,"Giá vốn (80%): Thiết bị chuyển mạch TP-Link, TL- SG1024D",632,1561,5527272.8
2023-08-07,817,Nguồn Máy Vi Tính CM PC500 Elite V3,131,511,1363636.0
2023-08-07,817,Giá vốn (80%): Nguồn Máy Vi Tính CM PC500 Elite V3,632,1561,1090908.8
2023-08-07,818,Phần mềm diệt virus Bkav Pro Internet Security Al,131,511,4000000.0
2023-08-07,818,Giá vốn (80%): Phần mềm diệt virus Bkav Pro Internet Security Al,632,1561,3200000.0
2023-08-07,819,Phần mềm Kaspersky KL1867MUAFS,131,511,580000.0
2023-08-07,819,Giá vốn (80%): Phần mềm Kaspersky KL1867MUAFS,632,1561,464000.0
2023-08-07,817,"Giá vốn (80%): ổ cứng lắp trong Western Digital 1TB 3.5""Sata, màu xanh (Blue) (WD10EZEX)",632,1561,640000.0
2023-08-07,814,Bàn phím  Logitech K120,131,511,345454.0
2023-08-07,815,Chuột máy tính  Logitech M331,131,511,309091.0
2023-08-07,814,Chuột máy tính Dell MS116,131,511,236364.0
2023-08-07,820,"Màn hình LCD VIEWSONIC VA1903A / 19""",131,511,1500000.0
2023-08-07,820,"Giá vốn (80%): Màn hình LCD VIEWSONIC VA1903A / 19""",632,1561,1200000.0
2023-08-07,820,Cáp dữ liệu VIDEO HDMI 1.4 truyền âm thanh hình ảnh dài15M Ugreen (10111),131,511,500000.0
2023-08-07,820,Giá vốn (80%): Cáp dữ liệu VIDEO HDMI 1.4 truyền âm thanh hình ảnh dài15M Ugreen (10111),632,1561,400000.0
2023-08-07,820,Chuột vi tính  Rapoo N100,131,511,818182.0
2023-08-07,814,Giá vốn (80%): Chuột máy tính Dell MS116,632,1561,189091.2
2023-08-07,820,Chuột vi tính  Rapoo M20,131,511,1136364.0
2023-08-07,820,Giá vốn (80%): Chuột vi tính  Rapoo M20,632,1561,909091.2
2023-08-07,820,Ổ đĩa cứng máy tính KingmaxSMQ32 240GB (Sata 3),131,511,3545454.0
2023-08-07,820,Giá vốn (80%): Ổ đĩa cứng máy tính KingmaxSMQ32 240GB (Sata 3),632,1561,2836363.2
2023-08-07,265026,DO 0.001S-V,6422,1111,454545.0
2023-08-07,115867,THU PHI CT VietinBank,6422,1121,19000.0
2023-08-07,115867,Thuế GTGT: THU PHI CT VietinBank,6422,1121,1900.0
2023-08-07,820,Giá vốn (80%): Chuột vi tính  Rapoo N100,632,1561,654545.6
2023-08-07,811,Mực T3008,131,511,1090909.0
2023-08-07,786,"Màn hình máy tính Lenovo H20215FE0 - ""E22-28 (H20215FE0) 21.5 inch Monitor-HDMI, Linecord, 3YR WTYWarrantyCode: 3years limited"", P/N:62B9MAR4WW",6422,1111,42381818.0
2023-08-07,814,"Giá vốn (80%): Màn hình máy tính Lenovo H20215FE0 - ""E22-28(H20215FE0) 21.5 inch Monitor-HDMI, P/N:62B9MAR4W",632,1561,3563636.8
2023-08-07,814,"Màn hình máy tính Lenovo H20215FE0 - ""E22-28(H20215FE0) 21.5 inch Monitor-HDMI, P/N:62B9MAR4W",131,511,4454546.0
2023-08-07,813,Giá vốn (80%): Chuột máy tính Logitech M221,632,1561,727272.8
2023-08-07,813,"Giá vốn (80%): Ổ CỨNG DI ĐỘNG (HDD)  SEAGATE ONETOUCH 2TB2.5"" USB3.0 - ĐEN (BLACK)(STKY2000400)",632,1561,2909091.2
2023-08-07,813,Chuột máy tính Logitech M221,131,511,909091.0
2023-08-07,813,"Giá vốn (80%): Máy tính xách tay Asus model B1400CBA - EB0641W 14"" IPS/ I5-1235U/ 8GB/512GB/ Win 11/ LED KB/ PUR",632,1561,10909090.4
2023-08-07,813,"Máy tính xách tay Asus model B1400CBA - EB0641W 14"" IPS/ I5-1235U/ 8GB/512GB/ Win 11/ LED KB/ PUR",131,511,13636363.0
2023-08-07,812,Giá vốn (80%): Mực T3008,632,1561,909091.2
2023-08-07,812,Mực T3008,131,511,1136364.0
2023-08-07,811,Giá vốn (80%): Mực T3008,632,1561,872727.2
2023-08-07,813,"Ổ CỨNG DI ĐỘNG (HDD)  SEAGATE ONETOUCH 2TB2.5"" USB3.0 - ĐEN (BLACK)(STKY2000400)",131,511,3636364.0
2023-08-08,821,Giá vốn (80%): ổ cứng gắn trong 240GB SSD Exceria BiCS FLASH 2.5''SATA3 Kioxia,632,1561,545454.4
2023-08-08,821,Giá vốn (80%): Bộ nhớ máy vi tính Kingmax 8GB-DDR4-3200,632,1561,545454.4
2023-08-08,821,Bộ nhớ máy vi tính Kingmax 8GB-DDR4-3200,131,511,681818.0
2023-08-08,821,ổ cứng gắn trong 240GB SSD Exceria BiCS FLASH 2.5''SATA3 Kioxia,131,511,681818.0
2023-08-08,4800,Thẻ nhớ Patriot 64GB MicroSDXC V30 P/N PEF64GEP31MCX,6422,1111,5909091.0
2023-08-08,6462,CHIP VI XỬ LÝ INTEL CORE I5 - 10400F 2.90 GHZ + QUẠT,6422,1111,4454545.0
2023-08-08,6462,"Bộ Vi xử lý Intel Core i3-10105 Processor 3.70GHz 6M Cache, Sockets FCLGA1200-BX8070110105",6422,1111,7227273.0
2023-08-08,308876,MÁY TÍNH ĐỂ BÀN (PC) LENOVO ThinkCentre neo 50s Gen 3 i5-12400(6*2.5)/4GD4/256GSSD/WL/BT/KB/M/NoOS/ĐEN(11T000AXVA),6422,1111,19620000.0
2023-08-08,6462,CHÍP VI XỬ LÝ INTEL PENTIUM G6405 - 4.1GHZ + QUẠT,6422,1111,1481818.0
2023-08-09,824,MÀN HÌNH VI TÍNH (LCD) LENOVO ThinkVision  S24e -20 23.8INCH/1920x1080/WLED/VGA/HDMI/ĐEN/3Y(62AEKAR2WW,131,511,2600000.0
2023-08-09,822,Giá vốn (80%): Nguồn Jetek Model 400 ELITE V2,632,1561,356364.0
2023-08-09,822,Nguồn Jetek Model 400 ELITE V2,131,511,445455.0
2023-08-09,114012,Card đồ hoạ ASUS TUF-GTX1650-O4GD6-GAMING_90YV0EH0-M0NA00,6422,1111,12909092.0
2023-08-09,5495,Thuế GTGT: TP CK CTY QG ADG TAI DN,1331,1111,2300.0
2023-08-09,5495,TP CK CTY QG ADG TAI DN,6422,1111,23000.0
2023-08-09,824,Giá vốn (80%): MÀN HÌNH VI TÍNH (LCD) LENOVO ThinkVision  S24e -20 23.8INCH/1920x1080/WLED/VGA/HDMI/ĐEN/3Y(62AEKAR2WW,632,1561,2080000.0
2023-08-09,824,"Giá vốn (80%): ổ cứng lắp trong Western Digital 1TB 3.5""Sata, màu xanh (Blue) (WD10EZEX)",632,1561,727272.8
2023-08-09,116884,THU LAI VAY LD2313900450,6422,1111,127644.0
2023-08-09,824,Giá vốn (80%): Máy tính bàn Lenovo ThinkCentre M70s Gen 3 i3-12100 ( 4.3GHZ) - 8GB RAM - 256GB SSD - Wireless & Bluetooth - None-1Yr; P/n 11TC000QVA,632,1561,6756363.2
2023-08-09,824,Máy tính bàn Lenovo ThinkCentre M70s Gen 3 i3-12100 ( 4.3GHZ) - 8GB RAM - 256GB SSD - Wireless & Bluetooth - None-1Yr; P/n 11TC000QVA,131,511,8445454.0
2023-08-09,823,Giá vốn (80%): Hộp mực in Izinet 12A/303/FX9,632,1561,232727.2
2023-08-09,823,Hộp mực in Izinet 12A/303/FX9,131,511,290909.0
2023-08-09,823,Giá vốn (80%): Mực in 35A Number One,632,1121,290908.8
2023-08-09,823,Mực in 35A Number One,131,511,363636.0
2023-08-09,824,"ổ cứng lắp trong Western Digital 1TB 3.5""Sata, màu xanh (Blue) (WD10EZEX)",131,511,909091.0
2023-08-10,312380,MÁY TÍNH XÁCH TAY (NB) LENOVO V14 G3 IAP i3-1215U/8GD4/256GSSD/14.0FHD/IPS/WL/BT/2C38/NoOS/ĐEN(82TS0060VN),6422,1111,18829818.0
2023-08-10,312379,MÁY TÍNH XÁCH TAY (NB) LENOVO V14 G3 IAP i3-1215U/8GD4/256GSSD/14.0FHD/IPS/WL/BT/2C38/NoOS/ĐEN(82TS0060VN),6422,1111,28244727.0
2023-08-10,825,Giá vốn (80%): Ổ đĩa cứng máy tính KingmaxSA3080 256GB (M.2 Sata 3),632,1561,690908.8
2023-08-10,825,Ổ đĩa cứng máy tính KingmaxSA3080 256GB (M.2 Sata 3),131,511,863636.0
2023-08-10,51202426,Trich thu Tien vay - Lai : 6729589 - Phat : 1844 - Acct vay 405331329,6422,1111,6731433.0
2023-08-11,827,Giá vốn (80%): Mực laser đen Brother 2240,632,1561,109091.2
2023-08-11,51973278,Thuế GTGT:  Thu Phi SMS thay doi so du thang  07/2023,1331,1111,5455.0
2023-08-11,51973278,Thu Phi SMS thay doi so du thang  07/2023,6422,1111,54545.0
2023-08-11,313055,MÁY TÍNH XÁCH TAY (NB) LENOVO V14 G3 IAP i3-1215U/8GD4/256GSSD/14.0FHD/IPS/WL/BT/2C38/NoOS/ĐEN(82TS0060VN),6422,1111,47074545.0
2023-08-11,827,Hộp mực  in Izinet 12A/303/FX9,131,511,200000.0
2023-08-11,827,Mực laser đen Brother 2240,131,511,136364.0
2023-08-11,827,Giá vốn (80%): Hộp mực  in Izinet 12A/303/FX9,632,1561,160000.0
2023-08-11,827,Mực  Laser TN - 2385 Brother,131,511,454545.0
2023-08-11,826,Giá vốn (80%): BỘ MÁY VI TÍNH CORE  I5/10400 - MAIN ASUS H510 MK / RAM 4GB/ SSD 240GB/CASE EN22/ NGUỒN 350 ELITE / LOA A130,632,1561,5592727.2
2023-08-11,826,BỘ MÁY VI TÍNH CORE  I5/10400 - MAIN ASUS H510 MK / RAM 4GB/ SSD 240GB/CASE EN22/ NGUỒN 350 ELITE / LOA A130,131,511,6990909.0
2023-08-11,18329,Bảng mạch chính của máy vi tính hiệu ASUS TUF GAMING  B660 -  PLUS WIFI D4,6422,1111,6727272.0
2023-08-11,18329,Bảng mạch chính của máy vi tính hiệu ASUS PRIME H510M - K R2.0-CSM-SI,6422,1111,13500000.0
2023-08-11,827,Giá vốn (80%): Mực  Laser TN - 2385 Brother,632,1561,363636.0
2023-08-13,1675,ổ cứng gắn ngoài 1TB SSD ESD310C USB 10Gbps Type C/A Transcend,6422,1111,3000000.0
2023-08-13,1675,ổ cứng gắn ngoài 512GB SSD ESD310S USB 10Gbps Type C/A Transcend,6422,1111,1927272.0
2023-08-13,1675,ổ cứng gắn ngoài 1TB SSD ESD310S USB 10Gbps Type C/A Transcend,6422,1111,3000000.0
2023-08-13,7672,Trống Mực HP CF232A,6422,1111,2090909.09
2023-08-13,57088,Bộ nhớ máy tính xách tay Kingmax 8GB DDR5-4800 (KM-SD5-4800-08GS),6422,1111,536364.0
2023-08-13,57088,Ổ đĩa cứng máy tính Kingmax SMQ32 240GB  (Sata 3),6422,1111,8454545.0
2023-08-13,5564,THU PHI CK CTY THE GIOI SO,6422,1111,23000.0
2023-08-13,5564,Thuế GTGT: THU PHI CK CTY THE GIOI SO,1331,1111,2300.0
2023-08-13,120282,THU LAI VAY LD2314400467,6422,1111,350447.0
2023-08-13,5563,Thuế GTGT: THU PHI CK CTY VIEN SON,1331,1111,4000.0
2023-08-13,120281,THU LAI VAY LD2314300534,6422,1111,301221.0
2023-08-13,4834,"Thiết bị định tuyến có thu phát vô tuyến TP-Link ,2.4/5 GHz,Archer C58HP",6422,1111,4540909.0
2023-08-13,154329,Thiết bị định tuyến 2G/3G/4G băng tần 2.4 GHz TP-LINK_TL-MR100,6422,1111,1709090.0
2023-08-13,154329,Thiết bị thu phát vô tuyến TP-LINK_TL-WA850RE,6422,1111,1527272.0
2023-08-13,115328,"Thiết bị đầu cuối GSM/ W-CDMA FDD/E-UTRA FDD, 2,4 GHz TP-LINK_M7350",6422,1111,4800000.0
2023-08-13,115328,"Thiết bị đầu cuối GSM/ W-CDMA FDD/E-UTRA FDD, 2,4 GHz, TP-LINK_M7000",6422,1111,2209092.0
2023-08-13,1675,ổ cứng gắn ngoài 512GB SSD ESD310C USB 10Gbps Type C/A Transcend,6422,1111,1927272.0
2023-08-13,5563,THU PHI CK CTY VIEN SON,6422,1111,40000.0
2023-08-13,1675,ổ cứng di động 128GB U301 USB 3.2 Gen 1 Kioxia - Đen,6422,1111,1545455.0
2023-08-13,141,Màn chiếu chân P84TS,6422,1111,1588888.0
2023-08-13,1675,ổ cứng di động 128GB U301 USB 3.2 Gen 1 Kioxia - Trắng,6422,1111,1545455.0
2023-08-13,1675,ổ cứng di động 128GB U301 USB 3.2 Gen 1 Kioxia - Xanh nhạt,6422,1111,1545455.0
2023-08-13,1758,Trống nhãn hiệu Hanp loại DMHP1010PG11-1-100/DMHP1010(Canon2900/12A),6422,1111,581818.0
2023-08-13,1757,S015639 Ruy băng máy in kim Epson,6422,1111,388889.0
2023-08-13,1529,Mực in 93A Number One,6422,1121,680000.0
2023-08-13,1529,Mực in 308 Number One,6422,1121,960000.0
2023-08-13,1529,Mực in 337 Number One,6422,1121,780000.0
2023-08-13,1529,Mực laser đen Brother 2240,6422,1111,1361500.0
2023-08-13,1529,"Hộp mực in, tương thích HP 1000a/1200w - W1104A,Hàng mới 100%",6422,1111,127270.0
2023-08-13,1529,Mực in 326 Number One,6422,1121,780000.0
2023-08-13,1529,Hộp mực in epson EPU-M0001L( 1 Liter/bot),6422,1111,127270.0
2023-08-13,1529,Hộp mực in epson EPU-K0001L( 1 Liter/bot),6422,1111,127270.0
2023-08-13,1529,Trống máy in brother HL2240/dr420/2200/Xerox 235,6422,1111,772730.0
2023-08-13,828,Giấy nhiệt - Khổ 57x45mm,131,511,1425926.0
2023-08-13,828,Giá vốn (80%): Giấy nhiệt - Khổ 57x45mm,632,1561,1140740.8
2023-08-13,141,Màn chiếu chân P70TS,6422,1111,1181482.0
2023-08-13,141,Màn chiếu điện AP96ES,6422,1111,1222222.0
2023-08-13,1529,Hộp mực in epson EPU-LC0001L( 1 Liter/bot),6422,1111,127270.0
2023-08-14,830,Điện thoại có dây Panasonic KXTS500,131,511,350000.0
2023-08-14,829,Giá vốn (80%): Bộ nhớ máy vi tính Kingmax 16GBDDR4-3200 (KM-LD4-3200-16GS),632,1561,654545.6
2023-08-14,830,Bộ máy vi tính bàn,131,511,9140000.0
2023-08-14,830,Giá vốn (80%): Bộ máy vi tính bàn,632,1561,7312000.0
2023-08-14,830,Máy  In Canon Laser LBP-2900,131,511,3990000.0
2023-08-14,830,Giá vốn (80%): Máy  In Canon Laser LBP-2900,632,1561,3192000.0
2023-08-14,810,"Máy tính xách tay Lenovo V15 G4 IRU - Intel Core i3-1315U (4.50 GHz) - 8GB RAM - 512GB SSD - WF+BL - 15.6FHD 60Hz - NOS - 2YR Premium NBD,P/n 83A10007VN",6422,1111,100000000.0
2023-08-14,830,Giá vốn (80%): Điện thoại có dây Panasonic KXTS500,632,1561,280000.0
2023-08-14,5595,Thuế GTGT: TP CK CTY VIET SON,1331,1111,2300.0
2023-08-14,831,Giá vốn (80%): Thiết bị định tuyến TP-Link 2.4GHz/5GHz Archer C50,632,1561,734545.6
2023-08-14,120808,THU LAI VAY LD2314500499,6422,1111,251870.0
2023-08-14,5597,TP CK CTY CN QUOC GIA ADG,6422,1111,23000.0
2023-08-14,5597,Thuế GTGT: TP CK CTY CN QUOC GIA ADG,1331,1111,2300.0
2023-08-14,5598,TP CK CTY VINH XUAN,6422,1111,23000.0
2023-08-14,5598,Thuế GTGT: TP CK CTY VINH XUAN,1331,1111,2300.0
2023-08-14,5595,TP CK CTY VIET SON,6422,1111,23000.0
2023-08-14,829,Bộ nhớ máy vi tính Kingmax 16GBDDR4-3200 (KM-LD4-3200-16GS),131,511,818182.0
2023-08-14,831,Thiết bị định tuyến TP-Link 2.4GHz/5GHz Archer C50,131,511,918182.0
2023-08-14,829,Giá vốn (80%): Bàn phím máy tính  RAPOO V500SE,632,1561,436364.0
2023-08-14,316423,CHUỘT VI TÍNH (MOUSE) LOGITECH M331 WIRELESS/OPTICAL/ĐỎ (RED)(910-004916),6422,1111,514546.0
2023-08-14,829,Giá vốn (80%): ổ cứng gắn trong 240GB SSD Exceria BiCS FLASH 2.5''SATA3 Kioxia,632,1561,618181.6
2023-08-14,829,Bàn phím máy tính  RAPOO V500SE,131,511,545455.0
2023-08-14,316423,CHUỘT VI TÍNH (MOUSE) LOGITECH G102 GEN2 LIGHTSYNC GAMING - ĐEN (BLACK)(910-005802),6422,1111,5163632.0
2023-08-14,316423,"Ổ CỨNG DI ĐỘNG (USB) Lexar JumpDrive S60 USB 2.0, 64GB(LJDS060064G-BNBNG)",6422,1111,2318200.0
2023-08-14,316423,CHUỘT VI TÍNH (MOUSE) LOGITECH M221 WIRELESS/OPTICAL/ĐEN (CHARCOAL)(910-004882),6422,1111,1172724.0
2023-08-14,316423,CHUỘT VI TÍNH (MOUSE) LOGITECH M221 WIRELESS/OPTICAL/XANH DƯƠNG (BLUE)(910-004883),6422,1111,390908.0
2023-08-14,316423,CHUỘT VI TÍNH (MOUSE) LOGITECH M221 WIRELESS/OPTICAL/ĐỎ (RED)(910-004884),6422,1111,390908.0
2023-08-14,316423,CHUỘT VI TÍNH (MOUSE) LOGITECH M185 WIRELESS/OPTICAL/AA/XÁM (SWIFT GRAY)/NB(910-002255),6422,1111,1047270.0
2023-08-14,316423,CHUỘT VI TÍNH (MOUSE) LOGITECH M185 WIRELESS/OPTICAL/AA/XANH DƯƠNG (BLUE)/NB(910-002502),6422,1111,349090.0
2023-08-14,316423,CHUỘT VI TÍNH (MOUSE) LOGITECH G102 GEN2 LIGHTSYNC GAMING – TRẮNG (WHITE)(910-005803),6422,1111,1290908.0
2023-08-14,316423,CHUỘT VI TÍNH (MOUSE) LOGITECH M331 WIRELESS/OPTICAL/ĐEN (BLACK)(910-004914),6422,1111,1543638.0
2023-08-14,316423,CHUỘT VI TÍNH (MOUSE) LOGITECH M331 WIRELESS/OPTICAL/XANH DƯƠNG (BLUE)(910-004915),6422,1111,514546.0
2023-08-14,316423,CHUỘT VI TÍNH (MOUSE) LOGITECH PEBBLE M350/WIRELESS/BLUETOOTH/TRẮNG (WHITE)(910-005600),6422,1111,359091.0
2023-08-14,316423,CHUỘT VI TÍNH (MOUSE) LOGITECH PEBBLE M350/WIRELESS/BLUETOOTH/HỒNG (ROSE)(910-005601),6422,1111,1077273.0
2023-08-14,316423,CHUỘT VI TÍNH (MOUSE) LOGITECH PEBBLE M350/WIRELESS/BLUETOOTH/ĐEN (GRAPHITE)(910-005602),6422,1111,1436364.0
2023-08-14,316423,CHUỘT VI TÍNH (MOUSE) LOGITECH PEBBLE M350/WIRELESS/BLUETOOTH/XÁM (ALMOND MILK)(910-006665),6422,1111,718182.0
2023-08-14,829,ổ cứng gắn trong 240GB SSD Exceria BiCS FLASH 2.5''SATA3 Kioxia,131,511,772727.0
2023-08-14,316423,CHUỘT VI TÍNH (MOUSE) LOGITECH M185 WIRELESS/OPTICAL/AA/ĐỎ (RED)/NB(910-002503),6422,1111,349090.0
2023-08-15,834,Giá vốn (80%): Màn chiếu điện AP96ES,632,1561,1592592.8
2023-08-15,835,Trống từ Brother DR - 2385,131,511,618182.0
2023-08-15,835,Giá vốn (80%): Trống từ Brother DR - 2385,632,1561,494545.6
2023-08-15,836,"Máy tính xách tay Dell Inspiron 15-3520 (i5-1235U, 8GB, 512GB SSD,15.6"" FHD, UMA, Win11, OfficeHS 21, Đen, P112F007) (N3520-i5U085W11BLU)",131,511,13636364.0
2023-08-15,836,"Giá vốn (80%): Máy tính xách tay Dell Inspiron 15-3520 (i5-1235U, 8GB, 512GB SSD,15.6"" FHD, UMA, Win11, OfficeHS 21, Đen, P112F007) (N3520-i5U085W11BLU)",632,1561,10909091.2
2023-08-15,58072,"Máy tính xách tay Dell Vostro 3510 (i5-1135G7, 8GB, 512GB SSD, 15.6"" FHD, NV-MX350/2GB, Win11, Office HS 21, Đen, P112F002) (P112F002BBL)",6422,1111,38181818.0
2023-08-15,20595,Dây cáp mạng (cáp xoắn) để truyền tín hiệu và kết nối internet Ensoho EN-U6CA24 UTP cat6 (305m/hộp),642,1111,4527273.0
2023-08-15,4256,Chuột Logitech G402 Hyperion Fury (910-004070),6422,1111,2072727.0
2023-08-15,6744,Màn hình máy tính IPS LG 29WQ600-W.ATV,6422,1111,4636364.0
2023-08-15,434,Dây cáp mạng Golden Link SFTP Cat 6 Platinum TAIWAN 305m/cuộn (Xanh lá) - TW1104-1,6422,1111,4449091.0
2023-08-15,4256,Chuột Gaming không dây Logitech G304 màu đen (910-005284),6422,1111,1309091.0
2023-08-15,4256,Ổ cứng gắn ngoài Samsung SSD T7 Portable 1TB Blue(MU-PC1T0H/WW),6422,1111,1986364.0
2023-08-15,4240,"ổ cứng Western SSD 240GB Sata3, màu xanh - green (WDS240G3G0A)",6422,1111,9000000.0
2023-08-15,4240,Chiết khấu giảm giá,6422,1111,3636364.0
2023-08-15,6744,ổ đĩa cứng gắn trong máy vi tính hiệu LEXAR  2.5 inch SSD  240GB (LNQ100X240G - RNNNG),6422,1111,5090909.0
2023-08-15,834,Màn chiếu điện AP96ES,131,511,1990741.0
2023-08-15,833,Giá vốn (80%): Chuột máy tính Dell MS116,632,1561,94545.6
2023-08-15,833,Bàn phím Logitech K120,131,511,172727.0
2023-08-15,833,Giá vốn (80%): Bàn phím Logitech K120,632,1561,138181.6
2023-08-15,14650,"Máy tính xách tay MSI Katana GF66 11UC-676VN/i5-11400H/512GB SSD/8GB/RTX3050 4GB/15.6""FHD/144Hz/WIN 10/màu đen,ba lô",6422,1111,13990909.0
2023-08-15,5204,Tai Nghe Logitech H110,6422,1111,659090.0
2023-08-15,5204,Tai Nghe Logitech A10 xanh,6422,1111,1600000.0
2023-08-15,5204,Tai Nghe Logitech H390 đen,6422,1111,2795455.0
2023-08-15,5204,Tai Nghe Logitech H340,6422,1111,1931820.0
2023-08-15,5204,Tay Game Logitech F310,6422,1111,1172727.0
2023-08-15,5204,Tai Nghe Logitech H151 Đen,6422,1111,1127275.0
2023-08-15,57886,"Máy tính xách tay Dell Inspiron 15 3520 (i5-1235U, 8GB, 512GB SSD, 15.6"" FHD, UMA, Win11, Office HS 21, Đen, P112F007) (N3520-i5U085W11BLU)",6422,1111,27272727.0
2023-08-15,832,Bàn phím có đèn nền màu đen Rapoo V500SE,131,511,500000.0
2023-08-15,832,Giá vốn (80%): Bàn phím có đèn nền màu đen Rapoo V500SE,632,1561,400000.0
2023-08-15,832,"Màn hình máy tính Lenovo H20215FE0 - ""E22-28(H20215FE0)21.5 inch Monitor-HDMI, Linecord, 3YRWTYWarrantyCode:3years limited"", P/N:62B9MAR4WW",131,511,2227273.0
2023-08-15,832,"Giá vốn (80%): Màn hình máy tính Lenovo H20215FE0 - ""E22-28(H20215FE0)21.5 inch Monitor-HDMI, Linecord, 3YRWTYWarrantyCode:3years limited"", P/N:62B9MAR4WW",632,1561,1781818.4
2023-08-15,833,Chuột máy tính Dell MS116,131,511,118182.0
2023-08-15,5204,Thiết bị ghi hình Logitech C270 (Webcam),6422,1111,1704545.0
2023-08-16,839,MÁY IN ĐA CHỨC NĂNG  Brother MFC-L2701D,131,511,4990909.0
2023-08-16,838,"Giá vốn (80%): BỘ NHỚ NGOÀI Sandisk 16G SDCZ50-016G-B35,USB,Cruzer",632,1561,240000.0
2023-08-16,838,"BỘ NHỚ NGOÀI Sandisk 16G SDCZ50-016G-B35,USB,Cruzer",131,511,300000.0
2023-08-16,838,Giá vốn (80%): MÁY IN ĐA NĂNG Brother MFC-L2701D,632,1561,3963636.0
2023-08-16,837,"Giá vốn (80%): Máy tính xách tay Dell Inspiron 15-3520 (i5-1235U, 8GB,512GB SSD,15.6"" FHD, UMA, Win11, OfficeHS 21, Đen,P112F007) (N3520-i5U085W11BLU)",632,1561,21818181.6
2023-08-16,840,Giá vốn (80%): Dây cáp mạng Golden Link SFTP Cat 6 PlatinumTAIWAN 305m/cuộn (Xanh lá) - TW1104-1,632,1561,4218181.6
2023-08-16,840,Dây cáp mạng Golden Link SFTP Cat 6 PlatinumTAIWAN 305m/cuộn (Xanh lá) - TW1104-1,131,511,5272727.0
2023-08-16,837,"Máy tính xách tay Dell Inspiron 15-3520 (i5-1235U, 8GB,512GB SSD,15.6"" FHD, UMA, Win11, OfficeHS 21, Đen,P112F007) (N3520-i5U085W11BLU)",131,511,27272727.0
2023-08-16,839,Giá vốn (80%): MÁY IN ĐA CHỨC NĂNG  Brother MFC-L2701D,632,1561,3992727.2
2023-08-16,838,MÁY IN ĐA NĂNG Brother MFC-L2701D,131,511,4954545.0
2023-08-17,841,"Giá vốn (80%): Bộ Vi xử lý Intel Core i3-10105 Processor3.70GHz 6M Cache, Sockets FCLGA1200-BX8070110105",632,1561,3854545.6
2023-08-17,841,"Bộ Vi xử lý Intel Core i3-10105 Processor3.70GHz 6M Cache, Sockets FCLGA1200-BX8070110105",131,511,4818182.0
2023-08-17,841,Giá vốn (80%): CHÍP VI XỬ LÝ INTEL PENTIUM G6405 - 4.1GHZ + QUẠT,632,1561,1185454.4
2023-08-17,841,CHÍP VI XỬ LÝ INTEL PENTIUM G6405 - 4.1GHZ + QUẠT,131,511,1481818.0
2023-08-17,841,Giá vốn (80%): Bảng mạch chính của máy vi tính hiệu ASUS PRIMEH510M - K R2.0-CSM-SI,632,1561,5400000.0
2023-08-17,841,Bảng mạch chính của máy vi tính hiệu ASUS PRIMEH510M - K R2.0-CSM-SI,131,511,6750000.0
2023-08-17,841,Giá vốn (80%): Bộ nhớ máy vi tính Kingmax 8GBDDR4-3200 (KM-LD4-3200-8GS),632,1561,1563636.0
2023-08-17,841,Bộ nhớ máy vi tính Kingmax 8GBDDR4-3200 (KM-LD4-3200-8GS),131,511,1954545.0
2023-08-17,4294,"ổ cứng lắp trong Western Digital 2TB 3.5"" Sata 3,màu xanh(Blue)(WD20EZBX)",6422,1111,4727273.0
2023-08-17,4294,"ổ cứng Western SSD 500GB/2.5"" 7mm Sata3 màu xanh_Blue(WDS500G3B0A)",6422,1111,836364.0
2023-08-17,4294,"ổ cứng Western SSD 480GB Sata3, màu xanh - green (WDS480G3G0A)",6422,1111,1981818.0
2023-08-18,3406,Camera quan sát DS-2CD1123G0-IUF(C),6422,1111,686200.0
2023-08-18,3406,Camera quan sát CS-C3N (A0-3G2WFL1),6422,1111,2800000.0
2023-08-18,3406,Thiết bị thu phát vô tuyến RG-EW1200G Pro,6422,1111,1181818.0
2023-08-18,3406,Đầu ghi hình DS-7216HGHI-K1,6422,1111,1383350.0
2023-08-19,843,CHUỘT MÁY TÍNH LOGITECH B100,131,511,363636.0
2023-08-19,843,Giá vốn (80%): CHUỘT MÁY TÍNH LOGITECH B100,632,1561,290908.8
2023-08-19,842,ổ cứng gắn trong 240GB SSD Exceria BiCS FLASH2.5''SATA3 Kioxia,131,511,681818.0
2023-08-19,842,Giá vốn (80%): ổ cứng gắn trong 240GB SSD Exceria BiCS FLASH2.5''SATA3 Kioxia,632,1561,545454.4
2023-08-20,848,Giá vốn (80%): Bộ vi xử lý vi tính Intel Core i3 - 13100F (BX8071513100FSRMBV) + Quạt,632,1121,2465454.4
2023-08-20,848,Giá vốn (80%): Bàn phím  Logitech K120,632,1561,130908.8
2023-08-20,848,Vỏ thùng máy tính  Jetek EN15,131,511,272727.0
2023-08-20,848,Giá vốn (80%): Vỏ thùng máy tính  Jetek EN15,632,1561,218181.6
2023-08-20,848,Nguồn Máy Vi Tính CM PC500 Elite V3,131,511,809091.0
2023-08-20,848,Giá vốn (80%): Nguồn Máy Vi Tính CM PC500 Elite V3,632,1561,647272.8
2023-08-20,848,Cạc màn hình Asus TUF - GTX1660SO6G-GAMING,131,511,4772727.0
2023-08-20,848,Giá vốn (80%): Cạc màn hình Asus TUF - GTX1660SO6G-GAMING,632,1561,3818181.6
2023-08-20,848,Ổ cứng gắn trong 500GB SSD Exceria NVME Bics FLASH  M.2 PCIE KIOXIA,131,511,1263636.0
2023-08-20,848,Giá vốn (80%): Ổ cứng gắn trong 500GB SSD Exceria NVME Bics FLASH  M.2 PCIE KIOXIA,632,1561,1010908.8
2023-08-20,848,Giá vốn (80%): Bộ nhớ máy vi tính Kingmax 16GB-DDR4 / 3200,632,1561,669091.2
2023-08-20,848,Bộ vi xử lý vi tính Intel Core i3 - 13100F (BX8071513100FSRMBV) + Quạt,131,511,3081818.0
2023-08-20,848,Bảng mạch chính của máy vi tính hiệu ASUS PRIMEB760M - K D4,131,511,2445455.0
2023-08-20,849,Máy  In Canon Laser LBP - 2900,131,511,3627273.0
2023-08-20,848,LOA MICROLAB B26 2.0,131,511,218182.0
2023-08-20,848,Giá vốn (80%): LOA MICROLAB B26 2.0,632,1561,174545.6
2023-08-20,848,ổ cứng di động 32GB U301 USB 3.2 Gen 1 Kioxia,131,511,145455.0
2023-08-20,848,Giá vốn (80%): ổ cứng di động 32GB U301 USB 3.2 Gen 1 Kioxia,632,1561,116364.0
2023-08-20,848,Bàn phím  Logitech K120,131,511,163636.0
2023-08-20,849,Giá vốn (80%): Máy  In Canon Laser LBP - 2900,632,1561,2901818.4
2023-08-20,850,"Máy tính xách tay Dell Inspiron 14 Plus 7420 Core i7-12700 Ram 16Gb ,SSD 512 ,RTX 3050 14 inch 2,2 kWindows 11",131,511,26818182.0
2023-08-20,850,"Giá vốn (80%): Máy tính xách tay Dell Inspiron 14 Plus 7420 Core i7-12700 Ram 16Gb ,SSD 512 ,RTX 3050 14 inch 2,2 kWindows 11",632,1561,21454545.6
2023-08-20,851,MÁY IN Brother HL-L2321D,131,511,2636364.0
2023-08-20,851,Giá vốn (80%): MÁY IN Brother HL-L2321D,632,1561,2109091.2
2023-08-20,852,Trống Mực HP CF232A,131,511,2445455.0
2023-08-20,852,Giá vốn (80%): Trống Mực HP CF232A,632,1561,1956364.0
2023-08-20,848,Giá vốn (80%): Bảng mạch chính của máy vi tính hiệu ASUS PRIMEB760M - K D4,632,1561,1956364.0
2023-08-20,848,Giá vốn (80%): Chuột máy tính Logitech B100,632,1561,65454.4
2023-08-20,848,Bộ nhớ máy vi tính Kingmax 16GB-DDR4 / 3200,131,511,836364.0
2023-08-20,848,Giá vốn (80%): MÀN HÌNH VI TÍNH (LCD)  LENOVO ThinkVision S27e -20 27.0 INCH/1920x1080/IPS/WLED/VGA/HDMI/ĐEN(62AFKAR2WW),632,1561,2465454.4
2023-08-20,848,Chuột máy tính Logitech B100,131,511,81818.0
2023-08-20,853,S015639 Ruy băng máy in kim Epson,131,511,592593.0
2023-08-20,853,Giá vốn (80%): S015639 Ruy băng máy in kim Epson,632,1561,474074.4
2023-08-20,121308,Cạc (card) mạng PCI adapter TP-Link_TL-WN881ND,6422,1111,1036365.0
2023-08-20,121308,Cạc (card) mạng PCI Gigabit TP-LINK_TG-3468,6422,1111,736365.0
2023-08-20,121308,Thiết bị chuyển mạch TP-LINK_TL-SF1016D,6422,1111,654546.0
2023-08-20,121308,Thiết bị chuyển mạch TP-LINK_TL-SF1024D,6422,1111,1494546.0
2023-08-20,121308,Thiết bị chuyển mạch TP-LINK 5port_TL-SG1005D,6422,1111,745456.0
2023-08-20,123854,THU LAI VAY LD2314600430,6422,1111,378993.0
2023-08-20,99,"Máy tính xách tay Dell Inspiron 14 Plus 7420 Core i 7 12700 Ram 16Gb ,SSD 512 ,RTX 3050 14 inch 2,2 k Windows 11",6422,1111,24610000.0
2023-08-20,5709,THU PHI CK CTY TG SO+CTY VIEN SON+ CTY PHUONG VIET,6422,1111,69000.0
2023-08-20,5709,Thuế GTGT: THU PHI CK CTY TG SO+CTY VIEN SON+ CTY PHUONG VIET,1331,1111,6900.0
2023-08-20,854,MÁY TÍNH XÁCH TAY DELLLATITUDE 3420 L3420I5SSDFB(Core i5-1135G7,8GB,256GB,0.0
2023-08-20,854,Giá vốn (80%): MÁY TÍNH XÁCH TAY DELLLATITUDE 3420 L3420I5SSDFB(Core i5-1135G7,8GB,256GB,0.0
2023-08-20,121308,"USB hỗ trợ kết nối bluetooth, hiệu TP-LINK_UB500",6422,1111,267273.0
2023-08-20,844,"Giá vốn (80%): ổ cứng Western SSD 500GB /2.5"" 7mm Sata3 màu xanh_Blue (WDS500G3B0A)",632,1561,2109091.2
2023-08-20,848,MÀN HÌNH VI TÍNH (LCD)  LENOVO ThinkVision S27e -20 27.0 INCH/1920x1080/IPS/WLED/VGA/HDMI/ĐEN(62AFKAR2WW),131,511,3081818.0
2023-08-20,844,"ổ cứng Western SSD 500GB /2.5"" 7mm Sata3 màu xanh_Blue (WDS500G3B0A)",131,511,2636364.0
2023-08-20,847,Giá vốn (80%): MỰC IN 83A NUMBER ONE,632,1121,276364.0
2023-08-20,847,MỰC IN 83A NUMBER ONE,131,511,345455.0
2023-08-20,846,Giá vốn (80%): Phần mềm Kaspersky KL1867MUAFS,632,1561,280000.0
2023-08-20,845,Giá vốn (80%): MÁY IN CANON LASER LBP 226DW,632,1561,5410908.8
2023-08-20,846,Phần mềm Kaspersky KL1867MUAFS,131,511,350000.0
2023-08-20,845,"Giá vốn (80%): BỘ MÁY VI TÍNH ( KHÔNG MÀN HÌNH )Bo mạch chủ : ASUS PRIME H510M – SK1200 / Bộ nhớ : DDR4 – 8GB / Bộ vi xử lý : INTEL CORE I3-10105 / GPU : INTEL® HD GRAPHICS / Ổ cứng SSD : 512 GB, SATA / Case + Power HV",632,1561,6109091.2
2023-08-20,845,"BỘ MÁY VI TÍNH ( KHÔNG MÀN HÌNH )Bo mạch chủ : ASUS PRIME H510M – SK1200 / Bộ nhớ : DDR4 – 8GB / Bộ vi xử lý : INTEL CORE I3-10105 / GPU : INTEL® HD GRAPHICS / Ổ cứng SSD : 512 GB, SATA / Case + Power HV",131,511,7636364.0
2023-08-20,845,"Giá vốn (80%): BỘ MÁY VI TÍNH ( KHÔNG MÀN HÌNH )Bo mạch chủ : ASUS PRIME H510M – SK1200 / Bộ nhớ : DDR4 – 8GB / Bộ vi xử lý : INTEL CORE I3-10105 / GPU : INTEL® HD GRAPHICS / Ổ cứng SSD : 256 GB, SATA / Case + Power HV",632,1561,11345454.4
2023-08-20,845,"BỘ MÁY VI TÍNH ( KHÔNG MÀN HÌNH )Bo mạch chủ : ASUS PRIME H510M – SK1200 / Bộ nhớ : DDR4 – 8GB / Bộ vi xử lý : INTEL CORE I3-10105 / GPU : INTEL® HD GRAPHICS / Ổ cứng SSD : 256 GB, SATA / Case + Power HV",131,511,14181818.0
2023-08-20,845,MÁY IN CANON LASER LBP 226DW,131,511,6763636.0
2023-08-21,863,Giá vốn (80%): Anten Kenwood KRA 26,632,1561,3534545.6
2023-08-21,863,Giá vốn (80%): Chuột máy tính  Dell MS116,632,1561,240000.0
2023-08-21,863,Anten Kenwood KRA 26,131,511,4418182.0
2023-08-21,863,MÁY TÍNH ĐỂ BÀN (PC) DELL VOS 3910MT i5 -12400(6*2.5)/8GD4/256SSD/WLn/BT/KB/M/W11SL+OFICEHOMEST/ProSup/ĐEN(9M2DD1),131,511,46636364.0
2023-08-21,863,Giá vốn (80%): Bàn phím Logitech K120,632,1561,370908.0
2023-08-21,863,Bàn phím Logitech K120,131,511,463635.0
2023-08-21,863,Chuột máy tính  Dell MS116,131,511,300000.0
2023-08-21,863,Bình đun nước điện Panasonic NC­K101WRA,131,511,4745455.0
2023-08-21,863,Ổ cắm 4D+6S dây 5mX2,131,511,281818.0
2023-08-21,863,Giá vốn (80%): Ổ RULO QT30 ­3 ­15A,632,1561,1760000.0
2023-08-21,863,Ổ RULO QT30 ­3 ­15A,131,511,2200000.0
2023-08-21,863,Giá vốn (80%): Bình đun nước điện Panasonic NC­K101WRA,632,1561,3796364.0
2023-08-21,863,Giá vốn (80%): Bộ đàm Kenwood NX 1200D ­ M3,632,1561,25636364.0
2023-08-21,863,Giá vốn (80%): MÁY TÍNH ĐỂ BÀN (PC) DELL VOS 3910MT i5 -12400(6*2.5)/8GD4/256SSD/WLn/BT/KB/M/W11SL+OFICEHOMEST/ProSup/ĐEN(9M2DD1),632,1561,37309091.2
2023-08-21,863,Bộ đàm Kenwood NX 1200D ­ M3,131,511,32045455.0
2023-08-21,863,Giá vốn (80%): Ổ cắm 4D+6S dây 5mX2,632,1561,225454.4
2023-08-21,862,Lõi UDF OCB 10 Đại Việt,131,511,750000.0
2023-08-21,861,Phần mềm Kaspersky KL1867MUAFS,131,511,4930000.0
2023-08-21,862,Lõi PP có nắp bịt 10 ĐV,131,511,1500000.0
2023-08-21,863,Giá vốn (80%): MÀN HÌNH VI TÍNH (LCD) DELL SE2422H 23.8 INCH/1920x1080@75Hz/VGA/HDMI/LED/ĐEN(60W8F1),632,1561,9818181.6
2023-08-21,860,Giá vốn (80%): Ổ cứng  Kingmax SSD Sata III 240GB SMV32,632,1561,2472727.2
2023-08-21,860,Ổ cứng  Kingmax SSD Sata III 240GB SMV32,131,511,3090909.0
2023-08-21,861,Giá vốn (80%): Phần mềm Kaspersky KL1867MUAFS,632,1561,3944000.0
2023-08-21,862,Giá vốn (80%): Bình ắc quy 12V­100Ah,632,1561,13851852.0
2023-08-21,862,Bình ắc quy 12V­100Ah,131,511,17314815.0
2023-08-21,862,Giá vốn (80%): Quạt đứng LV16 - RA CY - GY,632,1561,1918518.4
2023-08-21,862,Quạt đứng LV16 - RA CY - GY,131,511,2398148.0
2023-08-21,862,Giá vốn (80%): Ghế xoay SG130,632,1561,1933333.6
2023-08-21,862,Ghế xoay SG130,131,511,2416667.0
2023-08-21,862,Giá vốn (80%): Màng RO membrane 50GPP TORAY,632,1121,1037036.8
2023-08-21,862,Màng RO membrane 50GPP TORAY,131,511,1296296.0
2023-08-21,862,Giá vốn (80%): Lõi OCB 10 Đại Việt,632,1561,1200000.0
2023-08-21,862,Lõi OCB 10 Đại Việt,131,511,1500000.0
2023-08-21,862,Giá vốn (80%): Lõi PP có nắp bịt 10 ĐV,632,1561,1200000.0
2023-08-21,862,Giá vốn (80%): Lõi UDF OCB 10 Đại Việt,632,1561,600000.0
2023-08-21,863,MÀN HÌNH VI TÍNH (LCD) DELL SE2422H 23.8 INCH/1920x1080@75Hz/VGA/HDMI/LED/ĐEN(60W8F1),131,511,12272727.0
2023-08-21,5747,Thuế GTGT: THU PHI CK CTY CP HUETRONICS,1331,1111,2300.0
2023-08-21,864,BỘ 6 CỐC THỦY TINH,131,511,155556.0
2023-08-21,3442,"Camera kỹ thuật số có chức năng ghi hiệu EZVIZ mã CS-C1C(1080P,H.265) - Hỗ trợ thẻ nhớ trong",6422,1111,2460000.0
2023-08-21,3442,"Camera quan sát CS-C6N (4MP,W1)",6422,1111,3360000.0
2023-08-21,864,Giá vốn (80%): BỘ 6 CỐC THỦY TINH,632,1561,124444.8
2023-08-21,1744,ổ cứng di động 64GB U301 USB 3.2 Gen 1 Kioxia - Xanh nhạt,6422,1111,1818182.0
2023-08-21,1744,ổ cứng di động 64GB U301 USB 3.2 Gen 1 Kioxia - Trắng,6422,1111,1818182.0
2023-08-21,331569,MÀN HÌNH VI TÍNH (LCD) LENOVO ThinkVision S24i-30 23.8INCH/1920x1080/100Hz/IPS/WLED/VGA/HDMI/3Y/ĐEN(63DEKAR3WW),6422,1111,21200000.0
2023-08-21,3442,Camera quan sát CS-C6N (1080P),6422,1111,6150000.0
2023-08-21,331569,MÀN HÌNH VI TÍNH (LCD) LENOVO ThinkVision S24e-20 23.8INCH/1920x1080/WLED/VGA/HDMI/ĐEN/3Y(62AEKAR2WW),6422,1111,12272725.0
2023-08-21,329674,MÀN HÌNH VI TÍNH (LCD) LENOVO ThinkVision S24e-20 23.8INCH/1920x1080/WLED/VGA/HDMI/ĐEN/3Y(62AEKAR2WW),6422,1111,36818182.0
2023-08-21,5747,THU PHI CK CTY CP HUETRONICS,6422,1111,23000.0
2023-08-21,5746,Thuế GTGT: THU PHI CK CTY HOI TU THONG MINH,1331,1111,2300.0
2023-08-21,5746,THU PHI CK CTY HOI TU THONG MINH,6422,1111,23000.0
2023-08-21,859,Giá vốn (80%): Bộ máy vi tính,632,1561,20000000.0
2023-08-21,859,Bộ máy vi tính,131,511,25000000.0
2023-08-21,329840,MÁY TÍNH XÁCH TAY (NB) LENOVO V14 G3 IAP i3-1215U/8GD4/256GSSD/14.0FHD/IPS/WL/BT/2C38/NoOS/ĐEN(82TS0060VN),6422,1111,47074545.0
2023-08-21,3442,"Camera kỹ thuật số có chức năng ghi hiệu EZVIZ mã CS-C3TN (3MP,2.8MM)- hỗ trợ thẻ nhớ trong",6422,1111,810000.0
2023-08-21,1744,ổ cứng di động 64GB U301 USB 3.2 Gen 1 Kioxia  - Đen,6422,1111,909091.0
2023-08-21,7004,Màn hình LCD Samsung S22F350,6422,1111,2000000.0
2023-08-21,864,Giá vốn (80%): BỘ ẤM TÍCH BÁT TRÀNG,632,1561,2666666.4
2023-08-21,864,BỘ ẤM TÍCH BÁT TRÀNG,131,511,3333333.0
2023-08-21,865,Giá vốn (80%): MÁY TÍNH XÁCH TAY MSI MODERN 14 C11M - 011VN (Core i3-1115G4,8GB,512GB,0.0
2023-08-21,3442,Camera quan sát CS-H8C (1080P),6422,1111,1580000.0
2023-08-21,856,Giá vốn (80%): Pin Alkaline AA Philips LR6P2B/97,632,1561,888888.8
2023-08-21,856,Pin Alkaline AA Philips LR6P2B/97,131,511,1111111.0
2023-08-21,857,Giá vốn (80%): Hộp mực 052 Number One,632,1121,384000.0
2023-08-21,865,MÁY TÍNH XÁCH TAY MSI MODERN 14 C11M - 011VN (Core i3-1115G4,8GB,512GB,0.0
2023-08-21,858,Giá vốn (80%): Mực laser đen Brother 2240,632,1561,94545.6
2023-08-21,858,Mực laser đen Brother 2240,131,511,118182.0
2023-08-21,855,Giá vốn (80%): Máy  In Canon Laser LBP - 2900,632,1561,2778181.6
2023-08-21,855,Máy  In Canon Laser LBP - 2900,131,511,3472727.0
2023-08-21,7939,Máy in laser Brother HL-L2366DW,6422,1111,3254545.45
2023-08-21,7004,Chíp vi xử lý INTEL CORE I3 10105F - 3 .70 GHZ (BX8070110105F S RH 8 V) + Quạt,6422,1111,1454545.0
2023-08-21,7004,Chíp vi xử lý INTEL CORE I5 12400F - 2.50GHZ (BX8071512400F S RL4W)+Quạt,6422,1111,3227273.0
2023-08-21,857,Hộp mực 052 Number One,131,511,480000.0
2023-08-22,866,Nguồn Jetek Model 400 ELITE V2,131,511,445455.0
2023-08-22,867,MÁY TÍNH XÁCH TAY (NB) LENOVO V14 G3 IAP i3-1215U/8GD4/256GSSD/14.0FHD/IPS/WL/BT/2C38/NoOS/ĐEN (82TS0060VN),131,511,14909091.0
2023-08-22,867,Giá vốn (80%): MÁY TÍNH XÁCH TAY (NB) LENOVO V14 G3 IAP i3-1215U/8GD4/256GSSD/14.0FHD/IPS/WL/BT/2C38/NoOS/ĐEN (82TS0060VN),632,1561,11927272.8
2023-08-22,868,MÁY TÍNH XÁCH TAY (NB) LENOVO V14 G3 IAP i3-1215U/8GD4/256GSSD/14.0FHD/IPS/WL/BT/2C38/NoOS/ĐEN (82TS0060VN),131,511,73636364.0
2023-08-22,123472,Thiết bị chuyển mạch TP-LINK_TL-SF1005D,6422,1111,1072730.0
2023-08-22,40918,Màn hình vi tính Dell LCD-E2222H-21.5''WHD-3Y,6422,1111,4181818.0
2023-08-22,123472,Thiết bị chuyển mạch TP-LINK_TL-SG108,6422,1111,1443636.0
2023-08-22,84462,Màn hình LCD ASUS PA279CV AS PA279CV BK/5MS/AP-JP//DP+HDMI+TYPEC+USB+SPEAKER,6422,1111,10281818.0
2023-08-22,866,"Giá vốn (80%): Thiết bị chuyển mạch  TP -Link, TL- SG108",632,1561,392727.2
2023-08-22,868,Giá vốn (80%): MÁY TÍNH XÁCH TAY (NB) LENOVO V14 G3 IAP i3-1215U/8GD4/256GSSD/14.0FHD/IPS/WL/BT/2C38/NoOS/ĐEN (82TS0060VN),632,1561,58909091.2
2023-08-22,866,"Thiết bị chuyển mạch  TP -Link, TL- SG108",131,511,490909.0
2023-08-22,866,Giá vốn (80%): Nguồn Jetek Model 400 ELITE V2,632,1561,356364.0
2023-08-22,866,Cạc mạng PCI Gigabit TP -Link - TG - 3468,131,511,209091.0
2023-08-22,253,Cáp dữ liệu VIDEO HDMI 1.4 truyền âm thanh hình ảnh dài 10M Ugreen (10110),6422,1111,763636.0
2023-08-22,253,Cáp dữ liệu VIDEO HDMI 1.4 truyền âm thanh hình ảnh dài 5M Ugreen (10109),6422,1111,613636.0
2023-08-22,253,Cáp dữ liệu VIDEO HDMI 1.4 truyền âm thanh hình ảnh dài 3M Ugreen (10108),6422,1111,300000.0
2023-08-22,253,Cáp dữ liệu VIDEO HDMI 1.4 truyền âm thanh hình ảnh dài 10M Ugreen (10110),6422,1111,250000.0
2023-08-22,253,Cáp dữ liệu VIDEO HDMI 1.4 truyền âm thanh hình ảnh dài 25m có chipset ugreen (10113),6422,1111,1900000.0
2023-08-22,253,Ổ cứng Western Digital 2TB Purple,6422,1111,3409091.0
2023-08-22,253,"ổ cứng SSD Western loại WDS500G3B0A,500GB",6422,1111,872727.0
2023-08-22,866,Giá vốn (80%): Cạc mạng PCI Gigabit TP -Link - TG - 3468,632,1561,167272.8
2023-08-22,7089,"Bộ Vi xử lý Intel Core i3-10105 Processor 3.70GHz 6M Cache, Sockets FCLGA1200-BX8070110105",6422,1111,9454545.0
2023-08-22,253,Máy in laser đen trắng HP LJ Pro MFP 4103fdw- Prin ter_2Z629A,6422,1111,8181818.0
2023-08-23,8021,Máy in HP 4103FDN (2Z628A),6422,1111,7136363.64
2023-08-23,870,"Giá vốn (80%): Chuột bluetooth Logitech M650L, màu đen(910-006247)",632,1561,472727.2
2023-08-23,870,"Chuột bluetooth Logitech M650L, màu đen(910-006247)",131,511,590909.0
2023-08-23,869,"Giá vốn (80%): Màn hình máy tính Lenovo H20215FE0 -"" E22-28 (H20215FE0) 21.5 inch Monitor-HDMI, P/N:62B9MAR4W",632,1561,1738181.6
2023-08-23,869,"Màn hình máy tính Lenovo H20215FE0 -"" E22-28 (H20215FE0) 21.5 inch Monitor-HDMI, P/N:62B9MAR4W",131,511,2172727.0
2023-08-23,5817,THU PHI CK CTY ADG TAI DN,6422,1111,23000.0
2023-08-23,125733,THU LAI VAY LD2314900522,6422,1111,745233.0
2023-08-23,5817,Thuế GTGT: THU PHI CK CTY ADG TAI DN,1331,1111,2300.0
2023-08-23,3501,Thiết bị thu phát vô tuyến Reyee RG-EG105GW(T),6422,1111,1409090.0
2023-08-23,3501,Thiết bị thu phát vô tuyến RG-EW1200G Pro,6422,1111,4009089.0
2023-08-23,3501,"Camera quan sát CS-H8C (4MP,4MM)",6422,1111,1964000.0
2023-08-23,3501,"Camera kỹ thuật số có chức năng ghi hiệu EZVIZ mã CS-C1C(1080P,H.265) - Hỗ trợ thẻ nhớ trong",6422,1111,1581820.0
2023-08-23,3501,Camera quan sát CS-H8C (1080P),6422,1111,6320000.0
2023-08-23,67893,Máy quét Canon DR F-120,6422,1111,8000000.0
2023-08-23,336749,MÁY TÍNH XÁCH TAY (NB) LENOVO V14 G3 IAP i3-1215U/8GD4/256GSSD/14.0FHD/IPS/WL/BT/2C38/NoOS/ĐEN(82TS0060VN),6422,1111,94149090.0
2023-08-24,877,Máy quét CANON DR F - 120,131,511,8900000.0
2023-08-24,877,Giá vốn (80%): Máy quét CANON DR F - 120,632,1561,7120000.0
2023-08-24,874,Máy in laser Brother HL-L2366DW,131,511,3718182.0
2023-08-24,5854,Thuế GTGT: THU PHI CK CTY CP THE GIOI SO,1331,1111,2300.0
2023-08-24,874,Giá vốn (80%): Máy in laser Brother HL-L2366DW,632,1561,2974545.6
2023-08-24,871,Máy in laser đen trắng HP LJ Pro MFP 4103fdw­ Printer _ 2Z629A,131,511,10772727.0
2023-08-24,871,Giá vốn (80%): Máy in laser đen trắng HP LJ Pro MFP 4103fdw­ Printer _ 2Z629A,632,1561,8618181.6
2023-08-24,871,Ổ cứng gắn ngoài Samsung SSD T7 Portable 1TB Blue (MU-PC1T0H/WW),131,511,2718182.0
2023-08-24,1855,"Hộp mực (Catridge) đã có mực in dùng cho máy in laser loại 12a,nhãn hiệu Xppro",6422,1111,654546.0
2023-08-24,1856,Ruy băng LQ310 (N653BK),6422,1111,240741.0
2023-08-24,1855,"Hộp mực (Catridge) đã có mực in dùng cho máy in laser loại 35A,nhãn hiệu Xppro",6422,1111,654545.0
2023-08-24,1855,"Hộp mực máy in laser,loại CB435A, hiệu LPT",6422,1111,518182.0
2023-08-24,1855,"Hộp mực (cartridge) đã có mực in dùng cho máy in laser, loại PTH-F226A",6422,1111,363636.0
2023-08-24,1855,"Hộp mực (Catridge) đã có mực in dùng cho máy in laser loại 83A,nhãn hiệu Xppro",6422,1111,436364.0
2023-08-24,5854,THU PHI CK CTY CP THE GIOI SO,6422,1111,23000.0
2023-08-24,876,Giá vốn (80%): Mực T3008,632,1561,909091.2
2023-08-24,871,Giá vốn (80%): Ổ cứng gắn ngoài Samsung SSD T7 Portable 1TB Blue (MU-PC1T0H/WW),632,1561,2174545.6
2023-08-24,876,Mực T3008,131,511,1136364.0
2023-08-24,13435,4K0Z7PA: Máy tính xách tay HP 14s-fq1080AU - AMD Ryzen 3 5300U / 4GB DDR4-3200/ SSD 256GB / Radeon Vega Graphics/ 14” HD/ Windows 11 Home/ Natural Silver/ 1Y,6422,1111,13090910.0
2023-08-24,876,Nhông sấy máy photo,131,511,590909.0
2023-08-24,876,Giá vốn (80%): Nhông sấy máy photo,632,1561,472727.2
2023-08-24,872,Giá vốn (80%): Máy quét  CANON DR F - 120,632,1561,7418181.6
2023-08-24,873,Mực Laser đen Premium,131,511,363636.0
2023-08-24,873,Giá vốn (80%): Mực Laser đen Premium,632,1561,290908.8
2023-08-24,873,Mực nạp đổ XP12 - 140,131,511,2290909.0
2023-08-24,873,Giá vốn (80%): Mực nạp đổ XP12 - 140,632,1561,1832727.2
2023-08-24,873,Mực Laser đen Premium,131,511,363636.0
2023-08-24,873,Giá vốn (80%): Mực Laser đen Premium,632,1561,290908.8
2023-08-24,872,Máy quét  CANON DR F - 120,131,511,9272727.0
2023-08-24,873,Giá vốn (80%): Mực nạp đổ XP12 - 140,632,1561,610909.6
2023-08-24,5855,THU PHI CK CTY DAI PHAT,6422,1111,23000.0
2023-08-24,5855,Thuế GTGT: THU PHI CK CTY DAI PHAT,1331,1111,2300.0
2023-08-24,875,Máy in HP 4103FDN (2Z628A),131,511,7718182.0
2023-08-24,875,Giá vốn (80%): Máy in HP 4103FDN (2Z628A),632,1561,6174545.6
2023-08-24,875,Cáp dữ liệu VIDEO HDMI 1.4 truyền âm thanh hình ảnh dài3M Ugreen (10108),131,511,100000.0
2023-08-24,875,Giá vốn (80%): Cáp dữ liệu VIDEO HDMI 1.4 truyền âm thanh hình ảnh dài3M Ugreen (10108),632,1561,80000.0
2023-08-24,873,Mực nạp đổ XP12 - 140,131,511,763637.0
2023-08-25,878,Bàn phím Rapoo Keyboard NK2500,131,511,109091.0
2023-08-25,878,Giá vốn (80%): Bàn phím Rapoo Keyboard NK2500,632,1561,87272.8
2023-08-25,878,Chuột vi tính có dây Rapoo N100,131,511,45455.0
2023-08-25,878,Giá vốn (80%): Chuột vi tính có dây Rapoo N100,632,1561,36364.0
2023-08-25,878,MÀN HÌNH VI TÍNH (LCD)  DELL SE2422H23.8 INCH/1920x1080@75Hz/VGA/HDMI/LED/ĐEN(60W8F1),131,511,3363636.0
2023-08-25,878,Giá vốn (80%): MÀN HÌNH VI TÍNH (LCD)  DELL SE2422H23.8 INCH/1920x1080@75Hz/VGA/HDMI/LED/ĐEN(60W8F1),632,1561,2690908.8
2023-08-25,878,"Giá vốn (80%): Ổ CỨNG DI ĐỘNG (USB) Lexar JumpDrive S60 USB2.0, 64GB(LJDS060064G-BNBNG)",632,1561,385454.4
2023-08-25,878,"Giá vốn (80%): Bộ nhớ ngoài  Sandisk 32G SDCZ50-032/B35,USB,Cruzer",632,1561,400000.0
2023-08-25,878,"Ổ CỨNG DI ĐỘNG (USB) Lexar JumpDrive S60 USB2.0, 64GB(LJDS060064G-BNBNG)",131,511,481818.0
2023-08-25,878,Bộ vi xử  lý Intel Core i3-10105,131,511,2445455.0
2023-08-25,878,Giá vốn (80%): Bộ vi xử  lý Intel Core i3-10105,632,1561,1956364.0
2023-08-25,878,Ổ cứng  Kingmax SSD Sata III 240GB SMV32,131,511,363636.0
2023-08-25,878,Giá vốn (80%): Ổ cứng  Kingmax SSD Sata III 240GB SMV32,632,1561,290908.8
2023-08-25,878,"Bộ nhớ ngoài  Sandisk 32G SDCZ50-032/B35,USB,Cruzer",131,511,500000.0
2023-08-25,878,Vỏ thùng máy tính Jetek Squid Game R3 Black,131,511,654546.0
2023-08-25,878,Giá vốn (80%): Vỏ thùng máy tính Jetek Squid Game R3 Black,632,1561,523636.8
2023-08-25,878,Nguồn Jetek Model 350 ELITE V2,131,511,372727.0
2023-08-25,878,Giá vốn (80%): Nguồn Jetek Model 350 ELITE V2,632,1561,298181.6
2023-08-25,880,Máy  In Canon Laser LBP-2900,131,511,3627273.0
2023-08-25,880,Giá vốn (80%): Máy  In Canon Laser LBP-2900,632,1561,2901818.4
2023-08-25,879,Giá vốn (80%): Màn hình LCD Samsung S22F350,632,1561,1709091.2
2023-08-25,879,Máy in hóa đơn XP - T80L,131,511,818182.0
2023-08-25,879,Giá vốn (80%): Máy in hóa đơn XP - T80L,632,1561,654545.6
2023-08-25,879,LOA SOUNDMAX A120 /2.0,131,511,163636.0
2023-08-25,879,Màn hình LCD Samsung S22F350,131,511,2136364.0
2023-08-25,879,"Thiết bị thu phát vô tuyến  TP-Link,TL - WN722N",131,511,163636.0
2023-08-25,879,"Giá vốn (80%): Thiết bị thu phát vô tuyến  TP-Link,TL - WN722N",632,1561,130908.8
2023-08-25,878,Bảng mạch chính Asus Prime H510MK,131,511,1463636.0
2023-08-25,878,Giá vốn (80%): Bảng mạch chính Asus Prime H510MK,632,1561,1170908.8
2023-08-25,878,Bộ nhớ máy tính  Kingmax 8GB/ DDR4-3200,131,511,418182.0
2023-08-25,879,Giá vốn (80%): LOA SOUNDMAX A120 /2.0,632,1561,130908.8
2023-08-25,878,Giá vốn (80%): Bộ nhớ máy tính  Kingmax 8GB/ DDR4-3200,632,1561,334545.6
2023-08-27,881,Giá vốn (80%): Máy in đa năng Brother DCP- T226,632,1561,2756364.0
2023-08-27,881,Máy in đa năng Brother DCP- T226,131,511,3445455.0
2023-08-27,882,Giá vốn (80%): Chuột máy tính Dell MS116,632,1561,94544.8
2023-08-27,882,Chuột máy tính Dell MS116,131,511,118181.0
2023-08-27,882,"Màn hình LCD VIEWSONIC VX3276-MHD-2 / 31.5""",131,511,13336364.0
2023-08-27,882,Giá vốn (80%): Máy tính bàn Lenovo ThinkCentre M70s Gen 3 i5-12400(4.4GHZ)- 8GB RAM - 512 SSD - Wireless & Bluetooth - None -1Yr; P/n11TC000TVA,632,1561,18421818.4
2023-08-27,882,Máy tính bàn Lenovo ThinkCentre M70s Gen 3 i5-12400(4.4GHZ)- 8GB RAM - 512 SSD - Wireless & Bluetooth - None -1Yr; P/n11TC000TVA,131,511,23027273.0
2023-08-27,881,Chip xử lý Intel I5 -10400,131,511,5645454.0
2023-08-27,882,"Giá vốn (80%): Màn hình LCD VIEWSONIC VX3276-MHD-2 / 31.5""",632,1561,10669091.2
2023-08-27,881,Giá vốn (80%): Chip xử lý Intel I5 -10400,632,1561,4516363.2
2023-08-27,881,Giá vốn (80%): Bộ nhớ trong máy tính KingSton 16G D4 - 3200S22 (KVR32S22S8/16),632,1561,1556364.0
2023-08-27,881,Giá vốn (80%): Ổ cứng gắn trong 240GB SSD Kioxia,632,1561,1745454.4
2023-08-27,881,Nguồn Jetek Y600T,131,511,736362.0
2023-08-27,881,Giá vốn (80%): Nguồn Jetek Y600T,632,1561,589089.6
2023-08-27,881,Card VGA hiệu Asus GT730 - SL - 2GD5 BRK,131,511,2345455.0
2023-08-27,881,Giá vốn (80%): Card VGA hiệu Asus GT730 - SL - 2GD5 BRK,632,1561,1876364.0
2023-08-27,881,Bộ nhớ trong máy tính KingSton 16G D4 - 3200S22 (KVR32S22S8/16),131,511,1945455.0
2023-08-27,881,Bàn phím Dell KB216,131,511,545455.0
2023-08-27,881,Giá vốn (80%): Bàn phím Dell KB216,632,1561,436364.0
2023-08-27,881,Vỏ thùng máy tính Jetek EN22,131,511,545455.0
2023-08-27,881,Giá vốn (80%): Vỏ thùng máy tính Jetek EN22,632,1561,436364.0
2023-08-27,881,Ổ cứng gắn trong 240GB SSD Kioxia,131,511,2181818.0
2023-08-27,883,Thiết bị thu phát vô tuyến Reyee RG - EG105GW(T),131,511,2000000.0
2023-08-27,883,Giá vốn (80%): Thiết bị thu phát vô tuyến Reyee RG - EG105GW(T),632,1561,1600000.0
2023-08-27,883,Thiết bị thu phát vô tuyến RG - EW1200G Pro,131,511,6045455.0
2023-08-27,272,"Đầu ghi hình KTS 4 kênh (KX-7104AI), phụ kiện",6422,1111,681818.0
2023-08-27,883,Giá vốn (80%): Thiết bị thu phát vô tuyến RG - EW1200G Pro,632,1561,4836364.0
2023-08-27,61698,Bộ nhớ máy vi tính Kingmax 8GB DDR4-2400,6422,1111,350000.0
2023-08-27,61698,Bộ nhớ máy vi tính Kingmax 16GB DDR4-3200 (KM-LD4-3200-16GS),6422,1111,3113636.0
2023-08-27,61698,Mạch chính vi tính Gigabyte H510M H V2,6422,1111,7045455.0
2023-08-27,61698,Cạc màn hình Gigabyte 4GB GV-N1656WF2OC-4GD,6422,1111,3240909.0
2023-08-27,61698,Cạc màn hình Gigabyte 6GB GV-N166SD6-6GD,6422,1111,4350000.0
2023-08-27,3538,Bộ chuyển đổi nguồn dùng cho camera DS-3E0109P-E/M(B),6422,1111,1320000.0
2023-08-27,3538,Đầu ghi hình DS-7616NI-K1,6422,1111,1540300.0
2023-08-27,3538,Camera quan sát DS-2CD1123G0-IUF(C),6422,1111,5489600.0
2023-08-27,61698,Bộ nhớ máy vi tính Kingmax 8GB DDR4-3200 (KM-LD4-3200-8GS),6422,1111,7000000.0
2023-08-27,3538,Camera quan sát DS-2CE76D0T-LMFS,6422,1111,1483200.0
2023-08-27,3538,"Bộ định tuyến có chức năng thu phát sóng băng tần 2.4GHz/5GHz hiệu RUIJIE mã RG-EW3200GX PRO - hãng sx: RUIJIE NETWORKS CO.,LTD",6422,1111,1790909.0
2023-08-27,849,"Máy tính xách tay Lenovo V14 G4 IRU - Intel Core i7-1355U (5.00 GHz) - 8GB RAM - 512GB SSD - WF+BL - 14"" FHD - NOS - 2YR Premium NBD,P/n 83A0000NVN",6422,1111,29747273.0
2023-08-27,261,Cáp dữ liệu VIDEO HDMI 1.4 truyền âm thanh hình ảnh dài 1.5M Ugreen (60820),6422,1111,363636.0
2023-08-27,261,Cáp dữ liệu VIDEO HDMI 1.4 truyền âm thanh hình ảnh dài 10M Ugreen (10110),6422,1111,254545.0
2023-08-27,61597,"Máy tính xách tay Dell Inspiron 15 3520 (i5-1235U, 8GB, 512GB SSD, 15.6"" FHD, UMA, Win11, Office HS 21, Đen, P112F007) (N3520-i5U085W11BLU)",6422,1111,40909091.0
2023-08-27,261,Máy tính xách tay Dell XPS 13 core i7 1.8Ghz 512Gb SSD 16Gb 13.3'' FHD (1920x1080) Webcam Silver,6422,1111,29283636.0
2023-08-27,261,Loa hội nghị Jabra Speak 510 MS,6422,1111,3318182.0
2023-08-27,3538,"Camera quan sát CS-H8 (5MP,4MM)",6422,1111,2272728.0
2023-08-27,3538,Camera quan sát DS-2CE16D0T-LFS,6422,1111,422300.0
2023-08-27,261,Cáp dữ liệu VIDEO HDMI 1.4 truyền âm thanh hình ảnh dài 15M Ugreen (10111),6422,1111,445455.0
2023-08-28,885,"Giá vốn (80%): Camera kỹ thuật số có chức năng ghi hiệu EZVIZ mãCS-C1C(1080P,H.265) - Hỗ trợ thẻ nhớ trong",632,1561,316364.0
2023-08-28,884,Giá vốn (80%): CHUỘT VI TÍNH (MOUSE) LOGITECH M221WIRELESS /OPTICAL/ĐEN,632,1561,181818.4
2023-08-28,884,Hộp mực  in Izinet 12A/303/FX9,131,511,181818.0
2023-08-28,884,Giá vốn (80%): Hộp mực  in Izinet 12A/303/FX9,632,1561,145454.4
2023-08-28,5917,THU PHI CK CTY VIEN SON,6422,1111,23000.0
2023-08-28,5917,Thuế GTGT: THU PHI CK CTY VIEN SON,1331,1111,2300.0
2023-08-28,885,"Camera kỹ thuật số có chức năng ghi hiệu EZVIZ mãCS-C1C(1080P,H.265) - Hỗ trợ thẻ nhớ trong",131,511,395455.0
2023-08-28,886,Bàn phím Dell Multimedia KB216,131,511,200000.0
2023-08-28,787,Máy chiếu đa năng ViewSonic LS500WHE,6422,1111,13500000.0
2023-08-28,887,Máy chiếu đa năng ViewSonic LS500WHE,131,511,15172727.0
2023-08-28,887,Giá vốn (80%): Máy chiếu đa năng ViewSonic LS500WHE,632,1561,12138181.6
2023-08-28,887,Cáp dữ liệu VIDEO HDMI 1.4 truyền âm thanh hình ảnh dài5M Ugreen (10109),131,511,245455.0
2023-08-28,887,Giá vốn (80%): Cáp dữ liệu VIDEO HDMI 1.4 truyền âm thanh hình ảnh dài5M Ugreen (10109),632,1561,196364.0
2023-08-28,888,Màn chiếu chân P70TS,131,511,972222.0
2023-08-28,888,Giá vốn (80%): Màn chiếu chân P70TS,632,1561,777777.6
2023-08-28,15740,"ổ cứng Western SSD 240GB Sata3, màu xanh - green (WDS240G3G0A)",6422,1111,9272727.0
2023-08-28,884,CHUỘT VI TÍNH (MOUSE) LOGITECH M221WIRELESS /OPTICAL/ĐEN,131,511,227273.0
2023-08-28,886,Giá vốn (80%): Bàn phím Dell Multimedia KB216,632,1561,160000.0
2023-08-28,1314,Tai nghe SoundMax AH315,6422,1111,1000000.0
2023-08-28,1220,"Thiết bị chuyển mạch để bàn 5 cổng 10/100/1000 Mbps, hiệu TENDA, Model SG105",6422,1121,5981818.0
2023-08-28,1314,Loa SoundMax R-300/1.0,6422,1111,300000.0
2023-08-28,1889,Mực nạp đổ XP NPG 6,6422,1111,2000000.0
2023-08-28,1889,Mực nạp đổ XP Brother 2240,6422,1111,1363636.0
2023-08-28,1889,"Hộp mực máy in laser,loại 111S",6422,1111,272728.0
2023-08-28,127993,"PHI T08/2023-040019911911-ALERT,IB,OTP,QLTK",6422,1111,125000.0
2023-08-28,127993,"Thuế GTGT: PHI T08/2023-040019911911-ALERT,IB,OTP,QLTK",1331,1111,12500.0
2023-08-28,129006,THU LAI VAY LD2315300483,6422,1111,986309.0
2023-08-28,1220,Thiết bị định tuyến có thu phát vô tuyến hiệu Tenda model AC10 băng tần 2.4/5Ghz,6422,1111,29454545.0
2023-08-28,1220,Thiết bị thu phát vô tuyến hiệu TENDA model TX2 Pro băng tần 2.4Ghz,6422,1111,22363636.0
2023-08-28,1220,"Thiết bị chuyển mạch để bàn 5 cổng 10/100 Mbps. hiệu TENDA, Model S105",6422,1121,6836364.0
2023-08-28,1314,Tai nghe SoundMax AH304,6422,1111,690000.0
2023-08-28,1220,"Thiết bị chuyển mạch để bàn 8 cổng 10/100/1000 Mbps, hiệu TENDA, Model SG108",6422,1121,10659091.0
2023-08-28,1220,"Thiết bị chuyển mạch để bàn 5 cổng 10/100/1000Mbps, hiệu TENDA, Model TEG1005D",6422,1121,9490909.0
2023-08-28,1314,Loa SoundMax A120/2.0,6422,1111,750000.0
2023-08-28,1314,Loa SoundMax A130/2.0,6422,1111,1300000.0
2023-08-28,1314,Loa SoundMax A2128/2.1,6422,1111,2360000.0
2023-08-28,1314,Loa SoundMax A4000/4.1,6422,1111,1500000.0
2023-08-28,1314,Loa SoundMax R-200/1.0,6422,1111,270000.0
2023-08-28,1220,"Thiết bị chuyển mạch để bàn 8 cổng 10/100 Mbps, hiệu TENDA, Model S108",6422,1121,6818182.0
2023-08-29,891,Mực nạp đổ XP12 - 140,131,511,163636.0
2023-08-29,5951,THU PHI CK CTY DT VA PT CONG NGHE QUOC GIA ADG TAI DA NANG,6422,1111,23000.0
2023-08-29,5951,Thuế GTGT: THU PHI CK CTY DT VA PT CONG NGHE QUOC GIA ADG TAI DA NANG,1331,1111,2300.0
2023-08-29,889,Loa hội nghị Jabra Speak 510 MS,131,511,3618182.0
2023-08-29,889,Giá vốn (80%): Loa hội nghị Jabra Speak 510 MS,632,1561,2894545.6
2023-08-29,890,"Máy tính xách tay Lenovo V15 G4 IRU - Intel Core i3-1315U (4.50GHz) - 8GB RAM - 512GB SSD - WF+BL - 15.6FHD 60Hz - NOS- 2YR Premium NBD,P/n 83A10007VN",131,511,10000000.0
2023-08-29,890,"Giá vốn (80%): Máy tính xách tay Lenovo V15 G4 IRU - Intel Core i3-1315U (4.50GHz) - 8GB RAM - 512GB SSD - WF+BL - 15.6FHD 60Hz - NOS- 2YR Premium NBD,P/n 83A10007VN",632,1561,8000000.0
2023-08-29,891,Giá vốn (80%): Mực nạp đổ XP12 - 140,632,1561,130908.8
2023-08-29,893,"Máy tính xách tay Lenovo V15 G4 IRU - Intel Core i3-1315U(4.50GHz) - 8GB RAM - 512GB SSD - WF+BL - 15.6FHD60Hz - NOS- 2YR Premium NBD,P/n 83A10007VN",131,511,9454545.0
2023-08-29,892,Giá vốn (80%): 4K0Z7PA : Máy tính xách tay HP 14s- fq1080AU -AMD Ryzen3 5300U / 4GB DDR4-3200/ SSD 256GB /RadeonVegaGraphics/ 14” HD/ Windows 11 Home/NaturalSilver,632,1561,5563636.0
2023-08-29,892,MÁY TÍNH XÁCH TAY (NB) LENOVO V14 G3 IAP i3 - 1215U/8GD4/256GSSD/14.0FHD/IPS/WL/BT/2C38/NoOS/ĐEN (82TS0060VN),131,511,7545455.0
2023-08-29,892,Giá vốn (80%): MÁY TÍNH XÁCH TAY (NB) LENOVO V14 G3 IAP i3 - 1215U/8GD4/256GSSD/14.0FHD/IPS/WL/BT/2C38/NoOS/ĐEN (82TS0060VN),632,1561,6036364.0
2023-08-29,62935,"Máy tính xách tay MSI GF63 12VE-460VN (i5-12450H; 8GB; 512GB SSD; RTX 4050/6GB; 15.6"" FHD 144Hz; Win11; Black)",6422,1111,36727273.0
2023-08-29,893,"Giá vốn (80%): Máy tính xách tay Lenovo V15 G4 IRU - Intel Core i3-1315U(4.50GHz) - 8GB RAM - 512GB SSD - WF+BL - 15.6FHD60Hz - NOS- 2YR Premium NBD,P/n 83A10007VN",632,1561,7563636.0
2023-08-29,893,MÁY TÍNH XÁCH TAY (NB) LENOVO V14 G3 IAP i3 -1215U/8GD4/256GSSD/14.0FHD/IPS/WL/BT/2C38/NoOS/ĐEN (82TS0060VN),131,511,15090910.0
2023-08-29,893,Giá vốn (80%): MÁY TÍNH XÁCH TAY (NB) LENOVO V14 G3 IAP i3 -1215U/8GD4/256GSSD/14.0FHD/IPS/WL/BT/2C38/NoOS/ĐEN (82TS0060VN),632,1561,12072728.0
2023-08-29,892,4K0Z7PA : Máy tính xách tay HP 14s- fq1080AU -AMD Ryzen3 5300U / 4GB DDR4-3200/ SSD 256GB /RadeonVegaGraphics/ 14” HD/ Windows 11 Home/NaturalSilver,131,511,6954545.0
2023-08-29,62935,"Máy tính xách tay MSI GF63 Thin 11UC-1228VN (i7-11800H; 8GB; 512GB SSD; RTX3050/4GB; 15.6"" FHD; Win11; Đen)",6422,1111,67636363.0
2023-08-29,127464,"Máy tính xách tay Lenovo IdeaPad Slim 5 14IAH8, i5-12450H, 16GB, 512GB SSD, Intel UHD Graphics, 14"" WUXGA, 3C 56.6Wh, ax+BT, W11H 64, Xám (Cloud Grey), 3Y WTY_83BF002NVN",6422,1111,12272727.0
2023-08-29,263,Cáp dữ liệu VIDEO VGA truyền hình ảnh dài 10M Ugreen (11633),6422,1111,254546.0
2023-08-29,894,"Máy tính xách tay Dell Inspiron 15 /3520 (i5-1235U, 8GB, 512GB SSD,15.6"" FHD, UMA, Win11, OfficeHS 21, Đen, P112F007) (N3520-i5U085W11BLU)",131,511,15900000.0
2023-08-29,894,"Giá vốn (80%): Máy tính xách tay Dell Inspiron 15 /3520 (i5-1235U, 8GB, 512GB SSD,15.6"" FHD, UMA, Win11, OfficeHS 21, Đen, P112F007) (N3520-i5U085W11BLU)",632,1561,12720000.0
2023-08-29,895,Hộp mực in Izinet 12A/303/FX9,131,511,609091.0
2023-08-29,895,Giá vốn (80%): Hộp mực in Izinet 12A/303/FX9,632,1561,487272.8
2023-08-29,263,Cáp dữ liệu VIDEO VGA truyền hình ảnh dài 15m màu đen Ugreen (11634),6422,1111,363636.0
2023-08-29,5950,Thuế GTGT: THU PHI CK CTY VINH XUAN,1331,1111,2300.0
2023-08-29,344927,MÁY TÍNH XÁCH TAY (NB) DELL VOS15 3520 i5-1235U/8GD4/512SSD/15.6FHD/120Hz/3C41WHr/W11SL+OFFICE HOME_ST/ProSup/XÁM(5M2TT2),6422,1111,84545454.0
2023-08-29,13686,4K0Z7PA: Máy tính xách tay HP 14s-fq1080AU - AMD Ryzen 3 5300U / 4GB DDR4-3200/ SSD 256GB / Radeon Vega Graphics/ 14” HD/ Windows 11 Home/ Natural Silver/ 1Y,6422,1111,13090910.0
2023-08-29,129586,THU LAI VAY LD2316500549,6422,1111,689096.0
2023-08-29,5950,THU PHI CK CTY VINH XUAN,6422,1111,23000.0
2023-08-29,89337,"Máy tính xách tay Dell Inspiron 16 5620 Intel Core i7-1255U, 16.0""FHD+, 1x8G, 512GB SSD PCIe NVMe, 4 Cell-54Whr, Win 11 Microsoft Office Home and Student 2021, N6I7110W1-Silver",6422,1111,37272727.0
2023-08-29,89337,"Máy tính xách tay Dell Vostro 5620 Intel Core i5-1240P, 16.0""FHD+, 1x8G, 512GB SSD, NVIDIA(R) GeForce(R) MX570/570A 2GB GDDR6, 4 Cell-54Whr, Win 11, Office H&S 2021, BH 12 tháng, V6I5405W1-Gray",6422,1111,33636364.0
2023-08-29,89337,"Máy tính xách tay Dell Inspiron 15 3520 Intel Core i5-1235U, 15.6""FHD, 1x8G, 256GB SSD PCIe NVMe, 3 Cell-41Whr, Win 11 Microsoft Office Home and Student 2021, N5I5122W1-Black",6422,1111,26363636.0
2023-08-29,1689,Mực in 337 Number One,6422,1121,780000.0
2023-08-29,1689,Gạt mực HP1010(12a)/15A/05A,6422,1111,127280.0
2023-08-29,1689,"Gạt nhỏ 15A,13A,24A,49a,53A",6422,1111,81820.0
2023-08-29,127549,Card đồ hoạ ASUS TUF-GTX1660S-O6G-GAMING_90YV0DT2-M0NA00,6422,1111,12728181.0
2023-08-30,897,Mực nạp đổ XP12 - 140,131,511,245455.0
2023-08-30,898,"Giá vốn (80%): Thiết bị thu phát vô tuyến TP-Link,TL - WN823N",632,1561,261818.4
2023-08-30,898,"Thiết bị thu phát vô tuyến TP-Link,TL - WN823N",131,511,327273.0
2023-08-30,898,"Ổ CỨNG DI ĐỘNG (USB)  Lexar JumpDrive S60 USB2.0, 64GB",131,511,190909.0
2023-08-30,898,"Giá vốn (80%): Ổ CỨNG DI ĐỘNG (USB)  Lexar JumpDrive S60 USB2.0, 64GB",632,1561,152727.2
2023-08-30,898,Giá vốn (80%): Loa SoundMax A130/2.0,632,1561,574545.6
2023-08-30,898,Giá vốn (80%): Tai nghe SoundMax AH315,632,1561,501818.4
2023-08-30,898,Loa SoundMax A130/2.0,131,511,718182.0
2023-08-30,898,Màn hình LCD VIEWSONIC VA1903A / 19'',131,511,1500000.0
2023-08-30,898,Giá vốn (80%): Màn hình LCD VIEWSONIC VA1903A / 19'',632,1561,1200000.0
2023-08-30,898,Tai nghe SoundMax AH315,131,511,627273.0
2023-08-30,898,"Giá vốn (80%): Ổ cứng máy tính SSD Western WDS240G2G0A, 240GB",632,1561,2836364.0
2023-08-30,129732,THU LAI VAY QUA HAN PDLD2319500514,6422,1111,633050.0
2023-08-30,898,Giá vốn (80%): ổ cứng gắn trong 480GB SSD Exceria BiCS FLASH 2.5''SATA3 Kioxia,632,1561,2007272.0
2023-08-30,898,ổ cứng gắn trong 480GB SSD Exceria BiCS FLASH 2.5''SATA3 Kioxia,131,511,2509090.0
2023-08-30,898,"Giá vốn (80%): Thiết bị thu phát vô tuyếnTP-Link,TL - WN725N",632,1561,472727.2
2023-08-30,898,"Thiết bị thu phát vô tuyếnTP-Link,TL - WN725N",131,511,590909.0
2023-08-30,899,Giá vốn (80%): CHUỘT VI TÍNH (MOUSE)  LOGITECH PEBBLEM350/WIRELESS/BLUETOOTH/ĐEN(GRAPHITE)(910-005602),632,1561,290908.8
2023-08-30,899,CHUỘT VI TÍNH (MOUSE)  LOGITECH PEBBLEM350/WIRELESS/BLUETOOTH/ĐEN(GRAPHITE)(910-005602),131,511,363636.0
2023-08-30,899,Giá vốn (80%): Bàn phím Logitech K120,632,1561,101818.4
2023-08-30,899,Bàn phím Logitech K120,131,511,127273.0
2023-08-30,899,Giá vốn (80%): Máy In Canon Laser LBP - 2900,632,1561,2836364.0
2023-08-30,899,Máy In Canon Laser LBP - 2900,131,511,3545455.0
2023-08-30,900,Giá vốn (80%): Bộ lưu điện  Santak - TG500,632,1561,3258181.6
2023-08-30,897,Giá vốn (80%): Mực nạp đổ XP12 - 140,632,1561,196364.0
2023-08-30,898,"Ổ cứng máy tính SSD Western WDS240G2G0A, 240GB",131,511,3545455.0
2023-08-30,896,"Ổ CỨNG DI ĐỘNG (HDD) SEAGATE EXPANSIONPORTABLE  1TB 2.5"" USB 3.0 (STKM1000400)",131,511,1290909.0
2023-08-30,129739,THU LAI VAY QUA HAN PDLD2321200468,6422,1111,633050.0
2023-08-30,129736,THU LAI VAY QUA HAN PDLD2320500438,6422,1111,1042317.0
2023-08-30,3090,Thuế GTGT: Dịch vụ SMS Brandname CSKH,1331,1111,13855.0
2023-08-30,3090,Dịch vụ SMS Brandname CSKH,6422,1111,138545.0
2023-08-30,859,"Máy tính xách tay Lenovo ThinkPad E15 Gen 4 - I5-1235U (4.4G) - 8Gb RAM - 256GB SSD - WF+BL, Fingerprint - 15.6' FHD - Dos - 2Yrs,P/N:21E600CGVA",6422,1111,28909091.0
2023-08-30,129738,THU LAI VAY QUA HAN PDLD2320800425,6422,1111,295824.0
2023-08-30,900,Bộ lưu điện  Santak - TG500,131,511,4072727.0
2023-08-30,129740,THU LAI VAY QUA HAN PDLD2321300332,6422,1111,275499.0
2023-08-30,902,Giá vốn (80%): Bàn phím  Dell Multimedia KB216,632,1561,138181.6
2023-08-30,902,Bàn phím  Dell Multimedia KB216,131,511,172727.0
2023-08-30,129733,THU LAI VAY QUA HAN PDLD2319800504,6422,1111,275376.0
2023-08-30,129734,THU LAI VAY QUA HAN PDLD2320000435,6422,1111,4431351.0
2023-08-30,129735,THU LAI VAY QUA HAN PDLD2320100378,6422,1111,865169.0
2023-08-30,896,"Giá vốn (80%): Ổ CỨNG DI ĐỘNG (HDD) SEAGATE EXPANSIONPORTABLE  1TB 2.5"" USB 3.0 (STKM1000400)",632,1561,1032727.2
2023-08-30,6758,Cáp PISEN Fast ZY Lightning 1000mm,6422,1111,636364.0
2023-08-30,7502,Vỏ máy tính MIK LV07 - WHITE,6422,1111,1281818.0
2023-08-30,7502,Vỏ máy tính MIK LV12 - BLACK,6422,1111,1263636.0
2023-08-30,7502,EN0822_ Vỏ máy tính Xigmatek Aqua III Arctic,6422,1111,945455.0
2023-08-30,7502,EN40061_ Vỏ máy tính Xigmatek Aqua M,6422,1111,1345455.0
2023-08-30,7502,Bộ vi xử lý vi tính Intel Core I5-10400 + Quạt,6422,1111,6272727.0
2023-08-30,7502,Chíp vi xử lý INTEL CORE I5 12400F - 2.50GHZ (BX8071512400F S RL4W)+Quạt,6422,1111,3045455.0
2023-08-30,129737,THU LAI VAY QUA HAN PDLD2320600397,6422,1111,263435.0
2023-08-30,5996,Thuế GTGT: TP CK CTY PP PHUONG VIET,1331,1111,2300.0
2023-08-30,5996,TP CK CTY PP PHUONG VIET,6422,1111,23000.0
2023-08-30,5995,Thuế GTGT: TP CK CTY TH VIEN SON,1331,1111,2300.0
2023-08-30,5995,TP CK CTY TH VIEN SON,6422,1111,23000.0
2023-08-30,6758,Cáp PISEN 3-in-1 (Lightning/ Type-C/ Micro ) 3A backlight 1800mm,6422,1111,327272.0
2023-08-30,901,Giá vốn (80%): ổ cứng gắn trong 480GB SSD Exceria BiCS FLASH 2.5''SATA3 Kioxia,632,1561,2327272.8
2023-08-30,6758,Cáp PISEN 2-in-1 (Lightning/Type-C) 3A Aluminum Alloy braided 1000mm.,6422,1111,795455.0
2023-08-30,903,Giá vốn (80%): Máy in hóa đơn XP - T80L,632,1561,6545454.4
2023-08-30,129741,THU LAI VAY QUA HAN PDLD2321600371,6422,1111,384050.0
2023-08-30,129742,THU LAI VAY QUA HAN PDLD2322200527,6422,1111,590446.0
2023-08-30,129743,THU LAI VAY QUA HAN PDLD2322600492,6422,1111,506440.0
2023-08-30,129744,THU LAI VAY QUA HAN PDLD2322700569,6422,1111,377551.0
2023-08-30,129745,THU LAI VAY QUA HAN PDLD2323300631,6422,1111,230747.0
2023-08-30,129746,THU LAI VAY QUA HAN PDLD2323400576,6422,1111,124164.0
2023-08-30,129747,THU LAI VAY QUA HAN PDLD2323600583,6422,1111,63305.0
2023-08-30,129748,THU LAI VAY QUA HAN PDLD2323700486,6422,1111,58694.0
2023-08-30,129804,THU LAI VAY LD2316600563,6422,1111,13055.0
2023-08-30,347573,Ổ CỨNG VI TÍNH ( SSD ) Lexar SSD NS100 256GB Sata III 6Gbs (  LNS100-256RB )(LNS100-256RB),6422,1111,26818200.0
2023-08-30,347615,Ổ CỨNG VI TÍNH ( SSD ) Lexar SSD NS100 256GB Sata III 6Gbs (  LNS100-256RB )(LNS100-256RB),6422,1111,26818200.0
2023-08-30,903,Máy in Brother HL - L2321D,131,511,46363636.0
2023-08-30,348273,MÀN HÌNH VI TÍNH (LCD) LENOVO ThinkVision S27e-20 27.0INCH/1920x1080/IPS/WLED/VGA/HDMI/ĐEN/3Y(62AFKAR2WW),6422,1111,19090911.0
2023-08-30,128977,Thiết bị chuyển mạch TP-LINK_TL-SG1016D,6422,1111,4840910.0
2023-08-30,52821,Thuế GTGT: Không có tên,1331,1111,6000.0
2023-08-30,52821,Không có tên,6422,1111,60000.0
2023-08-30,129724,THU LAI VAY QUA HAN PDLD2316600563,6422,1111,559057.0
2023-08-30,129725,THU LAI VAY QUA HAN PDLD2317100469,6422,1111,897846.0
2023-08-30,901,ổ cứng gắn trong 480GB SSD Exceria BiCS FLASH 2.5''SATA3 Kioxia,131,511,2909091.0
2023-08-30,129728,THU LAI VAY QUA HAN PDLD2318400577,6422,1111,1069071.0
2023-08-30,129729,THU LAI VAY QUA HAN PDLD2318800574,6422,1111,387881.0
2023-08-30,129730,THU LAI VAY QUA HAN PDLD2319100675,6422,1111,798998.0
2023-08-30,129731,THU LAI VAY QUA HAN PDLD2319400601,6422,1111,508307.0
2023-08-30,129726,THU LAI VAY QUA HAN PDLD2317200524,6422,1111,580022.0
2023-08-30,348274,MÀN HÌNH VI TÍNH (LCD) LENOVO ThinkVision S27e-20 27.0INCH/1920x1080/IPS/WLED/VGA/HDMI/ĐEN/3Y(62AFKAR2WW),6422,1111,8181819.0
2023-08-30,903,Giá vốn (80%): Máy in Brother HL - L2321D,632,1561,37090908.8
2023-08-30,129727,THU LAI VAY QUA HAN PDLD2317300516,6422,1111,583167.0
2023-08-30,903,Giá vốn (80%): ổ cứng gắn trong 240GB SSD Exceria BiCS FLASH2.5''SATA3 Kioxia,632,1561,3970908.8
2023-08-30,903,ổ cứng gắn trong 240GB SSD Exceria BiCS FLASH2.5''SATA3 Kioxia,131,511,4963636.0
2023-08-30,903,Máy in hóa đơn XP - T80L,131,511,8181818.0
2023-08-30,903,Giá vốn (80%): MÁY IN ĐA CHỨC NĂNG Brother MFC - L2701D,632,1561,7563636.8
2023-08-30,903,MÁY IN ĐA CHỨC NĂNG Brother MFC - L2701D,131,511,9454546.0
2023-08-30,903,"Giá vốn (80%): Máy tính xách tay Lenovo Thinkpad E15 Gen 4- i5-1235U (4.4G) - 8Gb RAM -512GB SSD -WF+BL, Fingerprint-15,6'' FHD-Dos -2Yrs, P/N 21E600CFVA",632,1561,23854545.6
2023-08-30,903,"Máy tính xách tay Lenovo Thinkpad E15 Gen 4- i5-1235U (4.4G) - 8Gb RAM -512GB SSD -WF+BL, Fingerprint-15,6'' FHD-Dos -2Yrs, P/N 21E600CFVA",131,511,29818182.0
2023-08-30,903,"Giá vốn (80%): Máy tính xách tay Lenovo V14 G4 IRU - Intel Core i7-1355U (5.00GHz) - 8GB RAM - 512GB SSD - WF+BL - 14"" FHD -NOS -2YR Premium NBD,P/n 83A0000NVN",632,1561,11927272.8
2023-08-30,903,"Máy tính xách tay Lenovo V14 G4 IRU - Intel Core i7-1355U (5.00GHz) - 8GB RAM - 512GB SSD - WF+BL - 14"" FHD -NOS -2YR Premium NBD,P/n 83A0000NVN",131,511,14909091.0
2023-08-30,903,MÁY TÍNH XÁCH TAY MSI MODERN 14 C11M - 011VN(Core i3-1115G4,8GB,512GB,0.0
2023-08-30,903,Giá vốn (80%): Bảng mạch chính Asus Prime H510 MK,632,1561,3272727.2
2023-08-30,903,Bảng mạch chính Asus Prime H510 MK,131,511,4090909.0
2023-08-30,903,Giá vốn (80%): MÁY TÍNH XÁCH TAY (NB) LENOVO V14 G3 IAP i3-1215U/8GD4/256GSSD/14.0FHD/IPS/WL/BT/2C38/NoOS/ĐEN (82TS0060VN),632,1561,18109091.2
2023-08-30,903,MÁY TÍNH XÁCH TAY (NB) LENOVO V14 G3 IAP i3-1215U/8GD4/256GSSD/14.0FHD/IPS/WL/BT/2C38/NoOS/ĐEN (82TS0060VN),131,511,22636364.0
2023-08-30,903,Giá vốn (80%): MÁY TÍNH XÁCH TAY MSI MODERN 14 C11M - 011VN(Core i3-1115G4,8GB,512GB,0.0
2023-08-30,903,"Giá vốn (80%): Máy tính xách tay Lenovo V15 G4 IRU - Intel Corei3-1315U(4.50GHz) - 8GB RAM - 512GB SSD - WF+BL -15.6FHD60Hz - NOS- 2YR Premium NBD,P/n : 83A10007VN",632,1561,22690908.8
2023-08-30,903,MÀN HÌNH LCD 23.8 Inch LENOVO THINKVISION S24e - 20 (62AEKAR2WW),131,511,15272727.0
2023-08-30,903,"Màn hình máy tính Lenovo H20215FE0 - "" E22 - 28(H20215FE0)21.5 inch Monitor-HDMI, Linecord, 3YRWTYWarrantyCode:3years limited"", P/N:62B9MAR4W",131,511,19090909.0
2023-08-30,903,"Giá vốn (80%): Màn hình máy tính Lenovo H20215FE0 - "" E22 - 28(H20215FE0)21.5 inch Monitor-HDMI, Linecord, 3YRWTYWarrantyCode:3years limited"", P/N:62B9MAR4W",632,1561,15272727.2
2023-08-30,903,Bộ nhớ máy tính xách tay Kingmax 8GB DDR4-3200,131,511,2836364.0
2023-08-30,903,Giá vốn (80%): Bộ nhớ máy tính xách tay Kingmax 8GB DDR4-3200,632,1561,2269091.2
2023-08-30,903,Giá vốn (80%): MÀN HÌNH LCD 23.8 Inch LENOVO THINKVISION S24e - 20 (62AEKAR2WW),632,1561,12218181.6
2023-08-30,903,"Giá vốn (80%): Ổ cứng máy tính SSD Western WDS240G2G0A, 240G",632,1561,2400000.0
2023-08-30,903,"Ổ CỨNG DI ĐỘNG (HDD) SEAGATE EXPANSION PORTABLE 1TB 2.5"" USB 3.0",131,511,5909091.0
2023-08-30,903,"Giá vốn (80%): Ổ CỨNG DI ĐỘNG (HDD) SEAGATE EXPANSION PORTABLE 1TB 2.5"" USB 3.0",632,1561,4727272.8
2023-08-30,903,"Máy tính xách tay Lenovo V15 G4 IRU - Intel Corei3-1315U(4.50GHz) - 8GB RAM - 512GB SSD - WF+BL -15.6FHD60Hz - NOS- 2YR Premium NBD,P/n : 83A10007VN",131,511,28363636.0
2023-08-30,903,"Ổ cứng máy tính SSD Western WDS240G2G0A, 240G",131,511,3000000.0
2023-08-31,477469,Cước dịch vụ Viễn thông-Công nghệ thông tin tháng 08 năm 2023,6422,1111,23600.0
2023-08-31,477469,Thuế GTGT: Cước dịch vụ Viễn thông-Công nghệ thông tin tháng 08 năm 2023,1331,1111,2360.0
2023-08-31,529255,Cước dịch vụ Viễn thông-Công nghệ thông tin tháng 08 năm 2023,6422,1111,408634.0
2023-08-31,529255,Thuế GTGT: Cước dịch vụ Viễn thông-Công nghệ thông tin tháng 08 năm 2023,1331,1111,40863.0
2023-08-31,529161,Thuế GTGT: Cước dịch vụ Viễn thông-Công nghệ thông tin tháng 08 năm 2023,1331,1111,24602.0
2023-08-31,477518,Cước dịch vụ Viễn thông-Công nghệ thông tin tháng 08 năm 2023,6422,1111,20000.0
2023-08-31,477518,Thuế GTGT: Cước dịch vụ Viễn thông-Công nghệ thông tin tháng 08 năm 2023,1331,1111,2000.0
2023-08-31,477287,Cước dịch vụ Viễn thông-Công nghệ thông tin tháng 08 năm 2023,6422,1111,213636.0
2023-08-31,477287,Thuế GTGT: Cước dịch vụ Viễn thông-Công nghệ thông tin tháng 08 năm 2023,1331,1111,21364.0
2023-08-31,477559,Thuế GTGT: Cước dịch vụ Viễn thông-Công nghệ thông tin tháng 08 năm 2023,1331,1111,27400.0
2023-08-31,529161,Cước dịch vụ Viễn thông-Công nghệ thông tin tháng 08 năm 2023,6422,1111,246021.0
2023-08-31,477559,Cước dịch vụ Viễn thông-Công nghệ thông tin tháng 08 năm 2023,6422,1111,274000.0
2023-08-31,904,Chuột máy tính  Logitech B100,131,511,272727.0
2023-08-31,904,Chuột vi tính  Rapoo M20,131,511,545455.0
2023-08-31,477470,Cước dịch vụ Viễn thông-Công nghệ thông tin tháng 08 năm 2023,6422,1111,24545.0
2023-08-31,904,Giá vốn (80%): Chuột vi tính  Rapoo M20,632,1561,436364.0
2023-08-31,506618,Cước dịch vụ Viễn thông-Công nghệ thông tin tháng 08 năm 2023,6422,1111,249636.0
2023-08-31,506618,Thuế GTGT: Cước dịch vụ Viễn thông-Công nghệ thông tin tháng 08 năm 2023,1331,1111,24964.0
2023-08-31,477470,Thuế GTGT: Cước dịch vụ Viễn thông-Công nghệ thông tin tháng 08 năm 2023,1331,1111,2455.0
2023-08-31,529160,Thuế GTGT: Cước dịch vụ Viễn thông-Công nghệ thông tin tháng 08 năm 2023,1331,1111,49699.0
2023-08-31,904,"Ổ CỨNG DI ĐỘNG (USB) Lexar JumpDrive S60 USB2.0, 64GB",131,511,250000.0
2023-08-31,904,"Giá vốn (80%): Ổ CỨNG DI ĐỘNG (USB) Lexar JumpDrive S60 USB2.0, 64GB",632,1561,200000.0
2023-08-31,904,Giá vốn (80%): Chuột máy tính  Logitech B100,632,1561,218181.6
2023-08-31,529160,Cước dịch vụ Viễn thông-Công nghệ thông tin tháng 08 năm 2023,6422,1111,496989.0
2023-09-01,69480497,Không có tên,6422,1111,350000.0
2023-09-01,69480497,Thuế GTGT: Không có tên,1331,1111,35000.0
2023-09-03,2338,"Thức ăn, thức uống",6422,1111,3769090.91
2023-09-03,906,"Giá vốn (80%): Thiết bị chuyển mạch TP -Link, TL- SG1008D",632,1561,138181.6
2023-09-03,906,"Thiết bị chuyển mạch TP -Link, TL- SG1008D",131,511,172727.0
2023-09-03,906,"Giá vốn (80%): Thiết bị đầu cuối GSM/W-CDMA FDD 2.4GHz TP- Link, M7000",632,1561,589091.2
2023-09-03,906,"Màn hình vi tính Dell LCD E2216Hv  21.5"" WHD",131,511,2681818.0
2023-09-03,906,"Giá vốn (80%): Màn hình vi tính Dell LCD E2216Hv  21.5"" WHD",632,1561,2145454.4
2023-09-03,905,Giá vốn (80%): Cáp dữ liệu VIDEO HDMI 1.4 truyền âm thanh hình ảnh dài10M Ugreen (10110),632,1561,305454.4
2023-09-03,905,Cáp dữ liệu VIDEO HDMI 1.4 truyền âm thanh hình ảnh dài10M Ugreen (10110),131,511,381818.0
2023-09-03,906,"Thiết bị đầu cuối GSM/W-CDMA FDD 2.4GHz TP- Link, M7000",131,511,736364.0
2023-09-04,908,"Giá vốn (80%): Thiết bị thu phát vô tuyến TP-Link 150M, TL - WN722N",632,1561,545454.4
2023-09-04,908,"Thiết bị thu phát vô tuyến TP-Link 150M, TL - WN722N",131,511,681818.0
2023-09-04,908,Giá vốn (80%): Camera quan sát CS - H8C (1080P),632,1561,1280000.0
2023-09-04,908,Camera quan sát CS - H8C (1080P),131,511,1600000.0
2023-09-04,908,"Giá vốn (80%): Máy tính xách tay Lenovo V14 G4 IRU - Intel Core i7-1355U (5.00GHz) - 8GB RAM - 512GB SSD - WF+BL - 14"" FHD - NOS -2YR Premium NBD,P/n 83A0000NVN",632,1561,11927272.8
2023-09-04,908,"Máy tính xách tay Lenovo V14 G4 IRU - Intel Core i7-1355U (5.00GHz) - 8GB RAM - 512GB SSD - WF+BL - 14"" FHD - NOS -2YR Premium NBD,P/n 83A0000NVN",131,511,14909091.0
2023-09-04,862,"Máy tính xách tay Lenovo V14 G4 IRU - Intel Core i7-1355U (5.00 GHz) - 8GB RAM - 512GB SSD - WF+BL - 14"" FHD - NOS - 2YR Premium NBD,P/n 83A0000NVN",6422,1111,14873636.0
2023-09-04,130700,THU LAI VAY LD2317100469,6422,1111,151643.0
2023-09-04,6023,Thuế GTGT: THU PHI CK CTY PHUONG KHANG COMPUTER+CTY CP TG SO+CTY ADG,1331,1111,6900.0
2023-09-04,911,Giá vốn (80%): Phí dịch vụ tháng 08 /2023 theo hợp đồng số 64/2015/HĐ_NetViet ký ngày 26/10/2015,632,1561,81481.6
2023-09-04,911,Phí dịch vụ tháng 08 /2023 theo hợp đồng số 64/2015/HĐ_NetViet ký ngày 26/10/2015,131,511,101852.0
2023-09-04,910,Giá vốn (80%): MÁY TÍNHXÁCHTAY (NB) DELL VOS15 3520 i5-1235U/8GD4/512SSD/15.6FHD/120Hz/3C41WHr/W11SL+OFFICEHOME_ST/ProSup/XÁM(5M2TT2),632,1561,11992727.2
2023-09-04,910,MÁY TÍNHXÁCHTAY (NB) DELL VOS15 3520 i5-1235U/8GD4/512SSD/15.6FHD/120Hz/3C41WHr/W11SL+OFFICEHOME_ST/ProSup/XÁM(5M2TT2),131,511,14990909.0
2023-09-04,909,Giá vốn (80%): Bộ máy vi tính,632,1561,13294545.6
2023-09-04,909,Bộ máy vi tính,131,511,16618182.0
2023-09-04,907,Giá vốn (80%): ổ cứng gắn trong 250GB SSD Exceria NVMe BiCS FLASHM.2 PCIe Kioxia,632,1561,509091.2
2023-09-04,907,ổ cứng gắn trong 250GB SSD Exceria NVMe BiCS FLASHM.2 PCIe Kioxia,131,511,636364.0
2023-09-04,6023,THU PHI CK CTY PHUONG KHANG COMPUTER+CTY CP TG SO+CTY ADG,6422,1111,69000.0
2023-09-05,912,Giá vốn (80%): Ổ CỨNG VI TÍNH ( SSD)  Lexar  SSDNS100 256GBSata III 6Gbs ( LNS100-256RB) (LNS100-256RB),632,1561,21454545.6
2023-09-05,913,ổ cứng gắn ngoài 1TB SSD ESD310S USB 10Gbps TypeC/A Transcend,131,511,1681818.0
2023-09-05,913,Giá vốn (80%): ổ cứng gắn ngoài 1TB SSD ESD310S USB 10Gbps TypeC/A Transcend,632,1561,1345454.4
2023-09-05,914,ĐẦU ĐỌC MÃ VẠCH OD7200,131,511,1263636.0
2023-09-05,914,Giá vốn (80%): ĐẦU ĐỌC MÃ VẠCH OD7200,632,1561,1010908.8
2023-09-05,350930,CHUỘT VI TÍNH (MOUSE) LOGITECH M221 WIRELESS/OPTICAL/ĐỎ (RED)(910-004884),6422,1111,977270.0
2023-09-05,915,Máy in  Canon Laser LBP-2900,131,511,3590909.0
2023-09-05,915,Giá vốn (80%): Máy in  Canon Laser LBP-2900,632,1561,2872727.2
2023-09-05,912,Ổ CỨNG VI TÍNH ( SSD)  Lexar  SSDNS100 256GBSata III 6Gbs ( LNS100-256RB) (LNS100-256RB),131,511,26818182.0
2023-09-05,1257,MÁY IN LASER ĐƠN NĂNG TRẮNG ĐEN - CANON PRINTER I-SENSYS LBP236DW,6422,1111,9272727.0
2023-09-05,914,"Ổ CỨNG DI ĐỘNG (HDD) SEAGATE EXPANSIONPORTABLE 1TB 2.5""  USB 3.0 (STKM1000400)",131,511,1327273.0
2023-09-05,350837,CHUỘT VI TÍNH (MOUSE) LOGITECH M185 WIRELESS/OPTICAL/AA/ĐỎ (RED)/NB(910-002503),6422,1111,872725.0
2023-09-05,914,"Giá vốn (80%): Ổ CỨNG DI ĐỘNG (HDD) SEAGATE EXPANSIONPORTABLE 1TB 2.5""  USB 3.0 (STKM1000400)",632,1561,1061818.4
2023-09-05,350837,CHUỘT VI TÍNH (MOUSE) LOGITECH M185 WIRELESS/OPTICAL/AA/XÁM (SWIFT GRAY)/NB(910-002255),6422,1111,1745450.0
2023-09-05,350837,CHUỘT VI TÍNH (MOUSE) LOGITECH M185 WIRELESS/OPTICAL/AA/XANH DƯƠNG (BLUE)/NB(910-002502),6422,1111,872725.0
2023-09-05,916,"Giá vốn (80%): Máy tính xách tay Lenovo S14 G3 IAP CLOUD_GREY/14"" FHD/I3-1215U/8Gb/256Gb/UHD/Fingerprint/No Office/No OS",632,1561,8145454.4
2023-09-05,526716,Cước dịch vụ viễn thông trả sau (Dịch vụ chịu thuế),6422,1111,234545.0
2023-09-05,526716,Thuế GTGT: Cước dịch vụ viễn thông trả sau (Dịch vụ chịu thuế),1331,1111,23454.0
2023-09-05,870,"Máy tính xách tay Lenovo V14 G4 IRU - Intel Core i7-1355U (5.00 GHz) - 8GB RAM - 512GB SSD - WF+BL - 14"" FHD - NOS - 2YR Premium NBD,P/n 83A0000NVN",6422,1111,29747273.0
2023-09-05,916,"Máy tính xách tay Lenovo S14 G3 IAP CLOUD_GREY/14"" FHD/I3-1215U/8Gb/256Gb/UHD/Fingerprint/No Office/No OS",131,511,10181818.0
2023-09-05,350837,BÀN PHÍM (KEYBOARD) LOGITECH K120(920-002582),6422,1111,11454500.0
2023-09-05,350837,CHUỘT VI TÍNH (MOUSE) LOGITECH M221 WIRELESS/OPTICAL/XANH DƯƠNG (BLUE)(910-004883),6422,1111,1954540.0
2023-09-05,350837,CHUỘT VI TÍNH (MOUSE) LOGITECH M221 WIRELESS/OPTICAL/ĐỎ (RED)(910-004884),6422,1111,977270.0
2023-09-05,350837,CHUỘT VI TÍNH (MOUSE) LOGITECH M331 WIRELESS/OPTICAL/ĐEN (BLACK)(910-004914),6422,1111,1286365.0
2023-09-05,350837,CHUỘT VI TÍNH (MOUSE) LOGITECH B100 USB/ĐEN (BLACK)(910-006605),6422,1111,5272700.0
2023-09-06,921,Giá vốn (80%): Máy in Brother HL - L2321D,632,1561,2109091.2
2023-09-06,922,"Giá vốn (80%): Thiết bị đầu cuối GSM/W-CDMA FDD 2.4GHz TP-Link, M7000",632,1561,589091.2
2023-09-06,922,Loa SoundMax R-200/1.0,131,511,272727.0
2023-09-06,922,Giá vốn (80%): Loa SoundMax R-200/1.0,632,1561,218181.6
2023-09-06,922,Tai nghe SoundMax AH315,131,511,400000.0
2023-09-06,922,Giá vốn (80%): Tai nghe SoundMax AH315,632,1561,320000.0
2023-09-06,922,Bàn phím Rapoo NK2500,131,511,227273.0
2023-09-06,922,Giá vốn (80%): Bàn phím Rapoo NK2500,632,1561,181818.4
2023-09-06,922,"Thiết bị đầu cuối GSM/W-CDMA FDD 2.4GHz TP-Link, M7000",131,511,736364.0
2023-09-06,1225,Nguồn Jetek Model 400 ELITE V2,6422,1111,6363636.0
2023-09-06,917,"ổ cứng lắp trong Western Digital 1TB 3.5""Sata, màu xanh (Blue) (WD10EZEX)",131,511,772727.0
2023-09-06,6082,Thuế GTGT: TP CK CTY TN VIEN SON,1331,1111,2300.0
2023-09-06,872,"Máy tính xách tay Lenovo ThinkPad E15 Gen 4 - I5-1235U (4.4G) - 8Gb RAM - 256GB SSD - WF+BL, Fingerprint - 15.6' FHD - Dos - 2Yrs,P/N:21E600CGVA",6422,1111,28909091.0
2023-09-06,132993,THU LAI VAY LD2317200524,6422,1111,137620.0
2023-09-06,132995,THU LAI VAY LD2317300516,6422,1111,155468.0
2023-09-06,6082,TP CK CTY TN VIEN SON,6422,1111,23000.0
2023-09-06,6083,TP CK CTY TG SO,6422,1111,23000.0
2023-09-06,6083,Thuế GTGT: TP CK CTY TG SO,1331,1111,2300.0
2023-09-06,6084,TP CK CTY PT CN QG ADG TAI DA NANG,6422,1111,23000.0
2023-09-06,6084,Thuế GTGT: TP CK CTY PT CN QG ADG TAI DA NANG,1331,1111,2300.0
2023-09-06,1751,Hộp mực 057 Number One,6422,1121,1500000.0
2023-09-06,1268,MÁY IN LASER ĐƠN NĂNG TRẮNG ĐEN - CANON PRINTER I-SENSYS LBP236DW,6422,1111,9272727.0
2023-09-06,921,Máy in Brother HL - L2321D,131,511,2636364.0
2023-09-06,917,"Giá vốn (80%): ổ cứng lắp trong Western Digital 1TB 3.5""Sata, màu xanh (Blue) (WD10EZEX)",632,1561,618181.6
2023-09-06,920,Giá vốn (80%): ổ cứng di động 128GB U301 USB 3.2 Gen 1 Kioxia - Trắng,632,1561,618181.6
2023-09-06,924,"Giá vốn (80%): Thiết bị đầu cuối  GSM/W-CDMA FDD 2.4GHz TP - Link, M7350",632,1561,1040000.0
2023-09-06,920,Giá vốn (80%): Thiết bị định tuyến 2G/3G/4G băng tần 2.4 GHzTP-LINK _TL - MR100,632,1561,1381818.4
2023-09-06,283,Đầu ghi hình DS-7204HGHI-K1,6422,1111,636364.0
2023-09-06,923,Bàn phím Rapoo NK2500,131,511,272727.0
2023-09-06,923,Giá vốn (80%): Bàn phím Rapoo NK2500,632,1561,218181.6
2023-09-06,923,Chuột máy tính Rapoo N100,131,511,290909.0
2023-09-06,923,Giá vốn (80%): Chuột máy tính Rapoo N100,632,1561,232727.2
2023-09-06,923,Máy đọc mã vạch WNI - 6710G,131,511,1045455.0
2023-09-06,920,ổ cứng di động 128GB U301 USB 3.2 Gen 1 Kioxia - Trắng,131,511,772727.0
2023-09-06,923,"ổ cứng lắp trong Western Digital 1TB 3.5""Sata, màu xanh (Blue) (WD10EZEX)",131,511,909091.0
2023-09-06,923,"Giá vốn (80%): ổ cứng lắp trong Western Digital 1TB 3.5""Sata, màu xanh (Blue) (WD10EZEX)",632,1561,727272.8
2023-09-06,923,Nguồn Máy Vi Tính CM PC500 Elite V3,131,511,654545.0
2023-09-06,923,Giá vốn (80%): Nguồn Máy Vi Tính CM PC500 Elite V3,632,1561,523636.0
2023-09-06,923,Giá vốn (80%): Máy đọc mã vạch WNI - 6710G,632,1561,836364.0
2023-09-06,923,Giá vốn (80%): Bộ nhớ máy tính  Kingmax 8GB DDR4 - 3200,632,1561,312727.2
2023-09-06,924,"Thiết bị đầu cuối  GSM/W-CDMA FDD 2.4GHz TP - Link, M7350",131,511,1300000.0
2023-09-06,918,Thiết bị định tuyến 2G/3G/4G băng tần 2.4 GHzTP-LINK _TL - MR100,131,511,854545.0
2023-09-06,918,Giá vốn (80%): Thiết bị định tuyến 2G/3G/4G băng tần 2.4 GHzTP-LINK _TL - MR100,632,1561,683636.0
2023-09-06,918,Chuột vi tính Rapoo M20,131,511,145455.0
2023-09-06,918,Giá vốn (80%): Chuột vi tính Rapoo M20,632,1561,116364.0
2023-09-06,919,Máy In Canon Laser LBP - 2900,131,511,3727273.0
2023-09-06,919,Giá vốn (80%): Máy In Canon Laser LBP - 2900,632,1561,2981818.4
2023-09-06,920,"Máy tính xách tay Lenovo ThinkPad E15 Gen 4 - I5-1235U (4.4G) -8Gb RAM - 256GB SSD - WF+BL, Fingerprint - 15.6' FHD - Dos -2Yrs,P/N:21E600CGVA",131,511,14454545.0
2023-09-06,920,"Giá vốn (80%): Máy tính xách tay Lenovo ThinkPad E15 Gen 4 - I5-1235U (4.4G) -8Gb RAM - 256GB SSD - WF+BL, Fingerprint - 15.6' FHD - Dos -2Yrs,P/N:21E600CGVA",632,1561,11563636.0
2023-09-06,920,Thiết bị định tuyến 2G/3G/4G băng tần 2.4 GHzTP-LINK _TL - MR100,131,511,1727273.0
2023-09-06,923,Bộ nhớ máy tính  Kingmax 8GB DDR4 - 3200,131,511,390909.0
2023-09-07,930,Giá vốn (80%): ổ cứng di động 32GB U202 USB 2.0 Kioxia - Trắng,632,1561,945454.4
2023-09-07,270,Cáp dữ liệu VIDEO HDMI 1.4 truyền âm thanh hình ảnh dài 10M Ugreen (10110),6422,1111,1018182.0
2023-09-07,929,Hộp mực 057 Number One,131,511,590909.0
2023-09-07,929,Giá vốn (80%): Hộp mực 057 Number One,632,1121,472727.2
2023-09-07,930,ổ cứng di động 32GB U202 USB 2.0 Kioxia - Trắng,131,511,1181818.0
2023-09-07,929,Giá vốn (80%): Hộp mực  in Izinet 12A/303/FX9,632,1561,196364.0
2023-09-07,928,Cạc mạng PCI Gigabit TP -Link - TG - 3468,131,511,209091.0
2023-09-07,928,Giá vốn (80%): Cạc mạng PCI Gigabit TP -Link - TG - 3468,632,1561,167272.8
2023-09-07,928,Nguồn Jetek Model 400 ELITE V2,131,511,445454.0
2023-09-07,929,Hộp mực  in Izinet 12A/303/FX9,131,511,245455.0
2023-09-07,928,Giá vốn (80%): Nguồn Jetek Model 400 ELITE V2,632,1561,356363.2
2023-09-07,8449,Máy Scan HP 2000S2 (6FW06A),6422,1111,6409090.91
2023-09-07,6124,Thuế GTGT: THU PHI CK CTY VIET SON+CTY VINH XUAN+CTY PP SYNNEX FPT,1331,1111,6900.0
2023-09-07,7810,"Bộ Vi xử lý Intel Core i3-10105 Processor 3.70GHz 6M Cache, Sockets FCLGA1200-BX8070110105",6422,1111,7500000.0
2023-09-07,927,Bộ máy vi tính,131,511,19436364.0
2023-09-07,927,"MÁY IN LASER ĐƠN NĂNG TRẮNG ĐEN - CANON ,PRINTER I-SENSYS LBP 236DW",131,511,4990909.0
2023-09-07,927,"Giá vốn (80%): MÁY IN LASER ĐƠN NĂNG TRẮNG ĐEN - CANON ,PRINTER I-SENSYS LBP 236DW",632,1561,3992727.2
2023-09-07,927,Giá vốn (80%): Bộ máy vi tính,632,1561,15549091.2
2023-09-07,926,Giá vốn (80%): Đầu ghi hình DS - 7616NI - K1,632,1561,1236364.0
2023-09-07,925,"MÁY IN LASER ĐƠN NĂNG TRẮNG ĐEN - CANON ,PRINTER I-SENSYS   LBP 236DW",131,511,4990909.0
2023-09-07,925,"Giá vốn (80%): MÁY IN LASER ĐƠN NĂNG TRẮNG ĐEN - CANON ,PRINTER I-SENSYS   LBP 236DW",632,1561,3992727.2
2023-09-07,6124,THU PHI CK CTY VIET SON+CTY VINH XUAN+CTY PP SYNNEX FPT,6422,1111,69000.0
2023-09-07,926,Đầu ghi hình DS - 7616NI - K1,131,511,1545455.0
2023-09-08,931,Trống từ  Brother  DR - 2385,131,511,618182.0
2023-09-08,58056452,Thuế GTGT:  Thu Phi SMS thay doi so du thang  08/2023,1331,1111,5455.0
2023-09-08,58056452,Thu Phi SMS thay doi so du thang  08/2023,6422,1111,54545.0
2023-09-08,1234,Nguồn Jetek Model 350 ELITE V2,6422,1111,13636364.0
2023-09-08,933,Giá vốn (80%): Card VGA ASUS GT 710 - SL -2GD5-BRK,632,1561,981818.4
2023-09-08,931,Giá vốn (80%): Trống từ  Brother  DR - 2385,632,1561,494545.6
2023-09-08,931,Giá vốn (80%): Mực Laser TN - 2385 Brother,632,1561,400000.0
2023-09-08,933,Card VGA ASUS GT 710 - SL -2GD5-BRK,131,511,1227273.0
2023-09-08,932,Giá vốn (80%): Tai nghe SoundMax AH314,632,1561,320000.0
2023-09-08,932,Tai nghe SoundMax AH314,131,511,400000.0
2023-09-08,932,Giá vốn (80%): LOA SOUNDMAX A827 / 2.1,632,1561,378181.6
2023-09-08,931,Mực Laser TN - 2385 Brother,131,511,500000.0
2023-09-08,932,LOA SOUNDMAX A827 / 2.1,131,511,472727.0
2023-09-08,932,"Giá vốn (80%): Máy tính xách tay Lenovo V14 G4 IRU - Intel Core i7 - 1355U (5.00GHz) - 8GB RAM - 512GB SSD - WF+BL - 14"" FHD -NOS -2YR Premium NBD, P/n 83A0000NVN",632,1561,11927272.8
2023-09-08,932,"Máy tính xách tay Lenovo V14 G4 IRU - Intel Core i7 - 1355U (5.00GHz) - 8GB RAM - 512GB SSD - WF+BL - 14"" FHD -NOS -2YR Premium NBD, P/n 83A0000NVN",131,511,14909091.0
2023-09-08,20691,Bảng mạch chính của máy vi tính hiệu ASUS PRIME H510M - K R2.0-CSM-SI,6422,1111,20454540.0
2023-09-09,934,Bàn phím máy tính Rapoo V500SE,131,511,481818.0
2023-09-09,934,Giá vốn (80%): Nguồn Jetek Model 400 ELITE V2,632,1561,349091.2
2023-09-09,934,Giá vốn (80%): Bàn phím máy tính Rapoo V500SE,632,1561,385454.4
2023-09-09,934,Giá vốn (80%): Chuột máy tính  Logitech M185,632,1561,145454.4
2023-09-09,934,Chuột máy tính  Logitech M185,131,511,181818.0
2023-09-09,934,Nguồn Jetek Model 400 ELITE V2,131,511,436364.0
2023-09-10,936,Giá vốn (80%): Máy In Canon Laser LBP-2900,632,1561,5556364.0
2023-09-10,1994,"Hộp mực ( Cartridge) đã có mực in dùng cho máy in laser, loại LHCF230A (HP laserJet M203/MFP 227/Ultra M206/230), hiệu XP PRO",6422,1111,418182.0
2023-09-10,1994,"Hộp mực (cartridge) đã có mực in dùng cho máy in laser, loại 2612A/C-P303/FX9/FX10, hiệu LPT",6422,1111,636364.0
2023-09-10,1994,"Hộp mực (Cartridge) đã có mực in dùng cho máy in laser, loại LH2612A ( HP1010/1012/CN2900), hiệu Premium",6422,1111,818182.0
2023-09-10,881,"Máy tính xách tay Lenovo V14 G4 IRU - Intel Core i7-1355U (5.00 GHz) - 8GB RAM - 512GB SSD - WF+BL - 14"" FHD - NOS - 2YR Premium NBD,P/n 83A0000NVN",6422,1111,29747273.0
2023-09-10,133902,THU LAI VAY LD2318400577,6422,1111,352776.0
2023-09-10,6139,Thuế GTGT: THU PHI CK CTY LE TRAN GIA,1331,1111,1900.0
2023-09-10,6139,THU PHI CK CTY LE TRAN GIA,6422,1111,19000.0
2023-09-10,58889004,Trich thu Tien vay - Lai : 20273151 - Acct vay 405331329,6422,1111,20273151.0
2023-09-10,6430,"Chuột vi tính hiệu Rapoo mới 100%. Item no: 18823, Model: M20, Wireless Optical Mouse BLACK",6422,1111,32931818.0
2023-09-10,937,"Giá vốn (80%): Thiết bị thu phát vô tuyến  TP-Link 2.4Ghz, Archer T2U",632,1561,232727.2
2023-09-10,937,"Thiết bị thu phát vô tuyến  TP-Link 2.4Ghz, Archer T2U",131,511,290909.0
2023-09-10,936,Máy In Canon Laser LBP-2900,131,511,6945455.0
2023-09-10,935,Máy in Brother HL - L2321D,131,511,2454545.0
2023-09-10,939,"Máy tính để bàn Dell Inspiron 3910 STI56020W1 - 8G -512GIntel Core i5-12400 processor (6-Core, 18M Cache, 2.5GHz to4.4GHz), 1x8GB, DDR4,3200MHz, 512GB M.2 PCIe NVMeSSD, Intel(R) UHD Graphics 730,Không ổ đĩa, Chuột, BànPhím",131,511,14263636.0
2023-09-10,939,"Giá vốn (80%): Máy tính để bàn Dell Inspiron 3910 STI56020W1 - 8G -512GIntel Core i5-12400 processor (6-Core, 18M Cache, 2.5GHz to4.4GHz), 1x8GB, DDR4,3200MHz, 512GB M.2 PCIe NVMeSSD, Intel(R) UHD Graphics 730,Không ổ đĩa, Chuột, BànPhím",632,1561,11410908.8
2023-09-10,6138,THU PHI CK CTY DAI PHAT,6422,1111,19000.0
2023-09-10,6138,Thuế GTGT: THU PHI CK CTY DAI PHAT,1331,1111,1900.0
2023-09-10,935,Máy tính bàn Lenovo ThinkCentre M70s Gen 3 i5 - 12400 (4.4GHZ)- 8GB RAM - 512 SSD - Wireless & Bluetooth - None -1Yr; P/n11TC000TVA,131,511,10454545.0
2023-09-10,935,Giá vốn (80%): Máy in Brother HL - L2321D,632,1561,1963636.0
2023-09-10,935,Giá vốn (80%): Máy tính bàn Lenovo ThinkCentre M70s Gen 3 i5 - 12400 (4.4GHZ)- 8GB RAM - 512 SSD - Wireless & Bluetooth - None -1Yr; P/n11TC000TVA,632,1561,8363636.0
2023-09-10,935,Giá vốn (80%): LOA SOUNDMAX A2129 / 2.1,632,1561,1090908.8
2023-09-10,935,Thiết bị truyền ảnh  Webcam Logitech C270,131,511,690910.0
2023-09-10,935,Giá vốn (80%): Thiết bị truyền ảnh  Webcam Logitech C270,632,1561,552728.0
2023-09-10,938,Máy in Canon Laser LBP-2900,131,511,3590909.0
2023-09-10,938,Giá vốn (80%): Máy in Canon Laser LBP-2900,632,1561,2872727.2
2023-09-10,935,LOA SOUNDMAX A2129 / 2.1,131,511,1363636.0
2023-09-11,7920,BỘ TẢN NHIỆT NƯỚC ID-COOLING ZOOMFLOW 240-XT ELITE SNOW,6422,1111,1263636.0
2023-09-11,941,Ổ cứng SSD 250G KIOXIA GEN3X4 NVMe (LRC10Z250GG8),131,511,1418182.0
2023-09-11,941,Giá vốn (80%): Nguồn Máy Vi Tính CM PC600 Elite V3,632,1561,720000.0
2023-09-11,941,Ổ CỨNG VI TÍNH ( SSD) Lexar SSDNS100 256GBSata III6Gbs ( LNS100-256RB) (LNS100-256RB),131,511,2454546.0
2023-09-11,941,Giá vốn (80%): Ổ CỨNG VI TÍNH ( SSD) Lexar SSDNS100 256GBSata III6Gbs ( LNS100-256RB) (LNS100-256RB),632,1561,1963636.8
2023-09-11,941,Giá vốn (80%): Ổ cứng SSD 250G KIOXIA GEN3X4 NVMe (LRC10Z250GG8),632,1561,1134545.6
2023-09-11,2010,Màn chiếu treo tường kéo tay kích thước 84x84 (213x213 cm) hiệu ECO SCREEN,6422,1111,694444.0
2023-09-11,941,Giá vốn (80%): Bộ nhớ trong ram 16GB/3200 KINGMAX,632,1561,1941818.4
2023-09-11,941,Bàn phím RAPOO V500L,131,511,1218182.0
2023-09-11,941,Giá vốn (80%): Bàn phím RAPOO V500L,632,1561,974545.6
2023-09-11,941,BỘ TẢN NHIỆT NƯỚC ID-COOLINGZOOMFLOW 240-XT ELITE SNOW,131,511,1363636.0
2023-09-11,941,Giá vốn (80%): BỘ TẢN NHIỆT NƯỚC ID-COOLINGZOOMFLOW 240-XT ELITE SNOW,632,1561,1090908.8
2023-09-11,941,"Giá vốn (80%): Màn hình máy tính LCD 27"" LENOVO S27E-20 62AFKAR2WW",632,1561,2312727.2
2023-09-11,941,Bộ nhớ trong ram 16GB/3200 KINGMAX,131,511,2427273.0
2023-09-11,941,"Màn hình máy tính LCD 27"" LENOVO S27E-20 62AFKAR2WW",131,511,2890909.0
2023-09-11,941,Nguồn Máy Vi Tính CM PC600 Elite V3,131,511,900000.0
2023-09-11,940,Hộp mực  in Izinet 12A/303/FX9,131,511,181818.0
2023-09-11,940,Giá vốn (80%): Hộp mực  in Izinet 12A/303/FX9,632,1561,145454.4
2023-09-11,942,MÁY IN Brother HL-L2321D,131,511,2636364.0
2023-09-11,942,Giá vốn (80%): MÁY IN Brother HL-L2321D,632,1561,2109091.2
2023-09-11,875,Ổ cắm điện Mpower MP-265S 5m,6422,1111,207406.0
2023-09-11,875,Pin carbon AAA Philips R03L10S,6422,1111,275000.0
2023-09-11,875,Pin carbon AA Philips R6L10S,6422,1111,583340.0
2023-09-11,1292,MÁY IN LASER ĐƠN NĂNG TRẮNG ĐEN - CANON PRINTER I-SENSYS LBP236DW,6422,1111,4636364.0
2023-09-11,875,Ổ cắm điện Mpower MP-153 3m,6422,1111,183334.0
2023-09-11,875,Ổ cắm điện Mpower MP-155 5m,6422,1111,216666.0
2023-09-11,875,Ổ cắm điện Mpower MP-243S 3m,6422,1111,283334.0
2023-09-11,875,Ổ cắm điện Mpower MP-245S 5m,6422,1111,169443.0
2023-09-11,940,Máy  in Brother HL - L2321D,131,511,2545455.0
2023-09-11,940,Giá vốn (80%): Máy  in Brother HL - L2321D,632,1561,2036364.0
2023-09-11,875,Pin minicell Philips CR2032P5B vỉ 5,6422,1111,397218.0
2023-09-12,946,Mực in  Brother BT5000Y,131,511,136364.0
2023-09-12,944,Giá vốn (80%): MÀN HÌNH LCD 23.8 Inch LENOVO THINKVISIONS24e-20 (62AEKAR2WW),632,1561,5454544.8
2023-09-12,945,"Ổ cứng gắn trong 240GB SSD Exceria BiCSFLASH2.5""SATA3 kioxia",131,511,545455.0
2023-09-12,945,Bàn phím Dell Multimedia KB216,131,511,272727.0
2023-09-12,945,Giá vốn (80%): Bàn phím Dell Multimedia KB216,632,1561,218181.6
2023-09-12,945,Chuột máy tính Logitech M221,131,511,200000.0
2023-09-12,945,Giá vốn (80%): Chuột máy tính Logitech M221,632,1561,160000.0
2023-09-12,946,Giá vốn (80%): Mực in  Brother BT5000Y,632,1561,109091.2
2023-09-12,361258,MÁY TÍNH XÁCH TAY (NB) HP Pavilion 15-eg3094TU i5-1335U/8GD4/512GSSD/15.6FHD/WLax/BT5/3C41WHr/ALUp/W11SL/VÀNG(8C5L5PA),6422,1111,16168182.0
2023-09-12,361258,MÁY TÍNH XÁCH TAY (NB) HP Pavilion 15-eg3098TU i3-1315U/8GD4/256GSSD/15.6FHD/WLax/BT5/3C41WHr/ALUp/W11SL/VÀNG(8C5L9PA),6422,1111,12372727.0
2023-09-12,361258,MÁY TÍNH XÁCH TAY (NB) HP Pavilion 15-eg3099TU i3-1315U/8GD4/256GSSD/15.6FHD/WLax/BT5/3C41WHr/ALUp/W11SL/BẠC(8C5M0PA),6422,1111,12372727.0
2023-09-12,361258,MÁY TÍNH XÁCH TAY (NB) HP Pavilion 15-eg3092TU i7-1355U/8GD4/512GSSD/15.6FHD/WLax/BT5/3C41WHr/ALUp/W11SL/VÀNG(8C5L3PA),6422,1111,19409091.0
2023-09-12,361258,MÁY TÍNH XÁCH TAY (NB) HP Pavilion X360 14-ek1046TU i3-1315U/8G/256GSSD/14.0FHDT/PEN/WL/BT/3C/W11SL/BẠC(80R24PA),6422,1111,13986364.0
2023-09-12,361258,MÁY TÍNH XÁCH TAY (NB) HP 240 G10 i3-1315U/8G/256GSSD/14.0FHD/WL/BT/3C/W11SL/BẠC(8F129PA),6422,1111,21027272.0
2023-09-12,944,MÀN HÌNH LCD 23.8 Inch LENOVO THINKVISIONS24e-20 (62AEKAR2WW),131,511,6818181.0
2023-09-12,8034,Bộ vi xử lý vi tính Intel Core I5-10400 + Quạt,6422,1111,16136364.0
2023-09-12,8034,BỘ TẢN NHIỆT NƯỚC ID-COOLING ZOOMFLOW 360-XT SNOW,6422,1111,1545455.0
2023-09-12,361258,MÁY TÍNH XÁCH TAY (NB) HP 14-ep0128TU i5-1335U/8GD4/512GSSD/14.0FHD/Wlax/BT5/3C41WHr/W11SL/BẠC(8U6L5PA),6422,1111,15204545.0
2023-09-12,944,Giá vốn (80%): CPU MÁY TÍNH,632,1561,7258182.4
2023-09-12,945,"Giá vốn (80%): Ổ cứng gắn trong 240GB SSD Exceria BiCSFLASH2.5""SATA3 kioxia",632,1561,436364.0
2023-09-12,275,Cáp dữ liệu VIDEO HDMI 1.4 truyền âm thanh hình ảnh dài 1.5M Ugreen (60820),6422,1111,363636.0
2023-09-12,944,CPU MÁY TÍNH,131,511,9072728.0
2023-09-12,943,Máy in đa năng Brother DCP-T226,131,511,3354545.0
2023-09-12,943,Giá vốn (80%): Máy in đa năng Brother DCP-T226,632,1561,2683636.0
2023-09-12,943,Cáp dữ liệu VIDEO HDMI 1.4 truyền âm thanh hình ảnh dài10M Ugreen (10110),131,511,381818.0
2023-09-12,943,Giá vốn (80%): Cáp dữ liệu VIDEO HDMI 1.4 truyền âm thanh hình ảnh dài10M Ugreen (10110),632,1561,305454.4
2023-09-12,943,Cáp dữ liệu VIDEO VGA truyền hình ảnh dài 15m  màu đenUgreen (11634),131,511,445455.0
2023-09-12,943,Mực Laser TN - 2385 Brother,131,511,454545.0
2023-09-12,943,Giá vốn (80%): Mực Laser TN - 2385 Brother,632,1561,363636.0
2023-09-12,943,Chuột máy tính Logitech M331,131,511,518182.0
2023-09-12,943,Giá vốn (80%): Cáp dữ liệu VIDEO VGA truyền hình ảnh dài 15m  màu đenUgreen (11634),632,1561,356364.0
2023-09-12,943,Bàn phím Dell Multimedia KB216,131,511,300000.0
2023-09-12,943,Giá vốn (80%): Bàn phím Dell Multimedia KB216,632,1561,240000.0
2023-09-12,275,Cáp dữ liệu VIDEO HDMI 1.4 truyền âm thanh hình ảnh dài 3M Ugreen (10108),6422,1111,613636.0
2023-09-12,275,Cáp dữ liệu VIDEO HDMI 1.4 truyền âm thanh hình ảnh dài 5M Ugreen (10109),6422,1111,286364.0
2023-09-12,275,Đầu nối DVI 24+1 male sang HDMI female Ugreen (20124),6422,1111,171818.0
2023-09-12,275,"Dây Com RS-232 màu đen, dài 1.5m (20153)",6422,1111,204545.0
2023-09-12,275,"Dây cáp Com RS-232 màu đen, dài 1.5m (20149)",6422,1111,68182.0
2023-09-12,943,Giá vốn (80%): Chuột máy tính Logitech M331,632,1561,414545.6
2023-09-12,275,Vi mạch điện tử 7504 Unitek,6422,1111,781818.0
2023-09-13,947,Giá vốn (80%): Bộ nhớ trong ram 8GB/3200 KINGMAX ZERUS,632,1561,2094545.6
2023-09-13,947,Bộ nhớ trong máy tính xách tay 8GB/3200 Kingmax,131,511,1890909.0
2023-09-13,947,Giá vốn (80%): Bộ nhớ trong máy tính xách tay 8GB/3200 Kingmax,632,1561,1512727.2
2023-09-13,290,Tivi Samsung UA75BU8000,6422,1111,18090909.0
2023-09-13,947,Giá vốn (80%): Ổ cứng máy tính 1tb WD BLUE,632,1561,2589091.2
2023-09-13,947,Bộ nhớ trong ram 8GB/3200 KINGMAX ZERUS,131,511,2618182.0
2023-09-13,947,Ổ cứng máy tính 1tb WD BLUE,131,511,3236364.0
2023-09-13,947,Giá vốn (80%): Bộ vi xử lý vi tính Intel Core I5-10400 + Quạt,632,1561,2545454.4
2023-09-13,5045,Camera kỹ thuật số có chức năng ghi hiệu EZVIZ mã CS-C6N (B0-1G2WF) (1080P),6422,1111,5318182.0
2023-09-13,947,Giá vốn (80%): Bảng mạch chính ASUS PRIME H510M-k,632,1561,2400000.0
2023-09-13,947,Bảng mạch chính ASUS PRIME H510M-k,131,511,3000000.0
2023-09-13,948,Giá vốn (80%): MÁY IN Canon Laser LBP-2900,632,1561,2872727.2
2023-09-13,948,MÁY IN Canon Laser LBP-2900,131,511,3590909.0
2023-09-13,2423,Máy chấm công bằng dấu vân tay DG600BID,6422,1111,3200000.0
2023-09-13,878,Máy chiếu đa năng ViewSonic LS500WHE,6422,1111,13500000.0
2023-09-13,947,Bộ vi xử lý vi tính Intel Core I5-10400 + Quạt,131,511,3181818.0
2023-09-14,15228,4K0Z7PA: Máy tính xách tay HP 14s-fq1080AU - AMD Ryzen 3 5300U / 4GB DDR4-3200/ SSD 256GB / Radeon Vega Graphics/ 14” HD/ Windows 11 Home/ Natural Silver/ 1Y,6422,1111,13090910.0
2023-09-14,9286,Phần mềm diệt virus Bkav Pro Internet Security Al,642,1111,185000.0
2023-09-14,949,Giá vốn (80%): Bộ nhớ trong ram 8GB/3200 KINGMAX,632,1561,363636.0
2023-09-14,949,Bộ nhớ trong ram 8GB/3200 KINGMAX,131,511,454545.0
2023-09-14,954,Giá vốn (80%): Tivi SamsungUA75BU8000,632,1561,21709091.2
2023-09-14,954,Tivi SamsungUA75BU8000,131,511,27136364.0
2023-09-14,951,Giá vốn (80%): Màn chiếu chân P84TS,632,1561,962963.2
2023-09-14,951,Màn chiếu chân P84TS,131,511,1203704.0
2023-09-14,952,Cáp dữ liệu VIDEO HDMI 1.4 truyền âm thanh hình ảnh dài10M Ugreen (10110),131,511,381818.0
2023-09-14,952,Giá vốn (80%): Máy chiếu đa năng ViewSonic LS500WHE,632,1561,12138181.6
2023-09-14,952,Máy chiếu đa năng ViewSonic LS500WHE,131,511,15172727.0
2023-09-14,953,Giá vốn (80%): MÁY IN ĐA NĂNG Brother MFC-L2701D,632,1561,4000000.0
2023-09-14,953,MÁY IN ĐA NĂNG Brother MFC-L2701D,131,511,5000000.0
2023-09-14,950,Giá vốn (80%): Máy chấm công bằng dấu vân tay DG600BID,632,1561,2437036.8
2023-09-14,950,Máy chấm công bằng dấu vân tay DG600BID,131,511,3046296.0
2023-09-14,952,Giá vốn (80%): Cáp dữ liệu VIDEO HDMI 1.4 truyền âm thanh hình ảnh dài10M Ugreen (10110),632,1561,305454.4
2023-09-15,311610,DO 0.001S-V,6422,1111,454545.0
2023-09-15,955,"Giá vốn (80%): Hộp mực (cartridge) đã có mực in dùng cho máy inlaser, loại 2612A/C-P303/FX9/FX10, hiệu LPT",632,1561,138181.6
2023-09-15,955,"Hộp mực (cartridge) đã có mực in dùng cho máy inlaser, loại 2612A/C-P303/FX9/FX10, hiệu LPT",131,511,172727.0
2023-09-16,957,"Giá vốn (80%): Màn hình máy tính Lenovo H20215FE0 - "" E22 - 28 (H20215FE0)21.5 inch Monitor-HDMI, Linecord, P/N:62B9MAR4WW",632,1561,1738181.6
2023-09-16,957,Giá vốn (80%): Bộ nhớ trong Ram 4GB/2666 Kingmax,632,1561,327272.8
2023-09-16,957,Bộ nhớ trong Ram 4GB/2666 Kingmax,131,511,409091.0
2023-09-16,957,Giá vốn (80%): MÁY TÍNH ĐỂ BÀN (PC) LENOVO ThinkCentre neo50s Gen 3 i5 - 12400 (6*2.5)/4GD4/256GSSD/WL/BT/KB/M/NoOS/ĐEN(11T000AXVA),632,1561,8101818.4
2023-09-16,957,MÁY TÍNH ĐỂ BÀN (PC) LENOVO ThinkCentre neo50s Gen 3 i5 - 12400 (6*2.5)/4GD4/256GSSD/WL/BT/KB/M/NoOS/ĐEN(11T000AXVA),131,511,10127273.0
2023-09-16,956,"Giá vốn (80%): Thiết bị đầu cuối GSM/W-CDMA FDD 2.4GHz TP-Link, M7350",632,1561,2945455.2
2023-09-16,956,"Thiết bị đầu cuối GSM/W-CDMA FDD 2.4GHz TP-Link, M7350",131,511,3681819.0
2023-09-16,956,Giá vốn (80%): Chuột máy tính  Dell MS116,632,1561,654545.6
2023-09-16,957,"Màn hình máy tính Lenovo H20215FE0 - "" E22 - 28 (H20215FE0)21.5 inch Monitor-HDMI, Linecord, P/N:62B9MAR4WW",131,511,2172727.0
2023-09-16,956,Giá vốn (80%): Bàn phím Dell Multimedia KB 216,632,1561,1090908.8
2023-09-16,956,Bàn phím Dell Multimedia KB 216,131,511,1363636.0
2023-09-16,956,Giá vốn (80%): Camera quan sát CS - H8C (1080P),632,1561,2727272.8
2023-09-16,956,Camera quan sát CS - H8C (1080P),131,511,3409091.0
2023-09-16,956,Giá vốn (80%): Máy  in Brother DCP - B7535DW,632,1561,3781817.6
2023-09-16,956,Máy  in Brother DCP - B7535DW,131,511,4727272.0
2023-09-16,958,"Giá vốn (80%): Ổ cứng SSD Western loại WDS500G3B0A,500GB",632,1561,785454.4
2023-09-16,958,"Ổ cứng SSD Western loại WDS500G3B0A,500GB",131,511,981818.0
2023-09-16,956,Chuột máy tính  Dell MS116,131,511,818182.0
2023-09-17,961,Giá vốn (80%): Chuột Logitech G402 Hyperion Fury (910-004070),632,1561,727272.8
2023-09-17,961,Chuột Logitech G402 Hyperion Fury (910-004070),131,511,909091.0
2023-09-17,959,Giá vốn (80%): Máy Scan HP 2000S2 (6FW06A),632,1561,5345454.4
2023-09-17,959,Máy Scan HP 2000S2 (6FW06A),131,511,6681818.0
2023-09-17,968,Mực in 337 Number One,131,511,1200000.0
2023-09-17,969,"MÀN HÌNH 27"" LENOVO S27E-20 62AFKAR2WW",131,511,3281818.0
2023-09-17,968,Giá vốn (80%): Mực in 337 Number One,632,1121,960000.0
2023-09-17,961,"Bút trình chiếu hiệu Rapoo mới 100%. WirelessPrensenter BLACK, XR200",131,511,363636.0
2023-09-17,964,Giá vốn (80%): Phần mềm Kaspersky KL1867MUAFS,632,1561,240000.0
2023-09-17,969,"Giá vốn (80%): MÀN HÌNH 27"" LENOVO S27E-20 62AFKAR2WW",632,1561,2625454.4
2023-09-17,961,"Giá vốn (80%): Bút trình chiếu hiệu Rapoo mới 100%. WirelessPrensenter BLACK, XR200",632,1561,290908.8
2023-09-17,967,ĐẦU GHI HÌNH KTS 4 KÊNH KX-7104AI,131,511,1622727.0
2023-09-17,960,"Giá vốn (80%): Máy tính xách tay Lenovo ThinkBook 14 G4 IAP-I3-1215U(1.2G)-8GB RAM-256GB SSD-WF+BL,Fingerprint-14""FHD- DOS - 2Yr; P/N 21DH00B0VN",632,1561,9745454.4
2023-09-17,960,Thiết bị chuyển mạch TP -LINK 5port _ TL - SG1005D,131,511,381818.0
2023-09-17,960,Giá vốn (80%): Thiết bị chuyển mạch TP -LINK 5port _ TL - SG1005D,632,1561,305454.4
2023-09-17,967,Giá vốn (80%): ĐẦU GHI HÌNH KTS 4 KÊNH KX-7104AI,632,1561,1298181.6
2023-09-17,962,"Ổ CỨNG DI ĐỘNG (HDD) SEAGATE EXPANSIONPORTABLE 2TB 2.5""  USB 3.0 (STKM2000400)",131,511,1772727.0
2023-09-17,962,"Giá vốn (80%): Ổ CỨNG DI ĐỘNG (HDD) SEAGATE EXPANSIONPORTABLE 2TB 2.5""  USB 3.0 (STKM2000400)",632,1561,1418181.6
2023-09-17,963,MÁY TÍNH XÁCH TAY (NB) HP Pavilion 15 - eg2084TUi5-1240P/8GD4/256GSSD/15.6FHD/WLax/BT5/3C41WHr/ALUp/W11SL/VÀNG(7C0Q6PA),131,511,15627273.0
2023-09-17,305,"Đầu ghi hình KTS 4 kênh  (DH - XVR 1B04 - I), phụ kiện",6422,1111,668182.0
2023-09-17,963,Chuột vi tính Rapoo M20,131,511,145454.0
2023-09-17,963,Giá vốn (80%): Chuột vi tính Rapoo M20,632,1561,116363.2
2023-09-17,964,Phần mềm Kaspersky KL1867MUAFS,131,511,300000.0
2023-09-17,960,"Máy tính xách tay Lenovo ThinkBook 14 G4 IAP-I3-1215U(1.2G)-8GB RAM-256GB SSD-WF+BL,Fingerprint-14""FHD- DOS - 2Yr; P/N 21DH00B0VN",131,511,12181818.0
2023-09-17,965,Giá vốn (80%): Đầu bấm dây cáp mạng Ensoho EN - RJ45C6 RJ - 45cat6,632,1561,160000.0
2023-09-17,963,Giá vốn (80%): MÁY TÍNH XÁCH TAY (NB) HP Pavilion 15 - eg2084TUi5-1240P/8GD4/256GSSD/15.6FHD/WLax/BT5/3C41WHr/ALUp/W11SL/VÀNG(7C0Q6PA),632,1561,12501818.4
2023-09-17,965,"Giá vốn (80%): Thiết bị định tuyến có thu phát vô tuyến TP-Link ,2.4/5 GHz, Archer C58HP",632,1561,2618181.6
2023-09-17,3961,Camera quan sát DS-2CE72DF3T-FS,6422,1111,2008800.0
2023-09-17,3961,Đầu ghi hình DS-7204HGHI-K1,6422,1111,609322.0
2023-09-17,3961,Camera quan sát CS-H8C (1080P),6422,1111,7300000.0
2023-09-17,3961,"Camera quan sát CS-H8C (4MP,4MM)",6422,1111,1700000.0
2023-09-17,6359,THU PHI CK CTY THE GIOI SO,6422,1111,40000.0
2023-09-17,6359,Thuế GTGT: THU PHI CK CTY THE GIOI SO,1331,1111,4000.0
2023-09-17,6358,THU PHI CK CTY CTY PHUONG KHANG,6422,1111,23000.0
2023-09-17,6358,Thuế GTGT: THU PHI CK CTY CTY PHUONG KHANG,1331,1111,2300.0
2023-09-17,6357,THU PHI CK CTY ADG TAI DA NANG,6422,1111,40000.0
2023-09-17,6357,Thuế GTGT: THU PHI CK CTY ADG TAI DA NANG,1331,1111,4000.0
2023-09-17,966,MÁY TÍNH ĐỂ BÀN (PC) LENOVO ThinkCentre neo50s Gen 3 i5 - 12400(6*2.5)/4GD4/256GSSD/WL/BT/KB/M/NoOS/ĐEN(11T000AXVA),131,511,10454545.0
2023-09-17,965,Đầu bấm dây cáp mạng Ensoho EN - RJ45C6 RJ - 45cat6,131,511,200000.0
2023-09-17,966,MÀN HÌNH VI TÍNH (LCD) LENOVO ThinkVision S24e -20-23.8 INCH/1920x1080/WLED/VGA/HDMI/ĐEN (62AEKAR2WW),131,511,2727273.0
2023-09-17,966,Giá vốn (80%): MÀN HÌNH VI TÍNH (LCD) LENOVO ThinkVision S24e -20-23.8 INCH/1920x1080/WLED/VGA/HDMI/ĐEN (62AEKAR2WW),632,1561,2181818.4
2023-09-17,965,Tủ Rack 6UD400,131,511,1636364.0
2023-09-17,965,Giá vốn (80%): Tủ Rack 6UD400,632,1561,1309091.2
2023-09-17,965,"Thiết bị chuyển mạch TP-Link, TL - SG1024D",131,511,4772727.0
2023-09-17,965,"Giá vốn (80%): Thiết bị chuyển mạch TP-Link, TL - SG1024D",632,1561,3818181.6
2023-09-17,965,"Thanh phân phối cổng mạng cat 6, 24 Port, loại 1402-04011, hiệu Dintek",131,511,5154546.0
2023-09-17,965,"Giá vốn (80%): Thanh phân phối cổng mạng cat 6, 24 Port, loại 1402-04011, hiệu Dintek",632,1561,4123636.8
2023-09-17,965,"Bộ định tuyến  Tp-Link 2.4GHz 450M,TL- WR941HP",131,511,2454545.0
2023-09-17,965,"Giá vốn (80%): Bộ định tuyến  Tp-Link 2.4GHz 450M,TL- WR941HP",632,1561,1963636.0
2023-09-17,965,"Thiết bị định tuyến có thu phát vô tuyến TP-Link ,2.4/5 GHz, Archer C58HP",131,511,3272727.0
2023-09-17,966,Giá vốn (80%): MÁY TÍNH ĐỂ BÀN (PC) LENOVO ThinkCentre neo50s Gen 3 i5 - 12400(6*2.5)/4GD4/256GSSD/WL/BT/KB/M/NoOS/ĐEN(11T000AXVA),632,1561,8363636.0
2023-09-18,6396,THU PHI CK CTY HOI TU THONG MINH,6422,1111,15000.0
2023-09-18,157,Hộp mực in iziNet 12A/303/FX9 Universal,6422,1111,2560000.0
2023-09-18,157,Hộp mực in EcoPlus 12A/303/FX9 Universal,6422,1111,1760000.0
2023-09-18,1483,"Laptop Lenovo V15 G3 82TT00N9VN I5 1235U 8Gb SSD512GB Intel Iris Xe 15.6"" FHD Win11 Xám",6422,1111,97272727.0
2023-09-18,2052,"Hộp mực (cartridge) đã có mực in dùng cho máy laser, loại LH435A/436A/285A/278A (HP P1002/1003/1004/1005/1006/1009), hiệu Maetone",6422,1111,236364.0
2023-09-18,6385,TP RTM CTY HUY VU,6422,1111,20000.0
2023-09-18,2052,"Hộp mực (Catridge) đã có mực in dùng cho máy in laser loại 35A,nhãn hiệu Xppro",6422,1111,381818.0
2023-09-18,2052,"Hộp mực (Catridge) đã có mực in dùng cho máy in laser loại 12a,nhãn hiệu Xppro",6422,1111,490909.0
2023-09-18,6396,Thuế GTGT: THU PHI CK CTY HOI TU THONG MINH,1331,1111,1500.0
2023-09-18,6385,Thuế GTGT: TP RTM CTY HUY VU,1331,1111,2000.0
2023-09-18,970,Mực in 308 Number One,131,511,409091.0
2023-09-18,6810,Chuột máy tính N100 BLACK - Optical Mouse,6422,1111,7690909.0
2023-09-18,6395,THU PHI CK CTY SYNNEX FPT,6422,1111,23000.0
2023-09-18,6395,Thuế GTGT: THU PHI CK CTY SYNNEX FPT,1331,1111,2300.0
2023-09-18,971,Chuột vi tính Rapoo M20,131,511,218182.0
2023-09-18,971,Giá vốn (80%): Chuột vi tính Rapoo M20,632,1561,174545.6
2023-09-18,6397,THU PHI CK CTY VIEN SON,6422,1111,23000.0
2023-09-18,6397,Thuế GTGT: THU PHI CK CTY VIEN SON,1331,1111,2300.0
2023-09-18,139161,THU LAI VAY LD2319500514,6422,1111,421918.0
2023-09-18,139160,THU LAI VAY LD2319400601,6422,1111,338779.0
2023-09-18,139159,THU LAI VAY LD2318800574,6422,1111,254787.0
2023-09-18,2052,"Hộp mực (cartridge) đã có mực in dùng cho máy in laser, loại LH2612A (HP1010/1012/3050/FX9) , hiệu Maetone",6422,1111,272727.0
2023-09-18,970,Giá vốn (80%): Mực in 308 Number One,632,1121,327272.8
2023-09-18,139152,THU LAI VAY LD2319100675,6422,1111,532519.0
2023-09-18,2052,Mực nạp đổ XP NPG 6,6422,1111,172727.0
2023-09-18,5955,Thẻ nhớ Patriot 32GB MicroSDHC C10 P/N PSF32GMDC10,6422,1111,1854545.0
2023-09-18,2052,"Máy in nhiệt 8350 màu đen + USB+ LAN, hiệu Ecoprint",6422,1111,1136364.0
2023-09-18,972,"ổ cứng gắn ngoài 2TB Slim StoreJet 2.5"" M3S Transcend",131,511,2409091.0
2023-09-18,972,"Giá vốn (80%): ổ cứng gắn ngoài 2TB Slim StoreJet 2.5"" M3S Transcend",632,1561,1927272.8
2023-09-18,973,Trống từ BROTHER  DR - 2385,131,511,1618182.0
2023-09-18,973,Giá vốn (80%): Trống từ BROTHER  DR - 2385,632,1561,1294545.6
2023-09-18,973,MỰC LASER ĐEN BROTHER 2240,131,511,250000.0
2023-09-18,974,"Laptop Lenovo V15 G3 82TT00N9VN - I5 /1235U 8Gb/ SSD512GB/ Intel Iris Xe/15.6"" FHD Win11/ Xám",131,511,40000000.0
2023-09-18,974,"Giá vốn (80%): Laptop Lenovo V15 G3 82TT00N9VN - I5 /1235U 8Gb/ SSD512GB/ Intel Iris Xe/15.6"" FHD Win11/ Xám",632,1561,32000000.0
2023-09-18,975,4K0Z7PA : Máy tính xách tay HP 14s- fq1080AU -AMD Ryzen3 5300U / 4GB DDR4-3200/ SSD 256GB /RadeonVegaGraphics/ 14” HD/ Windows 11 Home/Natural Silver,131,511,13909091.0
2023-09-18,975,Giá vốn (80%): 4K0Z7PA : Máy tính xách tay HP 14s- fq1080AU -AMD Ryzen3 5300U / 4GB DDR4-3200/ SSD 256GB /RadeonVegaGraphics/ 14” HD/ Windows 11 Home/Natural Silver,632,1561,11127272.8
2023-09-18,973,Giá vốn (80%): MỰC LASER ĐEN BROTHER 2240,632,1561,200000.0
2023-09-18,976,"Giá vốn (80%): Ổ CỨNG DI ĐỘNG (HDD) SEAGATE EXPANSIONPORTABLE 1TB 2.5"" USB 3.0 (STKM1000400)",632,1561,945454.4
2023-09-18,976,Nguồn Jetek Model 400 ELITE V2,131,511,363636.0
2023-09-18,976,Giá vốn (80%): Nguồn Jetek Model 400 ELITE V2,632,1561,290908.8
2023-09-18,977,Cáp dữ liệu VIDEO HDMI 1.4 truyền âm thanh hình ảnh dài5M Ugreen (10109),131,511,245455.0
2023-09-18,977,Giá vốn (80%): Cáp dữ liệu VIDEO HDMI 1.4 truyền âm thanh hình ảnh dài5M Ugreen (10109),632,1561,196364.0
2023-09-18,977,Chuột máy tính Logitech M187,131,511,254545.0
2023-09-18,977,Giá vốn (80%): Chuột máy tính Logitech M187,632,1561,203636.0
2023-09-18,5955,Thẻ nhớ Patriot VX Series 64GB MICRO SDXC V30 P/N 7FCNB6JPUVI-64G,6422,1111,3327273.0
2023-09-18,5955,Thẻ nhớ Patriot VX Series 128GB MICRO SDXC V30 P/N 7FCNB6KPUVI-128G,6422,1111,1463636.0
2023-09-18,976,"Ổ CỨNG DI ĐỘNG (HDD) SEAGATE EXPANSIONPORTABLE 1TB 2.5"" USB 3.0 (STKM1000400)",131,511,1181818.0
2023-09-18,5955,Thẻ nhớ Patriot 256GB Micro SDXC V30 P/N PEF256GEP31MCX,6422,1111,1586364.0
2023-09-19,981,ổ cứng di động 32GB U301 USB 3.2 Gen 1 Kioxia - Trắng,131,511,245455.0
2023-09-19,981,Giá vốn (80%): Vỏ thùng máy tính Jetek EN15,632,1561,545455.2
2023-09-19,981,Vỏ thùng máy tính Jetek EN15,131,511,681819.0
2023-09-19,981,"Giá vốn (80%): Thiết bị thu phát vô tuyến TP -Link, TL - WN822N",632,1561,523636.0
2023-09-19,981,"Ổ cứng máy tính SSD Western WDS240G2G0A, 240GB",131,511,3545455.0
2023-09-19,981,Giá vốn (80%): ổ cứng gắn trong 480GB SSD Exceria BiCS FLASH2.5''SATA3 Kioxia,632,1561,2007271.2
2023-09-19,981,ổ cứng gắn trong 480GB SSD Exceria BiCS FLASH2.5''SATA3 Kioxia,131,511,2509089.0
2023-09-19,981,"Giá vốn (80%): Ổ cứng máy tính SSD Western WDS240G2G0A, 240GB",632,1561,2836364.0
2023-09-19,981,Giá vốn (80%): ổ cứng di động 32GB U301 USB 3.2 Gen 1 Kioxia - Trắng,632,1561,196364.0
2023-09-19,981,"Thiết bị thu phát vô tuyến TP -Link, TL - WN822N",131,511,654545.0
2023-09-19,981,Chuột vi tính Rapoo M20,131,511,568182.0
2023-09-19,982,Giá vốn (80%): Chuột vi tính  Rapoo M22,632,1561,305454.4
2023-09-19,981,Bàn phím Rapoo NK2500,131,511,1136364.0
2023-09-19,981,Giá vốn (80%): Bàn phím Rapoo NK2500,632,1561,909091.2
2023-09-19,981,Chuột vi tính Rapoo N100,131,511,454545.0
2023-09-19,981,Giá vốn (80%): Chuột vi tính Rapoo N100,632,1561,363636.0
2023-09-19,981,Nguồn Jetek Model 350 ELITE V2,131,511,327273.0
2023-09-19,981,Giá vốn (80%): Nguồn Jetek Model 350 ELITE V2,632,1561,261818.4
2023-09-19,981,Giá vốn (80%): Nguồn máy tính  Jetek mini A200m,632,1561,465454.4
2023-09-19,982,Chuột máy tính Dell MS116,131,511,500000.0
2023-09-19,982,Giá vốn (80%): Chuột máy tính Dell MS116,632,1561,400000.0
2023-09-19,980,Giá vốn (80%): Máy  In Canon Laser LBP - 2900,632,1561,3054545.6
2023-09-19,981,Giá vốn (80%): Chuột vi tính Rapoo M20,632,1561,454545.6
2023-09-19,980,Máy  In Canon Laser LBP - 2900,131,511,3818182.0
2023-09-19,982,Chuột vi tính  Rapoo M22,131,511,381818.0
2023-09-19,979,Bộ nhớ trong  Kingston 4GD4 / 2666,131,511,363636.0
2023-09-19,979,Giá vốn (80%): Bộ nhớ trong  Kingston 4GD4 / 2666,632,1561,290908.8
2023-09-19,983,Máy in Brother HL - L2321D,131,511,2636364.0
2023-09-19,983,Giá vốn (80%): Máy in Brother HL - L2321D,632,1561,2109091.2
2023-09-19,984,Camera quan sát DS-2CE16D0T - LFS,131,511,936363.0
2023-09-19,984,Giá vốn (80%): Camera quan sát DS-2CE16D0T - LFS,632,1561,749090.4
2023-09-19,984,Camera quan sát DS-2CE76D0T - LMFS,131,511,3745456.0
2023-09-19,984,Giá vốn (80%): Camera quan sát DS-2CE76D0T - LMFS,632,1561,2996364.8
2023-09-19,984,Nguồn 12V 1A ADS-12FG-12N,131,511,545455.0
2023-09-19,984,Giá vốn (80%): Nguồn 12V 1A ADS-12FG-12N,632,1561,436364.0
2023-09-19,984,"Cáp mạng Cat 5e UTP , Hiệu Aptek",131,511,3290908.0
2023-09-19,984,"Giá vốn (80%): Cáp mạng Cat 5e UTP , Hiệu Aptek",632,1561,2632726.4
2023-09-19,984,"Đầu ghi hình KTS 4 kênh (DH - XVR 1B04 - I),",131,511,890909.0
2023-09-19,981,Nguồn máy tính  Jetek mini A200m,131,511,581818.0
2023-09-19,984,Ổ cứng máy tính,131,511,590909.0
2023-09-19,979,Giá vốn (80%): ổ cứng gắn trong 480GB SSD Exceria BiCS FLASH 2.5''SATA3 Kioxia,632,1561,800000.0
2023-09-19,978,Giá vốn (80%): MÁY TÍNH XÁCH TAY (NB) LENOVO V14 G3 IAP i3 -1215U/8GD4/256GSSD/14.0FHD/IPS/WL/BT/2C38/NoOS/ĐEN (82TS0060VN),632,1561,58909091.2
2023-09-19,978,MÁY TÍNH XÁCH TAY (NB) LENOVO V14 G3 IAP i3 -1215U/8GD4/256GSSD/14.0FHD/IPS/WL/BT/2C38/NoOS/ĐEN (82TS0060VN),131,511,73636364.0
2023-09-19,80210,Máy quét HP ScanJet Pro 2000 S2 Sheet-feed (6FW06A),6422,1111,6263636.0
2023-09-19,984,"Giá vốn (80%): Đầu ghi hình KTS 4 kênh (DH - XVR 1B04 - I),",632,1561,712727.2
2023-09-19,979,ổ cứng gắn trong 480GB SSD Exceria BiCS FLASH 2.5''SATA3 Kioxia,131,511,1000000.0
2023-09-19,26,Phần mềm Win Pro 11 64Bit Eng Intl 1pk DSP OEI DVD (FQC-10528),6422,1111,2600000.0
2023-09-19,985,"Giá vốn (80%): ổ cứng lắp trong Western Digital 2TB 3.5""Sata 3,màu xanh (Blue)(WD20EZBX)",632,1561,909091.2
2023-09-19,985,"ổ cứng lắp trong Western Digital 2TB 3.5""Sata 3,màu xanh (Blue)(WD20EZBX)",131,511,1136364.0
2023-09-19,984,Giá vốn (80%): Ổ cứng máy tính,632,1561,472727.2
2023-09-19,1815,Máy chiếu Panasonic PT-LB306 ( kèm dây HDMI 1.5m),6422,1111,12000000.0
2023-09-20,142290,Thiết bị thu phát vô tuyến TP-LINK_TL-WA850RE,6422,1111,1909090.0
2023-09-20,6456,Thuế GTGT: TP CK CTY DIEP KHANH,1331,1111,2300.0
2023-09-20,6456,TP CK CTY DIEP KHANH,6422,1111,23000.0
2023-09-20,140211,THU LAI VAY LD2319800504,6422,1111,200570.0
2023-09-20,142290,"Bộ định tuyến có chức năng  thu phát vô tuyến TP-LINK, 2,4 GHz/ W-CDMA FDD/ GSM_TL-MR6400",6422,1111,2918181.0
2023-09-20,142290,Thiết bị chuyển mạch TP-LINK_TL-SG108,6422,1111,1804545.0
2023-09-20,142290,"USB hỗ trợ kết nối bluetooth, hiệu TP-LINK_UB500",6422,1111,445455.0
2023-09-20,142290,Thiết bị thu phát vô tuyến TP-LINK_TL-WN725N,6422,1111,1945460.0
2023-09-20,142290,"Bộ định tuyến TP-LINK, 2,4GHz/5GHz_Archer C50",6422,1111,1768180.0
2023-09-20,142289,"Thiết bị đầu cuối GSM/ W-CDMA FDD/E-UTRA FDD, 2,4 GHz TP-LINK_M7350",6422,1111,2400000.0
2023-09-20,2064,"Thanh từ (linh kiện của hộp mực (cartridge) dùng cho máy in laser), loại MR 35A/36A/78A/85A",6422,1111,90909.0
2023-09-20,142289,"Thiết bị thu phát vô tuyến 2,4/5GHz, TP-LINK_Archer T2UB Nano",6422,1111,418182.0
2023-09-20,2064,"Hộp mực (cartridge) đã có mực in dùng cho máy in laser, loại LH2612A (HP1010/1012/3050/FX9) , hiệu Maetone",6422,1111,1000000.0
2023-09-20,2064,"Hộp mực (Cartridge) đã có mực in dùng cho máy in laser, loại LH2612A ( HP1010/1012/CN2900), hiệu Premium",6422,1111,818182.0
2023-09-20,2064,"Hộp mực (cartridge) đã có mực in dùng cho máy in laser, loại LHCF226A (HP 402/402DN), hiệu XPPRO",6422,1111,454546.0
2023-09-20,6457,TP CK CTY VINH XUAN,6422,1111,23000.0
2023-09-20,2064,Thanh từ MR 05/2035/2055,6422,1111,113636.0
2023-09-20,2064,"Lô sấy 1200, hiệu Chunghsin",6422,1111,272727.0
2023-09-20,2064,Lô sấy loại 1200 hiệu NINGBO lòng vàng,6422,1111,181818.0
2023-09-20,988,Giá vốn (80%): Phần mềm Win Pro 11 64Bit Eng Intl 1pk DSP OEIDVD (FQC-10528),632,1561,2280000.0
2023-09-20,988,Phần mềm Win Pro 11 64Bit Eng Intl 1pk DSP OEIDVD (FQC-10528),131,511,2850000.0
2023-09-20,142289,Thiết bị định tuyến 2G/3G/4G băng tần 2.4 GHz TP-LINK_TL-MR100,6422,1111,2100000.0
2023-09-20,6457,Thuế GTGT: TP CK CTY VINH XUAN,1331,1111,2300.0
2023-09-20,987,Máy  in Brother HL - L2321D,131,511,2636364.0
2023-09-20,6458,Thuế GTGT: TP CK CTY NGUYEN HUU DAT,1331,1111,2300.0
2023-09-20,993,Giá vốn (80%): Màn chiếu chân P70TS,632,1561,925925.6
2023-09-20,993,Màn chiếu chân P70TS,131,511,1157407.0
2023-09-20,995,Giá vốn (80%): Máy  In Canon Laser LBP-2900,632,1561,2676364.0
2023-09-20,995,Máy  In Canon Laser LBP-2900,131,511,3345455.0
2023-09-20,995,Giá vốn (80%): Bộ máy vi tính,632,1561,7010908.8
2023-09-20,995,Bộ máy vi tính,131,511,8763636.0
2023-09-20,996,Giá vốn (80%): ổ cứng gắn trong 240GB SSD Exceria BiCS FLASH 2.5''SATA3 Kioxia,632,1561,494545.6
2023-09-20,996,ổ cứng gắn trong 240GB SSD Exceria BiCS FLASH 2.5''SATA3 Kioxia,131,511,618182.0
2023-09-20,997,Giá vốn (80%): Chuột vi tính Rapoo N100,632,1561,36363.2
2023-09-20,997,Chuột vi tính Rapoo N100,131,511,45454.0
2023-09-20,997,Giá vốn (80%): Bàn phím Rapoo NK2500,632,1561,94545.6
2023-09-20,997,Bàn phím Rapoo NK2500,131,511,118182.0
2023-09-20,987,Giá vốn (80%): CPU MÁY TÍNH,632,1561,5156363.2
2023-09-20,987,CPU MÁY TÍNH,131,511,6445454.0
2023-09-20,987,"Giá vốn (80%): Màn hình máy tính Lenovo H20215FE0 - "" E22-28 (H20215FE0)21.5 inch Monitor-HDMI, Linecord, P/N:62B9MAR4WW",632,1561,1738181.6
2023-09-20,987,"Màn hình máy tính Lenovo H20215FE0 - "" E22-28 (H20215FE0)21.5 inch Monitor-HDMI, Linecord, P/N:62B9MAR4WW",131,511,2172727.0
2023-09-20,987,Giá vốn (80%): Máy  in Brother HL - L2321D,632,1561,2109091.2
2023-09-20,989,Giá vốn (80%): MÀN HÌNH VI TÍNH (LCD)  LENOVO ThinkVision S24e -2023.8 INCH/1920x1080/WLED/VGA/HDMI/ĐEN/3Y(62AEKAR2WW),632,1561,9818181.6
2023-09-20,986,Giá vốn (80%): Mực nạp đổ XP12 - 140,632,1561,327272.8
2023-09-20,986,Mực nạp đổ XP12 - 140,131,511,409091.0
2023-09-20,2063,"Màn chiếu ba chân 70x70, hiệu ECO SCREEN",6422,1111,1259259.0
2023-09-20,6458,TP CK CTY NGUYEN HUU DAT,6422,1111,23000.0
2023-09-20,989,MÀN HÌNH VI TÍNH (LCD)  LENOVO ThinkVision S24e -2023.8 INCH/1920x1080/WLED/VGA/HDMI/ĐEN/3Y(62AEKAR2WW),131,511,12272727.0
2023-09-20,2064,"Trống (Linh kiện cho máy in vi tính), nhãn hiệu Gantech, loại CF226A, màu Green",6422,1111,318182.0
2023-09-20,989,"Màn hình máy tính Lenovo H20215FE0 - "" E22-28 (H20215FE0)21.5 inch Monitor-HDMI, Linecord, 3YR WTYWarrantyCode:3years limited"", P/N:62B9MAR4WW",131,511,10590909.0
2023-09-20,992,Máy chiếu Panasonic PT-LB306,131,511,13227273.0
2023-09-20,994,Giá vốn (80%): Chuột máy tính  Logitech B100,632,1561,65454.4
2023-09-20,994,Chuột máy tính  Logitech B100,131,511,81818.0
2023-09-20,994,Giá vốn (80%): Bàn phím  Logitech K120,632,1561,130908.8
2023-09-20,994,Bàn phím  Logitech K120,131,511,163636.0
2023-09-20,994,Giá vốn (80%): Vỏ thùng máy tính JETEK X917,632,1561,283636.8
2023-09-20,994,Vỏ thùng máy tính JETEK X917,131,511,354546.0
2023-09-20,994,Giá vốn (80%): Cạc màn hình Asus GT730-SL-2GD5- BRK,632,1561,1083636.0
2023-09-20,994,Cạc màn hình Asus GT730-SL-2GD5- BRK,131,511,1354545.0
2023-09-20,994,Giá vốn (80%): Nguồn Jetek Model J450,632,1561,501818.4
2023-09-20,989,"Giá vốn (80%): Màn hình máy tính Lenovo H20215FE0 - "" E22-28 (H20215FE0)21.5 inch Monitor-HDMI, Linecord, 3YR WTYWarrantyCode:3years limited"", P/N:62B9MAR4WW",632,1561,8472727.2
2023-09-20,994,Giá vốn (80%): ổ cứng gắn trong 240GB SSD Exceria BiCS FLASH 2.5''SATA3 Kioxia,632,1561,501818.4
2023-09-20,994,ổ cứng gắn trong 240GB SSD Exceria BiCS FLASH 2.5''SATA3 Kioxia,131,511,627273.0
2023-09-20,994,Giá vốn (80%): Bộ nhớ máy vi tính Kingmax 8GBDDR4-3200 (KM-LD4-3200-8GS),632,1561,450908.8
2023-09-20,994,Bộ nhớ máy vi tính Kingmax 8GBDDR4-3200 (KM-LD4-3200-8GS),131,511,563636.0
2023-09-20,994,Giá vốn (80%): Bộ vi xử lý vi tính Intel Corei3-10105F (BX8070110105FSRH8V)+ Quạt,632,1561,1374545.6
2023-09-20,994,Bộ vi xử lý vi tính Intel Corei3-10105F (BX8070110105FSRH8V)+ Quạt,131,511,1718182.0
2023-09-20,994,Giá vốn (80%): Bảng mạch chính của máy vi tính hiệu ASUS PRIMEH510M - K R2.0-CSM-SI,632,1561,1229091.2
2023-09-20,994,Bảng mạch chính của máy vi tính hiệu ASUS PRIMEH510M - K R2.0-CSM-SI,131,511,1536364.0
2023-09-20,994,"Giá vốn (80%): Màn hình máy tính Lenovo H20215FE0 - "" E22-28 (H20215FE0) 21.5 inch Monitor-HDMI"", P/N:62B9MAR4WW",632,1561,1760000.0
2023-09-20,994,"Màn hình máy tính Lenovo H20215FE0 - "" E22-28 (H20215FE0) 21.5 inch Monitor-HDMI"", P/N:62B9MAR4WW",131,511,2200000.0
2023-09-20,992,Giá vốn (80%): Máy chiếu Panasonic PT-LB306,632,1561,10581818.4
2023-09-20,991,Thiết bị định tuyến 2G/3G/4G băng tần 2.4 GHzTP-LINK_TL-MR100,131,511,1909091.0
2023-09-20,994,Nguồn Jetek Model J450,131,511,627273.0
2023-09-20,990,Loa SoundMax A130/2.0,131,511,290909.0
2023-09-20,991,Giá vốn (80%): Thiết bị định tuyến 2G/3G/4G băng tần 2.4 GHzTP-LINK_TL-MR100,632,1561,1527272.8
2023-09-20,989,Giá vốn (80%): Bộ nhớ máy vi tính Kingmax 16GBDDR4-3200 (KM-LD4-3200-16GS),632,1561,2490908.0
2023-09-20,989,Bộ nhớ máy vi tính Kingmax 16GBDDR4-3200 (KM-LD4-3200-16GS),131,511,3113635.0
2023-09-20,989,Giá vốn (80%): Bộ nhớ máy vi tính Kingmax 8GBDDR4-3200 (KM-LD4-3200-8GS),632,1561,5600000.0
2023-09-20,989,Bộ nhớ máy vi tính Kingmax 8GBDDR4-3200 (KM-LD4-3200-8GS),131,511,7000000.0
2023-09-20,989,"Giá vốn (80%): Máy tính xách tay MSI GF63 Thin11UC-1228VN (i7-11800H; 8GB;512GB SSD; RTX3050/4GB; 15.6""FHD; Win11; Đen)",632,1561,27054545.6
2023-09-20,989,Giá vốn (80%): Card đồ hoạ ASUS TUF-GTX1660S-O6GGAMING_90YV0DT2-M0NA00,632,1561,3396364.0
2023-09-20,989,Card đồ hoạ ASUS TUF-GTX1660S-O6GGAMING_90YV0DT2-M0NA00,131,511,4245455.0
2023-09-20,989,"Giá vốn (80%): Máy tính xách tay LenovoIdeaPad Slim 5 14IAH8, i5-12450H, 16GB, 512GB SSD,Intel UHD Graphics, 14""WUXGA, 3C 56.6Wh, ax+BT,W11H 64, Xám (Cloud Grey), 3YWTY_83BF002NVN",632,1561,9858181.6
2023-09-20,989,"Máy tính xách tay LenovoIdeaPad Slim 5 14IAH8, i5-12450H, 16GB, 512GB SSD,Intel UHD Graphics, 14""WUXGA, 3C 56.6Wh, ax+BT,W11H 64, Xám (Cloud Grey), 3YWTY_83BF002NVN",131,511,12322727.0
2023-09-20,989,"Máy tính xách tay MSI GF63 Thin11UC-1228VN (i7-11800H; 8GB;512GB SSD; RTX3050/4GB; 15.6""FHD; Win11; Đen)",131,511,33818182.0
2023-09-20,989,Card đồ hoạ ASUS TUF-GTX1650-O4GD6-GAMING_90YV0EH0-M0NA00,131,511,16136365.0
2023-09-20,989,Giá vốn (80%): Card đồ họa ASUS PH-GT1030-O2G_90YV0AU0-M0NA00,632,1561,2909091.2
2023-09-20,989,Card đồ họa ASUS PH-GT1030-O2G_90YV0AU0-M0NA00,131,511,3636364.0
2023-09-20,989,"Giá vốn (80%): Máy tính xách tay Lenovo V15 G4 IRU - Intel Corei3-1315U(4.50GHz) - 8GB RAM - 512GB SSD - WF+BL -15.6FHD60Hz - NOS- 2YR Premium NBD,P/n 83A10007VN",632,1561,16000000.0
2023-09-20,989,"Máy tính xách tay Lenovo V15 G4 IRU - Intel Corei3-1315U(4.50GHz) - 8GB RAM - 512GB SSD - WF+BL -15.6FHD60Hz - NOS- 2YR Premium NBD,P/n 83A10007VN",131,511,20000000.0
2023-09-20,989,Giá vốn (80%): Ổ CỨNG VI TÍNH ( SSD) Lexar SSDNS100 256GB Sata III 6Gbs ( LNS100-256RB) (LNS100-256RB),632,1561,4290908.8
2023-09-20,989,Ổ CỨNG VI TÍNH ( SSD) Lexar SSDNS100 256GB Sata III 6Gbs ( LNS100-256RB) (LNS100-256RB),131,511,5363636.0
2023-09-20,989,"Giá vốn (80%): Laptop Lenovo V15 G3 82TT00N9VN - I5 /1235U 8Gb/SSD512GB/ Intel Iris Xe/15.6"" FHD Win11/ Xám",632,1561,8000000.0
2023-09-20,989,"Laptop Lenovo V15 G3 82TT00N9VN - I5 /1235U 8Gb/SSD512GB/ Intel Iris Xe/15.6"" FHD Win11/ Xám",131,511,10000000.0
2023-09-20,989,Giá vốn (80%): Card đồ hoạ ASUS TUF-GTX1650-O4GD6-GAMING_90YV0EH0-M0NA00,632,1561,12909092.0
2023-09-20,990,Giá vốn (80%): Loa SoundMax A130/2.0,632,1561,232727.2
2023-09-21,1008,Giá vốn (80%): Màn hình LCD VIEWSONIC VX3276 - 2K - MHD-2 / 32'',632,1561,3636364.0
2023-09-21,1008,Màn hình LCD VIEWSONIC VX3276 - 2K - MHD-2 / 32'',131,511,4545455.0
2023-09-21,1006,Giá vốn (80%): Nguồn Jetek Model 400 ELITE V2,632,1561,705454.4
2023-09-21,1006,Nguồn Jetek Model 400 ELITE V2,131,511,881818.0
2023-09-21,1006,Giá vốn (80%): Chuột máy tính Logitech G402,632,1561,872726.4
2023-09-21,1006,Vỏ Máy Vi Tính SAMA LUX,131,511,636364.0
2023-09-21,1006,Giá vốn (80%): Vỏ Máy Vi Tính SAMA 338W,632,1561,581818.4
2023-09-21,1006,Vỏ Máy Vi Tính SAMA 338W,131,511,727273.0
2023-09-21,1006,Giá vốn (80%): Vỏ Máy Vi Tính SAMA LUX,632,1561,509091.2
2023-09-21,1706,Máy in hóa đơn XP-T80L,6422,1111,6636364.0
2023-09-21,1006,Giá vốn (80%): Bộ vi xử lý vi tính Intel Corei3-12100 (BX8071512100SRL62) +Quạt,632,1561,2058181.6
2023-09-21,1006,Chuột máy tính Logitech G402,131,511,1090908.0
2023-09-21,1706,Máy in tem nhãn XP-D464B USB+WIFI,6422,1111,2454545.0
2023-09-21,1000,Bàn phím + chuột Logitech MK240,131,511,772728.0
2023-09-21,1002,Giá vốn (80%): Bộ máy vi tính,632,1561,5781818.4
2023-09-21,998,MÁY IN  Canon Laser LBP-2900,131,511,3590909.0
2023-09-21,998,Giá vốn (80%): MÁY IN  Canon Laser LBP-2900,632,1561,2872727.2
2023-09-21,382485,MÀN HÌNH VI TÍNH (LCD) PHILIPS 271V8LA/74 /27 INCH/VA-LCD/W-LED/75Hz/4ms/250cd/m2/3000:1/VGA/HDMI/ĐEN(BLACK)(271V8LA/74),6422,1111,20909090.0
2023-09-21,382485,MÀN HÌNH VI TÍNH (LCD) PHILIPS 243V7QDSB/74 /23.8 INCH/  IPS/ VGA/ DVI-D/ HDMI/ HDMI AUDIO OUT/ ĐEN (BLACK)(243V7QDSB/74),6422,1111,9318180.0
2023-09-21,1000,ổ cứng gắn trong 250GB SSD Exceria NVMe BiCS FLASHM.2 PCIe Kioxia,131,511,2181819.0
2023-09-21,1000,Giá vốn (80%): ổ cứng gắn trong 250GB SSD Exceria NVMe BiCS FLASHM.2 PCIe Kioxia,632,1561,1745455.2
2023-09-21,1000,Bảng mạch chính của máy vi tính hiệu ASUS PRIMEH510M - K R2.0 - CSM - SI,131,511,4090908.0
2023-09-21,1000,Giá vốn (80%): Bảng mạch chính của máy vi tính hiệu ASUS PRIMEH510M - K R2.0 - CSM - SI,632,1561,3272726.4
2023-09-21,920,Máy tính bàn Lenovo ThinkCentre M70s Gen 3 i3-12100 ( 4.3 GHZ) - 8GB RAM - 256GB SSD - Wireless & Bluetooth - None -1Yr; P/n 11TC000QVA,6422,1111,41227273.0
2023-09-21,920,"Màn hình máy tính Lenovo H20215FE0 - ""E22-28 (H20215FE0) 21.5 inch Monitor-HDMI, Linecord, 3YR WTYWarrantyCode: 3years limited"", P/N:62B9MAR4WW",6422,1111,21190909.0
2023-09-21,1006,Bộ vi xử lý vi tính Intel Corei3-12100 (BX8071512100SRL62) +Quạt,131,511,2572727.0
2023-09-21,1002,Bộ máy vi tính,131,511,7227273.0
2023-09-21,1006,"Giá vốn (80%): ổ cứng lắp trong Western Digital 1TB 3.5""Sata, màu xanh (Blue) (WD10EZEX)",632,1561,1309091.2
2023-09-21,1000,Giá vốn (80%): Bàn phím + chuột Logitech MK240,632,1561,618182.4
2023-09-21,1006,Giá vốn (80%): Bộ nhớ máy vi tính Kingmax 8GBDDR4-3200 (KM-LD4-3200-8GS),632,1561,640000.0
2023-09-21,1006,"ổ cứng lắp trong Western Digital 1TB 3.5""Sata, màu xanh (Blue) (WD10EZEX)",131,511,1636364.0
2023-09-21,999,Hộp mực  in Izinet 12A/303/FX9,131,511,181818.0
2023-09-21,999,Giá vốn (80%): Hộp mực  in Izinet 12A/303/FX9,632,1561,145454.4
2023-09-21,999,Bàn phím Rapoo NK2500,131,511,136364.0
2023-09-21,999,Giá vốn (80%): Bàn phím Rapoo NK2500,632,1561,109091.2
2023-09-21,1007,Ru lô sấy,131,511,863636.0
2023-09-21,1007,Giá vốn (80%): Ru lô sấy,632,1561,690908.8
2023-09-21,1003,Giá vốn (80%): Máy quét HP ScanJet Pro2000 S2  Sheet-feed (6FW06A),632,1561,5418181.6
2023-09-21,382484,MÀN HÌNH VI TÍNH (LCD) PHILIPS 243V7QDSB/74 /23.8 INCH/  IPS/ VGA/ DVI-D/ HDMI/ HDMI AUDIO OUT/ ĐEN (BLACK)(243V7QDSB/74),6422,1111,9318180.0
2023-09-21,382484,MÀN HÌNH VI TÍNH (LCD) PHILIPS 271V8LA/74 /27 INCH/VA-LCD/W-LED/75Hz/4ms/250cd/m2/3000:1/VGA/HDMI/ĐEN(BLACK)(271V8LA/74),6422,1111,20909090.0
2023-09-21,1001,Bàn phím Logitech K120,131,511,818182.0
2023-09-21,1001,Giá vốn (80%): Bàn phím Logitech K120,632,1561,654545.6
2023-09-21,1004,MÁY TÍNH ĐỂ BÀN (PC) LENOVO ThinkCentre neo 50s Gen 3 i5 - 12400(6*2.5)/4GD4/256GSSD/WL/BT/KB/M/NoOS/ĐEN(11T000AXVA),131,511,10454545.0
2023-09-21,1003,Máy quét HP ScanJet Pro2000 S2  Sheet-feed (6FW06A),131,511,6772727.0
2023-09-21,1004,MÀN HÌNH VI TÍNH (LCD) LENOVO ThinkVision S24e -20- 23.8   INCH/1920x1080/WLED/VGA/HDMI/ĐEN(62AEKAR2WW),131,511,2727273.0
2023-09-21,1006,Bộ nhớ máy vi tính Kingmax 8GBDDR4-3200 (KM-LD4-3200-8GS),131,511,800000.0
2023-09-21,1004,Giá vốn (80%): MÁY TÍNH ĐỂ BÀN (PC) LENOVO ThinkCentre neo 50s Gen 3 i5 - 12400(6*2.5)/4GD4/256GSSD/WL/BT/KB/M/NoOS/ĐEN(11T000AXVA),632,1561,8363636.0
2023-09-21,1006,Cạc màn hình Asus GT730 - SL - 2GD5 - BRK,131,511,1154545.0
2023-09-21,1006,Giá vốn (80%): Bộ vi xử lý vi tính Intel Core I5-10400 + Quạt,632,1561,2581818.4
2023-09-21,1006,Bộ vi xử lý vi tính Intel Core I5-10400 + Quạt,131,511,3227273.0
2023-09-21,1006,Giá vốn (80%): Máy In Canon Laser LBP-2900,632,1561,5818182.4
2023-09-21,1006,Giá vốn (80%): Cạc màn hình Asus GT730 - SL - 2GD5 - BRK,632,1561,923636.0
2023-09-21,1005,Giá vốn (80%): Chuột máy tính Logitech B100,632,1561,509091.2
2023-09-21,1005,Chuột máy tính Logitech B100,131,511,636364.0
2023-09-21,1004,Giá vốn (80%): MÀN HÌNH VI TÍNH (LCD) LENOVO ThinkVision S24e -20- 23.8   INCH/1920x1080/WLED/VGA/HDMI/ĐEN(62AEKAR2WW),632,1561,2181818.4
2023-09-21,1005,"Giá vốn (80%): Máy tính xách tay Dell Inspiron 15-3520 (i5-1235U, 8GB, 512GB SSD,15.6"" FHD, UMA, Win11, OfficeHS 21, Đen, P112F007) (N3520-i5U085W11BLU)",632,1561,11490908.8
2023-09-21,1005,"Máy tính xách tay Dell Inspiron 15-3520 (i5-1235U, 8GB, 512GB SSD,15.6"" FHD, UMA, Win11, OfficeHS 21, Đen, P112F007) (N3520-i5U085W11BLU)",131,511,14363636.0
2023-09-21,1006,Máy In Canon Laser LBP-2900,131,511,7272728.0
2023-09-22,1009,Giá vốn (80%): Chuột máy tính Logitech M221,632,1561,163636.8
2023-09-22,1009,Bàn phím máy tính hiệu Rapoo V500SE,131,511,504545.0
2023-09-22,1009,Giá vốn (80%): Bàn phím máy tính hiệu Rapoo V500SE,632,1561,403636.0
2023-09-22,1009,Chuột máy tính Logitech M221,131,511,204546.0
2023-09-22,8531,"Bộ Vi xử lý Intel Core i3-10105 Processor 3.70GHz 6M Cache, Sockets FCLGA1200-BX8070110105",6422,1111,9745455.0
2023-09-22,8531,Chíp vi xử lý INTEL CORE I3 10105F - 3 .70 GHZ (BX8070110105F S RH 8 V) + Quạt,6422,1111,1454545.0
2023-09-23,1010,Phần mềm Kaspersky KL1867MUAFS,131,511,870000.0
2023-09-23,1010,Giá vốn (80%): Phần mềm Kaspersky KL1867MUAFS,632,1561,696000.0
2023-09-24,1015,"Laptop Lenovo V15 G3 82TT00N9VN - I5 /1235U 8Gb/SSD512GB/ Intel Iris Xe/15.6"" FHD Win11/ Xám",131,511,10000000.0
2023-09-24,1015,"Giá vốn (80%): Laptop Lenovo V15 G3 82TT00N9VN - I5 /1235U 8Gb/SSD512GB/ Intel Iris Xe/15.6"" FHD Win11/ Xám",632,1561,8000000.0
2023-09-24,1014,Máy  in Brother DCP - B7535DW,131,511,5136364.0
2023-09-24,1016,Giá vốn (80%): MÀN HÌNH VI TÍNH (LCD) PHILIPS 243V7 QDSB /74/23.8 INCH/ IPS/ VGA/ DVI-D/ HDMI/ HDMIAUDIOOUT/ĐEN(BLACK)(243V7QDSB/74),632,1561,1585454.4
2023-09-24,1014,Giá vốn (80%): Máy  in Brother DCP - B7535DW,632,1561,4109091.2
2023-09-24,1015,Bộ nhớ máy tính xách tay Kingmax 8GB DDR4 - 3200,131,511,372727.0
2023-09-24,383920,MÁY TÍNH BẢNG (TAB) LENOVO Tab M10 Gen 3 Unisoc T610/4GB/64GB/10.1WUXGAT/IPS/5MP/8MP/4G/WL/BT/5000mAh/2Y/XÁM(ZAAF0009VN),6422,1111,106232715.0
2023-09-24,1017,MÀN HÌNH VI TÍNH (LCD) PHILIPS 271V8LA/74 /27INCH/VA-LCD/WLED/75Hz/4ms/250cd/m2/3000:1/VGA/HDMI/ĐEN(BLACK)(271V8LA/74),131,511,20909091.0
2023-09-24,1017,Giá vốn (80%): MÀN HÌNH VI TÍNH (LCD) PHILIPS 271V8LA/74 /27INCH/VA-LCD/WLED/75Hz/4ms/250cd/m2/3000:1/VGA/HDMI/ĐEN(BLACK)(271V8LA/74),632,1561,16727272.8
2023-09-24,1017,MÀN HÌNH VI TÍNH (LCD)  PHILIPS 243V7QDSB/74/23.8 INCH/ IPS/ VGA/ DVI-D/ HDMI/ HDMIAUDIOOUT/ĐEN(BLACK)(243V7QDSB/74),131,511,9318182.0
2023-09-24,1017,Giá vốn (80%): MÀN HÌNH VI TÍNH (LCD)  PHILIPS 243V7QDSB/74/23.8 INCH/ IPS/ VGA/ DVI-D/ HDMI/ HDMIAUDIOOUT/ĐEN(BLACK)(243V7QDSB/74),632,1561,7454545.6
2023-09-24,6512,THU PHI CK CTY CN QG ADG,6422,1111,23000.0
2023-09-24,6512,Thuế GTGT: THU PHI CK CTY CN QG ADG,1331,1111,2300.0
2023-09-24,1016,MÀN HÌNH VI TÍNH (LCD) PHILIPS 243V7 QDSB /74/23.8 INCH/ IPS/ VGA/ DVI-D/ HDMI/ HDMIAUDIOOUT/ĐEN(BLACK)(243V7QDSB/74),131,511,1981818.0
2023-09-24,1015,Giá vốn (80%): Bộ nhớ máy tính xách tay Kingmax 8GB DDR4 - 3200,632,1561,298181.6
2023-09-24,384342,MÁY TÍNH XÁCH TAY (NB) LENOVO V14 G3 IAP i3-1215U/8GD4/256GSSD/14.0FHD/IPS/WL/BT/2C38/NoOS/ĐEN(82TS0060VN),6422,1111,56489454.0
2023-09-24,1011,Máy  in Brother HL - L2321D,131,511,2454545.0
2023-09-24,141969,THU PHI CT VietinBank,6422,1121,19000.0
2023-09-24,141969,Thuế GTGT: THU PHI CT VietinBank,6422,1121,1900.0
2023-09-24,6511,THU PHI CK CTY CP TG SO,6422,1111,60000.0
2023-09-24,7642,MÁY QUÉT ẢNH HOẶC TÀI LIỆU HP SCAN JET PRO 2000 S2 SCANNER (6FW06A),6422,1111,6272727.0
2023-09-24,1013,MÁY TÍNH BẢNG (TAB)  LENOVO Tab M10 Gen 3UnisocT610/4GB/64GB/10.1WUXGAT/IPS/5MP/8MP/4G/WL/BT/5000mAh/2Y/XÁM(ZAAF0009VN),131,511,108687273.0
2023-09-24,1013,Giá vốn (80%): MÁY TÍNH BẢNG (TAB)  LENOVO Tab M10 Gen 3UnisocT610/4GB/64GB/10.1WUXGAT/IPS/5MP/8MP/4G/WL/BT/5000mAh/2Y/XÁM(ZAAF0009VN),632,1561,86949818.4
2023-09-24,1012,"Ổ cứng SSD WesternWDS480G2G0A, 480GB, Sata3",131,511,1045455.0
2023-09-24,1012,"Giá vốn (80%): Ổ cứng SSD WesternWDS480G2G0A, 480GB, Sata3",632,1561,836364.0
2023-09-24,6511,Thuế GTGT: THU PHI CK CTY CP TG SO,1331,1111,6000.0
2023-09-24,1012,Giá vốn (80%): Màn hình LCD VIEWSONIC VA1903A,632,1561,1418181.6
2023-09-24,1011,Giá vốn (80%): Máy  in Brother HL - L2321D,632,1561,1963636.0
2023-09-24,1011,Ổ CỨNG VI TÍNH ( SSD) Lexar SSDNS100 256GB Sata III 6Gbs ( LNS100-256RB) (LNS100-256RB),131,511,5909091.0
2023-09-24,1011,Giá vốn (80%): Ổ CỨNG VI TÍNH ( SSD) Lexar SSDNS100 256GB Sata III 6Gbs ( LNS100-256RB) (LNS100-256RB),632,1561,4727272.8
2023-09-24,1011,Chuột vi tính  Rapoo M20,131,511,227273.0
2023-09-24,1012,Màn hình LCD VIEWSONIC VA1903A,131,511,1772727.0
2023-09-24,1011,Giá vốn (80%): Chuột vi tính  Rapoo M20,632,1561,181818.4
2023-09-25,1022,Giá vốn (80%): Nguồn máy vi tính CM PC600 Elite V3,632,1561,720000.0
2023-09-25,1022,Nguồn máy vi tính CM PC600 Elite V3,131,511,900000.0
2023-09-25,1022,Giá vốn (80%): Vỏ thùng máy tính JETEK EM3,632,1561,254545.6
2023-09-25,1022,Vỏ thùng máy tính JETEK EM3,131,511,318182.0
2023-09-25,1023,Giá vốn (80%): Ổ cứng gắn ngoài 1TB SSD  ESD310C USB 10Gbps Type C/A  TRANSCEND,632,1561,1301818.4
2023-09-25,1023,Cáp dữ liệu USB 2.0 cho máy in truyền dữ liệu từ máy tính ra máy in dài 5m Ugreen (10329),131,511,136363.0
2023-09-25,1023,Ổ cứng gắn ngoài 1TB SSD  ESD310C USB 10Gbps Type C/A  TRANSCEND,131,511,1627273.0
2023-09-25,1023,"Giá vốn (80%): Thiết bị chuyển mạch TP-Link,TL - SG108",632,1561,349091.2
2023-09-25,1022,Bộ nhớ máy tính xách tay 8GB/2400 Kingmax,131,511,500000.0
2023-09-25,1023,Giá vốn (80%): Cáp dữ liệu USB 2.0 cho máy in truyền dữ liệu từ máy tính ra máy in dài 5m Ugreen (10329),632,1561,109090.4
2023-09-25,1022,Giá vốn (80%): Bộ nhớ máy tính xách tay 8GB/2400 Kingmax,632,1561,400000.0
2023-09-25,1021,Giá vốn (80%): Bộ vi xử lý vi tính Intel Core I5-10400 + Quạt,632,1561,2690908.8
2023-09-25,1022,"Giá vốn (80%): Thiết bị chuyển mạch TP-Link,TL - SF1008D",632,1561,109091.2
2023-09-25,1022,Bộ nhớ máy tính 16GB/3200 Kingston,131,511,772727.0
2023-09-25,1022,Giá vốn (80%): Bộ nhớ máy tính 16GB/3200 Kingston,632,1561,618181.6
2023-09-25,1021,Bảng mạch chính của máy vi tính hiệu ASUS PRIMEH510M - K R2.0-CSM-SI,131,511,1436364.0
2023-09-25,1021,Giá vốn (80%): Bảng mạch chính của máy vi tính hiệu ASUS PRIMEH510M - K R2.0-CSM-SI,632,1561,1149091.2
2023-09-25,1021,Bộ vi xử lý vi tính Intel Core I5-10400 + Quạt,131,511,3363636.0
2023-09-25,1021,Vỏ thùng máy tính Jetek X917,131,511,318182.0
2023-09-25,1021,Giá vốn (80%): Vỏ thùng máy tính Jetek X917,632,1561,254545.6
2023-09-25,1020,MÁY In Canon Laser LBP - 2900,131,511,3990000.0
2023-09-25,1020,Giá vốn (80%): MÁY In Canon Laser LBP - 2900,632,1561,3192000.0
2023-09-25,1022,"Thiết bị chuyển mạch TP-Link,TL - SF1008D",131,511,136364.0
2023-09-25,1024,Giá vốn (80%): Máy tính bàn Lenovo ThinkCentre M70s Gen 3 i5 - 12400(4.4GHZ)- 8GB RAM - 512 SSD - Wireless & Bluetooth -None -1Yr; P/n11TC000TVA,632,1561,8363636.0
2023-09-25,1023,"Thiết bị chuyển mạch TP-Link,TL - SG108",131,511,436364.0
2023-09-25,1018,Giá vốn (80%): Dây chuyển  đổi có chíp RS - 232 dài 2m Ugreen,632,1561,181818.4
2023-09-25,1024,Máy tính bàn Lenovo ThinkCentre M70s Gen 3 i5 - 12400(4.4GHZ)- 8GB RAM - 512 SSD - Wireless & Bluetooth -None -1Yr; P/n11TC000TVA,131,511,10454545.0
2023-09-25,1019,4K0Z7PA : Máy tính xách tay HP 14s- fq1080AU -AMD Ryzen3 5300U / 4GB DDR4-3200/ SSD 256GB /RadeonVegaGraphics/ 14” HD/ Windows 11 Home/NaturalSilver,131,511,13909091.0
2023-09-25,1019,Giá vốn (80%): 4K0Z7PA : Máy tính xách tay HP 14s- fq1080AU -AMD Ryzen3 5300U / 4GB DDR4-3200/ SSD 256GB /RadeonVegaGraphics/ 14” HD/ Windows 11 Home/NaturalSilver,632,1561,11127272.8
2023-09-25,287,Cáp dữ liệu VIDEO HDMI 1.4 truyền âm thanh hình ảnh dài 5M Ugreen (10109),6422,1111,752727.0
2023-09-25,287,"Thanh ram G.Skill F4-2666C19S-16GIS, 16GB",6422,1111,590909.0
2023-09-25,287,Cáp dữ liệu USB 2.0 cho máy in truyền dữ liệu từ máy tính ra máy in dài 5m Ugreen (10329),6422,1111,267273.0
2023-09-25,287,Cáp dữ liệu USB 2.0 cho máy in truyền dữ liệu từ máy tính ra máy in dài 3m Ugreen (10328),6422,1111,177273.0
2023-09-25,287,Dây chuyển đổi có chipset USB sang cổng COM RS-232 dài 1.5M Ugreen (20211),6422,1111,600000.0
2023-09-25,287,Dây chuyển đổi có chipset USB sang cổng COM RS-232 màu xám dài 1.5M Ugreen (20201),6422,1111,290909.0
2023-09-25,287,Bo mạch chính máy vi tính hiệu Asus loại Prime H310M-K,6422,1111,2527273.0
2023-09-25,1412,MÁY IN LASER ĐƠN NĂNG TRẮNG ĐEN - CANON PRINTER I-SENSYS LBP236DW,6422,1111,4681818.0
2023-09-25,287,Ổ CỨNG(SSD) Lexar SSDNS100 1TBSata III6Gb/s (LNS100-1TRB)(LNS100-1TRB),6422,1111,900000.0
2023-09-25,100009,"Máy tính xách tay Dell Vostro 3520 Intel Core i3-1215U, 15.6""FHD, 1x8G, 256GB SSD PCIe NVMe, 3 Cell-41Whr, Win 11, Office H&S 2021, V5I3614W1-Gray",6422,1111,10545455.0
2023-09-25,1018,Dây chuyển  đổi có chíp RS - 232 dài 2m Ugreen,131,511,227273.0
2023-09-25,100009,"Máy tính xách tay Dell Inspiron 14 2-in-1 7430 Intel Core i5-1335U, 14.0""FHDT+, 1x8G, 512GB SSD, 4 Cell-54Whr, Win 11, Office H&S 2021, Pen, BH 12 tháng, N7430I58W1-Silver",6422,1111,19727273.0
2023-09-25,1018,"Thiết bị chuyển mạch để bàn 8 cổng 10/100/1000Mbps, hiệu TENDA, Model SG108",131,511,354545.0
2023-09-25,385539,Ổ CỨNG (SSD) Lexar SSD NS100 1TB Sata III 6Gb/s (LNS100-1TRB)(LNS100-1TRB),6422,1111,4318180.0
2023-09-25,385539,Ổ CỨNG VI TÍNH ( SSD ) Lexar SSD NS100 256GB Sata III 6Gbs (  LNS100-256RB )(LNS100-256RB),6422,1111,116363600.0
2023-09-25,1018,"Giá vốn (80%): Thiết bị chuyển mạch để bàn 8 cổng 10/100/1000Mbps, hiệu TENDA, Model SG108",632,1121,283636.0
2023-09-25,100003,Màn hình vi tính Dell LCD-E2222H-21.5''WHD-3Y,6422,1111,6272727.0
2023-09-25,100003,Màn hình vi tính DELL LCD-E2423H-23.8-WHD-3Y,6422,1111,5181818.0
2023-09-25,100003,Màn hình vi tính DELL LCD-E2723H-27.0-WHD-3Y,6422,1111,6727273.0
2023-09-25,385539,Ổ CỨNG VI TÍNH ( SSD ) Lexar SSD NS100 512GB Sata III 6Gbs (  LNS100-512RB )(LNS100-512RB),6422,1111,10727280.0
2023-09-26,100179,Màn hình LCD VIEWSONIC VX3276-2K-MHD-2 32'',6422,1111,15000000.0
2023-09-26,1025,Giá vốn (80%): Máy  In Canon Laser LBP - 2900,632,1561,2974545.6
2023-09-26,1025,Máy  In Canon Laser LBP - 2900,131,511,3718182.0
2023-09-26,1025,Giá vốn (80%): Máy quét Canon Lide 400,632,1561,2545454.4
2023-09-26,1025,Máy quét Canon Lide 400,131,511,3181818.0
2023-09-26,1025,Giá vốn (80%): MÀN HÌNH VI TÍNH (LCD)  PHILIPS 243V7QDSB/74/23.8 INCH/ IPS/ VGA/ DVI-D/ HDMI/ HDMIAUDIOOUT/ĐEN(BLACK)(243V7QDSB/74),632,1561,1883636.0
2023-09-26,1025,MÀN HÌNH VI TÍNH (LCD)  PHILIPS 243V7QDSB/74/23.8 INCH/ IPS/ VGA/ DVI-D/ HDMI/ HDMIAUDIOOUT/ĐEN(BLACK)(243V7QDSB/74),131,511,2354545.0
2023-09-26,100179,Chiết khấu theo BB thỏa thuận và quyết toán số 00507-2023-03-HTG-VIEWSONIC-HVU09-PSD kí ngày 13/03/2023,6422,1111,8145455.0
2023-09-26,386459,"MÀN HÌNH VI TÍNH (LCD) MSI PRO MP251 24.5"" INCH/FHD/IPS/300cd/m2/100Hz/HDMI/VGA/AUDIO/SPEAKER/ĐEN (BLACK) (3PC2)(PROMP251)",6422,1111,64590888.0
2023-09-26,143813,"Thuế GTGT: PHI T09/2023-040019911911-ALERT(291),IB,OTP,QLTK",1331,1111,12500.0
2023-09-26,143813,"PHI T09/2023-040019911911-ALERT(291),IB,OTP,QLTK",6422,1111,125000.0
2023-09-26,6586,Thuế GTGT: THU PHI CK CTY CP THE GIOI SO,1331,1111,4000.0
2023-09-26,6586,THU PHI CK CTY CP THE GIOI SO,6422,1111,40000.0
2023-09-26,100102,Chiết khấu theo BB thỏa thuận và quyết toán số 00507-2023-03-HTG-VIEWSONIC-HVU09-PSD kí ngày 13/03/2023,6422,1111,8145455.0
2023-09-26,100102,Màn hình LCD VIEWSONIC VX3276-2K-MHD-2 32'',6422,1111,15000000.0
2023-09-26,100102,"Màn hình ViewSonic VX2780-2K/27"" Monitor",6422,1111,10272727.0
2023-09-26,1026,Giá vốn (80%): Máy  in Brother HL - L2321D,632,1561,2109091.2
2023-09-26,1026,Máy  in Brother HL - L2321D,131,511,2636364.0
2023-09-26,386050,MÁY TÍNH XÁCH TAY (NB) HP 14s-dq5121TU i3-1215U/8GD4/512GSSD/14.0FHD/Wlac/BT5/3C41WHr/W11SL/BẠC(8W355PA),6422,1111,10818182.0
2023-09-27,1737,Loa SoundMax A150/2.0,6422,1111,1200000.0
2023-09-27,1737,Tai nghe SoundMax BT300,6422,1111,420000.0
2023-09-27,1737,Tai nghe SoundMax AH304,6422,1111,460000.0
2023-09-27,1737,Loa SoundMax A2140/2.1,6422,1111,1220000.0
2023-09-27,1737,Loa SoundMax A600/2.1,6422,1111,620000.0
2023-09-27,1737,Loa SoundMax SB201/2.0,6422,1111,300000.0
2023-09-27,1737,Loa SoundMax A700/2.1,6422,1111,620000.0
2023-09-27,1737,Tai nghe SoundMax AH328,6422,1111,350000.0
2023-09-27,1737,Loa SoundMax A2130/2.1,6422,1111,1140000.0
2023-09-27,1737,Tai nghe SoundMax AH336,6422,1111,380000.0
2023-09-27,2083,Loa vi tính Microlab M-108/2.1,6422,1111,821818.0
2023-09-27,2083,Loa vi tính Microlab U210,6422,1111,527272.0
2023-09-27,2083,Loa vi tính Microlab M-200BT,6422,1111,1689090.0
2023-09-27,2083,Loa vi tính Microlab M-106BT/2.1,6422,1111,976364.0
2023-09-27,2083,Loa vi tính Microlab M-108BT,6422,1111,1040000.0
2023-09-27,5361,"Camera quan sát CS-H3C (1080P,2.8MM,COLOR)",6422,1111,5818182.0
2023-09-27,2083,Loa vi tính Microlab M-300/2.1,6422,1111,731818.0
2023-09-27,2083,Loa vi tính Microlab M- 300BT/2.1,6422,1111,965454.0
2023-09-27,5361,Camera kỹ thuật số có chức năng ghi hiệu EZVIZ mã CS-C6N (B0-1G2WF) (1080P),6422,1111,5318182.0
2023-09-27,5361,"Camera kỹ thuật số có chức năng ghi hiệu EZVIZ mã CS-C6N(4MP,W1)",6422,1111,2590909.0
2023-09-27,2083,Loa vi tính Microlab B-26,6422,1111,872728.0
2023-09-27,1737,Loa SoundMax A130/2.0,6422,1111,2600000.0
2023-09-27,1029,"Máy tính để bàn Dell OptiPlex 3000 Small Form Factor Intel® Core i5-12500 (6Cores/18MB/12T/3.0GHz to 4.6GHz/65W), 8GB 3200MHz DDR4, 256GB SSD,Intel UHD Graphics , No DVD_RW, Ubuntu, BH 1 năm (1Bộ=Máy, Chuột, Bànphím,cáp)",131,511,12272727.0
2023-09-27,1737,Loa SoundMax A828/2.1,6422,1111,470000.0
2023-09-27,1028,MÁY VI TÍNH ĐỂ BÀN (PC) LENOVO ThinkCentre neo 50t Gen 3 i3 -  12100(4*3.3)/4GD4/256GSSD/WL/BT/KB/M/nOS/ĐEN( 11SC001LVA),131,511,6636364.0
2023-09-27,1028,Giá vốn (80%): MÁY VI TÍNH ĐỂ BÀN (PC) LENOVO ThinkCentre neo 50t Gen 3 i3 -  12100(4*3.3)/4GD4/256GSSD/WL/BT/KB/M/nOS/ĐEN( 11SC001LVA),632,1561,5309091.2
2023-09-27,1029,"Màn hình LCD VIEWSONIC VX3276 - MHD-2 /31.5""",131,511,4000000.0
2023-09-27,1029,"Giá vốn (80%): Màn hình LCD VIEWSONIC VX3276 - MHD-2 /31.5""",632,1561,3200000.0
2023-09-27,1029,"Giá vốn (80%): Máy tính để bàn Dell OptiPlex 3000 Small Form Factor Intel® Core i5-12500 (6Cores/18MB/12T/3.0GHz to 4.6GHz/65W), 8GB 3200MHz DDR4, 256GB SSD,Intel UHD Graphics , No DVD_RW, Ubuntu, BH 1 năm (1Bộ=Máy, Chuột, Bànphím,cáp)",6422,1121,9818181.6
2023-09-27,944,Máy tính bàn Lenovo ThinkCentre M70s Gen 3 i3-12100 ( 4.3 GHZ) - 8GB RAM - 256GB SSD - Wireless & Bluetooth - None -1Yr; P/n 11TC000QVA,6422,1111,82454545.0
2023-09-27,1737,Loa SoundMax A926/2.1,6422,1111,680000.0
2023-09-27,1030,"ổ cứng gắn ngoài 2TB Slim StoreJet 2.5"" M3G Transcend",131,511,2409091.0
2023-09-27,1030,"Giá vốn (80%): ổ cứng gắn ngoài 2TB Slim StoreJet 2.5"" M3G Transcend",632,1561,1927272.8
2023-09-27,1032,Chuột máy tính Dell WM118,131,511,454546.0
2023-09-27,944,"Màn hình máy tính Lenovo H20215FE0 - ""E22-28 (H20215FE0) 21.5 inch Monitor-HDMI, Linecord, 3YR WTYWarrantyCode: 3years limited"", P/N:62B9MAR4WW",6422,1111,42381818.0
2023-09-27,1031,Ổ CỨNG VI TÍNH ( SSD) Lexar SSDNS100 256GB Sata III 6Gbs ( LNS100-256RB) (LNS100-256RB),131,511,636364.0
2023-09-27,1032,Giá vốn (80%): Chuột máy tính Dell WM118,632,1561,363636.8
2023-09-27,945,"Màn hình máy tính Lenovo H20215FE0 - ""E22-28 (H20215FE0) 21.5 inch Monitor-HDMI, Linecord, 3YR WTYWarrantyCode: 3years limited"", P/N:62B9MAR4WW",6422,1111,40262727.0
2023-09-27,945,Máy tính bàn Lenovo ThinkCentre M70s Gen 3 i3-12100 ( 4.3 GHZ) - 8GB RAM - 256GB SSD - Wireless & Bluetooth - None -1Yr; P/n 11TC000QVA,6422,1111,82454545.0
2023-09-27,1027,Giá vốn (80%): Mực nạp đổ XP Brother 2240,632,1561,436364.0
2023-09-27,1737,Loa SoundMax A827/2.1,6422,1111,470000.0
2023-09-27,1031,Giá vốn (80%): Nguồn Jetek Model 350 ELITE V2,632,1561,320000.0
2023-09-27,1031,Nguồn Jetek Model 350 ELITE V2,131,511,400000.0
2023-09-27,1031,Giá vốn (80%): Ổ CỨNG VI TÍNH ( SSD) Lexar SSDNS100 256GB Sata III 6Gbs ( LNS100-256RB) (LNS100-256RB),632,1561,509091.2
2023-09-27,1027,Mực nạp đổ XP Brother 2240,131,511,545455.0
2023-09-28,146984,Cạc (card) mạng PCI Gigabit TP-LINK_TG-3468,6422,1111,736365.0
2023-09-28,6648,Thuế GTGT: TP CK CTY THE GIOI SO,1331,1111,4000.0
2023-09-28,6648,TP CK CTY THE GIOI SO,6422,1111,40000.0
2023-09-28,146984,"Bộ định tuyến TP-LINK, 2,4GHz/5GHz_Archer C50",6422,1111,1060908.0
2023-09-28,146984,"Thiết bị thu phát vô tuyến, TP-LINK, 2,4GHz/5GHz_Archer C24",6422,1111,1568180.0
2023-09-28,146984,"Thiết bị thu phát vô tuyến 2,4/5GHz, TP-LINK_Archer T2UB Nano",6422,1111,627273.0
2023-09-28,146984,"Bộ định tuyến có chức năng  thu phát vô tuyến TP-LINK, 2,4 GHz/ W-CDMA FDD/ GSM_TL-MR6400",6422,1111,3890908.0
2023-09-28,146984,Thiết bị thu phát vô tuyến TP-LINK_TL-WA850RE,6422,1111,1909090.0
2023-09-28,15630,Máy in laser Canon LBP2900,6422,1111,69400000.0
2023-09-28,146984,"Thiết bị đầu cuối GSM/ W-CDMA FDD/E-UTRA FDD, 2,4 GHz, TP-LINK_M7000",6422,1111,2209092.0
2023-09-28,15630,Máy in phun màu Canon G1010,6422,1111,4400000.0
2023-09-28,146984,Thiết bị thu phát vô tuyến TP-LINK 150M_TL-WN722N,6422,1111,677275.0
2023-09-28,1912,Máy chiếu Panasonic PT-LB426 ( kèm dây HDMI 1.5m),6422,1111,15500000.0
2023-09-28,146983,"Thiết bị thu phát vô tuyến băng tần 2,4/5GHz, hiệu TP-LINK_Archer AX23",6422,1111,1545454.0
2023-09-28,146983,Thiết bị định tuyến 2G/3G/4G băng tần 2.4 GHz TP-LINK_TL-MR100,6422,1111,1400000.0
2023-09-28,146983,"Thiết bị đầu cuối GSM/ W-CDMA FDD/E-UTRA FDD, 2,4 GHz TP-LINK_M7350",6422,1111,3600000.0
2023-09-29,1035,Bộ máy vi tính,131,511,7772727.0
2023-09-29,1035,Giá vốn (80%): Bộ máy vi tính,632,1561,6218181.6
2023-09-29,22233,Dịch vụ ngân hàng,6422,1121,160000.0
2023-09-29,22233,Thuế GTGT: Dịch vụ ngân hàng,6422,1121,16000.0
2023-09-29,18427,"Máy tính xách tay MSI Bravo 15 B7ED-010VN/Ryzen 5 7535HS/512GB SSD/DDR5 16GB(8GB*2)/Radeon RX 6550M,GDDR6 4GB/15.6"" FHD 144Hz/Win11/Màu đen",6422,1111,15127273.0
2023-09-29,36316,Phí dịch vụ thanh toán trên vimo.vn tháng 09/2023 theo hợp đồng số ĐL00424/08062022,6422,1111,189736.0
2023-09-29,146096,THU LAI VAY LD2326100547,6422,1111,588651.0
2023-09-29,390913,MÁY TÍNH XÁCH TAY (NB) HP Pavilion X360 14-ek0130TU i3-1215U/8GD4/256GSSD/14.0FHDT/FP/WLax/BT5.2/3C43WHr/W11SL/VÀNG(7C0P5PA),6422,1111,13181818.0
2023-09-29,390913,MÁY TÍNH XÁCH TAY (NB) HP Pavilion 15-eg2062TX i5-1235U/8GD4/512GSSD/15.6FHD/WLax/BT5/3C41WHr/ALUp/W11SL/2G_MX550/VÀNG(7C0W7PA),6422,1111,30000000.0
2023-09-29,390913,MÁY TÍNH XÁCH TAY (NB) HP 14-ep0128TU i5-1335U/8GD4/512GSSD/14.0FHD/Wlax/BT5/3C41WHr/W11SL/BẠC(8U6L5PA),6422,1111,15204545.0
2023-09-29,1034,Giá vốn (80%): Nguồn Jetek Model 400 ELITE V2,632,1561,356364.0
2023-09-29,390913,MÁY TÍNH XÁCH TAY (NB) HP 240 G10 i3-1315U/8G/256GSSD/14.0FHD/WL/BT/3C/W11SL/BẠC(8F129PA),6422,1111,10513636.0
2023-09-29,3865,Dịch vụ SMS Brandname CSKH,6422,1111,153618.0
2023-09-29,3865,Thuế GTGT: Dịch vụ SMS Brandname CSKH,1331,1111,15362.0
2023-09-29,1033,Bộ máy vi tính,131,511,14454546.0
2023-09-29,1033,Giá vốn (80%): Bộ máy vi tính,632,1561,11563636.8
2023-09-29,390913,MÁY TÍNH XÁCH TAY (NB) HP 15s-fq5147TU i7-1255U/8GD4/512GSSD/15.6FHD/Wlac/BT5/3C41WHr/W11SL/BẠC(7C133PA),6422,1111,15454545.0
2023-09-29,1038,Giá vốn (80%): 4K0Z7PA : Máy tính xách tay HP 14s- fq1080AU -AMD Ryzen3 5300U / 4GB DDR4-3200/ SSD 256GB /RadeonVegaGraphics/ 14” HD/ Windows 11 Home/NaturalSilver,632,1561,11127272.8
2023-09-29,1034,Nguồn Jetek Model 400 ELITE V2,131,511,445455.0
2023-09-29,1036,Giá vốn (80%): Ổ cứng HDD BOX SEAGATE ONE TOUCH 1TB 2.5 USB 3.0,632,1561,1061818.4
2023-09-29,1037,MÁY TÍNH XÁCH TAY (NB) HP 240 G10 i3 -1315U/8G/256GSSD/14.0FHD/WL/BT/3C/W11SL/BẠC(8F129PA),131,511,10545455.0
2023-09-29,1037,Giá vốn (80%): MÁY TÍNH XÁCH TAY (NB) HP 240 G10 i3 -1315U/8G/256GSSD/14.0FHD/WL/BT/3C/W11SL/BẠC(8F129PA),632,1561,8436364.0
2023-09-29,1037,MÁY TÍNH XÁCH TAY (NB) HP 14 - ep0128TU i5 -1335U/8GD4/512GSSD/14.0FHD/Wlax/BT5/3C41WHr/W11SL/BẠC(8U6L5PA),131,511,15227273.0
2023-09-29,1037,Giá vốn (80%): MÁY TÍNH XÁCH TAY (NB) HP 14 - ep0128TU i5 -1335U/8GD4/512GSSD/14.0FHD/Wlax/BT5/3C41WHr/W11SL/BẠC(8U6L5PA),632,1561,12181818.4
2023-09-29,1038,4K0Z7PA : Máy tính xách tay HP 14s- fq1080AU -AMD Ryzen3 5300U / 4GB DDR4-3200/ SSD 256GB /RadeonVegaGraphics/ 14” HD/ Windows 11 Home/NaturalSilver,131,511,13909091.0
2023-09-29,1037,"Giá vốn (80%): Máy tính xách tay Lenovo ThinkPad E15 Gen 4 - I5-1235U(4.4G) -8Gb RAM - 256GB SSD - WF+BL, Fingerprint - 15.6'FHD - Dos -2Yrs,P/N:21E600CGVA",632,1561,11563636.0
2023-09-29,1037,"Laptop Lenovo V15 G3 82TT00N9VN - I5 /1235U 8Gb/SSD512GB/ Intel Iris Xe/15.6"" FHD Win11/ Xám",131,511,10000000.0
2023-09-29,1037,"Giá vốn (80%): Laptop Lenovo V15 G3 82TT00N9VN - I5 /1235U 8Gb/SSD512GB/ Intel Iris Xe/15.6"" FHD Win11/ Xám",632,1561,8000000.0
2023-09-29,1037,"Màn hình máy tính Lenovo H20215FE0 - "" E22-28 (H20215FE0) 21.5 inch Monitor-HDMI, Linecord, 3YRWTYWarrantyCode:3years limited"", P/N:62B9MAR4W",131,511,21181818.0
2023-09-29,1037,"Máy tính xách tay Lenovo ThinkPad E15 Gen 4 - I5-1235U(4.4G) -8Gb RAM - 256GB SSD - WF+BL, Fingerprint - 15.6'FHD - Dos -2Yrs,P/N:21E600CGVA",131,511,14454545.0
2023-09-29,1037,Ổ CỨNG VI TÍNH ( SSD) Lexar SSDNS100 256GB Sata III 6Gbs ( LNS100-256RB) (LNS100-256RB),131,511,26818181.0
2023-09-29,1037,Giá vốn (80%): Ổ CỨNG VI TÍNH ( SSD) Lexar SSDNS100 256GB Sata III 6Gbs ( LNS100-256RB) (LNS100-256RB),632,1561,21454544.8
2023-09-29,1037,"Màn hình vi tính LCD MSI PRO MP251 24.5"" FHD/IPS/300cd/m2/100Hz/HDMI/VGA/AUDIO",131,511,11136364.0
2023-09-29,1037,"Giá vốn (80%): Màn hình vi tính LCD MSI PRO MP251 24.5"" FHD/IPS/300cd/m2/100Hz/HDMI/VGA/AUDIO",632,1561,8909091.2
2023-09-29,1037,Máy In Canon Laser LBP - 2900,131,511,16818182.0
2023-09-29,1037,Giá vốn (80%): Máy In Canon Laser LBP - 2900,632,1561,13454545.6
2023-09-29,1036,Ổ cứng HDD BOX SEAGATE ONE TOUCH 1TB 2.5 USB 3.0,131,511,1327273.0
2023-09-29,1037,"Giá vốn (80%): Màn hình máy tính Lenovo H20215FE0 - "" E22-28 (H20215FE0) 21.5 inch Monitor-HDMI, Linecord, 3YRWTYWarrantyCode:3years limited"", P/N:62B9MAR4W",632,1561,16945454.4
2023-09-30,593752,Thuế GTGT: Cước dịch vụ Viễn thông-Công nghệ thông tin tháng 09 năm 2023,1331,1111,50749.0
2023-09-30,540664,Cước dịch vụ Viễn thông-Công nghệ thông tin tháng 09 năm 2023,6422,1111,22800.0
2023-09-30,540664,Thuế GTGT: Cước dịch vụ Viễn thông-Công nghệ thông tin tháng 09 năm 2023,1331,1111,2280.0
2023-09-30,568912,Cước dịch vụ Viễn thông-Công nghệ thông tin tháng 09 năm 2023,6422,1111,249636.0
2023-09-30,540755,Cước dịch vụ Viễn thông-Công nghệ thông tin tháng 09 năm 2023,6422,1111,274000.0
2023-09-30,1040,Hộp mực in iziNet 12A/303/FX9 Universal,131,511,1363636.0
2023-09-30,1040,Giá vốn (80%): Hộp mực in iziNet 12A/303/FX9 Universal,632,1561,1090908.8
2023-09-30,540755,Thuế GTGT: Cước dịch vụ Viễn thông-Công nghệ thông tin tháng 09 năm 2023,1331,1111,27400.0
2023-09-30,593752,Cước dịch vụ Viễn thông-Công nghệ thông tin tháng 09 năm 2023,6422,1111,507485.0
2023-09-30,568912,Thuế GTGT: Cước dịch vụ Viễn thông-Công nghệ thông tin tháng 09 năm 2023,1331,1111,24964.0
2023-09-30,540665,Thuế GTGT: Cước dịch vụ Viễn thông-Công nghệ thông tin tháng 09 năm 2023,1331,1111,2455.0
2023-09-30,593847,Thuế GTGT: Cước dịch vụ Viễn thông-Công nghệ thông tin tháng 09 năm 2023,1331,1111,45191.0
2023-09-30,540714,Thuế GTGT: Cước dịch vụ Viễn thông-Công nghệ thông tin tháng 09 năm 2023,1331,1111,2000.0
2023-09-30,540714,Cước dịch vụ Viễn thông-Công nghệ thông tin tháng 09 năm 2023,6422,1111,20000.0
2023-09-30,1039,Giá vốn (80%): Ổ cứng HDD BOX SEAGATE ONE TOUCH 1TB 2.5 USB 3.0,632,1561,1090908.8
2023-09-30,1039,Ổ cứng HDD BOX SEAGATE ONE TOUCH 1TB 2.5 USB 3.0,131,511,1363636.0
2023-09-30,540482,Thuế GTGT: Cước dịch vụ Viễn thông-Công nghệ thông tin tháng 09 năm 2023,1331,1111,21364.0
2023-09-30,540482,Cước dịch vụ Viễn thông-Công nghệ thông tin tháng 09 năm 2023,6422,1111,213636.0
2023-09-30,593753,Thuế GTGT: Cước dịch vụ Viễn thông-Công nghệ thông tin tháng 09 năm 2023,1331,1111,21924.0
2023-09-30,593753,Cước dịch vụ Viễn thông-Công nghệ thông tin tháng 09 năm 2023,6422,1111,219242.0
2023-09-30,593847,Cước dịch vụ Viễn thông-Công nghệ thông tin tháng 09 năm 2023,6422,1111,451905.0
2023-09-30,540665,Cước dịch vụ Viễn thông-Công nghệ thông tin tháng 09 năm 2023,6422,1111,24545.0
2023-10-01,1043,Giá vốn (80%): Màn hình vi tính Dell LCD -  E2222H - 21.5'' WHD,632,1561,5869091.2
2023-10-01,1043,Màn hình vi tính Dell LCD -  E2222H - 21.5'' WHD,131,511,7336364.0
2023-10-01,146757,THU LAI VAY QUA HAN PDLD2321600371,6422,1111,458031.0
2023-10-01,1042,"Giá vốn (80%): Màn hình máy tính Lenovo H20215FE0 - "" E22 -28 (H20215FE0) 21.5 inch Monitor-HDMI, P/N:62B9MAR4",632,1561,1738181.6
2023-10-01,521,Dây cáp mạng Golden Link SFTP Cat 6 Platinum TAIWAN 305m/cuộn (Xanh lá) - TW1104-1,6422,1111,4449091.0
2023-10-01,89025010,Thuế GTGT: Không có tên,1331,1111,35000.0
2023-10-01,89025010,Không có tên,6422,1111,350000.0
2023-10-01,146755,THU LAI VAY QUA HAN PDLD2321200468,6422,1111,654331.0
2023-10-01,146758,THU LAI VAY QUA HAN PDLD2322200527,6422,1111,915442.0
2023-10-01,146756,THU LAI VAY QUA HAN PDLD2321300332,6422,1111,294580.0
2023-10-01,1042,"Màn hình máy tính Lenovo H20215FE0 - "" E22 -28 (H20215FE0) 21.5 inch Monitor-HDMI, P/N:62B9MAR4",131,511,2172727.0
2023-10-01,146750,THU LAI VAY QUA HAN PDLD2320000435,6422,1111,2928948.0
2023-10-01,146771,THU LAI VAY QUA HAN PDLD2325400412,6422,1111,219370.0
2023-10-01,146774,THU LAI VAY QUA HAN PDLD2326800590,6422,1111,211075.0
2023-10-01,146773,THU LAI VAY QUA HAN PDLD2326400516,6422,1111,145012.0
2023-10-01,146772,THU LAI VAY QUA HAN PDLD2326200685,6422,1111,275662.0
2023-10-01,146770,THU LAI VAY QUA HAN PDLD2325100585,6422,1111,372480.0
2023-10-01,146769,THU LAI VAY QUA HAN PDLD2325000643,6422,1111,728206.0
2023-10-01,146768,THU LAI VAY QUA HAN PDLD2324800531,6422,1111,744355.0
2023-10-01,146767,THU LAI VAY QUA HAN PDLD2324300537,6422,1111,506579.0
2023-10-01,146766,THU LAI VAY QUA HAN PDLD2324200476,6422,1111,543095.0
2023-10-01,146765,THU LAI VAY QUA HAN PDLD2324100602,6422,1111,537649.0
2023-10-01,146764,THU LAI VAY QUA HAN PDLD2323700486,6422,1111,364005.0
2023-10-01,103315,Màn hình vi tính Dell LCD-E2222H-21.5''WHD-3Y,6422,1111,6272727.0
2023-10-01,146775,THU LAI VAY QUA HAN PDLD2327000523,6422,1111,63322.0
2023-10-01,103315,"Máy tính xách tay Dell Vostro 3530 Intel Core i5-1335U, 15.6""FHD, 1x8G, 256GB SSD, 3 Cell-41Whr, Win 11, Office H&S 2021, BH 12 tháng, V5I5267W1-Gray",6422,1111,14181818.0
2023-10-01,146762,THU LAI VAY QUA HAN PDLD2323400576,6422,1111,481267.0
2023-10-01,1044,"Ổ CỨNG DI ĐỘNG (HDD) SEAGATE EXPANSION PORTABLE 1TB 2.5"" USB 3.0",131,511,1290909.0
2023-10-01,146761,THU LAI VAY QUA HAN PDLD2323300631,6422,1111,795013.0
2023-10-01,1045,Máy in hóa đơn XP - T80L,131,511,1863636.0
2023-10-01,1045,Giá vốn (80%): Máy in hóa đơn XP - T80L,632,1561,1490908.8
2023-10-01,1045,"Ổ cứng  SSD Western  WDS240G2G0A , 240GB",131,511,590909.0
2023-10-01,1045,"Giá vốn (80%): Ổ cứng  SSD Western  WDS240G2G0A , 240GB",632,1561,472727.2
2023-10-01,1045,Loa Microlab M106BT 2.1,131,511,500000.0
2023-10-01,1045,Giá vốn (80%): Loa Microlab M106BT 2.1,632,1561,400000.0
2023-10-01,1044,"Giá vốn (80%): Ổ CỨNG DI ĐỘNG (HDD) SEAGATE EXPANSION PORTABLE 1TB 2.5"" USB 3.0",632,1561,1032727.2
2023-10-01,1045,Giá vốn (80%): Bàn phím Rapoo NK2500,632,1561,189091.2
2023-10-01,146754,THU LAI VAY QUA HAN PDLD2320800425,6422,1111,305769.0
2023-10-01,1041,Máy tính bàn Dell Inspiron 3020 Core i3 - 13100 3.4GHz/ 8GBRam/256GB SSD/ Win 11home/ Office Home & Student 2021/Wireless Bluetooth/ Mouse/ Keyboard/ 12mths Pre,131,511,11636363.0
2023-10-01,1041,Giá vốn (80%): Máy tính bàn Dell Inspiron 3020 Core i3 - 13100 3.4GHz/ 8GBRam/256GB SSD/ Win 11home/ Office Home & Student 2021/Wireless Bluetooth/ Mouse/ Keyboard/ 12mths Pre,632,1561,9309090.4
2023-10-01,1045,Bàn phím Rapoo NK2500,131,511,236364.0
2023-10-01,1041,Giá vốn (80%): MÀN HÌNH VI TÍNH (LCD)  LENOVO ThinkVision S24e -20 /23.8 INCH/1920x1080/WLED/VGA/HDMI/ĐEN (62AEKAR2WW),632,1561,2181818.4
2023-10-01,1041,MÀN HÌNH VI TÍNH (LCD)  LENOVO ThinkVision S24e -20 /23.8 INCH/1920x1080/WLED/VGA/HDMI/ĐEN (62AEKAR2WW),131,511,2727273.0
2023-10-01,1044,Chuột vi tính Rapoo N100,131,511,363636.0
2023-10-01,1044,Giá vốn (80%): Ổ cứng HDD BOX SEAGATE ONE TOUCH 1TB 2.5 USB 3.0,632,1561,2123636.8
2023-10-01,1044,Ổ cứng HDD BOX SEAGATE ONE TOUCH 1TB 2.5 USB 3.0,131,511,2654546.0
2023-10-01,146751,THU LAI VAY QUA HAN PDLD2320100378,6422,1111,654331.0
2023-10-01,1044,Giá vốn (80%): Chuột vi tính Rapoo N100,632,1561,290908.8
2023-10-01,146753,THU LAI VAY QUA HAN PDLD2320600397,6422,1111,226909.0
2023-10-01,146759,THU LAI VAY QUA HAN PDLD2322600492,6422,1111,981497.0
2023-10-01,146760,THU LAI VAY QUA HAN PDLD2322700569,6422,1111,780487.0
2023-10-01,146763,THU LAI VAY QUA HAN PDLD2323600583,6422,1111,327166.0
2023-10-01,146752,THU LAI VAY QUA HAN PDLD2320500438,6422,1111,873531.0
2023-10-02,1046,Giá vốn (80%): MÀN HÌNH VI TÍNH (LCD) PHILIPS  243V7 QDSB /74/23.8INCH/ IPS/ VGA/ DVI-D/ HDMI/ HDMIAUDIOOUT/ĐEN(BLACK)(243V7QDSB/74),632,1561,1636364.0
2023-10-02,1046,MÀN HÌNH VI TÍNH (LCD) PHILIPS  243V7 QDSB /74/23.8INCH/ IPS/ VGA/ DVI-D/ HDMI/ HDMIAUDIOOUT/ĐEN(BLACK)(243V7QDSB/74),131,511,2045455.0
2023-10-02,1046,Giá vốn (80%): Bộ máy vi tính,632,1561,4938181.6
2023-10-02,1046,Bộ máy vi tính,131,511,6172727.0
2023-10-02,1047,"Giá vốn (80%): ổ cứng lắp trong Western Digital 2TB 3.5 ""Sata 3, màu xanh (Blue)(WD20EZBX)",632,1561,981818.4
2023-10-02,1047,"ổ cứng lắp trong Western Digital 2TB 3.5 ""Sata 3, màu xanh (Blue)(WD20EZBX)",131,511,1227273.0
2023-10-02,1048,Giá vốn (80%): Phần mềm Kaspersky KL1867MUAFS,632,1561,232000.0
2023-10-02,1048,Phần mềm Kaspersky KL1867MUAFS,131,511,290000.0
2023-10-02,1052,Giá vốn (80%): Máy chiếu đa năng ViewSonic LS500WHE,632,1561,12145454.4
2023-10-02,1052,Máy chiếu đa năng ViewSonic LS500WHE,131,511,15181818.0
2023-10-02,1051,Giá vốn (80%): Thiết bị chuyển mạch TPLINK _ TL - SG108,632,1561,392727.2
2023-10-02,4287,Camera quan sát CS- H1C (1080P),6422,1111,981819.0
2023-10-02,1001,Máy chiếu đa năng ViewSonic LS500WHE,6422,1111,13500000.0
2023-10-02,4287,Camera quan sát CS-H8C (1080P),6422,1111,3650000.0
2023-10-02,4287,"Camera kỹ thuật số có chức năng ghi hiệu EZVIZ mã CS-C1C(1080P,H.265) - Hỗ trợ thẻ nhớ trong",6422,1111,820000.0
2023-10-02,4287,Camera quan sát DS-2CD1123G0-IUF(C),6422,1111,2760000.0
2023-10-02,1049,Giá vốn (80%): Hộp mực in iziNet 12A/303/FX9 Universal,632,1561,698181.6
2023-10-02,1049,Hộp mực in iziNet 12A/303/FX9 Universal,131,511,872727.0
2023-10-02,1050,Giá vốn (80%): Thiết bị chuyển mạch TPLINK _ TL - SG108,632,1561,392727.2
2023-10-02,1050,Thiết bị chuyển mạch TPLINK _ TL - SG108,131,511,490909.0
2023-10-02,1050,Giá vốn (80%): Bàn phím Logitech K120,632,1561,690908.8
2023-10-02,1050,Bàn phím Logitech K120,131,511,863636.0
2023-10-02,1051,Thiết bị chuyển mạch TPLINK _ TL - SG108,131,511,490909.0
2023-10-03,1053,Giá vốn (80%): MÁY VI TÍNH ĐỂ BÀN (PC) LENOVO ThinkCentre neo 50t Gen 3 i3 -  12100(4*3.3)/4GD4/256GSSD/WL/BT/KB/M/nOS/ĐEN( 11SC001LVA),632,1561,11243636.8
2023-10-03,1053,MÁY VI TÍNH ĐỂ BÀN (PC) LENOVO ThinkCentre neo 50t Gen 3 i3 -  12100(4*3.3)/4GD4/256GSSD/WL/BT/KB/M/nOS/ĐEN( 11SC001LVA),131,511,14054546.0
2023-10-03,5129,Bảng mạch chính Asus PRIME H510M-K R2.0,6422,1111,14090909.0
2023-10-03,1054,ổ cứng gắn ngoài 1TB SSD ESD310C USB 10Gbps TypeC/A Transcend,131,511,1681818.0
2023-10-03,1054,Giá vốn (80%): ổ cứng gắn ngoài 1TB SSD ESD310C USB 10Gbps TypeC/A Transcend,632,1561,1345454.4
2023-10-04,6763,Thuế GTGT: TP CK CTY PHUONG KHANG,1331,1111,2300.0
2023-10-04,74676,Mạch chính vi tính Gigabyte H510M H V2,6422,1111,14090909.0
2023-10-04,6764,TP CK CTY TG SO,6422,1111,60000.0
2023-10-04,1056,Giá vốn (80%): ổ cứng di động  128GB U301 USB 3.2 Gen 1 KIOXIA,632,1561,210908.8
2023-10-04,6764,Thuế GTGT: TP CK CTY TG SO,1331,1111,6000.0
2023-10-04,6763,TP CK CTY PHUONG KHANG,6422,1111,23000.0
2023-10-04,6762,TP CK CTY VIET SON,6422,1111,23000.0
2023-10-04,1056,ổ cứng di động  128GB U301 USB 3.2 Gen 1 KIOXIA,131,511,263636.0
2023-10-04,6761,TP CK CTY VIEN SON,6422,1111,23000.0
2023-10-04,6761,Thuế GTGT: TP CK CTY VIEN SON,1331,1111,2300.0
2023-10-04,148260,THU LAI VAY LD2320100378,6422,1111,105479.0
2023-10-04,148259,THU LAI VAY LD2320000435,6422,1111,109742.0
2023-10-04,607410,Cước dịch vụ viễn thông trả sau (Dịch vụ chịu thuế),6422,1111,243635.0
2023-10-04,607410,Thuế GTGT: Cước dịch vụ viễn thông trả sau (Dịch vụ chịu thuế),1331,1111,24364.0
2023-10-04,22956,CARD VGA của máy vi tính hiêu ASUS GT710 - SL - 2GD3 - BRK - EVO,6422,1111,2440908.0
2023-10-04,6762,Thuế GTGT: TP CK CTY VIET SON,1331,1111,2300.0
2023-10-04,22956,CARD VGA của máy vi tính hiệu ASUS GT730 - SL - 2GD5 - BRK,6422,1111,2396364.0
2023-10-04,1057,Thiết bị chuyển mạch TP -LINK_ TL - SG1016D,131,511,1000000.0
2023-10-04,22956,Bảng mạch chính của máy vi tính hiệu ASUS PRIME H510M - K R2.0-CSM-SI,6422,1111,27272720.0
2023-10-04,22956,Card VGA của máy vi tính hiệu ASUS  TUF - GTX1660S - O6G - GAMING,6422,1111,4299091.0
2023-10-04,1058,Máy In Canon Laser LBP-2900,131,511,3818182.0
2023-10-04,1058,Giá vốn (80%): Máy In Canon Laser LBP-2900,632,1561,3054545.6
2023-10-04,1055,Chuột máy tính Logitech B100,131,511,454545.0
2023-10-04,1055,Giá vốn (80%): Chuột máy tính Logitech B100,632,1561,363636.0
2023-10-04,1057,"Thiết bị chuyển mạch để bàn 5 cổng10/100/1000Mbps, hiệu TENDA, Model TEG1005D",131,511,1163636.0
2023-10-04,1057,"Thiết bị chuyển mạch để bàn 8 cổng 10/100/1000Mbps, hiệu TENDA, Model SG108",131,511,709091.0
2023-10-04,1057,"Giá vốn (80%): Thiết bị chuyển mạch để bàn 5 cổng10/100/1000Mbps, hiệu TENDA, Model TEG1005D",632,1121,930908.8
2023-10-04,1057,"Thiết bị chuyển mạch TP -Link ,TL - SF1008D",131,511,209091.0
2023-10-04,1057,"Giá vốn (80%): Thiết bị chuyển mạch TP -Link ,TL - SF1008D",632,1561,167272.8
2023-10-04,1057,"Thiết bị chuyển mạch  TP -Link ,TL - SF1005D",131,511,145455.0
2023-10-04,1057,"Giá vốn (80%): Thiết bị chuyển mạch  TP -Link ,TL - SF1005D",632,1561,116364.0
2023-10-04,1057,Giá vốn (80%): Thiết bị chuyển mạch TP -LINK_ TL - SG1016D,632,1561,800000.0
2023-10-04,13998,Kiểm định xe Tải đến 2T (BĐK: 81C-064.95),6422,1111,263636.0
2023-10-04,9389,Máy in Epson LQ-310,6422,1111,4636363.64
2023-10-04,1057,"Giá vốn (80%): Thiết bị chuyển mạch để bàn 8 cổng 10/100/1000Mbps, hiệu TENDA, Model SG108",632,1121,567272.8
2023-10-05,1059,Máy in đa năng  Brother MFC - L2701D,131,511,4990909.0
2023-10-05,1060,Giá vốn (80%): Màn hình Viewsonic  VA2406-H2,632,1561,1890908.8
2023-10-05,1060,Màn hình Viewsonic  VA2406-H2,131,511,2363636.0
2023-10-05,1059,Giá vốn (80%): Máy in đa năng  Brother MFC - L2701D,632,1561,3992727.2
2023-10-05,49628,MÁY TÍNH XÁCH TAY (NB) HP Probook 450G9  i7-1255U/8GD4/512GSSD/15.6FHD/WL/BT/FP/3C45WHr/ALU/W11SL/LED_KB/BẠC(6M0Z8PA),6422,1111,17818182.0
2023-10-05,6791,THU PHI CK CTY PP TH DAU KHI,6422,1111,15000.0
2023-10-05,16283,Hộp mực Canon MC-G02,6422,1111,260000.0
2023-10-05,6791,Thuế GTGT: THU PHI CK CTY PP TH DAU KHI,1331,1111,1500.0
2023-10-05,1061,Giá vốn (80%): Máy tính bàn Lenovo ThinkCentre M70s Gen 3 i3 - 12100 ( 4.3GHZ) - 8GB RAM - 256GB SSD - Wireless & Bluetooth - None-1Yr; P/n 11TC000QVA,632,1561,36436364.0
2023-10-05,1061,Máy tính bàn Lenovo ThinkCentre M70s Gen 3 i3 - 12100 ( 4.3GHZ) - 8GB RAM - 256GB SSD - Wireless & Bluetooth - None-1Yr; P/n 11TC000QVA,131,511,45545455.0
2023-10-05,16282,Phí sửa chữa,6422,1111,250000.0
2023-10-06,1064,Giá vốn (80%): Bàn phím Keyboard NK2500,632,1561,94545.6
2023-10-06,1064,Loa SoundMax A130/2.0,131,511,136364.0
2023-10-06,1064,Giá vốn (80%): Loa SoundMax A130/2.0,632,1561,109091.2
2023-10-06,1062,Màn hình vi tính Dell SE2422H 23.8 Inch/1920x1080@75Hz/Vga/HDMI/Led (60W8F1),131,511,5454546.0
2023-10-06,1062,Giá vốn (80%): Màn hình vi tính Dell SE2422H 23.8 Inch/1920x1080@75Hz/Vga/HDMI/Led (60W8F1),632,1561,4363636.8
2023-10-06,1062,Bộ lưu điện Santak - TG500,131,511,1763636.0
2023-10-06,1062,Giá vốn (80%): Bộ lưu điện Santak - TG500,632,1561,1410908.8
2023-10-06,1062,Bàn phím Dell Multimedia KB216,131,511,545455.0
2023-10-06,1062,Giá vốn (80%): Bàn phím Dell Multimedia KB216,632,1561,436364.0
2023-10-06,1064,Bàn phím Keyboard NK2500,131,511,118182.0
2023-10-06,1062,Giá vốn (80%): Hộp mực in Izinet 12A/303/FX9,632,1561,698181.6
2023-10-06,1064,Giá vốn (80%): Chuột vi tính Rapoo M20,632,1561,87272.8
2023-10-06,1062,Hộp mực in Izinet 12A/303/FX9,131,511,872727.0
2023-10-06,1064,Giá vốn (80%): Card VGA ASUS PH - GT1030 - 02G,632,1561,1818181.6
2023-10-06,1063,Máy in phun màu khổ A4 Epson L805,131,511,8454545.0
2023-10-06,1063,Giá vốn (80%): Máy in phun màu khổ A4 Epson L805,632,1561,6763636.0
2023-10-06,64241861,Thu Phi SMS thay doi so du thang  09/2023,6422,1111,54545.0
2023-10-06,1139,L805 MÁY IN HIỆU EPSON,6422,1111,7454545.0
2023-10-06,1064,Chuột vi tính Rapoo M20,131,511,109091.0
2023-10-06,64241861,Thuế GTGT:  Thu Phi SMS thay doi so du thang  09/2023,1331,1111,5455.0
2023-10-06,4391,Bộ chuyển đổi nguồn dùng cho camera DS-3E1309P-EI,6422,1111,880000.0
2023-10-06,4391,Camera quan sát DS-2CD1123G0-IUF(C),6422,1111,2760000.0
2023-10-06,4391,Thiết bị thu phát vô tuyến RG-EW1200G Pro,6422,1111,618182.0
2023-10-06,298,Máy đếm tiền XD BC - 35,6422,1111,3796296.0
2023-10-06,1064,Card VGA ASUS PH - GT1030 - 02G,131,511,2272727.0
2023-10-06,1139,L8050 Máy in hiệu Epson,6422,1111,5818181.0
2023-10-07,1067,Giá vốn (80%): Màn hình vi tính (LCD) Lenovo ThinkVision S24e -20 23.8 inch/1920x1080 (62AEKAR2WW),632,1561,2000000.0
2023-10-07,1065,Máy chấm công bằng dấu vân tay DG600BID,131,511,3046296.0
2023-10-07,1066,Giá vốn (80%): BỘ MÁY VI TÍNH,632,1561,14385454.4
2023-10-07,1066,BỘ MÁY VI TÍNH,131,511,17981818.0
2023-10-07,1067,Giá vốn (80%): Loa SoundMax A130/2.0,632,1561,109091.2
2023-10-07,1067,Loa SoundMax A130/2.0,131,511,136364.0
2023-10-07,1067,Màn hình vi tính (LCD) Lenovo ThinkVision S24e -20 23.8 inch/1920x1080 (62AEKAR2WW),131,511,2500000.0
2023-10-07,1065,Giá vốn (80%): Máy chấm công bằng dấu vân tay DG600BID,632,1561,2437036.8
2023-10-07,1068,Chuột vi tính không dây Rapoo N100,131,511,90910.0
2023-10-07,1068,Giá vốn (80%): Loa vi tính Microlab B26,632,1561,174544.8
2023-10-07,1068,Loa vi tính Microlab B26,131,511,218181.0
2023-10-07,1068,Giá vốn (80%): Bàn phím Keyboard NK2500,632,1561,174545.6
2023-10-07,1068,Bàn phím Keyboard NK2500,131,511,218182.0
2023-10-07,1068,"Giá vốn (80%): Thiết bị đinh tuyến Thu phát vô tuyến TP-Link,2.4Ghz,TL-MR6400",632,1561,778181.6
2023-10-07,1068,"Thiết bị đinh tuyến Thu phát vô tuyến TP-Link,2.4Ghz,TL-MR6400",131,511,972727.0
2023-10-07,1068,Giá vốn (80%): Chuột vi tính không dây Rapoo N100,632,1561,72728.0
2023-10-08,5185,Tai nghe PC Logitech H110 (981-000459),6422,1111,790909.0
2023-10-08,5185,"Thiết bị truyền hình ảnh Webcam Logitech HD Brio 100, màu hồng (960-001624)",6422,1111,554545.0
2023-10-08,5185,"Thiết bị truyền hình ảnh Webcam Logitech HD Brio 100, màu trắng (960-001618)",6422,1111,554545.0
2023-10-08,5185,"Thiết bị truyền hình ảnh Webcam Logitech HD Brio 100, màu than chì (960-001587)",6422,1111,554545.0
2023-10-08,2221,"Hộp mực (Catridge) đã có mực in dùng cho máy in laser loại Q5949A,nhãn hiệu Xppro",6422,1111,400000.0
2023-10-08,1390,Vỏ thùng máy tính Jetek Game V12A,6422,1111,2272727.0
2023-10-08,2221,Mực nạp đổ XP Brother 2240,6422,1111,2545455.0
2023-10-08,5185,"Bàn phím Logitech không dây Bluetooth K380s, màu than chì (920-011753)",6422,1111,1218182.0
2023-10-08,1390,Nguồn Jetek model MAXWATT 750,6422,1111,6847273.0
2023-10-08,1390,Nguồn Jetek model MAXWATT 650,6422,1111,5846364.0
2023-10-08,1390,Nguồn Jetek model MAXWATT 550,6422,1111,4391818.0
2023-10-08,2221,"Hộp mực (Catridge) đã có mực in dùng cho máy in laser loại CE505A,nhãn hiệu Xppro",6422,1111,400000.0
2023-10-08,5185,Bộ bàn phím + chuột không dây Logitech MK220 (920-003235),6422,1111,1613636.0
2023-10-08,5185,Chiết khấu giảm giá,6422,1111,2708182.0
2023-10-08,5185,"Chuột không dây Logitech M185, màu xám (910-002255)",6422,1111,2727273.0
2023-10-08,5185,Chuột không dây Logitech M221 màu đen (910-004882),6422,1111,2045455.0
2023-10-08,18807,"Máy tính xách tay MSI Cyborg 15 A12UC-621VN/i5-12450H/512GB SSD/DDR5 8GB/RTX 3050,GDDR6 4GB/15.6"" FHD 144Hz/Win11/Màu đen/Ba lô",6422,1111,16354545.0
2023-10-08,1069,Giá vốn (80%): Tai nghe SoundMax AH314,632,1561,290908.8
2023-10-08,18807,"ổ cứng lắp trong Western Digital 2TB 3.5"" Sata 3,màu xanh(Blue)(WD20EZBX)",6422,1111,3736364.0
2023-10-08,18807,Chiết khấu giảm giá,6422,1111,18181818.0
2023-10-08,1069,Máy tính để bàn Optiplex 3080SFF XCTO Core i5 - 10505 (3080SFF -10505 -4G1TB3Y),131,511,10454545.0
2023-10-08,1069,Giá vốn (80%): Máy tính để bàn Optiplex 3080SFF XCTO Core i5 - 10505 (3080SFF -10505 -4G1TB3Y),632,1561,8363636.0
2023-10-08,1069,Loa SoundMax A130/2.0,131,511,254546.0
2023-10-08,1069,Giá vốn (80%): Loa SoundMax A130/2.0,632,1561,203636.8
2023-10-08,1069,Tai nghe SoundMax AH314,131,511,363636.0
2023-10-08,1390,Nguồn Jetek model MAXWATT 500,6422,1111,4028182.0
2023-10-08,5185,"Bộ bàn phím + chuột không dây Logitech MK240 Nano, màu đen (920-008202)",6422,1111,1527273.0
2023-10-08,1390,Nguồn Jetek model 600 ELITE V5,6422,1111,5573636.0
2023-10-08,1075,Giá vốn (80%): Bàn phím Dell Multimedia KB216,632,1561,727272.8
2023-10-08,1070,Giá vốn (80%): Bộ định tuyến thu phát vô tuyến Tp-Link 2.4GHz/5GHz Archer MR200,632,1561,1054545.6
2023-10-08,1390,Nguồn Jetek Model 450 ELITE V2,6422,1111,4131000.0
2023-10-08,1076,Mực in phun Brother BTD60BK BH17 ASA,131,511,909091.0
2023-10-08,1076,Giá vốn (80%): Mực in phun Brother BTD60BK BH17 ASA,632,1561,727272.8
2023-10-08,1075,"Màn hình vi tính (LCD) Lenovo ThinkVision  S27e - 20/ 27.0""/1920/1080 (62AFKAR2WW)",131,511,14454545.0
2023-10-08,1075,"Giá vốn (80%): Màn hình vi tính (LCD) Lenovo ThinkVision  S27e - 20/ 27.0""/1920/1080 (62AFKAR2WW)",632,1561,11563636.0
2023-10-08,1075,CÁP DỮ LIỆU VIDEO HDMI 1.4 TRUYỀN ÂM THANH HÌNH ẢNH UGREEN (10109),131,511,545454.0
2023-10-08,1075,Giá vốn (80%): CÁP DỮ LIỆU VIDEO HDMI 1.4 TRUYỀN ÂM THANH HÌNH ẢNH UGREEN (10109),632,1561,436363.2
2023-10-08,1075,Chuột máy tính Dell MS116,131,511,636365.0
2023-10-08,1075,Giá vốn (80%): Chuột máy tính Dell MS116,632,1561,509092.0
2023-10-08,1074,Chuột máy tính Logitech B100,131,511,318182.0
2023-10-08,1074,Giá vốn (80%): Chuột máy tính Logitech B100,632,1561,254545.6
2023-10-08,1074,"Ổ cứng  máy tính SSD Western WDS240G2G0A, 240GB",131,511,4090909.0
2023-10-08,1074,"Giá vốn (80%): Ổ cứng  máy tính SSD Western WDS240G2G0A, 240GB",632,1561,3272727.2
2023-10-08,1075,Bàn phím Dell Multimedia KB216,131,511,909091.0
2023-10-08,1074,"Giá vốn (80%): Hộp mực (Cartridge) đã có mực in dùng cho máy inlaser, loại LH2612A ( HP1010/1012/CN2900), hiệuPremium",632,1561,472727.2
2023-10-08,1074,"Hộp mực (Cartridge) đã có mực in dùng cho máy inlaser, loại LH2612A ( HP1010/1012/CN2900), hiệuPremium",131,511,590909.0
2023-10-08,1071,Giá vốn (80%): Máy đếm tiền XD BC - 35,632,1561,3844444.8
2023-10-08,1071,Máy đếm tiền XD BC - 35,131,511,4805556.0
2023-10-08,1072,Giá vốn (80%): Thiết bị thu phát vô tuyến RG - EW1200G Pro,632,1561,690908.8
2023-10-08,1072,Thiết bị thu phát vô tuyến RG - EW1200G Pro,131,511,863636.0
2023-10-08,1073,Giá vốn (80%): BỘ MÁY VI TÍNH,632,1561,20363636.0
2023-10-08,1070,Bộ định tuyến thu phát vô tuyến Tp-Link 2.4GHz/5GHz Archer MR200,131,511,1318182.0
2023-10-08,1074,Giá vốn (80%): Máy in Brother HL - L2321D,632,1561,1963636.0
2023-10-08,1074,Máy in Brother HL - L2321D,131,511,2454545.0
2023-10-08,1074,"Giá vốn (80%): Màn hình LCD VIEWSONIC VA1903A/19""",632,1561,1200000.0
2023-10-08,1074,"Màn hình LCD VIEWSONIC VA1903A/19""",131,511,1500000.0
2023-10-08,1073,BỘ MÁY VI TÍNH,131,511,25454545.0
2023-10-09,5625,BÀN PHÍM DELL MULTIMEDIA KB216,6422,1111,3845454.0
2023-10-09,5631,CHUỘT QUANG DELL WIRELESS WM118,6422,1111,2454545.0
2023-10-09,1503,MÁY IN LASER ĐƠN NĂNG TRẮNG ĐEN - CANON PRINTER I-SENSYS LBP236DW,6422,1111,9272727.0
2023-10-09,1079,"Giá vốn (80%): Máy tính xách tay (NB) HP 14s - dq2620TU i3 - 1115G4/4GD4/256G SSD/14.0"" (6K774PA)",632,1561,6763636.0
2023-10-09,1082,Giá vốn (80%): Bộ chuyển USB sang DP9 RS-232 (20223),632,1561,254545.6
2023-10-09,1079,"Máy tính xách tay (NB) HP 14s - dq2620TU i3 - 1115G4/4GD4/256G SSD/14.0"" (6K774PA)",131,511,8454545.0
2023-10-09,1079,Giá vốn (80%): Điện  thoại có dây Panasonic KXTS500,632,1561,2181818.4
2023-10-09,1079,"Thiết bị thu phát vô tuyến TP-Link,TL-WN725N",131,511,1000000.0
2023-10-09,1079,Điện  thoại có dây Panasonic KXTS500,131,511,2727273.0
2023-10-09,1079,Giá vốn (80%): Máy in hóa đơn Zywell ZY808 cổng USB+LAN,632,1561,1163636.8
2023-10-09,1079,Máy in hóa đơn Zywell ZY808 cổng USB+LAN,131,511,1454546.0
2023-10-09,1079,"Giá vốn (80%): Thiết bị thu phát vô tuyến TP-Link,TL-WN725N",632,1561,800000.0
2023-10-09,5625,CHUỘT QUANG VI TÍNH DELL MS116,6422,1111,2209091.0
2023-10-09,1079,Giá vốn (80%): USB hỗ trợ kết nối Bluetooth Tp-Link UB400,632,1561,1454545.6
2023-10-09,1082,Bộ chuyển USB sang DP9 RS-232 (20223),131,511,318182.0
2023-10-09,65115150,THU LAI,6422,1111,14429590.0
2023-10-09,1077,"Ổ cứng gắn trong 480GB SSD Exceria Bics Flash 2.5"" Sata3 Kioxia",131,511,1136364.0
2023-10-09,1077,"Giá vốn (80%): Ổ cứng gắn trong 480GB SSD Exceria Bics Flash 2.5"" Sata3 Kioxia",632,1561,909091.2
2023-10-09,1078,Loa vi tính Microlab M106BT / 2.1,131,511,1236364.0
2023-10-09,1078,Giá vốn (80%): Loa vi tính Microlab M106BT / 2.1,632,1561,989091.2
2023-10-09,1081,Ổ cứng Kingmax SSD M2 Sata III 256GB SA3080,131,511,681818.0
2023-10-09,1081,Giá vốn (80%): Ổ cứng Kingmax SSD M2 Sata III 256GB SA3080,632,1561,545454.4
2023-10-09,1081,Vỏ máy tính Golden Field H2B,131,511,409091.0
2023-10-09,1081,Giá vốn (80%): Vỏ máy tính Golden Field H2B,632,1561,327272.8
2023-10-09,1081,Nguồn Jetek Model 350 ELITE V2,131,511,363636.0
2023-10-09,1081,Giá vốn (80%): Nguồn Jetek Model 350 ELITE V2,632,1561,290908.8
2023-10-09,413705,LINH KIỆN VI TÍNH (RAM PC) Lexar 8GB DDR4 3200 U-DIMM CL22(LD4AU008G-B3200GSST),6422,1111,32727300.0
2023-10-09,1079,USB hỗ trợ kết nối Bluetooth Tp-Link UB400,131,511,1818182.0
2023-10-09,1079,"Thiết bị chuyển  mạch TP-Link,TL- SF1005D",131,511,2181818.0
2023-10-09,1079,Thiết bị ghi hình Logitech C505e,131,511,6818182.0
2023-10-09,1079,Giá vốn (80%): Thiết bị ghi hình Logitech C505e,632,1561,5454545.6
2023-10-09,1080,Máy in Brother HL - L2321D,131,511,2636364.0
2023-10-09,1080,Giá vốn (80%): Máy in Brother HL - L2321D,632,1561,2109091.2
2023-10-09,1080,Camera kỹ thuật số có chức năng ghi hiệu EZVIZ mã CS - C6N,131,511,363636.0
2023-10-09,1080,Giá vốn (80%): Camera kỹ thuật số có chức năng ghi hiệu EZVIZ mã CS - C6N,632,1561,290908.8
2023-10-09,1079,Camera kỹ thuật số có chức năng ghi hiệu EZVIZ mã CS - C6N (B0-1G2WF)(1080P)- hỗ trợ thẻ nhớ trong,131,511,14181818.0
2023-10-09,1079,Giá vốn (80%): Camera kỹ thuật số có chức năng ghi hiệu EZVIZ mã CS - C6N (B0-1G2WF)(1080P)- hỗ trợ thẻ nhớ trong,632,1561,11345454.4
2023-10-09,1079,Chuột máy tính Dell MS116,131,511,2181818.0
2023-10-09,1079,Giá vốn (80%): Chuột máy tính Dell MS116,632,1561,1745454.4
2023-10-09,1079,Chuột vi tính Rapoo M20,131,511,4181818.0
2023-10-09,1079,Giá vốn (80%): Chuột vi tính Rapoo M20,632,1561,3345454.4
2023-10-09,1079,Loa vi tính Microlab M300BT /2.1,131,511,1750000.0
2023-10-09,1079,Giá vốn (80%): Loa vi tính Microlab M300BT /2.1,632,1561,1400000.0
2023-10-09,1079,"Giá vốn (80%): Thiết bị đầu cuối GSM/W-CDMA FDD 2.4GHz TP-Link, M7350",632,1561,9600000.0
2023-10-09,1079,Giá vốn (80%): Tai nghe Logitech H370,632,1561,3200000.0
2023-10-09,1079,"Thiết bị đầu cuối GSM/W-CDMA FDD 2.4GHz TP-Link, M7350",131,511,12000000.0
2023-10-09,1079,Giá vốn (80%): Thẻ nhớ Micro SD+Adaptor Hikvision HS-TF-C1/32GB,632,1561,2327272.8
2023-10-09,1079,Thẻ nhớ Micro SD+Adaptor Hikvision HS-TF-C1/32GB,131,511,2909091.0
2023-10-09,1079,Giá vốn (80%): Mực Laser đen Premium,632,1561,3490908.8
2023-10-09,1079,Tai nghe Logitech H370,131,511,4000000.0
2023-10-09,1079,"Giá vốn (80%): Thiết bị chuyển  mạch TP-Link,TL- SF1005D",632,1561,1745454.4
2023-10-09,1079,Giá vốn (80%): Loa SoundMax A130/2.0,632,1561,2600000.0
2023-10-09,1079,Loa SoundMax A130/2.0,131,511,3250000.0
2023-10-09,1079,Giá vốn (80%): Bàn phím Keyboard NK2500,632,1561,4000000.0
2023-10-09,1079,Bàn phím Keyboard NK2500,131,511,5000000.0
2023-10-09,1079,Mực Laser đen Premium,131,511,4363636.0
2023-10-10,1083,Giá vốn (80%): Máy chiếu Panasonic PT - LB426,632,1561,13156364.0
2023-10-10,88240,Máy quét Canon DR F-120,6422,1111,16000000.0
2023-10-10,6634,Thẻ nhớ Patriot 256GB Micro SDXC V30 P/N PEF256GEP31MCX,6422,1111,1586364.0
2023-10-10,6634,Thẻ nhớ Patriot VX Series 128GB MICRO SDXC V30 P/N 7FCNB6KPUVI-128G,6422,1111,1463636.0
2023-10-10,6634,Thẻ nhớ Patriot VX Series 64GB MICRO SDXC V30 P/N 7FCNB6JPUVI-64G,6422,1111,3327273.0
2023-10-10,6634,Thẻ nhớ Patriot 32GB MicroSDHC C10 P/N PSF32GMDC10,6422,1111,1854546.0
2023-10-10,151582,THU LAI VAY LD2320500438,6422,1111,223141.0
2023-10-10,339,"Ổ cứng GN WD My Passport 2.5'' 5TB USB 3.2 - WDBPKJ0050BBK-WESN, màu đen",6422,1111,12136364.0
2023-10-10,1083,Máy chiếu Panasonic PT - LB426,131,511,16445455.0
2023-10-10,75485,Chiết khấu bán hàng Máy in Brother Quý 02/2023 theo văn bản số 299/06 ngày 10/07/2023,131,511,6838475.0
2023-10-10,1084,Giá vốn (80%): Màn chiếu chân P70TS,632,1561,777777.6
2023-10-10,1084,Màn chiếu chân P70TS,131,511,972222.0
2023-10-10,1085,Giá vốn (80%): Máy in màu Epson L805,632,1561,8727272.8
2023-10-10,1085,Máy in màu Epson L805,131,511,10909091.0
2023-10-10,151586,THU LAI VAY LD2320600397,6422,1111,80472.0
2023-10-10,75484,Chiết khấu bán hàng Mực in Brother Quý 02/2023 theo văn bản số 175/06 ngày 10/07/2023,131,511,4888078.0
2023-10-10,5224,"Tai nghe PC Logitech Stereo H151, màu đen - BLACK (981-000587)",6422,1111,2227273.0
2023-10-10,1155,L805 Máy in phun màu khổ A4 Epson,6422,1111,5210000.0
2023-10-11,820,Màn chiếu treo P96WS,6422,1111,814815.0
2023-10-11,65514940,THU LAI,6422,1111,6118418.0
2023-10-11,1091,MÁY TÍNH XÁCH TAY (NB) HP Probook 450G9 i7 - 1255U/16GB (2 * 8GD4 ) /512GSSD/15.6FHD/WL/BT/FP/3C45WHr/ALU/W11SL/LED_KB/BẠC(6M0Z8PA),131,511,24950000.0
2023-10-11,1091,Giá vốn (80%): MÁY TÍNH XÁCH TAY (NB) HP Probook 450G9 i7 - 1255U/16GB (2 * 8GD4 ) /512GSSD/15.6FHD/WL/BT/FP/3C45WHr/ALU/W11SL/LED_KB/BẠC(6M0Z8PA),632,1561,19960000.0
2023-10-11,1090,Tai nghe Logitech H340,131,511,445455.0
2023-10-11,1090,Giá vốn (80%): Tai nghe Logitech H340,632,1561,356364.0
2023-10-11,1089,Bàn phím Dell Multimedia KB216,131,511,690909.0
2023-10-11,1087,"Giá vốn (80%): Ổ cứng di động (HDD) Seagate One Touch 2TB 2.5"" USB 3.0",632,1561,1890908.8
2023-10-11,1089,Chuột máy tính Dell MS116,131,511,354546.0
2023-10-11,1089,Giá vốn (80%): Chuột máy tính Dell MS116,632,1561,283636.8
2023-10-11,1087,"Ổ cứng di động (HDD) Seagate One Touch 2TB 2.5"" USB 3.0",131,511,2363636.0
2023-10-11,306,Cáp dữ liệu VIDEO HDMI 1.4 truyền âm thanh hìnhảnh dài 10M Ugreen (10110),6422,1111,1489091.0
2023-10-11,306,"Hộp ổ cứng 3.5"" USB 3.0, ORICO 3139U3-CRCáp dữ liệu VIDEO HDMI 1.4 truyềnâm thanh hình ảnh dài 5M Ugreen(10109)",6422,1111,613636.0
2023-10-11,306,Vi mạch điện tử 7504 Unitek,6422,1111,781818.0
2023-10-11,820,Màn chiếu chân P70TS,6422,1111,1772222.0
2023-10-11,1089,Giá vốn (80%): Bàn phím Dell Multimedia KB216,632,1561,552727.2
2023-10-11,820,Giá treo máy chiếu MS12,6422,1111,660000.0
2023-10-11,1088,"Màn hình LCD - DELL  P2722H /27.0""",131,511,16363636.0
2023-10-11,820,"Máy chiếu đa năng, công suất chiếu 30-300inch. Hiệu: Viewsonic, Model: PA503S-3",6422,1111,7181818.0
2023-10-11,1088,Máy tính để bàn Dell Vos 3671MT i5 - 9400/ (V579Y1W),131,511,34363636.0
2023-10-11,1088,Giá vốn (80%): Máy tính để bàn Dell Vos 3671MT i5 - 9400/ (V579Y1W),632,1561,27490908.8
2023-10-11,1088,"Giá vốn (80%): Màn hình LCD - DELL  P2722H /27.0""",632,1561,13090908.8
2023-10-11,1088,"Ổ cứng gắn trong Western Digital 1TB - 3.5""(WD10EZEX)",131,511,2454546.0
2023-10-11,1088,"Giá vốn (80%): Ổ cứng gắn trong Western Digital 1TB - 3.5""(WD10EZEX)",632,1561,1963636.8
2023-10-11,820,Giá treo máy chiếu MS65,6422,1111,450000.0
2023-10-11,1086,Giá vốn (80%): Mực in phun Brother BT5000C,632,1561,130908.8
2023-10-11,1086,Mực in phun Brother BT5000C,131,511,163636.0
2023-10-11,1086,Giá vốn (80%): Mực in phun Brother BT5000M,632,1561,130908.8
2023-10-11,1086,Mực in phun Brother BT5000Y,131,511,163636.0
2023-10-11,1086,Giá vốn (80%): Mực in phun Brother BT5000Y,632,1561,130908.8
2023-10-11,1086,Mực in phun Brother BTD60BK,131,511,227273.0
2023-10-11,1086,Giá vốn (80%): Mực in phun Brother BTD60BK,632,1561,181818.4
2023-10-11,2161,Bộ chuyển đổi tín hiệu quang sang Video BT-HD4V1DF-T/R,6422,1111,1772727.0
2023-10-11,1086,Mực in phun Brother BT5000M,131,511,163636.0
2023-10-12,1092,Giá vốn (80%): Giá treo máy chiếu MS12,632,1561,261818.4
2023-10-12,5715,Camera kỹ thuật số có chức năng ghi hiệu EZVIZ mã CS-C6N (B0-1G2WF) (1080P),6422,1111,1418182.0
2023-10-12,1092,Giá treo máy chiếu MS12,131,511,327273.0
2023-10-12,5715,"Camera kỹ thuật số có chức năng ghi hiệu EZVIZ mã CS-C6N(4MP,W1)",6422,1111,5363636.0
2023-10-12,153053,Thuế GTGT: THU PHI CT VietinBank,6422,1121,1900.0
2023-10-12,154499,"Thiết bị đầu cuối GSM/ W-CDMA FDD/E-UTRA FDD, 2,4 GHz, TP-LINK_M7000",6422,1111,2963636.0
2023-10-12,153053,THU PHI CT VietinBank,6422,1121,19000.0
2023-10-13,1093,"Ổ cứng di động Seagate Expansion 2TB 2.5""(STEA2000400)",131,511,2000000.0
2023-10-13,1093,"Giá vốn (80%): Ổ cứng di động Seagate Expansion 2TB 2.5""(STEA2000400)",632,1561,1600000.0
2023-10-14,1095,Giá vốn (80%): Mực Laser TN-2385 Brother,632,1561,400000.0
2023-10-14,1095,Mực Laser TN-2385 Brother,131,511,500000.0
2023-10-14,1095,Giá vốn (80%): Máy in Brother HL-L2321D,632,1561,2109091.2
2023-10-14,1094,Giá vốn (80%): Bảng mạch chính của máy vi tính hiệu ASUS PRIMEH510M - K R2.0-CSM-SI,632,1561,1090908.8
2023-10-14,1094,Bảng mạch chính của máy vi tính hiệu ASUS PRIMEH510M - K R2.0-CSM-SI,131,511,1363636.0
2023-10-14,1095,Máy in Brother HL-L2321D,131,511,2636364.0
2023-10-15,1100,Giá vốn (80%): Máy quét Canon DR F-120,632,1561,7120000.0
2023-10-15,1100,MÁY IN Canon Laser LBP-2900,131,511,3590909.0
2023-10-15,1100,Giá vốn (80%): MÁY IN Canon Laser LBP-2900,632,1561,2872727.2
2023-10-15,1100,Máy quét Canon DR F-120,131,511,8900000.0
2023-10-15,153706,THU LAI VAY LD2320800425,6422,1111,150050.0
2023-10-15,1101,"Ổ cứng gắn trong Western Digital 1TB - 3.5"" (WD10EZEX)",131,511,1118182.0
2023-10-15,1101,Giá vốn (80%): Bộ nhớ trong Kingston 8GB D - 2666 CL16,632,1561,509091.2
2023-10-15,1101,Tai nghe Logitech H150,131,511,272727.0
2023-10-15,1101,Bộ nhớ trong Kingston 8GB D - 2666 CL16,131,511,636364.0
2023-10-15,153707,THU LAI VAY LD2321200468,6422,1111,337534.0
2023-10-15,1096,Bàn phím Logitech G213,131,511,763636.0
2023-10-15,1096,Giá vốn (80%): Bàn phím Logitech G213,632,1561,610908.8
2023-10-15,1101,"Giá vốn (80%): Ổ cứng gắn trong Western Digital 1TB - 3.5"" (WD10EZEX)",632,1561,894545.6
2023-10-15,8217,Bút trình chiếu Newmen P012,6422,1111,2409091.0
2023-10-15,1101,Giá vốn (80%): Tai nghe Logitech H150,632,1561,218181.6
2023-10-15,1099,Giá vốn (80%): Mực in Canon GI-790Y,632,1561,254545.6
2023-10-15,8217,Bút trình chiếu Newmen P-026,6422,1111,1863636.0
2023-10-15,1098,MÁY IN  Canon Laser LBP-2900,131,511,3590909.0
2023-10-15,1098,Giá vốn (80%): MÁY IN  Canon Laser LBP-2900,632,1561,2872727.2
2023-10-15,1098,Máy quét Canon DR F-120,131,511,8900000.0
2023-10-15,7033,THU PHI CK CTY ADG+CTY TG SO+CTY DAI PHAT+CTY LE TRAN GIA,6422,1111,92000.0
2023-10-15,7033,Thuế GTGT: THU PHI CK CTY ADG+CTY TG SO+CTY DAI PHAT+CTY LE TRAN GIA,1331,1111,9200.0
2023-10-15,1098,Giá vốn (80%): Máy quét Canon DR F-120,632,1561,7120000.0
2023-10-15,1097,"Giá vốn (80%): Máy tính xách tay MSI GF63 Thin 11UC - 1228VN (i7-11800H; 8GBx2;512GB SSD; RTX3050/4GB; 15.6"" FHD; Win11; Đen)",632,1561,15236364.0
2023-10-15,1099,Mực in Canon GI-790C,131,511,318182.0
2023-10-15,1099,Giá vốn (80%): Mực in Canon GI-790C,632,1561,254545.6
2023-10-15,1099,Mực in Canon GI-790M,131,511,318182.0
2023-10-15,1099,Giá vốn (80%): Mực in Canon GI-790M,632,1561,254545.6
2023-10-15,1099,Mực in Canon GI-790Y,131,511,318182.0
2023-10-15,1097,"Máy tính xách tay MSI GF63 Thin 11UC - 1228VN (i7-11800H; 8GBx2;512GB SSD; RTX3050/4GB; 15.6"" FHD; Win11; Đen)",131,511,19045455.0
2023-10-16,1103,Giá vốn (80%): Chuột vi tính có dây Rapoo N100,632,1561,50908.8
2023-10-16,1103,Giá vốn (80%): CARD VGA của máy vi tính hiệu ASUS GT730 - SL -2GD5 - BRK,632,1561,1047272.8
2023-10-16,1103,CARD VGA của máy vi tính hiệu ASUS GT730 - SL -2GD5 - BRK,131,511,1309091.0
2023-10-16,1103,"Giá vốn (80%): Màn hình LCD VIEWSONIC VX2476 - SMHD/24""",632,1561,1883636.8
2023-10-16,1103,"Màn hình LCD VIEWSONIC VX2476 - SMHD/24""",131,511,2354546.0
2023-10-16,1103,Chuột vi tính có dây Rapoo N100,131,511,63636.0
2023-10-16,1103,Giá vốn (80%): Ổ cứng gắn trong 250GB SSD Exceria NVMe Bics Flas M.2 PCle Kioxia,632,1561,567272.8
2023-10-16,1108,Giá vốn (80%): Phần mềm Kaspersky KL1867MUAFS,632,1561,800000.0
2023-10-16,1103,Giá vốn (80%): Vỏ thùng máy tính Jetek EN15,632,1561,218181.6
2023-10-16,1103,Vỏ thùng máy tính Jetek EN15,131,511,272727.0
2023-10-16,1103,Giá vốn (80%): Nguồn Jetek Model 450 ELITE V2,632,1561,429091.2
2023-10-16,1103,Nguồn Jetek Model 450 ELITE V2,131,511,536364.0
2023-10-16,1103,"Cạc mạng PCI Adapter TP -Link, TL - WN781ND",131,511,172727.0
2023-10-16,1103,Giá vốn (80%): Bàn phím Keyboard NK2500,632,1561,109091.2
2023-10-16,1103,"Giá vốn (80%): Cạc mạng PCI Adapter TP -Link, TL - WN781ND",632,1561,138181.6
2023-10-16,1104,Chuột máy tính Dell WM118,131,511,418182.0
2023-10-16,1103,Giá vốn (80%): Máy in phun đa năng Brother DCP - T226,632,1561,2683636.0
2023-10-16,1103,Ổ cứng di động 32GB U202 USB 2.0 Kioxia,131,511,90909.0
2023-10-16,1103,Giá vốn (80%): Ổ cứng di động 32GB U202 USB 2.0 Kioxia,632,1561,72727.2
2023-10-16,1103,Loa SoundMax A600 / 2.1,131,511,300000.0
2023-10-16,1103,Giá vốn (80%): Loa SoundMax A600 / 2.1,632,1561,240000.0
2023-10-16,1104,Giá vốn (80%): Chuột máy tính Dell WM118,632,1561,334545.6
2023-10-16,1109,Loa SoundMax A130/2.0,131,511,436364.0
2023-10-16,1109,Giá vốn (80%): Loa SoundMax A130/2.0,632,1561,349091.2
2023-10-16,1109,Máy in Brother HL - L2321D,131,511,2454545.0
2023-10-16,1109,Giá vốn (80%): Máy in Brother HL - L2321D,632,1561,1963636.0
2023-10-16,1109,Chuột vi tính có dây Rapoo N100,131,511,500000.0
2023-10-16,1109,Giá vốn (80%): Chuột vi tính có dây Rapoo N100,632,1561,400000.0
2023-10-16,1108,Phần mềm Kaspersky KL1867MUAFS,131,511,1000000.0
2023-10-16,1103,Ổ cứng gắn trong 250GB SSD Exceria NVMe Bics Flas M.2 PCle Kioxia,131,511,709091.0
2023-10-16,1103,Máy in phun đa năng Brother DCP - T226,131,511,3354545.0
2023-10-16,1103,Giá vốn (80%): Bộ Nhớ Trong Kingmax 8GBD4 - 3200U C16,632,1561,378181.6
2023-10-16,1103,Bàn phím Keyboard NK2500,131,511,136364.0
2023-10-16,1103,Giá vốn (80%): Chíp xử lý vi tính Intel Core i5-10400F (BX8070110400FSRH3D),632,1561,2029091.2
2023-10-16,1103,Bộ Nhớ Trong Kingmax 8GBD4 - 3200U C16,131,511,472727.0
2023-10-16,1107,Máy tính xách tay Dell Vos 15 3500 i5 - 1135G7/8G(7G3981),131,511,38727270.0
2023-10-16,1107,Giá vốn (80%): Máy tính xách tay Dell Vos 15 3500 i5 - 1135G7/8G(7G3981),632,1561,30981816.0
2023-10-16,1107,Máy In Canon Laser LBP - 2900,131,511,14181820.0
2023-10-16,1107,Giá vốn (80%): Máy In Canon Laser LBP - 2900,632,1561,11345456.0
2023-10-16,1107,Chuột máy tính Logitech G402,131,511,3272730.0
2023-10-16,1107,Giá vốn (80%): Chuột máy tính Logitech G402,632,1561,2618184.0
2023-10-16,1107,"Thiết bị định tuyến TP - Link 2.4GHz , Archer C6",131,511,2100000.0
2023-10-16,1107,"Giá vốn (80%): Thiết bị định tuyến TP - Link 2.4GHz , Archer C6",632,1561,1680000.0
2023-10-16,1107,"Giá vốn (80%): Camera kỹ thuật số có chức năng ghi hiệu EZVIZ mã CS - C3TN (3MP,2.8MM) - hỗ trợ thẻ nhớ trong",632,1561,3869090.4
2023-10-16,1106,Chuột máy tính Dell MS116,131,511,236364.0
2023-10-16,1106,Giá vốn (80%): Chuột máy tính Dell MS116,632,1561,189091.2
2023-10-16,1106,Mực chai 17A,131,511,109091.0
2023-10-16,1106,Giá vốn (80%): Mực chai 17A,632,1561,87272.8
2023-10-16,9633,"Bộ Vi xử lý Intel Core i3-10105 Processor 3.70GHz 6M Cache, Sockets FCLGA1200-BX8070110105",6422,1111,9745455.0
2023-10-16,1107,"Camera kỹ thuật số có chức năng ghi hiệu EZVIZ mã CS - C3TN (3MP,2.8MM) - hỗ trợ thẻ nhớ trong",131,511,4836363.0
2023-10-16,76992,"Máy tính cá nhân để bàn - Bộ Mini PC Kit INTEL NUC11TN (BNUC11TNKI30000): Gồm mạch chính, CPU Intel Core i3-1115G4 (4.10 GHz), Adaptor. Không có ổ cứng, RAM và màn hình",6422,1111,6318182.0
2023-10-16,1103,Chíp xử lý vi tính Intel Core i5-10400F (BX8070110400FSRH3D),131,511,2536364.0
2023-10-16,9633,CHIP VI XỬ LÝ INTEL CORE I5 - 10400F 2.90 GHZ + QUẠT,6422,1111,4145455.0
2023-10-16,1103,Bảng mạch chính của máy vi tính hiệu ASUS PRIMEH510M - K R2.0-CSM-SI,131,511,1490909.0
2023-10-16,1102,Giá vốn (80%): Bộ nhớ máy vi tính Kingmax  8GB DDR4-3200 (KM-LD4-3200-8GS),632,1561,312727.2
2023-10-16,1102,Bộ nhớ máy vi tính Kingmax  8GB DDR4-3200 (KM-LD4-3200-8GS),131,511,390909.0
2023-10-16,1102,Giá vốn (80%): Ổ đĩa cứng máy tính Kingmax SA3080 256GB (M.2 Sata 3),632,1561,334545.6
2023-10-16,1102,Ổ đĩa cứng máy tính Kingmax SA3080 256GB (M.2 Sata 3),131,511,418182.0
2023-10-16,1103,Giá vốn (80%): Bảng mạch chính của máy vi tính hiệu ASUS PRIMEH510M - K R2.0-CSM-SI,632,1561,1192727.2
2023-10-16,1102,Bộ vi xử lý vi tính Intel Corei5-10400 (BX8070110400SRH3C) +Quạt,131,511,2790909.0
2023-10-16,1105,"Giá vốn (80%): Thiêt bị chuyển mạch TP -Link, TL - SG1024D",632,1561,1163636.0
2023-10-16,1105,"Thiêt bị chuyển mạch TP -Link, TL - SG1024D",131,511,1454545.0
2023-10-16,1105,Giá vốn (80%): MÁY IN LASER ĐƠN NĂNG TRẮNG ĐEN - CANONPRINTER I-SENSYS - LBP236DW,632,1561,5309091.2
2023-10-16,1102,Giá vốn (80%): Bộ vi xử lý vi tính Intel Corei5-10400 (BX8070110400SRH3C) +Quạt,632,1561,2232727.2
2023-10-16,1105,MÁY IN LASER ĐƠN NĂNG TRẮNG ĐEN - CANONPRINTER I-SENSYS - LBP236DW,131,511,6636364.0
2023-10-17,308,Máy in Brother HL L2366DW,6422,1111,3418182.0
2023-10-17,308,Cáp dữ liệu VIDEO HDMI 1.4 truyềnâm thanh hình ảnh dài 1.5M Ugreen(60820),6422,1111,359091.0
2023-10-17,308,Cáp dữ liệu VIDEO HDMI 1.4 truyềnâm thanh hình ảnh dài 5M Ugreen(10109),6422,1111,1236364.0
2023-10-17,308,Cáp dữ liệu VIDEO VGA truyền hìnhảnh dài 3m màu đen Ugreen (11631),6422,1111,245455.0
2023-10-17,308,Dây chuyển đổi có chipset USB sangcổng COM RS-232 dài 1.5M Ugreen(20211),6422,1111,300000.0
2023-10-17,1117,Giá vốn (80%): Cạc mạng PCI Gigabit TP-Link-TG - 3468,632,1561,167272.8
2023-10-17,1116,MÀN CHIẾU CHÂN P70TS,131,511,972222.0
2023-10-17,1116,Giá vốn (80%): MÀN CHIẾU CHÂN P70TS,632,1561,777777.6
2023-10-17,1114,Mực Laser TN - 2385 Brother,131,511,500000.0
2023-10-17,1114,Giá vốn (80%): Mực Laser TN - 2385 Brother,632,1561,400000.0
2023-10-17,1110,Giá vốn (80%): Màn hình vi tính (LCD) Lenovo ThinkVision S24e - 20- 23.8 inch/1920x1080 (62AEKAR2WW),632,1561,2000000.0
2023-10-17,1117,Cạc mạng PCI Gigabit TP-Link-TG - 3468,131,511,209091.0
2023-10-17,1110,Màn hình vi tính (LCD) Lenovo ThinkVision S24e - 20- 23.8 inch/1920x1080 (62AEKAR2WW),131,511,2500000.0
2023-10-17,1112,Giá vốn (80%): Màn chiếu điện 84 x 84,632,1561,1400000.0
2023-10-17,1110,Máy tính bàn Lenovo ThinkCentre M70s Gen 3 i3 - 12100( 4.3GHZ) - 8GB RAM - 256GB SSD - Wireless & Bluetooth -None-1Yr; P/n 11TC000QVA,131,511,8445455.0
2023-10-17,1110,Giá vốn (80%): Máy tính bàn Lenovo ThinkCentre M70s Gen 3 i3 - 12100( 4.3GHZ) - 8GB RAM - 256GB SSD - Wireless & Bluetooth -None-1Yr; P/n 11TC000QVA,632,1561,6756364.0
2023-10-17,1115,BÚT TRÌNH CHIẾU NEWMEN P-026,131,511,254545.0
2023-10-17,1115,Giá vốn (80%): BÚT TRÌNH CHIẾU NEWMEN P-026,632,1561,203636.0
2023-10-17,1113,Giá vốn (80%): Máy In Canon Laser LBP - 2900,632,1561,6109091.2
2023-10-17,1112,Màn chiếu điện 84 x 84,131,511,1750000.0
2023-10-17,1113,Máy In Canon Laser LBP - 2900,131,511,7636364.0
2023-10-17,1111,Giá vốn (80%): Hộp mực in Izinet 12A/303/FX9,632,1561,269091.2
2023-10-17,1111,Ổ cứng Kingmax SSD M2 Sata III 128GB SA3080,131,511,681818.0
2023-10-17,1111,Giá vốn (80%): Ổ cứng Kingmax SSD M2 Sata III 128GB SA3080,632,1561,545454.4
2023-10-17,1111,Bàn phím Logitech G213,131,511,681818.0
2023-10-17,1111,Giá vốn (80%): Bàn phím Logitech G213,632,1561,545454.4
2023-10-17,1111,Hộp mực in Izinet 12A/303/FX9,131,511,336364.0
2023-10-18,1125,Giá vốn (80%): Chuột vi tính có dây Rapoo N100,632,1561,43636.0
2023-10-18,1118,Máy In Canon Laser LBP - 2900,131,511,6945455.0
2023-10-18,1118,Giá vốn (80%): Máy In Canon Laser LBP - 2900,632,1561,5556364.0
2023-10-18,1125,Bộ lưu điện Santak - TG500,131,511,1045455.0
2023-10-18,1125,Giá vốn (80%): Bộ lưu điện Santak - TG500,632,1561,836364.0
2023-10-18,1125,Chuột vi tính có dây Rapoo N100,131,511,54545.0
2023-10-18,1125,"Thiết bị chuyển  mạch TP-Link,TL - SF1008D",131,511,145455.0
2023-10-18,1123,Giá vốn (80%): Mực laser đen Brother 2240,632,1561,327272.8
2023-10-18,1124,Điện thoại có dây Panasonic KXTSC11,131,511,472727.0
2023-10-18,1124,Giá vốn (80%): Điện thoại có dây Panasonic KXTSC11,632,1561,378181.6
2023-10-18,1121,MÀN HÌNH VI TÍNH (LCD) PHILIPS  271V8LA /74 /27 INCH/VA-LCD/WLED/75Hz/4ms/250cd/m2/3000:1/VGA/HDMI/ĐEN(BLACK)(271V8LA/74),131,511,2354545.0
2023-10-18,1121,Giá vốn (80%): MÀN HÌNH VI TÍNH (LCD) PHILIPS  271V8LA /74 /27 INCH/VA-LCD/WLED/75Hz/4ms/250cd/m2/3000:1/VGA/HDMI/ĐEN(BLACK)(271V8LA/74),632,1561,1883636.0
2023-10-18,1123,Mực laser đen Brother 2240,131,511,409091.0
2023-10-18,1119,Máy In Canon Laser LBP - 2900,131,511,3590909.0
2023-10-18,1119,Giá vốn (80%): Máy In Canon Laser LBP - 2900,632,1561,2872727.2
2023-10-18,1125,"Giá vốn (80%): Thiết bị chuyển  mạch TP-Link,TL - SF1008D",632,1561,116364.0
2023-10-18,312,Cáp dữ liệu USB 2.0 cho máy intruyền dữ liệu từ máy tính ra máy indài 5m Ugreen (10329),6422,1111,253636.0
2023-10-18,312,Cáp dữ liệu VIDEO HDMI 1.4 truyềnâm thanh hình ảnh dài 10M Ugreen(10110),6422,1111,509091.0
2023-10-18,77381,Bộ vi xử lý vi tính Intel Core i9-13900K (BX8071513900KSRMBH),6422,1121,13727273.0
2023-10-18,312,Cáp dữ liệu VIDEO HDMI 1.4 truyềnâm thanh hình ảnh dài 5M Ugreen(10109),6422,1111,1236364.0
2023-10-18,1120,Bàn phím Dell Multimedia KB216,131,511,2113636.0
2023-10-18,1120,Giá vốn (80%): Bàn phím Dell Multimedia KB216,632,1561,1690908.8
2023-10-18,1120,Chuột máy tính Dell MS116,131,511,1159091.0
2023-10-18,1120,Giá vốn (80%): Chuột máy tính Dell MS116,632,1561,927272.8
2023-10-18,1122,Giá vốn (80%): Bộ máy vi tính,632,1561,6581818.4
2023-10-18,1122,"Màn hình máy tính Lenovo H20215FE0 -"" E22 -28 (H20215FE0) 21.5 inch Monitor-HDMI, P/N:62B9MAR4W",131,511,2172727.0
2023-10-18,1122,Bộ máy vi tính,131,511,8227273.0
2023-10-18,1122,Máy In Canon Laser LBP - 2900,131,511,3627273.0
2023-10-18,1122,Giá vốn (80%): Máy In Canon Laser LBP - 2900,632,1561,2901818.4
2023-10-18,18722,"ổ cứng lắp trong Western Digital 4TB 3.5""Sata3 ,màu vàng(Gold)  ( WD4003FRYZ )",6422,1111,3572727.0
2023-10-18,19546,"Bộ nhớ trong Corsair DDR5, 5600MHz 64GB 2x32GB DIMM,DOMINATOR PLATINUM RGB Black Heatspreader,RGB LED,C40,1.25V/CMT64GX5M2B5600C40",6422,1111,5181818.0
2023-10-18,19546,Nguồn máy tính Corsair RM1000e ATX 3.0/CP-9020264-NA,6422,1111,3772727.0
2023-10-18,108310,Màn hình vi tính Dell LCD-E2222H-21.5''WHD-3Y,6422,1111,6272727.0
2023-10-18,5336,Ổ cứng SSD Samsung 990 PRO 1TB M.2 NVMe (MZ-V9P1T0BW),6422,1111,2318182.0
2023-10-18,1122,"Giá vốn (80%): Màn hình máy tính Lenovo H20215FE0 -"" E22 -28 (H20215FE0) 21.5 inch Monitor-HDMI, P/N:62B9MAR4W",632,1561,1738181.6
2023-10-19,1128,Hộp mực in Izinet 12A/303/FX9,131,511,750000.0
2023-10-19,159009,Thiết bị định tuyến 2G/3G/4G băng tần 2.4 GHz TP-LINK_TL-MR100,6422,1111,2100000.0
2023-10-19,159009,"Thiết bị đầu cuối GSM/ W-CDMA FDD/E-UTRA FDD, 2,4 GHz, TP-LINK_M7000",6422,1111,2209092.0
2023-10-19,19408,Bảng mạch chính Asus ROG MAXIMUS Z790 HERO,6422,1111,13857273.0
2023-10-19,1128,"Thiết bị đinh tuyến thu phát vô tuyến TP-Link,2.4Ghz, TL - MR6400",131,511,2918182.0
2023-10-19,1128,Giá vốn (80%): Hộp mực in Izinet 12A/303/FX9,632,1561,600000.0
2023-10-19,1128,"Giá vốn (80%): Ổ cứng di động SeagateExpansion 1TB 2.5""",632,1561,952727.2
2023-10-19,1128,Giá vốn (80%): Bàn phím Logitech K120,632,1561,283636.8
2023-10-19,1128,Chuột vi tính Rapoo M20,131,511,313636.0
2023-10-19,1128,Giá vốn (80%): Chuột vi tính Rapoo M20,632,1561,250908.8
2023-10-19,1128,Máy tính xách tay HP Pa 15 -eg0542TU  i3 - 1125G4 /4G (4P5G9PA),131,511,12272727.0
2023-10-19,1128,Giá vốn (80%): Máy tính xách tay HP Pa 15 -eg0542TU  i3 - 1125G4 /4G (4P5G9PA),632,1561,9818181.6
2023-10-19,1128,"Ổ cứng di động SeagateExpansion 1TB 2.5""",131,511,1190909.0
2023-10-19,215042,Card đồ hoạ ASUS TUF-RTX4070-O12G-GAMING_90YV0IZ0-M0NA00,6422,1111,16179090.0
2023-10-19,1128,Bàn phím Logitech K120,131,511,354546.0
2023-10-19,157030,THU LAI VAY LD2321300332,6422,1111,181297.0
2023-10-19,1128,"Giá vốn (80%): Thiết bị đinh tuyến thu phát vô tuyến TP-Link,2.4Ghz, TL - MR6400",632,1561,2334545.6
2023-10-19,7153,Thuế GTGT: THU PHI CK CTY SYNNEX FPT,1331,1111,2300.0
2023-10-19,157033,THU LAI VAY LD2321600371,6422,1111,295342.0
2023-10-19,7154,THU PHI CK CTY DT VA PT CONG NGHE QUOC GIA ADG TAI DA NANG,6422,1111,23000.0
2023-10-19,1126,Mực laser đen Brother 2240,131,511,136364.0
2023-10-19,1126,Giá vốn (80%): Mực laser đen Brother 2240,632,1561,109091.2
2023-10-19,1032,Màn hình máy tính Dell 27 Monitor - U2722D powercord/ 36mths Pre,6422,1111,8650000.0
2023-10-19,1031,Màn hình máy tính Dell 27 Monitor - U2722D powercord/ 36mths Pre,6422,1111,8650000.0
2023-10-19,1127,"Thiết bị định tuyến thu phát vô tuyến TP-Link,2.4Ghz, C58HP",131,511,1318182.0
2023-10-19,7154,Thuế GTGT: THU PHI CK CTY DT VA PT CONG NGHE QUOC GIA ADG TAI DA NANG,1331,1111,2300.0
2023-10-19,5333,Bộ lưu điện Santak - Mã hàng TG500,6422,1111,5372727.0
2023-10-19,8683,"Cáp mạng Cat 6 FTP 305m/thùng, Hiệu Aptek",6422,1111,5836362.0
2023-10-19,108499,Màn hình vi tính DELL LCD-E2423H-23.8-WHD-3Y,6422,1111,4909091.0
2023-10-19,7155,THU PHI CK CTY VIEN SON,6422,1111,23000.0
2023-10-19,7155,Thuế GTGT: THU PHI CK CTY VIEN SON,1331,1111,2300.0
2023-10-19,7153,THU PHI CK CTY SYNNEX FPT,6422,1111,23000.0
2023-10-19,1127,"Giá vốn (80%): Thiết bị định tuyến thu phát vô tuyến TP-Link,2.4Ghz, C58HP",632,1561,1054545.6
2023-10-20,1129,"Giá vốn (80%): Ổ CỨNG LẮP TRONG WESTERN DGITAL 2TB 3.5 ""Sata 3, màu xanh",632,1561,872727.2
2023-10-20,1132,Bàn phím Logitech K380,131,511,500000.0
2023-10-20,1132,Giá vốn (80%): Bàn phím Logitech K380,632,1561,400000.0
2023-10-20,1134,Mực Laser TN - 2385 Brother,131,511,409091.0
2023-10-20,1134,"Giá vốn (80%): Hộp mực (Cartridge) đã có mực in dùng cho máy inlaser, loại LH2612A ( HP1010/1012/CN2900), hiệuPremium",632,1561,72727.2
2023-10-20,1134,"Hộp mực (Cartridge) đã có mực in dùng cho máy inlaser, loại LH2612A ( HP1010/1012/CN2900), hiệuPremium",131,511,90909.0
2023-10-20,1131,Phí dịch vụ tháng 09 /2023 theo hợp đồng số 64/2015/HĐ_NetViet ký ngày 26/10/2015,131,511,833333.0
2023-10-20,1131,Giá vốn (80%): Phí dịch vụ tháng 09 /2023 theo hợp đồng số 64/2015/HĐ_NetViet ký ngày 26/10/2015,632,1561,666666.4
2023-10-20,1129,"Ổ CỨNG LẮP TRONG WESTERN DGITAL 2TB 3.5 ""Sata 3, màu xanh",131,511,1090909.0
2023-10-20,1134,Giá vốn (80%): Mực Laser TN - 2385 Brother,632,1561,327272.8
2023-10-20,1130,Giá vốn (80%): MÁY TÍNH XÁCH TAY (NB) HP 14S - DQ5121TU i3- 1215U/ 8GD4/ 512GSSD/14.0FHD/Wlac/BT5/3C41WHr/ W11SL/BẠC (8W355PA),632,1561,10763636.0
2023-10-20,215136,Thiết bị thu phát vô tuyến TP-LINK_TL-WN822N,6422,1111,1900000.0
2023-10-20,1133,"Giá vốn (80%): Thiết bị thu phát vô tuyến 2.4GHz TP-Link,TL - WA854RE",632,1561,327272.8
2023-10-20,1135,Giá treo máy chiếu 1.2 m,131,511,409091.0
2023-10-20,1130,MÁY TÍNH XÁCH TAY (NB) HP 14S - DQ5121TU i3- 1215U/ 8GD4/ 512GSSD/14.0FHD/Wlac/BT5/3C41WHr/ W11SL/BẠC (8W355PA),131,511,13454545.0
2023-10-20,1135,Hộp mực in Ecoplus 12A/303/FX9,131,511,254546.0
2023-10-20,1135,Giá vốn (80%): Hộp mực in Ecoplus 12A/303/FX9,632,1561,203636.8
2023-10-20,1135,Giá vốn (80%): Giá treo máy chiếu 1.2 m,632,1561,327272.8
2023-10-20,1135,"Giá vốn (80%): Thiết bị chuyển  mạch TP-Link,TL- SF1008D",632,1561,109090.4
2023-10-20,1133,Thiết bị ghi hình Logitech C920E,131,511,1772727.0
2023-10-20,1133,Giá vốn (80%): Thiết bị ghi hình Logitech C920E,632,1561,1418181.6
2023-10-20,1133,"Thiết bị thu phát vô tuyến 2.4GHz TP-Link,TL - WA854RE",131,511,409091.0
2023-10-20,1135,"Thiết bị chuyển  mạch TP-Link,TL- SF1008D",131,511,136363.0
2023-10-21,1136,Giá vốn (80%): Chuột vi tính Rapoo M20,632,1561,101818.4
2023-10-21,1136,Chuột vi tính Rapoo M20,131,511,127273.0
2023-10-21,1136,Giá vốn (80%): MÁY TÍNH XÁCH TAY (NB)  HP 240 G10 i3 -1315U/8G/256GSSD/14.0FHD/WL/BT/3C/W11SL/BẠC(8F129PA),632,1561,9127272.8
2023-10-21,1136,MÁY TÍNH XÁCH TAY (NB)  HP 240 G10 i3 -1315U/8G/256GSSD/14.0FHD/WL/BT/3C/W11SL/BẠC(8F129PA),131,511,11409091.0
2023-10-21,1137,"Giá vốn (80%): Thiết bị định tuyến 2G/3G/4G băng tần 2.4Ghz TP-Link, TL - MR100",632,1561,632727.2
2023-10-21,1138,"Giá vốn (80%): Bộ chuột , bàn phím máy vi tính X1800S",632,1561,363636.0
2023-10-21,1137,"Thiết bị định tuyến 2G/3G/4G băng tần 2.4Ghz TP-Link, TL - MR100",131,511,790909.0
2023-10-21,1138,Giá vốn (80%): Chuột vi tính Rapoo M20,632,1561,418181.6
2023-10-21,1138,Chuột vi tính Rapoo M20,131,511,522727.0
2023-10-21,1138,Giá vốn (80%): Chuột vi tính có dây Rapoo N100,632,1561,545454.4
2023-10-21,1138,Chuột vi tính có dây Rapoo N100,131,511,681818.0
2023-10-21,1138,Giá vốn (80%): Bàn phím Keyboard NK2500,632,1561,836364.0
2023-10-21,1138,Bàn phím Keyboard NK2500,131,511,1045455.0
2023-10-21,1138,"Bộ chuột , bàn phím máy vi tính X1800S",131,511,454545.0
2023-10-22,1140,THIẾT BỊ TRÌNH CHIẾU PRESENTER LOGITECH R400,131,511,568182.0
2023-10-22,1140,Giá vốn (80%): THIẾT BỊ TRÌNH CHIẾU PRESENTER LOGITECH R400,632,1561,454545.6
2023-10-22,1140,CÁP DỮ LIỆU VIDEO HDMI 1.4 TRUYỀN ÂM THANH HÌNH ẢNH UGREEN (10111),131,511,718182.0
2023-10-22,1140,Giá vốn (80%): CÁP DỮ LIỆU VIDEO HDMI 1.4 TRUYỀN ÂM THANH HÌNH ẢNH UGREEN (10111),632,1561,574545.6
2023-10-22,1140,MÀN HÌNH VI TÍNH DELL,131,511,7500000.0
2023-10-22,1140,Giá vốn (80%): MÀN HÌNH VI TÍNH DELL,632,1561,6000000.0
2023-10-22,1142,Ổ CỨNG LẮP TRONG WESTERN DIGITAL 1TB,131,511,1090909.0
2023-10-22,1142,"Giá vốn (80%): Cạc mạng PCI Adapter TP -Link, TL- WN781ND",632,1561,218181.6
2023-10-22,1142,"Cạc mạng PCI Adapter TP -Link, TL- WN781ND",131,511,272727.0
2023-10-22,1140,Giá vốn (80%): MÁY TÍNH CÁ NHÂN ĐỂ BÀN - BỘ MINI PC KIT INTEL NUC11TN(BNUC11TNKI30000),632,1561,8622545.6
2023-10-22,1141,MÁY TÍNH ĐỂ BÀN DELL OPTIPLEX 3000 CORE i5-12500/8G (3000SFF-I5/12500-8G-256SSD),131,511,12263636.0
2023-10-22,1141,Giá vốn (80%): MÁY TÍNH ĐỂ BÀN DELL OPTIPLEX 3000 CORE i5-12500/8G (3000SFF-I5/12500-8G-256SSD),632,1561,9810908.8
2023-10-22,1141,Màn hình vi tính DELL LCD - E2423H - 23.8-WHD,131,511,2900000.0
2023-10-22,1141,Giá vốn (80%): Màn hình vi tính DELL LCD - E2423H - 23.8-WHD,632,1561,2320000.0
2023-10-22,1142,Giá vốn (80%): Ổ CỨNG LẮP TRONG WESTERN DIGITAL 1TB,632,1561,872727.2
2023-10-22,1140,MÁY TÍNH CÁ NHÂN ĐỂ BÀN - BỘ MINI PC KIT INTEL NUC11TN(BNUC11TNKI30000),131,511,10778182.0
2023-10-22,1139,Giá vốn (80%): Cáp dữ liệu VIDEO HDMI 1.4 truyền âm thanh hình ảnh dài10M Ugreen (10110),632,1561,2181818.4
2023-10-22,1140,BÀN PHÍM LOGITECH K400 WIRELESS,131,511,863636.0
2023-10-22,1139,Cáp dữ liệu VIDEO HDMI 1.4 truyền âm thanh hình ảnh dài10M Ugreen (10110),131,511,2727273.0
2023-10-22,1140,Giá vốn (80%): BÀN PHÍM LOGITECH K400 WIRELESS,632,1561,690908.8
2023-10-22,1143,Máy in hóa đơn XP - T80L,131,511,809091.0
2023-10-22,1143,"Thiết bị chuyển mạch 8 cổng 10/100Mbps,TENDA.S108",131,511,127273.0
2023-10-22,1143,"Giá vốn (80%): Thiết bị chuyển mạch 8 cổng 10/100Mbps,TENDA.S108",632,1121,101818.4
2023-10-22,2183,Hộp mực in HP MFP M150a/M178NW/M179NW BK,6422,1111,168182.0
2023-10-22,1143,Giá vốn (80%): Máy in hóa đơn XP - T80L,632,1561,647272.8
2023-10-22,2183,Hộp mực in HP MFP M150a/M178NW/M179NW M,6422,1111,168182.0
2023-10-22,8756,"Cáp mạng Cat 5e UTP 305m/thùng, Hiệu Aptek",6422,1111,4418184.0
2023-10-22,17480,Máy in phun màu Canon G1010,6422,1111,4400000.0
2023-10-22,17480,Máy in laser Canon LBP2900,6422,1111,69400000.0
2023-10-22,7203,TP CK CTY TG SO,6422,1111,40000.0
2023-10-22,7203,Thuế GTGT: TP CK CTY TG SO,1331,1111,4000.0
2023-10-22,2183,Hộp mực in HP MFP M150a/M178NW/M179NW C,6422,1111,168182.0
2023-10-23,2366,ổ cứng gắn ngoài 500GB SSD ESD270C USB 3.1 Gen 2 type C Transcend,6422,1111,1890909.0
2023-10-23,181,Hộp mực in iziNet 12A/303/FX9 Universal,6422,1111,3440727.0
2023-10-23,4485,MÁY TÍNH XÁCH TAY (NB) LENOVO V14 G3 IAP i5-1235U/8GD4/512GSSD/14.0FHD/IPS/WL/BT/2C38/WIN11/1Y/XÁM(82TS00AXVN),6422,1111,53150000.0
2023-10-23,2366,ổ cứng di động 16GB U301 USB 3.2 Gen 1 Kioxia - Trắng,6422,1111,3863636.0
2023-10-23,2366,"ổ cứng gắn ngoài 1TB StoreJet 2.5"" H3B Transcend",6422,1111,2636364.0
2023-10-23,2366,"ổ cứng gắn ngoài 1TB StoreJet 2.5"" H3P Transcend",6422,1111,1318182.0
2023-10-23,2366,"ổ cứng gắn ngoài 1TB Slim StoreJet 2.5"" M3S Transcend",6422,1111,1309091.0
2023-10-23,2366,ổ cứng gắn ngoài 1TB SSD ESD310S USB 10Gbps Type C/A Transcend,6422,1111,1545455.0
2023-10-23,2366,"ổ cứng gắn ngoài 1TB Slim StoreJet 2.5"" M3G Transcend",6422,1111,1309091.0
2023-10-23,1050,"Máy tính bàn Lenovo ThinkCentre Neo 50t Gen 4 - Intel Corei5-13400 (4.60 GHz) - 8GB RAM - 512GB SSD - Wifi & BL -UHD Graphics 730 - NOS - 1YR Premier NBD,P/n 12JB001HVA",6422,1111,53959091.0
2023-10-23,5409,"Máy tính xách tay MSI Bravo 15 B7ED-010VN/Ryzen 5 7535HS/512GB SSD/DDR5 16GB(8GB*2)/Radeon RX 6550M,GDDR6 4GB/15.6"" FHD 144Hz/Win11/Màu đen",6422,1111,15127273.0
2023-10-23,5409,"Máy tính xách tay MSI Cyborg 15 A12UC-621VN/i5-12450H/512GB SSD/DDR5 8GB/RTX 3050,GDDR6 4GB/15.6"" FHD 144Hz/Win11/Màu đen/Ba lô",6422,1111,16354545.0
2023-10-23,357578,DO 0.001S-V,6422,1111,454545.0
2023-10-23,9888,Vỏ máy tính MIK LV07 - BLACK,6422,1111,1345455.0
2023-10-23,1144,Giá vốn (80%): Máy In Canon Laser LBP - 2900,632,1561,3054545.6
2023-10-23,1144,Máy In Canon Laser LBP - 2900,131,511,3818182.0
2023-10-23,2366,ổ cứng gắn ngoài 1TB SSD ESD300C USB 10Gbps Type C Transcend,6422,1111,1481818.0
2023-10-24,1146,Máy chiếu đa năng ViewSonic PA503XB,131,511,9900000.0
2023-10-24,1147,Bàn phím Logitech G213,131,511,681818.0
2023-10-24,1147,Giá vốn (80%): Cáp dữ liệu VIDEO HDMI 1.4 truyền âm thanh hình ảnh dài5M Ugreen(10109),632,1561,196364.0
2023-10-24,1147,Cáp dữ liệu VIDEO HDMI 1.4 truyền âm thanh hình ảnh dài5M Ugreen(10109),131,511,245455.0
2023-10-24,2404,"Mực nước dùng cho máy in Epson loại Dyeink 003,màu đỏ 70ml,nhãn hiệu Inxmo",6422,1111,63636.0
2023-10-24,1147,"Thiêt bị chuyển mạch TP -Link, TL - SG1024D",131,511,1318182.0
2023-10-24,2404,"Mực nước dùng cho máy in Epson loại Dyeink 003,màu vàng 70ml,nhãn hiệu Inxmo",6422,1111,63636.0
2023-10-24,1146,Giá vốn (80%): Máy chiếu đa năng ViewSonic PA503XB,632,1561,7920000.0
2023-10-24,2404,"Mực nước dùng cho máy in Epson loại Dyeink 003,màu lục lam 70ml,nhãn hiệu Inxmo",6422,1111,63636.0
2023-10-24,2404,"Mực nước dùng cho máy in Epson loại Dyeink 003,màu đen 70ml,nhãn hiệu Inxmo",6422,1111,63636.0
2023-10-24,1147,"Giá vốn (80%): Thiêt bị chuyển mạch TP -Link, TL - SG1024D",632,1561,1054545.6
2023-10-24,1153,"Thiết bị định tuyến 2G/3G/4G băng tần 2.4Ghz TP-Link,TL-MR100",131,511,809091.0
2023-10-24,1153,"Thiết bị chuyển mạch TP-Link, TL - SG108",131,511,490909.0
2023-10-24,1153,"Thiết bị  thu phát vô tuyến TP-Link 2.4Ghz,Archer T2U",131,511,245455.0
2023-10-24,1153,"Giá vốn (80%): Thiết bị  thu phát vô tuyến TP-Link 2.4Ghz,Archer T2U",632,1561,196364.0
2023-10-24,1153,"Giá vốn (80%): Thiết bị chuyển mạch TP-Link, TL - SG108",632,1561,392727.2
2023-10-24,1152,Hộp mực in Izinet 12A/303/FX9,131,511,409091.0
2023-10-24,1152,Giá vốn (80%): Hộp mực in Izinet 12A/303/FX9,632,1561,327272.8
2023-10-24,1584,MÁY IN LASER ĐƠN NĂNG TRẮNG ĐEN - CANON PRINTER I-SENSYS LBP236DW,6422,1111,9272727.0
2023-10-24,1145,Phần mềm Kaspersky KL1941MUEFS,131,511,2700000.0
2023-10-24,1145,Giá vốn (80%): Phần mềm Kaspersky KL1941MUEFS,632,1561,2160000.0
2023-10-24,1145,Phần mềm Kaspersky KL1941MCCFS,131,511,650000.0
2023-10-24,1145,Giá vốn (80%): Phần mềm Kaspersky KL1941MCCFS,632,1561,520000.0
2023-10-24,2404,"Mực nước dùng cho máy in loại dye ink  L110/L310 màu vàng, 70ml",6422,1111,45455.0
2023-10-24,1153,"Giá vốn (80%): Thiết bị định tuyến 2G/3G/4G băng tần 2.4Ghz TP-Link,TL-MR100",632,1561,647272.8
2023-10-24,2404,"Mực nước dùng cho máy in loại dye ink  L110/L310 màu đỏ tươi, 70ml",6422,1111,45455.0
2023-10-24,1147,Giá vốn (80%): Bàn phím Logitech G213,632,1561,545454.4
2023-10-24,2404,"Mực nước dùng cho máy in loại dye ink  L110/L310 màu lục lam sáng, 70ml",6422,1111,45455.0
2023-10-24,1151,Hộp mực in Izinet 12A/303/FX9,131,511,863636.0
2023-10-24,1151,Giá vốn (80%): Hộp mực in Izinet 12A/303/FX9,632,1561,690908.8
2023-10-24,1151,"Ổ cứng gắn trong WesternDigital 2TB-3.5"" (WD20EZAZ)",131,511,1090909.0
2023-10-24,1151,"Giá vốn (80%): Ổ cứng gắn trong WesternDigital 2TB-3.5"" (WD20EZAZ)",632,1561,872727.2
2023-10-24,1151,Bộ vi xử  lý Intel Pentium G6405 (BX80701G6405SRH3Z),131,511,1454545.0
2023-10-24,1151,Giá vốn (80%): Bộ vi xử  lý Intel Pentium G6405 (BX80701G6405SRH3Z),632,1561,1163636.0
2023-10-24,1151,Giá vốn (80%): Bộ nhớ MTXT Kingmax 8GB DDR4 - 2400,632,1561,400000.0
2023-10-24,1151,Ổ đĩa cứng Kingmax PQ3480256GB (ZeusM2PCIe-Gen3x4),131,511,654546.0
2023-10-24,1151,Giá vốn (80%): Ổ đĩa cứng Kingmax PQ3480256GB (ZeusM2PCIe-Gen3x4),632,1561,523636.8
2023-10-24,1150,Mực MP 3054/3554/2554,131,511,863636.0
2023-10-24,1150,Giá vốn (80%): Mực MP 3054/3554/2554,632,1561,690908.8
2023-10-24,1149,Mực in 93A Number One,131,511,954545.0
2023-10-24,1151,Bộ nhớ MTXT Kingmax 8GB DDR4 - 2400,131,511,500000.0
2023-10-24,1148,"Thiết bị đầu cuối GSM/W-CDMA FDD 2.4GHz TP-Link, M7000",131,511,4045455.0
2023-10-24,1149,Giá vốn (80%): Mực in 93A Number One,632,1121,763636.0
2023-10-24,2404,"Mực nước dùng cho máy in loại dye ink  L110/L310 màu lục lam, 70ml",6422,1111,45455.0
2023-10-24,2404,"Mực nước dùng cho máy in loại dye ink  L110/L310 màu đen, 70ml",6422,1111,45455.0
2023-10-24,2404,"Hộp mực (cartridge) đã có mực in dùng cho máy in laser, loại 2612A/C-P303/FX9/FX10, hiệu LPT",6422,1111,254545.0
2023-10-24,2404,"Hộp mực (Catridge) đã có mực in dùng cho máy in laser loại 192A,nhãn hiệu Xppro",6422,1111,1036363.0
2023-10-24,2404,"Hộp mực (Catridge) đã có mực in dùng cho máy in laser loại 83A,nhãn hiệu Xppro",6422,1111,3054545.0
2023-10-24,2404,"Mực nước dùng cho máy in loại dye ink  L110/L310 màu đỏ sáng, 70ml",6422,1111,45455.0
2023-10-24,2404,"Hộp mực (Cartridge) đã có mực in dùng cho máy in laser, loại LH2612A ( HP1010/1012/CN2900), hiệu Premium",6422,1111,1227273.0
2023-10-24,1114,Máy chiếu đa năng ViewSonic PA503XB,6422,1111,8300000.0
2023-10-24,1148,"Giá vốn (80%): Thiết bị đầu cuối GSM/W-CDMA FDD 2.4GHz TP-Link, M7000",632,1561,3236364.0
2023-10-24,2404,"Hộp mực(Cartridge) đã có mực in dùng cho máy in Laser loại 230A , nhãn hiệu XPPRO",6422,1111,1254545.0
2023-10-25,1157,Hộp mực in HP MFP M150a/M178NW/M179NW M,131,511,409091.0
2023-10-25,1157,Giá vốn (80%): Hộp mực in HP MFP M150a/M178NW/M179NW M,632,1561,327272.8
2023-10-25,1158,Mực T5018,131,511,1090909.0
2023-10-25,1158,Giá vốn (80%): Mực T5018,632,1561,872727.2
2023-10-25,11302,Phần mềm diệt virus Bkav Pro Internet Security Al,642,1111,370000.0
2023-10-25,7284,TP CK CTY PTCN QG ADG TAI DN,6422,1111,23000.0
2023-10-25,7285,Thuế GTGT: TP CK CTY VIEN SON,1331,1111,2300.0
2023-10-25,7285,TP CK CTY VIEN SON,6422,1111,23000.0
2023-10-25,2877,Máy chấm công bằng khuôn mặt FA110,6422,1111,1850000.0
2023-10-25,2877,Máy chấm công bằng dấu vân tay DG600BID,6422,1111,1600000.0
2023-10-25,9976,"Bộ Vi xử lý Intel Core i3-10105 Processor 3.70GHz 6M Cache, Sockets FCLGA1200-BX8070110105",6422,1111,12272727.0
2023-10-25,160336,THU LAI VAY LD2322200527,6422,1111,688246.0
2023-10-25,7284,Thuế GTGT: TP CK CTY PTCN QG ADG TAI DN,1331,1111,2300.0
2023-10-25,9976,Bộ vi xử lý vi tính Intel Core I5-10400 + Quạt,6422,1111,6727273.0
2023-10-25,1157,Giá vốn (80%): Hộp mực in HP MFP M150a/M178NW/M179NW C,632,1561,327272.8
2023-10-25,1157,Giá vốn (80%): Hộp mực in HP MFP M150a/M178NW/M179NWBK,632,1561,327272.8
2023-10-25,1154,"Thiết bị thu phát vô tuyến 2.4GHz TP-Link ,TL- WA854RE",131,511,181818.0
2023-10-25,1154,"Giá vốn (80%): Thiết bị thu phát vô tuyến 2.4GHz TP-Link ,TL- WA854RE",632,1561,145454.4
2023-10-25,1154,Bộ nhớ Máy tính Kingmax 16GB DDR4-3200,131,511,954546.0
2023-10-25,1157,Hộp mực in HP MFP M150a/M178NW/M179NW C,131,511,409091.0
2023-10-25,1155,"Máy tính xách tay MSI GF63 Thin11UC - 1228VN (i7-11800H; 8GB;512GB SSD; RTX3050/4GB; 15.6""FHD; Win11; Đen)",131,511,16909091.0
2023-10-25,1154,Giá vốn (80%): Bộ nhớ Máy tính Kingmax 16GB DDR4-3200,632,1561,763636.8
2023-10-25,1155,"Thiết bị định tuyến 2G/3G/4G băng tần 2.4Ghz TP-Link, TL-MR100",131,511,700000.0
2023-10-25,1155,"Giá vốn (80%): Thiết bị định tuyến 2G/3G/4G băng tần 2.4Ghz TP-Link, TL-MR100",632,1561,560000.0
2023-10-25,1156,Mực T3008,131,511,1045455.0
2023-10-25,1156,Giá vốn (80%): Mực T3008,632,1561,836364.0
2023-10-25,1157,Hộp mực in HP MFP M150a/M178NW/M179NWBK,131,511,409091.0
2023-10-25,1155,"Giá vốn (80%): Máy tính xách tay MSI GF63 Thin11UC - 1228VN (i7-11800H; 8GB;512GB SSD; RTX3050/4GB; 15.6""FHD; Win11; Đen)",632,1561,13527272.8
2023-10-26,1174,"Máy tính xách tay Dell Vostro 3520 Intel Core i3-1215U, 15.6""FHD, 1x8G,256GB SSD PCIe NVMe, 3 Cell-41Whr, Win 11, Office H&S 2021,V5I3614W1-Gray",131,511,10545455.0
2023-10-26,1173,"Giá vốn (80%): Máy tính xách tay Dell Ins 15 3520 Intel Core i5-1235U/15.6""FHD/1x8G/256GB SSD (N5I5122W1)",632,1561,10181818.4
2023-10-26,1173,"Máy tính xách tay Dell Ins 15 3520 Intel Core i5-1235U/15.6""FHD/1x8G/256GB SSD (N5I5122W1)",131,511,12727273.0
2023-10-26,1172,"Giá vốn (80%): Máy tính xách tay Dell Ins 15 3520 Intel Core i5 -1235U/15.6""FHD/1x8G/256GB SSD (N5I5122W1)",632,1561,10181818.4
2023-10-26,1170,Giá vốn (80%): Bộ máy vi tính,632,1561,5592727.2
2023-10-26,1171,"Giá vốn (80%): Máy tính xách tay Dell Ins 16 5620 Core i7-1255U/16.0""FHD/1+8G/512GB SSD (N6I7110W1)",632,1561,14909091.2
2023-10-26,1171,"Máy tính xách tay Dell Ins 16 5620 Core i7-1255U/16.0""FHD/1+8G/512GB SSD (N6I7110W1)",131,511,18636364.0
2023-10-26,1170,"Giá vốn (80%): Màn hình máy tính Lenovo H20215FE0 - ""E22 -28 (H20215FE0) 21.5 inch Monitor-HDMI, P/N:62B9MAR4W",632,1561,1956364.0
2023-10-26,1170,"Màn hình máy tính Lenovo H20215FE0 - ""E22 -28 (H20215FE0) 21.5 inch Monitor-HDMI, P/N:62B9MAR4W",131,511,2445455.0
2023-10-26,1174,"Giá vốn (80%): Máy tính xách tay Dell Vostro 3520 Intel Core i3-1215U, 15.6""FHD, 1x8G,256GB SSD PCIe NVMe, 3 Cell-41Whr, Win 11, Office H&S 2021,V5I3614W1-Gray",632,1561,8436364.0
2023-10-26,1163,"Giá vốn (80%): Hộp mực(Cartridge) đã có mực in dùng cho máy inLaser loại 230A , nhãn hiệu XPPRO",632,1561,1745454.4
2023-10-26,1160,Phần mềm diệt virus Bkav Pro Internet Security Al,131,511,500000.0
2023-10-26,1161,"Hộp mực (Catridge) đã có mực in dùng cho máy inlaser loại 83A,nhãn hiệu Xppro",131,511,5181818.0
2023-10-26,1922,Máy in mã vạch XP-TT426B,6422,1111,6000000.0
2023-10-26,1922,Máy in mã vạch XP-350BM,6422,1111,1227273.0
2023-10-26,1922,Máy in tem nhãn XP-D464B USB+WIFI,6422,1111,1227273.0
2023-10-26,1922,Máy in tem nhãn XP-D464B USB+BT,6422,1111,2272727.0
2023-10-26,1161,"Giá vốn (80%): Hộp mực (Catridge) đã có mực in dùng cho máy inlaser loại 83A,nhãn hiệu Xppro",632,1561,4145454.4
2023-10-26,1162,Phần mềm Kaspersky KL1941MUEFS,131,511,900000.0
2023-10-26,1162,Giá vốn (80%): Phần mềm Kaspersky KL1941MUEFS,632,1561,720000.0
2023-10-26,1159,Cáp dữ liệu USB 2.0 cho máy in dài 1.5m (10845),131,511,63636.0
2023-10-26,1159,Giá vốn (80%): Cáp dữ liệu USB 2.0 cho máy in dài 1.5m (10845),632,1561,50908.8
2023-10-26,1163,"Hộp mực(Cartridge) đã có mực in dùng cho máy inLaser loại 230A , nhãn hiệu XPPRO",131,511,2181818.0
2023-10-26,1170,Bộ máy vi tính,131,511,6990909.0
2023-10-26,1160,Giá vốn (80%): Phần mềm diệt virus Bkav Pro Internet Security Al,632,1561,400000.0
2023-10-26,1169,Giá vốn (80%): Máy Photocopy Toshiba E-Studio 2309A+MR3029,632,1561,16581818.4
2023-10-26,1172,"Máy tính xách tay Dell Ins 15 3520 Intel Core i5 -1235U/15.6""FHD/1x8G/256GB SSD (N5I5122W1)",131,511,12727273.0
2023-10-26,1168,Giá vốn (80%): Máy chấm công bằng dấu vân tay DG600BID,632,1561,2362963.2
2023-10-26,1169,Máy Photocopy Toshiba E-Studio 2309A+MR3029,131,511,20727273.0
2023-10-26,1164,Máy in mã vạch XP - TT426B,131,511,7500000.0
2023-10-26,1164,Giá vốn (80%): Máy in mã vạch XP - TT426B,632,1561,6000000.0
2023-10-26,1167,"Ổ cứng di động  (HDD) Seagate One Touch 1TB2.5"" USB 3.0",131,511,1409091.0
2023-10-26,1167,"Giá vốn (80%): Ổ cứng di động  (HDD) Seagate One Touch 1TB2.5"" USB 3.0",632,1561,1127272.8
2023-10-26,1925,Máy in hóa đơn XP-58IIB,6422,1111,1909091.0
2023-10-26,161570,"PHI T10/2023-040019911911-ALERT(255),IB,OTP,QLTK",6422,1111,125000.0
2023-10-26,161570,"Thuế GTGT: PHI T10/2023-040019911911-ALERT(255),IB,OTP,QLTK",1331,1111,12500.0
2023-10-26,1165,Máy In Canon Laser LBP226DW,131,511,4727273.0
2023-10-26,1165,Giá vốn (80%): Máy In Canon Laser LBP226DW,632,1561,3781818.4
2023-10-26,1165,Bàn phím Dell Multimedia KB216,131,511,1363636.0
2023-10-26,1165,Giá vốn (80%): Bàn phím Dell Multimedia KB216,632,1561,1090908.8
2023-10-26,1166,Hộp mực in Ecoplus 12A/303/FX9,131,511,354546.0
2023-10-26,1165,Giá vốn (80%): Chuột vi tính Rapoo M20,632,1561,1745454.4
2023-10-26,1168,Máy chấm công bằng dấu vân tay DG600BID,131,511,2953704.0
2023-10-26,1165,Chuột vi tính Rapoo M20,131,511,2181818.0
2023-10-26,1165,Giá vốn (80%): Tai nghe Logitech H370,632,1561,1600000.0
2023-10-26,1165,Tai nghe Logitech H370,131,511,2000000.0
2023-10-26,1165,Giá vốn (80%): Loa SoundMax A2126/2.1,632,1561,1687272.8
2023-10-26,1166,Giá vốn (80%): Hộp mực in Ecoplus 12A/303/FX9,632,1561,283636.8
2023-10-26,1165,"Giá vốn (80%): Camera kỹ thuật số có chức năng ghi hiệu EZVIZ mã CS -C3TN (3MP,2.8MM)-hỗ trợ thẻ nhớ trong",632,1561,3236364.0
2023-10-26,1165,"Camera kỹ thuật số có chức năng ghi hiệu EZVIZ mã CS -C3TN (3MP,2.8MM)-hỗ trợ thẻ nhớ trong",131,511,4045455.0
2023-10-26,1165,Giá vốn (80%): Hộp mực in Izinet 12A/303/FX9,632,1561,1200000.0
2023-10-26,1165,Hộp mực in Izinet 12A/303/FX9,131,511,1500000.0
2023-10-26,1165,Loa SoundMax A2126/2.1,131,511,2109091.0
2023-10-27,1187,"Giá vốn (80%): Máy tính xách tay Dell Inspiron 153520 (i5-1235U, 8GB,512GB SSD,15.6"" FHD, UMA, Win11, OfficeHS 21, Đen,P112F007) (N3520-i5U085W11BLU)",632,1561,10327272.8
2023-10-27,1181,"Máy Tính Xách Tay (NB) Dell Vos15 3520i5-1235U/8G/512SSD/15.6""FHD (5M2TT2)",131,511,13636364.0
2023-10-27,1181,"Giá vốn (80%): Máy Tính Xách Tay (NB) Dell Vos15 3520i5-1235U/8G/512SSD/15.6""FHD (5M2TT2)",632,1561,10909091.2
2023-10-27,1182,"Máy tính xách tay Dell Vostro 3520 Intel Core i3-1215U,15.6""FHD, 1x8G,256GB SSD PCIe NVMe, 3 Cell-41Whr, Win11, Office H&S 2021,V5I3614W1-Gray",131,511,10545455.0
2023-10-27,1182,"Giá vốn (80%): Máy tính xách tay Dell Vostro 3520 Intel Core i3-1215U,15.6""FHD, 1x8G,256GB SSD PCIe NVMe, 3 Cell-41Whr, Win11, Office H&S 2021,V5I3614W1-Gray",632,1561,8436364.0
2023-10-27,1189,"Giá vốn (80%): Máy tính xách tay Dell Vostro 3510(i5-1135G7, 8GB, 512GBSSD, 15.6""FHD, NV-MX350/2GB, Win11,Office HS 21, Đen,P112F002)(P112F002BBL)",632,1561,9818181.6
2023-10-27,1188,"Máy tính xách tay Dell Vostro 3510(i5-1135G7, 8GB, 512GB SSD, 15.6""FHD, NV-MX350/2GB, Win11,Office HS 21, Đen, P112F002)(P112F002BBL)",131,511,12272727.0
2023-10-27,1188,"Giá vốn (80%): Máy tính xách tay Dell Vostro 3510(i5-1135G7, 8GB, 512GB SSD, 15.6""FHD, NV-MX350/2GB, Win11,Office HS 21, Đen, P112F002)(P112F002BBL)",632,1561,9818181.6
2023-10-27,1187,"Máy tính xách tay Dell Inspiron 153520 (i5-1235U, 8GB,512GB SSD,15.6"" FHD, UMA, Win11, OfficeHS 21, Đen,P112F007) (N3520-i5U085W11BLU)",131,511,12909091.0
2023-10-27,1179,"Máy Tính Xách Tay (NB) Dell Vos15 3520 i5-1235U/8G/512SSD/15.6""FHD (5M2TT2)",131,511,13636364.0
2023-10-27,1192,"Máy tính xách tay Dell Ins 15 3520 Intel Core i5-1235U/15.6""FHD/1x8G/256GB SSD (N5I5122W1)",131,511,11818182.0
2023-10-27,1180,"Máy Tính Xách Tay (NB) Dell Vos15 3520i5-1235U/8G/512SSD/15.6""FHD (5M2TT2",131,511,13636364.0
2023-10-27,1180,"Giá vốn (80%): Máy Tính Xách Tay (NB) Dell Vos15 3520i5-1235U/8G/512SSD/15.6""FHD (5M2TT2",632,1561,10909091.2
2023-10-27,1191,"Máy tính xách tay Dell Inspiron 153520 (i3-1215U, 8GB, 256GB SSD,15.6' FHD, UMA, Win11, OfficeHS 21, Đen, P112F007) (N3520-i3U082W11BLU)",131,511,10000000.0
2023-10-27,1191,"Giá vốn (80%): Máy tính xách tay Dell Inspiron 153520 (i3-1215U, 8GB, 256GB SSD,15.6' FHD, UMA, Win11, OfficeHS 21, Đen, P112F007) (N3520-i3U082W11BLU)",632,1561,8000000.0
2023-10-27,320,Cáp dữ liệu VIDEO HDMI 1.4 truyềnâm thanh hình ảnh dài 10M Ugreen(10110),6422,1111,2545455.0
2023-10-27,1192,"Giá vốn (80%): Máy tính xách tay Dell Ins 15 3520 Intel Core i5-1235U/15.6""FHD/1x8G/256GB SSD (N5I5122W1)",632,1561,9454545.6
2023-10-27,1175,"Máy Tính Xách Tay (NB) Dell Vos15 3520 i5 -1235U/8G/512SSD/15.6""FHD (5M2TT2)",131,511,13636364.0
2023-10-27,1175,"Giá vốn (80%): Máy Tính Xách Tay (NB) Dell Vos15 3520 i5 -1235U/8G/512SSD/15.6""FHD (5M2TT2)",632,1561,10909091.2
2023-10-27,1178,Máy in đa năng Canon G1010,131,511,2445455.0
2023-10-27,1178,Giá vốn (80%): Máy in đa năng Canon G1010,632,1561,1956364.0
2023-10-27,1179,"Giá vốn (80%): Máy Tính Xách Tay (NB) Dell Vos15 3520 i5-1235U/8G/512SSD/15.6""FHD (5M2TT2)",632,1561,10909091.2
2023-10-27,320,Vi mạch điện tử 7504 Unitek,6422,1111,781818.0
2023-10-27,1189,"Máy tính xách tay Dell Vostro 3510(i5-1135G7, 8GB, 512GBSSD, 15.6""FHD, NV-MX350/2GB, Win11,Office HS 21, Đen,P112F002)(P112F002BBL)",131,511,12272727.0
2023-10-27,1184,"Máy tính xách tay Dell Inspiron 153520 (i5-1235U, 8GB, 512GB SSD,15.6"" FHD, UMA, Win11, OfficeHS 21, Đen, P112F007) (N3520-i5U085W11BLU)",131,511,12909091.0
2023-10-27,1190,"Giá vốn (80%): Máy tính xách tay Dell Vostro 3510(i5-1135G7, 8GB, 512GBSSD, 15.6""FHD, NV-MX350/2GB, Win11,Office HS 21, Đen,P112F002)(P112F002BBL)",632,1561,9818181.6
2023-10-27,1176,Máy In Canon Laser LBP6030,131,511,23181820.0
2023-10-27,1176,Giá vốn (80%): Máy In Canon Laser LBP6030,632,1561,18545456.0
2023-10-27,1176,Chuột vi tính Rapoo M20,131,511,31363635.0
2023-10-27,1176,Giá vốn (80%): Chuột vi tính Rapoo M20,632,1561,25090908.0
2023-10-27,1176,Bàn phím Keyboard NK2500,131,511,20727272.0
2023-10-27,1176,Giá vốn (80%): Bàn phím Keyboard NK2500,632,1561,16581817.6
2023-10-27,1176,Hộp mực in Izinet 12A/303/FX9,131,511,7181818.0
2023-10-27,1176,Giá vốn (80%): Hộp mực in Izinet 12A/303/FX9,632,1561,5745454.4
2023-10-27,1176,Chuột máy tính Logitech B100,131,511,7500000.0
2023-10-27,1190,"Máy tính xách tay Dell Vostro 3510(i5-1135G7, 8GB, 512GBSSD, 15.6""FHD, NV-MX350/2GB, Win11,Office HS 21, Đen,P112F002)(P112F002BBL)",131,511,12272727.0
2023-10-27,1176,Giá vốn (80%): Chuột máy tính Logitech B100,632,1561,6000000.0
2023-10-27,1176,Giá vốn (80%): Camera kỹ thuật số có chức năng ghi hiệu EZVIZ mã CS - C6N (B0-1G2WF)(1080P) - hỗ trợ thẻ nhớ trong,632,1561,19854545.6
2023-10-27,1186,"Máy tính xách tay Dell Inspiron 153520 (i5-1235U, 8GB,512GB SSD,15.6"" FHD, UMA, Win11, OfficeHS 21, Đen,P112F007) (N3520-i5U085W11BLU)",131,511,12909091.0
2023-10-27,1186,"Giá vốn (80%): Máy tính xách tay Dell Inspiron 153520 (i5-1235U, 8GB,512GB SSD,15.6"" FHD, UMA, Win11, OfficeHS 21, Đen,P112F007) (N3520-i5U085W11BLU)",632,1561,10327272.8
2023-10-27,1185,"Máy tính xách tay Dell Inspiron 153520 (i5-1235U, 8GB, 512GB SSD,15.6"" FHD, UMA, Win11, OfficeHS 21, Đen, P112F007) (N3520-i5U085W11BLU)",131,511,12909091.0
2023-10-27,1185,"Giá vốn (80%): Máy tính xách tay Dell Inspiron 153520 (i5-1235U, 8GB, 512GB SSD,15.6"" FHD, UMA, Win11, OfficeHS 21, Đen, P112F007) (N3520-i5U085W11BLU)",632,1561,10327272.8
2023-10-27,1183,"Máy tính xách tay Dell Inspiron 153520 (i5-1235U, 8GB, 512GB SSD,15.6"" FHD, UMA, Win11, OfficeHS 21, Đen, P112F007) (N3520-i5U085W11BLU)",131,511,12909091.0
2023-10-27,1183,"Giá vốn (80%): Máy tính xách tay Dell Inspiron 153520 (i5-1235U, 8GB, 512GB SSD,15.6"" FHD, UMA, Win11, OfficeHS 21, Đen, P112F007) (N3520-i5U085W11BLU)",632,1561,10327272.8
2023-10-27,1177,"Máy Tính Xách Tay (NB) Dell Vos15 3520 i5-1235U/8G/512SSD/15.6""FHD (5M2TT2)",131,511,13636364.0
2023-10-27,1177,"Giá vốn (80%): Máy Tính Xách Tay (NB) Dell Vos15 3520 i5-1235U/8G/512SSD/15.6""FHD (5M2TT2)",632,1561,10909091.2
2023-10-27,1176,Camera kỹ thuật số có chức năng ghi hiệu EZVIZ mã CS - C6N (B0-1G2WF)(1080P) - hỗ trợ thẻ nhớ trong,131,511,24818182.0
2023-10-27,1184,"Giá vốn (80%): Máy tính xách tay Dell Inspiron 153520 (i5-1235U, 8GB, 512GB SSD,15.6"" FHD, UMA, Win11, OfficeHS 21, Đen, P112F007) (N3520-i5U085W11BLU)",632,1561,10327272.8
2023-10-28,1193,Giá vốn (80%): ổ cứng gắn ngoài 1TB SSD ESD310S USB 10Gbps TypeC/A Transcend,632,1561,1345454.4
2023-10-28,1193,ổ cứng gắn ngoài 1TB SSD ESD310S USB 10Gbps TypeC/A Transcend,131,511,1681818.0
2023-10-29,1202,Hộp mực in Izinet 12A/303/FX9,131,511,736364.0
2023-10-29,7367,THU PHI CK CTY PHUONG KHANG COMPUTER,6422,1111,23000.0
2023-10-29,7367,Thuế GTGT: THU PHI CK CTY PHUONG KHANG COMPUTER,1331,1111,2300.0
2023-10-29,7368,THU PHI CK CTY THE GIOI SO,6422,1111,23000.0
2023-10-29,7368,Thuế GTGT: THU PHI CK CTY THE GIOI SO,1331,1111,2300.0
2023-10-29,10149,BỘ TẢN NHIỆT NƯỚC ID-COOLING ZOOMFLOW 240-XT ELITE SNOW,6422,1111,1290909.0
2023-10-29,10149,"Bộ Vi xử lý Intel Core i3-10105 Processor 3.70GHz 6M Cache, Sockets FCLGA1200-BX8070110105",6422,1111,7363636.0
2023-10-29,10149,Chíp vi xử lý INTEL CORE I5 12400F - 2.50GHZ (BX8071512400F S RL4W)+Quạt,6422,1111,6727273.0
2023-10-29,10177,Máy in Epson L3210,6422,1111,3181818.18
2023-10-29,1197,Mực in Canon GI-790BK,131,511,245455.0
2023-10-29,1197,Giá vốn (80%): Mực in Canon GI-790BK,632,1561,196364.0
2023-10-29,1197,Mực in Canon GI-790C,131,511,227273.0
2023-10-29,1197,Giá vốn (80%): Mực in Canon GI-790C,632,1561,181818.4
2023-10-29,1197,Mực in Canon GI-790M,131,511,227273.0
2023-10-29,1197,Giá vốn (80%): Mực in Canon GI-790M,632,1561,181818.4
2023-10-29,1202,Giá vốn (80%): Hộp mực in Izinet 12A/303/FX9,632,1561,589091.2
2023-10-29,1197,Mực in Canon GI-790Y,131,511,227272.0
2023-10-29,1197,Giá vốn (80%): Mực in Canon GI-790Y,632,1561,181817.6
2023-10-29,1196,Máy in Brother HL - L2321D,131,511,2636364.0
2023-10-29,1196,Giá vốn (80%): Máy in Brother HL - L2321D,632,1561,2109091.2
2023-10-29,1203,"Máy tính xách tay Dell Ins 15 3520 Intel Corei5-1235U/15.6""FHD/1x8G/256GB SSD (N5I5122W1)",131,511,12727273.0
2023-10-29,1203,"Giá vốn (80%): Máy tính xách tay Dell Ins 15 3520 Intel Corei5-1235U/15.6""FHD/1x8G/256GB SSD (N5I5122W1)",632,1561,10181818.4
2023-10-29,162856,THU LAI VAY LD2326100547,6422,1111,840479.0
2023-10-29,162750,THU LAI VAY LD2322600492,6422,1111,888048.0
2023-10-29,1198,"Giá vốn (80%): Máy tính xách tay Dell Vostro 3510 (i5-1135G7, 8GB, 512GBSSD, 15.6""FHD, NV-MX350/2GB, Win11,Office HS21, Đen,P112F002)(P112F002BBL)",632,1561,11236364.0
2023-10-29,1194,Bộ máy vi tính,131,511,7263636.0
2023-10-29,1194,Giá vốn (80%): Bộ máy vi tính,632,1561,5810908.8
2023-10-29,1201,Giá vốn (80%): Thẻ nhớ Patriot VX Series 64GB MICRO SDXCV30 P/N 7FCNB6JPUVI-64G,632,1561,80000.0
2023-10-29,1201,Camera quan sát CS-H8C (1080P),131,511,981818.0
2023-10-29,1201,Giá vốn (80%): Camera quan sát CS-H8C (1080P),632,1561,785454.4
2023-10-29,1200,Màn hình vi tính DELL LCD E2423H  23.8 - WHD,131,511,2900000.0
2023-10-29,1200,Giá vốn (80%): Màn hình vi tính DELL LCD E2423H  23.8 - WHD,632,1561,2320000.0
2023-10-29,1198,"Máy tính xách tay Dell Vostro 3510 (i5-1135G7, 8GB, 512GBSSD, 15.6""FHD, NV-MX350/2GB, Win11,Office HS21, Đen,P112F002)(P112F002BBL)",131,511,14045455.0
2023-10-29,1198,Chuột vi tính Rapoo M20,131,511,127272.0
2023-10-29,1198,Giá vốn (80%): Chuột vi tính Rapoo M20,632,1561,101817.6
2023-10-29,7366,THU PHI CK CTY SYNNEX FPT,6422,1111,23000.0
2023-10-29,1201,Thẻ nhớ Patriot VX Series 64GB MICRO SDXCV30 P/N 7FCNB6JPUVI-64G,131,511,100000.0
2023-10-29,1199,"Hộp mực (Catridge) đã có mực in dùng cho máy inlaser loại 35A, nhãn hiệu Xppro",131,511,300000.0
2023-10-29,1199,"Giá vốn (80%): Hộp mực (Catridge) đã có mực in dùng cho máy inlaser loại 35A, nhãn hiệu Xppro",632,1561,240000.0
2023-10-29,1199,"Thiết bị định tuyến 2G/3G/4G băng tần 2.4Ghz TP-Link,TL-MR100",131,511,790909.0
2023-10-29,1199,"Giá vốn (80%): Thiết bị định tuyến 2G/3G/4G băng tần 2.4Ghz TP-Link,TL-MR100",632,1561,632727.2
2023-10-29,1195,Máy In Canon Laser LBP - 2900,131,511,3590909.0
2023-10-29,1195,Giá vốn (80%): Máy In Canon Laser LBP - 2900,632,1561,2872727.2
2023-10-29,1195,Hộp mực in Ecoplus 12A/303/FX9,131,511,181818.0
2023-10-29,1195,Giá vốn (80%): Hộp mực in Ecoplus 12A/303/FX9,632,1561,145454.4
2023-10-29,1195,Mực Laser đen Premium,131,511,72728.0
2023-10-29,7366,Thuế GTGT: THU PHI CK CTY SYNNEX FPT,1331,1111,2300.0
2023-10-29,1195,Giá vốn (80%): Mực Laser đen Premium,632,1561,58182.4
2023-10-30,1208,Máy chiếu đa năng ViewSonic PA503SB,131,511,8536364.0
2023-10-30,4286,Thuế GTGT: Dịch vụ SMS Brandname CSKH,1331,1111,16915.0
2023-10-30,4286,Dịch vụ SMS Brandname CSKH,6422,1111,169155.0
2023-10-30,1209,Giá vốn (80%): Màn chiếu treo P84WS,632,1561,1074074.4
2023-10-30,1209,Màn chiếu treo P84WS,131,511,1342593.0
2023-10-30,26681,Thuế GTGT: Dịch vụ ngân hàng,6422,1121,800.0
2023-10-30,1210,Ổ CỨNG VI TÍNH ( SSD) Lexar SSDNS100 256GB Sata III 6Gbs ( LNS100-256RB) (LNS100-256RB),131,511,800000.0
2023-10-30,1155,Máy chiếu đa năng ViewSonic PA503SB,6422,1111,7500000.0
2023-10-30,1208,Giá vốn (80%): Máy chiếu đa năng ViewSonic PA503SB,632,1561,6829091.2
2023-10-30,26681,Dịch vụ ngân hàng,6422,1121,8000.0
2023-10-30,111309,Chuột máy tính N100.BLACK - Optical Mouse,6422,1111,4545455.0
2023-10-30,111309,Bàn phím máy tính NK2500 Wired Keyboard US_BLACK,6422,1111,10454545.0
2023-10-30,1210,Giá vốn (80%): Ổ CỨNG VI TÍNH ( SSD) Lexar SSDNS100 256GB Sata III 6Gbs ( LNS100-256RB) (LNS100-256RB),632,1561,640000.0
2023-10-30,1208,Giá treo máy chiếu 1.2 m,131,511,409091.0
2023-10-30,1208,Giá vốn (80%): Thiết bị trình chiếu Presenter Logitech  R400,632,1561,429091.2
2023-10-30,1208,Cáp dữ liệu VIDEO HDMI 1.4 truyền âm thanh hình ảnh dài15M Ugreen (10111),131,511,681818.0
2023-10-30,1208,Giá vốn (80%): Cáp dữ liệu VIDEO HDMI 1.4 truyền âm thanh hình ảnh dài15M Ugreen (10111),632,1561,545454.4
2023-10-30,1208,Thiết bị trình chiếu Presenter Logitech  R400,131,511,536364.0
2023-10-30,1208,Dây chuyển đổi có  chíp RS-232 dài 1.5m Ugreen (20211),131,511,127272.0
2023-10-30,1208,Giá vốn (80%): Dây chuyển đổi có  chíp RS-232 dài 1.5m Ugreen (20211),632,1561,101817.6
2023-10-30,1211,Bàn phím máy tính NK2500Wired Keyboard US_BLACK,131,511,10454545.0
2023-10-30,1211,Giá vốn (80%): Bàn phím máy tính NK2500Wired Keyboard US_BLACK,632,1561,8363636.0
2023-10-30,1211,Chuột máy tính N100.BLACK - Optical Mouse,131,511,4545455.0
2023-10-30,1206,"Máy Tính Xách Tay (NB) Dell Vos15 3520i5-1235U/8G/512SSD/15.6""FHD (5M2TT2)",131,511,13181818.0
2023-10-30,1206,"Giá vốn (80%): Máy Tính Xách Tay (NB) Dell Vos15 3520i5-1235U/8G/512SSD/15.6""FHD (5M2TT2)",632,1561,10545454.4
2023-10-30,1205,Máy in Brother HL-L2321D,131,511,5272727.0
2023-10-30,1207,"Giá vốn (80%): Hộp mực (Catridge) đã có mực in dùng cho máy inlaser loại 12a,nhãn hiệu Xppro",632,1561,247272.8
2023-10-30,1205,Giá vốn (80%): Máy in Brother HL-L2321D,632,1561,4218181.6
2023-10-30,1208,Giá vốn (80%): Giá treo máy chiếu 1.2 m,632,1561,327272.8
2023-10-30,1211,Giá vốn (80%): Chuột máy tính N100.BLACK - Optical Mouse,632,1561,3636364.0
2023-10-30,1207,"Hộp mực (Catridge) đã có mực in dùng cho máy inlaser loại 12a,nhãn hiệu Xppro",131,511,309091.0
2023-10-30,118937,MÁY TÍNH ĐỂ BÀN (PC) LENOVO ThinkCentre neo 50s Gen 3 i7-12700(12*2.1)/8GD4/512GSSD/WL/BT/KB/M/NoOS/ĐEN(11T0005BVA),6422,1111,14230909.0
2023-10-30,163148,Card đồ hoạ ASUS DUAL-RTX3060-O12G-WHITE_90YV0GB9-M0NA00,6422,1111,6463636.0
2023-10-30,1204,Bảng mạch chính Asus ROGMAXIMUS Z790 HERO,131,511,14500000.0
2023-10-30,1204,Giá vốn (80%): Bảng mạch chính Asus ROGMAXIMUS Z790 HERO,632,1561,11600000.0
2023-10-30,1204,Bộ vi xử lý vi tínhIntel Core i9 - 13900K(BX8071513900KSRMBH),131,511,14081818.0
2023-10-30,1204,Giá vốn (80%): Bộ vi xử lý vi tínhIntel Core i9 - 13900K(BX8071513900KSRMBH),632,1121,11265454.4
2023-10-30,1204,"Giá vốn (80%): Bộ nhớ trong Corsair DDR5, 5600MHz64GB 2x32GB DIMM,DOMINATORPLATINUM RGB Black Heatspreader,RGBLED,C40,1.25V/CMT64GX5M2B5600C40",632,1561,5083636.8
2023-10-30,1204,Card đồ hoạ ASUS TUF-RTX4070-O12GGAMING_90YV0IZ0-M0NA00,131,511,17172727.0
2023-10-30,1204,Giá vốn (80%): Card đồ hoạ ASUS TUF-RTX4070-O12GGAMING_90YV0IZ0-M0NA00,632,1561,13738181.6
2023-10-30,1204,Nguồn máy tính Corsair RM1000e ATX3.0/CP-9020264-NA,131,511,4172727.0
2023-10-30,1204,Giá vốn (80%): Nguồn máy tính Corsair RM1000e ATX3.0/CP-9020264-NA,632,1561,3338181.6
2023-10-30,1204,Vỏ máy tính MIK LV12 - WHITE,131,511,1627273.0
2023-10-30,1204,Giá vốn (80%): Vỏ máy tính MIK LV12 - WHITE,632,1561,1301818.4
2023-10-30,1204,Màn hình máy tính Dell 27 Monitor - U2722D,131,511,18527273.0
2023-10-30,1204,"Bộ nhớ trong Corsair DDR5, 5600MHz64GB 2x32GB DIMM,DOMINATORPLATINUM RGB Black Heatspreader,RGBLED,C40,1.25V/CMT64GX5M2B5600C40",131,511,6354546.0
2023-10-30,1204,"ổ cứng lắp trong Western Digital 4TB3.5"" Sata3 , màu vàng(Gold) (WD4003FRYZ )",131,511,3990909.0
2023-10-30,1204,Giá vốn (80%): Màn hình máy tính Dell 27 Monitor - U2722D,632,1561,14821818.4
2023-10-30,4636,MÁY TÍNH XÁCH TAY (NB) LENOVO V14 G3 IAP i5-1235U/8GD4/512GSSD/14.0FHD/IPS/WL/BT/2C38/WIN11/1Y/XÁM(82TS00AXVN),6422,1111,53150000.0
2023-10-30,4285,Thuế GTGT: Dịch vụ SMS Brandname CSKH,1331,1111,15362.0
2023-10-30,4285,Dịch vụ SMS Brandname CSKH,6422,1111,153618.0
2023-10-30,1204,Chuột máy tính Logitech G402,131,511,581818.0
2023-10-30,1204,Giá vốn (80%): Bàn phím Logitech  G413 TKL SE,632,1561,1010908.8
2023-10-30,1204,Giá vốn (80%): Chuột máy tính Logitech G402,632,1561,465454.4
2023-10-30,1204,Giá vốn (80%): BỘ TẢN NHIỆT NƯỚC ID - COOLINGZOOMFLOW 360-XT SNOW,632,1561,1374545.6
2023-10-30,1204,BỘ TẢN NHIỆT NƯỚC ID - COOLINGZOOMFLOW 360-XT SNOW,131,511,1718182.0
2023-10-30,1204,Giá vốn (80%): Ổ cứng SSD Samsung  PRO 1TB M.2NVMe (MZ-V9P1T0BW),632,1561,1781818.4
2023-10-30,1204,Ổ cứng SSD Samsung  PRO 1TB M.2NVMe (MZ-V9P1T0BW),131,511,2227273.0
2023-10-30,1204,"Giá vốn (80%): ổ cứng lắp trong Western Digital 4TB3.5"" Sata3 , màu vàng(Gold) (WD4003FRYZ )",632,1561,3192727.2
2023-10-30,1204,Bàn phím Logitech  G413 TKL SE,131,511,1263636.0
2023-10-31,1212,Giá vốn (80%): Bộ máy vi tính để bàn,632,1561,48000000.0
2023-10-31,163574,THU LAI VAY QUA HAN PDLD2322700569,6422,1111,755309.0
2023-10-31,1212,Bộ máy vi tính để bàn,131,511,60000000.0
2023-10-31,163596,THU LAI VAY QUA HAN PDLD2329600441,6422,1111,147752.0
2023-10-31,163597,THU LAI VAY QUA HAN PDLD2329900438,6422,1111,84430.0
2023-10-31,606509,Thuế GTGT: Cước dịch vụ Viễn thông-Công nghệ thông tin tháng 10 năm 2023,1331,1111,23364.0
2023-10-31,606509,Cước dịch vụ Viễn thông-Công nghệ thông tin tháng 10 năm 2023,6422,1111,233636.0
2023-10-31,163575,THU LAI VAY QUA HAN PDLD2323300631,6422,1111,769366.0
2023-10-31,80169,Bộ nhớ máy tính xách tay Kingmax 8GB DDR4-3200,6422,1111,1977273.0
2023-10-31,7421,Thuế GTGT: THU PHI CK CTY DTPT CN QUOC GIA ADG TAI DA NANG,1331,1111,2500.0
2023-10-31,7421,THU PHI CK CTY DTPT CN QUOC GIA ADG TAI DA NANG,6422,1111,25000.0
2023-10-31,80169,Bộ nhớ máy vi tính Kingmax 2x16GB DDR4-3200 Zeus RGB (KM-LD4A-3200-16GDRT16),6422,1111,2909091.0
2023-10-31,80169,Bộ nhớ máy vi tính Kingmax 16GB DDR4-3200 Zeus RGB,6422,1111,727273.0
2023-10-31,80169,Bộ nhớ máy tính xách tay Kingmax 4GB DDR4-2400,6422,1111,695455.0
2023-10-31,80169,Bộ nhớ máy vi tính Kingmax 16GB DDR4-3200 (KM-LD4-3200-16GS),6422,1111,3477273.0
2023-10-31,1213,Ổ cứng Kingmax SSD M2 Sata III 256GB SA3080,131,511,1000000.0
2023-10-31,163576,THU LAI VAY QUA HAN PDLD2323400576,6422,1111,465742.0
2023-10-31,1213,Giá vốn (80%): Ổ cứng Kingmax SSD M2 Sata III 256GB SA3080,632,1561,800000.0
2023-10-31,1218,"Giá vốn (80%): Máy tính xách tay Lenovo V14 G4 IRU - Intel Core i7 -1355U (5.00GHz) - 8GB RAM - 512GB SSD - WF+BL - 14"" FHD - NOS -2YR Premium NBD,P/n 83A0000NVN",632,1561,11927272.8
2023-10-31,1213,Giá vốn (80%): Chuột máy tính Logitech M185,632,1561,276363.2
2023-10-31,222189,Card đồ hoạ ASUS TUF-GTX1650-O4GD6-P-V2-GAMING_90YV0GX2-M0NA00,6422,1111,9875454.0
2023-10-31,1076,"Máy tính xách tay Lenovo ThinkPad E15 Gen 4 - I5-1235U (4.4G) - 8Gb RAM - 256GB SSD - WF+BL, Fingerprint - 15.6' FHD - Dos - 2Yrs,P/N:21E600CGVA",6422,1111,14454545.0
2023-10-31,1219,"Giá vốn (80%): Thiết bị chuyển mạch TP -Link, TL- SG108",632,1561,392727.2
2023-10-31,1219,"Thiết bị chuyển mạch TP -Link, TL- SG108",131,511,490909.0
2023-10-31,80169,Ổ đĩa cứng máy tính Kingmax PQ3480 512GB (Zeus M.2 PCIe - Gen3x4),6422,1111,16474544.0
2023-10-31,1218,"Máy tính xách tay Lenovo V14 G4 IRU - Intel Core i7 -1355U (5.00GHz) - 8GB RAM - 512GB SSD - WF+BL - 14"" FHD - NOS -2YR Premium NBD,P/n 83A0000NVN",131,511,14909091.0
2023-10-31,1218,"Giá vốn (80%): Màn hình AOC 31.5"" Wide Led C32V1Q/74",632,1561,2545454.4
2023-10-31,1213,Chuột máy tính Logitech M185,131,511,345454.0
2023-10-31,1218,"Màn hình AOC 31.5"" Wide Led C32V1Q/74",131,511,3181818.0
2023-10-31,1217,Phần mềm Kaspersky KL1867MUAFS,131,511,3900000.0
2023-10-31,1216,Giá vốn (80%): Máy tính để bàn Dell Optiplex   3000 SFF Core i5,632,1561,13301818.4
2023-10-31,1216,Máy tính để bàn Dell Optiplex   3000 SFF Core i5,131,511,16627273.0
2023-10-31,1215,Giá vốn (80%): Mực MP 3054/3554/2554,632,1561,1236364.0
2023-10-31,1215,Mực MP 3054/3554/2554,131,511,1545455.0
2023-10-31,1213,Giá vốn (80%): Hộp mực in Izinet 12A/303/FX9,632,1561,436364.0
2023-10-31,1213,Hộp mực in Izinet 12A/303/FX9,131,511,545455.0
2023-10-31,1217,Giá vốn (80%): Phần mềm Kaspersky KL1867MUAFS,632,1561,3120000.0
2023-10-31,80169,Cạc màn hình Gigabyte 4GB GV-N1656WF2OC-4GD,6422,1111,3318182.0
2023-10-31,606688,Cước dịch vụ Viễn thông-Công nghệ thông tin tháng 10 năm 2023,6422,1111,24545.0
2023-10-31,1077,"Máy tính xách tay Lenovo ThinkPad E15 Gen 4 - I5-1235U (4.4G) - 8Gb RAM - 256GB SSD - WF+BL, Fingerprint - 15.6' FHD - Dos - 2Yrs,P/N:21E600CGVA",6422,1111,28909091.0
2023-10-31,163582,THU LAI VAY QUA HAN PDLD2324800531,6422,1111,893225.0
2023-10-31,163583,THU LAI VAY QUA HAN PDLD2325000643,6422,1111,949835.0
2023-10-31,163584,THU LAI VAY QUA HAN PDLD2325100585,6422,1111,507927.0
2023-10-31,163585,THU LAI VAY QUA HAN PDLD2325400412,6422,1111,346374.0
2023-10-31,163586,THU LAI VAY QUA HAN PDLD2326100547,6422,1111,631495.0
2023-10-31,163587,THU LAI VAY QUA HAN PDLD2326200685,6422,1111,751808.0
2023-10-31,2951,Máy chấm công bằng dấu vân tay K14 Pro,6422,1111,2700000.0
2023-10-31,163581,THU LAI VAY QUA HAN PDLD2324300537,6422,1111,506578.0
2023-10-31,163589,THU LAI VAY QUA HAN PDLD2326800590,6422,1111,1266447.0
2023-10-31,163591,THU LAI VAY QUA HAN PDLD2327200487,6422,1111,654331.0
2023-10-31,163592,THU LAI VAY QUA HAN PDLD2327800665,6422,1111,1226871.0
2023-10-31,163593,THU LAI VAY QUA HAN PDLD2327900347,6422,1111,542039.0
2023-10-31,163594,THU LAI VAY QUA HAN PDLD2328900516,6422,1111,442370.0
2023-10-31,163595,THU LAI VAY QUA HAN PDLD2329300421,6422,1111,247549.0
2023-10-31,1214,Giá vốn (80%): Máy in hóa đơn XP - T80L,632,1561,654545.6
2023-10-31,1214,Máy in hóa đơn XP - T80L,131,511,818182.0
2023-10-31,163590,THU LAI VAY QUA HAN PDLD2327000523,6422,1111,633224.0
2023-10-31,163580,THU LAI VAY QUA HAN PDLD2324200476,6422,1111,525576.0
2023-10-31,163588,THU LAI VAY QUA HAN PDLD2326400516,6422,1111,483371.0
2023-10-31,163578,THU LAI VAY QUA HAN PDLD2323700486,6422,1111,352262.0
2023-10-31,163579,THU LAI VAY QUA HAN PDLD2324100602,6422,1111,504046.0
2023-10-31,606687,Thuế GTGT: Cước dịch vụ Viễn thông-Công nghệ thông tin tháng 10 năm 2023,1331,1111,2380.0
2023-10-31,606687,Cước dịch vụ Viễn thông-Công nghệ thông tin tháng 10 năm 2023,6422,1111,23800.0
2023-10-31,606688,Thuế GTGT: Cước dịch vụ Viễn thông-Công nghệ thông tin tháng 10 năm 2023,1331,1111,2455.0
2023-10-31,606736,Cước dịch vụ Viễn thông-Công nghệ thông tin tháng 10 năm 2023,6422,1111,20000.0
2023-10-31,606778,Thuế GTGT: Cước dịch vụ Viễn thông-Công nghệ thông tin tháng 10 năm 2023,1331,1111,27400.0
2023-10-31,606778,Cước dịch vụ Viễn thông-Công nghệ thông tin tháng 10 năm 2023,6422,1111,274000.0
2023-10-31,634869,Thuế GTGT: Cước dịch vụ Viễn thông-Công nghệ thông tin tháng 10 năm 2023,1331,1111,24964.0
2023-10-31,606736,Thuế GTGT: Cước dịch vụ Viễn thông-Công nghệ thông tin tháng 10 năm 2023,1331,1111,2000.0
2023-10-31,661238,Thuế GTGT: Cước dịch vụ Viễn thông-Công nghệ thông tin tháng 10 năm 2023,1331,1111,54197.0
2023-10-31,634869,Cước dịch vụ Viễn thông-Công nghệ thông tin tháng 10 năm 2023,6422,1111,249636.0
2023-10-31,661333,Cước dịch vụ Viễn thông-Công nghệ thông tin tháng 10 năm 2023,6422,1111,548916.0
2023-10-31,661333,Thuế GTGT: Cước dịch vụ Viễn thông-Công nghệ thông tin tháng 10 năm 2023,1331,1111,54892.0
2023-10-31,661239,Cước dịch vụ Viễn thông-Công nghệ thông tin tháng 10 năm 2023,6422,1111,254344.0
2023-10-31,163577,THU LAI VAY QUA HAN PDLD2323600583,6422,1111,316611.0
2023-10-31,661239,Thuế GTGT: Cước dịch vụ Viễn thông-Công nghệ thông tin tháng 10 năm 2023,1331,1111,25434.0
2023-10-31,661238,Cước dịch vụ Viễn thông-Công nghệ thông tin tháng 10 năm 2023,6422,1111,541967.0
2023-11-01,1220,Mạch chính vi tính Gigabyte H510MH,131,511,1445454.0
2023-11-01,1220,Chuột máy tính Dell MS116,131,511,572727.0
2023-11-01,1220,Giá vốn (80%): Chuột máy tính Dell MS116,632,1561,458181.6
2023-11-01,1220,Nguồn Jetek Model 350 ELITE V2,131,511,1309092.0
2023-11-01,1220,Giá vốn (80%): Nguồn Jetek Model 350 ELITE V2,632,1561,1047273.6
2023-11-01,1220,Chíp xử lý vi tính Intel Celeron G4930 - 3.20Ghz,131,511,1445454.0
2023-11-01,1220,Giá vốn (80%): Chíp xử lý vi tính Intel Celeron G4930 - 3.20Ghz,632,1561,1156363.2
2023-11-01,1220,Giá vốn (80%): Bàn phím Dell Multimedia KB216,632,1561,654545.6
2023-11-01,1220,Giá vốn (80%): Mạch chính vi tính Gigabyte H510MH,632,1561,1156363.2
2023-11-01,368312,DO 0.001S-V,6422,1111,454545.0
2023-11-01,1220,Giá vốn (80%): Bộ nhớ trong Kingston 4GB D4 - 2666U19,632,1561,872726.4
2023-11-01,1220,"ổ cứng lắp trong Western Digital 1TB  3.5""Sata, màu xanh (Blue) (WD10EZEX)",131,511,4090910.0
2023-11-01,1220,"Giá vốn (80%): ổ cứng lắp trong Western Digital 1TB  3.5""Sata, màu xanh (Blue) (WD10EZEX)",632,1561,3272728.0
2023-11-01,1220,Vỏ thùng máy tính Jetek A3032B,131,511,1500000.0
2023-11-01,1220,Giá vốn (80%): Vỏ thùng máy tính Jetek A3032B,632,1561,1200000.0
2023-11-01,6851249,Không có tên,6422,1111,350000.0
2023-11-01,69223686,THANH LY,6422,1111,13670137.0
2023-11-01,1220,Bàn phím Dell Multimedia KB216,131,511,818182.0
2023-11-01,1220,Bộ nhớ trong Kingston 4GB D4 - 2666U19,131,511,1090908.0
2023-11-01,1222,"Giá vốn (80%): Máy tính xách tay Lenovo ThinkPad E15 Gen 4 - I5 -1235U (4.4G) -8Gb RAM - 256GB SSD - WF+BL, Fingerprint - 15.6' FHD - Dos -2Yrs,P/N:21E600CGVA",632,1561,11636364.0
2023-11-01,6851249,Thuế GTGT: Không có tên,1331,1111,35000.0
2023-11-01,1223,Giá vốn (80%): Máy In Canon Laser LBP - 2900,632,1561,2872727.2
2023-11-01,1228,Máy In Canon Laser LBP-2900,131,511,3500000.0
2023-11-01,1228,Giá vốn (80%): Máy In Canon Laser LBP-2900,632,1561,2800000.0
2023-11-01,1222,"Máy tính xách tay Lenovo ThinkPad E15 Gen 4 - I5 -1235U (4.4G) -8Gb RAM - 256GB SSD - WF+BL, Fingerprint - 15.6' FHD - Dos -2Yrs,P/N:21E600CGVA",131,511,14545455.0
2023-11-01,1227,Máy In Canon Laser LBP - 2900,131,511,3590909.0
2023-11-01,1227,Giá vốn (80%): Máy In Canon Laser LBP - 2900,632,1561,2872727.2
2023-11-01,1226,Máy in hóa đơn XP-T80L,131,511,1618182.0
2023-11-01,1226,Giá vốn (80%): Máy in hóa đơn XP-T80L,632,1561,1294545.6
2023-11-01,1226,Giá vốn (80%): Máy quét mã vạch WNI-5010G,632,1561,1032727.2
2023-11-01,1226,Máy đọc mã vạch EC331,131,511,772727.0
2023-11-01,1226,Máy quét mã vạch WNI-5010G,131,511,1290909.0
2023-11-01,1225,Bàn phím Dell MultimediaKB216,131,511,463637.0
2023-11-01,1223,Máy In Canon Laser LBP - 2900,131,511,3590909.0
2023-11-01,1226,Giá vốn (80%): Máy đọc mã vạch EC331,632,1561,618181.6
2023-11-01,1224,Ổ CỨNG (SSD) LexarSSD NS100 1TB Sata III 6Gb/s(LNS100-1TRB)(LNS100-1TRB),131,511,1172727.0
2023-11-01,1221,Giá vốn (80%): Bàn phím Dell Multimedia KB216,632,1561,138181.6
2023-11-01,1224,Giá vốn (80%): Ổ CỨNG (SSD) LexarSSD NS100 1TB Sata III 6Gb/s(LNS100-1TRB)(LNS100-1TRB),632,1561,938181.6
2023-11-01,1225,Giá vốn (80%): Chuột máy tính Dell MS116,632,1561,218181.6
2023-11-01,1225,Chuột máy tính Dell MS116,131,511,272727.0
2023-11-01,1225,Giá vốn (80%): Bàn phím Dell MultimediaKB216,632,1561,370909.6
2023-11-01,1221,Bàn phím Dell Multimedia KB216,131,511,172727.0
2023-11-02,1230,Máy In Canon Laser LBP - 2900,131,511,3727273.0
2023-11-02,112335,"Máy tính để bàn Dell Vostro 3020 SFF, Core i3-13100 (3.4GHz to 4.5GHz), 1x8GB 3200MHz, 512GB M.2 PCIe NVMe SSD, Non DVD, Chuột, Bàn phím, Win 11, BH 12 tháng, SFFI32004W1-8G-512G",6422,1111,18909091.0
2023-11-02,112335,"Máy tính để bàn Dell Inspiron 3020, Core i5-13400 (2.5GHz to 4.6GHz), 1x8GB 3200MHz, 512GB M.2 PCIe NVMe SSD, Non DVD, Chuột, Bàn phím, Win 11, BH 12 tháng, MTI51012W1-8G-512G",6422,1111,24363636.0
2023-11-02,1229,Giá vốn (80%): Máy In Canon Laser LBP - 2900,632,1561,5818182.4
2023-11-02,1229,Máy In Canon Laser LBP - 2900,131,511,7272728.0
2023-11-02,1230,Giá vốn (80%): Máy In Canon Laser LBP - 2900,632,1561,2981818.4
2023-11-02,1646,MÁY IN LASER ĐƠN NĂNG TRẮNG ĐEN - CANON PRINTER I-SENSYS LBP236DW,6422,1111,13909091.0
2023-11-02,7483,TP CK CTY HUETRONICS,6422,1111,23000.0
2023-11-02,7482,Thuế GTGT: TP CK CTY VINH XUAN,1331,1111,2300.0
2023-11-02,7482,TP CK CTY VINH XUAN,6422,1111,23000.0
2023-11-02,7481,Thuế GTGT: TP CK CTY CP TG SO,1331,1111,2300.0
2023-11-02,7481,TP CK CTY CP TG SO,6422,1111,23000.0
2023-11-02,164413,THU LAI VAY LD2322700569,6422,1111,59513.0
2023-11-02,7483,Thuế GTGT: TP CK CTY HUETRONICS,1331,1111,2300.0
2023-11-03,1233,Camera kỹ thuật số có chức năng ghi hiệu EZVIZ mã CS -C6N (B0-1G2WF)(1080P),131,511,527273.0
2023-11-03,1233,Giá vốn (80%): Camera kỹ thuật số có chức năng ghi hiệu EZVIZ mã CS -C6N (B0-1G2WF)(1080P),632,1561,421818.4
2023-11-03,1233,Thẻ nhớ Patriot VX Series 64GB MICRO SDXCV30 P/N 7FCNB6JPUVI-64G,131,511,109091.0
2023-11-03,1233,Giá vốn (80%): Thẻ nhớ Patriot VX Series 64GB MICRO SDXCV30 P/N 7FCNB6JPUVI-64G,632,1561,87272.8
2023-11-03,1232,MÁY TÍNH XÁCH TAY (NB) LENOVO V14 G3 IAP i5 -1235U/8GD4/512GSSD/14.0FHD/IPS/WL/BT/2C38/WIN11/1Y/XÁM (82TS00AXVN),131,511,10781818.0
2023-11-03,1232,Giá vốn (80%): MÁY TÍNH XÁCH TAY (NB) LENOVO V14 G3 IAP i5 -1235U/8GD4/512GSSD/14.0FHD/IPS/WL/BT/2C38/WIN11/1Y/XÁM (82TS00AXVN),632,1561,8625454.4
2023-11-03,1232,Chuột vi tính Rapoo M20,131,511,127272.0
2023-11-03,1232,Giá vốn (80%): Chuột vi tính Rapoo M20,632,1561,101817.6
2023-11-03,1232,Giá vốn (80%): Bàn phím EKM 046 Pro Eblue,632,1561,327273.6
2023-11-03,1232,Giá vốn (80%): Điện  thoại có dây PanasonicKXTS500,632,1561,269090.4
2023-11-03,1232,Bàn phím EKM 046 Pro Eblue,131,511,409092.0
2023-11-03,1232,Chuột máy tính Eblue EMS 146 Pro,131,511,154546.0
2023-11-03,1232,Giá vốn (80%): Chuột máy tính Eblue EMS 146 Pro,632,1561,123636.8
2023-11-03,1231,Máy In Canon Laser LBP - 2900,131,511,3818182.0
2023-11-03,1231,Giá vốn (80%): Máy In Canon Laser LBP - 2900,632,1561,3054545.6
2023-11-03,2865,Máy chiếu Epson EB-FH52,6422,1111,30909091.0
2023-11-03,1232,Điện  thoại có dây PanasonicKXTS500,131,511,336363.0
2023-11-03,1235,Giá vốn (80%): Máy In Canon Laser LBP226DW(3516C007AAME),632,1561,3781818.4
2023-11-03,5553,"Chuột không dây Logitech M185, màu xanh (910-002502)",6422,1111,545455.0
2023-11-03,1236,Giá vốn (80%): Thẻ nhớ Patriot VX Series 64GB MICRO SDXCV30 P/N 7FCNB6JPUVI-64G,632,1561,145454.4
2023-11-03,5553,"Chuột không dây Logitech M185, màu xám (910-002255)",6422,1111,545455.0
2023-11-03,5553,"Chuột không dây Logitech M185, màu đỏ (910-002503)",6422,1111,545455.0
2023-11-03,20298,Tai nghe Logitech Gaming G335 màu đen (981-000979),6422,1111,1000000.0
2023-11-03,1234,Bàn phím EKM 046 Pro Eblue,131,511,681818.0
2023-11-03,1234,Giá vốn (80%): Bàn phím EKM 046 Pro Eblue,632,1561,545454.4
2023-11-03,1234,Thiết bị truyền ảnh Webcam Logitech C270,131,511,1363636.0
2023-11-03,1235,Máy In Canon Laser LBP226DW(3516C007AAME),131,511,4727273.0
2023-11-03,1234,Chuột máy tính Eblue EMS 146 Pro,131,511,540911.0
2023-11-03,1234,Giá vốn (80%): Thiết bị truyền ảnh Webcam Logitech C270,632,1561,1090908.8
2023-11-03,1234,"Thiết bị đinh tuyến Thu phát vô tuyến TP-Link,2.4Ghz,TL-MR6400",131,511,1945454.0
2023-11-03,1234,"Giá vốn (80%): Thiết bị đinh tuyến Thu phát vô tuyến TP-Link,2.4Ghz,TL-MR6400",632,1561,1556363.2
2023-11-03,1236,"Thiết bị đinh tuyến Thu phát vô tuyến TP-Link,2.4Ghz,TL-MR6400",131,511,1136364.0
2023-11-03,1236,"Giá vốn (80%): Thiết bị đinh tuyến Thu phát vô tuyến TP-Link,2.4Ghz,TL-MR6400",632,1561,909091.2
2023-11-03,1236,Camera quan sát CS - H8C (1080P),131,511,1727273.0
2023-11-03,1236,Giá vốn (80%): Camera quan sát CS - H8C (1080P),632,1561,1381818.4
2023-11-03,1236,Thẻ nhớ Patriot VX Series 64GB MICRO SDXCV30 P/N 7FCNB6JPUVI-64G,131,511,181818.0
2023-11-03,1234,Giá vốn (80%): Chuột máy tính Eblue EMS 146 Pro,632,1561,432728.8
2023-11-04,1237,Cáp dữ liệu VIDEO HDMI 1.4 truyền âm thanh hình ảnh dài5M Ugreen (10109),131,511,1113636.0
2023-11-04,1237,"Thiết bị  thu phát vô tuyến TP-Link 2.4Ghz, Archer T2U",131,511,436364.0
2023-11-04,1237,Giá vốn (80%): Cáp dữ liệu VIDEO HDMI 1.4 truyền âm thanh hình ảnh dài5M Ugreen (10109),632,1561,890908.8
2023-11-04,1237,"Giá vốn (80%): Màn hình máy tính Lenovo H20215FE0 -"" E22-28 (H20215FE0) 21.5 inch Monitor-HDMI, P/N:62B9MAR4W",632,1561,1527272.8
2023-11-04,1237,"Giá vốn (80%): Thiết bị  thu phát vô tuyến TP-Link 2.4Ghz, Archer T2U",632,1561,349091.2
2023-11-04,1237,Giá vốn (80%): Ổ CỨNG VI TÍNH ( SSD)  Lexar SSDNS100 512GBSata III 6Gbs ( LNS100-512RB)(LNS100-512RB),632,1561,2545454.4
2023-11-04,1237,Ổ CỨNG VI TÍNH ( SSD)  Lexar SSDNS100 512GBSata III 6Gbs ( LNS100-512RB)(LNS100-512RB),131,511,3181818.0
2023-11-04,1237,Giá vốn (80%): Nguồn Jetek Model 350 ELITE V2,632,1561,1309091.2
2023-11-04,1237,Nguồn Jetek Model 350 ELITE V2,131,511,1636364.0
2023-11-04,1237,"Màn hình máy tính Lenovo H20215FE0 -"" E22-28 (H20215FE0) 21.5 inch Monitor-HDMI, P/N:62B9MAR4W",131,511,1909091.0
2023-11-05,5585,Chuột quang USB Logitech B100 (910-006605),6422,1111,2874545.0
2023-11-05,2929,Điện thoại có dây Panasonic KXTSC11,6422,1111,1833200.0
2023-11-05,2929,Điện thoại có dây Panasonic KXTS500,6422,1111,1421400.0
2023-11-05,1238,Giá vốn (80%): Phần mềm Kaspersky KL1941MUEFS,632,1561,1440000.0
2023-11-05,1238,Phần mềm Kaspersky KL1941MUEFS,131,511,1800000.0
2023-11-05,1239,Giá vốn (80%): Ổ CỨNG DI ĐỘNG WESTERN MY PASSPORT 5TB USB 3.2,632,1561,10472727.2
2023-11-05,5585,Chuột Gaming không dây Logitech G304 màu đen (910-005284),6422,1111,1936364.0
2023-11-05,1239,Ổ CỨNG DI ĐỘNG WESTERN MY PASSPORT 5TB USB 3.2,131,511,13090909.0
2023-11-05,1248,Giá vốn (80%): Nguồn Jetek Model 400 ELITE V2,632,1561,312727.2
2023-11-05,1248,Nguồn Jetek Model 400 ELITE V2,131,511,390909.0
2023-11-05,1248,"Giá vốn (80%): Ổ cứng gắn trong Western Digital 1TB-3.5""(WD10EZEX)",632,1561,872727.2
2023-11-05,1240,"Thiết bị đầu cuối GSM/W-CDMA FDD 2.4GHz TP-Link, M7000",131,511,1672728.0
2023-11-05,5585,Chuột Logitech Gaming G102 Gen 2 màu đen(910-005802),6422,1111,3318182.0
2023-11-05,694464,Thuế GTGT: Cước dịch vụ viễn thông trả sau (Dịch vụ chịu thuế),1331,1111,23454.0
2023-11-05,1248,"Ổ cứng gắn trong Western Digital 1TB-3.5""(WD10EZEX)",131,511,1090909.0
2023-11-05,2540,Mực nạp đổ XP12 - 140,6422,1111,3818182.0
2023-11-05,2540,"Hộp mực (cartridge) đã có mực in dùng cho máy in laser, loại LHCF226A (HP 402/402DN), hiệu XPPRO",6422,1111,454545.0
2023-11-05,2540,Mực nạp đổ XP NPG 6,6422,1111,954546.0
2023-11-05,2540,"Mực nước dùng cho máy in Canon,loại G series Dyeink,màu đen 70ml",6422,1111,81818.0
2023-11-05,2540,"Mực nước dùng cho máy in Canon,loại G series Dyeink,màu lục lam 70ml",6422,1111,81818.0
2023-11-05,2540,"Mực nước dùng cho máy in Canon,loại G series Dyeink,màu đỏ tươi 70ml",6422,1111,81818.0
2023-11-05,2540,"Mực nước dùng cho máy in Canon,loại G series Dyeink,màu vàng 70ml",6422,1111,81818.0
2023-11-05,2540,"Trống máy in tương thích Brother HL2385 (PAD-DR630-1), mới 100%",6422,1111,727273.0
2023-11-05,2544,"Hộp mực (Catridge) đã có mực in dùng cho máy in laser loại 35A,nhãn hiệu Xppro",6422,1111,954545.0
2023-11-05,55736,"Máy quét HP ScanJet Enterprise Flow 7000 s3 Sheet-feed Scanner, 1Y WTY_L2757A",6422,1111,17900000.0
2023-11-05,112632,Màn hình VIEWSONIC VA1903A/19'' LCD MONITOR,6422,1111,8545455.0
2023-11-05,1505,Nguồn Jetek Model 400 ELITE V2,6422,1111,9916364.0
2023-11-05,694464,Cước dịch vụ viễn thông trả sau (Dịch vụ chịu thuế),6422,1111,234545.0
2023-11-05,1247,Giá vốn (80%): BỘ MÁY VI TÍNH,632,1561,11694545.6
2023-11-05,1240,"Giá vốn (80%): Thiết bị đầu cuối GSM/W-CDMA FDD 2.4GHz TP-Link, M7000",632,1561,1338182.4
2023-11-05,1246,Giá vốn (80%): Hộp mực in Izinet 12A/303/FX9,632,1561,370908.8
2023-11-05,2542,"Hộp mực (cartridge) đã có mực in dùng cho máy in laser, loại LH2612A (HP1010/1012/3050/FX9) , hiệu Maetone",6422,1111,1000000.0
2023-11-05,1241,Mực T2309,131,511,863636.0
2023-11-05,1241,Giá vốn (80%): Mực T2309,632,1561,690908.8
2023-11-05,1247,BỘ MÁY VI TÍNH,131,511,14618182.0
2023-11-05,1241,"Giá vốn (80%): Thiết bị đinh tuyến Thu phát vô tuyến TP-Link,2.4Ghz,TL-MR6400",632,1561,836364.0
2023-11-05,1242,"Thiết bị đầu cuối GSM/W-CDMA FDD 2.4GHz TP-Link,M7000",131,511,718182.0
2023-11-05,1242,"Giá vốn (80%): Thiết bị đầu cuối GSM/W-CDMA FDD 2.4GHz TP-Link,M7000",632,1561,574545.6
2023-11-05,1243,Chuột vi tính Rapoo M20,131,511,109091.0
2023-11-05,1243,Giá vốn (80%): Chuột vi tính Rapoo M20,632,1561,87272.8
2023-11-05,1243,Camera quan sát CS - H8C (1080P),131,511,1045455.0
2023-11-05,1243,Giá vốn (80%): Camera quan sát CS - H8C (1080P),632,1561,836364.0
2023-11-05,1243,Camera kỹ thuật số có chức năng ghi hiệu EZVIZ mã CS-C6N (B0-1G2WF)(1080P),131,511,636363.0
2023-11-05,1243,Giá vốn (80%): Camera kỹ thuật số có chức năng ghi hiệu EZVIZ mã CS-C6N (B0-1G2WF)(1080P),632,1561,509090.4
2023-11-05,1243,Thẻ nhớ Patriot VX Series 64GB MICRO SDXCV30 P/N 7FCNB6JPUVI-64G,131,511,181818.0
2023-11-05,1241,"Thiết bị đinh tuyến Thu phát vô tuyến TP-Link,2.4Ghz,TL-MR6400",131,511,1045455.0
2023-11-05,1243,Bàn phím Keyboard NK2500,131,511,109091.0
2023-11-05,1243,Giá vốn (80%): Thẻ nhớ Patriot VX Series 64GB MICRO SDXCV30 P/N 7FCNB6JPUVI-64G,632,1561,145454.4
2023-11-05,1246,Hộp mực in Izinet 12A/303/FX9,131,511,463636.0
2023-11-05,1246,Nguồn Jetek Model 400 ELITE V2,131,511,336364.0
2023-11-05,1246,Giá vốn (80%): Bảng mạch chính Asus Prime -H510MK,632,1561,1127272.8
2023-11-05,1246,Bảng mạch chính Asus Prime -H510MK,131,511,1409091.0
2023-11-05,1245,"Giá vốn (80%): MÁY TÍNH ĐỂ BÀN (PC) LENOVO ThinkCentre neo50s Gen 3 i7 -12700(12*2.1)/8GD4/512GSSD/WL/BT/KB/M/NoOS/ĐEN(11T0005BVA)*Màn Hình Lenovo 21.5"" E22-28",632,1561,13927272.8
2023-11-05,1246,Giá vốn (80%): Nguồn Jetek Model 400 ELITE V2,632,1561,269091.2
2023-11-05,1245,"Giá vốn (80%): Máy tính xách tay Lenovo Notebook ThinkPad NBLN TP L13Clam G3 T (gồm i7-1255U (4.7G) - 16GB RAM - 512GB SSD -WF+BL, Fingerprint - 13.3'' WUXGA - Thunder Black - Dos -P/N:21B3005YVA",632,1561,16690908.8
2023-11-05,1245,"Máy tính xách tay Lenovo Notebook ThinkPad NBLN TP L13Clam G3 T (gồm i7-1255U (4.7G) - 16GB RAM - 512GB SSD -WF+BL, Fingerprint - 13.3'' WUXGA - Thunder Black - Dos -P/N:21B3005YVA",131,511,20863636.0
2023-11-05,1244,Giá vốn (80%): Hộp mực in Ecoplus 12A/303/FX9,632,1561,94545.6
2023-11-05,1244,Hộp mực in Ecoplus 12A/303/FX9,131,511,118182.0
2023-11-05,1243,Giá vốn (80%): Bàn phím Keyboard NK2500,632,1561,87272.8
2023-11-05,1245,"MÁY TÍNH ĐỂ BÀN (PC) LENOVO ThinkCentre neo50s Gen 3 i7 -12700(12*2.1)/8GD4/512GSSD/WL/BT/KB/M/NoOS/ĐEN(11T0005BVA)*Màn Hình Lenovo 21.5"" E22-28",131,511,17409091.0
2023-11-06,5061,Bộ chuyển đổi nguồn dùng cho camera DS-3E1309P-EI,6422,1111,870000.0
2023-11-06,81024,Mạch chính vi tính Gigabyte H510M H V2,6422,1111,14090908.0
2023-11-06,81024,Ổ đĩa cứng máy tính Kingmax PQ3480 1TB (Zeus M.2 PCIe - Gen3x4),6422,1111,2036364.0
2023-11-06,81024,Ổ đĩa cứng máy tính Kingmax SA3080 256GB (M.2 Sata 3),6422,1111,4090909.0
2023-11-06,81024,Bộ nhớ máy tính xách tay Kingmax 8GB DDR5-4800 (KM-SD5-4800-08GS),6422,1111,2727273.0
2023-11-06,7536,TP CK CTY VIEN SON,6422,1111,19000.0
2023-11-06,7536,Thuế GTGT: TP CK CTY VIEN SON,1331,1111,1900.0
2023-11-06,7537,TP CK CTY TH DAU KHI,6422,1111,15000.0
2023-11-06,7537,Thuế GTGT: TP CK CTY TH DAU KHI,1331,1111,1500.0
2023-11-06,5061,"Camera quan sát Ezviz CS-H6C (4MP,W1)",6422,1111,2536365.0
2023-11-06,1254,"Ổ cứng gắn trong Western Digital 1TB - 3.5""(WD10EZEX)",131,511,818181.0
2023-11-06,5061,Camera quan sát DS-2CD2T43G2-2I,6422,1111,8541000.0
2023-11-06,1254,Bàn phím Keyboard NK2500,131,511,354546.0
2023-11-06,1254,Giá vốn (80%): Bàn phím Keyboard NK2500,632,1561,283636.8
2023-11-06,1254,Chuột vi tính Rapoo M20,131,511,354546.0
2023-11-06,1254,Giá vốn (80%): Chuột vi tính Rapoo M20,632,1561,283636.8
2023-11-06,1254,"Giá vốn (80%): Ổ cứng gắn trong Western Digital 1TB - 3.5""(WD10EZEX)",632,1561,654544.8
2023-11-06,1249,Mực Laser TN-2385 Brother,131,511,1780909.0
2023-11-06,1249,Giá vốn (80%): Mực Laser TN-2385 Brother,632,1561,1424727.2
2023-11-06,81024,Mạch chính vi tính Gigabyte B760M G X AX DDR4,6422,1111,6636364.0
2023-11-06,5061,Thẻ nhớ 64GB Sandisk,6422,1111,418180.0
2023-11-06,1256,Giá vốn (80%): Ổ CỨNG VI TÍNH ( SSD) Lexar SSDNS100 256GBSata III6Gbs ( LNS100-256RB)(LNS100-256RB),632,1561,327272.8
2023-11-06,5061,"Camera quan sát CS-H8C (4MP,4MM)",6422,1111,3360000.0
2023-11-06,1256,Giá vốn (80%): Mạch chính vi tính Gigabyte H510MH,632,1561,1127272.8
2023-11-06,1250,MÁY TÍNH XÁCH TAY (NB) LENOVO V14 G3 IAP i5 -1235U/8GD4/512GSSD/14.0FHD/IPS/WL/BT/2C38/WIN11/1Y/XÁM(82TS00AXVN),131,511,10636364.0
2023-11-06,1250,Giá vốn (80%): MÁY TÍNH XÁCH TAY (NB) LENOVO V14 G3 IAP i5 -1235U/8GD4/512GSSD/14.0FHD/IPS/WL/BT/2C38/WIN11/1Y/XÁM(82TS00AXVN),632,1561,8509091.2
2023-11-06,1250,Bộ lưu điện Santak - TG1000,131,511,4072728.0
2023-11-06,1250,Giá vốn (80%): Bộ lưu điện Santak - TG1000,632,1561,3258182.4
2023-11-06,1250,Máy quét Canon Lide 400,131,511,2109090.0
2023-11-06,1250,Giá vốn (80%): Máy quét Canon Lide 400,632,1561,1687272.0
2023-11-06,165568,THU PHI CT VietinBank,6422,1121,19000.0
2023-11-06,165568,Thuế GTGT: THU PHI CT VietinBank,6422,1121,1900.0
2023-11-06,1253,Phần mềm Kaspersky KL1941MUEFS,131,511,900000.0
2023-11-06,1253,Giá vốn (80%): Phần mềm Kaspersky KL1941MUEFS,632,1561,720000.0
2023-11-06,1256,Ổ CỨNG VI TÍNH ( SSD) Lexar SSDNS100 256GBSata III6Gbs ( LNS100-256RB)(LNS100-256RB),131,511,409091.0
2023-11-06,1253,Giá vốn (80%): Phần mềm Kaspersky KL1941MCCFS,632,1561,520000.0
2023-11-06,1255,Giá vốn (80%): Phí dịch vụ tháng 10 /2023 theo hợp đồng số 64/2015/HĐ_NetViet ký ngày 26/10/2015,632,1561,222222.4
2023-11-06,1255,Phí dịch vụ tháng 10 /2023 theo hợp đồng số 64/2015/HĐ_NetViet ký ngày 26/10/2015,131,511,277778.0
2023-11-06,1251,Giá vốn (80%): Phần mềm Kaspersky KL1171MUAFS,632,1561,160000.0
2023-11-06,1251,Phần mềm Kaspersky KL1171MUAFS,131,511,200000.0
2023-11-06,1256,Mạch chính vi tính Gigabyte H510MH,131,511,1409091.0
2023-11-06,1252,Ổ CỨNG VI TÍNH ( SSD)  Lexar SSDNS100 256GBSata III 6Gbs ( LNS100-256RB)(LNS100-256RB),131,511,709091.0
2023-11-06,1252,Giá vốn (80%): Bộ nhớ trong Kingston 4GB D4-2666U19,632,1561,327272.8
2023-11-06,1253,Phần mềm Kaspersky KL1941MCCFS,131,511,650000.0
2023-11-06,1252,Bộ nhớ trong Kingston 4GB D4-2666U19,131,511,409091.0
2023-11-06,1252,Giá vốn (80%): Ổ CỨNG VI TÍNH ( SSD)  Lexar SSDNS100 256GBSata III 6Gbs ( LNS100-256RB)(LNS100-256RB),632,1561,567272.8
2023-11-07,5076,"Camera quan sát CS-H8C (4MP,4MM)",6422,1111,3360000.0
2023-11-07,1258,Hộp mực in Izinet 12A/303/FX9,131,511,927270.0
2023-11-07,1258,Giá vốn (80%): Hộp mực in Izinet 12A/303/FX9,632,1561,741816.0
2023-11-07,1258,Bàn phím Dell Multimedia KB216,131,511,290910.0
2023-11-07,1258,Bộ nhớ Máy tính Kingmax 8GB DDR4-3200,131,511,409091.0
2023-11-07,1258,Giá vốn (80%): Bộ nhớ Máy tính Kingmax 8GB DDR4-3200,632,1561,327272.8
2023-11-07,1258,Chuột máy tính Dell MS116,131,511,163636.0
2023-11-07,1258,Giá vốn (80%): Chuột máy tính Dell MS116,632,1561,130908.8
2023-11-07,5076,"Camera kỹ thuật số có chức năng ghi hiệu EZVIZ mã CS-C1C(1080P,H.265) - Hỗ trợ thẻ nhớ trong",6422,1111,763636.0
2023-11-07,5076,"Camera quan sát CS-H3C (1080P,4MM,COLOR)",6422,1111,2863635.0
2023-11-07,5076,Camera quan sát CS-H8C (1080P),6422,1111,6900000.0
2023-11-07,1261,"Ổ cứng gắn trong WesternDigital 1TB - 3.5""(WD10EZEX)",131,511,909091.0
2023-11-07,194,Hộp mực in iziNet 12A/303/FX9 Universal,6422,1111,3600000.0
2023-11-07,1261,Bộ vi xử lý Intel Core i3 - 10105 (BX8070110105SRH3P),131,511,5000000.0
2023-11-07,1261,Giá vốn (80%): Bộ vi xử lý Intel Core i3 - 10105 (BX8070110105SRH3P),632,1561,4000000.0
2023-11-07,1258,Giá vốn (80%): Vỏ thùng máy tính Jetek A3035B,632,1561,392728.0
2023-11-07,1261,"Giá vốn (80%): Ổ cứng gắn trong WesternDigital 1TB - 3.5""(WD10EZEX)",632,1561,727272.8
2023-11-07,1261,Nguồn Jetek Model 400 ELITE V2,131,511,672728.0
2023-11-07,1261,Giá vốn (80%): Nguồn Jetek Model 400 ELITE V2,632,1561,538182.4
2023-11-07,1261,Bộ nhớ trong Kingston 4GD4 /2666S19 1RX16(KVR26S19S6/4),131,511,690908.0
2023-11-07,1261,Giá vốn (80%): Bộ nhớ trong Kingston 4GD4 /2666S19 1RX16(KVR26S19S6/4),632,1561,552726.4
2023-11-07,9383,"Thiết bị chuyển mạch SG1083P, hiệu APTEK",6422,1111,800000.0
2023-11-07,5076,Camera quan sát CS- H1C (1080P),6422,1111,720000.0
2023-11-07,1258,Vỏ thùng máy tính Jetek A3035B,131,511,490910.0
2023-11-07,1258,Giá vốn (80%): Bàn phím Dell Multimedia KB216,632,1561,232728.0
2023-11-07,1258,Nguồn Jetek Model 400 ELITE V2,131,511,672728.0
2023-11-07,19704,"Máy tính xách tay MSI Cyborg 15 A12UC-621VN/i5-12450H/512GB SSD/DDR5 8GB/RTX 3050,GDDR6 4GB/15.6"" FHD 144Hz/Win11/Màu đen/Ba lô",6422,1111,32709091.0
2023-11-07,1258,Giá vốn (80%): Nguồn Jetek Model 400 ELITE V2,632,1561,538182.4
2023-11-07,7578,Thuế GTGT: THU PHI CK CTY CP TG SO+ CTY TIN HOC VIET SON,1331,1111,4600.0
2023-11-07,167000,THU LAI VAY LD2323600583,6422,1111,94932.0
2023-11-07,166999,THU LAI VAY LD2323400576,6422,1111,139646.0
2023-11-07,166998,THU LAI VAY LD2323300631,6422,1111,168859.0
2023-11-07,7869,"Thiết bị thu phát vô tuyến 2.4 GHz/5GHz, TP-Link , EAP245",6422,1111,6636364.0
2023-11-07,9363,"Bộ định tuyến Vigor1000B, Hiệu Draytek",6422,1111,9636364.0
2023-11-07,9363,"Bộ định tuyến Vigor2926 Plus, hiệu Draytek",6422,1111,2690909.0
2023-11-07,1257,"Ổ cứng gắn trong WesternDigital 2TB - 3.5""(WD20EZAZ)",131,511,1445455.0
2023-11-07,1257,"Giá vốn (80%): Ổ cứng gắn trong WesternDigital 2TB - 3.5""(WD20EZAZ)",632,1561,1156364.0
2023-11-07,1260,"Thiết bị chuyển  mạch TP -Link, TL- SG1016D",131,511,1436364.0
2023-11-07,7578,THU PHI CK CTY CP TG SO+ CTY TIN HOC VIET SON,6422,1111,46000.0
2023-11-07,1259,Máy tính bàn Lenovo ThinkCentre M70s Gen 3  i3 - 12100( 4.3GHZ) - 8GB RAM - 256GB SSD - Wireless & Bluetooth -None-1Yr; P/n 11TC000QVA,131,511,8445455.0
2023-11-07,1260,"Giá vốn (80%): Thiết bị chuyển  mạch TP -Link, TL- SG1016D",632,1561,1149091.2
2023-11-07,1258,"Ổ cứng gắn trong WesternDigital 1TB - 3.5""(WD10EZEX)",131,511,1818182.0
2023-11-07,1258,Giá vốn (80%): Bộ vi xử lý Intel Core i3 - 10105 (BX8070110105SRH3P),632,1561,2000000.0
2023-11-07,1258,Bộ vi xử lý Intel Core i3 - 10105 (BX8070110105SRH3P),131,511,2500000.0
2023-11-07,1258,"Giá vốn (80%): Ổ cứng gắn trong WesternDigital 1TB - 3.5""(WD10EZEX)",632,1561,1454545.6
2023-11-07,1259,MÁY IN LASER ĐƠN NĂNG TRẮNG ĐEN - CANONPRINTER  I - SENSYS LBP 236DW,131,511,10527273.0
2023-11-07,1259,"Giá vốn (80%): Màn hình máy tính Lenovo H20215FE0 -""  E22 -28 (H20215FE0) 21.5 inch Monitor-HDMI, P/N:62B9MAR4W",632,1561,1738181.6
2023-11-07,1259,"Màn hình máy tính Lenovo H20215FE0 -""  E22 -28 (H20215FE0) 21.5 inch Monitor-HDMI, P/N:62B9MAR4W",131,511,2172727.0
2023-11-07,1259,Giá vốn (80%): Máy tính bàn Lenovo ThinkCentre M70s Gen 3  i3 - 12100( 4.3GHZ) - 8GB RAM - 256GB SSD - Wireless & Bluetooth -None-1Yr; P/n 11TC000QVA,632,1561,6756364.0
2023-11-07,1259,Giá vốn (80%): MÁY IN LASER ĐƠN NĂNG TRẮNG ĐEN - CANONPRINTER  I - SENSYS LBP 236DW,632,1561,8421818.4
2023-11-08,1266,Mạch chính vi tính Gigabyte H510MH V2,131,511,7045450.0
2023-11-08,1266,"Giá vốn (80%): Ổ cứng gắn trong WesternDigital 1TB - 3.5""(WD10EZEX)",632,1561,5963640.0
2023-11-08,1266,Giá vốn (80%): Mạch chính vi tính Gigabyte H510MH V2,632,1561,5636360.0
2023-11-08,1266,Ổ đĩa cứng máy tính KingmaxSA3080 256GB (M.2 Sata 3),131,511,4090910.0
2023-11-08,1266,Giá vốn (80%): Ổ đĩa cứng máy tính KingmaxSA3080 256GB (M.2 Sata 3),632,1561,3272728.0
2023-11-08,1266,Dây cáp mạng (xoắn)  Ensoho EN- U5CA24 UTP Cat5e,131,511,10363640.0
2023-11-08,1266,Giá vốn (80%): Dây cáp mạng (xoắn)  Ensoho EN- U5CA24 UTP Cat5e,632,1561,8290912.0
2023-11-08,1266,"Ổ cứng gắn trong WesternDigital 1TB - 3.5""(WD10EZEX)",131,511,7454550.0
2023-11-08,1268,Giá vốn (80%): Cáp dữ liệu VIDEO HDMI 1.4 truyền âm thanh hình ảnh dài1.5M Ugreen( 60820),632,1561,109090.4
2023-11-08,1266,"Thanh ram SGKILL F4 - 2666C19S - 8GVR,8GB",131,511,5000000.0
2023-11-08,1267,"Giá vốn (80%): Laptop Lenovo V15 G3 82TT00N9VN - I5 /1235U 8Gb/SSD512GB/ Intel Iris Xe/15.6"" FHD Win11/ Xám",632,1561,8363636.0
2023-11-08,1266,Bảng mạch chính của máy vi tính hiệu ASUS PRIMEH510M - K R2.0-CSM-SI,131,511,6818180.0
2023-11-08,1266,Giá vốn (80%): Bảng mạch chính của máy vi tính hiệu ASUS PRIMEH510M - K R2.0-CSM-SI,632,1561,5454544.0
2023-11-08,1267,"Laptop Lenovo V15 G3 82TT00N9VN - I5 /1235U 8Gb/SSD512GB/ Intel Iris Xe/15.6"" FHD Win11/ Xám",131,511,10454545.0
2023-11-08,1267,MÁY TÍNH XÁCH TAY (NB) LENOVO V14 G3 IAP i3 - 1215U/8GD4/256GSSD/14.0FHD/IPS/WL/BT/2C38/NoOS/ĐEN (82TS0060VN),131,511,7545455.0
2023-11-08,1267,Giá vốn (80%): MÁY TÍNH XÁCH TAY (NB) LENOVO V14 G3 IAP i3 - 1215U/8GD4/256GSSD/14.0FHD/IPS/WL/BT/2C38/NoOS/ĐEN (82TS0060VN),632,1561,6036364.0
2023-11-08,1268,Máy tính bàn Lenovo ThinkCentre M70s Gen 3 i5 -12400(4.4GHZ)- 8GB RAM - 256 SSD- Wireless & Bluetooth - None -1Yr; P/n11TC000TVA,131,511,11627273.0
2023-11-08,1268,Giá vốn (80%): Máy tính bàn Lenovo ThinkCentre M70s Gen 3 i5 -12400(4.4GHZ)- 8GB RAM - 256 SSD- Wireless & Bluetooth - None -1Yr; P/n11TC000TVA,632,1561,9301818.4
2023-11-08,1268,Cáp dữ liệu VIDEO HDMI 1.4 truyền âm thanh hình ảnh dài1.5M Ugreen( 60820),131,511,136363.0
2023-11-08,7613,Thuế GTGT: THU PHI CK CTY CP HT THONG MINH+ CTY DT PT QG ADG TAI DN,1331,1111,4600.0
2023-11-08,1266,"Giá vốn (80%): Thanh ram SGKILL F4 - 2666C19S - 8GVR,8GB",632,1561,4000000.0
2023-11-08,7613,THU PHI CK CTY CP HT THONG MINH+ CTY DT PT QG ADG TAI DN,6422,1111,46000.0
2023-11-08,2570,"Hộp mực (Catridge) đã có mực in dùng cho máy in laser loại 35A,nhãn hiệu Xppro",6422,1111,954545.0
2023-11-08,1265,"Ổ cứng di động (HDD) Seagate One Touch 2TB 2.5"" USB 3.0",131,511,2000000.0
2023-11-08,1265,"Giá vốn (80%): Ổ cứng di động (HDD) Seagate One Touch 2TB 2.5"" USB 3.0",632,1561,1600000.0
2023-11-08,1269,Máy chiếu Epson EB - FH52,131,511,33636364.0
2023-11-08,1269,Giá vốn (80%): Máy chiếu Epson EB - FH52,632,1561,26909091.2
2023-11-08,167434,THU LAI VAY LD2323700486,6422,1111,114308.0
2023-11-08,1263,Máy in hóa đơn XP - T80L,131,511,1081818.0
2023-11-08,1263,Giá vốn (80%): Máy in hóa đơn XP - T80L,632,1561,865454.4
2023-11-08,1262,"Máy quét HP ScanJetEnterprise Flow 7000 s3 Sheet-feed Scanner, 1Y WTY_L2757A",131,511,19545455.0
2023-11-08,2570,Gạt mực (Linh kiện của hộp mực (Cartridge) dùng cho máy in Laser)  loại WB 12A,6422,1111,190909.0
2023-11-08,2570,"Mực nước dùng cho máy in Canon,loại G series Dyeink,màu đen 70ml",6422,1111,136364.0
2023-11-08,2570,"Hộp mực (Catridge) đã có mực in dùng cho máy in laser loại 49A, nhãn hiệu Xppro",6422,1111,1000000.0
2023-11-08,1262,"Giá vốn (80%): Máy quét HP ScanJetEnterprise Flow 7000 s3 Sheet-feed Scanner, 1Y WTY_L2757A",632,1561,15636364.0
2023-11-08,2570,"Hộp mực (Catridge) đã có mực in dùng cho máy in laser loại CE505A,nhãn hiệu Xppro",6422,1111,200000.0
2023-11-08,2570,Hộp mực (Cartridge) đã có mực in dùng cho máy in Laser loại LHW1106A ( HP 135/137/107),6422,1111,454545.0
2023-11-08,1265,Giá vốn (80%): Bộ máy vi tính,632,1561,10909091.2
2023-11-08,2003,Phí bảo hiểm của Hợp đồng 0000118/HD/035-PTKD/PHH.TS.3.2/2023,6422,1111,2435004.0
2023-11-08,1264,Chuột máy tính Logitech M331,131,511,300000.0
2023-11-08,1264,Giá vốn (80%): Chuột máy tính Logitech M331,632,1561,240000.0
2023-11-08,1264,Chuột máy tính Logitech M221,131,511,236364.0
2023-11-08,1264,Giá vốn (80%): Chuột máy tính Logitech M221,632,1561,189091.2
2023-11-08,1265,Bộ máy vi tính,131,511,13636364.0
2023-11-08,2570,"Hộp mực (Catridge) đã có mực in dùng cho máy in laser loại 83A,nhãn hiệu Xppro",6422,1111,954546.0
2023-11-09,1273,"Máy tính xách tay Lenovo ThinkPad E15 Gen 4 - I5 -1235U(4.4G) -8Gb RAM - 256GB SSD - WF+BL, Fingerprint - 15.6'FHD - Dos -2Yrs,P/N:21E600CGVA",131,511,14545455.0
2023-11-09,1273,Máy In Canon Laser LBP-2900,131,511,3500000.0
2023-11-09,1273,Giá vốn (80%): Máy In Canon Laser LBP-2900,632,1561,2800000.0
2023-11-09,1272,Phần mềm Kaspersky KL1919MCAFS,131,511,450000.0
2023-11-09,344,Máy đếm tiền XD BC - 35,6422,1111,3870370.0
2023-11-09,1272,Phần mềm Kaspersky KL1171MUAFS,131,511,200000.0
2023-11-09,1272,Giá vốn (80%): Phần mềm Kaspersky KL1171MUAFS,632,1561,160000.0
2023-11-09,7642,Thuế GTGT: THU PHI CK CTY VIEN SON,1331,1111,2300.0
2023-11-09,1270,Nguồn Jetek model MAXWATT 550,131,511,627273.0
2023-11-09,1270,Giá vốn (80%): Nguồn Jetek model MAXWATT 550,632,1561,501818.4
2023-11-09,1272,Giá vốn (80%): Phần mềm Kaspersky KL1919MCAFS,632,1561,360000.0
2023-11-09,7642,THU PHI CK CTY VIEN SON,6422,1111,23000.0
2023-11-09,1273,"Giá vốn (80%): Máy tính xách tay Lenovo ThinkPad E15 Gen 4 - I5 -1235U(4.4G) -8Gb RAM - 256GB SSD - WF+BL, Fingerprint - 15.6'FHD - Dos -2Yrs,P/N:21E600CGVA",632,1561,11636364.0
2023-11-09,345,Cáp dữ liệu VIDEO HDMI 1.4 truyềnâm thanh hình ảnh dài 5M Ugreen(10109),6422,1111,254545.0
2023-11-09,345,Cáp dữ liệu VIDEO VGA truyền hìnhảnh dài 20m màu đen Ugreen (11635),6422,1111,460000.0
2023-11-09,1271,Ổ CỨNG VI TÍNH ( SSD) Lexar SSDNS100 256GB Sata III 6Gbs ( LNS100-256RB) (LNS100-256RB),131,511,800000.0
2023-11-09,1271,Giá vốn (80%): Ổ CỨNG VI TÍNH ( SSD) Lexar SSDNS100 256GB Sata III 6Gbs ( LNS100-256RB) (LNS100-256RB),632,1561,640000.0
2023-11-09,1271,Bộ nhớ trong Kingmax 4GB DDR4 - 2400,131,511,590909.0
2023-11-09,1271,Giá vốn (80%): Bộ nhớ trong Kingmax 4GB DDR4 - 2400,632,1561,472727.2
2023-11-09,345,Dây chuyển đổi có chipset USB sangcổng COM RS-232 dài 1.5M Ugreen(20211),6422,1111,290909.0
2023-11-09,1271,Giá vốn (80%): Ổ cứng gắn trong 250GB SSD Exceria NVMe Bics Flas M.2 PCle Kioxia,632,1561,836364.0
2023-11-09,453012,"MÀN HÌNH VI TÍNH (LCD) MSI PRO MP251 24.5"" INCH/FHD/IPS/300cd/m2/100Hz/HDMI/VGA/AUDIO/SPEAKER/ĐEN (BLACK) (3PC2)(PROMP251)",6422,1111,89090880.0
2023-11-09,2488,"Bộ chuyển đổi quang sang HDMI + USB, Mã hàng: HDMI-A-USB",6422,1111,2227273.0
2023-11-09,345,Cáp dữ liệu VIDEO HDMI 1.4 truyềnâm thanh hình ảnh dài 30M cóchipset Ugreen (10114),6422,1111,2254546.0
2023-11-09,1271,Ổ cứng gắn trong 250GB SSD Exceria NVMe Bics Flas M.2 PCle Kioxia,131,511,1045455.0
2023-11-10,1277,Giá vốn (80%): Ổ CỨNG VI TÍNH ( SSD) Lexar SSDNS100 256GBSata III 6Gbs ( LNS100-256RB) (LNS100-256RB),632,1561,567272.8
2023-11-10,1277,"Thiết bị thu phát vô tuyến TP -Link,TL- WN823N",131,511,181818.0
2023-11-10,1277,"Giá vốn (80%): Thiết bị thu phát vô tuyến TP -Link,TL- WN823N",632,1561,145454.4
2023-11-10,1275,"Camera quan sát CS - H8  (5MP,4MM)",131,511,1454546.0
2023-11-10,1275,"Giá vốn (80%): Camera quan sát CS - H8  (5MP,4MM)",632,1561,1163636.8
2023-11-10,1275,Thẻ nhớ Patriot VX Series 64GB MICRO SDXCV30 P/N 7FCNB6JPUVI-64G,131,511,90909.0
2023-11-10,1275,Giá vốn (80%): Thẻ nhớ Patriot VX Series 64GB MICRO SDXCV30 P/N 7FCNB6JPUVI-64G,632,1561,72727.2
2023-11-10,1275,"Giá vốn (80%): Cáp mạng Cat 6 FTP 305m/thùng, Hiệu Aptek",632,1561,1272727.2
2023-11-10,1274,Máy in Brother HL - L2321D,131,511,2454545.0
2023-11-10,1274,Giá vốn (80%): Máy in Brother HL - L2321D,632,1561,1963636.0
2023-11-10,1274,Máy in hóa đơn XP - T80L,131,511,809091.0
2023-11-10,1274,"Thiết bị đinh tuyến Thu phát vô tuyến TP-Link,2.4Ghz,TL-MR6400",131,511,1018182.0
2023-11-10,1277,Ổ CỨNG VI TÍNH ( SSD) Lexar SSDNS100 256GBSata III 6Gbs ( LNS100-256RB) (LNS100-256RB),131,511,709091.0
2023-11-10,1274,"Giá vốn (80%): Thiết bị đinh tuyến Thu phát vô tuyến TP-Link,2.4Ghz,TL-MR6400",632,1561,814545.6
2023-11-10,1275,"Cáp mạng Cat 6 FTP 305m/thùng, Hiệu Aptek",131,511,1590909.0
2023-11-10,1274,Giá vốn (80%): Máy in hóa đơn XP - T80L,632,1561,647272.8
2023-11-10,1278,Giá vốn (80%): Chuột vi tính Rapoo M20,632,1561,101818.4
2023-11-10,1278,"Giá vốn (80%): Máy tính xách tay Dell Vostro 3530 Intel Core i5-1335U, 15.6"" FHD, 1x8G,256GB SSD, 3 Cell-41Whr, Win 11, Office H&S 2021, BH 12 tháng,V5I5267W1-Gray",632,1561,12181817.6
2023-11-10,71783242,Trich thu Tien vay - Lai : 5812603 - Phat : 1592 - Acct vay 414931889,6422,1111,5814195.0
2023-11-10,71491000,Thu Phi SMS thay doi so du thang  10/2023,6422,1111,54545.0
2023-11-10,71491000,Thuế GTGT:  Thu Phi SMS thay doi so du thang  10/2023,1331,1111,5455.0
2023-11-10,204,ĐẦU ĐỌC MÃ VẠCH EC331,6422,1111,1160000.0
2023-11-10,1276,Mực in 85A Number One,131,511,336364.0
2023-11-10,1276,Giá vốn (80%): Mực in 85A Number One,632,1121,269091.2
2023-11-10,1280,Máy tính để bàn Dell Vostro 3470 ST PDCG5420/4GD4 (HXKWJ2),131,511,13636364.0
2023-11-10,1280,Giá vốn (80%): Máy tính để bàn Dell Vostro 3470 ST PDCG5420/4GD4 (HXKWJ2),632,1561,10909091.2
2023-11-10,1280,Bàn phím Dell Multimedia  KB216,131,511,272728.0
2023-11-10,1280,Giá vốn (80%): Bàn phím Dell Multimedia  KB216,632,1561,218182.4
2023-11-10,1280,Chuột máy tính Dell MS116,131,511,163636.0
2023-11-10,1280,Giá vốn (80%): Chuột máy tính Dell MS116,632,1561,130908.8
2023-11-10,1279,Hộp mực in Izinet 12A,131,511,390909.0
2023-11-10,1279,Giá vốn (80%): Hộp mực in Izinet 12A,632,1561,312727.2
2023-11-10,1278,"Máy tính xách tay Dell Vostro 3530 Intel Core i5-1335U, 15.6"" FHD, 1x8G,256GB SSD, 3 Cell-41Whr, Win 11, Office H&S 2021, BH 12 tháng,V5I5267W1-Gray",131,511,15227272.0
2023-11-10,1278,Chuột vi tính Rapoo M20,131,511,127273.0
2023-11-11,1281,"Giá vốn (80%): Thiết bị chuyển  mạch TP -Link, TL- SF1008D",632,1561,109091.2
2023-11-11,1281,"Thiết bị chuyển  mạch TP -Link, TL- SF1008D",131,511,136364.0
2023-11-11,1281,Ổ CỨNG VI TÍNH ( SSD) Lexar SSDNS100 256GBSata III 6Gbs ( LNS100-256RB) (LNS100-256RB,131,511,709091.0
2023-11-11,1281,Giá vốn (80%): Ổ CỨNG VI TÍNH ( SSD) Lexar SSDNS100 256GBSata III 6Gbs ( LNS100-256RB) (LNS100-256RB,632,1561,567272.8
2023-11-12,7878,Thẻ nhớ Patriot VX Series 128GB MICRO SDXC V30 P/N 7FCNB6KPUVI-128G,6422,1111,1500000.0
2023-11-12,1197,Máy chiếu đa năng ViewSonic LS500WHE,6422,1111,13500000.0
2023-11-12,8024,"Thiết bị thu phát vô tuyến, TP-LINK, 2.4GHz/5GHz, Archer C24",6422,1111,3090909.0
2023-11-12,8024,"Thiết bị thu phát vô tuyến TP-Link, 2.4GHz/5GHz,RE200",6422,1111,618182.0
2023-11-12,8024,"Thiết bị thu phát vô tuyến 2.4GHz TP-Link ,TL-WA860RE",6422,1111,1063636.0
2023-11-12,8024,"Thiết bị thu phát vô tuyến băng tần 2.4GHz, Tp-Link, TL-WN781ND",6422,1111,409091.0
2023-11-12,8024,"Thiết bị chuyển mạch TP-Link, TL-SG1024D",6422,1111,1404545.0
2023-11-12,8024,"Thiết bị chuyển mạch TP-Link, TL-SF1024D",6422,1111,755455.0
2023-11-12,8024,"Thiết bị thu phát vô tuyến TP-Link, TL-WN725N",6422,1111,972727.0
2023-11-12,8024,"Thiết bị thu phát vô tuyếnTP-Link 150M, TL-WN722N",6422,1111,1354546.0
2023-11-12,1282,PHẦN MỀM KASPERSKY KL1867MUAFS,131,511,600000.0
2023-11-12,1282,Giá vốn (80%): PHẦN MỀM KASPERSKY KL1867MUAFS,632,1561,480000.0
2023-11-12,172151,"Bộ định tuyến TP-LINK, 2,4GHz/5GHz/ W-CDMA FDD/ E-UTRA FDD_Archer MR200",6422,1111,2263636.0
2023-11-12,172151,Thiết bị định tuyến 2G/3G/4G băng tần 2.4 GHz TP-LINK_TL-MR100,6422,1111,3500000.0
2023-11-12,172151,"Thiết bị đầu cuối GSM/ W-CDMA FDD/E-UTRA FDD, 2,4 GHz, TP-LINK_M7000",6422,1111,2209092.0
2023-11-12,172151,"Bộ định tuyến TP-LINK, 2,4GHz/5GHz_Archer C50",6422,1111,1772725.0
2023-11-12,8024,"USB hỗ trợ kết nối bluetooth, Tp-Link, UB500",6422,1111,445455.0
2023-11-12,7878,Thẻ nhớ Patriot VX Series 64GB MICRO SDXC V30 P/N 7FCNB6JPUVI-64G,6422,1111,4327273.0
2023-11-12,10725,BỘ TẢN NHIỆT NƯỚC IDCOOLING ZOOMFLOW 240- XT SNOW,6422,1111,1290909.0
2023-11-12,168643,THU LAI VAY LD2324100602,6422,1111,189941.0
2023-11-12,1283,Bộ lưu điện Santak - TG500,131,511,1045455.0
2023-11-12,1283,Giá vốn (80%): Bộ lưu điện Santak - TG500,632,1561,836364.0
2023-11-12,7878,Thẻ nhớ Patriot VX Series 32GB MICRO SDHC V30 P/N 7FCMB6IPUVI-32G,6422,1121,2545455.0
2023-11-12,1284,Giá vốn (80%): Hộp mực in Ecoplus 12A/303/FX9,632,1561,203636.8
2023-11-12,171997,"Máy tính xách tay Dell Inspiron 15 3530, i7-1355U, 8GB, 512GB SSD, Intel Iris Xe Graphics, 15.6"" FHD, 4C 54Wh, ax+BT, OfficeHS21, McAfee MDS, Win 11, Đen (Carbon Black), 1Y WTY",6422,1111,16363636.0
2023-11-12,3126,Dầu máy,6422,1111,1002000.0
2023-11-12,3126,Gioăng lỗ xả dầu,6422,1111,13000.0
2023-11-12,3126,Công sửa chữa,6422,1111,80000.0
2023-11-12,1284,Hộp mực in Ecoplus 12A/303/FX9,131,511,254546.0
2023-11-12,10725,Bộ vi xử lý vi tính Intel Core i3-12100 (BX8071512100SRL62) + Quạt,6422,1111,5418182.0
2023-11-12,10725,Bộ vi xử lý vi tính Intel Core I5-10400 + Quạt,6422,1111,10090909.0
2023-11-12,10725,CHIP VI XỬ LÝ INTEL CORE I5 - 10400F 2.90 GHZ + QUẠT,6422,1111,4145455.0
2023-11-12,10725,Chíp vi xử lý INTEL CORE I5 12400F - 2.50GHZ (BX8071512400F S RL4W)+Quạt,6422,1111,3363636.0
2023-11-12,10725,"Bộ Vi xử lý Intel Core i3-10105 Processor 3.70GHz 6M Cache, Sockets FCLGA1200-BX8070110105",6422,1111,4909091.0
2023-11-12,6436,BÀN PHÍM DELL MULTIMEDIA KB216,6422,1111,3845455.0
2023-11-12,6436,CHUỘT QUANG VI TÍNH DELL MS116,6422,1111,2209091.0
2023-11-12,10650,Máy in Epson L3210,6422,1111,3181818.18
2023-11-13,1285,Bộ nhớ Máy tính Kingmax 16GB DDR4-3200,131,511,1000000.0
2023-11-13,1285,Giá vốn (80%): Bộ nhớ Máy tính Kingmax 16GB DDR4-3200,632,1561,800000.0
2023-11-13,1285,Ỏ đĩa cứng GT 500GB Kingston SSD NV1 M2 2280(SNVS/500G),131,511,1500000.0
2023-11-13,1285,Giá vốn (80%): Ỏ đĩa cứng GT 500GB Kingston SSD NV1 M2 2280(SNVS/500G),632,1561,1200000.0
2023-11-13,1285,"Ổ cứng gắn trong Western Digital 1TB - 3.5""(WD10EZEX)",131,511,1090909.0
2023-11-13,1285,Card VGA ASUS TUF -GTX1650 - 4GD6-Gaming,131,511,3990909.0
2023-11-13,1285,Giá vốn (80%): Chuột máy tính Logitech G102,632,1561,261818.4
2023-11-13,1285,Giá vốn (80%): Nguồn Jetek model MAXWATT 650,632,1561,618181.6
2023-11-13,1285,Giá vốn (80%): Card VGA ASUS TUF -GTX1650 - 4GD6-Gaming,632,1561,3192727.2
2023-11-13,1285,Chuột máy tính Logitech G102,131,511,327273.0
2023-11-13,1285,Giá vốn (80%): Bộ vi xử lý vi tính Intel Core i5 - 12400F (BX8071512400FSRL4W),632,1561,3047272.8
2023-11-13,1285,"Giá vốn (80%): Ổ cứng gắn trong Western Digital 1TB - 3.5""(WD10EZEX)",632,1561,872727.2
2023-11-13,1285,Bộ vi xử lý vi tính Intel Core i5 - 12400F (BX8071512400FSRL4W),131,511,3809091.0
2023-11-13,1285,Nguồn Jetek model MAXWATT 650,131,511,772727.0
2023-11-13,1285,Bảng mạch chính của máy vi tính hiệu ASUS PROARTB660 - CREATOR D4,131,511,4027273.0
2023-11-13,1285,Giá vốn (80%): Bảng mạch chính của máy vi tính hiệu ASUS PROARTB660 - CREATOR D4,632,1561,3221818.4
2023-11-13,10662,Máy Ép Nhựa Plastic YT 320,6422,1111,1175925.93
2023-11-13,169693,THU PHI CT VietinBank,6422,1121,20000.0
2023-11-13,169693,Thuế GTGT: THU PHI CT VietinBank,6422,1121,2000.0
2023-11-13,169694,THU PHI CT TPBank,6422,1111,19000.0
2023-11-13,169694,Thuế GTGT: THU PHI CT TPBank,1331,1111,1900.0
2023-11-13,172850,"Máy tính xách tay Lenovo V15 G3 IAP, i5-1235U, 8GB, 512GB SSD, Intel Iris Xe Graphics, 15.6"" FHD, 2C 38Wh, ac+BT, W11H 64, Xám (Iron Grey), 1Y WTY_82TT00N9VN",6422,1111,46808765.0
2023-11-13,115117,Màn hình LCD VIEWSONIC VA2732-H,6422,1111,6109091.0
2023-11-13,115117,"Màn hình máy tính ViewSonic VA2432-H-W/24 inch, Full HD, IPS, 100Hz, 1ms, 104% sRGB, màu trắng",6422,1111,3600000.0
2023-11-13,115117,"Màn hình ViewSonic VA2215-H/21.5"" LCD Monitor",6422,1111,5409091.0
2023-11-13,1130,"Máy chủ Dell T150 (gồm 4x3.5"" E-2324G 3.1GHz/ 8GB Ram /2TB HDD/Embedded SATA / iDRAC9 Express/ BC5720DP 1GbE LOM/ DVDRW/ Cabled PSU 300W/ Power cord/ No OS - 42SVRDT150-903)",6422,1121,24363636.0
2023-11-13,9213,MÁY QUÉT ẢNH HOẶC TÀI LIỆU HP SCAN JET PRO 2000 S2 SCANNER (6FW06A),6422,1111,6136364.0
2023-11-13,169767,THU LAI VAY LD2324200476,6422,1111,257600.0
2023-11-14,1290,Giá vốn (80%): Máy In Canon Laser LBP 162DW,632,1561,3440000.0
2023-11-14,1288,Giá vốn (80%): Nguồn Jetek Model 350  ELITE V2,632,1561,283636.8
2023-11-14,1289,Thiết bị định tuyến TP-Link 2.4GHz/5GHz Archer C50,131,511,418182.0
2023-11-14,1289,Giá vốn (80%): Thiết bị định tuyến TP-Link 2.4GHz/5GHz Archer C50,632,1561,334545.6
2023-11-14,1290,"Máy tính xách tay LenovoV15 G4 IRU - Intel Core i3 -1315U(4.50GHz) - 8GB RAM - 512GB SSD - WF+BL -15.6FHD60Hz - NOS- 2YR Premium NBD,P/n 83A10007VN",131,511,10000000.0
2023-11-14,1290,"Giá vốn (80%): Máy tính xách tay LenovoV15 G4 IRU - Intel Core i3 -1315U(4.50GHz) - 8GB RAM - 512GB SSD - WF+BL -15.6FHD60Hz - NOS- 2YR Premium NBD,P/n 83A10007VN",632,1561,8000000.0
2023-11-14,1290,"Giá vốn (80%): Bộ định tuyến Tp-Link 2.4GHz 450M, TL- WR941HP",632,1561,1920000.0
2023-11-14,1290,Máy In Canon Laser LBP 162DW,131,511,4300000.0
2023-11-14,1291,Mạch chính vi tính Gigabyte H510MH,131,511,1500000.0
2023-11-14,1291,Giá vốn (80%): Nguồn Jetek Model 400 ELITE V2,632,1561,356364.0
2023-11-14,1291,Bộ vi xử lý Intel Core i3 - 10105,131,511,2627273.0
2023-11-14,1291,Giá vốn (80%): Bộ vi xử lý Intel Core i3 - 10105,632,1561,2101818.4
2023-11-14,1291,LINH KIỆN VI TÍNH ( RAM PC ) Lexar 8GB DDR4 - 3200U-DIMMCL22 (LD4AU008G-B3200GSST),131,511,472727.0
2023-11-14,1291,Giá vốn (80%): LINH KIỆN VI TÍNH ( RAM PC ) Lexar 8GB DDR4 - 3200U-DIMMCL22 (LD4AU008G-B3200GSST),632,1561,378181.6
2023-11-14,1291,Nguồn Jetek Model 400 ELITE V2,131,511,445455.0
2023-11-14,1288,Nguồn Jetek Model 350  ELITE V2,131,511,354546.0
2023-11-14,1291,Vỏ thùng máy tính Jetek EN22,131,511,318182.0
2023-11-14,1291,Giá vốn (80%): Vỏ thùng máy tính Jetek EN22,632,1561,254545.6
2023-11-14,1291,Bộ định tuyến Tp-Link 2.4GHz/5GHz Archer MR200,131,511,1272727.0
2023-11-14,1291,Giá vốn (80%): Bộ định tuyến Tp-Link 2.4GHz/5GHz Archer MR200,632,1561,1018181.6
2023-11-14,1291,Giá vốn (80%): Mạch chính vi tính Gigabyte H510MH,632,1561,1200000.0
2023-11-14,1288,Giá vốn (80%): Bàn phím Dell Multimedia KB 216,632,1561,145454.4
2023-11-14,1290,"Bộ định tuyến Tp-Link 2.4GHz 450M, TL- WR941HP",131,511,2400000.0
2023-11-14,461536,CHUỘT MÁY TÍNH (MOUSE) Dell Wireless Mouse WM118/1000DPI/ĐEN(WM118),6422,1111,280000.0
2023-11-14,1288,Bàn phím Dell Multimedia KB 216,131,511,181818.0
2023-11-14,1292,Bộ máy vi tính,131,511,90909091.0
2023-11-14,1292,Giá vốn (80%): Bộ máy vi tính,632,1561,72727272.8
2023-11-14,19277,Máy in laser Canon LBP2900,6422,1111,52050000.0
2023-11-14,19277,Máy in phun màu Canon G1010,6422,1111,11000000.0
2023-11-14,19277,Máy quét Canon Lide 300,6422,1111,4350000.0
2023-11-14,19277,Máy quét Canon Lide 400,6422,1111,6300000.0
2023-11-14,1286,Nguồn Jetek Model 400 ELITE V2,131,511,445455.0
2023-11-14,1286,USB hiệu Kingston 32GB  3.0 Data 106 (DT106/32GB),131,511,100000.0
2023-11-14,1286,Giá vốn (80%): USB hiệu Kingston 32GB  3.0 Data 106 (DT106/32GB),632,1561,80000.0
2023-11-14,1286,Giá vốn (80%): Nguồn Jetek Model 400 ELITE V2,632,1561,356364.0
2023-11-14,115653,Chuột máy tính N100.BLACK - Optical Mouse,6422,1111,4545455.0
2023-11-14,1287,Giá vốn (80%): Máy in Brother HL-L2321D,632,1561,2109091.2
2023-11-14,1287,Máy in Brother HL-L2321D,131,511,2636364.0
2023-11-14,115653,Bàn phím máy tính NK2600 US_BLACK,6422,1111,10454545.0
2023-11-14,461535,MÁY TÍNH XÁCH TAY (NB) DELL VOS15 3530 i5-1335U/8GD4/512SSD/15.6FHD/120Hz/3C41WHr/W11SL+OFFICE HOME_ST/ProSup/XÁM(80GG9),6422,1111,28181818.0
2023-11-14,7730,Thuế GTGT: THU PHI CK CTY LBM,1331,1111,1500.0
2023-11-14,461535,Chiết khấu thương mại S2023-01461 09/10/2023,6422,1111,2727273.0
2023-11-14,7729,Thuế GTGT: THU PHI CK CTY DAU KHI,1331,1111,1500.0
2023-11-14,7729,THU PHI CK CTY DAU KHI,6422,1111,15000.0
2023-11-14,169980,THU LAI VAY LD2324300537,6422,1111,257202.0
2023-11-14,7730,THU PHI CK CTY LBM,6422,1111,15000.0
2023-11-15,1296,Giá vốn (80%): Phần mềm Kaspersky KL1919MCAFS,632,1561,280000.0
2023-11-15,1294,Giá vốn (80%): MÁY QUÉT ẢNH HOẶC TÀI LIỆU HP SCAN JET PRO2000 S2 SCANNER(6FW06A),632,1561,5447272.8
2023-11-15,1294,MÁY QUÉT ẢNH HOẶC TÀI LIỆU HP SCAN JET PRO2000 S2 SCANNER(6FW06A),131,511,6809091.0
2023-11-15,1295,Giá vốn (80%): Máy in Brother HL-L2321D,632,1561,2181818.4
2023-11-15,1295,Máy in Brother HL-L2321D,131,511,2727273.0
2023-11-15,1296,Phần mềm Kaspersky KL1919MCAFS,131,511,350000.0
2023-11-15,9313,MÁY QUÉT ẢNH HOẶC TÀI LIỆU HP SCAN JET PRO 2000 S2 SCANNER (6FW06A),6422,1111,6136364.0
2023-11-15,7774,THU PHI CK CTY ADG TAI DN,6422,1111,40000.0
2023-11-15,12274,"Bản quyền phần mềm Kaspersky Ksos 5 for DT+MD+FS SEA 10 - MD; 10-Dt ,1-FS; 10Us",6422,1111,3350000.0
2023-11-15,1293,Giá vốn (80%): Máy Ép Nhựa Plastic YT 320,632,1561,1222222.4
2023-11-15,1293,Máy Ép Nhựa Plastic YT 320,131,511,1527778.0
2023-11-15,7774,Thuế GTGT: THU PHI CK CTY ADG TAI DN,1331,1111,4000.0
2023-11-16,349,Vi mạch điện tử 7504 Unitek,6422,1111,390909.0
2023-11-16,349,Dây chuyển đổi có chipset USB sangcổng COM RS-232 dài 1.5M Ugreen(20211),6422,1111,290908.0
2023-11-16,172426,THU LAI VAY LD2325000643,6422,1111,554084.0
2023-11-16,1297,Mực Laser TN - 2385 Brother,131,511,15909091.0
2023-11-16,1297,Giá vốn (80%): Mực Laser TN - 2385 Brother,632,1561,12727272.8
2023-11-16,1302,MÁY TÍNH XÁCH TAY (NB)  HP Pavilion 15-eg3094TUi5-1335U/8GD4/512GSSD/15.6FHD/WLax/BT5/3C41WHr/ALUp/W11SL/VÀNG(8C5L5PA),131,511,16181818.0
2023-11-16,1302,Giá vốn (80%): MÁY TÍNH XÁCH TAY (NB)  HP Pavilion 15-eg3094TUi5-1335U/8GD4/512GSSD/15.6FHD/WLax/BT5/3C41WHr/ALUp/W11SL/VÀNG(8C5L5PA),632,1561,12945454.4
2023-11-16,7817,TP BCNN 948.18USD LENOVO SINGAPORE) PTE LTD-0900003182,6422,1111,55000.0
2023-11-16,1301,"Máy tính xách tay LenovoV15G3 IAP, i5-1235U, 8GB, 512GBSSD, Intel Iris Xe Graphics,15.6"" FHD, 2C 38Wh, ac+BT,W11H 64, Xám (Iron Grey), 1YWTY_82TT00N9VN",131,511,9454545.0
2023-11-16,1301,Thiết  bị ghi hình Logitech C922,131,511,7272728.0
2023-11-16,1301,Giá vốn (80%): Thiết  bị ghi hình Logitech C922,632,1561,5818182.4
2023-11-16,1299,Máy In Canon Laser LBP-2900,131,511,3590909.0
2023-11-16,1299,Giá vốn (80%): Máy In Canon Laser LBP-2900,632,1561,2872727.2
2023-11-16,1298,Hộp mực in Ecoplus 12A/303/FX9,131,511,218182.0
2023-11-16,1298,Giá vốn (80%): Hộp mực in Ecoplus 12A/303/FX9,632,1561,174545.6
2023-11-16,349,Cáp dữ liệu VIDEO HDMI 1.4 truyềnâm thanh hình ảnh dài 1.5M Ugreen(60820),6422,1111,363636.0
2023-11-16,7817,Thuế GTGT: TP BCNN 948.18USD LENOVO SINGAPORE) PTE LTD-0900003182,1331,1111,5500.0
2023-11-16,349,Cáp dữ liệu USB 2.0 cho máy intruyền dữ liệu từ máy tính ra máy incó chip dài 10m ugreen (10374),6422,1111,227273.0
2023-11-16,1301,"Giá vốn (80%): Máy tính xách tay LenovoV15G3 IAP, i5-1235U, 8GB, 512GBSSD, Intel Iris Xe Graphics,15.6"" FHD, 2C 38Wh, ac+BT,W11H 64, Xám (Iron Grey), 1YWTY_82TT00N9VN",632,1561,7563636.0
2023-11-16,2987,Máy chiếu Epson EB-FH52,6422,1111,30909091.0
2023-11-16,348,Máy đếm tiền GL - 8086,6422,1111,16111111.0
2023-11-16,1300,"Thiết bị chuyển  mạch TP -Link, TL - SG1016D",131,511,1136364.0
2023-11-16,1300,"Giá vốn (80%): Thiết bị chuyển  mạch TP -Link, TL - SG1016D",632,1561,909091.2
2023-11-16,1300,"Giá vốn (80%): Thiêt bị chuyển mạch TP - Link, TL - SG1024D",632,1561,1301818.4
2023-11-16,1300,Đầu bấm dây cáp mạng Ensoho EN - RJ45C5 RJ - 45 cat 5e,131,511,163636.0
2023-11-16,349,Cáp dữ liệu USB 2.0 cho máy intruyền dữ liệu từ máy tính ra máy indài 3m Ugreen (10328),6422,1111,177273.0
2023-11-16,1300,Giá vốn (80%): Đầu bấm dây cáp mạng Ensoho EN - RJ45C5 RJ - 45 cat 5e,632,1561,130908.8
2023-11-16,7829,TP CK CTY TG SO,6422,1111,40000.0
2023-11-16,1300,"Thiêt bị chuyển mạch TP - Link, TL - SG1024D",131,511,1627273.0
2023-11-16,7830,TP CK CTY TH VIEN SON,6422,1111,23000.0
2023-11-16,7830,Thuế GTGT: TP CK CTY TH VIEN SON,1331,1111,2300.0
2023-11-16,172425,THU LAI VAY LD2324800531,6422,1111,488081.0
2023-11-16,173431,"Máy tính xách tay Dell Vostro 3430, i5-1335U, 8GB, 512GB SSD, Intel Iris Xe Graphics, 14"" FHD, 3C 41Wh, ac+BT, OfficeHS21, McAfee MDS, Win 11, Xám (Titan Gray), 1Y WTY",6422,1111,14363636.0
2023-11-16,5899,Bộ lưu điện Santak - Mã hàng TG500,6422,1111,5400000.0
2023-11-16,58154,Bộ nhớ ram Dell EMC 16GB DDR4 3200 UDIMM,6422,1111,2727273.0
2023-11-16,386762,DO 0.001S-V,6422,1111,454545.0
2023-11-16,7829,Thuế GTGT: TP CK CTY TG SO,1331,1111,4000.0
2023-11-17,1307,Giá vốn (80%): Máy chiếu đa năng ViewSonic PA503SB,632,1561,5818181.6
2023-11-17,1307,Cáp dữ liệu VIDEO HDMI 1.4 truyền âm thanh hình ảnh dài10M Ugreen(10110),131,511,1018182.0
2023-11-17,1307,Giá vốn (80%): Cáp dữ liệu VIDEO HDMI 1.4 truyền âm thanh hình ảnh dài10M Ugreen(10110),632,1561,814545.6
2023-11-17,1307,Bàn phím + Chuột Logitech MK240,131,511,1063636.0
2023-11-17,1307,Giá vốn (80%): Bàn phím + Chuột Logitech MK240,632,1561,850908.8
2023-11-17,1305,Giá vốn (80%): Hộp mực Kenice 226,632,1561,269091.2
2023-11-17,1304,Giá vốn (80%): Bộ máy vi tính,632,1561,5701818.4
2023-11-17,1305,Hộp mực Kenice 226,131,511,336364.0
2023-11-17,463681,MÁY TÍNH XÁCH TAY (NB) DELL VOS15 3530 i3-1305U/8GD4/256SSD/15.6FHD/120Hz/41WHr/W11SL+OFFICE HOME_ST/Pro/XÁM(80GG92),6422,1111,20909090.0
2023-11-17,1307,Máy chiếu đa năng ViewSonic PA503SB,131,511,7272727.0
2023-11-17,1304,Bộ máy vi tính,131,511,7127273.0
2023-11-17,1307,Giá vốn (80%): Máy chiếu đa năng Vivitek DS272,632,1561,5760000.0
2023-11-17,1303,MÁY TÍNH ĐỂ BÀN LENOVO THINK CENTRE  M70s GEN3 i3 - 12100 ( 4.3GHZ) - 8GB RAM - 256GB SSD - Wireless & Bluetooth -None-1Yr; P/n 11TC000QVA,131,511,35154546.0
2023-11-17,1303,"Giá vốn (80%): MÁY TÍNH XÁCH TAY LENOVO THINKPAD E15 GEN 4 - I5 -1235U(4.4G) -8Gb RAM - 256GB SSD - WF+BL, Fingerprint - 15.6'FHD - Dos P/N:21E600CGVA",632,1561,14181817.6
2023-11-17,1303,"MÁY TÍNH XÁCH TAY LENOVO THINKPAD E15 GEN 4 - I5 -1235U(4.4G) -8Gb RAM - 256GB SSD - WF+BL, Fingerprint - 15.6'FHD - Dos P/N:21E600CGVA",131,511,17727272.0
2023-11-17,1303,"Giá vốn (80%): MÀN HÌNH MÁY TÍNH LENOVO H20215FE0 -"" E22 -28 (H20215FE0) 21.5 inch Monitor-HDMI, P/N:62B9MAR4W",632,1561,5781818.4
2023-11-17,1303,"MÀN HÌNH MÁY TÍNH LENOVO H20215FE0 -"" E22 -28 (H20215FE0) 21.5 inch Monitor-HDMI, P/N:62B9MAR4W",131,511,7227273.0
2023-11-17,1303,Giá vốn (80%): MÁY TÍNH ĐỂ BÀN LENOVO THINK CENTRE  M70s GEN3 i3 - 12100 ( 4.3GHZ) - 8GB RAM - 256GB SSD - Wireless & Bluetooth -None-1Yr; P/n 11TC000QVA,632,1561,28123636.8
2023-11-17,1306,"Giá vốn (80%): MÀN HÌNH MÁY TÍNH LENOVO H20215FE0 -"" E22 -28 (H20215FE0) 21.5 inch Monitor-HDMI, I, P/N:62B9MAR4W",632,1561,1738181.6
2023-11-17,1306,"MÀN HÌNH MÁY TÍNH LENOVO H20215FE0 -"" E22 -28 (H20215FE0) 21.5 inch Monitor-HDMI, I, P/N:62B9MAR4W",131,511,2172727.0
2023-11-17,1306,Giá vốn (80%): Bộ máy vi tính,632,1561,7549091.2
2023-11-17,1306,Bộ máy vi tính,131,511,9436364.0
2023-11-17,463686,CHUỘT MÁY TÍNH (MOUSE) Dell Wireless Mouse WM118/1000DPI/ĐEN(WM118),6422,1111,280000.0
2023-11-17,1307,Máy chiếu đa năng Vivitek DS272,131,511,7200000.0
2023-11-18,1310,Giá vốn (80%): Máy In Canon Inmage Class MF269DW,632,1561,3854545.6
2023-11-18,1309,"Giá vốn (80%): Camera kỹ thuật số có chức năng ghi hiệu EZVIZ mã CS -C3TN (3MP,2.8MM) - hỗ trợ thẻ nhớ trong",632,1561,1120000.0
2023-11-18,1309,"Camera kỹ thuật số có chức năng ghi hiệu EZVIZ mã CS -C3TN (3MP,2.8MM) - hỗ trợ thẻ nhớ trong",131,511,1400000.0
2023-11-18,1309,Giá vốn (80%): Thẻ nhớ Patriot VX Series 64GB MICRO SDXCV30 P/N 7FCNB6JPUVI - 64G,632,1561,130908.8
2023-11-18,1310,Máy In Canon Inmage Class MF269DW,131,511,4818182.0
2023-11-18,1309,Thẻ nhớ Patriot VX Series 64GB MICRO SDXCV30 P/N 7FCNB6JPUVI - 64G,131,511,163636.0
2023-11-18,1310,"Máy Tính Xách Tay Asus B3402FEA - EC0714T / 14.0 "" I3 - 1115G4/8GB (90NX0491-M00L00)",131,511,10454545.0
2023-11-18,1308,Bộ lưu điện Santak - TG500,131,511,2090909.0
2023-11-18,1308,Giá vốn (80%): Bộ lưu điện Santak - TG500,632,1561,1672727.2
2023-11-18,1310,"Giá vốn (80%): Máy Tính Xách Tay Asus B3402FEA - EC0714T / 14.0 "" I3 - 1115G4/8GB (90NX0491-M00L00)",632,1561,8363636.0
2023-11-18,389553,DO 0.05S-II,6422,1111,454545.0
2023-11-19,2655,Trống (Linh kiện cho máy in vi tính) neo loại DR1110/1000,6422,1111,127273.0
2023-11-19,2655,"Thanh từ (linh kiện của hộp mực (cartridge) dùng cho máy in laser), loại MR 35A/36A/78A/85A",6422,1111,363636.0
2023-11-19,2655,Trống nhãn hiệu Hanp loại DMHP1010PG11-1-100/DMHP1010(Canon2900/12A),6422,1111,900000.0
2023-11-19,2655,Hộp mực (Cartridge) đã có mực in dùng cho máy in Laser loại LHW1106A/NN ( Without Chip),6422,1111,454545.0
2023-11-19,464151,Chiết khấu thương mại S2023-01398 20/09/2023,6422,1111,1590909.0
2023-11-19,27678,Thuế GTGT: Dịch vụ ngân hàng,6422,1121,400.0
2023-11-19,27678,Dịch vụ ngân hàng,6422,1121,4000.0
2023-11-19,1311,"Giá vốn (80%): Máy chủ Dell T150 (gồm 4x3.5"" E-2324G 3.1GHz/ 8GB Ram /2TBHDD/Embedded SATA / iDRAC9 Express/ BC5720DP 1GbELOM/ DVDRW/ Cabled PSU 300W/ Power cord/ No OS -42SVRDT150-903)",632,1121,22247272.8
2023-11-19,1311,"Máy chủ Dell T150 (gồm 4x3.5"" E-2324G 3.1GHz/ 8GB Ram /2TBHDD/Embedded SATA / iDRAC9 Express/ BC5720DP 1GbELOM/ DVDRW/ Cabled PSU 300W/ Power cord/ No OS -42SVRDT150-903)",131,511,27809091.0
2023-11-19,11000,"Bộ Vi xử lý Intel Core i3-10105 Processor 3.70GHz 6M Cache, Sockets FCLGA1200-BX8070110105",6422,1111,4909091.0
2023-11-19,11000,Bộ vi xử lý vi tính Intel Core I5-10400 + Quạt,6422,1111,13454545.0
2023-11-19,464151,MÁY TÍNH ĐỂ BÀN (PC) HP ProOne 240 G9 AIO i3-1215U/8GD4/512GSSD/23.8FHD/IPS/WL/BT/KB/M/W11SL/ĐEN(6M3T0PA),6422,1111,13181818.0
2023-11-19,2655,Mực nạp đổ XP Brother 2240,6422,1111,2545455.0
2023-11-19,1313,Máy chiếu Epson EB - FH52,131,511,33636364.0
2023-11-19,1313,Giá vốn (80%): Máy chiếu Epson EB - FH52,632,1561,26909091.2
2023-11-19,1312,Giá vốn (80%): Máy đếm tiền GL - ­ 8086,632,1561,14000000.0
2023-11-19,1315,Cáp dữ liệu VIDEO HDMI 1.4truyền âm thanh hình ảnh dài10M Ugreen (10110),131,511,436364.0
2023-11-19,1315,Giá vốn (80%): Cáp dữ liệu VIDEO HDMI 1.4truyền âm thanh hình ảnh dài10M Ugreen (10110),632,1561,349091.2
2023-11-19,1315,"Ỏ cứng gắn trong Western  Digital 2TB - 3.5""( WD20EZAZ)",131,511,1445455.0
2023-11-19,1312,Máy đếm tiền GL - ­ 8086,131,511,17500000.0
2023-11-19,1315,"Thiết bị định tuyến 2G/3G/4G băng tần 2.4Ghz TP-Link,TL-MR100",131,511,909090.0
2023-11-19,1315,"Giá vốn (80%): Thiết bị định tuyến 2G/3G/4G băng tần 2.4Ghz TP-Link,TL-MR100",632,1561,727272.0
2023-11-19,1314,"MÀN HÌNH VI TÍNH (LCD)MSI PRO MP251 24.5""INCH/FHD/IPS/300cd/m2/100Hz/HDMI/VGA/AUDIO/SPEAKER/ĐEN(BLACK) (3PC2)(PROMP251)",131,511,2354545.0
2023-11-19,1314,"Giá vốn (80%): MÀN HÌNH VI TÍNH (LCD)MSI PRO MP251 24.5""INCH/FHD/IPS/300cd/m2/100Hz/HDMI/VGA/AUDIO/SPEAKER/ĐEN(BLACK) (3PC2)(PROMP251)",632,1561,1883636.0
2023-11-19,1315,"Giá vốn (80%): Ỏ cứng gắn trong Western  Digital 2TB - 3.5""( WD20EZAZ)",632,1561,1156364.0
2023-11-20,8223,"Thiết bị chuyển mạch Tp-Link, TL-SG1005LP",6422,1111,945455.0
2023-11-20,1322,Hộp mực (Cartridge) đã có mực in dùng cho máy inLaser loại LHW1106A/NN ( Without Chip),131,511,681818.0
2023-11-20,1322,Giá vốn (80%): Hộp mực (Cartridge) đã có mực in dùng cho máy inLaser loại LHW1106A/NN ( Without Chip),632,1561,545454.4
2023-11-20,1321,ĐẦU ĐỌC MÃ VẠCH OD7200,131,511,1400000.0
2023-11-20,1321,Giá vốn (80%): ĐẦU ĐỌC MÃ VẠCH OD7200,632,1561,1120000.0
2023-11-20,8223,"Thiết bị chuyển mạch TP-Link, TL-SF1005D",6422,1111,545455.0
2023-11-20,8223,"Thiết bị chuyển mạch TP-Link, TL-SG1024D",6422,1111,1386364.0
2023-11-20,8223,"Thiết bị thu phát vô tuyến 2.4 GHz/5GHz, TP-Link , EAP245",6422,1111,3981818.0
2023-11-20,173862,THU LAI VAY LD2325400412,6422,1111,253868.0
2023-11-20,1318,Bàn phím Dell Multimedia KB216,131,511,172727.0
2023-11-20,1320,Màn hình VIEWSONICVVA1903A/19'' LCD MONITOR,131,511,2890909.0
2023-11-20,1320,Giá vốn (80%): Màn hình VIEWSONICVVA1903A/19'' LCD MONITOR,632,1561,2312727.2
2023-11-20,1319,Máy In Canon Laser LBP-2900,131,511,3590909.0
2023-11-20,1319,Giá vốn (80%): Máy In Canon Laser LBP-2900,632,1561,2872727.2
2023-11-20,1318,Giá vốn (80%): Bàn phím Dell Multimedia KB216,632,1561,138181.6
2023-11-20,7892,THU PHI CK CTY TG SO+CTY ADG DN,6422,1111,80000.0
2023-11-20,7892,Thuế GTGT: THU PHI CK CTY TG SO+CTY ADG DN,1331,1111,8000.0
2023-11-20,464717,MÁY TÍNH XÁCH TAY (NB) DELL VOS15 3530 i3-1305U/8GD4/256SSD/15.6FHD/120Hz/41WHr/W11SL+OFFICE HOME_ST/Pro/XÁM(80GG92),6422,1111,20909090.0
2023-11-20,1316,Giá vốn (80%): Mực in phun BrotherBT5000M,632,1561,149091.2
2023-11-20,173882,THU LAI VAY LD2325100585,6422,1111,318765.0
2023-11-20,1316,Mực in phun BrotherBT5000M,131,511,186364.0
2023-11-20,9425,C11CJ68501: Máy in Epson L3210 STD,6422,1111,2909091.0
2023-11-20,1316,Mực in phun BrotherBT5000Y,131,511,186364.0
2023-11-20,1316,Giá vốn (80%): Mực in phun BrotherBT5000Y,632,1561,149091.2
2023-11-20,116942,"Máy tính xách tay Dell Inspiron 14 5430 Intel Core i5-1340P, 14.0""FHD+, 2x8G, 512GB SSD, 4 Cell-54Whr, Win 11, Office H&S 2021, BH 12 tháng, N4I5497W1-Silver",6422,1111,19000000.0
2023-11-20,5382,"Camera quan sát CS-H3C (1080P,4MM,COLOR)",6422,1111,2840910.0
2023-11-20,5382,"Camera kỹ thuật số có chức năng ghi hiệu EZVIZ mã CS-C1C(1080P,H.265) - Hỗ trợ thẻ nhớ trong",6422,1111,745454.0
2023-11-20,5382,Đầu ghi hình DS-7632NXI-K2,6422,1111,3850000.0
2023-11-20,5382,Camera quan sát CS-C6N (1080P),6422,1111,12300000.0
2023-11-20,5382,Camera quan sát CS- H1C (1080P),6422,1111,1418180.0
2023-11-20,5382,"Camera quan sát CS-H8C (4MP,4MM)",6422,1111,15960000.0
2023-11-20,5382,Bộ chuyển đổi nguồn dùng cho camera DS-3E1309P-EI,6422,1111,870000.0
2023-11-20,5382,Camera quan sát DS-2CD1043G0-IUF(C),6422,1111,7280000.0
2023-11-20,1317,"Máy tính bàn Lenovo ThinkCentre Neo 50t Gen 4 - IntelCore i5-13400 (4.60 GHz) - 8GB RAM - 512GB SSD - Wifi & BL -UHD Graphics 730 - NOS - 1YR Premier NBD,P/n 12JB001HVA",131,511,11718182.0
2023-11-20,1317,"Giá vốn (80%): Máy tính bàn Lenovo ThinkCentre Neo 50t Gen 4 - IntelCore i5-13400 (4.60 GHz) - 8GB RAM - 512GB SSD - Wifi & BL -UHD Graphics 730 - NOS - 1YR Premier NBD,P/n 12JB001HVA",632,1561,9374545.6
2023-11-20,1317,Dây chuyển đổi có chíp RS - 232 dài 2m Ugreen (20211),131,511,181818.0
2023-11-20,1317,Giá vốn (80%): Dây chuyển đổi có chíp RS - 232 dài 2m Ugreen (20211),632,1561,145454.4
2023-11-20,357,Cáp dữ liệu VIDEO HDMI 1.4 truyềnâm thanh hình ảnh dài 15M Ugreen(10111),6422,1111,1309091.0
2023-11-20,357,Cáp dữ liệu VIDEO HDMI 1.4 truyềnâm thanh hình ảnh dài 10M Ugreen(10110),6422,1111,1018180.0
2023-11-20,357,Cáp dữ liệu VIDEO HDMI 1.4 truyềnâm thanh hình ảnh dài 5M Ugreen (10109),6422,1111,618182.0
2023-11-20,357,Bo mạch chính máy vi tính hiệu Asus loại PrimeH310M-K,6422,1111,2527273.0
2023-11-20,5382,Đầu ghi hình Hikvision DS-7616NXI-K1,6422,1111,1527273.0
2023-11-21,1323,Bộ máy vi tính,131,511,6618182.0
2023-11-21,1150,"Màn hình máy tính Lenovo H20215FE0 - ""E22-28 (H20215FE0) 21.5 inch Monitor-HDMI, Linecord, 3YR , P/N:62B9MAR4WW",6422,1111,36927273.0
2023-11-21,1323,Giá vốn (80%): Bộ máy vi tính,632,1561,5294545.6
2023-11-21,1325,"Giá vốn (80%): Thiết bị thu phát vô tuyến TP-Link 150M,TL-WN722N",632,1561,145454.4
2023-11-21,1150,"Máy tính bàn Lenovo ThinkCentre Neo 50t Gen 4 - Intel Corei5-13400 (4.60 GHz) - 8GB RAM - 512GB SSD - Wifi & BL -UHD Graphics 730 - NOS - 1YR Premier NBD,P/n 12JB001HVA",6422,1111,215836364.0
2023-11-21,9492,L8050 Máy in Epson,6422,1111,5772727.0
2023-11-21,392589,DO 0.05S-II,6422,1111,454545.0
2023-11-21,1324,Giá vốn (80%): Máy in Brother HL - L2321D,632,1561,2109091.2
2023-11-21,1324,Máy in Brother HL - L2321D,131,511,2636364.0
2023-11-21,1325,"Thiết bị thu phát vô tuyến TP-Link 150M,TL-WN722N",131,511,181818.0
2023-11-22,1330,Giá vốn (80%): Bàn phím Dell Multimedia KB216,632,1561,232728.0
2023-11-22,1330,Bàn phím Dell Multimedia KB216,131,511,290910.0
2023-11-22,1330,Giá vốn (80%): Ổ đĩa cứng máy tính KingmaxSA3080 256GB (M.2 Sata 3),632,1561,981818.4
2023-11-22,1330,Ổ đĩa cứng máy tính KingmaxSA3080 256GB (M.2 Sata 3),131,511,1227273.0
2023-11-22,1330,Giá vốn (80%): Mạch chính vi tính Gigabyte H510MH V2,632,1561,2254545.6
2023-11-22,1330,Bộ vi xử lý Intel Core i3 -10105 (BX8070110105SRH3P),131,511,5181818.0
2023-11-22,1330,Giá vốn (80%): Bộ vi xử lý Intel Core i3 -10105 (BX8070110105SRH3P),632,1561,4145454.4
2023-11-22,1330,Giá vốn (80%): Hộp mực in Izinet 12A/303/FX9,632,1561,727272.8
2023-11-22,1330,Hộp mực in Izinet 12A/303/FX9,131,511,909091.0
2023-11-22,1331,Giá vốn (80%): Hộp mực in Ecoplus 12A/303/FX9,632,1561,436364.0
2023-11-22,1331,Hộp mực in Ecoplus 12A/303/FX9,131,511,545455.0
2023-11-22,1330,Mạch chính vi tính Gigabyte H510MH V2,131,511,2818182.0
2023-11-22,1330,Chuột máy tính Dell MS116,131,511,163636.0
2023-11-22,1330,Nguồn Jetek Model 350 ELITE V2,131,511,318181.0
2023-11-22,1330,Giá vốn (80%): Nguồn Jetek Model 350 ELITE V2,632,1561,254544.8
2023-11-22,1329,Mực nạp đổ XP12 - 140,131,511,318182.0
2023-11-22,1329,Giá vốn (80%): Mực nạp đổ XP12 - 140,632,1561,254545.6
2023-11-22,1328,"Máy Tính Xách Tay  Dell VosV5590/I7-10510U/8GB/15.6""(V5590A)",131,511,15081818.0
2023-11-22,1328,"Giá vốn (80%): Máy Tính Xách Tay  Dell VosV5590/I7-10510U/8GB/15.6""(V5590A)",632,1561,12065454.4
2023-11-22,1327,Máy in Brother HL-L2321D,131,511,35454545.0
2023-11-22,1327,Giá vốn (80%): Máy in Brother HL-L2321D,632,1561,28363636.0
2023-11-22,1333,Máy In Canon Laser MF3010,131,511,4545455.0
2023-11-22,1333,Giá vốn (80%): Máy In Canon Laser MF3010,632,1561,3636364.0
2023-11-22,1335,Máy in Brother DCP - B7535DW,131,511,5036364.0
2023-11-22,1335,Giá vốn (80%): Máy in Brother DCP - B7535DW,632,1561,4029091.2
2023-11-22,1331,Giá vốn (80%): L8050 Máy in hiệu Epson,632,1561,4654545.6
2023-11-22,1330,Giá vốn (80%): Chuột máy tính Dell MS116,632,1561,130908.8
2023-11-22,1331,L8050 Máy in hiệu Epson,131,511,5818182.0
2023-11-22,1332,Màn hình VIEWSONICVA1903A/19'' LCD MONITOR,131,511,2636364.0
2023-11-22,1332,Vỏ thùng máy tính Jetek EN22,131,511,763636.0
2023-11-22,1334,Máy Tính Xách Tay Dell Vos 3510 i3-1115G4 (V5I3205W),131,511,12727273.0
2023-11-22,1334,Giá vốn (80%): Máy Tính Xách Tay Dell Vos 3510 i3-1115G4 (V5I3205W),632,1561,10181818.4
2023-11-22,1336,Bộ lưu điện Santak - TG1000,131,511,4090908.0
2023-11-22,1336,Giá vốn (80%): Bộ lưu điện Santak - TG1000,632,1561,3272726.4
2023-11-22,1336,"Màn hình LCD - DELL P2719H /27.0""",131,511,14869091.0
2023-11-22,1336,"Giá vốn (80%): Màn hình LCD - DELL P2719H /27.0""",632,1561,11895272.8
2023-11-22,1336,Mực Laser TN - 2385 Brother,131,511,2618184.0
2023-11-22,1336,Bàn phím Logitech G213,131,511,1400000.0
2023-11-22,1336,Giá vốn (80%): Bàn phím Logitech G213,632,1561,1120000.0
2023-11-22,1336,Chuột máy tính LogitechG304,131,511,1290908.0
2023-11-22,1336,Giá vốn (80%): Chuột máy tính LogitechG304,632,1561,1032726.4
2023-11-22,1326,Màn chiếu chân P84TS,131,511,1009259.0
2023-11-22,1336,Giá vốn (80%): Mực Laser TN - 2385 Brother,632,1561,2094547.2
2023-11-22,1332,Bàn phím Keyboard NK2500,131,511,1181820.0
2023-11-22,1326,Giá vốn (80%): Màn chiếu chân P84TS,632,1561,807407.2
2023-11-22,1332,Giá vốn (80%): Vỏ thùng máy tính Jetek EN22,632,1561,610908.8
2023-11-22,1332,"Giá vốn (80%): Màn hình máy tính LenovoH20215FE0 - "" E22-28 (H20215FE0)21.5 inch Monitor-HDMI, Linecord, P/N:62B9MAR4WW",632,1561,1527272.8
2023-11-22,1332,"Màn hình máy tính LenovoH20215FE0 - "" E22-28 (H20215FE0)21.5 inch Monitor-HDMI, Linecord, P/N:62B9MAR4WW",131,511,1909091.0
2023-11-22,1332,Giá vốn (80%): Nguồn Jetek Model 400ELITE V2,632,1561,1418180.0
2023-11-22,1332,Nguồn Jetek Model 400ELITE V2,131,511,1772725.0
2023-11-22,1332,Giá vốn (80%): Màn hình VIEWSONICVA1903A/19'' LCD MONITOR,632,1561,2109091.2
2023-11-22,1332,Ổ CỨNG VI TÍNH ( SSD)Lexar SSDNS100 256GBSata III 6Gbs ( LNS100-256RB)(LNS100-256RB),131,511,2045455.0
2023-11-22,1332,Giá vốn (80%): Chuột vi tính có dây Rapoo N100,632,1561,400000.0
2023-11-22,1332,Chuột vi tính có dây Rapoo N100,131,511,500000.0
2023-11-22,1332,Giá vốn (80%): Bàn phím Keyboard NK2500,632,1561,945456.0
2023-11-22,1332,Giá vốn (80%): Ổ CỨNG VI TÍNH ( SSD)Lexar SSDNS100 256GBSata III 6Gbs ( LNS100-256RB)(LNS100-256RB),632,1561,1636364.0
2023-11-23,1341,Giá vốn (80%): L8050 MÁY IN EPSON,632,1561,7200000.0
2023-11-23,468165,MÁY TÍNH XÁCH TAY (NB) DELL VOS15 3530 i3-1305U/8GD4/256SSD/15.6FHD/120Hz/41WHr/W11SL+OFFICE HOME_ST/Pro/XÁM(80GG92),6422,1111,20909090.0
2023-11-23,7998,THU PHI CK CTY LE TRAN GIA,6422,1111,23000.0
2023-11-23,7998,Thuế GTGT: THU PHI CK CTY LE TRAN GIA,1331,1111,2300.0
2023-11-23,7996,THU PHI CK CTY DAI PHAT,6422,1111,23000.0
2023-11-23,468182,MÁY TÍNH XÁCH TAY (NB) DELL VOS15 3530 i5-1335U/8GD4/512SSD/15.6FHD/120Hz/3C41WHr/W11SL+OFFICE HOME_ST/ProSup/XÁM(80GG9),6422,1111,28181820.0
2023-11-23,468182,MÁY TÍNH XÁCH TAY (NB) DELL VOS15 3530 i7-1355U/8GD4/512SSD/15.6FHD/120Hz/54W/W11SL+OFFICE HOME_ST/2GD6_MX550/Pro/XÁM(80GG911),6422,1111,37818182.0
2023-11-23,1517,"Máy Photocopy đa chức năng đen trắng hiệu FUJIFILM Apeos 2150 NDA (copy, in, scan) tốc độ 21 trang A4/Phút khổ lớn nhất A3 với khay giấy 1 ngăn - TL200716",6422,1111,15909091.0
2023-11-23,1338,Điện thoại có dây PanasonicKXTSC11,131,511,590909.0
2023-11-23,1338,Giá vốn (80%): Điện thoại có dây PanasonicKXTSC11,632,1561,472727.2
2023-11-23,7996,Thuế GTGT: THU PHI CK CTY DAI PHAT,1331,1111,2300.0
2023-11-23,1341,L8050 MÁY IN EPSON,131,511,9000000.0
2023-11-23,7997,THU PHI CK CTY VINH XUAN,6422,1111,23000.0
2023-11-23,1341,CPU DELL INSPIRON 3020MTI51012W1,131,511,16540909.0
2023-11-23,367,Ổ cứng SSD Samsung 870 EVOSATA III 2.5'' SSD 250G,6422,1111,786364.0
2023-11-23,367,Cáp dữ liệu VIDEO HDMI 1.4 truyềnâm thanh hình ảnh dài 3M Ugreen(10108),6422,1111,454545.0
2023-11-23,367,Cáp dữ liệu USB 2.0 cho máy in dài2m ugreen (10327),6422,1111,158182.0
2023-11-23,7997,Thuế GTGT: THU PHI CK CTY VINH XUAN,1331,1111,2300.0
2023-11-23,1340,Giá vốn (80%): Hộp mực in Ecoplus 12A/303/FX9,632,1561,109091.2
2023-11-23,1340,Hộp mực in Ecoplus 12A/303/FX9,131,511,136364.0
2023-11-23,1339,Giá vốn (80%): Máy in Brother DCP - B7535DW,632,1561,4029091.2
2023-11-23,1339,Máy in Brother DCP - B7535DW,131,511,5036364.0
2023-11-23,1337,"Giá vốn (80%): Máy Photocopy đa chức năng đen trắng hiệu FUJIFILM Apeos2150 NDA (copy, in, scan) tốc độ 21 trang A4/Phút khổ lớn nhấtA3 với khay giấy 1 ngăn - TL200716",632,1561,14254545.6
2023-11-23,1337,"Máy Photocopy đa chức năng đen trắng hiệu FUJIFILM Apeos2150 NDA (copy, in, scan) tốc độ 21 trang A4/Phút khổ lớn nhấtA3 với khay giấy 1 ngăn - TL200716",131,511,17818182.0
2023-11-23,1341,Giá vốn (80%): CPU DELL INSPIRON 3020MTI51012W1,632,1561,13232727.2
2023-11-24,5920,Chiết khấu giảm giá,6422,1111,3636364.0
2023-11-24,5920,"Máy tính xách tay MSI Bravo 15 B7ED-010VN/Ryzen 5 7535HS/512GB SSD/DDR5 16GB(8GB*2)/Radeon RX 6550M,GDDR6 4GB/15.6"" FHD 144Hz/Win11/Màu đen",6422,1111,29890909.0
2023-11-24,5920,"Máy tính xách tay MSI Cyborg 15 A12UC-621VN/i5-12450H/512GB SSD/DDR5 8GB/RTX 3050,GDDR6 4GB/15.6"" FHD 144Hz/Win11/Màu đen/Ba lô",6422,1111,32345455.0
2023-11-24,1342,"Hộp mực (Catridge) đã có mực in dùng cho máy in laser loại 83A, nhãn hiệu Xppro",131,511,800000.0
2023-11-24,1342,"Giá vốn (80%): Hộp mực (Catridge) đã có mực in dùng cho máy in laser loại 83A, nhãn hiệu Xppro",632,1561,640000.0
2023-11-24,10039,"Bộ định tuyến Vigor2926 Plus, hiệu Draytek",6422,1111,2718182.0
2023-11-24,5920,"Máy tính xách tay MSI Cyborg 15 A12VE-240VN/i7-12650H/512GB SSD/DDR5 8GB/RTX 4050 GDDR6 6GB/15.6"" FHD 144Hz/Win11/màu đen, ba lô",6422,1111,22309091.0
2023-11-25,1343,Mực nạp đổ XP Brother 2240,131,511,727273.0
2023-11-25,1344,Bộ nhớ Máy tính Kingmax8GB DDR4-3200,131,511,636363.0
2023-11-25,1344,Giá vốn (80%): Bộ nhớ Máy tính Kingmax8GB DDR4-3200,632,1561,509090.4
2023-11-25,1344,MÁY TÍNH ĐỂ BÀN (PC) HP Pro One 240 G9 AIO i3-1215U/8GD4/512GSSD/23.8FHD/IPS/WL/BT/KB/M/W11SL/ĐEN (6M3T0PA),131,511,14636364.0
2023-11-25,1343,Giá vốn (80%): Gạt mực (Linh kiện của hộp mực (Cartridge) dùngcho máy in Laser) loại WB 12A,632,1561,109091.2
2023-11-25,1343,Gạt mực (Linh kiện của hộp mực (Cartridge) dùngcho máy in Laser) loại WB 12A,131,511,136364.0
2023-11-25,1343,Giá vốn (80%): Mực nạp đổ XP Brother 2240,632,1561,581818.4
2023-11-25,1343,Giá vốn (80%): Mực nạp đổ XP NPG 6,632,1561,436363.2
2023-11-25,1344,Giá vốn (80%): MÁY TÍNH ĐỂ BÀN (PC) HP Pro One 240 G9 AIO i3-1215U/8GD4/512GSSD/23.8FHD/IPS/WL/BT/KB/M/W11SL/ĐEN (6M3T0PA),632,1561,11709091.2
2023-11-25,1343,Giá vốn (80%): Mực nạp đổ XP12 - 140,632,1561,2181817.6
2023-11-25,1343,Mực nạp đổ XP12 - 140,131,511,2727272.0
2023-11-25,1343,"Giá vốn (80%): Hộp mực (Catridge) đã có mực in dùng cho máy inlaser loại 49A, nhãn hiệu Xppro",632,1561,407272.8
2023-11-25,1343,"Hộp mực (Catridge) đã có mực in dùng cho máy inlaser loại 49A, nhãn hiệu Xppro",131,511,509091.0
2023-11-25,1343,"Giá vốn (80%): Hộp mực (Catridge) đã có mực in dùng cho máy inlaser loại 35A,nhãn hiệu Xppro",632,1561,407272.0
2023-11-25,1343,"Hộp mực (Catridge) đã có mực in dùng cho máy inlaser loại 35A,nhãn hiệu Xppro",131,511,509090.0
2023-11-25,1343,Giá vốn (80%): Hộp mực in Izinet 12A/303/FX9,632,1561,1745456.0
2023-11-25,1343,Hộp mực in Izinet 12A/303/FX9,131,511,2181820.0
2023-11-25,1343,Mực nạp đổ XP NPG 6,131,511,545454.0
2023-11-26,10077,"Cáp mạng Cat 6 FTP 305m/thùng, Hiệu Aptek",6422,1111,5836362.0
2023-11-26,369,ổ cứng SSD Samsung 980 1TB M.2 NVMe(MZ-V8V1T0BW),6422,1111,1909091.0
2023-11-26,369,Cáp dữ liệu VIDEO HDMI 1.4 truyềnâm thanh hình ảnh dài 15M Ugreen(10111),6422,1111,890910.0
2023-11-26,369,Bộ chuyển đổi PCI express sang cổngM.2 NVME và M.2 SATA Ugreen(70504),6422,1111,195455.0
2023-11-26,1349,Máy chiếu đa năng ViewSonic LS500WHE,131,511,15172727.0
2023-11-26,1349,Giá vốn (80%): Máy chiếu đa năng ViewSonic LS500WHE,632,1561,12138181.6
2023-11-26,1301,Máy chiếu đa năng ViewSonic LS500WHE,6422,1111,26600000.0
2023-11-26,1348,"Giá vốn (80%): Thiết bị chuyển mạch TP -Link, TL- SG108",632,1561,349091.2
2023-11-26,21741,"ổ cứng lắp trong Western Digital Ultrastar 10TB 3.5"" Sata 256MB 7200RPM (WUS721010ALE6L4-0B42266)",6422,1121,11090909.0
2023-11-26,10077,"Cáp mạng Cat 5e UTP 305m/thùng, Hiệu Aptek",6422,1111,4418184.0
2023-11-26,1346,Máy in Brother HL - L2321D,131,511,2636364.0
2023-11-26,1346,Giá vốn (80%): Máy in Brother HL - L2321D,632,1561,2109091.2
2023-11-26,1348,"Thiết bị chuyển mạch TP -Link, TL- SG108",131,511,436364.0
2023-11-26,1345,Giá vốn (80%): Mực Laser TN - 2385 Brother,632,1561,9090908.8
2023-11-26,9632,C11CJ67503: Máy in Epson L3250 STD,6422,1111,3536364.0
2023-11-26,1350,Giá vốn (80%): Máy In Canon Laser LBP-2900,632,1561,2872727.2
2023-11-26,1347,Hộp mực in Izinet 12A/303/FX9,131,511,500000.0
2023-11-26,1345,Mực Laser TN - 2385 Brother,131,511,11363636.0
2023-11-26,1347,Mạch chính vi tính Gigabyte H510MH V2,131,511,1409091.0
2023-11-26,1347,Giá vốn (80%): Mạch chính vi tính Gigabyte H510MH V2,632,1561,1127272.8
2023-11-26,1347,Nguồn Jetek Model 400 ELITE V2,131,511,363636.0
2023-11-26,1347,Giá vốn (80%): Nguồn Jetek Model 400 ELITE V2,632,1561,290908.8
2023-11-26,1347,Bàn phím Dell Multimedia KB216,131,511,145455.0
2023-11-26,1347,Giá vốn (80%): Hộp mực in Izinet 12A/303/FX9,632,1561,400000.0
2023-11-26,1347,Chuột máy tính Dell WM118,131,511,145454.0
2023-11-26,1347,Giá vốn (80%): Chuột máy tính Dell WM118,632,1561,116363.2
2023-11-26,1351,Ổ CỨNG GẮN TRONG SAMSUNG SSD 860EVO 250GB-MZ-76E250BW,131,511,1354545.0
2023-11-26,1351,Giá vốn (80%): Ổ CỨNG GẮN TRONG SAMSUNG SSD 860EVO 250GB-MZ-76E250BW,632,1561,1083636.0
2023-11-26,1350,Máy In Canon Laser LBP-2900,131,511,3590909.0
2023-11-26,1347,Giá vốn (80%): Bàn phím Dell Multimedia KB216,632,1561,116364.0
2023-11-27,1354,ổ cứng SSD Samsung 980 1TB M.2 NVMe (MZ­V8V1T0BW),131,511,2354546.0
2023-11-27,1354,Giá vốn (80%): ổ cứng SSD Samsung 980 1TB M.2 NVMe (MZ­V8V1T0BW),632,1561,1883636.8
2023-11-27,1354,Bộ nhớ ram Dell EMC 16GB DDR4 - 3200 UDIMM,131,511,3263636.0
2023-11-27,1354,Giá vốn (80%): Bộ nhớ ram Dell EMC 16GB DDR4 - 3200 UDIMM,632,1561,2610908.8
2023-11-27,1354,"Ổ cứng gắn trong 480GBSSD Exceria Bics Flash 2.5"" Sata3  Kioxia",131,511,1090909.0
2023-11-27,1355,Giá vốn (80%): Ổ CỨNG VI TÍNH ( SSD) Lexar SSDNS100 256GBSata III 6Gbs ( LNS100-256RB)(LNS100-256RB),632,1561,12181818.4
2023-11-27,1355,Ổ CỨNG VI TÍNH ( SSD) Lexar SSDNS100 256GBSata III 6Gbs ( LNS100-256RB)(LNS100-256RB),131,511,15227273.0
2023-11-27,177304,Thuế GTGT: THU PHI CT ACB,6422,1121,1900.0
2023-11-27,177304,THU PHI CT ACB,6422,1121,19000.0
2023-11-27,1354,Giá vốn (80%): Bộ chuyển đổi PCI express sang cổng M.2 NVME và M.2SATA Ugreen(70504),632,1561,232727.2
2023-11-27,1354,"Giá vốn (80%): Ổ cứng gắn trong 480GBSSD Exceria Bics Flash 2.5"" Sata3  Kioxia",632,1561,872727.2
2023-11-27,1354,Bộ chuyển đổi PCI express sang cổng M.2 NVME và M.2SATA Ugreen(70504),131,511,290909.0
2023-11-27,21869,"ổ cứng lắp trong Western Digital 2TB 3.5"" Sata 3,màu xanh(Blue)(WD20EZBX)",6422,1111,6272727.0
2023-11-27,1354,Ổ cứng gắn ngoài 1TB Store Jet 2.5'' H3B Transcend,131,511,1536364.0
2023-11-27,1354,Giá vốn (80%): Ổ cứng gắn ngoài 1TB Store Jet 2.5'' H3B Transcend,632,1561,1229091.2
2023-11-27,21869,"ổ cứng lắp trong Western Digital 1TB 3.5"" Sata, màu xanh (Blue) (WD10EZEX)",6422,1111,4636364.0
2023-11-27,1353,"Máy tính bàn Lenovo ThinkCentre Neo 50t Gen 4 - IntelCore i5-13400 (4.60 GHz) - 8GB RAM - 512GB SSD - Wifi & BL -UHD Graphics 730 - NOS - 1YR Premier NBD, P/n 12JB001HVA",131,511,210909091.0
2023-11-27,1353,"Giá vốn (80%): Máy tính bàn Lenovo ThinkCentre Neo 50t Gen 4 - IntelCore i5-13400 (4.60 GHz) - 8GB RAM - 512GB SSD - Wifi & BL -UHD Graphics 730 - NOS - 1YR Premier NBD, P/n 12JB001HVA",632,1561,168727272.8
2023-11-27,1353,"Màn hình máy tính Lenovo H20215FE0 - "" E22-28 (H20215FE0)21.5 inch Monitor-HDMI, Linecord, 3YR , P/N:62B9MAR4WW",131,511,36363636.0
2023-11-27,373,Máy đếm tiền XD BC - 35,6422,1111,3800000.0
2023-11-27,1352,"Bản quyền phần mềm Kaspersky Ksos 5 for DT+MD+FSSEA 10 - MD; 10-Dt ,1-FS; 10Us",131,511,4190000.0
2023-11-27,1352,"Giá vốn (80%): Bản quyền phần mềm Kaspersky Ksos 5 for DT+MD+FSSEA 10 - MD; 10-Dt ,1-FS; 10Us",632,1561,3352000.0
2023-11-27,8071,THU PHI CK CTY TONG HOP DAU KHI,6422,1111,15000.0
2023-11-27,8071,Thuế GTGT: THU PHI CK CTY TONG HOP DAU KHI,1331,1111,1500.0
2023-11-27,1353,"Giá vốn (80%): Màn hình máy tính Lenovo H20215FE0 - "" E22-28 (H20215FE0)21.5 inch Monitor-HDMI, Linecord, 3YR , P/N:62B9MAR4WW",632,1561,29090908.8
2023-11-28,2572,Loa SoundMax A2129/2.1,6422,1111,1330000.0
2023-11-28,1356,Giá vốn (80%): Bộ vi xử  lý Intel Core i3- 9100 (BX80684I39100SRCZV),632,1561,2152727.2
2023-11-28,1356,"Cạc mạng PCI Adapter TP-Link, TL-WN781ND",131,511,181818.0
2023-11-28,1356,"Giá vốn (80%): Cạc mạng PCI Adapter TP-Link, TL-WN781ND",632,1561,145454.4
2023-11-28,2572,Loa SoundMax A150/2.0,6422,1111,960000.0
2023-11-28,2572,Loa SoundMax A160/2.0,6422,1111,800000.0
2023-11-28,2572,Loa SoundMax A828/2.1,6422,1111,470000.0
2023-11-28,2572,Tai nghe SoundMax BT300,6422,1111,840000.0
2023-11-28,2572,Tai nghe SoundMax AH712,6422,1111,440000.0
2023-11-28,2572,Loa SoundMax A4000/4.1,6422,1111,750000.0
2023-11-28,2572,Tai nghe SoundMax AH304,6422,1111,1150000.0
2023-11-28,2572,Tai nghe SoundMax AH314,6422,1111,540000.0
2023-11-28,2572,Tai nghe SoundMax AH315,6422,1111,1000000.0
2023-11-28,2572,Tai nghe SoundMax AH713,6422,1111,420000.0
2023-11-28,2572,Tai nghe SoundMax BT200,6422,1111,720000.0
2023-11-28,1356,Bộ vi xử  lý Intel Core i3- 9100 (BX80684I39100SRCZV),131,511,2690909.0
2023-11-28,2572,Loa SoundMax A2140/2.1,6422,1111,1220000.0
2023-11-28,1356,"Giá vốn (80%): Ổ cứng gắn trong Western Digital 1TB-3.5"" (WD10EZEX)",632,1561,640000.0
2023-11-28,2572,Loa SoundMax A2130/2.1,6422,1111,1140000.0
2023-11-28,1356,Giá vốn (80%): Mực Laser TN-2385 Brother,632,1561,698182.4
2023-11-28,1359,MÁY IN LASER ĐƠN NĂNGTRẮNG ĐEN - CANONPRINTER  I-SENSYSLBP236DW,131,511,5263636.0
2023-11-28,1359,Giá vốn (80%): MÁY IN LASER ĐƠN NĂNGTRẮNG ĐEN - CANONPRINTER  I-SENSYSLBP236DW,632,1561,4210908.8
2023-11-28,1359,Chuột máy tính Dell WM118,131,511,209091.0
2023-11-28,1359,Giá vốn (80%): Chuột máy tính Dell WM118,632,1561,167272.8
2023-11-28,1359,Ổ cứng di động 32GB U301 USB 3.2 Gen 1 Kioxia,131,511,90909.0
2023-11-28,1359,Giá vốn (80%): Ổ cứng di động 32GB U301 USB 3.2 Gen 1 Kioxia,632,1561,72727.2
2023-11-28,177966,"PHI T11/2023-040019911911-ALERT(387),IB,OTP,QLTK",6422,1111,125000.0
2023-11-28,177966,"Thuế GTGT: PHI T11/2023-040019911911-ALERT(387),IB,OTP,QLTK",1331,1111,12500.0
2023-11-28,1356,"Ổ cứng gắn trong Western Digital 1TB-3.5"" (WD10EZEX)",131,511,800000.0
2023-11-28,5056,Máy in trắng đen đa năng Brother DCP-B7620DW,6422,1111,4807673.0
2023-11-28,1356,Mực Laser TN-2385 Brother,131,511,872728.0
2023-11-28,1357,Giá vốn (80%): Chuột vi tính Rapoo M20,632,1561,87272.8
2023-11-28,1357,Chuột vi tính Rapoo M20,131,511,109091.0
2023-11-28,5056,Máy in trắng đen đơn năng Brother HL-B2100D,6422,1111,12267856.0
2023-11-28,1357,Bàn phím Keyboard NK2500,131,511,109091.0
2023-11-28,1358,Giá vốn (80%): Máy chấm công bằng dấu vân tay K14 Pro,632,1561,1962963.2
2023-11-28,1358,Máy chấm công bằng dấu vân tay K14 Pro,131,511,2453704.0
2023-11-28,1357,Giá vốn (80%): Bàn phím Keyboard NK2500,632,1561,87272.8
2023-11-29,1361,Cạc mạng PCI Gigabit TP-Link- TG - 3468,131,511,209091.0
2023-11-29,8150,TP CK CTY TG SO,6422,1111,23000.0
2023-11-29,1360,Giá vốn (80%): Chuột vi tính có dây Rapoo N100,632,1561,290908.0
2023-11-29,1360,Chuột vi tính có dây Rapoo N100,131,511,363635.0
2023-11-29,1360,Giá vốn (80%): Bàn phím Keyboard NK2500,632,1561,545456.0
2023-11-29,1360,Bàn phím Keyboard NK2500,131,511,681820.0
2023-11-29,3270,Máy chấm công bằng dấu vân tay K14 Pro,6422,1111,3900000.0
2023-11-29,1361,Giá vốn (80%): Cạc mạng PCI Gigabit TP-Link- TG - 3468,632,1561,167272.8
2023-11-29,12504,Điện Thoại Di Động (IPHONE) APPLE 15 PRO MAX 512GB A3106-VIE/TỰ NHIÊN (NATURAL)(MU7E3VN/A),6422,1111,34900000.0
2023-11-29,8150,Thuế GTGT: TP CK CTY TG SO,1331,1111,2300.0
2023-11-29,8149,TP CK CTY PHUONG KHANG COMPUTER,6422,1111,23000.0
2023-11-29,64931,Thuế GTGT: Không có tên,1331,1111,12000.0
2023-11-29,64931,Không có tên,6422,1111,120000.0
2023-11-29,179256,Thuế GTGT: THU PHI CT Vietcombank,6422,1121,1900.0
2023-11-29,179256,THU PHI CT Vietcombank,6422,1121,19000.0
2023-11-29,179487,THU LAI VAY LD2326100547,6422,1111,1162308.0
2023-11-29,179488,THU LAI VAY LD2326200685,6422,1111,776442.0
2023-11-29,8148,Thuế GTGT: TP CK CTY DAU TU LBM,1331,1111,3247.0
2023-11-29,8148,TP CK CTY DAU TU LBM,6422,1111,32472.0
2023-11-29,8149,Thuế GTGT: TP CK CTY PHUONG KHANG COMPUTER,1331,1111,2300.0
2023-11-30,700584,Cước dịch vụ Viễn thông-Công nghệ thông tin tháng 11 năm 2023,6422,1111,249636.0
2023-11-30,179884,THU LAI VAY QUA HAN PDLD2332000457,6422,1111,384050.0
2023-11-30,672380,Thuế GTGT: Cước dịch vụ Viễn thông-Công nghệ thông tin tháng 11 năm 2023,1331,1111,23364.0
2023-11-30,672380,Cước dịch vụ Viễn thông-Công nghệ thông tin tháng 11 năm 2023,6422,1111,233636.0
2023-11-30,672554,Thuế GTGT: Cước dịch vụ Viễn thông-Công nghệ thông tin tháng 11 năm 2023,1331,1111,2320.0
2023-11-30,672603,Thuế GTGT: Cước dịch vụ Viễn thông-Công nghệ thông tin tháng 11 năm 2023,1331,1111,2000.0
2023-11-30,672555,Thuế GTGT: Cước dịch vụ Viễn thông-Công nghệ thông tin tháng 11 năm 2023,1331,1111,2455.0
2023-11-30,672555,Cước dịch vụ Viễn thông-Công nghệ thông tin tháng 11 năm 2023,6422,1111,24545.0
2023-11-30,700584,Thuế GTGT: Cước dịch vụ Viễn thông-Công nghệ thông tin tháng 11 năm 2023,1331,1111,24964.0
2023-11-30,672603,Cước dịch vụ Viễn thông-Công nghệ thông tin tháng 11 năm 2023,6422,1111,20000.0
2023-11-30,672644,Thuế GTGT: Cước dịch vụ Viễn thông-Công nghệ thông tin tháng 11 năm 2023,1331,1111,27400.0
2023-11-30,672554,Cước dịch vụ Viễn thông-Công nghệ thông tin tháng 11 năm 2023,6422,1111,23200.0
2023-11-30,179877,THU LAI VAY QUA HAN PDLD2330700434,6422,1111,593333.0
2023-11-30,1368,Giá vốn (80%): Bộ máy vi tính,632,1561,6320000.0
2023-11-30,179879,THU LAI VAY QUA HAN PDLD2331200460,6422,1111,418046.0
2023-11-30,179880,THU LAI VAY QUA HAN PDLD2331300532,6422,1111,419583.0
2023-11-30,1367,Giá vốn (80%): Mực T3008,632,1561,836364.0
2023-11-30,1368,"MÀN HÌNH VI TÍNH (LCD)MSI PRO MP251 24.5""INCH/FHD/IPS/300cd/m2/100Hz/HDMI/VGA/AUDIO/SPEAKER/ĐEN(BLACK) (3PC2)(PROMP251)",131,511,2354545.0
2023-11-30,1368,"Giá vốn (80%): MÀN HÌNH VI TÍNH (LCD)MSI PRO MP251 24.5""INCH/FHD/IPS/300cd/m2/100Hz/HDMI/VGA/AUDIO/SPEAKER/ĐEN(BLACK) (3PC2)(PROMP251)",632,1561,1883636.0
2023-11-30,1368,"Thiết bị thu phát vô tuyến TP-Link, TL- WA850RE",131,511,227273.0
2023-11-30,1368,"Giá vốn (80%): Thiết bị thu phát vô tuyến TP-Link, TL- WA850RE",632,1561,181818.4
2023-11-30,1368,Tai nghe SoundMax AH314,131,511,200000.0
2023-11-30,1368,Giá vốn (80%): Tai nghe SoundMax AH314,632,1561,160000.0
2023-11-30,179860,THU PHI CT Vietcombank,6422,1121,23000.0
2023-11-30,179860,Thuế GTGT: THU PHI CT Vietcombank,6422,1121,2300.0
2023-11-30,1367,Mực T3008,131,511,1045455.0
2023-11-30,672644,Cước dịch vụ Viễn thông-Công nghệ thông tin tháng 11 năm 2023,6422,1111,274000.0
2023-11-30,179878,THU LAI VAY QUA HAN PDLD2331100368,6422,1111,537949.0
2023-11-30,178593,"Máy tính xách tay Dell Inspiron 15 3530, i7-1355U, 8GB, 512GB SSD, Intel Iris Xe Graphics, 15.6"" FHD, 4C 54Wh, ax+BT, OfficeHS21, McAfee MDS, Win 11, Đen (Carbon Black), 1Y WTY",6422,1111,16363636.0
2023-11-30,1368,Bộ máy vi tính,131,511,7900000.0
2023-11-30,179887,THU LAI VAY QUA HAN PDLD2332800445,6422,1111,114430.0
2023-11-30,179865,THU LAI VAY QUA HAN PDLD2326400516,6422,1111,499347.0
2023-11-30,179874,THU LAI VAY QUA HAN PDLD2329900438,6422,1111,654152.0
2023-11-30,179875,THU LAI VAY QUA HAN PDLD2330300460,6422,1111,661655.0
2023-11-30,179883,THU LAI VAY QUA HAN PDLD2331900242,6422,1111,328173.0
2023-11-30,179882,THU LAI VAY QUA HAN PDLD2331800487,6422,1111,404771.0
2023-11-30,179881,THU LAI VAY QUA HAN PDLD2331400487,6422,1111,211017.0
2023-11-30,179885,THU LAI VAY QUA HAN PDLD2332100479,6422,1111,384050.0
2023-11-30,179866,THU LAI VAY QUA HAN PDLD2326800590,6422,1111,1308303.0
2023-11-30,1369,Bộ nhớ máy tính xách tayKingmax  8GB DDR5 - 4800 (KMSD5-4800-08GS),131,511,1818182.0
2023-11-30,1369,Giá vốn (80%): Bộ nhớ máy tính xách tayKingmax  8GB DDR5 - 4800 (KMSD5-4800-08GS),632,1561,1454545.6
2023-11-30,1362,"Ổ CỨNG GẮN TRONG WESTERN DIGITAL  2TB-3.5"" (WD20EZAZ)",131,511,2909091.0
2023-11-30,1362,"Giá vốn (80%): Ổ CỨNG GẮN TRONG WESTERN DIGITAL  2TB-3.5"" (WD20EZAZ)",632,1561,2327272.8
2023-11-30,179867,THU LAI VAY QUA HAN PDLD2327000523,6422,1111,654152.0
2023-11-30,179868,THU LAI VAY QUA HAN PDLD2327200487,6422,1111,654152.0
2023-11-30,179876,THU LAI VAY QUA HAN PDLD2330500416,6422,1111,305974.0
2023-11-30,179870,THU LAI VAY QUA HAN PDLD2327900347,6422,1111,699943.0
2023-11-30,1363,Giá vốn (80%): Máy chấm công bằng dấu vân tay K14 Pro,632,1561,1985185.6
2023-11-30,1363,Máy chấm công bằng dấu vân tay K14 Pro,131,511,2481482.0
2023-11-30,1364,Giá vốn (80%): Bộ máy vi tính,632,1561,5847272.8
2023-11-30,1364,Bộ máy vi tính,131,511,7309091.0
2023-11-30,1365,Giá vốn (80%): Loa SoundMax A2128/2.1,632,1561,1054545.6
2023-11-30,1365,Loa SoundMax A2128/2.1,131,511,1318182.0
2023-11-30,179886,THU LAI VAY QUA HAN PDLD2332500639,6422,1111,379830.0
2023-11-30,1366,Ổ cứng gắn ngoài 500GB SSD ESD270C USB 3.1 GEN 2 TYPE C TRANSCEND,131,511,1081818.0
2023-11-30,179873,THU LAI VAY QUA HAN PDLD2329600441,6422,1111,654152.0
2023-11-30,179872,THU LAI VAY QUA HAN PDLD2329300421,6422,1111,767189.0
2023-11-30,179871,THU LAI VAY QUA HAN PDLD2328900516,6422,1111,979265.0
2023-11-30,179869,THU LAI VAY QUA HAN PDLD2327800665,6422,1111,1520903.0
2023-11-30,1366,Giá vốn (80%): Ổ cứng gắn ngoài 500GB SSD ESD270C USB 3.1 GEN 2 TYPE C TRANSCEND,632,1561,865454.4
2023-12-01,1370,Giá vốn (80%): Chuột vi tính hiệu Rapoo Model: M650Silent ENG_F-Whilte,632,1561,480000.0
2023-12-01,1370,Chuột vi tính hiệu Rapoo Model: M650Silent ENG_F-Whilte,131,511,600000.0
2023-12-01,1370,Giá vốn (80%): Máy in Brother DCP - B7535DW,632,1561,4029091.2
2023-12-01,1370,Máy in Brother DCP - B7535DW,131,511,5036364.0
2023-12-01,728296,Thuế GTGT: Cước dịch vụ Viễn thông-Công nghệ thông tin tháng 11 năm 2023,1331,1111,86438.0
2023-12-01,728296,Cước dịch vụ Viễn thông-Công nghệ thông tin tháng 11 năm 2023,6422,1111,864378.0
2023-12-01,728202,Thuế GTGT: Cước dịch vụ Viễn thông-Công nghệ thông tin tháng 11 năm 2023,1331,1111,50392.0
2023-12-01,24736342,Không có tên,6422,1111,350000.0
2023-12-01,728202,Cước dịch vụ Viễn thông-Công nghệ thông tin tháng 11 năm 2023,6422,1111,503916.0
2023-12-01,728203,Thuế GTGT: Cước dịch vụ Viễn thông-Công nghệ thông tin tháng 11 năm 2023,1331,1111,24952.0
2023-12-01,728203,Cước dịch vụ Viễn thông-Công nghệ thông tin tháng 11 năm 2023,6422,1111,249523.0
2023-12-01,24736342,Thuế GTGT: Không có tên,1331,1111,35000.0
2023-12-02,1372,Máy In Canon Laser LBP-2900,131,511,3590909.0
2023-12-02,1371,Giá vốn (80%): Bàn phím Keyboard NK2500,632,1561,109091.2
2023-12-02,1372,Giá vốn (80%): Máy In Canon Laser LBP-2900,632,1561,2872727.2
2023-12-02,1371,Giá vốn (80%): Ổ cứng gắn ngoài 1TB StoreJet 2.5'' H3B Transcend,632,1561,1149090.4
2023-12-02,1371,Ổ cứng gắn ngoài 1TB StoreJet 2.5'' H3B Transcend,131,511,1436363.0
2023-12-02,1371,Bàn phím Keyboard NK2500,131,511,136364.0
2023-12-03,9854,C11CJ67503: Máy in Epson L3250 STD,6422,1111,3545455.0
2023-12-03,8215,Thuế GTGT: THU PHI CK CTY CP DV PP TH DAU KHI,1331,1111,1500.0
2023-12-03,8215,THU PHI CK CTY CP DV PP TH DAU KHI,6422,1111,15000.0
2023-12-03,1377,Giá vốn (80%): Máy chấm công bằng dấu vân tay DG600BID,632,1561,2244444.8
2023-12-03,1377,Máy chấm công bằng dấu vân tay DG600BID,131,511,2805556.0
2023-12-03,1376,Giá vốn (80%): Máy Tính Xách Tay  Dell Ins14 5402 i5 -1135G7/4GB/256GBSSD/14.0FHD/VGA2GB/WIN10 (GVCNH2),632,1561,14145454.4
2023-12-03,1376,Máy Tính Xách Tay  Dell Ins14 5402 i5 -1135G7/4GB/256GBSSD/14.0FHD/VGA2GB/WIN10 (GVCNH2),131,511,17681818.0
2023-12-03,1375,Giá vốn (80%): Ổ cắm điện Mpower 4 ổ cắm 5m MP-245S,632,1561,340740.8
2023-12-03,1375,Ổ cắm điện Mpower 4 ổ cắm 5m MP-245S,131,511,425926.0
2023-12-03,1374,Giá vốn (80%): Phần mềm Kaspersky KL1941MUEFS,632,1561,720000.0
2023-12-03,1374,Phần mềm Kaspersky KL1941MUEFS,131,511,900000.0
2023-12-03,22251,"Chuột Logitech không dây Bluetooth M350s, màu than chì (910-006988)",6422,1111,1527273.0
2023-12-03,1373,Máy in Brother HL - L2321D,131,511,2818182.0
2023-12-03,22251,"Thiết bị truyền hình ảnh Webcam Logitech HD Brio 100, màu than chì (960-001587)",6422,1111,1663636.0
2023-12-03,22251,Chuột Gaming không dây Logitech G304 màu đen (910-005284),6422,1111,2618182.0
2023-12-03,22251,Tai nghe Logitech H370 USB (981-000710),6422,1111,2113636.0
2023-12-03,22251,Tai nghe Logitech H150 màu xanh (981-000454),6422,1111,1104545.0
2023-12-03,22251,Tai nghe PC Logitech H111 Stereo (981-000588),6422,1111,636364.0
2023-12-03,22251,Tai nghe PC Logitech H110 (981-000459),6422,1111,659091.0
2023-12-03,180303,Thuế GTGT: THU PHI CT Vietcombank,6422,1121,1900.0
2023-12-03,180303,THU PHI CT Vietcombank,6422,1121,19000.0
2023-12-03,1373,Giá vốn (80%): Máy in Brother HL - L2321D,632,1561,2254545.6
2023-12-04,1380,Mạch chính vi tính Gigabyte H510MH -V2,131,511,4363635.0
2023-12-04,1380,Giá vốn (80%): Nguồn Jetek model MAXWATT 550,632,1561,785454.4
2023-12-04,1380,Nguồn Jetek model MAXWATT 550,131,511,981818.0
2023-12-04,1380,"Giá vốn (80%): Ổ cứng gắn trong Western Digital 1TB - 3.5""(WD10EZEX)",632,1561,2181818.4
2023-12-04,1382,Bảng mạch chính Asus PRIME - H410MF,131,511,1409091.0
2023-12-04,1380,Giá vốn (80%): Mực Laser TN - 2385 Brother,632,1561,1745456.0
2023-12-04,1380,Mực Laser TN - 2385 Brother,131,511,2181820.0
2023-12-04,1382,Giá vốn (80%): Bảng mạch chính Asus PRIME - H410MF,632,1561,1127272.8
2023-12-04,1380,Giá vốn (80%): Mạch chính vi tính Gigabyte H510MH -V2,632,1561,3490908.0
2023-12-04,1383,Giá vốn (80%): Nguồn Jetek Model 400 ELITE V2,632,1561,327272.8
2023-12-04,1380,"Ổ cứng gắn trong Western Digital 1TB - 3.5""(WD10EZEX)",131,511,2727273.0
2023-12-04,1380,Bàn phím + Chuột Logitech MK235,131,511,1172727.0
2023-12-04,477022,MÁY TÍNH XÁCH TAY (NB) HP 14-ep0128TU i5-1335U/8GD4/512GSSD/14.0FHD/Wlax/BT5/3C41WHr/W11SL/BẠC(8U6L5PA),6422,1111,30063636.0
2023-12-04,1381,C11CJ67503 : Máy in EpsonL3250 STD,131,511,4045455.0
2023-12-04,1381,Giá vốn (80%): C11CJ67503 : Máy in EpsonL3250 STD,632,1561,3236364.0
2023-12-04,2131,Máy in hóa đơn XP-T80L,6422,1111,8072727.0
2023-12-04,477022,MÁY TÍNH XÁCH TAY (NB) HP Pavilion 15-eg3092TU i7-1355U/8GD4/512GSSD/15.6FHD/WLax/BT5/3C41WHr/ALUp/W11SL/VÀNG(8C5L3PA),6422,1111,19191818.0
2023-12-04,8257,THU PHI CK CTY AN PHAT,6422,1111,23000.0
2023-12-04,8257,Thuế GTGT: THU PHI CK CTY AN PHAT,1331,1111,2300.0
2023-12-04,8256,THU PHI CK CTY CP DT VA PT CONG NGHE QUOC GIA ADG TAI DA NANG,6422,1111,23000.0
2023-12-04,8256,Thuế GTGT: THU PHI CK CTY CP DT VA PT CONG NGHE QUOC GIA ADG TAI DA NANG,1331,1111,2300.0
2023-12-04,8255,THU PHI CK CTY HUETRONICS,6422,1111,23000.0
2023-12-04,181147,THU LAI VAY LD2326400516,6422,1111,50135.0
2023-12-04,1383,Nguồn Jetek Model 400 ELITE V2,131,511,409091.0
2023-12-04,1380,Giá vốn (80%): Bàn phím + Chuột Logitech MK235,632,1561,938181.6
2023-12-04,8255,Thuế GTGT: THU PHI CK CTY HUETRONICS,1331,1111,2300.0
2023-12-04,1383,Chíp Xử Lý Intel i5 10400 -(BX8070110400SRH78),131,511,3500000.0
2023-12-04,1383,Giá vốn (80%): Máy In Canon Laser LBP 162DW,632,1561,7054545.6
2023-12-04,1383,Giá vốn (80%): Chíp Xử Lý Intel i5 10400 -(BX8070110400SRH78),632,1561,2800000.0
2023-12-04,8628,"Thiết bị định tuyến TP-Link, 2.4GHz/5GHz Archer C50",6422,1111,1772727.0
2023-12-04,8628,"Thiết bị thu phát vô tuyến, TP-LINK, 2.4GHz/5GHz, Archer C24",6422,1111,3090909.0
2023-12-04,8628,"Thiết bị định tuyến TP-Link, 2.4/5GHz, Archer C6",6422,1111,2136364.0
2023-12-04,8628,"Thiết bị chuyển mạch TP-Link, TL-SF1016D",6422,1111,656364.0
2023-12-04,8628,"Thiết bị chuyển mạch TP-Link, TL-SG1008D",6422,1111,965455.0
2023-12-04,8628,"Thiết bị thu phát vô tuyến băng tần 2.4GHz, Tp-Link, TL-WN781ND",6422,1111,406364.0
2023-12-04,1378,Ổ CỨNG VI TÍNH ( SSD) Lexar SSDNS100  256GBSata III 6Gbs ( LNS100-256RB)(LNS100-256RB),131,511,454545.0
2023-12-04,1378,Giá vốn (80%): Ổ CỨNG VI TÍNH ( SSD) Lexar SSDNS100  256GBSata III 6Gbs ( LNS100-256RB)(LNS100-256RB),632,1561,363636.0
2023-12-04,1378,"Hộp mực (Catridge) đã có mực in dùng cho máy inlaser loại 35A, nhãn hiệu Xppro",131,511,345454.0
2023-12-04,1378,"Giá vốn (80%): Hộp mực (Catridge) đã có mực in dùng cho máy inlaser loại 35A, nhãn hiệu Xppro",632,1561,276363.2
2023-12-04,1378,Mực Laser đen Premium,131,511,109092.0
2023-12-04,8628,"Thiết bị thu phát vô tuyến băng tần 2.4GHz, Tp-Link, TL-WN881ND",6422,1111,624545.0
2023-12-04,780395,Cước dịch vụ viễn thông trả sau (Dịch vụ chịu thuế),6422,1111,235909.0
2023-12-04,1378,Giá vốn (80%): Mực Laser đen Premium,632,1561,87273.6
2023-12-04,1385,Giá vốn (80%): Máy chấm công bằng dấu vân tay K14 Pro,632,1561,2007407.2
2023-12-04,1385,Máy chấm công bằng dấu vân tay K14 Pro,131,511,2509259.0
2023-12-04,1386,"Giá vốn (80%): Máy Tính Xách Tay  MSIGF63 Thin 11SC-662VN  i7-11800H/8GB;512GB SSD;GTX1650/4GB;15.6"" FHD 144Hz;Win11",632,1561,13963636.0
2023-12-04,1386,"Máy Tính Xách Tay  MSIGF63 Thin 11SC-662VN  i7-11800H/8GB;512GB SSD;GTX1650/4GB;15.6"" FHD 144Hz;Win11",131,511,17454545.0
2023-12-04,1383,Máy In Canon Laser LBP 162DW,131,511,8818182.0
2023-12-04,1379,"Ổ cứng SSD Western WDS500G 2B0A, 500GB, Sata3 2.5""",131,511,1454545.0
2023-12-04,1384,Giá vốn (80%): Ổ cứng Kingmax SSD Sata III240GB SMV32,632,1561,378181.6
2023-12-04,1384,Ổ cứng Kingmax SSD Sata III240GB SMV32,131,511,472727.0
2023-12-04,780395,Thuế GTGT: Cước dịch vụ viễn thông trả sau (Dịch vụ chịu thuế),1331,1111,23591.0
2023-12-04,1379,"Giá vốn (80%): Ổ cứng SSD Western WDS500G 2B0A, 500GB, Sata3 2.5""",632,1561,1163636.0
2023-12-05,1390,Bộ cò sấy,131,511,545455.0
2023-12-05,1390,Giá vốn (80%): Sửa dàn gương,632,1561,327272.8
2023-12-05,1390,Sửa dàn gương,131,511,409091.0
2023-12-05,1390,Giá vốn (80%): Sửa khay ADF,632,1561,283636.0
2023-12-05,1390,Sửa khay ADF,131,511,354545.0
2023-12-05,1390,Gạt máy photo,131,511,418182.0
2023-12-05,1390,Giá vốn (80%): Drum máy photo,632,1561,545454.4
2023-12-05,1390,Drum máy photo,131,511,681818.0
2023-12-05,11414,Máy in laser Canon MF 3010AE,6422,1111,20000000.0
2023-12-05,1390,Giá vốn (80%): Bộ cò sấy,632,1561,436364.0
2023-12-05,1390,Giá vốn (80%): Gạt máy photo,632,1561,334545.6
2023-12-05,1390,Cụm sấy DC V2060,131,511,3500000.0
2023-12-05,1388,Giá vốn (80%): Mực nạp đổ XP12-140,632,1561,945453.6
2023-12-05,1390,Bộ cò máy Photo,131,511,454546.0
2023-12-05,1390,Giá vốn (80%): Bộ cò máy Photo,632,1561,363636.8
2023-12-05,1390,"Trống máy in tương thích Brother HL2385 (PADDR630-1), mới 100%",131,511,327272.0
2023-12-05,1390,"Giá vốn (80%): Trống máy in tương thích Brother HL2385 (PADDR630-1), mới 100%",632,1561,261817.6
2023-12-05,1389,Máy in trắng đen đa năngBrother DCP-B7620DW,131,511,5227273.0
2023-12-05,1389,Giá vốn (80%): Máy in trắng đen đa năngBrother DCP-B7620DW,632,1561,4181818.4
2023-12-05,1388,Mực Photo ( DP - 5570 ),131,511,909091.0
2023-12-05,1388,Giá vốn (80%): Mực Photo ( DP - 5570 ),632,1561,727272.8
2023-12-05,1388,Hộp mực in Ecoplus 12A/303/FX9,131,511,1636365.0
2023-12-05,1388,Giá vốn (80%): Hộp mực in Ecoplus 12A/303/FX9,632,1561,1309092.0
2023-12-05,1388,Mực nạp đổ XP12-140,131,511,1181817.0
2023-12-05,11414,Máy in Epson LQ-310,6422,1111,8909090.91
2023-12-05,1390,Giá vốn (80%): Cụm sấy DC V2060,632,1561,2800000.0
2023-12-05,390,Máy in phun đa năng Brother MFC-T920DW,6422,1111,6563636.0
2023-12-05,1391,Giá vốn (80%): Chuột máy tính Dell MS116,632,1561,65454.4
2023-12-05,2777,"Bộ chuyển đổi quang điện AP1113-20A, hiệu Aptek",6422,1111,327273.0
2023-12-05,1629,Nguồn Jetek Model 350 ELITE V2,6422,1111,14045455.0
2023-12-05,1393,Máy tính để bàn DellVos 3888MT  i5-10400/4GD4(RJMM6Y1),131,511,10000000.0
2023-12-05,1393,Giá vốn (80%): Máy tính để bàn DellVos 3888MT  i5-10400/4GD4(RJMM6Y1),632,1561,8000000.0
2023-12-05,1393,Màn hình LCD ViewsonicVX2458 -C-MHD,131,511,4045455.0
2023-12-05,1393,Giá vốn (80%): Màn hình LCD ViewsonicVX2458 -C-MHD,632,1561,3236364.0
2023-12-05,1393,Loa SoundMax A2140/2.1,131,511,1272727.0
2023-12-05,1393,Giá vốn (80%): Loa SoundMax A2140/2.1,632,1561,1018181.6
2023-12-05,2777,"Bộ chuyển đổi quang điện AP1115-20B, hiệu Aptek",6422,1111,327273.0
2023-12-05,1393,Giá vốn (80%): Bàn phím + Chuột Logitech MK240,632,1561,938181.6
2023-12-05,1393,"Thiết bị chuyển  mạch TP -Link,TL - SG1016D",131,511,1136364.0
2023-12-05,1393,"Giá vốn (80%): Thiết bị chuyển  mạch TP -Link,TL - SG1016D",632,1561,909091.2
2023-12-05,1392,"Bộ chuyển đổi quang điện AP1113-20A, hiệuAptek",131,511,500000.0
2023-12-05,1392,"Giá vốn (80%): Bộ chuyển đổi quang điện AP1113-20A, hiệuAptek",632,1561,400000.0
2023-12-05,1393,Bàn phím + Chuột Logitech MK240,131,511,1172727.0
2023-12-05,1392,"Giá vốn (80%): Bộ chuyển đổi quang điện AP1115-20B, hiệuAptek",632,1561,400000.0
2023-12-05,1392,"Bộ chuyển đổi quang điện AP1115-20B, hiệuAptek",131,511,500000.0
2023-12-05,1391,"Giá vốn (80%): Màn hình LCD VIEWSONICVA1903A/19""",632,1561,1018181.6
2023-12-05,1391,"Màn hình LCD VIEWSONICVA1903A/19""",131,511,1272727.0
2023-12-05,1391,Giá vốn (80%): Loa SoundMax A150/2.0,632,1561,196364.0
2023-12-05,1391,Loa SoundMax A150/2.0,131,511,245455.0
2023-12-05,1882,MÁY IN LASER ĐƠN NĂNG TRẮNG ĐEN - CANON PRINTER I-SENSYS LBP236DW,6422,1111,14045455.0
2023-12-05,1391,Chuột máy tính Dell MS116,131,511,81818.0
2023-12-05,1391,Giá vốn (80%): Bàn phím Dell Multimedia KB216,632,1561,109091.2
2023-12-05,1391,Bàn phím Dell Multimedia KB216,131,511,136364.0
2023-12-05,1391,Giá vốn (80%): Máy tính bàn Lenovo ThinkCentre M70s  Gen 3 i3 -12100( 4.3GHZ) - 8GB RAM - 256GB SSD - Wireless &Bluetooth -None-1Yr; P/n 11TC000QVA,632,1561,6618181.6
2023-12-05,1391,Máy tính bàn Lenovo ThinkCentre M70s  Gen 3 i3 -12100( 4.3GHZ) - 8GB RAM - 256GB SSD - Wireless &Bluetooth -None-1Yr; P/n 11TC000QVA,131,511,8272727.0
2023-12-06,1398,Cổng nối  mạng TL - SG1005D TP-Link,131,511,500000.0
2023-12-06,1398,Giá vốn (80%): Cổng nối  mạng TL - SG1005D TP-Link,632,1561,400000.0
2023-12-06,1398,Chuột máy tính Logitech B100,131,511,90909.0
2023-12-06,1398,Giá vốn (80%): Chuột máy tính Logitech B100,632,1561,72727.2
2023-12-06,1398,Hộp mực in Izinet 12A/303/FX9,131,511,290909.0
2023-12-06,1398,Mực Laser đen Premium,131,511,181818.0
2023-12-06,1395,"Giá vốn (80%): Máy tính xách tay DellInspiron15 3530, i7-1355U, 8GB, 512GBSSD, Intel Iris Xe Graphics,15.6"" FHD, 4C 54Wh, ax+BT,OfficeHS21, McAfee MDS, Win11, Đen (Carbon Black), 1Y WTY/ 71011775",632,1561,28203636.8
2023-12-06,1398,Giá vốn (80%): Mực Laser đen Premium,632,1561,145454.4
2023-12-06,1397,"Thiết bị định tuyến băng tần 2,4/5Ghz, TP-LINK, Deco E4 (2-pack)",131,511,1318182.0
2023-12-06,1397,"Giá vốn (80%): Thiết bị định tuyến băng tần 2,4/5Ghz, TP-LINK, Deco E4 (2-pack)",632,1561,1054545.6
2023-12-06,1398,Giá vốn (80%): Hộp mực in Izinet 12A/303/FX9,632,1561,232727.2
2023-12-06,1395,"Máy tính xách tay DellInspiron15 3530, i7-1355U, 8GB, 512GBSSD, Intel Iris Xe Graphics,15.6"" FHD, 4C 54Wh, ax+BT,OfficeHS21, McAfee MDS, Win11, Đen (Carbon Black), 1Y WTY/ 71011775",131,511,35254546.0
2023-12-06,3649,Xy lanh tổng côn,6422,1111,980000.0
2023-12-06,1396,Mực Laser TN-2385 Brother,131,511,500000.0
2023-12-06,1394,Giá vốn (80%): Máy in phun đa năng BrotherMFC - T920DW,632,1561,5592727.2
2023-12-06,1394,Máy in phun đa năng BrotherMFC - T920DW,131,511,6990909.0
2023-12-06,3649,Công sửa chữa,6422,1111,1400000.0
2023-12-06,3649,Vệ sinh phanh,6422,1111,60000.0
2023-12-06,3649,Lọc nhiên liệu tinh,6422,1111,525000.0
2023-12-06,3649,Ống dầu sau máy phát,6422,1111,586000.0
2023-12-06,3649,Bình GS 12V90AH,6422,1111,2500000.0
2023-12-06,3649,Dầu phanh DOT3 (1L/1 Chai),6422,1111,290000.0
2023-12-06,3649,Nắp két nước,6422,1111,185000.0
2023-12-06,3649,Xy-lanh tổng côn,6422,1111,880000.0
2023-12-06,1396,Giá vốn (80%): Mực Laser TN-2385 Brother,632,1561,400000.0
2023-12-07,2829,"Màn chiếu ba chân 70x70, hiệu ECO SCREEN",6422,1111,1181481.0
2023-12-07,2828,"Hộp mực (Catridge) đã có mực in dùng cho máy in laser loại 83A,nhãn hiệu Xppro",6422,1111,572727.0
2023-12-07,2828,Mực nạp đổ XP12 - 140,6422,1111,1909091.0
2023-12-07,2828,"Hộp mực (Catridge) đã có mực in dùng cho máy in laser loại 214, nhãn hiệu Xppro",6422,1111,545455.0
2023-12-07,2829,Màn chiếu treo 84,6422,1111,1283333.0
2023-12-07,1399,MÀN HÌNH MÁY VÍ TÍNH DELL,131,511,3590909.0
2023-12-07,1399,"Giá vốn (80%): MÁY TÍNH XÁCH TAY DELL INSPIRON 5430 N4I5497W1-Silver Intel Core i5 1335U (Up to 4.6Ghz, 12Mb Cache), 16G LPDDR5 4800Mhz, 512Gb SSD NVMe, 14"" FHD 1920 x 1080 250Nits with Comfort View , 4 cell - 54Whr Battery, Windows 11, Platinium Silver, Microsoft Office Home and Studen 2021, Premium Support",632,1121,18836364.0
2023-12-07,1399,"MÁY TÍNH XÁCH TAY DELL INSPIRON 5430 N4I5497W1-Silver Intel Core i5 1335U (Up to 4.6Ghz, 12Mb Cache), 16G LPDDR5 4800Mhz, 512Gb SSD NVMe, 14"" FHD 1920 x 1080 250Nits with Comfort View , 4 cell - 54Whr Battery, Windows 11, Platinium Silver, Microsoft Office Home and Studen 2021, Premium Support",131,511,23545455.0
2023-12-07,1399,Giá vốn (80%): MÀN HÌNH MÁY VÍ TÍNH DELL,632,1561,2872727.2
2023-12-08,3372,Máy chấm công bằng dấu vân tay DG600BID,6422,1111,1600000.0
2023-12-08,414447,DO 0.001S-V,6422,1111,454545.0
2023-12-08,1917,MÁY IN LASER ĐƠN NĂNG TRẮNG ĐEN - CANON PRINTER I-SENSYS LBP236DW,6422,1111,9363636.0
2023-12-08,1400,"Giá vốn (80%): Thiết bị chuyển  mạch TP-Link, TL- SF1024D",632,1561,560000.0
2023-12-08,1400,"Thiết bị chuyển  mạch TP-Link, TL- SF1024D",131,511,700000.0
2023-12-08,1400,Cáp dữ liệu VIDEO HDMI 1.4truyền âm thanh hình ảnh dài15M Ugreen(10111),131,511,681818.0
2023-12-08,1400,Giá vốn (80%): Cáp dữ liệu VIDEO HDMI 1.4truyền âm thanh hình ảnh dài15M Ugreen(10111),632,1561,545454.4
2023-12-08,1400,Giá treo máy chiếu MS12,131,511,409091.0
2023-12-08,1401,Giá vốn (80%): MÁY TÍNH XÁCH TAY (NB)HP 15s - fq5147TU i7-1255U/8GD4/512GSSD/15.6FHD/Wlac/BT5/3C41WHr/W11SL/BẠC(7C133PA),632,1561,12654545.6
2023-12-08,1401,MÁY TÍNH XÁCH TAY (NB)HP 15s - fq5147TU i7-1255U/8GD4/512GSSD/15.6FHD/Wlac/BT5/3C41WHr/W11SL/BẠC(7C133PA),131,511,15818182.0
2023-12-08,77386806,Thuế GTGT:  Thu Phi SMS thay doi so du thang  11/2023,1331,1111,5455.0
2023-12-08,77386806,Thu Phi SMS thay doi so du thang  11/2023,6422,1111,54545.0
2023-12-08,1400,Giá vốn (80%): Giá treo máy chiếu MS12,632,1561,327272.8
2023-12-09,1403,Máy chiếu đa năng ViewSonic LS500WHE,131,511,13636364.0
2023-12-09,1402,Giá vốn (80%): Hộp mực in Izinet 12A/303/FX9,632,1561,232727.2
2023-12-09,1402,Hộp mực in Izinet 12A/303/FX9,131,511,290909.0
2023-12-09,1403,"Giá vốn (80%): Màn hình vi tính Dell LCD -U2419H- 23.8""WHD-3Y",632,1561,3600000.0
2023-12-09,1403,"Màn hình vi tính Dell LCD -U2419H- 23.8""WHD-3Y",131,511,4500000.0
2023-12-09,1403,Giá vốn (80%): Máy chiếu đa năng ViewSonic LS500WHE,632,1561,10909091.2
2023-12-09,1405,Giá vốn (80%): Chuột máy tính Logitech M185,632,1561,181818.4
2023-12-09,1404,Thiết bị định tuyến TP-Link 2.4GHz/5GHz Archer C50,131,511,418182.0
2023-12-09,1405,Giá vốn (80%): Bộ nhớ Máy Tính Xách Tay  Kingmax 8GB DDR4-2666,632,1561,618181.6
2023-12-09,1405,Bộ nhớ Máy Tính Xách Tay  Kingmax 8GB DDR4-2666,131,511,772727.0
2023-12-09,1406,"Giá vốn (80%): Màn hình LCD VIEWSONICVA1903A/19""",632,1561,981818.4
2023-12-09,1406,"Màn hình LCD VIEWSONICVA1903A/19""",131,511,1227273.0
2023-12-09,1404,Giá vốn (80%): Thiết bị định tuyến TP-Link 2.4GHz/5GHz Archer C50,632,1561,334545.6
2023-12-09,1405,Chuột máy tính Logitech M185,131,511,227273.0
2023-12-10,1411,MÀN HÌNH VI TÍNH (LCD)LENOVO ThinkVision  S24i-3023.8INCH/1920x1080/100Hz/IPS/WLED/VGA/HDMI/ĐEN(63DEKAR3WW),131,511,7227273.0
2023-12-10,1411,Giá vốn (80%): MÀN HÌNH VI TÍNH (LCD)LENOVO ThinkVision  S24i-3023.8INCH/1920x1080/100Hz/IPS/WLED/VGA/HDMI/ĐEN(63DEKAR3WW),632,1561,5781818.4
2023-12-10,1410,MÁY IN LASER ĐƠN NĂNGTRẮNG ĐEN -  CANONPRINTER I- SENSYSLBP236DW,131,511,5263636.0
2023-12-10,1410,Giá vốn (80%): MÁY IN LASER ĐƠN NĂNGTRẮNG ĐEN -  CANONPRINTER I- SENSYSLBP236DW,632,1561,4210908.8
2023-12-10,1409,Chuột máy tính Logitech M221,131,511,218182.0
2023-12-10,1409,Giá vốn (80%): Chuột máy tính Logitech M221,632,1561,174545.6
2023-12-10,1408,Bộ lưu điện Santak - TG500,131,511,15681818.0
2023-12-10,1408,Giá vốn (80%): Bộ lưu điện Santak - TG500,632,1561,12545454.4
2023-12-10,1419,Mực in 85A Number One,131,511,318182.0
2023-12-10,125161,Màn hình VIEWSONIC VA1903A/19'' LCD MONITOR,6422,1111,11181818.0
2023-12-10,3330,Điện thoại có dây Panasonic KXTS500,6422,1111,4724000.0
2023-12-10,125212,Bàn phím máy tính NK2600 US_BLACK,6422,1111,41818182.0
2023-12-10,125212,Chuột máy tính N100.BLACK - Optical Mouse,6422,1111,18181818.0
2023-12-10,11568,Máy in Epson L8050,6422,1111,5727272.73
2023-12-10,11569,Máy hủy giấy Magitech DM-120C,6422,1111,2796296.3
2023-12-10,1407,Máy in Brother HL-L2321D,131,511,2636364.0
2023-12-10,1407,Giá vốn (80%): Máy in Brother HL-L2321D,632,1561,2109091.2
2023-12-10,1416,Hộp mực in Izinet 12A/303/FX9,131,511,290909.0
2023-12-10,1412,"Giá vốn (80%): Thiết bị chuyển mạch TP-Link, 5Port, TL-SG1005D",632,1561,160000.0
2023-12-10,1419,Giá vốn (80%): Mực in 85A Number One,632,1121,254545.6
2023-12-10,1412,"Thiết bị chuyển mạch TP-Link, 5Port, TL-SG1005D",131,511,200000.0
2023-12-10,1416,Giá vốn (80%): Hộp mực in Izinet 12A/303/FX9,632,1561,232727.2
2023-12-10,1413,"Thiết bị thu phát vô tuyến TP-Link 150M, TL- WN722N",131,511,181818.0
2023-12-10,1413,"Giá vốn (80%): Thiết bị thu phát vô tuyến TP-Link 150M, TL- WN722N",632,1561,145454.4
2023-12-10,1417,Chíp Xử Lý Intel i5 /10400 -(BX8070110400SRH78),131,511,6909090.0
2023-12-10,1417,Bộ nhớ Máy Tính Xách TayKingmax  8GB DDR4-2666,131,511,545455.0
2023-12-10,1417,Giá vốn (80%): Bộ nhớ Máy Tính Xách TayKingmax  8GB DDR4-2666,632,1561,436364.0
2023-12-10,1417,Bộ nhớ Máy tính Kingmax8GB DDR4-3200,131,511,1090908.0
2023-12-10,1417,Giá vốn (80%): Bộ nhớ Máy tính Kingmax8GB DDR4-3200,632,1561,872726.4
2023-12-10,1417,"Ổ cứng gắn trong SamsungSSD 970EVO,2.250GB MZ-V7S250BW",131,511,1890909.0
2023-12-10,1417,"Giá vốn (80%): Ổ cứng gắn trong SamsungSSD 970EVO,2.250GB MZ-V7S250BW",632,1561,1512727.2
2023-12-10,1417,Mực Laser TN-2385 Brother,131,511,2181820.0
2023-12-10,1417,Giá vốn (80%): Mực Laser TN-2385 Brother,632,1561,1745456.0
2023-12-10,1417,Giá vốn (80%): Chíp Xử Lý Intel i5 /10400 -(BX8070110400SRH78),632,1561,5527272.0
2023-12-10,1418,Giá vốn (80%): Máy in Canon Laser LBP-2900,632,1561,2949091.2
2023-12-10,1418,Máy in Canon Laser LBP-2900,131,511,3686364.0
2023-12-10,1413,"Giá vốn (80%): MÀN HÌNH VI TÍNH (LCD)MSI PRO MP251  24.5""INCH/FHD/IPS/300cd/m2/100Hz/HDMI/VGA/AUDIO/SPEAKER/ĐEN(BLACK) (3PC2)(PROMP251)",632,1561,1883636.8
2023-12-10,1413,Giá vốn (80%): Bộ máy vi tính,632,1561,4938181.6
2023-12-10,1413,Bộ máy vi tính,131,511,6172727.0
2023-12-10,1413,"MÀN HÌNH VI TÍNH (LCD)MSI PRO MP251  24.5""INCH/FHD/IPS/300cd/m2/100Hz/HDMI/VGA/AUDIO/SPEAKER/ĐEN(BLACK) (3PC2)(PROMP251)",131,511,2354546.0
2023-12-10,1414,Bút trình chiếu NewmenP012,131,511,336364.0
2023-12-10,1415,Giá vốn (80%): Mực Laser đen Premium,632,1561,218181.6
2023-12-10,1415,Mực Laser đen Premium,131,511,272727.0
2023-12-10,1414,Giá vốn (80%): Bút trình chiếu NewmenP012,632,1561,269091.2
2023-12-11,1421,Máy in Brother HL-L2321D,131,511,2636364.0
2023-12-11,1422,Giá vốn (80%): Máy In Canon Laser LBP6030,632,1561,1912727.2
2023-12-11,1421,Giá vốn (80%): Máy in Brother HL-L2321D,632,1561,2109091.2
2023-12-11,1422,Máy Tính Xách Tay Asus ExpertBook B1500CEAE -EJ2362W  i5-1135G7/8GB (90NX0441-M003A0),131,511,14727273.0
2023-12-11,1422,Giá vốn (80%): Máy Tính Xách Tay Asus ExpertBook B1500CEAE -EJ2362W  i5-1135G7/8GB (90NX0441-M003A0),632,1561,11781818.4
2023-12-11,1422,Máy In Canon Laser LBP6030,131,511,2390909.0
2023-12-11,8872,"Thiết bị chuyển mạch TP-Link, TL-SF1005D",6422,1111,536364.0
2023-12-11,186,Bàn phím Coolerplus CPK-FC122,6422,1111,81818.0
2023-12-11,8872,"Thiết bị thu phát vô tuyếnTP-Link,TL-WA850RE",6422,1111,945455.0
2023-12-11,8872,"Thiết bị định tuyến băng tần 2,4 GHz, W-CDMA FDD/E-UTRA FDD, TP-LINK, TL-MR100",6422,1111,3500000.0
2023-12-11,186,Vỏ case Proone CPC-G315,6422,1111,363636.0
2023-12-11,186,Chuột Coolerplus CPM-FC122,6422,1111,54545.0
2023-12-11,186,Tai nghe Coolerplus CPH-FH450s,6422,1111,181818.0
2023-12-11,186,Nguồn Coolerplus GX650,6422,1111,381818.0
2023-12-11,181836,"Máy tính xách tay Lenovo V15 G3 IAP, i5-1235U, 8GB, 512GB SSD, Intel Iris Xe Graphics, 15.6"" FHD, 2C 38Wh, ac+BT, W11H 64, Xám (Iron Grey), 1Y WTY_82TT00N9VN",6422,1111,28085259.0
2023-12-11,8872,"Thiết bị thu phát vô tuyến 2.4 GHz/5GHz, TP-Link , EAP245",6422,1111,10458182.0
2023-12-11,181835,"USB hỗ trợ kết nối bluetooth, hiệu TP-LINK_UB500",6422,1111,900000.0
2023-12-11,181835,"Thiết bị thu phát vô tuyến TP-LINK 2,4GHz/5GHz_EAP245",6422,1111,3954546.0
2023-12-11,8424,Thuế GTGT: TP CK CTY THE GIOI SO,1331,1111,4000.0
2023-12-11,181835,Thiết bị thu phát vô tuyến TP-LINK_TL-WN725N,6422,1111,490910.0
2023-12-11,8425,TP CK CTY PP SYNNEX FPT,6422,1111,38404.0
2023-12-11,8425,Thuế GTGT: TP CK CTY PP SYNNEX FPT,1331,1111,3840.0
2023-12-11,8424,TP CK CTY THE GIOI SO,6422,1111,40000.0
2023-12-11,184666,THU LAI VAY LD2326800590,6422,1111,406507.0
2023-12-11,184577,THU PHI CT ACB,6422,1121,19000.0
2023-12-11,184526,THU PHI CT VietinBank,6422,1121,19000.0
2023-12-11,184577,Thuế GTGT: THU PHI CT ACB,6422,1121,1900.0
2023-12-11,184517,THU PHI CT Vietcombank,6422,1121,19000.0
2023-12-11,184517,Thuế GTGT: THU PHI CT Vietcombank,6422,1121,1900.0
2023-12-11,1420,Chuột vi tính Rapoo M20,131,511,272728.0
2023-12-11,1420,Giá vốn (80%): Chuột vi tính Rapoo M20,632,1561,218182.4
2023-12-11,487626,MÁY TÍNH XÁCH TAY (NB) DELL VOS15 3530 i5-1335U/8GD4/512SSD/15.6FHD/120Hz/3C41WHr/W11SL+OFFICE HOME_ST/ProSup/XÁM(80GG9),6422,1111,42000000.0
2023-12-11,487586,Chiết khấu thương mại S2023-01681 22/11/2023,6422,1111,29792727.0
2023-12-11,78232887,Trich thu Tien vay - Lai : 17326027 - Phat : 9494 - Acct vay 414931889,6422,1111,17335521.0
2023-12-11,184526,Thuế GTGT: THU PHI CT VietinBank,6422,1121,1900.0
2023-12-12,6204,Bảng mạch chính Asus PRIME H510M-K R2.0,6422,1111,20863636.0
2023-12-12,6204,Chiết khấu giảm giá,6422,1111,909091.0
2023-12-12,6204,Bộ nhớ trong Kingston Fury 16GB D4-3200U C16 Beast Black (KF432C16BB/16),6422,1111,4363636.0
2023-12-12,487780,Chiết khấu thương mại S2023-01769 05/12/2023,6422,1111,3360000.0
2023-12-12,1428,Giá vốn (80%): Cáp dữ liệu VIDEO VGA truyền hình ảnh dài 10M Ugreen(11633),632,1561,349091.2
2023-12-12,487780,"Ổ CỨNG DI ĐỘNG (HDD) SEAGATE EXPANSION PORTABLE 1TB 2.5"" USB 3.0(STKM1000400)",6422,1111,18354540.0
2023-12-12,1428,"Giá vốn (80%): Thiết bị chuyển mạch TP-Link,TL-SG1008D",632,1561,320000.0
2023-12-12,1424,"Thiết bị  thu phát vô tuyến TP-Link 2.4Ghz,Archer T2U",131,511,254545.0
2023-12-12,487780,"Ổ CỨNG DI ĐỘNG (HDD) SEAGATE EXPANSION PORTABLE 2TB 2.5"" USB 3.0(STKM2000400)",6422,1111,9740905.0
2023-12-12,1424,"Giá vốn (80%): Thiết bị  thu phát vô tuyến TP-Link 2.4Ghz,Archer T2U",632,1561,203636.0
2023-12-12,1427,"Màn  hình  LCD - DELL P2719H  27.0""",131,511,4609091.0
2023-12-12,1426,"Giá vốn (80%): Máy tính xách tay LenovoThinkPad E15 Gen 4 - I5 -1235U(4.4G) -8Gb RAM - 256GB SSD - WF+BL, Fingerprint - 15.6'FHD - Dos -2Yrs,P/N:21E600CGVA",632,1561,12465454.4
2023-12-12,1426,Bộ nhớ Máy tính xách tay Kingmax 8GB DDR4-3200,131,511,636363.0
2023-12-12,1426,Giá vốn (80%): Bộ nhớ Máy tính xách tay Kingmax 8GB DDR4-3200,632,1561,509090.4
2023-12-12,1426,Ổ cứng di động 32GB U202 USB2.0 Kioxia,131,511,272728.0
2023-12-12,1426,Giá vốn (80%): Ổ cứng di động 32GB U202 USB2.0 Kioxia,632,1561,218182.4
2023-12-12,1426,Chuột vi tính Rapoo M20,131,511,136364.0
2023-12-12,1426,Giá vốn (80%): Chuột vi tính Rapoo M20,632,1561,109091.2
2023-12-12,1427,"Giá vốn (80%): Màn  hình  LCD - DELL P2719H  27.0""",632,1561,3687272.8
2023-12-12,1426,"Máy tính xách tay LenovoThinkPad E15 Gen 4 - I5 -1235U(4.4G) -8Gb RAM - 256GB SSD - WF+BL, Fingerprint - 15.6'FHD - Dos -2Yrs,P/N:21E600CGVA",131,511,15581818.0
2023-12-12,1428,Cáp dữ liệu VIDEO VGA truyền hình ảnh dài 10M Ugreen(11633),131,511,436364.0
2023-12-12,1428,"Thiết bị chuyển mạch TP-Link,TL-SG1008D",131,511,400000.0
2023-12-12,1428,Camera quan sát DS - 2CD1023G0E-IUF,131,511,1363636.0
2023-12-12,1428,Giá vốn (80%): Camera quan sát DS - 2CD1023G0E-IUF,632,1561,1090908.8
2023-12-12,1425,"Ổ  cứng gắn trong Western Digital 1TB - 3.5""(WD10EZEX)",131,511,1090909.0
2023-12-12,1425,"Giá vốn (80%): Ổ  cứng gắn trong Western Digital 1TB - 3.5""(WD10EZEX)",632,1561,872727.2
2023-12-12,1423,"Giá vốn (80%): Ổ cứng di động SeagateExpansion 2TB 2.5""(STEA2000400)",632,1561,1738181.6
2023-12-12,88227,Bộ nhớ RAM của máy vi tính hiệu TeamGroup Vulcan Z Gray 16GB DDR4-3200,6422,1111,6545455.0
2023-12-12,88227,Bộ nhớ RAM của máy vi tính hiệu TeamGroup Vulcan Z Red 16GB DDR4-3200,6422,1111,6545454.0
2023-12-12,88227,Bộ nhớ RAM của máy vi tính xách tay Teamgroup Elite 8GB DDR5-4800,6422,1111,2090909.0
2023-12-12,88220,Bộ nhớ máy vi tính Kingmax 8GB DDR5-5600 HEATSINK Horizon,6422,1111,1272727.0
2023-12-12,88220,Bộ vi xử lý vi tính Intel Core i3-10105 (BX8070110105SRH3P) + Quạt,6422,1111,7404545.0
2023-12-12,88220,Mạch chính vi tính Gigabyte H510M H V2,6422,1111,7040909.0
2023-12-12,1423,"Ổ cứng di động SeagateExpansion 2TB 2.5""(STEA2000400)",131,511,2172727.0
2023-12-12,1429,Cạc màn hình Gigabyte 4GB GV-N1650OC - 4GD,131,511,3727273.0
2023-12-12,1429,Giá vốn (80%): Cạc màn hình Gigabyte 4GB GV-N1650OC - 4GD,632,1561,2981818.4
2023-12-12,1429,Mạch chính Gigabyte GA-B460 AORUS PRO AC,131,511,3318182.0
2023-12-12,1429,Giá vốn (80%): Mạch chính Gigabyte GA-B460 AORUS PRO AC,632,1561,2654545.6
2023-12-12,1429,Mạch chính Gigabyte GA-C246 - WU4,131,511,4136364.0
2023-12-12,1429,Giá vốn (80%): Mạch chính Gigabyte GA-C246 - WU4,632,1561,3309091.2
2023-12-12,1429,Chíp Xử Lý Intel i5 -10400 -2.90Ghz(BS8070110400SRH3C),131,511,6872726.0
2023-12-12,1429,Giá vốn (80%): Chíp Xử Lý Intel i5 -10400 -2.90Ghz(BS8070110400SRH3C),632,1561,5498180.8
2023-12-12,88220,Cạc màn hình Gigabyte 4GB GV-N1656WF2OC-4GD,6422,1111,6636364.0
2023-12-13,12072,Bộ vi xử lý vi tính Intel Core I5-10400 + Quạt,6422,1111,9954545.0
2023-12-13,1435,Giá vốn (80%): Mực Laser TN - 2385 Brother,632,1561,1200000.0
2023-12-13,1435,Hộp mực in Izinet 12A/303/FX9,131,511,1227273.0
2023-12-13,1435,Giá vốn (80%): Hộp mực in Izinet 12A/303/FX9,632,1561,981818.4
2023-12-13,1435,Mực nạp đổ XP Brother 2240,131,511,454545.0
2023-12-13,1435,Giá vốn (80%): Mực nạp đổ XP Brother 2240,632,1561,363636.0
2023-12-13,1435,Trống từ Brother DR-2385,131,511,636364.0
2023-12-13,1432,MÀN HÌNH VI TÍNH (LCD)LENOVO ThinkVision  S24i-3023.8INCH/1920x1080/100Hz/IPS/WLED/VGA/HDMI/ĐEN(63DEKAR3WW),131,511,2318182.0
2023-12-13,1432,Bộ máy vi tính,131,511,6900000.0
2023-12-13,1432,Giá vốn (80%): Bộ máy vi tính,632,1561,5520000.0
2023-12-13,1432,Giá vốn (80%): MÀN HÌNH VI TÍNH (LCD)LENOVO ThinkVision  S24i-3023.8INCH/1920x1080/100Hz/IPS/WLED/VGA/HDMI/ĐEN(63DEKAR3WW),632,1561,1854545.6
2023-12-13,12072,"Màn hình ViewSonic VA2215-H/21.5"" LCD Monitor",6422,1111,1354545.0
2023-12-13,12072,ổ cứng SSD Samsung 980 1TB M.2 NVMe(MZ-V8V1T0BW),6422,1111,3272727.0
2023-12-13,1430,Giá vốn (80%): Ổ cắm điện Mpower 6 ổ cắm 5m MP-265S,632,1561,259259.2
2023-12-13,1435,Giá vốn (80%): Trống từ Brother DR-2385,632,1561,509091.2
2023-12-13,1430,Ổ cắm điện Mpower 6 ổ cắm 5m MP-265S,131,511,324074.0
2023-12-13,1435,Mực Laser TN - 2385 Brother,131,511,1500000.0
2023-12-13,1433,MÁY IN LASER ĐƠN NĂNG TRẮNG ĐEN - CANONPRINTER I - SENSYS LBP 236DW,131,511,10527273.0
2023-12-13,1433,Giá vốn (80%): MÁY IN LASER ĐƠN NĂNG TRẮNG ĐEN - CANONPRINTER I - SENSYS LBP 236DW,632,1561,8421818.4
2023-12-13,1431,Máy In Canon Laser LBP-2900,131,511,3681818.0
2023-12-13,1431,Màn hình vi tính DellSE2422H 23.8Inch/1920x1080@75Hz/Vga/HDMI/Led (60W8F1),131,511,3590909.0
2023-12-13,1431,Giá vốn (80%): Màn hình vi tính DellSE2422H 23.8Inch/1920x1080@75Hz/Vga/HDMI/Led (60W8F1),632,1561,2872727.2
2023-12-13,6589,BỘ LƯU ĐIỆN SANTAK - MÃ HÀNG BLAZER-1200 PRO,6422,1111,2818182.0
2023-12-13,1434,Bộ nguồn Acbel Power 80plus 550 (PCB041-YKAGT),131,511,690909.0
2023-12-13,1434,Giá vốn (80%): Bộ nguồn Acbel Power 80plus 550 (PCB041-YKAGT),632,1121,552727.2
2023-12-13,1431,Giá vốn (80%): Máy In Canon Laser LBP-2900,632,1561,2945454.4
2023-12-13,1434,Giá vốn (80%): Chíp Xử Lý  Intel i5 -10400 -(BX8070110400SRH78),632,1561,2763636.0
2023-12-13,1434,Bảng mạch chính Asus Prime H510MK,131,511,1454546.0
2023-12-13,1434,Giá vốn (80%): Bảng mạch chính Asus Prime H510MK,632,1561,1163636.8
2023-12-13,1434,Chuột máy tính Logitech G102,131,511,709090.0
2023-12-13,1434,Giá vốn (80%): Chuột máy tính Logitech G102,632,1561,567272.0
2023-12-13,1434,Bàn phím hiệu Rapoo Model: V500SE (19776),131,511,1054546.0
2023-12-13,1434,Chíp Xử Lý  Intel i5 -10400 -(BX8070110400SRH78),131,511,3454545.0
2023-12-13,1434,Giá vốn (80%): Bàn phím hiệu Rapoo Model: V500SE (19776),632,1561,843636.8
2023-12-14,1438,"Thiết bị đầu cuối GSM/W-CDMA FDD 2.4GHz TP-Link, M7000",131,511,754546.0
2023-12-14,1438,Giá vốn (80%): Màn hình vi tính Samsung LC27F397 Fhexxv,632,1561,2872727.2
2023-12-14,1438,Màn hình vi tính Samsung LC27F397 Fhexxv,131,511,3590909.0
2023-12-14,1438,"Giá vốn (80%): Máy tính để bàn (PC) HP ProOne 240 G9 AIO i3-1215U/8GD4/512SSD/23.8"" (6M3T0PA)",632,1561,10690908.8
2023-12-14,1438,"Máy tính để bàn (PC) HP ProOne 240 G9 AIO i3-1215U/8GD4/512SSD/23.8"" (6M3T0PA)",131,511,13363636.0
2023-12-14,1440,"Hộp mực (Catridge) đã có mực in dùng cho máy inlaser loại 214, nhãn hiệu Xppro",131,511,954545.0
2023-12-14,1440,"Giá vốn (80%): Hộp mực (Catridge) đã có mực in dùng cho máy inlaser loại 214, nhãn hiệu Xppro",632,1561,763636.0
2023-12-14,1441,Giá vốn (80%): Chuột máy tính Logitech B100,632,1561,58181.6
2023-12-14,1441,Chuột máy tính Logitech B100,131,511,72727.0
2023-12-14,1438,"Giá vốn (80%): Thiết bị đầu cuối GSM/W-CDMA FDD 2.4GHz TP-Link, M7000",632,1561,603636.8
2023-12-14,1439,Giá vốn (80%): Máy hủy giấy Magitech DM-120C,632,1561,2962963.2
2023-12-14,1437,Máy in canon Laser LBP -2900,131,511,3645455.0
2023-12-14,1442,"Giá vốn (80%): Máy tính xách tay LenovoV15 G3 IAP , i5-1235U, 8GB,512GBSSD, Intel Iris Xe Graphics,15.6"" FHD, 2C 38Wh, ac+BT,W11H 64, Xám (Iron Grey), 1YWTY_Y_82TT00N9VN",632,1561,7563636.0
2023-12-14,1436,"Thiết bị chuyển mạch TP-Link, TL-SG105E",131,511,436364.0
2023-12-14,1436,"Giá vốn (80%): Thiết bị chuyển mạch TP-Link, TL-SG105E",632,1561,349091.2
2023-12-14,1436,Thiết bị định tuyến TP-Link 2.4GHz/5GHz Archer C50,131,511,418182.0
2023-12-14,1436,Giá vốn (80%): Thiết bị định tuyến TP-Link 2.4GHz/5GHz Archer C50,632,1561,334545.6
2023-12-14,1436,"Cáp mạng Cat 6 FTP 305m/thùng, Hiệu Aptek",131,511,1590909.0
2023-12-14,1436,"Giá vốn (80%): Cáp mạng Cat 6 FTP 305m/thùng, Hiệu Aptek",632,1561,1272727.2
2023-12-14,1442,"Máy tính xách tay LenovoV15 G3 IAP , i5-1235U, 8GB,512GBSSD, Intel Iris Xe Graphics,15.6"" FHD, 2C 38Wh, ac+BT,W11H 64, Xám (Iron Grey), 1YWTY_Y_82TT00N9VN",131,511,9454545.0
2023-12-14,1442,"Màn hình vi tính Dell LCD-U2419H - 23.8"" WHD-3Y",131,511,4500000.0
2023-12-14,1442,"Giá vốn (80%): Màn hình vi tính Dell LCD-U2419H - 23.8"" WHD-3Y",632,1561,3600000.0
2023-12-14,1442,Loa SoundMax A2128/2.1,131,511,1227273.0
2023-12-14,1442,Giá vốn (80%): Loa SoundMax A2128/2.1,632,1561,981818.4
2023-12-14,1441,Giá vốn (80%): Máy In Canon Laser LBP-2900,632,1561,2800000.0
2023-12-14,1437,Giá vốn (80%): Máy in canon Laser LBP -2900,632,1561,2916364.0
2023-12-14,1441,Máy In Canon Laser LBP-2900,131,511,3500000.0
2023-12-14,1439,Máy hủy giấy Magitech DM-120C,131,511,3703704.0
2023-12-14,1441,"Máy tính xách tay Lenovo V15G3 IAP, i5-1235U, 8GB, 512GBSSD, Intel Iris Xe Graphics,15.6"" FHD, 2C 38Wh, ac+BT,W11H 64, Xám (Iron Grey), 1YWTY_82TT00N9VN",131,511,9954546.0
2023-12-14,22900,Chuột không dây Logitech M331 màu đen (910-004914),6422,1111,2572727.0
2023-12-14,22900,Chuột không dây Logitech M331 màu xanh (910-004915),6422,1111,1286364.0
2023-12-14,22900,Chuột không dây Logitech M331 màu đỏ (910-004916),6422,1111,1286364.0
2023-12-14,22900,Chuột không dây Logitech M221 màu đen (910-004882),6422,1111,4000000.0
2023-12-14,8539,THU PHI CK CTY VINH XUAN,6422,1111,23000.0
2023-12-14,8539,Thuế GTGT: THU PHI CK CTY VINH XUAN,1331,1111,2300.0
2023-12-14,8538,THU PHI CK CTY DAI PHAT,6422,1111,23000.0
2023-12-14,8538,Thuế GTGT: THU PHI CK CTY DAI PHAT,1331,1111,2300.0
2023-12-14,8537,THU PHI CK CTY PP TONG HOP DAU KHI,6422,1111,23000.0
2023-12-14,8537,Thuế GTGT: THU PHI CK CTY PP TONG HOP DAU KHI,1331,1111,2300.0
2023-12-14,8536,THU PHI CK CTY VIEN SON,6422,1111,23000.0
2023-12-14,8536,Thuế GTGT: THU PHI CK CTY VIEN SON,1331,1111,2300.0
2023-12-14,186631,THU LAI VAY LD2327000523,6422,1111,276194.0
2023-12-14,186634,THU LAI VAY LD2327200487,6422,1111,316438.0
2023-12-14,1445,"Giá vốn (80%): Máy Tính Xách Tay  Dell Ins15 3520 Intel Core i5 - 1235U/15.6""FHD/1x8G/256GB SSD (N5I5122W1)",632,1561,12218181.6
2023-12-14,1444,Cạc màn hình Asus GT730 -SL - 2GD5-BRK,131,511,1363636.0
2023-12-14,1444,Giá vốn (80%): Cạc màn hình Asus GT730 -SL - 2GD5-BRK,632,1561,1090908.8
2023-12-14,1443,"Màn hình Viewsonic VA2215 -H /21.5""",131,511,1718182.0
2023-12-14,1443,"Giá vốn (80%): Màn hình Viewsonic VA2215 -H /21.5""",632,1561,1374545.6
2023-12-14,1443,Máy in Brother HL - L2321D,131,511,2636364.0
2023-12-14,1441,"Giá vốn (80%): Máy tính xách tay Lenovo V15G3 IAP, i5-1235U, 8GB, 512GBSSD, Intel Iris Xe Graphics,15.6"" FHD, 2C 38Wh, ac+BT,W11H 64, Xám (Iron Grey), 1YWTY_82TT00N9VN",632,1561,7963636.8
2023-12-14,1443,Giá vốn (80%): Máy in Brother HL - L2321D,632,1561,2109091.2
2023-12-14,1443,Máy in Brother DCP - B7535DW,131,511,5136364.0
2023-12-14,1443,Giá vốn (80%): Máy in Brother DCP - B7535DW,632,1561,4109091.2
2023-12-14,1443,BỘ LƯU ĐIỆN SANTAK - MÃ HÀNGBLAZER-1200 PRO,131,511,3354545.0
2023-12-14,1443,Giá vốn (80%): BỘ LƯU ĐIỆN SANTAK - MÃ HÀNGBLAZER-1200 PRO,632,1561,2683636.0
2023-12-14,1445,"Máy Tính Xách Tay  Dell Ins15 3520 Intel Core i5 - 1235U/15.6""FHD/1x8G/256GB SSD (N5I5122W1)",131,511,15272727.0
2023-12-15,1446,Máy in Canon Laser LBP 2900,131,511,3590909.0
2023-12-15,1446,Giá vốn (80%): Máy in Canon Laser LBP 2900,632,1561,2872727.2
2023-12-15,184345,"Máy tính xách tay Lenovo V15 G4 IAH, i5-12500H, 16GB, 512GB SSD, Intel Iris Xe Graphics, 15.6"" FHD, 2C 38Wh, ax+BT, FP, W11H, Xám (Iron Grey), 1Y WTY_83FS0032VN",6422,1111,20674546.0
2023-12-15,3391,Điện thoại có dây Panasonic KXTS500,6422,1111,2363000.0
2023-12-15,1447,Hộp mực in Izinet 12A/303/FX9,131,511,581818.0
2023-12-15,1447,Giá vốn (80%): Hộp mực in Izinet 12A/303/FX9,632,1561,465454.4
2023-12-17,1454,"Máy tính xách tay MSI Bravo15 B7ED -010VN/Ryzen 5 7535HS/512GBSSD/DDR5 16GB(8GB*2)/Radeon RX6550M,GDDR6 4GB/15.6"" FHD144Hz/Win11/Màu đen",131,511,15090909.0
2023-12-17,1455,Giá vốn (80%): Ổ đĩa SDRW - 08D2S - U lite hiệu Asus,632,1561,647272.8
2023-12-17,1455,Ổ đĩa SDRW - 08D2S - U lite hiệu Asus,131,511,809091.0
2023-12-17,1456,Giá vốn (80%): Chuột vi tính Rapoo M20,632,1561,101818.4
2023-12-17,1456,Chuột vi tính Rapoo M20,131,511,127273.0
2023-12-17,1456,Giá vốn (80%): Bàn phím Dell Multimedia KB216,632,1561,116364.0
2023-12-17,1456,Bàn phím Dell Multimedia KB216,131,511,145455.0
2023-12-17,1456,Giá vốn (80%): Loa SoundMax A2129/2.1,632,1561,1127272.0
2023-12-17,1456,Loa SoundMax A2129/2.1,131,511,1409090.0
2023-12-17,1457,Giá vốn (80%): MÁY TÍNH XÁCH TAY (NB)DELL VOS 15 3530 i3-1305U/8GD4/256SSD/15.6FHD/120Hz/41WHr/W11SL+OFFICEHOME_ST/Pro/XÁM(80GG92),632,1561,8436364.0
2023-12-17,1457,MÁY TÍNH XÁCH TAY (NB)DELL VOS 15 3530 i3-1305U/8GD4/256SSD/15.6FHD/120Hz/41WHr/W11SL+OFFICEHOME_ST/Pro/XÁM(80GG92),131,511,10545455.0
2023-12-17,1457,"Thiết bị đinh tuyến Thu phát vô tuyến TP-Link,2.4Ghz,TL-MR6400",131,511,1000000.0
2023-12-17,1457,"Giá vốn (80%): Ổ CỨNG DI ĐỘNG (HDD)SEAGATE EXPANSIONPORTABLE 1TB 2.5"" USB 3.0 (STKM1000400)",632,1561,1018181.6
2023-12-17,1457,"Ổ CỨNG DI ĐỘNG (HDD)SEAGATE EXPANSIONPORTABLE 1TB 2.5"" USB 3.0 (STKM1000400)",131,511,1272727.0
2023-12-17,6237,"Bàn phím Logitech không dây Bluetooth K380s, màu than chì (920-011753)",6422,1111,2381818.0
2023-12-17,404,Dây chuyển đổi có chipset USB sangcổng COM RS-232 dài 1.5M Ugreen(20211),6422,1111,300000.0
2023-12-17,404,Cáp dữ liệu VIDEO HDMI 1.4 truyềnâm thanh hình ảnh dài 20M Ugreen(10112),6422,1111,1496364.0
2023-12-17,404,Màn hình máy tính Dell 22 MonitorE2223HN,6422,1111,4018182.0
2023-12-17,404,Laptop Lenovo V15 G3 82TT00N9VN-I5/1235U 8gb/SSD512,6422,1111,20090909.0
2023-12-17,404,Cáp dữ liệu VIDEO HDMI 1.4 truyềnâm thanh hình ảnh dài 1.5M Ugreen(60820),6422,1111,363636.0
2023-12-17,1454,"Giá vốn (80%): Máy tính xách tay MSI Bravo15 B7ED -010VN/Ryzen 5 7535HS/512GBSSD/DDR5 16GB(8GB*2)/Radeon RX6550M,GDDR6 4GB/15.6"" FHD144Hz/Win11/Màu đen",632,1561,12072727.2
2023-12-17,1457,"Giá vốn (80%): Thiết bị đinh tuyến Thu phát vô tuyến TP-Link,2.4Ghz,TL-MR6400",632,1561,800000.0
2023-12-17,1454,Chuột máy tính Logitech G402,131,511,536364.0
2023-12-17,1449,"Camera quan sát CS - H3C (1080P,4MM,COLOR)",131,511,772727.0
2023-12-17,1454,Bàn phím Logitech Gaming G413 SE,131,511,1136363.0
2023-12-17,22979,Chuột Logitech Gaming G102 Gen 2 màu đen(910-005802),6422,1111,3318182.0
2023-12-17,22979,"Bàn phím Logitech không dây Bluetooth K380s, màu trắng (920-011754)",6422,1111,595455.0
2023-12-17,22979,"Thiết bị truyền hình ảnh Webcam Logitech HD Brio 100, màu than chì (960-001587)",6422,1111,2218182.0
2023-12-17,1449,Giá vốn (80%): Thẻ nhớ Patriot VX Series 64GB MICRO SDXCV30 P/N 7FCNB6JPUVI-64G,632,1561,145454.4
2023-12-17,1449,Thẻ nhớ Patriot VX Series 64GB MICRO SDXCV30 P/N 7FCNB6JPUVI-64G,131,511,181818.0
2023-12-17,1449,Giá vốn (80%): Camera quan sát CS - C6N (1080P),632,1561,436364.0
2023-12-17,1449,Camera quan sát CS - C6N (1080P),131,511,545455.0
2023-12-17,1449,"Giá vốn (80%): Camera quan sát CS - H3C (1080P,4MM,COLOR)",632,1561,618181.6
2023-12-17,404,Cáp dữ liệu VIDEO VGA truyền hìnhảnh dài 10M Ugreen (11633),6422,1111,250000.0
2023-12-17,1449,Giá vốn (80%): Máy in Brother DCP -B7535DW,632,1561,4109091.2
2023-12-17,1454,Giá vốn (80%): Chuột máy tính Logitech G402,632,1561,429091.2
2023-12-17,1449,Máy in Brother DCP -B7535DW,131,511,5136364.0
2023-12-17,1450,Hộp mực in Ecoplus 12A/303/FX9,131,511,254545.0
2023-12-17,1451,"Giá vốn (80%): Ổ cứng gắn trong Western Digital 1 TB-3.5""(WD10EZEX)",632,1561,800000.0
2023-12-17,1451,"Ổ cứng gắn trong Western Digital 1 TB-3.5""(WD10EZEX)",131,511,1000000.0
2023-12-17,1451,Giá vốn (80%): Nguồn Jetek Model 400 ELITE V2,632,1561,349091.2
2023-12-17,1451,Nguồn Jetek Model 400 ELITE V2,131,511,436364.0
2023-12-17,1452,Giá vốn (80%): Hộp mực in Ecoplus 12A/303/FX9,632,1561,189091.2
2023-12-17,1452,Hộp mực in Ecoplus 12A/303/FX9,131,511,236364.0
2023-12-17,1453,Giá vốn (80%): Hộp mực in Izinet12A/303/FX9,632,1561,181818.4
2023-12-17,1453,Hộp mực in Izinet12A/303/FX9,131,511,227273.0
2023-12-17,1454,Giá vốn (80%): Bàn phím Logitech Gaming G413 SE,632,1561,909090.4
2023-12-17,1450,Giá vốn (80%): Hộp mực in Ecoplus 12A/303/FX9,632,1561,203636.0
2023-12-17,404,Màn hình vi tính Philips 271V8LA/74/27INCH/VA-LCD,6422,1111,4200000.0
2023-12-17,404,Cáp dữ liệu USB 2.0 cho máy intruyền dữ liệu từ máy tính ra máy indài 3m Ugreen (10328),6422,1111,318182.0
2023-12-17,404,Màn hình vi tính Dell S2421H,6422,1111,2663636.0
2023-12-17,8037,Bàn Phím Logitech K400 (Plus) Đen,6422,1111,1109090.0
2023-12-17,8037,Chuột Logitech Pebble Mouse 2 M350S trắng,6422,1111,372727.0
2023-12-17,8037,Chuột Logitech Pebble Mouse 2 M350S hồng,6422,1111,372727.0
2023-12-17,8037,Chuột Logitech Pebble Mouse 2 M350S đen,6422,1111,372727.0
2023-12-17,8037,Chuột Logitech M187 Đen,6422,1111,930908.0
2023-12-17,8037,Chuột Logitech M187 Đỏ,6422,1111,698181.0
2023-12-17,8037,Chuột Logitech M187 Xanh,6422,1111,698181.0
2023-12-17,8037,Bàn Phím+Chuột Logitech MK270r,6422,1111,854546.0
2023-12-17,8037,Thiết bị ghi hình Logitech C270 (Webcam),6422,1111,1659090.0
2023-12-17,8037,Thiết bị ghi hình Logitech C310 (Webcam),6422,1111,1140000.0
2023-12-17,8037,Bàn Phím+Chuột Logitech MK235,6422,1111,760000.0
2023-12-17,1251,Màn hình máy tính Dell 22 Monitor - E2223HN powercord/ 36mths Advanced Exchange Service,6422,1111,60000000.0
2023-12-17,188243,THU LAI VAY LD2331400487,6422,1111,189863.0
2023-12-17,188241,THU LAI VAY LD2331300532,6422,1111,359544.0
2023-12-17,188238,THU LAI VAY LD2331200460,6422,1111,341943.0
2023-12-17,188237,THU LAI VAY LD2331100368,6422,1111,420888.0
2023-12-17,188235,THU LAI VAY LD2330700434,6422,1111,395447.0
2023-12-17,188232,THU LAI VAY LD2330500416,6422,1111,189863.0
2023-12-17,404,Bộ vi xử lý vi tính Intel Core I3-10105,6422,1111,20072728.0
2023-12-17,1448,Màn hình Viewsonic VA2215 -H /21.5'',131,511,1718182.0
2023-12-17,1448,Giá vốn (80%): Bộ máy vi tính,632,1561,5883636.0
2023-12-17,1448,Bộ máy vi tính,131,511,7354545.0
2023-12-17,188245,THU LAI VAY LD2331800487,6422,1111,455242.0
2023-12-17,8037,Thiết bị ghi hình Logitech Brio 100 hồng,6422,1111,554545.0
2023-12-17,1448,Giá vốn (80%): Màn hình Viewsonic VA2215 -H /21.5'',632,1561,1374545.6
2023-12-17,187783,THU PHI CT ACB,6422,1121,19000.0
2023-12-17,8037,Thiết bị ghi hình Logitech Brio 100 trắng,6422,1111,554545.0
2023-12-17,404,Vi mạch điện tử 7504 Unitek,6422,1111,390909.0
2023-12-17,404,Cáp dữ liệu VIDEO HDMI 1.4 truyềnâm thanh hình ảnh dài 5M Ugreen(10109),6422,1111,618182.0
2023-12-17,6010,"Camera quan sát CS-H8C (4MP,4MM)",6422,1111,3360000.0
2023-12-17,6010,"Camera quan sát CS-H3C (1080P,4MM,COLOR)",6422,1111,2800000.0
2023-12-17,6010,"Camera kỹ thuật số có chức năng ghi hiệu EZVIZ mã CS-C1C(1080P,H.265) - Hỗ trợ thẻ nhớ trong",6422,1111,1118181.0
2023-12-17,6010,"Camera kỹ thuật số có chức năng ghi hiệu EZVIZ mã CS-C3TN (3MP,2.8MM)- hỗ trợ thẻ nhớ trong",6422,1111,4050000.0
2023-12-17,6010,Đầu ghi hình DS-7216HGHI-K1,6422,1111,1327273.0
2023-12-17,6010,"Camera quan sát CS-H8 (5MP,4MM)",6422,1111,2227272.0
2023-12-17,7336,"MÁY TÍNH ĐỂ BÀN DELL INS 3020 (i3-13100,8GD4,256GB SSD,SD,WLn,BT,KB,M,W11S,Pro)",6422,1111,263181818.0
2023-12-17,126545,Màn hình VIEWSONIC VA1903A/19'' LCD MONITOR,6422,1111,5590909.0
2023-12-17,404,Cáp dữ liệu VIDEO HDMI 1.4 truyềnâm thanh hình ảnh dài 15M Ugreen(10111),6422,1111,445455.0
2023-12-17,188230,THU LAI VAY LD2330300460,6422,1111,384081.0
2023-12-17,10268,L8050 Máy in Epson,6422,1111,5727273.0
2023-12-17,187811,Thuế GTGT: THU PHI CT Vietcombank,6422,1121,1900.0
2023-12-17,188221,THU LAI VAY LD2327800665,6422,1111,855529.0
2023-12-17,188223,THU LAI VAY LD2327900347,6422,1111,406307.0
2023-12-17,187811,THU PHI CT Vietcombank,6422,1121,19000.0
2023-12-17,188226,THU LAI VAY LD2329300421,6422,1111,445343.0
2023-12-17,188227,THU LAI VAY LD2329600441,6422,1111,379726.0
2023-12-17,188229,THU LAI VAY LD2329900438,6422,1111,379726.0
2023-12-17,188225,THU LAI VAY LD2328900516,6422,1111,568450.0
2023-12-17,187783,Thuế GTGT: THU PHI CT ACB,6422,1121,1900.0
2023-12-18,127198,"Bàn phím vi tính hiệu Rapoo mới 100%. Item no: 19778, Model: V500SE, BLACK_LS Switch Red",6422,1111,3636364.0
2023-12-18,188781,Thuế GTGT: THU PHI CT ACB,6422,1121,1900.0
2023-12-18,127198,"Bàn phím vi tính hiệu Rapoo mới 100%. Item no: 19776, Model: V500SE, Backlit Mechanical Gaming Keyboard US_BLACK_LS",6422,1111,3181818.0
2023-12-18,127198,"Bộ điều khiển Gamepad hiệu Rapoo, V600S Wireless Vibration Gamepad Space Grey",6422,1111,2636364.0
2023-12-18,21424,Máy in laser Canon LBP2900,6422,1111,69400000.0
2023-12-18,2221,Máy in hóa đơn XP-T80L,6422,1111,8072727.0
2023-12-18,2221,Máy in mã vạch XP-350B,6422,1111,3000000.0
2023-12-18,1461,Giá vốn (80%): Chuột máy tính Logitech M185,632,1561,160000.0
2023-12-18,1461,Chuột máy tính Logitech M185,131,511,200000.0
2023-12-18,184636,"Máy tính xách tay Dell Inspiron 15 3530, i7-1355U, 8GB, 512GB SSD, Intel Iris Xe Graphics, 15.6"" FHD, 4C 54Wh, ax+BT, OfficeHS21, McAfee MDS, Win 11, Đen (Carbon Black), 1Y WTY",6422,1111,32363636.0
2023-12-18,427543,DO 0.05S-II,6422,1111,454643.0
2023-12-18,1677,Vỏ thùng máy tính Jetek Game V12A,6422,1111,21818182.0
2023-12-18,11845,Máy hủy giấy Magitech DM-120C,6422,1111,5592592.59
2023-12-18,1464,Giá vốn (80%): Máy In Canon Laser LBP-2900,632,1561,2800000.0
2023-12-18,1464,Máy In Canon Laser LBP-2900,131,511,3500000.0
2023-12-18,1464,Giá vốn (80%): MÁY TÍNH XÁCH TAY (NB)DELL  VOS 15  3530 i5 -1335U/8GD4/512SSD/15.6FHD/120Hz/3C41WHr/W11SL+OFFICEHOME_ST/ProSup/XÁM (80GG9),632,1561,11381818.4
2023-12-18,1464,MÁY TÍNH XÁCH TAY (NB)DELL  VOS 15  3530 i5 -1335U/8GD4/512SSD/15.6FHD/120Hz/3C41WHr/W11SL+OFFICEHOME_ST/ProSup/XÁM (80GG9),131,511,14227273.0
2023-12-18,127198,Tai nghe khung choàng đầu (có dây) hiệu Rapoo VH500C Gaming BLACK,6422,1111,3272727.0
2023-12-18,188781,THU PHI CT ACB,6422,1121,19000.0
2023-12-18,127198,Bộ điều khiển Gamepad V600 E-sports vibration gamepad BLACK,6422,1111,1750000.0
2023-12-18,6684,BỘ LƯU ĐIỆN SANTAK - MÃ HÀNG BLAZER-2200 PRO,6422,1111,3409091.0
2023-12-18,127198,"Bộ bàn phím, chuột máy vi tính hiệu Rapoo 8000M Multi-mode Wireless Keyboard & Mouse US_WHITE",6422,1111,1386364.0
2023-12-18,1459,Giá vốn (80%): Bộ vi xử lý Intel Core i3 -10105 (BX8070110105SRH3P),632,1561,4000000.0
2023-12-18,1463,Giá vốn (80%): Phần mềm Kaspersky KL1867MUAFS,632,1561,672000.0
2023-12-18,1463,Phần mềm Kaspersky KL1867MUAFS,131,511,840000.0
2023-12-18,1458,"Giá vốn (80%): Thiết bị thu phát vô tuyến , TP-LINK,2.4GHz/5GHz,Archer C24",632,1561,552728.0
2023-12-18,1458,"Thiết bị thu phát vô tuyến , TP-LINK,2.4GHz/5GHz,Archer C24",131,511,690910.0
2023-12-18,1458,Giá vốn (80%): Bàn phím Keyboard NK2500,632,1561,189089.6
2023-12-18,1458,Bàn phím Keyboard NK2500,131,511,236362.0
2023-12-18,1458,Giá vốn (80%): Chuột vi tính Rapoo M20,632,1561,203636.8
2023-12-18,127198,"Chuột vi tính hiệu Rapoo mới 100%. Item no: 19846, Model: VT200, IR Optical Gaming Mouse BLACK",6422,1111,1590909.0
2023-12-18,1458,Chuột vi tính Rapoo M20,131,511,254546.0
2023-12-18,493445,MÁY TÍNH XÁCH TAY (NB) DELL VOS 14 3430 i5-1335U/8GD4/512SSD/14.0FHD/3C41WHr/W11SL+OFFICE HOME_ST/2GD6_MX550/ProS/XÁM(60YGM),6422,1111,31636362.0
2023-12-18,493445,MÁY TÍNH ĐỂ BÀN (PC) DELL VOS 3020T i5-13400(10*2.5)/8GD4/512GSSD/SD/WLn/BT5.2/KB/M/W11SL/Pro/ĐEN(6FM7X11),6422,1111,24181818.0
2023-12-18,89061,Bộ vi xử lý vi tính Intel Core i3-10105 (BX8070110105SRH3P) + Quạt,6422,1111,24681817.0
2023-12-18,89061,Bộ nhớ máy vi tính Kingmax 4GB DDR4-2666,6422,1111,2318182.0
2023-12-18,89061,Bộ nhớ máy vi tính Kingmax 8GB DDR4-2400,6422,1111,1886364.0
2023-12-18,89061,Bộ nhớ máy tính xách tay Kingmax 8GB DDR4-2666,6422,1111,1886364.0
2023-12-18,127198,"Chuột vi tính V16RGB màu đen, hiệu Rapoo, mới 100%",6422,1111,1672727.0
2023-12-18,127198,"Bàn phím vi tính V50S màu đen, hiệu Rapoo, mới 100%.",6422,1111,1963636.0
2023-12-18,493445,Chiết khấu thương mại S2023-01814 18/12/2023,6422,1111,1105455.0
2023-12-18,1459,Bộ vi xử lý Intel Core i3 -10105 (BX8070110105SRH3P),131,511,5000000.0
2023-12-18,1459,Giá vốn (80%): Màn hình vi tính SamsungL24R350FHEXXV,632,1561,2116364.0
2023-12-18,1459,"Thiết bị định tuyến 2G/3G/4G băng tần 2.4Ghz TP-Link,TL-MR100",131,511,4254546.0
2023-12-18,1459,Giá vốn (80%): Chuột máy tính Logitech M331,632,1561,2109088.0
2023-12-18,1459,Chuột máy tính Logitech M331,131,511,2636360.0
2023-12-18,1459,Giá vốn (80%): Mạch chính vi tính Gigabyte H510MH V2,632,1561,5636364.0
2023-12-18,1459,Mạch chính vi tính Gigabyte H510MH V2,131,511,7045455.0
2023-12-18,1459,Giá vốn (80%): Máy tính để  bàn Dell Ins 3881MT i3 -10100/8GD4(0K2RY1),632,1561,19898181.6
2023-12-18,1459,Máy tính để  bàn Dell Ins 3881MT i3 -10100/8GD4(0K2RY1),131,511,24872727.0
2023-12-18,1459,Giá vốn (80%): Máy tính để  bàn HP Pro i3 -10100/4G (22C51PA),632,1561,13090908.8
2023-12-18,1459,Máy tính để  bàn HP Pro i3 -10100/4G (22C51PA),131,511,16363636.0
2023-12-18,1459,"Máy tính để  bàn HP 20-c403d AIO,J5005(WTY-3JU96AA)70162689",131,511,7200000.0
2023-12-18,1460,"Giá vốn (80%): Thiết bị thu phát vô tuyến TP-Link,TL-WN822N",632,1561,210908.8
2023-12-18,1460,"Thiết bị thu phát vô tuyến TP-Link,TL-WN822N",131,511,263636.0
2023-12-18,1462,"Giá vốn (80%): Ổ cứng gắn trong 240GBSSD Exceria Bics Flash 2.5"" Sata3 Kioxia",632,1561,509091.2
2023-12-18,1462,"Ổ cứng gắn trong 240GBSSD Exceria Bics Flash 2.5"" Sata3 Kioxia",131,511,636364.0
2023-12-18,1462,Giá vốn (80%): Bộ nhớ  Máy Tính Xách TayKingmax 4GB DDR4 - 2666,632,1561,290908.8
2023-12-18,1462,Bộ nhớ  Máy Tính Xách TayKingmax 4GB DDR4 - 2666,131,511,363636.0
2023-12-18,1462,Giá vốn (80%): Chuột máy tính Logitech M221,632,1561,181818.4
2023-12-18,1462,Chuột máy tính Logitech M221,131,511,227273.0
2023-12-18,1459,Cạc màn hình Asus GT730-SL- 2GD5 - BRK,131,511,7200000.0
2023-12-18,1459,Giá vốn (80%): Cạc màn hình Asus GT730-SL- 2GD5 - BRK,632,1561,5760000.0
2023-12-18,1459,"Giá vốn (80%): Máy tính để  bàn HP 20-c403d AIO,J5005(WTY-3JU96AA)70162689",632,1561,5760000.0
2023-12-18,1459,Giá vốn (80%): Cạc màn hình MSI RX550 AERO ITX2GOC,632,1561,3738182.4
2023-12-18,1459,Cạc màn hình MSI RX550 AERO ITX2GOC,131,511,4672728.0
2023-12-18,1459,Giá vốn (80%): Bộ nhớ  Máy Tính Xách TayKingmax 4GB DDR4 - 2666,632,1561,3927280.0
2023-12-18,1459,Bộ nhớ  Máy Tính Xách TayKingmax 4GB DDR4 - 2666,131,511,4909100.0
2023-12-18,1459,Giá vốn (80%): Bảng mạch chính Asus Ex- B365M-V,632,1561,2109089.6
2023-12-18,1459,Bảng mạch chính Asus Ex- B365M-V,131,511,2636362.0
2023-12-18,1459,Giá vốn (80%): Bàn phím + Chuột LogitechMK240,632,1561,3054544.0
2023-12-18,1459,Giá vốn (80%): Bàn phím + Chuột LogitechMK220,632,1561,1309088.0
2023-12-18,1459,Bàn phím + Chuột LogitechMK220,131,511,1636360.0
2023-12-18,1459,Giá vốn (80%): Máy In Canon Laser LBP-2900,632,1561,13880000.0
2023-12-18,1459,Bàn phím + Chuột LogitechMK240,131,511,3818180.0
2023-12-18,1459,Máy In Canon Laser LBP-2900,131,511,17350000.0
2023-12-18,1459,Giá vốn (80%): Cạc màn hình Asus Cerberus GTX1050TI - O4G,632,1561,7200000.0
2023-12-18,1459,Card VGA ASUS TUF-GTX1650 - 4GD6 - Gaming,131,511,15163636.0
2023-12-18,1459,Giá vốn (80%): Card VGA ASUS TUF-GTX1650 - 4GD6 - Gaming,632,1561,12130908.8
2023-12-18,1459,"Màn hình LCD VIEWSONICVA2261-2/22""",131,511,4000000.0
2023-12-18,1459,Cạc màn hình Asus Cerberus GTX1050TI - O4G,131,511,9000000.0
2023-12-18,1459,Màn hình vi tính SamsungL24R350FHEXXV,131,511,2645455.0
2023-12-18,1459,"Giá vốn (80%): Thiết bị định tuyến 2G/3G/4G băng tần 2.4Ghz TP-Link,TL-MR100",632,1561,3403636.8
2023-12-18,1459,"Giá vốn (80%): Màn hình LCD VIEWSONICVA2261-2/22""",632,1561,3200000.0
2023-12-19,1466,"Ổ cứng gắn trong Western Digital 1TB-3.5""(WD10EZEX)",131,511,2145454.0
2023-12-19,1466,"Bộ chuột,bàn phím máy vi tính X1800S",131,511,263636.0
2023-12-19,1466,Giá vốn (80%): Loa SoundMax A130/2.0,632,1561,247272.0
2023-12-19,1466,Loa SoundMax A130/2.0,131,511,309090.0
2023-12-19,1466,Giá vốn (80%): Màn hình VIEWSONICVA1903A/19'' LCD MONITOR,632,1561,2109091.2
2023-12-19,1466,Màn hình VIEWSONICVA1903A/19'' LCD MONITOR,131,511,2636364.0
2023-12-19,1466,"Giá vốn (80%): Hộp mực (cartridge) đã có mực in dùng cho máy inlaser, loại LH2612A (HP1010/1012/3050/FX9) , hiệuMaetone",632,1561,545456.0
2023-12-19,1466,"Hộp mực (cartridge) đã có mực in dùng cho máy inlaser, loại LH2612A (HP1010/1012/3050/FX9) , hiệuMaetone",131,511,681820.0
2023-12-19,1466,"Giá vốn (80%): Ổ cứng gắn trong Western Digital 1TB-3.5""(WD10EZEX)",632,1561,1716363.2
2023-12-19,1466,Giá vốn (80%): Nguồn Jetek Model 400ELITE V2,632,1561,1472728.0
2023-12-19,494469,MÁY TÍNH XÁCH TAY (NB) HP 14s-dq5122TU i3-1215U/8GD4/256GSSD/14.0FHD/Wlac/BT5/3C41WHr/W11SL/BẠC(8W356PA),6422,1111,9591818.0
2023-12-19,1465,Giá vốn (80%): Máy hủy giấy Magitech DM - 120C,632,1561,2733333.6
2023-12-19,1465,Máy hủy giấy Magitech DM - 120C,131,511,3416667.0
2023-12-19,494469,MÁY TÍNH XÁCH TAY (NB) HP 240 G10 i3-1315U/8G/256GSSD/14.0FHD/WL/BT/3C/W11SL/BẠC(8F129PA),6422,1111,20785454.0
2023-12-19,494469,MÁY TÍNH XÁCH TAY (NB) HP Pavilion X360 14-ek1048TU i5-1335U/8G/512GSSD/14.0FHDT/PEN/FP/WL/BT/3C/W11SL/VÀNG(80R26PA),6422,1111,18312727.0
2023-12-19,494469,MÁY TÍNH XÁCH TAY (NB) HP Pavilion 15-eg3092TU i7-1355U/8GD4/512GSSD/15.6FHD/WLax/BT5/3C41WHr/ALUp/W11SL/VÀNG(8C5L3PA),6422,1111,19192727.0
2023-12-19,494469,MÁY TÍNH XÁCH TAY (NB) HP Pavilion 15-eg3033TX i5-1335U/16GD4/512GSSD/15.6FHD/WL/BT/3C41WHr/ALUp/W11SL/2G_MX550/VÀNG(8U6L6PA),6422,1111,17832727.0
2023-12-19,494469,MÁY TÍNH XÁCH TAY (NB) HP Pavilion 15-eg3099TU i3-1315U/8GD4/256GSSD/15.6FHD/WLax/BT5/3C41WHr/ALUp/W11SL/BẠC(8C5M0PA),6422,1111,12232727.0
2023-12-19,494469,MÁY TÍNH XÁCH TAY (NB) HP 14s-dq5121TU i3-1215U/8GD4/512GSSD/14.0FHD/Wlac/BT5/3C41WHr/W11SL/BẠC(8W355PA),6422,1111,10391818.0
2023-12-19,1466,"Giá vốn (80%): Bộ chuột,bàn phím máy vi tính X1800S",632,1561,210908.8
2023-12-19,1466,Nguồn Jetek Model 400ELITE V2,131,511,1840910.0
2023-12-19,1466,Tai nghe Logitech H151,131,511,736362.0
2023-12-19,1470,Giá vốn (80%): Dây cáp mạng(xoắn) Ensoho EN-U5CA24 UTP Cat5e,632,1561,945454.4
2023-12-19,1466,Ổ CỨNG VI TÍNH ( SSD) Lexar  SSDNS100 256GB Sata III6Gbs ( LNS100-256RB)(LNS100-256RB,131,511,2045455.0
2023-12-19,1471,Giá vốn (80%): Mực Laser TN-2385 Brother,632,1561,327272.8
2023-12-19,1471,Mực Laser TN-2385 Brother,131,511,409091.0
2023-12-19,494848,Chiết khấu thương mại S2023-01701 24/11/2023,6422,1111,3213637.0
2023-12-19,1470,Dây cáp mạng(xoắn) Ensoho EN-U5CA24 UTP Cat5e,131,511,1181818.0
2023-12-19,1470,"Giá vốn (80%): Thiết bị định tuyến TP-Link 2.4GHz,Archer C6",632,1561,400000.0
2023-12-19,1470,"Thiết bị định tuyến TP-Link 2.4GHz,Archer C6",131,511,500000.0
2023-12-19,1470,"Giá vốn (80%): Thiết bị chuyển  mạch TP-Link, TL - SF1024D",632,1561,618181.6
2023-12-19,1470,"Thiết bị chuyển  mạch TP-Link, TL - SF1024D",131,511,772727.0
2023-12-19,1468,Giá vốn (80%): Bộ lưu điện Santak - TG500,632,1561,836364.0
2023-12-19,1468,Bộ lưu điện Santak - TG500,131,511,1045455.0
2023-12-19,1469,Giá vốn (80%): Chuột máy tính Dell MS116,632,1561,283636.8
2023-12-19,1469,Chuột máy tính Dell MS116,131,511,354546.0
2023-12-19,1467,Giá vốn (80%): Phần mềm Kaspersky KL1867MUAFS,632,1561,416000.0
2023-12-19,1467,Phần mềm Kaspersky KL1867MUAFS,131,511,520000.0
2023-12-19,1467,Giá vốn (80%): Phần mềm Kaspersky KL1171MUAFS,632,1561,384000.0
2023-12-19,1467,Phần mềm Kaspersky KL1171MUAFS,131,511,480000.0
2023-12-19,1466,Giá vốn (80%): Máy In Canon Laser LBP-2900,632,1561,2800000.0
2023-12-19,1466,Máy In Canon Laser LBP-2900,131,511,3500000.0
2023-12-19,1466,Giá vốn (80%): Ổ CỨNG VI TÍNH ( SSD)Lexar SSDNS100 512GB Sata III 6Gbs ( LNS100-512RB)(LNS100-512RB),632,1561,1636363.2
2023-12-19,1466,Ổ CỨNG VI TÍNH ( SSD)Lexar SSDNS100 512GB Sata III 6Gbs ( LNS100-512RB)(LNS100-512RB),131,511,2045454.0
2023-12-19,1466,Giá vốn (80%): Ổ CỨNG VI TÍNH ( SSD) Lexar  SSDNS100 256GB Sata III6Gbs ( LNS100-256RB)(LNS100-256RB,632,1561,1636364.0
2023-12-19,1466,Giá vốn (80%): Tai nghe Logitech H151,632,1561,589089.6
2023-12-19,494848,CHUỘT VI TÍNH (MOUSE) LOGITECH B175 WIRELESS/OPTICAL/AA/ĐEN (BLACK)/NB(910-002635),6422,1111,6636350.0
2023-12-19,5383,MÁY TÍNH XÁCH TAY (NB) HP Pavilion 15-eg3098TU i3-1315U/8GD4/256GSSD/15.6FHD/WLax/BT5/3C41WHr/ALUp/W11SL/VÀNG(8C5L9PA),6422,1111,24465454.0
2023-12-19,27932,Chíp vi xử lý INTEL CORE I5 12400 - 2.50GHZ (BX8071512400   S RL5Y)+Quạt,6422,1111,3772727.0
2023-12-19,1474,Bộ nhớ Máy Tính Xách Tay Kingmax 4GB DDR4 - 2666,131,511,4909100.0
2023-12-19,1474,Giá vốn (80%): Cạc màn hình Asus CerberusGTX1050TI - O4G,632,1561,4800000.0
2023-12-19,1474,Cạc màn hình Asus CerberusGTX1050TI - O4G,131,511,6000000.0
2023-12-19,1474,"Giá vốn (80%): Máy tính xách tay   HP 240G8 (i3-1005G1/4GB DDR4;256GB SSD,14.0FHD Wlac,BT4.2, 3C41WHr,W11SL_617K5PA",632,1561,11200000.0
2023-12-19,1474,"Máy tính xách tay   HP 240G8 (i3-1005G1/4GB DDR4;256GB SSD,14.0FHD Wlac,BT4.2, 3C41WHr,W11SL_617K5PA",131,511,14000000.0
2023-12-19,1474,Giá vốn (80%): Chuột máy tính LogitechM221,632,1561,2400000.0
2023-12-19,1474,Chuột máy tính LogitechM221,131,511,3000000.0
2023-12-19,1474,Giá vốn (80%): Bàn phím + Chuột LogitechMK220,632,1561,1570910.4
2023-12-19,1474,Bàn phím + Chuột LogitechMK220,131,511,1963638.0
2023-12-19,1474,Giá vốn (80%): Bộ nhớ Máy Tính Xách Tay Kingmax 4GB DDR4 - 2666,632,1561,3927280.0
2023-12-19,1474,Giá vốn (80%): Cạc màn hình Asus GT730-SL- 2GD5 - BRK,632,1561,2880000.0
2023-12-19,1474,Giá vốn (80%): Máy tính xách tay (NB)Lenovo IdeaPad 3 15 IAU7 i3-1215U/8GD4/512GSSD/15.6FHD (82RK001NVN),632,1561,14981817.6
2023-12-19,1474,Máy tính xách tay (NB)Lenovo IdeaPad 3 15 IAU7 i3-1215U/8GD4/512GSSD/15.6FHD (82RK001NVN),131,511,18727272.0
2023-12-19,1474,Giá vốn (80%): Máy tính xách tay(NB) Lenovo IdeaPad 3 14 IAU7 i3-1215U/8GD4/512GSSD/14.0FHD(82RJ001AVN),632,1561,14981817.6
2023-12-19,1474,Máy tính xách tay(NB) Lenovo IdeaPad 3 14 IAU7 i3-1215U/8GD4/512GSSD/14.0FHD(82RJ001AVN),131,511,18727272.0
2023-12-19,1474,Giá vốn (80%): Máy tính xách tay AsusA415EA - EBI750W (i3-1125G4/8GB/256GB (90NB0RLB-M32730),632,1561,15854545.6
2023-12-19,1474,Máy tính xách tay AsusA415EA - EBI750W (i3-1125G4/8GB/256GB (90NB0RLB-M32730),131,511,19818182.0
2023-12-19,1475,BỘ LƯU ĐIỆN SANTAK - MÃ HÀNG BLAZER - 2200 PRO,131,511,4172727.0
2023-12-19,1472,Giá vốn (80%): Máy Tính Xách Tay (NB) DellVos 13 5320 i5 -1240P/8GD5/256SSD/13.3FHD (M32DH1),632,1561,14254545.6
2023-12-19,1472,Máy Tính Xách Tay (NB) DellVos 13 5320 i5 -1240P/8GD5/256SSD/13.3FHD (M32DH1),131,511,17818182.0
2023-12-19,1474,Cạc màn hình Asus GT730-SL- 2GD5 - BRK,131,511,3600000.0
2023-12-19,1474,Cạc màn hình Asus PH - GTX1650 - 4G,131,511,5727272.0
2023-12-19,1475,Giá vốn (80%): BỘ LƯU ĐIỆN SANTAK - MÃ HÀNG BLAZER - 2200 PRO,632,1561,3338181.6
2023-12-19,1474,"Thiết bị định tuyến TP-Link 2.4GHz,Archer C6",131,511,4545450.0
2023-12-19,1474,Giá vốn (80%): Cạc màn hình Asus PH - GTX1650 - 4G,632,1561,4581817.6
2023-12-19,27932,Bộ nhớ trong của máy vi tính KINGSTON 16G D4 - 3200U22 1RX8 UDIMM   (KVR32N22S8/16),6422,1111,7045450.0
2023-12-19,27932,Chíp vi xử lý INTEL CORE I3 10105 - 3.70 GHZ (BX8070110105   S RH3P) + Quạt,6422,1111,7445454.0
2023-12-19,2012,MÁY IN LASER ĐEN TRẮNG ĐƠN NĂNG CANON I-SENSYS LBP233DW (5162C008BA),6422,1111,9272727.0
2023-12-19,11886,Máy in Canon LBP 233DW,6422,1111,4636363.64
2023-12-19,1473,"Giá vốn (80%): MÁY TÍNH XÁCH TAY DELL INSPIRON 3530, i7-1355U",632,1561,19047272.8
2023-12-19,1473,"MÁY TÍNH XÁCH TAY DELL INSPIRON 3530, i7-1355U",131,511,23809091.0
2023-12-19,1474,Giá vốn (80%): Bộ vi xử lý  Celeron G5920(BX80701G5920SHR42),632,1561,981818.4
2023-12-19,1474,Bộ vi xử lý  Celeron G5920(BX80701G5920SHR42),131,511,1227273.0
2023-12-19,1474,Giá vốn (80%): Bộ vi xử  lý Intel Pentium G6405(BX80701G6405SRH3Z),632,1561,4509091.2
2023-12-19,27932,Bảng mạch chính của máy vi tính hiệu ASUS PRIME  H610M -K D4 - SI,6422,1111,7936365.0
2023-12-19,1474,Giá vốn (80%): Máy In Canon Laser LBP - 2900,632,1561,13880000.0
2023-12-19,1474,Bộ vi xử  lý Intel Pentium G6405(BX80701G6405SRH3Z),131,511,5636364.0
2023-12-19,1474,"Thiết bị đầu cuối W-CDMA FDD 2.4GHz TP-Link, M7200",131,511,6363630.0
2023-12-19,1474,"Giá vốn (80%): Thiết bị đầu cuối W-CDMA FDD 2.4GHz TP-Link, M7200",632,1561,5090904.0
2023-12-19,1474,Mạch chính vi tính Gigabyte H510MH V2,131,511,4227273.0
2023-12-19,1474,"Giá vốn (80%): Thiết bị định tuyến TP-Link 2.4GHz,Archer C6",632,1561,3636360.0
2023-12-19,1474,"Ổ cứng gắn trong WesternDigital 1TB - 3.5""(WD10EZEX)",131,511,4090910.0
2023-12-19,1474,"Giá vốn (80%): Ổ cứng gắn trong WesternDigital 1TB - 3.5""(WD10EZEX)",632,1561,3272728.0
2023-12-19,1474,Máy In Canon Laser LBP - 2900,131,511,17350000.0
2023-12-19,1474,Giá vốn (80%): Mạch chính vi tính Gigabyte H510MH V2,632,1561,3381818.4
2023-12-20,1477,Đầu ghi hình DS - 7632NXI-K2,131,511,4990909.0
2023-12-20,211,Hộp mực in iziNet 12A/303/FX9 Universal,6422,1111,4500000.0
2023-12-20,1476,Máy In Canon Laser LBP - 2900,131,511,3590909.0
2023-12-20,1486,Giá vốn (80%): Máy in đa năng Canon G1010,632,1561,3912727.2
2023-12-20,1486,Máy in đa năng Canon G1010,131,511,4890909.0
2023-12-20,14043,bản quyền phần mềm kaspersky dùng cho máy tính Kaspersky Plus SEA 1-Dvc 1Y BsRP ( KL 10424UAFS ),6422,1111,248000.0
2023-12-20,14043,bản quyền phần mềm kaspersky dùng cho máy tính Kaspersky Plus SEA 5-Dvc 1Y BsRP ( KL 10424UEFS ),6422,1111,2355000.0
2023-12-20,1476,Giá vốn (80%): Máy In Canon Laser LBP - 2900,632,1561,2872727.2
2023-12-20,1478,Bàn phím Logitech GamingG413 TKL SE,131,511,1136363.0
2023-12-20,1478,Chuột máy tính Logitech G102,131,511,345454.0
2023-12-20,1478,Giá vốn (80%): Bàn phím Logitech GamingG413 TKL SE,632,1561,909090.4
2023-12-20,1478,Giá vốn (80%): Cạc màn hình Gigabyte 8GBGV-N3050GAMING OC-8GD,632,1561,7527272.8
2023-12-20,1478,Cạc màn hình Gigabyte 8GBGV-N3050GAMING OC-8GD,131,511,9409091.0
2023-12-20,1478,"Giá vốn (80%): Màn hình vi tính Dell  LCD -E2720H  27""- WHD -3Y",632,1561,5818182.4
2023-12-20,1478,"Màn hình vi tính Dell  LCD -E2720H  27""- WHD -3Y",131,511,7272728.0
2023-12-20,8659,Thuế GTGT: TP CK CTY TG SO,1331,1111,4000.0
2023-12-20,1479,Giá vốn (80%): Chuột máy tính LogitechM185,632,1561,145454.4
2023-12-20,1478,Giá vốn (80%): Chuột máy tính Logitech G102,632,1561,276363.2
2023-12-20,1477,Giá vốn (80%): Đầu ghi hình DS - 7632NXI-K2,632,1561,3992727.2
2023-12-20,1477,Chuột vi tính Rapoo M20,131,511,172727.0
2023-12-20,1477,"Giá vốn (80%): Camera quan sát CS-H8C (4MP,4MM)",632,1561,15163636.0
2023-12-20,1479,Chuột máy tính LogitechM185,131,511,181818.0
2023-12-20,8659,TP CK CTY TG SO,6422,1111,40000.0
2023-12-20,1484,"Giá vốn (80%): Hộp mực (Catridge) đã có mực in dùng cho máy in laser loại83A, nhãn hiệu Xppro",632,1561,254545.6
2023-12-20,1484,"Hộp mực (Catridge) đã có mực in dùng cho máy in laser loại83A, nhãn hiệu Xppro",131,511,318182.0
2023-12-20,1477,"Giá vốn (80%): Cáp mạng Cat 6 FTP , Hiệu Aptek",632,1561,6109091.2
2023-12-20,1477,"Cáp mạng Cat 6 FTP , Hiệu Aptek",131,511,7636364.0
2023-12-20,1477,Giá vốn (80%): Đầu bấm dây cáp mạng Ensoho EN-RJ45C5 RJ-45 cat5e,632,1561,1309091.2
2023-12-20,1477,Đầu bấm dây cáp mạng Ensoho EN-RJ45C5 RJ-45 cat5e,131,511,1636364.0
2023-12-20,1477,Giá vốn (80%): Chuột vi tính Rapoo M20,632,1561,138181.6
2023-12-20,1477,"Giá vốn (80%): Thiết bị chuyển  mạch TP-Link,TL - SF1008D",632,1561,254545.6
2023-12-20,1477,"Thiết bị chuyển  mạch TP-Link,TL - SF1008D",131,511,318182.0
2023-12-20,1477,Giá vốn (80%): Cáp dữ liệu VIDEO HDMI 1.4 truyền âm thanh hình ảnh dài1.5M Ugreen (60820),632,1561,183272.8
2023-12-20,1477,Cáp dữ liệu VIDEO HDMI 1.4 truyền âm thanh hình ảnh dài1.5M Ugreen (60820),131,511,229091.0
2023-12-20,1477,Giá vốn (80%): Ổ cứng hiệu Western WD40EFRX  4TB,632,1561,2043636.0
2023-12-20,1477,Ổ cứng hiệu Western WD40EFRX  4TB,131,511,2554545.0
2023-12-20,1477,"Giá vốn (80%): Thiêt bị chuyển mạch TP-Link,TL-SF1016D",632,1561,356364.0
2023-12-20,1477,"Thiêt bị chuyển mạch TP-Link,TL-SF1016D",131,511,445455.0
2023-12-20,1477,"Camera quan sát CS-H8C (4MP,4MM)",131,511,18954545.0
2023-12-20,1487,Giá vốn (80%): Bộ vi xử lý  Intel Pentium G5400,632,1561,2836363.2
2023-12-20,1482,"Giá vốn (80%): Ổ cứng gắn trong 480GBSSD Exceria Bics Flash 2.5"" Sata3 Kioxia",632,1561,800000.0
2023-12-20,1487,Giá vốn (80%): Vỏ thùng máy tính Jetek A3033B,632,1561,501818.4
2023-12-20,1482,Giá vốn (80%): Bộ vi xử lý vi tính Intel Corei3-10105 (BX8070110105SRH3P) +Quạt,632,1561,2000000.0
2023-12-20,1482,Bộ vi xử lý vi tính Intel Corei3-10105 (BX8070110105SRH3P) +Quạt,131,511,2500000.0
2023-12-20,1482,"Giá vốn (80%): Ổ cứng gắn trong WesternDigital 1TB - 3.5""(WD10EZEX)",632,1561,800000.0
2023-12-20,1482,"Ổ cứng gắn trong WesternDigital 1TB - 3.5""(WD10EZEX)",131,511,1000000.0
2023-12-20,1483,Giá vốn (80%): MÁY TÍNH XÁCH TAY (NB) LENOVO V14 G3 IAP i3-1215U/8GD4/256GSSD/14.0FHD/IPS/WL/BT/2C38/NoOS/ĐEN (82TS0060VN),632,1561,6036364.0
2023-12-20,1483,MÁY TÍNH XÁCH TAY (NB) LENOVO V14 G3 IAP i3-1215U/8GD4/256GSSD/14.0FHD/IPS/WL/BT/2C38/NoOS/ĐEN (82TS0060VN),131,511,7545455.0
2023-12-20,14019,bản quyền phần mềm kaspersky dùng cho máy tính Kaspersky Plus SEA 5-Dvc 1Y BsRP ( KL 10424UEFS ),6422,1111,11775000.0
2023-12-20,89585,Chiết khấu bán hàng-23GL-HV-542,131,511,1818182.0
2023-12-20,89585,"Máy tính xách tay MSI GF63 12UC-887VN (i7-12650H; 8GB; 512GB SSD; RTX3050/4GB; 15.6"" FHD 144Hz; Win11; Đen)",6422,1111,17045454.0
2023-12-20,8658,Thuế GTGT: TP CK CTY MICROSUN,1331,1111,2300.0
2023-12-20,8658,TP CK CTY MICROSUN,6422,1111,23000.0
2023-12-20,189916,THU LAI VAY LD2331900242,6422,1111,449215.0
2023-12-20,1485,Giá vốn (80%): Bộ nhớ máy tính Kingmax 4GB DDR4 - 2666,632,1561,1963636.0
2023-12-20,1485,Bộ nhớ máy tính Kingmax 4GB DDR4 - 2666,131,511,2454545.0
2023-12-20,1485,Giá vốn (80%): Mạch chính vi tính GigabyteH410MH V2,632,1561,5454545.6
2023-12-20,1485,Mạch chính vi tính GigabyteH410MH V2,131,511,6818182.0
2023-12-20,1487,Bộ vi xử lý  Intel Pentium G5400,131,511,3545454.0
2023-12-20,1482,Bộ nhớ máy tính xách tayKingmax  8GB-DDR4-2400,131,511,400000.0
2023-12-20,1482,Giá vốn (80%): Bộ nhớ máy tính xách tayKingmax  8GB-DDR4-2400,632,1561,320000.0
2023-12-20,89585,"Con chuột của máy vi tính hiệu MSI model M99, mới 100%",6422,1111,136364.0
2023-12-20,1481,Bản quyền phần mềm kaspersky dùng cho máy tính Kaspersky Plus SEA 5-Dvc 1Y BsRP ( KL 10424UEFS ),131,511,11700000.0
2023-12-20,1487,Vỏ thùng máy tính Jetek A3033B,131,511,627273.0
2023-12-20,1482,"Ổ cứng gắn trong 480GBSSD Exceria Bics Flash 2.5"" Sata3 Kioxia",131,511,1000000.0
2023-12-20,1487,Giá vốn (80%): Cạc màn hình Asus GT730-SL-2GD5-BRK,632,1561,974545.6
2023-12-20,1487,Cạc màn hình Asus GT730-SL-2GD5-BRK,131,511,1218182.0
2023-12-20,1487,Giá vốn (80%): Bộ nhớ máy tính xách tay Kingmax 8GB DDR4-2666,632,1561,1250908.8
2023-12-20,1487,Bộ nhớ máy tính xách tay Kingmax 8GB DDR4-2666,131,511,1563636.0
2023-12-20,1487,Bảng mạch chính AsusPrime H510MK,131,511,1409091.0
2023-12-20,247543,"Máy tính xách tay Lenovo ThinkPad E14 Gen 5, i5-1335U, 8GB, 512GB SSD, Intel Iris Xe Graphics, 14"" WUXGA IPS, 3C 47Wh, ax+BT, FP, No OS, Đen (Black), 2Y WTY_21JK006QVA",6422,1111,30000000.0
2023-12-20,1480,Giá vốn (80%): Chuột máy tính Logitech -B100,632,1561,58181.6
2023-12-20,1487,Giá vốn (80%): Bảng mạch chính AsusPrime H510MK,632,1561,1127272.8
2023-12-20,1480,Chuột máy tính Logitech -B100,131,511,72727.0
2023-12-20,1481,Giá vốn (80%): Bản quyền phần mềm kaspersky dùng cho máy tính Kaspersky Plus SEA 5-Dvc 1Y BsRP ( KL 10424UEFS ),632,1561,9360000.0
2023-12-20,1481,Giá vốn (80%): Bản quyền phần mềm kaspersky dùng cho máy tính Kaspersky Plus SEA 1-Dvc 1Y BsRP ( KL 10424UAFS ),632,1561,240000.0
2023-12-20,1480,Máy in mã vạch XP - 350B,131,511,3181818.0
2023-12-20,1481,Bản quyền phần mềm kaspersky dùng cho máy tính Kaspersky Plus SEA 1-Dvc 1Y BsRP ( KL 10424UAFS ),131,511,300000.0
2023-12-20,1480,ĐẦU ĐỌC MÃ VẠCH EC331,131,511,772727.0
2023-12-20,1480,Giá vốn (80%): ĐẦU ĐỌC MÃ VẠCH EC331,632,1561,618181.6
2023-12-20,1480,Giá vốn (80%): Máy in mã vạch XP - 350B,632,1561,2545454.4
2023-12-21,1499,Giá vốn (80%): MÀN HÌNH VI TÍNH (LCD) PHILIPS 271V8LA/74 /27INCH/VA-LCD/WLED/75Hz/4ms/250cd/m2/3000:1/VGA/HDMI/ĐEN(BLACK)(271V8LA/74),632,1561,1883636.0
2023-12-21,1489,Giá vốn (80%): Hộp mực in Izinet 12A/303/FX9,632,1561,123636.0
2023-12-21,1490,Bút trình chiếu Newmen P026,131,511,254545.0
2023-12-21,1489,Hộp mực in Izinet 12A/303/FX9,131,511,154545.0
2023-12-21,1499,Giá vốn (80%): Máy in Brother HL-L2321D,632,1561,2109091.2
2023-12-21,1499,Máy in Brother HL-L2321D,131,511,2636364.0
2023-12-21,1499,Giá vốn (80%): Máy in Epson L8050,632,1561,5600000.0
2023-12-21,1499,Máy in Epson L8050,131,511,7000000.0
2023-12-21,1499,MÀN HÌNH VI TÍNH (LCD) PHILIPS 271V8LA/74 /27INCH/VA-LCD/WLED/75Hz/4ms/250cd/m2/3000:1/VGA/HDMI/ĐEN(BLACK)(271V8LA/74),131,511,2354545.0
2023-12-21,1498,Giá vốn (80%): Nguồn máy tính Corsair CX650/CP-9020122-NA,632,1561,3229092.0
2023-12-21,1499,"Card PCIe Adapter TP-Link,TL-WN881ND",131,511,263636.0
2023-12-21,1499,Giá vốn (80%): Bộ máy vi tính,632,1561,5156364.0
2023-12-21,1499,Bộ máy vi tính,131,511,6445455.0
2023-12-21,1498,Giá vốn (80%): Vỏ thùng máy tính Jetek Squid  Z1,632,1561,654545.6
2023-12-21,1498,Vỏ thùng máy tính Jetek Squid  Z1,131,511,818182.0
2023-12-21,1498,"Giá vốn (80%): Ổ cứng di động SeagateExpansion 2TB 2.5""(STEA2000400)",632,1561,3200000.0
2023-12-21,1498,"Ổ cứng di động SeagateExpansion 2TB 2.5""(STEA2000400)",131,511,4000000.0
2023-12-21,1498,Nguồn máy tính Corsair CX650/CP-9020122-NA,131,511,4036365.0
2023-12-21,1490,Giá vốn (80%): Bút trình chiếu Newmen P026,632,1561,203636.0
2023-12-21,1499,"Giá vốn (80%): Card PCIe Adapter TP-Link,TL-WN881ND",632,1561,210908.8
2023-12-21,1490,"Thiết bị chuyển mạch TP-Link,TL-SG1008D",131,511,418182.0
2023-12-21,190563,THU PHI CT VietinBank,6422,1121,19000.0
2023-12-21,1490,Đầu bấm dây cáp mạng hiệu ENSOHO mã EN-RJ45C6B RJ-45 Cat6e,131,511,227273.0
2023-12-21,191226,THU LAI VAY LD2335500531,6422,1111,31644.0
2023-12-21,191225,THU LAI VAY LD2334900621,6422,1111,265219.0
2023-12-21,190563,Thuế GTGT: THU PHI CT VietinBank,6422,1121,1900.0
2023-12-21,1498,"Giá vốn (80%): Ỏ cứng gắn trong Western Digital 2TB - 3.5""(WD20EZAZ)",632,1561,2880000.0
2023-12-21,191219,THU LAI VAY LD2332800445,6422,1111,419462.0
2023-12-21,191222,THU LAI VAY LD2333400522,6422,1111,748052.0
2023-12-21,191223,THU LAI VAY LD2333900651,6422,1111,412819.0
2023-12-21,1492,Giá vốn (80%): Cáp truyền dữ liệu HDMI 1.4 dài 3m Ugreen (10108),632,1561,130908.8
2023-12-21,1492,Cáp truyền dữ liệu HDMI 1.4 dài 3m Ugreen (10108),131,511,163636.0
2023-12-21,1490,"Giá vốn (80%): Thiết bị chuyển mạch TP-Link,TL-SG1008D",632,1561,334545.6
2023-12-21,1492,Giá vốn (80%): Máy chiếu đa năng ViewSonic LS500WHE,632,1561,11563636.8
2023-12-21,1491,Giá vốn (80%): Hộp mực in Izinet 12A/303/FX9,632,1561,800000.0
2023-12-21,1491,Hộp mực in Izinet 12A/303/FX9,131,511,1000000.0
2023-12-21,1491,Giá vốn (80%): Bộ nguồn  Gigabyte GP-P550B 550W,632,1561,618181.6
2023-12-21,1491,Bộ nguồn  Gigabyte GP-P550B 550W,131,511,772727.0
2023-12-21,1491,Giá vốn (80%): Chuột máy tính Logitech G102,632,1561,552728.0
2023-12-21,1491,Chuột máy tính Logitech G102,131,511,690910.0
2023-12-21,1491,Giá vốn (80%): Bàn phím Logitech K380,632,1561,785454.4
2023-12-21,1491,Bàn phím Logitech K380,131,511,981818.0
2023-12-21,1490,Giá vốn (80%): Đầu bấm dây cáp mạng hiệu ENSOHO mã EN-RJ45C6B RJ-45 Cat6e,632,1561,181818.4
2023-12-21,1492,Máy chiếu đa năng ViewSonic LS500WHE,131,511,14454546.0
2023-12-21,1498,"Ỏ cứng gắn trong Western Digital 2TB - 3.5""(WD20EZAZ)",131,511,3600000.0
2023-12-21,1495,"Thiết bị chuyển mạch TP-Link,TL-SG1008D",131,511,409091.0
2023-12-21,1498,Bàn phím Logitech K380,131,511,1472727.0
2023-12-21,1498,Giá vốn (80%): Bàn phím Logitech K380,632,1561,1178181.6
2023-12-21,129015,"Chuột vi tính hiệu Rapoo mới 100%. Item no: 18823, Model: M20, Wireless Optical Mouse BLACK",6422,1111,5227273.0
2023-12-21,129015,"Chuột vi tính V16RGB màu đen, hiệu Rapoo, mới 100%",6422,1111,4181818.0
2023-12-21,129015,"Bàn phím vi tính V50S màu đen, hiệu Rapoo, mới 100%.",6422,1111,4909091.0
2023-12-21,129015,"Chuột vi tính hiệu Rapoo mới 100%. Item no: 19846, Model: VT200, IR Optical Gaming Mouse BLACK",6422,1111,1590909.0
2023-12-21,129015,Bộ điều khiển Gamepad V600 E-sports vibration gamepad BLACK,6422,1111,2450000.0
2023-12-21,129015,Tai nghe khung choàng đầu (có dây) hiệu Rapoo VH500C Gaming BLACK,6422,1111,2863636.0
2023-12-21,129015,"Bộ điều khiển Gamepad hiệu Rapoo, V600S Wireless Vibration Gamepad Space Grey",6422,1111,1054545.0
2023-12-21,129015,"Bộ điều khiển Gamepad hiệu Rapoo, V600S Wireless Vibration Gamepad Sierra Blue",6422,1111,1054545.0
2023-12-21,129015,"Bộ điều khiển Gamepad hiệu Rapoo, V600S Wireless Vibration Gamepad Starry Silver",6422,1111,1054545.0
2023-12-21,497962,MÁY TÍNH XÁCH TAY (NB) DELL VOS15 3530 i3-1305U/8GD4/256SSD/15.6FHD/120Hz/41WHr/W11SL+OFFICE HOME_ST/Pro/XÁM(80GG92),6422,1111,9090909.0
2023-12-21,497888,MÁY TÍNH XÁCH TAY (NB) DELL VOS15 3530 i3-1305U/8GD4/256SSD/15.6FHD/120Hz/41WHr/W11SL+OFFICE HOME_ST/Pro/XÁM(80GG92),6422,1111,48636360.0
2023-12-21,191217,THU LAI VAY LD2332500639,6422,1111,928219.0
2023-12-21,191224,THU LAI VAY LD2334600483,6422,1111,413501.0
2023-12-21,91343,"Thiết bị thu phát vô tuyến TP-LINK, TL-WA850RE",6422,1111,1541816.0
2023-12-21,191211,THU LAI VAY LD2332100479,6422,1111,649753.0
2023-12-21,191210,THU LAI VAY LD2332000457,6422,1111,590204.0
2023-12-21,1488,Giá vốn (80%): Máy in Brother HL - L2321D,632,1561,4218182.4
2023-12-21,1488,Máy in Brother HL - L2321D,131,511,5272728.0
2023-12-21,1493,"Thiết bị chuyển mạch TP-Link,TL-SG1008D",131,511,409091.0
2023-12-21,1493,"Giá vốn (80%): Thiết bị chuyển mạch TP-Link,TL-SG1008D",632,1561,327272.8
2023-12-21,129015,"Chuột vi tính M22 Silent màu đen, hiệu Rapoo, mới 100%.",6422,1111,15681818.0
2023-12-21,1493,"Giá vốn (80%): Thiết bị định tuyến TP-Link 300M,2.4GHz,TL-WR841N",632,1561,232727.2
2023-12-21,1498,Giá vốn (80%): Chuột máy tính LogitechM590,632,1561,1112726.4
2023-12-21,1498,Chuột máy tính LogitechM590,131,511,1390908.0
2023-12-21,1498,Giá vốn (80%): Bộ vi xử lý vi tính Intel Core I5-10400 + Quạt,632,1561,8290908.0
2023-12-21,1498,Bộ vi xử lý vi tính Intel Core I5-10400 + Quạt,131,511,10363635.0
2023-12-21,1498,Giá vốn (80%): Bảng mạch chính AsusPrime H510MK,632,1561,3381818.4
2023-12-21,1498,Bảng mạch chính AsusPrime H510MK,131,511,4227273.0
2023-12-21,1493,"Thiết bị định tuyến TP-Link 300M,2.4GHz,TL-WR841N",131,511,290909.0
2023-12-21,1498,Máy In Canon Laser LBP-2900,131,511,3636364.0
2023-12-21,1498,Giá vốn (80%): Bộ nhớ Máy tính Kingmax16GB DDR4-3200,632,1561,1963636.8
2023-12-21,1498,Giá vốn (80%): Máy In Canon Laser LBP-2900,632,1561,2909091.2
2023-12-21,1497,Giá vốn (80%): Máy Tính Xách Tay Lenovo   ThinkBook 14 G4 IAP i5-1240P/8G/512GB (21DH00B5VN),632,1561,13229091.2
2023-12-21,1497,Máy Tính Xách Tay Lenovo   ThinkBook 14 G4 IAP i5-1240P/8G/512GB (21DH00B5VN),131,511,16536364.0
2023-12-21,1496,Giá vốn (80%): Ổ cứng di động 16GB U301 USB3.2 Gen 1 Kioxia,632,1561,261818.4
2023-12-21,1496,Ổ cứng di động 16GB U301 USB3.2 Gen 1 Kioxia,131,511,327273.0
2023-12-21,1495,"Giá vốn (80%): Thiết bị chuyển mạch TP-Link,TL-SG1008D",632,1561,327272.8
2023-12-21,1494,Giá vốn (80%): Màn chiếu chân P84TS,632,1561,881481.6
2023-12-21,1494,Màn chiếu chân P84TS,131,511,1101852.0
2023-12-21,1493,Giá vốn (80%): Đầu bấm dây cáp mạng Ensoho EN-RJ45C5 RJ-45 cat5e,632,1561,130908.8
2023-12-21,1493,Đầu bấm dây cáp mạng Ensoho EN-RJ45C5 RJ-45 cat5e,131,511,163636.0
2023-12-21,1498,Bộ nhớ Máy tính Kingmax16GB DDR4-3200,131,511,2454546.0
2023-12-22,1503,Giá vốn (80%): Mực laser đen Brother 2240,632,1561,109091.2
2023-12-22,1501,MÀN HÌNH VI TÍNH (LCD)PHILIPS 271V8LA/74 /27INCH/VA-LCD/WLED/75Hz/4ms/250cd/m2/3000:1/VGA/HDMI/ĐEN(BLACK)(271V8LA/74),131,511,2409090.0
2023-12-22,1501,Giá vốn (80%): Máy  tính bàn Lenovo ThinkCentre M70s Gen 3 i3 - 12100( 4.3GHZ) - 8GB RAM - 256GB SSD - Wireless & Bluetooth -None-1Yr; P/n 11TC000QVA,632,1561,6756364.0
2023-12-22,1501,Máy  tính bàn Lenovo ThinkCentre M70s Gen 3 i3 - 12100( 4.3GHZ) - 8GB RAM - 256GB SSD - Wireless & Bluetooth -None-1Yr; P/n 11TC000QVA,131,511,8445455.0
2023-12-22,1501,Giá vốn (80%): MÀN HÌNH VI TÍNH (LCD)PHILIPS 271V8LA/74 /27INCH/VA-LCD/WLED/75Hz/4ms/250cd/m2/3000:1/VGA/HDMI/ĐEN(BLACK)(271V8LA/74),632,1561,1927272.0
2023-12-22,1503,Mực laser đen Brother 2240,131,511,136364.0
2023-12-22,1504,Màn hình LCD VIEWSONIC VX2718MHD,131,511,3318182.0
2023-12-22,1502,Máy Tính Xách Tay MSI Bravo 15 B5DD - 028VN i7-5800H,131,511,18154545.0
2023-12-22,1504,Giá vốn (80%): Màn hình LCD VIEWSONIC VX2718MHD,632,1561,2654545.6
2023-12-22,28158,Ổ đĩa SDRW-08D2S-U LITE hiệu ASUS,6422,1111,2954545.0
2023-12-22,1500,"Giá vốn (80%): Bộ định tuyến Vigor2926 Plus, hiệu Draytek",632,1561,3047272.8
2023-12-22,1500,"Bộ định tuyến Vigor2926 Plus, hiệu Draytek",131,511,3809091.0
2023-12-22,1502,Giá vốn (80%): Máy Tính Xách Tay MSI Bravo 15 B5DD - 028VN i7-5800H,632,1561,14523636.0
2023-12-23,1511,"Giá vốn (80%): Thiết bị chuyển  mạch TP-Link,TL- SF1005D",632,1561,116364.0
2023-12-23,1511,"Thiết bị chuyển  mạch TP-Link,TL- SF1005D",131,511,145455.0
2023-12-23,1511,"Giá vốn (80%): Ổ cứng gắn trong Western Digital 1TB -3.5"" (WD10EZEX)",632,1561,865454.4
2023-12-23,1511,"Ổ cứng gắn trong Western Digital 1TB -3.5"" (WD10EZEX)",131,511,1081818.0
2023-12-23,1510,Giá vốn (80%): Ổ đĩa SDRW-08D2S-U LITE hiệu ASUS,632,1561,1294545.6
2023-12-23,1511,"Máy tính để bàn Dell Inspiron3020, Core i5-13400 (2.5GHz to 4.6GHz),1x8GB 3200MHz, 512GB M.2 PCIe NVMe SSD, Non DVD, Chuột, Bànphím, Win 11, BH 12 tháng, MTI51012W1-8G-512G",131,511,13181818.0
2023-12-23,1511,Loa SoundMax A130/2.0,131,511,145455.0
2023-12-23,1510,Ổ đĩa SDRW-08D2S-U LITE hiệu ASUS,131,511,1618182.0
2023-12-23,1509,Giá vốn (80%): Chuột máy tính Logitech B100,632,1561,58181.6
2023-12-23,1511,"Giá vốn (80%): Máy tính để bàn Dell Inspiron3020, Core i5-13400 (2.5GHz to 4.6GHz),1x8GB 3200MHz, 512GB M.2 PCIe NVMe SSD, Non DVD, Chuột, Bànphím, Win 11, BH 12 tháng, MTI51012W1-8G-512G",632,1561,10545454.4
2023-12-23,1511,Giá vốn (80%): Loa SoundMax A130/2.0,632,1561,116364.0
2023-12-23,1511,Cáp dữ liệu VIDEO HDMI 1.4truyền âm thanh hình ảnh dài 10M Ugreen,131,511,409091.0
2023-12-23,1511,Giá vốn (80%): Màn hình máy tính Dell 22 Monitor E2223HN,632,1561,1883636.0
2023-12-23,1509,Chuột máy tính Logitech B100,131,511,72727.0
2023-12-23,1506,Chuột máy tính Logitech M185,131,511,181818.0
2023-12-23,1506,Giá vốn (80%): Chuột máy tính Logitech M185,632,1561,145454.4
2023-12-23,1506,Bộ vi xử lý Intel Core i3 - 10105 (BX8070110105SRH3P),131,511,2545455.0
2023-12-23,1506,Giá vốn (80%): Bộ vi xử lý Intel Core i3 - 10105 (BX8070110105SRH3P),632,1561,2036364.0
2023-12-23,1508,MÁY  TÍNH XÁCH TAY (NB)HP 14 - ep0128TU i5-1335U/8GD4/512GSSD/14.0FHD/Wlax/BT5/3C41WHr/W11SL/BẠC(8U6L5PA),131,511,15654545.0
2023-12-23,1508,Giá vốn (80%): MÁY  TÍNH XÁCH TAY (NB)HP 14 - ep0128TU i5-1335U/8GD4/512GSSD/14.0FHD/Wlax/BT5/3C41WHr/W11SL/BẠC(8U6L5PA),632,1561,12523636.0
2023-12-23,1508,Chuột máy tính Logitech M221,131,511,209091.0
2023-12-23,1508,Giá vốn (80%): Chuột máy tính Logitech M221,632,1561,167272.8
2023-12-23,1511,Màn hình máy tính Dell 22 Monitor E2223HN,131,511,2354545.0
2023-12-23,1509,Giá vốn (80%): Bảng mạch chính AsusPrime H510MK,632,1561,1156364.0
2023-12-23,1511,Giá vốn (80%): Cáp dữ liệu VIDEO HDMI 1.4truyền âm thanh hình ảnh dài 10M Ugreen,632,1561,327272.8
2023-12-23,1509,"Giá vốn (80%): Ổ cứng gắn trong Western Digital 1TB-3.5"" (WD10EZEX)",632,1561,800000.0
2023-12-23,1509,Bảng mạch chính AsusPrime H510MK,131,511,1445455.0
2023-12-23,1507,Chuột máy tính Logitech M221,131,511,209091.0
2023-12-23,1507,Giá vốn (80%): Chuột máy tính Logitech M221,632,1561,167272.8
2023-12-23,1507,Bàn phím Logitech  K270 Wireless,131,511,309091.0
2023-12-23,1507,Màn  hình vi tính Asus VP247 HAE,131,511,2754546.0
2023-12-23,1507,Giá vốn (80%): Màn  hình vi tính Asus VP247 HAE,632,1561,2203636.8
2023-12-23,1507,"Ổ cứng gắn ngoài WDELEMENTS 1TB 2.5"" USB3.0",131,511,1272727.0
2023-12-23,1507,"Giá vốn (80%): Ổ cứng gắn ngoài WDELEMENTS 1TB 2.5"" USB3.0",632,1561,1018181.6
2023-12-23,1505,Chuột máy tính Dell WM118,131,511,327272.0
2023-12-23,1505,Giá vốn (80%): Chuột máy tính Dell WM118,632,1561,261817.6
2023-12-23,1505,Bàn phím Dell Multimedia KB216,131,511,290910.0
2023-12-23,1507,Giá vốn (80%): Bàn phím Logitech  K270 Wireless,632,1561,247272.8
2023-12-23,1505,Mạch chính vi tính Gigabyte H510MH -V2,131,511,1436363.0
2023-12-23,1505,Giá vốn (80%): Bàn phím Dell Multimedia KB216,632,1561,232728.0
2023-12-23,1505,Giá vốn (80%): Bộ vi xử lý Intel Core i3 - 10105 (BX8070110105SRH3P),632,1561,4072726.4
2023-12-23,1505,Bộ vi xử lý Intel Core i3 - 10105 (BX8070110105SRH3P),131,511,5090908.0
2023-12-23,1505,Mực Laser TN-2385 Brother,131,511,1781820.0
2023-12-23,1505,Giá vốn (80%): Nguồn Jetek Model 400 ELITE V2,632,1561,320000.0
2023-12-23,1505,Giá vốn (80%): Mực Laser TN-2385 Brother,632,1561,1425456.0
2023-12-23,1505,"Giá vốn (80%): Ỏ cứng gắn trong Western Digital 2TB-3.5""(WD20EZAZ)",632,1561,1058181.6
2023-12-23,1505,"Ỏ cứng gắn trong Western Digital 2TB-3.5""(WD20EZAZ)",131,511,1322727.0
2023-12-23,1505,Giá vốn (80%): Mạch chính vi tính Gigabyte H510MH -V2,632,1561,1149090.4
2023-12-23,1505,Nguồn Jetek Model 400 ELITE V2,131,511,400000.0
2023-12-23,1509,"Ổ cứng gắn trong Western Digital 1TB-3.5"" (WD10EZEX)",131,511,1000000.0
2023-12-24,1514,Bộ chuyển đổi nguồn dùng cho camera DS-3E1309P-EI,131,511,5272724.0
2023-12-24,1515,Chuột máy tính Logitech B100,131,511,654545.0
2023-12-24,1514,Giá vốn (80%): Bộ chuyển đổi nguồn dùng cho camera DS-3E1309P-EI,632,1561,4218179.2
2023-12-24,1514,Giá vốn (80%): Camera quan sát DS-2CD2T43G2-2I,632,1561,10181820.0
2023-12-24,1514,Camera quan sát DS-2CD2T43G2-2I,131,511,12727275.0
2023-12-24,1514,"Giá vốn (80%): Camera KTS EZVIZ mã CS-C6N (4MP,W1)",632,1561,974545.6
2023-12-24,1514,"Camera KTS EZVIZ mã CS-C6N (4MP,W1)",131,511,1218182.0
2023-12-24,1515,Giá vốn (80%): Chuột máy tính Logitech B100,632,1561,523636.0
2023-12-24,1516,Giá vốn (80%): Nguồn Jetek Model 400 ELITE V2,632,1561,800000.0
2023-12-24,1515,Máy in mã vạch XP - 350B,131,511,1590909.0
2023-12-24,1516,Giá vốn (80%): Vỏ máy tính Jetek X917,632,1561,509091.2
2023-12-24,1516,Vỏ máy tính Jetek X917,131,511,636364.0
2023-12-24,1516,Nguồn Jetek Model 400 ELITE V2,131,511,1000000.0
2023-12-24,1516,Giá vốn (80%): Bộ nhớ trong Kingston Fury 16GB D4-3200U C16 (KF432C16BB/16),632,1561,1309091.2
2023-12-24,1516,Bộ nhớ trong Kingston Fury 16GB D4-3200U C16 (KF432C16BB/16),131,511,1636364.0
2023-12-24,1514,"Cáp mạng Cat 5e UTP 305m/thùng, Hiệu Aptek",131,511,2481819.0
2023-12-24,1516,Giá vốn (80%): Bộ vi xử lý vi tính Intel Core I5-10400 + Quạt,632,1561,5600000.0
2023-12-24,1515,Giá vốn (80%): Máy in mã vạch XP - 350B,632,1561,1272727.2
2023-12-24,1514,"Giá vốn (80%): Cáp mạng Cat 5e UTP 305m/thùng, Hiệu Aptek",632,1561,1985455.2
2023-12-24,1513,Giá vốn (80%): Ổ điã cứng GT Kingston 480GB A400(SA400S37/480G),632,1561,1019636.0
2023-12-24,1514,Giá vốn (80%): Thiết bị định tuyến TP-Link 2.4GHz/5GHz Archer C50,632,1561,349090.4
2023-12-24,1516,Bộ vi xử lý vi tính Intel Core I5-10400 + Quạt,131,511,7000000.0
2023-12-24,1520,"Giá vốn (80%): Màn hình vi tính  LCD  DELL U2721DE -27"" -3Y",632,1561,7418181.6
2023-12-24,1520,Giá vốn (80%): Hộp mực in Izinet 12A/303/FX9,632,1561,1934545.6
2023-12-24,1520,Hộp mực in Izinet 12A/303/FX9,131,511,2418182.0
2023-12-24,1520,Giá vốn (80%): Mực Laser TN-2385 Brother,632,1561,4989091.2
2023-12-24,1520,Mực Laser TN-2385 Brother,131,511,6236364.0
2023-12-24,1513,Giá vốn (80%): Nguồn máy tính Corsair CV550/CP-9020210-NA,632,1561,800000.0
2023-12-24,1513,Nguồn máy tính Corsair CV550/CP-9020210-NA,131,511,1000000.0
2023-12-24,1513,Ổ điã cứng GT Kingston 480GB A400(SA400S37/480G),131,511,1274545.0
2023-12-24,1513,Giá vốn (80%): Ram máy tính DDR4 4GB bus 2666 Kingston,632,1561,944000.0
2023-12-24,1513,Ram máy tính DDR4 4GB bus 2666 Kingston,131,511,1180000.0
2023-12-24,1513,Giá vốn (80%): Bộ vi xử lý vi tính Intel Core I5 - 10400 + Quạt,632,1561,2880000.0
2023-12-24,1513,Bộ vi xử lý vi tính Intel Core I5 - 10400 + Quạt,131,511,3600000.0
2023-12-24,1513,Giá vốn (80%): Bảng mạch chính Asus Prime H610M - ED4,632,1561,1520000.0
2023-12-24,1513,Bảng mạch chính Asus Prime H610M - ED4,131,511,1900000.0
2023-12-24,1514,"Giá vốn (80%): Bộ chuyển đổi quang sang HDMI + USB, Mãhàng: HDMI-A-USB",632,1561,2654545.6
2023-12-24,1514,"Bộ chuyển đổi quang sang HDMI + USB, Mãhàng: HDMI-A-USB",131,511,3318182.0
2023-12-24,1514,Thiết bị định tuyến TP-Link 2.4GHz/5GHz Archer C50,131,511,436363.0
2023-12-24,1516,Giá vốn (80%): Bảng mạch chính Asus Prime H510MK,632,1561,2400000.0
2023-12-24,1520,"Màn hình vi tính  LCD  DELL U2721DE -27"" -3Y",131,511,9272727.0
2023-12-24,1517,Giá vốn (80%): Điện  thoại có dây Panasonic KXTS500,632,1561,269091.2
2023-12-24,1519,Mực Laser TN-2385 Brother,131,511,1727273.0
2023-12-24,1518,"Giá vốn (80%): Camera KTS EZVIZ mã CS-C6N (4MP,W1)",632,1561,450908.8
2023-12-24,1518,"Camera KTS EZVIZ mã CS-C6N (4MP,W1)",131,511,563636.0
2023-12-24,1512,Giá vốn (80%): Vỏ thùng máy tính JetekA3033B,632,1561,210908.8
2023-12-24,1512,Vỏ thùng máy tính JetekA3033B,131,511,263636.0
2023-12-24,1512,Giá vốn (80%): Bộ vi xử lý Intel Core i3 -10105 (BX8070110105SRH3P),632,1561,2029091.2
2023-12-24,1512,Bộ vi xử lý Intel Core i3 -10105 (BX8070110105SRH3P),131,511,2536364.0
2023-12-24,1512,"Ổ cứng gắn trong Western Digital 1TB-3.5""(WD10EZEX)",131,511,1000000.0
2023-12-24,1512,Giá vốn (80%): Bảng mạch chính AsusPrime H510MK,632,1561,1149090.4
2023-12-24,1512,Bảng mạch chính AsusPrime H510MK,131,511,1436363.0
2023-12-24,1512,Giá vốn (80%): Hộp mực in Izinet 12A/303/FX9,632,1561,981818.4
2023-12-24,1512,Hộp mực in Izinet 12A/303/FX9,131,511,1227273.0
2023-12-24,1512,Giá vốn (80%): Bàn phím Logitech K380,632,1561,785454.4
2023-12-24,1512,Bàn phím Logitech K380,131,511,981818.0
2023-12-24,1512,Giá vốn (80%): Chuột máy tính Logitech G102,632,1561,552728.0
2023-12-24,1512,Chuột máy tính Logitech G102,131,511,690910.0
2023-12-24,1516,Bảng mạch chính Asus Prime H510MK,131,511,3000000.0
2023-12-24,1519,Giá vốn (80%): Mực Laser TN-2385 Brother,632,1561,1381818.4
2023-12-24,2956,"Hộp mực (Cartridge) đã có mực in dùng cho máy in laser, loại LH2612A ( HP1010/1012/CN2900), hiệu Premium",6422,1111,818182.0
2023-12-24,1512,"Giá vốn (80%): Ổ cứng gắn trong Western Digital 1TB-3.5""(WD10EZEX)",632,1561,800000.0
2023-12-24,2956,"Hộp mực (Catridge) đã có mực in dùng cho máy in laser loại 49A, nhãn hiệu Xppro",6422,1111,600000.0
2023-12-24,1517,Điện  thoại có dây Panasonic KXTS500,131,511,336364.0
2023-12-24,2956,"Hộp mực (Catridge) đã có mực in dùng cho máy in laser loại 35A,nhãn hiệu Xppro",6422,1111,381818.0
2023-12-24,410,"Thiết bị chuyển mạch Cisco SB CBS250 Smart 8-port GE, PoE, Ext PS, 2x1G Combo_CBS250-8P-E-2G-EU",6422,1121,5227273.0
2023-12-24,2956,"Mực nước dùng cho máy in loại dye ink  L110/L310 màu vàng, 70ml",6422,1111,22727.0
2023-12-24,2956,"Mực nước dùng cho máy in loại dye ink  L110/L310 màu đỏ tươi, 70ml",6422,1111,45455.0
2023-12-24,2956,"Mực nước dùng cho máy in Epson loại Dyeink 003,màu vàng 70ml,nhãn hiệu Inxmo",6422,1111,31818.0
2023-12-24,2956,"Mực nước dùng cho máy in Epson loại Dyeink 003,màu đỏ 70ml,nhãn hiệu Inxmo",6422,1111,31818.0
2023-12-24,2956,"Mực nước dùng cho máy in Epson loại Dyeink 003,màu lục lam 70ml,nhãn hiệu Inxmo",6422,1111,31818.0
2023-12-24,2956,"Mực nước dùng cho máy in Epson loại Dyeink 003,màu đen 70ml,nhãn hiệu Inxmo",6422,1111,31818.0
2023-12-24,410,Máy in trắng đen đơn năng HL- B2180DW,6422,1111,4027273.0
2023-12-24,2956,"Trống (Linh kiện cho máy in vi tính), nhãn hiệu Gantech, loại CF226A, màu OEM",6422,1111,136364.0
2023-12-24,2956,"Thanh từ (linh kiện của hộp mực (Cartridge) dùng cho máy in laser, loại MR12A/1010",6422,1111,272727.0
2023-12-24,2956,Mực nạp đổ XP Brother 2240,6422,1111,1272728.0
2023-12-24,2956,Mực nạp đổ XP12 - 140,6422,1111,1909091.0
2023-12-24,2956,"Hộp mực ( Cartridge) đã có mực in dùng cho máy in laser, loại LHCF276A (HP M404/M428), hiệu XP PRO",6422,1111,454546.0
2023-12-24,2956,"Hộp mực (Catridge) đã có mực in dùng cho máy in laser loại CE505A,nhãn hiệu Xppro",6422,1111,200000.0
2023-12-24,2956,"Trống ( linh kiện cho máy in vi tính), nhãn hiệu Gantech, loại 17A/CF216, màu OEM",6422,1111,272727.0
2023-12-24,2956,"Hộp mực (Catridge) đã có mực in dùng cho máy in laser loại 83A,nhãn hiệu Xppro",6422,1111,381818.0
2023-12-25,1530,Giá vốn (80%): Mực Laser TN - 2385 Brother,632,1561,363636.8
2023-12-25,1528,Giá vốn (80%): Bộ máy vi tính,632,1561,70341818.4
2023-12-25,1529,MÁY TÍNH XÁCH TAY (NB) LENOVO V14 G3 IAP i3-1215U/8GD4/256GSSD/14.0FHD/IpS/WL/BT/2C38/NoOS/ĐEN(82TS0060VN),131,511,9090909.0
2023-12-25,1530,Giá vốn (80%): Mực Laser đen Premium,632,1561,785454.4
2023-12-25,1530,Mực Laser đen Premium,131,511,981818.0
2023-12-25,1528,Bộ máy vi tính,131,511,87927273.0
2023-12-25,1530,Mực Laser TN - 2385 Brother,131,511,454546.0
2023-12-25,1529,Giá vốn (80%): MÁY TÍNH XÁCH TAY (NB) LENOVO V14 G3 IAP i3-1215U/8GD4/256GSSD/14.0FHD/IpS/WL/BT/2C38/NoOS/ĐEN(82TS0060VN),632,1561,7272727.2
2023-12-25,1527,Giá vốn (80%): Hộp mực in Izinet 12A/303/FX9,632,1561,654545.6
2023-12-25,1525,Giá vốn (80%): Máy In Canon Laser LBP-2900,632,1561,27272727.2
2023-12-25,1527,Giá vốn (80%): Máy In Canon Laser LBP-2900,632,1561,2872727.2
2023-12-25,1527,Máy In Canon Laser LBP-2900,131,511,3590909.0
2023-12-25,1525,Máy In Canon Laser LBP-2900,131,511,34090909.0
2023-12-25,1525,"Máy tính Surface Pro 8 13"" (2800x1920) Bundle Intel Core i5-1135G7 8GB Ram 256GB SSD,Win11, DR1-00003",131,511,25181818.0
2023-12-25,1525,Giá vốn (80%): Bộ Nhớ Trong Kingston 8GB D-2666 CL16-18-18 (HX426C16FB3/8),632,1561,6254545.6
2023-12-25,1525,Bộ Nhớ Trong Kingston 8GB D-2666 CL16-18-18 (HX426C16FB3/8),131,511,7818182.0
2023-12-25,1525,Giá vốn (80%): Nguồn máy tính Jetek Model G350,632,1561,5818181.6
2023-12-25,1527,Hộp mực in Izinet 12A/303/FX9,131,511,818182.0
2023-12-25,1522,Chuột vi tính Rapoo M20,131,511,600000.0
2023-12-25,28300,Bảng mạch chính của máy vi tính hiệu ASUS TUF GAMING B760M-PLUS WIFI D4,6422,1111,3363636.0
2023-12-25,1522,Bàn phím Dell MultimediaKB216,131,511,772727.0
2023-12-25,28300,Bảng mạch chính của máy vi tính hiệu ASUS PRIME  H610M -K D4 - SI,6422,1111,3174546.0
2023-12-25,1525,Nguồn máy tính Jetek Model G350,131,511,7272727.0
2023-12-25,28300,Chíp vi xử lý INTEL CORE I5 10400 - 2.90 GHZ (BX8070110400   S RH3C) + Quạt,6422,1111,9272727.0
2023-12-25,500706,Chiết khấu thương mại S2023-01535 26/10/2023,6422,1111,93240000.0
2023-12-25,500706,MÁY TÍNH XÁCH TAY (NB) LENOVO V14 G3 IAP i3-1215U/8GD4/256GSSD/14.0FHD/IPS/WL/BT/2C38/NoOS/ĐEN(82TS0060VN),6422,1111,93240000.0
2023-12-25,500682,Chiết khấu thương mại S2023-01535 26/10/2023,6422,1111,17528545.0
2023-12-25,500682,MÁY TÍNH XÁCH TAY (NB) LENOVO V14 G3 IAP i3-1215U/8GD4/256GSSD/14.0FHD/IPS/WL/BT/2C38/NoOS/ĐEN(82TS0060VN),6422,1111,93240000.0
2023-12-25,9997,Thẻ nhớ Patriot VX Series 64GB MICRO SDXC V30 P/N 7FCNB6JPUVI-64G,6422,1111,4645455.0
2023-12-25,1522,Giá vốn (80%): Chuột vi tính Rapoo M20,632,1561,480000.0
2023-12-25,9997,Thẻ nhớ Patriot VX Series 32GB MICRO SDHC V30 P/N 7FCMB6IPUVI-32G,6422,1121,1690909.0
2023-12-25,1526,MÁY IN LASER ĐƠN NĂNG TRẮNG ĐEN -CANON PRINTER I - SENSYS LBP 236DW,131,511,5263636.0
2023-12-25,1521,Giá vốn (80%): Ổ CỨNG VI TÍNH ( SSD) Lexar SSDNS100 256GB Sata III 6Gbs ( LNS100-256RB)(LNS100-256RB),632,1561,12181818.4
2023-12-25,1521,Ổ CỨNG VI TÍNH ( SSD) Lexar SSDNS100 256GB Sata III 6Gbs ( LNS100-256RB)(LNS100-256RB),131,511,15227273.0
2023-12-25,1523,Giá vốn (80%): Ổ CỨNG KINGMAX SSD SATA III 240GB SMV32,632,1561,400000.0
2023-12-25,1523,Ổ CỨNG KINGMAX SSD SATA III 240GB SMV32,131,511,500000.0
2023-12-25,1523,Giá vốn (80%): BÀN PHÍM + CHUỘT LOGITECH MK240,632,1561,327272.8
2023-12-25,1523,BÀN PHÍM + CHUỘT LOGITECH MK240,131,511,409091.0
2023-12-25,1522,Giá vốn (80%): Bàn phím Dell MultimediaKB216,632,1561,618181.6
2023-12-25,1526,Giá vốn (80%): MÁY IN LASER ĐƠN NĂNG TRẮNG ĐEN -CANON PRINTER I - SENSYS LBP 236DW,632,1561,4210908.8
2023-12-25,1525,Giá vốn (80%): Nguồn máy tính Jetek mini A200m,632,1561,4145456.0
2023-12-25,1525,"Giá vốn (80%): Máy tính Surface Pro 8 13"" (2800x1920) Bundle Intel Core i5-1135G7 8GB Ram 256GB SSD,Win11, DR1-00003",632,1561,20145454.4
2023-12-25,1525,"Giá vốn (80%): Màn hình AOC 31.5"" Curve Gaming C32G2E/74",632,1561,3781818.4
2023-12-25,1525,"Thiết bị chuyển mạch TP-Link,TL-SG1008D",131,511,1309092.0
2023-12-25,1525,Giá vốn (80%): Thiết bị định tuyến TP-Link 2.4GHz/5GHz Archer C20,632,1561,4363632.0
2023-12-25,1525,Thiết bị định tuyến TP-Link 2.4GHz/5GHz Archer C20,131,511,5454540.0
2023-12-25,1525,Giá vốn (80%): Loa vi tính Microlab U210,632,1561,1200000.0
2023-12-25,1525,Loa vi tính Microlab U210,131,511,1500000.0
2023-12-25,1525,Giá vốn (80%): Mạch chính vi tính Gigabyte H410MH V2,632,1561,15272727.2
2023-12-25,1525,Mạch chính vi tính Gigabyte H410MH V2,131,511,19090909.0
2023-12-25,1524,"Giá vốn (80%): Thiết bị đầu cuối GSM/W-CDMA FDD 2.4GHz TP-Link, M7000",632,1561,640000.0
2023-12-25,1524,"Thiết bị đầu cuối GSM/W-CDMA FDD 2.4GHz TP-Link, M7000",131,511,800000.0
2023-12-25,1524,Loa  Microlab FC861-5.1,131,511,2400000.0
2023-12-25,1524,Giá vốn (80%): Máy quét HP 2000S2-6FW06A,632,1561,5520000.0
2023-12-25,1524,Máy quét HP 2000S2-6FW06A,131,511,6900000.0
2023-12-25,1524,"Giá vốn (80%): MÀN HÌNH VI TÍNH (LCD)MSI PRO MP251 24.5""INCH/FHD/IPS/300cd/m2/100Hz/HDMI/VGA/AUDIO/SPEAKER/ĐEN(BLACK) (3PC2)(PROMP251)",632,1561,4144000.0
2023-12-25,1524,"MÀN HÌNH VI TÍNH (LCD)MSI PRO MP251 24.5""INCH/FHD/IPS/300cd/m2/100Hz/HDMI/VGA/AUDIO/SPEAKER/ĐEN(BLACK) (3PC2)(PROMP251)",131,511,5180000.0
2023-12-25,129945,Chuột máy tính N100.BLACK - Optical Mouse,6422,1111,4545455.0
2023-12-25,129945,Bàn phím máy tính NK2600 US_BLACK,6422,1111,20909091.0
2023-12-25,1525,Nguồn máy tính Jetek mini A200m,131,511,5181820.0
2023-12-25,1525,"Giá vốn (80%): Thiết bị chuyển mạch TP-Link,TL-SG1008D",632,1561,1047273.6
2023-12-25,1525,Bộ nhớ Máy Tính Xách Tay Kingmax 4GB DDR4 - 2666,131,511,4909100.0
2023-12-25,1524,Giá vốn (80%): Loa  Microlab FC861-5.1,632,1561,1920000.0
2023-12-25,1525,Hộp mực in Izinet 12A/303/FX9,131,511,15454545.0
2023-12-25,1525,"Màn hình AOC 31.5"" Curve Gaming C32G2E/74",131,511,4727273.0
2023-12-25,1525,Giá vốn (80%): Bộ nhớ Máy Tính Xách Tay Kingmax 4GB DDR4 - 2666,632,1561,3927280.0
2023-12-25,1525,"Giá vốn (80%): Màn hình AOC 23.8""  Wide  IPS 24V2Q/74",632,1561,4145454.4
2023-12-25,1525,"Màn hình AOC 23.8""  Wide  IPS 24V2Q/74",131,511,5181818.0
2023-12-25,1525,"Giá vốn (80%): Màn hình vi tính HP 22FW21.5 inch,3Y WTY- 3KS61AA",632,1561,2290908.8
2023-12-25,1525,"Giá vốn (80%): Màn hình AOC 27"" Wide IPS 27V2Q/74",632,1561,2290908.8
2023-12-25,1525,"Màn hình AOC 27"" Wide IPS 27V2Q/74",131,511,2863636.0
2023-12-25,1525,"Giá vốn (80%): Máy tính để bàn (PC) HP AIO22-dd2005d i3-1215U/4GD4/256G SSD/21.5"" (6K7G4PA)",632,1561,9818181.6
2023-12-25,1525,"Máy tính để bàn (PC) HP AIO22-dd2005d i3-1215U/4GD4/256G SSD/21.5"" (6K7G4PA)",131,511,12272727.0
2023-12-25,1525,"Màn hình vi tính HP 22FW21.5 inch,3Y WTY- 3KS61AA",131,511,2863636.0
2023-12-25,1525,Máy chiếu Sony VPL - EX430,131,511,11600000.0
2023-12-25,1525,Giá vốn (80%): Máy chiếu đa năng ViewSonic PA502SP,632,1561,11578180.8
2023-12-25,1525,Máy chiếu đa năng ViewSonic PA502SP,131,511,14472726.0
2023-12-25,1525,"Giá vốn (80%): Màn hình LCD 18.5"" HP 19ka",632,1561,4450908.8
2023-12-25,1525,"Màn hình LCD 18.5"" HP 19ka",131,511,5563636.0
2023-12-25,1525,Giá vốn (80%): Máy in mã vạch XP-318B,632,1561,3316361.6
2023-12-25,1525,Giá vốn (80%): Máy chiếu Sony VPL - EX430,632,1561,9280000.0
2023-12-25,1525,Máy in mã vạch XP-318B,131,511,4145452.0
2023-12-25,1525,Giá vốn (80%): Hộp mực in Izinet 12A/303/FX9,632,1561,12363636.0
2023-12-26,1531,Chuột máy tính Logitech B100,131,511,454545.0
2023-12-26,193263,THU PHI CT Vietcombank,6422,1121,19000.0
2023-12-26,193263,Thuế GTGT: THU PHI CT Vietcombank,6422,1121,1900.0
2023-12-26,193264,THU PHI CT Vietcombank,6422,1121,19000.0
2023-12-26,194151,THU PHI CT ACB,6422,1121,19000.0
2023-12-26,193833,"PHI T12/2023-040019911911-ALERT(334),IB,OTP,QLTK",6422,1111,125000.0
2023-12-26,193833,"Thuế GTGT: PHI T12/2023-040019911911-ALERT(334),IB,OTP,QLTK",1331,1111,12500.0
2023-12-26,194151,Thuế GTGT: THU PHI CT ACB,6422,1121,1900.0
2023-12-26,251558,"Màn hình máy tính Lenovo ThinkVision S22e-20, 21.5"" FHD, 3Y WTY_62C6KAR1WW",6422,1111,44411375.0
2023-12-26,193264,Thuế GTGT: THU PHI CT Vietcombank,6422,1121,1900.0
2023-12-26,190520,Thiết bị chuyển mạch TP-LINK_LS1008G,6422,1111,1504545.0
2023-12-26,1540,"Hộp mực đã có mực in, tương thích xerox C-XD2065, 10K",131,511,1445455.0
2023-12-26,190520,Thiết bị chuyển mạch TP-LINK_TL-SG108,6422,1111,720000.0
2023-12-26,190520,Thiết bị chuyển mạch gigabit 5 port hiệu TP-LINK_TL-SG105,6422,1111,1263635.0
2023-12-26,190520,Cạc (card) mạng PCI adapter TP-Link_TL-WN881ND,6422,1111,1045455.0
2023-12-26,190520,Cạc (card) mạng PCI adapter TP-LINK_TL-WN781ND,6422,1111,690910.0
2023-12-26,190520,"Bộ định tuyến TP-LINK, 2,4GHz/5GHz_Archer C50",6422,1111,1772725.0
2023-12-26,190520,"Thiết bị đầu cuối GSM/ W-CDMA FDD/E-UTRA FDD, 2,4 GHz, TP-LINK_M7000",6422,1111,2222727.0
2023-12-26,1540,"Giá vốn (80%): Hộp mực đã có mực in, tương thích xerox C-XD2065, 10K",632,1561,1156364.0
2023-12-26,1541,Giá vốn (80%): Máy in Brother HL - L2321D,632,1561,4218182.4
2023-12-26,1541,Máy in Brother HL - L2321D,131,511,5272728.0
2023-12-26,1542,"Giá vốn (80%): Máy hủy giấy hiệu Ziba model PC-415CD ,hoạt động bằng điện",632,1561,6074074.4
2023-12-26,1531,Giá vốn (80%): Chuột máy tính Logitech B100,632,1561,363636.0
2023-12-26,190520,"Thiết bị thu phát vô tuyến, TP-LINK, 2,4GHz/5GHz_Archer C24",6422,1111,1254544.0
2023-12-26,1531,Bàn phím Logitech K120,131,511,863636.0
2023-12-26,12145,Máy in Canon LBP 233DW,6422,1111,9545454.55
2023-12-26,1531,"Ổ cứng di động SeagateExpansion 1TB 2.5""(STEA1000401)",131,511,2890910.0
2023-12-26,1542,"Máy hủy giấy hiệu Ziba model PC-415CD ,hoạt động bằng điện",131,511,7592593.0
2023-12-26,1539,Bộ máy vi tính,131,511,87927273.0
2023-12-26,8795,Thuế GTGT: THU PHI CK CTY PP TH DAU KHI,1331,1111,1500.0
2023-12-26,1539,Giá vốn (80%): Bộ máy vi tính,632,1561,70341818.4
2023-12-26,2845,Mực in TN2280 Number One,6422,1121,280000.0
2023-12-26,2845,"Hộp mực đã có mực in, tương thích xerox C-XD2065, 10K",6422,1111,1250000.0
2023-12-26,3550,"Máy hủy giấy hiệu Ziba model PC-415CD ,hoạt động bằng điện",6422,1111,7500000.0
2023-12-26,90770,Bộ vi xử lý vi tính Intel Core i5-13400 (BX8071513400SRMBP) + Quạt,6422,1121,16172727.0
2023-12-26,90770,Bộ vi xử lý vi tính Intel Core i5-10400 (BX8070110400SRH3C) + Quạt,6422,1111,76818182.0
2023-12-26,90770,Mạch chính vi tính Gigabyte H510M H V2,6422,1111,34886364.0
2023-12-26,90771,Giảm giá hàng bán Máy in Brother theo văn bản số 1516 ngày 07/12/2023,6422,1111,6154545.0
2023-12-26,502291,Chiết khấu thương mại S2023-01868 22/12/2023,6422,1111,38636363.0
2023-12-26,502291,MÁY TÍNH XÁCH TAY (NB) HP Pavilion 15-eg2081TU i5-1240P/16GD4/512GSSD/15.6FHD/Wlac/BT5/3C41WHr/ALUp/W11SL/VÀNG(7C0Q4PA),6422,1111,30909090.0
2023-12-26,502291,MÁY TÍNH XÁCH TAY (NB) HP Pavilion X360 14-ek1047TU i7-1355U/16G/512GSSD/14.0FHDT/PEN/FP/WL/BT/3C/W11SL/VÀNG(80R25PA),6422,1111,21818182.0
2023-12-26,502163,MÀN HÌNH VI TÍNH (LCD) LENOVO ThinkVision S24i-30 23.8INCH/1920x1080/100Hz/IPS/WLED/VGA/HDMI/3Y/ĐEN(63DEKAR3WW),6422,1111,42400000.0
2023-12-26,501362,BÀN PHÍM (KEYBOARD) LOGITECH G213 WIRED/USB/ĐEN (BLACK)(920-008096),6422,1111,1509090.0
2023-12-26,501362,CHUỘT VI TÍNH (MOUSE) LOGITECH M650 WIRELESS/BLUETOOTH/HỒNG (ROSE)(910-006263),6422,1111,490909.0
2023-12-26,501362,CHUỘT VI TÍNH (MOUSE) LOGITECH M650 WIRELESS/BLUETOOTH/TRẮNG (OFF-WHITE)(910-006264),6422,1111,490909.0
2023-12-26,501362,CHUỘT VI TÍNH (MOUSE) LOGITECH M650 WIRELESS/BLUETOOTH/ĐEN (GRAPHITE)(910-006262),6422,1111,1963636.0
2023-12-26,501362,CHUỘT VI TÍNH (MOUSE) LOGITECH G304 LIGHTSPEED WIRELESS GAMING – TRẮNG (WHITE)(910-005293),6422,1111,1300000.0
2023-12-26,6890,BỘ LƯU ĐIỆN SANTAK - MÃ HÀNG BLAZER-2200 PRO,6422,1111,3409091.0
2023-12-26,3395,Giấy in BILL  K57x38,6422,1111,410060.0
2023-12-26,1531,"Giá vốn (80%): Ổ cứng di động SeagateExpansion 1TB 2.5""(STEA1000401)",632,1561,2312728.0
2023-12-26,1531,Giá vốn (80%): Bàn phím Logitech K120,632,1561,690908.8
2023-12-26,1543,Giá vốn (80%): MÁY TÍNH ĐỂ BÀN DELL INSPIRON  3020 Core i3-13100 - Màn hình máy  tính  Dell 22 	Monitor - E2223HN (Theo Hợp đồng kinh tế số 01/HĐKT-XDBTN-HV ký ngày 18 tháng 12 năm 2023),632,1561,364800000.0
2023-12-26,8795,THU PHI CK CTY PP TH DAU KHI,6422,1111,15000.0
2023-12-26,1544,Giá vốn (80%): Mực T3008,632,1561,836364.0
2023-12-26,1532,Mực nạp NB 35a,131,511,136364.0
2023-12-26,1532,Giá vốn (80%): Mực laser đen Brother 2240,632,1561,145454.4
2023-12-26,1532,Mực laser đen Brother 2240,131,511,181818.0
2023-12-26,1532,Giá vốn (80%): Mực Laser đen Premium,632,1561,1090908.8
2023-12-26,1532,Mực Laser đen Premium,131,511,1363636.0
2023-12-26,1532,Giá vốn (80%): Hộp mực in Izinet 12A/303/FX9,632,1561,872728.0
2023-12-26,1532,Hộp mực in Izinet 12A/303/FX9,131,511,1090910.0
2023-12-26,1533,Giá vốn (80%): Phần mềm Kaspersky KL1919MCAFS,632,1561,560000.0
2023-12-26,1533,Phần mềm Kaspersky KL1919MCAFS,131,511,700000.0
2023-12-26,1534,Giá vốn (80%): Máy In Laser Canon  LBP-2900,632,1561,15418181.6
2023-12-26,1534,Máy In Laser Canon  LBP-2900,131,511,19272727.0
2023-12-26,1534,"Giá vốn (80%): MÀN HÌNH VI TÍNH (LCD) MSI PRO MP251 24.5"" INCH/FHD/IPS/300cd/m2/100Hz/HDMI/VGA/AUDIO/SPEAKER/ĐEN(BLACK) (3PC2)(PROMP251)",632,1561,6087273.6
2023-12-26,1534,"MÀN HÌNH VI TÍNH (LCD) MSI PRO MP251 24.5"" INCH/FHD/IPS/300cd/m2/100Hz/HDMI/VGA/AUDIO/SPEAKER/ĐEN(BLACK) (3PC2)(PROMP251)",131,511,7609092.0
2023-12-26,1534,Giá vốn (80%): BỘ MÁY VI TÍNH,632,1561,30654544.8
2023-12-26,1534,BỘ MÁY VI TÍNH,131,511,38318181.0
2023-12-26,1535,"Giá vốn (80%): Máy tính xách tay Lenovo V15 G4 IAH, i5-12500H, 16GB,512GB SSD, Intel Iris XeGraphics, 15.6"" FHD, 2C 38Wh,ax+BT, FP, W11H, Xám (IronGrey), 1Y WTY_83FS0032VN",632,1561,20509091.2
2023-12-26,1536,Giá vốn (80%): Máy in đa năng Brother MFC - L2701D,632,1561,3992727.2
2023-12-26,1536,Máy in đa năng Brother MFC - L2701D,131,511,4990909.0
2023-12-26,1537,Giá vốn (80%): Máy in Canon LBP -233DW,632,1561,4145454.4
2023-12-26,1537,Máy in Canon LBP -233DW,131,511,5181818.0
2023-12-26,1538,Giá vốn (80%): Hộp mực 057 Number One,632,1121,509091.2
2023-12-26,1538,Hộp mực 057 Number One,131,511,636364.0
2023-12-26,1543,MÁY TÍNH ĐỂ BÀN DELL INSPIRON  3020 Core i3-13100 - Màn hình máy  tính  Dell 22 	Monitor - E2223HN (Theo Hợp đồng kinh tế số 01/HĐKT-XDBTN-HV ký ngày 18 tháng 12 năm 2023),131,511,456000000.0
2023-12-26,1532,Giá vốn (80%): Mực nạp NB 35a,632,1561,109091.2
2023-12-26,1548,Dây cáp mạng Ensoho EN-F6CA24 FTP cat6 (305m/h),131,511,4772727.0
2023-12-26,1535,"Máy tính xách tay Lenovo V15 G4 IAH, i5-12500H, 16GB,512GB SSD, Intel Iris XeGraphics, 15.6"" FHD, 2C 38Wh,ax+BT, FP, W11H, Xám (IronGrey), 1Y WTY_83FS0032VN",131,511,25636364.0
2023-12-26,1547,Giấy in BILL K57x38,131,511,712963.0
2023-12-26,1548,Giá vốn (80%): Dây cáp mạng Ensoho EN-F6CA24 FTP cat6 (305m/h),632,1561,3818181.6
2023-12-26,1544,Mực T3008,131,511,1045455.0
2023-12-26,1544,Giá vốn (80%): Bộ cò sấy,632,1561,400000.0
2023-12-26,1544,Bộ cò sấy,131,511,500000.0
2023-12-26,1545,Giá vốn (80%): Chuột vi tính có dây Rapoo N100,632,1561,58181.6
2023-12-26,1545,Giá vốn (80%): Bàn phím Keyboard NK2500,632,1561,109090.4
2023-12-26,1545,Bàn phím Keyboard NK2500,131,511,136363.0
2023-12-26,1545,Giá vốn (80%): Nguồn Jetek Model 350 ELITE V2,632,1561,349091.2
2023-12-26,1545,Nguồn Jetek Model 350 ELITE V2,131,511,436364.0
2023-12-26,1545,Giá vốn (80%): Vỏ máy tính Jetek X917,632,1561,290908.8
2023-12-26,1545,Vỏ máy tính Jetek X917,131,511,363636.0
2023-12-26,1545,Giá vốn (80%): LINH KIỆN VI TÍNH ( RAM PC ) Lexar 8GB DDR4 -3200U-DIMMCL22 (LD4AU008G-B3200GSST ),632,1561,509091.2
2023-12-26,1545,Chuột vi tính có dây Rapoo N100,131,511,72727.0
2023-12-26,1545,"Giá vốn (80%): Ỏ cứng gắn trong Western Digital 2TB-3.5""(WD20EZAZ)",632,1561,1040000.0
2023-12-26,1545,LINH KIỆN VI TÍNH ( RAM PC ) Lexar 8GB DDR4 -3200U-DIMMCL22 (LD4AU008G-B3200GSST ),131,511,636364.0
2023-12-26,1546,Dây cáp mạng Ensoho EN-F6CA24 FTP cat6 (305m/h),131,511,4881818.0
2023-12-26,1546,Giá vốn (80%): Dây cáp mạng Ensoho EN-F6CA24 FTP cat6 (305m/h),632,1561,3905454.4
2023-12-26,1547,Giá vốn (80%): Giấy in BILL K57x38,632,1561,570370.4
2023-12-26,1545,Giá vốn (80%): Bảng mạch chính Asus Prime H510MK,632,1561,1200000.0
2023-12-26,1545,Bảng mạch chính Asus Prime H510MK,131,511,1500000.0
2023-12-26,1545,Giá vốn (80%): Bộ vi xử lý vi tính Intel Core I5-10400 + Quạt,632,1561,2909091.2
2023-12-26,1545,Ổ CỨNG VI TÍNH ( SSD) Lexar SSDNS100 256GB Sata III6Gbs ( LNS100-256RB)(LNS100-256RB),131,511,545455.0
2023-12-26,1545,Giá vốn (80%): Ổ CỨNG VI TÍNH ( SSD) Lexar SSDNS100 256GB Sata III6Gbs ( LNS100-256RB)(LNS100-256RB),632,1561,436364.0
2023-12-26,1545,"Ỏ cứng gắn trong Western Digital 2TB-3.5""(WD20EZAZ)",131,511,1300000.0
2023-12-26,1545,Bộ vi xử lý vi tính Intel Core I5-10400 + Quạt,131,511,3636364.0
2023-12-27,1529,Máy chiếu đa năng ViewSonic LS500WHE,6422,1111,13300000.0
2023-12-27,1549,CPU  MÁY  TÍNH,131,511,16818182.0
2023-12-27,1396,Vòi tưới cây CMN 0584011,6422,1111,149074.0
2023-12-27,1396,Ổ cắm điện Mpower MP-265S 5m,6422,1111,407408.0
2023-12-27,1396,Ổ cắm điện Mpower MP-243S 3m,6422,1111,283334.0
2023-12-27,1396,Ổ cắm điện Mpower MP-153 3m,6422,1111,183334.0
2023-12-27,1396,Ổ cắm điện Philips SPN1248WC/74 - 5m,6422,1111,722223.0
2023-12-27,1396,Ổ cắm điện Philips SPN1248WB/74 - 3m,6422,1111,379628.0
2023-12-27,1553,Giá vốn (80%): BỘ MÁY VI TÍNH,632,1561,4363636.0
2023-12-27,1396,Pin carbon AAA Philips R03L10S,6422,1111,274960.0
2023-12-27,1396,Pin carbon AA Philips R6L2B,6422,1111,731520.0
2023-12-27,1554,Máy tính để bàn Dell Vos 3681 - STI38400W4G - 1T Intel Core i3-10105,131,511,9000000.0
2023-12-27,1553,BỘ MÁY VI TÍNH,131,511,5454545.0
2023-12-27,1552,Giá vốn (80%): Ổ CỨNG VI TÍNH ( SSD) Lexar SSDNS100 256GB Sata III6Gbs ( LNS100-256RB)(LNS100-256RB ),632,1561,12181818.4
2023-12-27,1549,Giá vốn (80%): CPU  MÁY  TÍNH,632,1561,13454545.6
2023-12-27,1552,Ổ CỨNG VI TÍNH ( SSD) Lexar SSDNS100 256GB Sata III6Gbs ( LNS100-256RB)(LNS100-256RB ),131,511,15227273.0
2023-12-27,1396,Pin minicell Philips CR2032P5B vỉ 5,6422,1111,397224.0
2023-12-27,1549,Máy chiếu đa năng Viewsonic  PA503W,131,511,10118182.0
2023-12-27,2992,ổ cứng gắn ngoài 1TB SSD ESD310C USB 10Gbps Type C/A Transcend,6422,1111,3436364.0
2023-12-27,6261,Thiết bị chuyển mạch DS-3E1318P-EI/M,6422,1111,4545454.0
2023-12-27,1552,Giá vốn (80%): Máy tính bàn Dell Inspiron 3020 Core i3-13100 3.4GHz/ 8GBRam/256GB SSD/ Win 11home/ Office Home & Student 2021/Wireless Bluetooth/ Mouse/ Keyboard/ 12mths Pre,632,1561,82000000.0
2023-12-27,130549,"Máy tính xách tay Dell Vostro 3530 Intel Core i5-1335U, 15.6""FHD, 1x8G, 256GB SSD, 3 Cell-41Whr, Win 11, Office H&S 2021, BH 12 tháng, V5I5267W1-Gray",6422,1111,25636364.0
2023-12-27,130556,"Máy tính xách tay Dell Vostro 3530 Intel Core i5-1335U, 15.6""FHD, 1x8G, 256GB SSD, 3 Cell-41Whr, Win 11, Office H&S 2021, BH 12 tháng, V5I5267W1-Gray",6422,1111,38454545.0
2023-12-27,66916,MÀN HÌNH VI TÍNH (LCD) DELL S2421H 23.8INCH/1920x1080@75Hz/SP/2HDM I/LED/IPS/BẠC(70X9V1),6422,1111,5363636.0
2023-12-27,2992,ổ cứng gắn ngoài 2TB SSD ESD310C USB 10Gbps Type C/A Transcend,6422,1111,3363636.0
2023-12-27,2992,ổ cứng gắn ngoài 2TB SSD ESD270C USB 3.1 Gen 2 type C Transcend,6422,1111,3000000.0
2023-12-27,2992,ổ cứng gắn ngoài 1TB SSD ESD310S USB 10Gbps Type C/A Transcend,6422,1111,1718182.0
2023-12-27,2992,ổ cứng gắn ngoài  1TB SSD ESD270C USB 3.1 Gen 2 type C Transcend,6422,1111,3363636.0
2023-12-27,2992,ổ cứng gắn ngoài 512GB SSD ESD310S USB 10Gbps Type C/A Transcend,6422,1111,1072727.0
2023-12-27,2992,ổ cứng gắn ngoài 512GB SSD ESD310C USB 10Gbps Type C/A Transcend,6422,1111,2145455.0
2023-12-27,130432,Chiết khấu theo BB thỏa thuận và quyết toán số 02104-2023-08-HTG-DELL-HVU09-PSD kí ngày 14/08/2023,6422,1111,5090909.0
2023-12-27,130432,Giảm giá theo BB thỏa thuận và quyết toán số 01218-2023-05-BVG-DELL-HVU09-PSD kí ngày 16/05/2023,6422,1111,1090909.0
2023-12-27,130432,"Máy tính xách tay Dell Vostro 3530 Intel Core i5-1335U, 15.6""FHD, 1x8G, 256GB SSD, 3 Cell-41Whr, Win 11, Office H&S 2021, BH 12 tháng, V5I5267W1-Gray",6422,1111,64090909.0
2023-12-27,6261,Camera quan sát DS-2CD1023G0-IUF(C),6422,1111,19320000.0
2023-12-27,6261,Thiết bị thu phát vô tuyến RG-EW1200G Pro,6422,1111,636364.0
2023-12-27,6261,Đầu ghi hình DS-7632NXI-K2,6422,1111,3863636.0
2023-12-27,6261,Camera quan sát CS-C6N (1080P),6422,1111,4100000.0
2023-12-27,1549,Giá vốn (80%): Máy chiếu đa năng Viewsonic  PA503W,632,1561,8094545.6
2023-12-27,1552,Máy tính bàn Dell Inspiron 3020 Core i3-13100 3.4GHz/ 8GBRam/256GB SSD/ Win 11home/ Office Home & Student 2021/Wireless Bluetooth/ Mouse/ Keyboard/ 12mths Pre,131,511,102500000.0
2023-12-27,1554,Giá vốn (80%): Máy tính để bàn Dell Vos 3681 - STI38400W4G - 1T Intel Core i3-10105,632,1561,7200000.0
2023-12-27,1551,Máy hủy giấy Magitech DM-120C,131,511,3690000.0
2023-12-27,1557,Máy In Canon MF241D,131,511,4177273.0
2023-12-27,1556,Giá vốn (80%): Mực nạp đổ XP12 - 140,632,1561,4800000.0
2023-12-27,1556,Mực nạp đổ XP12 - 140,131,511,6000000.0
2023-12-27,1555,Giá vốn (80%): Bàn phím + Chuột Logitech MK240,632,1561,625454.4
2023-12-27,1555,Bàn phím + Chuột Logitech MK240,131,511,781818.0
2023-12-27,1555,"Giá vốn (80%): Thiết bị đầu cuối GSM/W-CDMA FDD 2.4GHz TP-Link, M7350",632,1561,981818.4
2023-12-27,1555,"Thiết bị đầu cuối GSM/W-CDMA FDD 2.4GHz TP-Link, M7350",131,511,1227273.0
2023-12-27,1555,"Giá vốn (80%): Màn hình Ultrasharp Dell 23.8"" U2422H",632,1561,3781818.4
2023-12-27,1555,"Màn hình Ultrasharp Dell 23.8"" U2422H",131,511,4727273.0
2023-12-27,1555,Giá vốn (80%): Máy chiếu Boxlight ALX350,632,1561,8800000.0
2023-12-27,1555,Máy chiếu Boxlight ALX350,131,511,11000000.0
2023-12-27,194492,Thuế GTGT: THU PHI CT BIDV,6422,1121,1900.0
2023-12-27,194492,THU PHI CT BIDV,6422,1121,19000.0
2023-12-27,194493,THU PHI CT Vietcombank,6422,1121,19000.0
2023-12-27,502340,BALO LENOVO(BALOLNV),6422,1111,1851860.0
2023-12-27,130479,Chuột máy tính N100.BLACK - Optical Mouse,6422,1111,4545455.0
2023-12-27,1551,Giá vốn (80%): Máy hủy giấy Magitech DM-120C,632,1561,2952000.0
2023-12-27,1557,Giá vốn (80%): Máy In Canon MF241D,632,1561,3341818.4
2023-12-27,1558,Máy in đa năng Brother MFC - L2701D,131,511,4727273.0
2023-12-27,194493,Thuế GTGT: THU PHI CT Vietcombank,6422,1121,1900.0
2023-12-27,1558,"Ổ cứng di động Seagate Expansion 1TB  2.5""",131,511,1272727.0
2023-12-27,1558,Giá vốn (80%): Máy in đa năng Brother MFC - L2701D,632,1561,3781818.4
2023-12-27,1550,Bộ máy vi tính,131,511,87927273.0
2023-12-27,1559,Giá vốn (80%): Camera quan sát DS-2CD2T43G2-2I,632,1561,3120000.0
2023-12-27,1550,Giá vốn (80%): Bộ máy vi tính,632,1561,70341818.4
2023-12-27,1559,"Giá vốn (80%): Camera quan sát CS - H8C (4MP,4MM)",632,1561,2016000.0
2023-12-27,1559,"Camera quan sát CS - H8C (4MP,4MM)",131,511,2520000.0
2023-12-27,1559,Giá vốn (80%): Hộp mực in Izinet 12A/303/FX9,632,1561,24000000.0
2023-12-27,1559,Hộp mực in Izinet 12A/303/FX9,131,511,30000000.0
2023-12-27,1559,Camera quan sát DS-2CD2T43G2-2I,131,511,3900000.0
2023-12-27,1559,Mực nạp đổ XP12 - 140,131,511,4000000.0
2023-12-27,1558,Giá vốn (80%): Bàn phím Dell Multimedia KB216,632,1561,123636.0
2023-12-27,1558,Bàn phím Dell Multimedia KB216,131,511,154545.0
2023-12-27,1558,Giá vốn (80%): Chuột máy tính Logitech M221,632,1561,174545.6
2023-12-27,1558,Chuột máy tính Logitech M221,131,511,218182.0
2023-12-27,1558,Giá vốn (80%): Bộ vi xử lý vi tính Intel Core i3-10105 (BX8070110105SRH3P) +Quạt,632,1561,2000000.0
2023-12-27,1558,Bộ vi xử lý vi tính Intel Core i3-10105 (BX8070110105SRH3P) +Quạt,131,511,2500000.0
2023-12-27,1559,Giá vốn (80%): Mực nạp đổ XP12 - 140,632,1561,3200000.0
2023-12-27,1558,"Giá vốn (80%): Ổ cứng di động Seagate Expansion 1TB  2.5""",632,1561,1018181.6
2023-12-28,1566,"Ổ cứng gắn trong Western Digital  1TB - 3.5""(WD10EZEX)",131,511,2043636.0
2023-12-28,1566,"Giá vốn (80%): Ổ cứng gắn trong Western Digital  1TB - 3.5""(WD10EZEX)",632,1561,1634908.8
2023-12-28,1565,Máy in Brother DCP-B7535DW,131,511,5136364.0
2023-12-28,1565,Giá vốn (80%): Máy in Brother DCP-B7535DW,632,1561,4109091.2
2023-12-28,1564,Máy in Brother DCP - B7535DW,131,511,5136364.0
2023-12-28,1564,Giá vốn (80%): Máy in Brother DCP - B7535DW,632,1561,4109091.2
2023-12-28,1563,Giá vốn (80%): Camera quan sát CS-C6N (1080P),632,1561,31999968.0
2023-12-28,1563,"Giá vốn (80%): Thiết bị chuyển  mạch TP-Link,TL-SF1005D",632,1561,6109096.0
2023-12-28,1563,Camera quan sát CS-C6N (1080P),131,511,39999960.0
2023-12-28,1563,"Thiết bị thu phát vô tuyến TP-Link,TL - WN725N",131,511,5000000.0
2023-12-28,1563,"Giá vốn (80%): Thiết bị thu phát vô tuyến TP-Link,TL - WN725N",632,1561,4000000.0
2023-12-28,1563,Vỏ thùng máy tính Jetek A3033B,131,511,11363650.0
2023-12-28,1563,Giá vốn (80%): Vỏ thùng máy tính Jetek A3033B,632,1561,9090920.0
2023-12-28,1563,"Thiết bị chuyển  mạch TP-Link,TL-SF1005D",131,511,7636370.0
2023-12-28,1566,Giá vốn (80%): Màn  hình Dell  S2421H23.5 inch (70X9V1),632,1561,4480000.0
2023-12-28,1566,Giá vốn (80%): USB hiệu Kingston 64GB 3.0 DT100G3 (DT100G3/64GB),632,1561,576000.0
2023-12-28,1566,Giá vốn (80%): Bảng mạch chính Asus Prime H510MK,632,1561,2327272.0
2023-12-28,1567,Thiết bị chuyển mạch DS-3E1318P-EI/M,131,511,5780000.0
2023-12-28,1563,Vỏ thùng máy tính Jetek A3035B,131,511,22727300.0
2023-12-28,1567,Giá vốn (80%): Thiết bị chuyển mạch DS-3E1318P-EI/M,632,1561,4624000.0
2023-12-28,1567,"Ổ cứng gắn trong Western Digital  4TB 3.5 '' sata3 , màu tím ( Purple ) WD43PURZ",131,511,2430000.0
2023-12-28,1567,"Giá vốn (80%): Ổ cứng gắn trong Western Digital  4TB 3.5 '' sata3 , màu tím ( Purple ) WD43PURZ",632,1561,1944000.0
2023-12-28,1567,Thiết bị thu phát vô tuyến RG - EW1200G Pro,131,511,909091.0
2023-12-28,1566,Màn  hình Dell  S2421H23.5 inch (70X9V1),131,511,5600000.0
2023-12-28,1567,Giá vốn (80%): Thiết bị thu phát vô tuyến RG - EW1200G Pro,632,1561,727272.8
2023-12-28,1566,Bộ vi xử lý vi tính Intel Core I5-10400 + Quạt,131,511,3227273.0
2023-12-28,1566,Giá vốn (80%): Bộ vi xử lý vi tính Intel Core I5-10400 + Quạt,632,1561,2581818.4
2023-12-28,1566,Nguồn Jetek Model 350 ELITE V2,131,511,954546.0
2023-12-28,1566,Giá vốn (80%): Nguồn Jetek Model 350 ELITE V2,632,1561,763636.8
2023-12-28,1573,Giá vốn (80%): Tai nghe SoundMax AH314,632,1561,320000.0
2023-12-28,1566,Bảng mạch chính Asus Prime H510MK,131,511,2909090.0
2023-12-28,1566,USB hiệu Kingston 64GB 3.0 DT100G3 (DT100G3/64GB),131,511,720000.0
2023-12-28,1563,Giá vốn (80%): Vỏ thùng máy tính Jetek A3035B,632,1561,18181840.0
2023-12-28,1563,Giá vốn (80%): Bàn phím Dell Multimedia KB216,632,1561,1090908.8
2023-12-28,1563,Giá vốn (80%): Thẻ nhớ 64GB Micro SDXC Exceria UHS-I C10 U1 100MB/s Kioxia ( không có Adapter),1121,131,2836368.0
2023-12-28,1567,Giá vốn (80%): Camera quan sát DS-2CD1023G0-IUF(C),632,1561,19936000.0
2023-12-28,1573,Tai nghe SoundMax AH314,131,511,400000.0
2023-12-28,1573,Giá vốn (80%): Loa SoundMax A4000/4.1,632,1561,640000.0
2023-12-28,1573,Loa SoundMax A4000/4.1,131,511,800000.0
2023-12-28,1573,"Giá vốn (80%): Màn hình vi tính Dell LCD E2216H - 21.5"" WHD-3Y",632,1561,1527272.8
2023-12-28,1573,"Màn hình vi tính Dell LCD E2216H - 21.5"" WHD-3Y",131,511,1909091.0
2023-12-28,1573,Giá vốn (80%): Mực in 26A Number One,632,1121,327272.8
2023-12-28,1573,Mực in 26A Number One,131,511,409091.0
2023-12-28,1573,Giá vốn (80%): Hộp mực in Izinet12A/303/FX9,632,1561,290908.8
2023-12-28,1573,Hộp mực in Izinet12A/303/FX9,131,511,363636.0
2023-12-28,1573,Giá vốn (80%): Máy tính bàn Dell Inspiron 3020 Core i3-13100 3.4GHz/8GBRam/256GB SSD/ Win 11home/ Office Home & Student2021/Wireless Bluetooth/ Mouse/ Keyboard/ 12mths Pre,632,1561,8200000.0
2023-12-28,1573,Máy tính bàn Dell Inspiron 3020 Core i3-13100 3.4GHz/8GBRam/256GB SSD/ Win 11home/ Office Home & Student2021/Wireless Bluetooth/ Mouse/ Keyboard/ 12mths Pre,131,511,10250000.0
2023-12-28,1562,"Giá vốn (80%): Thiết bị đầu cuối GSM/W-CDMA FDD 2.4GHz TP-Link, M7350",632,1561,981818.4
2023-12-28,1562,"Thiết bị đầu cuối GSM/W-CDMA FDD 2.4GHz TP-Link, M7350",131,511,1227273.0
2023-12-28,1563,Bàn phím Dell Multimedia KB216,131,511,1363636.0
2023-12-28,1563,"Giá vốn (80%): Camera quan sát CS - H3C (1080P,4MM,COLOR)",632,1561,2272728.0
2023-12-28,1563,"Camera quan sát CS - H3C (1080P,4MM,COLOR)",131,511,2840910.0
2023-12-28,1563,Thẻ nhớ 32GB Micro SDHC Exceria Plus UHS-I C10 U3 V30 A1 98MB/65MB/s Kioxia ( Có Adapter),131,511,3272720.0
2023-12-28,1563,Giá vốn (80%): Thẻ nhớ 32GB Micro SDHC Exceria Plus UHS-I C10 U3 V30 A1 98MB/65MB/s Kioxia ( Có Adapter),632,1121,2618176.0
2023-12-28,1563,"Thiết bị  thu phát vô tuyến TP-Link,TL-WN821N",131,511,5454560.0
2023-12-28,1563,"Giá vốn (80%): Thiết bị  thu phát vô tuyến TP-Link,TL-WN821N",632,1561,4363648.0
2023-12-28,1563,Máy in hóa đơn XP-T80L,131,511,20454540.0
2023-12-28,1563,Giá vốn (80%): Máy in hóa đơn XP-T80L,632,1561,16363632.0
2023-12-28,1563,Thẻ nhớ 64GB Micro SDXC Exceria UHS-I C10 U1 100MB/s Kioxia ( không có Adapter),131,511,3545460.0
2023-12-28,1563,Bàn phím Keyboard NK2500,131,511,31363635.0
2023-12-28,1563,Chuột vi tính có dây Rapoo N100,131,511,27272724.0
2023-12-28,1563,Giá vốn (80%): Chuột vi tính có dây Rapoo N100,632,1561,21818179.2
2023-12-28,1563,Loa SoundMax A130/2.0,131,511,7909080.0
2023-12-28,1563,Giá vốn (80%): Loa SoundMax A130/2.0,632,1561,6327264.0
2023-12-28,1563,Chuột máy tính Logitech B100,131,511,3381818.0
2023-12-28,1563,Giá vốn (80%): Chuột máy tính Logitech B100,632,1561,2705454.4
2023-12-28,1563,Giá vốn (80%): Bàn phím Keyboard NK2500,632,1561,25090908.0
2023-12-28,1567,Camera quan sát DS-2CD1023G0-IUF(C),131,511,24920000.0
2023-12-28,421,Cáp dữ liệu VIDEO HDMI 1.4 truyềnâm thanh hình ảnh dài 5M Ugreen(10109),6422,1111,618180.0
2023-12-28,1567,Đầu ghi hình DS-7632NXI-K2,131,511,4850000.0
2023-12-28,194903,THU PHI CT Vietcombank,6422,1121,23000.0
2023-12-28,194902,Thuế GTGT: THU PHI CT ACB,6422,1121,2300.0
2023-12-28,194902,THU PHI CT ACB,6422,1121,23000.0
2023-12-28,194896,Thuế GTGT: THU PHI CT Vietcombank,6422,1121,1900.0
2023-12-28,194896,THU PHI CT Vietcombank,6422,1121,19000.0
2023-12-28,1570,Giá vốn (80%): 6FW06A : Máy quét ảnh hoặc tài liệu HP ScanJetPro 2000S2 Sheet-feed- Scanner,632,1561,5810908.8
2023-12-28,1570,6FW06A : Máy quét ảnh hoặc tài liệu HP ScanJetPro 2000S2 Sheet-feed- Scanner,131,511,7263636.0
2023-12-28,1571,Giá vốn (80%): Máy in HP LJ 181FW(T6B71A),632,1561,6218181.6
2023-12-28,1571,Máy in HP LJ 181FW(T6B71A),131,511,7772727.0
2023-12-28,1572,Giá vốn (80%): Máy In Canon Laser LBP-2900,632,1561,15454545.6
2023-12-28,1572,Máy In Canon Laser LBP-2900,131,511,19318182.0
2023-12-28,1572,"Màn hình máy tính LenovoThinkVision S22e - 20, 21.5""FHD, 3Y WTY_62C6KAR1WW",131,511,54318182.0
2023-12-28,1572,Giá vốn (80%): Bộ máy vi tính,632,1561,8792727.2
2023-12-28,1572,Bộ máy vi tính,131,511,10990909.0
2023-12-28,1561,"Giá vốn (80%): Thiết bị chuyển  mạch TP-Link,TL - SF1005D",632,1561,189091.2
2023-12-28,1561,"Thiết bị chuyển  mạch TP-Link,TL - SF1005D",131,511,236364.0
2023-12-28,1561,Giá vốn (80%): Tai nghe SoundMax AH314,632,1561,305454.4
2023-12-28,1567,Giá vốn (80%): Đầu ghi hình DS-7632NXI-K2,632,1561,3880000.0
2023-12-28,1561,MÁY TÍNH XÁCH TAY (NB) LENOVO V14 G3 IAP i3-1215U/8GD4/256GSSD/14.0FHD/IPS/WL/BT/2C38/NoOS/ĐEN (82TS0060VN),131,511,8172727.0
2023-12-28,1561,Giá vốn (80%): MÁY TÍNH XÁCH TAY (NB) LENOVO V14 G3 IAP i3-1215U/8GD4/256GSSD/14.0FHD/IPS/WL/BT/2C38/NoOS/ĐEN (82TS0060VN),632,1561,6538181.6
2023-12-28,1561,"Thiết bị đầu cuối GSM/W-CDMA FDD 2.4GHz TP-Link, M7350",131,511,1227272.0
2023-12-28,1561,"Giá vốn (80%): Thiết bị đầu cuối GSM/W-CDMA FDD 2.4GHz TP-Link, M7350",632,1561,981817.6
2023-12-28,1561,Camera quan sát CS - C6N (1080P),131,511,2460000.0
2023-12-28,194903,Thuế GTGT: THU PHI CT Vietcombank,6422,1121,2300.0
2023-12-28,1561,Giá vốn (80%): Camera quan sát CS - C6N (1080P),632,1561,1968000.0
2023-12-28,1561,Giá vốn (80%): Loa SoundMax A926 /2.1,632,1561,567272.8
2023-12-28,1561,Bàn phím Dell Multimedia KB216,131,511,581820.0
2023-12-28,1561,Giá vốn (80%): Bàn phím Dell Multimedia KB216,632,1561,465456.0
2023-12-28,1561,Chuột máy tính Dell MS116,131,511,327272.0
2023-12-28,1561,Giá vốn (80%): Chuột máy tính Dell MS116,632,1561,261817.6
2023-12-28,1561,Tai nghe SoundMax AH314,131,511,381818.0
2023-12-28,1561,Loa SoundMax A926 /2.1,131,511,709091.0
2023-12-28,4194,Bàn phím EK312 Black E-DRA,6422,1111,2032727.0
2023-12-28,1572,"Giá vốn (80%): Màn hình máy tính LenovoThinkVision S22e - 20, 21.5""FHD, 3Y WTY_62C6KAR1WW",632,1561,43454545.6
2023-12-28,51771,Phí dịch vụ thanh toán trên vimo.vn tháng 12/2023 theo hợp đồng số ĐL00424/08062022,6422,1111,964498.0
2023-12-28,421,Cáp dữ liệu VIDEO HDMI sang DVItruyền hình ảnh dài 1.5M Ugreen(11150),6422,1111,113636.0
2023-12-28,421,Màn hình vi tính Philips 271V8LA/74/27INCH/VA-LCD,6422,1111,6300000.0
2023-12-28,4193,Ghế xoay Yummy EGC232 - E-Dra,6422,1111,3750000.0
2023-12-28,4193,Ghế xoay Citizen EGC200 - E-Dra,6422,1111,1934259.0
2023-12-28,1560,Ổ đĩa cứng gắn trong  máy tính hiệu LEXAR 2.5 inch SSD256GB (LNS100-256RB),131,511,818182.0
2023-12-28,1560,Giá vốn (80%): Ổ đĩa cứng gắn trong  máy tính hiệu LEXAR 2.5 inch SSD256GB (LNS100-256RB),632,1561,654545.6
2023-12-28,421,Dây chuyển đổi có chipset USB sangcổng COM RS-232 dài 1.5M Ugreen(20211),6422,1111,145455.0
2023-12-28,6442,Thiết bị truyền hình ảnh Webcam Logitech HD C270 (960-000584),6422,1111,2545455.0
2023-12-28,1569,MÀN HÌNH VI TÍNH (LCD) DELL S2421H  23.8INCH/1920x1080@75Hz/SP/2HDM I/LED/IPS/BẠC(70X9V1),131,511,3590000.0
2023-12-28,1569,Giá vốn (80%): MÀN HÌNH VI TÍNH (LCD) DELL S2421H  23.8INCH/1920x1080@75Hz/SP/2HDM I/LED/IPS/BẠC(70X9V1),632,1561,2872000.0
2023-12-28,1569,Cáp dữ liệu VIDEO HDMI sang DVI truyền hình ảnh dài 1.5M Ugreen (11150),131,511,250000.0
2023-12-28,4194,Bàn phím máy tính EK384 E-Dra,6422,1111,671818.0
2023-12-28,1568,Máy quét Canon Lide 400,131,511,2945455.0
2023-12-28,1568,Giá vốn (80%): Máy quét Canon Lide 400,632,1561,2356364.0
2023-12-28,6442,Chiết khấu giảm giá,6422,1111,2272727.0
2023-12-28,421,Máy in Canon MF264DW (s/n: 4LG18802),6422,1111,5545455.0
2023-12-28,1569,Giá vốn (80%): Cáp dữ liệu VIDEO HDMI sang DVI truyền hình ảnh dài 1.5M Ugreen (11150),632,1561,200000.0
2023-12-28,421,Cáp dữ liệu VIDEO HDMI 1.4 truyềnâm thanh hình ảnh dài 5M Ugreen(10109),6422,1111,618180.0
2023-12-28,194832,THU PHI CT VietinBank,6422,1121,20000.0
2023-12-28,421,Máy in sổ Olivetti PR2 Plus (seri: 8315444),6422,1111,9636364.0
2023-12-28,8911,THU PHI CK HOANG THE ANH,6422,1111,950000.0
2023-12-28,8911,Thuế GTGT: THU PHI CK HOANG THE ANH,1331,1111,95000.0
2023-12-28,10650,Máy in Laser đa năng Canon  MF 3010,6422,1111,4000000.0
2023-12-28,10650,6FW06A: Máy quét ảnh hoặc tài liệu HP ScanJetPro 2000 S2 Sheet-feed- Scanner,6422,1111,6109091.0
2023-12-28,22627,Máy in laser Canon LBP2900,6422,1111,173500000.0
2023-12-28,194832,Thuế GTGT: THU PHI CT VietinBank,6422,1121,2000.0
2023-12-28,3617,Máy chấm công bằng dấu vân tay DG600BID,6422,1111,1600000.0
2023-12-28,3617,Máy chấm công bằng khuôn mặt FA110,6422,1111,1850000.0
2023-12-28,421,"ổ cứng lắp trong Western Digital 4TB 3.5"" Sata3,màu tím(Purple) (WD43PURZ)",6422,1111,2009091.0
2023-12-28,421,Cáp dữ liệu VIDEO HDMI 1.4 truyềnâm thanh hình ảnh dài 3M Ugreen(10108),6422,1111,454545.0
2023-12-28,421,MÁY IN CANON LBP 233DW (s/n: NYHA243766/NYHA243773/ NYHA244028/ NYHA244017),6422,1111,19272728.0
2023-12-28,3617,Máy chấm công bằng dấu vân tay K14 Pro,6422,1111,1300000.0
2023-12-29,1580,Giá vốn (80%): Máy quét Canon Lide 400,632,1561,4421817.6
2023-12-29,1580,Máy quét Canon Lide 400,131,511,5527272.0
2023-12-29,1580,Giá vốn (80%): MÁY IN CANON LBP 233DW,632,1561,13287273.6
2023-12-29,1580,MÁY IN CANON LBP 233DW,131,511,16609092.0
2023-12-29,1579,Máy in hóa đơn XP-T80L,131,511,818182.0
2023-12-29,1578,Giá vốn (80%): ổ cứng gắn ngoài 2TB SSDESD310C USB 10Gbps TypeC/A Transcend,632,1561,2727272.8
2023-12-29,1578,ổ cứng gắn ngoài 2TB SSDESD310C USB 10Gbps TypeC/A Transcend,131,511,3409091.0
2023-12-29,1577,Giá vốn (80%): MÁY TÍNH XÁCH TAY (NB)  Lenovo Ideapad 320 15IKB i5-8250U/4G /15.6,632,1561,5454545.6
2023-12-29,1580,Máy in sổ Olivetti PR2 Plus,131,511,11024546.0
2023-12-29,1577,MÁY TÍNH XÁCH TAY (NB)  Lenovo Ideapad 320 15IKB i5-8250U/4G /15.6,131,511,6818182.0
2023-12-29,1579,Giá vốn (80%): Máy in hóa đơn XP-T80L,632,1561,654545.6
2023-12-29,1580,Giá vốn (80%): Máy in sổ Olivetti PR2 Plus,632,1561,8819636.8
2023-12-29,1580,Đầu bấm dây cáp mạng hiệu ENSOHO mã EN-RJ45C6B RJ-45 Cat6e 8P8C,131,511,272727.0
2023-12-29,1580,"Giá vốn (80%): Thiêt bị chuyển mạch TP-Link,TL-SG1024D",632,1561,1418181.6
2023-12-29,1580,"Thiết bị chuyển mạch TP-Link, TL-SG108",131,511,599091.0
2023-12-29,1580,"Giá vốn (80%): Thiết bị chuyển mạch TP-Link, TL-SG108",632,1561,479272.8
2023-12-29,1580,Dây cáp mạng EN-R5BC20-MP3L-200-RG59+2C,131,511,3660000.0
2023-12-29,1580,Giá vốn (80%): Dây cáp mạng EN-R5BC20-MP3L-200-RG59+2C,632,1561,2928000.0
2023-12-29,1580,Giá vốn (80%): Đầu bấm dây cáp mạng hiệu ENSOHO mã EN-RJ45C6B RJ-45 Cat6e 8P8C,632,1561,218181.6
2023-12-29,1580,BỘ LƯU ĐIỆN SANTAK - MÃ HÀNG  BLAZER-2200 PRO,131,511,4000000.0
2023-12-29,1580,Giá vốn (80%): BỘ LƯU ĐIỆN SANTAK - MÃ HÀNG  BLAZER-2200 PRO,632,1561,3200000.0
2023-12-29,1581,Phần mềm Kaspersky KL1941MUEFS,131,511,1900000.0
2023-12-29,1581,Giá vốn (80%): Phần mềm Kaspersky KL1941MUEFS,632,1561,1520000.0
2023-12-29,4210,Ghế xoay Citizen EGC200 - E-Dra,6422,1111,12308923.0
2023-12-29,4210,Ghế xoay Apollo EGC227 Plus Fabric - E-Dra,6422,1111,7292930.0
2023-12-29,1577,"Giá vốn (80%): Máy tính xách tay LenovoV15 G4 IRU - Intel Core i3 -1315U (4.50GHz) - 8GB RAM - 512GB SSD - WF+BL -15.6FHD60Hz - NOS- 2YR Premium NBD, ,P/n 83A10007VN",632,1561,7345454.4
2023-12-29,1580,"Thiêt bị chuyển mạch TP-Link,TL-SG1024D",131,511,1772727.0
2023-12-29,1577,"Máy tính xách tay LenovoV15 G4 IRU - Intel Core i3 -1315U (4.50GHz) - 8GB RAM - 512GB SSD - WF+BL -15.6FHD60Hz - NOS- 2YR Premium NBD, ,P/n 83A10007VN",131,511,9181818.0
2023-12-29,1583,Chuột máy tính Logitech M221,131,511,263636.0
2023-12-29,1577,MÁY TÍNH XÁCH TAY (NB)LENOVO V14 G3 IAP i3-1215U/8GD4/256GSSD/14.0FHD/IPS/WL/BT/2C38/NoOS/ĐEN (82TS0060VN),131,511,29454545.0
2023-12-29,1577,Giá vốn (80%): MÁY TÍNH XÁCH TAY (NB)LENOVO V14 G3 IAP i3-1215U/8GD4/256GSSD/14.0FHD/IPS/WL/BT/2C38/NoOS/ĐEN (82TS0060VN),632,1561,23563636.0
2023-12-29,131197,Màn hình vi tính Dell LCD-E2222H-21.5''WHD-3Y,6422,1111,10000000.0
2023-12-29,32665,Dịch vụ ngân hàng,6422,1121,180000.0
2023-12-29,32665,Thuế GTGT: Dịch vụ ngân hàng,6422,1121,18000.0
2023-12-29,1582,"Máy Tính Xách Tay Asus Expert  Center B1500CEAE -EJ2701 / 15.6"" i5-1135G7/8GB DDR4/512GB (90NX0441-M01BE0)",131,511,10909091.0
2023-12-29,1582,"Giá vốn (80%): Máy Tính Xách Tay Asus Expert  Center B1500CEAE -EJ2701 / 15.6"" i5-1135G7/8GB DDR4/512GB (90NX0441-M01BE0)",632,1561,8727272.8
2023-12-29,1582,"Màn hình LCD VIEWSONIC VA1903A/19""",131,511,1181818.0
2023-12-29,1582,Máy In Canon Laser LBP6030,131,511,2300000.0
2023-12-29,1582,Giá vốn (80%): Máy In Canon Laser LBP6030,632,1561,1840000.0
2023-12-29,131337,Bàn phím máy tính NK2600 US_BLACK,6422,1111,2090909.0
2023-12-29,131337,"Chuột vi tính hiệu Rapoo mới 100%. Item no: 18823, Model: M20, Wireless Optical Mouse BLACK",6422,1111,2613636.0
2023-12-29,442810,DO 0.001S-V,6422,1111,454545.0
2023-12-29,4635,Dầu hộp số,6422,1111,828000.0
2023-12-29,1582,"Giá vốn (80%): Màn hình LCD VIEWSONIC VA1903A/19""",632,1561,945454.4
2023-12-29,4635,Xăng vệ sinh,6422,1111,200000.0
2023-12-29,1576,Giá vốn (80%): MÁY TÍNH XÁCH TAY (NB) LENOVO V14 G3 IAP i3-1215U/8GD4/256GSSD/14.0FHD/IPS/WL/BT/2C38/NoOS/ĐEN (82TS0060VN),632,1561,6036364.0
2023-12-29,4635,Keo dán roan Gasket,6422,1111,90000.0
2023-12-29,1576,MÁY TÍNH XÁCH TAY (NB) LENOVO V14 G3 IAP i3-1215U/8GD4/256GSSD/14.0FHD/IPS/WL/BT/2C38/NoOS/ĐEN (82TS0060VN),131,511,7545455.0
2023-12-29,1575,Giá vốn (80%): Máy quét Canon Lide 300,632,1561,1374545.6
2023-12-29,1575,Máy quét Canon Lide 300,131,511,1718182.0
2023-12-29,1574,"Màn hình LCD VIEWSONIC VA1903A/19""",131,511,1318182.0
2023-12-29,1574,"Giá vốn (80%): Màn hình LCD VIEWSONIC VA1903A/19""",632,1561,1054545.6
2023-12-29,1583,Bảng mạch chính Asus PRIME H310M-KR2.0,131,511,1136364.0
2023-12-29,1583,Giá vốn (80%): Chuột máy tính Logitech M221,632,1561,210908.8
2023-12-29,1583,Giá vốn (80%): Ổ cứng di động 32GB U202 USB 2.0 Kioxia,632,1561,1090908.8
2023-12-29,1583,Ổ cứng di động 32GB U202 USB 2.0 Kioxia,131,511,1363636.0
2023-12-29,1583,Giá vốn (80%): Bảng mạch chính Asus PRIME H310M-KR2.0,632,1561,909091.2
2023-12-30,1585,Giá vốn (80%): Loa SoundMax A2126/2.1,632,1561,861818.4
2023-12-30,1585,Chuột máy tính Logitech M590,131,511,472727.0
2023-12-30,1585,Giá vốn (80%): Chuột máy tính Logitech M590,632,1561,378181.6
2023-12-30,1585,Loa SoundMax A2126/2.1,131,511,1077273.0
2023-12-30,1585,Mực Laser Mitsubishi (140g) 26A,131,511,181820.0
2023-12-30,69422,Không có tên,6422,1111,120000.0
2023-12-30,1585,Mực nước Epson EIMB,131,511,818180.0
2023-12-30,1585,Giá vốn (80%): Mực nước Epson EIMB,632,1121,654544.0
2023-12-30,1585,Mực in 85A Number One,131,511,810000.0
2023-12-30,1585,Giá vốn (80%): Mực in 85A Number One,632,1121,648000.0
2023-12-30,69422,Thuế GTGT: Không có tên,1331,1111,12000.0
2023-12-30,1585,Giá vốn (80%): Trống nhãn hiệu Hanp loại DMHP1010PG11-1-100/DMHP1010(Canon2900/12A),632,1561,240000.0
2023-12-30,1585,Giá vốn (80%): Mực Laser Mitsubishi (140g) 26A,632,1561,145456.0
2023-12-30,1585,Trống nhãn hiệu Hanp loại DMHP1010PG11-1-100/DMHP1010(Canon2900/12A),131,511,300000.0
2023-12-30,1585,Hộp mực in Izinet 12A/303/FX9,131,511,8400000.0
2023-12-30,1585,Gạt mực (Linh kiện của hộp mực (Cartridge) dùngcho máy in Laser) loại WB 12A,131,511,80000.0
2023-12-30,1585,Giá vốn (80%): Gạt mực (Linh kiện của hộp mực (Cartridge) dùngcho máy in Laser) loại WB 12A,632,1561,64000.0
2023-12-30,1586,"Máy Tính Xách Tay Asus Expert Center B1500CEAE -EJ2701 / 15.6"" i5-1135G7/8GB DDR4/512GB (90NX0441-M01BE0)",131,511,10909091.0
2023-12-30,1586,Máy in canon laser LBP - 2900,131,511,3500000.0
2023-12-30,1586,Giá vốn (80%): Máy in canon laser LBP - 2900,632,1561,2800000.0
2023-12-30,1587,Hộp mực in Izinet 12A/303/FX9,131,511,327273.0
2023-12-30,1586,"Giá vốn (80%): Máy Tính Xách Tay Asus Expert Center B1500CEAE -EJ2701 / 15.6"" i5-1135G7/8GB DDR4/512GB (90NX0441-M01BE0)",632,1561,8727272.8
2023-12-30,1584,Máy đếm tiền XD BC -­ 35,131,511,4490741.0
2023-12-30,1584,Giá vốn (80%): Máy đếm tiền XD BC -­ 35,632,1561,3592592.8
2023-12-30,1585,Giá vốn (80%): Hộp mực in Izinet 12A/303/FX9,632,1561,6720000.0
2023-12-30,1585,Mực nạp đổ XP12 - 140,131,511,940000.0
2023-12-30,1585,Giá vốn (80%): Mực nạp đổ XP12 - 140,632,1561,752000.0
2023-12-30,1587,Giá vốn (80%): Hộp mực in Izinet 12A/303/FX9,632,1561,261818.4
2023-12-31,2060,Thuế GTGT: Cước dịch vụ Viễn thông-Công nghệ thông tin tháng 12 năm 2023,1331,1111,2667.0
2023-12-31,2109,Thuế GTGT: Cước dịch vụ Viễn thông-Công nghệ thông tin tháng 12 năm 2023,1331,1111,2000.0
2023-12-31,2109,Cước dịch vụ Viễn thông-Công nghệ thông tin tháng 12 năm 2023,6422,1111,20000.0
2023-12-31,1887,Thuế GTGT: Cước dịch vụ Viễn thông-Công nghệ thông tin tháng 12 năm 2023,1331,1111,23364.0
2023-12-31,1887,Cước dịch vụ Viễn thông-Công nghệ thông tin tháng 12 năm 2023,6422,1111,233636.0
2023-12-31,2149,Thuế GTGT: Cước dịch vụ Viễn thông-Công nghệ thông tin tháng 12 năm 2023,1331,1111,27400.0
2023-12-31,2149,Cước dịch vụ Viễn thông-Công nghệ thông tin tháng 12 năm 2023,6422,1111,274000.0
2023-12-31,2060,Cước dịch vụ Viễn thông-Công nghệ thông tin tháng 12 năm 2023,6422,1111,26671.0
2023-12-31,57638,Cước dịch vụ Viễn thông-Công nghệ thông tin tháng 12 năm 2023,6422,1111,375826.0
2023-12-31,2061,Cước dịch vụ Viễn thông-Công nghệ thông tin tháng 12 năm 2023,6422,1111,24545.0
2023-12-31,57731,Thuế GTGT: Cước dịch vụ Viễn thông-Công nghệ thông tin tháng 12 năm 2023,1331,1111,47253.0
2023-12-31,57731,Cước dịch vụ Viễn thông-Công nghệ thông tin tháng 12 năm 2023,6422,1111,472531.0
2023-12-31,57638,Thuế GTGT: Cước dịch vụ Viễn thông-Công nghệ thông tin tháng 12 năm 2023,1331,1111,37583.0
2023-12-31,57637,Thuế GTGT: Cước dịch vụ Viễn thông-Công nghệ thông tin tháng 12 năm 2023,1331,1111,43797.0
2023-12-31,57637,Cước dịch vụ Viễn thông-Công nghệ thông tin tháng 12 năm 2023,6422,1111,437970.0
2023-12-31,29331,Cước dịch vụ Viễn thông-Công nghệ thông tin tháng 12 năm 2023,6422,1111,249636.0
2023-12-31,2061,Thuế GTGT: Cước dịch vụ Viễn thông-Công nghệ thông tin tháng 12 năm 2023,1331,1111,2455.0
2023-12-31,29331,Thuế GTGT: Cước dịch vụ Viễn thông-Công nghệ thông tin tháng 12 năm 2023,1331,1111,24964.0
