shdon,loaihd,month,nbten,ten,dvtinh,sluong,thtien,tthue
57638,muavao,12,TRUNG TÂM KINH DOANH VNPT - GIA LAI - CHI NHÁNH TỔNG CÔNG TY DỊCH VỤ VIỄN THÔNG,Cước dịch vụ Viễn thông-Công nghệ thông tin tháng 12 năm 2023,Tháng,1.0000,375826.00,37583.00
57637,muavao,12,TRUNG TÂM KINH DOANH VNPT - GIA LAI - CHI NHÁNH TỔNG CÔNG TY DỊCH VỤ VIỄN THÔNG,Cước dịch vụ Viễn thông-Công nghệ thông tin tháng 12 năm 2023,Tháng,1.0000,437970.00,43797.00
29331,muavao,12,TRUNG TÂM KINH DOANH VNPT - GIA LAI - CHI NHÁNH TỔNG CÔNG TY DỊCH VỤ VIỄN THÔNG,Cước dịch vụ Viễn thông-Công nghệ thông tin tháng 12 năm 2023,Tháng,1.0000,249636.00,24964.00
2149,muavao,12,TRUNG TÂM KINH DOANH VNPT - GIA LAI - CHI NHÁNH TỔNG CÔNG TY DỊCH VỤ VIỄN THÔNG,Cước dịch vụ Viễn thông-Công nghệ thông tin tháng 12 năm 2023,Tháng,1.0000,274000.00,27400.00
2109,muavao,12,TRUNG TÂM KINH DOANH VNPT - GIA LAI - CHI NHÁNH TỔNG CÔNG TY DỊCH VỤ VIỄN THÔNG,Cước dịch vụ Viễn thông-Công nghệ thông tin tháng 12 năm 2023,Tháng,1.0000,20000.00,2000.00
2061,muavao,12,TRUNG TÂM KINH DOANH VNPT - GIA LAI - CHI NHÁNH TỔNG CÔNG TY DỊCH VỤ VIỄN THÔNG,Cước dịch vụ Viễn thông-Công nghệ thông tin tháng 12 năm 2023,Tháng,1.0000,24545.00,2455.00
2060,muavao,12,TRUNG TÂM KINH DOANH VNPT - GIA LAI - CHI NHÁNH TỔNG CÔNG TY DỊCH VỤ VIỄN THÔNG,Cước dịch vụ Viễn thông-Công nghệ thông tin tháng 12 năm 2023,Tháng,1.0000,26671.00,2667.00
1887,muavao,12,TRUNG TÂM KINH DOANH VNPT - GIA LAI - CHI NHÁNH TỔNG CÔNG TY DỊCH VỤ VIỄN THÔNG,Cước dịch vụ Viễn thông-Công nghệ thông tin tháng 12 năm 2023,Tháng,1.0000,233636.00,23364.00
57731,muavao,12,TRUNG TÂM KINH DOANH VNPT - GIA LAI - CHI NHÁNH TỔNG CÔNG TY DỊCH VỤ VIỄN THÔNG,Cước dịch vụ Viễn thông-Công nghệ thông tin tháng 12 năm 2023,Tháng,1.0000,472531.00,47253.00
727,banra,7,CÔNG TY TNHH MỘT THÀNH VIÊN HUY VŨ,Bộ vi xử lý  Intel Core i3-10105,Cái,1.0000,2227273.00,0.00
34,banra,1,CÔNG TY TNHH MỘT THÀNH VIÊN HUY VŨ,Bàn phím Keyboard NK2500,Cái,2.0000,218182.00,0.00
727,banra,7,CÔNG TY TNHH MỘT THÀNH VIÊN HUY VŨ,Mạch chính vi tính Gigabyte H510M-H,Cái,1.0000,1400000.00,0.00
34,banra,1,CÔNG TY TNHH MỘT THÀNH VIÊN HUY VŨ,Chuột máy tính Dell MS116,Cái,2.0000,145455.00,0.00
727,banra,7,CÔNG TY TNHH MỘT THÀNH VIÊN HUY VŨ,Chuột vi tính Rapoo M20,Cái,1.0000,110909.00,0.00
52,banra,1,CÔNG TY TNHH MỘT THÀNH VIÊN HUY VŨ,"Ổ cứng di động Seagate Expansion 1TB 2.5""",Cái,1.0000,1318182.00,0.00
51,banra,1,CÔNG TY TNHH MỘT THÀNH VIÊN HUY VŨ,Máy  In Canon Laser LBP-2900,Cái,1.0000,3627273.00,0.00
51,banra,1,CÔNG TY TNHH MỘT THÀNH VIÊN HUY VŨ,Hộp mực in Izinet 12A,Hộp,1.0000,336363.00,0.00
50,banra,1,CÔNG TY TNHH MỘT THÀNH VIÊN HUY VŨ,BỘ MÁY VI TÍNH,Bộ,2.0000,16290909.00,0.00
50,banra,1,CÔNG TY TNHH MỘT THÀNH VIÊN HUY VŨ,Điện thoại có dây Panasonic KXTS500,Cái,4.0000,1236364.00,0.00
50,banra,1,CÔNG TY TNHH MỘT THÀNH VIÊN HUY VŨ,"Ổ cứng gắn trong 240GB SSD EXCERIA BICS FLASH2.5""SATA3 KIOXIA",Cái,2.0000,1254545.00,0.00
50,banra,1,CÔNG TY TNHH MỘT THÀNH VIÊN HUY VŨ,Ram 4GB Kingston,Cái,1.0000,500000.00,0.00
50,banra,1,CÔNG TY TNHH MỘT THÀNH VIÊN HUY VŨ,"Thiết bị chuyển mạch TP-Link,TL-SG1008D",Cái,1.0000,418182.00,0.00
50,banra,1,CÔNG TY TNHH MỘT THÀNH VIÊN HUY VŨ,Máy  In Canon Laser LBP-2900,Cái,1.0000,3627273.00,0.00
50,banra,1,CÔNG TY TNHH MỘT THÀNH VIÊN HUY VŨ,Nguồn Jetek Model J400,Cái,1.0000,536363.00,0.00
49,banra,1,CÔNG TY TNHH MỘT THÀNH VIÊN HUY VŨ,MÀN HÌNH VI TÍNH (LCD) LENOVO C22-2021.5INCH/1920 x 1080/75Hz/VGA/HDMI/ĐEN/3Y(62A7KAR1WW),Cái,1.0000,2318182.00,0.00
48,banra,1,CÔNG TY TNHH MỘT THÀNH VIÊN HUY VŨ,Ổ cứng 500GB Kingston SSD NV1 M2 2280(SNVS/500G),Cái,2.0000,1636364.00,0.00
48,banra,1,CÔNG TY TNHH MỘT THÀNH VIÊN HUY VŨ,Bảng mạch chính Asus Prime H510MF,Cái,2.0000,2636364.00,0.00
48,banra,1,CÔNG TY TNHH MỘT THÀNH VIÊN HUY VŨ,"Thiết bị thu phát vô tuyến TP-Link,TL-WN822N",Cái,3.0000,545454.00,0.00
48,banra,1,CÔNG TY TNHH MỘT THÀNH VIÊN HUY VŨ,Bộ nhớ trong  Kingston 8GD4-2666,Cái,2.0000,1181818.00,0.00
47,banra,1,CÔNG TY TNHH MỘT THÀNH VIÊN HUY VŨ,Ổ cứng GT Western 1TB,Cái,1.0000,863636.00,0.00
46,banra,1,CÔNG TY TNHH MỘT THÀNH VIÊN HUY VŨ,Dây  HDMI 1.4 đồng 100% 15M,Chiếc,1.0000,700000.00,0.00
46,banra,1,CÔNG TY TNHH MỘT THÀNH VIÊN HUY VŨ,Gía treo máy chiếu 1.2m,Cái,1.0000,409091.00,0.00
45,banra,1,CÔNG TY TNHH MỘT THÀNH VIÊN HUY VŨ,Máy in Brother HL-L2321D,Cái,1.0000,2681818.00,0.00
44,banra,1,CÔNG TY TNHH MỘT THÀNH VIÊN HUY VŨ,Máy quét canon DR-F120,Cái,1.0000,8318182.00,0.00
43,banra,1,CÔNG TY TNHH MỘT THÀNH VIÊN HUY VŨ,Máy In Canon Laser LBP-2900,Cái,1.0000,3590909.00,0.00
43,banra,1,CÔNG TY TNHH MỘT THÀNH VIÊN HUY VŨ,Máy chiếu đa năng ViewSonic PA503XE,Bộ,1.0000,10718182.00,0.00
43,banra,1,CÔNG TY TNHH MỘT THÀNH VIÊN HUY VŨ,Màn chiếu  treo P84WS,Cái,1.0000,909091.00,0.00
43,banra,1,CÔNG TY TNHH MỘT THÀNH VIÊN HUY VŨ,6R9M6PA: Máy tính xách tay HP 14s-dq5053TU - Intel Corei5-1235U - U15 / 8GB DDR4 2DM 3200/ SSD 512Gb / IntelIris Xe/ 14 Inch HD/ Win 11 home/ Natural Silver/ 1Y,Cái,1.0000,15445454.00,0.00
43,banra,1,CÔNG TY TNHH MỘT THÀNH VIÊN HUY VŨ,"Máy tính để bàn Lenovo ThinkCentre neo 50s Gen 3 ,i3-12100, 4GB, 1TB, intel UHD Graphics 730, ac+ BT,KB,M,No OS, 1Y WTY_11T000ARVA - MÀN HÌNH LCD 23.8 Inch LENOVO THINKVISION S24e-20 (62AEKAR2WW)",Bộ,2.0000,22800000.00,0.00
42,banra,1,CÔNG TY TNHH MỘT THÀNH VIÊN HUY VŨ,Bộ nhớ trong Kingston 16GB-3200U C16,Cái,1.0000,1363636.00,0.00
41,banra,1,CÔNG TY TNHH MỘT THÀNH VIÊN HUY VŨ,"Ổ cứng gắn trong 240GB SSD EXCERIA BICS FLASH2.5""SATA3 KIOXIA",Cái,3.0000,1636364.00,0.00
41,banra,1,CÔNG TY TNHH MỘT THÀNH VIÊN HUY VŨ,Chuột máy tính Logitech M331,Cái,5.0000,1290909.00,0.00
41,banra,1,CÔNG TY TNHH MỘT THÀNH VIÊN HUY VŨ,Bàn phím Dell Multimedia KB216,Cái,5.0000,681818.00,0.00
41,banra,1,CÔNG TY TNHH MỘT THÀNH VIÊN HUY VŨ,Thiết bị truyền ảnh Webcam Logitech C270,Cái,3.0000,1200000.00,0.00
41,banra,1,CÔNG TY TNHH MỘT THÀNH VIÊN HUY VŨ,Thanh ram G.Skill 2400-8GB-8GIS,Cái,3.0000,1554545.00,0.00
40,banra,1,CÔNG TY TNHH MỘT THÀNH VIÊN HUY VŨ,Máy chấm công vân tay RJ-3030. Hiệu: Ronald jack,Cái,1.0000,2536364.00,0.00
40,banra,1,CÔNG TY TNHH MỘT THÀNH VIÊN HUY VŨ,Chuột máy tính Logitech B100,Cái,1.0000,54545.00,0.00
39,banra,1,CÔNG TY TNHH MỘT THÀNH VIÊN HUY VŨ,Camera quan sát DS-2CD2T43G2-2I,Cái,26.0000,78000000.00,0.00
39,banra,1,CÔNG TY TNHH MỘT THÀNH VIÊN HUY VŨ,Đầu ghi hình DS-7632NI-K2,Cái,1.0000,4500000.00,0.00
39,banra,1,CÔNG TY TNHH MỘT THÀNH VIÊN HUY VŨ,Bộ chuyển đổi quang điện AP100-20A Aptek,Bộ,6.0000,2550000.00,0.00
39,banra,1,CÔNG TY TNHH MỘT THÀNH VIÊN HUY VŨ,Bộ chuyển đổi quang điện AP100-20B Aptek,Bộ,6.0000,2550000.00,0.00
39,banra,1,CÔNG TY TNHH MỘT THÀNH VIÊN HUY VŨ,Bộ chuyển đổi nguồn DS-3E1309P-EI,Cái,6.0000,17400000.00,0.00
39,banra,1,CÔNG TY TNHH MỘT THÀNH VIÊN HUY VŨ,Ổ cứng  GT Western 6TB-WD60PURZ,Cái,1.0000,5300000.00,0.00
39,banra,1,CÔNG TY TNHH MỘT THÀNH VIÊN HUY VŨ,Tủ Rack 6U,Cái,6.0000,9480000.00,0.00
39,banra,1,CÔNG TY TNHH MỘT THÀNH VIÊN HUY VŨ,"Bộ chuyển đổi quang điện  TP-Link,MC111CS",Cái,1.0000,700000.00,0.00
39,banra,1,CÔNG TY TNHH MỘT THÀNH VIÊN HUY VŨ,"Bộ chuyển đổi quang điện  TP-Link,MC112CS",Cái,1.0000,700000.00,0.00
39,banra,1,CÔNG TY TNHH MỘT THÀNH VIÊN HUY VŨ,Bộ chuyển đổi  tín hiệu BT-HD4V1DF-T/R,Bộ,1.0000,2950000.00,0.00
39,banra,1,CÔNG TY TNHH MỘT THÀNH VIÊN HUY VŨ,Bộ chuyển đổi  USB-C sang HUB 3.0+HDMI+RJ45(50538),Chiếc,1.0000,900000.00,0.00
39,banra,1,CÔNG TY TNHH MỘT THÀNH VIÊN HUY VŨ,Bộ nguồn cấp điện Cisco AIR-PWR-C,Cái,2.0000,2100000.00,0.00
39,banra,1,CÔNG TY TNHH MỘT THÀNH VIÊN HUY VŨ,"Cáp mạng  Aipoolink RJ45UTP CAT5E,CCA24AWG",Cuộn,7.0000,5600000.00,0.00
39,banra,1,CÔNG TY TNHH MỘT THÀNH VIÊN HUY VŨ,"Thiết bị chuyển mạch TP-Link,TL-SG1024D",Cái,5.0000,7500000.00,0.00
39,banra,1,CÔNG TY TNHH MỘT THÀNH VIÊN HUY VŨ,"Thiết bị chuyển mạch SF1082FP, hiệu  Aptek",Cái,1.0000,700000.00,0.00
39,banra,1,CÔNG TY TNHH MỘT THÀNH VIÊN HUY VŨ,"Thiết bị chuyển mạch Switch 24P-LGS124,Linksys",Cái,1.0000,2200000.00,0.00
39,banra,1,CÔNG TY TNHH MỘT THÀNH VIÊN HUY VŨ,Thiết bị  phát HDMI Dtech DT7060,Cái,1.0000,3818182.00,0.00
39,banra,1,CÔNG TY TNHH MỘT THÀNH VIÊN HUY VŨ,Thiết bị chuyển đổi nguồn điện Ruckus (902-0173-UK00),Cái,6.0000,1500000.00,0.00
39,banra,1,CÔNG TY TNHH MỘT THÀNH VIÊN HUY VŨ,Thiết bị chuyển mạch Cisco Catal C2960X-24TS-L,Cái,2.0000,37200000.00,0.00
39,banra,1,CÔNG TY TNHH MỘT THÀNH VIÊN HUY VŨ,Thiết bị chuyển mạch Switch Cisco SB19P-SG95-16,Cái,4.0000,9600000.00,0.00
39,banra,1,CÔNG TY TNHH MỘT THÀNH VIÊN HUY VŨ,"Tủ mạng 19""42U D1000-B",Cái,1.0000,8200000.00,0.00
39,banra,1,CÔNG TY TNHH MỘT THÀNH VIÊN HUY VŨ,"24Ackipter SC/UPC,24 ống,có nhiệt 60mm",Sợi,1.0000,1000000.00,0.00
39,banra,1,CÔNG TY TNHH MỘT THÀNH VIÊN HUY VŨ,Khung giá đỡ bằng thép không gỉ  Ruckus(902-0120-0000),Cái,6.0000,4200000.00,0.00
39,banra,1,CÔNG TY TNHH MỘT THÀNH VIÊN HUY VŨ,Khóa chốt  YB-100+,Cái,1.0000,900000.00,0.00
39,banra,1,CÔNG TY TNHH MỘT THÀNH VIÊN HUY VŨ,Bát dưới khóa chốt,Cái,1.0000,318182.00,0.00
39,banra,1,CÔNG TY TNHH MỘT THÀNH VIÊN HUY VŨ,Bát trên khóa chốt,Cái,1.0000,700000.00,0.00
39,banra,1,CÔNG TY TNHH MỘT THÀNH VIÊN HUY VŨ,Hộp ODC 4Fo Full phụ kiện SC/UPC,Bộ,6.0000,709091.00,0.00
39,banra,1,CÔNG TY TNHH MỘT THÀNH VIÊN HUY VŨ,Ổ điện  12Port có CB,Cái,2.0000,2000000.00,0.00
39,banra,1,CÔNG TY TNHH MỘT THÀNH VIÊN HUY VŨ,Dây cáp mạng Ensoho EN-F5CA24 FTP cat5e,Hộp,150.0000,75000000.00,0.00
39,banra,1,CÔNG TY TNHH MỘT THÀNH VIÊN HUY VŨ,Đầu bấm dây cáp mạng  Ensoho EN-RJ45C5 RJ-45 cat5e,Hộp,200.0000,18000000.00,0.00
39,banra,1,CÔNG TY TNHH MỘT THÀNH VIÊN HUY VŨ,Camera quan sát DS-2CE16D0T-IT3,Cái,21.0000,16380000.00,0.00
39,banra,1,CÔNG TY TNHH MỘT THÀNH VIÊN HUY VŨ,Camera quan sát  DS-2CE12DFT-PIRXOF,Cái,2.0000,2400000.00,0.00
39,banra,1,CÔNG TY TNHH MỘT THÀNH VIÊN HUY VŨ,Camera quan sát DS-2CE76D0T-ITMFS,Cái,3.0000,1500000.00,0.00
39,banra,1,CÔNG TY TNHH MỘT THÀNH VIÊN HUY VŨ,Camera quan sát DS-2CE16D0T-IT5(C),Cái,2.0000,1200000.00,0.00
39,banra,1,CÔNG TY TNHH MỘT THÀNH VIÊN HUY VŨ,Camera quan sát DS-2CE56D0T-IT3,Cái,1.0000,650000.00,0.00
39,banra,1,CÔNG TY TNHH MỘT THÀNH VIÊN HUY VŨ,Camera KTS EZVIZ mã CS-C3N,Cái,1.0000,579000.00,0.00
39,banra,1,CÔNG TY TNHH MỘT THÀNH VIÊN HUY VŨ,Camera quan sát CS-CV310(A0-1C2WFR),Cái,6.0000,3900000.00,0.00
39,banra,1,CÔNG TY TNHH MỘT THÀNH VIÊN HUY VŨ,Đầu ghi hình DS-7216HGHI-K2,Cái,1.0000,2000000.00,0.00
39,banra,1,CÔNG TY TNHH MỘT THÀNH VIÊN HUY VŨ,Đầu ghi hình  DS-7204HUHI-K1/E(S),Cái,1.0000,1500000.00,0.00
39,banra,1,CÔNG TY TNHH MỘT THÀNH VIÊN HUY VŨ,"Ổ cứng  GN WD ELEMENTS 1TB 2.5"" USB 3.0",Cái,13.0000,14300000.00,0.00
38,banra,1,CÔNG TY TNHH MỘT THÀNH VIÊN HUY VŨ,Hộp mực  in Ecoplus 12A,Hộp,2.0000,245455.00,0.00
37,banra,1,CÔNG TY TNHH MỘT THÀNH VIÊN HUY VŨ,Ru lô sấy,Cái,1.0000,1409091.00,0.00
36,banra,1,CÔNG TY TNHH MỘT THÀNH VIÊN HUY VŨ,Phí Thư BL số MD2116742921 Số seri AA204770 Ngày 16/06/2021 đến 16/06/2022,Cái,1.0000,13636364.00,0.00
35,banra,1,CÔNG TY TNHH MỘT THÀNH VIÊN HUY VŨ,Loa SoundMax A120/2.0,Bộ,1.0000,190909.00,0.00
34,banra,1,CÔNG TY TNHH MỘT THÀNH VIÊN HUY VŨ,"Ổ cứng gắn trong 240GB SSD EXCERIA BICS FLASH2.5""SATA3 KIOXIA",Cái,1.0000,863636.00,0.00
33,banra,1,CÔNG TY TNHH MỘT THÀNH VIÊN HUY VŨ,Tai nghe Logitech H370,Cái,1.0000,500000.00,0.00
32,banra,1,CÔNG TY TNHH MỘT THÀNH VIÊN HUY VŨ,ổ cứng gắn trong 240GB SSD Exceria BiCS FLASH 2.5'' SATA3 Kioxia,Cái,10.0000,6818182.00,0.00
32,banra,1,CÔNG TY TNHH MỘT THÀNH VIÊN HUY VŨ,Bộ nhớ trong Kingston 8GD4-2666,Cái,10.0000,6000000.00,0.00
32,banra,1,CÔNG TY TNHH MỘT THÀNH VIÊN HUY VŨ,"Thanh ram G.Skill F3-1600C11S-8GIS, 8GB",Cái,10.0000,7727273.00,0.00
32,banra,1,CÔNG TY TNHH MỘT THÀNH VIÊN HUY VŨ,Bàn phím Dell Multimedia KB216,Cái,10.0000,1909091.00,0.00
32,banra,1,CÔNG TY TNHH MỘT THÀNH VIÊN HUY VŨ,Chuột máy tính  Dell MS116,Cái,10.0000,1363636.00,0.00
31,banra,1,CÔNG TY TNHH MỘT THÀNH VIÊN HUY VŨ,Máy quét HP Scanjet Pro 3000 S4 Sheet-feed - WTY_6FW07A,Cái,1.0000,9772727.00,0.00
30,banra,1,CÔNG TY TNHH MỘT THÀNH VIÊN HUY VŨ,Máy quét HP Scanjet Pro 3000 S4 Sheet-feed - WTY_6FW07A,Cái,1.0000,9772727.00,0.00
29,banra,1,CÔNG TY TNHH MỘT THÀNH VIÊN HUY VŨ,"Máy tính bàn Lenovo Desktop ThinkCentre M70a Gen 3 -i3-12100 ( 4.3 GHZ) - 8GB RAM - 256GB SSD - 21.5 inchFHD -1Yr, P/n 11VL0000VA",Bộ,1.0000,13536364.00,0.00
28,banra,1,CÔNG TY TNHH MỘT THÀNH VIÊN HUY VŨ,MÁY TÍNH ĐỂ BÀN (PC) LENOVO ThinkCentre neo 50sGen 3 i5- 12400(6*2.5)/4GD4/256GSSD/WL/BT/KB/M/NoOS/ĐEN(11T000AXVA),Cái,2.0000,18909091.00,0.00
28,banra,1,CÔNG TY TNHH MỘT THÀNH VIÊN HUY VŨ,MÀN HÌNH LCD 23.8 Inch LENOVO THINKVISION S24e-20 (62AEKAR2WW),Cái,5.0000,11818182.00,0.00
27,banra,1,CÔNG TY TNHH MỘT THÀNH VIÊN HUY VŨ,Máy in phun đa năng Brother DCPT226 (màu trắng),Cái,1.0000,3445455.00,0.00
26,banra,1,CÔNG TY TNHH MỘT THÀNH VIÊN HUY VŨ,"Thiết bị chuyển mạch TP-Link,TL-SF1024D",Cái,1.0000,800000.00,0.00
25,banra,1,CÔNG TY TNHH MỘT THÀNH VIÊN HUY VŨ,Mực  in phun Brother BT5000Y,Hộp,1.0000,168182.00,0.00
25,banra,1,CÔNG TY TNHH MỘT THÀNH VIÊN HUY VŨ,Mực  in phun Brother BT5000M,Hộp,1.0000,168182.00,0.00
24,banra,1,CÔNG TY TNHH MỘT THÀNH VIÊN HUY VŨ,Hộp mực  in Ecoplus 12A,Hộp,2.0000,236364.00,0.00
23,banra,1,CÔNG TY TNHH MỘT THÀNH VIÊN HUY VŨ,MÁY TÍNH ĐỂ BÀN HP 280 PRO G9 SFF 72K92PA  -Intel Core i5-12500,Bộ,1.0000,12400000.00,0.00
22,banra,1,CÔNG TY TNHH MỘT THÀNH VIÊN HUY VŨ,"Ổ cứng  Seagate Expansion 1TB 2.5""",Cái,1.0000,1136364.00,0.00
21,banra,1,CÔNG TY TNHH MỘT THÀNH VIÊN HUY VŨ,MÁY TÍNH BỘ PC DELL INSPIRON 3910 CORE I5,Cái,1.0000,16000000.00,0.00
20,banra,1,CÔNG TY TNHH MỘT THÀNH VIÊN HUY VŨ,Vỏ thùng máy tính  Jetek A30,Cái,5.0000,1363635.00,0.00
20,banra,1,CÔNG TY TNHH MỘT THÀNH VIÊN HUY VŨ,Thẻ nhớ Micro SD+Adaptor Hikvision HS-TF-C1/32GB,Cái,10.0000,581820.00,0.00
20,banra,1,CÔNG TY TNHH MỘT THÀNH VIÊN HUY VŨ,Chuột vi tính có dây  Rapoo N100,Cái,20.0000,1000000.00,0.00
20,banra,1,CÔNG TY TNHH MỘT THÀNH VIÊN HUY VŨ,Bàn phím Keyboard NK2500,Cái,10.0000,1090910.00,0.00
19,banra,1,CÔNG TY TNHH MỘT THÀNH VIÊN HUY VŨ,Máy  in Brother DCP-B7535DW,Cái,1.0000,5072727.00,0.00
18,banra,1,CÔNG TY TNHH MỘT THÀNH VIÊN HUY VŨ,Dây USB 3.0 nối dài 1.5m Ugreen (30126),Chiếc,1.0000,118182.00,0.00
18,banra,1,CÔNG TY TNHH MỘT THÀNH VIÊN HUY VŨ,Bàn phím  Keyboard NK2500,Cái,2.0000,254545.00,0.00
17,banra,1,CÔNG TY TNHH MỘT THÀNH VIÊN HUY VŨ,Máy  In Canon Laser LBP-2900,Cái,1.0000,3627273.00,0.00
16,banra,1,CÔNG TY TNHH MỘT THÀNH VIÊN HUY VŨ,"Thiết bị định tuyến TP-Link 450M,2.4GHz,TL-WR940N",Cái,1.0000,390909.00,0.00
16,banra,1,CÔNG TY TNHH MỘT THÀNH VIÊN HUY VŨ,"Thiết bị thu phát vô tuyến băng tần  2,4/5 Ghz , TPLINK  ARCHER AX23",Cái,1.0000,1227273.00,0.00
15,banra,1,CÔNG TY TNHH MỘT THÀNH VIÊN HUY VŨ,Hộp mực  in Ecoplus 12A,Hộp,1.0000,118182.00,0.00
14,banra,1,CÔNG TY TNHH MỘT THÀNH VIÊN HUY VŨ,Mực Laser TN-2385 Brother,Hộp,1.0000,509091.00,0.00
14,banra,1,CÔNG TY TNHH MỘT THÀNH VIÊN HUY VŨ,Hộp mực in Izinet 12A,Hộp,4.0000,636364.00,0.00
13,banra,1,CÔNG TY TNHH MỘT THÀNH VIÊN HUY VŨ,Hộp mực in Izinet 12A,Hộp,1.0000,336364.00,0.00
12,banra,1,CÔNG TY TNHH MỘT THÀNH VIÊN HUY VŨ,"Màn hình LCD Dell P3421W 34""",Cái,1.0000,12718182.00,0.00
11,banra,1,CÔNG TY TNHH MỘT THÀNH VIÊN HUY VŨ,Máy  in Brother HL-L2321D,Cái,1.0000,2436364.00,0.00
11,banra,1,CÔNG TY TNHH MỘT THÀNH VIÊN HUY VŨ,Loa SoundMax A710/2.1,Bộ,3.0000,1090909.00,0.00
11,banra,1,CÔNG TY TNHH MỘT THÀNH VIÊN HUY VŨ,Bàn phím Keyboard NK2500,Cái,7.0000,700000.00,0.00
11,banra,1,CÔNG TY TNHH MỘT THÀNH VIÊN HUY VŨ,Chuột vi tính có dây Rapoo N100,Cái,7.0000,318182.00,0.00
10,banra,1,CÔNG TY TNHH MỘT THÀNH VIÊN HUY VŨ,Bộ chuyển đổi mini Displayport sang VGA + HDMI màu trắng Ugreen ( 10427),Chiếc,1.0000,381818.00,0.00
9,banra,1,CÔNG TY TNHH MỘT THÀNH VIÊN HUY VŨ,Bàn phím Logitech K120,Cái,1.0000,136364.00,0.00
9,banra,1,CÔNG TY TNHH MỘT THÀNH VIÊN HUY VŨ,Chuột máy tính  Logitech B100,Cái,1.0000,63636.00,0.00
9,banra,1,CÔNG TY TNHH MỘT THÀNH VIÊN HUY VŨ,Loa SoundMax A130,Bộ,1.0000,109091.00,0.00
8,banra,1,CÔNG TY TNHH MỘT THÀNH VIÊN HUY VŨ,Bộ máy vi tính,Bộ,1.0000,15136364.00,0.00
7,banra,1,CÔNG TY TNHH MỘT THÀNH VIÊN HUY VŨ,Máy in bill Epson TM-T82 III,Cái,3.0000,10063636.00,0.00
7,banra,1,CÔNG TY TNHH MỘT THÀNH VIÊN HUY VŨ,Dây nguồn,Sợi,3.0000,0.00,0.00
6,banra,1,CÔNG TY TNHH MỘT THÀNH VIÊN HUY VŨ,Hộp mực in Ecoplus 12A,Hộp,1.0000,109091.00,0.00
5,banra,1,CÔNG TY TNHH MỘT THÀNH VIÊN HUY VŨ,Phần mềm Kaspersky KL1941MCCFS,Cái,1.0000,650000.00,0.00
4,banra,1,CÔNG TY TNHH MỘT THÀNH VIÊN HUY VŨ,Máy đếm tiền Mazsan MS - 5700C,Cái,1.0000,2731482.00,0.00
3,banra,1,CÔNG TY TNHH MỘT THÀNH VIÊN HUY VŨ,Máy in laser Brother HL-L2321D,Cái,20.0000,48727273.00,0.00
3,banra,1,CÔNG TY TNHH MỘT THÀNH VIÊN HUY VŨ,Máy in đa chức năng Brother MFCL2701D,Cái,5.0000,23318182.00,0.00
2,banra,1,CÔNG TY TNHH MỘT THÀNH VIÊN HUY VŨ,Máy in laser Brother HL-L2321D,Cái,30.0000,73090909.00,0.00
2,banra,1,CÔNG TY TNHH MỘT THÀNH VIÊN HUY VŨ,MÀN HÌNH VI TÍNH (LCD) LENOVO C22-20 21.5INCH/1920 x 1080/75Hz/VGA/HDMI/ĐEN/3Y(62A7KAR1WW),Cái,30.0000,54545454.00,0.00
2,banra,1,CÔNG TY TNHH MỘT THÀNH VIÊN HUY VŨ,MÁY TÍNH ĐỂ BÀN (PC) LENOVO ThinkCentre neo 50s Gen 3 i5- 12400(6*2.5)/8GD4/256GSSD/WL/BT/KB/M/W11/ĐEN( 11T0004UVN),Cái,1.0000,10272727.00,0.00
1,banra,1,CÔNG TY TNHH MỘT THÀNH VIÊN HUY VŨ,"Máy tính bàn Lenovo Desktop ThinkCentre M70a Gen 3 -i3-12100 ( 4.3 GHZ) - 8GB RAM - 256GB SSD - 21.5 inch FHD -1Yr, P/n 11VL0000VA",Bộ,1.0000,13536364.00,0.00
180,banra,2,CÔNG TY TNHH MỘT THÀNH VIÊN HUY VŨ,Hộp mực  in Izinet 12A,Hộp,4.0000,954545.00,0.00
179,banra,2,CÔNG TY TNHH MỘT THÀNH VIÊN HUY VŨ,Cổng nối mạng TL - SG1005D TP-Link,Cái,4.0000,836364.00,0.00
179,banra,2,CÔNG TY TNHH MỘT THÀNH VIÊN HUY VŨ,Đầu bấm dây cáp mạng Ensoho  RJ-45 cat5e,Hộp,6.0000,436364.00,0.00
179,banra,2,CÔNG TY TNHH MỘT THÀNH VIÊN HUY VŨ,Thiết bị định tuyến TP-Link 2.4GHz/5GHz Archer C50,Cái,8.0000,3200000.00,0.00
179,banra,2,CÔNG TY TNHH MỘT THÀNH VIÊN HUY VŨ,Dây cáp mạng Ensoho EN-F6CA24 FTP cat6,Thùng,3.0000,2481818.00,0.00
179,banra,2,CÔNG TY TNHH MỘT THÀNH VIÊN HUY VŨ,"CÁP CAT6 4UTP,23AWG,CM",Thùng,1.0000,2636364.00,0.00
179,banra,2,CÔNG TY TNHH MỘT THÀNH VIÊN HUY VŨ,Tủ Rack 6U,Cái,1.0000,778182.00,0.00
179,banra,2,CÔNG TY TNHH MỘT THÀNH VIÊN HUY VŨ,THIẾT BỊ CHUYỂN MẠCH CISCO WS-C2960 CG-8TCL,Cái,1.0000,7227272.00,0.00
178,banra,2,CÔNG TY TNHH MỘT THÀNH VIÊN HUY VŨ,Máy In Canon Laser LBP226DW,Cái,1.0000,6454545.00,0.00
177,banra,2,CÔNG TY TNHH MỘT THÀNH VIÊN HUY VŨ,Màn hình vi tính Asus VP247HAE,Cái,1.0000,3636364.00,0.00
177,banra,2,CÔNG TY TNHH MỘT THÀNH VIÊN HUY VŨ,Máy In Canon Laser LBP-2900,Cái,1.0000,3536363.00,0.00
176,banra,2,CÔNG TY TNHH MỘT THÀNH VIÊN HUY VŨ,"Ổ cứng GT Western Digital 1TB-3.5""",Cái,1.0000,681818.00,0.00
175,banra,2,CÔNG TY TNHH MỘT THÀNH VIÊN HUY VŨ,Bàn phím Dell Multimedia KB216,Cái,1.0000,181818.00,0.00
174,banra,2,CÔNG TY TNHH MỘT THÀNH VIÊN HUY VŨ,Bộ lưu điện Santak - mã hàng C1K-LCD,Cái,1.0000,6900000.00,0.00
174,banra,2,CÔNG TY TNHH MỘT THÀNH VIÊN HUY VŨ,"Chuyển đổi quang điện 2 sợi quang , BT-950 GS-20 (10/100/1000M)",Cái,2.0000,1054546.00,0.00
174,banra,2,CÔNG TY TNHH MỘT THÀNH VIÊN HUY VŨ,Chuột máy tính  Logitech B100,Cái,2.0000,163636.00,0.00
173,banra,2,CÔNG TY TNHH MỘT THÀNH VIÊN HUY VŨ,"Ổ cứng lưu trữ dữ liệu ST4000VX000,4T,5900RPM,3.5'',SATA,SEAGATE",Cái,1.0000,2136364.00,0.00
172,banra,2,CÔNG TY TNHH MỘT THÀNH VIÊN HUY VŨ,"Thiết bị đầu cuối 2.4GHz TP-Link,M7000",Cái,2.0000,1454544.00,0.00
172,banra,2,CÔNG TY TNHH MỘT THÀNH VIÊN HUY VŨ,Nguồn Jetek Model Y500T,Cái,2.0000,400000.00,0.00
172,banra,2,CÔNG TY TNHH MỘT THÀNH VIÊN HUY VŨ,Bàn phím Dell Multimedia KB216,Cái,3.0000,436365.00,0.00
172,banra,2,CÔNG TY TNHH MỘT THÀNH VIÊN HUY VŨ,Loa SoundMax A710/2.1,Bộ,2.0000,727273.00,0.00
171,banra,2,CÔNG TY TNHH MỘT THÀNH VIÊN HUY VŨ,Ổ đĩa SDRW - 08D2S - U lite hiệu Asus,Cái,2.0000,1618182.00,0.00
170,banra,2,CÔNG TY TNHH MỘT THÀNH VIÊN HUY VŨ,Mực Laser TN-2385,Hộp,1.0000,772727.00,0.00
169,banra,2,CÔNG TY TNHH MỘT THÀNH VIÊN HUY VŨ,MÀN HÌNH VI TÍNH (LCD) LENOVO C22-20 21.5INCH/1920 x 1080/75Hz/VGA/HDMI/ĐEN/(62A7KAR1WW),Cái,1.0000,2318182.00,0.00
169,banra,2,CÔNG TY TNHH MỘT THÀNH VIÊN HUY VŨ,Chuột máy tính Dell MS116,Cái,1.0000,81818.00,0.00
169,banra,2,CÔNG TY TNHH MỘT THÀNH VIÊN HUY VŨ,Bàn phím  Dell Multimedia KB216,Cái,1.0000,154545.00,0.00
168,banra,2,CÔNG TY TNHH MỘT THÀNH VIÊN HUY VŨ,Phần mềm  Kaspersky KL1941MCCFS,Cái,1.0000,900000.00,0.00
167,banra,2,CÔNG TY TNHH MỘT THÀNH VIÊN HUY VŨ,Bảng mạch chính ASUS TUF  B660M-E D4,Cái,1.0000,2909091.00,0.00
167,banra,2,CÔNG TY TNHH MỘT THÀNH VIÊN HUY VŨ,Bộ nhớ trong DDR4 16GB/3200 KINGSTON,Cái,2.0000,2072728.00,0.00
167,banra,2,CÔNG TY TNHH MỘT THÀNH VIÊN HUY VŨ,Ổ cứng hiệu Western WD 1TB,Cái,2.0000,1600000.00,0.00
167,banra,2,CÔNG TY TNHH MỘT THÀNH VIÊN HUY VŨ,Nguồn máy tính Corsair CV450,Cái,1.0000,700000.00,0.00
167,banra,2,CÔNG TY TNHH MỘT THÀNH VIÊN HUY VŨ,Máy in laser Brother HL-L2321D,Cái,2.0000,5072726.00,0.00
167,banra,2,CÔNG TY TNHH MỘT THÀNH VIÊN HUY VŨ,MÀN HÌNH VI TÍNH (LCD) LENOVO C22-20 21.5INCH/1920 x 1080/75Hz/VGA/HDMI/ĐEN/(62A7KAR1WW),Cái,2.0000,4636364.00,0.00
166,banra,2,CÔNG TY TNHH MỘT THÀNH VIÊN HUY VŨ,Bàn phím Rapoo NK2500,Cái,2.0000,200000.00,0.00
166,banra,2,CÔNG TY TNHH MỘT THÀNH VIÊN HUY VŨ,Chuột vi tính Rapoo M20,Cái,3.0000,327273.00,0.00
166,banra,2,CÔNG TY TNHH MỘT THÀNH VIÊN HUY VŨ,Loa SoundMax A120/2.0,Bộ,1.0000,154545.00,0.00
165,banra,2,CÔNG TY TNHH MỘT THÀNH VIÊN HUY VŨ,Chuột vi tính Rapoo M20,Cái,4.0000,436364.00,0.00
165,banra,2,CÔNG TY TNHH MỘT THÀNH VIÊN HUY VŨ,Bàn phím Rapoo NK2500,Cái,4.0000,400000.00,0.00
165,banra,2,CÔNG TY TNHH MỘT THÀNH VIÊN HUY VŨ,Nguồn  Jetek Model Y500T,Cái,2.0000,436364.00,0.00
164,banra,2,CÔNG TY TNHH MỘT THÀNH VIÊN HUY VŨ,Hộp mực  in Ecoplus 12A,Hộp,2.0000,236364.00,0.00
163,banra,2,CÔNG TY TNHH MỘT THÀNH VIÊN HUY VŨ,Hộp mực  in Izinet 12A,Hộp,1.0000,309091.00,0.00
162,banra,2,CÔNG TY TNHH MỘT THÀNH VIÊN HUY VŨ,Mực in 308 Number One,Hộp,1.0000,400000.00,0.00
162,banra,2,CÔNG TY TNHH MỘT THÀNH VIÊN HUY VŨ,Mực Laser đen Premium,Chai,8.0000,290909.00,0.00
161,banra,2,CÔNG TY TNHH MỘT THÀNH VIÊN HUY VŨ,Ổ cứng GT Western Digital 2TB,Cái,1.0000,1090909.00,0.00
161,banra,2,CÔNG TY TNHH MỘT THÀNH VIÊN HUY VŨ,Bộ nhớ trong  Kingmax 8GB DDR4-2400,Cái,1.0000,545455.00,0.00
161,banra,2,CÔNG TY TNHH MỘT THÀNH VIÊN HUY VŨ,Vỏ thùng máy tính  Jetek A30,Cái,1.0000,236364.00,0.00
161,banra,2,CÔNG TY TNHH MỘT THÀNH VIÊN HUY VŨ,Bảng mạch chính Asus Prime H510MF,Cái,1.0000,1363636.00,0.00
161,banra,2,CÔNG TY TNHH MỘT THÀNH VIÊN HUY VŨ,Nguồn Jetek Model Y500T,Cái,1.0000,218181.00,0.00
160,banra,2,CÔNG TY TNHH MỘT THÀNH VIÊN HUY VŨ,Phần mềm Kaspersky KL1867MUAFS,Cái,1.0000,300000.00,0.00
159,banra,2,CÔNG TY TNHH MỘT THÀNH VIÊN HUY VŨ,BỘ CPU I3.10105,Bộ,2.0000,15800000.00,0.00
158,banra,2,CÔNG TY TNHH MỘT THÀNH VIÊN HUY VŨ,MÁY TÍNH ĐỂ BÀN (PC) LENOVO ThinkCentre neo 50s Gen 3 i5- 12400(6*2.5)/4GD4/256GSSD/WL/BT/KB/M/NoOS/ĐE N(11T000AXVA),Cái,5.0000,47272727.00,0.00
158,banra,2,CÔNG TY TNHH MỘT THÀNH VIÊN HUY VŨ,MÁY VI TÍNH ĐỂ BÀN (PC) LENOVO ThinkCentre neo 50t Gen 3 i3- 12100(4*3.3)/4GD4/256GSSD/WL/BT/KB/M/nOS/ĐEN( 11SC001LVA),Cái,15.0000,105000000.00,0.00
157,banra,2,CÔNG TY TNHH MỘT THÀNH VIÊN HUY VŨ,Ổ cứng hiệu  Western  4TB,Cái,1.0000,2000000.00,0.00
157,banra,2,CÔNG TY TNHH MỘT THÀNH VIÊN HUY VŨ,Bàn phím + chuột Logitech MK235,Bộ,1.0000,409091.00,0.00
157,banra,2,CÔNG TY TNHH MỘT THÀNH VIÊN HUY VŨ,"Thiết bị thu phát vô tuyến  TP-Link,TL- WN822N",Cái,2.0000,445455.00,0.00
157,banra,2,CÔNG TY TNHH MỘT THÀNH VIÊN HUY VŨ,Bộ nhớ trong Kingmax 8GB DDR4-2666,Cái,1.0000,545454.00,0.00
156,banra,2,CÔNG TY TNHH MỘT THÀNH VIÊN HUY VŨ,Bộ lưu điện Santak - Mã hàng TG500,Bộ,2.0000,2109091.00,0.00
155,banra,2,CÔNG TY TNHH MỘT THÀNH VIÊN HUY VŨ,Mực T5018,Hộp,1.0000,1090909.00,0.00
154,banra,2,CÔNG TY TNHH MỘT THÀNH VIÊN HUY VŨ,"Ổ cứng GN WD Elements 2.5"" 4TB",Cái,1.0000,3227273.00,0.00
153,banra,2,CÔNG TY TNHH MỘT THÀNH VIÊN HUY VŨ,"Ổ cứng di động Seagate One touch 1TB 2.5""",Cái,1.0000,1318182.00,0.00
152,banra,2,CÔNG TY TNHH MỘT THÀNH VIÊN HUY VŨ,6FW06A: Máy quét ảnh hoặc tài liệu HP ScanJet Pro 2000 s2- Sheet-feed Scanner,Cái,1.0000,7081818.00,0.00
151,banra,2,CÔNG TY TNHH MỘT THÀNH VIÊN HUY VŨ,Máy in Brother HL-L2321D,Cái,1.0000,2454545.00,0.00
150,banra,2,CÔNG TY TNHH MỘT THÀNH VIÊN HUY VŨ,Bộ máy vi tính Pentium G6405,Bộ,40.0000,278545454.00,0.00
149,banra,2,CÔNG TY TNHH MỘT THÀNH VIÊN HUY VŨ,Hộp mực in Izinet 12A,Hộp,2.0000,636364.00,0.00
148,banra,2,CÔNG TY TNHH MỘT THÀNH VIÊN HUY VŨ,"Ổ cứng gắn trong 240GB SSDEXCERIABICSFLASH2.5""SATA3 KIOXIA",Cái,1.0000,818182.00,0.00
148,banra,2,CÔNG TY TNHH MỘT THÀNH VIÊN HUY VŨ,Bàn phím  NK2500,Cái,1.0000,118182.00,0.00
148,banra,2,CÔNG TY TNHH MỘT THÀNH VIÊN HUY VŨ,Bộ nhớ trong  Kingmax 4GB DDR4-2666,Cái,1.0000,500000.00,0.00
147,banra,2,CÔNG TY TNHH MỘT THÀNH VIÊN HUY VŨ,Mực laser đen Premium,Chai,20.0000,1818182.00,0.00
147,banra,2,CÔNG TY TNHH MỘT THÀNH VIÊN HUY VŨ,Mực nạp đổ XP12-140,Lọ,33.0000,3600000.00,0.00
146,banra,2,CÔNG TY TNHH MỘT THÀNH VIÊN HUY VŨ,Hộp mực in Eco Plus 12A,Hộp,1.0000,118182.00,0.00
145,banra,2,CÔNG TY TNHH MỘT THÀNH VIÊN HUY VŨ,Hộp mực in Izinet 12A,Hộp,2.0000,572727.00,0.00
144,banra,2,CÔNG TY TNHH MỘT THÀNH VIÊN HUY VŨ,Màn Hình Vi Tính Dell-LCD-E2216HV,Cái,1.0000,3081818.00,0.00
143,banra,2,CÔNG TY TNHH MỘT THÀNH VIÊN HUY VŨ,Hộp mực in Izinet 12A,Hộp,3.0000,872727.00,0.00
142,banra,2,CÔNG TY TNHH MỘT THÀNH VIÊN HUY VŨ,MỰC LASER TN-2385 Brother,Hộp,1.0000,500000.00,0.00
141,banra,2,CÔNG TY TNHH MỘT THÀNH VIÊN HUY VŨ,Máy  in Brother DCP - B7535DW,Cái,1.0000,5072727.00,0.00
140,banra,2,CÔNG TY TNHH MỘT THÀNH VIÊN HUY VŨ,Phần mềm  Kaspersky KL1941MCCFS,Cái,1.0000,900000.00,0.00
139,banra,2,CÔNG TY TNHH MỘT THÀNH VIÊN HUY VŨ,"Ổ cứng gắn trong 240GB SSDEXCERIABICSFLASH2.5""SATA3 KIOXIA",Cái,2.0000,1500000.00,0.00
138,banra,2,CÔNG TY TNHH MỘT THÀNH VIÊN HUY VŨ,Màn hình  LCD VIEWSONIC VA1903A,Cái,1.0000,1727273.00,0.00
137,banra,2,CÔNG TY TNHH MỘT THÀNH VIÊN HUY VŨ,Máy  in Brother HL-L2321D,Cái,1.0000,2454546.00,0.00
137,banra,2,CÔNG TY TNHH MỘT THÀNH VIÊN HUY VŨ,Thiết bị thu phát vô tuyến TP LINK  ARCHER AX23- AX1800Mbps,Cái,1.0000,1081818.00,0.00
136,banra,2,CÔNG TY TNHH MỘT THÀNH VIÊN HUY VŨ,Cạc mạng  PCI Gigabit TP-Link TG 3468,Cái,1.0000,209091.00,0.00
136,banra,2,CÔNG TY TNHH MỘT THÀNH VIÊN HUY VŨ,Điện thoại có dây  Panasonic KXTS500,Cái,2.0000,618182.00,0.00
136,banra,2,CÔNG TY TNHH MỘT THÀNH VIÊN HUY VŨ,"Ổ cứng gắn trong 240GB SSD EXCERIABICSFLASH2.5""SATA3 KIOXIA",Cái,3.0000,1881818.00,0.00
136,banra,2,CÔNG TY TNHH MỘT THÀNH VIÊN HUY VŨ,Ram 4GB Kingston,Cái,2.0000,1000000.00,0.00
135,banra,2,CÔNG TY TNHH MỘT THÀNH VIÊN HUY VŨ,CPU MÁY TÍNH,Bộ,1.0000,7900000.00,0.00
135,banra,2,CÔNG TY TNHH MỘT THÀNH VIÊN HUY VŨ,"Ổ cứng di động Seagate Expansion 1TB 2.5""",Cái,1.0000,1190909.00,0.00
134,banra,2,CÔNG TY TNHH MỘT THÀNH VIÊN HUY VŨ,Thiết bị định tuyến TP-Link 2.4GHz/5GHz Archer C20,Cái,1.0000,427272.00,0.00
134,banra,2,CÔNG TY TNHH MỘT THÀNH VIÊN HUY VŨ,"Thiết bị thu phát vô tuyến TP-Link,TL-WN823N",Cái,3.0000,627273.00,0.00
133,banra,2,CÔNG TY TNHH MỘT THÀNH VIÊN HUY VŨ,Ổ Cứng SSD 120gb Kingston,Cái,7.0000,3818182.00,0.00
132,banra,2,CÔNG TY TNHH MỘT THÀNH VIÊN HUY VŨ,Bộ máy vi tính,Bộ,1.0000,9090909.00,0.00
131,banra,2,CÔNG TY TNHH MỘT THÀNH VIÊN HUY VŨ,Máy In Canon Laser LBP-2900,Cái,1.0000,3627273.00,0.00
130,banra,2,CÔNG TY TNHH MỘT THÀNH VIÊN HUY VŨ,MÀN HÌNH LCD 23.8 Inch LENOVO THINKVISION S24e-20 (62AEKAR2WW),Cái,1.0000,2718182.00,0.00
130,banra,2,CÔNG TY TNHH MỘT THÀNH VIÊN HUY VŨ,Bộ máy vi tính,Bộ,1.0000,8354545.00,0.00
129,banra,2,CÔNG TY TNHH MỘT THÀNH VIÊN HUY VŨ,Bộ nhớ máy tính xách tay Kingmax 4GB DDR4-2400,Cái,1.0000,509091.00,0.00
129,banra,2,CÔNG TY TNHH MỘT THÀNH VIÊN HUY VŨ,ổ cứng gắn trong 480GB SSD Exceria BiCS FLASH 2.5'' SATA3 Kioxia,Cái,1.0000,1318182.00,0.00
128,banra,2,CÔNG TY TNHH MỘT THÀNH VIÊN HUY VŨ,Bộ nguồn cấp điện liên tục Cyber Power BU600E,Cái,1.0000,1045455.00,0.00
127,banra,2,CÔNG TY TNHH MỘT THÀNH VIÊN HUY VŨ,MÁY TÍNH XÁCH TAY (NB) LENOVO V14 G3 IAP i5- 1235U/8GD4/256GSSD/14.0FHD/WL/BT/2C38/NoOS/Đ EN(82TS0062VN),Cái,1.0000,12263636.00,0.00
127,banra,2,CÔNG TY TNHH MỘT THÀNH VIÊN HUY VŨ,MÀN HÌNH VI TÍNH (LCD) LENOVO C22-20 21.5INCH/1920 x 1080/75Hz/VGA/HDMI/ĐEN(62A7KAR1WW),Cái,1.0000,1990909.00,0.00
127,banra,2,CÔNG TY TNHH MỘT THÀNH VIÊN HUY VŨ,MÀN HÌNH LCD 23.8 Inch LENOVO THINKVISION S24e-20 (62AEKAR2WW),Cái,1.0000,2409091.00,0.00
126,banra,2,CÔNG TY TNHH MỘT THÀNH VIÊN HUY VŨ,Nguồn  Jetek mini A200m,Cái,4.0000,1200000.00,0.00
125,banra,2,CÔNG TY TNHH MỘT THÀNH VIÊN HUY VŨ,Màn hình vi tính LCD  ASUS PRO ART PA247CV  23.8inch,Cái,1.0000,5954545.00,0.00
125,banra,2,CÔNG TY TNHH MỘT THÀNH VIÊN HUY VŨ,Chuột máy tính Logitech M331,Cái,1.0000,227273.00,0.00
124,banra,2,CÔNG TY TNHH MỘT THÀNH VIÊN HUY VŨ,"Thiết bị chuyển mạch TP-Link,LS108G",Cái,1.0000,500000.00,0.00
124,banra,2,CÔNG TY TNHH MỘT THÀNH VIÊN HUY VŨ,Đầu bấm dây cáp mạng  Ensoho EN-RJ45C5 RJ-45 cat5e,Hộp,1.0000,76364.00,0.00
123,banra,2,CÔNG TY TNHH MỘT THÀNH VIÊN HUY VŨ,Bàn phím Dell Multimedia KB216,Cái,1.0000,172727.00,0.00
123,banra,2,CÔNG TY TNHH MỘT THÀNH VIÊN HUY VŨ,Chuột máy tính Logitech B100,Cái,1.0000,90909.00,0.00
122,banra,2,CÔNG TY TNHH MỘT THÀNH VIÊN HUY VŨ,Dây máy in USB 2.0 dài 5M Ugreen,Chiếc,1.0000,227273.00,0.00
121,banra,2,CÔNG TY TNHH MỘT THÀNH VIÊN HUY VŨ,Bộ nhớ trong Kingmax 8GB DDR4-3200,Cái,1.0000,481818.00,0.00
121,banra,2,CÔNG TY TNHH MỘT THÀNH VIÊN HUY VŨ,"Ổ cứng  GT Western Digital 2TB - 3.5""",Cái,1.0000,1018182.00,0.00
121,banra,2,CÔNG TY TNHH MỘT THÀNH VIÊN HUY VŨ,Mực Laser TN-2385 Brother,Hộp,2.0000,872727.00,0.00
120,banra,2,CÔNG TY TNHH MỘT THÀNH VIÊN HUY VŨ,Bộ lưu điện Santak - TG1000,Bộ,1.0000,2700000.00,0.00
119,banra,2,CÔNG TY TNHH MỘT THÀNH VIÊN HUY VŨ,Bàn phím máy tinh Rapoo NK2500,Cái,2.0000,272727.00,0.00
118,banra,2,CÔNG TY TNHH MỘT THÀNH VIÊN HUY VŨ,Mực  in 337 Number One,Hộp,2.0000,800000.00,0.00
117,banra,2,CÔNG TY TNHH MỘT THÀNH VIÊN HUY VŨ,Chuột vi tính  Rapoo M20,Cái,1.0000,109091.00,0.00
117,banra,2,CÔNG TY TNHH MỘT THÀNH VIÊN HUY VŨ,"Máy tính xách tay Lenovo ThinkBook 14 G4 IAP -I3-1215U(1.2G)-8GB RAM-256GB SSD-WF +BL,Fingerprint-14""FHD- DOS - 2Yr; P/N 21DH00B0VN",Chiếc,1.0000,13427273.00,0.00
116,banra,2,CÔNG TY TNHH MỘT THÀNH VIÊN HUY VŨ,Ổ cứng Kingmax SSD Sata III 120GB SMV32,Cái,1.0000,381818.00,0.00
116,banra,2,CÔNG TY TNHH MỘT THÀNH VIÊN HUY VŨ,Bảng mạch chính Asus Prime H510MF,Cái,1.0000,1354546.00,0.00
115,banra,2,CÔNG TY TNHH MỘT THÀNH VIÊN HUY VŨ,Bàn phím + chuột Logitech MK240,Bộ,1.0000,336364.00,0.00
114,banra,2,CÔNG TY TNHH MỘT THÀNH VIÊN HUY VŨ,Mực Laser TN-2385 Brother,Hộp,1.0000,390909.00,0.00
114,banra,2,CÔNG TY TNHH MỘT THÀNH VIÊN HUY VŨ,"Ổ cứng di động Seagate Expansion 1TB 2.5""",Cái,1.0000,1136364.00,0.00
114,banra,2,CÔNG TY TNHH MỘT THÀNH VIÊN HUY VŨ,Tai nghe Logitech H370,Cái,1.0000,400000.00,0.00
114,banra,2,CÔNG TY TNHH MỘT THÀNH VIÊN HUY VŨ,Chuột máy tính  Logitech M331,Cái,1.0000,254545.00,0.00
113,banra,2,CÔNG TY TNHH MỘT THÀNH VIÊN HUY VŨ,Máy In Brother HL-L2321D,Cái,1.0000,2681818.00,0.00
112,banra,2,CÔNG TY TNHH MỘT THÀNH VIÊN HUY VŨ,Chuột máy tính Dell WM 126,CÁi,1.0000,181818.00,0.00
111,banra,2,CÔNG TY TNHH MỘT THÀNH VIÊN HUY VŨ,Ổ cứng di động 16GB KIOXIA U202,Cái,4.0000,327273.00,0.00
110,banra,2,CÔNG TY TNHH MỘT THÀNH VIÊN HUY VŨ,Máy in Brother HL-L2321D,Cái,1.0000,2681818.00,0.00
109,banra,2,CÔNG TY TNHH MỘT THÀNH VIÊN HUY VŨ,Ổ cứng di động USB U366 64GB KIOXIA,Cái,1.0000,200000.00,0.00
108,banra,2,CÔNG TY TNHH MỘT THÀNH VIÊN HUY VŨ,Máy  In Canon Laser LBP-2900,Cái,1.0000,3818182.00,0.00
107,banra,2,CÔNG TY TNHH MỘT THÀNH VIÊN HUY VŨ,Máy In Canon Laser LBP-2900,Cái,2.0000,7072727.00,0.00
107,banra,2,CÔNG TY TNHH MỘT THÀNH VIÊN HUY VŨ,Mực in 30A NUmber One,Hộp,2.0000,727273.00,0.00
106,banra,2,CÔNG TY TNHH MỘT THÀNH VIÊN HUY VŨ,Hộp mực  in Ecoplus 12A,Hộp,1.0000,136364.00,0.00
105,banra,2,CÔNG TY TNHH MỘT THÀNH VIÊN HUY VŨ,Nguồn Jetek Model Y500T,Cái,2.0000,454546.00,0.00
105,banra,2,CÔNG TY TNHH MỘT THÀNH VIÊN HUY VŨ,Vỏ thùng máy tính JETEK Squid Game R3 WHITE,Cái,1.0000,709091.00,0.00
104,banra,2,CÔNG TY TNHH MỘT THÀNH VIÊN HUY VŨ,"Màn hình LCD VIEWSONIC VX2476 - SMHD/24""",Cái,1.0000,3872727.00,0.00
103,banra,2,CÔNG TY TNHH MỘT THÀNH VIÊN HUY VŨ,MÁY TÍNH ĐỂ BÀN (PC) LENOVO ThinkCentre neo 50s Gen 3 i5- 12400(6*2.5)/4GD4/256GSSD/WL/BT/KB/M/NoOS/ĐEN(11T000AXVA),Bộ,1.0000,10536364.00,0.00
103,banra,2,CÔNG TY TNHH MỘT THÀNH VIÊN HUY VŨ,MÀN HÌNH VI TÍNH (LCD) LENOVO C22-20 21.5INCH/1920 x 1080/75Hz/VGA/HDMI/ĐEN(62A7KAR1WW),Cái,1.0000,2318182.00,0.00
103,banra,2,CÔNG TY TNHH MỘT THÀNH VIÊN HUY VŨ,Máy In Canon Laser LBP-2900,Cái,1.0000,3627272.00,0.00
102,banra,2,CÔNG TY TNHH MỘT THÀNH VIÊN HUY VŨ,"Ổ cứng di động Seagate Expansion 2TB 2.5""",Cái,1.0000,2000000.00,0.00
102,banra,2,CÔNG TY TNHH MỘT THÀNH VIÊN HUY VŨ,Chuột máy tính Logitech M557,Cái,1.0000,436364.00,0.00
102,banra,2,CÔNG TY TNHH MỘT THÀNH VIÊN HUY VŨ,Bàn phím Rapoo V500SE,Cái,1.0000,636363.00,0.00
101,banra,2,CÔNG TY TNHH MỘT THÀNH VIÊN HUY VŨ,Chuột vi tính có dây Rapoo N100,Cái,10.0000,454545.00,0.00
101,banra,2,CÔNG TY TNHH MỘT THÀNH VIÊN HUY VŨ,Bàn phím  Keyboard NK2500,Cái,20.0000,2272727.00,0.00
101,banra,2,CÔNG TY TNHH MỘT THÀNH VIÊN HUY VŨ,Bàn phím Rapoo V500SE,Cái,1.0000,563636.00,0.00
101,banra,2,CÔNG TY TNHH MỘT THÀNH VIÊN HUY VŨ,Loa SoundMax A130/2.0,Bộ,3.0000,436364.00,0.00
100,banra,2,CÔNG TY TNHH MỘT THÀNH VIÊN HUY VŨ,MÁY TÍNH XÁCH TAY (NB) HP Pavilion  X360 14- ek0132TU i7- 1255U/16GD4/512GSSD/14.0FHDT/PEN/FP/WLax/BT5. 2/3C43/W11SL/VÀNG(7C0W4PA),Cái,1.0000,23809091.00,0.00
99,banra,2,CÔNG TY TNHH MỘT THÀNH VIÊN HUY VŨ,"Máy tính để bàn Dell OptiPlex 3000 Small Form Factor Intel® Core i5-12500 (6 Cores/18MB/12T/3.0GHzto 4.6GHz/65W), 8GB 3200MHz DDR4, 256GB SSD, Intel UHD Graphics , No DVD_RW, Ubuntu,",Bộ,1.0000,13254546.00,0.00
99,banra,2,CÔNG TY TNHH MỘT THÀNH VIÊN HUY VŨ,"Màn hình vi tính Dell  LCD E2216Hv 21.5"" WHD",Cái,1.0000,2690909.00,0.00
98,banra,2,CÔNG TY TNHH MỘT THÀNH VIÊN HUY VŨ,"Máy tính để bàn HP AIO 24- cb1011d,Core i5-1235U,8GB RAM,512GB SSD,Intel Graphics,23.8""FHD Touch,Wlan ac+BT,USB Keyboard & Mouse,Win11 Home 64,Starry White,1Y WTY_6K7G6PA",Chiếc,1.0000,18145455.00,0.00
97,banra,2,CÔNG TY TNHH MỘT THÀNH VIÊN HUY VŨ,Máy  in Brother HL-L2321D,Cái,1.0000,2954545.00,0.00
96,banra,2,CÔNG TY TNHH MỘT THÀNH VIÊN HUY VŨ,Nguồn Jetek Model J500,Cái,1.0000,690909.00,0.00
96,banra,2,CÔNG TY TNHH MỘT THÀNH VIÊN HUY VŨ,"Ổ cứng gắn trong 240GB SSD EXCERIA BICSFLASH2.5""SATA3 KIOXIA",Cái,1.0000,627273.00,0.00
96,banra,2,CÔNG TY TNHH MỘT THÀNH VIÊN HUY VŨ,Ram 4GB Kingston,Cái,1.0000,500000.00,0.00
95,banra,2,CÔNG TY TNHH MỘT THÀNH VIÊN HUY VŨ,Máy in laser Brother HL-L2366DW,Cái,1.0000,3590909.00,0.00
94,banra,2,CÔNG TY TNHH MỘT THÀNH VIÊN HUY VŨ,"Máy tính xách tay MSI GF63 Thin 11UD473VN/ i5-11400H/512GB SSD/8GB/RTX3050 Ti Max-Q 4GB/15.6""FHD/60Hz/WIN 11/màu đen",Cái,1.0000,17700000.00,0.00
94,banra,2,CÔNG TY TNHH MỘT THÀNH VIÊN HUY VŨ,Chuột vi tính Rapoo M20,Cái,1.0000,109091.00,0.00
93,banra,2,CÔNG TY TNHH MỘT THÀNH VIÊN HUY VŨ,Máy in HP Laser Pro M706N,Cái,1.0000,18000000.00,0.00
92,banra,2,CÔNG TY TNHH MỘT THÀNH VIÊN HUY VŨ,Ổ cứng Kingmax PQ3480 128GB(ZeusM2PCIe-Gen3x4),Cái,3.0000,1527273.00,0.00
92,banra,2,CÔNG TY TNHH MỘT THÀNH VIÊN HUY VŨ,Bảng mạch chính Asus Prime H510MK,Cái,2.0000,2836364.00,0.00
92,banra,2,CÔNG TY TNHH MỘT THÀNH VIÊN HUY VŨ,Bộ nhớ trong  Kingmax 4GB DDR4-2666,Cái,2.0000,727273.00,0.00
92,banra,2,CÔNG TY TNHH MỘT THÀNH VIÊN HUY VŨ,Bộ vi xử lý  Intel Pentium G6405,Cái,1.0000,1272727.00,0.00
91,banra,2,CÔNG TY TNHH MỘT THÀNH VIÊN HUY VŨ,Máy in Brother HL-L2321D,Cái,1.0000,2681818.00,0.00
90,banra,2,CÔNG TY TNHH MỘT THÀNH VIÊN HUY VŨ,Bàn phím + chuột Logitech MK240,Bộ,1.0000,436364.00,0.00
89,banra,2,CÔNG TY TNHH MỘT THÀNH VIÊN HUY VŨ,Ổ cứng Kingmax SSD M2 Sata III 256GB SA3080,Cái,1.0000,1227273.00,0.00
88,banra,2,CÔNG TY TNHH MỘT THÀNH VIÊN HUY VŨ,"Ổ cứng GT Western Digital 1TB - 3.5""",Cái,1.0000,1136364.00,0.00
88,banra,2,CÔNG TY TNHH MỘT THÀNH VIÊN HUY VŨ,"Thiết bị thu phát vô tuyến TP-Link 150M,TL - WN722N",Cái,1.0000,136363.00,0.00
87,banra,2,CÔNG TY TNHH MỘT THÀNH VIÊN HUY VŨ,Máy  in Brother DCP-B7535DW,Cái,1.0000,5072727.00,0.00
86,banra,2,CÔNG TY TNHH MỘT THÀNH VIÊN HUY VŨ,Máy chấm công bằng dấu vân tay RJ3030,Cái,1.0000,2536363.00,0.00
86,banra,2,CÔNG TY TNHH MỘT THÀNH VIÊN HUY VŨ,"Thiết bị chuyển mạch TP-Link,TL-SF1005D",Cái,1.0000,227273.00,0.00
86,banra,2,CÔNG TY TNHH MỘT THÀNH VIÊN HUY VŨ,Máy  In Canon Laser LBP-2900,Cái,1.0000,3627273.00,0.00
86,banra,2,CÔNG TY TNHH MỘT THÀNH VIÊN HUY VŨ,USB hiệu Kingston 32GB 3.0DT100G3,Cái,1.0000,90909.00,0.00
85,banra,2,CÔNG TY TNHH MỘT THÀNH VIÊN HUY VŨ,Mực  in 308 Number One,Hộp,1.0000,418182.00,0.00
84,banra,2,CÔNG TY TNHH MỘT THÀNH VIÊN HUY VŨ,Hộp mực in tương thích HP SK 93A (CZ192A),Hộp,1.0000,809091.00,0.00
83,banra,2,CÔNG TY TNHH MỘT THÀNH VIÊN HUY VŨ,Máy tính xách tay LENOVO ThinkBook 14S G2 ITL I7 1165G7/8GB/512GB SSD/14.0 FHD/FG/W11/LED KB/XÁM (20VA003RVN),Cái,1.0000,16809091.00,0.00
82,banra,2,CÔNG TY TNHH MỘT THÀNH VIÊN HUY VŨ,Ghế xoay Citizen EGC200 E-Dra,Cái,1.0000,2263636.00,0.00
81,banra,2,CÔNG TY TNHH MỘT THÀNH VIÊN HUY VŨ,Điện thoại có dây  Panasonic KXTS500,Cái,1.0000,309091.00,0.00
80,banra,2,CÔNG TY TNHH MỘT THÀNH VIÊN HUY VŨ,"Máy tính để bàn Dell Vostro 3710 STI34010W1-8G-256G Intel Core i3-12100 processor (4-Core, 12M Cache, 3.3GHzto 4.3GHz), 1x8GB, DDR4, 3200MHz, 256GB NVMe M.2 PCIe SSD, Chuột, Bàn Phím, Windows 11 Microsoft Office Home and Student 2021",Bộ,1.0000,10445455.00,0.00
80,banra,2,CÔNG TY TNHH MỘT THÀNH VIÊN HUY VŨ,"Màn hình vi tính Dell LCD  E2216Hv - 21.5"" WHD",Cái,1.0000,2681818.00,0.00
79,banra,2,CÔNG TY TNHH MỘT THÀNH VIÊN HUY VŨ,Ổ cứng di động 16GB U202 USB 2.0 KIOXIA,Cái,8.0000,654545.00,0.00
78,banra,2,CÔNG TY TNHH MỘT THÀNH VIÊN HUY VŨ,Máy in Brother HL-L2321D,Cái,1.0000,2800000.00,0.00
77,banra,2,CÔNG TY TNHH MỘT THÀNH VIÊN HUY VŨ,MỰC IN MÀU ĐEN IM C2500H,Hộp,2.0000,4181818.00,0.00
77,banra,2,CÔNG TY TNHH MỘT THÀNH VIÊN HUY VŨ,MỰC IN MÀU ĐỎ IM C2500H,Hộp,1.0000,4045455.00,0.00
77,banra,2,CÔNG TY TNHH MỘT THÀNH VIÊN HUY VŨ,ĐẦU BẤM DÂY CÁP MẠNG EN-RJ45C5,Hộp,1.0000,181818.00,0.00
77,banra,2,CÔNG TY TNHH MỘT THÀNH VIÊN HUY VŨ,ĐẦU BẤM DÂY CÁP MẠNG EN-RJ45C6,Hộp,1.0000,227273.00,0.00
77,banra,2,CÔNG TY TNHH MỘT THÀNH VIÊN HUY VŨ,DÂY CHUYỂN ĐỔI CÓ CHÍP RS-232,Chiếc,1.0000,136364.00,0.00
77,banra,2,CÔNG TY TNHH MỘT THÀNH VIÊN HUY VŨ,NGUỒN MÁY TÍNH CORSAIR CV550,Cái,1.0000,863636.00,0.00
77,banra,2,CÔNG TY TNHH MỘT THÀNH VIÊN HUY VŨ,BỘ NHỚ TRONG RAM 8GB/3200 KINGSTON,Cái,1.0000,954545.00,0.00
76,banra,2,CÔNG TY TNHH MỘT THÀNH VIÊN HUY VŨ,6FW06A: Máy quét ảnh hoặc tài liệu HP ScanJet Pro 2000 s2- Sheet-feed Scanner,CÁI,2.0000,13727273.00,0.00
75,banra,2,CÔNG TY TNHH MỘT THÀNH VIÊN HUY VŨ,"Thiết bị định tuyến TP-Link 300M,2.4GHz,TL-WR841N",Cái,1.0000,218182.00,0.00
74,banra,2,CÔNG TY TNHH MỘT THÀNH VIÊN HUY VŨ,Máy in laser Brother HL-L2321D,Cái,39.0000,92713636.00,0.00
73,banra,2,CÔNG TY TNHH MỘT THÀNH VIÊN HUY VŨ,MÁY IN LASER ĐƠN NĂNG CANON I-SENSYS LBP226 DW,Cái,1.0000,5636364.00,0.00
72,banra,2,CÔNG TY TNHH MỘT THÀNH VIÊN HUY VŨ,MÁY TÍNH XÁCH TAY (NB) LENOVO V14 G3 IAP i3-1215U/4GD4/256GSSD/14.0FHD/WL/BT/2C38/NoOS/ ĐEN(82TS0067VN),Cái,1.0000,9454545.00,0.00
71,banra,2,CÔNG TY TNHH MỘT THÀNH VIÊN HUY VŨ,Bàn phím Logitech G213,Cái,1.0000,681818.00,0.00
71,banra,2,CÔNG TY TNHH MỘT THÀNH VIÊN HUY VŨ,"Ổ cứng Seagate Expansion 1TB 2.5""",Cái,1.0000,1318182.00,0.00
71,banra,2,CÔNG TY TNHH MỘT THÀNH VIÊN HUY VŨ,Chuột máy tính Logitech M185,Cái,1.0000,227273.00,0.00
70,banra,2,CÔNG TY TNHH MỘT THÀNH VIÊN HUY VŨ,Bảng mạch chính Asus EX - B365M - V,Cái,1.0000,1218182.00,0.00
70,banra,2,CÔNG TY TNHH MỘT THÀNH VIÊN HUY VŨ,Ổ cứng  Gigabyte GP-GSTFS31120GNTD 120GB,Cái,1.0000,318182.00,0.00
69,banra,2,CÔNG TY TNHH MỘT THÀNH VIÊN HUY VŨ,Hộp mực in,Hộp,1.0000,272727.00,0.00
68,banra,2,CÔNG TY TNHH MỘT THÀNH VIÊN HUY VŨ,Bộ máy vi tính,Bộ,1.0000,9072727.00,0.00
67,banra,2,CÔNG TY TNHH MỘT THÀNH VIÊN HUY VŨ,Mực xeroc S1810/S2011,Hộp,2.0000,1054546.00,0.00
66,banra,2,CÔNG TY TNHH MỘT THÀNH VIÊN HUY VŨ,Máy  In Canon Laser LBP-2900,Cái,1.0000,3627273.00,0.00
65,banra,2,CÔNG TY TNHH MỘT THÀNH VIÊN HUY VŨ,Bút trình chiếu hiệu Rapoo Wireless Prensenter Black XR200,Cái,1.0000,536364.00,0.00
64,banra,2,CÔNG TY TNHH MỘT THÀNH VIÊN HUY VŨ,"Màn hình LCD VIEWSONIC VX2476-SMHD/24""",Cái,1.0000,3627273.00,0.00
63,banra,2,CÔNG TY TNHH MỘT THÀNH VIÊN HUY VŨ,Máy  In Canon Laser LBP-2900,Cái,1.0000,3627273.00,0.00
62,banra,2,CÔNG TY TNHH MỘT THÀNH VIÊN HUY VŨ,Hộp mực in Izinet 12A,Hộp,2.0000,418182.00,0.00
61,banra,2,CÔNG TY TNHH MỘT THÀNH VIÊN HUY VŨ,USB hiệu Kingston 32GB 3.0DT100G3,Cái,5.0000,863636.00,0.00
60,banra,2,CÔNG TY TNHH MỘT THÀNH VIÊN HUY VŨ,Máy  in Brother HL-L2321D,Cái,1.0000,2681818.00,0.00
59,banra,2,CÔNG TY TNHH MỘT THÀNH VIÊN HUY VŨ,Ổ cứng Gigabyte GP-GSTFS31240GNTD 240GB,Cái,1.0000,727273.00,0.00
58,banra,2,CÔNG TY TNHH MỘT THÀNH VIÊN HUY VŨ,Hộp mực in Ecoplus 12A,Hộp,1.0000,118182.00,0.00
57,banra,2,CÔNG TY TNHH MỘT THÀNH VIÊN HUY VŨ,"Ổ cứng gắn trong 240GB SSD EXCERIABICSFLASH2.5""SATA3 KIOXIA",Cái,3.0000,1854545.00,0.00
56,banra,1,CÔNG TY TNHH MỘT THÀNH VIÊN HUY VŨ,Máy In Canon Laser LBP-2900,Cái,1.0000,3627273.00,0.00
56,banra,1,CÔNG TY TNHH MỘT THÀNH VIÊN HUY VŨ,MÀN HÌNH VI TÍNH (LCD) LENOVO C22-20 21.5 INCH/1920 x 1080/75Hz/VGA/HDMI/ĐEN/(62A7KAR1WW),Cái,1.0000,2318182.00,0.00
56,banra,1,CÔNG TY TNHH MỘT THÀNH VIÊN HUY VŨ,Loa SoundMax R-200,Bộ,1.0000,272727.00,0.00
56,banra,1,CÔNG TY TNHH MỘT THÀNH VIÊN HUY VŨ,MÁY TÍNH ĐỂ BÀN (PC) LENOVO ThinkCentre neo 50s Gen 3 i5- 12400(6*2.5)/8GD4/256GSSD/WL/BT/KB/M/W11/ĐEN( 11T0004UVN),Bộ,1.0000,11536363.00,0.00
55,banra,1,CÔNG TY TNHH MỘT THÀNH VIÊN HUY VŨ,"Ổ cứng gắn trong 240GB SSD EXCERIA BICSFLASH2.5""SATA3 KIOXIA",Cái,1.0000,854546.00,0.00
55,banra,1,CÔNG TY TNHH MỘT THÀNH VIÊN HUY VŨ,"Ổ cứng SSD Western WDS500G2B0A,500GB,Sata3 2.5""",Cái,1.0000,1363636.00,0.00
54,banra,1,CÔNG TY TNHH MỘT THÀNH VIÊN HUY VŨ,Máy In Canon Laser LBP-2900,Cái,1.0000,4000000.00,0.00
54,banra,1,CÔNG TY TNHH MỘT THÀNH VIÊN HUY VŨ,Hộp mực  in Izinet 12A,Hộp,2.0000,636364.00,0.00
53,banra,1,CÔNG TY TNHH MỘT THÀNH VIÊN HUY VŨ,Bộ lưu điện  Santak - TG1000,Cái,2.0000,4345455.00,0.00
340,banra,3,CÔNG TY TNHH MỘT THÀNH VIÊN HUY VŨ,Vỏ thùng máy tính  JETEK Squid Game X1 (WHITE),Cái,1.0000,709091.00,0.00
340,banra,3,CÔNG TY TNHH MỘT THÀNH VIÊN HUY VŨ,Vỏ thùng máy tính GOLDEN FIELD 241 PLUS,Cái,1.0000,454545.00,0.00
340,banra,3,CÔNG TY TNHH MỘT THÀNH VIÊN HUY VŨ,Vỏ thùng máy tính JETEK Squid Game R5,Cái,1.0000,609091.00,0.00
340,banra,3,CÔNG TY TNHH MỘT THÀNH VIÊN HUY VŨ,Nguồn JETEK  Model J400,Cái,3.0000,1445455.00,0.00
340,banra,3,CÔNG TY TNHH MỘT THÀNH VIÊN HUY VŨ,Nguồn JETEK  Model J450,Cái,2.0000,1090909.00,0.00
340,banra,3,CÔNG TY TNHH MỘT THÀNH VIÊN HUY VŨ,Chuột vi tính có dây Rapoo N100,Cái,9.0000,409091.00,0.00
340,banra,3,CÔNG TY TNHH MỘT THÀNH VIÊN HUY VŨ,Bàn phím Keyboard NK2500,Cái,6.0000,654545.00,0.00
340,banra,3,CÔNG TY TNHH MỘT THÀNH VIÊN HUY VŨ,Ổ cứng di động USB KIOXIA 16GB U202 2.0,Cái,10.0000,590909.00,0.00
340,banra,3,CÔNG TY TNHH MỘT THÀNH VIÊN HUY VŨ,Thẻ nhớ Micro SD+Adaptor Hikvision HS-TF-C1/32G,Cái,5.0000,290909.00,0.00
339,banra,3,CÔNG TY TNHH MỘT THÀNH VIÊN HUY VŨ,Bộ máy vi tính,Bộ,10.0000,70000000.00,0.00
338,banra,3,CÔNG TY TNHH MỘT THÀNH VIÊN HUY VŨ,Bộ máy vi tính,Bộ,15.0000,109090909.00,0.00
337,banra,3,CÔNG TY TNHH MỘT THÀNH VIÊN HUY VŨ,MÁY IN Brother HL-L2321D,Cái,1.0000,2409091.00,0.00
337,banra,3,CÔNG TY TNHH MỘT THÀNH VIÊN HUY VŨ,MÁY VI TÍNH ĐỂ BÀN,Bộ,1.0000,4863636.00,0.00
336,banra,3,CÔNG TY TNHH MỘT THÀNH VIÊN HUY VŨ,CARD ĐỒ HỌA ASUS PH-GTX1650-O4GD6-90YV0EH2-M0NA00,Chiếc,1.0000,3718182.00,0.00
335,banra,3,CÔNG TY TNHH MỘT THÀNH VIÊN HUY VŨ,"Máy tính để bàn Dell Vostro 3710 STI34010W1-8G-256G Intel Core i3-12100processor (4-Core, 12M Cache, 3.3GHz to 4.3GHz), 1x8GB, DDR4,3200MHz, 256GB NVMe M.2 PCIe SSD, Chuột, Bàn Phím, Windows 11Microsoft Office Home and Student 2021",Bộ,1.0000,10909091.00,0.00
334,banra,3,CÔNG TY TNHH MỘT THÀNH VIÊN HUY VŨ,Ổ CỨNG Kingmax PQ3480 256GB(ZeusM2PCIe-Gen3x4),Cái,1.0000,600000.00,0.00
333,banra,3,CÔNG TY TNHH MỘT THÀNH VIÊN HUY VŨ,Bộ nhớ trong Ram 16gb/3200 kingston,Cái,1.0000,1409091.00,0.00
332,banra,3,CÔNG TY TNHH MỘT THÀNH VIÊN HUY VŨ,"Thiết bị phụ trợ mạng Planet 17"" 8­Port Combo VGA LCD KVM Switch_KVM­210­08M",Cái,1.0000,27072727.00,0.00
331,banra,3,CÔNG TY TNHH MỘT THÀNH VIÊN HUY VŨ,"Máy tính xách tay LenovoThinkPad E14 Gen 4, i5-1235U,8GB, 512GB SSD, Intel Iris XeGraphics, 14"" FHD, 3C 45Wh,ax+BT, FP, No OS, Đen (Black), WTY_21E300DPVA",Chiếc,1.0000,17272727.00,0.00
330,banra,3,CÔNG TY TNHH MỘT THÀNH VIÊN HUY VŨ,USB hiệu Kingston 16GB 3.0DT100G3,Cái,15.0000,2045454.00,0.00
329,banra,3,CÔNG TY TNHH MỘT THÀNH VIÊN HUY VŨ,Đầu ghi hình DS-7208HGHI-K1,Cái,1.0000,1936364.00,0.00
329,banra,3,CÔNG TY TNHH MỘT THÀNH VIÊN HUY VŨ,Camera quan sát DS-2CE16D0T-LFS,Cái,4.0000,3600000.00,0.00
329,banra,3,CÔNG TY TNHH MỘT THÀNH VIÊN HUY VŨ,"Ổ cứng GT Western Digital 2TB - 3.5""",Cái,1.0000,1318182.00,0.00
329,banra,3,CÔNG TY TNHH MỘT THÀNH VIÊN HUY VŨ,Ổ cứng di động USB KIOXIA 16GB U202 2.0,Cái,6.0000,436364.00,0.00
329,banra,3,CÔNG TY TNHH MỘT THÀNH VIÊN HUY VŨ,Thẻ nhớ 32GB MICRO SDHC Exceria UHS-I C10 U1  KIOXIA,Cái,8.0000,727273.00,0.00
329,banra,3,CÔNG TY TNHH MỘT THÀNH VIÊN HUY VŨ,"Thiết bị đầu cuối GSM/W-CDMA FDD 2.4GHz TP-Link,M7000",Cái,1.0000,845454.00,0.00
329,banra,3,CÔNG TY TNHH MỘT THÀNH VIÊN HUY VŨ,"Thiết bị thu phát vô tuyến  2.4GHz TP-Link,TL-WA850RE",Cái,3.0000,600000.00,0.00
329,banra,3,CÔNG TY TNHH MỘT THÀNH VIÊN HUY VŨ,"Thiết bị chuyển mạch  TP-Link,TL-SF1008D",Cái,1.0000,145454.00,0.00
328,banra,3,CÔNG TY TNHH MỘT THÀNH VIÊN HUY VŨ,Hộp mực in ecoplus 12A,Hộp,1.0000,118182.00,0.00
327,banra,3,CÔNG TY TNHH MỘT THÀNH VIÊN HUY VŨ,Bộ máy vi tính,Bộ,7.0000,85909091.00,0.00
327,banra,3,CÔNG TY TNHH MỘT THÀNH VIÊN HUY VŨ,Máy in đa năng Brother MFC - L2701D,Cái,5.0000,23636364.00,0.00
327,banra,3,CÔNG TY TNHH MỘT THÀNH VIÊN HUY VŨ,"Màn hình vi tính Dell LCD  U2419H  23.8"" WHD-3Y",Cái,5.0000,19636364.00,0.00
327,banra,3,CÔNG TY TNHH MỘT THÀNH VIÊN HUY VŨ,"Màn hình vi tính LCD DELL P2722H 27.0""",Cái,2.0000,8181818.00,0.00
327,banra,3,CÔNG TY TNHH MỘT THÀNH VIÊN HUY VŨ,"Màn hình  LCD VIEWSONIC VX3276-MHD-2.31.5""",Cái,4.0000,16000000.00,0.00
327,banra,3,CÔNG TY TNHH MỘT THÀNH VIÊN HUY VŨ,"Màn hình vi tính LCD DELL P2719H 27.0""",Cái,3.0000,11181818.00,0.00
326,banra,3,CÔNG TY TNHH MỘT THÀNH VIÊN HUY VŨ,Máy in Brother HL- L2321D,Cái,10.0000,23818182.00,0.00
326,banra,3,CÔNG TY TNHH MỘT THÀNH VIÊN HUY VŨ,"Màn hình LCD VIEWSONIC VA1903A/19""",Cái,5.0000,7181818.00,0.00
326,banra,3,CÔNG TY TNHH MỘT THÀNH VIÊN HUY VŨ,Bàn phím  Dell Multimedia KB216,Cái,30.0000,4090909.00,0.00
326,banra,3,CÔNG TY TNHH MỘT THÀNH VIÊN HUY VŨ,Chuột máy tính  Dell MS116,Cái,30.0000,2318182.00,0.00
326,banra,3,CÔNG TY TNHH MỘT THÀNH VIÊN HUY VŨ,"Máy tính xách tay MSI GF63 Thin11SC-664VN (i5-11400H; 8GB;512GB SSD; GTX 1650/4GB; 15.6""FHD 144Hz; Win11; Đen)",Bộ,1.0000,14545455.00,0.00
326,banra,3,CÔNG TY TNHH MỘT THÀNH VIÊN HUY VŨ,Máy In Canon Laser LBP-2900,Cái,4.0000,13636364.00,0.00
326,banra,3,CÔNG TY TNHH MỘT THÀNH VIÊN HUY VŨ,TAI NGHE SOUNDMAX AH314,Cái,10.0000,1818182.00,0.00
326,banra,3,CÔNG TY TNHH MỘT THÀNH VIÊN HUY VŨ,"Thiết bị chuyển mạch  TP-Link,TL-SF1005D",Cái,1.0000,136363.00,0.00
325,banra,3,CÔNG TY TNHH MỘT THÀNH VIÊN HUY VŨ,Máy In Canon Laser LBP 226DW,Cái,1.0000,5500000.00,0.00
324,banra,3,CÔNG TY TNHH MỘT THÀNH VIÊN HUY VŨ,MÁY IN  Brother HL-L2321D,Cái,1.0000,2454545.00,0.00
323,banra,3,CÔNG TY TNHH MỘT THÀNH VIÊN HUY VŨ,4K0Z7PA: Máy tính xách tay HP 14s-fq1080AU - AMD Ryzen3 5300U / 4GB DDR4-3200/ SSD 256GB / Radeon VegaGraphics/ 14” HD/ Windows 11 Home/ Natural Silver/ 1Y,CÁI,3.0000,21545455.00,0.00
322,banra,3,CÔNG TY TNHH MỘT THÀNH VIÊN HUY VŨ,Mực  in 326 Number One,Hộp,1.0000,400000.00,0.00
321,banra,3,CÔNG TY TNHH MỘT THÀNH VIÊN HUY VŨ,Máy  In Canon Laser LBP-2900,Cái,1.0000,3627273.00,0.00
321,banra,3,CÔNG TY TNHH MỘT THÀNH VIÊN HUY VŨ,Bộ lưu điện Santak - TG500,Cái,1.0000,918182.00,0.00
320,banra,3,CÔNG TY TNHH MỘT THÀNH VIÊN HUY VŨ,Máy  In Canon Laser LBP-2900,Cái,1.0000,3627273.00,0.00
319,banra,3,CÔNG TY TNHH MỘT THÀNH VIÊN HUY VŨ,Bàn phím  Logitech K120,Cái,7.0000,922727.00,0.00
319,banra,3,CÔNG TY TNHH MỘT THÀNH VIÊN HUY VŨ,Chuột máy tính Logitech B100,Cái,10.0000,636364.00,0.00
319,banra,3,CÔNG TY TNHH MỘT THÀNH VIÊN HUY VŨ,"Thiết bị chuyển mạch TP-Link,TL-SF1008D",Cái,10.0000,1409091.00,0.00
319,banra,3,CÔNG TY TNHH MỘT THÀNH VIÊN HUY VŨ,Loa SoundMax A150/2.0,Bộ,3.0000,627273.00,0.00
319,banra,3,CÔNG TY TNHH MỘT THÀNH VIÊN HUY VŨ,LOA SOUNDMAX A2126 2.1,Bộ,1.0000,1054545.00,0.00
319,banra,3,CÔNG TY TNHH MỘT THÀNH VIÊN HUY VŨ,"Thiết bị thu phát vô tuyến TP-Link 150M,TL-WN722N",Cái,10.0000,1409091.00,0.00
319,banra,3,CÔNG TY TNHH MỘT THÀNH VIÊN HUY VŨ,Ổ cứng di động USB KIOXIA 16GB U202 2.0,Cái,5.0000,300000.00,0.00
318,banra,3,CÔNG TY TNHH MỘT THÀNH VIÊN HUY VŨ,HỘP MỰC ECOPLUS 12A,HỘP,1.0000,290909.00,0.00
318,banra,3,CÔNG TY TNHH MỘT THÀNH VIÊN HUY VŨ,MỰC LASER ĐEN PREMIUM,CHAI,4.0000,290909.00,0.00
317,banra,3,CÔNG TY TNHH MỘT THÀNH VIÊN HUY VŨ,Cáp truyền dữ liệu HDMI 10m Ugreen,Chiếc,1.0000,400000.00,0.00
316,banra,3,CÔNG TY TNHH MỘT THÀNH VIÊN HUY VŨ,"Máy tính xách tay Apple MacBook Air,M2 8 core CPU/8 core GPU, 8GBmemory, 256GB SSD, 16 core NeuralEngine, 13.6"" Liquid Retina True Tone,Magic Keyboard/Touch ID, 30W USB-CPower Adpt.,macOS, Silver, 1Y WTY_MLXY3SA/A",Chiếc,1.0000,23363636.00,0.00
315,banra,3,CÔNG TY TNHH MỘT THÀNH VIÊN HUY VŨ,Bộ vi xử lý Intel i5 10400-2.90Ghz,Cái,1.0000,3354545.00,0.00
315,banra,3,CÔNG TY TNHH MỘT THÀNH VIÊN HUY VŨ,Bộ nhớ trong Ram 8GB - 3200 Kingmax,Cái,1.0000,681818.00,0.00
315,banra,3,CÔNG TY TNHH MỘT THÀNH VIÊN HUY VŨ,Nguồn Jetek Model J450,Cái,1.0000,618182.00,0.00
315,banra,3,CÔNG TY TNHH MỘT THÀNH VIÊN HUY VŨ,Bo mạch chính Asus Prime H510MK,Cái,1.0000,1527273.00,0.00
314,banra,3,CÔNG TY TNHH MỘT THÀNH VIÊN HUY VŨ,Ổ CỨNG SSD 240GB KIOXIA EXCERIA SATA3 BICS FLASH 2.5,CÁI,1.0000,863636.00,0.00
313,banra,3,CÔNG TY TNHH MỘT THÀNH VIÊN HUY VŨ,BỘ NHỚ TRONG RAM KINGMAX 8GB/3200,CÁI,3.0000,2672727.00,0.00
313,banra,3,CÔNG TY TNHH MỘT THÀNH VIÊN HUY VŨ,BỘ NHỚ TRONG RAM KINGSTON 16GB/3200,CÁI,1.0000,1072727.00,0.00
313,banra,3,CÔNG TY TNHH MỘT THÀNH VIÊN HUY VŨ,TAI NGHE LOGITECH H370,CÁI,1.0000,409091.00,0.00
313,banra,3,CÔNG TY TNHH MỘT THÀNH VIÊN HUY VŨ,THIẾT BỊ CHUYỂN MẠCH TP-Link TL-SF1008D,CÁI,1.0000,200000.00,0.00
313,banra,3,CÔNG TY TNHH MỘT THÀNH VIÊN HUY VŨ,CHUỘT MÁY TÍNH LOGITECH B100,CÁI,1.0000,77273.00,0.00
312,banra,3,CÔNG TY TNHH MỘT THÀNH VIÊN HUY VŨ,4K0Z7PA: Máy tính xách tay HP 14s-fq1080AU - AMD Ryzen 3 5300U / 4GB DDR4-3200/ SSD 256GB / Radeon Vega Graphics/ 14” HD/ Windows 11 Home/ Natural Silver/ 1Y,Cái,2.0000,13500000.00,0.00
312,banra,3,CÔNG TY TNHH MỘT THÀNH VIÊN HUY VŨ,"Màn hình LCD   VIEWSONIC VA1903A/19""",Cái,2.0000,2909091.00,0.00
312,banra,3,CÔNG TY TNHH MỘT THÀNH VIÊN HUY VŨ,Tai nghe SoundMax AH304,Cái,5.0000,1000000.00,0.00
311,banra,3,CÔNG TY TNHH MỘT THÀNH VIÊN HUY VŨ,Chuột máy tính Logitech M185,Cái,1.0000,181818.00,0.00
310,banra,3,CÔNG TY TNHH MỘT THÀNH VIÊN HUY VŨ,CHUỘT MÁY TÍNH LOGITECH B100,Cái,2.0000,127273.00,0.00
309,banra,3,CÔNG TY TNHH MỘT THÀNH VIÊN HUY VŨ,Mực In Brother BT5000M,Hộp,1.0000,136364.00,0.00
308,banra,3,CÔNG TY TNHH MỘT THÀNH VIÊN HUY VŨ,"Máy tính xách tay HP PAVILION 15 - eg2062TU i3 1215TU/8GB/256GB SSD/15.6"" FHD/W11SL/ALU Vàng ( 6K790PA)",Cái,1.0000,12590909.00,0.00
308,banra,3,CÔNG TY TNHH MỘT THÀNH VIÊN HUY VŨ,Chuột vi tính  Rapoo M20,Cái,1.0000,127273.00,0.00
307,banra,3,CÔNG TY TNHH MỘT THÀNH VIÊN HUY VŨ,Bộ nhớ trong Kingston 4GB/2666,Cái,1.0000,772727.00,0.00
307,banra,3,CÔNG TY TNHH MỘT THÀNH VIÊN HUY VŨ,"Thiết bị chuyến mạch TP-Link,TL-SF1008D",Cái,1.0000,181818.00,0.00
306,banra,3,CÔNG TY TNHH MỘT THÀNH VIÊN HUY VŨ,"Máy tính xách tay Dell Latitude 3420, CTO Intel Core i3-1115G4 (2 Core,6M cache, base 3.0GHz, up to 4.10), MH 14 inch HD (1920 x 1080), RAM8GB, 256GB SSD, Intel® UHD Graphics, Ubuntu /L3420I3SSHD",Bộ,1.0000,10454545.00,0.00
306,banra,3,CÔNG TY TNHH MỘT THÀNH VIÊN HUY VŨ,Máy in Brother HL-L2321D,Cái,3.0000,7227273.00,0.00
305,banra,3,CÔNG TY TNHH MỘT THÀNH VIÊN HUY VŨ,BỘ MÁY VI TÍNH,Bộ,1.0000,7981818.00,0.00
304,banra,3,CÔNG TY TNHH MỘT THÀNH VIÊN HUY VŨ,Chuột máy tính Logitech M221,Cái,1.0000,209091.00,0.00
304,banra,3,CÔNG TY TNHH MỘT THÀNH VIÊN HUY VŨ,Hộp Mực In EcoPlus 12A,Hộp,1.0000,136364.00,0.00
303,banra,3,CÔNG TY TNHH MỘT THÀNH VIÊN HUY VŨ,Mực  Laser đen Premium,Hộp,1.0000,136364.00,0.00
303,banra,3,CÔNG TY TNHH MỘT THÀNH VIÊN HUY VŨ,Mực MP2014,Hộp,1.0000,590909.00,0.00
303,banra,3,CÔNG TY TNHH MỘT THÀNH VIÊN HUY VŨ,TỪ,Chai,1.0000,1772727.00,0.00
302,banra,3,CÔNG TY TNHH MỘT THÀNH VIÊN HUY VŨ,CHUỘT MÁY TÍNH Logitech M221,Cái,2.0000,490909.00,0.00
301,banra,3,CÔNG TY TNHH MỘT THÀNH VIÊN HUY VŨ,BÀN PHÍM LOGITECH K120,Cái,1.0000,163636.00,0.00
301,banra,3,CÔNG TY TNHH MỘT THÀNH VIÊN HUY VŨ,CHUỘT MÁY TÍNH  Logitech B100,Cái,1.0000,72727.00,0.00
300,banra,3,CÔNG TY TNHH MỘT THÀNH VIÊN HUY VŨ,MỰC Laser TN-2385 Brother,HỘP,1.0000,500000.00,0.00
300,banra,3,CÔNG TY TNHH MỘT THÀNH VIÊN HUY VŨ,MỰC LASER ĐEN BROTHER 2240,Chai,3.0000,136364.00,0.00
300,banra,3,CÔNG TY TNHH MỘT THÀNH VIÊN HUY VŨ,CHUỘT MÁY TÍNH Logitech M185,Cái,1.0000,181818.00,0.00
299,banra,3,CÔNG TY TNHH MỘT THÀNH VIÊN HUY VŨ,"Ổ cứng SSD 480GB KIOXIA EXCERIA BICS FLASH 2.5"" Sata3",Cái,1.0000,890909.00,0.00
298,banra,3,CÔNG TY TNHH MỘT THÀNH VIÊN HUY VŨ,Máy tính bàn LENOVO THINKCENTRE M70S Gen 3 -I5 12400/8GB/256GB SSD/WL+BT/K+M/DEN/1Y (11TC000TVA),Bộ,1.0000,10000000.00,0.00
298,banra,3,CÔNG TY TNHH MỘT THÀNH VIÊN HUY VŨ,Máy tính bàn LENOVO THINKCENTRE M70S Gen 3 I3 12100/4GB/256GB SSD/WL+BT/K+M/DEN/1Y (11TC000PVA),Bộ,1.0000,7272727.00,0.00
298,banra,3,CÔNG TY TNHH MỘT THÀNH VIÊN HUY VŨ,TAI NGHE SOUNDMAX AH304,Cái,3.0000,709091.00,0.00
297,banra,3,CÔNG TY TNHH MỘT THÀNH VIÊN HUY VŨ,MÁY VI TÍNH ĐỂ BÀN (PC) LENOVO ThinkCentre neo 50tGen 3 i3- 12100(4*3.3)/4GD4/256GSSD/WL/BT/KB/M/nOS/ĐEN( 11SC001LVA),Cái,11.0000,77000000.00,0.00
296,banra,3,CÔNG TY TNHH MỘT THÀNH VIÊN HUY VŨ,Bộ lưu điện Santak - TG500,Cái,12.0000,12218182.00,0.00
296,banra,3,CÔNG TY TNHH MỘT THÀNH VIÊN HUY VŨ,Máy hủy giấy hiệu Magitech DM-120M,Cái,1.0000,4300000.00,0.00
296,banra,3,CÔNG TY TNHH MỘT THÀNH VIÊN HUY VŨ,Thiết bị định tuyến TP-Link 2.4GHz/5GHz Archer C50,Cái,2.0000,1054545.00,0.00
296,banra,3,CÔNG TY TNHH MỘT THÀNH VIÊN HUY VŨ,Máy tính Casio JS20,Cái,5.0000,3727273.00,0.00
295,banra,3,CÔNG TY TNHH MỘT THÀNH VIÊN HUY VŨ,"ổ cứng Western SSD 240GB Sata3, màuxanh - green (WDS240G3G0A)",Cái,20.0000,6545455.00,0.00
294,banra,3,CÔNG TY TNHH MỘT THÀNH VIÊN HUY VŨ,Mực Laser TN-2385 Brother,Hộp,2.0000,727273.00,0.00
293,banra,3,CÔNG TY TNHH MỘT THÀNH VIÊN HUY VŨ,MÁY IN Canon Laser LBP-2900,Cái,1.0000,3627273.00,0.00
292,banra,3,CÔNG TY TNHH MỘT THÀNH VIÊN HUY VŨ,"Thiết bị thu phát vô tuyến  2.4GHz TP-Link,TL-WA854RE",Cái,1.0000,181818.00,0.00
292,banra,3,CÔNG TY TNHH MỘT THÀNH VIÊN HUY VŨ,Bàn phím RAPOO V500 PRO,Cái,1.0000,618182.00,0.00
292,banra,3,CÔNG TY TNHH MỘT THÀNH VIÊN HUY VŨ,Chuột LOGITECH M170,Cái,1.0000,154545.00,0.00
291,banra,3,CÔNG TY TNHH MỘT THÀNH VIÊN HUY VŨ,"Ổ CỨNG MÁY TÍNH SSD Western WDS250G2B0A,250G",Cái,1.0000,1181818.00,0.00
290,banra,3,CÔNG TY TNHH MỘT THÀNH VIÊN HUY VŨ,MÁY TÍNH ĐỂ BÀN DELL OPTIPEX 3000 SMALL FORMFACTOR Intel® Core i5 - 12500,Bộ,1.0000,13263636.00,0.00
290,banra,3,CÔNG TY TNHH MỘT THÀNH VIÊN HUY VŨ,"Card PCIe Adapter TP Link,TL-WN881ND",Cái,1.0000,254546.00,0.00
289,banra,3,CÔNG TY TNHH MỘT THÀNH VIÊN HUY VŨ,Bộ máy vi tính,Bộ,1.0000,14063636.00,0.00
289,banra,3,CÔNG TY TNHH MỘT THÀNH VIÊN HUY VŨ,MÀN HÌNH LCD 23.8 Inch LENOVOTHINKVISIONS24e-20(62AEKAR2WW),Cái,1.0000,2718182.00,0.00
289,banra,3,CÔNG TY TNHH MỘT THÀNH VIÊN HUY VŨ,"Card PCIe Adapter TP Link,TL-WN881ND",Cái,3.0000,790909.00,0.00
288,banra,3,CÔNG TY TNHH MỘT THÀNH VIÊN HUY VŨ,Màn hình  LCD VIEWSONIC VX2476 - SH,Cái,1.0000,2900000.00,0.00
288,banra,3,CÔNG TY TNHH MỘT THÀNH VIÊN HUY VŨ,Chuột máy tính Logitech G102,Cái,1.0000,300000.00,0.00
288,banra,3,CÔNG TY TNHH MỘT THÀNH VIÊN HUY VŨ,"Ổ cứng SSD Western WDS500G2B0A, 500GB, Sata3 2.5""",Cái,1.0000,1345455.00,0.00
287,banra,3,CÔNG TY TNHH MỘT THÀNH VIÊN HUY VŨ,"Màn hình vi tính Dell  LCD  E2216Hv 21.5"" WHD",Cái,1.0000,2318182.00,0.00
287,banra,3,CÔNG TY TNHH MỘT THÀNH VIÊN HUY VŨ,"Ổ cứng di động  Seagate Expansion 1TB 2.5""",Cái,1.0000,1318182.00,0.00
286,banra,3,CÔNG TY TNHH MỘT THÀNH VIÊN HUY VŨ,Màn hình LCD VIEWSONIC VX2776-SH,Cái,1.0000,3245455.00,0.00
286,banra,3,CÔNG TY TNHH MỘT THÀNH VIÊN HUY VŨ,Chuột máy tính Logitech G102,Cái,1.0000,300000.00,0.00
286,banra,3,CÔNG TY TNHH MỘT THÀNH VIÊN HUY VŨ,Bộ nhớ trong Kingston 16GB D4-3200U,Cái,1.0000,1000000.00,0.00
285,banra,3,CÔNG TY TNHH MỘT THÀNH VIÊN HUY VŨ,Vỏ thùng máy tính JETEK EM3,Cái,3.0000,818182.00,0.00
285,banra,3,CÔNG TY TNHH MỘT THÀNH VIÊN HUY VŨ,Bàn phím  Dell Multimedia KB216,Cái,3.0000,450000.00,0.00
285,banra,3,CÔNG TY TNHH MỘT THÀNH VIÊN HUY VŨ,Chuột máy tính Dell MS116,Cái,3.0000,272727.00,0.00
285,banra,3,CÔNG TY TNHH MỘT THÀNH VIÊN HUY VŨ,"Thiết bị thu phát vô tuyến  TP-Link,TL-WN722N",Cái,2.0000,327273.00,0.00
284,banra,3,CÔNG TY TNHH MỘT THÀNH VIÊN HUY VŨ,Camera kỹ thuật số có chức năng ghi hiệu EZVIZ mã CS-C3TN (1080P COLOR),Cái,1.0000,909091.00,0.00
284,banra,3,CÔNG TY TNHH MỘT THÀNH VIÊN HUY VŨ,"Camera quan sát CS-C3TN (3MP,2.8MM)",Cái,1.0000,954546.00,0.00
284,banra,3,CÔNG TY TNHH MỘT THÀNH VIÊN HUY VŨ,Thẻ nhớ 32GB Micro SDHC Exceria UHS -I C10 U1 100MB/s Kioxia,Cái,2.0000,181818.00,0.00
284,banra,3,CÔNG TY TNHH MỘT THÀNH VIÊN HUY VŨ,Bàn phím  Logitech K120,Cái,1.0000,163636.00,0.00
283,banra,3,CÔNG TY TNHH MỘT THÀNH VIÊN HUY VŨ,"Máy tính xách tay Asus ExpertBook model B1500CEAE-BQ3284 Intel® Core™ i7-1165G7 /8G DDR4 on board, 512GB M.2 NVMe PCIe 3.0 SSD, Endless, FingerPrint, 15.6-inch, LED Backlit, 250nits, FHD (1920 x 1080)",Cái,1.0000,16809091.00,0.00
282,banra,3,CÔNG TY TNHH MỘT THÀNH VIÊN HUY VŨ,Máy in Brother HL - L2321D,Cái,1.0000,2650000.00,0.00
281,banra,3,CÔNG TY TNHH MỘT THÀNH VIÊN HUY VŨ,BÀN PHÍM RAPOO V500SE,Cái,2.0000,1000000.00,0.00
281,banra,3,CÔNG TY TNHH MỘT THÀNH VIÊN HUY VŨ,CHUỘT MÁY TÍNH LOGITECH M185,CÁI,2.0000,363636.00,0.00
280,banra,3,CÔNG TY TNHH MỘT THÀNH VIÊN HUY VŨ,HỘP MỰC ECOPLUS 12A,HỘP,1.0000,172727.00,0.00
279,banra,3,CÔNG TY TNHH MỘT THÀNH VIÊN HUY VŨ,Bộ máy vi tính,Bộ,1.0000,14063636.00,0.00
279,banra,3,CÔNG TY TNHH MỘT THÀNH VIÊN HUY VŨ,MÀN HÌNH LCD 23.8 Inch LENOVOTHINKVISIONS24e-20 (62AEKAR2WW),Cái,1.0000,2718182.00,0.00
278,banra,3,CÔNG TY TNHH MỘT THÀNH VIÊN HUY VŨ,Mực in phun Brother BT5000,Hộp,2.0000,354546.00,0.00
277,banra,3,CÔNG TY TNHH MỘT THÀNH VIÊN HUY VŨ,Trống từ Brother DR-2385,Hộp,1.0000,636364.00,0.00
276,banra,3,CÔNG TY TNHH MỘT THÀNH VIÊN HUY VŨ,Trống từ Brother DR-2385,HỘP,1.0000,636363.00,0.00
276,banra,3,CÔNG TY TNHH MỘT THÀNH VIÊN HUY VŨ,MỰC BROTHER BT5000Y,CHAI,1.0000,118182.00,0.00
275,banra,3,CÔNG TY TNHH MỘT THÀNH VIÊN HUY VŨ,MÁY TÍNH ĐỂ BÀN,BỘ,1.0000,9090909.00,0.00
274,banra,3,CÔNG TY TNHH MỘT THÀNH VIÊN HUY VŨ,"Bút trình chiếu hiệu Rapoo mới 100%. Wireless Prensenter BLACK, XR200",Cái,1.0000,272727.00,0.00
274,banra,3,CÔNG TY TNHH MỘT THÀNH VIÊN HUY VŨ,Cáp chuyển đổi HDMI dài 5M ugreen,Chiếc,1.0000,181818.00,0.00
273,banra,3,CÔNG TY TNHH MỘT THÀNH VIÊN HUY VŨ,"Bút trình chiếu hiệu Rapoo mới 100%. Wireless Prensenter BLACK, XR200",Cái,1.0000,272727.00,0.00
273,banra,3,CÔNG TY TNHH MỘT THÀNH VIÊN HUY VŨ,Cáp chuyển đổi HDMI dài 5M ugreen,Chiếc,1.0000,181818.00,0.00
272,banra,3,CÔNG TY TNHH MỘT THÀNH VIÊN HUY VŨ,BÚT TRÌNH CHIẾU LP15 A4TECH,Cái,1.0000,272727.00,0.00
271,banra,3,CÔNG TY TNHH MỘT THÀNH VIÊN HUY VŨ,Cap chuyển đổi HDMI dài 10M ugreen,Chiếc,1.0000,454545.00,0.00
270,banra,3,CÔNG TY TNHH MỘT THÀNH VIÊN HUY VŨ,"Bút trình chiếu hiệu Rapoo mới 100%. Wireless Prensenter BLACK, XR200",Cái,1.0000,272727.00,0.00
270,banra,3,CÔNG TY TNHH MỘT THÀNH VIÊN HUY VŨ,Cáp chuyển đổi HDMI dài 5M ugreen,Chiếc,1.0000,181818.00,0.00
269,banra,3,CÔNG TY TNHH MỘT THÀNH VIÊN HUY VŨ,Hộp mực in Ecoplus 12A,Hộp,3.0000,381818.00,0.00
268,banra,3,CÔNG TY TNHH MỘT THÀNH VIÊN HUY VŨ,Máy tính bàn LENOVO THINKCENTRE M70S GEN 3  i5-12400 /11TC000TVA,Bộ,2.0000,23727274.00,0.00
268,banra,3,CÔNG TY TNHH MỘT THÀNH VIÊN HUY VŨ,MÀN HÌNH VI TÍNH (LCD) LENOVO C22-20 21.5INCH/1920 x 1080/75Hz/VGA/HDMI/ĐEN(62A7KAR1WW),Cái,2.0000,4545454.00,0.00
267,banra,3,CÔNG TY TNHH MỘT THÀNH VIÊN HUY VŨ,Thiết bị trình chiếu Presenter Logitech R400,Cái,1.0000,590909.00,0.00
267,banra,3,CÔNG TY TNHH MỘT THÀNH VIÊN HUY VŨ,Màn chiếu treo P70WS,Cái,1.0000,954545.00,0.00
267,banra,3,CÔNG TY TNHH MỘT THÀNH VIÊN HUY VŨ,Máy chiếu đa năng ViewSonic PA503XB,Cái,1.0000,10263636.00,0.00
267,banra,3,CÔNG TY TNHH MỘT THÀNH VIÊN HUY VŨ,Gía treo máy chiếu  MS12,Chiếc,1.0000,545456.00,0.00
267,banra,3,CÔNG TY TNHH MỘT THÀNH VIÊN HUY VŨ,Cáp dữ liệu HDMI dài 15m Ugreen,Chiếc,1.0000,863636.00,0.00
266,banra,3,CÔNG TY TNHH MỘT THÀNH VIÊN HUY VŨ,MÁY TÍNH XÁCH TAY (NB) LENOVO V14 G3 IAP i5-1235U/8GD4/256GSSD/14.0FHD/WL/BT/2C38/NoOS/ĐEN(82TS0062VN),Cái,1.0000,12272727.00,0.00
266,banra,3,CÔNG TY TNHH MỘT THÀNH VIÊN HUY VŨ,Ổ cứng  Kingmax SSD M2 Sata III 256GB SA3080,Cái,1.0000,636364.00,0.00
266,banra,3,CÔNG TY TNHH MỘT THÀNH VIÊN HUY VŨ,Bộ định tuyến Tp-Link 2.4GHz/5GHz Archer MR200,Cái,1.0000,1136364.00,0.00
266,banra,3,CÔNG TY TNHH MỘT THÀNH VIÊN HUY VŨ,Loa SoundMax A926/2.1,Bộ,1.0000,636363.00,0.00
266,banra,3,CÔNG TY TNHH MỘT THÀNH VIÊN HUY VŨ,Máy in đa năng Brother DCP-T220,Cái,1.0000,3000000.00,0.00
265,banra,3,CÔNG TY TNHH MỘT THÀNH VIÊN HUY VŨ,Bộ máy vi tính,Bộ,1.0000,14063636.00,0.00
265,banra,3,CÔNG TY TNHH MỘT THÀNH VIÊN HUY VŨ,MÀN HÌNH LCD 23.8 Inch LENOVO THINKVISIONS24e-20 (62AEKAR2WW),Cái,1.0000,2718182.00,0.00
264,banra,3,CÔNG TY TNHH MỘT THÀNH VIÊN HUY VŨ,Màn hình máy tính Dell 22 Monitor - E2223HN,Cái,2.0000,7800000.00,0.00
263,banra,3,CÔNG TY TNHH MỘT THÀNH VIÊN HUY VŨ,MÁY IN ĐA NĂNG  Brother DCP-T220,Cái,1.0000,3345455.00,0.00
262,banra,3,CÔNG TY TNHH MỘT THÀNH VIÊN HUY VŨ,MÁY IN Canon Laser LBP-2900,Cái,1.0000,3627273.00,0.00
261,banra,3,CÔNG TY TNHH MỘT THÀNH VIÊN HUY VŨ,"Bút trình chiếu hiệu Rapoo mới 100%. Wireless Prensenter BLACK, XR200",Cái,1.0000,272727.00,0.00
260,banra,3,CÔNG TY TNHH MỘT THÀNH VIÊN HUY VŨ,Bộ máy vi tính,Bộ,1.0000,14063636.00,0.00
260,banra,3,CÔNG TY TNHH MỘT THÀNH VIÊN HUY VŨ,MÀN HÌNH LCD 23.8 Inch LENOVO THINKVISION S24e-20 (62AEKAR2WW),Cái,1.0000,2718182.00,0.00
259,banra,3,CÔNG TY TNHH MỘT THÀNH VIÊN HUY VŨ,CHUỘT MÁY TÍNH DELL MS116,Cái,4.0000,545455.00,0.00
259,banra,3,CÔNG TY TNHH MỘT THÀNH VIÊN HUY VŨ,"Màn hình máy tính Lenovo H20215FE0 - ""E22-28 (H20215FE0) 21.5 inch Monitor-HDMI, Linecord, P/N:62B9MAR4WW",Chiếc,1.0000,2445454.00,0.00
258,banra,3,CÔNG TY TNHH MỘT THÀNH VIÊN HUY VŨ,Ổ cứng Kingmax SSD Sata III 120GB SMV32,Cái,1.0000,409091.00,0.00
257,banra,3,CÔNG TY TNHH MỘT THÀNH VIÊN HUY VŨ,Máy quét HP Scanjet Pro 3000 S4 Sheet-feed - WTY_6FW07A,Cái,1.0000,9627273.00,0.00
256,banra,3,CÔNG TY TNHH MỘT THÀNH VIÊN HUY VŨ,Chuột máy tính Logitech B100,Cái,1.0000,63636.00,0.00
256,banra,3,CÔNG TY TNHH MỘT THÀNH VIÊN HUY VŨ,Mực in 26A Number One,Cái,1.0000,445455.00,0.00
256,banra,3,CÔNG TY TNHH MỘT THÀNH VIÊN HUY VŨ,Mực  in 308 Number One,Hộp,1.0000,400000.00,0.00
255,banra,3,CÔNG TY TNHH MỘT THÀNH VIÊN HUY VŨ,Máy  in Brother DCP-B7535DW,Cái,1.0000,4990909.00,0.00
254,banra,3,CÔNG TY TNHH MỘT THÀNH VIÊN HUY VŨ,Mực T3008,Hộp,1.0000,1136364.00,0.00
253,banra,3,CÔNG TY TNHH MỘT THÀNH VIÊN HUY VŨ,Máy in laser Canon LBP 2900,Cái,5.0000,17363636.00,0.00
252,banra,3,CÔNG TY TNHH MỘT THÀNH VIÊN HUY VŨ,Hộp mực  in Izinet 12A,Hộp,2.0000,709091.00,0.00
251,banra,3,CÔNG TY TNHH MỘT THÀNH VIÊN HUY VŨ,Màn hình LCD VIEWSONIC VA2732-H,Bộ,1.0000,2954545.00,0.00
251,banra,3,CÔNG TY TNHH MỘT THÀNH VIÊN HUY VŨ,Chuột vi tính có dây Rapoo N100,Cái,6.0000,436364.00,0.00
251,banra,3,CÔNG TY TNHH MỘT THÀNH VIÊN HUY VŨ,Bàn phím Keyboard NK2500,Cái,1.0000,136363.00,0.00
251,banra,3,CÔNG TY TNHH MỘT THÀNH VIÊN HUY VŨ,Ổ cứng di động 16GB U366 USB KIOXIA,Cái,3.0000,272727.00,0.00
251,banra,3,CÔNG TY TNHH MỘT THÀNH VIÊN HUY VŨ,TAI NGHE SOUNDMAX AH304,Cái,2.0000,472728.00,0.00
250,banra,3,CÔNG TY TNHH MỘT THÀNH VIÊN HUY VŨ,Chuột máy tính Logitech M185,Cái,2.0000,327272.00,0.00
250,banra,3,CÔNG TY TNHH MỘT THÀNH VIÊN HUY VŨ,Bàn phím Dell Multimedia KB216,Cái,2.0000,272728.00,0.00
250,banra,3,CÔNG TY TNHH MỘT THÀNH VIÊN HUY VŨ,Ổ cứng Kingmax SSD Sata III 120GB SMV32,Cái,1.0000,309091.00,0.00
249,banra,3,CÔNG TY TNHH MỘT THÀNH VIÊN HUY VŨ,Máy in Brother DCP - B7535DW,Cái,1.0000,5072727.00,0.00
248,banra,3,CÔNG TY TNHH MỘT THÀNH VIÊN HUY VŨ,Mực T3008,Hộp,1.0000,1136364.00,0.00
247,banra,3,CÔNG TY TNHH MỘT THÀNH VIÊN HUY VŨ,Mực  in 337 Number One,Hộp,1.0000,400000.00,0.00
247,banra,3,CÔNG TY TNHH MỘT THÀNH VIÊN HUY VŨ,Cáp dữ liệu Video HDMI 1.4 truyền âm thanh hình ảnh dài 10M Ugreen,Chiếc,1.0000,436364.00,0.00
246,banra,3,CÔNG TY TNHH MỘT THÀNH VIÊN HUY VŨ,MÁY TÍNH XÁCH TAY HP PAVILION 15 - EG2035TX -6K781PA (Core™ i5-1235U | 8GB | 512GB | MX550 2GB | 15.6 inch FHD IPS | Win 11 | Vàng),Cái,1.0000,17809091.00,0.00
245,banra,3,CÔNG TY TNHH MỘT THÀNH VIÊN HUY VŨ,"Màn hình vi tính Dell LCD  U2422H  23.8"" WHD",Cái,2.0000,11545454.00,0.00
245,banra,3,CÔNG TY TNHH MỘT THÀNH VIÊN HUY VŨ,Máy in HP Laser jet Pro M404DN,Cái,1.0000,5445455.00,0.00
245,banra,3,CÔNG TY TNHH MỘT THÀNH VIÊN HUY VŨ,Chuột máy tính Dell MS116,Cái,2.0000,172728.00,0.00
245,banra,3,CÔNG TY TNHH MỘT THÀNH VIÊN HUY VŨ,Bàn phím Dell Multimedia KB216,Cái,2.0000,281818.00,0.00
245,banra,3,CÔNG TY TNHH MỘT THÀNH VIÊN HUY VŨ,Vỏ thùng máy tính  JETEK EN15,Cái,1.0000,245455.00,0.00
245,banra,3,CÔNG TY TNHH MỘT THÀNH VIÊN HUY VŨ,Vỏ thùng máy tính  JETEK EN22,Cái,1.0000,245454.00,0.00
244,banra,3,CÔNG TY TNHH MỘT THÀNH VIÊN HUY VŨ,Vỏ thùng máy tính JETEK Squid Game A1,Cái,1.0000,527273.00,0.00
244,banra,3,CÔNG TY TNHH MỘT THÀNH VIÊN HUY VŨ,LOA SOUNDMAX A827 2.1,Bộ,1.0000,536364.00,0.00
244,banra,3,CÔNG TY TNHH MỘT THÀNH VIÊN HUY VŨ,LOA MICROLAB U210 2.1,Bộ,1.0000,381818.00,0.00
244,banra,3,CÔNG TY TNHH MỘT THÀNH VIÊN HUY VŨ,Ổ cứng SSD 120GB SMV32 KINGMAX SATA III,Cái,5.0000,1636364.00,0.00
244,banra,3,CÔNG TY TNHH MỘT THÀNH VIÊN HUY VŨ,"Ổ cứng  SSD 240GB  EXCERIA BICS FLASH 2.5"" Sata3 KIOXIA",Cái,5.0000,2863636.00,0.00
244,banra,3,CÔNG TY TNHH MỘT THÀNH VIÊN HUY VŨ,Dây cáp mạng  Ensoho EN - U5CA24 UTP Cat5e,Hộp,1.0000,863636.00,0.00
244,banra,3,CÔNG TY TNHH MỘT THÀNH VIÊN HUY VŨ,Đầu bấm dây mạng Ensoho EN-RJ45C5 RJ-45 cat5e,Hộp,1.0000,136364.00,0.00
243,banra,3,CÔNG TY TNHH MỘT THÀNH VIÊN HUY VŨ,Bảng mạch chính Asus Prime H510MF,Cái,2.0000,2818182.00,0.00
243,banra,3,CÔNG TY TNHH MỘT THÀNH VIÊN HUY VŨ,Ổ cứng GT Western Digital 1TB,Cái,2.0000,1600000.00,0.00
243,banra,3,CÔNG TY TNHH MỘT THÀNH VIÊN HUY VŨ,Bộ vi xử lý Intel Core i3 /9100,Cái,2.0000,4400000.00,0.00
242,banra,3,CÔNG TY TNHH MỘT THÀNH VIÊN HUY VŨ,Máy in HP Laser jet Pro M404DN,Cái,1.0000,5718182.00,0.00
241,banra,3,CÔNG TY TNHH MỘT THÀNH VIÊN HUY VŨ,Drum máy photo,Cái,1.0000,818182.00,0.00
241,banra,3,CÔNG TY TNHH MỘT THÀNH VIÊN HUY VŨ,Gạt máy photo,Cái,1.0000,454545.00,0.00
241,banra,3,CÔNG TY TNHH MỘT THÀNH VIÊN HUY VŨ,Từ,Chai,1.0000,1090909.00,0.00
241,banra,3,CÔNG TY TNHH MỘT THÀNH VIÊN HUY VŨ,Bo máy photo,Cái,1.0000,2045455.00,0.00
241,banra,3,CÔNG TY TNHH MỘT THÀNH VIÊN HUY VŨ,Mực T2309,Hộp,1.0000,454545.00,0.00
241,banra,3,CÔNG TY TNHH MỘT THÀNH VIÊN HUY VŨ,Bảng mạch chính Asus Prime B560MK/CSM,Cái,1.0000,1727273.00,0.00
241,banra,3,CÔNG TY TNHH MỘT THÀNH VIÊN HUY VŨ,Bộ vi xử lý  Intel Core i3-10105,Cái,1.0000,2454546.00,0.00
240,banra,3,CÔNG TY TNHH MỘT THÀNH VIÊN HUY VŨ,Chuột máy tính Logitech G304,Cái,1.0000,654545.00,0.00
240,banra,3,CÔNG TY TNHH MỘT THÀNH VIÊN HUY VŨ,Bộ nhớ trong Kingston 16GB D4 - 3200U,Cái,1.0000,1000000.00,0.00
240,banra,3,CÔNG TY TNHH MỘT THÀNH VIÊN HUY VŨ,"Ổ cứng gắn trong 480GB SSD  EXCERIA BICS FLASH 2.5"" Sata3 KIOXIA",Cái,1.0000,818182.00,0.00
240,banra,3,CÔNG TY TNHH MỘT THÀNH VIÊN HUY VŨ,Bàn phím Dell Multimedia KB216,Cái,1.0000,136364.00,0.00
239,banra,3,CÔNG TY TNHH MỘT THÀNH VIÊN HUY VŨ,MÀN HÌNH VI TÍNH (LCD) LENOVO C22-20 21.5INCH/1920 x 1080/75Hz/VGA/HDMI/ĐEN/3Y(62A7KAR1WW),Cái,15.0000,27272727.00,0.00
239,banra,3,CÔNG TY TNHH MỘT THÀNH VIÊN HUY VŨ,Bộ nhớ máy vi tính Kingmax 4GB DDR4 - 2666,Cái,20.0000,6363636.00,0.00
238,banra,3,CÔNG TY TNHH MỘT THÀNH VIÊN HUY VŨ,MÁY IN  Brother DCP-B7535DW,Cái,1.0000,5072727.00,0.00
238,banra,3,CÔNG TY TNHH MỘT THÀNH VIÊN HUY VŨ,MÀN HÌNH LCD 23.8 Inch LENOVO THINKVISION S24e-20 (62AEKAR2WW),Cái,1.0000,2718182.00,0.00
238,banra,3,CÔNG TY TNHH MỘT THÀNH VIÊN HUY VŨ,MÁY VI TÍNH ĐỂ BÀN (PC) LENOVO ThinkCentre neo 50t Gen 3 i3- 12100(4*3.3)/4GD4/256GSSD/WL/BT/KB/M/nOS/ ĐEN( 11SC001LVA),Bộ,1.0000,7990909.00,0.00
237,banra,3,CÔNG TY TNHH MỘT THÀNH VIÊN HUY VŨ,"Bộ nhớ ngoài Sandisk 32G SDCZ74-032G-G46,USB",Cái,2.0000,418182.00,0.00
236,banra,3,CÔNG TY TNHH MỘT THÀNH VIÊN HUY VŨ,"Ổ cứng gắn trong 240GB SSD EXCERIA BICS FLASH2.5""Sata3 Kioxia",Cái,2.0000,1090910.00,0.00
236,banra,3,CÔNG TY TNHH MỘT THÀNH VIÊN HUY VŨ,Bảng mạch chính Asus Prime H510M,Cái,1.0000,1363636.00,0.00
236,banra,3,CÔNG TY TNHH MỘT THÀNH VIÊN HUY VŨ,Nguồn Jetek Model Y500T,Cái,2.0000,454546.00,0.00
236,banra,3,CÔNG TY TNHH MỘT THÀNH VIÊN HUY VŨ,Bàn phím Keyboard NK2500,Cái,2.0000,272726.00,0.00
236,banra,3,CÔNG TY TNHH MỘT THÀNH VIÊN HUY VŨ,Bộ nhớ trong Kingston 8GB D-2666,Cái,1.0000,618182.00,0.00
235,banra,3,CÔNG TY TNHH MỘT THÀNH VIÊN HUY VŨ,Máy in hóa đơn XP-Q801L,Cái,1.0000,1318182.00,0.00
235,banra,3,CÔNG TY TNHH MỘT THÀNH VIÊN HUY VŨ,Máy in mã vạch XP-350BM,Cái,1.0000,1590909.00,0.00
235,banra,3,CÔNG TY TNHH MỘT THÀNH VIÊN HUY VŨ,ĐẦU ĐỌC MÃ VẠCH OD7200,Cái,1.0000,1445454.00,0.00
234,banra,3,CÔNG TY TNHH MỘT THÀNH VIÊN HUY VŨ,"Ổ cứng gắn trong 240GB SSD EXCERIA BICS FLASH 2.5""Sata3 Kioxia",Cái,2.0000,1090910.00,0.00
234,banra,3,CÔNG TY TNHH MỘT THÀNH VIÊN HUY VŨ,Bảng mạch chính Asus Prime H510MF,Cái,1.0000,1363636.00,0.00
234,banra,3,CÔNG TY TNHH MỘT THÀNH VIÊN HUY VŨ,Nguồn Jetek Model Y500T,Cái,2.0000,454546.00,0.00
234,banra,3,CÔNG TY TNHH MỘT THÀNH VIÊN HUY VŨ,Bàn phím Keyboard NK2500,Cái,2.0000,272726.00,0.00
234,banra,3,CÔNG TY TNHH MỘT THÀNH VIÊN HUY VŨ,Bộ nhớ trong Kingston 8GB D-2666,Cái,1.0000,618182.00,0.00
233,banra,3,CÔNG TY TNHH MỘT THÀNH VIÊN HUY VŨ,Mực  in phun Brother BT5000,Hộp,2.0000,336364.00,0.00
232,banra,3,CÔNG TY TNHH MỘT THÀNH VIÊN HUY VŨ,Bàn phím  Logitech K120,Cái,3.0000,409091.00,0.00
232,banra,3,CÔNG TY TNHH MỘT THÀNH VIÊN HUY VŨ,Chuột vi tính Rapoo M20,Cái,3.0000,340909.00,0.00
232,banra,3,CÔNG TY TNHH MỘT THÀNH VIÊN HUY VŨ,USB hiệu Kingston 64GB 3.0DT100G3,Cái,2.0000,409091.00,0.00
232,banra,3,CÔNG TY TNHH MỘT THÀNH VIÊN HUY VŨ,Bộ nhớ trong  Kingston 8GD4 - 2666,Cái,2.0000,972727.00,0.00
232,banra,3,CÔNG TY TNHH MỘT THÀNH VIÊN HUY VŨ,Ổ cứng  GT Western Digital 1TB,Cái,1.0000,778182.00,0.00
231,banra,3,CÔNG TY TNHH MỘT THÀNH VIÊN HUY VŨ,Bảng mạch chính  Asus Prime H510MF,Cái,1.0000,1772727.00,0.00
231,banra,3,CÔNG TY TNHH MỘT THÀNH VIÊN HUY VŨ,Bộ nhớ trong  Kingston 8GD4 - 3200,Cái,2.0000,1545455.00,0.00
231,banra,3,CÔNG TY TNHH MỘT THÀNH VIÊN HUY VŨ,"Ổ cứng gắn trong 240GB SSD EXCERIA BICS FLASH 2.5"" Sata3 Kioxia",Cái,1.0000,890909.00,0.00
230,banra,3,CÔNG TY TNHH MỘT THÀNH VIÊN HUY VŨ,Bút trình chiếu Rapoo XR200,Cái,1.0000,363636.00,0.00
229,banra,3,CÔNG TY TNHH MỘT THÀNH VIÊN HUY VŨ,Camera quan sát CS-CV310 (A0-1B2WFR),Cái,2.0000,2090909.00,0.00
229,banra,3,CÔNG TY TNHH MỘT THÀNH VIÊN HUY VŨ,Thẻ nhớ 32GB Micro SDHC exceria UHS-I C10 U1 100mb/s Kioxia,Cái,2.0000,181818.00,0.00
228,banra,3,CÔNG TY TNHH MỘT THÀNH VIÊN HUY VŨ,"Bộ nhớ ngoài Sandisk 32G SDCZ74-032G-G46,USB",Cái,2.0000,418182.00,0.00
227,banra,3,CÔNG TY TNHH MỘT THÀNH VIÊN HUY VŨ,Bàn phím Dell Multimedia KB216,Cái,1.0000,154545.00,0.00
227,banra,3,CÔNG TY TNHH MỘT THÀNH VIÊN HUY VŨ,Chuột máy tính Logitech M187,Cái,2.0000,454546.00,0.00
226,banra,3,CÔNG TY TNHH MỘT THÀNH VIÊN HUY VŨ,Bộ vi xử lý Intel Pentium G6405,Cái,1.0000,1363636.00,0.00
226,banra,3,CÔNG TY TNHH MỘT THÀNH VIÊN HUY VŨ,"Ổ cứng  SSD Western WDS240G2G0A,240GB",Cái,1.0000,454546.00,0.00
226,banra,3,CÔNG TY TNHH MỘT THÀNH VIÊN HUY VŨ,Bảng mạch chính Asus Prime H510MF,Cái,1.0000,1363636.00,0.00
226,banra,3,CÔNG TY TNHH MỘT THÀNH VIÊN HUY VŨ,Bàn phím  Dell Multimedia KB216,Cái,1.0000,136364.00,0.00
226,banra,3,CÔNG TY TNHH MỘT THÀNH VIÊN HUY VŨ,Chuột vi tính  Rapoo M20,Cái,1.0000,109091.00,0.00
225,banra,3,CÔNG TY TNHH MỘT THÀNH VIÊN HUY VŨ,Cáp dữ liệu VIDEO HDMI 1.4 truyền âm thanh hình ảnh dài 5M Ugreen ( 10109),Chiếc,10.0000,2636364.00,0.00
224,banra,3,CÔNG TY TNHH MỘT THÀNH VIÊN HUY VŨ,Mực in phun Brother BTD60BK,Chai,3.0000,681818.00,0.00
224,banra,3,CÔNG TY TNHH MỘT THÀNH VIÊN HUY VŨ,Mực  in phun Brother BT5000Y,Chai,3.0000,463636.00,0.00
224,banra,3,CÔNG TY TNHH MỘT THÀNH VIÊN HUY VŨ,Mực  in phun Brother BT5000M,Chai,3.0000,463636.00,0.00
224,banra,3,CÔNG TY TNHH MỘT THÀNH VIÊN HUY VŨ,Mực in phun Brother BT5000C,Chai,3.0000,463636.00,0.00
224,banra,3,CÔNG TY TNHH MỘT THÀNH VIÊN HUY VŨ,Mực in HP W2090A,Hộp,3.0000,3954545.00,0.00
224,banra,3,CÔNG TY TNHH MỘT THÀNH VIÊN HUY VŨ,Mực in HP W2091A,Hộp,2.0000,2636364.00,0.00
224,banra,3,CÔNG TY TNHH MỘT THÀNH VIÊN HUY VŨ,Mực in HP W2092A,Hộp,2.0000,2636364.00,0.00
224,banra,3,CÔNG TY TNHH MỘT THÀNH VIÊN HUY VŨ,Mực in HP W2093A,Hộp,2.0000,2636364.00,0.00
224,banra,3,CÔNG TY TNHH MỘT THÀNH VIÊN HUY VŨ,Mực in HP CF-230A,Hộp,2.0000,3490910.00,0.00
224,banra,3,CÔNG TY TNHH MỘT THÀNH VIÊN HUY VŨ,Ruy băng máy in vi tính LQ310,Hộp,5.0000,409091.00,0.00
223,banra,3,CÔNG TY TNHH MỘT THÀNH VIÊN HUY VŨ,"Màn hình vi tính Dell LCD - E2216Hv - 21.5""WHD",Cái,2.0000,6090909.00,0.00
222,banra,3,CÔNG TY TNHH MỘT THÀNH VIÊN HUY VŨ,Máy  in Brother HL-L2321D,Cái,1.0000,2681818.00,0.00
222,banra,3,CÔNG TY TNHH MỘT THÀNH VIÊN HUY VŨ,Mực  Laser đen Premium,Hủ,1.0000,36364.00,0.00
221,banra,3,CÔNG TY TNHH MỘT THÀNH VIÊN HUY VŨ,Phần mềm  Kaspersky KL1867MUAFS,Cái,1.0000,300000.00,0.00
220,banra,3,CÔNG TY TNHH MỘT THÀNH VIÊN HUY VŨ,Hộp mực  in Ecoplus 12A,Hộp,2.0000,236364.00,0.00
219,banra,3,CÔNG TY TNHH MỘT THÀNH VIÊN HUY VŨ,MÁY TÍNH ĐỂ BÀN DELL OPTIPEX 3000 SMALL FORM FACTOR Intel® Core i5 - 12500,Cái,1.0000,15772727.00,0.00
219,banra,3,CÔNG TY TNHH MỘT THÀNH VIÊN HUY VŨ,Ổ cứng gắn ngoài SanDisk SDSSDE61-4T00-G25 USB 3.2 Type C & Type A,Cái,1.0000,11322727.00,0.00
218,banra,3,CÔNG TY TNHH MỘT THÀNH VIÊN HUY VŨ,HỘP MỰC ECOPLUS 12A,Hộp,1.0000,163636.00,0.00
217,banra,3,CÔNG TY TNHH MỘT THÀNH VIÊN HUY VŨ,"MÀN HÌNH VI TÍNH DELL-LCD-E2216HV-21.5""WHD",Cái,1.0000,2681818.00,0.00
217,banra,3,CÔNG TY TNHH MỘT THÀNH VIÊN HUY VŨ,"Máy tính để bàn Dell Inspiron 3910 STI56020W1-8G-512G Intel Core i5- 12400 processor (6-Core, 18M Cache, 2.5GHz to 4.4GHz), 1x8GB, DDR4, 3200MHz, 512GB M.2 PCIe NVMe SSD, Intel(R) UHD Graphics 730, Không ổ đĩa, Chuột, Bàn Phím, Windows 11 Microsoft Office Home and Student 2021",Bộ,1.0000,10445455.00,0.00
216,banra,3,CÔNG TY TNHH MỘT THÀNH VIÊN HUY VŨ,BỘ MÁY VI TÍNH,BỘ,1.0000,8472727.00,0.00
216,banra,3,CÔNG TY TNHH MỘT THÀNH VIÊN HUY VŨ,MÁY IN ĐA NĂNG BROTHER DCP-T220,CÁI,1.0000,3345455.00,0.00
216,banra,3,CÔNG TY TNHH MỘT THÀNH VIÊN HUY VŨ,MÀN HÌNH VI TÍNH (LCD) LENOVO C22-20 21.5INCH/1920 x 1080/75Hz/VGA/HDMI/ ĐEN(62A7KAR1WW),CÁI,1.0000,2318182.00,0.00
216,banra,3,CÔNG TY TNHH MỘT THÀNH VIÊN HUY VŨ,Ổ CỨNG DI DỘNG SEAGATE 1TB ONE TOUCH,CÁI,1.0000,1318181.00,0.00
215,banra,3,CÔNG TY TNHH MỘT THÀNH VIÊN HUY VŨ,ổ cứng Kingmax SSD M2 SATA III 256GB SA3080,Cái,1.0000,718182.00,0.00
214,banra,3,CÔNG TY TNHH MỘT THÀNH VIÊN HUY VŨ,MÁY TÍNH XÁCH TAY (NB) LENOVO V14 G3 IAP i5- 1235U/8GD4/256GSSD/14.0FHD/WL/BT/2C38/NoOS/Đ EN(82TS0062VN),Cái,1.0000,13318182.00,0.00
214,banra,3,CÔNG TY TNHH MỘT THÀNH VIÊN HUY VŨ,Chuột vi tính Rapoo M20,Cái,1.0000,127273.00,0.00
213,banra,3,CÔNG TY TNHH MỘT THÀNH VIÊN HUY VŨ,"Ổ cứng gắn trong 240GB SSD Exceria BICS FLASH 2.5"" SATA3 Kioxia",Cái,1.0000,863636.00,0.00
212,banra,3,CÔNG TY TNHH MỘT THÀNH VIÊN HUY VŨ,BỘ MÁY VI TÍNH,BỘ,1.0000,15009091.00,0.00
211,banra,3,CÔNG TY TNHH MỘT THÀNH VIÊN HUY VŨ,"Bộ chuột,bàn phím máy vi tính X1800s",Bộ,1.0000,290909.00,0.00
210,banra,3,CÔNG TY TNHH MỘT THÀNH VIÊN HUY VŨ,MÀN HÌNH VI TÍNH (LCD) LENOVO C22-20 21.5INCH/1920 x 1080/75Hz/VGA/HDMI/ ĐEN/(62A7KAR1WW),Cái,1.0000,2318182.00,0.00
209,banra,3,CÔNG TY TNHH MỘT THÀNH VIÊN HUY VŨ,Bộ Máy Vi Tính,Bộ,2.0000,14836364.00,0.00
208,banra,3,CÔNG TY TNHH MỘT THÀNH VIÊN HUY VŨ,"MÀN HÌNH VI TÍNH DELL-LCD-E2216HV-21.5""WHD-3Y",Cái,1.0000,2545455.00,0.00
207,banra,3,CÔNG TY TNHH MỘT THÀNH VIÊN HUY VŨ,MÁY IN CANON LASER LBP-2900,Cái,1.0000,3627273.00,0.00
206,banra,3,CÔNG TY TNHH MỘT THÀNH VIÊN HUY VŨ,Máy tinh xách tay Asus ExpertBook B1400CEAE-EK4263 Core i5 -8G/256GB/Numpad/KB LED Backlid,Cái,1.0000,13536364.00,0.00
205,banra,3,CÔNG TY TNHH MỘT THÀNH VIÊN HUY VŨ,MÁY IN HP PRINTER LJ PRO400 M404DN,Cái,1.0000,5354545.00,0.00
204,banra,3,CÔNG TY TNHH MỘT THÀNH VIÊN HUY VŨ,Nguồn Jetek Model J500,Cái,1.0000,590909.00,0.00
203,banra,3,CÔNG TY TNHH MỘT THÀNH VIÊN HUY VŨ,"Thiết bị thu phát vô tuyến Tp-Link 150M ,TL-WN722N",Cái,1.0000,181818.00,0.00
202,banra,3,CÔNG TY TNHH MỘT THÀNH VIÊN HUY VŨ,Chuột máy tính Dell MS116,Cái,2.0000,272727.00,0.00
201,banra,3,CÔNG TY TNHH MỘT THÀNH VIÊN HUY VŨ,MÁY TÍNH ĐỂ BÀN (PC) LENOVO ThinkCentre neo 50s Gen 3 i5- 12400(6*2.5)/4GD4/256GSSD/WL/BT/KB/M/NoOS/ĐEN(11T000AXVA),Cái,3.0000,28363636.00,0.00
200,banra,3,CÔNG TY TNHH MỘT THÀNH VIÊN HUY VŨ,Bảng mạch chính Asus Prime H510MF,Cái,1.0000,1363636.00,0.00
200,banra,3,CÔNG TY TNHH MỘT THÀNH VIÊN HUY VŨ,Bàn phím Dell Multimedia KB216,Cái,1.0000,136364.00,0.00
200,banra,3,CÔNG TY TNHH MỘT THÀNH VIÊN HUY VŨ,Ổ cứng  GT Western Digital 1TB,Cái,1.0000,818182.00,0.00
200,banra,3,CÔNG TY TNHH MỘT THÀNH VIÊN HUY VŨ,Bộ nhớ trong  Kingston 8GD4 /2666,Cái,1.0000,590909.00,0.00
200,banra,3,CÔNG TY TNHH MỘT THÀNH VIÊN HUY VŨ,Chuột máy tính  Logitech M331,Cái,1.0000,272727.00,0.00
199,banra,3,CÔNG TY TNHH MỘT THÀNH VIÊN HUY VŨ,MÀN HÌNH VI TÍNH (LCD) LENOVO C22-2021.5INCH/1920 x 1080/75Hz/VGA/HDMI/ĐEN(62A7KAR1WW),Cái,1.0000,1881818.00,0.00
198,banra,3,CÔNG TY TNHH MỘT THÀNH VIÊN HUY VŨ,Bộ máy vi tính,Bộ,1.0000,15636364.00,0.00
197,banra,3,CÔNG TY TNHH MỘT THÀNH VIÊN HUY VŨ,Thiết bị ghi hình Logitech C930e,Cái,1.0000,2354545.00,0.00
197,banra,3,CÔNG TY TNHH MỘT THÀNH VIÊN HUY VŨ,"Dây USB 2.0 nối dài có chipset , dài 10m (10321)",Chiếc,1.0000,345455.00,0.00
196,banra,3,CÔNG TY TNHH MỘT THÀNH VIÊN HUY VŨ,"Thiết bị chuyển mạch Catalyst 1000 24port GE, 4x1G SFP/C1000­24T­4G­L",Cái,2.0000,29090909.00,0.00
196,banra,3,CÔNG TY TNHH MỘT THÀNH VIÊN HUY VŨ,Camera quan sát CS-C6N (1080P),Cái,30.0000,16363636.00,0.00
196,banra,3,CÔNG TY TNHH MỘT THÀNH VIÊN HUY VŨ,Thẻ nhớ 64GB Micro SDXC Exceria UHS-I C10 U1 100MB/s Kioxia (Không có Adapter),Cái,30.0000,4090909.00,0.00
196,banra,3,CÔNG TY TNHH MỘT THÀNH VIÊN HUY VŨ,Bộ định tuyến  Tp-Link 2.4GHz/Archer MR100,Cái,10.0000,8636364.00,0.00
196,banra,3,CÔNG TY TNHH MỘT THÀNH VIÊN HUY VŨ,Tiền công,Bộ,1.0000,32727273.00,0.00
195,banra,3,CÔNG TY TNHH MỘT THÀNH VIÊN HUY VŨ,Đầu ghi hình DS-7216HGHI-K1,Cái,1.0000,2727273.00,0.00
195,banra,3,CÔNG TY TNHH MỘT THÀNH VIÊN HUY VŨ,Camera quan sát DS-2CE16D0T-LFS,Cái,10.0000,9363636.00,0.00
195,banra,3,CÔNG TY TNHH MỘT THÀNH VIÊN HUY VŨ,"Ổ cứng lưu trữ dữ liệu ST4000VX000, 4T ,5900RPM,3.5'',SATA,SEAGATE",Cái,2.0000,4709092.00,0.00
195,banra,3,CÔNG TY TNHH MỘT THÀNH VIÊN HUY VŨ,Nguồn 12V 1A ADS-12FG-12N,Cái,10.0000,727273.00,0.00
195,banra,3,CÔNG TY TNHH MỘT THÀNH VIÊN HUY VŨ,Cáp dữ liệu HDMI 1.4 dài 15m,Chiếc,2.0000,909091.00,0.00
195,banra,3,CÔNG TY TNHH MỘT THÀNH VIÊN HUY VŨ,"Dây 4 lõi có thép treo vỏ nhựa PVC, chuẩn cat 3 (300m)",Cuộn,1.0000,909091.00,0.00
195,banra,3,CÔNG TY TNHH MỘT THÀNH VIÊN HUY VŨ,"Đầu mạng cáp 6 Commscope, AMP",Bịch,2.0000,500000.00,0.00
195,banra,3,CÔNG TY TNHH MỘT THÀNH VIÊN HUY VŨ,"Dây mạng FTP CAT6E Cu 0,5mm Cường lực HDPE",Mét,305.0000,2218180.00,0.00
195,banra,3,CÔNG TY TNHH MỘT THÀNH VIÊN HUY VŨ,"Cáp cat6 4UTP, 23AWG, CM (305m/thùng)",Thùng,2.0000,5363636.00,0.00
195,banra,3,CÔNG TY TNHH MỘT THÀNH VIÊN HUY VŨ,Đầu bấm dây mạng  Ensoho  RJ-45 cat5e,Hộp,4.0000,309092.00,0.00
194,banra,3,CÔNG TY TNHH MỘT THÀNH VIÊN HUY VŨ,Bộ máy vi tính,Bộ,1.0000,18181818.00,0.00
193,banra,3,CÔNG TY TNHH MỘT THÀNH VIÊN HUY VŨ,Bộ máy vi tính,Bộ,1.0000,6272727.00,0.00
193,banra,3,CÔNG TY TNHH MỘT THÀNH VIÊN HUY VŨ,Màn hình LCD VIEWSONIC VA1903A,Cái,2.0000,3181818.00,0.00
192,banra,3,CÔNG TY TNHH MỘT THÀNH VIÊN HUY VŨ,Mực  in  Brother BT5000Y,Hộp,1.0000,136364.00,0.00
191,banra,3,CÔNG TY TNHH MỘT THÀNH VIÊN HUY VŨ,Chuột vi tính Rapoo M20,Cái,1.0000,90909.00,0.00
190,banra,3,CÔNG TY TNHH MỘT THÀNH VIÊN HUY VŨ,Máy In Canon Laser LBP-2900,Cái,1.0000,3627272.00,0.00
190,banra,3,CÔNG TY TNHH MỘT THÀNH VIÊN HUY VŨ,Loa SoundMax A150/2.0,Bộ,2.0000,527273.00,0.00
189,banra,3,CÔNG TY TNHH MỘT THÀNH VIÊN HUY VŨ,MÁY VI TÍNH ĐỂ BÀN (PC) LENOVO ThinkCentre  neo 50t Gen 3 i3- 12100(4*3.3)/4GD4/256GSSD/WL/BT/KB/M/nOS/ĐEN( 11SC001LVA),Bộ,1.0000,7000000.00,0.00
188,banra,3,CÔNG TY TNHH MỘT THÀNH VIÊN HUY VŨ,"Ổ cứng di động Seagate 2TB 2.5""",Cái,1.0000,2000000.00,0.00
187,banra,3,CÔNG TY TNHH MỘT THÀNH VIÊN HUY VŨ,"Bản quyền phần mềm Kaspersky Ksos 5 for DT+MD+FS SEA 5 - MD; 5-DT ,1-FS; 5USER 1Y BsRP",Cái,2.0000,7200000.00,0.00
186,banra,2,CÔNG TY TNHH MỘT THÀNH VIÊN HUY VŨ,MÀN HÌNH VI TÍNH (LCD) LENOVO C22-20 21.5INCH/1920 x 1080/75Hz/VGA/HDMI/ĐEN/3Y(62A7KAR1WW),Cái,2.0000,3636364.00,0.00
186,banra,2,CÔNG TY TNHH MỘT THÀNH VIÊN HUY VŨ,MÀN HÌNH LCD 23.8 Inch LENOVO THINKVISION S24e-20 (62AEKAR2WW),Cái,2.0000,4545455.00,0.00
185,banra,2,CÔNG TY TNHH MỘT THÀNH VIÊN HUY VŨ,MÁY VI TÍNH ĐỂ BÀN (PC) LENOVO ThinkCentre neo 50t Gen 3 i3- 12100(4*3.3)/4GD4/256GSSD/WL/BT/KB/M/nOS/ĐEN( 11SC001LVA),Cái,15.0000,105000000.00,0.00
185,banra,2,CÔNG TY TNHH MỘT THÀNH VIÊN HUY VŨ,MÀN HÌNH VI TÍNH (LCD) LENOVO C22-20 21.5INCH/1920 x 1080/75Hz/VGA/HDMI/ĐEN/3Y(62A7KAR1WW),Cái,14.0000,25454545.00,0.00
185,banra,2,CÔNG TY TNHH MỘT THÀNH VIÊN HUY VŨ,Bộ nhớ máy vi tính Kingmax 4GB DDR4 - 2666,Cái,10.0000,3181818.00,0.00
184,banra,2,CÔNG TY TNHH MỘT THÀNH VIÊN HUY VŨ,"Máy tính xách tay Lenovo ThinkBook 14 G4 IAP -I3-1215U(1.2G)-8GB RAM-256GB SSD-WF +BL,Fingerprint-14""FHD- DOS - P/N 21DH00B0VN",Chiếc,1.0000,13418182.00,0.00
184,banra,2,CÔNG TY TNHH MỘT THÀNH VIÊN HUY VŨ,Chuột vi tính Rapoo M20,Cái,1.0000,118182.00,0.00
183,banra,2,CÔNG TY TNHH MỘT THÀNH VIÊN HUY VŨ,Điện thoại Panasonic KXTGB110CX,Cái,1.0000,454545.00,0.00
182,banra,2,CÔNG TY TNHH MỘT THÀNH VIÊN HUY VŨ,Chuột vi tính Rapoo M20,Cái,10.0000,1090909.00,0.00
182,banra,2,CÔNG TY TNHH MỘT THÀNH VIÊN HUY VŨ,"Thiết bị thu phát vô tuyến TP-Link,TL-WN725N",Cái,6.0000,709091.00,0.00
182,banra,2,CÔNG TY TNHH MỘT THÀNH VIÊN HUY VŨ,"Thiết bị thu phát vô tuyến TP-Link,TL-WN823N",Cái,1.0000,163636.00,0.00
182,banra,2,CÔNG TY TNHH MỘT THÀNH VIÊN HUY VŨ,"Thiết bị thu phát vô tuyến TP-Link,TL-WN821N",Cái,3.0000,490909.00,0.00
182,banra,2,CÔNG TY TNHH MỘT THÀNH VIÊN HUY VŨ,Nguồn Jetek Model Y500T,Cái,5.0000,1090909.00,0.00
182,banra,2,CÔNG TY TNHH MỘT THÀNH VIÊN HUY VŨ,Bộ định tuyến TP-Link 2.4GHz-TL-WR840N,Cái,1.0000,245455.00,0.00
182,banra,2,CÔNG TY TNHH MỘT THÀNH VIÊN HUY VŨ,"Bộ định tuyến  TP-Link 2.4GHz,TL-WR820N",Cái,1.0000,218182.00,0.00
181,banra,2,CÔNG TY TNHH MỘT THÀNH VIÊN HUY VŨ,"Thiết bị thu phát vô tuyến TP-Link,TL-WA860RE",Cái,1.0000,263636.00,0.00
457,banra,4,CÔNG TY TNHH MỘT THÀNH VIÊN HUY VŨ,Mực in 308 Number One,Hộp,1.0000,381818.00,0.00
456,banra,4,CÔNG TY TNHH MỘT THÀNH VIÊN HUY VŨ,Phần mềm Kaspersky KL1941MCCFS,Cái,1.0000,900000.00,0.00
455,banra,4,CÔNG TY TNHH MỘT THÀNH VIÊN HUY VŨ,ổ cứng gắn trong 480GB SSD Exceria BiCS FLASH 2.5''SATA3 Kioxia,Cái,1.0000,1090909.00,0.00
455,banra,4,CÔNG TY TNHH MỘT THÀNH VIÊN HUY VŨ,Bàn phím Rapoo NK2500,Cái,2.0000,200000.00,0.00
454,banra,4,CÔNG TY TNHH MỘT THÀNH VIÊN HUY VŨ,Bộ máy vi tính,Bộ,1.0000,13627273.00,0.00
453,banra,4,CÔNG TY TNHH MỘT THÀNH VIÊN HUY VŨ,"Thiết bị định tuyến TP-Link 300M,2.4GHz,TL- WR841N",Cái,1.0000,300000.00,0.00
453,banra,4,CÔNG TY TNHH MỘT THÀNH VIÊN HUY VŨ,Tai nghe SoundMax AH314,Cái,1.0000,236364.00,0.00
452,banra,4,CÔNG TY TNHH MỘT THÀNH VIÊN HUY VŨ,"Thiết bị chuyển mạch  TP-Link,TL-SF1005D",Cái,1.0000,109091.00,0.00
452,banra,4,CÔNG TY TNHH MỘT THÀNH VIÊN HUY VŨ,Bàn Phím Rapoo V50s,Cái,1.0000,263636.00,0.00
452,banra,4,CÔNG TY TNHH MỘT THÀNH VIÊN HUY VŨ,Nguồn Jetek Model Y500T,Cái,1.0000,190909.00,0.00
451,banra,4,CÔNG TY TNHH MỘT THÀNH VIÊN HUY VŨ,Phần mềm Kaspersky KL1867MUAFS,Cái,1.0000,280000.00,0.00
450,banra,4,CÔNG TY TNHH MỘT THÀNH VIÊN HUY VŨ,Cáp dữ liệu VIDEO HDMI 1.4 truyền âm thanh hình ảnh dài3M Ugreen,Chiếc,1.0000,227273.00,0.00
449,banra,4,CÔNG TY TNHH MỘT THÀNH VIÊN HUY VŨ,Cáp dữ liệu VIDEO HDMI 1.4 truyền âm thanh hình ảnhdài 1.5M Ugreen (10109),Chiếc,1.0000,90909.00,0.00
449,banra,4,CÔNG TY TNHH MỘT THÀNH VIÊN HUY VŨ,"Màn hình LCD-Dell E2016Hv 19.5""",Cái,1.0000,2681818.00,0.00
449,banra,4,CÔNG TY TNHH MỘT THÀNH VIÊN HUY VŨ,"Máy tính để bàn Dell Vostro 3710 STI34010W1-8G-256GIntel Core i3-12100processor (4-Core, 12M Cache, 3.3GHz to4.3GHz), 1x8GB, DDR4,3200MHz, 256GB NVMe M.2 PCIeSSD, Chuột, Bàn Phím, Windows 11Microsoft Office Homeand Student 202",Bộ,1.0000,10445455.00,0.00
448,banra,4,CÔNG TY TNHH MỘT THÀNH VIÊN HUY VŨ,Chuột máy tính Dell MS116,Cái,1.0000,136363.00,0.00
448,banra,4,CÔNG TY TNHH MỘT THÀNH VIÊN HUY VŨ,Bàn phím Keyboard NK2500,Cái,1.0000,136364.00,0.00
447,banra,4,CÔNG TY TNHH MỘT THÀNH VIÊN HUY VŨ,MÁY IN ĐƠN NĂNG HP LASERJET PRO M404DW -W1A56A,Cái,1.0000,5909091.00,0.00
446,banra,4,CÔNG TY TNHH MỘT THÀNH VIÊN HUY VŨ,Mực sharp 235,Hộp,1.0000,1136364.00,0.00
446,banra,4,CÔNG TY TNHH MỘT THÀNH VIÊN HUY VŨ,Công sửa (bảo dưỡng),Cái,1.0000,545455.00,0.00
446,banra,4,CÔNG TY TNHH MỘT THÀNH VIÊN HUY VŨ,Ru lô dưới (ru lô ép),Cái,1.0000,1272727.00,0.00
446,banra,4,CÔNG TY TNHH MỘT THÀNH VIÊN HUY VŨ,Nhông sấy máy photo,Bộ,1.0000,454545.00,0.00
445,banra,4,CÔNG TY TNHH MỘT THÀNH VIÊN HUY VŨ,ổ cứng gắn trong 250GB SSD Exceria NVMe BiCS FLASHM.2 PCIe Kioxia,Cái,1.0000,1136364.00,0.00
445,banra,4,CÔNG TY TNHH MỘT THÀNH VIÊN HUY VŨ,"Ổ cứng  GT Western Digital 1TB - 3.5""",Cái,1.0000,1227272.00,0.00
444,banra,4,CÔNG TY TNHH MỘT THÀNH VIÊN HUY VŨ,Máy In Canon Laser LBP-2900,Cái,1.0000,3809091.00,0.00
444,banra,4,CÔNG TY TNHH MỘT THÀNH VIÊN HUY VŨ,Chuột máy tính  Logitech M331,Cái,1.0000,272727.00,0.00
443,banra,4,CÔNG TY TNHH MỘT THÀNH VIÊN HUY VŨ,Bảng mạch chính Asus Prime H510MK,Cái,1.0000,1463636.00,0.00
443,banra,4,CÔNG TY TNHH MỘT THÀNH VIÊN HUY VŨ,Bộ vi xử lý Intel Pentium G6400,Cái,1.0000,1445456.00,0.00
443,banra,4,CÔNG TY TNHH MỘT THÀNH VIÊN HUY VŨ,Bộ nhớ trong ram 4GB/2666 Kingmax,Cái,1.0000,290909.00,0.00
443,banra,4,CÔNG TY TNHH MỘT THÀNH VIÊN HUY VŨ,"Ổ đĩa cứng GT Kingston 2.5""SSD (SA400S37/240G)",Cái,1.0000,363636.00,0.00
443,banra,4,CÔNG TY TNHH MỘT THÀNH VIÊN HUY VŨ,Nguồn  Jetek Model Y600T,Cái,1.0000,281818.00,0.00
443,banra,4,CÔNG TY TNHH MỘT THÀNH VIÊN HUY VŨ,Vỏ thùng máy tính Jetek EN15,Cái,1.0000,263636.00,0.00
443,banra,4,CÔNG TY TNHH MỘT THÀNH VIÊN HUY VŨ,Bàn phím Rapoo NK2500,Cái,1.0000,136364.00,0.00
443,banra,4,CÔNG TY TNHH MỘT THÀNH VIÊN HUY VŨ,Chuột Rapoo N100,Cái,1.0000,72727.00,0.00
443,banra,4,CÔNG TY TNHH MỘT THÀNH VIÊN HUY VŨ,Màn hình  LCD VIEWSONIC VA1903A,Cái,1.0000,1590909.00,0.00
442,banra,4,CÔNG TY TNHH MỘT THÀNH VIÊN HUY VŨ,Máy In Canon Laser LBP-2900,Cái,2.0000,7909091.00,0.00
442,banra,4,CÔNG TY TNHH MỘT THÀNH VIÊN HUY VŨ,Máy quét Canon Lide 300,Cái,1.0000,2227273.00,0.00
441,banra,4,CÔNG TY TNHH MỘT THÀNH VIÊN HUY VŨ,"Ổ cứng GT Kingston 2.5""SSD (SA400S37/240G)",Cái,1.0000,454545.00,0.00
440,banra,4,CÔNG TY TNHH MỘT THÀNH VIÊN HUY VŨ,"Màn hình LCD-Dell E2016Hv 19.5""",Cái,1.0000,2272727.00,0.00
440,banra,4,CÔNG TY TNHH MỘT THÀNH VIÊN HUY VŨ,Nguồn máy tính Jetek Model G350,Cái,1.0000,409091.00,0.00
440,banra,4,CÔNG TY TNHH MỘT THÀNH VIÊN HUY VŨ,Chuột máy tính Logitech M185,Cái,1.0000,227273.00,0.00
439,banra,4,CÔNG TY TNHH MỘT THÀNH VIÊN HUY VŨ,"Thiết bị chuyển mạch TP-Link, TL-SG1016D",Cái,1.0000,1172727.00,0.00
438,banra,4,CÔNG TY TNHH MỘT THÀNH VIÊN HUY VŨ,Máy In laser Canon LBP 6230DN,Cái,1.0000,5550000.00,0.00
437,banra,4,CÔNG TY TNHH MỘT THÀNH VIÊN HUY VŨ,Bàn phím Logitech K120,Cái,1.0000,172727.00,0.00
437,banra,4,CÔNG TY TNHH MỘT THÀNH VIÊN HUY VŨ,Chuột máy tính Logitech B100,Cái,1.0000,90909.00,0.00
436,banra,4,CÔNG TY TNHH MỘT THÀNH VIÊN HUY VŨ,"Ổ cứng di động  Seagate One touch  2TB 2.5""",Cái,1.0000,2363636.00,0.00
435,banra,4,CÔNG TY TNHH MỘT THÀNH VIÊN HUY VŨ,"Máy tính xách tay ThinkBook 14 G4 IAP i5-1240P/8Gb/512Gb/UHD/Fingerprint/Off Trial/Win11 H64SL/MINERAL_GREY/14"" FHD, P/N: 21DH00B5VN   (Xuất trả lại hàng theo hóa đơn 750 ngày 27/12/2022 , ký hiệu : 1C22TDN)",Chiếc,1.0000,15900000.00,0.00
434,banra,4,CÔNG TY TNHH MỘT THÀNH VIÊN HUY VŨ,ổ cứng gắn trong 240GB SSD Exceria BiCS FLASH 2.5''SATA3 Kioxia,Cái,20.0000,12727273.00,0.00
434,banra,4,CÔNG TY TNHH MỘT THÀNH VIÊN HUY VŨ,"Thanh Ram G.Skill F3-1600C11S-8GIS, 8GB",Cái,10.0000,7727273.00,0.00
434,banra,4,CÔNG TY TNHH MỘT THÀNH VIÊN HUY VŨ,Bộ nhớ trong Kingston 8GD4-2666,Cái,20.0000,11454545.00,0.00
434,banra,4,CÔNG TY TNHH MỘT THÀNH VIÊN HUY VŨ,Đầu bấm dây mạng  EN-RJ45C6 RJ-45,Hộp,2.0000,454546.00,0.00
433,banra,4,CÔNG TY TNHH MỘT THÀNH VIÊN HUY VŨ,MÁY TÍNH XÁCH TAY  HP 240 G8 6L1A1PA (Core i3-1115G4 | 8GB | 256GB | Intel UHD | 14 inch FHD | Win 10 | Bạc),Cái,1.0000,10509091.00,0.00
432,banra,4,CÔNG TY TNHH MỘT THÀNH VIÊN HUY VŨ,Bàn phím Dell Multimedia KB216,Cái,1.0000,209091.00,0.00
431,banra,4,CÔNG TY TNHH MỘT THÀNH VIÊN HUY VŨ,BỘ MÁY VI TÍNH,BỘ,1.0000,9981818.00,0.00
430,banra,4,CÔNG TY TNHH MỘT THÀNH VIÊN HUY VŨ,"Màn hình máy tính Lenovo H20215FE0 - ""E22-28 (H20215FE0)21.5 inch Monitor-HDMI, Linecord, WTYWarrantyCode:limited"", P/N:62B9MAR4WW",Chiếc,1.0000,2445455.00,0.00
430,banra,4,CÔNG TY TNHH MỘT THÀNH VIÊN HUY VŨ,Mực  Laser TN-2385 Brother,Hộp,1.0000,454544.00,0.00
430,banra,4,CÔNG TY TNHH MỘT THÀNH VIÊN HUY VŨ,Bộ vi xử lý Intel Core i3-10105,Cái,1.0000,2363636.00,0.00
430,banra,4,CÔNG TY TNHH MỘT THÀNH VIÊN HUY VŨ,ổ cứng gắn trong 240GB SSD Exceria BiCS FLASH 2.5''SATA3 Kioxia,Cái,1.0000,636364.00,0.00
430,banra,4,CÔNG TY TNHH MỘT THÀNH VIÊN HUY VŨ,Bàn phím  Dell Multimedia KB216,Cái,2.0000,272728.00,0.00
430,banra,4,CÔNG TY TNHH MỘT THÀNH VIÊN HUY VŨ,Bộ nhớ trong Kingston 4GBD4-3200,Cái,1.0000,409091.00,0.00
430,banra,4,CÔNG TY TNHH MỘT THÀNH VIÊN HUY VŨ,Nguồn Jetek Model Y500T,Cái,1.0000,272727.00,0.00
429,banra,4,CÔNG TY TNHH MỘT THÀNH VIÊN HUY VŨ,Cáp dữ liệu VIDEO HDMI 1.4 truyền âm thanh hình ảnhdài 3M Ugreen,CHIẾC,3.0000,818182.00,0.00
428,banra,4,CÔNG TY TNHH MỘT THÀNH VIÊN HUY VŨ,Điện thoại có dây Panasonic KXTS500,Cái,4.0000,1090909.00,0.00
428,banra,4,CÔNG TY TNHH MỘT THÀNH VIÊN HUY VŨ,Chuột máy tính Logitech  M170,Cái,1.0000,145455.00,0.00
427,banra,4,CÔNG TY TNHH MỘT THÀNH VIÊN HUY VŨ,ổ cứng gắn trong 240GB SSD Exceria BiCS FLASH 2.5''SATA3 Kioxia,Cái,10.0000,5727273.00,0.00
427,banra,4,CÔNG TY TNHH MỘT THÀNH VIÊN HUY VŨ,ổ cứng gắn trong 480GB SSD Exceria BiCS FLASH 2.5''SATA3 Kioxia,Cái,2.0000,1672727.00,0.00
426,banra,4,CÔNG TY TNHH MỘT THÀNH VIÊN HUY VŨ,Ổ cứng GT Western 1TB,Cái,2.0000,2363636.00,0.00
426,banra,4,CÔNG TY TNHH MỘT THÀNH VIÊN HUY VŨ,ổ cứng gắn trong 240GB SSD Exceria BiCS FLASH 2.5''SATA3 Kioxia,Cái,1.0000,818182.00,0.00
425,banra,4,CÔNG TY TNHH MỘT THÀNH VIÊN HUY VŨ,BỘ NHỚ TRONG RAM 4GB/2400 KINGMAX,CÁI,1.0000,427272.00,0.00
425,banra,4,CÔNG TY TNHH MỘT THÀNH VIÊN HUY VŨ,Ổ ĐĨA CỨNG  GT Kingston 240GB(SA400M8/240G),CÁI,1.0000,445455.00,0.00
425,banra,4,CÔNG TY TNHH MỘT THÀNH VIÊN HUY VŨ,CHUỘT MÁY TÍNH LOGITECH B100,CÁI,1.0000,90909.00,0.00
424,banra,4,CÔNG TY TNHH MỘT THÀNH VIÊN HUY VŨ,"Ổ ĐĨA CỨNG GT Kingston 2.5""SSD(SA400S37/240G)",CÁI,1.0000,818182.00,0.00
423,banra,4,CÔNG TY TNHH MỘT THÀNH VIÊN HUY VŨ,Máy in hóa đơn XP-K200L,CÁI,1.0000,1263636.00,0.00
423,banra,4,CÔNG TY TNHH MỘT THÀNH VIÊN HUY VŨ,CHUỘT MÁY TÍNH  Dell MS116,CÁI,1.0000,90909.00,0.00
422,banra,4,CÔNG TY TNHH MỘT THÀNH VIÊN HUY VŨ,THIẾT BỊ TRÌNH CHIẾU  Presenter Logitech R400,Cái,1.0000,454545.00,0.00
421,banra,4,CÔNG TY TNHH MỘT THÀNH VIÊN HUY VŨ,BỘ MÁY VINH TÍNH,BỘ,1.0000,9354545.00,0.00
421,banra,4,CÔNG TY TNHH MỘT THÀNH VIÊN HUY VŨ,Máy in hóa đơn XP-Q801L,CÁI,1.0000,1263636.00,0.00
421,banra,4,CÔNG TY TNHH MỘT THÀNH VIÊN HUY VŨ,ĐẦU ĐỌC MÃ VẠCH OD7200,CÁI,1.0000,1445455.00,0.00
420,banra,4,CÔNG TY TNHH MỘT THÀNH VIÊN HUY VŨ,PHẦN MỀM Kaspersky KL1941MCCFS,CÁI,1.0000,870000.00,0.00
419,banra,4,CÔNG TY TNHH MỘT THÀNH VIÊN HUY VŨ,CHUỘT MÁY TÍNH  EM6102 E-Dra,CHIẾC,1.0000,163636.00,0.00
418,banra,4,CÔNG TY TNHH MỘT THÀNH VIÊN HUY VŨ,MỰC IN BROTHER TN -2385,HỘP,1.0000,500000.00,0.00
418,banra,4,CÔNG TY TNHH MỘT THÀNH VIÊN HUY VŨ,TRỐNG TỪ BROTHER DR-2385,HỘP,1.0000,636364.00,0.00
418,banra,4,CÔNG TY TNHH MỘT THÀNH VIÊN HUY VŨ,BÀN PHÍM Dell Multimedia KB216,CÁI,2.0000,272727.00,0.00
418,banra,4,CÔNG TY TNHH MỘT THÀNH VIÊN HUY VŨ,CHUỘT LOGITECH M190,CÁI,2.0000,418182.00,0.00
417,banra,4,CÔNG TY TNHH MỘT THÀNH VIÊN HUY VŨ,MỰC IN Brother BT5000M,CHAI,1.0000,136364.00,0.00
416,banra,4,CÔNG TY TNHH MỘT THÀNH VIÊN HUY VŨ,Cáp dữ liệu VIDEO HDMI 1.4 truyền âm thanh hình ảnh dài10M Ugreen,Chiếc,2.0000,800000.00,0.00
416,banra,4,CÔNG TY TNHH MỘT THÀNH VIÊN HUY VŨ,Cáp dữ liệu VIDEO HDMI 1.4 truyền âm thanh hình ảnh dài1.5M Ugreen,Chiếc,1.0000,136364.00,0.00
416,banra,4,CÔNG TY TNHH MỘT THÀNH VIÊN HUY VŨ,"Thiết bị chuyển mạch  TP-Link,TL-SF1008D",Cái,1.0000,172727.00,0.00
416,banra,4,CÔNG TY TNHH MỘT THÀNH VIÊN HUY VŨ,Bộ chuyển đổi  DVI-D to VGA (40387),Cái,1.0000,163636.00,0.00
415,banra,4,CÔNG TY TNHH MỘT THÀNH VIÊN HUY VŨ,"THIẾT BỊ THU PHÁT VÔ TUYẾN  TP-Link 2.4Ghz,Archer T2U",Cái,1.0000,245455.00,0.00
415,banra,4,CÔNG TY TNHH MỘT THÀNH VIÊN HUY VŨ,THIẾT BỊ THU PHÁT VÔ TUYẾN   TPLINK ARCHER AX23,Cái,1.0000,1227272.00,0.00
414,banra,4,CÔNG TY TNHH MỘT THÀNH VIÊN HUY VŨ,Màn hình LCD VIEWSONIC VX3276-2K-MHD-2 32'',Cái,1.0000,5536364.00,0.00
413,banra,4,CÔNG TY TNHH MỘT THÀNH VIÊN HUY VŨ,Máy chấm công bằng dấu vân tay DG600BID,Cái,1.0000,2990909.00,0.00
412,banra,4,CÔNG TY TNHH MỘT THÀNH VIÊN HUY VŨ,Bộ nhớ trong Kingston 8GD4 - 3200,Cái,1.0000,772727.00,0.00
412,banra,4,CÔNG TY TNHH MỘT THÀNH VIÊN HUY VŨ,ổ cứng gắn trong 240GB SSD Exceria BiCS FLASH 2.5''SATA3 Kioxia,Cái,1.0000,1136364.00,0.00
411,banra,4,CÔNG TY TNHH MỘT THÀNH VIÊN HUY VŨ,BỘ NHỚ TRONG Kingston 8G-D4 3200S22 1RX8 (KVR32S22S8/8),Cái,2.0000,1363636.00,0.00
411,banra,4,CÔNG TY TNHH MỘT THÀNH VIÊN HUY VŨ,Cáp dữ liệu VIDEO HDMI 1.4 truyền âm thanh hình ảnh dài3M Ugreen,Chiếc,1.0000,227273.00,0.00
411,banra,4,CÔNG TY TNHH MỘT THÀNH VIÊN HUY VŨ,Pin carbon AA Philips R6L10S/97,Vĩ,1.0000,27273.00,0.00
411,banra,4,CÔNG TY TNHH MỘT THÀNH VIÊN HUY VŨ,"THIẾT BỊ CHUYỂN MẠCH TP-Link,TL-SG1005D",Cái,1.0000,227273.00,0.00
410,banra,4,CÔNG TY TNHH MỘT THÀNH VIÊN HUY VŨ,"Thiết bị định tuyến thu phát vô tuyến  TP-Link,2.4Ghz,TL-MR6400",Cái,1.0000,1136364.00,0.00
410,banra,4,CÔNG TY TNHH MỘT THÀNH VIÊN HUY VŨ,Dây cáp mạng  Ensoho EN-F6CA24 FTP cat6 (305m/h),Hộp,1.0000,1590909.00,0.00
409,banra,4,CÔNG TY TNHH MỘT THÀNH VIÊN HUY VŨ,"Máy quét ảnh, tài liệu HP Pro 2000 S2",CÁI,1.0000,7545455.00,0.00
409,banra,4,CÔNG TY TNHH MỘT THÀNH VIÊN HUY VŨ,Chuột vi tính Rapoo M20,CÁI,1.0000,163636.00,0.00
408,banra,4,CÔNG TY TNHH MỘT THÀNH VIÊN HUY VŨ,MÀN HÌNH LCD 23.8 Inch LENOVO THINKVISION S24e -20 (62AEKAR2WW),Cái,13.0000,29545455.00,0.00
408,banra,4,CÔNG TY TNHH MỘT THÀNH VIÊN HUY VŨ,MÁY VI TÍNH ĐỂ BÀN (PC) LENOVO ThinkCentre neo 50t Gen 3 i3- 12100(4*3.3)/4GD4/256GSSD/WL/BT/KB/M/nOS/ĐEN( 11SC001LVA),Cái,10.0000,70000000.00,0.00
407,banra,4,CÔNG TY TNHH MỘT THÀNH VIÊN HUY VŨ,Máy in phun màu khổ A4 Epson L805,Cái,1.0000,9363636.00,0.00
406,banra,4,CÔNG TY TNHH MỘT THÀNH VIÊN HUY VŨ,BÀN PHÍM Dell Multimedia KB216,Cái,1.0000,209091.00,0.00
405,banra,4,CÔNG TY TNHH MỘT THÀNH VIÊN HUY VŨ,Bộ vi xử lý Intel i5/10400,Cái,1.0000,3172727.00,0.00
405,banra,4,CÔNG TY TNHH MỘT THÀNH VIÊN HUY VŨ,Bộ nhớ trong Kingmax 8GBD4-3200,Cái,1.0000,727273.00,0.00
405,banra,4,CÔNG TY TNHH MỘT THÀNH VIÊN HUY VŨ,ổ cứng gắn trong 240GB SSD Exceria BiCS FLASH 2.5''SATA3 Kioxia,Cái,1.0000,636364.00,0.00
405,banra,4,CÔNG TY TNHH MỘT THÀNH VIÊN HUY VŨ,Bảng mạch chính Asus Prime H510MK,Cái,1.0000,1518182.00,0.00
405,banra,4,CÔNG TY TNHH MỘT THÀNH VIÊN HUY VŨ,Vỏ thùng máy tính JETEK EN15,Cái,1.0000,345454.00,0.00
405,banra,4,CÔNG TY TNHH MỘT THÀNH VIÊN HUY VŨ,Hộp mực  in Izinet 12A,Hộp,2.0000,500000.00,0.00
404,banra,4,CÔNG TY TNHH MỘT THÀNH VIÊN HUY VŨ,Máy  in Brother HL - L2321D,Cái,1.0000,2681818.00,0.00
404,banra,4,CÔNG TY TNHH MỘT THÀNH VIÊN HUY VŨ,"Máy tính xách tay Dell L3420 I5SSDFB Latitude 3420 - i51135G7-8-256G-UBT-U-1Y(FHD, no FPR)",Cái,1.0000,15263637.00,0.00
403,banra,4,CÔNG TY TNHH MỘT THÀNH VIÊN HUY VŨ,Máy In Canon Laser LBP-2900,Cái,1.0000,3472727.00,0.00
402,banra,4,CÔNG TY TNHH MỘT THÀNH VIÊN HUY VŨ,USB hiệu  Kingston 128GB 3.0DT100G3,Cái,1.0000,409091.00,0.00
402,banra,4,CÔNG TY TNHH MỘT THÀNH VIÊN HUY VŨ,"Ổ cứng di động  Seagate 2TB 2.5""",Cái,1.0000,2227273.00,0.00
402,banra,4,CÔNG TY TNHH MỘT THÀNH VIÊN HUY VŨ,Bộ chia cổng Cliptec  RZH343,Cái,1.0000,163636.00,0.00
401,banra,4,CÔNG TY TNHH MỘT THÀNH VIÊN HUY VŨ,MÁY TÍNH ĐỂ BÀN (PC) DELL VOS 3910MT i5-12400(6*2.5)/8GD4/256SSD/WLn/BT/KB/M/W11SL+OFICEHOMEST/ProSup/ĐEN(9M2DD1),Cái,1.0000,13581818.00,0.00
401,banra,4,CÔNG TY TNHH MỘT THÀNH VIÊN HUY VŨ,"Ổ cứng GT Western Digital 1TB- 3.5""",Cái,1.0000,909091.00,0.00
401,banra,4,CÔNG TY TNHH MỘT THÀNH VIÊN HUY VŨ,MÀN HÌNH VI TÍNH (LCD)DELL SE2422H23.8INCH,Cái,1.0000,3718182.00,0.00
400,banra,4,CÔNG TY TNHH MỘT THÀNH VIÊN HUY VŨ,"Ổ cứng gắn trong 240GB SSD EXCERIA BICS FLASH 2.5""SATA3 KIOXIA",Cái,1.0000,818182.00,0.00
400,banra,4,CÔNG TY TNHH MỘT THÀNH VIÊN HUY VŨ,Dây chuyển đổi có chipset USB sang cổng COM RS­232 dài1.5M Ugreen (20211),Chiếc,1.0000,181818.00,0.00
400,banra,4,CÔNG TY TNHH MỘT THÀNH VIÊN HUY VŨ,Cáp dữ liệu VIDEO HDMI 1.4 truyền âm thanh hình ảnh dài5M Ugreen (10109),Chiếc,2.0000,363636.00,0.00
399,banra,4,CÔNG TY TNHH MỘT THÀNH VIÊN HUY VŨ,Hộp mực in Izinet 12A,Hộp,1.0000,272727.00,0.00
399,banra,4,CÔNG TY TNHH MỘT THÀNH VIÊN HUY VŨ,"Ổ đĩa cứng GT Kingston 2.5""SSD (SA400S37/240G)",Cái,1.0000,418182.00,0.00
398,banra,4,CÔNG TY TNHH MỘT THÀNH VIÊN HUY VŨ,Mực in 93A Number One,Hộp,1.0000,954546.00,0.00
398,banra,4,CÔNG TY TNHH MỘT THÀNH VIÊN HUY VŨ,Phim sấy mã RM1-0649-FM3,Cái,1.0000,727273.00,0.00
398,banra,4,CÔNG TY TNHH MỘT THÀNH VIÊN HUY VŨ,"Hộp mực in đã có mực in, tương thích HP MG -CF214A",Hộp,1.0000,954545.00,0.00
398,banra,4,CÔNG TY TNHH MỘT THÀNH VIÊN HUY VŨ,Drum máy photo,Cái,1.0000,818182.00,0.00
398,banra,4,CÔNG TY TNHH MỘT THÀNH VIÊN HUY VŨ,Gạt máy photo,Cái,1.0000,590909.00,0.00
398,banra,4,CÔNG TY TNHH MỘT THÀNH VIÊN HUY VŨ,Ru lô dưới (ru lô ép),Cái,1.0000,1181818.00,0.00
398,banra,4,CÔNG TY TNHH MỘT THÀNH VIÊN HUY VŨ,Bao lụa máy photo,Cái,1.0000,1681818.00,0.00
397,banra,4,CÔNG TY TNHH MỘT THÀNH VIÊN HUY VŨ,"THIẾT BỊ CHUYỂN MẠCH TP-Link,LS108G",Cái,1.0000,500000.00,0.00
396,banra,4,CÔNG TY TNHH MỘT THÀNH VIÊN HUY VŨ,Máy  in Brother HL-L2321D,Cái,1.0000,2454545.00,0.00
395,banra,4,CÔNG TY TNHH MỘT THÀNH VIÊN HUY VŨ,Ổ cứng di động USB KIOXIA 128GB U366 3.2,Cái,1.0000,354545.00,0.00
394,banra,4,CÔNG TY TNHH MỘT THÀNH VIÊN HUY VŨ,CHUỘT MÁY TÍNH LOGITECH M170,Cái,1.0000,209091.00,0.00
393,banra,4,CÔNG TY TNHH MỘT THÀNH VIÊN HUY VŨ,"Ổ cứng gắn trong 240GB SSDEXCERIABICSFLASH2.5""SATA3 KIOXIA",Cái,1.0000,627273.00,0.00
393,banra,4,CÔNG TY TNHH MỘT THÀNH VIÊN HUY VŨ,Ram 4GB Kingston,Cái,1.0000,445454.00,0.00
393,banra,4,CÔNG TY TNHH MỘT THÀNH VIÊN HUY VŨ,Cạc mạng  PCI Gigabit TP-Link-TG 3468,Cái,1.0000,209091.00,0.00
392,banra,4,CÔNG TY TNHH MỘT THÀNH VIÊN HUY VŨ,CỔNG KẾT NỐI MẠNG TL-SG1005D TP-Link,Cái,1.0000,254545.00,0.00
391,banra,4,CÔNG TY TNHH MỘT THÀNH VIÊN HUY VŨ,Máy tính Casio JS20,Cái,1.0000,745454.00,0.00
391,banra,4,CÔNG TY TNHH MỘT THÀNH VIÊN HUY VŨ,Bộ lưu điện Santak - TG500,Cái,1.0000,1018182.00,0.00
390,banra,4,CÔNG TY TNHH MỘT THÀNH VIÊN HUY VŨ,Bàn phím Rapoo NK2500,Cái,1.0000,136364.00,0.00
389,banra,4,CÔNG TY TNHH MỘT THÀNH VIÊN HUY VŨ,Giấy nhiệt 57-45 (TPNT-K7002 K),Cuộn,100.0000,700000.00,0.00
388,banra,4,CÔNG TY TNHH MỘT THÀNH VIÊN HUY VŨ,ổ cứng gắn trong 250GB SSD Exceria NVMe BiCS FLASHM.2 PCIe Kioxia,Cái,4.0000,3018182.00,0.00
387,banra,4,CÔNG TY TNHH MỘT THÀNH VIÊN HUY VŨ,BỘ MÁY VI TÍNH,BỘ,1.0000,5172727.00,0.00
386,banra,4,CÔNG TY TNHH MỘT THÀNH VIÊN HUY VŨ,"Máy tính xách tay Lenovo S14 G3 IAP CLOUD_GREY/14"" FHD/I3-1215U/8Gb/256Gb/UHD/Fingerprint/No Office/No OS",Cái,2.0000,24163636.00,0.00
386,banra,4,CÔNG TY TNHH MỘT THÀNH VIÊN HUY VŨ,"Máy tính xách tay Apple MacBook Air Apple M1 chip with 8-core CPU/7-core GPU, 16-core Neural Engine, 8GB unified memory, 256GB SSD, 13.3-inch Retina, Touch ID, Two Thunderbolt / USB 4 ports, Space Grey, macOS, Wty 1Y_MGN63SA/A",Cái,1.0000,17718182.00,0.00
386,banra,4,CÔNG TY TNHH MỘT THÀNH VIÊN HUY VŨ,Máy in Brother HL - L2321D,Cái,2.0000,5363636.00,0.00
385,banra,4,CÔNG TY TNHH MỘT THÀNH VIÊN HUY VŨ,MÁY IN LASER CANON LBP 2900,Cái,1.0000,3809091.00,0.00
384,banra,4,CÔNG TY TNHH MỘT THÀNH VIÊN HUY VŨ,MÁY TÍNH XÁCH TAY (NB) HP Pavilion 15- eg2058TUi5-1240P/8GD4/256GSSD/15.6FHD/Wlax/BT5/3C41WHr/ALUp/W11SL/VÀNG (6K788PA),Cái,1.0000,13590909.00,0.00
384,banra,4,CÔNG TY TNHH MỘT THÀNH VIÊN HUY VŨ,Máy tính xách tay Asus ExpertBook Model B1400CEAE-EK4263 Core i5 -8G/256GB/ Numpad/ Bàn Phím LED Backlid/No OS,Cái,1.0000,13454545.00,0.00
384,banra,4,CÔNG TY TNHH MỘT THÀNH VIÊN HUY VŨ,"Ổ cứng di động Seagate Expansion 2TB 2.5""",Cái,1.0000,2227273.00,0.00
383,banra,4,CÔNG TY TNHH MỘT THÀNH VIÊN HUY VŨ,Bàn phím Rapoo NK2500,Cái,1.0000,118182.00,0.00
383,banra,4,CÔNG TY TNHH MỘT THÀNH VIÊN HUY VŨ,Chuột máy tính  Logitech B100,Cái,1.0000,63636.00,0.00
382,banra,4,CÔNG TY TNHH MỘT THÀNH VIÊN HUY VŨ,Mực Laser TN-2385 Brother,Hộp,1.0000,409091.00,0.00
381,banra,4,CÔNG TY TNHH MỘT THÀNH VIÊN HUY VŨ,BÀN PHÍM RAPOO V500SE,Cái,1.0000,500000.00,0.00
381,banra,4,CÔNG TY TNHH MỘT THÀNH VIÊN HUY VŨ,"THIẾT BỊ ĐẦU CUỐI  GSM/W-CDMA FDD 2.4GHz TP-Link,M7000",Cái,1.0000,727273.00,0.00
380,banra,4,CÔNG TY TNHH MỘT THÀNH VIÊN HUY VŨ,"Máy tính xách tay Dell Latitude 3420, CTO Intel Core i3-1115G4 (2 Core,6M cache, base 3.0GHz, up to 4.10), MH 14 inch HD (1920 x 1080), RAM8GB, 256GB SSD, Intel® UHD Graphics, Ubuntu",Cái,1.0000,10818182.00,0.00
380,banra,4,CÔNG TY TNHH MỘT THÀNH VIÊN HUY VŨ,USB hiệu Kingston 32GB 3.0DT100G3(DT100G3/32GB),Cái,5.0000,409091.00,0.00
380,banra,4,CÔNG TY TNHH MỘT THÀNH VIÊN HUY VŨ,BỘ NHỚ NGOÀI Sandisk 32G SDCZ73-032G-G46,Cái,3.0000,340909.00,0.00
380,banra,4,CÔNG TY TNHH MỘT THÀNH VIÊN HUY VŨ,"BỘ NHỚ NGOÀI Sandisk 16G SDCZ50-016G-B35,USB,Cruzer",Cái,10.0000,863636.00,0.00
379,banra,4,CÔNG TY TNHH MỘT THÀNH VIÊN HUY VŨ,HỘP MỰC  Ecoplus 12A,HỘP,1.0000,118182.00,0.00
378,banra,4,CÔNG TY TNHH MỘT THÀNH VIÊN HUY VŨ,CHUỘT MÁY TÍNH LOGITECH M187,Cái,1.0000,272727.00,0.00
378,banra,4,CÔNG TY TNHH MỘT THÀNH VIÊN HUY VŨ,"Ổ cứng Seagate Expansion 1TB 2.5""",Cái,1.0000,1318182.00,0.00
377,banra,4,CÔNG TY TNHH MỘT THÀNH VIÊN HUY VŨ,CPU máy vi tính I3/10105,Cái,1.0000,6172727.00,0.00
377,banra,4,CÔNG TY TNHH MỘT THÀNH VIÊN HUY VŨ,Mực laser đen Brother 2240,Chai,4.0000,218182.00,0.00
376,banra,4,CÔNG TY TNHH MỘT THÀNH VIÊN HUY VŨ,"Máy tính bàn Lenovo Desktop ThinkCentre M70a Gen 3 -i3-12100 ( 4.3 GHZ) - 8GB RAM - 256GB SSD - 21.5 inchFHD -1Yr, P/n , hdd 1TB , 11VL0000VA",Bộ,1.0000,14627273.00,0.00
375,banra,4,CÔNG TY TNHH MỘT THÀNH VIÊN HUY VŨ,"Màn hình vi tính  Dell LCD E2216Hv 21.5"" WHD",Cái,1.0000,2318182.00,0.00
375,banra,4,CÔNG TY TNHH MỘT THÀNH VIÊN HUY VŨ,"Ổ cứng  Seagate Expansion 1TB 2.5""",Cái,1.0000,1318182.00,0.00
375,banra,4,CÔNG TY TNHH MỘT THÀNH VIÊN HUY VŨ,Chuột máy tính Logitech M221,Cái,1.0000,236364.00,0.00
375,banra,4,CÔNG TY TNHH MỘT THÀNH VIÊN HUY VŨ,Bàn phím  RAPOO V500 PRO,Cái,1.0000,672727.00,0.00
374,banra,4,CÔNG TY TNHH MỘT THÀNH VIÊN HUY VŨ,"Ổ đĩa cứng GT Kingston 2.5""SSD (SA400S37/240G)",Cái,1.0000,863636.00,0.00
374,banra,4,CÔNG TY TNHH MỘT THÀNH VIÊN HUY VŨ,Bàn phím  Keyboard NK2500,Cái,5.0000,545455.00,0.00
374,banra,4,CÔNG TY TNHH MỘT THÀNH VIÊN HUY VŨ,Thẻ nhớ 32GB Micro SDHC Exceria UHS-I C10 U1100MB/s Kioxia (Không có Adapter),Cái,5.0000,363636.00,0.00
373,banra,4,CÔNG TY TNHH MỘT THÀNH VIÊN HUY VŨ,Chuột máy tính Dell WM118,Cái,1.0000,227273.00,0.00
373,banra,4,CÔNG TY TNHH MỘT THÀNH VIÊN HUY VŨ,Cáp dữ liệu VIDEO HDMI 1.4 truyền âm thanh hình ảnh dài5M Ugreen (10109),Chiếc,1.0000,254545.00,0.00
373,banra,4,CÔNG TY TNHH MỘT THÀNH VIÊN HUY VŨ,Thẻ nhớ 64GB Micro SDXC Exceria UHS-I C10 U1100MB/s Kioxia (Không có Adapter),Cái,1.0000,154546.00,0.00
372,banra,4,CÔNG TY TNHH MỘT THÀNH VIÊN HUY VŨ,"Ổ cứng Seagate Expansion 1TB 2.5""",Cái,1.0000,1318182.00,0.00
372,banra,4,CÔNG TY TNHH MỘT THÀNH VIÊN HUY VŨ,Bàn phím RAPOO V500SE,Cái,1.0000,500000.00,0.00
371,banra,4,CÔNG TY TNHH MỘT THÀNH VIÊN HUY VŨ,"Bộ nhớ ngoài  Sandisk 32G SDCZ50-032G-B35,USB,Cruzer",Cái,5.0000,500000.00,0.00
371,banra,4,CÔNG TY TNHH MỘT THÀNH VIÊN HUY VŨ,Mực  in 308 Number One,Cái,1.0000,381818.00,0.00
370,banra,4,CÔNG TY TNHH MỘT THÀNH VIÊN HUY VŨ,ổ cứng gắn trong 250GB SSD Exceria NVMe BiCS FLASHM.2 PCIe Kioxia,Cái,1.0000,681818.00,0.00
369,banra,4,CÔNG TY TNHH MỘT THÀNH VIÊN HUY VŨ,6R9M6PA: Máy tính xách tay HP 14s-dq5053TU - Intel Core i5-1235U - U15 / 8GB DDR4 2DM 3200/ SSD 512Gb / Intel Iris Xe/ 14 Inch HD/ Win 11 home/ Natural Silver/ 1Y,Cái,1.0000,15445455.00,0.00
369,banra,4,CÔNG TY TNHH MỘT THÀNH VIÊN HUY VŨ,Máy chiếu đa năng ViewSonic PA503W,Cái,3.0000,35972727.00,0.00
369,banra,4,CÔNG TY TNHH MỘT THÀNH VIÊN HUY VŨ,Máy In Canon Laser LBP-2900,Cái,1.0000,3590909.00,0.00
369,banra,4,CÔNG TY TNHH MỘT THÀNH VIÊN HUY VŨ,Gía treo máy chiếu 1.2m,Cái,3.0000,818182.00,0.00
369,banra,4,CÔNG TY TNHH MỘT THÀNH VIÊN HUY VŨ,Màn chiếu treo P84WS,Chiếc,3.0000,3545455.00,0.00
369,banra,4,CÔNG TY TNHH MỘT THÀNH VIÊN HUY VŨ,Cáp dữ liệu VIDEO HDMI 1.4 truyền âm thanh hình ảnh dài 15M Ugreen (10111),Chiếc,3.0000,2454545.00,0.00
368,banra,4,CÔNG TY TNHH MỘT THÀNH VIÊN HUY VŨ,MÁY BỘ ĐÀM  VX6868,Cái,10.0000,14545455.00,0.00
367,banra,4,CÔNG TY TNHH MỘT THÀNH VIÊN HUY VŨ,Ổ đĩa cứng GT Kingston 120GB(SA400S37/120G)km,Cái,2.0000,1181818.00,0.00
367,banra,4,CÔNG TY TNHH MỘT THÀNH VIÊN HUY VŨ,Mực laser đen Premium,Chai,1.0000,81818.00,0.00
366,banra,4,CÔNG TY TNHH MỘT THÀNH VIÊN HUY VŨ,Hộp mực in Izinet 12A,Cái,1.0000,290909.00,0.00
365,banra,4,CÔNG TY TNHH MỘT THÀNH VIÊN HUY VŨ,Máy in phun màu khổ A4 Epson L805,Cái,1.0000,9045455.00,0.00
364,banra,4,CÔNG TY TNHH MỘT THÀNH VIÊN HUY VŨ,"Máy tính xách tay LenovoThinkPad E14 Gen 4, i5-1235U,8GB, 512GB SSD, Intel Iris XeGraphics, 14"" FHD, 3C 45Wh,ax+BT, FP, No OS, Đen (Black),2Y WTY_21E300DPVA",Chiếc,1.0000,15545455.00,0.00
364,banra,4,CÔNG TY TNHH MỘT THÀNH VIÊN HUY VŨ,"Hàng KM_Ba lô LenovoThinkPad 15.6"" BasicBackpack_4X40K09936",Chiếc,1.0000,0.00,0.00
363,banra,4,CÔNG TY TNHH MỘT THÀNH VIÊN HUY VŨ,MÀN HÌNH VI TÍNH (LCD) LENOVO C22-20 21.5INCH/1920 x 1080/75Hz/VGA/HDMI/ĐEN/3Y(62A7KAR1WW),Cái,10.0000,18181818.00,0.00
363,banra,4,CÔNG TY TNHH MỘT THÀNH VIÊN HUY VŨ,MÀN HÌNH LCD 23.8 Inch LENOVO THINKVISION S24e-20 (62AEKAR2WW),Cái,5.0000,11363636.00,0.00
363,banra,4,CÔNG TY TNHH MỘT THÀNH VIÊN HUY VŨ,MÁY TÍNH ĐỂ BÀN (PC) LENOVO ThinkCentre neo 50s Gen 3 i5- 12400(6*2.5)/4GD4/256GSSD/WL/BT/KB/M/NoOS/ĐEN(11T000AXVA),Cái,2.0000,18909091.00,0.00
362,banra,4,CÔNG TY TNHH MỘT THÀNH VIÊN HUY VŨ,Đầu ghi hình DS-7216HGHI-K1,Cái,1.0000,2318182.00,0.00
362,banra,4,CÔNG TY TNHH MỘT THÀNH VIÊN HUY VŨ,Camera quan sát DS-2CE16D0T-LFS,Cái,16.0000,14690909.00,0.00
362,banra,4,CÔNG TY TNHH MỘT THÀNH VIÊN HUY VŨ,Camera quan sát CS-C6N (1080P),Cái,2.0000,1363636.00,0.00
362,banra,4,CÔNG TY TNHH MỘT THÀNH VIÊN HUY VŨ,Thẻ nhớ 32GB Kioxia,Cái,3.0000,272727.00,0.00
362,banra,4,CÔNG TY TNHH MỘT THÀNH VIÊN HUY VŨ,Camera kỹ thuật số có chức năng ghi hiệu EZVIZ mãCS-C3TN (1080P COLOR) 2.8 MM,Cái,1.0000,954545.00,0.00
362,banra,4,CÔNG TY TNHH MỘT THÀNH VIÊN HUY VŨ,"Ổ cứng  GT Western Digital 4TB - 3.5""",Cái,1.0000,2354545.00,0.00
362,banra,4,CÔNG TY TNHH MỘT THÀNH VIÊN HUY VŨ,Camera quan sát CS-H8C (1080P),Cái,2.0000,1390910.00,0.00
362,banra,4,CÔNG TY TNHH MỘT THÀNH VIÊN HUY VŨ,Loa vi tính  Microlab M108/2.1,Bộ,2.0000,690910.00,0.00
362,banra,4,CÔNG TY TNHH MỘT THÀNH VIÊN HUY VŨ,Tai nghe SoundMax AH317,Cái,1.0000,272727.00,0.00
362,banra,4,CÔNG TY TNHH MỘT THÀNH VIÊN HUY VŨ,Camera quan sát kỹ thuật số có chức năng ghi hiệuEZVIZ mã CS-H8C,Cái,2.0000,1718182.00,0.00
362,banra,4,CÔNG TY TNHH MỘT THÀNH VIÊN HUY VŨ,Chuột vi tính Rapoo M20,Cái,8.0000,836364.00,0.00
362,banra,4,CÔNG TY TNHH MỘT THÀNH VIÊN HUY VŨ,"Thiết bị định tuyến thu phát vô tuyến TP-Link,2.4Ghz,TL-MR6400",Cái,1.0000,1063636.00,0.00
361,banra,4,CÔNG TY TNHH MỘT THÀNH VIÊN HUY VŨ,Dây cáp mạng Ensoho EN-U5CA24 UTP Cat5e,Hộp,1.0000,481818.00,0.00
360,banra,4,CÔNG TY TNHH MỘT THÀNH VIÊN HUY VŨ,"Ổ CỨNG Seagate Expansion1TB 2.5""(STEA1000405)",Cái,1.0000,1200000.00,0.00
359,banra,4,CÔNG TY TNHH MỘT THÀNH VIÊN HUY VŨ,MÀN HÌNH LCD 23.8 Inch LENOVO THINKVISION S24e-20 (62AEKAR2WW),Cái,1.0000,2363636.00,0.00
359,banra,4,CÔNG TY TNHH MỘT THÀNH VIÊN HUY VŨ,"Máy tính xách tay MSI GF63 Thin11SC - 664VN (i5-11400H;8GB;512GB SSD; GTX 1650/4GB; 15.6""FHD 144Hz; Win11;Đen)",Cái,1.0000,13727273.00,0.00
359,banra,4,CÔNG TY TNHH MỘT THÀNH VIÊN HUY VŨ,"Thiết bị định tuyến thu phát vô tuyến  TP-Link,2.4Ghz,TL-MR6400",Cái,2.0000,1963636.00,0.00
358,banra,4,CÔNG TY TNHH MỘT THÀNH VIÊN HUY VŨ,Hộp mực  in Ecoplus 12A,Hộp,1.0000,118182.00,0.00
357,banra,4,CÔNG TY TNHH MỘT THÀNH VIÊN HUY VŨ,"Bút trình chiếu hiệu Rapoo mới 100%. WirelessPrensenter BLACK, XR200",Cái,1.0000,590909.00,0.00
356,banra,4,CÔNG TY TNHH MỘT THÀNH VIÊN HUY VŨ,Hộp mực  in Ecoplus 12A,Hộp,1.0000,118182.00,0.00
355,banra,4,CÔNG TY TNHH MỘT THÀNH VIÊN HUY VŨ,MÁY IN Canon Laser LBP-2900,CÁI,3.0000,10745455.00,0.00
355,banra,4,CÔNG TY TNHH MỘT THÀNH VIÊN HUY VŨ,BỘ CHIA CỔNG Cliptec RZH209,CÁI,1.0000,136363.00,0.00
354,banra,4,CÔNG TY TNHH MỘT THÀNH VIÊN HUY VŨ,Máy In Canon Laser LBP-2900,Cái,1.0000,3472727.00,0.00
354,banra,4,CÔNG TY TNHH MỘT THÀNH VIÊN HUY VŨ,"Máy tính xách tay Dell Inspiron 15 3520 Intel Core i5-1235U, 15.6""FHD, 1x8G,256GB SSD PCIe NVMe, 3 Cell-41Whr, Win 11 Microsoft Office Home andStudent 2021, N5I5122W1-Black",Cái,1.0000,14090909.00,0.00
354,banra,4,CÔNG TY TNHH MỘT THÀNH VIÊN HUY VŨ,Chuột máy tính Logitech M221,Cái,2.0000,436364.00,0.00
353,banra,4,CÔNG TY TNHH MỘT THÀNH VIÊN HUY VŨ,Chuột Vi Tính  Rapoo M20,Cái,10.0000,1090909.00,0.00
353,banra,4,CÔNG TY TNHH MỘT THÀNH VIÊN HUY VŨ,Bàn Phím Dell Multimedia KB216,Cái,10.0000,1545455.00,0.00
352,banra,4,CÔNG TY TNHH MỘT THÀNH VIÊN HUY VŨ,"Ổ cứng Seagate Expansion2TB 2.5""(STEA2000400)",Cái,1.0000,1627273.00,0.00
351,banra,4,CÔNG TY TNHH MỘT THÀNH VIÊN HUY VŨ,BỘ NHỚ RAM SILICON 4GB DDR4-2666,Cái,15.0000,3790909.00,0.00
350,banra,4,CÔNG TY TNHH MỘT THÀNH VIÊN HUY VŨ,Máy in laser Brother HL-L2321D,Cái,60.0000,147272727.00,0.00
349,banra,4,CÔNG TY TNHH MỘT THÀNH VIÊN HUY VŨ,BỘ MÁY VI TÍNH,Bộ,1.0000,11536364.00,0.00
349,banra,4,CÔNG TY TNHH MỘT THÀNH VIÊN HUY VŨ,Máy  In Canon Laser LBP-2900,Cái,1.0000,3627272.00,0.00
348,banra,4,CÔNG TY TNHH MỘT THÀNH VIÊN HUY VŨ,Máy bộ đàm GP685,Cái,2.0000,1363636.00,0.00
347,banra,4,CÔNG TY TNHH MỘT THÀNH VIÊN HUY VŨ,Thẻ nhớ 64GB MICRO SDXC Exceria UHS -I C10 U1 KIOXIA,Cái,3.0000,354546.00,0.00
347,banra,4,CÔNG TY TNHH MỘT THÀNH VIÊN HUY VŨ,"Camera quan sát CS-C1C 1080P, H.265 (E0-1E2WF)",Chiếc,2.0000,1309091.00,0.00
347,banra,4,CÔNG TY TNHH MỘT THÀNH VIÊN HUY VŨ,Camera kỹ thuật số có chức năng ghi hiệu EZVIZ mãCS-C3TN (1080P COLOR) 2.8 MM,Chiếc,1.0000,881818.00,0.00
346,banra,4,CÔNG TY TNHH MỘT THÀNH VIÊN HUY VŨ,Bàn phím RAPOO V500SE,Cái,2.0000,1000000.00,0.00
346,banra,4,CÔNG TY TNHH MỘT THÀNH VIÊN HUY VŨ,Chuột máy tính Dell MS116,Cái,2.0000,163636.00,0.00
345,banra,4,CÔNG TY TNHH MỘT THÀNH VIÊN HUY VŨ,Máy In Canon Laser LBP 226DW,Cái,1.0000,6309091.00,0.00
344,banra,4,CÔNG TY TNHH MỘT THÀNH VIÊN HUY VŨ,Bộ máy vi tính,Bộ,1.0000,8545454.00,0.00
344,banra,4,CÔNG TY TNHH MỘT THÀNH VIÊN HUY VŨ,MÀN HÌNH LCD 23.8 Inch LENOVO THINKVISION S24e-20 (62AEKAR2WW),Cái,1.0000,2718182.00,0.00
344,banra,4,CÔNG TY TNHH MỘT THÀNH VIÊN HUY VŨ,Máy  In Canon Laser LBP-2900,Cái,1.0000,3500000.00,0.00
344,banra,4,CÔNG TY TNHH MỘT THÀNH VIÊN HUY VŨ,Thiết bị ghi hình webcam RAPOO,Cái,1.0000,318182.00,0.00
344,banra,4,CÔNG TY TNHH MỘT THÀNH VIÊN HUY VŨ,Máy chấm công bằng dấu vân tay  DG600BID,Cái,1.0000,2990909.00,0.00
343,banra,4,CÔNG TY TNHH MỘT THÀNH VIÊN HUY VŨ,Máy in Canon Laser LBP-2900,Cái,1.0000,3627273.00,0.00
342,banra,4,CÔNG TY TNHH MỘT THÀNH VIÊN HUY VŨ,6R9M6PA: Máy tính xách tay HP 14s-dq5053TU - Intel Core i5-1235U - U15 / 8GB DDR4 2DM 3200/ SSD 512Gb / Intel Iris Xe/ 14 Inch HD/ Win 11 home/ Natural Silver/ 1Y,Cái,1.0000,13963636.00,0.00
342,banra,4,CÔNG TY TNHH MỘT THÀNH VIÊN HUY VŨ,Chuột vi tính Rapoo M20,Cái,1.0000,118182.00,0.00
341,banra,4,CÔNG TY TNHH MỘT THÀNH VIÊN HUY VŨ,CPU MÁY TÍNH,Cái,1.0000,12881818.00,0.00
566,banra,5,CÔNG TY TNHH MỘT THÀNH VIÊN HUY VŨ,ổ cứng gắn trong 480GB SSD Exceria BiCS FLASH 2.5''SATA3 Kioxia,Cái,2.0000,1490909.00,0.00
566,banra,5,CÔNG TY TNHH MỘT THÀNH VIÊN HUY VŨ,Bộ nhớ trong của máy vi tính KINGSTON 8G D4 - 2666U19 1RX8 UDIMM (KVR26N19S8/8),Cái,3.0000,1281819.00,0.00
566,banra,5,CÔNG TY TNHH MỘT THÀNH VIÊN HUY VŨ,Hộp mực  in Izinet 12A/303/FX9,Hộp,4.0000,654545.00,0.00
566,banra,5,CÔNG TY TNHH MỘT THÀNH VIÊN HUY VŨ,Bảng mạch chính Asus Prime H510MF,Cái,1.0000,1390909.00,0.00
566,banra,5,CÔNG TY TNHH MỘT THÀNH VIÊN HUY VŨ,Chuột vi tính Rapoo M20,Cái,2.0000,236364.00,0.00
565,banra,5,CÔNG TY TNHH MỘT THÀNH VIÊN HUY VŨ,ổ cứng di động 16GB U202 USB 2.0 Kioxia,Cái,6.0000,545455.00,0.00
564,banra,5,CÔNG TY TNHH MỘT THÀNH VIÊN HUY VŨ,Chuột máy tính Logitech M557,Cái,2.0000,1072728.00,0.00
563,banra,5,CÔNG TY TNHH MỘT THÀNH VIÊN HUY VŨ,Card đồ họa ASUS DUAL-RTX3060-8G_90YV0GB6-M0NA00,Chiếc,1.0000,7681818.00,0.00
563,banra,5,CÔNG TY TNHH MỘT THÀNH VIÊN HUY VŨ,Bàn phím Keyboard Rapoo NK2500,Cái,3.0000,300000.00,0.00
563,banra,5,CÔNG TY TNHH MỘT THÀNH VIÊN HUY VŨ,Loa SoundMax A828/2.1,Bộ,1.0000,470000.00,0.00
562,banra,5,CÔNG TY TNHH MỘT THÀNH VIÊN HUY VŨ,Bộ lưu điện  Santak - TG500,Cái,1.0000,1090909.00,0.00
561,banra,5,CÔNG TY TNHH MỘT THÀNH VIÊN HUY VŨ,Bảng mạch chính của máy vi tính hiệu ASUS PRIMEH610M - K D4,Cái,1.0000,1590909.00,0.00
560,banra,5,CÔNG TY TNHH MỘT THÀNH VIÊN HUY VŨ,"Bộ định tuyến có chức năng thuphát vô tuyến TP-LINK, 2,4GHz/ W-CDMA FDD/GSM_TL-MR6400",Chiếc,1.0000,1136364.00,0.00
559,banra,5,CÔNG TY TNHH MỘT THÀNH VIÊN HUY VŨ,4K0Z7PA: Máy tính xách tay HP 14s- fq1080AU -AMD Ryzen3 5300U / 4GB DDR4-3200/ SSD 256GB /RadeonVegaGraphics/ 14” HD/ Windows 11 Home/ NaturalSilver,Cái,2.0000,14363636.00,0.00
559,banra,5,CÔNG TY TNHH MỘT THÀNH VIÊN HUY VŨ,ổ cứng di động 16GB U202 USB 2.0 Kioxia,Cái,10.0000,681818.00,0.00
559,banra,5,CÔNG TY TNHH MỘT THÀNH VIÊN HUY VŨ,Chuột vi tính có dây  Rapoo N100,Cái,20.0000,1000000.00,0.00
559,banra,5,CÔNG TY TNHH MỘT THÀNH VIÊN HUY VŨ,"Thiết bị thu phát vô tuyến TP-Link,TL-WN725N",Cái,4.0000,363636.00,0.00
558,banra,5,CÔNG TY TNHH MỘT THÀNH VIÊN HUY VŨ,4K0Z7PA: Máy tính xách tay HP 14s- fq1080AU - AMD Ryzen3 5300U / 4GB DDR4-3200/ SSD 256GB / RadeonVegaGraphics/ 14” HD/ Windows 11 Home/ Natural Silver,Cái,5.0000,31818182.00,0.00
558,banra,5,CÔNG TY TNHH MỘT THÀNH VIÊN HUY VŨ,"Máy tính xách tay Lenovo S14 G3 IAP - I5-1235U (1.3G) - 8GB- 512GB SSD - WF+BL, Fingerprint - 14"" FHD - Dos - 1Yr; P/n82TW0029VN",Chiếc,1.0000,13454545.00,0.00
558,banra,5,CÔNG TY TNHH MỘT THÀNH VIÊN HUY VŨ,"Máy tính xách tay ThinkBook 14 G4 IAP i5-1240P/8Gb/512Gb/UHD/Fingerprint/Off Trial/Win11 H64SL/MINERAL_GREY/14""FHD, P/N: 21DH00B5VN",Chiếc,1.0000,13636364.00,0.00
558,banra,5,CÔNG TY TNHH MỘT THÀNH VIÊN HUY VŨ,MÁY TÍNH XÁCH TAY (NB) HP Pavilion 15- eg2056TU i5-1240P/8GD4/512GSSD/15.6FHD/Wlax/BT5/3C41WHr/ALUp/W11SL/VÀNG(6K786PA),Cái,2.0000,27636364.00,0.00
558,banra,5,CÔNG TY TNHH MỘT THÀNH VIÊN HUY VŨ,"Máy tính tách tay Asus model B3402FEA-EC0714T 14.0"" Full HD/Touchscreen/INTEL I3-1115G4/ 8GB DDR4/256GB M.2 SSD /Fingerprint/NumberPad/Win 10 home/TPM2.0/WIFI6+BT/50WH/BAG/STYLUS/WIRELESS MOUSE/ 2 YW OSS",Bộ,3.0000,24545455.00,0.00
558,banra,5,CÔNG TY TNHH MỘT THÀNH VIÊN HUY VŨ,MÁY TÍNH XÁCH TAY (NB) HP Pavilion x360 14-dy0077TU i5-1135G7/8GD4/512GSSD/14.0FHDT/PEN/WL/BT/3C/W11SL/XANH(46L95PA),Cái,1.0000,13909091.00,0.00
558,banra,5,CÔNG TY TNHH MỘT THÀNH VIÊN HUY VŨ,MÁY TÍNH XÁCH TAY (NB) HP Pavilion 15- eg0513TUi3-1125G4/4GD4/256GSSD/15.6FHD/Wlac/BT5/3C41WHr/ALUp/VÀNG/W11SL(46M12PA),Cái,2.0000,16909091.00,0.00
558,banra,5,CÔNG TY TNHH MỘT THÀNH VIÊN HUY VŨ,"Thiết bị thu phát vô tuyến TP-Link, TL-WN725N",Cái,20.0000,1945454.00,0.00
558,banra,5,CÔNG TY TNHH MỘT THÀNH VIÊN HUY VŨ,"Thiết bị chuyển mạch TP-Link, TL-SF1005D",Cái,20.0000,2218182.00,0.00
558,banra,5,CÔNG TY TNHH MỘT THÀNH VIÊN HUY VŨ,"Thiết bị chuyển mạch TP-Link, TL-SF1008D",Cái,20.0000,2800000.00,0.00
558,banra,5,CÔNG TY TNHH MỘT THÀNH VIÊN HUY VŨ,MÁY TÍNH XÁCH TAY (NB) HP Pavilion 15-eg2058TUi5-1240P/8GD4/256GSSD/15.6FHD/Wlax/BT5/3C41WHr/ALUp/W11SL/VÀNG(6K788PA),Cái,1.0000,12818182.00,0.00
558,banra,5,CÔNG TY TNHH MỘT THÀNH VIÊN HUY VŨ,MÁY TÍNH XÁCH TAY (NB) HP Pavilion 15-eg2062TUi3-1215U/8GD4/256GSSD/15.6FHD/Wlax/BT5/3C41WHr/ALUp/W11SL/VÀNG(6K790PA),Cái,1.0000,10454545.00,0.00
558,banra,5,CÔNG TY TNHH MỘT THÀNH VIÊN HUY VŨ,Camera quan sát CS-C6N (1080P),Cái,40.0000,15636364.00,0.00
558,banra,5,CÔNG TY TNHH MỘT THÀNH VIÊN HUY VŨ,ổ cứng di động 32GB U301 USB 3.2 Gen 1 Kioxia - Trắng,Cái,20.0000,1454545.00,0.00
558,banra,5,CÔNG TY TNHH MỘT THÀNH VIÊN HUY VŨ,Thẻ nhớ 32GB Micro SDHC Exceria UHS-I C10 U1100MB/s Kioxia (Không có Adapter),Cái,50.0000,3409091.00,0.00
558,banra,5,CÔNG TY TNHH MỘT THÀNH VIÊN HUY VŨ,Thẻ nhớ 64GB Micro SDXC Exceria UHS-I C10 U1100MB/s Kioxia (Không có Adapter),Cái,100.0000,10000000.00,0.00
557,banra,5,CÔNG TY TNHH MỘT THÀNH VIÊN HUY VŨ,Bộ máy vi tính,Bộ,1.0000,10663636.00,0.00
557,banra,5,CÔNG TY TNHH MỘT THÀNH VIÊN HUY VŨ,Màn hình máy tính Dell 22 Monitor - E2223HN powercord/Advanced Exchange Service,Chiếc,1.0000,2954546.00,0.00
556,banra,5,CÔNG TY TNHH MỘT THÀNH VIÊN HUY VŨ,Mực Laser đen Brother 2240,Chai,6.0000,409091.00,0.00
555,banra,5,CÔNG TY TNHH MỘT THÀNH VIÊN HUY VŨ,Mực Laser đen Premium,Chai,10.0000,318182.00,0.00
554,banra,5,CÔNG TY TNHH MỘT THÀNH VIÊN HUY VŨ,Máy in Brother DCP-B7535DW,Cái,1.0000,5136364.00,0.00
554,banra,5,CÔNG TY TNHH MỘT THÀNH VIÊN HUY VŨ,Điện thoại có dây Panasonic KXTSC11,Cái,1.0000,590909.00,0.00
553,banra,5,CÔNG TY TNHH MỘT THÀNH VIÊN HUY VŨ,Loa SoundMax A828/2.1,Bộ,1.0000,527273.00,0.00
553,banra,5,CÔNG TY TNHH MỘT THÀNH VIÊN HUY VŨ,Màn hình LCD VIEWSONIC VX2718-PC - MHD/27'' LCD MONITOR,Bộ,1.0000,4000000.00,0.00
553,banra,5,CÔNG TY TNHH MỘT THÀNH VIÊN HUY VŨ,Cáp dữ liệu VIDEO HDMI 1.4 truyền âm thanh hình ảnh dài3M Ugreen,Chiếc,1.0000,263636.00,0.00
552,banra,5,CÔNG TY TNHH MỘT THÀNH VIÊN HUY VŨ,Chuột máy tính Logitech M185,Cái,1.0000,227273.00,0.00
552,banra,5,CÔNG TY TNHH MỘT THÀNH VIÊN HUY VŨ,ổ cứng di động 32GB U301 USB 3.2 Gen 1 Kioxia,Cái,1.0000,145454.00,0.00
551,banra,5,CÔNG TY TNHH MỘT THÀNH VIÊN HUY VŨ,Hộp mực  in Izinet 12A,Hộp,1.0000,336364.00,0.00
551,banra,5,CÔNG TY TNHH MỘT THÀNH VIÊN HUY VŨ,Rum 12A,Cái,1.0000,36363.00,0.00
550,banra,5,CÔNG TY TNHH MỘT THÀNH VIÊN HUY VŨ,Cụm Drum 32A Number One,Cái,1.0000,454545.00,0.00
550,banra,5,CÔNG TY TNHH MỘT THÀNH VIÊN HUY VŨ,Mực in 051 Number One,Hộp,1.0000,500000.00,0.00
549,banra,5,CÔNG TY TNHH MỘT THÀNH VIÊN HUY VŨ,"Thiết bị chuyển mạch  TP-Link, TL- SG1016D",Cái,1.0000,1172727.00,0.00
548,banra,5,CÔNG TY TNHH MỘT THÀNH VIÊN HUY VŨ,Máy In Canon Laser LBP 226DW,Cái,1.0000,5500000.00,0.00
547,banra,5,CÔNG TY TNHH MỘT THÀNH VIÊN HUY VŨ,MÁY TÍNH XÁCH TAY (NB) HP Pavilion 15- eg2056TUi5-1240P/8GD4/512GSSD/15.6FHD/Wlax/BT5/3C41WHr/ALUp/W11SL/VÀNG(6K786PA),CÁI,1.0000,15318182.00,0.00
547,banra,5,CÔNG TY TNHH MỘT THÀNH VIÊN HUY VŨ,Chuột vi tính Rapoo M20,CÁI,1.0000,127273.00,0.00
546,banra,5,CÔNG TY TNHH MỘT THÀNH VIÊN HUY VŨ,Máy In Canon Laser LBP-2900,Cái,1.0000,3627273.00,0.00
545,banra,5,CÔNG TY TNHH MỘT THÀNH VIÊN HUY VŨ,ổ cứng gắn trong 240GB SSD Exceria BiCS FLASH 2.5''SATA3 Kioxia,Cái,1.0000,818182.00,0.00
545,banra,5,CÔNG TY TNHH MỘT THÀNH VIÊN HUY VŨ,Chuột máy tính Logitech M185,Cái,1.0000,181818.00,0.00
544,banra,5,CÔNG TY TNHH MỘT THÀNH VIÊN HUY VŨ,Bộ máy vi tính,Bộ,1.0000,8409091.00,0.00
544,banra,5,CÔNG TY TNHH MỘT THÀNH VIÊN HUY VŨ,"Màn hình  Viewsonic VA2215-H / 21.5""",Cái,1.0000,2990909.00,0.00
544,banra,5,CÔNG TY TNHH MỘT THÀNH VIÊN HUY VŨ,Bộ nhớ trong  Kingston 4GD4 2666,Cái,1.0000,363636.00,0.00
544,banra,5,CÔNG TY TNHH MỘT THÀNH VIÊN HUY VŨ,Máy in Brother HL-L2321D,Cái,1.0000,2681818.00,0.00
544,banra,5,CÔNG TY TNHH MỘT THÀNH VIÊN HUY VŨ,"Thiết bị thu phát vô tuyến 2.4GHz TP-Link,TL-WA860RE",Cái,1.0000,318182.00,0.00
544,banra,5,CÔNG TY TNHH MỘT THÀNH VIÊN HUY VŨ,"Card PCIe Adapter TP-Link,TL-WN881ND",Cái,1.0000,254546.00,0.00
544,banra,5,CÔNG TY TNHH MỘT THÀNH VIÊN HUY VŨ,Loa SoundMax A130/2.0,Bộ,1.0000,127273.00,0.00
543,banra,5,CÔNG TY TNHH MỘT THÀNH VIÊN HUY VŨ,ổ cứng gắn trong 240GB SSD Exceria BiCS FLASH 2.5''SATA3 Kioxia,Cái,3.0000,2590909.00,0.00
542,banra,5,CÔNG TY TNHH MỘT THÀNH VIÊN HUY VŨ,Mực laser đen premium,Hộp,2.0000,90909.00,0.00
541,banra,5,CÔNG TY TNHH MỘT THÀNH VIÊN HUY VŨ,"Màn hình vi tính Dell LCD-U2422H-23.8""WHD",Cái,1.0000,5900000.00,0.00
540,banra,5,CÔNG TY TNHH MỘT THÀNH VIÊN HUY VŨ,Máy in đa năng Brother DCP-T226,Cái,1.0000,3445454.00,0.00
540,banra,5,CÔNG TY TNHH MỘT THÀNH VIÊN HUY VŨ,Chíp xử lý Intel i5 - 10400,Cái,2.0000,5645454.00,0.00
540,banra,5,CÔNG TY TNHH MỘT THÀNH VIÊN HUY VŨ,ổ cứng gắn trong 240GB SSD Exceria BiCS FLASH 2.5''SATA3 Kioxia,Cái,4.0000,2181818.00,0.00
540,banra,5,CÔNG TY TNHH MỘT THÀNH VIÊN HUY VŨ,Nguồn Jetek Model Y600T,Cái,3.0000,736365.00,0.00
540,banra,5,CÔNG TY TNHH MỘT THÀNH VIÊN HUY VŨ,CARD VGA của máy vi tính hiệu ASUS GT730 - SL -2GD5 - BRK,Cái,2.0000,2345454.00,0.00
540,banra,5,CÔNG TY TNHH MỘT THÀNH VIÊN HUY VŨ,Bộ nhớ trong của máy vi tính KINGSTON 16G D4 -3200S22 1Rx8 SODIMM ( KVR32S22S8/16 ),Cái,2.0000,1945454.00,0.00
540,banra,5,CÔNG TY TNHH MỘT THÀNH VIÊN HUY VŨ,Bàn phím  Dell Multimedia KB216,Cái,4.0000,545455.00,0.00
540,banra,5,CÔNG TY TNHH MỘT THÀNH VIÊN HUY VŨ,Vỏ thùng máy tính JETEK EN22,Cái,3.0000,545455.00,0.00
539,banra,5,CÔNG TY TNHH MỘT THÀNH VIÊN HUY VŨ,Cáp dữ liệu VIDEO HDMI 1.4 truyền âm thanh hình ảnh dài30M có chipset Ugreen (10114),Chiếc,1.0000,1345455.00,0.00
539,banra,5,CÔNG TY TNHH MỘT THÀNH VIÊN HUY VŨ,"Thiết bị chuyển mạch TP-Link,TL-SG1008D",Cái,1.0000,418182.00,0.00
539,banra,5,CÔNG TY TNHH MỘT THÀNH VIÊN HUY VŨ,Cạc màn hình Asus GT710 - SL - 2GD3- BRK-EVO,Cái,1.0000,1081818.00,0.00
538,banra,5,CÔNG TY TNHH MỘT THÀNH VIÊN HUY VŨ,Dây chuyển đổi có chipset USB sang cổng COM RS­232 dài1.5M Ugreen (20211),CHIẾC,1.0000,318182.00,0.00
538,banra,5,CÔNG TY TNHH MỘT THÀNH VIÊN HUY VŨ,Chuột Logitech PEBBLE M350,Cái,1.0000,436363.00,0.00
537,banra,5,CÔNG TY TNHH MỘT THÀNH VIÊN HUY VŨ,"Thiết bị đầu cuối W-CDMA FDD/E-UTRA FDD, 2.4GHz, TP-Link,M7000",Cái,1.0000,727273.00,0.00
537,banra,5,CÔNG TY TNHH MỘT THÀNH VIÊN HUY VŨ,"Thiết bị định tuyến TP-Link, 2.4GHz/5GHz, Archer C20",Cái,2.0000,745454.00,0.00
537,banra,5,CÔNG TY TNHH MỘT THÀNH VIÊN HUY VŨ,ổ cứng di động 32GB U301 USB 3.2 Gen 1 Kioxia - Trắng,Cái,5.0000,345455.00,0.00
536,banra,5,CÔNG TY TNHH MỘT THÀNH VIÊN HUY VŨ,"Ổ cứng máy tính chủ 300Gb 10K SAS 2.5""6Gbps",Chiếc,3.0000,13363636.00,0.00
535,banra,5,CÔNG TY TNHH MỘT THÀNH VIÊN HUY VŨ,MÁY VI TÍNH ĐỂ BÀN (PC) LENOVO ThinkCentre neo 50t Gen 3 i3- 12100(4*3.3)/4GD4/256GSSD/WL/BT/KB/M/nOS/ĐEN( 11SC001LVA),Cái,5.0000,35136364.00,0.00
534,banra,5,CÔNG TY TNHH MỘT THÀNH VIÊN HUY VŨ,Máy  In Canon Laser LBP-2900,Cái,1.0000,3627273.00,0.00
533,banra,5,CÔNG TY TNHH MỘT THÀNH VIÊN HUY VŨ,ổ đĩa cứng hiệu KINGSTON 1000GNV2 M.2 2280 NVME SSD ( SNV2S/1000G ),Cái,1.0000,1818182.00,0.00
532,banra,5,CÔNG TY TNHH MỘT THÀNH VIÊN HUY VŨ,"Máy tính xách tay HP PAVILION 15-eg2064TX i5 1235U/8GB/256GB/2GB_MX550/15.6"" FHD/W11SL/(7C0W8PA)",Cái,1.0000,16872727.00,0.00
532,banra,5,CÔNG TY TNHH MỘT THÀNH VIÊN HUY VŨ,Chuột máy tính Rapoo M20,Cái,1.0000,118182.00,0.00
531,banra,5,CÔNG TY TNHH MỘT THÀNH VIÊN HUY VŨ,Mực in  Brother BT5000M,Chai,1.0000,136364.00,0.00
530,banra,5,CÔNG TY TNHH MỘT THÀNH VIÊN HUY VŨ,Điện thoại có dây Panasonic KXTS500,Cái,2.0000,545454.00,0.00
530,banra,5,CÔNG TY TNHH MỘT THÀNH VIÊN HUY VŨ,Chuột vi tính Rapoo M20,Cái,1.0000,109091.00,0.00
529,banra,5,CÔNG TY TNHH MỘT THÀNH VIÊN HUY VŨ,Phần mềm Kaspersky KL1867MUAFS,Cái,1.0000,300000.00,0.00
528,banra,5,CÔNG TY TNHH MỘT THÀNH VIÊN HUY VŨ,"Thiết bị thu phát vô tuyến, TPLINK, 2,4GHz/5GHz_ArcherAX73",Chiếc,1.0000,2000000.00,0.00
528,banra,5,CÔNG TY TNHH MỘT THÀNH VIÊN HUY VŨ,"Thiết bị chuyển mạch TP-Link, TL-SG108",Cái,4.0000,2000000.00,0.00
528,banra,5,CÔNG TY TNHH MỘT THÀNH VIÊN HUY VŨ,Bàn phím Dell Multimedia KB216,Cái,1.0000,172727.00,0.00
528,banra,5,CÔNG TY TNHH MỘT THÀNH VIÊN HUY VŨ,"Thiết bị thu phát vô tuyến  TP-Link 2.4Ghz,Archer T2U","",1.0000,227273.00,0.00
528,banra,5,CÔNG TY TNHH MỘT THÀNH VIÊN HUY VŨ,Dây cáp mạng  Ensoho EN-F6CA24 FTP cat6,Hộp,2.0000,2181818.00,0.00
528,banra,5,CÔNG TY TNHH MỘT THÀNH VIÊN HUY VŨ,"Bộ định tuyến có chức năng thuphát vô tuyến TP-LINK, 2,4GHz/ W-CDMA FDD/GSM_TL-MR6400",Chiếc,3.0000,2918182.00,0.00
528,banra,5,CÔNG TY TNHH MỘT THÀNH VIÊN HUY VŨ,"Thiết bị chuyển mạch TP-Link, TL - SG1016",Cái,1.0000,1100000.00,0.00
528,banra,5,CÔNG TY TNHH MỘT THÀNH VIÊN HUY VŨ,"Thiết bị định tuyến TP-Link 300M,2.4GHz, TL-WR841HP",Cái,2.0000,1218182.00,0.00
527,banra,5,CÔNG TY TNHH MỘT THÀNH VIÊN HUY VŨ,Điện thoại có dây Panasonic KXTS500,Cái,1.0000,272727.00,0.00
526,banra,5,CÔNG TY TNHH MỘT THÀNH VIÊN HUY VŨ,Camera quan sát kỹ thuật số có chức năng ghi hiệuEZVIZ mã CS-H8C - hỗ trợ thẻ nhớ trong,Chiếc,1.0000,1018182.00,0.00
526,banra,5,CÔNG TY TNHH MỘT THÀNH VIÊN HUY VŨ,Thẻ nhớ 64GB Micro SDXC Exceria UHS-I C10 U1100MB/s Kioxia (Không có Adapter),Cái,1.0000,118182.00,0.00
525,banra,5,CÔNG TY TNHH MỘT THÀNH VIÊN HUY VŨ,Mực Laser TN-2385 Brother,Hộp,2.0000,709091.00,0.00
524,banra,5,CÔNG TY TNHH MỘT THÀNH VIÊN HUY VŨ,"Ổ cứng máy tính SSD Western WDS240G2G0A,240GB",Cái,1.0000,445455.00,0.00
523,banra,5,CÔNG TY TNHH MỘT THÀNH VIÊN HUY VŨ,BỘ MÁY VI TÍNH ( KHÔNG MÀN HÌNH ),Bộ,1.0000,7290909.00,0.00
523,banra,5,CÔNG TY TNHH MỘT THÀNH VIÊN HUY VŨ,Máy quét mã vạch Zebra DS9308-SR,Cái,1.0000,3963636.00,0.00
523,banra,5,CÔNG TY TNHH MỘT THÀNH VIÊN HUY VŨ,MÁY IN CANON LASER LBP 226DW,Cái,1.0000,6818182.00,0.00
522,banra,5,CÔNG TY TNHH MỘT THÀNH VIÊN HUY VŨ,Máy tính bàn LENOVO THINKCENTRE M70S GEN 3 i5-12400 /11TC000TVA,Bộ,2.0000,23618182.00,0.00
522,banra,5,CÔNG TY TNHH MỘT THÀNH VIÊN HUY VŨ,"Màn hình máy tính Lenovo H20215FE0 - ""E22-2821.5 inch Monitor -P/N: 62B9MAR4WW",Cái,2.0000,4545454.00,0.00
521,banra,5,CÔNG TY TNHH MỘT THÀNH VIÊN HUY VŨ,Máy In Canon Laser LBP-2900,Cái,1.0000,3627273.00,0.00
521,banra,5,CÔNG TY TNHH MỘT THÀNH VIÊN HUY VŨ,Hộp mực  in Izinet 12A,Hộp,2.0000,590909.00,0.00
520,banra,5,CÔNG TY TNHH MỘT THÀNH VIÊN HUY VŨ,Hộp mực  in Ecoplus 12A,Hộp,2.0000,254546.00,0.00
520,banra,5,CÔNG TY TNHH MỘT THÀNH VIÊN HUY VŨ,Mực nạp NB35a,Chai,1.0000,45454.00,0.00
519,banra,5,CÔNG TY TNHH MỘT THÀNH VIÊN HUY VŨ,Máy in Canon Laser LBP-2900,Cái,2.0000,7181818.00,0.00
519,banra,5,CÔNG TY TNHH MỘT THÀNH VIÊN HUY VŨ,Máy quét HP Scanjet Pro 2600F1 (20G05A),Cái,1.0000,7181818.00,0.00
519,banra,5,CÔNG TY TNHH MỘT THÀNH VIÊN HUY VŨ,BỘ MÁY VI TÍNH CORE I5-10400,Bộ,1.0000,8972727.00,0.00
518,banra,5,CÔNG TY TNHH MỘT THÀNH VIÊN HUY VŨ,Máy in  Canon Laser LBP-2900,Cái,1.0000,3627273.00,0.00
518,banra,5,CÔNG TY TNHH MỘT THÀNH VIÊN HUY VŨ,"Bộ chuột,bàn phím Rapoo 1800s",Bộ,3.0000,818182.00,0.00
518,banra,5,CÔNG TY TNHH MỘT THÀNH VIÊN HUY VŨ,Ổ cứng di động USB 16GB U202 Kioxia,Cái,1.0000,90909.00,0.00
517,banra,5,CÔNG TY TNHH MỘT THÀNH VIÊN HUY VŨ,Máy  In Canon Laser LBP-2900,Cái,1.0000,3500000.00,0.00
516,banra,5,CÔNG TY TNHH MỘT THÀNH VIÊN HUY VŨ,MỰC T3008,HỘP,1.0000,1136364.00,0.00
515,banra,5,CÔNG TY TNHH MỘT THÀNH VIÊN HUY VŨ,Màn chiếu chân P84TS,Cái,1.0000,1318182.00,0.00
514,banra,5,CÔNG TY TNHH MỘT THÀNH VIÊN HUY VŨ,Hộp mực in Izinet 12A,Hộp,1.0000,336364.00,0.00
513,banra,5,CÔNG TY TNHH MỘT THÀNH VIÊN HUY VŨ,Mực Laser TN-2385 Brother,Hộp,3.0000,1309091.00,0.00
512,banra,5,CÔNG TY TNHH MỘT THÀNH VIÊN HUY VŨ,Bảng mạch chính Asus Prime H510MF,Cái,2.0000,2727273.00,0.00
512,banra,5,CÔNG TY TNHH MỘT THÀNH VIÊN HUY VŨ,ổ cứng gắn trong 480GB SSD Exceria BiCS FLASH 2.5''SATA3 Kioxia,Cái,4.0000,3127273.00,0.00
512,banra,5,CÔNG TY TNHH MỘT THÀNH VIÊN HUY VŨ,Vỏ thùng máy tính JETEK Squid Game X1,Cái,1.0000,600000.00,0.00
512,banra,5,CÔNG TY TNHH MỘT THÀNH VIÊN HUY VŨ,Bộ vi xử lý  Intel Core i3-10105,Cái,1.0000,2263636.00,0.00
512,banra,5,CÔNG TY TNHH MỘT THÀNH VIÊN HUY VŨ,Nguồn Jetek Model Y600T,Cái,2.0000,454545.00,0.00
511,banra,5,CÔNG TY TNHH MỘT THÀNH VIÊN HUY VŨ,Bộ máy vi tính,Bộ,1.0000,6818182.00,0.00
511,banra,5,CÔNG TY TNHH MỘT THÀNH VIÊN HUY VŨ,Máy In Canon Laser LBP 226DW,Cái,1.0000,5500000.00,0.00
511,banra,5,CÔNG TY TNHH MỘT THÀNH VIÊN HUY VŨ,Máy in mã vạch Godex G500,Cái,1.0000,3445454.00,0.00
510,banra,5,CÔNG TY TNHH MỘT THÀNH VIÊN HUY VŨ,MÁY IN HP LASER JET PRO M404DN (W1A53A),Cái,2.0000,14772728.00,0.00
510,banra,5,CÔNG TY TNHH MỘT THÀNH VIÊN HUY VŨ,Khung HDMI âm tường màu trắng chất liệu nhựa ugreen (20316),Cái,6.0000,872727.00,0.00
510,banra,5,CÔNG TY TNHH MỘT THÀNH VIÊN HUY VŨ,"Đầu nối HDMI âm tường bằng nhựa bẻ góc 90 độ, màu đen Ugreen ( 20318)",Cái,6.0000,1581818.00,0.00
510,banra,5,CÔNG TY TNHH MỘT THÀNH VIÊN HUY VŨ,Cáp dữ liệu VIDEO HDMI 1.4 truyền âm thanh hình ảnh dài 5M Ugreen ( 10109),Sợi,4.0000,2109091.00,0.00
509,banra,5,CÔNG TY TNHH MỘT THÀNH VIÊN HUY VŨ,Chuột máy tính Logitech G102,Cái,1.0000,381818.00,0.00
509,banra,5,CÔNG TY TNHH MỘT THÀNH VIÊN HUY VŨ,Bàn phím Logitech G213,Cái,1.0000,763636.00,0.00
508,banra,5,CÔNG TY TNHH MỘT THÀNH VIÊN HUY VŨ,Phần mềm Kaspersky KL1941MCCFS,Cái,1.0000,500000.00,0.00
507,banra,5,CÔNG TY TNHH MỘT THÀNH VIÊN HUY VŨ,BỘ MÁY VI TÍNH,Bộ,1.0000,8363636.00,0.00
506,banra,5,CÔNG TY TNHH MỘT THÀNH VIÊN HUY VŨ,Máy in Canon Laser LBP-2900,Cái,1.0000,3627273.00,0.00
505,banra,5,CÔNG TY TNHH MỘT THÀNH VIÊN HUY VŨ,TRỐNG TỪ BROTHER DR-B022,Cái,1.0000,681818.00,0.00
504,banra,5,CÔNG TY TNHH MỘT THÀNH VIÊN HUY VŨ,Bộ máy vi tính,Bộ,1.0000,9800000.00,0.00
504,banra,5,CÔNG TY TNHH MỘT THÀNH VIÊN HUY VŨ,"Camera kỹ thuật số có chức năng ghi EZVIZ CSC6N(4MP,W1)",Cái,3.0000,2509091.00,0.00
504,banra,5,CÔNG TY TNHH MỘT THÀNH VIÊN HUY VŨ,Thẻ nhớ 64GB Micro SDXC Exceria UHS-I C10 U1100MB/s Kioxia (Không có Adapter,Cái,3.0000,354545.00,0.00
503,banra,5,CÔNG TY TNHH MỘT THÀNH VIÊN HUY VŨ,ổ cứng gắn trong 480GB SSD Exceria BiCS FLASH2.5''SATA3 Kioxia,Cái,1.0000,772727.00,0.00
502,banra,5,CÔNG TY TNHH MỘT THÀNH VIÊN HUY VŨ,Máy Quét Canon Lide 400,Cái,1.0000,2545455.00,0.00
501,banra,5,CÔNG TY TNHH MỘT THÀNH VIÊN HUY VŨ,CPU MÁY TÍNH,Bộ,1.0000,6172727.00,0.00
500,banra,5,CÔNG TY TNHH MỘT THÀNH VIÊN HUY VŨ,Màn chiếu chân P70TS,Chiếc,1.0000,772727.00,0.00
499,banra,5,CÔNG TY TNHH MỘT THÀNH VIÊN HUY VŨ,Cụm Drum 051 Number one,Cái,1.0000,500000.00,0.00
498,banra,5,CÔNG TY TNHH MỘT THÀNH VIÊN HUY VŨ,Mực  in 308 Number One,Hộp,2.0000,763636.00,0.00
497,banra,5,CÔNG TY TNHH MỘT THÀNH VIÊN HUY VŨ,Ổ đĩa cứng GT Kingston 480GB A400,Cái,1.0000,818182.00,0.00
497,banra,5,CÔNG TY TNHH MỘT THÀNH VIÊN HUY VŨ,Bộ nhớ trong Kingston 8GD4-2666U19,Cái,1.0000,545454.00,0.00
496,banra,5,CÔNG TY TNHH MỘT THÀNH VIÊN HUY VŨ,Bộ máy vi tính,Bộ,1.0000,7272727.00,0.00
496,banra,5,CÔNG TY TNHH MỘT THÀNH VIÊN HUY VŨ,ổ cứng di động 32GB U301 USB 3.2 Gen 1 Kioxia - Trắng,Cái,1.0000,90909.00,0.00
495,banra,5,CÔNG TY TNHH MỘT THÀNH VIÊN HUY VŨ,Máy in Brother DCP-B7535DW,Cái,2.0000,9981818.00,0.00
494,banra,5,CÔNG TY TNHH MỘT THÀNH VIÊN HUY VŨ,Nguồn Jetek Model Y600T,Cái,5.0000,1250000.00,0.00
494,banra,5,CÔNG TY TNHH MỘT THÀNH VIÊN HUY VŨ,Bộ chia cổng Cliptec RZH209,Cái,5.0000,381818.00,0.00
494,banra,5,CÔNG TY TNHH MỘT THÀNH VIÊN HUY VŨ,"Ổ cứng máy tính SSD Western WDS240G2G0A,240GB",Cái,5.0000,1727273.00,0.00
494,banra,5,CÔNG TY TNHH MỘT THÀNH VIÊN HUY VŨ,Thẻ nhớ 32GB Micro SDHC Exceria UHS-I C10 U1100MB/s Kioxia (Không có Adapter),Cái,20.0000,1363636.00,0.00
493,banra,5,CÔNG TY TNHH MỘT THÀNH VIÊN HUY VŨ,Màn hình máy tính Dell 22 Monitor - E2223HN powercord/Advanced Exchange Service,Chiếc,1.0000,2954545.00,0.00
492,banra,5,CÔNG TY TNHH MỘT THÀNH VIÊN HUY VŨ,ổ cứng gắn trong 240GB SSD Exceria BiCS FLASH 2.5''SATA3 Kioxia,Cái,3.0000,2590909.00,0.00
492,banra,5,CÔNG TY TNHH MỘT THÀNH VIÊN HUY VŨ,Nguồn Jetek Model J450,Cái,2.0000,1090909.00,0.00
491,banra,5,CÔNG TY TNHH MỘT THÀNH VIÊN HUY VŨ,4K0Z7PA: Máy tính xách tay HP 14s-fq1080AU - AMD Ryzen3 5300U / 4GB DDR4-3200/ SSD 256GB / RadeonVegaGraphics/ 14” HD/ Windows 11 Home/ Natural Silver/ 1,Cái,2.0000,12727273.00,0.00
490,banra,5,CÔNG TY TNHH MỘT THÀNH VIÊN HUY VŨ,Chuột máy tính  Logitech B100,Cái,5.0000,363636.00,0.00
490,banra,5,CÔNG TY TNHH MỘT THÀNH VIÊN HUY VŨ,Bàn phím Rapoo  NK2500,Cái,5.0000,590910.00,0.00
490,banra,5,CÔNG TY TNHH MỘT THÀNH VIÊN HUY VŨ,Máy in Brother HL - L2321D,Cái,1.0000,2390909.00,0.00
489,banra,5,CÔNG TY TNHH MỘT THÀNH VIÊN HUY VŨ,Bộ lưu điện Santak-mã hàng TG500,Bộ,16.0000,14181818.00,0.00
488,banra,5,CÔNG TY TNHH MỘT THÀNH VIÊN HUY VŨ,Máy tính bàn Lenovo ThinkCentre M70s Gen 3 - i3-12100 ( 4.3GHZ)-1Yr; P/n 11TC000PVA,Bộ,1.0000,10718182.00,0.00
488,banra,5,CÔNG TY TNHH MỘT THÀNH VIÊN HUY VŨ,MÀN HÌNH LCD 23.8 Inch LENOVO THINKVISION S24e-20 (62AEKAR2WW),Cái,1.0000,2718182.00,0.00
487,banra,5,CÔNG TY TNHH MỘT THÀNH VIÊN HUY VŨ,Máy tính xách tay Dell Latitude 3420 L3420I5SSDFB (Core i5-1135G7 | 8GB | 256GB | Intel® Iris® Xe Graphics | 14 inch FHD | Fedora | Grayish Black),Cái,1.0000,15263636.00,0.00
486,banra,5,CÔNG TY TNHH MỘT THÀNH VIÊN HUY VŨ,"Màn hình vi tính Dell LCD-E2722H-27""",Cái,1.0000,4090909.00,0.00
485,banra,5,CÔNG TY TNHH MỘT THÀNH VIÊN HUY VŨ,"Máy tính xách tay Lenovo Notebook ThinkPad NBLN TP L13Clam G3 T (gồm i7-1255U (4.7G) - 16GB RAM - 512GB SSD -WF+BL, Fingerprint - 13.3'' WUXGA - Thunder Black - Dos -P/N:21B3005YVA",Chiếc,1.0000,25454545.00,0.00
484,banra,5,CÔNG TY TNHH MỘT THÀNH VIÊN HUY VŨ,Mực in 051 Number One,Hộp,1.0000,454545.00,0.00
483,banra,5,CÔNG TY TNHH MỘT THÀNH VIÊN HUY VŨ,Hộp mực in  Ecoplus 12A/,Hộp,2.0000,236364.00,0.00
482,banra,5,CÔNG TY TNHH MỘT THÀNH VIÊN HUY VŨ,Bộ định tuyến Tp-Link 2.4GHz/5GHz Archer MR200,Cái,1.0000,1135455.00,0.00
482,banra,5,CÔNG TY TNHH MỘT THÀNH VIÊN HUY VŨ,"Màn hình LCD - Dell E2016Hv 19.5""",Cái,1.0000,1954545.00,0.00
482,banra,5,CÔNG TY TNHH MỘT THÀNH VIÊN HUY VŨ,Bàn phím RAPOO V500SE,Cái,1.0000,500000.00,0.00
481,banra,5,CÔNG TY TNHH MỘT THÀNH VIÊN HUY VŨ,Phần mềm Kaspersky KL1941MCCFS,Cái,1.0000,700000.00,0.00
480,banra,5,CÔNG TY TNHH MỘT THÀNH VIÊN HUY VŨ,Bàn phím RAPOO NK2500,Cái,10.0000,1090909.00,0.00
480,banra,5,CÔNG TY TNHH MỘT THÀNH VIÊN HUY VŨ,Chuột vi tính có dây  Rapoo N100,Cái,10.0000,454545.00,0.00
480,banra,5,CÔNG TY TNHH MỘT THÀNH VIÊN HUY VŨ,"Ổ đĩa cứng GT Kingston 2.5"" SSD (SA400S37/240G)",Cái,5.0000,1727273.00,0.00
479,banra,5,CÔNG TY TNHH MỘT THÀNH VIÊN HUY VŨ,Ổ cứng hiệu Western SN350NVME (WDS240G2G0C),Cái,1.0000,818182.00,0.00
478,banra,5,CÔNG TY TNHH MỘT THÀNH VIÊN HUY VŨ,CHUỘT KHÔNG DÂY Logitech M190,Cái,1.0000,263636.00,0.00
477,banra,5,CÔNG TY TNHH MỘT THÀNH VIÊN HUY VŨ,Máy in Epson LX310,Bộ,1.0000,5272727.00,0.00
476,banra,5,CÔNG TY TNHH MỘT THÀNH VIÊN HUY VŨ,Máy In Canon Laser LBP-2900,Cái,2.0000,7254546.00,0.00
475,banra,5,CÔNG TY TNHH MỘT THÀNH VIÊN HUY VŨ,Drum máy photo,Cái,1.0000,772727.00,0.00
475,banra,5,CÔNG TY TNHH MỘT THÀNH VIÊN HUY VŨ,Mực T3008,Hộp,1.0000,1136364.00,0.00
475,banra,5,CÔNG TY TNHH MỘT THÀNH VIÊN HUY VŨ,Gạt máy photo,Cái,1.0000,318182.00,0.00
475,banra,5,CÔNG TY TNHH MỘT THÀNH VIÊN HUY VŨ,Nhông máy photo,Cái,1.0000,318182.00,0.00
475,banra,5,CÔNG TY TNHH MỘT THÀNH VIÊN HUY VŨ,Ru lô dưới (ru lô ép),Cái,1.0000,863636.00,0.00
474,banra,5,CÔNG TY TNHH MỘT THÀNH VIÊN HUY VŨ,Mực nạp NB35a,Chai,2.0000,181818.00,0.00
474,banra,5,CÔNG TY TNHH MỘT THÀNH VIÊN HUY VŨ,Mực  Laser đen Premium,Chai,9.0000,981818.00,0.00
474,banra,5,CÔNG TY TNHH MỘT THÀNH VIÊN HUY VŨ,Mực  Laser đen Premium,Chai,2.0000,181818.00,0.00
474,banra,5,CÔNG TY TNHH MỘT THÀNH VIÊN HUY VŨ,Mực Xeroc V3065/2060,Hộp,2.0000,2272728.00,0.00
473,banra,5,CÔNG TY TNHH MỘT THÀNH VIÊN HUY VŨ,MÁY TÍNH ĐỂ BÀN DELL OPTIPEX 3000 SMALL FORMFACTOR Intel® Core i5 - 12500,Cái,1.0000,15590909.00,0.00
473,banra,5,CÔNG TY TNHH MỘT THÀNH VIÊN HUY VŨ,Màn hình máy tính Dell 22 Monitor - E2223HN,Cái,1.0000,3900000.00,0.00
472,banra,5,CÔNG TY TNHH MỘT THÀNH VIÊN HUY VŨ,Hộp mực in Izinet 12A/303/FX9,Hộp,2.0000,372727.00,0.00
471,banra,5,CÔNG TY TNHH MỘT THÀNH VIÊN HUY VŨ,"Ổ đĩa cứng  GT Kingston 2.5""SSD(SA400S37/240G)",Cái,1.0000,436364.00,0.00
470,banra,5,CÔNG TY TNHH MỘT THÀNH VIÊN HUY VŨ,"Máy tính xách tay HP PAVILION 15-eg2058TU i5 1240P/8GB/SSD 256GB/15.6"" FHD/W11SL/Vàng (6K788PA)",Cái,1.0000,13809091.00,0.00
469,banra,5,CÔNG TY TNHH MỘT THÀNH VIÊN HUY VŨ,MÁY TÍNH ĐỂ BÀN (PC) DELL VOS 3910MT i5-12400(6*2.5)/8GD4/256SSD/WLn/BT/KB/M/W11SL+OFICEHOMEST/ProSup/ĐEN(9M2DD1),Cái,1.0000,13354546.00,0.00
469,banra,5,CÔNG TY TNHH MỘT THÀNH VIÊN HUY VŨ,Ổ cứng di động USB 16GB U202 2.0 KIOXIA,Cái,1.0000,90909.00,0.00
468,banra,5,CÔNG TY TNHH MỘT THÀNH VIÊN HUY VŨ,Mực in  Brother BT5000M,Chai,2.0000,236364.00,0.00
467,banra,5,CÔNG TY TNHH MỘT THÀNH VIÊN HUY VŨ,Ổ đĩa cứng GT Kingston 480GB A400(SA400S37/480G),Cái,1.0000,1136364.00,0.00
466,banra,5,CÔNG TY TNHH MỘT THÀNH VIÊN HUY VŨ,Máy In Canon Laser LBP-2900,Cái,1.0000,3627273.00,0.00
466,banra,5,CÔNG TY TNHH MỘT THÀNH VIÊN HUY VŨ,Màn hình  Dell S2421H 23.5inch,Cái,1.0000,4172727.00,0.00
465,banra,5,CÔNG TY TNHH MỘT THÀNH VIÊN HUY VŨ,"Thiết bị định tuyến TP-Link , 2.4GHz/5GHz Archer C50",Bộ,6.0000,3163636.00,0.00
465,banra,5,CÔNG TY TNHH MỘT THÀNH VIÊN HUY VŨ,Cáp mạng Cat 5e UTP 305m/thùng Hiệu Aptek,Thùng,2.0000,2345455.00,0.00
464,banra,5,CÔNG TY TNHH MỘT THÀNH VIÊN HUY VŨ,Máy tính xách tay Asus ExpertBook Model B1400CEAE-EK4263 Core i5 -8G/256GB/ Numpad/ Bàn Phím LEDBacklid/No OS,Cái,1.0000,13627273.00,0.00
464,banra,5,CÔNG TY TNHH MỘT THÀNH VIÊN HUY VŨ,Máy In Canon Laser LBP-2900,Cái,1.0000,3900000.00,0.00
463,banra,5,CÔNG TY TNHH MỘT THÀNH VIÊN HUY VŨ,Máy  in đa năng Brother MFC-L2701D,Cái,1.0000,4990909.00,0.00
463,banra,5,CÔNG TY TNHH MỘT THÀNH VIÊN HUY VŨ,Màn chiếu chân  P84TS,Chiếc,1.0000,1318182.00,0.00
462,banra,5,CÔNG TY TNHH MỘT THÀNH VIÊN HUY VŨ,"Bộ định tuyến có chức năng thu phát sóng băng tần 2.4GHz/5GHz hiệu RUIJIE mã RG-EW3200GX PRO - hãng sx: RUIJIE NETWORKS CO.,LTD",Chiếc,1.0000,2072727.00,0.00
461,banra,5,CÔNG TY TNHH MỘT THÀNH VIÊN HUY VŨ,"Máy tính để bàn Dell Inspiron 3910 STI56020W1 - 8G -512G Intel Core i5-12400 processor (6-Core, 18M Cache, 2.5GHz to 4.4GHz), 1x8GB, DDR4,3200MHz, 512GB M.2 PCIe NVMe SSD, Intel(R) UHD Graphics 730,Không ổ đĩa, Chuột, Bàn Phím, Windows 11 Microsoft Office Home andStudent 2021",Bộ,1.0000,13000000.00,0.00
461,banra,5,CÔNG TY TNHH MỘT THÀNH VIÊN HUY VŨ,Màn hình máy tính Dell 22 Monitor - E2223HN powercord,Chiếc,1.0000,2954545.00,0.00
460,banra,5,CÔNG TY TNHH MỘT THÀNH VIÊN HUY VŨ,Phí dịch vụ tháng 03 /2023 theo hợp đồng số 64/2015/HĐ_NetViet ký ngày 26/10/2015,Tháng,1.0000,545455.00,0.00
459,banra,5,CÔNG TY TNHH MỘT THÀNH VIÊN HUY VŨ,Bộ máy vi tính,Bộ,1.0000,12036364.00,0.00
458,banra,5,CÔNG TY TNHH MỘT THÀNH VIÊN HUY VŨ,"Ổ đĩa cứng  GT Kingston 2.5""SSD (SA400S37/240G)",Cái,1.0000,436364.00,0.00
682,banra,6,CÔNG TY TNHH MỘT THÀNH VIÊN HUY VŨ,Usb hiệu Kingston 32GB 3.0DT100G3(DT100G3/32GB),Cái,1.0000,154545.00,0.00
681,banra,6,CÔNG TY TNHH MỘT THÀNH VIÊN HUY VŨ,Phần mềm Win 11 Pro 64bit Eng lntl 1pk DSP OEi DVD(FQC-10528),Bộ,1.0000,3700000.00,0.00
680,banra,6,CÔNG TY TNHH MỘT THÀNH VIÊN HUY VŨ,Máy Scan HP 2000S2 (6FW06A),Cái,1.0000,7172727.00,0.00
680,banra,6,CÔNG TY TNHH MỘT THÀNH VIÊN HUY VŨ,MÁY IN HP LASERJET PRO M404DN (W1A53A),Cái,1.0000,5809091.00,0.00
679,banra,6,CÔNG TY TNHH MỘT THÀNH VIÊN HUY VŨ,"Bộ Vi xử lý Intel Core i3-10105 Processor3.70GHz 6M Cache, Sockets FCLGA1200-BX8070110105",Cái,11.0000,25800000.00,0.00
679,banra,6,CÔNG TY TNHH MỘT THÀNH VIÊN HUY VŨ,BO MẠCH CHÍNH MÁY VI TÍNH (MainBoard) MSI H510M PLUS V3(H510MPLUSV3),Cái,11.0000,15500000.00,0.00
679,banra,6,CÔNG TY TNHH MỘT THÀNH VIÊN HUY VŨ,Bộ nhớ trong RAM DESKTOP LEXAR U-DIMMDDR4 8GB_LD4AU008G-B3200GSST,Cái,11.0000,4600000.00,0.00
679,banra,6,CÔNG TY TNHH MỘT THÀNH VIÊN HUY VŨ,"ổ cứng Western SSD 240GB Sata3, màuxanh - green (WDS240G3G0A)",Cái,24.0000,8727273.00,0.00
679,banra,6,CÔNG TY TNHH MỘT THÀNH VIÊN HUY VŨ,Nguồn Jetek Model 350 ELITE V2,Cái,11.0000,4200000.00,0.00
679,banra,6,CÔNG TY TNHH MỘT THÀNH VIÊN HUY VŨ,Vỏ thùng máy tính Jetek EN22,Cái,11.0000,2500000.00,0.00
679,banra,6,CÔNG TY TNHH MỘT THÀNH VIÊN HUY VŨ,"Màn hình LCD của máy vi tính hiệuPHILIPS 221V8 21.5""(LED),cáp,mới100%.",Cái,11.0000,16900000.00,0.00
679,banra,6,CÔNG TY TNHH MỘT THÀNH VIÊN HUY VŨ,Bàn phím  Logitech K120,Cái,11.0000,1450000.00,0.00
679,banra,6,CÔNG TY TNHH MỘT THÀNH VIÊN HUY VŨ,Chuột máy tính Logitech B100,Cái,11.0000,700000.00,0.00
679,banra,6,CÔNG TY TNHH MỘT THÀNH VIÊN HUY VŨ,Tai nghe HyperX Cloud Stinger IICore(683L9AA),Cái,11.0000,7600000.00,0.00
679,banra,6,CÔNG TY TNHH MỘT THÀNH VIÊN HUY VŨ,"Bộ lưu điện (UPS) APC Easy Back-ups 700VA,230V,AVR,USBcharging Universal sockets(BVX700LUI-MS)",Cái,11.0000,12500000.00,0.00
679,banra,6,CÔNG TY TNHH MỘT THÀNH VIÊN HUY VŨ,Thiết bị chuyển mạch TPLINK_TL-SG1008D,Cái,2.0000,781818.00,0.00
678,banra,6,CÔNG TY TNHH MỘT THÀNH VIÊN HUY VŨ,"Ổ cứng SSD Western WDS500G2B0A, 500GB, Sata3 2.5""",Cái,1.0000,1118182.00,0.00
677,banra,6,CÔNG TY TNHH MỘT THÀNH VIÊN HUY VŨ,Máy định vị GPSMAP 79s,BỘ,1.0000,7818182.00,0.00
676,banra,6,CÔNG TY TNHH MỘT THÀNH VIÊN HUY VŨ,MÁY IN BROTHER HL-L2321D,Cái,1.0000,3272727.00,0.00
675,banra,6,CÔNG TY TNHH MỘT THÀNH VIÊN HUY VŨ,Chuột vi tính  Rapoo M20,Cái,10.0000,1090909.00,0.00
675,banra,6,CÔNG TY TNHH MỘT THÀNH VIÊN HUY VŨ,Nguồn Jetek Model Y600T,Cái,5.0000,1272727.00,0.00
675,banra,6,CÔNG TY TNHH MỘT THÀNH VIÊN HUY VŨ,"Thiết bị thu phát vô tuyến TP-Link,TL - WN823N",Cái,5.0000,818182.00,0.00
675,banra,6,CÔNG TY TNHH MỘT THÀNH VIÊN HUY VŨ,Vỏ thùng máy tính Jetek  EN22,Cái,2.0000,454546.00,0.00
675,banra,6,CÔNG TY TNHH MỘT THÀNH VIÊN HUY VŨ,Vỏ thùng máy tính Jetek  EN15,Cái,1.0000,227272.00,0.00
674,banra,6,CÔNG TY TNHH MỘT THÀNH VIÊN HUY VŨ,"Máy tính xách tay Dell Inspiron 15 3520 Intel Core i5-1235U, 15.6""FHD, 1x8G,256GB SSD PCIe NVMe, 3 Cell-41Whr, Win 11 Microsoft Office Home andStudent 2021, N5I5122W1-Black",Cái,1.0000,13636364.00,0.00
674,banra,6,CÔNG TY TNHH MỘT THÀNH VIÊN HUY VŨ,Tai nghe Logitech H370,Cái,5.0000,2090909.00,0.00
674,banra,6,CÔNG TY TNHH MỘT THÀNH VIÊN HUY VŨ,Chuột máy tính  Logitech M185,Cái,10.0000,1818182.00,0.00
674,banra,6,CÔNG TY TNHH MỘT THÀNH VIÊN HUY VŨ,Loa vi tính Microlab M300/2.1,Bộ,1.0000,590909.00,0.00
673,banra,6,CÔNG TY TNHH MỘT THÀNH VIÊN HUY VŨ,"Máy tính xách tay Asus B1500C i5-1135G7/ 8GB/512GBSSD/ UMA/ 15.6""FHD/ FP/ Chuột/ Win 11/ Đen/2YW_B1500CEAE-EJ2362W",Chiếc,1.0000,14409091.00,0.00
672,banra,6,CÔNG TY TNHH MỘT THÀNH VIÊN HUY VŨ,Máy in đa năng Brother MFC - L2701D,Cái,1.0000,4990909.00,0.00
672,banra,6,CÔNG TY TNHH MỘT THÀNH VIÊN HUY VŨ,Hộp mực  in Izinet 12A/303/FX9,Hộp,1.0000,290909.00,0.00
671,banra,6,CÔNG TY TNHH MỘT THÀNH VIÊN HUY VŨ,"Ổ cứng máy tính  SSD Western WDS240G2G0A, 240GB",Cái,1.0000,500000.00,0.00
670,banra,6,CÔNG TY TNHH MỘT THÀNH VIÊN HUY VŨ,"Thiết bị chuyển mạch TP -Link, TL - SG108",Cái,1.0000,490909.00,0.00
669,banra,6,CÔNG TY TNHH MỘT THÀNH VIÊN HUY VŨ,Máy tính để bàn,Bộ,7.0000,66818182.00,0.00
668,banra,6,CÔNG TY TNHH MỘT THÀNH VIÊN HUY VŨ,Màn hình LCD VIEWSONIC VX2718 - PC - MHD/27'' LCD MONITOR,Cái,3.0000,10090909.00,0.00
668,banra,6,CÔNG TY TNHH MỘT THÀNH VIÊN HUY VŨ,"Màn hình máy tính Viewsonic VX3276 - MHD -3/32 inch, Full HD, IPS,75Hz",Cái,2.0000,7000000.00,0.00
668,banra,6,CÔNG TY TNHH MỘT THÀNH VIÊN HUY VŨ,Loa SoundMax A2126/2.1,Bộ,1.0000,1063636.00,0.00
667,banra,6,CÔNG TY TNHH MỘT THÀNH VIÊN HUY VŨ,MÁY TÍNH XÁCH TAY (NB) HP Pavilion 15 - eg2056TUi5-1240P/8GD4/512GSSD/15.6FHD/Wlax/BT5/3C41WHr/ALUp/W11SL/VÀNG(6K786PA),Cái,1.0000,15445455.00,0.00
666,banra,6,CÔNG TY TNHH MỘT THÀNH VIÊN HUY VŨ,Máy  In Canon Laser LBP-2900,Cái,2.0000,7254546.00,0.00
666,banra,6,CÔNG TY TNHH MỘT THÀNH VIÊN HUY VŨ,MÀN HÌNH LCD 23.8 Inch LENOVO THINKVISION S24e -20 (62AEKAR2WW),Cái,2.0000,5436364.00,0.00
666,banra,6,CÔNG TY TNHH MỘT THÀNH VIÊN HUY VŨ,Bộ máy vi tính,Bộ,2.0000,17845454.00,0.00
665,banra,6,CÔNG TY TNHH MỘT THÀNH VIÊN HUY VŨ,Bộ nguồn cấp điện liên tục Cyber Power BU600E,Cái,20.0000,12000000.00,0.00
664,banra,6,CÔNG TY TNHH MỘT THÀNH VIÊN HUY VŨ,Máy tính bàn Lenovo ThinkCentre M70s Gen 3 -i3-12100( 4.3GHZ) - 4GB RAM - 256GB SSD - Wireless&Bluetooth -None-1Yr; P/n 11TC000PVA,Bộ,1.0000,8454545.00,0.00
664,banra,6,CÔNG TY TNHH MỘT THÀNH VIÊN HUY VŨ,"Màn hình máy tính Lenovo H20215FE0 -""E22-28(H20215FE0)21.5 inch Monitor-HDMI, Linecord, P/N:62B9MAR4WW",Chiếc,1.0000,2445455.00,0.00
663,banra,6,CÔNG TY TNHH MỘT THÀNH VIÊN HUY VŨ,Bút trình chiếu LP15 A4tech (Trắng),Cái,1.0000,263636.00,0.00
663,banra,6,CÔNG TY TNHH MỘT THÀNH VIÊN HUY VŨ,Cáp dữ liệu VIDEO HDMI 1.4 truyền âm thanh hình ảnh dài10M Ugreen,Chiếc,1.0000,409091.00,0.00
663,banra,6,CÔNG TY TNHH MỘT THÀNH VIÊN HUY VŨ,Máy chiếu đa năng ViewSonic LS500WHE,Bộ,1.0000,15354546.00,0.00
663,banra,6,CÔNG TY TNHH MỘT THÀNH VIÊN HUY VŨ,Màn chiếu chân P84TS,Chiếc,1.0000,863636.00,0.00
662,banra,6,CÔNG TY TNHH MỘT THÀNH VIÊN HUY VŨ,Tai nghe SoundMax AH304,Cái,2.0000,581818.00,0.00
662,banra,6,CÔNG TY TNHH MỘT THÀNH VIÊN HUY VŨ,Loa SoundMax  A828 / 2.1,Bộ,1.0000,572727.00,0.00
662,banra,6,CÔNG TY TNHH MỘT THÀNH VIÊN HUY VŨ,Hộp mực  in Izinet 12A,Hộp,1.0000,318182.00,0.00
662,banra,6,CÔNG TY TNHH MỘT THÀNH VIÊN HUY VŨ,ổ cứng gắn trong 240GB SSD Exceria BiCS FLASH 2.5''SATA3 Kioxia,Cái,1.0000,636364.00,0.00
661,banra,6,CÔNG TY TNHH MỘT THÀNH VIÊN HUY VŨ,"Máy tính xách tay ASUS B3402FEA-EC0714T I3 1115G4/8GB/256GB/FG/NP/14""FHD TOUCH/XANH/W10",Cái,1.0000,10363636.00,0.00
661,banra,6,CÔNG TY TNHH MỘT THÀNH VIÊN HUY VŨ,4K0Z7PA: Máy tính xách tay HP 14s- fq1080AU -AMD Ryzen3 5300U / 4GB DDR4-3200/ SSD 256GB /RadeonVegaGraphics/ 14” HD/ Windows 11 Home/NaturalSilver,Cái,1.0000,6727273.00,0.00
661,banra,6,CÔNG TY TNHH MỘT THÀNH VIÊN HUY VŨ,ổ cứng gắn trong 240GB SSD Exceria BiCS FLASH 2.5'' SATA3 Kioxia,Cái,2.0000,1081818.00,0.00
660,banra,6,CÔNG TY TNHH MỘT THÀNH VIÊN HUY VŨ,Máy tính bàn Lenovo ThinkCentre M70s Gen 3 -i3-12100( 4.3GHZ) - 4GB RAM - 256GB SSD - Wireless &Bluetooth -None-1Yr; P/n 11TC000PV,Bộ,1.0000,8454545.00,0.00
660,banra,6,CÔNG TY TNHH MỘT THÀNH VIÊN HUY VŨ,"Màn hình máy tính Lenovo H20215FE0 - ""E22-28(H20215FE0)21.5 inch Monitor-HDMI, Linecord, P/N:62B9MAR4WW",Chiếc,1.0000,2445455.00,0.00
659,banra,6,CÔNG TY TNHH MỘT THÀNH VIÊN HUY VŨ,"Ổ cứng di động  Seagate Expansion 1TB 2.5""",Cái,1.0000,1090909.00,0.00
658,banra,6,CÔNG TY TNHH MỘT THÀNH VIÊN HUY VŨ,Chuột máy tính Logitech M185,Cái,1.0000,172727.00,0.00
657,banra,6,CÔNG TY TNHH MỘT THÀNH VIÊN HUY VŨ,Cạc VGA ASUS GT730 2GBD5 64BIT,Cái,1.0000,1136364.00,0.00
657,banra,6,CÔNG TY TNHH MỘT THÀNH VIÊN HUY VŨ,ổ cứng gắn trong 240GB SSD Exceria BiCS FLASH2.5''SATA3 Kioxia,Cái,2.0000,1081818.00,0.00
657,banra,6,CÔNG TY TNHH MỘT THÀNH VIÊN HUY VŨ,Bàn phím Dell Multimedia KB216,Cái,2.0000,272728.00,0.00
657,banra,6,CÔNG TY TNHH MỘT THÀNH VIÊN HUY VŨ,Chuột máy tính Dell MS116,Cái,3.0000,245454.00,0.00
657,banra,6,CÔNG TY TNHH MỘT THÀNH VIÊN HUY VŨ,Nguồn 700W COOLER MASTER ELITE V3-PC70,Cái,1.0000,900000.00,0.00
656,banra,6,CÔNG TY TNHH MỘT THÀNH VIÊN HUY VŨ,Hộp mực in,Hộp,2.0000,945455.00,0.00
655,banra,6,CÔNG TY TNHH MỘT THÀNH VIÊN HUY VŨ,"Ổ cứng di động Seagate 2TB 2.5"" ONETOUCH",Cái,1.0000,1727273.00,0.00
655,banra,6,CÔNG TY TNHH MỘT THÀNH VIÊN HUY VŨ,Mực T2309,Hộp,1.0000,818182.00,0.00
654,banra,6,CÔNG TY TNHH MỘT THÀNH VIÊN HUY VŨ,Máy in đa năng Brother MFC-L2701D,Cái,2.0000,9454546.00,0.00
654,banra,6,CÔNG TY TNHH MỘT THÀNH VIÊN HUY VŨ,Bộ lưu điện Santak - TG500,Cái,1.0000,890909.00,0.00
654,banra,6,CÔNG TY TNHH MỘT THÀNH VIÊN HUY VŨ,Máy tính bàn Lenovo ThinkCentre M70s Gen 3 - i3-12100( 4.3GHZ) - 4GB RAM - 256GB SSD - Wireless & Bluetooth -None-1Yr; P/n 11TC000PVA,Bộ,1.0000,7727272.00,0.00
654,banra,6,CÔNG TY TNHH MỘT THÀNH VIÊN HUY VŨ,ổ cứng di động 32GB U301 USB 3.2 Gen 1 Kioxia - Trắng,Cái,1.0000,81818.00,0.00
653,banra,6,CÔNG TY TNHH MỘT THÀNH VIÊN HUY VŨ,Chuột máy tính  Dell WM118,Cái,1.0000,227273.00,0.00
652,banra,6,CÔNG TY TNHH MỘT THÀNH VIÊN HUY VŨ,Nguồn 700W COOLER MASTER ELITE V3-PC700,Cái,1.0000,909091.00,0.00
652,banra,6,CÔNG TY TNHH MỘT THÀNH VIÊN HUY VŨ,Bảng mạch chính  Asus Prime H510MK,Cái,1.0000,1418182.00,0.00
652,banra,6,CÔNG TY TNHH MỘT THÀNH VIÊN HUY VŨ,ổ cứng gắn trong 240GB SSD Exceria BiCS FLASH 2.5''SATA3 Kioxia,Cái,2.0000,1081818.00,0.00
652,banra,6,CÔNG TY TNHH MỘT THÀNH VIÊN HUY VŨ,Cạc VGA ASUS GT730 2GBD5 64BIT,Cái,1.0000,1136364.00,0.00
651,banra,6,CÔNG TY TNHH MỘT THÀNH VIÊN HUY VŨ,"Thiết bị thu phát vô tuyến, TP-LINK, 2.4GHz/5GHz, Archer C24",Cái,1.0000,381818.00,0.00
650,banra,6,CÔNG TY TNHH MỘT THÀNH VIÊN HUY VŨ,Máy tính bàn Lenovo ThinkCentre M70s Gen 3 - i3-12100 ( 4.3GHZ) - 4GB RAM - 256GB SSD - Wireless & Bluetooth - None-1Yr; P/n 11TC000PVA,Bộ,1.0000,7727273.00,0.00
650,banra,6,CÔNG TY TNHH MỘT THÀNH VIÊN HUY VŨ,Máy tính bàn Lenovo ThinkCentre M70s Gen 3 i5-12400(4.4GHZ)- 8GB RAM - 256 SSD- Wireless & Bluetooth - None -1Yr; P/n11TC000TVA,Bộ,1.0000,10409091.00,0.00
649,banra,6,CÔNG TY TNHH MỘT THÀNH VIÊN HUY VŨ,Mực Laser đen Premium,Chai,2.0000,81818.00,0.00
648,banra,6,CÔNG TY TNHH MỘT THÀNH VIÊN HUY VŨ,Chuột máy tính Dell WM118,Cái,1.0000,227273.00,0.00
647,banra,6,CÔNG TY TNHH MỘT THÀNH VIÊN HUY VŨ,MÀN HÌNH VI TÍNH (LCD) LENOVO ThinkVision S27e-20 27.0 INCH/1920x1080/IPS/WLED/VGA/HDMI/ĐEN/3Y(62AFKAR2WW),Cái,2.0000,5727273.00,0.00
647,banra,6,CÔNG TY TNHH MỘT THÀNH VIÊN HUY VŨ,Camera quan sát CS-C6N (1080P),Cái,10.0000,4000000.00,0.00
647,banra,6,CÔNG TY TNHH MỘT THÀNH VIÊN HUY VŨ,Máy quét  Canon Lide 400,Cái,2.0000,4000000.00,0.00
647,banra,6,CÔNG TY TNHH MỘT THÀNH VIÊN HUY VŨ,"Thiết bị định tuyến thu phát vô tuyến  TP-Link,2.4Ghz,TL-MR6400",Cái,3.0000,2918182.00,0.00
647,banra,6,CÔNG TY TNHH MỘT THÀNH VIÊN HUY VŨ,Tay Game Logitech F310,Cái,4.0000,1454545.00,0.00
646,banra,6,CÔNG TY TNHH MỘT THÀNH VIÊN HUY VŨ,Máy in Brother HL-L2321D,Cái,1.0000,2681818.00,0.00
645,banra,6,CÔNG TY TNHH MỘT THÀNH VIÊN HUY VŨ,Chuột máy tính Logitech B100,Cái,5.0000,454545.00,0.00
644,banra,6,CÔNG TY TNHH MỘT THÀNH VIÊN HUY VŨ,"Máy tính xách tay ASUS ExpertBook model L1400( L1400CDA-EK0942W )Ryzen5 3500U/8GB/512GB/OB/14"" HD/W11/2Y",Cái,2.0000,16454546.00,0.00
644,banra,6,CÔNG TY TNHH MỘT THÀNH VIÊN HUY VŨ,Loa vi tính Microlab M300BT /2.1,Bộ,1.0000,909091.00,0.00
644,banra,6,CÔNG TY TNHH MỘT THÀNH VIÊN HUY VŨ,Thiết bị định tuyến  TP-Link 2.4GHz/5GHz Archer C50,Cái,2.0000,781818.00,0.00
643,banra,6,CÔNG TY TNHH MỘT THÀNH VIÊN HUY VŨ,Máy in hóa đơn XP-T80L,Cái,1.0000,1154545.00,0.00
643,banra,6,CÔNG TY TNHH MỘT THÀNH VIÊN HUY VŨ,Chuột máy tính Logitech B100,Cái,5.0000,400000.00,0.00
642,banra,6,CÔNG TY TNHH MỘT THÀNH VIÊN HUY VŨ,Chuột máy tính Logitech M331,Cái,1.0000,272727.00,0.00
641,banra,6,CÔNG TY TNHH MỘT THÀNH VIÊN HUY VŨ,Mạch chính vi tính Gigabyte H510M-H,Cái,1.0000,1400000.00,0.00
641,banra,6,CÔNG TY TNHH MỘT THÀNH VIÊN HUY VŨ,Bộ nhớ máy vi tính Kingmax 8GBDDR4-3200 (KM-LD4-3200-8GS),Cái,2.0000,763636.00,0.00
641,banra,6,CÔNG TY TNHH MỘT THÀNH VIÊN HUY VŨ,Chuột máy tính Logitech M185,Cái,1.0000,172727.00,0.00
641,banra,6,CÔNG TY TNHH MỘT THÀNH VIÊN HUY VŨ,Bàn phím Dell Multimedia KB216,Cái,1.0000,136364.00,0.00
640,banra,6,CÔNG TY TNHH MỘT THÀNH VIÊN HUY VŨ,Hộp mực  in Ecoplus 12A,Hộp,2.0000,245455.00,0.00
639,banra,6,CÔNG TY TNHH MỘT THÀNH VIÊN HUY VŨ,"Thiết bị chuyển mạch TP-Link,TL-SF1005D",Cái,1.0000,154545.00,0.00
639,banra,6,CÔNG TY TNHH MỘT THÀNH VIÊN HUY VŨ,Chuột vi tính có dây Rapoo N100,Cái,1.0000,45455.00,0.00
638,banra,6,CÔNG TY TNHH MỘT THÀNH VIÊN HUY VŨ,Máy in laser Canon LBP 2900,Cái,5.0000,17045455.00,0.00
638,banra,6,CÔNG TY TNHH MỘT THÀNH VIÊN HUY VŨ,Chuột vi tính hiệu Rapoo M20,Cái,10.0000,1090909.00,0.00
637,banra,6,CÔNG TY TNHH MỘT THÀNH VIÊN HUY VŨ,LOA SOUNDMAX  A-2126 2.1,Bộ,1.0000,1263636.00,0.00
636,banra,6,CÔNG TY TNHH MỘT THÀNH VIÊN HUY VŨ,Chuột vi tính Rapoo M20,Cái,2.0000,227273.00,0.00
636,banra,6,CÔNG TY TNHH MỘT THÀNH VIÊN HUY VŨ,"Ổ cứng máy tính SSD Western WDS240G2G0A,240GB",Cái,1.0000,727272.00,0.00
635,banra,6,CÔNG TY TNHH MỘT THÀNH VIÊN HUY VŨ,Bảng mạch chính Asus Prime H510MK,Cái,1.0000,1518182.00,0.00
635,banra,6,CÔNG TY TNHH MỘT THÀNH VIÊN HUY VŨ,Bộ vi xử lý Intel Core i3-10105,Cái,1.0000,2363636.00,0.00
635,banra,6,CÔNG TY TNHH MỘT THÀNH VIÊN HUY VŨ,Bộ nhớ trong RAM DESKTOP LEXAR U-DIMM DDR4 8GB_LD4AU008G-B3200GSST,Cái,1.0000,545455.00,0.00
635,banra,6,CÔNG TY TNHH MỘT THÀNH VIÊN HUY VŨ,ổ cứng gắn trong 240GB SSD Exceria BiCS FLASH 2.5''SATA3 Kioxia,Cái,1.0000,618182.00,0.00
635,banra,6,CÔNG TY TNHH MỘT THÀNH VIÊN HUY VŨ,Vỏ thùng máy tính  Jetek EN15,Cái,1.0000,272727.00,0.00
635,banra,6,CÔNG TY TNHH MỘT THÀNH VIÊN HUY VŨ,Nguồn Jetek Model J400,Cái,1.0000,563636.00,0.00
635,banra,6,CÔNG TY TNHH MỘT THÀNH VIÊN HUY VŨ,Bàn phím Rapoo NK2500,Cái,1.0000,136364.00,0.00
635,banra,6,CÔNG TY TNHH MỘT THÀNH VIÊN HUY VŨ,Chuột vi tính có dây Rapoo N100,Cái,1.0000,72727.00,0.00
635,banra,6,CÔNG TY TNHH MỘT THÀNH VIÊN HUY VŨ,"Màn hình vi tính Dell LCD E2216Hv 21.5"" WHD",Cái,1.0000,2681818.00,0.00
635,banra,6,CÔNG TY TNHH MỘT THÀNH VIÊN HUY VŨ,Máy In Canon Laser LBP-2900,Cái,1.0000,3363636.00,0.00
635,banra,6,CÔNG TY TNHH MỘT THÀNH VIÊN HUY VŨ,Loa SoundMax A130/2.0,Bộ,5.0000,636364.00,0.00
635,banra,6,CÔNG TY TNHH MỘT THÀNH VIÊN HUY VŨ,Camera quan sát CS-C6N (1080P),Cái,7.0000,2940000.00,0.00
635,banra,6,CÔNG TY TNHH MỘT THÀNH VIÊN HUY VŨ,Thẻ nhớ 32GB Micro SDHC Exceria UHS-I C10 U1100MB/s Kioxia (Không có Adapter),Cái,7.0000,477273.00,0.00
635,banra,6,CÔNG TY TNHH MỘT THÀNH VIÊN HUY VŨ,"Thiết bị thu phát vô tuyến TP-Link,TL-WN722N",Cái,5.0000,704545.00,0.00
634,banra,6,CÔNG TY TNHH MỘT THÀNH VIÊN HUY VŨ,Bút trình chiếu LP15 A4tech,Cái,1.0000,263636.00,0.00
633,banra,6,CÔNG TY TNHH MỘT THÀNH VIÊN HUY VŨ,"Ổ cứng máy tính  SSD Western WDS240G2G0A,240GB",Cái,1.0000,727273.00,0.00
633,banra,6,CÔNG TY TNHH MỘT THÀNH VIÊN HUY VŨ,Tai nghe SoundMax AH304,Cái,1.0000,254545.00,0.00
633,banra,6,CÔNG TY TNHH MỘT THÀNH VIÊN HUY VŨ,"Bộ chuột , bàn phím máy vi tính X1800S",Bộ,1.0000,290909.00,0.00
632,banra,6,CÔNG TY TNHH MỘT THÀNH VIÊN HUY VŨ,Bàn phím Logitech K120,Cái,1.0000,163636.00,0.00
631,banra,6,CÔNG TY TNHH MỘT THÀNH VIÊN HUY VŨ,Bộ vi xử  lý Intel Core i3-10105,Cái,2.0000,4690909.00,0.00
631,banra,6,CÔNG TY TNHH MỘT THÀNH VIÊN HUY VŨ,Bảng mạch chính của máy vi tính hiệu ASUS PRIMEH510M - K R2.0-CSM-SI,Cái,3.0000,4227273.00,0.00
630,banra,6,CÔNG TY TNHH MỘT THÀNH VIÊN HUY VŨ,Máy Scan HP 2000S2 (6FW06A),Cái,1.0000,7454545.00,0.00
630,banra,6,CÔNG TY TNHH MỘT THÀNH VIÊN HUY VŨ,"Máy tính xách tay Dell Inspiron 15 -3520 Intel Core i5-1235U, 15.6""FHD, 1x8G,256GB SSD PCIe NVMe, 3 Cell-41Whr, Win 11 Microsoft Office Home andStudent 2021, N5I5122W1-Black",Cái,1.0000,16318182.00,0.00
629,banra,6,CÔNG TY TNHH MỘT THÀNH VIÊN HUY VŨ,Máy in phun màu khổ A4 Epson L805,Cái,1.0000,8545454.00,0.00
629,banra,6,CÔNG TY TNHH MỘT THÀNH VIÊN HUY VŨ,Cạc mạng PCI Gigabit TP-Link TG-3468,Cái,1.0000,209091.00,0.00
628,banra,6,CÔNG TY TNHH MỘT THÀNH VIÊN HUY VŨ,4K0Z7PA: Máy tính xách tay HP 14s- fq1080AU -AMD Ryzen3 5300U / 4GB DDR4-3200/ SSD 256GB /RadeonVegaGraphics/ 14” HD/ Windows 11 Home/NaturalSilver,Cái,2.0000,13909091.00,0.00
628,banra,6,CÔNG TY TNHH MỘT THÀNH VIÊN HUY VŨ,"Máy tính xách tay Dell Vostro 3520 Intel Core i3-1215U, 15.6""FHD, 1x8G,256GB SSD PCIe NVMe, 3 Cell-41Whr, Win 11, Office H&S 2021,V5I3614W1-Gray",Bộ,2.0000,22363636.00,0.00
627,banra,6,CÔNG TY TNHH MỘT THÀNH VIÊN HUY VŨ,Phần mềm Kaspersky KL1171MCCFS,Cái,2.0000,700000.00,0.00
626,banra,6,CÔNG TY TNHH MỘT THÀNH VIÊN HUY VŨ,Máy in phun đa năng Brother MFC - T920DW,Cái,1.0000,6990909.00,0.00
625,banra,6,CÔNG TY TNHH MỘT THÀNH VIÊN HUY VŨ,MÁY IN HP LASERJET PRO M404DN (W1A53A),Cái,1.0000,7386364.00,0.00
625,banra,6,CÔNG TY TNHH MỘT THÀNH VIÊN HUY VŨ,Máy tính để bàn Dell Inspiron 3910 STI56020W1,Cái,1.0000,16025454.00,0.00
624,banra,6,CÔNG TY TNHH MỘT THÀNH VIÊN HUY VŨ,Máy in hóa đơn XP-T80L,Cái,1.0000,863636.00,0.00
623,banra,6,CÔNG TY TNHH MỘT THÀNH VIÊN HUY VŨ,Nguồn máy tính  Jetek mini A200m,Cái,1.0000,290909.00,0.00
622,banra,6,CÔNG TY TNHH MỘT THÀNH VIÊN HUY VŨ,"Máy tính xách tay Dell Vostro 5620 Intel Core i5-1240P /16.0""FHD+/ 1x8G/256GB SSD PCIe NVMe/ 4 Cell-54Whr/ Win 11 Microsoft Office Home andStudent 2021/ V6I5001W1-Gray",Cái,2.0000,37254545.00,0.00
621,banra,6,CÔNG TY TNHH MỘT THÀNH VIÊN HUY VŨ,Nguồn Jetek Model Y600T,Cái,20.0000,4909091.00,0.00
621,banra,6,CÔNG TY TNHH MỘT THÀNH VIÊN HUY VŨ,Vỏ thùng máy tính Jetek  EN22,Cái,10.0000,2272727.00,0.00
621,banra,6,CÔNG TY TNHH MỘT THÀNH VIÊN HUY VŨ,Vỏ thùng máy tính Jetek EN15,Cái,10.0000,2272727.00,0.00
621,banra,6,CÔNG TY TNHH MỘT THÀNH VIÊN HUY VŨ,Ổ cứng 250GB Kingston SSD NV1 M2 2280(SNVS/250G),Cái,1.0000,490909.00,0.00
621,banra,6,CÔNG TY TNHH MỘT THÀNH VIÊN HUY VŨ,"Thiết bị thu phát vô tuyến TP-Link,TL-WN722N",Cái,10.0000,1545455.00,0.00
621,banra,6,CÔNG TY TNHH MỘT THÀNH VIÊN HUY VŨ,Bàn phím  Logitech K120,Cái,20.0000,2690909.00,0.00
620,banra,6,CÔNG TY TNHH MỘT THÀNH VIÊN HUY VŨ,Mực in 8A Number One,Hộp,1.0000,318182.00,0.00
620,banra,6,CÔNG TY TNHH MỘT THÀNH VIÊN HUY VŨ,Bàn phím máy tính RAPOO V500L,Cái,1.0000,590909.00,0.00
619,banra,6,CÔNG TY TNHH MỘT THÀNH VIÊN HUY VŨ,MÀN HÌNH LCD 23.8 Inch LENOVO THINKVISION S24e-20 (62AEKAR2WW),Cái,1.0000,3181818.00,0.00
619,banra,6,CÔNG TY TNHH MỘT THÀNH VIÊN HUY VŨ,Máy tính bàn Lenovo ThinkCentre M70s Gen 3 - i3-12100 ( 4.3GHZ) - 4GB RAM - 256GB SSD - Wireless & Bluetooth - None-1Yr; P/n 11TC000PVA,Bộ,1.0000,9090909.00,0.00
618,banra,6,CÔNG TY TNHH MỘT THÀNH VIÊN HUY VŨ,MÁY IN BROTHER HL-L2321D,Cái,1.0000,2681818.00,0.00
617,banra,6,CÔNG TY TNHH MỘT THÀNH VIÊN HUY VŨ,Bộ nhớ trong của máy vi tính KINGSTON 8G D4 -3200,Cái,1.0000,500000.00,0.00
617,banra,6,CÔNG TY TNHH MỘT THÀNH VIÊN HUY VŨ,Bảng mạch chính của máy vi tính hiêu ASUS PRIMEH510M - K,Cái,1.0000,1422727.00,0.00
617,banra,6,CÔNG TY TNHH MỘT THÀNH VIÊN HUY VŨ,"Màn hình vi tính  Dell LCD E2216Hv 21.5"" WHD",Cái,1.0000,2090909.00,0.00
617,banra,6,CÔNG TY TNHH MỘT THÀNH VIÊN HUY VŨ,Chuột máy tính Logitech M221,Cái,1.0000,213636.00,0.00
617,banra,6,CÔNG TY TNHH MỘT THÀNH VIÊN HUY VŨ,"Thiết bị thu phát vô tuyến TP-Link 2.4Ghz,Archer T2U",Cái,1.0000,254546.00,0.00
616,banra,6,CÔNG TY TNHH MỘT THÀNH VIÊN HUY VŨ,ổ đĩa cứng GT Kingston 480GB A400(SA400S37/480G),Cái,1.0000,863636.00,0.00
616,banra,6,CÔNG TY TNHH MỘT THÀNH VIÊN HUY VŨ,Bộ nhớ trong Kingston 8GBD4 - 3200U C16,Cái,1.0000,636364.00,0.00
616,banra,6,CÔNG TY TNHH MỘT THÀNH VIÊN HUY VŨ,"Máy tính xách tay ThinkBook 14 G4 IAP i5-1240P/8Gb/512Gb/UHD/Fingerprint/Off Trial/Win11 H64SL/MINERAL_GREY/14""FHD, P/N: 21DH00B5VN",Chiếc,1.0000,14863636.00,0.00
615,banra,6,CÔNG TY TNHH MỘT THÀNH VIÊN HUY VŨ,BỘ MÁY VI TÍNH,BỘ,1.0000,9336364.00,0.00
614,banra,6,CÔNG TY TNHH MỘT THÀNH VIÊN HUY VŨ,Máy in hóa đơn XP-T80L,Cái,1.0000,1181818.00,0.00
613,banra,6,CÔNG TY TNHH MỘT THÀNH VIÊN HUY VŨ,CPU máy tính,Bộ,1.0000,7754545.00,0.00
612,banra,6,CÔNG TY TNHH MỘT THÀNH VIÊN HUY VŨ,Ổ cứng gắn trong Toshiba 4000gb,Cái,1.0000,2200000.00,0.00
612,banra,6,CÔNG TY TNHH MỘT THÀNH VIÊN HUY VŨ,Đầu ghi hình DS-7216HGHI-K1,Cái,1.0000,1863636.00,0.00
612,banra,6,CÔNG TY TNHH MỘT THÀNH VIÊN HUY VŨ,Camera quan sát DS-2CE17D0T-IT5(C),Cái,8.0000,5236364.00,0.00
612,banra,6,CÔNG TY TNHH MỘT THÀNH VIÊN HUY VŨ,"Camera kỹ thuật số có chức năng ghi hiệu EZVIZ mãCS-C8C (1080P,6MM)",Cái,1.0000,1054546.00,0.00
612,banra,6,CÔNG TY TNHH MỘT THÀNH VIÊN HUY VŨ,Dây cáp mạng Ensoho EN-F6CA24 FTP cat6(305m/h),Hộp,1.0000,1590909.00,0.00
612,banra,6,CÔNG TY TNHH MỘT THÀNH VIÊN HUY VŨ,Thẻ nhớ 128GB Micro SDXC Exceria UHS-I C10 U1100MB/s Kioxia (Không có Adapter),Cái,1.0000,318181.00,0.00
611,banra,6,CÔNG TY TNHH MỘT THÀNH VIÊN HUY VŨ,MÁY IN  Canon Laser LBP-2900,Cái,1.0000,3627273.00,0.00
610,banra,6,CÔNG TY TNHH MỘT THÀNH VIÊN HUY VŨ,"Máy tính xách tay Dell Latitude 3420, CTO Intel Core i3-1115G4 (2 Core,6M cache, base 3.0GHz, up to 4.10), MH 14 inch HD (1920 x 1080), RAM8GB, 256GB SSD, Intel® UHD Graphics, Ubuntu-L3420I3SSHD",Cái,1.0000,9045454.00,0.00
610,banra,6,CÔNG TY TNHH MỘT THÀNH VIÊN HUY VŨ,Máy In Canon Laser LBP-2900,Cái,1.0000,3627273.00,0.00
610,banra,6,CÔNG TY TNHH MỘT THÀNH VIÊN HUY VŨ,"Màn hình vi tính Dell LCD E2216Hv - 21.5"" WHD",Cái,1.0000,2427272.00,0.00
610,banra,6,CÔNG TY TNHH MỘT THÀNH VIÊN HUY VŨ,ổ đĩa cứng gắn trong máy vi tính 480GB hiệu KINGSTON A400 SATA3 2.5 SSD,Cái,3.0000,1800000.00,0.00
610,banra,6,CÔNG TY TNHH MỘT THÀNH VIÊN HUY VŨ,Bộ nhớ trong của máy vi tính KINGSTON 8G D4 - 2666U19 1RX8 UDIMM (KVR26N19S8/8),Cái,3.0000,1281819.00,0.00
609,banra,6,CÔNG TY TNHH MỘT THÀNH VIÊN HUY VŨ,Mực MP 3054/3554/2554,Hộp,1.0000,772727.00,0.00
608,banra,6,CÔNG TY TNHH MỘT THÀNH VIÊN HUY VŨ,Chuột máy tính  Dell MS116,Cái,10.0000,1181818.00,0.00
607,banra,6,CÔNG TY TNHH MỘT THÀNH VIÊN HUY VŨ,"Màn hình máy tính Lenovo H20215FE0 - ""E22-28 (H20215FE0)21.5 inch Monitor-HDMI, Linecord, 3YR WTYWarrantyCode:3years limited"", P/N:62B9MAR4WW",Chiếc,1.0000,2227273.00,0.00
607,banra,6,CÔNG TY TNHH MỘT THÀNH VIÊN HUY VŨ,Bàn phím có đèn nền màu đen Rapoo V500SE,Cái,1.0000,500000.00,0.00
606,banra,6,CÔNG TY TNHH MỘT THÀNH VIÊN HUY VŨ,Chuột máy tính Logitech M185,Cái,1.0000,181818.00,0.00
606,banra,6,CÔNG TY TNHH MỘT THÀNH VIÊN HUY VŨ,Mực Laser TN-2385 Brother,Hộp,1.0000,409091.00,0.00
605,banra,6,CÔNG TY TNHH MỘT THÀNH VIÊN HUY VŨ,Bảng mạch chính  Asus Prime H510MF,Cái,1.0000,1500000.00,0.00
605,banra,6,CÔNG TY TNHH MỘT THÀNH VIÊN HUY VŨ,ổ cứng gắn trong 240GB SSD Exceria BiCS FLASH 2.5''SATA3 Kioxia,Cái,1.0000,727273.00,0.00
605,banra,6,CÔNG TY TNHH MỘT THÀNH VIÊN HUY VŨ,Bộ nhớ trong  Kingston 4GD4-2666U19,Cái,1.0000,327273.00,0.00
605,banra,6,CÔNG TY TNHH MỘT THÀNH VIÊN HUY VŨ,Bộ vi xử lý lý Intel Pentium G6400,Cái,1.0000,1172727.00,0.00
604,banra,6,CÔNG TY TNHH MỘT THÀNH VIÊN HUY VŨ,Bộ nhớ trong Kingston 8GBD4-3200U,Cái,1.0000,727273.00,0.00
604,banra,6,CÔNG TY TNHH MỘT THÀNH VIÊN HUY VŨ,ổ cứng gắn trong 250GB SSD Exceria NVMe BiCS FLASHM.2 PCIe Kioxia,Cái,1.0000,890909.00,0.00
603,banra,6,CÔNG TY TNHH MỘT THÀNH VIÊN HUY VŨ,Máy hút bụi cầm tay Baseus A3 Car Vacuum Cleaner,CÁI,1.0000,1345455.00,0.00
603,banra,6,CÔNG TY TNHH MỘT THÀNH VIÊN HUY VŨ,BỘ LƯU ĐIỆN SANTAK - MÃ HÀNGC1K-LCD,Bộ,1.0000,6900000.00,0.00
603,banra,6,CÔNG TY TNHH MỘT THÀNH VIÊN HUY VŨ,Mực in HP CF-230A,Hộp,5.0000,8590909.00,0.00
603,banra,6,CÔNG TY TNHH MỘT THÀNH VIÊN HUY VŨ,Mực in HP W2090A,Hộp,2.0000,2527272.00,0.00
602,banra,6,CÔNG TY TNHH MỘT THÀNH VIÊN HUY VŨ,Bàn phím + chuột Logitech MK270,Cái,1.0000,500000.00,0.00
601,banra,6,CÔNG TY TNHH MỘT THÀNH VIÊN HUY VŨ,Điện thoại có dây Panasonic KXTSC11,Cái,1.0000,590909.00,0.00
600,banra,6,CÔNG TY TNHH MỘT THÀNH VIÊN HUY VŨ,LOA VI TÍNH MICROLAB B26 2.0,Bộ,1.0000,245455.00,0.00
599,banra,6,CÔNG TY TNHH MỘT THÀNH VIÊN HUY VŨ,"Máy tính xách tay HP PAVILION 15-eg2056TU I5 1240P/8GB/512GB/15.6"" FHD/ VANG/Windown 11 (6K786PA)",Cái,1.0000,13636364.00,0.00
598,banra,6,CÔNG TY TNHH MỘT THÀNH VIÊN HUY VŨ,Máy in Canon Laser LBP-2900,Cái,1.0000,3500000.00,0.00
598,banra,6,CÔNG TY TNHH MỘT THÀNH VIÊN HUY VŨ,"Ổ cứng máy tính  SSD Western WDS240G2G0A,240GB",Cái,10.0000,3545455.00,0.00
597,banra,6,CÔNG TY TNHH MỘT THÀNH VIÊN HUY VŨ,Đầu đọc mã vạch OD7200,Cái,3.0000,5863636.00,0.00
596,banra,6,CÔNG TY TNHH MỘT THÀNH VIÊN HUY VŨ,Mực in Brother BT5000M,Chai,2.0000,300000.00,0.00
595,banra,6,CÔNG TY TNHH MỘT THÀNH VIÊN HUY VŨ,Máy In  Brother HL-L2321D,Cái,1.0000,2681818.00,0.00
594,banra,6,CÔNG TY TNHH MỘT THÀNH VIÊN HUY VŨ,Chuột máy tính Logitech B100,Cái,1.0000,90909.00,0.00
594,banra,6,CÔNG TY TNHH MỘT THÀNH VIÊN HUY VŨ,Chuột máy tính Logitech M185,Cái,1.0000,227273.00,0.00
594,banra,6,CÔNG TY TNHH MỘT THÀNH VIÊN HUY VŨ,Hộp mực in Ecoplus 12A,Hộp,1.0000,118182.00,0.00
594,banra,6,CÔNG TY TNHH MỘT THÀNH VIÊN HUY VŨ,Bàn phím máy tính Rapoo NK2500,Cáii,1.0000,104545.00,0.00
593,banra,6,CÔNG TY TNHH MỘT THÀNH VIÊN HUY VŨ,Ổ đĩa cứng  GT Kingston 240GB(SA400M8/240G),Cái,1.0000,300000.00,0.00
593,banra,6,CÔNG TY TNHH MỘT THÀNH VIÊN HUY VŨ,Chuột vi tính Rapoo M20,Cái,1.0000,109091.00,0.00
592,banra,6,CÔNG TY TNHH MỘT THÀNH VIÊN HUY VŨ,"Máy tính bàn Lenovo Desktop ThinkCentre M70a Gen 3 -i3-12100( 4.3 GHZ) - 8GB RAM - 256GB SSD - 21.5 inch FHD -1Yr, P/n11VL0000VA",Bộ,1.0000,13536364.00,0.00
591,banra,6,CÔNG TY TNHH MỘT THÀNH VIÊN HUY VŨ,Thiết bị định tuyến TP-Link 2.4GHz/5GHz Archer C50,Cái,1.0000,436364.00,0.00
590,banra,6,CÔNG TY TNHH MỘT THÀNH VIÊN HUY VŨ,"ổ cứng lắp trong Western Digital 6TB 3.5""Sata3, màu tím(Purple) (WD64PURZ)",Cái,1.0000,5000000.00,0.00
589,banra,6,CÔNG TY TNHH MỘT THÀNH VIÊN HUY VŨ,Máy chiếu Panasonic PT-LB426,Cái,1.0000,16718182.00,0.00
589,banra,6,CÔNG TY TNHH MỘT THÀNH VIÊN HUY VŨ,Màn chiếu điện APW150ES,Chiếc,1.0000,2772727.00,0.00
589,banra,6,CÔNG TY TNHH MỘT THÀNH VIÊN HUY VŨ,Giá treo máy chiếu MS12,Cái,1.0000,363636.00,0.00
589,banra,6,CÔNG TY TNHH MỘT THÀNH VIÊN HUY VŨ,Cáp dữ liệu VIDEO HDMI 1.4 truyềnâm thanh hình ảnh dài 15M Ugreen(10111) DVT,Chiếc,1.0000,636364.00,0.00
588,banra,6,CÔNG TY TNHH MỘT THÀNH VIÊN HUY VŨ,"Bộ định tuyến có chức năng thuphát vô tuyến TP-LINK,2,4GHz/ W-CDMA FDD/GSM_TL-MR6400",Chiếc,1.0000,1136364.00,0.00
587,banra,6,CÔNG TY TNHH MỘT THÀNH VIÊN HUY VŨ,Máy in Canon Laser LBP-2900,Cái,1.0000,3627273.00,0.00
586,banra,6,CÔNG TY TNHH MỘT THÀNH VIÊN HUY VŨ,"Đầu ghi hình KTS 16 kênh (DH - NVR 4116HS -I), phụ kiện",Bộ,1.0000,1863636.00,0.00
585,banra,6,CÔNG TY TNHH MỘT THÀNH VIÊN HUY VŨ,Điện thoại có dây Panasonic KXTS500,Cái,1.0000,309091.00,0.00
585,banra,6,CÔNG TY TNHH MỘT THÀNH VIÊN HUY VŨ,Bàn phím Rapoo NK 2500,Cái,1.0000,109091.00,0.00
585,banra,6,CÔNG TY TNHH MỘT THÀNH VIÊN HUY VŨ,Chuột có dây Rapoo N100,Cái,1.0000,54545.00,0.00
584,banra,6,CÔNG TY TNHH MỘT THÀNH VIÊN HUY VŨ,"Ổ cứng máy tính SSD Western WDS250G2B0A,250GB",Cái 1,1.0000,818182.00,0.00
583,banra,6,CÔNG TY TNHH MỘT THÀNH VIÊN HUY VŨ,Nguồn Máy Vi Tính CM PC700 Elite V3,Cái,1.0000,1409091.00,0.00
582,banra,6,CÔNG TY TNHH MỘT THÀNH VIÊN HUY VŨ,Bàn phím  Rapoo NK2500,Cái,1.0000,109091.00,0.00
582,banra,6,CÔNG TY TNHH MỘT THÀNH VIÊN HUY VŨ,Chuột máy tinh Rapoo N100,Cái,1.0000,54545.00,0.00
581,banra,6,CÔNG TY TNHH MỘT THÀNH VIÊN HUY VŨ,"MÀN HÌNH  LCD-Dell E2016Hv 19.5""",Cái,1.0000,2772727.00,0.00
580,banra,6,CÔNG TY TNHH MỘT THÀNH VIÊN HUY VŨ,BỘ MÁY VI TÍNH,Bộ,1.0000,7627273.00,0.00
579,banra,6,CÔNG TY TNHH MỘT THÀNH VIÊN HUY VŨ,ổ cứng gắn trong 480GB SSD Exceria BiCS FLASH 2.5''SATA3 Kioxia,Cái,1.0000,881818.00,0.00
578,banra,6,CÔNG TY TNHH MỘT THÀNH VIÊN HUY VŨ,Ổ cứng di động 16GB U202 USB 2.0 Kioxia,Cái,2.0000,181818.00,0.00
577,banra,6,CÔNG TY TNHH MỘT THÀNH VIÊN HUY VŨ,"Máy tính xách DELL INSPIRON 14 I51235U/8GB/512GBSSD/14.0"" FHD TOUCH/W11+OFFice(N4I5021W) bạ",Cái,1.0000,18818182.00,0.00
576,banra,6,CÔNG TY TNHH MỘT THÀNH VIÊN HUY VŨ,"Máy tính xách DELL INSPIRON 14 I5 1235U/8GB/512GBSSD/14.0"" FHD TOUCH/W11+OFFice (N4I5021W) bạc",Cái,1.0000,18818182.00,0.00
575,banra,6,CÔNG TY TNHH MỘT THÀNH VIÊN HUY VŨ,"Máy tính xách tay DELL Vostro 3510 I51135G7/8GB/512GB/15.6"" FHD/NV-MX350 2GB/W11/(P112F002BBL)",Cái,1.0000,14090909.00,0.00
574,banra,6,CÔNG TY TNHH MỘT THÀNH VIÊN HUY VŨ,"Máy tính xách tay DELL Vostro 3510 I51135G7/8GB/512GB/15.6"" FHD/NV-MX350 2GB/W11/(P112F002BBL)",Cái,1.0000,14090909.00,0.00
573,banra,6,CÔNG TY TNHH MỘT THÀNH VIÊN HUY VŨ,"Máy tính xách tay DELL Vostro 3510 I51135G7/8GB/512GB/15.6"" FHD/NV-MX350 2GB/W11/(P112F002BBL)",Cái,1.0000,14090909.00,0.00
572,banra,6,CÔNG TY TNHH MỘT THÀNH VIÊN HUY VŨ,"Máy tính xách tay DELL Vostro 3510 I5 1135G7/8GB/512GB/15.6"" FHD/NV-MX350 2GB/W11/ (P112F002BBL)",Cái,1.0000,14090909.00,0.00
571,banra,6,CÔNG TY TNHH MỘT THÀNH VIÊN HUY VŨ,"Thiết bị trợ giảng không dây bao gồm:Loa cógắn vi mạch khuếch đại âm tần,tai nghe gắnmic,thắt lưng,cápsạcUSB,pin1200MAH.Model:KFMTG021S,dải tần từ 90hz -20khz,csloa:7W,pin:5V.Hiệu:Kungfu.Mới 100%",Cái,1.0000,1136364.00,0.00
570,banra,5,CÔNG TY TNHH MỘT THÀNH VIÊN HUY VŨ,Mực in 308 Number One,Hộp,1.0000,409091.00,0.00
569,banra,5,CÔNG TY TNHH MỘT THÀNH VIÊN HUY VŨ,Máy in Brother DCP-B7535DW,Cái,1.0000,5136364.00,0.00
568,banra,5,CÔNG TY TNHH MỘT THÀNH VIÊN HUY VŨ,"Màn hình máy tính Lenovo H20215FE0 - ""E22-28 (H20215FE0)21.5 inch Monitor-HDMI, Linecord, 3YR WTYWarranty"", P/N:62B9MAR4WW",Chiếc,1.0000,2445455.00,0.00
567,banra,5,CÔNG TY TNHH MỘT THÀNH VIÊN HUY VŨ,Chuột máy tính Logitech B100,Cái,5.0000,454545.00,0.00
780,banra,7,CÔNG TY TNHH MỘT THÀNH VIÊN HUY VŨ,"Máy tính xách tay Asus model B3402FEA - EC0714T 14.0"" Full HD / Touchscreen/INTEL I3 - 1115G4/ 8GBDDR4/256GB M.2 SSD /Fingerprint/NumberPad/Win 10home/TPM2.0/WIFI6+BT/50WH/BAG/STYLUS/WIRELESSMOUSE/ 2 YW OSS",Bộ,2.0000,16363636.00,0.00
780,banra,7,CÔNG TY TNHH MỘT THÀNH VIÊN HUY VŨ,MÀN HÌNH VI TÍNH (LCD) LENOVO ThinkVision S27e -2027.0INCH/1920x1080/IPS/WLED/VGA/HDMI/ĐEN/3Y(62AFKAR2WW),CÁI,5.0000,12272727.00,0.00
780,banra,7,CÔNG TY TNHH MỘT THÀNH VIÊN HUY VŨ,Máy in đa năng Brother DCP - T220,CÁI,3.0000,8863636.00,0.00
780,banra,7,CÔNG TY TNHH MỘT THÀNH VIÊN HUY VŨ,Máy in Brother HL - L2321D,CÁI,10.0000,23181818.00,0.00
780,banra,7,CÔNG TY TNHH MỘT THÀNH VIÊN HUY VŨ,"ổ cứng Western SSD 240GB Sata3, màuxanh - green (WDS240G3G0A)",Cái,40.0000,12363636.00,0.00
780,banra,7,CÔNG TY TNHH MỘT THÀNH VIÊN HUY VŨ,Bộ nhớ máy vi tính Kingmax 16GBDDR4-3200 (KM-LD4-3200-16GS),Cái,10.0000,6227273.00,0.00
780,banra,7,CÔNG TY TNHH MỘT THÀNH VIÊN HUY VŨ,Ổ đĩa cứng máy tính KingmaxSMQ32 240GB (Sata 3),Cái,30.0000,9272727.00,0.00
780,banra,7,CÔNG TY TNHH MỘT THÀNH VIÊN HUY VŨ,Bảng mạch chính của máy vi tính hiệu ASUS PRIMEH510M - K R2.0-CSM-SI,Cái,10.0000,13500000.00,0.00
780,banra,7,CÔNG TY TNHH MỘT THÀNH VIÊN HUY VŨ,Bộ nhớ máy tính xách tay Kingmax8GB DDR4-3200,Cái,15.0000,5318182.00,0.00
780,banra,7,CÔNG TY TNHH MỘT THÀNH VIÊN HUY VŨ,MÁY TÍNH XÁCH TAY (NB) LENOVO V14 G3 IAP i5 -1235U/8GD4/256GSSD/14.0FHD/WL/BT/2C38/NoOS/ĐEN(82TS0062VN),Cái,2.0000,20000000.00,0.00
780,banra,7,CÔNG TY TNHH MỘT THÀNH VIÊN HUY VŨ,ổ cứng gắn trong 240GB SSD Exceria BiCS FLASH 2.5''SATA3 Kioxia,Cái,20.0000,9927273.00,0.00
780,banra,7,CÔNG TY TNHH MỘT THÀNH VIÊN HUY VŨ,Ổ đĩa cứng máy tính KingmaxSA3080 128GB (M.2 Sata 3),Cái,10.0000,2954545.00,0.00
780,banra,7,CÔNG TY TNHH MỘT THÀNH VIÊN HUY VŨ,Ổ đĩa cứng máy tính KingmaxSA3080 256GB (M.2 Sata 3),Cái,10.0000,4136364.00,0.00
780,banra,7,CÔNG TY TNHH MỘT THÀNH VIÊN HUY VŨ,MÀN HÌNH LCD 23.8 Inch LENOVO THINKVISION S24e-20 (62AEKAR2WW),Cái,10.0000,21818182.00,0.00
780,banra,7,CÔNG TY TNHH MỘT THÀNH VIÊN HUY VŨ,"Màn hình máy tính Lenovo H20215FE0 - "" E22 - 28 (H20215FE0)21.5 inch Monitor-HDMI, Linecord, 3YR WTYWarrantyCode:3years limited"", P/N:62B9MAR4WW",Chiếc,9.0000,17181818.00,0.00
780,banra,7,CÔNG TY TNHH MỘT THÀNH VIÊN HUY VŨ,4K0Z7PA: Máy tính xách tay HP 14s- fq1080AU -AMD Ryzen3 5300U / 4GB DDR4-3200/ SSD 256GB /RadeonVegaGraphics/ 14” HD/ Windows 11 Home/NaturalSilver,Cái,2.0000,12727273.00,0.00
780,banra,7,CÔNG TY TNHH MỘT THÀNH VIÊN HUY VŨ,Máy In Canon Laser LBP - 2900,Cái,4.0000,12981818.00,0.00
779,banra,7,CÔNG TY TNHH MỘT THÀNH VIÊN HUY VŨ,"Thiết bị chuyển mạch TP-Link, TL - SG1024D",Cái,1.0000,1681818.00,0.00
778,banra,7,CÔNG TY TNHH MỘT THÀNH VIÊN HUY VŨ,MÁY TÍNH ĐỂ BÀN (PC)  HP AIO 22- dd2005d i3 -1215U/4GD4/256GSSD/21.5FHD/Wlac/BT5/KB/M/W11SL/TRẮNG(6K7G4PA),CÁI,1.0000,14363636.00,0.00
777,banra,7,CÔNG TY TNHH MỘT THÀNH VIÊN HUY VŨ,"Thiết bị đầu cuối GSM/W-CDMA FDD 2.4GHz TP-Link,M7000",Cái,1.0000,818182.00,0.00
776,banra,7,CÔNG TY TNHH MỘT THÀNH VIÊN HUY VŨ,Máy chiếu đa năng ViewSonic PS501X,Bộ,1.0000,13263636.00,0.00
775,banra,7,CÔNG TY TNHH MỘT THÀNH VIÊN HUY VŨ,Chuột máy tính Logitech M331,Cái,2.0000,490910.00,0.00
775,banra,7,CÔNG TY TNHH MỘT THÀNH VIÊN HUY VŨ,Bàn phím  Dell Multimedia KB216,Cái,2.0000,345454.00,0.00
774,banra,7,CÔNG TY TNHH MỘT THÀNH VIÊN HUY VŨ,ổ cứng di động 16GB U202 USB 2.0 Kioxia,Cái,19.0000,2159091.00,0.00
773,banra,7,CÔNG TY TNHH MỘT THÀNH VIÊN HUY VŨ,Màn hình LCD DELL SE2422H (23.8 inch/FHD/IPS/75Hz/VGA+HDMI/LED),Cái,1.0000,3181818.00,0.00
773,banra,7,CÔNG TY TNHH MỘT THÀNH VIÊN HUY VŨ,Chuột máy tính  Dell MS116,Cái,1.0000,81818.00,0.00
772,banra,7,CÔNG TY TNHH MỘT THÀNH VIÊN HUY VŨ,Bàn phím Dell Multimedia KB216,Cái,1.0000,136364.00,0.00
771,banra,7,CÔNG TY TNHH MỘT THÀNH VIÊN HUY VŨ,Túi Xách TUCANO 15.6' (Blue),CÁI,1.0000,1950000.00,0.00
770,banra,7,CÔNG TY TNHH MỘT THÀNH VIÊN HUY VŨ,"Máy tính xách tay Dell Vostro 3430 (i7-1355U, 16GB,512GB SSD, 14.0"" FHD, NV-MX550/2GB, Win11,Office HS 21, Xám, P152G008)(V3430-i7U165W11GRD2)",Cái,1.0000,23650000.00,0.00
770,banra,7,CÔNG TY TNHH MỘT THÀNH VIÊN HUY VŨ,"Chuột bluetooth Logitech M650L, màu đen(910-006247)",Cái,1.0000,750000.00,0.00
769,banra,7,CÔNG TY TNHH MỘT THÀNH VIÊN HUY VŨ,"Máy tính xách tay MSI Katana GF6612UCK - 815VN /Alder Lake i5-12450H/512GB SSD/DDR4 8GB(3200MHz)/RTX3050 GDDR6 4GB/15.6""FHD/WIN11/màu đen/ ba lô",Cái,1.0000,17954545.00,0.00
768,banra,7,CÔNG TY TNHH MỘT THÀNH VIÊN HUY VŨ,Đầu máy in kim Epson LQ 310,Bộ,3.0000,5100000.00,0.00
767,banra,7,CÔNG TY TNHH MỘT THÀNH VIÊN HUY VŨ,Bàn phím Logitech K120,Cái,5.0000,863636.00,0.00
767,banra,7,CÔNG TY TNHH MỘT THÀNH VIÊN HUY VŨ,Chuột máy tính Logitech B100,Cái,5.0000,454545.00,0.00
767,banra,7,CÔNG TY TNHH MỘT THÀNH VIÊN HUY VŨ,Cạc mạng  PCI Gigabit TP -Link - TG - 3468,Cái,1.0000,209091.00,0.00
766,banra,7,CÔNG TY TNHH MỘT THÀNH VIÊN HUY VŨ,BỘ MÁY VI TÍNH,BỘ,1.0000,11590909.00,0.00
765,banra,7,CÔNG TY TNHH MỘT THÀNH VIÊN HUY VŨ,Máy in Brother HL - L2321D,Cái,1.0000,2636364.00,0.00
764,banra,7,CÔNG TY TNHH MỘT THÀNH VIÊN HUY VŨ,Ổ cứng Kingmax SSD Sata III 240GB SMV32,Cái,1.0000,354545.00,0.00
763,banra,7,CÔNG TY TNHH MỘT THÀNH VIÊN HUY VŨ,BỘ LƯU ĐIỆN Santak-TG1000,Bộ,1.0000,2263636.00,0.00
762,banra,7,CÔNG TY TNHH MỘT THÀNH VIÊN HUY VŨ,Bàn phím Keyboard NK2500,Cái,1.0000,118182.00,0.00
762,banra,7,CÔNG TY TNHH MỘT THÀNH VIÊN HUY VŨ,Chuột máy tính  Logitech   M185,Cái,1.0000,181818.00,0.00
762,banra,7,CÔNG TY TNHH MỘT THÀNH VIÊN HUY VŨ,Mực  Laser TN - 2385 Brother,Hộp,1.0000,400000.00,0.00
761,banra,7,CÔNG TY TNHH MỘT THÀNH VIÊN HUY VŨ,Tủ Rack 6U​D400,Cái,1.0000,818182.00,0.00
760,banra,7,CÔNG TY TNHH MỘT THÀNH VIÊN HUY VŨ,Máy in đa năng Brother MFC - L2701D,Cái,1.0000,4990909.00,0.00
759,banra,7,CÔNG TY TNHH MỘT THÀNH VIÊN HUY VŨ,Hộp mực in Ecoplus 12A/303/FX9,Hộp,1.0000,118182.00,0.00
758,banra,7,CÔNG TY TNHH MỘT THÀNH VIÊN HUY VŨ,Phần mềm Kaspersky KL1867MUAFS,Cái,1.0000,300000.00,0.00
757,banra,7,CÔNG TY TNHH MỘT THÀNH VIÊN HUY VŨ,MÁY TÍNH XÁCH TAY (NB) LENOVO V14 G3 IAP i5 -1235U/8GD4/256GSSD/14.0FHD/WL/BT/2C38/NoOS/ĐEN(82TS0062VN),CÁI,1.0000,14081818.00,0.00
756,banra,7,CÔNG TY TNHH MỘT THÀNH VIÊN HUY VŨ,Bộ lưu điện Santak - TG500,Bộ,1.0000,1045455.00,0.00
755,banra,7,CÔNG TY TNHH MỘT THÀNH VIÊN HUY VŨ,Mực Laser Đen Premium,Hộp,6.0000,354545.00,0.00
755,banra,7,CÔNG TY TNHH MỘT THÀNH VIÊN HUY VŨ,Trục từ 26A,Cái,3.0000,272727.00,0.00
754,banra,7,CÔNG TY TNHH MỘT THÀNH VIÊN HUY VŨ,Loa SoundMax A2130 / 2.1,Bộ,1.0000,1318182.00,0.00
753,banra,7,CÔNG TY TNHH MỘT THÀNH VIÊN HUY VŨ,Mực in 308 Number One,Hộp,1.0000,418182.00,0.00
752,banra,7,CÔNG TY TNHH MỘT THÀNH VIÊN HUY VŨ,"Máy tính xách tay Dell Vostro 3520 Intel Core i3 - 1215U,15.6""FHD, 1x8G,256GB SSD PCIe NVMe, 3 Cell-41Whr, Win11, Office H&S 2021,V5I3614W1-Gray",Bộ,1.0000,11718182.00,0.00
752,banra,7,CÔNG TY TNHH MỘT THÀNH VIÊN HUY VŨ,Máy In Canon Laser LBP - 2900,Cái,1.0000,3627273.00,0.00
751,banra,7,CÔNG TY TNHH MỘT THÀNH VIÊN HUY VŨ,"Ổ CỨNG DI ĐỘNG (HDD) SEAGATE ONE TOUCH 1TB2.5"" USB 3.0 - ĐEN (BLACK)(STKY1000400)",Cái,1.0000,1318182.00,0.00
751,banra,7,CÔNG TY TNHH MỘT THÀNH VIÊN HUY VŨ,Bộ nhớ máy vi tính Kingmax 8GBDDR4-2400,Cái,1.0000,354545.00,0.00
751,banra,7,CÔNG TY TNHH MỘT THÀNH VIÊN HUY VŨ,Chuột máy tính Logitech M221,Cái,1.0000,227273.00,0.00
750,banra,7,CÔNG TY TNHH MỘT THÀNH VIÊN HUY VŨ,MÁY TÍNH XÁCH TAY DELL LATITUDE 3420 L3420I5SSD (Core i5-1135G7 | 8GB | 256GB | Intel Iris Xe | 14.0 inch HD | Fedora | Đen),Cái,1.0000,13727273.00,0.00
749,banra,7,CÔNG TY TNHH MỘT THÀNH VIÊN HUY VŨ,Hộp mực  in Izinet 12A/303/FX9,Hộp,1.0000,200000.00,0.00
748,banra,7,CÔNG TY TNHH MỘT THÀNH VIÊN HUY VŨ,"Bộ định tuyến có chức năng thuphát vô tuyến TP-LINK, 2,4GHz/ W-CDMA FDD/GSM_TL-MR6400",Cái,1.0000,1136364.00,0.00
748,banra,7,CÔNG TY TNHH MỘT THÀNH VIÊN HUY VŨ,Chuột máy tính Logitech M185,Cái,1.0000,181818.00,0.00
748,banra,7,CÔNG TY TNHH MỘT THÀNH VIÊN HUY VŨ,Bàn phím  Dell Multimedia KB216,Cái,1.0000,136363.00,0.00
747,banra,7,CÔNG TY TNHH MỘT THÀNH VIÊN HUY VŨ,Máy in hóa đơn XP-T80L,Cái,1.0000,809091.00,0.00
746,banra,7,CÔNG TY TNHH MỘT THÀNH VIÊN HUY VŨ,Máy scan tài liệu Brother ADS - 3100,Cái,3.0000,18818182.00,0.00
745,banra,7,CÔNG TY TNHH MỘT THÀNH VIÊN HUY VŨ,Mực laser đen Brother 2240,Chai,10.0000,363636.00,0.00
744,banra,7,CÔNG TY TNHH MỘT THÀNH VIÊN HUY VŨ,Máy In Canon Laser LBP - 2900,Cái,1.0000,3627273.00,0.00
743,banra,7,CÔNG TY TNHH MỘT THÀNH VIÊN HUY VŨ,Bàn phím Rapoo V500L,Cái,1.0000,609091.00,0.00
742,banra,7,CÔNG TY TNHH MỘT THÀNH VIÊN HUY VŨ,"Ổ CỨNG DI ĐỘNG (HDD) SEAGATE ONE TOUCH 1TB2.5"" USB 3.0 - ĐEN (BLACK)(STKY1000400)",Cái,1.0000,1209091.00,0.00
742,banra,7,CÔNG TY TNHH MỘT THÀNH VIÊN HUY VŨ,Chuột máy tính Logitech M185,Cái,2.0000,363636.00,0.00
741,banra,7,CÔNG TY TNHH MỘT THÀNH VIÊN HUY VŨ,Máy tính bàn Lenovo ThinkCentre M70s Gen 3 - i3-12100 ( 4.3GHZ) - 4GB RAM - 256GB SSD - Wireless & Bluetooth - None-1Yr; P/n 11TC000PVA,Bộ,1.0000,8500000.00,0.00
741,banra,7,CÔNG TY TNHH MỘT THÀNH VIÊN HUY VŨ,Bàn phím  Dell Multimedia KB 216,Cái,1.0000,136364.00,0.00
741,banra,7,CÔNG TY TNHH MỘT THÀNH VIÊN HUY VŨ,Thiết bị truyền ảnh Webcam Logitech C270,Cái,1.0000,409091.00,0.00
740,banra,7,CÔNG TY TNHH MỘT THÀNH VIÊN HUY VŨ,Nguồn máy tính Jetek mini A200m,Cái,1.0000,318182.00,0.00
739,banra,7,CÔNG TY TNHH MỘT THÀNH VIÊN HUY VŨ,Bộ nhớ máy vi tính Kingmax 8GBDDR4-3200 (KM-LD4-3200-8GS),Cái,1.0000,681818.00,0.00
739,banra,7,CÔNG TY TNHH MỘT THÀNH VIÊN HUY VŨ,Ổ đĩa cứng máy tính KingmaxSMQ32 240GB (Sata 3),Cái,1.0000,545455.00,0.00
738,banra,7,CÔNG TY TNHH MỘT THÀNH VIÊN HUY VŨ,Phần mềm  Kaspersky KL1941MCCFS,Cái,1.0000,900000.00,0.00
737,banra,7,CÔNG TY TNHH MỘT THÀNH VIÊN HUY VŨ,Máy In Canon Laser LBP-2900,Cái,1.0000,3627273.00,0.00
736,banra,7,CÔNG TY TNHH MỘT THÀNH VIÊN HUY VŨ,Máy in Brother HL - L2321D,Cái,20.0000,46363636.00,0.00
736,banra,7,CÔNG TY TNHH MỘT THÀNH VIÊN HUY VŨ,Máy In Canon Laser LBP - 2900,Cái,10.0000,32454545.00,0.00
736,banra,7,CÔNG TY TNHH MỘT THÀNH VIÊN HUY VŨ,Máy in đa năng Brother DCP - T220,Cái,2.0000,5909091.00,0.00
736,banra,7,CÔNG TY TNHH MỘT THÀNH VIÊN HUY VŨ,Máy In Canon Laser LBP 6030,Cái,3.0000,6136364.00,0.00
735,banra,7,CÔNG TY TNHH MỘT THÀNH VIÊN HUY VŨ,Máy chiếu đa năng ViewSonic PA503W,Bộ,1.0000,11354545.00,0.00
735,banra,7,CÔNG TY TNHH MỘT THÀNH VIÊN HUY VŨ,Tai nghe SoundMax AH304,Cái,1.0000,254546.00,0.00
734,banra,7,CÔNG TY TNHH MỘT THÀNH VIÊN HUY VŨ,ổ cứng gắn trong 240GB SSD Exceria BiCS FLASH 2.5''SATA3 Kioxia,Cái,1.0000,545455.00,0.00
734,banra,7,CÔNG TY TNHH MỘT THÀNH VIÊN HUY VŨ,Loa SoundMax A150/2.0,Bộ,1.0000,227273.00,0.00
734,banra,7,CÔNG TY TNHH MỘT THÀNH VIÊN HUY VŨ,Chuột máy tính Logitech M185,Cái,1.0000,181818.00,0.00
734,banra,7,CÔNG TY TNHH MỘT THÀNH VIÊN HUY VŨ,Mực  Laser TN-2385 Brother,Hộp,1.0000,409090.00,0.00
733,banra,7,CÔNG TY TNHH MỘT THÀNH VIÊN HUY VŨ,"Màn hình máy tính Lenovo H20215FE0 - "" E22-28(H20215FE0) 21.5 inch Monitor - HDMI, Linecord, P/N:62B9MAR4WW",Chiếc,1.0000,2445455.00,0.00
733,banra,7,CÔNG TY TNHH MỘT THÀNH VIÊN HUY VŨ,Máy tính bàn Lenovo ThinkCentre M70s Gen 3 i5-12400(4.4GHZ)- 8GB RAM - 256 SSD- Wireless & Bluetooth - None -1Yr; P/n11TC000TVA,Bộ,1.0000,11354545.00,0.00
733,banra,7,CÔNG TY TNHH MỘT THÀNH VIÊN HUY VŨ,Thiết bị thu phát vô tuyến TP-LINK_TL-WA850RE,Chiếc,2.0000,381818.00,0.00
733,banra,7,CÔNG TY TNHH MỘT THÀNH VIÊN HUY VŨ,"Chuột vi tính hiệu Rapoo mới 100%. Item no:12091, Model: M650 Silent BR_F-Yellow Green",Cái,2.0000,481818.00,0.00
732,banra,7,CÔNG TY TNHH MỘT THÀNH VIÊN HUY VŨ,"Máy tính xách tay Asus model B3402FEA - EC0714T 14.0"" Full HD / Touchscreen/INTEL I3 - 1115G4/ 8GB DDR4/256GB M.2 SSD /Fingerprint/NumberPad/Win 10 home/TPM2.0/WIFI6+BT/50WH/BAG/STYLUS/WIRELESS MOUSE/ 2 YW OSS",Bộ,2.0000,16363636.00,0.00
732,banra,7,CÔNG TY TNHH MỘT THÀNH VIÊN HUY VŨ,MÁY TÍNH XÁCH TAY (NB) LENOVO V14 G3 IAP i3 -1215U/4GD4/256GSSD/14.0FHD/WL/BT/2C38/NoOS/ĐEN (82TS0067VN),CÁI,2.0000,16545454.00,0.00
732,banra,7,CÔNG TY TNHH MỘT THÀNH VIÊN HUY VŨ,"Máy tính xách tay Lenovo ThinkPad E15 Gen 4 -I5- 1235U(4.4G)-8Gb RAM - 512GB SSD - WF+BL,Fingerprint-15.6'' FHD - Dos - 2Yrs; P/N 21E600CFVA",Chiếc,1.0000,15000000.00,0.00
732,banra,7,CÔNG TY TNHH MỘT THÀNH VIÊN HUY VŨ,Máy in Brother HL - L2321D,Cái,20.0000,46363636.00,0.00
732,banra,7,CÔNG TY TNHH MỘT THÀNH VIÊN HUY VŨ,"Máy tính xách tay MSI Katana GF6612UCK - 815VN /Alder Lake i5-12450H/512GB SSD/DDR4 8GB(3200MHz)/RTX3050 GDDR6 4GB/15.6""FHD/WIN11/màu đen/ ba lô",Cái,1.0000,15909090.00,0.00
732,banra,7,CÔNG TY TNHH MỘT THÀNH VIÊN HUY VŨ,"Máy tính xách tay MSI Katana GF6612UCK - 699VN/Alder Lake i5-12450H/512GB SSD/DDR4 8GB(3200MHz)/RTX3050 GDDR6 4GB/15.6""FHD/WIN 11/màu đen/ba lô",Cái,1.0000,15454545.00,0.00
732,banra,7,CÔNG TY TNHH MỘT THÀNH VIÊN HUY VŨ,Camera quan sát CS-C6N (1080P),Cái,50.0000,18181818.00,0.00
732,banra,7,CÔNG TY TNHH MỘT THÀNH VIÊN HUY VŨ,"Camera kỹ thuật số có chức năng ghi hiệu EZVIZ mãCS-C1C(1080P,H.265) - Hỗ trợ thẻ nhớ trong",Cái,20.0000,6909100.00,0.00
732,banra,7,CÔNG TY TNHH MỘT THÀNH VIÊN HUY VŨ,Thiết bị thu phát vô tuyến TPLINK_TL- WN725N,Chiếc,15.0000,1459091.00,0.00
732,banra,7,CÔNG TY TNHH MỘT THÀNH VIÊN HUY VŨ,Thiết bị chuyển mạch TPLINK_TL- SF 1005D,Chiếc,20.0000,2218180.00,0.00
732,banra,7,CÔNG TY TNHH MỘT THÀNH VIÊN HUY VŨ,Máy In Canon Laser LBP-2900,Cái,10.0000,31818180.00,0.00
732,banra,7,CÔNG TY TNHH MỘT THÀNH VIÊN HUY VŨ,"Chuột vi tính hiệu Rapoo mới 100%. Item no:18823, Model: M20, Wireless Optical MouseBLACK",Cái,200.0000,20909090.00,0.00
731,banra,7,CÔNG TY TNHH MỘT THÀNH VIÊN HUY VŨ,Thẻ nhớ 64GB Micro SDXC Exceria UHS-I C10 U1100MB/s Kioxia (Không có Adapter),Cái,2.0000,218182.00,0.00
731,banra,7,CÔNG TY TNHH MỘT THÀNH VIÊN HUY VŨ,Chuột vi tính  Rapoo M20,Cái,2.0000,245454.00,0.00
731,banra,7,CÔNG TY TNHH MỘT THÀNH VIÊN HUY VŨ,Tai nghe Logitech H370,Cái,1.0000,400000.00,0.00
730,banra,7,CÔNG TY TNHH MỘT THÀNH VIÊN HUY VŨ,"Máy Tính Xách tay DELL Inspiron 16-5620 I71255U/8GB/512GB NVME/16.0"" FHD/Window 11 /Màu Bạc(N6I7110W1)",Cái,1.0000,18000000.00,0.00
729,banra,7,CÔNG TY TNHH MỘT THÀNH VIÊN HUY VŨ,"Máy Tính Xách tay DELL Inspiron 16-5620 I7 1255U/8GB/512GB NVME/16.0"" FHD/Window 11 /Màu Bạc (N6I7110W1)",Cái,1.0000,18000000.00,0.00
728,banra,7,CÔNG TY TNHH MỘT THÀNH VIÊN HUY VŨ,"Máy tính xách tay DELL Vostro 5620 I5-1240P/8GB/256GB NVME/16.0"" FHD/Window 11(V6I5001W1)",Cái,1.0000,15909091.00,0.00
727,banra,7,CÔNG TY TNHH MỘT THÀNH VIÊN HUY VŨ,Bộ nhớ máy vi tính Kingmax 8GBDDR4 - 3200 (KM-LD4-3200-8GS),Cái,1.0000,381818.00,0.00
726,banra,7,CÔNG TY TNHH MỘT THÀNH VIÊN HUY VŨ,"Máy tính xách tay MSI Alpha 17 B5EEK031VN / Ryzen 7 5800H / 512GBSSD/ 8GB/ RX6600M8GB/ 17.3""FHD/ 144Hz/ WIN 11/ màu đen,ba lô",Cái,1.0000,20354545.00,0.00
725,banra,7,CÔNG TY TNHH MỘT THÀNH VIÊN HUY VŨ,MÁY QUÉT ẢNH HOẶC TÀI LIỆU HP SCAN JET PRO2000 S2 SCANNER (6FW06A),Cái,1.0000,7227273.00,0.00
724,banra,7,CÔNG TY TNHH MỘT THÀNH VIÊN HUY VŨ,Máy In Canon Laser LBP-2900,Cái,1.0000,3954545.00,0.00
723,banra,7,CÔNG TY TNHH MỘT THÀNH VIÊN HUY VŨ,ổ cứng gắn trong 250GB SSD Exceria NVMe BiCS FLASHM.2 PCIe Kioxia,Cái,1.0000,590909.00,0.00
722,banra,7,CÔNG TY TNHH MỘT THÀNH VIÊN HUY VŨ,"Màn hình vi tính  Dell LCD  E2216Hv - 21.5"" WHD",Cái,1.0000,1954545.00,0.00
721,banra,7,CÔNG TY TNHH MỘT THÀNH VIÊN HUY VŨ,Mực  in phun Brother BTD60BK,Chai,2.0000,454546.00,0.00
721,banra,7,CÔNG TY TNHH MỘT THÀNH VIÊN HUY VŨ,Mực in phun Brother BT5000,Chai,2.0000,327272.00,0.00
720,banra,7,CÔNG TY TNHH MỘT THÀNH VIÊN HUY VŨ,Thiết bị định tuyến  TP-Link 2.4GHz/5GHz Archer C20,Cái,1.0000,427272.00,0.00
720,banra,7,CÔNG TY TNHH MỘT THÀNH VIÊN HUY VŨ,"Thiết bị chuyển mạch TP-Link, TL-SF1005D",Cái,2.0000,236364.00,0.00
719,banra,7,CÔNG TY TNHH MỘT THÀNH VIÊN HUY VŨ,Hộp mực  in Ecoplus 12A/303/FX9,Hộp,1.0000,136364.00,0.00
718,banra,7,CÔNG TY TNHH MỘT THÀNH VIÊN HUY VŨ,MỰC IN  Brother TN-B022,Hộp,1.0000,500000.00,0.00
717,banra,7,CÔNG TY TNHH MỘT THÀNH VIÊN HUY VŨ,Máy In Canon Laser LBP-2900,Cái,1.0000,3627273.00,0.00
717,banra,7,CÔNG TY TNHH MỘT THÀNH VIÊN HUY VŨ,Bàn phím RAPOO NK2500,Cái,1.0000,136364.00,0.00
717,banra,7,CÔNG TY TNHH MỘT THÀNH VIÊN HUY VŨ,Chuột máy tính N100.BLACK - Optical Mouse,Cái,1.0000,72727.00,0.00
716,banra,7,CÔNG TY TNHH MỘT THÀNH VIÊN HUY VŨ,MÁY IN  Brother HL-L2321D,Cái,1.0000,2636364.00,0.00
715,banra,7,CÔNG TY TNHH MỘT THÀNH VIÊN HUY VŨ,Bộ máy vi tính để bàn (CPU Intel core I3 - 10105 / Ram 4gb / Ssd 240gb),Bộ,1.0000,8918182.00,0.00
715,banra,7,CÔNG TY TNHH MỘT THÀNH VIÊN HUY VŨ,"Màn hình máy tính Lenovo  E22 -28  / 21.5 inch Monitor-HDMI, Linecord, P/N:62B9MAR4WW",Chiếc,1.0000,2445454.00,0.00
714,banra,7,CÔNG TY TNHH MỘT THÀNH VIÊN HUY VŨ,"Chuột vi tính hiệu Rapoo mới 100%. Item no:12091, Model: M650Silent BR_F-Yellow Green",Cái,2.0000,527273.00,0.00
714,banra,7,CÔNG TY TNHH MỘT THÀNH VIÊN HUY VŨ,"Ổ cứng SSD Western WDS500G2B0A ,500GB, Sata3 2.5""",Cái,1.0000,1281818.00,0.00
714,banra,7,CÔNG TY TNHH MỘT THÀNH VIÊN HUY VŨ,ổ cứng gắn trong 240GB SSD Exceria BiCS FLASH 2.5''SATA3 Kioxia,Cái,8.0000,4509091.00,0.00
714,banra,7,CÔNG TY TNHH MỘT THÀNH VIÊN HUY VŨ,Bộ vi xử lý vi tính Intel Corei5-10400 (BX8070110400SRH3C) +Quạt,Cái,1.0000,3000000.00,0.00
714,banra,7,CÔNG TY TNHH MỘT THÀNH VIÊN HUY VŨ,Mạch chính vi tính Gigabyte H510MH,Cái,1.0000,1563636.00,0.00
714,banra,7,CÔNG TY TNHH MỘT THÀNH VIÊN HUY VŨ,Bộ nhớ trong RAM DESKTOP LEXAR U­DIMM DDR48GB_LD4AU008G­B3200GSST,Cái,1.0000,418182.00,0.00
714,banra,7,CÔNG TY TNHH MỘT THÀNH VIÊN HUY VŨ,"Ổ đĩa cứng  GT Kingston 2.5"" SSD (SA400S37/240G)",Cái,1.0000,354546.00,0.00
714,banra,7,CÔNG TY TNHH MỘT THÀNH VIÊN HUY VŨ,Vỏ thùng máy tính  Jetek EN15,Cái,1.0000,250000.00,0.00
714,banra,7,CÔNG TY TNHH MỘT THÀNH VIÊN HUY VŨ,Nguồn Jetek Model Y600T,Cái,1.0000,250000.00,0.00
714,banra,7,CÔNG TY TNHH MỘT THÀNH VIÊN HUY VŨ,Bàn phím  Logitech K120,Cái,5.0000,659091.00,0.00
714,banra,7,CÔNG TY TNHH MỘT THÀNH VIÊN HUY VŨ,"Thiết bị chuyển mạch  TP -Link, TL-SF1016D",Cái,1.0000,381818.00,0.00
714,banra,7,CÔNG TY TNHH MỘT THÀNH VIÊN HUY VŨ,Chuột máy tính N100.BLACK - Optical Mouse,Cái,22.0000,1000000.00,0.00
714,banra,7,CÔNG TY TNHH MỘT THÀNH VIÊN HUY VŨ,Bàn phím RAPOO NK2500,Cái,22.0000,2400000.00,0.00
713,banra,7,CÔNG TY TNHH MỘT THÀNH VIÊN HUY VŨ,Máy  in Brother HL - L2321D,Cái,1.0000,2363636.00,0.00
713,banra,7,CÔNG TY TNHH MỘT THÀNH VIÊN HUY VŨ,"Thiết bị định tuyến TP - Link 300M, 2.4GHz,TL- WR841N",Cái,1.0000,245455.00,0.00
713,banra,7,CÔNG TY TNHH MỘT THÀNH VIÊN HUY VŨ,Bàn phím Dell Multimedia KB216,Cái,2.0000,272728.00,0.00
713,banra,7,CÔNG TY TNHH MỘT THÀNH VIÊN HUY VŨ,Chuột máy tính  Dell MS116,Cái,2.0000,145454.00,0.00
712,banra,7,CÔNG TY TNHH MỘT THÀNH VIÊN HUY VŨ,Mực  in phun Brother BT5000M,Chai,1.0000,181818.00,0.00
712,banra,7,CÔNG TY TNHH MỘT THÀNH VIÊN HUY VŨ,Mực  in phun Brother BT5000C,Chai,1.0000,181818.00,0.00
712,banra,7,CÔNG TY TNHH MỘT THÀNH VIÊN HUY VŨ,Mực  in phun Brother BT5000Y,Chai,1.0000,181818.00,0.00
711,banra,7,CÔNG TY TNHH MỘT THÀNH VIÊN HUY VŨ,"Thiết bị định tuyến TP-Link 2.4GHz,Archer C6",Cái,5.0000,3541818.00,0.00
710,banra,7,CÔNG TY TNHH MỘT THÀNH VIÊN HUY VŨ,Máy in đa năng Brother DCP-T220,Cái,1.0000,3263636.00,0.00
709,banra,7,CÔNG TY TNHH MỘT THÀNH VIÊN HUY VŨ,"Ổ CỨNG DI ĐỘNG (HDD) SEAGATE ONE TOUCH 1TB2.5"" USB 3.0 - XÁM (GREY)(STKY1000404)",Cái,1.0000,1327273.00,0.00
708,banra,7,CÔNG TY TNHH MỘT THÀNH VIÊN HUY VŨ,Hộp mực in Izinet 12A/303/FX9,Hộp,1.0000,309091.00,0.00
707,banra,7,CÔNG TY TNHH MỘT THÀNH VIÊN HUY VŨ,Chuột vi tính có dây Rapoo N100,Cái,2.0000,145454.00,0.00
707,banra,7,CÔNG TY TNHH MỘT THÀNH VIÊN HUY VŨ,Bàn phím Rapoo NK2500,Cái,2.0000,272728.00,0.00
706,banra,7,CÔNG TY TNHH MỘT THÀNH VIÊN HUY VŨ,Thiết bị định tuyến TP-Link 2.4GHz/5GHz Archer C50,Cái,5.0000,2136364.00,0.00
705,banra,7,CÔNG TY TNHH MỘT THÀNH VIÊN HUY VŨ,"Máy tính xách tay LenovoThinkPad E15 Gen 4, i7-1255U,8GB, 512GB SSD, Intel Iris XeGraphics, 15.6"" FHD, 3C 45Wh,ax+BT, FP, No OS, Đen (Black),2Y WTY_21E600CMVA",Chiếc,1.0000,19181818.00,0.00
705,banra,7,CÔNG TY TNHH MỘT THÀNH VIÊN HUY VŨ,Bộ nhớ máy tính xách tay Kingmax16GB/ DDR4-3200,Cái,1.0000,1354546.00,0.00
705,banra,7,CÔNG TY TNHH MỘT THÀNH VIÊN HUY VŨ,Máy in Brother HL-L2321D,Cái,4.0000,9781818.00,0.00
705,banra,7,CÔNG TY TNHH MỘT THÀNH VIÊN HUY VŨ,Máy tính bàn Lenovo ThinkCentre M70s Gen 3 i5-12400(4.4GHZ)- 8GB RAM - 256 SSD- Wireless & Bluetooth - None -1Yr; P/n11TC000TVA,Bộ,2.0000,19718182.00,0.00
704,banra,7,CÔNG TY TNHH MỘT THÀNH VIÊN HUY VŨ,Cáp dữ liệu VIDEO HDMI 1.4 truyền âm thanh hình ảnh dài5M Ugreen (10109),Chiếc,1.0000,427273.00,0.00
703,banra,7,CÔNG TY TNHH MỘT THÀNH VIÊN HUY VŨ,"Máy tính xách tay Dell Latitude 3420, CTO Intel Core i3-1115G4 (2 Core,6M cache, base 3.0GHz, up to 4.10), MH 14 inch HD (1366 x 768), RAM8GB, 256GB SSD, Intel® UHD Graphics, Ubuntu",Bộ,8.0000,80727273.00,0.00
702,banra,7,CÔNG TY TNHH MỘT THÀNH VIÊN HUY VŨ,Máy chiếu đa năng ViewSonic PA503W,Cái,1.0000,11809091.00,0.00
701,banra,7,CÔNG TY TNHH MỘT THÀNH VIÊN HUY VŨ,"MÁY TÍNH XÁCH TAY HP Pavilion 15- eg2083TU(i5-1240P, 8GD4, 512GBSSD, 15.6FHD, Wlax,BT5,3C41WHr_7C0W9PA)",Cái,1.0000,14990909.00,0.00
700,banra,7,CÔNG TY TNHH MỘT THÀNH VIÊN HUY VŨ,Bộ máy vi tính intel core  i3 - 12100,Bộ,2.0000,18009090.00,0.00
700,banra,7,CÔNG TY TNHH MỘT THÀNH VIÊN HUY VŨ,Màn hình  LCD Dell S2421H 23.5 inch,Cái,1.0000,3636364.00,0.00
700,banra,7,CÔNG TY TNHH MỘT THÀNH VIÊN HUY VŨ,Máy In Canon Laser LBP226DW,Cái,1.0000,5627273.00,0.00
699,banra,7,CÔNG TY TNHH MỘT THÀNH VIÊN HUY VŨ,Cáp dữ liệu VIDEO HDMI 1.4 truyền âm thanh hình ảnh dài5M Ugreen,Chiếc,3.0000,859091.00,0.00
698,banra,7,CÔNG TY TNHH MỘT THÀNH VIÊN HUY VŨ,ổ cứng gắn trong 480GB SSD Exceria BiCS FLASH 2.5''SATA3 Kioxia,Cái,1.0000,900000.00,0.00
697,banra,7,CÔNG TY TNHH MỘT THÀNH VIÊN HUY VŨ,Chuột vi tính có dây Rapoo N100,Cái,5.0000,218182.00,0.00
696,banra,7,CÔNG TY TNHH MỘT THÀNH VIÊN HUY VŨ,MÀN HÌNH VI TÍNH (LCD) DELL SE2422H23.8 INCH/1920x1080@75Hz/VGA/HDMI/LED/ĐEN(60W8F1),Cái,1.0000,3636364.00,0.00
695,banra,7,CÔNG TY TNHH MỘT THÀNH VIÊN HUY VŨ,Ổ đĩa cứng máy tính KingmaxSMV32 120GB (Sata 3),Cái,11.0000,3300000.00,0.00
694,banra,7,CÔNG TY TNHH MỘT THÀNH VIÊN HUY VŨ,MÀN HÌNH LCD 23.8 Inch LENOVO THINKVISION S24e-20 (62AEKAR2WW),Cái,1.0000,2718182.00,0.00
693,banra,7,CÔNG TY TNHH MỘT THÀNH VIÊN HUY VŨ,BỘ MÁY VI TÍNH,BỘ,1.0000,13909091.00,0.00
692,banra,7,CÔNG TY TNHH MỘT THÀNH VIÊN HUY VŨ,Máy In Canon Laser LBP 226DW,Cái,1.0000,5181818.00,0.00
692,banra,7,CÔNG TY TNHH MỘT THÀNH VIÊN HUY VŨ,Mực Laser TN-2385,Hộp,2.0000,1000000.00,0.00
691,banra,7,CÔNG TY TNHH MỘT THÀNH VIÊN HUY VŨ,Mực in Brother TN - B022,Hộp,1.0000,500000.00,0.00
690,banra,7,CÔNG TY TNHH MỘT THÀNH VIÊN HUY VŨ,"Máy tính xách tay Lenovo S14 G3 IAP - I5-1235U (1.3G) - 8GB- 512GB SSD - WF+BL, Fingerprint - 14"" FHD - Dos - 1Yr; P/n82TW0029VN",Chiếc,1.0000,13545455.00,0.00
690,banra,7,CÔNG TY TNHH MỘT THÀNH VIÊN HUY VŨ,Máy in đa năng Brother DCP-T220,Cái,1.0000,3000000.00,0.00
690,banra,7,CÔNG TY TNHH MỘT THÀNH VIÊN HUY VŨ,Camera quan sát CS-H8C (1080P),Cái,2.0000,1554545.00,0.00
689,banra,7,CÔNG TY TNHH MỘT THÀNH VIÊN HUY VŨ,"Bộ định tuyến có chức năng thuphát vô tuyến TP-LINK, 2,4GHz/ W-CDMA FDD/GSM_TL-MR6400",Chiếc,1.0000,1227273.00,0.00
688,banra,7,CÔNG TY TNHH MỘT THÀNH VIÊN HUY VŨ,Cáp dữ liệu VIDEO HDMI 1.4 truyền âm thanh hình ảnh dài10M Ugreen (10110),CHIẾC,1.0000,400000.00,0.00
688,banra,7,CÔNG TY TNHH MỘT THÀNH VIÊN HUY VŨ,Cáp dữ liệu USB 2.0 nối dài truyền dữ liệu,CHIẾC,1.0000,345455.00,0.00
687,banra,7,CÔNG TY TNHH MỘT THÀNH VIÊN HUY VŨ,"Thiết bị chuyển mạch  TP-Link,TL- SG1024D",Cái,1.0000,1718182.00,0.00
686,banra,7,CÔNG TY TNHH MỘT THÀNH VIÊN HUY VŨ,"Màn hình máy tính Lenovo H20215FE0 -"" E22-28 (H20215FE0) 21.5 inch Monitor-HDMI, Linecord, P/N:62B9MAR4WW",Chiếc,1.0000,2318182.00,0.00
685,banra,7,CÔNG TY TNHH MỘT THÀNH VIÊN HUY VŨ,Nguồn  Jetek Model Y600T,Cái,1.0000,436364.00,0.00
684,banra,7,CÔNG TY TNHH MỘT THÀNH VIÊN HUY VŨ,"Máy tính để bàn Dell OptiPlex 3000 Small Form Factor Intel® Core i5-12500 (6Cores/18MB/12T/3.0GHz to 4.6GHz/65W), 8GB 3200MHz DDR4, 256GB SSD,Intel UHD Graphics , No DVD_RW, Ubuntu, BH 1 năm (1Bộ=Máy, Chuột, Bànphím,cáp)",Bộ,1.0000,12718182.00,0.00
684,banra,7,CÔNG TY TNHH MỘT THÀNH VIÊN HUY VŨ,Màn hình máy tính Dell 22 Monitor - E2223HN powercord/Advanced Exchange Service,Chiếc,1.0000,2954545.00,0.00
683,banra,6,CÔNG TY TNHH MỘT THÀNH VIÊN HUY VŨ,Bảng mạch chính GIGABYTE H510M-H,Cái,1.0000,1400000.00,0.00
683,banra,6,CÔNG TY TNHH MỘT THÀNH VIÊN HUY VŨ,Bộ nhớ trong ram DDR4 16GB/3200 KINGMAX,Cái,2.0000,1490910.00,0.00
683,banra,6,CÔNG TY TNHH MỘT THÀNH VIÊN HUY VŨ,Ổ cứng máy tính HDD 1TB Western SaTa3 BLUE,Cái,2.0000,1600000.00,0.00
683,banra,6,CÔNG TY TNHH MỘT THÀNH VIÊN HUY VŨ,Ổ cứng WESTERN SSD 240GB SN350 GREEN M2 NVME ( WDS240G2G0C),Cái,1.0000,445455.00,0.00
683,banra,6,CÔNG TY TNHH MỘT THÀNH VIÊN HUY VŨ,Cạc VGA ASUS TUF-GTX1660S-6G-GAMING,Cái,1.0000,4454545.00,0.00
683,banra,6,CÔNG TY TNHH MỘT THÀNH VIÊN HUY VŨ,TAI NGHE SOUNDMAX AH327,Cái,1.0000,354545.00,0.00
683,banra,6,CÔNG TY TNHH MỘT THÀNH VIÊN HUY VŨ,Máy in Brother HL - L2321D,Cái,2.0000,4818182.00,0.00
683,banra,6,CÔNG TY TNHH MỘT THÀNH VIÊN HUY VŨ,Bộ vi xử lý  Intel Core i3-10105,Cái,1.0000,2272727.00,0.00
683,banra,6,CÔNG TY TNHH MỘT THÀNH VIÊN HUY VŨ,Bàn phím máy tính RAPOO V500SE,Cái,2.0000,1000000.00,0.00
683,banra,6,CÔNG TY TNHH MỘT THÀNH VIÊN HUY VŨ,Bàn phím máy tính RAPOO V50S,Cái,1.0000,263636.00,0.00
903,banra,8,CÔNG TY TNHH MỘT THÀNH VIÊN HUY VŨ,Máy in Brother HL - L2321D,Cái,20.0000,46363636.00,0.00
903,banra,8,CÔNG TY TNHH MỘT THÀNH VIÊN HUY VŨ,ổ cứng gắn trong 240GB SSD Exceria BiCS FLASH2.5''SATA3 Kioxia,Cái,10.0000,4963636.00,0.00
903,banra,8,CÔNG TY TNHH MỘT THÀNH VIÊN HUY VŨ,MÀN HÌNH LCD 23.8 Inch LENOVO THINKVISION S24e - 20 (62AEKAR2WW),Cái,7.0000,15272727.00,0.00
903,banra,8,CÔNG TY TNHH MỘT THÀNH VIÊN HUY VŨ,"Màn hình máy tính Lenovo H20215FE0 - "" E22 - 28(H20215FE0)21.5 inch Monitor-HDMI, Linecord, 3YRWTYWarrantyCode:3years limited"", P/N:62B9MAR4W",Chiếc,10.0000,19090909.00,0.00
903,banra,8,CÔNG TY TNHH MỘT THÀNH VIÊN HUY VŨ,Bộ nhớ máy tính xách tay Kingmax 8GB DDR4-3200,Cái,8.0000,2836364.00,0.00
903,banra,8,CÔNG TY TNHH MỘT THÀNH VIÊN HUY VŨ,"Ổ cứng máy tính SSD Western WDS240G2G0A, 240G",Cái,10.0000,3000000.00,0.00
893,banra,8,CÔNG TY TNHH MỘT THÀNH VIÊN HUY VŨ,BALO LENOVO (BALO LNV) (Hàng đi kèm),Cái,3.0000,0.00,0.00
903,banra,8,CÔNG TY TNHH MỘT THÀNH VIÊN HUY VŨ,"Ổ CỨNG DI ĐỘNG (HDD) SEAGATE EXPANSION PORTABLE 1TB 2.5"" USB 3.0",Cái,5.0000,5909091.00,0.00
903,banra,8,CÔNG TY TNHH MỘT THÀNH VIÊN HUY VŨ,"Máy tính xách tay Lenovo V15 G4 IRU - Intel Corei3-1315U(4.50GHz) - 8GB RAM - 512GB SSD - WF+BL -15.6FHD60Hz - NOS- 2YR Premium NBD,P/n : 83A10007VN",Cái,3.0000,28363636.00,0.00
903,banra,8,CÔNG TY TNHH MỘT THÀNH VIÊN HUY VŨ,BALO LENOVO (BALO LNV) (Hàng đi kèm),Cái,9.0000,0.00,0.00
903,banra,8,CÔNG TY TNHH MỘT THÀNH VIÊN HUY VŨ,MÁY TÍNH XÁCH TAY (NB) LENOVO V14 G3 IAP i3-1215U/8GD4/256GSSD/14.0FHD/IPS/WL/BT/2C38/NoOS/ĐEN (82TS0060VN),Cái,3.0000,22636364.00,0.00
903,banra,8,CÔNG TY TNHH MỘT THÀNH VIÊN HUY VŨ,Bảng mạch chính Asus Prime H510 MK,Cái,3.0000,4090909.00,0.00
903,banra,8,CÔNG TY TNHH MỘT THÀNH VIÊN HUY VŨ,MÁY TÍNH XÁCH TAY MSI MODERN 14 C11M - 011VN(Core i3-1115G4 | 8GB | 512GB | Intel UHD | 14 inch FHD |Win 11 | Black),Cái,2.0000,18181818.00,0.00
903,banra,8,CÔNG TY TNHH MỘT THÀNH VIÊN HUY VŨ,"Máy tính xách tay Lenovo V14 G4 IRU - Intel Core i7-1355U (5.00GHz) - 8GB RAM - 512GB SSD - WF+BL - 14"" FHD -NOS -2YR Premium NBD,P/n 83A0000NVN",Chiếc,1.0000,14909091.00,0.00
903,banra,8,CÔNG TY TNHH MỘT THÀNH VIÊN HUY VŨ,"Máy tính xách tay Lenovo Thinkpad E15 Gen 4- i5-1235U (4.4G) - 8Gb RAM -512GB SSD -WF+BL, Fingerprint-15,6'' FHD-Dos -2Yrs, P/N 21E600CFVA",Chiếc,2.0000,29818182.00,0.00
903,banra,8,CÔNG TY TNHH MỘT THÀNH VIÊN HUY VŨ,MÁY IN ĐA CHỨC NĂNG Brother MFC - L2701D,Cái,2.0000,9454546.00,0.00
903,banra,8,CÔNG TY TNHH MỘT THÀNH VIÊN HUY VŨ,Máy in hóa đơn XP - T80L,Cái,12.0000,8181818.00,0.00
901,banra,8,CÔNG TY TNHH MỘT THÀNH VIÊN HUY VŨ,ổ cứng gắn trong 480GB SSD Exceria BiCS FLASH 2.5''SATA3 Kioxia,Cái,2.0000,2909091.00,0.00
900,banra,8,CÔNG TY TNHH MỘT THÀNH VIÊN HUY VŨ,Bộ lưu điện  Santak - TG500,Bộ,4.0000,4072727.00,0.00
899,banra,8,CÔNG TY TNHH MỘT THÀNH VIÊN HUY VŨ,Máy In Canon Laser LBP - 2900,Cái,1.0000,3545455.00,0.00
899,banra,8,CÔNG TY TNHH MỘT THÀNH VIÊN HUY VŨ,CHUỘT VI TÍNH (MOUSE)  LOGITECH PEBBLEM350/WIRELESS/BLUETOOTH/ĐEN(GRAPHITE)(910-005602),Cái,1.0000,363636.00,0.00
899,banra,8,CÔNG TY TNHH MỘT THÀNH VIÊN HUY VŨ,Bàn phím Logitech K120,Cái,1.0000,127273.00,0.00
898,banra,8,CÔNG TY TNHH MỘT THÀNH VIÊN HUY VŨ,ổ cứng gắn trong 480GB SSD Exceria BiCS FLASH 2.5''SATA3 Kioxia,Cái,3.0000,2509090.00,0.00
898,banra,8,CÔNG TY TNHH MỘT THÀNH VIÊN HUY VŨ,"Ổ cứng máy tính SSD Western WDS240G2G0A, 240GB",Cái,10.0000,3545455.00,0.00
898,banra,8,CÔNG TY TNHH MỘT THÀNH VIÊN HUY VŨ,"Thiết bị thu phát vô tuyến TP-Link,TL - WN823N",Cái,2.0000,327273.00,0.00
898,banra,8,CÔNG TY TNHH MỘT THÀNH VIÊN HUY VŨ,"Thiết bị thu phát vô tuyếnTP-Link,TL - WN725N",Cái,5.0000,590909.00,0.00
898,banra,8,CÔNG TY TNHH MỘT THÀNH VIÊN HUY VŨ,"Ổ CỨNG DI ĐỘNG (USB)  Lexar JumpDrive S60 USB2.0, 64GB",Cái,3.0000,190909.00,0.00
898,banra,8,CÔNG TY TNHH MỘT THÀNH VIÊN HUY VŨ,Tai nghe SoundMax AH315,Cái,3.0000,627273.00,0.00
898,banra,8,CÔNG TY TNHH MỘT THÀNH VIÊN HUY VŨ,Loa SoundMax A130/2.0,Bộ,5.0000,718182.00,0.00
898,banra,8,CÔNG TY TNHH MỘT THÀNH VIÊN HUY VŨ,Màn hình LCD VIEWSONIC VA1903A / 19'',Cái,1.0000,1500000.00,0.00
897,banra,8,CÔNG TY TNHH MỘT THÀNH VIÊN HUY VŨ,Mực nạp đổ XP12 - 140,Lọ,9.0000,245455.00,0.00
896,banra,8,CÔNG TY TNHH MỘT THÀNH VIÊN HUY VŨ,"Ổ CỨNG DI ĐỘNG (HDD) SEAGATE EXPANSIONPORTABLE  1TB 2.5"" USB 3.0 (STKM1000400)",Cái,1.0000,1290909.00,0.00
895,banra,8,CÔNG TY TNHH MỘT THÀNH VIÊN HUY VŨ,Hộp mực in Izinet 12A/303/FX9,Hộp,2.0000,609091.00,0.00
894,banra,8,CÔNG TY TNHH MỘT THÀNH VIÊN HUY VŨ,"Máy tính xách tay Dell Inspiron 15 /3520 (i5-1235U, 8GB, 512GB SSD,15.6"" FHD, UMA, Win11, OfficeHS 21, Đen, P112F007) (N3520-i5U085W11BLU)",Cái,1.0000,15900000.00,0.00
893,banra,8,CÔNG TY TNHH MỘT THÀNH VIÊN HUY VŨ,"Máy tính xách tay Lenovo V15 G4 IRU - Intel Core i3-1315U(4.50GHz) - 8GB RAM - 512GB SSD - WF+BL - 15.6FHD60Hz - NOS- 2YR Premium NBD,P/n 83A10007VN",Chiếc,1.0000,9454545.00,0.00
893,banra,8,CÔNG TY TNHH MỘT THÀNH VIÊN HUY VŨ,MÁY TÍNH XÁCH TAY (NB) LENOVO V14 G3 IAP i3 -1215U/8GD4/256GSSD/14.0FHD/IPS/WL/BT/2C38/NoOS/ĐEN (82TS0060VN),Cái,2.0000,15090910.00,0.00
892,banra,8,CÔNG TY TNHH MỘT THÀNH VIÊN HUY VŨ,4K0Z7PA : Máy tính xách tay HP 14s- fq1080AU -AMD Ryzen3 5300U / 4GB DDR4-3200/ SSD 256GB /RadeonVegaGraphics/ 14” HD/ Windows 11 Home/NaturalSilver,Cái,1.0000,6954545.00,0.00
892,banra,8,CÔNG TY TNHH MỘT THÀNH VIÊN HUY VŨ,MÁY TÍNH XÁCH TAY (NB) LENOVO V14 G3 IAP i3 - 1215U/8GD4/256GSSD/14.0FHD/IPS/WL/BT/2C38/NoOS/ĐEN (82TS0060VN),Cái,1.0000,7545455.00,0.00
892,banra,8,CÔNG TY TNHH MỘT THÀNH VIÊN HUY VŨ,BALO LENOVO (BALO LNV) (Hàng đi kèm),Cái,1.0000,0.00,0.00
891,banra,8,CÔNG TY TNHH MỘT THÀNH VIÊN HUY VŨ,Mực nạp đổ XP12 - 140,Lọ,4.0000,163636.00,0.00
890,banra,8,CÔNG TY TNHH MỘT THÀNH VIÊN HUY VŨ,"Máy tính xách tay Lenovo V15 G4 IRU - Intel Core i3-1315U (4.50GHz) - 8GB RAM - 512GB SSD - WF+BL - 15.6FHD 60Hz - NOS- 2YR Premium NBD,P/n 83A10007VN",Chiếc,1.0000,10000000.00,0.00
890,banra,8,CÔNG TY TNHH MỘT THÀNH VIÊN HUY VŨ,"Ba lô Lenovo ThinkPad 15.6 inch Basic Backpack , P/N:4X40K09936 (hàng tặng đi kèm)",Chiếc,1.0000,0.00,0.00
889,banra,8,CÔNG TY TNHH MỘT THÀNH VIÊN HUY VŨ,Loa hội nghị Jabra Speak 510 MS,Cái,1.0000,3618182.00,0.00
888,banra,8,CÔNG TY TNHH MỘT THÀNH VIÊN HUY VŨ,Màn chiếu chân P70TS,Chiếc,1.0000,972222.00,0.00
887,banra,8,CÔNG TY TNHH MỘT THÀNH VIÊN HUY VŨ,Máy chiếu đa năng ViewSonic LS500WHE,Bộ,1.0000,15172727.00,0.00
887,banra,8,CÔNG TY TNHH MỘT THÀNH VIÊN HUY VŨ,Cáp dữ liệu VIDEO HDMI 1.4 truyền âm thanh hình ảnh dài5M Ugreen (10109),CHIẾC,1.0000,245455.00,0.00
886,banra,8,CÔNG TY TNHH MỘT THÀNH VIÊN HUY VŨ,Bàn phím Dell Multimedia KB216,Cái,1.0000,200000.00,0.00
885,banra,8,CÔNG TY TNHH MỘT THÀNH VIÊN HUY VŨ,"Camera kỹ thuật số có chức năng ghi hiệu EZVIZ mãCS-C1C(1080P,H.265) - Hỗ trợ thẻ nhớ trong",Cái,1.0000,395455.00,0.00
884,banra,8,CÔNG TY TNHH MỘT THÀNH VIÊN HUY VŨ,CHUỘT VI TÍNH (MOUSE) LOGITECH M221WIRELESS /OPTICAL/ĐEN,Cái,1.0000,227273.00,0.00
884,banra,8,CÔNG TY TNHH MỘT THÀNH VIÊN HUY VŨ,Hộp mực  in Izinet 12A/303/FX9,Hộp,1.0000,181818.00,0.00
883,banra,8,CÔNG TY TNHH MỘT THÀNH VIÊN HUY VŨ,Thiết bị thu phát vô tuyến RG - EW1200G Pro,Cái,7.0000,6045455.00,0.00
883,banra,8,CÔNG TY TNHH MỘT THÀNH VIÊN HUY VŨ,Thiết bị thu phát vô tuyến Reyee RG - EG105GW(T),Cái,1.0000,2000000.00,0.00
882,banra,8,CÔNG TY TNHH MỘT THÀNH VIÊN HUY VŨ,Máy tính bàn Lenovo ThinkCentre M70s Gen 3 i5-12400(4.4GHZ)- 8GB RAM - 512 SSD - Wireless & Bluetooth - None -1Yr; P/n11TC000TVA,Bộ,2.0000,23027273.00,0.00
882,banra,8,CÔNG TY TNHH MỘT THÀNH VIÊN HUY VŨ,"Màn hình LCD VIEWSONIC VX3276-MHD-2 / 31.5""",Cái,3.0000,13336364.00,0.00
882,banra,8,CÔNG TY TNHH MỘT THÀNH VIÊN HUY VŨ,Chuột máy tính Dell MS116,Cái,1.0000,118181.00,0.00
881,banra,8,CÔNG TY TNHH MỘT THÀNH VIÊN HUY VŨ,Máy in đa năng Brother DCP- T226,Cái,1.0000,3445455.00,0.00
881,banra,8,CÔNG TY TNHH MỘT THÀNH VIÊN HUY VŨ,Chip xử lý Intel I5 -10400,Cái,2.0000,5645454.00,0.00
881,banra,8,CÔNG TY TNHH MỘT THÀNH VIÊN HUY VŨ,Ổ cứng gắn trong 240GB SSD Kioxia,Cái,4.0000,2181818.00,0.00
881,banra,8,CÔNG TY TNHH MỘT THÀNH VIÊN HUY VŨ,Nguồn Jetek Y600T,Cái,3.0000,736362.00,0.00
881,banra,8,CÔNG TY TNHH MỘT THÀNH VIÊN HUY VŨ,Card VGA hiệu Asus GT730 - SL - 2GD5 BRK,Cái,2.0000,2345455.00,0.00
881,banra,8,CÔNG TY TNHH MỘT THÀNH VIÊN HUY VŨ,Bộ nhớ trong máy tính KingSton 16G D4 - 3200S22 (KVR32S22S8/16),Cái,2.0000,1945455.00,0.00
881,banra,8,CÔNG TY TNHH MỘT THÀNH VIÊN HUY VŨ,Bàn phím Dell KB216,Cái,4.0000,545455.00,0.00
881,banra,8,CÔNG TY TNHH MỘT THÀNH VIÊN HUY VŨ,Vỏ thùng máy tính Jetek EN22,Cái,3.0000,545455.00,0.00
880,banra,8,CÔNG TY TNHH MỘT THÀNH VIÊN HUY VŨ,Máy  In Canon Laser LBP-2900,Cái,1.0000,3627273.00,0.00
879,banra,8,CÔNG TY TNHH MỘT THÀNH VIÊN HUY VŨ,Màn hình LCD Samsung S22F350,Cái,1.0000,2136364.00,0.00
879,banra,8,CÔNG TY TNHH MỘT THÀNH VIÊN HUY VŨ,Máy in hóa đơn XP - T80L,Cái,1.0000,818182.00,0.00
879,banra,8,CÔNG TY TNHH MỘT THÀNH VIÊN HUY VŨ,LOA SOUNDMAX A120 /2.0,Bộ,1.0000,163636.00,0.00
879,banra,8,CÔNG TY TNHH MỘT THÀNH VIÊN HUY VŨ,"Thiết bị thu phát vô tuyến  TP-Link,TL - WN722N",Cái,1.0000,163636.00,0.00
878,banra,8,CÔNG TY TNHH MỘT THÀNH VIÊN HUY VŨ,Bảng mạch chính Asus Prime H510MK,Cái,1.0000,1463636.00,0.00
878,banra,8,CÔNG TY TNHH MỘT THÀNH VIÊN HUY VŨ,Bộ vi xử  lý Intel Core i3-10105,Cái,1.0000,2445455.00,0.00
878,banra,8,CÔNG TY TNHH MỘT THÀNH VIÊN HUY VŨ,Bộ nhớ máy tính  Kingmax 8GB/ DDR4-3200,Cái,1.0000,418182.00,0.00
878,banra,8,CÔNG TY TNHH MỘT THÀNH VIÊN HUY VŨ,Ổ cứng  Kingmax SSD Sata III 240GB SMV32,Cái,1.0000,363636.00,0.00
878,banra,8,CÔNG TY TNHH MỘT THÀNH VIÊN HUY VŨ,Nguồn Jetek Model 350 ELITE V2,Cái,1.0000,372727.00,0.00
878,banra,8,CÔNG TY TNHH MỘT THÀNH VIÊN HUY VŨ,Vỏ thùng máy tính Jetek Squid Game R3 Black,Cái,1.0000,654546.00,0.00
878,banra,8,CÔNG TY TNHH MỘT THÀNH VIÊN HUY VŨ,Bàn phím Rapoo Keyboard NK2500,Cái,1.0000,109091.00,0.00
878,banra,8,CÔNG TY TNHH MỘT THÀNH VIÊN HUY VŨ,Chuột vi tính có dây Rapoo N100,Cái,1.0000,45455.00,0.00
878,banra,8,CÔNG TY TNHH MỘT THÀNH VIÊN HUY VŨ,MÀN HÌNH VI TÍNH (LCD)  DELL SE2422H23.8 INCH/1920x1080@75Hz/VGA/HDMI/LED/ĐEN(60W8F1),Cái,1.0000,3363636.00,0.00
878,banra,8,CÔNG TY TNHH MỘT THÀNH VIÊN HUY VŨ,"Bộ nhớ ngoài  Sandisk 32G SDCZ50-032/B35,USB,Cruzer",Cái,5.0000,500000.00,0.00
878,banra,8,CÔNG TY TNHH MỘT THÀNH VIÊN HUY VŨ,"Ổ CỨNG DI ĐỘNG (USB) Lexar JumpDrive S60 USB2.0, 64GB(LJDS060064G-BNBNG)",Cái,5.0000,481818.00,0.00
877,banra,8,CÔNG TY TNHH MỘT THÀNH VIÊN HUY VŨ,Máy quét CANON DR F - 120,Chiếc,1.0000,8900000.00,0.00
876,banra,8,CÔNG TY TNHH MỘT THÀNH VIÊN HUY VŨ,Nhông sấy máy photo,Bộ,1.0000,590909.00,0.00
876,banra,8,CÔNG TY TNHH MỘT THÀNH VIÊN HUY VŨ,Mực T3008,Hộp,1.0000,1136364.00,0.00
875,banra,8,CÔNG TY TNHH MỘT THÀNH VIÊN HUY VŨ,Máy in HP 4103FDN (2Z628A),Cái,1.0000,7718182.00,0.00
875,banra,8,CÔNG TY TNHH MỘT THÀNH VIÊN HUY VŨ,Cáp dữ liệu VIDEO HDMI 1.4 truyền âm thanh hình ảnh dài3M Ugreen (10108),Chiếc,1.0000,100000.00,0.00
874,banra,8,CÔNG TY TNHH MỘT THÀNH VIÊN HUY VŨ,Máy in laser Brother HL-L2366DW,Bộ,1.0000,3718182.00,0.00
873,banra,8,CÔNG TY TNHH MỘT THÀNH VIÊN HUY VŨ,Mực Laser đen Premium,Lọ,4.0000,363636.00,0.00
873,banra,8,CÔNG TY TNHH MỘT THÀNH VIÊN HUY VŨ,Mực nạp đổ XP12 - 140,Lọ,21.0000,2290909.00,0.00
873,banra,8,CÔNG TY TNHH MỘT THÀNH VIÊN HUY VŨ,Mực Laser đen Premium,Lọ,4.0000,363636.00,0.00
873,banra,8,CÔNG TY TNHH MỘT THÀNH VIÊN HUY VŨ,Mực nạp đổ XP12 - 140,Lọ,7.0000,763637.00,0.00
872,banra,8,CÔNG TY TNHH MỘT THÀNH VIÊN HUY VŨ,Máy quét  CANON DR F - 120,Chiếc,1.0000,9272727.00,0.00
871,banra,8,CÔNG TY TNHH MỘT THÀNH VIÊN HUY VŨ,Máy in laser đen trắng HP LJ Pro MFP 4103fdw­ Printer _ 2Z629A,CÁI,1.0000,10772727.00,0.00
871,banra,8,CÔNG TY TNHH MỘT THÀNH VIÊN HUY VŨ,Ổ cứng gắn ngoài Samsung SSD T7 Portable 1TB Blue (MU-PC1T0H/WW),CÁI,1.0000,2718182.00,0.00
870,banra,8,CÔNG TY TNHH MỘT THÀNH VIÊN HUY VŨ,"Chuột bluetooth Logitech M650L, màu đen(910-006247)",Cái,1.0000,590909.00,0.00
869,banra,8,CÔNG TY TNHH MỘT THÀNH VIÊN HUY VŨ,"Màn hình máy tính Lenovo H20215FE0 -"" E22-28 (H20215FE0) 21.5 inch Monitor-HDMI, P/N:62B9MAR4W",Chiếc,1.0000,2172727.00,0.00
868,banra,8,CÔNG TY TNHH MỘT THÀNH VIÊN HUY VŨ,MÁY TÍNH XÁCH TAY (NB) LENOVO V14 G3 IAP i3-1215U/8GD4/256GSSD/14.0FHD/IPS/WL/BT/2C38/NoOS/ĐEN (82TS0060VN),CÁI,10.0000,73636364.00,0.00
868,banra,8,CÔNG TY TNHH MỘT THÀNH VIÊN HUY VŨ,BALO LENOVO (BALO LNV) (Hàng đi kèm),CÁI,10.0000,0.00,0.00
867,banra,8,CÔNG TY TNHH MỘT THÀNH VIÊN HUY VŨ,MÁY TÍNH XÁCH TAY (NB) LENOVO V14 G3 IAP i3-1215U/8GD4/256GSSD/14.0FHD/IPS/WL/BT/2C38/NoOS/ĐEN (82TS0060VN),CÁI,2.0000,14909091.00,0.00
867,banra,8,CÔNG TY TNHH MỘT THÀNH VIÊN HUY VŨ,BALO LENOVO (BALO LNV) (Hàng đi kèm ),CÁI,2.0000,0.00,0.00
866,banra,8,CÔNG TY TNHH MỘT THÀNH VIÊN HUY VŨ,Cạc mạng PCI Gigabit TP -Link - TG - 3468,Cái,1.0000,209091.00,0.00
866,banra,8,CÔNG TY TNHH MỘT THÀNH VIÊN HUY VŨ,"Thiết bị chuyển mạch  TP -Link, TL- SG108",Cái,1.0000,490909.00,0.00
866,banra,8,CÔNG TY TNHH MỘT THÀNH VIÊN HUY VŨ,Nguồn Jetek Model 400 ELITE V2,Cái,1.0000,445455.00,0.00
865,banra,8,CÔNG TY TNHH MỘT THÀNH VIÊN HUY VŨ,MÁY TÍNH XÁCH TAY MSI MODERN 14 C11M - 011VN (Core i3-1115G4 | 8GB | 512GB | Intel UHD | 14 inch FHD | Win 11 | Black),Cái,1.0000,10000000.00,0.00
864,banra,8,CÔNG TY TNHH MỘT THÀNH VIÊN HUY VŨ,BỘ ẤM TÍCH BÁT TRÀNG,BỘ,4.0000,3333333.00,0.00
864,banra,8,CÔNG TY TNHH MỘT THÀNH VIÊN HUY VŨ,BỘ 6 CỐC THỦY TINH,CÁI,6.0000,155556.00,0.00
863,banra,8,CÔNG TY TNHH MỘT THÀNH VIÊN HUY VŨ,MÁY TÍNH ĐỂ BÀN (PC) DELL VOS 3910MT i5 -12400(6*2.5)/8GD4/256SSD/WLn/BT/KB/M/W11SL+OFICEHOMEST/ProSup/ĐEN(9M2DD1),Cái,3.0000,46636364.00,0.00
863,banra,8,CÔNG TY TNHH MỘT THÀNH VIÊN HUY VŨ,MÀN HÌNH VI TÍNH (LCD) DELL SE2422H 23.8 INCH/1920x1080@75Hz/VGA/HDMI/LED/ĐEN(60W8F1),Cái,3.0000,12272727.00,0.00
863,banra,8,CÔNG TY TNHH MỘT THÀNH VIÊN HUY VŨ,Bộ đàm Kenwood NX 1200D ­ M3,BỘ,5.0000,32045455.00,0.00
863,banra,8,CÔNG TY TNHH MỘT THÀNH VIÊN HUY VŨ,Bình đun nước điện Panasonic NC­K101WRA,Cái,6.0000,4745455.00,0.00
863,banra,8,CÔNG TY TNHH MỘT THÀNH VIÊN HUY VŨ,Ổ RULO QT30 ­3 ­15A,Cái,2.0000,2200000.00,0.00
863,banra,8,CÔNG TY TNHH MỘT THÀNH VIÊN HUY VŨ,Ổ cắm 4D+6S dây 5mX2,Cái,1.0000,281818.00,0.00
863,banra,8,CÔNG TY TNHH MỘT THÀNH VIÊN HUY VŨ,Chuột máy tính  Dell MS116,Cái,3.0000,300000.00,0.00
863,banra,8,CÔNG TY TNHH MỘT THÀNH VIÊN HUY VŨ,Bàn phím Logitech K120,Cái,3.0000,463635.00,0.00
863,banra,8,CÔNG TY TNHH MỘT THÀNH VIÊN HUY VŨ,Anten Kenwood KRA 26,Cái,9.0000,4418182.00,0.00
862,banra,8,CÔNG TY TNHH MỘT THÀNH VIÊN HUY VŨ,Lõi UDF OCB 10 Đại Việt,Cái,6.0000,750000.00,0.00
862,banra,8,CÔNG TY TNHH MỘT THÀNH VIÊN HUY VŨ,Lõi PP có nắp bịt 10 ĐV,Cái,12.0000,1500000.00,0.00
862,banra,8,CÔNG TY TNHH MỘT THÀNH VIÊN HUY VŨ,Lõi OCB 10 Đại Việt,Cái,12.0000,1500000.00,0.00
862,banra,8,CÔNG TY TNHH MỘT THÀNH VIÊN HUY VŨ,Màng RO membrane 50GPP TORAY,Cái,2.0000,1296296.00,0.00
862,banra,8,CÔNG TY TNHH MỘT THÀNH VIÊN HUY VŨ,Ghế xoay SG130,Cái,3.0000,2416667.00,0.00
862,banra,8,CÔNG TY TNHH MỘT THÀNH VIÊN HUY VŨ,Quạt đứng LV16 - RA CY - GY,Cái,1.0000,2398148.00,0.00
862,banra,8,CÔNG TY TNHH MỘT THÀNH VIÊN HUY VŨ,Bình ắc quy 12V­100Ah,Cái,2.0000,17314815.00,0.00
861,banra,8,CÔNG TY TNHH MỘT THÀNH VIÊN HUY VŨ,Phần mềm Kaspersky KL1867MUAFS,Cái,17.0000,4930000.00,0.00
860,banra,8,CÔNG TY TNHH MỘT THÀNH VIÊN HUY VŨ,Ổ cứng  Kingmax SSD Sata III 240GB SMV32,Cái,4.0000,3090909.00,0.00
859,banra,8,CÔNG TY TNHH MỘT THÀNH VIÊN HUY VŨ,Bộ máy vi tính,Bộ,1.0000,25000000.00,0.00
858,banra,8,CÔNG TY TNHH MỘT THÀNH VIÊN HUY VŨ,Mực laser đen Brother 2240,Chai,2.0000,118182.00,0.00
857,banra,8,CÔNG TY TNHH MỘT THÀNH VIÊN HUY VŨ,Hộp mực 052 Number One,Hộp,1.0000,480000.00,0.00
856,banra,8,CÔNG TY TNHH MỘT THÀNH VIÊN HUY VŨ,Pin Alkaline AA Philips LR6P2B/97,Cái,80.0000,1111111.00,0.00
855,banra,8,CÔNG TY TNHH MỘT THÀNH VIÊN HUY VŨ,Máy  In Canon Laser LBP - 2900,Cái,1.0000,3472727.00,0.00
854,banra,8,CÔNG TY TNHH MỘT THÀNH VIÊN HUY VŨ,MÁY TÍNH XÁCH TAY DELLLATITUDE 3420 L3420I5SSDFB(Core i5-1135G7 | 8GB | 256GB | Intel®Iris® Xe Graphics | 14 inch FHD |Fedora | Grayish Black),Cái,1.0000,14545455.00,0.00
853,banra,8,CÔNG TY TNHH MỘT THÀNH VIÊN HUY VŨ,S015639 Ruy băng máy in kim Epson,Cái,4.0000,592593.00,0.00
852,banra,8,CÔNG TY TNHH MỘT THÀNH VIÊN HUY VŨ,Trống Mực HP CF232A,Cây,1.0000,2445455.00,0.00
851,banra,8,CÔNG TY TNHH MỘT THÀNH VIÊN HUY VŨ,MÁY IN Brother HL-L2321D,Cái,1.0000,2636364.00,0.00
850,banra,8,CÔNG TY TNHH MỘT THÀNH VIÊN HUY VŨ,"Máy tính xách tay Dell Inspiron 14 Plus 7420 Core i7-12700 Ram 16Gb ,SSD 512 ,RTX 3050 14 inch 2,2 kWindows 11",Cái,1.0000,26818182.00,0.00
849,banra,8,CÔNG TY TNHH MỘT THÀNH VIÊN HUY VŨ,Máy  In Canon Laser LBP - 2900,Cái,1.0000,3627273.00,0.00
848,banra,8,CÔNG TY TNHH MỘT THÀNH VIÊN HUY VŨ,MÀN HÌNH VI TÍNH (LCD)  LENOVO ThinkVision S27e -20 27.0 INCH/1920x1080/IPS/WLED/VGA/HDMI/ĐEN(62AFKAR2WW),Cái,1.0000,3081818.00,0.00
848,banra,8,CÔNG TY TNHH MỘT THÀNH VIÊN HUY VŨ,Chuột máy tính Logitech B100,Cái,1.0000,81818.00,0.00
848,banra,8,CÔNG TY TNHH MỘT THÀNH VIÊN HUY VŨ,Bàn phím  Logitech K120,Cái,1.0000,163636.00,0.00
848,banra,8,CÔNG TY TNHH MỘT THÀNH VIÊN HUY VŨ,Vỏ thùng máy tính  Jetek EN15,Cái,1.0000,272727.00,0.00
848,banra,8,CÔNG TY TNHH MỘT THÀNH VIÊN HUY VŨ,Nguồn Máy Vi Tính CM PC500 Elite V3,Cái,1.0000,809091.00,0.00
848,banra,8,CÔNG TY TNHH MỘT THÀNH VIÊN HUY VŨ,Cạc màn hình Asus TUF - GTX1660SO6G-GAMING,Cái,1.0000,4772727.00,0.00
848,banra,8,CÔNG TY TNHH MỘT THÀNH VIÊN HUY VŨ,Ổ cứng gắn trong 500GB SSD Exceria NVME Bics FLASH  M.2 PCIE KIOXIA,Cái,1.0000,1263636.00,0.00
848,banra,8,CÔNG TY TNHH MỘT THÀNH VIÊN HUY VŨ,Bộ nhớ máy vi tính Kingmax 16GB-DDR4 / 3200,Cái,1.0000,836364.00,0.00
848,banra,8,CÔNG TY TNHH MỘT THÀNH VIÊN HUY VŨ,Bộ vi xử lý vi tính Intel Core i3 - 13100F (BX8071513100FSRMBV) + Quạt,Cái,1.0000,3081818.00,0.00
848,banra,8,CÔNG TY TNHH MỘT THÀNH VIÊN HUY VŨ,Bảng mạch chính của máy vi tính hiệu ASUS PRIMEB760M - K D4,Cái,1.0000,2445455.00,0.00
848,banra,8,CÔNG TY TNHH MỘT THÀNH VIÊN HUY VŨ,LOA MICROLAB B26 2.0,Bộ,1.0000,218182.00,0.00
848,banra,8,CÔNG TY TNHH MỘT THÀNH VIÊN HUY VŨ,ổ cứng di động 32GB U301 USB 3.2 Gen 1 Kioxia,Cái,2.0000,145455.00,0.00
847,banra,8,CÔNG TY TNHH MỘT THÀNH VIÊN HUY VŨ,MỰC IN 83A NUMBER ONE,Hộp,1.0000,345455.00,0.00
846,banra,8,CÔNG TY TNHH MỘT THÀNH VIÊN HUY VŨ,Phần mềm Kaspersky KL1867MUAFS,Cái,1.0000,350000.00,0.00
845,banra,8,CÔNG TY TNHH MỘT THÀNH VIÊN HUY VŨ,"BỘ MÁY VI TÍNH ( KHÔNG MÀN HÌNH )Bo mạch chủ : ASUS PRIME H510M – SK1200 / Bộ nhớ : DDR4 – 8GB / Bộ vi xử lý : INTEL CORE I3-10105 / GPU : INTEL® HD GRAPHICS / Ổ cứng SSD : 256 GB, SATA / Case + Power HV",Bộ,2.0000,14181818.00,0.00
845,banra,8,CÔNG TY TNHH MỘT THÀNH VIÊN HUY VŨ,"BỘ MÁY VI TÍNH ( KHÔNG MÀN HÌNH )Bo mạch chủ : ASUS PRIME H510M – SK1200 / Bộ nhớ : DDR4 – 8GB / Bộ vi xử lý : INTEL CORE I3-10105 / GPU : INTEL® HD GRAPHICS / Ổ cứng SSD : 512 GB, SATA / Case + Power HV",Bộ,1.0000,7636364.00,0.00
845,banra,8,CÔNG TY TNHH MỘT THÀNH VIÊN HUY VŨ,MÁY IN CANON LASER LBP 226DW,Cái,1.0000,6763636.00,0.00
844,banra,8,CÔNG TY TNHH MỘT THÀNH VIÊN HUY VŨ,"ổ cứng Western SSD 500GB /2.5"" 7mm Sata3 màu xanh_Blue (WDS500G3B0A)",Cái,2.0000,2636364.00,0.00
843,banra,8,CÔNG TY TNHH MỘT THÀNH VIÊN HUY VŨ,CHUỘT MÁY TÍNH LOGITECH B100,CÁI,5.0000,363636.00,0.00
842,banra,8,CÔNG TY TNHH MỘT THÀNH VIÊN HUY VŨ,ổ cứng gắn trong 240GB SSD Exceria BiCS FLASH2.5''SATA3 Kioxia,Cái,1.0000,681818.00,0.00
841,banra,8,CÔNG TY TNHH MỘT THÀNH VIÊN HUY VŨ,Bộ nhớ máy vi tính Kingmax 8GBDDR4-3200 (KM-LD4-3200-8GS),Cái,5.0000,1954545.00,0.00
841,banra,8,CÔNG TY TNHH MỘT THÀNH VIÊN HUY VŨ,Bảng mạch chính của máy vi tính hiệu ASUS PRIMEH510M - K R2.0-CSM-SI,Cái,5.0000,6750000.00,0.00
841,banra,8,CÔNG TY TNHH MỘT THÀNH VIÊN HUY VŨ,"Bộ Vi xử lý Intel Core i3-10105 Processor3.70GHz 6M Cache, Sockets FCLGA1200-BX8070110105",Cái,2.0000,4818182.00,0.00
841,banra,8,CÔNG TY TNHH MỘT THÀNH VIÊN HUY VŨ,CHÍP VI XỬ LÝ INTEL PENTIUM G6405 - 4.1GHZ + QUẠT,Cái,1.0000,1481818.00,0.00
840,banra,8,CÔNG TY TNHH MỘT THÀNH VIÊN HUY VŨ,Dây cáp mạng Golden Link SFTP Cat 6 PlatinumTAIWAN 305m/cuộn (Xanh lá) - TW1104-1,Cuộn,2.0000,5272727.00,0.00
839,banra,8,CÔNG TY TNHH MỘT THÀNH VIÊN HUY VŨ,MÁY IN ĐA CHỨC NĂNG  Brother MFC-L2701D,Cái,1.0000,4990909.00,0.00
838,banra,8,CÔNG TY TNHH MỘT THÀNH VIÊN HUY VŨ,MÁY IN ĐA NĂNG Brother MFC-L2701D,Cái,1.0000,4954545.00,0.00
838,banra,8,CÔNG TY TNHH MỘT THÀNH VIÊN HUY VŨ,"BỘ NHỚ NGOÀI Sandisk 16G SDCZ50-016G-B35,USB,Cruzer",Cái,3.0000,300000.00,0.00
837,banra,8,CÔNG TY TNHH MỘT THÀNH VIÊN HUY VŨ,"Máy tính xách tay Dell Inspiron 15-3520 (i5-1235U, 8GB,512GB SSD,15.6"" FHD, UMA, Win11, OfficeHS 21, Đen,P112F007) (N3520-i5U085W11BLU)",Cái,2.0000,27272727.00,0.00
836,banra,8,CÔNG TY TNHH MỘT THÀNH VIÊN HUY VŨ,"Máy tính xách tay Dell Inspiron 15-3520 (i5-1235U, 8GB, 512GB SSD,15.6"" FHD, UMA, Win11, OfficeHS 21, Đen, P112F007) (N3520-i5U085W11BLU)",Bộ,1.0000,13636364.00,0.00
835,banra,8,CÔNG TY TNHH MỘT THÀNH VIÊN HUY VŨ,Trống từ Brother DR - 2385,Hộp,1.0000,618182.00,0.00
834,banra,8,CÔNG TY TNHH MỘT THÀNH VIÊN HUY VŨ,Màn chiếu điện AP96ES,Chiếc,1.0000,1990741.00,0.00
833,banra,8,CÔNG TY TNHH MỘT THÀNH VIÊN HUY VŨ,Chuột máy tính Dell MS116,Cái,1.0000,118182.00,0.00
833,banra,8,CÔNG TY TNHH MỘT THÀNH VIÊN HUY VŨ,Bàn phím Logitech K120,Cái,1.0000,172727.00,0.00
832,banra,8,CÔNG TY TNHH MỘT THÀNH VIÊN HUY VŨ,"Màn hình máy tính Lenovo H20215FE0 - ""E22-28(H20215FE0)21.5 inch Monitor-HDMI, Linecord, 3YRWTYWarrantyCode:3years limited"", P/N:62B9MAR4WW",Chiếc,1.0000,2227273.00,0.00
832,banra,8,CÔNG TY TNHH MỘT THÀNH VIÊN HUY VŨ,Bàn phím có đèn nền màu đen Rapoo V500SE,Cái,1.0000,500000.00,0.00
831,banra,8,CÔNG TY TNHH MỘT THÀNH VIÊN HUY VŨ,Thiết bị định tuyến TP-Link 2.4GHz/5GHz Archer C50,Cái,2.0000,918182.00,0.00
830,banra,8,CÔNG TY TNHH MỘT THÀNH VIÊN HUY VŨ,Bộ máy vi tính bàn,Bộ,1.0000,9140000.00,0.00
830,banra,8,CÔNG TY TNHH MỘT THÀNH VIÊN HUY VŨ,Máy  In Canon Laser LBP-2900,Cái,1.0000,3990000.00,0.00
830,banra,8,CÔNG TY TNHH MỘT THÀNH VIÊN HUY VŨ,Điện thoại có dây Panasonic KXTS500,Cái,1.0000,350000.00,0.00
829,banra,8,CÔNG TY TNHH MỘT THÀNH VIÊN HUY VŨ,ổ cứng gắn trong 240GB SSD Exceria BiCS FLASH 2.5''SATA3 Kioxia,Cái,1.0000,772727.00,0.00
829,banra,8,CÔNG TY TNHH MỘT THÀNH VIÊN HUY VŨ,Bàn phím máy tính  RAPOO V500SE,Cái,1.0000,545455.00,0.00
829,banra,8,CÔNG TY TNHH MỘT THÀNH VIÊN HUY VŨ,Bộ nhớ máy vi tính Kingmax 16GBDDR4-3200 (KM-LD4-3200-16GS),Cái,1.0000,818182.00,0.00
828,banra,8,CÔNG TY TNHH MỘT THÀNH VIÊN HUY VŨ,Giấy nhiệt - Khổ 57x45mm,cuộn,200.0000,1425926.00,0.00
827,banra,8,CÔNG TY TNHH MỘT THÀNH VIÊN HUY VŨ,Mực  Laser TN - 2385 Brother,Hộp,1.0000,454545.00,0.00
827,banra,8,CÔNG TY TNHH MỘT THÀNH VIÊN HUY VŨ,Mực laser đen Brother 2240,Chai,2.0000,136364.00,0.00
827,banra,8,CÔNG TY TNHH MỘT THÀNH VIÊN HUY VŨ,Hộp mực  in Izinet 12A/303/FX9,Hộp,1.0000,200000.00,0.00
826,banra,8,CÔNG TY TNHH MỘT THÀNH VIÊN HUY VŨ,BỘ MÁY VI TÍNH CORE  I5/10400 - MAIN ASUS H510 MK / RAM 4GB/ SSD 240GB/CASE EN22/ NGUỒN 350 ELITE / LOA A130,Bộ,1.0000,6990909.00,0.00
825,banra,8,CÔNG TY TNHH MỘT THÀNH VIÊN HUY VŨ,Ổ đĩa cứng máy tính KingmaxSA3080 256GB (M.2 Sata 3),Cái,1.0000,863636.00,0.00
824,banra,8,CÔNG TY TNHH MỘT THÀNH VIÊN HUY VŨ,Máy tính bàn Lenovo ThinkCentre M70s Gen 3 i3-12100 ( 4.3GHZ) - 8GB RAM - 256GB SSD - Wireless & Bluetooth - None-1Yr; P/n 11TC000QVA,Bộ,1.0000,8445454.00,0.00
824,banra,8,CÔNG TY TNHH MỘT THÀNH VIÊN HUY VŨ,"ổ cứng lắp trong Western Digital 1TB 3.5""Sata, màu xanh (Blue) (WD10EZEX)",Cái,1.0000,909091.00,0.00
824,banra,8,CÔNG TY TNHH MỘT THÀNH VIÊN HUY VŨ,MÀN HÌNH VI TÍNH (LCD) LENOVO ThinkVision  S24e -20 23.8INCH/1920x1080/WLED/VGA/HDMI/ĐEN/3Y(62AEKAR2WW,Cái,1.0000,2600000.00,0.00
823,banra,8,CÔNG TY TNHH MỘT THÀNH VIÊN HUY VŨ,Mực in 35A Number One,Hộp,1.0000,363636.00,0.00
823,banra,8,CÔNG TY TNHH MỘT THÀNH VIÊN HUY VŨ,Hộp mực in Izinet 12A/303/FX9,Hộp,1.0000,290909.00,0.00
822,banra,8,CÔNG TY TNHH MỘT THÀNH VIÊN HUY VŨ,Nguồn Jetek Model 400 ELITE V2,Cái,1.0000,445455.00,0.00
