shdon,loaihd,tthai,tgtcthue,tdlap,nbten,nmten
32,muavao,1,1927273.00,2024-01-30 17:00:00,CÔNG TY TNHH ĐIỆN TỬ TIN HỌC KIM PHÁT,Công Ty Trách Nhiệm Hữu Hạn một thành viên Huy Vũ
1386,banra,1,11564815.00,2025-12-02 17:00:00,CÔNG TY TNHH MỘT THÀNH VIÊN HUY VŨ,TRƯỜNG THCS NGUYỄN VĂN CỪ
1387,banra,1,3416667.00,2025-12-02 17:00:00,CÔNG TY TNHH MỘT THÀNH VIÊN HUY VŨ,CÔNG TY TNHH MỘT THÀNH VIÊN NHƠN NGUYỄN
1388,banra,1,7129630.00,2025-12-02 17:00:00,CÔNG TY TNHH MỘT THÀNH VIÊN HUY VŨ,CHI NHÁNH PETROLIMEX PLEIKU - CÔNG TY TNHH MTV PETROLIMEX GIA LAI
1389,banra,1,3138889.00,2025-12-02 17:00:00,CÔNG TY TNHH MỘT THÀNH VIÊN HUY VŨ,CÔNG TY TNHH VĨNH TÍN
1390,banra,1,1435185.00,2025-12-02 17:00:00,CÔNG TY TNHH MỘT THÀNH VIÊN HUY VŨ,CÔNG TY TNHH TIN HỌC QUANG ANH GL
1379,banra,1,6472222.00,2025-12-01 17:00:00,CÔNG TY TNHH MỘT THÀNH VIÊN HUY VŨ,CÔNG TY TNHH MỘT THÀNH VIÊN XÂY DỰNG - QUẢNG CÁO ANH MINH
1380,banra,1,3622222.00,2025-12-01 17:00:00,CÔNG TY TNHH MỘT THÀNH VIÊN HUY VŨ,CÔNG TY PHÁT TRIỂN THỦY ĐIỆN SÊ SAN - CHI NHÁNH TẬP ĐOÀN ĐIỆN LỰC VIỆT NAM
1381,banra,1,15462963.00,2025-12-01 17:00:00,CÔNG TY TNHH MỘT THÀNH VIÊN HUY VŨ,Phòng Tham Mưu - Sư Đoàn 320 - Quân Đoàn 34
1382,banra,1,2953704.00,2025-12-01 17:00:00,CÔNG TY TNHH MỘT THÀNH VIÊN HUY VŨ,CÔNG TY TNHH MỘT THÀNH VIÊN MINH TÂN GIA LAI
1383,banra,1,722222.00,2025-12-01 17:00:00,CÔNG TY TNHH MỘT THÀNH VIÊN HUY VŨ,CÔNG TY CỔ PHẦN ĐIỆN GIA LAI
1384,banra,1,185185.00,2025-12-01 17:00:00,CÔNG TY TNHH MỘT THÀNH VIÊN HUY VŨ,CÔNG TY CỔ PHẦN CÀ PHÊ GIA LAI
1385,banra,1,1601852.00,2025-12-01 17:00:00,CÔNG TY TNHH MỘT THÀNH VIÊN HUY VŨ,CÔNG TY TRÁCH NHIỆM HỮU HẠN HÙNG PHÚ GIA LAI
1376,banra,1,870370.00,2025-11-30 17:00:00,CÔNG TY TNHH MỘT THÀNH VIÊN HUY VŨ,CÔNG TY TNHH MỘT THÀNH VIÊN THIẾT KẾ XÂY DỰNG KIẾN XANH GIA LAI
1377,banra,1,12953704.00,2025-11-30 17:00:00,CÔNG TY TNHH MỘT THÀNH VIÊN HUY VŨ,CÔNG TY CỔ PHẦN KINH DOANH VÀ PHÁT TRIỂN MIỀN NÚI GIA LAI
1378,banra,1,2768519.00,2025-11-30 17:00:00,CÔNG TY TNHH MỘT THÀNH VIÊN HUY VŨ,CÔNG TY TNHH MTV THU THẮNG
725,muavao,1,3490909.00,2024-01-25 17:00:00,CÔNG TY TNHH THƯƠNG MẠI DỊCH VỤ TIN HỌC ANH PHƯƠNG A.P.C.O.M,CÔNG TY TNHH MỘT THÀNH VIÊN HUY VŨ
84,muavao,1,7180000.00,2024-01-25 17:00:00,CÔNG TY CỔ PHẦN ĐẦU TƯ & THƯƠNG MẠI ĐẠI PHÁT,CÔNG TY TNHH MỘT THÀNH VIÊN HUY VŨ
9890,muavao,1,19000.00,2024-01-21 17:00:00,Ngân hàng TMCP Sài Gòn Thương Tín - Chi nhánh Gia Lai,CONG TY TNHH MTV HUY VU
22,muavao,1,2991818.00,2024-01-21 17:00:00,CÔNG TY TNHH ĐIỆN TỬ TIN HỌC KIM PHÁT,Công Ty Trách Nhiệm Hữu Hạn một thành viên Huy Vũ
524,muavao,1,8536364.00,2024-01-16 17:00:00,CÔNG TY TNHH PHƯƠNG KHANG COMPUTER,CÔNG TY TNHH MỘT THÀNH VIÊN HUY VŨ
11,muavao,1,6302727.00,2024-01-12 17:00:00,CÔNG TY TNHH ĐIỆN TỬ TIN HỌC KIM PHÁT,Công Ty Trách Nhiệm Hữu Hạn một thành viên Huy Vũ
48,muavao,1,1718519.00,2024-01-10 17:00:00,Công Ty TNHH Công Nghệ Và Thương Mại Mai Khanh,Công Ty TNHH Một Thành Viên Huy Vũ
31,muavao,1,9545455.00,2024-01-07 17:00:00,CÔNG TY TNHH XUẤT NHẬP KHẨU LÊ TRẦN GIA,CÔNG TY TNHH MỘT THÀNH VIÊN HUY VŨ
1373,banra,1,20731482.00,2025-11-29 17:00:00,CÔNG TY TNHH MỘT THÀNH VIÊN HUY VŨ,
1374,banra,1,898148.00,2025-11-29 17:00:00,CÔNG TY TNHH MỘT THÀNH VIÊN HUY VŨ,VĂN PHÒNG HĐND VÀ UBND PHƯỜNG HỘI PHÚ
1392,banra,1,7129630.00,2025-12-03 17:00:00,CÔNG TY TNHH MỘT THÀNH VIÊN HUY VŨ,CHI NHÁNH PETROLIMEX PLEIKU - CÔNG TY TNHH MTV PETROLIMEX GIA LAI
1375,banra,1,601852.00,2025-11-30 17:00:00,CÔNG TY TNHH MỘT THÀNH VIÊN HUY VŨ,CHI NHÁNH MIỀN TRUNG - CÔNG TY TNHH MỘT THÀNH VIÊN TRẮC ĐỊA BẢN ĐỒ
143255,muavao,1,407701.00,2025-12-01 17:00:00,VIỄN THÔNG GIA LAI - TẬP ĐOÀN BƯU CHÍNH VIỄN THÔNG VIỆT NAM,Công Ty TNHH MTV Huy Vũ
143256,muavao,1,146135.00,2025-12-01 17:00:00,VIỄN THÔNG GIA LAI - TẬP ĐOÀN BƯU CHÍNH VIỄN THÔNG VIỆT NAM,Công Ty TNHH MTV Huy Vũ
143341,muavao,1,161359.00,2025-12-01 17:00:00,VIỄN THÔNG GIA LAI - TẬP ĐOÀN BƯU CHÍNH VIỄN THÔNG VIỆT NAM,Công Ty TNHH MTV Huy Vũ
111544,muavao,1,49544444.00,2025-12-01 17:00:00,CÔNG TY TNHH MỘT THÀNH VIÊN CÔNG NGHỆ TIN HỌC VIỄN SƠN,CÔNG TY TNHH MỘT THÀNH VIÊN HUY VŨ
16,muavao,1,12754545.00,2024-01-07 17:00:00,CHI NHÁNH CÔNG TY CỔ PHẦN ĐẦU TƯ VÀ PHÁT TRIỂN CÔNG NGHỆ QUỐC GIA ADG TẠI ĐÀ NẴNG,Công Ty TNHH Một Thành Viên Huy Vũ
919,muavao,1,32428.00,2024-01-02 17:00:00,Ngân hàng TMCP Sài Gòn Thương Tín - Chi nhánh Gia Lai,CONG TY TNHH MTV HUY VU
118,banra,1,627273.00,2024-01-30 17:00:00,CÔNG TY TNHH MỘT THÀNH VIÊN HUY VŨ,HỘ KINH DOANH PHAN VĂN MINH
117,banra,1,1360000.00,2024-01-30 17:00:00,CÔNG TY TNHH MỘT THÀNH VIÊN HUY VŨ,CÔNG TY TNHH TƯ VẤN THIẾT KẾ THIÊN Ý
115,banra,1,863636.00,2024-01-30 17:00:00,CÔNG TY TNHH MỘT THÀNH VIÊN HUY VŨ,CÔNG TY TNHH XÂY DỰNG CÔNG NÔNG NGHIỆP THADICO
98,banra,1,3809091.00,2024-01-26 17:00:00,CÔNG TY TNHH MỘT THÀNH VIÊN HUY VŨ,"Trung đoàn 52, Sư đoàn 320"
111505,muavao,1,3148148.00,2025-12-01 17:00:00,CÔNG TY TNHH MỘT THÀNH VIÊN CÔNG NGHỆ TIN HỌC VIỄN SƠN,CÔNG TY TNHH MỘT THÀNH VIÊN HUY VŨ
407,muavao,1,69351852.00,2025-12-01 17:00:00,CÔNG TY TNHH ĐIỆN TỬ TIN HỌC KIM PHÁT,Công Ty Trách Nhiệm Hữu Hạn một thành viên Huy Vũ
104606,muavao,1,249636.00,2025-12-01 17:00:00,VIỄN THÔNG GIA LAI - TẬP ĐOÀN BƯU CHÍNH VIỄN THÔNG VIỆT NAM,Công Ty TNHH MTV Huy Vũ
77933,muavao,1,233636.00,2025-12-01 17:00:00,VIỄN THÔNG GIA LAI - TẬP ĐOÀN BƯU CHÍNH VIỄN THÔNG VIỆT NAM,Cửa Hàng Máy Tình Trường Sơn
78065,muavao,1,20600.00,2025-12-01 17:00:00,VIỄN THÔNG GIA LAI - TẬP ĐOÀN BƯU CHÍNH VIỄN THÔNG VIỆT NAM,Công Ty TNHH MTV  Huy Vũ
78066,muavao,1,24545.00,2025-12-01 17:00:00,VIỄN THÔNG GIA LAI - TẬP ĐOÀN BƯU CHÍNH VIỄN THÔNG VIỆT NAM,Công Ty  TNHH MTV Huy Vũ
78099,muavao,1,20000.00,2025-12-01 17:00:00,VIỄN THÔNG GIA LAI - TẬP ĐOÀN BƯU CHÍNH VIỄN THÔNG VIỆT NAM,Công Ty TNHH MTV Huy Vũ
78131,muavao,1,40364.00,2025-12-01 17:00:00,VIỄN THÔNG GIA LAI - TẬP ĐOÀN BƯU CHÍNH VIỄN THÔNG VIỆT NAM,Công Ty TNHH MTV Huy Vũ
405,muavao,1,3500000.00,2025-11-30 17:00:00,CÔNG TY TNHH ĐIỆN TỬ TIN HỌC KIM PHÁT,Công Ty Trách Nhiệm Hữu Hạn một thành viên Huy Vũ
6536,muavao,1,11737963.00,2025-11-30 17:00:00,CÔNG TY TNHH CÔNG NGHỆ DSS ĐÀ NẴNG,CÔNG TY TNHH MỘT THÀNH VIÊN HUY VŨ
7720,muavao,1,15386109.00,2025-12-01 17:00:00,CÔNG TY TNHH THƯƠNG MẠI DỊCH VỤ QUỐC VIỆT,Công Ty TNHH Một Thành Viên Huy Vũ
102345,muavao,1,18801818.00,2024-02-28 17:00:00,CÔNG TY CỔ PHẦN THẾ GIỚI SỐ,CÔNG TY TNHH MTV HUY VŨ
113,banra,1,3272727.00,2024-01-30 17:00:00,CÔNG TY TNHH MỘT THÀNH VIÊN HUY VŨ,CÔNG TY TNHH HG AGRI
112,banra,1,4545455.00,2024-01-30 17:00:00,CÔNG TY TNHH MỘT THÀNH VIÊN HUY VŨ,PHÒNG CHÍNH TRỊ - SƯ ĐOÀN 320
111,banra,1,4863636.00,2024-01-29 17:00:00,CÔNG TY TNHH MỘT THÀNH VIÊN HUY VŨ,BAN QUẢN LÝ RỪNG PHÒNG HỘ ĐAK ĐOA
110,banra,1,363636.00,2024-01-29 17:00:00,CÔNG TY TNHH MỘT THÀNH VIÊN HUY VŨ,CÔNG TY TNHH MTV ĐỒNG TÂN CHƯ SÊ
109,banra,1,3590909.00,2024-01-29 17:00:00,CÔNG TY TNHH MỘT THÀNH VIÊN HUY VŨ,CHI NHÁNH 716 THUỘC TỔNG CÔNG TY 15
108,banra,1,20636364.00,2024-01-29 17:00:00,CÔNG TY TNHH MỘT THÀNH VIÊN HUY VŨ,CÔNG TY TNHH ĐIỆN TỬ TIN HỌC KIM PHÁT
107,banra,1,3600000.00,2024-01-29 17:00:00,CÔNG TY TNHH MỘT THÀNH VIÊN HUY VŨ,UỶ BAN NHÂN DÂN XÃ IA GRĂNG
106,banra,1,3745455.00,2024-01-29 17:00:00,CÔNG TY TNHH MỘT THÀNH VIÊN HUY VŨ,SỞ CHỈ HUY TIỀN PHƯƠNG QUÂN KHU 5
105,banra,1,390909.00,2024-01-28 17:00:00,CÔNG TY TNHH MỘT THÀNH VIÊN HUY VŨ,TRƯỜNG THCS NGUYỄN CHÍ THANH
104,banra,1,445455.00,2024-01-28 17:00:00,CÔNG TY TNHH MỘT THÀNH VIÊN HUY VŨ,CÔNG TY TNHH MỘT THÀNH VIÊN THIẾT BỊ VÀ CÔNG NGHỆ GM VIỆT NAM
103,banra,1,99690909.00,2024-01-28 17:00:00,CÔNG TY TNHH MỘT THÀNH VIÊN HUY VŨ,CÔNG TY TNHH THƯƠNG MẠI & DỊCH VỤ HÀ VŨ
102,banra,1,318182.00,2024-01-28 17:00:00,CÔNG TY TNHH MỘT THÀNH VIÊN HUY VŨ,CÔNG TY CỔ PHẦN ĐIỆN GIÓ IA BANG
101,banra,1,760000.00,2024-01-28 17:00:00,CÔNG TY TNHH MỘT THÀNH VIÊN HUY VŨ,TRƯỜNG TRUNG HỌC CƠ SỞ  THỊ TRẤN PHÚ HÒA
100,banra,1,1418182.00,2024-01-27 17:00:00,CÔNG TY TNHH MỘT THÀNH VIÊN HUY VŨ,CÔNG TY TNHH MỘT THÀNH VIÊN PHƯƠNG GIANG GIA LAI
99,banra,1,227273.00,2024-01-26 17:00:00,CÔNG TY TNHH MỘT THÀNH VIÊN HUY VŨ,CÔNG TY TNHH DỊCH VỤ BẢO VỆ AN NINH NHÂN VIỆT TC
7899,muavao,1,120000.00,2024-02-28 17:00:00,NGAN HANG TMCP PHAT TRIEN THANH PHO HO CHI MINH,CONG TY TNHH MOT THANH VIEN HUY VU
96,banra,1,3545456.00,2024-01-26 17:00:00,CÔNG TY TNHH MỘT THÀNH VIÊN HUY VŨ,HỢP TÁC XÃ NÔNG NGHIỆP CÔNG NGHỆ CAO FP - FORPEASANTZ
95,banra,1,118182.00,2024-01-26 17:00:00,CÔNG TY TNHH MỘT THÀNH VIÊN HUY VŨ,CÔNG TY CỔ PHẦN HỌC VIỆN CAFE VIỆT NAM VCA
94,banra,1,4463636.00,2024-01-26 17:00:00,CÔNG TY TNHH MỘT THÀNH VIÊN HUY VŨ,ĐỒN BIÊN PHÒNG CỬA KHẨU LỆ THANH
93,banra,1,17600000.00,2024-01-25 17:00:00,CÔNG TY TNHH MỘT THÀNH VIÊN HUY VŨ,HỢP TÁC XÃ NÔNG NGHIỆP CÔNG NGHỆ CAO FP - FORPEASANTZ
92,banra,1,1681818.00,2024-01-25 17:00:00,CÔNG TY TNHH MỘT THÀNH VIÊN HUY VŨ,CÔNG TY CỔ PHẦN THỦY ĐIỆN ĐỨC NHÂN - ĐĂKPSI
91,banra,1,1863636.00,2024-01-25 17:00:00,CÔNG TY TNHH MỘT THÀNH VIÊN HUY VŨ,HỘ KINH DOANH PHAN VĂN MINH
90,banra,1,7681818.00,2024-01-25 17:00:00,CÔNG TY TNHH MỘT THÀNH VIÊN HUY VŨ,CÔNG TY TRÁCH NHIỆM HỮU HẠN THƯƠNG MẠI DỊCH VỤ KỸ THUẬT VI TÍNH THUẬN PHÁT GIA LAI
89,banra,1,236364.00,2024-01-24 17:00:00,CÔNG TY TNHH MỘT THÀNH VIÊN HUY VŨ,CÔNG TY TRÁCH NHIỆM HỮU HẠN MỘT THÀNH VIÊN TRIỆU HẢI GIA LAI
88,banra,1,863636.00,2024-01-24 17:00:00,CÔNG TY TNHH MỘT THÀNH VIÊN HUY VŨ,CHI NHÁNH GIA LAI - CÔNG TY TNHH MỘT THÀNH VIÊN CÀ PHÊ 15
87,banra,1,800000.00,2024-01-24 17:00:00,CÔNG TY TNHH MỘT THÀNH VIÊN HUY VŨ,MÁY VĂN PHÒNG PHƯƠNG NAM
86,banra,1,3536365.00,2024-01-24 17:00:00,CÔNG TY TNHH MỘT THÀNH VIÊN HUY VŨ,MÁY VĂN PHÒNG PHƯƠNG NAM
85,banra,1,2045455.00,2024-01-24 17:00:00,CÔNG TY TNHH MỘT THÀNH VIÊN HUY VŨ,CÔNG TY TNHH THƯƠNG MẠI SÀI GÒN – GIA LAI
84,banra,1,4000000.00,2024-01-23 17:00:00,CÔNG TY TNHH MỘT THÀNH VIÊN HUY VŨ,ĐINH THANH HẢI
83,banra,1,281818.00,2024-01-23 17:00:00,CÔNG TY TNHH MỘT THÀNH VIÊN HUY VŨ,CỬA HÀNG MÁY VĂN PHÒNG HBT
82,banra,1,1900000.00,2024-01-23 17:00:00,CÔNG TY TNHH MỘT THÀNH VIÊN HUY VŨ,UỶ BAN NHÂN DÂN XÃ ĐĂK DJRĂNG
12489,muavao,1,19000.00,2024-01-25 17:00:00,Ngân hàng TMCP Sài Gòn Thương Tín - Chi nhánh Gia Lai,CONG TY TNHH MTV HUY VU
80,banra,1,17477273.00,2024-01-23 17:00:00,CÔNG TY TNHH MỘT THÀNH VIÊN HUY VŨ,CÔNG TY CỔ PHẦN THƯƠNG MẠI HƯNG PHÁT
79,banra,1,20454545.00,2024-01-22 17:00:00,CÔNG TY TNHH MỘT THÀNH VIÊN HUY VŨ,BAN QUẢN LÝ DỰ ÁN / QUÂN ĐOÀN 3
78,banra,1,21360000.00,2024-01-22 17:00:00,CÔNG TY TNHH MỘT THÀNH VIÊN HUY VŨ,CÔNG TY PHÁT TRIỂN THỦY ĐIỆN SÊ SAN - CHI NHÁNH TẬP ĐOÀN ĐIỆN LỰC VIỆT NAM
77,banra,1,13772727.00,2024-01-21 17:00:00,CÔNG TY TNHH MỘT THÀNH VIÊN HUY VŨ,CÔNG TY TNHH MỘT THÀNH VIÊN AN TƯỜNG LỘC PHÁT
76,banra,1,1563637.00,2024-01-19 17:00:00,CÔNG TY TNHH MỘT THÀNH VIÊN HUY VŨ,HỘ KINH DOANH PHAN VĂN MINH
75,banra,1,11263636.00,2024-01-19 17:00:00,CÔNG TY TNHH MỘT THÀNH VIÊN HUY VŨ,CÔNG TY TNHH MỘT THÀNH VIỀN TƯ VẤN ĐẦU TƯ VÀ XÂY DỰNG ĐÔNG PHƯƠNG
74,banra,1,318182.00,2024-01-19 17:00:00,CÔNG TY TNHH MỘT THÀNH VIÊN HUY VŨ,BƯU ĐIỆN TỈNH GIA LAI
73,banra,1,318182.00,2024-01-18 17:00:00,CÔNG TY TNHH MỘT THÀNH VIÊN HUY VŨ,CÔNG TY CỔ PHẦN THỦY ĐIỆN HOÀNG ANH TÔNA
72,banra,1,30909091.00,2024-01-18 17:00:00,CÔNG TY TNHH MỘT THÀNH VIÊN HUY VŨ,CÔNG TY TNHH THƯƠNG MẠI & DỊCH VỤ HÀ VŨ
71,banra,1,2163636.00,2024-01-18 17:00:00,CÔNG TY TNHH MỘT THÀNH VIÊN HUY VŨ,CÔNG TY TNHH MỘT THÀNH VIÊN PHÁT THÀNH LỘC GIA LAI
70,banra,1,19545455.00,2024-01-18 17:00:00,CÔNG TY TNHH MỘT THÀNH VIÊN HUY VŨ,BAN QUẢN LÝ DỰ ÁN / QUÂN ĐOÀN 3
69,banra,1,1772727.00,2024-01-18 17:00:00,CÔNG TY TNHH MỘT THÀNH VIÊN HUY VŨ,CÔNG TY TRÁCH NHIỆM HỮU HẠN MỘT THÀNH VIÊN XĂNG DẦU BẮC TÂY NGUYÊN
68,banra,1,590909.00,2024-01-16 17:00:00,CÔNG TY TNHH MỘT THÀNH VIÊN HUY VŨ,CÔNG TY CỔ PHẦN XÂY DỰNG 711
67,banra,1,2527273.00,2024-01-16 17:00:00,CÔNG TY TNHH MỘT THÀNH VIÊN HUY VŨ,CÔNG TY CỔ PHẦN SẢN XUẤT KINH DOANH LÂM SẢN GIA LAI
673758,muavao,1,19090910.00,2024-12-30 17:00:00,CÔNG TY CỔ PHẦN THẾ GIỚI SỐ,CÔNG TY TNHH MTV HUY VŨ
3253,muavao,1,8000.00,2024-02-28 17:00:00,Ngân hàng Thương mại Cổ phần Đầu tư và Phát triển Việt Nam - Chi nhánh Gia Lai,CONG TY TNHH MTV HUY VU
2910,muavao,1,44081826.00,2024-02-28 17:00:00,CÔNG TY CỔ PHẦN TIN HỌC VIẾT SƠN,CÔNG TY TNHH MỘT THÀNH VIÊN  HUY VŨ
65,banra,1,2472728.00,2024-01-15 17:00:00,CÔNG TY TNHH MỘT THÀNH VIÊN HUY VŨ,CÔNG TY TNHH MTV ĐỒNG TÂN CHƯ SÊ
64,banra,1,136364.00,2024-01-14 17:00:00,CÔNG TY TNHH MỘT THÀNH VIÊN HUY VŨ,VĂN PHÒNG LUẬT SƯ HỨA HOÀNG GIA
62,banra,1,2163636.00,2024-01-14 17:00:00,CÔNG TY TNHH MỘT THÀNH VIÊN HUY VŨ,CÔNG TY TNHH NÔNG NGHIỆP HOÀNG MINH
61,banra,1,2670000.00,2024-01-14 17:00:00,CÔNG TY TNHH MỘT THÀNH VIÊN HUY VŨ,CÔNG TY CỔ PHẦN TRƯỜNG PHỔ THÔNG NGUYỄN VĂN LINH GIA LAI
60,banra,1,580000.00,2024-01-14 17:00:00,CÔNG TY TNHH MỘT THÀNH VIÊN HUY VŨ,HỘ KINH DOANH PHAN VĂN MINH
59,banra,1,2204545.00,2024-01-14 17:00:00,CÔNG TY TNHH MỘT THÀNH VIÊN HUY VŨ,HỘ KINH DOANH PHAN VĂN MINH
58,banra,1,15313636.00,2024-01-14 17:00:00,CÔNG TY TNHH MỘT THÀNH VIÊN HUY VŨ,CÔNG TY THUỶ ĐIỆN IA LY (CHI NHÁNH THUỘC TẬP ĐOÀN ĐIỆN LỰC VIỆT NAM)
57,banra,1,15500000.00,2024-01-14 17:00:00,CÔNG TY TNHH MỘT THÀNH VIÊN HUY VŨ,TRƯỜNG TIỂU HỌC TRẦN QUÝ CÁP
56,banra,1,1379630.00,2024-01-14 17:00:00,CÔNG TY TNHH MỘT THÀNH VIÊN HUY VŨ,CÔNG TY TNHH THƯƠNG MẠI DỊCH VỤ SẢN XUẤT QUỐC VƯỢNG
55,banra,1,1818182.00,2024-01-14 17:00:00,CÔNG TY TNHH MỘT THÀNH VIÊN HUY VŨ,CÔNG TY CỔ PHẦN TRƯỜNG SƠN 145
54,banra,1,290909.00,2024-01-12 17:00:00,CÔNG TY TNHH MỘT THÀNH VIÊN HUY VŨ,CÔNG TY TNHH PHÁT TRIỂN DU LỊCH LA MIA
53,banra,1,5190000.00,2024-01-12 17:00:00,CÔNG TY TNHH MỘT THÀNH VIÊN HUY VŨ,CÔNG TY CỔ PHẦN ĐẦU TƯ VÀ PHÁT TRIỂN ĐIỆN SÊ SAN 3A
52,banra,1,700000.00,2024-01-12 17:00:00,CÔNG TY TNHH MỘT THÀNH VIÊN HUY VŨ,CÔNG TY CỔ PHẦN ĐẦU TƯ VÀ PHÁT TRIỂN ĐIỆN SÊ SAN 3A
35,banra,1,19565455.00,2024-01-10 17:00:00,CÔNG TY TNHH MỘT THÀNH VIÊN HUY VŨ,CÔNG TY CỔ PHẦN CHÈ BIỂN HỒ
549,muavao,1,4450000.00,2024-02-28 17:00:00,CÔNG TY TNHH GIẢI PHÁP FINGERTAS,CÔNG TY TNHH MỘT THÀNH VIÊN HUY VŨ
133368,muavao,1,70000.00,2024-02-27 17:00:00,Viettel Gia Lai- Chi nhánh Tập đoàn Công nghiệp - Viễn thông Quân đội,CÔNG TY TNHH MỘT THÀNH VIÊN HUY VŨ
50,banra,1,14945455.00,2024-01-11 17:00:00,CÔNG TY TNHH MỘT THÀNH VIÊN HUY VŨ,HỘI CỰU CHIẾN BINH TỈNH GIA LAI
49,banra,1,8718182.00,2024-01-11 17:00:00,CÔNG TY TNHH MỘT THÀNH VIÊN HUY VŨ,CÔNG TY TNHH TIN HỌC QUANG ANH GL
48,banra,1,1590909.00,2024-01-11 17:00:00,CÔNG TY TNHH MỘT THÀNH VIÊN HUY VŨ,CÔNG TY CỔ PHẦN THỦY ĐIỆN GIA LAI
47,banra,1,5272728.00,2024-01-11 17:00:00,CÔNG TY TNHH MỘT THÀNH VIÊN HUY VŨ,CÔNG TY TRÁCH NHIỆM HỮU HẠN MỘT THÀNH VIÊN LÂM NGHIỆP ĐĂK ROONG
45,banra,1,2636364.00,2024-01-11 17:00:00,CÔNG TY TNHH MỘT THÀNH VIÊN HUY VŨ,Công ty TNHH Red River Foods Việt Nam
44,banra,1,327273.00,2024-01-11 17:00:00,CÔNG TY TNHH MỘT THÀNH VIÊN HUY VŨ,CÔNG TY TNHH MỘT THÀNH VIÊN GIA NGUYỄN TIẾN
43,banra,1,14263636.00,2024-01-10 17:00:00,CÔNG TY TNHH MỘT THÀNH VIÊN HUY VŨ,CÔNG TY TNHH THƯƠNG MẠI VÀ XÂY DỰNG GIA HUY - GIA LAI
42,banra,1,25740000.00,2024-01-10 17:00:00,CÔNG TY TNHH MỘT THÀNH VIÊN HUY VŨ,CÔNG TY PHÁT TRIỂN THỦY ĐIỆN SÊ SAN - CHI NHÁNH TẬP ĐOÀN ĐIỆN LỰC VIỆT NAM
41,banra,1,1409091.00,2024-01-10 17:00:00,CÔNG TY TNHH MỘT THÀNH VIÊN HUY VŨ,CƠ QUAN THƯỜNG TRỰC BÁO QUÂN ĐỘI TẠI GIA LAI
40,banra,1,290909.00,2024-01-10 17:00:00,CÔNG TY TNHH MỘT THÀNH VIÊN HUY VŨ,TRƯỜNG MẦM NON THỊ TRẤN IALY
39,banra,1,28636364.00,2024-01-10 17:00:00,CÔNG TY TNHH MỘT THÀNH VIÊN HUY VŨ,CHI NHÁNH GIA LAI - CÔNG TY TNHH MỘT THÀNH VIÊN CÀ PHÊ 15
38,banra,1,500000.00,2024-01-10 17:00:00,CÔNG TY TNHH MỘT THÀNH VIÊN HUY VŨ,QUỸ TÍN DỤNG NHÂN DÂN THỊ TRẤN  IAKHA
37,banra,1,1181818.00,2024-01-10 17:00:00,CÔNG TY TNHH MỘT THÀNH VIÊN HUY VŨ,CÔNG TY TNHH MỘT THÀNH VIÊN HẬU CẦN 28 SANG AN GIA LAI
36,banra,1,3636364.00,2024-01-10 17:00:00,CÔNG TY TNHH MỘT THÀNH VIÊN HUY VŨ,ĐINH THANH HẢI
28222,muavao,1,19000.00,2024-02-27 17:00:00,Ngân hàng TMCP Sài Gòn Thương Tín - Chi nhánh Gia Lai,CONG TY TNHH MTV HUY VU
1180,muavao,1,6072728.00,2024-02-27 17:00:00,CÔNG TY TNHH PHÂN PHỐI PHƯƠNG VIỆT,CÔNG TY TNHH MỘT THÀNH VIÊN HUY VŨ
33,banra,1,1363636.00,2024-01-10 17:00:00,CÔNG TY TNHH MỘT THÀNH VIÊN HUY VŨ,TRƯỜNG THPT TRẦN PHÚ
32,banra,1,7900000.00,2024-01-09 17:00:00,CÔNG TY TNHH MỘT THÀNH VIÊN HUY VŨ,CÔNG TY TNHH MỘT THÀNH VIÊN HỒNG SINH PHÁT GIA LAI
31,banra,1,5590909.00,2024-01-09 17:00:00,CÔNG TY TNHH MỘT THÀNH VIÊN HUY VŨ,HỘI CỰU CHIẾN BINH TỈNH GIA LAI
30,banra,1,2300000.00,2024-01-09 17:00:00,CÔNG TY TNHH MỘT THÀNH VIÊN HUY VŨ,CÔNG TY TNHH MỘT THÀNH VIÊN THƯƠNG MẠI ĐẦU TƯ XÂY DỰNG NAM VIỆT
29,banra,1,318182.00,2024-01-09 17:00:00,CÔNG TY TNHH MỘT THÀNH VIÊN HUY VŨ,CÔNG TY CỔ PHẦN CẤP NƯỚC SÀI GÒN - PLEIKU
28,banra,1,13636364.00,2024-01-09 17:00:00,CÔNG TY TNHH MỘT THÀNH VIÊN HUY VŨ,CHI CỤC THI HÀNH ÁN DÂN SỰ HUYỆN ĐAK ĐOA
27,banra,1,327273.00,2024-01-08 17:00:00,CÔNG TY TNHH MỘT THÀNH VIÊN HUY VŨ,CÔNG TY TNHH MỘT THÀNH VIÊN GIA NGUYỄN TIẾN
26,banra,1,818182.00,2024-01-08 17:00:00,CÔNG TY TNHH MỘT THÀNH VIÊN HUY VŨ,PHÒNG QUẢN LÝ ĐÔ THỊ THÀNH PHỐ PLEIKU
24,banra,1,2800000.00,2024-01-08 17:00:00,CÔNG TY TNHH MỘT THÀNH VIÊN HUY VŨ,CÔNG TY TRÁCH NHIỆM HỮU HẠN MỘT THÀNH VIÊN ĐẦU TƯ XÂY DỰNG ĐIỆN PHAN VŨ
23,banra,1,18113636.00,2024-01-07 17:00:00,CÔNG TY TNHH MỘT THÀNH VIÊN HUY VŨ,MÁY VĂN PHÒNG PHƯƠNG NAM
22,banra,1,1272727.00,2024-01-07 17:00:00,CÔNG TY TNHH MỘT THÀNH VIÊN HUY VŨ,CÔNG TY TNHH MỘT THÀNH VIÊN TCD ĐẠI NAM
21,banra,1,618182.00,2024-01-07 17:00:00,CÔNG TY TNHH MỘT THÀNH VIÊN HUY VŨ,TRƯỜNG TRUNG HỌC CƠ SỞ TRẦN PHÚ
20,banra,1,1654545.00,2024-01-07 17:00:00,CÔNG TY TNHH MỘT THÀNH VIÊN HUY VŨ,CÔNG TY TRÁCH NHIỆM HỮU HẠN ĐỨC DUNG
19,banra,1,1590909.00,2024-01-07 17:00:00,CÔNG TY TNHH MỘT THÀNH VIÊN HUY VŨ,CÔNG TY TNHH MỘT THÀNH VIÊN THƯƠNG MẠI ĐẦU TƯ XÂY DỰNG NAM VIỆT
12490,muavao,1,19000.00,2024-01-25 17:00:00,Ngân hàng TMCP Sài Gòn Thương Tín - Chi nhánh Gia Lai,CONG TY TNHH MTV HUY VU
45,muavao,1,4063636.00,2024-02-27 17:00:00,CÔNG TY TNHH ĐIỆN TỬ TIN HỌC KIM PHÁT,Công Ty Trách Nhiệm Hữu Hạn một thành viên Huy Vũ
17,banra,1,281818.00,2024-01-07 17:00:00,CÔNG TY TNHH MỘT THÀNH VIÊN HUY VŨ,CÔNG TY CỔ PHẦN CHANH LEO NAFOODS
16,banra,1,2172727.00,2024-01-07 17:00:00,CÔNG TY TNHH MỘT THÀNH VIÊN HUY VŨ,CÔNG TY CỔ PHẦN CHIẾN THẮNG
15,banra,1,309091.00,2024-01-07 17:00:00,CÔNG TY TNHH MỘT THÀNH VIÊN HUY VŨ,CÔNG TY TNHH ĐẦU TƯ CÔNG NGHỆ ÂM THANH TRIỆU GIA
14,banra,1,2954545.00,2024-01-06 17:00:00,CÔNG TY TNHH MỘT THÀNH VIÊN HUY VŨ,CÔNG TY TNHH MỘT THÀNH VIÊN THƯƠNG MẠI ĐẦU TƯ XÂY DỰNG NAM VIỆT
12,banra,1,454546.00,2024-01-05 17:00:00,CÔNG TY TNHH MỘT THÀNH VIÊN HUY VŨ,CÔNG TY TNHH MỘT THÀNH VIÊN THIÊNG NGUYỄN GIA LAI
11,banra,1,381818.00,2024-01-05 17:00:00,CÔNG TY TNHH MỘT THÀNH VIÊN HUY VŨ,CÔNG TY TNHH VĨNH HIỆP
10,banra,1,318182.00,2024-01-05 17:00:00,CÔNG TY TNHH MỘT THÀNH VIÊN HUY VŨ,CÔNG TY CỔ PHẦN TRƯỜNG PHỔ THÔNG NGUYỄN VĂN LINH GIA LAI
9,banra,1,1354545.00,2024-01-05 17:00:00,CÔNG TY TNHH MỘT THÀNH VIÊN HUY VŨ,CÔNG TY TNHH ĐẠI TIẾN
8,banra,1,6136364.00,2024-01-05 17:00:00,CÔNG TY TNHH MỘT THÀNH VIÊN HUY VŨ,HỘ KINH DOANH PHAN VĂN MINH
7,banra,1,5454545.00,2024-01-05 17:00:00,CÔNG TY TNHH MỘT THÀNH VIÊN HUY VŨ,CÔNG TY CỔ PHẦN TRƯỜNG PHỔ THÔNG NGUYỄN VĂN LINH GIA LAI
6,banra,1,209091.00,2024-01-05 17:00:00,CÔNG TY TNHH MỘT THÀNH VIÊN HUY VŨ,CÔNG TY TNHH CÔNG NGHỆ - THƯƠNG MẠI VÀ DỊCH VỤ PHÚC THỊNH SOLAR
5,banra,1,809091.00,2024-01-05 17:00:00,CÔNG TY TNHH MỘT THÀNH VIÊN HUY VŨ,CÔNG TY CỔ PHẦN CHATHAM CIS
4,banra,1,172727.00,2024-01-05 17:00:00,CÔNG TY TNHH MỘT THÀNH VIÊN HUY VŨ,CÔNG TY TRÁCH NHIỆM HỮU HẠN MỘT THÀNH VIÊN XĂNG DẦU BẮC TÂY NGUYÊN
2202,muavao,1,8363636.00,2024-12-29 17:00:00,CÔNG TY TNHH XUẤT NHẬP KHẨU LÊ TRẦN GIA,CÔNG TY TNHH MỘT THÀNH VIÊN HUY VŨ
6488966,muavao,1,3129863.00,2024-01-30 17:00:00,NGÂN HÀNG TMCP Á CHÂU,CTY TNHH MTV HUY VU
190868,muavao,1,918180.00,2024-12-25 17:00:00,Công ty TNHH Phân phối Synnex FPT,Công ty TNHH MTV Huy Vũ
2,banra,1,536364.00,2024-01-05 17:00:00,CÔNG TY TNHH MỘT THÀNH VIÊN HUY VŨ,CÔNG TY TRÁCH NHIỆM HỮU HẠN MỘT THÀNH VIÊN ĐẦU TƯ XÂY DỰNG ĐIỆN PHAN VŨ
1,banra,1,818182.00,2024-01-03 17:00:00,CÔNG TY TNHH MỘT THÀNH VIÊN HUY VŨ,CÔNG TY TNHH MTV LÂM NGHIỆP KONG H'DE
15500,muavao,1,19000.00,2024-01-30 17:00:00,Ngân hàng TMCP Sài Gòn Thương Tín - Chi nhánh Gia Lai,CONG TY TNHH MTV HUY VU
6346,muavao,1,11000000.00,2024-01-30 17:00:00,CÔNG TY TNHH MỘT THÀNH VIÊN CÔNG NGHỆ TIN HỌC VIỄN SƠN,CÔNG TY TNHH MỘT THÀNH VIÊN HUY VŨ
4501,muavao,1,60000.00,2024-01-30 17:00:00,NGAN HANG TMCP PHAT TRIEN THANH PHO HO CHI MINH,CONG TY TNHH MOT THANH VIEN HUY VU
1456,muavao,1,20000.00,2024-01-30 17:00:00,Ngân hàng Thương mại Cổ phần Đầu tư và Phát triển Việt Nam - Chi nhánh Gia Lai,CONG TY TNHH MTV HUY VU
14980,muavao,1,19000.00,2024-01-29 17:00:00,Ngân hàng TMCP Sài Gòn Thương Tín - Chi nhánh Gia Lai,CONG TY TNHH MTV HUY VU
14979,muavao,1,19000.00,2024-01-29 17:00:00,Ngân hàng TMCP Sài Gòn Thương Tín - Chi nhánh Gia Lai,CONG TY TNHH MTV HUY VU
342,muavao,1,4077273.00,2024-01-29 17:00:00,CÔNG TY CỔ PHẦN MÁY TÍNH VĨNH XUÂN - CHI NHÁNH ĐÀ NẴNG,CÔNG TY TNHH MỘT THÀNH VIÊN HUY VŨ
82,muavao,1,106363636.00,2024-01-29 17:00:00,CHI NHÁNH CÔNG TY CỔ PHẦN ĐẦU TƯ VÀ PHÁT TRIỂN CÔNG NGHỆ QUỐC GIA ADG TẠI ĐÀ NẴNG,Công Ty TNHH Một Thành Viên Huy Vũ
14016,muavao,1,125000.00,2024-01-28 17:00:00,Ngân hàng TMCP Sài Gòn Thương Tín - Chi nhánh Gia Lai,CONG TY TNHH MTV HUY VU
7157,muavao,1,1188000.00,2024-01-28 17:00:00,Công ty Cổ phần Mắt Bão,Công ty TNHH Một Thành Viên Huy Vũ
5795,muavao,1,5090909.00,2024-01-28 17:00:00,CÔNG TY CỔ PHẦN DỊCH VỤ PHÂN PHỐI TỔNG HỢP DẦU KHÍ,Công ty TNHH  Một Thành Viên Huy Vũ
32093,muavao,1,454545.00,2024-01-25 17:00:00,CÔNG TY TNHH MTV XĂNG DẦU BẮC TÂY NGUYÊN,CÔNG TY TNHH MỘT THÀNH VIÊN HUY VŨ
12517,muavao,1,23000.00,2024-01-25 17:00:00,Ngân hàng TMCP Sài Gòn Thương Tín - Chi nhánh Gia Lai,CONG TY TNHH MTV HUY VU
98401,muavao,1,116100000.00,2024-02-26 17:00:00,CÔNG TY CỔ PHẦN THẾ GIỚI SỐ,CÔNG TY TNHH MTV HUY VŨ
3399,muavao,1,5508182.00,2024-12-23 17:00:00,CÔNG TY TNHH THƯƠNG MẠI DỊCH VỤ SẢN XUẤT XUẤT NHẬP KHẨU MỰC IN VIỆT NHẬT,CÔNG TY TNHH MỘT THÀNH VIÊN HUY VŨ
7208,muavao,1,4227273.00,2024-12-18 17:00:00,CÔNG TY TNHH THẢO NHIÊN,CÔNG TY TNHH MỘT THÀNH VIÊN HUY VŨ
171,muavao,1,6800182.00,2024-01-25 17:00:00,CÔNG TY TNHH THƯƠNG MẠI KỸ THUẬT DIỆP KHÁNH,Công ty TNHH MTV Huy Vũ
43097,muavao,1,37040000.00,2024-01-24 17:00:00,CÔNG TY CỔ PHẦN THẾ GIỚI SỐ,CÔNG TY TNHH MTV HUY VŨ
11992,muavao,1,19000.00,2024-01-24 17:00:00,Ngân hàng TMCP Sài Gòn Thương Tín - Chi nhánh Gia Lai,CONG TY TNHH MTV HUY VU
5309,muavao,1,55690909.00,2024-01-24 17:00:00,CÔNG TY TNHH MỘT THÀNH VIÊN CÔNG NGHỆ TIN HỌC VIỄN SƠN,CÔNG TY TNHH MỘT THÀNH VIÊN HUY VŨ
5296,muavao,1,2363636.00,2024-01-24 17:00:00,CÔNG TY TNHH MỘT THÀNH VIÊN CÔNG NGHỆ TIN HỌC VIỄN SƠN,CÔNG TY TNHH MỘT THÀNH VIÊN HUY VŨ
5132,muavao,1,65318036.00,2024-01-24 17:00:00,CÔNG TY TNHH MỘT THÀNH VIÊN CÔNG NGHỆ TIN HỌC VIỄN SƠN,CÔNG TY TNHH MỘT THÀNH VIÊN HUY VŨ
649,muavao,1,8610000.00,2024-01-24 17:00:00,CÔNG TY TNHH PHÂN PHỐI PHƯƠNG VIỆT,CÔNG TY TNHH MỘT THÀNH VIÊN HUY VŨ
585,muavao,1,15000.00,2024-01-24 17:00:00,Ngân hàng TMCP Sài Gòn Thương Tín - Chi nhánh Gia Lai,CONG TY TNHH MTV HUY VU
264,muavao,1,3236364.00,2024-01-24 17:00:00,CHI NHÁNH CÔNG TY TNHH CÔNG NGHỆ VÀ THƯƠNG MẠI Á MỸ,CÔNG TY TNHH MỘT THÀNH VIÊN HUY VŨ
616,muavao,1,18073636.00,2024-01-23 17:00:00,CÔNG TY TNHH PHÂN PHỐI PHƯƠNG VIỆT,CÔNG TY TNHH MỘT THÀNH VIÊN HUY VŨ
255,muavao,1,21632728.00,2024-01-23 17:00:00,CÔNG TY CỔ PHẦN THƯƠNG MẠI - DỊCH VỤ SAO NAM AN,Công Ty TNHH Một Thành Viên Huy Vũ
143,muavao,1,5554545.00,2024-01-23 17:00:00,CÔNG TY TNHH THƯƠNG MẠI DỊCH VỤ ALOHA VINA,CÔNG TY TNHH MỘT THÀNH VIÊN HUY VŨ
57,muavao,1,462037.00,2024-01-23 17:00:00,CHI NHÁNH CÔNG TY CỔ PHẦN ĐẦU TƯ VÀ PHÁT TRIỂN CÔNG NGHỆ QUỐC GIA ADG TẠI ĐÀ NẴNG,Công Ty TNHH Một Thành Viên Huy Vũ
887,muavao,1,1600000.00,2024-01-22 17:00:00,Công Ty TNHH Công Nghệ Thông Tin An Phát,CÔNG TY TNHH MỘT THÀNH VIÊN HUY VŨ
5941,muavao,1,5854546.00,2024-12-17 17:00:00,CÔNG TY CỔ PHẦN MÁY TÍNH VĨNH XUÂN - CHI NHÁNH ĐÀ NẴNG,CÔNG TY TNHH MỘT THÀNH VIÊN HUY VŨ
9886,muavao,1,19000.00,2024-01-21 17:00:00,Ngân hàng TMCP Sài Gòn Thương Tín - Chi nhánh Gia Lai,CONG TY TNHH MTV HUY VU
558,muavao,1,9909091.00,2024-01-19 17:00:00,CÔNG TY CỔ PHẦN THIẾT BỊ VĂN PHÒNG NGUYỄN ĐỨC,CÔNG TY TNHH MTV HUY VŨ
7,muavao,1,2400000.00,2024-01-19 17:00:00,CÔNG TY TNHH FINTECS,CÔNG TY TNHH MỘT THÀNH VIÊN HUY VŨ
35087,muavao,1,18601818.00,2024-01-18 17:00:00,CÔNG TY CỔ PHẦN THẾ GIỚI SỐ,CÔNG TY TNHH MTV HUY VŨ
9176,muavao,1,19000.00,2024-01-18 17:00:00,Ngân hàng TMCP Sài Gòn Thương Tín - Chi nhánh Gia Lai,CONG TY TNHH MTV HUY VU
3073,muavao,1,4800000.00,2024-01-18 17:00:00,CÔNG TY TNHH MỘT THÀNH VIÊN CÔNG NGHỆ TIN HỌC VIỄN SƠN,CÔNG TY TNHH MỘT THÀNH VIÊN HUY VŨ
3069,muavao,1,4363636.00,2024-01-18 17:00:00,CÔNG TY TNHH MỘT THÀNH VIÊN CÔNG NGHỆ TIN HỌC VIỄN SƠN,CÔNG TY TNHH MỘT THÀNH VIÊN HUY VŨ
620,muavao,1,9545455.00,2024-01-18 17:00:00,CÔNG TY TNHH PHƯƠNG KHANG COMPUTER,CÔNG TY TNHH MỘT THÀNH VIÊN HUY VŨ
424,muavao,1,6054546.00,2024-01-18 17:00:00,Công ty TNHH Tin Học Kim Thiên Bảo,CÔNG TY TNHH MỘT THÀNH VIÊN HUY VŨ
21307,muavao,1,454545.00,2024-01-17 17:00:00,CÔNG TY TNHH MTV XĂNG DẦU BẮC TÂY NGUYÊN,CÔNG TY TNHH MỘT THÀNH VIÊN HUY VŨ
67,muavao,1,9693300.00,2024-01-17 17:00:00,CÔNG TY TNHH THƯƠNG MẠI VÀ PHÁT TRIỂN CÔNG NGHỆ ĐỨC PHÁP,CÔNG TY TNHH MỘT THÀNH VIÊN HUY VŨ
2842,muavao,1,4545455.00,2024-01-16 17:00:00,CÔNG TY TNHH MỘT THÀNH VIÊN CÔNG NGHỆ TIN HỌC VIỄN SƠN,CÔNG TY TNHH MỘT THÀNH VIÊN HUY VŨ
2839,muavao,1,27000000.00,2024-01-16 17:00:00,CÔNG TY TNHH MỘT THÀNH VIÊN CÔNG NGHỆ TIN HỌC VIỄN SƠN,CÔNG TY TNHH MỘT THÀNH VIÊN HUY VŨ
555,muavao,1,6500000.00,2024-01-16 17:00:00,CÔNG TY TNHH PHƯƠNG KHANG COMPUTER,CÔNG TY TNHH MỘT THÀNH VIÊN HUY VŨ
116356,muavao,1,9818182.00,2024-12-12 17:00:00,CÔNG TY CỔ PHẦN DỊCH VỤ PHÂN PHỐI TỔNG HỢP DẦU KHÍ,Công ty TNHH  Một Thành Viên Huy Vũ
68185595,muavao,1,639328.00,2024-12-09 17:00:00,NGÂN HÀNG TMCP Á CHÂU,CTY TNHH MTV HUY VU
176,muavao,1,8409091.00,2024-01-16 17:00:00,CHI NHÁNH CÔNG TY TNHH CÔNG NGHỆ VÀ THƯƠNG MẠI Á MỸ,CÔNG TY TNHH MỘT THÀNH VIÊN HUY VŨ
6889,muavao,1,19000.00,2024-01-15 17:00:00,Ngân hàng TMCP Sài Gòn Thương Tín - Chi nhánh Gia Lai,CONG TY TNHH MTV HUY VU
84,muavao,1,7181817.00,2024-01-15 17:00:00,CÔNG TY CỔ PHẦN RIOTECH,CÔNG TY TNHH MỘT THÀNH VIÊN HUY VŨ
22293,muavao,1,37363638.00,2024-01-14 17:00:00,CÔNG TY CỔ PHẦN THẾ GIỚI SỐ,CÔNG TY TNHH MTV HUY VŨ
6287,muavao,1,20000.00,2024-01-14 17:00:00,Ngân hàng TMCP Sài Gòn Thương Tín - Chi nhánh Gia Lai,CONG TY TNHH MTV HUY VU
326,muavao,1,2779091.00,2024-01-14 17:00:00,CÔNG TY TNHH PHÂN PHỐI PHƯƠNG VIỆT,CÔNG TY TNHH MỘT THÀNH VIÊN HUY VŨ
318,muavao,1,50000.00,2024-01-14 17:00:00,Ngân hàng TMCP Sài Gòn Thương Tín - Chi nhánh Gia Lai,CONG TY TNHH MTV HUY VU
203,muavao,1,11860000.00,2024-01-14 17:00:00,CÔNG TY TNHH ĐẦU TƯ CÔNG NGHỆ ÂM THANH TRIỆU GIA,CÔNG TY TNHH MỘT THÀNH VIÊN HUY VŨ
2927342,muavao,1,54545.00,2024-01-12 17:00:00,NGÂN HÀNG TMCP Á CHÂU,CTY TNHH MTV HUY VU
5865,muavao,1,19000.00,2024-01-11 17:00:00,Ngân hàng TMCP Sài Gòn Thương Tín - Chi nhánh Gia Lai,CONG TY TNHH MTV HUY VU
5864,muavao,1,19000.00,2024-01-11 17:00:00,Ngân hàng TMCP Sài Gòn Thương Tín - Chi nhánh Gia Lai,CONG TY TNHH MTV HUY VU
5623,muavao,1,19000.00,2024-01-11 17:00:00,Ngân hàng TMCP Sài Gòn Thương Tín - Chi nhánh Gia Lai,CONG TY TNHH MTV HUY VU
1670,muavao,1,1954545.00,2024-01-10 17:00:00,CÔNG TY TNHH MỘT THÀNH VIÊN CÔNG NGHỆ TIN HỌC VIỄN SƠN,CÔNG TY TNHH MỘT THÀNH VIÊN HUY VŨ
1662,muavao,1,4990000.00,2024-01-10 17:00:00,CÔNG TY TNHH MỘT THÀNH VIÊN CÔNG NGHỆ TIN HỌC VIỄN SƠN,CÔNG TY TNHH MỘT THÀNH VIÊN HUY VŨ
1661,muavao,1,13954545.00,2024-01-10 17:00:00,CÔNG TY TNHH MỘT THÀNH VIÊN CÔNG NGHỆ TIN HỌC VIỄN SƠN,CÔNG TY TNHH MỘT THÀNH VIÊN HUY VŨ
371,muavao,1,4127273.00,2024-01-10 17:00:00,Công Ty TNHH Công Nghệ Thông Tin An Phát,CÔNG TY TNHH MỘT THÀNH VIÊN HUY VŨ
2020,muavao,1,16545454.00,2024-12-09 17:00:00,CÔNG TY TNHH XUẤT NHẬP KHẨU LÊ TRẦN GIA,CÔNG TY TNHH MỘT THÀNH VIÊN HUY VŨ
26,muavao,1,13500000.00,2024-01-10 17:00:00,CÔNG TY CỔ PHẦN ĐẦU TƯ & THƯƠNG MẠI ĐẠI PHÁT,CÔNG TY TNHH MỘT THÀNH VIÊN HUY VŨ
1693930,muavao,1,18021918.00,2024-01-09 17:00:00,NGÂN HÀNG TMCP Á CHÂU,CTY TNHH MTV HUY VU
1693898,muavao,1,14773699.00,2024-01-09 17:00:00,NGÂN HÀNG TMCP Á CHÂU,CTY TNHH MTV HUY VU
8989,muavao,1,14116360.00,2024-01-09 17:00:00,Chi nhánh Công ty TNHH phân phối Synnex FPT,Công ty TNHH MTV Huy Vũ
6263,muavao,1,5018182.00,2024-01-09 17:00:00,Chi nhánh Công ty TNHH phân phối Synnex FPT,Công ty TNHH MTV Huy Vũ
4436,muavao,1,0.00,2024-01-09 17:00:00,Công ty TNHH Phân phối Synnex FPT,Công ty TNHH MTV Huy Vũ
4427,muavao,1,31011819.00,2024-01-09 17:00:00,Công ty TNHH Phân phối Synnex FPT,Công ty TNHH MTV Huy Vũ
3857,muavao,1,20000.00,2024-01-09 17:00:00,Ngân hàng TMCP Sài Gòn Thương Tín - Chi nhánh Gia Lai,CONG TY TNHH MTV HUY VU
3856,muavao,1,20000.00,2024-01-09 17:00:00,Ngân hàng TMCP Sài Gòn Thương Tín - Chi nhánh Gia Lai,CONG TY TNHH MTV HUY VU
348,muavao,1,5018184.00,2024-01-09 17:00:00,Công Ty TNHH Công Nghệ Thông Tin An Phát,CÔNG TY TNHH MỘT THÀNH VIÊN HUY VŨ
8,muavao,1,19500000.00,2024-01-09 17:00:00,CÔNG TY TNHH ĐIỆN TỬ TIN HỌC KIM PHÁT,Công Ty Trách Nhiệm Hữu Hạn một thành viên Huy Vũ
9851,muavao,1,37040000.00,2024-01-08 17:00:00,CÔNG TY CỔ PHẦN THẾ GIỚI SỐ,CÔNG TY TNHH MTV HUY VŨ
3847,muavao,1,15708182.00,2024-01-08 17:00:00,Công ty TNHH Phân phối Synnex FPT,Công ty TNHH MTV Huy Vũ
2399,muavao,1,19000.00,2024-01-08 17:00:00,Ngân hàng TMCP Sài Gòn Thương Tín - Chi nhánh Gia Lai,CONG TY TNHH MTV HUY VU
242,muavao,1,3490909.00,2024-01-08 17:00:00,CÔNG TY TNHH THƯƠNG MẠI DỊCH VỤ TIN HỌC ANH PHƯƠNG A.P.C.O.M,CÔNG TY TNHH MỘT THÀNH VIÊN HUY VŨ
170,muavao,1,15854546.00,2024-01-08 17:00:00,CÔNG TY TNHH PHÂN PHỐI PHƯƠNG VIỆT,CÔNG TY TNHH MỘT THÀNH VIÊN HUY VŨ
1342,muavao,1,23054545.00,2024-12-04 17:00:00,CHI NHÁNH CÔNG TY CỔ PHẦN ĐẦU TƯ VÀ PHÁT TRIỂN CÔNG NGHỆ QUỐC GIA ADG TẠI ĐÀ NẴNG,Công Ty TNHH Một Thành Viên Huy Vũ
6,muavao,1,3287037.00,2024-01-07 17:00:00,CÔNG TY TNHH ĐIỆN TỬ TIN HỌC KIM PHÁT,Công Ty Trách Nhiệm Hữu Hạn một thành viên Huy Vũ
5,muavao,1,4099093.00,2024-01-07 17:00:00,CÔNG TY TNHH ĐIỆN TỬ TIN HỌC KIM PHÁT,Công Ty Trách Nhiệm Hữu Hạn một thành viên Huy Vũ
3,muavao,6,7326366.00,2024-01-07 17:00:00,CÔNG TY TNHH ĐIỆN TỬ TIN HỌC KIM PHÁT,Công Ty Trách Nhiệm Hữu Hạn một thành viên Huy Vũ
1244,muavao,1,23000.00,2024-01-04 17:00:00,Ngân hàng TMCP Sài Gòn Thương Tín - Chi nhánh Gia Lai,CONG TY TNHH MTV HUY VU
1111,muavao,1,234545.00,2024-01-04 17:00:00,CÔNG TY DỊCH VỤ MOBIFONE KHU VỰC 7 - CHI NHÁNH TỔNG CÔNG TY VIỄN THÔNG MOBIFONE,Công ty TNHH MTV Huy Vũ
87,muavao,1,4454545.00,2024-01-04 17:00:00,CÔNG TY CỔ PHẦN THIẾT BỊ VĂN PHÒNG NGUYỄN ĐỨC,CÔNG TY TNHH MTV HUY VŨ
52,muavao,1,181818.00,2024-01-04 17:00:00,CHI NHÁNH CÔNG TY TNHH CÔNG NGHỆ VÀ THƯƠNG MẠI Á MỸ,CÔNG TY TNHH MỘT THÀNH VIÊN HUY VŨ
51,muavao,1,509091.00,2024-01-04 17:00:00,CÔNG TY TNHH VIỄN THÔNG HOÀN PHÁT,CÔNG TY TNHH MỘT THÀNH VIÊN HUY VŨ
6,muavao,1,24545455.00,2024-01-04 17:00:00,CÔNG TY TNHH THIẾT BỊ VĂN PHÒNG THÁI VIỆT ĐÀ NẴNG,CÔNG TY TNHH MỘT THÀNH VIÊN HUY VŨ
2,muavao,1,5545455.00,2024-01-04 17:00:00,CÔNG TY TNHH ĐIỆN TỬ TIN HỌC KIM PHÁT,Công Ty Trách Nhiệm Hữu Hạn một thành viên Huy Vũ
1076,muavao,1,19000.00,2024-01-03 17:00:00,Ngân hàng TMCP Sài Gòn Thương Tín - Chi nhánh Gia Lai,CONG TY TNHH MTV HUY VU
89,muavao,1,4009080.00,2024-01-03 17:00:00,CÔNG TY TNHH THƯƠNG MẠI DỊCH VỤ QUỐC VIỆT,Công Ty TNHH Một Thành Viên Huy Vũ
39,muavao,1,6709091.00,2024-01-03 17:00:00,CHI NHÁNH CÔNG TY TNHH CÔNG NGHỆ VÀ THƯƠNG MẠI Á MỸ,CÔNG TY TNHH MỘT THÀNH VIÊN HUY VŨ
29,muavao,1,12264273.00,2024-01-03 17:00:00,CÔNG TY BẢO HIỂM BƯU ĐIỆN GIA LAI,Công Ty TNHH MTV Huy Vũ
119,banra,1,2781818.00,2024-01-30 17:00:00,CÔNG TY TNHH MỘT THÀNH VIÊN HUY VŨ,BỆNH VIỆN Y DƯỢC CỔ TRUYỀN & PHCN  GIA LAI
116,banra,1,15218182.00,2024-01-30 17:00:00,CÔNG TY TNHH MỘT THÀNH VIÊN HUY VŨ,CÔNG TY TNHH VẬT TƯ KHOA HỌC KỸ THUẬT ĐÔNG DƯƠNG
114,banra,1,1409091.00,2024-01-30 17:00:00,CÔNG TY TNHH MỘT THÀNH VIÊN HUY VŨ,CÔNG TY TNHH MỘT THÀNH VIÊN 732
97,banra,1,363636.00,2024-01-26 17:00:00,CÔNG TY TNHH MỘT THÀNH VIÊN HUY VŨ,UỶ BAN NHÂN DÂN XÃ GÀO
81,banra,1,1500000.00,2024-01-23 17:00:00,CÔNG TY TNHH MỘT THÀNH VIÊN HUY VŨ,CÔNG TY CỔ PHẦN ĐIỆN GIA LAI
2515215,muavao,1,350000.00,2024-01-01 17:00:00,Tập đoàn Công nghiệp - Viễn thông Quân đội,Công Ty Tnhh Huy Vũ
380408,muavao,1,3910685.00,2024-01-01 17:00:00,NGÂN HÀNG TMCP Á CHÂU,CTY TNHH MTV HUY VU
7,muavao,1,25000000.00,2024-01-01 17:00:00,CHI NHÁNH CÔNG TY CỔ PHẦN HUETRONICS (TỈNH THỪA THIÊN HUẾ),CÔNG TY TNHH MỘT THÀNH VIÊN HUY VŨ
3,muavao,1,11454545.00,2024-01-01 17:00:00,CHI NHÁNH CÔNG TY TNHH CÔNG NGHỆ VÀ THƯƠNG MẠI Á MỸ,CÔNG TY TNHH MỘT THÀNH VIÊN HUY VŨ
66,banra,1,1136364.00,2024-01-15 17:00:00,CÔNG TY TNHH MỘT THÀNH VIÊN HUY VŨ,CÔNG TY TRUYỀN TẢI ĐIỆN 3
63,banra,1,2546296.00,2024-01-14 17:00:00,CÔNG TY TNHH MỘT THÀNH VIÊN HUY VŨ,CÔNG TY TNHH NÔNG NGHIỆP HOÀNG MINH
51,banra,1,8172727.00,2024-01-11 17:00:00,CÔNG TY TNHH MỘT THÀNH VIÊN HUY VŨ,CÔNG TY CỔ PHẦN GIÁO DỤC ĐỨC BẢN
46,banra,1,409091.00,2024-01-11 17:00:00,CÔNG TY TNHH MỘT THÀNH VIÊN HUY VŨ,CHI NHÁNH CÔNG TY TRÁCH NHIỆM HỮU HẠN ĐỨC DUNG - BIỂN HỒ
34,banra,1,13536364.00,2024-01-10 17:00:00,CÔNG TY TNHH MỘT THÀNH VIÊN HUY VŨ,CÔNG TY TNHH TOYOTA GIA LAI
25,banra,1,6909091.00,2024-01-08 17:00:00,CÔNG TY TNHH MỘT THÀNH VIÊN HUY VŨ,CHI NHÁNH CÔNG TY TRÁCH NHIỆM HỮU HẠN ĐỨC DUNG - ĐẮKĐOA
18,banra,1,2136364.00,2024-01-07 17:00:00,CÔNG TY TNHH MỘT THÀNH VIÊN HUY VŨ,CÔNG TY TNHH MỘT THÀNH VIÊN THANH NGÂN GIA LAI
13,banra,1,3379630.00,2024-01-05 17:00:00,CÔNG TY TNHH MỘT THÀNH VIÊN HUY VŨ,CHI NHÁNH CÔNG TY TNHH MỘT THÀNH VIÊN BCA - THĂNG LONG - XÍ NGHIỆP KINH DOANH XĂNG DẦU
3,banra,1,818182.00,2024-01-05 17:00:00,CÔNG TY TNHH MỘT THÀNH VIÊN HUY VŨ,CÔNG TY TNHH MTV LÂM NGHIỆP KONG H'DE
184,banra,1,4927273.00,2024-02-28 17:00:00,CÔNG TY TNHH MỘT THÀNH VIÊN HUY VŨ,ĐỒN BIÊN PHÒNG IA CHIA
183,banra,1,8527273.00,2024-02-28 17:00:00,CÔNG TY TNHH MỘT THÀNH VIÊN HUY VŨ,ĐỒN BIÊN PHÒNG IA CHIA
182,banra,1,16181818.00,2024-02-28 17:00:00,CÔNG TY TNHH MỘT THÀNH VIÊN HUY VŨ,CÔNG TY TNHH ĐIỆN TỬ TIN HỌC KIM PHÁT
181,banra,1,21360000.00,2024-02-28 17:00:00,CÔNG TY TNHH MỘT THÀNH VIÊN HUY VŨ,CÔNG TY PHÁT TRIỂN THỦY ĐIỆN SÊ SAN - CHI NHÁNH TẬP ĐOÀN ĐIỆN LỰC VIỆT NAM
180,banra,1,1363636.00,2024-02-27 17:00:00,CÔNG TY TNHH MỘT THÀNH VIÊN HUY VŨ,CÔNG TY BẢO MINH GIA LAI
179,banra,1,2781818.00,2024-02-27 17:00:00,CÔNG TY TNHH MỘT THÀNH VIÊN HUY VŨ,Tiểu Đoàn Bộ Binh 50
178,banra,1,10890909.00,2024-02-27 17:00:00,CÔNG TY TNHH MỘT THÀNH VIÊN HUY VŨ,CÔNG TY CỔ PHẦN DỊCH VỤ PLEIKU TOURIST
177,banra,1,1045455.00,2024-02-26 17:00:00,CÔNG TY TNHH MỘT THÀNH VIÊN HUY VŨ,CÔNG TY CỔ PHẦN TRƯỜNG PHỔ THÔNG NGUYỄN VĂN LINH GIA LAI
176,banra,1,8345455.00,2024-02-26 17:00:00,CÔNG TY TNHH MỘT THÀNH VIÊN HUY VŨ,ĐỒN BIÊN PHÒNG IA O
175,banra,1,5109091.00,2024-02-26 17:00:00,CÔNG TY TNHH MỘT THÀNH VIÊN HUY VŨ,ĐỒN BIÊN PHÒNG IA O
174,banra,1,827273.00,2024-02-26 17:00:00,CÔNG TY TNHH MỘT THÀNH VIÊN HUY VŨ,CÔNG TY CỔ PHẦN THUỶ ĐIỆN ĐĂK ĐOA
173,banra,1,3590909.00,2024-02-26 17:00:00,CÔNG TY TNHH MỘT THÀNH VIÊN HUY VŨ,CÔNG TY CỔ PHẦN THỦY ĐIỆN ĐỨC NHÂN - ĐĂKPSI
172,banra,1,727273.00,2024-02-26 17:00:00,CÔNG TY TNHH MỘT THÀNH VIÊN HUY VŨ,CÔNG TY TNHH HG AGRI
171,banra,1,3590909.00,2024-02-26 17:00:00,CÔNG TY TNHH MỘT THÀNH VIÊN HUY VŨ,CÔNG TY TRÁCH NHIỆM HỮU HẠN MỘT THÀNH VIÊN XĂNG DẦU BẮC TÂY NGUYÊN
170,banra,1,527273.00,2024-02-25 17:00:00,CÔNG TY TNHH MỘT THÀNH VIÊN HUY VŨ,TRƯỜNG MẦM NON THỊ TRẤN IALY
169,banra,1,6809091.00,2024-02-25 17:00:00,CÔNG TY TNHH MỘT THÀNH VIÊN HUY VŨ,HỘI NÔNG DÂN HUYỆN MANG YANG
168,banra,1,5454545.00,2024-02-25 17:00:00,CÔNG TY TNHH MỘT THÀNH VIÊN HUY VŨ,TRƯỜNG THPT PLEIME
167,banra,1,454545.00,2024-02-25 17:00:00,CÔNG TY TNHH MỘT THÀNH VIÊN HUY VŨ,CÔNG TY CỔ PHẦN GIỐNG NÔNG LÂM GIA LAI
166,banra,1,3416667.00,2024-02-25 17:00:00,CÔNG TY TNHH MỘT THÀNH VIÊN HUY VŨ,CÔNG TY CỔ PHẦN GIỐNG NÔNG LÂM GIA LAI
165,banra,1,5381819.00,2024-02-24 17:00:00,CÔNG TY TNHH MỘT THÀNH VIÊN HUY VŨ,CÔNG TY TNHH MỘT THÀNH VIÊN THIÊNG NGUYỄN GIA LAI
164,banra,1,1409091.00,2024-02-23 17:00:00,CÔNG TY TNHH MỘT THÀNH VIÊN HUY VŨ,CÔNG TY CỔ PHẦN HOÀNG ANH GIA LAI
163,banra,1,627273.00,2024-02-23 17:00:00,CÔNG TY TNHH MỘT THÀNH VIÊN HUY VŨ,CHI NHÁNH CÔNG TY TNHH OLAM TẠI PLEIKU
162,banra,1,2536364.00,2024-02-23 17:00:00,CÔNG TY TNHH MỘT THÀNH VIÊN HUY VŨ,LỮ ĐOÀN 132 - BINH CHỦNG THÔNG TIN LIÊN LẠC
161,banra,1,2172727.00,2024-02-22 17:00:00,CÔNG TY TNHH MỘT THÀNH VIÊN HUY VŨ,CÔNG TY CỔ PHẦN TRƯỜNG PHỔ THÔNG NGUYỄN VĂN LINH GIA LAI
160,banra,1,590909.00,2024-02-21 17:00:00,CÔNG TY TNHH MỘT THÀNH VIÊN HUY VŨ,CÔNG TY CỔ PHẦN QUANG MINH PHÁT - GIA LAI
159,banra,1,9618182.00,2024-02-21 17:00:00,CÔNG TY TNHH MỘT THÀNH VIÊN HUY VŨ,CÔNG TY TNHH MỘT THÀNH VIÊN NASAMI
158,banra,1,209091.00,2024-02-21 17:00:00,CÔNG TY TNHH MỘT THÀNH VIÊN HUY VŨ,BỆNH VIỆN Y DƯỢC CỔ TRUYỀN & PHCN  GIA LAI
157,banra,1,5045455.00,2024-02-21 17:00:00,CÔNG TY TNHH MỘT THÀNH VIÊN HUY VŨ,TRƯỜNG TIỂU HỌC TRẦN QUÝ CÁP
156,banra,1,2781818.00,2024-02-21 17:00:00,CÔNG TY TNHH MỘT THÀNH VIÊN HUY VŨ,Đồn Biên phòng Ia Lốp
155,banra,1,2372727.00,2024-02-20 17:00:00,CÔNG TY TNHH MỘT THÀNH VIÊN HUY VŨ,CÔNG TY TNHH MỘT THÀNH VIÊN PHÁT THÀNH LỘC GIA LAI
154,banra,1,290909.00,2024-02-20 17:00:00,CÔNG TY TNHH MỘT THÀNH VIÊN HUY VŨ,CÔNG TY CỔ PHẦN THỦY ĐIỆN ĐỨC NHÂN - ĐĂKPSI
153,banra,1,6863636.00,2024-02-20 17:00:00,CÔNG TY TNHH MỘT THÀNH VIÊN HUY VŨ,CÔNG TY CỔ PHẦN BỆNH VIỆN ĐẠI HỌC Y DƯỢC - HOÀNG ANH GIA LAI
152,banra,1,102272727.00,2024-02-20 17:00:00,CÔNG TY TNHH MỘT THÀNH VIÊN HUY VŨ,CÔNG TY TNHH ĐIỆN TỬ TIN HỌC KIM PHÁT
151,banra,1,2727273.00,2024-02-19 17:00:00,CÔNG TY TNHH MỘT THÀNH VIÊN HUY VŨ,CÔNG TY TNHH MỘT THÀNH VIÊN ĐÔNG ANH
150,banra,1,7354545.00,2024-02-19 17:00:00,CÔNG TY TNHH MỘT THÀNH VIÊN HUY VŨ,CÔNG TY TNHH  PHG
149,banra,1,5909091.00,2024-02-19 17:00:00,CÔNG TY TNHH MỘT THÀNH VIÊN HUY VŨ,CÔNG TY CỔ PHẦN CÀ PHÊ GIA LAI
148,banra,1,263636.00,2024-02-19 17:00:00,CÔNG TY TNHH MỘT THÀNH VIÊN HUY VŨ,CÔNG TY BẢO VIỆT GIA LAI
147,banra,1,1136364.00,2024-02-18 17:00:00,CÔNG TY TNHH MỘT THÀNH VIÊN HUY VŨ,CÔNG TY TNHH TƯ VẤN XÂY DỰNG PHÚ VIỆT
146,banra,1,16990909.00,2024-02-18 17:00:00,CÔNG TY TNHH MỘT THÀNH VIÊN HUY VŨ,CÔNG TY TNHH THƯƠNG MẠI DỊCH VỤ FRUITSCO VN
145,banra,1,727273.00,2024-02-17 17:00:00,CÔNG TY TNHH MỘT THÀNH VIÊN HUY VŨ,CÔNG TY TRÁCH NHIỆM HỮU HẠN MỘT THÀNH VIÊN HỮU TÙNG GIA LAI
144,banra,1,500000.00,2024-02-15 17:00:00,CÔNG TY TNHH MỘT THÀNH VIÊN HUY VŨ,CÔNG TY TNHH MỘT THÀNH VIÊN CÂY ĂN TRÁI THAGRICO CAO NGUYÊN
143,banra,1,372728.00,2024-02-15 17:00:00,CÔNG TY TNHH MỘT THÀNH VIÊN HUY VŨ,CÔNG TY TNHH MTV TỔNG CÔNG TY 15
142,banra,1,372727.00,2024-02-15 17:00:00,CÔNG TY TNHH MỘT THÀNH VIÊN HUY VŨ,BINH ĐOÀN 15
141,banra,1,14363636.00,2024-02-15 17:00:00,CÔNG TY TNHH MỘT THÀNH VIÊN HUY VŨ,HỢP TÁC XÃ KHOA HỌC CÔNG NGHỆ - THƯƠNG MẠI CÀ PHÊ VIỆT NAM VCSC
140,banra,1,2318182.00,2024-02-15 17:00:00,CÔNG TY TNHH MỘT THÀNH VIÊN HUY VŨ,CÔNG TY TNHH MỘT THÀNH VIÊN THIÊNG NGUYỄN GIA LAI
139,banra,1,1163636.00,2024-02-15 17:00:00,CÔNG TY TNHH MỘT THÀNH VIÊN HUY VŨ,CÔNG TY CỔ PHẦN SẢN XUẤT KINH DOANH LÂM SẢN GIA LAI
138,banra,1,809091.00,2024-02-07 17:00:00,CÔNG TY TNHH MỘT THÀNH VIÊN HUY VŨ,CÔNG TY CỔ PHẦN GIỐNG NÔNG LÂM GIA LAI
137,banra,1,1200000.00,2024-02-06 17:00:00,CÔNG TY TNHH MỘT THÀNH VIÊN HUY VŨ,MÁY VĂN PHÒNG PHƯƠNG NAM
136,banra,1,2400000.00,2024-02-06 17:00:00,CÔNG TY TNHH MỘT THÀNH VIÊN HUY VŨ,CÔNG TY TNHH THƯƠNG MẠI DỊCH VỤ DU LỊCH VẬN TẢI ĐÔNG DƯƠNG
135,banra,1,3472727.00,2024-02-05 17:00:00,CÔNG TY TNHH MỘT THÀNH VIÊN HUY VŨ,CẢNG HÀNG KHÔNG PLEIKU - CHI NHÁNH TỔNG CÔNG TY CẢNG HÀNG KHÔNG VIỆT NAM - CTCP
134,banra,1,4990909.00,2024-02-04 17:00:00,CÔNG TY TNHH MỘT THÀNH VIÊN HUY VŨ,TRUNG ĐOÀN BỘ BINH 991
133,banra,1,681818.00,2024-02-04 17:00:00,CÔNG TY TNHH MỘT THÀNH VIÊN HUY VŨ,CÔNG TY TNHH DỊCH VỤ THUẾ - KẾ TOÁN TFC GIA LAI
132,banra,1,850000.00,2024-02-04 17:00:00,CÔNG TY TNHH MỘT THÀNH VIÊN HUY VŨ,CÔNG TY TNHH VẬT TƯ KHOA HỌC KỸ THUẬT ĐÔNG DƯƠNG
131,banra,1,490909.00,2024-02-02 17:00:00,CÔNG TY TNHH MỘT THÀNH VIÊN HUY VŨ,BAN QUẢN LÝ RỪNG PHÒNG HỘ HÀ RA
627,banra,1,16181818.00,2024-05-30 17:00:00,CÔNG TY TNHH MỘT THÀNH VIÊN HUY VŨ,
130,banra,1,2318182.00,2024-02-02 17:00:00,CÔNG TY TNHH MỘT THÀNH VIÊN HUY VŨ,CÔNG TY TRUYỀN TẢI ĐIỆN 3 - TRUYỀN TẢI ĐIỆN GIA LAI
129,banra,1,722222.00,2024-02-02 17:00:00,CÔNG TY TNHH MỘT THÀNH VIÊN HUY VŨ,CÔNG TY TRÁCH NHIỆM HỮU HẠN MỘT THÀNH VIÊN XĂNG DẦU BẮC TÂY NGUYÊN
128,banra,1,28618182.00,2024-02-02 17:00:00,CÔNG TY TNHH MỘT THÀNH VIÊN HUY VŨ,CÔNG TY TRÁCH NHIỆM HỮU HẠN MỘT THÀNH VIÊN XĂNG DẦU BẮC TÂY NGUYÊN
127,banra,1,481818.00,2024-02-02 17:00:00,CÔNG TY TNHH MỘT THÀNH VIÊN HUY VŨ,CẢNG HÀNG KHÔNG PLEIKU - CHI NHÁNH TỔNG CÔNG TY CẢNG HÀNG KHÔNG VIỆT NAM - CTCP
126,banra,1,7172727.00,2024-01-31 17:00:00,CÔNG TY TNHH MỘT THÀNH VIÊN HUY VŨ,CÔNG TY TNHH VẬT TƯ KHOA HỌC KỸ THUẬT ĐÔNG DƯƠNG
125,banra,1,12872727.00,2024-01-31 17:00:00,CÔNG TY TNHH MỘT THÀNH VIÊN HUY VŨ,CÔNG TY TNHH ĐIỆN TỬ TIN HỌC KIM PHÁT
124,banra,1,1090909.00,2024-01-31 17:00:00,CÔNG TY TNHH MỘT THÀNH VIÊN HUY VŨ,AGRIBANK  CHI NHÁNH THÀNH PHỐ PLEIKU GIA LAI
123,banra,1,8372727.00,2024-01-31 17:00:00,CÔNG TY TNHH MỘT THÀNH VIÊN HUY VŨ,HỢP TÁC XÃ KHOA HỌC CÔNG NGHỆ - THƯƠNG MẠI CÀ PHÊ VIỆT NAM VCSC
122,banra,1,1342593.00,2024-01-31 17:00:00,CÔNG TY TNHH MỘT THÀNH VIÊN HUY VŨ,HỢP TÁC XÃ KHOA HỌC CÔNG NGHỆ - THƯƠNG MẠI CÀ PHÊ VIỆT NAM VCSC
121,banra,1,9727273.00,2024-01-31 17:00:00,CÔNG TY TNHH MỘT THÀNH VIÊN HUY VŨ,CÔNG TY TNHH THƯƠNG MẠI DỊCH VỤ ĐẦU TƯ KIM QUÝ
120,banra,1,2136364.00,2024-01-31 17:00:00,CÔNG TY TNHH MỘT THÀNH VIÊN HUY VŨ,CÔNG TY CP CHĂN NUÔI GIA LAI
337,banra,1,217318182.00,2024-03-30 17:00:00,CÔNG TY TNHH MỘT THÀNH VIÊN HUY VŨ,CÔNG TY TNHH TRUYỀN THÔNG MÁY TÍNH VIỆT ĐÔNG
336,banra,1,6390909.00,2024-03-30 17:00:00,CÔNG TY TNHH MỘT THÀNH VIÊN HUY VŨ,CÔNG TY TNHH MỘT THÀNH VIÊN TƯ VẤN XÂY DỰNG HOÀNG UYÊN GIA LAI
335,banra,1,173500000.00,2024-03-30 17:00:00,CÔNG TY TNHH MỘT THÀNH VIÊN HUY VŨ,CÔNG TY TNHH TRUYỀN THÔNG MÁY TÍNH VIỆT ĐÔNG
334,banra,1,15472727.00,2024-03-30 17:00:00,CÔNG TY TNHH MỘT THÀNH VIÊN HUY VŨ,CÔNG TY CỔ PHẦN GỖ DUY LONG
333,banra,1,518182.00,2024-03-30 17:00:00,CÔNG TY TNHH MỘT THÀNH VIÊN HUY VŨ,CÔNG TY CỔ PHẦN BỆNH VIỆN ĐẠI HỌC Y DƯỢC - HOÀNG ANH GIA LAI
332,banra,1,32863636.00,2024-03-30 17:00:00,CÔNG TY TNHH MỘT THÀNH VIÊN HUY VŨ,CÔNG TY TNHH ĐIỆN TỬ TIN HỌC KIM PHÁT
331,banra,1,154918182.00,2024-03-30 17:00:00,CÔNG TY TNHH MỘT THÀNH VIÊN HUY VŨ,CÔNG TY TNHH TRUYỀN THÔNG MÁY TÍNH VIỆT ĐÔNG
330,banra,1,1281820.00,2024-03-30 17:00:00,CÔNG TY TNHH MỘT THÀNH VIÊN HUY VŨ,HỘ KINH DOANH PHAN VĂN MINH
329,banra,1,9090909.00,2024-03-30 17:00:00,CÔNG TY TNHH MỘT THÀNH VIÊN HUY VŨ,LỮ ĐOÀN 132 - BINH CHỦNG THÔNG TIN LIÊN LẠC
328,banra,1,6354545.00,2024-03-30 17:00:00,CÔNG TY TNHH MỘT THÀNH VIÊN HUY VŨ,UỶ BAN NHÂN DÂN XÃ ĐĂK JƠ TA
327,banra,1,9590909.00,2024-03-29 17:00:00,CÔNG TY TNHH MỘT THÀNH VIÊN HUY VŨ,MÁY VĂN PHÒNG PHƯƠNG NAM
326,banra,1,15990909.00,2024-03-29 17:00:00,CÔNG TY TNHH MỘT THÀNH VIÊN HUY VŨ,CHI NHÁNH CÔNG TY CỔ PHẦN QUẢN LÝ VÀ SỬA CHỮA ĐƯỜNG BỘ GIA LAI-XÍ NGHIỆP XÂY DỰNG ĐƯỜNG BỘ
325,banra,1,9181818.00,2024-03-29 17:00:00,CÔNG TY TNHH MỘT THÀNH VIÊN HUY VŨ,CÔNG TY CỔ PHẦN GỖ DUY LONG
324,banra,1,32727273.00,2024-03-29 17:00:00,CÔNG TY TNHH MỘT THÀNH VIÊN HUY VŨ,CÔNG TY TNHH ĐIỆN TỬ TIN HỌC KIM PHÁT
323,banra,1,61254546.00,2024-03-28 17:00:00,CÔNG TY TNHH MỘT THÀNH VIÊN HUY VŨ,CÔNG TY TNHH CÔNG NGHỆ VÀ TIẾP THỊ NHẬT CHƯƠNG
322,banra,1,318182.00,2024-03-28 17:00:00,CÔNG TY TNHH MỘT THÀNH VIÊN HUY VŨ,CÔNG TY TNHH VĨNH HIỆP
321,banra,1,462963.00,2024-03-28 17:00:00,CÔNG TY TNHH MỘT THÀNH VIÊN HUY VŨ,CÔNG TY CỔ PHẦN TRƯỜNG PHỔ THÔNG NGUYỄN VĂN LINH GIA LAI
320,banra,1,1090909.00,2024-03-28 17:00:00,CÔNG TY TNHH MỘT THÀNH VIÊN HUY VŨ,CÔNG TY CỔ PHẦN TRƯỜNG PHỔ THÔNG NGUYỄN VĂN LINH GIA LAI
319,banra,1,39654546.00,2024-03-28 17:00:00,CÔNG TY TNHH MỘT THÀNH VIÊN HUY VŨ,CÔNG TY TNHH MỘT THÀNH VIÊN TOÀN TRUNG
74844913,muavao,1,350000.00,2024-05-01 17:00:00,Tập đoàn Công nghiệp - Viễn thông Quân đội,Công Ty Tnhh Huy Vũ
318,banra,1,7181818.00,2024-03-28 17:00:00,CÔNG TY TNHH MỘT THÀNH VIÊN HUY VŨ,CÔNG TY CỔ PHẦN GIA SÚC LƠ PANG
317,banra,1,1363636.00,2024-03-28 17:00:00,CÔNG TY TNHH MỘT THÀNH VIÊN HUY VŨ,TRƯỜNG TRUNG HỌC CƠ SỞ ANH HÙNG WỪU
316,banra,1,1636364.00,2024-03-27 17:00:00,CÔNG TY TNHH MỘT THÀNH VIÊN HUY VŨ,CÔNG TY TNHH TIN HỌC QUANG ANH GL
315,banra,1,363636.00,2024-03-27 17:00:00,CÔNG TY TNHH MỘT THÀNH VIÊN HUY VŨ,CỤC THỐNG KÊ TỈNH GIA LAI
314,banra,1,6809091.00,2024-03-27 17:00:00,CÔNG TY TNHH MỘT THÀNH VIÊN HUY VŨ,CÔNG TY TNHH THƯƠNG MẠI SÀI GÒN – GIA LAI
313,banra,1,772727.00,2024-03-27 17:00:00,CÔNG TY TNHH MỘT THÀNH VIÊN HUY VŨ,CÔNG TY TRÁCH NHIỆM HỮU HẠN MỘT THÀNH VIÊN ĐẦU TƯ XÂY DỰNG ĐIỆN PHAN VŨ
312,banra,1,4727273.00,2024-03-27 17:00:00,CÔNG TY TNHH MỘT THÀNH VIÊN HUY VŨ,TRUNG TÂM HUẤN LUYỆN VÀ THI ĐẤU THỂ THAO TÍNH
311,banra,1,590909.00,2024-03-27 17:00:00,CÔNG TY TNHH MỘT THÀNH VIÊN HUY VŨ,CÔNG TY TNHH THIÊN PHÚC ĐAN
310,banra,1,11354545.00,2024-03-26 17:00:00,CÔNG TY TNHH MỘT THÀNH VIÊN HUY VŨ,CÔNG TY TNHH MỘT THÀNH VIÊN XÂY DỰNG PHONG HẢI GIA LAI
309,banra,1,1863636.00,2024-03-26 17:00:00,CÔNG TY TNHH MỘT THÀNH VIÊN HUY VŨ,CÔNG TY TNHH LƯƠNG PHÚC GIA LAI
308,banra,1,640000.00,2024-03-26 17:00:00,CÔNG TY TNHH MỘT THÀNH VIÊN HUY VŨ,CÔNG TY TNHH MỘT THÀNH VIÊN T.K TECHNOLOGY GIA LAI
307,banra,1,11727273.00,2024-03-26 17:00:00,CÔNG TY TNHH MỘT THÀNH VIÊN HUY VŨ,TRƯỜNG TIỂU HỌC TRẦN QUỐC TOẢN
306,banra,1,15218182.00,2024-03-26 17:00:00,CÔNG TY TNHH MỘT THÀNH VIÊN HUY VŨ,BỘ CHỈ HUY BỘ ĐỘI BIÊN PHÒNG TỈNH GIA LAI
305,banra,1,1318182.00,2024-03-26 17:00:00,CÔNG TY TNHH MỘT THÀNH VIÊN HUY VŨ,CÔNG TY CỔ PHẦN ĐẦU TƯ VÀ XÂY DỰNG TRƯỜNG THỊNH
304,banra,1,136364.00,2024-03-26 17:00:00,CÔNG TY TNHH MỘT THÀNH VIÊN HUY VŨ,CÔNG TY TNHH PHÁT TRIỂN GIÁO DỤC THẮNG AN
303,banra,1,1136364.00,2024-03-26 17:00:00,CÔNG TY TNHH MỘT THÀNH VIÊN HUY VŨ,CÔNG TY TNHH GOLDWIND INTERNATIONAL VIỆT NAM
302,banra,1,12854545.00,2024-03-26 17:00:00,CÔNG TY TNHH MỘT THÀNH VIÊN HUY VŨ,UỶ BAN NHÂN DÂN XÃ KON GANG
301,banra,1,4990909.00,2024-03-26 17:00:00,CÔNG TY TNHH MỘT THÀNH VIÊN HUY VŨ,CÔNG TY TRUYỀN TẢI ĐIỆN 3 - TRUYỀN TẢI ĐIỆN GIA LAI
300,banra,1,2745455.00,2024-03-25 17:00:00,CÔNG TY TNHH MỘT THÀNH VIÊN HUY VŨ,CÔNG TY CỔ PHẦN PHONG ĐIỆN HBRE GIA LAI
299,banra,1,3627273.00,2024-03-25 17:00:00,CÔNG TY TNHH MỘT THÀNH VIÊN HUY VŨ,CÔNG TY TNHH MỘT THÀNH VIÊN QUẢNG CÁO MỸ VIỆT GIA LAI
298,banra,1,8672727.00,2024-03-25 17:00:00,CÔNG TY TNHH MỘT THÀNH VIÊN HUY VŨ,CÔNG TY TNHH  PHG
297,banra,1,145455.00,2024-03-25 17:00:00,CÔNG TY TNHH MỘT THÀNH VIÊN HUY VŨ,CÔNG TY TNHH CHẤT LƯỢNG GIA LAI
296,banra,1,3545455.00,2024-03-24 17:00:00,CÔNG TY TNHH MỘT THÀNH VIÊN HUY VŨ,"PHÒNG CHÍNH TRỊ , CỤC HẬU CẦN , QUÂN ĐOÀN 3"
295,banra,1,1500000.00,2024-03-24 17:00:00,CÔNG TY TNHH MỘT THÀNH VIÊN HUY VŨ,BAN QUẢN LÝ RỪNG PHÒNG HỘ ĐÔNG BẮC CHƯ PĂH
294,banra,1,6390909.00,2024-03-24 17:00:00,CÔNG TY TNHH MỘT THÀNH VIÊN HUY VŨ,CÔNG TY CỔ PHẦN XI MĂNG GIA LAI
293,banra,1,10140000.00,2024-03-24 17:00:00,CÔNG TY TNHH MỘT THÀNH VIÊN HUY VŨ,CÔNG TY CỔ PHẦN TRƯỜNG PHỔ THÔNG NGUYỄN VĂN LINH GIA LAI
292,banra,1,16072727.00,2024-03-22 17:00:00,CÔNG TY TNHH MỘT THÀNH VIÊN HUY VŨ,CÔNG TY TNHH MTV MÔI TRƯỜNG MINH PHÚ GIA LAI
291,banra,1,490909.00,2024-03-22 17:00:00,CÔNG TY TNHH MỘT THÀNH VIÊN HUY VŨ,CÔNG TY CỔ PHẦN BỆNH VIỆN ĐẠI HỌC Y DƯỢC - HOÀNG ANH GIA LAI
290,banra,1,2027273.00,2024-03-21 17:00:00,CÔNG TY TNHH MỘT THÀNH VIÊN HUY VŨ,CÔNG TY CỔ PHẦN QUANG MINH PHÁT - GIA LAI
289,banra,1,17827273.00,2024-03-21 17:00:00,CÔNG TY TNHH MỘT THÀNH VIÊN HUY VŨ,CÔNG TY TNHH TỔ CHỨC SỰ KIỆN KNV
288,banra,1,3545455.00,2024-03-21 17:00:00,CÔNG TY TNHH MỘT THÀNH VIÊN HUY VŨ,CÔNG TY CỔ PHẦN QUANG MINH PHÁT - GIA LAI
272,banra,1,6636364.00,2024-03-18 17:00:00,CÔNG TY TNHH MỘT THÀNH VIÊN HUY VŨ,MÁY VĂN PHÒNG PHƯƠNG NAM
287,banra,1,2000000.00,2024-03-21 17:00:00,CÔNG TY TNHH MỘT THÀNH VIÊN HUY VŨ,CÔNG TY TRÁCH NHIỆM HỮU HẠN BROTHER INTERNATIONAL (VIỆT NAM)
286,banra,1,12854545.00,2024-03-21 17:00:00,CÔNG TY TNHH MỘT THÀNH VIÊN HUY VŨ,CÔNG TY TRÁCH NHIỆM HỮU HẠN XÂY DỰNG THƯƠNG MẠI VÀ DỊCH VỤ AN PHÚ
285,banra,1,327273.00,2024-03-21 17:00:00,CÔNG TY TNHH MỘT THÀNH VIÊN HUY VŨ,CÔNG TY CỔ PHẦN ĐẦU TƯ EMI
284,banra,1,18045455.00,2024-03-20 17:00:00,CÔNG TY TNHH MỘT THÀNH VIÊN HUY VŨ,CÔNG TY TNHH TỔ CHỨC SỰ KIỆN KNV
283,banra,1,1990909.00,2024-03-20 17:00:00,CÔNG TY TNHH MỘT THÀNH VIÊN HUY VŨ,BỆNH VIỆN Y DƯỢC CỔ TRUYỀN & PHCN  GIA LAI
282,banra,1,863636.00,2024-03-20 17:00:00,CÔNG TY TNHH MỘT THÀNH VIÊN HUY VŨ,CHI CỤC THI HÀNH ÁN DÂN SỰ HUYỆN MANG YANG
281,banra,1,13581818.00,2024-03-20 17:00:00,CÔNG TY TNHH MỘT THÀNH VIÊN HUY VŨ,CHI CỤC THI HÀNH ÁN DÂN SỰ HUYỆN MANG YANG
280,banra,1,981818.00,2024-03-19 17:00:00,CÔNG TY TNHH MỘT THÀNH VIÊN HUY VŨ,CHI NHÁNH GIA LAI - CÔNG TY CỔ PHẦN VIỄN THÔNG FPT
279,banra,1,3681819.00,2024-03-19 17:00:00,CÔNG TY TNHH MỘT THÀNH VIÊN HUY VŨ,CÔNG TY CỔ PHẦN XUẤT NHẬP KHẨU Y TẾ GIA LAI
278,banra,1,263636.00,2024-03-19 17:00:00,CÔNG TY TNHH MỘT THÀNH VIÊN HUY VŨ,CÔNG TY BẢO VIỆT GIA LAI
277,banra,1,345455.00,2024-03-19 17:00:00,CÔNG TY TNHH MỘT THÀNH VIÊN HUY VŨ,CHI NHÁNH CÔNG TY TNHH LOTTERIA VIỆT NAM TẠI TỈNH GIA LAI
276,banra,1,4545455.00,2024-03-19 17:00:00,CÔNG TY TNHH MỘT THÀNH VIÊN HUY VŨ,PHÒNG HẬU CẦN - KĨ THUẬT / LỮ ĐOÀN 132 - BINH CHỦNG THÔNG TIN LIÊN LẠC
275,banra,1,7527273.00,2024-03-19 17:00:00,CÔNG TY TNHH MỘT THÀNH VIÊN HUY VŨ,TRUNG TÂM THIẾT BỊ MÁY VĂN PHÒNG TÂN MINH
274,banra,1,500000.00,2024-03-19 17:00:00,CÔNG TY TNHH MỘT THÀNH VIÊN HUY VŨ,BAN QUẢN LÝ RỪNG PHÒNG HỘ HÀ RA
273,banra,1,11309091.00,2024-03-18 17:00:00,CÔNG TY TNHH MỘT THÀNH VIÊN HUY VŨ,CÔNG TY TRÁCH NHIỆM HỮU HẠN MỘT THÀNH VIÊN CÀ PHÊ IA GRAI
135833,muavao,1,233636.00,2024-02-29 17:00:00,TRUNG TÂM KINH DOANH VNPT - GIA LAI - CHI NHÁNH TỔNG CÔNG TY DỊCH VỤ VIỄN THÔNG,Cửa Hàng Máy Tình Trường Sơn
271,banra,1,9909091.00,2024-03-17 17:00:00,CÔNG TY TNHH MỘT THÀNH VIÊN HUY VŨ,CÔNG TY TNHH VĨNH HIỆP
270,banra,1,9909091.00,2024-03-17 17:00:00,CÔNG TY TNHH MỘT THÀNH VIÊN HUY VŨ,CÔNG TY TRÁCH NHIỆM HỮU HẠN ĐỨC DUNG
269,banra,1,9909091.00,2024-03-17 17:00:00,CÔNG TY TNHH MỘT THÀNH VIÊN HUY VŨ,HỘ KINH DOANH ĐẠI PHÚ
268,banra,1,50863637.00,2024-03-17 17:00:00,CÔNG TY TNHH MỘT THÀNH VIÊN HUY VŨ,CÔNG TY TNHH BỆNH VIỆN HÙNG VƯƠNG GIA LAI
267,banra,1,772727.00,2024-03-17 17:00:00,CÔNG TY TNHH MỘT THÀNH VIÊN HUY VŨ,CÔNG TY TNHH NHẤT HƯNG GIA LAI
266,banra,1,5454546.00,2024-03-17 17:00:00,CÔNG TY TNHH MỘT THÀNH VIÊN HUY VŨ,CÔNG TY CỔ PHẦN CHÈ BIỂN HỒ
265,banra,1,2083333.00,2024-03-16 17:00:00,CÔNG TY TNHH MỘT THÀNH VIÊN HUY VŨ,CÔNG TY TNHH THỌ HIẾU PHÁT
264,banra,1,4618182.00,2024-03-16 17:00:00,CÔNG TY TNHH MỘT THÀNH VIÊN HUY VŨ,CÔNG TY TNHH THỌ HIẾU PHÁT
263,banra,2,181818.00,2024-03-15 17:00:00,CÔNG TY TNHH MỘT THÀNH VIÊN HUY VŨ,CÔNG TY CỔ PHẦN DỊCH VỤ BẢO VỆ CHUYÊN NGHIỆP HÂN NAM
262,banra,1,500000.00,2024-03-15 17:00:00,CÔNG TY TNHH MỘT THÀNH VIÊN HUY VŨ,HỒ ĐẮC TẤN
261,banra,1,18145455.00,2024-03-15 17:00:00,CÔNG TY TNHH MỘT THÀNH VIÊN HUY VŨ,CÔNG TY TNHH THỌ HIẾU PHÁT
260,banra,1,900000.00,2024-03-15 17:00:00,CÔNG TY TNHH MỘT THÀNH VIÊN HUY VŨ,XÍ NGHIỆP KHẢO SÁT THIẾT KẾ - CHI NHÁNH TỔNG CÔNG TY 15
259,banra,1,18990909.00,2024-03-14 17:00:00,CÔNG TY TNHH MỘT THÀNH VIÊN HUY VŨ,CÔNG TY CỔ PHẦN CÔNG TRÌNH ĐÔ THỊ GIA LAI
258,banra,1,12854545.00,2024-03-14 17:00:00,CÔNG TY TNHH MỘT THÀNH VIÊN HUY VŨ,CÔNG TY TRÁCH NHIỆM HỮU HẠN DƯỢC PHẨM PHÚ VINH GIA LAI
257,banra,1,3636364.00,2024-03-14 17:00:00,CÔNG TY TNHH MỘT THÀNH VIÊN HUY VŨ,LỮ ĐOÀN 132 - BINH CHỦNG THÔNG TIN LIÊN LẠC
256,banra,1,12363636.00,2024-03-14 17:00:00,CÔNG TY TNHH MỘT THÀNH VIÊN HUY VŨ,CHI NHÁNH 716 THUỘC TỔNG CÔNG TY 15
255,banra,1,3536364.00,2024-03-13 17:00:00,CÔNG TY TNHH MỘT THÀNH VIÊN HUY VŨ,CÔNG TY TNHH MỘT THÀNH VIÊN CÂY ĂN TRÁI THAGRICO CAO NGUYÊN
254,banra,1,5136364.00,2024-03-13 17:00:00,CÔNG TY TNHH MỘT THÀNH VIÊN HUY VŨ,CÔNG TY TNHH THÀNH DÂN GIA LAI
253,banra,1,1090909.00,2024-03-13 17:00:00,CÔNG TY TNHH MỘT THÀNH VIÊN HUY VŨ,CÔNG TY BẢO MINH GIA LAI
252,banra,1,11127273.00,2024-03-13 17:00:00,CÔNG TY TNHH MỘT THÀNH VIÊN HUY VŨ,CÔNG TY TNHH MỘT THÀNH VIÊN NƯỚC GIẢI KHÁT SANTACO
251,banra,1,11127273.00,2024-03-12 17:00:00,CÔNG TY TNHH MỘT THÀNH VIÊN HUY VŨ,CÔNG TY TNHH MỘT THÀNH VIÊN NASAMI
250,banra,1,16354545.00,2024-03-12 17:00:00,CÔNG TY TNHH MỘT THÀNH VIÊN HUY VŨ,CÔNG TY CỔ PHẦN CÔNG TRÌNH ĐÔ THỊ GIA LAI
249,banra,1,13263636.00,2024-03-12 17:00:00,CÔNG TY TNHH MỘT THÀNH VIÊN HUY VŨ,BỘ THAM MƯU QUÂN ĐOÀN 3
248,banra,1,13218182.00,2024-03-12 17:00:00,CÔNG TY TNHH MỘT THÀNH VIÊN HUY VŨ,CÔNG TY TNHH THÀNH DÂN GIA LAI
247,banra,1,20909091.00,2024-03-12 17:00:00,CÔNG TY TNHH MỘT THÀNH VIÊN HUY VŨ,CÔNG TY TNHH ĐIỆN TỬ TIN HỌC KIM PHÁT
246,banra,1,12690909.00,2024-03-12 17:00:00,CÔNG TY TNHH MỘT THÀNH VIÊN HUY VŨ,NGÂN HÀNG THƯƠNG MẠI CỔ PHẦN ĐẦU TƯ VÀ PHÁT TRIỂN VIỆT NAM - CHI NHÁNH NAM GIA LAI
245,banra,1,445455.00,2024-03-12 17:00:00,CÔNG TY TNHH MỘT THÀNH VIÊN HUY VŨ,CÔNG TY TNHH VĨNH HIỆP
244,banra,1,136364.00,2024-03-12 17:00:00,CÔNG TY TNHH MỘT THÀNH VIÊN HUY VŨ,TRUNG TÂM HỖ TRỢ SÁNG KIẾN PHÁT TRIỂN CỘNG ĐỒNG
243,banra,1,1090909.00,2024-03-12 17:00:00,CÔNG TY TNHH MỘT THÀNH VIÊN HUY VŨ,CỤC QUẢN LÝ THỊ TRƯỜNG TỈNH GIA LAI
242,banra,1,618182.00,2024-03-12 17:00:00,CÔNG TY TNHH MỘT THÀNH VIÊN HUY VŨ,TRƯỜNG TIỂU HỌC SỐ 1 IA BĂNG
241,banra,1,14081818.00,2024-03-11 17:00:00,CÔNG TY TNHH MỘT THÀNH VIÊN HUY VŨ,TRUNG TÂM KINH DOANH VNPT - GIA LAI
240,banra,1,1354545.00,2024-03-11 17:00:00,CÔNG TY TNHH MỘT THÀNH VIÊN HUY VŨ,CÔNG TY TNHH ĐẠI TIẾN
239,banra,1,281818.00,2024-03-11 17:00:00,CÔNG TY TNHH MỘT THÀNH VIÊN HUY VŨ,CÔNG TY TNHH THƯƠNG PHẨM ATLANTIC VIỆT NAM
238,banra,1,1200000.00,2024-03-11 17:00:00,CÔNG TY TNHH MỘT THÀNH VIÊN HUY VŨ,CÔNG TY TNHH NHƯ HOA TÂY NGUYÊN
237,banra,1,3172727.00,2024-03-11 17:00:00,CÔNG TY TNHH MỘT THÀNH VIÊN HUY VŨ,XÍ NGHIỆP KHẢO SÁT THIẾT KẾ - CHI NHÁNH TỔNG CÔNG TY 15
236,banra,1,14263636.00,2024-03-11 17:00:00,CÔNG TY TNHH MỘT THÀNH VIÊN HUY VŨ,CÔNG TY TNHH MỘT THÀNH VIÊN ĐẠT LINH GIA LAI
235,banra,1,436364.00,2024-03-11 17:00:00,CÔNG TY TNHH MỘT THÀNH VIÊN HUY VŨ,CÔNG TY CỔ PHẦN BÓNG ĐÈN PHÍCH NƯỚC RẠNG ĐÔNG CHI NHÁNH TÂY NGUYÊN
234,banra,1,2781818.00,2024-03-11 17:00:00,CÔNG TY TNHH MỘT THÀNH VIÊN HUY VŨ,CHI NHÁNH CÔNG TY CỔ PHẦN THẨM ĐỊNH GIÁ VINACONTROL - TẠI ĐÀ NẴNG
233,banra,1,6944444.00,2024-03-11 17:00:00,CÔNG TY TNHH MỘT THÀNH VIÊN HUY VŨ,CÔNG TY TNHH MỘT THÀNH VIÊN CÀ PHÊ  IA CHÂM
232,banra,1,39200000.00,2024-03-11 17:00:00,CÔNG TY TNHH MỘT THÀNH VIÊN HUY VŨ,CÔNG TY TNHH MỘT THÀNH VIÊN CÀ PHÊ  IA CHÂM
231,banra,1,17618182.00,2024-03-10 17:00:00,CÔNG TY TNHH MỘT THÀNH VIÊN HUY VŨ,HỘ KINH DOANH ĐẠI PHÚ
230,banra,1,363636.00,2024-03-10 17:00:00,CÔNG TY TNHH MỘT THÀNH VIÊN HUY VŨ,CÔNG TY TNHH MỘT THÀNH VIÊN BÌNH DƯƠNG
229,banra,1,2546296.00,2024-03-10 17:00:00,CÔNG TY TNHH MỘT THÀNH VIÊN HUY VŨ,CHI NHÁNH TỔNG CÔNG TY CÀ PHÊ VIỆT NAM - CÔNG TY CÀ PHÊ 706
228,banra,1,18554545.00,2024-03-10 17:00:00,CÔNG TY TNHH MỘT THÀNH VIÊN HUY VŨ,CHI NHÁNH TỔNG CÔNG TY CÀ PHÊ VIỆT NAM - CÔNG TY CÀ PHÊ 706
227,banra,1,5454545.00,2024-03-10 17:00:00,CÔNG TY TNHH MỘT THÀNH VIÊN HUY VŨ,SƯ ĐOÀN 320 - QUÂN ĐOÀN 3
226,banra,1,1990741.00,2024-03-10 17:00:00,CÔNG TY TNHH MỘT THÀNH VIÊN HUY VŨ,CHI NHÁNH TỔNG CÔNG TY CÀ PHÊ VIỆT NAM - CÔNG TY CÀ PHÊ 706
225,banra,1,12672727.00,2024-03-10 17:00:00,CÔNG TY TNHH MỘT THÀNH VIÊN HUY VŨ,CHI NHÁNH TỔNG CÔNG TY CÀ PHÊ VIỆT NAM - CÔNG TY CÀ PHÊ 706
224,banra,1,1203704.00,2024-03-09 17:00:00,CÔNG TY TNHH MỘT THÀNH VIÊN HUY VŨ,CHI NHÁNH TỔNG CÔNG TY CÀ PHÊ VIỆT NAM - CÔNG TY CÀ PHÊ 706
223,banra,1,10590909.00,2024-03-09 17:00:00,CÔNG TY TNHH MỘT THÀNH VIÊN HUY VŨ,CHI NHÁNH TỔNG CÔNG TY CÀ PHÊ VIỆT NAM - CÔNG TY CÀ PHÊ 706
222,banra,1,10854545.00,2024-03-09 17:00:00,CÔNG TY TNHH MỘT THÀNH VIÊN HUY VŨ,CÔNG TY TNHH VĨNH HIỆP
221,banra,1,1181818.00,2024-03-09 17:00:00,CÔNG TY TNHH MỘT THÀNH VIÊN HUY VŨ,CÔNG TY TNHH Y DƯỢC ĐỨC HẠNH GIA LAI
220,banra,1,6445455.00,2024-03-09 17:00:00,CÔNG TY TNHH MỘT THÀNH VIÊN HUY VŨ,CHƯ  SÊ  COMPUTER
219,banra,1,8181818.00,2024-03-08 17:00:00,CÔNG TY TNHH MỘT THÀNH VIÊN HUY VŨ,SƯ ĐOÀN 320 - QUÂN ĐOÀN 3
218,banra,1,2127273.00,2024-03-08 17:00:00,CÔNG TY TNHH MỘT THÀNH VIÊN HUY VŨ,CÔNG TY TNHH VẬN TẢI HỒNG HẢI
217,banra,1,136364.00,2024-03-08 17:00:00,CÔNG TY TNHH MỘT THÀNH VIÊN HUY VŨ,CÔNG TY TNHH THƯƠNG MẠI NGỌC HOA
216,banra,4,181818.00,2024-03-08 17:00:00,CÔNG TY TNHH MỘT THÀNH VIÊN HUY VŨ,CÔNG TY CỔ PHẦN DỊCH VỤ BẢO VỆ CHUYÊN NGHIỆP HÂN NAM
215,banra,1,1845455.00,2024-03-08 17:00:00,CÔNG TY TNHH MỘT THÀNH VIÊN HUY VŨ,CÔNG TY TNHH MỘT THÀNH VIÊN SÀI GÒN - CHƯ SÊ
214,banra,1,5136364.00,2024-03-07 17:00:00,CÔNG TY TNHH MỘT THÀNH VIÊN HUY VŨ,CÔNG TY TNHH MỘT THÀNH VIÊN TRƯỜNG THI GIA LAI
213,banra,1,300000.00,2024-03-07 17:00:00,CÔNG TY TNHH MỘT THÀNH VIÊN HUY VŨ,UỶ BAN NHÂN DÂN XÃ ĐĂK DJRĂNG
212,banra,1,14263636.00,2024-03-06 17:00:00,CÔNG TY TNHH MỘT THÀNH VIÊN HUY VŨ,CÔNG TY TNHH MỘT THÀNH VIÊN TƯ VẤN XÂY DỰNG HẠ TẦNG GIA LAI
211,banra,1,5590909.00,2024-03-06 17:00:00,CÔNG TY TNHH MỘT THÀNH VIÊN HUY VŨ,CÔNG TY TRÁCH NHIỆM HỮU HẠN MỘT THÀNH VIÊN XĂNG DẦU BẮC TÂY NGUYÊN
210,banra,1,618182.00,2024-03-06 17:00:00,CÔNG TY TNHH MỘT THÀNH VIÊN HUY VŨ,HỘI NÔNG DÂN HUYỆN CHƯ PĂH
209,banra,1,1536364.00,2024-03-06 17:00:00,CÔNG TY TNHH MỘT THÀNH VIÊN HUY VŨ,CÔNG TY TNHH NĂNG LƯỢNG SẠCH CAO NGUYÊN
208,banra,1,409091.00,2024-03-06 17:00:00,CÔNG TY TNHH MỘT THÀNH VIÊN HUY VŨ,CÔNG TY CỔ PHẦN CHANH LEO NAFOODS
207,banra,1,1927273.00,2024-03-05 17:00:00,CÔNG TY TNHH MỘT THÀNH VIÊN HUY VŨ,HỘ KINH DOANH PHAN VĂN MINH
206,banra,1,22627273.00,2024-03-05 17:00:00,CÔNG TY TNHH MỘT THÀNH VIÊN HUY VŨ,CÔNG TY PHÁT TRIỂN THỦY ĐIỆN SÊ SAN - CHI NHÁNH TẬP ĐOÀN ĐIỆN LỰC VIỆT NAM
205,banra,1,5454545.00,2024-03-05 17:00:00,CÔNG TY TNHH MỘT THÀNH VIÊN HUY VŨ,PHÒNG NỘI VỤ HUYỆN MANG YANG
204,banra,1,781818.00,2024-03-05 17:00:00,CÔNG TY TNHH MỘT THÀNH VIÊN HUY VŨ,BAN QUẢN LÝ RỪNG PHÒNG HỘ ĐÔNG BẮC CHƯ PĂH
203,banra,1,900000.00,2024-03-05 17:00:00,CÔNG TY TNHH MỘT THÀNH VIÊN HUY VŨ,BAN QUẢN LÝ RỪNG PHÒNG HỘ ĐÔNG BẮC CHƯ PĂH
202,banra,1,2870000.00,2024-03-05 17:00:00,CÔNG TY TNHH MỘT THÀNH VIÊN HUY VŨ,TRƯỜNG MẦM NON THỦY TIÊN
201,banra,1,6536364.00,2024-03-05 17:00:00,CÔNG TY TNHH MỘT THÀNH VIÊN HUY VŨ,TRUNG TÂM NGHIÊN CỨU & CHUYỂN GIAO KỸ THUẬT TÂY NGUYÊN
200,banra,1,2714545.00,2024-03-05 17:00:00,CÔNG TY TNHH MỘT THÀNH VIÊN HUY VŨ,TRƯỜNG TRUNG HỌC CƠ SỞ LÊ LỢI
199,banra,1,6354545.00,2024-03-05 17:00:00,CÔNG TY TNHH MỘT THÀNH VIÊN HUY VŨ,AGRIBANK  CHI NHÁNH THÀNH PHỐ PLEIKU GIA LAI
198,banra,1,17509091.00,2024-03-05 17:00:00,CÔNG TY TNHH MỘT THÀNH VIÊN HUY VŨ,CÔNG TY CỔ PHẦN TƯ VẤN XÂY DỰNG VÀ KIỂM ĐỊNH THỊNH PHÁT
197,banra,1,309091.00,2024-03-04 17:00:00,CÔNG TY TNHH MỘT THÀNH VIÊN HUY VŨ,CÔNG TY CỔ PHẦN ĐẦU TƯ VÀ XÂY DỰNG TRƯỜNG THỊNH
196,banra,1,1009259.00,2024-03-04 17:00:00,CÔNG TY TNHH MỘT THÀNH VIÊN HUY VŨ,CÔNG TY TNHH MỘT THÀNH VIÊN CÀ PHÊ IABLAN
195,banra,1,8836364.00,2024-03-04 17:00:00,CÔNG TY TNHH MỘT THÀNH VIÊN HUY VŨ,CÔNG TY TNHH MỘT THÀNH VIÊN CÀ PHÊ IABLAN
194,banra,1,1800000.00,2024-03-04 17:00:00,CÔNG TY TNHH MỘT THÀNH VIÊN HUY VŨ,NGÂN HÀNG CHÍNH SÁCH XÃ HỘI THỊ XÃ AN KHÊ
193,banra,1,1409091.00,2024-03-04 17:00:00,CÔNG TY TNHH MỘT THÀNH VIÊN HUY VŨ,CÔNG TY CỔ PHẦN TƯ VẤN XÂY DỰNG GIAO THÔNG AN BÌNH
192,banra,1,11927273.00,2024-03-03 17:00:00,CÔNG TY TNHH MỘT THÀNH VIÊN HUY VŨ,CÔNG TY TNHH ĐIỆN TỬ TIN HỌC KIM PHÁT
191,banra,1,627273.00,2024-03-03 17:00:00,CÔNG TY TNHH MỘT THÀNH VIÊN HUY VŨ,VPP PHÚ QUÝ
190,banra,1,1136364.00,2024-03-03 17:00:00,CÔNG TY TNHH MỘT THÀNH VIÊN HUY VŨ,SỞ GIAO THÔNG VẬN TẢI GIA LAI
189,banra,1,418182.00,2024-02-29 17:00:00,CÔNG TY TNHH MỘT THÀNH VIÊN HUY VŨ,CÔNG TY TNHH PHÁT TRIỂN DU LỊCH LA MIA
188,banra,1,3272727.00,2024-02-29 17:00:00,CÔNG TY TNHH MỘT THÀNH VIÊN HUY VŨ,TRUNG TÂM NGHIÊN CỨU & CHUYỂN GIAO KỸ THUẬT TÂY NGUYÊN
187,banra,1,34318182.00,2024-02-29 17:00:00,CÔNG TY TNHH MỘT THÀNH VIÊN HUY VŨ,CÔNG TY TNHH ĐIỆN TỬ TIN HỌC KIM PHÁT
186,banra,1,10545455.00,2024-02-29 17:00:00,CÔNG TY TNHH MỘT THÀNH VIÊN HUY VŨ,CÔNG TY TNHH CÔNG NGHỆ HOÀNG MAI
185,banra,1,9163636.00,2024-02-29 17:00:00,CÔNG TY TNHH MỘT THÀNH VIÊN HUY VŨ,CÔNG TY TNHH MỘT THÀNH VIÊN HỒ NGUYỄN GIA LAI
466,banra,1,13618182.00,2024-04-28 17:00:00,CÔNG TY TNHH MỘT THÀNH VIÊN HUY VŨ,CÔNG TY TNHH NGUYÊN CƯỜNG
465,banra,1,12545455.00,2024-04-27 17:00:00,CÔNG TY TNHH MỘT THÀNH VIÊN HUY VŨ,CÔNG TY TNHH TƯ VẤN THIẾT KẾ VÀ XÂY DỰNG GIA LONG PHÁT
464,banra,1,46363637.00,2024-04-27 17:00:00,CÔNG TY TNHH MỘT THÀNH VIÊN HUY VŨ,CÔNG TY CỔ PHẦN THƯƠNG MẠI DỊCH VỤ TIN HỌC ABC
463,banra,1,245455.00,2024-04-26 17:00:00,CÔNG TY TNHH MỘT THÀNH VIÊN HUY VŨ,CÔNG TY CỔ PHẦN DU LỊCH GIA LAI
462,banra,1,5172727.00,2024-04-26 17:00:00,CÔNG TY TNHH MỘT THÀNH VIÊN HUY VŨ,CÔNG TY TNHH TƯ VẤN THIẾT KẾ VÀ XÂY DỰNG GIA LONG PHÁT
461,banra,1,45563636.00,2024-04-26 17:00:00,CÔNG TY TNHH MỘT THÀNH VIÊN HUY VŨ,CÔNG TY TNHH MỘT THÀNH VIÊN SẢN XUẤT THƯƠNG MẠI THÀNH ĐẠT RẠCH GIÁ
460,banra,1,3145455.00,2024-04-26 17:00:00,CÔNG TY TNHH MỘT THÀNH VIÊN HUY VŨ,TRƯỜNG TIỂU HỌC NGUYỄN BỈNH KHIÊM
459,banra,1,44145455.00,2024-04-26 17:00:00,CÔNG TY TNHH MỘT THÀNH VIÊN HUY VŨ,CÔNG TY TNHH MTV CÔNG NGHỆ TIN HỌC THÀNH CÔNG
45255,muavao,1,23000.00,2024-04-07 17:00:00,Ngân hàng TMCP Sài Gòn Thương Tín - Chi nhánh Gia Lai,CONG TY TNHH MTV HUY VU
458,banra,1,10354545.00,2024-04-25 17:00:00,CÔNG TY TNHH MỘT THÀNH VIÊN HUY VŨ,CÔNG TY TNHH GREEN FARM PHÚC LỘC
457,banra,1,2090909.00,2024-04-25 17:00:00,CÔNG TY TNHH MỘT THÀNH VIÊN HUY VŨ,CÔNG TY TNHH MTV ĐỒNG TÂN CHƯ SÊ
456,banra,1,18136364.00,2024-04-25 17:00:00,CÔNG TY TNHH MỘT THÀNH VIÊN HUY VŨ,CÔNG TY CỔ PHẦN XÂY DỰNG THƯƠNG MẠI VÀ DỊCH VỤ DUYÊN HẢI
455,banra,1,4045455.00,2024-04-24 17:00:00,CÔNG TY TNHH MỘT THÀNH VIÊN HUY VŨ,CÔNG TY CỔ PHẦN SẢN XUẤT VÀ XUẤT NHẬP KHẨU VIỆT PHÚC
454,banra,1,34254546.00,2024-04-24 17:00:00,CÔNG TY TNHH MỘT THÀNH VIÊN HUY VŨ,NGÂN HÀNG THƯƠNG MẠI CỔ PHẦN ĐẦU TƯ VÀ PHÁT TRIỂN VIỆT NAM - CHI NHÁNH NAM GIA LAI
453,banra,1,18000000.00,2024-04-24 17:00:00,CÔNG TY TNHH MỘT THÀNH VIÊN HUY VŨ,CÔNG TY CỔ PHẦN XÂY DỰNG THƯƠNG MẠI VÀ DỊCH VỤ DUYÊN HẢI
452,banra,1,136364.00,2024-04-24 17:00:00,CÔNG TY TNHH MỘT THÀNH VIÊN HUY VŨ,CHI NHÁNH GIA LAI - TP.PLEIKU 3 - CÔNG TY CỔ PHẦN SAWAD TIỀN CÓ NGAY
451,banra,1,1111111.00,2024-04-23 17:00:00,CÔNG TY TNHH MỘT THÀNH VIÊN HUY VŨ,UBND PHƯỜNG IA KRING
450,banra,1,781818.00,2024-04-23 17:00:00,CÔNG TY TNHH MỘT THÀNH VIÊN HUY VŨ,CÔNG TY CỔ PHẦN THỂ THAO NUTIFOOD
449,banra,1,3772727.00,2024-04-23 17:00:00,CÔNG TY TNHH MỘT THÀNH VIÊN HUY VŨ,VĂN PHÒNG DỰ ÁN TỔ CHỨC FRANKFURT ZOOLOGICAL SOCIETY TẠI VIỆT NAM
448,banra,1,327273.00,2024-04-23 17:00:00,CÔNG TY TNHH MỘT THÀNH VIÊN HUY VŨ,UBND XÃ NGHĨA HÒA
447,banra,1,16981818.00,2024-04-23 17:00:00,CÔNG TY TNHH MỘT THÀNH VIÊN HUY VŨ,BỘ CHỈ HUY BỘ ĐỘI BIÊN PHÒNG TỈNH GIA LAI
446,banra,1,1245455.00,2024-04-23 17:00:00,CÔNG TY TNHH MỘT THÀNH VIÊN HUY VŨ,CÔNG TY TNHH XÂY DỰNG CÔNG NÔNG NGHIỆP THADICO
445,banra,1,181818.00,2024-04-23 17:00:00,CÔNG TY TNHH MỘT THÀNH VIÊN HUY VŨ,CÔNG TY CỔ PHẦN ĐẦU TƯ VÀ PHÁT TRIỂN NÔNG TRƯỜNG DAK DOA
444,banra,1,2136364.00,2024-04-23 17:00:00,CÔNG TY TNHH MỘT THÀNH VIÊN HUY VŨ,TRƯỜNG THCS TRẦN PHÚ
73806,muavao,1,23000.00,2024-05-30 17:00:00,Ngân hàng TMCP Sài Gòn Thương Tín - Chi nhánh Gia Lai,CONG TY TNHH MTV HUY VU
443,banra,1,472727.00,2024-04-23 17:00:00,CÔNG TY TNHH MỘT THÀNH VIÊN HUY VŨ,CÔNG TY CỔ PHẦN HẠT ĐIỀU HẢI BÌNH GIA LAI
442,banra,1,5570000.00,2024-04-23 17:00:00,CÔNG TY TNHH MỘT THÀNH VIÊN HUY VŨ,CÔNG TY PHÁT TRIỂN THỦY ĐIỆN SÊ SAN - CHI NHÁNH TẬP ĐOÀN ĐIỆN LỰC VIỆT NAM
441,banra,1,363636.00,2024-04-22 17:00:00,CÔNG TY TNHH MỘT THÀNH VIÊN HUY VŨ,CÔNG TY CỔ PHẦN BỆNH VIỆN ĐẠI HỌC Y DƯỢC - HOÀNG ANH GIA LAI
440,banra,1,10636364.00,2024-04-22 17:00:00,CÔNG TY TNHH MỘT THÀNH VIÊN HUY VŨ,CÔNG TY TNHH CÔNG NGHỆ HOÀNG MAI
439,banra,1,14081818.00,2024-04-22 17:00:00,CÔNG TY TNHH MỘT THÀNH VIÊN HUY VŨ,CHI NHÁNH CÔNG TY CP XĂNG DẦU DẦU KHÍ PV OIL MIỀN TRUNG TẠI KON TUM
438,banra,1,1712963.00,2024-04-22 17:00:00,CÔNG TY TNHH MỘT THÀNH VIÊN HUY VŨ,BINH ĐOÀN 15
437,banra,1,53435455.00,2024-04-22 17:00:00,CÔNG TY TNHH MỘT THÀNH VIÊN HUY VŨ,BINH ĐOÀN 15
436,banra,1,11818182.00,2024-04-22 17:00:00,CÔNG TY TNHH MỘT THÀNH VIÊN HUY VŨ,TRƯỜNG TIỂU HỌC TRẦN QUỐC TOẢN
435,banra,1,7272727.00,2024-04-22 17:00:00,CÔNG TY TNHH MỘT THÀNH VIÊN HUY VŨ,PHÒNG CHÍNH TRỊ - SƯ ĐOÀN 320
434,banra,1,1500000.00,2024-04-21 17:00:00,CÔNG TY TNHH MỘT THÀNH VIÊN HUY VŨ,CỤC QUẢN LÝ THỊ TRƯỜNG TỈNH GIA LAI
433,banra,1,113636364.00,2024-04-21 17:00:00,CÔNG TY TNHH MỘT THÀNH VIÊN HUY VŨ,CÔNG TY CỔ PHẦN XÂY DỰNG THƯƠNG MẠI VÀ DỊCH VỤ DUYÊN HẢI
432,banra,1,345455.00,2024-04-21 17:00:00,CÔNG TY TNHH MỘT THÀNH VIÊN HUY VŨ,CÔNG TY BẢO VIỆT GIA LAI
431,banra,1,2636364.00,2024-04-21 17:00:00,CÔNG TY TNHH MỘT THÀNH VIÊN HUY VŨ,HỘ KINH DOANH HÀ HỮU LỰC
430,banra,1,16718182.00,2024-04-21 17:00:00,CÔNG TY TNHH MỘT THÀNH VIÊN HUY VŨ,CÔNG TY TNHH MỘT THÀNH VIÊN TỔNG CÔNG TY 15 - CHI NHÁNH CÔNG TY 75
429,banra,1,2600000.00,2024-04-21 17:00:00,CÔNG TY TNHH MỘT THÀNH VIÊN HUY VŨ,HỘ KINH DOANH PHAN VĂN MINH
428,banra,1,2718182.00,2024-04-21 17:00:00,CÔNG TY TNHH MỘT THÀNH VIÊN HUY VŨ,CHI NHÁNH GIA LAI - CÔNG TY CỔ PHẦN THỰC PHẨM XUẤT KHẨU ĐỒNG GIAO
427,banra,1,10790909.00,2024-04-20 17:00:00,CÔNG TY TNHH MỘT THÀNH VIÊN HUY VŨ,CÔNG TY CỔ PHẦN THƯƠNG MẠI VÀ DỊCH VỤ KGT GIA LAI
426,banra,1,3590909.00,2024-04-20 17:00:00,CÔNG TY TNHH MỘT THÀNH VIÊN HUY VŨ,CÔNG TY TNHH ÁNH HƯNG GIA LAI
425,banra,1,263636.00,2024-04-18 17:00:00,CÔNG TY TNHH MỘT THÀNH VIÊN HUY VŨ,TRƯỜNG TIỂU HỌC TRẦN QUÝ CÁP
424,banra,1,136364.00,2024-04-18 17:00:00,CÔNG TY TNHH MỘT THÀNH VIÊN HUY VŨ,CÔNG TY CỔ PHẦN THỦY ĐIỆN KHẢI HOÀNG
423,banra,1,1136364.00,2024-04-18 17:00:00,CÔNG TY TNHH MỘT THÀNH VIÊN HUY VŨ,CÔNG TY TNHH MỘT THÀNH VIÊN ĐỨC DUNG CHƯ SÊ
422,banra,1,1435185.00,2024-04-18 17:00:00,CÔNG TY TNHH MỘT THÀNH VIÊN HUY VŨ,CÔNG TY CỔ PHẦN BỆNH VIỆN ĐẠI HỌC Y DƯỢC - HOÀNG ANH GIA LAI
421,banra,1,8472727.00,2024-04-18 17:00:00,CÔNG TY TNHH MỘT THÀNH VIÊN HUY VŨ,CÔNG TY CỔ PHẦN BỆNH VIỆN ĐẠI HỌC Y DƯỢC - HOÀNG ANH GIA LAI
420,banra,1,3590909.00,2024-04-18 17:00:00,CÔNG TY TNHH MỘT THÀNH VIÊN HUY VŨ,CÔNG TY CỔ PHẦN BỆNH VIỆN ĐẠI HỌC Y DƯỢC - HOÀNG ANH GIA LAI
419,banra,1,8472727.00,2024-04-18 17:00:00,CÔNG TY TNHH MỘT THÀNH VIÊN HUY VŨ,CÔNG TY CỔ PHẦN BỆNH VIỆN ĐẠI HỌC Y DƯỢC - HOÀNG ANH GIA LAI
418,banra,1,1236364.00,2024-04-18 17:00:00,CÔNG TY TNHH MỘT THÀNH VIÊN HUY VŨ,Trung tâm KĐĐD T265
417,banra,1,4545455.00,2024-04-18 17:00:00,CÔNG TY TNHH MỘT THÀNH VIÊN HUY VŨ,Trung tâm KĐĐD T265
416,banra,1,3545455.00,2024-04-18 17:00:00,CÔNG TY TNHH MỘT THÀNH VIÊN HUY VŨ,CÔNG TY CỔ PHẦN CHÈ BIỂN HỒ
415,banra,1,227273.00,2024-04-17 17:00:00,CÔNG TY TNHH MỘT THÀNH VIÊN HUY VŨ,CÔNG TY TNHH THƯƠNG MẠI VÀ DỊCH VỤ H PLUS
414,banra,1,6318182.00,2024-04-17 17:00:00,CÔNG TY TNHH MỘT THÀNH VIÊN HUY VŨ,MÁY VĂN PHÒNG PHƯƠNG NAM
413,banra,1,336363.00,2024-04-16 17:00:00,CÔNG TY TNHH MỘT THÀNH VIÊN HUY VŨ,CÔNG TY XÂY DỰNG LÊ MINH (TNHH)
412,banra,1,300000.00,2024-04-15 17:00:00,CÔNG TY TNHH MỘT THÀNH VIÊN HUY VŨ,CÔNG TY TRÁCH NHIỆM HỮU HẠN THỦY ĐIỆN TÂY NGUYÊN
411,banra,1,1736364.00,2024-04-15 17:00:00,CÔNG TY TNHH MỘT THÀNH VIÊN HUY VŨ,CÔNG TY TNHH THƯƠNG MẠI DỊCH VỤ FRUITSCO VN
410,banra,1,345455.00,2024-04-15 17:00:00,CÔNG TY TNHH MỘT THÀNH VIÊN HUY VŨ,CHI NHÁNH VẬN TẢI VÀ THI CÔNG CƠ GIỚI - TỔNG CÔNG TY XÂY DỰNG LŨNG LÔ
409,banra,1,5045455.00,2024-04-15 17:00:00,CÔNG TY TNHH MỘT THÀNH VIÊN HUY VŨ,"Phòng Chính Trị, Bộ Tham Mưu, Quân Đoàn 3"
408,banra,1,13627273.00,2024-04-15 17:00:00,CÔNG TY TNHH MỘT THÀNH VIÊN HUY VŨ,CÔNG TY TRÁCH NHIỆM HỮU HẠN MỘT THÀNH VIÊN XĂNG DẦU BẮC TÂY NGUYÊN
407,banra,1,236364.00,2024-04-14 17:00:00,CÔNG TY TNHH MỘT THÀNH VIÊN HUY VŨ,TRƯỜNG TRUNG HỌC CƠ SỞ ANH HÙNG WỪU
406,banra,1,13627273.00,2024-04-14 17:00:00,CÔNG TY TNHH MỘT THÀNH VIÊN HUY VŨ,CÔNG TY TRÁCH NHIỆM HỮU HẠN MỘT THÀNH VIÊN XĂNG DẦU BẮC TÂY NGUYÊN
405,banra,1,500000.00,2024-04-14 17:00:00,CÔNG TY TNHH MỘT THÀNH VIÊN HUY VŨ,CÔNG TY TNHH MỘT THÀNH VIÊN CÂY ĂN TRÁI THAGRICO CAO NGUYÊN
404,banra,1,2363636.00,2024-04-14 17:00:00,CÔNG TY TNHH MỘT THÀNH VIÊN HUY VŨ,TRƯỜNG TIỂU HỌC TRẦN QUÝ CÁP
403,banra,1,1318182.00,2024-04-14 17:00:00,CÔNG TY TNHH MỘT THÀNH VIÊN HUY VŨ,CÔNG TY TNHH MỘT THÀNH VIÊN QUẾ LÂM – TÂY NGUYÊN
402,banra,1,1054545.00,2024-04-14 17:00:00,CÔNG TY TNHH MỘT THÀNH VIÊN HUY VŨ,CHI CỤC THỐNG KÊ KHU VỰC CHƯ PĂH - IA GRAI
401,banra,1,1636363.00,2024-04-14 17:00:00,CÔNG TY TNHH MỘT THÀNH VIÊN HUY VŨ,UBND  PHƯỜNG HỘI THƯƠNG
400,banra,1,618182.00,2024-04-14 17:00:00,CÔNG TY TNHH MỘT THÀNH VIÊN HUY VŨ,CÔNG TY TNHH THƯƠNG MẠI VÀ XÂY LẮP ĐIỆN LỘC PHÁT GIA LAI
399,banra,1,3536364.00,2024-04-13 17:00:00,CÔNG TY TNHH MỘT THÀNH VIÊN HUY VŨ,CÔNG TY TNHH PHƯƠNG ANH THỊNH
398,banra,1,6790909.00,2024-04-12 17:00:00,CÔNG TY TNHH MỘT THÀNH VIÊN HUY VŨ,VNPT - NET 3
397,banra,1,118182.00,2024-04-12 17:00:00,CÔNG TY TNHH MỘT THÀNH VIÊN HUY VŨ,CHI NHÁNH CÔNG TY TNHH THƯƠNG MẠI VÀ DỊCH VỤ THỰC PHẨM GOLDSTAR TẠI GIA LAI
628,banra,1,8181818.00,2024-05-30 17:00:00,CÔNG TY TNHH MỘT THÀNH VIÊN HUY VŨ,
396,banra,1,17536364.00,2024-04-12 17:00:00,CÔNG TY TNHH MỘT THÀNH VIÊN HUY VŨ,TRƯỜNG TIỂU HỌC TRẦN QUÝ CÁP
395,banra,1,500000.00,2024-04-11 17:00:00,CÔNG TY TNHH MỘT THÀNH VIÊN HUY VŨ,UBND XÃ IA BĂNG
394,banra,1,6536364.00,2024-04-11 17:00:00,CÔNG TY TNHH MỘT THÀNH VIÊN HUY VŨ,CÔNG TY TNHH TÂY HIỆP PHÁT
393,banra,1,2727273.00,2024-04-11 17:00:00,CÔNG TY TNHH MỘT THÀNH VIÊN HUY VŨ,LỮ ĐOÀN 132 - BINH CHỦNG THÔNG TIN LIÊN LẠC
392,banra,1,118182.00,2024-04-11 17:00:00,CÔNG TY TNHH MỘT THÀNH VIÊN HUY VŨ,CÔNG TY TRÁCH NHIỆM HỮU HẠN MỘT THÀNH VIÊN TRIỆU HẢI GIA LAI
391,banra,1,16009091.00,2024-04-10 17:00:00,CÔNG TY TNHH MỘT THÀNH VIÊN HUY VŨ,CÔNG TY CỔ PHẦN THƯƠNG MẠI VÀ DỊCH VỤ KGT GIA LAI
390,banra,1,17809091.00,2024-04-10 17:00:00,CÔNG TY TNHH MỘT THÀNH VIÊN HUY VŨ,CÔNG TY TNHH TƯ VẤN TÀI NGUYÊN VÀ MÔI TRƯỜNG QUANG MINH
389,banra,1,863636.00,2024-04-10 17:00:00,CÔNG TY TNHH MỘT THÀNH VIÊN HUY VŨ,CHI NHÁNH GIA LAI - CÔNG TY CỔ PHẦN THỰC PHẨM XUẤT KHẨU ĐỒNG GIAO
388,banra,1,4545455.00,2024-04-10 17:00:00,CÔNG TY TNHH MỘT THÀNH VIÊN HUY VŨ,LỮ ĐOÀN 132 - BINH CHỦNG THÔNG TIN LIÊN LẠC
387,banra,1,772727.00,2024-04-09 17:00:00,CÔNG TY TNHH MỘT THÀNH VIÊN HUY VŨ,TRƯỜNG THCS IALY
386,banra,1,163636.00,2024-04-09 17:00:00,CÔNG TY TNHH MỘT THÀNH VIÊN HUY VŨ,CÔNG TY TNHH JOLLIBEE VIỆT NAM
385,banra,1,3136364.00,2024-04-09 17:00:00,CÔNG TY TNHH MỘT THÀNH VIÊN HUY VŨ,CÔNG TY TRÁCH NHIỆM HỮU HẠN MỘT THÀNH VIÊN XĂNG DẦU BẮC TÂY NGUYÊN
384,banra,1,2731482.00,2024-04-09 17:00:00,CÔNG TY TNHH MỘT THÀNH VIÊN HUY VŨ,CÔNG TY TNHH MỘT THÀNH VIÊN ĐỨC DUNG CHƯ SÊ
383,banra,1,4772727.00,2024-04-09 17:00:00,CÔNG TY TNHH MỘT THÀNH VIÊN HUY VŨ,CÔNG TY TNHH MỘT THÀNH VIÊN ĐỨC DUNG CHƯ SÊ
382,banra,1,1727273.00,2024-04-09 17:00:00,CÔNG TY TNHH MỘT THÀNH VIÊN HUY VŨ,Trung tâm KĐĐD T265
381,banra,1,1136364.00,2024-04-09 17:00:00,CÔNG TY TNHH MỘT THÀNH VIÊN HUY VŨ,UBND PHƯỜNG IA KRING
380,banra,1,11281818.00,2024-04-09 17:00:00,CÔNG TY TNHH MỘT THÀNH VIÊN HUY VŨ,CÔNG TY CỔ PHẦN THƯƠNG MẠI VÀ DỊCH VỤ KGT GIA LAI
379,banra,1,681818.00,2024-04-08 17:00:00,CÔNG TY TNHH MỘT THÀNH VIÊN HUY VŨ,CÔNG TY TNHH MỘT THÀNH VIÊN NĂNG LƯỢNG SẠCH HOÀNG GIA THỊNH
378,banra,1,6536364.00,2024-04-08 17:00:00,CÔNG TY TNHH MỘT THÀNH VIÊN HUY VŨ,CÔNG TY TRÁCH NHIỆM HỮU HẠN PHƯƠNG THƯ GIA LAI
377,banra,1,2681818.00,2024-04-08 17:00:00,CÔNG TY TNHH MỘT THÀNH VIÊN HUY VŨ,CÔNG TY CỔ PHẦN THUỶ ĐIỆN ĐĂK ĐOA
376,banra,1,16227273.00,2024-04-08 17:00:00,CÔNG TY TNHH MỘT THÀNH VIÊN HUY VŨ,CÔNG TY CỔ PHẦN THƯƠNG MẠI VÀ DỊCH VỤ KGT GIA LAI
375,banra,1,3818182.00,2024-04-08 17:00:00,CÔNG TY TNHH MỘT THÀNH VIÊN HUY VŨ,BAN QUẢN LÝ RỪNG PHÒNG HỘ IA MEUR
374,banra,1,17727273.00,2024-04-07 17:00:00,CÔNG TY TNHH MỘT THÀNH VIÊN HUY VŨ,CÔNG TY TNHH TƯ VẤN TÀI NGUYÊN VÀ MÔI TRƯỜNG QUANG MINH
373,banra,1,18045455.00,2024-04-07 17:00:00,CÔNG TY TNHH MỘT THÀNH VIÊN HUY VŨ,CÔNG TY CỔ PHẦN THƯƠNG MẠI VÀ DỊCH VỤ KGT GIA LAI
372,banra,1,3590909.00,2024-04-07 17:00:00,CÔNG TY TNHH MỘT THÀNH VIÊN HUY VŨ,CÔNG TY THUỶ ĐIỆN IA LY (CHI NHÁNH THUỘC TẬP ĐOÀN ĐIỆN LỰC VIỆT NAM)
371,banra,1,809091.00,2024-04-07 17:00:00,CÔNG TY TNHH MỘT THÀNH VIÊN HUY VŨ,CÔNG TY TNHH TƯ VẤN THIẾT KẾ THIÊN Ý
370,banra,1,795455.00,2024-04-07 17:00:00,CÔNG TY TNHH MỘT THÀNH VIÊN HUY VŨ,LIÊN ĐOÀN LAO ĐỘNG THÀNH PHỐ PLEIKU
369,banra,1,1287037.00,2024-04-07 17:00:00,CÔNG TY TNHH MỘT THÀNH VIÊN HUY VŨ,CÔNG TY TNHH MỘT THÀNH VIÊN 78
368,banra,1,12763636.00,2024-04-07 17:00:00,CÔNG TY TNHH MỘT THÀNH VIÊN HUY VŨ,CÔNG TY TNHH MỘT THÀNH VIÊN 78
367,banra,1,8636364.00,2024-04-07 17:00:00,CÔNG TY TNHH MỘT THÀNH VIÊN HUY VŨ,BỘ CHỈ HUY BỘ ĐỘI BIÊN PHÒNG TỈNH GIA LAI
366,banra,1,2727273.00,2024-04-05 17:00:00,CÔNG TY TNHH MỘT THÀNH VIÊN HUY VŨ,UBND THỊ TRẤN KongChro
365,banra,1,15072727.00,2024-04-05 17:00:00,CÔNG TY TNHH MỘT THÀNH VIÊN HUY VŨ,CÔNG TY CỔ PHẦN THƯƠNG MẠI GIA BÌNH GL
364,banra,1,345455.00,2024-04-05 17:00:00,CÔNG TY TNHH MỘT THÀNH VIÊN HUY VŨ,CÔNG TY TNHH DỊCH VỤ BẢO VỆ AN NINH NHÂN VIỆT TC
363,banra,1,472727.00,2024-04-05 17:00:00,CÔNG TY TNHH MỘT THÀNH VIÊN HUY VŨ,CÔNG TY CP ĐẦU TƯ VÀ XÂY DỰNG HDC GIA LAI
362,banra,1,1618182.00,2024-04-04 17:00:00,CÔNG TY TNHH MỘT THÀNH VIÊN HUY VŨ,ĐÀI PHÁT THANH -TRUYỀN HÌNH GIA LAI
361,banra,1,136364.00,2024-04-04 17:00:00,CÔNG TY TNHH MỘT THÀNH VIÊN HUY VŨ,CÔNG TY TNHH JOLLIBEE VIỆT NAM
360,banra,1,14800000.00,2024-04-04 17:00:00,CÔNG TY TNHH MỘT THÀNH VIÊN HUY VŨ,CÔNG TY TNHH TƯ VẤN TÀI NGUYÊN VÀ MÔI TRƯỜNG QUANG MINH
359,banra,1,3590909.00,2024-04-03 17:00:00,CÔNG TY TNHH MỘT THÀNH VIÊN HUY VŨ,CÔNG TY TNHH MỘT THÀNH VIÊN THƯƠNG MẠI DỊCH VỤ NAM PHƯƠNG GIA LAI
358,banra,1,1727273.00,2024-04-03 17:00:00,CÔNG TY TNHH MỘT THÀNH VIÊN HUY VŨ,NGÂN HÀNG THƯƠNG MẠI CỔ PHẦN BƯU ĐIỆN LIÊN VIỆT - CHI NHÁNH GIA LAI
357,banra,1,2909091.00,2024-04-03 17:00:00,CÔNG TY TNHH MỘT THÀNH VIÊN HUY VŨ,UỶ BAN NHÂN DÂN XÃ ĐĂK JƠ TA
356,banra,1,254546.00,2024-04-03 17:00:00,CÔNG TY TNHH MỘT THÀNH VIÊN HUY VŨ,CÔNG TY TNHH THANH LONG TÂY NGUYÊN
355,banra,1,15354545.00,2024-04-03 17:00:00,CÔNG TY TNHH MỘT THÀNH VIÊN HUY VŨ,CÔNG TY TNHH THẨM MỸ VIỆN NGỌC HƯỜNG
354,banra,1,1545455.00,2024-04-03 17:00:00,CÔNG TY TNHH MỘT THÀNH VIÊN HUY VŨ,CÔNG TY TNHH MỘT THÀNH VIÊN TƯ VẤN XÂY DỰNG HOÀNG UYÊN GIA LAI
353,banra,1,14918182.00,2024-04-03 17:00:00,CÔNG TY TNHH MỘT THÀNH VIÊN HUY VŨ,CÔNG TY TNHH TƯ VẤN XÂY DỰNG PHÚ VIỆT
352,banra,1,5454545.00,2024-04-02 17:00:00,CÔNG TY TNHH MỘT THÀNH VIÊN HUY VŨ,CÔNG TY TNHH TIN HỌC QUANG ANH GL
351,banra,1,7636364.00,2024-04-02 17:00:00,CÔNG TY TNHH MỘT THÀNH VIÊN HUY VŨ,CÔNG TY TRÁCH NHIỆM HỮU HẠN ĐỨC DUNG
350,banra,1,618182.00,2024-04-02 17:00:00,CÔNG TY TNHH MỘT THÀNH VIÊN HUY VŨ,CÔNG TY TNHH THT TÂY NGUYÊN
62919,muavao,1,23000.00,2024-05-09 17:00:00,Ngân hàng TMCP Sài Gòn Thương Tín - Chi nhánh Gia Lai,CONG TY TNHH MTV HUY VU
349,banra,1,4398148.00,2024-04-02 17:00:00,CÔNG TY TNHH MỘT THÀNH VIÊN HUY VŨ,NGÂN HÀNG THƯƠNG MẠI CỔ PHẦN ĐẦU TƯ VÀ PHÁT TRIỂN VIỆT NAM - CHI NHÁNH NAM GIA LAI
348,banra,1,26118182.00,2024-04-02 17:00:00,CÔNG TY TNHH MỘT THÀNH VIÊN HUY VŨ,NGÂN HÀNG THƯƠNG MẠI CỔ PHẦN ĐẦU TƯ VÀ PHÁT TRIỂN VIỆT NAM - CHI NHÁNH NAM GIA LAI
347,banra,1,5323000.00,2024-04-01 17:00:00,CÔNG TY TNHH MỘT THÀNH VIÊN HUY VŨ,CÔNG TY TNHH NĂNG LƯỢNG SẠCH CAO NGUYÊN
346,banra,1,4809091.00,2024-04-01 17:00:00,CÔNG TY TNHH MỘT THÀNH VIÊN HUY VŨ,CÔNG TY TNHH XÃ HỘI TRUNG TÂM EST PLEIKU
345,banra,1,13009091.00,2024-04-01 17:00:00,CÔNG TY TNHH MỘT THÀNH VIÊN HUY VŨ,CÔNG TY TRÁCH NHIỆM HỮU HẠN MỘT THÀNH VIÊN CÀ PHÊ IA GRAI
344,banra,1,5136364.00,2024-04-01 17:00:00,CÔNG TY TNHH MỘT THÀNH VIÊN HUY VŨ,CHI NHÁNH CÔNG TY TNHH MỘT THÀNH VIÊN NGON AVATAR - NHÀ HÀNG NGON 3 MIỀN
343,banra,1,5254545.00,2024-03-31 17:00:00,CÔNG TY TNHH MỘT THÀNH VIÊN HUY VŨ,TRƯỜNG THPT A SANH
342,banra,1,3590909.00,2024-03-31 17:00:00,CÔNG TY TNHH MỘT THÀNH VIÊN HUY VŨ,CÔNG TY TRÁCH NHIỆM HỮU HẠN PHƯƠNG THƯ GIA LAI
341,banra,1,25818182.00,2024-03-31 17:00:00,CÔNG TY TNHH MỘT THÀNH VIÊN HUY VŨ,CÔNG TY CỔ PHẦN GIA SÚC LƠ PANG
340,banra,1,648148.00,2024-03-31 17:00:00,CÔNG TY TNHH MỘT THÀNH VIÊN HUY VŨ,CÔNG TY CỔ PHẦN GIA SÚC LƠ PANG
339,banra,1,3581818.00,2024-03-31 17:00:00,CÔNG TY TNHH MỘT THÀNH VIÊN HUY VŨ,CÔNG TY CỔ PHẦN GIA SÚC LƠ PANG
338,banra,1,13172727.00,2024-03-31 17:00:00,CÔNG TY TNHH MỘT THÀNH VIÊN HUY VŨ,HỘ KINH DOANH ĐẠI PHÚ
632,banra,1,290454545.00,2024-05-30 17:00:00,CÔNG TY TNHH MỘT THÀNH VIÊN HUY VŨ,CÔNG TY TNHH VI TÍNH QUI NHƠN
631,banra,1,11818182.00,2024-05-30 17:00:00,CÔNG TY TNHH MỘT THÀNH VIÊN HUY VŨ,
630,banra,1,11818182.00,2024-05-30 17:00:00,CÔNG TY TNHH MỘT THÀNH VIÊN HUY VŨ,
629,banra,1,8181818.00,2024-05-30 17:00:00,CÔNG TY TNHH MỘT THÀNH VIÊN HUY VŨ,
25500739,muavao,1,327273.00,2024-05-01 17:00:00,NGÂN HÀNG TMCP Á CHÂU,CTY TNHH MTV HUY VU
626,banra,1,11818182.00,2024-05-30 17:00:00,CÔNG TY TNHH MỘT THÀNH VIÊN HUY VŨ,
625,banra,1,11818182.00,2024-05-30 17:00:00,CÔNG TY TNHH MỘT THÀNH VIÊN HUY VŨ,
624,banra,1,11818182.00,2024-05-30 17:00:00,CÔNG TY TNHH MỘT THÀNH VIÊN HUY VŨ,
623,banra,1,17727273.00,2024-05-30 17:00:00,CÔNG TY TNHH MỘT THÀNH VIÊN HUY VŨ,
622,banra,1,51136364.00,2024-05-30 17:00:00,CÔNG TY TNHH MỘT THÀNH VIÊN HUY VŨ,CÔNG TY TNHH ĐIỆN TỬ TIN HỌC KIM PHÁT
621,banra,1,17727273.00,2024-05-30 17:00:00,CÔNG TY TNHH MỘT THÀNH VIÊN HUY VŨ,
620,banra,1,10000000.00,2024-05-30 17:00:00,CÔNG TY TNHH MỘT THÀNH VIÊN HUY VŨ,
619,banra,1,100000000.00,2024-05-30 17:00:00,CÔNG TY TNHH MỘT THÀNH VIÊN HUY VŨ,CÔNG TY TNHH THƯƠNG MẠI VÀ DỊCH VỤ - TIN HỌC PHÚC TRÍ
618,banra,1,17727273.00,2024-05-30 17:00:00,CÔNG TY TNHH MỘT THÀNH VIÊN HUY VŨ,
617,banra,1,16000000.00,2024-05-30 17:00:00,CÔNG TY TNHH MỘT THÀNH VIÊN HUY VŨ,
616,banra,1,16000000.00,2024-05-30 17:00:00,CÔNG TY TNHH MỘT THÀNH VIÊN HUY VŨ,
615,banra,1,17727273.00,2024-05-30 17:00:00,CÔNG TY TNHH MỘT THÀNH VIÊN HUY VŨ,
614,banra,1,3363636.00,2024-05-30 17:00:00,CÔNG TY TNHH MỘT THÀNH VIÊN HUY VŨ,CÔNG TY TNHH TIN HỌC QUANG ANH GL
613,banra,1,3681818.00,2024-05-30 17:00:00,CÔNG TY TNHH MỘT THÀNH VIÊN HUY VŨ,CỬA HÀNG MÁY VĂN PHÒNG HBT
612,banra,1,6272727.00,2024-05-30 17:00:00,CÔNG TY TNHH MỘT THÀNH VIÊN HUY VŨ,HỘ KINH DOANH PHAN VĂN MINH
611,banra,1,9272727.00,2024-05-30 17:00:00,CÔNG TY TNHH MỘT THÀNH VIÊN HUY VŨ,CÔNG TY TNHH ĐIỆN TỬ TIN HỌC KIM PHÁT
610,banra,1,1700000.00,2024-05-30 17:00:00,CÔNG TY TNHH MỘT THÀNH VIÊN HUY VŨ,TRƯỜNG TIỂU HỌC NGUYỄN BÁ NGỌC
609,banra,1,722222.00,2024-05-30 17:00:00,CÔNG TY TNHH MỘT THÀNH VIÊN HUY VŨ,CÔNG TY TRÁCH NHIỆM HỮU HẠN MỘT THÀNH VIÊN XĂNG DẦU BẮC TÂY NGUYÊN
608,banra,1,28127273.00,2024-05-30 17:00:00,CÔNG TY TNHH MỘT THÀNH VIÊN HUY VŨ,CÔNG TY TRÁCH NHIỆM HỮU HẠN MỘT THÀNH VIÊN XĂNG DẦU BẮC TÂY NGUYÊN
607,banra,1,772727.00,2024-05-30 17:00:00,CÔNG TY TNHH MỘT THÀNH VIÊN HUY VŨ,TRUNG TÂM GIÁO DỤC NGHỀ NGHIỆP 3T GIA LAI
606,banra,1,1009091.00,2024-05-30 17:00:00,CÔNG TY TNHH MỘT THÀNH VIÊN HUY VŨ,CÔNG TY TRÁCH NHIỆM HỮU HẠN XÂY DỰNG TUẤN TÚ GIA LAI
605,banra,1,10000000.00,2024-05-30 17:00:00,CÔNG TY TNHH MỘT THÀNH VIÊN HUY VŨ,
604,banra,1,300000.00,2024-05-30 17:00:00,CÔNG TY TNHH MỘT THÀNH VIÊN HUY VŨ,QUỸ TÍN DỤNG NHÂN DÂN TRÀ BÁ
603,banra,1,15636364.00,2024-05-30 17:00:00,CÔNG TY TNHH MỘT THÀNH VIÊN HUY VŨ,QUỸ TÍN DỤNG NHÂN DÂN TRÀ BÁ
602,banra,1,10000000.00,2024-05-30 17:00:00,CÔNG TY TNHH MỘT THÀNH VIÊN HUY VŨ,
601,banra,1,11818182.00,2024-05-30 17:00:00,CÔNG TY TNHH MỘT THÀNH VIÊN HUY VŨ,
600,banra,1,8181818.00,2024-05-30 17:00:00,CÔNG TY TNHH MỘT THÀNH VIÊN HUY VŨ,
599,banra,1,14545455.00,2024-05-30 17:00:00,CÔNG TY TNHH MỘT THÀNH VIÊN HUY VŨ,
598,banra,1,10709091.00,2024-05-30 17:00:00,CÔNG TY TNHH MỘT THÀNH VIÊN HUY VŨ,CÔNG TY TNHH MỘT THÀNH VIÊN TOÀN TRUNG - CHI NHÁNH QUY NHƠN
597,banra,1,954545.00,2024-05-29 17:00:00,CÔNG TY TNHH MỘT THÀNH VIÊN HUY VŨ,CÔNG TY TNHH MEDLATEC ĐẮK LẮK
596,banra,1,1290909.00,2024-05-29 17:00:00,CÔNG TY TNHH MỘT THÀNH VIÊN HUY VŨ,CÔNG TY TRÁCH NHIỆM HỮU HẠN MỘT THÀNH VIÊN XĂNG DẦU BẮC TÂY NGUYÊN
595,banra,1,27272727.00,2024-05-29 17:00:00,CÔNG TY TNHH MỘT THÀNH VIÊN HUY VŨ,LỮ ĐOÀN 132 - BINH CHỦNG THÔNG TIN LIÊN LẠC
594,banra,1,34145455.00,2024-05-29 17:00:00,CÔNG TY TNHH MỘT THÀNH VIÊN HUY VŨ,NGÂN HÀNG THƯƠNG MẠI CỔ PHẦN ĐẦU TƯ VÀ PHÁT TRIỂN VIỆT NAM - CHI NHÁNH NAM GIA LAI
593,banra,1,10209091.00,2024-05-28 17:00:00,CÔNG TY TNHH MỘT THÀNH VIÊN HUY VŨ,MÁY VĂN PHÒNG PHƯƠNG NAM
62629992,muavao,1,13636.00,2024-11-08 17:00:00,NGÂN HÀNG TMCP Á CHÂU,CTY TNHH MTV HUY VU
592,banra,1,9272727.00,2024-05-28 17:00:00,CÔNG TY TNHH MỘT THÀNH VIÊN HUY VŨ,CÔNG TY TNHH ĐIỆN TỬ TIN HỌC KIM PHÁT
591,banra,1,218182.00,2024-05-28 17:00:00,CÔNG TY TNHH MỘT THÀNH VIÊN HUY VŨ,PHÒNG AN NINH MẠNG VÀ PCTP SỬ DỤNG CÔNG NGHỆ CAO - CÔNG AN TỈNH GIA LAI
590,banra,1,2309091.00,2024-05-28 17:00:00,CÔNG TY TNHH MỘT THÀNH VIÊN HUY VŨ,TOÀ ÁN NHÂN DÂN THÀNH PHỐ PLEIKU
589,banra,1,681818.00,2024-05-27 17:00:00,CÔNG TY TNHH MỘT THÀNH VIÊN HUY VŨ,CHI NHÁNH CÔNG TY TNHH RED RIVER FOODS VIỆT NAM TẠI GIA LAI
588,banra,1,8181818.00,2024-05-27 17:00:00,CÔNG TY TNHH MỘT THÀNH VIÊN HUY VŨ,
587,banra,1,9090909.00,2024-05-27 17:00:00,CÔNG TY TNHH MỘT THÀNH VIÊN HUY VŨ,
586,banra,1,10909091.00,2024-05-27 17:00:00,CÔNG TY TNHH MỘT THÀNH VIÊN HUY VŨ,CÔNG TY TNHH DUY TÍN TRAVEL
585,banra,1,11818182.00,2024-05-27 17:00:00,CÔNG TY TNHH MỘT THÀNH VIÊN HUY VŨ,
584,banra,1,8800000.00,2024-05-27 17:00:00,CÔNG TY TNHH MỘT THÀNH VIÊN HUY VŨ,CÔNG TY TNHH XĂNG DẦU TÂY NAM S.W.P - CHI NHÁNH GIA LAI
583,banra,1,10354545.00,2024-05-27 17:00:00,CÔNG TY TNHH MỘT THÀNH VIÊN HUY VŨ,TRƯỜNG TIỂU HỌC VÕ THỊ SÁU
582,banra,1,2354545.00,2024-05-27 17:00:00,CÔNG TY TNHH MỘT THÀNH VIÊN HUY VŨ,CÔNG TY CỔ PHẦN THƯƠNG MẠI GIA LAI
581,banra,1,8090909.00,2024-05-27 17:00:00,CÔNG TY TNHH MỘT THÀNH VIÊN HUY VŨ,TRƯỜNG CAO ĐẲNG NGHỀ SỐ 21 - BQP
580,banra,1,840000.00,2024-05-27 17:00:00,CÔNG TY TNHH MỘT THÀNH VIÊN HUY VŨ,TRƯỜNG CAO ĐẲNG NGHỀ SỐ 21 - BQP
579,banra,1,5890909.00,2024-05-26 17:00:00,CÔNG TY TNHH MỘT THÀNH VIÊN HUY VŨ,CÔNG TY TNHH CƠ KHÍ XÂY DỰNG TRÍ ĐỨC
578,banra,1,4827273.00,2024-05-26 17:00:00,CÔNG TY TNHH MỘT THÀNH VIÊN HUY VŨ,AGRIBANK  CHI NHÁNH THÀNH PHỐ PLEIKU GIA LAI
577,banra,1,9545455.00,2024-05-26 17:00:00,CÔNG TY TNHH MỘT THÀNH VIÊN HUY VŨ,TRUNG TÂM KINH DOANH VNPT - GIA LAI
576,banra,1,8172727.00,2024-05-26 17:00:00,CÔNG TY TNHH MỘT THÀNH VIÊN HUY VŨ,CÔNG TY TNHH MỘT THÀNH VIÊN THƯƠNG MẠI DỊCH VỤ TRỌNG CANG
575,banra,1,1342593.00,2024-05-26 17:00:00,CÔNG TY TNHH MỘT THÀNH VIÊN HUY VŨ,CÔNG TY TNHH MỘT THÀNH VIÊN THƯƠNG MẠI DỊCH VỤ TRỌNG CANG
574,banra,1,4545455.00,2024-05-26 17:00:00,CÔNG TY TNHH MỘT THÀNH VIÊN HUY VŨ,ĐỒN BIÊN PHÒNG IA PNÔN
573,banra,1,16272727.00,2024-05-24 17:00:00,CÔNG TY TNHH MỘT THÀNH VIÊN HUY VŨ,CÔNG TY CỔ PHẦN FIDITOUR
572,banra,1,12000000.00,2024-05-24 17:00:00,CÔNG TY TNHH MỘT THÀNH VIÊN HUY VŨ,CHI NHÁNH CÔNG TY TNHH ĐỨC DUNG
571,banra,1,10772727.00,2024-05-24 17:00:00,CÔNG TY TNHH MỘT THÀNH VIÊN HUY VŨ,CÔNG TY TNHH MỘT THÀNH VIÊN THƯƠNG MẠI DỊCH VỤ TRỌNG CANG
570,banra,1,11818182.00,2024-05-24 17:00:00,CÔNG TY TNHH MỘT THÀNH VIÊN HUY VŨ,CHI NHÁNH CÔNG TY TRÁCH NHIỆM HỮU HẠN ĐỨC DUNG - IAGRAI
569,banra,1,500000.00,2024-05-24 17:00:00,CÔNG TY TNHH MỘT THÀNH VIÊN HUY VŨ,CÔNG TY TRÁCH NHIỆM HỮU HẠN MỘT THÀNH VIÊN THIẾT BỊ Y TẾ CHÂU THANH
568,banra,1,8181818.00,2024-05-24 17:00:00,CÔNG TY TNHH MỘT THÀNH VIÊN HUY VŨ,
567,banra,1,11818182.00,2024-05-24 17:00:00,CÔNG TY TNHH MỘT THÀNH VIÊN HUY VŨ,CHI NHÁNH CÔNG TY TRÁCH NHIỆM HỮU HẠN ĐỨC DUNG - BIỂN HỒ
566,banra,1,12000000.00,2024-05-24 17:00:00,CÔNG TY TNHH MỘT THÀNH VIÊN HUY VŨ,CÔNG TY TNHH TƯ VẤN THIẾT KẾ ĐẦU TƯ VÀ XÂY DỰNG PHÚ THỊNH GIA
565,banra,1,15000000.00,2024-05-24 17:00:00,CÔNG TY TNHH MỘT THÀNH VIÊN HUY VŨ,CÔNG TY CỔ PHẦN TƯ VẤN XÂY DỰNG GIAO THÔNG AN BÌNH
564,banra,1,8181818.00,2024-05-24 17:00:00,CÔNG TY TNHH MỘT THÀNH VIÊN HUY VŨ,
563,banra,1,2409091.00,2024-05-23 17:00:00,CÔNG TY TNHH MỘT THÀNH VIÊN HUY VŨ,CÔNG TY TNHH MỘT THÀNH VIÊN ANH KHOA MOTOR GIA LAI
562,banra,1,8181818.00,2024-05-23 17:00:00,CÔNG TY TNHH MỘT THÀNH VIÊN HUY VŨ,
561,banra,1,12272727.00,2024-05-23 17:00:00,CÔNG TY TNHH MỘT THÀNH VIÊN HUY VŨ,CÔNG TY TNHH MỘT THÀNH VIÊN TƯ VẤN XÂY DỰNG HOÀNG UYÊN GIA LAI
560,banra,1,11909091.00,2024-05-23 17:00:00,CÔNG TY TNHH MỘT THÀNH VIÊN HUY VŨ,CÔNG TY TNHH THỊNH PHÁT DANH TRÀ
559,banra,1,11909091.00,2024-05-23 17:00:00,CÔNG TY TNHH MỘT THÀNH VIÊN HUY VŨ,CÔNG TY TNHH MỘT THÀNH VIÊN NHƯ HÀ - GIA LAI
558,banra,1,11909091.00,2024-05-23 17:00:00,CÔNG TY TNHH MỘT THÀNH VIÊN HUY VŨ,CÔNG TY TNHH MỘT THÀNH VIÊN ĐỨC DUNG CHƯ SÊ
557,banra,1,11909091.00,2024-05-23 17:00:00,CÔNG TY TNHH MỘT THÀNH VIÊN HUY VŨ,CÔNG TY TNHH VĨNH HIỆP
556,banra,1,17645455.00,2024-05-23 17:00:00,CÔNG TY TNHH MỘT THÀNH VIÊN HUY VŨ,CÔNG TY PHÁT TRIỂN THỦY ĐIỆN SÊ SAN - CHI NHÁNH TẬP ĐOÀN ĐIỆN LỰC VIỆT NAM
555,banra,1,11909091.00,2024-05-23 17:00:00,CÔNG TY TNHH MỘT THÀNH VIÊN HUY VŨ,CÔNG TY TRÁCH NHIỆM HỮU HẠN ĐỨC DUNG
554,banra,1,136364.00,2024-05-23 17:00:00,CÔNG TY TNHH MỘT THÀNH VIÊN HUY VŨ,TRUNG TÂM HỖ TRỢ SÁNG KIẾN PHÁT TRIỂN CỘNG ĐỒNG
553,banra,1,727273.00,2024-05-23 17:00:00,CÔNG TY TNHH MỘT THÀNH VIÊN HUY VŨ,CÔNG TY CỔ PHẦN THỦY ĐIỆN HOÀNG ANH TÔNA
552,banra,1,3277273.00,2024-05-23 17:00:00,CÔNG TY TNHH MỘT THÀNH VIÊN HUY VŨ,CÔNG TY TRUYỀN TẢI ĐIỆN 3 - TRUYỀN TẢI ĐIỆN GIA LAI
551,banra,1,1345455.00,2024-05-23 17:00:00,CÔNG TY TNHH MỘT THÀNH VIÊN HUY VŨ,XƯỞNG 340 - QUÂN KHU 5
550,banra,1,3194444.00,2024-05-22 17:00:00,CÔNG TY TNHH MỘT THÀNH VIÊN HUY VŨ,CÔNG TY CỔ PHẦN THƯƠNG MẠI VÀ DỊCH VỤ KGT GIA LAI
549,banra,1,3590909.00,2024-05-22 17:00:00,CÔNG TY TNHH MỘT THÀNH VIÊN HUY VŨ,CHI NHÁNH CÔNG TY TNHH MỘT THÀNH VIÊN CAO SU CHƯ PRÔNG - TRUNG TÂM Y TẾ
548,banra,1,272728.00,2024-05-22 17:00:00,CÔNG TY TNHH MỘT THÀNH VIÊN HUY VŨ,CÔNG TY TNHH MỘT THÀNH VIÊN TRUYỀN THÔNG MẶT TRỜI GIA LAI
547,banra,1,254546.00,2024-05-22 17:00:00,CÔNG TY TNHH MỘT THÀNH VIÊN HUY VŨ,CÔNG TY TNHH MỘT THÀNH VIÊN HƯNG NGA
546,banra,1,10000000.00,2024-05-22 17:00:00,CÔNG TY TNHH MỘT THÀNH VIÊN HUY VŨ,CÔNG TY TNHH THƯƠNG MẠI VÀ XÂY LẮP ĐIỆN LỘC PHÁT GIA LAI
59604,muavao,1,25642.00,2024-05-02 17:00:00,Ngân hàng TMCP Sài Gòn Thương Tín - Chi nhánh Gia Lai,CONG TY TNHH MTV HUY VU
545,banra,1,10545455.00,2024-05-21 17:00:00,CÔNG TY TNHH MỘT THÀNH VIÊN HUY VŨ,CÔNG TY CỔ PHẦN THƯƠNG MẠI VÀ DỊCH VỤ KGT GIA LAI
544,banra,1,13590909.00,2024-05-21 17:00:00,CÔNG TY TNHH MỘT THÀNH VIÊN HUY VŨ,PHÂN HIỆU TRƯỜNG ĐẠI HỌC LÂM NGHIỆP TẠI TỈNH GIA LAI
543,banra,1,5272727.00,2024-05-21 17:00:00,CÔNG TY TNHH MỘT THÀNH VIÊN HUY VŨ,TRƯỜNG THPT TRẦN PHÚ
542,banra,1,24363636.00,2024-05-21 17:00:00,CÔNG TY TNHH MỘT THÀNH VIÊN HUY VŨ,PHÒNG TÀI NGUYÊN VÀ MÔI TRƯỜNG HUYỆN IA H’DRAI
541,banra,1,2909091.00,2024-05-21 17:00:00,CÔNG TY TNHH MỘT THÀNH VIÊN HUY VŨ,XƯỞNG 340 - QUÂN KHU 5
540,banra,1,272727.00,2024-05-20 17:00:00,CÔNG TY TNHH MỘT THÀNH VIÊN HUY VŨ,CÔNG TY CỔ PHẦN SÔNG ĐÀ 10.9
539,banra,1,2618182.00,2024-05-20 17:00:00,CÔNG TY TNHH MỘT THÀNH VIÊN HUY VŨ,TRƯỜNG THPT TRẦN HƯNG ĐẠO
538,banra,1,4445455.00,2024-05-20 17:00:00,CÔNG TY TNHH MỘT THÀNH VIÊN HUY VŨ,TIỂU ĐOÀN 24 - SƯ ĐOÀN 320
537,banra,1,1027273.00,2024-05-20 17:00:00,CÔNG TY TNHH MỘT THÀNH VIÊN HUY VŨ,CÔNG TY CỔ PHẦN  IAPACCO
536,banra,1,3000000.00,2024-05-20 17:00:00,CÔNG TY TNHH MỘT THÀNH VIÊN HUY VŨ,UBND XÃ IA TÔ
535,banra,1,17072728.00,2024-05-20 17:00:00,CÔNG TY TNHH MỘT THÀNH VIÊN HUY VŨ,NGÂN HÀNG THƯƠNG MẠI CỔ PHẦN ĐẦU TƯ VÀ PHÁT TRIỂN VIỆT NAM - CHI NHÁNH NAM GIA LAI
534,banra,1,10754545.00,2024-05-20 17:00:00,CÔNG TY TNHH MỘT THÀNH VIÊN HUY VŨ,CÔNG TY TNHH MỘT THÀNH VIÊN XĂNG DẦU THUẬN THẢO
533,banra,1,5454546.00,2024-05-19 17:00:00,CÔNG TY TNHH MỘT THÀNH VIÊN HUY VŨ,CÔNG TY TRÁCH NHIỆM HỮU HẠN THƯƠNG MẠI DỊCH VỤ KỸ THUẬT VI TÍNH THUẬN PHÁT GIA LAI
532,banra,1,10600000.00,2024-05-19 17:00:00,CÔNG TY TNHH MỘT THÀNH VIÊN HUY VŨ,CÔNG TY TNHH NUTS FARM GL
531,banra,1,1909091.00,2024-05-19 17:00:00,CÔNG TY TNHH MỘT THÀNH VIÊN HUY VŨ,CÔNG TY BẢO HIỂM BSH GIA LAI
530,banra,1,2718182.00,2024-05-19 17:00:00,CÔNG TY TNHH MỘT THÀNH VIÊN HUY VŨ,CÔNG TY TNHH THƯƠNG MẠI VÀ DỊCH VỤ ĐỨC THANH GIA LAI
529,banra,1,290909.00,2024-05-19 17:00:00,CÔNG TY TNHH MỘT THÀNH VIÊN HUY VŨ,UBND  PHƯỜNG HỘI THƯƠNG
528,banra,1,900000.00,2024-05-16 17:00:00,CÔNG TY TNHH MỘT THÀNH VIÊN HUY VŨ,XÍ NGHIỆP KHẢO SÁT THIẾT KẾ - CHI NHÁNH TỔNG CÔNG TY 15
527,banra,1,372727.00,2024-05-16 17:00:00,CÔNG TY TNHH MỘT THÀNH VIÊN HUY VŨ,CÔNG TY TNHH HOÀNG HƯNG GIA LAI
526,banra,1,17863636.00,2024-05-16 17:00:00,CÔNG TY TNHH MỘT THÀNH VIÊN HUY VŨ,CÔNG TY TNHH NHẬT QUỲNH GIA LAI
525,banra,1,2045455.00,2024-05-15 17:00:00,CÔNG TY TNHH MỘT THÀNH VIÊN HUY VŨ,CÔNG TY TNHH MỘT THÀNH VIÊN TỔNG CÔNG TY 15 - CHI NHÁNH 710
524,banra,1,4472727.00,2024-05-15 17:00:00,CÔNG TY TNHH MỘT THÀNH VIÊN HUY VŨ,ĐẢNG ỦY XÃ IA YOK
523,banra,1,1381818.00,2024-05-15 17:00:00,CÔNG TY TNHH MỘT THÀNH VIÊN HUY VŨ,CÔNG TY TNHH THIẾT BỊ PHÒNG CHÁY CHỮA CHÁY 4-10 GIA LAI
522,banra,1,7454546.00,2024-05-15 17:00:00,CÔNG TY TNHH MỘT THÀNH VIÊN HUY VŨ,ĐẢNG ỦY XÃ IA YOK
521,banra,1,6772727.00,2024-05-15 17:00:00,CÔNG TY TNHH MỘT THÀNH VIÊN HUY VŨ,CÔNG TY TNHH ĐIỆN TỬ TIN HỌC KIM PHÁT
520,banra,1,3227273.00,2024-05-14 17:00:00,CÔNG TY TNHH MỘT THÀNH VIÊN HUY VŨ,CÔNG TY CỔ PHẦN BỆNH VIỆN ĐẠI HỌC Y DƯỢC - HOÀNG ANH GIA LAI
519,banra,1,909091.00,2024-05-14 17:00:00,CÔNG TY TNHH MỘT THÀNH VIÊN HUY VŨ,CHI NHÁNH TRƯỜNG SƠN 29 - TỔNG CÔNG TY XÂY DỰNG TRƯỜNG SƠN
518,banra,1,1181818.00,2024-05-14 17:00:00,CÔNG TY TNHH MỘT THÀNH VIÊN HUY VŨ,BAN QUẢN LÝ CHỢ HOA LƯ - PHÙ ĐỔNG
517,banra,1,272727.00,2024-05-14 17:00:00,CÔNG TY TNHH MỘT THÀNH VIÊN HUY VŨ,TRUNG TÂM XỬ LÝ BOM MÌN VÀ MÔI TRƯỜNG
516,banra,1,4081818.00,2024-05-14 17:00:00,CÔNG TY TNHH MỘT THÀNH VIÊN HUY VŨ,CÔNG TY TNHH SẢN XUẤT VÀ THƯƠNG MẠI NÔNG SẢN  NHƯ XUÂN T9
515,banra,1,13500000.00,2024-05-14 17:00:00,CÔNG TY TNHH MỘT THÀNH VIÊN HUY VŨ,CÔNG TY CỔ PHẦN TẬP ĐOÀN LƯƠNG PHÚC
514,banra,1,8545455.00,2024-05-14 17:00:00,CÔNG TY TNHH MỘT THÀNH VIÊN HUY VŨ,CÔNG TY TNHH MỘT THÀNH VIÊN MINH THỊNH
513,banra,1,900000.00,2024-05-13 17:00:00,CÔNG TY TNHH MỘT THÀNH VIÊN HUY VŨ,BINH ĐOÀN 15
512,banra,1,35545455.00,2024-05-13 17:00:00,CÔNG TY TNHH MỘT THÀNH VIÊN HUY VŨ,BINH ĐOÀN 15
511,banra,1,1363636.00,2024-05-13 17:00:00,CÔNG TY TNHH MỘT THÀNH VIÊN HUY VŨ,LỮ ĐOÀN 132 - BINH CHỦNG THÔNG TIN LIÊN LẠC
510,banra,1,480000.00,2024-05-12 17:00:00,CÔNG TY TNHH MỘT THÀNH VIÊN HUY VŨ,CÔNG TY TNHH EZEQUOTE VIỆT NAM
509,banra,1,3590909.00,2024-05-12 17:00:00,CÔNG TY TNHH MỘT THÀNH VIÊN HUY VŨ,CÔNG TY TNHH MỘT THÀNH VIÊN XÂY DỰNG THỊNH THỦY
508,banra,1,418182.00,2024-05-11 17:00:00,CÔNG TY TNHH MỘT THÀNH VIÊN HUY VŨ,CÔNG TY TNHH PHÁT TRIỂN DU LỊCH LA MIA
507,banra,1,363636.00,2024-05-11 17:00:00,CÔNG TY TNHH MỘT THÀNH VIÊN HUY VŨ,CHI NHÁNH CÔNG TY CỔ PHẦN SÔNG ĐÀ 4 - NHÀ MÁY THỦY ĐIỆN  IAGRAI  3
506,banra,1,727273.00,2024-05-11 17:00:00,CÔNG TY TNHH MỘT THÀNH VIÊN HUY VŨ,CÔNG TY TNHH LƯƠNG PHÚC GIA LAI
505,banra,1,5718182.00,2024-05-10 17:00:00,CÔNG TY TNHH MỘT THÀNH VIÊN HUY VŨ,TRƯỜNG TIỂU HỌC VÕ THỊ SÁU
504,banra,1,2718182.00,2024-05-10 17:00:00,CÔNG TY TNHH MỘT THÀNH VIÊN HUY VŨ,CÔNG TY TRÁCH NHIỆM HỮU HẠN MỘT THÀNH VIÊN HÀ QUÂN GIA LAI
503,banra,1,1545455.00,2024-05-09 17:00:00,CÔNG TY TNHH MỘT THÀNH VIÊN HUY VŨ,CÔNG TY TNHH MỘT THÀNH VIÊN HOÀNG HÙNG GIA LAI
502,banra,1,9272727.00,2024-05-09 17:00:00,CÔNG TY TNHH MỘT THÀNH VIÊN HUY VŨ,CÔNG TY TNHH ĐIỆN TỬ TIN HỌC KIM PHÁT
501,banra,1,6536364.00,2024-05-09 17:00:00,CÔNG TY TNHH MỘT THÀNH VIÊN HUY VŨ,BỘ CHỈ HUY BỘ ĐỘI BIÊN PHÒNG TỈNH GIA LAI
500,banra,1,824074.00,2024-05-09 17:00:00,CÔNG TY TNHH MỘT THÀNH VIÊN HUY VŨ,CÔNG TY TNHH TIN HỌC QUANG ANH GL
499,banra,1,3690910.00,2024-05-09 17:00:00,CÔNG TY TNHH MỘT THÀNH VIÊN HUY VŨ,CÔNG TY TNHH TIN HỌC QUANG ANH GL
498,banra,1,1327273.00,2024-05-09 17:00:00,CÔNG TY TNHH MỘT THÀNH VIÊN HUY VŨ,CÔNG TY TNHH AN SINH GIA LAI
497,banra,1,409091.00,2024-05-09 17:00:00,CÔNG TY TNHH MỘT THÀNH VIÊN HUY VŨ,CÔNG TY TNHH DỊCH VỤ BẢO VỆ AN NINH NHÂN VIỆT TC
496,banra,1,8818182.00,2024-05-09 17:00:00,CÔNG TY TNHH MỘT THÀNH VIÊN HUY VŨ,CÔNG TY TNHH AN SINH GIA LAI
495,banra,1,13227273.00,2024-05-08 17:00:00,CÔNG TY TNHH MỘT THÀNH VIÊN HUY VŨ,NGÂN HÀNG THƯƠNG MẠI TRÁCH NHIỆM HỮU HẠN MỘT THÀNH VIÊN DẦU KHÍ TOÀN CẦU - CHI NHÁNH GIA LAI
494,banra,1,3909091.00,2024-05-08 17:00:00,CÔNG TY TNHH MỘT THÀNH VIÊN HUY VŨ,CÔNG TY TNHH NĂNG LƯỢNG SẠCH CAO NGUYÊN
493,banra,1,118182.00,2024-05-08 17:00:00,CÔNG TY TNHH MỘT THÀNH VIÊN HUY VŨ,CÔNG TY TNHH MỘT THÀNH VIÊN NĂNG LƯỢNG SẠCH HOÀNG GIA THỊNH
492,banra,1,2916667.00,2024-05-07 17:00:00,CÔNG TY TNHH MỘT THÀNH VIÊN HUY VŨ,CÔNG TY CỔ PHẦN CHẾ BIẾN GỖ CAO SU CHƯ PĂH
491,banra,1,1136364.00,2024-05-07 17:00:00,CÔNG TY TNHH MỘT THÀNH VIÊN HUY VŨ,VNPT GIA LAI
490,banra,1,7727273.00,2024-05-07 17:00:00,CÔNG TY TNHH MỘT THÀNH VIÊN HUY VŨ,CÔNG TY CỔ PHẦN GIA SÚC LƠ PANG
489,banra,1,2136364.00,2024-05-07 17:00:00,CÔNG TY TNHH MỘT THÀNH VIÊN HUY VŨ,CÔNG TY CỔ PHẦN TẬP ĐOÀN BOSSCO
488,banra,1,8409091.00,2024-05-07 17:00:00,CÔNG TY TNHH MỘT THÀNH VIÊN HUY VŨ,CÔNG TY CỔ PHẦN CÀ PHÊ GIA LAI
487,banra,1,15090909.00,2024-05-07 17:00:00,CÔNG TY TNHH MỘT THÀNH VIÊN HUY VŨ,CÔNG TY TNHH ĐẦU TƯ XÂY LẮP CÔNG NGHIỆP VÀ HẠ TẦNG BẢO DUYÊN
486,banra,1,31318182.00,2024-05-07 17:00:00,CÔNG TY TNHH MỘT THÀNH VIÊN HUY VŨ,NGÂN HÀNG THƯƠNG MẠI CỔ PHẦN ĐẦU TƯ VÀ PHÁT TRIỂN VIỆT NAM - CHI NHÁNH NAM GIA LAI
485,banra,1,463636.00,2024-05-07 17:00:00,CÔNG TY TNHH MỘT THÀNH VIÊN HUY VŨ,DOANH NGHIỆP TƯ NHÂN MINH TUẤN
484,banra,1,1045455.00,2024-05-06 17:00:00,CÔNG TY TNHH MỘT THÀNH VIÊN HUY VŨ,CÔNG TY CỔ PHẦN HOÀNG ANH GIA LAI
483,banra,1,8581818.00,2024-05-06 17:00:00,CÔNG TY TNHH MỘT THÀNH VIÊN HUY VŨ,CÔNG TY CỔ PHẦN HOÀNG ANH GIA LAI
59432,muavao,1,99800.00,2024-05-02 17:00:00,Ngân hàng TMCP Sài Gòn Thương Tín - Chi nhánh Gia Lai,CONG TY TNHH MTV HUY VU
482,banra,1,2172727.00,2024-05-06 17:00:00,CÔNG TY TNHH MỘT THÀNH VIÊN HUY VŨ,CÔNG TY CỔ PHẦN CÔNG TRÌNH ĐÔ THỊ GIA LAI
481,banra,1,1681818.00,2024-05-06 17:00:00,CÔNG TY TNHH MỘT THÀNH VIÊN HUY VŨ,CÔNG TY CỔ PHẦN ĐẦU TƯ VÀ PHÁT TRIỂN NÔNG TRƯỜNG DAK DOA
480,banra,1,227273.00,2024-05-06 17:00:00,CÔNG TY TNHH MỘT THÀNH VIÊN HUY VŨ,CÔNG TY TNHH GOLDWIND INTERNATIONAL VIỆT NAM
479,banra,1,3500000.00,2024-05-06 17:00:00,CÔNG TY TNHH MỘT THÀNH VIÊN HUY VŨ,CÔNG TY TNHH MỘT THÀNH VIÊN TM DV XNK PHẠM GIA KHANG
478,banra,1,2727273.00,2024-05-05 17:00:00,CÔNG TY TNHH MỘT THÀNH VIÊN HUY VŨ,CÔNG TY TNHH THƯƠNG MẠI VÀ DỊCH VỤ THIÊN PHÚ MEDICAL
477,banra,1,17809091.00,2024-05-05 17:00:00,CÔNG TY TNHH MỘT THÀNH VIÊN HUY VŨ,CÔNG TY TNHH THƯƠNG MẠI VÀ XÂY LẮP ĐIỆN LỘC PHÁT GIA LAI
476,banra,1,3500000.00,2024-05-05 17:00:00,CÔNG TY TNHH MỘT THÀNH VIÊN HUY VŨ,MÁY VĂN PHÒNG PHƯƠNG NAM
475,banra,1,2545455.00,2024-05-04 17:00:00,CÔNG TY TNHH MỘT THÀNH VIÊN HUY VŨ,CÔNG TY TNHH TƯ VẤN THIẾT KẾ VÀ XÂY DỰNG GIA LONG PHÁT
474,banra,1,2300000.00,2024-05-03 17:00:00,CÔNG TY TNHH MỘT THÀNH VIÊN HUY VŨ,CÔNG TY TNHH EFC ONE
473,banra,1,172727.00,2024-05-03 17:00:00,CÔNG TY TNHH MỘT THÀNH VIÊN HUY VŨ,CÔNG TY TNHH JOLLIBEE VIỆT NAM
472,banra,1,18545455.00,2024-05-03 17:00:00,CÔNG TY TNHH MỘT THÀNH VIÊN HUY VŨ,CÔNG TY TNHH ĐIỆN TỬ TIN HỌC KIM PHÁT
471,banra,1,5818182.00,2024-05-02 17:00:00,CÔNG TY TNHH MỘT THÀNH VIÊN HUY VŨ,BỘ CHỈ HUY BỘ ĐỘI BIÊN PHÒNG TỈNH GIA LAI
470,banra,1,33581818.00,2024-05-02 17:00:00,CÔNG TY TNHH MỘT THÀNH VIÊN HUY VŨ,HỘ KINH DOANH ĐẠI PHÚ
469,banra,1,363636.00,2024-05-01 17:00:00,CÔNG TY TNHH MỘT THÀNH VIÊN HUY VŨ,BAN CHQS HUYỆN IA GRAI
468,banra,1,654545.00,2024-05-01 17:00:00,CÔNG TY TNHH MỘT THÀNH VIÊN HUY VŨ,CÔNG TY CỔ PHẦN SÁCH VÀ THIẾT BỊ TRƯỜNG HỌC GIA LAI
467,banra,1,300000.00,2024-05-01 17:00:00,CÔNG TY TNHH MỘT THÀNH VIÊN HUY VŨ,CÔNG TY TNHH MỘT THÀNH VIÊN CÀ PHÊ  IA CHÂM
749,banra,1,126136364.00,2024-06-29 17:00:00,CÔNG TY TNHH MỘT THÀNH VIÊN HUY VŨ,CÔNG TY TNHH TRUYỀN THÔNG MÁY TÍNH VIỆT ĐÔNG
748,banra,1,281818.00,2024-06-29 17:00:00,CÔNG TY TNHH MỘT THÀNH VIÊN HUY VŨ,CHI NHÁNH GIA LAI - CÔNG TY TNHH NKG VIỆT NAM
747,banra,1,9363635.00,2024-06-29 17:00:00,CÔNG TY TNHH MỘT THÀNH VIÊN HUY VŨ,CÔNG TY CỔ PHẦN THƯƠNG MẠI VÀ DỊCH VỤ KGT GIA LAI
746,banra,1,13090909.00,2024-06-29 17:00:00,CÔNG TY TNHH MỘT THÀNH VIÊN HUY VŨ,CÔNG TY TNHH MỘT THÀNH VIÊN GIA KHẢI TIẾN
745,banra,1,1227273.00,2024-06-29 17:00:00,CÔNG TY TNHH MỘT THÀNH VIÊN HUY VŨ,CÔNG TY TNHH MỘT THÀNH VIÊN TƯỜNG NGUYÊN GIA LAI
744,banra,1,1490909.00,2024-06-29 17:00:00,CÔNG TY TNHH MỘT THÀNH VIÊN HUY VŨ,CÔNG TY TNHH TIN HỌC QUANG ANH GL
743,banra,1,146318182.00,2024-06-29 17:00:00,CÔNG TY TNHH MỘT THÀNH VIÊN HUY VŨ,CÔNG TY TNHH TRUYỀN THÔNG MÁY TÍNH VIỆT ĐÔNG
742,banra,1,709091.00,2024-06-29 17:00:00,CÔNG TY TNHH MỘT THÀNH VIÊN HUY VŨ,CÔNG AN HUYỆN MANG YANG
741,banra,1,350000.00,2024-06-29 17:00:00,CÔNG TY TNHH MỘT THÀNH VIÊN HUY VŨ,BAN QUẢN LÝ RỪNG PHÒNG HỘ ĐÔNG BẮC CHƯ PĂH
740,banra,1,218182.00,2024-06-29 17:00:00,CÔNG TY TNHH MỘT THÀNH VIÊN HUY VŨ,CHI NHÁNH CÔNG TY CỔ PHẦN NHỰA TÂN Á ĐẠI THÀNH TẠI GIA LAI
739,banra,1,318182.00,2024-06-29 17:00:00,CÔNG TY TNHH MỘT THÀNH VIÊN HUY VŨ,BAN QUẢN LÝ RỪNG PHÒNG HỘ ĐÔNG BẮC CHƯ PĂH
738,banra,1,227272.00,2024-06-29 17:00:00,CÔNG TY TNHH MỘT THÀNH VIÊN HUY VŨ,CHI NHÁNH XĂNG DẦU QUÂN ĐỘI KHU VỰC TÂY NGUYÊN - CÔNG TY TNHH MỘT THÀNH VIÊN TỔNG CÔNG TY XĂNG DẦU QUÂN ĐỘI
737,banra,1,11818182.00,2024-06-28 17:00:00,CÔNG TY TNHH MỘT THÀNH VIÊN HUY VŨ,CÔNG TY TNHH ĐIỆN TỬ TIN HỌC KIM PHÁT
736,banra,1,327273.00,2024-06-28 17:00:00,CÔNG TY TNHH MỘT THÀNH VIÊN HUY VŨ,CÔNG TY TNHH DỊCH VỤ BẢO VỆ AN NINH NHÂN VIỆT TC
735,banra,1,2709091.00,2024-06-28 17:00:00,CÔNG TY TNHH MỘT THÀNH VIÊN HUY VŨ,TRƯỜNG THCS KPA KLƠNG
688,banra,1,6536364.00,2024-06-18 17:00:00,CÔNG TY TNHH MỘT THÀNH VIÊN HUY VŨ,UỶ BAN NHÂN DÂN XÃ IA YOK
734,banra,1,1990909.00,2024-06-27 17:00:00,CÔNG TY TNHH MỘT THÀNH VIÊN HUY VŨ,CÔNG TY TNHH MỘT THÀNH VIÊN HOÀNG HƯNG GL
733,banra,1,2090909.00,2024-06-27 17:00:00,CÔNG TY TNHH MỘT THÀNH VIÊN HUY VŨ,HỘ KINH DOANH PHAN VĂN MINH
732,banra,1,92272727.00,2024-06-27 17:00:00,CÔNG TY TNHH MỘT THÀNH VIÊN HUY VŨ,CÔNG TY TNHH TRUYỀN THÔNG MÁY TÍNH VIỆT ĐÔNG
731,banra,1,11627273.00,2024-06-27 17:00:00,CÔNG TY TNHH MỘT THÀNH VIÊN HUY VŨ,Ban quản lý dự án - Sư đoàn 320 / Quân đoàn 3
730,banra,1,1445455.00,2024-06-27 17:00:00,CÔNG TY TNHH MỘT THÀNH VIÊN HUY VŨ,CÔNG TY TNHH MỘT THÀNH VIÊN TOÀN TRUNG
729,banra,1,2272727.00,2024-06-27 17:00:00,CÔNG TY TNHH MỘT THÀNH VIÊN HUY VŨ,CÔNG TY CỔ PHẦN BỆNH VIỆN ĐẠI HỌC Y DƯỢC - HOÀNG ANH GIA LAI
728,banra,1,363636.00,2024-06-27 17:00:00,CÔNG TY TNHH MỘT THÀNH VIÊN HUY VŨ,CÔNG TY TNHH MTV ĐỒNG TÂN CHƯ SÊ
727,banra,1,472728.00,2024-06-27 17:00:00,CÔNG TY TNHH MỘT THÀNH VIÊN HUY VŨ,CÔNG TY TRÁCH NHIỆM HỮU HẠN MỘT THÀNH VIÊN XĂNG DẦU BẮC TÂY NGUYÊN
726,banra,1,118182.00,2024-06-27 17:00:00,CÔNG TY TNHH MỘT THÀNH VIÊN HUY VŨ,CÔNG TY TNHH MỘT THÀNH VIÊN THƯƠNG MẠI & DỊCH VỤ ĐÔNG HUY
725,banra,1,6318182.00,2024-06-27 17:00:00,CÔNG TY TNHH MỘT THÀNH VIÊN HUY VŨ,CHI NHÁNH CÔNG TY TNHH OLAM TẠI TỈNH GIA LAI
724,banra,1,327273.00,2024-06-26 17:00:00,CÔNG TY TNHH MỘT THÀNH VIÊN HUY VŨ,CÔNG TY BẢO HIỂM PVI GIA LAI
723,banra,1,3718182.00,2024-06-26 17:00:00,CÔNG TY TNHH MỘT THÀNH VIÊN HUY VŨ,BỆNH VIỆN QUÂN Y 211 - QUÂN ĐOÀN 3
722,banra,1,7718182.00,2024-06-26 17:00:00,CÔNG TY TNHH MỘT THÀNH VIÊN HUY VŨ,CHI NHÁNH TỔNG CÔNG TY CÀ PHÊ VIỆT NAM - CÔNG TY CÀ PHÊ IA SAO I
721,banra,1,336364.00,2024-06-26 17:00:00,CÔNG TY TNHH MỘT THÀNH VIÊN HUY VŨ,CÔNG TY TNHH XÂY DỰNG CÔNG NÔNG NGHIỆP THADICO
720,banra,1,39090909.00,2024-06-26 17:00:00,CÔNG TY TNHH MỘT THÀNH VIÊN HUY VŨ,CHI NHÁNH CÔNG TY TNHH OLAM TẠI TỈNH GIA LAI
2683,muavao,1,15000.00,2024-05-02 17:00:00,Ngân hàng TMCP Sài Gòn Thương Tín - Chi nhánh Gia Lai,CONG TY TNHH MTV HUY VU
719,banra,1,13636364.00,2024-06-26 17:00:00,CÔNG TY TNHH MỘT THÀNH VIÊN HUY VŨ,LỮ ĐOÀN 132 - BINH CHỦNG THÔNG TIN LIÊN LẠC
718,banra,1,290909.00,2024-06-26 17:00:00,CÔNG TY TNHH MỘT THÀNH VIÊN HUY VŨ,CHI NHÁNH XĂNG DẦU QUÂN ĐỘI KHU VỰC TÂY NGUYÊN - CÔNG TY TNHH MỘT THÀNH VIÊN TỔNG CÔNG TY XĂNG DẦU QUÂN ĐỘI
717,banra,2,1200000.00,2024-06-25 17:00:00,CÔNG TY TNHH MỘT THÀNH VIÊN HUY VŨ,CÔNG TY TNHH NHẤT LÊ GIA LAI
716,banra,1,930000.00,2024-06-25 17:00:00,CÔNG TY TNHH MỘT THÀNH VIÊN HUY VŨ,CỬA HÀNG MÁY VĂN PHÒNG HBT
715,banra,1,3318182.00,2024-06-25 17:00:00,CÔNG TY TNHH MỘT THÀNH VIÊN HUY VŨ,CÔNG TY CỔ PHẦN TRƯỜNG PHỔ THÔNG NGUYỄN VĂN LINH GIA LAI
714,banra,1,8636364.00,2024-06-25 17:00:00,CÔNG TY TNHH MỘT THÀNH VIÊN HUY VŨ,CÔNG TY TNHH NHẤT LÊ GIA LAI
713,banra,1,118182.00,2024-06-24 17:00:00,CÔNG TY TNHH MỘT THÀNH VIÊN HUY VŨ,CHI NHÁNH CÔNG TY TNHH LOTTERIA VIỆT NAM TẠI TỈNH GIA LAI
712,banra,1,263636.00,2024-06-24 17:00:00,CÔNG TY TNHH MỘT THÀNH VIÊN HUY VŨ,CÔNG TY TNHH THƯƠNG MẠI VÀ XÂY LẮP ĐIỆN LỘC PHÁT GIA LAI
711,banra,1,5136364.00,2024-06-24 17:00:00,CÔNG TY TNHH MỘT THÀNH VIÊN HUY VŨ,CÔNG TY TNHH SAO VIỆT GIA LAI
710,banra,4,1200000.00,2024-06-24 17:00:00,CÔNG TY TNHH MỘT THÀNH VIÊN HUY VŨ,CÔNG TY TNHH NHẤT LÊ GIA LAI
709,banra,1,300000.00,2024-06-23 17:00:00,CÔNG TY TNHH MỘT THÀNH VIÊN HUY VŨ,CHI NHÁNH XĂNG DẦU QUÂN ĐỘI KHU VỰC TÂY NGUYÊN - CÔNG TY TNHH MỘT THÀNH VIÊN TỔNG CÔNG TY XĂNG DẦU QUÂN ĐỘI
708,banra,1,10000000.00,2024-06-23 17:00:00,CÔNG TY TNHH MỘT THÀNH VIÊN HUY VŨ,CÔNG TY TNHH THƯƠNG MẠI VÀ XÂY LẮP ĐIỆN LỘC PHÁT GIA LAI
707,banra,1,1754545.00,2024-06-23 17:00:00,CÔNG TY TNHH MỘT THÀNH VIÊN HUY VŨ,CÔNG TY CỔ PHẦN DU LỊCH GIA LAI
706,banra,1,1381818.00,2024-06-23 17:00:00,CÔNG TY TNHH MỘT THÀNH VIÊN HUY VŨ,CÔNG TY TNHH ÁNH HƯNG GIA LAI
705,banra,1,1318182.00,2024-06-23 17:00:00,CÔNG TY TNHH MỘT THÀNH VIÊN HUY VŨ,UỶ BAN NHÂN DÂN XÃ ĐĂK JƠ TA
83158,muavao,1,20000.00,2024-06-20 17:00:00,Ngân hàng TMCP Sài Gòn Thương Tín - Chi nhánh Gia Lai,CONG TY TNHH MTV HUY VU
704,banra,1,1418182.00,2024-06-23 17:00:00,CÔNG TY TNHH MỘT THÀNH VIÊN HUY VŨ,CÔNG TY BẢO HIỂM BSH GIA LAI
703,banra,1,4690909.00,2024-06-22 17:00:00,CÔNG TY TNHH MỘT THÀNH VIÊN HUY VŨ,TIỂU ĐOÀN 24 - SƯ ĐOÀN 320
702,banra,1,4636364.00,2024-06-22 17:00:00,CÔNG TY TNHH MỘT THÀNH VIÊN HUY VŨ,HỘ KINH DOANH HÀ HỮU LỰC
701,banra,1,2546296.00,2024-06-21 17:00:00,CÔNG TY TNHH MỘT THÀNH VIÊN HUY VŨ,CÔNG TY TNHH MTV Ô TÔ TRƯỜNG HẢI GIA LAI
700,banra,1,3163636.00,2024-06-21 17:00:00,CÔNG TY TNHH MỘT THÀNH VIÊN HUY VŨ,CÔNG TY TNHH DỊCH VỤ BẢO VỆ AN NINH NHÂN VIỆT TC
699,banra,1,809091.00,2024-06-20 17:00:00,CÔNG TY TNHH MỘT THÀNH VIÊN HUY VŨ,CÔNG TY TNHH MỘT THÀNH VIÊN CHÂU KIỂM
698,banra,1,14345455.00,2024-06-20 17:00:00,CÔNG TY TNHH MỘT THÀNH VIÊN HUY VŨ,CÔNG TY TNHH ĐIỆN XEKAMAN 1
697,banra,1,6727274.00,2024-06-20 17:00:00,CÔNG TY TNHH MỘT THÀNH VIÊN HUY VŨ,MÁY VĂN PHÒNG PHƯƠNG NAM
696,banra,1,136364.00,2024-06-19 17:00:00,CÔNG TY TNHH MỘT THÀNH VIÊN HUY VŨ,BỆNH VIỆN Y DƯỢC CỔ TRUYỀN & PHCN  GIA LAI
695,banra,1,833333.00,2024-06-19 17:00:00,CÔNG TY TNHH MỘT THÀNH VIÊN HUY VŨ,CÔNG TY TNHH SMART SP VIỆT NAM
694,banra,1,2454546.00,2024-06-19 17:00:00,CÔNG TY TNHH MỘT THÀNH VIÊN HUY VŨ,CÔNG TY CỔ PHẦN QUANG MINH PHÁT - GIA LAI
693,banra,1,1409091.00,2024-06-19 17:00:00,CÔNG TY TNHH MỘT THÀNH VIÊN HUY VŨ,CÔNG TY TNHH MTV LÂM NGHIỆP KONG H'DE
692,banra,1,14754545.00,2024-06-19 17:00:00,CÔNG TY TNHH MỘT THÀNH VIÊN HUY VŨ,CÔNG TY TNHH MTV XÂY DỰNG BẢO MINH GIA LAI
691,banra,1,16081818.00,2024-06-19 17:00:00,CÔNG TY TNHH MỘT THÀNH VIÊN HUY VŨ,CÔNG TY CỔ PHẦN NGUYÊN TRỌNG GIA LAI
690,banra,1,17727273.00,2024-06-18 17:00:00,CÔNG TY TNHH MỘT THÀNH VIÊN HUY VŨ,CÔNG TY CỔ PHẦN NGUYÊN TRỌNG GIA LAI
689,banra,1,318182.00,2024-06-18 17:00:00,CÔNG TY TNHH MỘT THÀNH VIÊN HUY VŨ,UBND  PHƯỜNG HỘI THƯƠNG
687,banra,1,290909.00,2024-06-18 17:00:00,CÔNG TY TNHH MỘT THÀNH VIÊN HUY VŨ,CỤC THỐNG KÊ TỈNH GIA LAI
686,banra,1,1342593.00,2024-06-17 17:00:00,CÔNG TY TNHH MỘT THÀNH VIÊN HUY VŨ,HỘ KINH DOANH DĂM SAN
685,banra,1,8990909.00,2024-06-17 17:00:00,CÔNG TY TNHH MỘT THÀNH VIÊN HUY VŨ,HỘ KINH DOANH DĂM SAN
684,banra,1,14245455.00,2024-06-17 17:00:00,CÔNG TY TNHH MỘT THÀNH VIÊN HUY VŨ,NGÂN HÀNG THƯƠNG MẠI CỔ PHẦN ĐẦU TƯ VÀ PHÁT TRIỂN VIỆT NAM - CHI NHÁNH NAM GIA LAI
683,banra,1,1318182.00,2024-06-17 17:00:00,CÔNG TY TNHH MỘT THÀNH VIÊN HUY VŨ,CÔNG TY CỔ PHẦN BỆNH VIỆN ĐẠI HỌC Y DƯỢC - HOÀNG ANH GIA LAI
682,banra,1,818182.00,2024-06-16 17:00:00,CÔNG TY TNHH MỘT THÀNH VIÊN HUY VŨ,CÔNG TY TNHH TƯ VẤN XÂY DỰNG PHÚ VIỆT
681,banra,1,136364.00,2024-06-16 17:00:00,CÔNG TY TNHH MỘT THÀNH VIÊN HUY VŨ,CÔNG TY TNHH MỘT THÀNH VIÊN PHƯƠNG GIANG GIA LAI
680,banra,1,390909.00,2024-06-16 17:00:00,CÔNG TY TNHH MỘT THÀNH VIÊN HUY VŨ,PHÒNG CHÍNH TRỊ - BỘ THAM MƯU - QUÂN ĐOÀN 3
679,banra,1,3000000.00,2024-06-16 17:00:00,CÔNG TY TNHH MỘT THÀNH VIÊN HUY VŨ,CÔNG TY CỔ PHẦN THỂ THAO LPBANK HOÀNG ANH GIA LAI
678,banra,1,9000000.00,2024-06-16 17:00:00,CÔNG TY TNHH MỘT THÀNH VIÊN HUY VŨ,CÔNG TY TNHH MỘT THÀNH VIÊN TỔNG CÔNG TY 15 - CHI NHÁNH 710
677,banra,1,250000.00,2024-06-16 17:00:00,CÔNG TY TNHH MỘT THÀNH VIÊN HUY VŨ,VIỄN THÔNG GIA LAI - TẬP ĐOÀN BƯU CHÍNH VIỄN THÔNG VIỆT NAM
676,banra,1,1627273.00,2024-06-14 17:00:00,CÔNG TY TNHH MỘT THÀNH VIÊN HUY VŨ,ĐÀI PHÁT THANH -TRUYỀN HÌNH GIA LAI
675,banra,1,11445455.00,2024-06-14 17:00:00,CÔNG TY TNHH MỘT THÀNH VIÊN HUY VŨ,CÔNG TY TRÁCH NHIỆM HỮU HẠN TƯ VẤN THIẾT KẾ VÀ XÂY DỰNG GIA PHÚ HUY
674,banra,1,1136364.00,2024-06-13 17:00:00,CÔNG TY TNHH MỘT THÀNH VIÊN HUY VŨ,CÔNG TY TNHH BÁCH CÁT NGUYÊN
673,banra,1,4681818.00,2024-06-13 17:00:00,CÔNG TY TNHH MỘT THÀNH VIÊN HUY VŨ,CÔNG TY TRÁCH NHIỆM HỮU HẠN MỘT THÀNH VIÊN HÙNG TUYẾN GIA LAI
672,banra,1,1090909.00,2024-06-13 17:00:00,CÔNG TY TNHH MỘT THÀNH VIÊN HUY VŨ,CÔNG TY TNHH AN PHÚ TÂY NGUYÊN
671,banra,1,709091.00,2024-06-13 17:00:00,CÔNG TY TNHH MỘT THÀNH VIÊN HUY VŨ,CÔNG TY TNHH MỘT THÀNH VIÊN NGỌC SÊ
670,banra,1,19954545.00,2024-06-13 17:00:00,CÔNG TY TNHH MỘT THÀNH VIÊN HUY VŨ,CÔNG TY CỔ PHẦN HOÀNG ANH GIA LAI
669,banra,1,136364.00,2024-06-13 17:00:00,CÔNG TY TNHH MỘT THÀNH VIÊN HUY VŨ,CÔNG TY TNHH PHÁT TRIỂN GIÁO DỤC THẮNG AN
668,banra,1,118182.00,2024-06-13 17:00:00,CÔNG TY TNHH MỘT THÀNH VIÊN HUY VŨ,CÔNG TY TRÁCH NHIỆM HỮU HẠN MỘT THÀNH VIÊN TRIỆU HẢI GIA LAI
667,banra,1,727273.00,2024-06-13 17:00:00,CÔNG TY TNHH MỘT THÀNH VIÊN HUY VŨ,CHI NHÁNH CÔNG TY CỔ PHẦN XĂNG DẦU DẦU KHÍ PVOIL MIỀN TRUNG TẠI GIA LAI
666,banra,1,1200000.00,2024-06-13 17:00:00,CÔNG TY TNHH MỘT THÀNH VIÊN HUY VŨ,CHI NHÁNH CÔNG TY CỔ PHẦN XĂNG DẦU DẦU KHÍ PVOIL MIỀN TRUNG TẠI GIA LAI
665,banra,1,2190000.00,2024-06-12 17:00:00,CÔNG TY TNHH MỘT THÀNH VIÊN HUY VŨ,HỘI CỰU CÔNG AN NHÂN DÂN TỈNH GIA LAI
664,banra,1,17854545.00,2024-06-12 17:00:00,CÔNG TY TNHH MỘT THÀNH VIÊN HUY VŨ,HỘI CỰU CÔNG AN NHÂN DÂN TỈNH GIA LAI
663,banra,1,3590909.00,2024-06-12 17:00:00,CÔNG TY TNHH MỘT THÀNH VIÊN HUY VŨ,CÔNG TY TRÁCH NHIỆM HỮU HẠN MỘT THÀNH VIÊN XĂNG DẦU BẮC TÂY NGUYÊN
662,banra,1,7450000.00,2024-06-12 17:00:00,CÔNG TY TNHH MỘT THÀNH VIÊN HUY VŨ,CÔNG TY CỔ PHẦN TRƯỜNG PHỔ THÔNG NGUYỄN VĂN LINH GIA LAI
661,banra,1,115909091.00,2024-06-11 17:00:00,CÔNG TY TNHH MỘT THÀNH VIÊN HUY VŨ,CÔNG TY TNHH ĐIỆN TỬ TIN HỌC KIM PHÁT
660,banra,1,3990909.00,2024-06-11 17:00:00,CÔNG TY TNHH MỘT THÀNH VIÊN HUY VŨ,CÔNG TY TNHH PHÁT TRIỂN CÔNG NGHỆ VIDANA
659,banra,1,3327273.00,2024-06-11 17:00:00,CÔNG TY TNHH MỘT THÀNH VIÊN HUY VŨ,Đồn Biên Phòng Ia lốp
658,banra,1,18136364.00,2024-06-11 17:00:00,CÔNG TY TNHH MỘT THÀNH VIÊN HUY VŨ,Trung tâm KĐĐD T265
657,banra,1,863636.00,2024-06-10 17:00:00,CÔNG TY TNHH MỘT THÀNH VIÊN HUY VŨ,ĐẢNG UỶ XÃ IA DÊR
656,banra,1,1954545.00,2024-06-09 17:00:00,CÔNG TY TNHH MỘT THÀNH VIÊN HUY VŨ,CÔNG TY TNHH THƯƠNG MẠI VÀ XÂY LẮP ĐIỆN LỘC PHÁT GIA LAI
655,banra,1,236364.00,2024-06-09 17:00:00,CÔNG TY TNHH MỘT THÀNH VIÊN HUY VŨ,CÔNG TY TNHH GIÁO DỤC QUỐC TẾ VUS
654,banra,1,709091.00,2024-06-09 17:00:00,CÔNG TY TNHH MỘT THÀNH VIÊN HUY VŨ,CỤM 2287 - BTM - QUÂN KHU 5
653,banra,1,1772727.00,2024-06-09 17:00:00,CÔNG TY TNHH MỘT THÀNH VIÊN HUY VŨ,CÔNG TY CỔ PHẦN SẢN XUẤT - THƯƠNG MẠI MINH NGỌC
652,banra,1,772727.00,2024-06-09 17:00:00,CÔNG TY TNHH MỘT THÀNH VIÊN HUY VŨ,CÔNG TY CỔ PHẦN HOÀNG ANH GIA LAI
651,banra,1,900000.00,2024-06-09 17:00:00,CÔNG TY TNHH MỘT THÀNH VIÊN HUY VŨ,CÔNG TY TNHH MỘT THÀNH VIÊN BÌNH DƯƠNG
650,banra,1,18136364.00,2024-06-09 17:00:00,CÔNG TY TNHH MỘT THÀNH VIÊN HUY VŨ,CÔNG TY TRÁCH NHIỆM HỮU HẠN MỘT THÀNH VIÊN XĂNG DẦU BẮC TÂY NGUYÊN
649,banra,1,418182.00,2024-06-08 17:00:00,CÔNG TY TNHH MỘT THÀNH VIÊN HUY VŨ,CÔNG TY TNHH PHÁT TRIỂN DU LỊCH LA MIA
648,banra,1,9045455.00,2024-06-06 17:00:00,CÔNG TY TNHH MỘT THÀNH VIÊN HUY VŨ,TIỂU ĐOÀN 24 - SƯ ĐOÀN 320
647,banra,1,118182.00,2024-06-06 17:00:00,CÔNG TY TNHH MỘT THÀNH VIÊN HUY VŨ,CÔNG TY CỔ PHẦN THƯƠNG MẠI GIA LAI
646,banra,1,9090909.00,2024-06-06 17:00:00,CÔNG TY TNHH MỘT THÀNH VIÊN HUY VŨ,CÔNG TY CỔ PHẦN MAY GIA LAI
645,banra,1,209091.00,2024-06-06 17:00:00,CÔNG TY TNHH MỘT THÀNH VIÊN HUY VŨ,CÔNG TY CỔ PHẦN BOT VÀ BT ĐỨC LONG GIA LAI
644,banra,1,572728.00,2024-06-06 17:00:00,CÔNG TY TNHH MỘT THÀNH VIÊN HUY VŨ,CÔNG TY CỔ PHẦN QUANG MINH PHÁT - GIA LAI
643,banra,1,300000.00,2024-06-06 17:00:00,CÔNG TY TNHH MỘT THÀNH VIÊN HUY VŨ,UỶ BAN NHÂN DÂN XÃ ĐĂK DJRĂNG
642,banra,1,32727273.00,2024-06-06 17:00:00,CÔNG TY TNHH MỘT THÀNH VIÊN HUY VŨ,TRUNG ĐOÀN BỘ BINH B991
641,banra,1,272728.00,2024-06-06 17:00:00,CÔNG TY TNHH MỘT THÀNH VIÊN HUY VŨ,CÔNG TY TNHH THƯƠNG MẠI DƯỢC PHẨM NGHINH PHONG
640,banra,1,8636364.00,2024-06-04 17:00:00,CÔNG TY TNHH MỘT THÀNH VIÊN HUY VŨ,BỘ CHỈ HUY BỘ ĐỘI BIÊN PHÒNG TỈNH GIA LAI
639,banra,1,2345455.00,2024-06-03 17:00:00,CÔNG TY TNHH MỘT THÀNH VIÊN HUY VŨ,CÔNG TY TNHH MỘT THÀNH VIÊN THƯƠNG MẠI HÒA TRANG
638,banra,1,13990909.00,2024-06-03 17:00:00,CÔNG TY TNHH MỘT THÀNH VIÊN HUY VŨ,CÔNG TY TNHH MỘT THÀNH VIÊN THIẾT KẾ XÂY DỰNG KIẾN XANH GIA LAI
637,banra,1,3954545.00,2024-06-03 17:00:00,CÔNG TY TNHH MỘT THÀNH VIÊN HUY VŨ,UỶ BAN NHÂN DÂN XÃ ĐĂK JƠ TA
636,banra,1,263636.00,2024-06-02 17:00:00,CÔNG TY TNHH MỘT THÀNH VIÊN HUY VŨ,PHÂN HIỆU TRƯỜNG ĐẠI HỌC LÂM NGHIỆP TẠI TỈNH GIA LAI
635,banra,1,175926.00,2024-06-02 17:00:00,CÔNG TY TNHH MỘT THÀNH VIÊN HUY VŨ,PHÂN HIỆU TRƯỜNG ĐẠI HỌC LÂM NGHIỆP TẠI TỈNH GIA LAI
634,banra,1,9709091.00,2024-06-02 17:00:00,CÔNG TY TNHH MỘT THÀNH VIÊN HUY VŨ,CÔNG TY CP ĐẦU TƯ VÀ XÂY DỰNG HDC GIA LAI
633,banra,1,1000000.00,2024-05-31 17:00:00,CÔNG TY TNHH MỘT THÀNH VIÊN HUY VŨ,CÔNG TY TNHH NÔNG NGHIỆP NHÀ BÈ
919,banra,1,76136364.00,2024-07-30 17:00:00,CÔNG TY TNHH MỘT THÀNH VIÊN HUY VŨ,CÔNG TY TNHH ĐẦU TƯ VÀ THƯƠNG MẠI PHÚ LỘC THỊNH
918,banra,1,17045455.00,2024-07-30 17:00:00,CÔNG TY TNHH MỘT THÀNH VIÊN HUY VŨ,CÔNG TY CỔ PHẦN AN THỊNH PHÁT GIA LAI
917,banra,1,16763636.00,2024-07-30 17:00:00,CÔNG TY TNHH MỘT THÀNH VIÊN HUY VŨ,CÔNG TY TNHH MTV PHƯƠNG VINH PHÁT  GIA LAI
916,banra,1,16654545.00,2024-07-30 17:00:00,CÔNG TY TNHH MỘT THÀNH VIÊN HUY VŨ,CÔNG TY TNHH MTV PHƯƠNG VINH PHÁT  GIA LAI
915,banra,1,17927273.00,2024-07-30 17:00:00,CÔNG TY TNHH MỘT THÀNH VIÊN HUY VŨ,CÔNG TY CỔ PHẦN AN THỊNH PHÁT GIA LAI
914,banra,1,147363640.00,2024-07-30 17:00:00,CÔNG TY TNHH MỘT THÀNH VIÊN HUY VŨ,CÔNG TY TNHH MỘT THÀNH VIÊN ĐIỆN TỬ TIN HỌC NGUYỄN DƯƠNG
913,banra,1,90818182.00,2024-07-30 17:00:00,CÔNG TY TNHH MỘT THÀNH VIÊN HUY VŨ,CÔNG TY CỔ PHẦN DU LỊCH ĐỨC PHÚ GIA
912,banra,1,97181818.00,2024-07-30 17:00:00,CÔNG TY TNHH MỘT THÀNH VIÊN HUY VŨ,CÔNG TY CỔ PHẦN FIDITOUR
35726531,muavao,1,7000000.00,2024-06-19 17:00:00,NGÂN HÀNG TMCP Á CHÂU,CTY TNHH MTV HUY VU
911,banra,1,94818182.00,2024-07-30 17:00:00,CÔNG TY TNHH MỘT THÀNH VIÊN HUY VŨ,CÔNG TY TNHH THƯƠNG MẠI & DỊCH VỤ HÀ VŨ
910,banra,1,310000.00,2024-07-30 17:00:00,CÔNG TY TNHH MỘT THÀNH VIÊN HUY VŨ,CỬA HÀNG MÁY VĂN PHÒNG HBT
909,banra,1,3636364.00,2024-07-30 17:00:00,CÔNG TY TNHH MỘT THÀNH VIÊN HUY VŨ,PHÒNG PA03 CÔNG AN TỈNH GIA LAI
908,banra,1,9045455.00,2024-07-30 17:00:00,CÔNG TY TNHH MỘT THÀNH VIÊN HUY VŨ,BỘ CHỈ HUY BỘ ĐỘI BIÊN PHÒNG TỈNH GIA LAI
907,banra,1,1818182.00,2024-07-30 17:00:00,CÔNG TY TNHH MỘT THÀNH VIÊN HUY VŨ,PHÒNG PA03 CÔNG AN TỈNH GIA LAI
906,banra,1,87181818.00,2024-07-30 17:00:00,CÔNG TY TNHH MỘT THÀNH VIÊN HUY VŨ,CÔNG TY CỔ PHẦN THƯƠNG MẠI DỊCH VỤ TIN HỌC ABC
905,banra,1,18090909.00,2024-07-30 17:00:00,CÔNG TY TNHH MỘT THÀNH VIÊN HUY VŨ,CÔNG TY CỔ PHẦN TƯ VẤN XÂY DỰNG GIAO THÔNG AN BÌNH
904,banra,1,20818182.00,2024-07-30 17:00:00,CÔNG TY TNHH MỘT THÀNH VIÊN HUY VŨ,CÔNG TY TNHH ĐIỆN TỬ TIN HỌC KIM PHÁT
903,banra,1,182863636.00,2024-07-30 17:00:00,CÔNG TY TNHH MỘT THÀNH VIÊN HUY VŨ,CÔNG TY TNHH MỘT THÀNH VIÊN ĐIỆN TỬ TIN HỌC NGUYỄN DƯƠNG
902,banra,1,672727.00,2024-07-30 17:00:00,CÔNG TY TNHH MỘT THÀNH VIÊN HUY VŨ,CÔNG TY TNHH DỊCH VỤ BẢO VỆ AN NINH NHÂN VIỆT TC
901,banra,1,21445455.00,2024-07-30 17:00:00,CÔNG TY TNHH MỘT THÀNH VIÊN HUY VŨ,CÔNG TY TRÁCH NHIỆM HỮU HẠN THÀNH KHẢI GIA LAI
900,banra,1,60681818.00,2024-07-30 17:00:00,CÔNG TY TNHH MỘT THÀNH VIÊN HUY VŨ,CÔNG TY TNHH ĐIỆN TỬ TIN HỌC KIM PHÁT
899,banra,1,97727273.00,2024-07-30 17:00:00,CÔNG TY TNHH MỘT THÀNH VIÊN HUY VŨ,CÔNG TY TNHH MỘT THÀNH VIÊN SẢN XUẤT THƯƠNG MẠI THÀNH ĐẠT RẠCH GIÁ
898,banra,1,1681818.00,2024-07-30 17:00:00,CÔNG TY TNHH MỘT THÀNH VIÊN HUY VŨ,CÔNG TY TNHH MTV LÂM NGHIỆP KONG H'DE
897,banra,1,181818.00,2024-07-30 17:00:00,CÔNG TY TNHH MỘT THÀNH VIÊN HUY VŨ,CÔNG TY CỔ PHẦN ĐẦU TƯ Ô TÔ HẢI ÂU
147473,muavao,1,19000.00,2024-10-22 17:00:00,Ngân hàng TMCP Sài Gòn Thương Tín - Chi nhánh Gia Lai,CONG TY TNHH MTV HUY VU
896,banra,1,7727273.00,2024-07-30 17:00:00,CÔNG TY TNHH MỘT THÀNH VIÊN HUY VŨ,ỦY BAN NHÂN DÂN XÃ IA PIƠR
895,banra,1,400000.00,2024-07-30 17:00:00,CÔNG TY TNHH MỘT THÀNH VIÊN HUY VŨ,CÔNG TY CỔ PHẦN XÂY DỰNG VÀ VẬN TẢI GIA LAI
894,banra,1,89545455.00,2024-07-29 17:00:00,CÔNG TY TNHH MỘT THÀNH VIÊN HUY VŨ,CÔNG TY TNHH MTV CÔNG NGHỆ TIN HỌC THÀNH CÔNG
893,banra,1,32954546.00,2024-07-29 17:00:00,CÔNG TY TNHH MỘT THÀNH VIÊN HUY VŨ,CÔNG TY TNHH ĐIỆN TỬ TIN HỌC KIM PHÁT
892,banra,1,265909091.00,2024-07-29 17:00:00,CÔNG TY TNHH MỘT THÀNH VIÊN HUY VŨ,CÔNG TY TNHH THƯƠNG MẠI & DỊCH VỤ HÀ VŨ
891,banra,1,10009091.00,2024-07-29 17:00:00,CÔNG TY TNHH MỘT THÀNH VIÊN HUY VŨ,MÁY VĂN PHÒNG PHƯƠNG NAM
890,banra,1,9954545.00,2024-07-29 17:00:00,CÔNG TY TNHH MỘT THÀNH VIÊN HUY VŨ,CÔNG TY TNHH LƯƠNG THỰC THỰC PHẨM ÁNH HỒNG
889,banra,1,4354545.00,2024-07-29 17:00:00,CÔNG TY TNHH MỘT THÀNH VIÊN HUY VŨ,CÔNG TY TRÁCH NHIỆM HỮU HẠN MỘT THÀNH VIÊN XĂNG DẦU BẮC TÂY NGUYÊN
888,banra,1,1050000.00,2024-07-29 17:00:00,CÔNG TY TNHH MỘT THÀNH VIÊN HUY VŨ,CÔNG TY TNHH TRẦN GIA F&B
887,banra,1,490909.00,2024-07-29 17:00:00,CÔNG TY TNHH MỘT THÀNH VIÊN HUY VŨ,BỆNH VIỆN ĐA KHOA TỈNH GIA LAI
886,banra,1,3809091.00,2024-07-29 17:00:00,CÔNG TY TNHH MỘT THÀNH VIÊN HUY VŨ,BỆNH VIỆN ĐA KHOA TỈNH GIA LAI
885,banra,1,2727273.00,2024-07-29 17:00:00,CÔNG TY TNHH MỘT THÀNH VIÊN HUY VŨ,LỮ ĐOÀN 132 - BINH CHỦNG THÔNG TIN LIÊN LẠC
884,banra,1,454546.00,2024-07-29 17:00:00,CÔNG TY TNHH MỘT THÀNH VIÊN HUY VŨ,CÔNG TY TNHH SAO VIỆT GIA LAI
883,banra,1,3490741.00,2024-07-29 17:00:00,CÔNG TY TNHH MỘT THÀNH VIÊN HUY VŨ,CÔNG TY TNHH SAO VIỆT GIA LAI
882,banra,1,400000.00,2024-07-29 17:00:00,CÔNG TY TNHH MỘT THÀNH VIÊN HUY VŨ,CÔNG TY TNHH GIÁO DỤC QUỐC TẾ VUS
1070,banra,1,11363636.00,2024-08-30 17:00:00,CÔNG TY TNHH MỘT THÀNH VIÊN HUY VŨ,
881,banra,1,6772727.00,2024-07-28 17:00:00,CÔNG TY TNHH MỘT THÀNH VIÊN HUY VŨ,CÔNG TY TNHH CÔNG NGHỆ TIN HỌC PHI LONG
880,banra,1,909091.00,2024-07-28 17:00:00,CÔNG TY TNHH MỘT THÀNH VIÊN HUY VŨ,CÔNG TY TNHH MỘT THÀNH VIÊN T.K TECHNOLOGY GIA LAI
879,banra,1,12345455.00,2024-07-28 17:00:00,CÔNG TY TNHH MỘT THÀNH VIÊN HUY VŨ,CÔNG TY TNHH VĨNH TÍN
878,banra,1,9081818.00,2024-07-28 17:00:00,CÔNG TY TNHH MỘT THÀNH VIÊN HUY VŨ,LỮ ĐOÀN 132 - BINH CHỦNG THÔNG TIN LIÊN LẠC
877,banra,1,2954545.00,2024-07-28 17:00:00,CÔNG TY TNHH MỘT THÀNH VIÊN HUY VŨ,CÔNG TY TNHH XÂY DỰNG CÔNG NÔNG NGHIỆP THADICO
876,banra,1,10909091.00,2024-07-28 17:00:00,CÔNG TY TNHH MỘT THÀNH VIÊN HUY VŨ,LỮ ĐOÀN 132 - BINH CHỦNG THÔNG TIN LIÊN LẠC
875,banra,1,14263636.00,2024-07-28 17:00:00,CÔNG TY TNHH MỘT THÀNH VIÊN HUY VŨ,CÔNG TY CỔ PHẦN GIÁO DỤC ĐỨC BẢN
874,banra,1,17272727.00,2024-07-26 17:00:00,CÔNG TY TNHH MỘT THÀNH VIÊN HUY VŨ,CÔNG TY TNHH TƯ VẤN XÂY DỰNG TIẾN MINH
873,banra,1,10909091.00,2024-07-26 17:00:00,CÔNG TY TNHH MỘT THÀNH VIÊN HUY VŨ,CHƯ  SÊ  COMPUTER
872,banra,1,3227273.00,2024-07-26 17:00:00,CÔNG TY TNHH MỘT THÀNH VIÊN HUY VŨ,CÔNG TY TNHH MỘT THÀNH VIÊN GLADO THÀNH DƯƠNG
871,banra,1,581818.00,2024-07-26 17:00:00,CÔNG TY TNHH MỘT THÀNH VIÊN HUY VŨ,BAN QUẢN LÝ RỪNG PHÒNG HỘ HÀ RA
870,banra,1,15163636.00,2024-07-26 17:00:00,CÔNG TY TNHH MỘT THÀNH VIÊN HUY VŨ,CÔNG TY TRÁCH NHIỆM HỮU HẠN MỘT THÀNH VIÊN XĂNG DẦU BẮC TÂY NGUYÊN
869,banra,1,2727273.00,2024-07-26 17:00:00,CÔNG TY TNHH MỘT THÀNH VIÊN HUY VŨ,LỮ ĐOÀN 132 - BINH CHỦNG THÔNG TIN LIÊN LẠC
868,banra,1,5045455.00,2024-07-26 17:00:00,CÔNG TY TNHH MỘT THÀNH VIÊN HUY VŨ,BAN QUẢN LÝ RỪNG PHÒNG HỘ ĐỨC CƠ
867,banra,1,5763636.00,2024-07-25 17:00:00,CÔNG TY TNHH MỘT THÀNH VIÊN HUY VŨ,CÔNG TY TRÁCH NHIỆM HỮU HẠN MỘT THÀNH VIÊN XĂNG DẦU BẮC TÂY NGUYÊN
866,banra,1,409091.00,2024-07-25 17:00:00,CÔNG TY TNHH MỘT THÀNH VIÊN HUY VŨ,CÔNG TY TNHH THƯƠNG MẠI DƯỢC PHẨM NGHINH PHONG
865,banra,1,81818.00,2024-07-25 17:00:00,CÔNG TY TNHH MỘT THÀNH VIÊN HUY VŨ,CÔNG TY TNHH XÂY DỰNG CÔNG NÔNG NGHIỆP THADICO
864,banra,1,2309091.00,2024-07-24 17:00:00,CÔNG TY TNHH MỘT THÀNH VIÊN HUY VŨ,CÔNG TY TNHH SAO VIỆT GIA LAI
863,banra,1,530000.00,2024-07-24 17:00:00,CÔNG TY TNHH MỘT THÀNH VIÊN HUY VŨ,CÔNG TY CỔ PHẦN THỦY ĐIỆN HOÀNG ANH TÔNA
862,banra,1,1181818.00,2024-07-24 17:00:00,CÔNG TY TNHH MỘT THÀNH VIÊN HUY VŨ,UBND XÃ HÀ ĐÔNG
861,banra,1,318182.00,2024-07-24 17:00:00,CÔNG TY TNHH MỘT THÀNH VIÊN HUY VŨ,CÔNG TY TNHH THỜI TRANG ELISE
860,banra,1,15454545.00,2024-07-24 17:00:00,CÔNG TY TNHH MỘT THÀNH VIÊN HUY VŨ,CÔNG TY TNHH MỘT THÀNH VIÊN THỊNH THÀNH
859,banra,1,11927273.00,2024-07-24 17:00:00,CÔNG TY TNHH MỘT THÀNH VIÊN HUY VŨ,CÔNG TY TNHH NHÔM KÍNH HÀ TIÊN GL
858,banra,1,3090909.00,2024-07-24 17:00:00,CÔNG TY TNHH MỘT THÀNH VIÊN HUY VŨ,HOÀNG THỊ HỒNG MINH - CỬA HÀNG THƯƠNG MẠI VÀ DỊCH VỤ THIẾT BỊ VĂN PHÒNG MINH PHÁT
857,banra,1,500000.00,2024-07-24 17:00:00,CÔNG TY TNHH MỘT THÀNH VIÊN HUY VŨ,CÔNG TY TNHH MỘT THÀNH VIÊN CÂY ĂN TRÁI THAGRICO CAO NGUYÊN
856,banra,1,2327273.00,2024-07-24 17:00:00,CÔNG TY TNHH MỘT THÀNH VIÊN HUY VŨ,HỘ KINH DOANH PHAN VĂN MINH
855,banra,1,18090909.00,2024-07-23 17:00:00,CÔNG TY TNHH MỘT THÀNH VIÊN HUY VŨ,CÔNG TY TNHH MỘT THÀNH VIÊN PHƯƠNG GIANG GIA LAI
854,banra,1,790000.00,2024-07-23 17:00:00,CÔNG TY TNHH MỘT THÀNH VIÊN HUY VŨ,CỬA HÀNG MÁY VĂN PHÒNG HBT
853,banra,1,436364.00,2024-07-23 17:00:00,CÔNG TY TNHH MỘT THÀNH VIÊN HUY VŨ,CÔNG TY TNHH GIÁO DỤC QUỐC TẾ VUS
852,banra,1,3009091.00,2024-07-22 17:00:00,CÔNG TY TNHH MỘT THÀNH VIÊN HUY VŨ,CÔNG TY TNHH TIN HỌC QUANG ANH GL
851,banra,1,3990909.00,2024-07-22 17:00:00,CÔNG TY TNHH MỘT THÀNH VIÊN HUY VŨ,CÔNG TY TNHH MỘT THÀNH VIÊN THƯƠNG MẠI HÀ TIÊN GIA LAI
1069,banra,1,11363636.00,2024-08-30 17:00:00,CÔNG TY TNHH MỘT THÀNH VIÊN HUY VŨ,
850,banra,1,772727.00,2024-07-22 17:00:00,CÔNG TY TNHH MỘT THÀNH VIÊN HUY VŨ,CÔNG TY TRÁCH NHIỆM HỮU HẠN THƯƠNG MẠI DỊCH VỤ KỸ THUẬT VI TÍNH THUẬN PHÁT GIA LAI
849,banra,1,2909091.00,2024-07-22 17:00:00,CÔNG TY TNHH MỘT THÀNH VIÊN HUY VŨ,BAN QUẢN LÝ RỪNG PHÒNG HỘ BẮC AN KHÊ
848,banra,1,481818.00,2024-07-22 17:00:00,CÔNG TY TNHH MỘT THÀNH VIÊN HUY VŨ,Công Ty TNHH MTV PTNN Đại Thắng ( MST : 838051843-900 )
847,banra,1,354546.00,2024-07-22 17:00:00,CÔNG TY TNHH MỘT THÀNH VIÊN HUY VŨ,BINH ĐOÀN 15
846,banra,1,6072728.00,2024-07-22 17:00:00,CÔNG TY TNHH MỘT THÀNH VIÊN HUY VŨ,CÔNG TY TRÁCH NHIỆM HỮU HẠN THỦY ĐIỆN TÂY NGUYÊN
845,banra,1,900000.00,2024-07-22 17:00:00,CÔNG TY TNHH MỘT THÀNH VIÊN HUY VŨ,XÍ NGHIỆP KHẢO SÁT THIẾT KẾ - CHI NHÁNH TỔNG CÔNG TY 15
844,banra,1,663636.00,2024-07-22 17:00:00,CÔNG TY TNHH MỘT THÀNH VIÊN HUY VŨ,CÔNG TY CỔ PHẦN CÀ PHÊ GIA LAI
843,banra,1,863636.00,2024-07-22 17:00:00,CÔNG TY TNHH MỘT THÀNH VIÊN HUY VŨ,CÔNG TY TNHH MTV LÂM NGHIỆP KONG H'DE
842,banra,1,14386364.00,2024-07-21 17:00:00,CÔNG TY TNHH MỘT THÀNH VIÊN HUY VŨ,HỘ KINH DOANH ĐẠI PHÚ
841,banra,1,354545.00,2024-07-21 17:00:00,CÔNG TY TNHH MỘT THÀNH VIÊN HUY VŨ,CÔNG TY TNHH MỘT THÀNH VIÊN ĐỨC HẢI
840,banra,1,19954545.00,2024-07-21 17:00:00,CÔNG TY TNHH MỘT THÀNH VIÊN HUY VŨ,CÔNG TY TNHH ĐIỆN TỬ TIN HỌC KIM PHÁT
839,banra,1,330000.00,2024-07-21 17:00:00,CÔNG TY TNHH MỘT THÀNH VIÊN HUY VŨ,TRUNG TÂM DỊCH VỤ SỬA CHỮA EVN - CHI NHÁNH TẬP ĐOÀN ĐIỆN LỰC VIỆT NAM
838,banra,1,21372727.00,2024-07-21 17:00:00,CÔNG TY TNHH MỘT THÀNH VIÊN HUY VŨ,TRUNG TÂM DỊCH VỤ SỬA CHỮA EVN - CHI NHÁNH TẬP ĐOÀN ĐIỆN LỰC VIỆT NAM
837,banra,1,1436364.00,2024-07-20 17:00:00,CÔNG TY TNHH MỘT THÀNH VIÊN HUY VŨ,CÔNG TY TNHH MỘT THÀNH VIÊN T.K TECHNOLOGY GIA LAI
836,banra,1,2254545.00,2024-07-20 17:00:00,CÔNG TY TNHH MỘT THÀNH VIÊN HUY VŨ,KHO K896/CQK/TCKT
1068,banra,1,11363636.00,2024-08-30 17:00:00,CÔNG TY TNHH MỘT THÀNH VIÊN HUY VŨ,
835,banra,1,16363636.00,2024-07-19 17:00:00,CÔNG TY TNHH MỘT THÀNH VIÊN HUY VŨ,CÔNG TY TNHH TƯ VẤN XÂY DỰNG TIẾN MINH
834,banra,1,1205455.00,2024-07-19 17:00:00,CÔNG TY TNHH MỘT THÀNH VIÊN HUY VŨ,CÔNG TY TNHH MỘT THÀNH VIÊN PHÚ TOÀN TÂY NGUYÊN
833,banra,1,818182.00,2024-07-19 17:00:00,CÔNG TY TNHH MỘT THÀNH VIÊN HUY VŨ,CÔNG TY BẢO HIỂM BSH GIA LAI
832,banra,1,613636.00,2024-07-19 17:00:00,CÔNG TY TNHH MỘT THÀNH VIÊN HUY VŨ,CÔNG TY TNHH MỘT THÀNH VIÊN CAO SU CHƯMOMRAY
831,banra,1,16763636.00,2024-07-18 17:00:00,CÔNG TY TNHH MỘT THÀNH VIÊN HUY VŨ,CÔNG TY TRÁCH NHIỆM HỮU HẠN DŨNG TÂN THẮNG
830,banra,1,5490909.00,2024-07-18 17:00:00,CÔNG TY TNHH MỘT THÀNH VIÊN HUY VŨ,CÔNG TY TNHH MỘT THÀNH VIÊN KIẾN TRÚC XÂY DỰNG TDH
829,banra,1,4537037.00,2024-07-18 17:00:00,CÔNG TY TNHH MỘT THÀNH VIÊN HUY VŨ,CÔNG TY TNHH NHẤT HƯNG GIA LAI
828,banra,1,163636.00,2024-07-18 17:00:00,CÔNG TY TNHH MỘT THÀNH VIÊN HUY VŨ,CÔNG TY BẢO VIỆT GIA LAI
827,banra,1,8618182.00,2024-07-18 17:00:00,CÔNG TY TNHH MỘT THÀNH VIÊN HUY VŨ,CÔNG TY TNHH XUẤT NHẬP KHẨU VẬT TƯ THIẾT BỊ Y TẾ TRANG MINH HẠNH
826,banra,1,4363637.00,2024-07-18 17:00:00,CÔNG TY TNHH MỘT THÀNH VIÊN HUY VŨ,MÁY VĂN PHÒNG PHƯƠNG NAM
825,banra,1,8900000.00,2024-07-18 17:00:00,CÔNG TY TNHH MỘT THÀNH VIÊN HUY VŨ,CÔNG TY TRÁCH NHIỆM HỮU HẠN MỘT THÀNH VIÊN THIÊN THANH G.A
824,banra,1,527273.00,2024-07-18 17:00:00,CÔNG TY TNHH MỘT THÀNH VIÊN HUY VŨ,CÔNG TY CỔ PHẦN XÂY DỰNG 711
823,banra,1,1363636.00,2024-07-18 17:00:00,CÔNG TY TNHH MỘT THÀNH VIÊN HUY VŨ,ĐỒN BIÊN PHÒNG IA PNÔN
822,banra,1,2145455.00,2024-07-18 17:00:00,CÔNG TY TNHH MỘT THÀNH VIÊN HUY VŨ,NGÂN HÀNG THƯƠNG MẠI CỔ PHẦN BƯU ĐIỆN LIÊN VIỆT - CHI NHÁNH GIA LAI
821,banra,1,1636364.00,2024-07-18 17:00:00,CÔNG TY TNHH MỘT THÀNH VIÊN HUY VŨ,CÔNG TY TNHH MỘT THÀNH VIÊN CÂY ĂN TRÁI THAGRICO CAO NGUYÊN
820,banra,1,14863636.00,2024-07-18 17:00:00,CÔNG TY TNHH MỘT THÀNH VIÊN HUY VŨ,CÔNG TY TNHH VĨNH HIỆP
819,banra,1,327273.00,2024-07-18 17:00:00,CÔNG TY TNHH MỘT THÀNH VIÊN HUY VŨ,CÔNG TY CỔ PHẦN ĐẦU TƯ EMI
818,banra,1,1636364.00,2024-07-18 17:00:00,CÔNG TY TNHH MỘT THÀNH VIÊN HUY VŨ,UBND XÃ IA PHÍ
817,banra,1,1045455.00,2024-07-17 17:00:00,CÔNG TY TNHH MỘT THÀNH VIÊN HUY VŨ,KHO K896/CQK
816,banra,1,19954545.00,2024-07-17 17:00:00,CÔNG TY TNHH MỘT THÀNH VIÊN HUY VŨ,CÔNG TY TNHH ĐIỆN TỬ TIN HỌC KIM PHÁT
815,banra,1,600000.00,2024-07-17 17:00:00,CÔNG TY TNHH MỘT THÀNH VIÊN HUY VŨ,Công Ty TNHH MTV PTNN Đại Thắng ( 838051843-900 )
814,banra,1,13363636.00,2024-07-17 17:00:00,CÔNG TY TNHH MỘT THÀNH VIÊN HUY VŨ,TRUNG TÂM KINH DOANH VNPT - GIA LAI
813,banra,1,8154545.00,2024-07-16 17:00:00,CÔNG TY TNHH MỘT THÀNH VIÊN HUY VŨ,CÔNG TY TRÁCH NHIỆM HỮU HẠN MỘT THÀNH VIÊN HÙNG TUYẾN GIA LAI
812,banra,1,490909.00,2024-07-16 17:00:00,CÔNG TY TNHH MỘT THÀNH VIÊN HUY VŨ,TRUNG TÂM DẠY NGHỀ VÀ SÁT HẠCH LÁI XE - CHI NHÁNH CÔNG TY TNHH VẬN TẢI Ô TÔ TỈNH GIA LAI
811,banra,1,436364.00,2024-07-16 17:00:00,CÔNG TY TNHH MỘT THÀNH VIÊN HUY VŨ,CÔNG TY TNHH MỘT THÀNH VIÊN HẠNH NGUYÊN GIA LAI
810,banra,1,500000.00,2024-07-15 17:00:00,CÔNG TY TNHH MỘT THÀNH VIÊN HUY VŨ,CÔNG TY TNHH PHƯƠNG ANH THỊNH
809,banra,1,681818.00,2024-07-15 17:00:00,CÔNG TY TNHH MỘT THÀNH VIÊN HUY VŨ,HỘI ĐỒNG NHÂN DÂN PHƯỜNG HỘI THƯƠNG
808,banra,1,17754546.00,2024-07-15 17:00:00,CÔNG TY TNHH MỘT THÀNH VIÊN HUY VŨ,CHI NHÁNH MIỀN TRUNG - CÔNG TY TNHH MỘT THÀNH VIÊN TRẮC ĐỊA BẢN ĐỒ
807,banra,1,681818.00,2024-07-15 17:00:00,CÔNG TY TNHH MỘT THÀNH VIÊN HUY VŨ,UBND  PHƯỜNG HỘI THƯƠNG
806,banra,1,1754545.00,2024-07-14 17:00:00,CÔNG TY TNHH MỘT THÀNH VIÊN HUY VŨ,CÔNG TY TNHH MỘT THÀNH VIÊN SÔNG ĐÀ 10.1
805,banra,1,12309091.00,2024-07-14 17:00:00,CÔNG TY TNHH MỘT THÀNH VIÊN HUY VŨ,CÔNG TY CỔ PHẦN GIÁO DỤC AMERICAN STUDY - CHI NHÁNH SỐ 01
788,banra,1,4200000.00,2024-07-11 17:00:00,CÔNG TY TNHH MỘT THÀNH VIÊN HUY VŨ,CHI NHÁNH TỔNG CÔNG TY CÀ PHÊ VIỆT NAM - CÔNG TY CÀ PHÊ IA SAO I
804,banra,1,1287037.00,2024-07-14 17:00:00,CÔNG TY TNHH MỘT THÀNH VIÊN HUY VŨ,CÔNG TY CỔ PHẦN GIÁO DỤC AMERICAN STUDY - CHI NHÁNH SỐ 01
803,banra,1,800000.00,2024-07-14 17:00:00,CÔNG TY TNHH MỘT THÀNH VIÊN HUY VŨ,UỶ BAN NHÂN DÂN XÃ IA YOK
802,banra,1,4250000.00,2024-07-14 17:00:00,CÔNG TY TNHH MỘT THÀNH VIÊN HUY VŨ,VIETTEL GIA LAI – CHI NHÁNH TẬP ĐOÀN CÔNG NGHIỆP - VIỄN THÔNG QUÂN ĐỘI
801,banra,1,7354545.00,2024-07-14 17:00:00,CÔNG TY TNHH MỘT THÀNH VIÊN HUY VŨ,CÔNG TY TRÁCH NHIỆM HỮU HẠN MỘT THÀNH VIÊN CÀ PHÊ IA GRAI
800,banra,1,6818182.00,2024-07-14 17:00:00,CÔNG TY TNHH MỘT THÀNH VIÊN HUY VŨ,CÔNG TY TNHH MỘT THÀNH VIÊN TRẮC ĐỊA BẢN ĐỒ
799,banra,1,900000.00,2024-07-14 17:00:00,CÔNG TY TNHH MỘT THÀNH VIÊN HUY VŨ,CHI NHÁNH 716 THUỘC TỔNG CÔNG TY 15
798,banra,1,17436364.00,2024-07-14 17:00:00,CÔNG TY TNHH MỘT THÀNH VIÊN HUY VŨ,CHI NHÁNH 716 THUỘC TỔNG CÔNG TY 15
797,banra,1,7200000.00,2024-07-14 17:00:00,CÔNG TY TNHH MỘT THÀNH VIÊN HUY VŨ,PHÂN HIỆU TRƯỜNG ĐẠI HỌC LÂM NGHIỆP TẠI TỈNH GIA LAI
796,banra,1,8509091.00,2024-07-14 17:00:00,CÔNG TY TNHH MỘT THÀNH VIÊN HUY VŨ,THANH TRA HUYỆN MANG YANG
795,banra,1,590909.00,2024-07-14 17:00:00,CÔNG TY TNHH MỘT THÀNH VIÊN HUY VŨ,CHI NHÁNH CÔNG TY CP TM CHUYỂN PHÁT NHANH EPS
794,banra,1,2718182.00,2024-07-13 17:00:00,CÔNG TY TNHH MỘT THÀNH VIÊN HUY VŨ,CÔNG TY TNHH MTV XÂY DỰNG CÔNG THÀNH
793,banra,1,1190909.00,2024-07-13 17:00:00,CÔNG TY TNHH MỘT THÀNH VIÊN HUY VŨ,CÔNG TY TNHH MỘT THÀNH VIÊN LÊ ĐẠO GIA LAI
792,banra,1,17109091.00,2024-07-12 17:00:00,CÔNG TY TNHH MỘT THÀNH VIÊN HUY VŨ,CÔNG TY TNHH MỘT THÀNH VIÊN TƯ VẤN XÂY DỰNG HOÀNG UYÊN GIA LAI
791,banra,1,8763636.00,2024-07-11 17:00:00,CÔNG TY TNHH MỘT THÀNH VIÊN HUY VŨ,THANH TRA HUYỆN MANG YANG
790,banra,1,981818.00,2024-07-11 17:00:00,CÔNG TY TNHH MỘT THÀNH VIÊN HUY VŨ,CÔNG TY CỔ PHẦN MAY GIA LAI
789,banra,1,772728.00,2024-07-11 17:00:00,CÔNG TY TNHH MỘT THÀNH VIÊN HUY VŨ,Trung tâm KĐĐD T265
787,banra,1,3727273.00,2024-07-11 17:00:00,CÔNG TY TNHH MỘT THÀNH VIÊN HUY VŨ,CÔNG TY TRÁCH NHIỆM HỮU HẠN ITF GIA LAI
786,banra,1,13454545.00,2024-07-11 17:00:00,CÔNG TY TNHH MỘT THÀNH VIÊN HUY VŨ,CÔNG TY TNHH VĨNH TÍN
785,banra,1,3718182.00,2024-07-09 17:00:00,CÔNG TY TNHH MỘT THÀNH VIÊN HUY VŨ,CÔNG TY TRÁCH NHIỆM HỮU HẠN MỘT THÀNH VIÊN XĂNG DẦU BẮC TÂY NGUYÊN
784,banra,1,1136364.00,2024-07-09 17:00:00,CÔNG TY TNHH MỘT THÀNH VIÊN HUY VŨ,CÔNG TY TNHH XÂY DỰNG CÔNG NÔNG NGHIỆP THADICO
783,banra,1,863636.00,2024-07-09 17:00:00,CÔNG TY TNHH MỘT THÀNH VIÊN HUY VŨ,CÔNG TY TNHH XÂY DỰNG CÔNG NÔNG NGHIỆP THADICO
782,banra,1,4454545.00,2024-07-09 17:00:00,CÔNG TY TNHH MỘT THÀNH VIÊN HUY VŨ,CÔNG TY TNHH XÂY DỰNG CÔNG NÔNG NGHIỆP THADICO
781,banra,1,5090909.00,2024-07-09 17:00:00,CÔNG TY TNHH MỘT THÀNH VIÊN HUY VŨ,CÔNG TY TRÁCH NHIỆM HỮU HẠN MỘT THÀNH VIÊN THIÊN THANH G.A
780,banra,1,511363636.00,2024-07-08 17:00:00,CÔNG TY TNHH MỘT THÀNH VIÊN HUY VŨ,CÔNG TY TNHH ĐIỆN TỬ TIN HỌC KIM PHÁT
779,banra,1,9000000.00,2024-07-08 17:00:00,CÔNG TY TNHH MỘT THÀNH VIÊN HUY VŨ,LỮ ĐOÀN 132 - BINH CHỦNG THÔNG TIN LIÊN LẠC
778,banra,1,13363636.00,2024-07-08 17:00:00,CÔNG TY TNHH MỘT THÀNH VIÊN HUY VŨ,BỆNH VIỆN ĐA KHOA TỈNH GIA LAI
777,banra,1,17063636.00,2024-07-07 17:00:00,CÔNG TY TNHH MỘT THÀNH VIÊN HUY VŨ,XƯỞNG 340 - QUÂN KHU 5
776,banra,1,1318182.00,2024-07-07 17:00:00,CÔNG TY TNHH MỘT THÀNH VIÊN HUY VŨ,"TRUNG TÂM VĂN HÓA, THÔNG TIN VÀ THỂ THAO THÀNH PHỐ PLEIKU"
775,banra,1,127273.00,2024-07-07 17:00:00,CÔNG TY TNHH MỘT THÀNH VIÊN HUY VŨ,PHÒNG AN NINH MẠNG VÀ PCTP SỬ DỤNG CÔNG NGHỆ CAO - CÔNG AN TỈNH GIA LAI
774,banra,1,1254545.00,2024-07-07 17:00:00,CÔNG TY TNHH MỘT THÀNH VIÊN HUY VŨ,CÔNG TY CỔ PHẦN BOT VÀ BT ĐỨC LONG GIA LAI
773,banra,1,1390909.00,2024-07-07 17:00:00,CÔNG TY TNHH MỘT THÀNH VIÊN HUY VŨ,CÔNG TY CỔ PHẦN MAY GIA LAI
772,banra,1,20627273.00,2024-07-07 17:00:00,CÔNG TY TNHH MỘT THÀNH VIÊN HUY VŨ,CÔNG TY TNHH MỘT THÀNH VIÊN 78
771,banra,1,55636364.00,2024-07-05 17:00:00,CÔNG TY TNHH MỘT THÀNH VIÊN HUY VŨ,CÔNG TY TNHH ĐIỆN TỬ TIN HỌC KIM PHÁT
770,banra,1,454545.00,2024-07-05 17:00:00,CÔNG TY TNHH MỘT THÀNH VIÊN HUY VŨ,CÔNG TY TNHH MỘT THÀNH VIÊN XUÂN KIỆM
769,banra,1,15445455.00,2024-07-05 17:00:00,CÔNG TY TNHH MỘT THÀNH VIÊN HUY VŨ,BAN QUẢN LÝ DỰ ÁN - BỘ THAM MƯU - QUÂN ĐOÀN 3
768,banra,1,4627273.00,2024-07-05 17:00:00,CÔNG TY TNHH MỘT THÀNH VIÊN HUY VŨ,CẢNG HÀNG KHÔNG PLEIKU - CHI NHÁNH TỔNG CÔNG TY CẢNG HÀNG KHÔNG VIỆT NAM - CTCP
767,banra,1,3318182.00,2024-07-05 17:00:00,CÔNG TY TNHH MỘT THÀNH VIÊN HUY VŨ,CÔNG TY TNHH MỘT THÀNH VIÊN 78
766,banra,1,13581818.00,2024-07-05 17:00:00,CÔNG TY TNHH MỘT THÀNH VIÊN HUY VŨ,CÔNG TY TNHH ÁNH HƯNG GIA LAI
765,banra,1,1363636.00,2024-07-05 17:00:00,CÔNG TY TNHH MỘT THÀNH VIÊN HUY VŨ,CÔNG TY TNHH JOLLIBEE VIỆT NAM
764,banra,1,290909.00,2024-07-04 17:00:00,CÔNG TY TNHH MỘT THÀNH VIÊN HUY VŨ,CÔNG TY TNHH PHÁT TRIỂN DU LỊCH LA MIA
763,banra,1,25654545.00,2024-07-03 17:00:00,CÔNG TY TNHH MỘT THÀNH VIÊN HUY VŨ,CÔNG TY BẢO HIỂM BSH GIA LAI
762,banra,1,563636.00,2024-07-03 17:00:00,CÔNG TY TNHH MỘT THÀNH VIÊN HUY VŨ,CÔNG TY TNHH MỘT THÀNH VIÊN TRUYỀN THÔNG MẶT TRỜI GIA LAI
761,banra,1,1318182.00,2024-07-03 17:00:00,CÔNG TY TNHH MỘT THÀNH VIÊN HUY VŨ,CÔNG TY CỔ PHẦN MỸ PHẨM THIÊN NHIÊN CỎ MỀM
760,banra,1,172727.00,2024-07-03 17:00:00,CÔNG TY TNHH MỘT THÀNH VIÊN HUY VŨ,CÔNG TY TNHH MỘT THÀNH VIÊN THƯƠNG MẠI & DỊCH VỤ ĐÔNG HUY
759,banra,1,25454545.00,2024-07-03 17:00:00,CÔNG TY TNHH MỘT THÀNH VIÊN HUY VŨ,PHÒNG ĐIỀU TRA HÌNH SỰ - QUÂN ĐOÀN 3
758,banra,1,3000000.00,2024-07-01 17:00:00,CÔNG TY TNHH MỘT THÀNH VIÊN HUY VŨ,CÔNG TY TNHH TÂN GIA BĂNG
757,banra,1,8536364.00,2024-07-01 17:00:00,CÔNG TY TNHH MỘT THÀNH VIÊN HUY VŨ,NGÂN HÀNG THƯƠNG MẠI CỔ PHẦN ĐẦU TƯ VÀ PHÁT TRIỂN VIỆT NAM - CHI NHÁNH NAM GIA LAI
57531256,muavao,1,22545.00,2024-10-11 17:00:00,NGÂN HÀNG TMCP Á CHÂU,CTY TNHH MTV HUY VU
756,banra,1,363636.00,2024-07-01 17:00:00,CÔNG TY TNHH MỘT THÀNH VIÊN HUY VŨ,CÔNG TY CỔ PHẦN HOÀNG ANH GIA LAI
755,banra,1,1890909.00,2024-07-01 17:00:00,CÔNG TY TNHH MỘT THÀNH VIÊN HUY VŨ,CẢNG HÀNG KHÔNG PLEIKU - CHI NHÁNH TỔNG CÔNG TY CẢNG HÀNG KHÔNG VIỆT NAM - CTCP
754,banra,1,17618182.00,2024-07-01 17:00:00,CÔNG TY TNHH MỘT THÀNH VIÊN HUY VŨ,CÔNG TY TNHH TÂN GIA BĂNG
753,banra,1,44772727.00,2024-06-30 17:00:00,CÔNG TY TNHH MỘT THÀNH VIÊN HUY VŨ,CÔNG TY TNHH CENTIMET2
752,banra,1,19450000.00,2024-06-30 17:00:00,CÔNG TY TNHH MỘT THÀNH VIÊN HUY VŨ,QUỸ TÍN DỤNG NHÂN DÂN THỊ TRẤN ĐAK ĐOA - HUYỆN ĐAK ĐOA - TỈNH GIA LAI
751,banra,1,38763636.00,2024-06-30 17:00:00,CÔNG TY TNHH MỘT THÀNH VIÊN HUY VŨ,QUỸ TÍN DỤNG NHÂN DÂN THỊ TRẤN ĐAK ĐOA - HUYỆN ĐAK ĐOA - TỈNH GIA LAI
750,banra,1,2263636.00,2024-06-30 17:00:00,CÔNG TY TNHH MỘT THÀNH VIÊN HUY VŨ,PHÒNG CẢNH SÁT KINH TẾ - CÔNG AN TỈNH GIA LAI
1079,banra,1,140454546.00,2024-08-30 17:00:00,CÔNG TY TNHH MỘT THÀNH VIÊN HUY VŨ,CÔNG TY TNHH ĐIỆN TỬ TIN HỌC KIM PHÁT
1078,banra,1,2600000.00,2024-08-30 17:00:00,CÔNG TY TNHH MỘT THÀNH VIÊN HUY VŨ,MÁY VĂN PHÒNG PHƯƠNG NAM
1077,banra,1,12909091.00,2024-08-30 17:00:00,CÔNG TY TNHH MỘT THÀNH VIÊN HUY VŨ,
1076,banra,1,11363636.00,2024-08-30 17:00:00,CÔNG TY TNHH MỘT THÀNH VIÊN HUY VŨ,
1075,banra,1,930000.00,2024-08-30 17:00:00,CÔNG TY TNHH MỘT THÀNH VIÊN HUY VŨ,CỬA HÀNG MÁY VĂN PHÒNG HBT
1074,banra,1,16590909.00,2024-08-30 17:00:00,CÔNG TY TNHH MỘT THÀNH VIÊN HUY VŨ,CÔNG TY TNHH AN SINH GIA LAI
1073,banra,1,236364.00,2024-08-30 17:00:00,CÔNG TY TNHH MỘT THÀNH VIÊN HUY VŨ,CÔNG TY TNHH TRẦN GIA F&B
1072,banra,1,509091.00,2024-08-30 17:00:00,CÔNG TY TNHH MỘT THÀNH VIÊN HUY VŨ,CÔNG TY TNHH Ô TÔ MG GIA LAI
1071,banra,1,11363636.00,2024-08-30 17:00:00,CÔNG TY TNHH MỘT THÀNH VIÊN HUY VŨ,CÔNG TY TNHH ĐIỆN TỬ TIN HỌC KIM PHÁT
1067,banra,1,12909091.00,2024-08-30 17:00:00,CÔNG TY TNHH MỘT THÀNH VIÊN HUY VŨ,
1066,banra,1,85381819.00,2024-08-29 17:00:00,CÔNG TY TNHH MỘT THÀNH VIÊN HUY VŨ,CÔNG TY TNHH MỘT THÀNH VIÊN ĐIỆN TỬ TIN HỌC NGUYỄN DƯƠNG
1065,banra,1,17418182.00,2024-08-29 17:00:00,CÔNG TY TNHH MỘT THÀNH VIÊN HUY VŨ,CÔNG TY CỔ PHẦN LA RI VIỆT NAM
1064,banra,1,3138889.00,2024-08-29 17:00:00,CÔNG TY TNHH MỘT THÀNH VIÊN HUY VŨ,CÔNG TY CỔ PHẦN LA RI VIỆT NAM
1063,banra,1,436364.00,2024-08-29 17:00:00,CÔNG TY TNHH MỘT THÀNH VIÊN HUY VŨ,CÔNG AN THÀNH PHỐ PLEIKU
1062,banra,1,12909091.00,2024-08-29 17:00:00,CÔNG TY TNHH MỘT THÀNH VIÊN HUY VŨ,MÁY VĂN PHÒNG PHƯƠNG NAM
1061,banra,1,13636364.00,2024-08-29 17:00:00,CÔNG TY TNHH MỘT THÀNH VIÊN HUY VŨ,
1060,banra,1,12800000.00,2024-08-29 17:00:00,CÔNG TY TNHH MỘT THÀNH VIÊN HUY VŨ,CÔNG TY TNHH TƯ VẤN THIẾT KẾ ĐẦU TƯ VÀ XÂY DỰNG PHÚ THỊNH GIA
1059,banra,1,11818182.00,2024-08-29 17:00:00,CÔNG TY TNHH MỘT THÀNH VIÊN HUY VŨ,CÔNG TY TNHH MỘT THÀNH VIÊN T.K TECHNOLOGY GIA LAI
1058,banra,1,12636364.00,2024-08-29 17:00:00,CÔNG TY TNHH MỘT THÀNH VIÊN HUY VŨ,
1057,banra,1,13318182.00,2024-08-29 17:00:00,CÔNG TY TNHH MỘT THÀNH VIÊN HUY VŨ,HỘ KINH DOANH ĐẠI PHÚ
1056,banra,1,21090909.00,2024-08-29 17:00:00,CÔNG TY TNHH MỘT THÀNH VIÊN HUY VŨ,CÔNG TY TNHH ĐIỆN TỬ TIN HỌC KIM PHÁT
1055,banra,1,372728.00,2024-08-29 17:00:00,CÔNG TY TNHH MỘT THÀNH VIÊN HUY VŨ,BINH ĐOÀN 15
1054,banra,1,13518182.00,2024-08-29 17:00:00,CÔNG TY TNHH MỘT THÀNH VIÊN HUY VŨ,MÁY VĂN PHÒNG PHƯƠNG NAM
1053,banra,1,12636364.00,2024-08-29 17:00:00,CÔNG TY TNHH MỘT THÀNH VIÊN HUY VŨ,CÔNG TY TNHH MỘT THÀNH VIÊN HƯƠNG ĐẤT AN PHÚ
1052,banra,1,5272727.00,2024-08-29 17:00:00,CÔNG TY TNHH MỘT THÀNH VIÊN HUY VŨ,CHI NHÁNH XĂNG DẦU QUÂN ĐỘI KHU VỰC TÂY NGUYÊN - CÔNG TY TNHH MỘT THÀNH VIÊN TỔNG CÔNG TY XĂNG DẦU QUÂN ĐỘI
1051,banra,1,12636364.00,2024-08-29 17:00:00,CÔNG TY TNHH MỘT THÀNH VIÊN HUY VŨ,
1050,banra,1,12636364.00,2024-08-29 17:00:00,CÔNG TY TNHH MỘT THÀNH VIÊN HUY VŨ,
1049,banra,1,12636364.00,2024-08-29 17:00:00,CÔNG TY TNHH MỘT THÀNH VIÊN HUY VŨ,
1048,banra,1,12636364.00,2024-08-29 17:00:00,CÔNG TY TNHH MỘT THÀNH VIÊN HUY VŨ,
1047,banra,1,12636364.00,2024-08-29 17:00:00,CÔNG TY TNHH MỘT THÀNH VIÊN HUY VŨ,
1046,banra,1,12636364.00,2024-08-29 17:00:00,CÔNG TY TNHH MỘT THÀNH VIÊN HUY VŨ,
1045,banra,1,5000000.00,2024-08-29 17:00:00,CÔNG TY TNHH MỘT THÀNH VIÊN HUY VŨ,TRƯỜNG TIỂU HỌC VÀ TRUNG HỌC CƠ SỞ NGUYỄN ĐÌNH CHIỂU
1044,banra,1,12636364.00,2024-08-29 17:00:00,CÔNG TY TNHH MỘT THÀNH VIÊN HUY VŨ,
1043,banra,1,18136364.00,2024-08-28 17:00:00,CÔNG TY TNHH MỘT THÀNH VIÊN HUY VŨ,CÔNG TY TNHH MỘT THÀNH VIÊN NHƯ HÀ - GIA LAI
1042,banra,1,12909091.00,2024-08-28 17:00:00,CÔNG TY TNHH MỘT THÀNH VIÊN HUY VŨ,CÔNG TY TNHH MỘT THÀNH VIÊN TƯ VẤN XÂY DỰNG HOÀNG UYÊN GIA LAI
1041,banra,1,12054545.00,2024-08-28 17:00:00,CÔNG TY TNHH MỘT THÀNH VIÊN HUY VŨ,CÔNG TY TNHH DUY TÍN TRAVEL
1040,banra,1,7681818.00,2024-08-28 17:00:00,CÔNG TY TNHH MỘT THÀNH VIÊN HUY VŨ,TRƯỜNG TIỂU HỌC VÀ TRUNG HỌC CƠ SỞ NGUYỄN ĐÌNH CHIỂU
1039,banra,1,17545455.00,2024-08-28 17:00:00,CÔNG TY TNHH MỘT THÀNH VIÊN HUY VŨ,CÔNG TY CỔ PHẦN FIDITOUR
1038,banra,1,12227273.00,2024-08-28 17:00:00,CÔNG TY TNHH MỘT THÀNH VIÊN HUY VŨ,HỘ KINH DOANH ĐẠI PHÚ
1037,banra,1,15909091.00,2024-08-28 17:00:00,CÔNG TY TNHH MỘT THÀNH VIÊN HUY VŨ,CHI NHÁNH CÔNG TY TNHH ĐỨC DUNG
1036,banra,1,19031819.00,2024-08-28 17:00:00,CÔNG TY TNHH MỘT THÀNH VIÊN HUY VŨ,HỘ KINH DOANH ĐẠI PHÚ
1035,banra,1,5636364.00,2024-08-28 17:00:00,CÔNG TY TNHH MỘT THÀNH VIÊN HUY VŨ,CÔNG TY TNHH TIN HỌC QUANG ANH GL
1034,banra,1,527273.00,2024-08-28 17:00:00,CÔNG TY TNHH MỘT THÀNH VIÊN HUY VŨ,TRƯỜNG TIỂU HỌC TRẦN QUỐC TOẢN
1033,banra,1,1063636.00,2024-08-28 17:00:00,CÔNG TY TNHH MỘT THÀNH VIÊN HUY VŨ,CÔNG ĐOÀN CÔNG TY TNHH MTV CAO SU MANG YANG
1032,banra,1,16318182.00,2024-08-28 17:00:00,CÔNG TY TNHH MỘT THÀNH VIÊN HUY VŨ,CÔNG TY TNHH MỘT THÀNH VIÊN ĐỨC DUNG CHƯ SÊ
1031,banra,1,16500000.00,2024-08-27 17:00:00,CÔNG TY TNHH MỘT THÀNH VIÊN HUY VŨ,CÔNG TY CỔ PHẦN DU LỊCH ĐỨC PHÚ GIA
1030,banra,1,17000000.00,2024-08-27 17:00:00,CÔNG TY TNHH MỘT THÀNH VIÊN HUY VŨ,CÔNG TY TNHH ĐẦU TƯ VÀ THƯƠNG MẠI PHÚ LỘC THỊNH
1029,banra,1,1818182.00,2024-08-27 17:00:00,CÔNG TY TNHH MỘT THÀNH VIÊN HUY VŨ,LỮ ĐOÀN 132 - BINH CHỦNG THÔNG TIN LIÊN LẠC
1028,banra,1,1009259.00,2024-08-27 17:00:00,CÔNG TY TNHH MỘT THÀNH VIÊN HUY VŨ,CÔNG TY TRÁCH NHIỆM HỮU HẠN SYNGENTA VIỆT NAM
1027,banra,1,115636364.00,2024-08-27 17:00:00,CÔNG TY TNHH MỘT THÀNH VIÊN HUY VŨ,CÔNG TY TNHH VĨNH HIỆP
1026,banra,1,15000000.00,2024-08-27 17:00:00,CÔNG TY TNHH MỘT THÀNH VIÊN HUY VŨ,CÔNG TY TRÁCH NHIỆM HỮU HẠN ĐỨC DUNG
1025,banra,1,17563636.00,2024-08-27 17:00:00,CÔNG TY TNHH MỘT THÀNH VIÊN HUY VŨ,CÔNG TY CỔ PHẦN AN THỊNH PHÁT GIA LAI
1024,banra,1,1045455.00,2024-08-27 17:00:00,CÔNG TY TNHH MỘT THÀNH VIÊN HUY VŨ,CHI NHÁNH CƠ KHÍ CÔNG TY CỔ PHẦN HOÀNG ANH GIA LAI
1023,banra,1,16377273.00,2024-08-27 17:00:00,CÔNG TY TNHH MỘT THÀNH VIÊN HUY VŨ,CÔNG TY TNHH MTV PHƯƠNG VINH PHÁT - GIA LAI
1022,banra,1,17854546.00,2024-08-27 17:00:00,CÔNG TY TNHH MỘT THÀNH VIÊN HUY VŨ,CÔNG TY CỔ PHẦN TƯ VẤN XÂY DỰNG GIAO THÔNG AN BÌNH
1021,banra,1,14154546.00,2024-08-27 17:00:00,CÔNG TY TNHH MỘT THÀNH VIÊN HUY VŨ,CÔNG TY TNHH MỘT THÀNH VIÊN ĐỨC DUNG CHƯ SÊ
1020,banra,1,1281818.00,2024-08-27 17:00:00,CÔNG TY TNHH MỘT THÀNH VIÊN HUY VŨ,CÔNG TY CỔ PHẦN THƯƠNG MẠI VÀ DỊCH VỤ KGT GIA LAI
1090,banra,1,14090909.00,2024-09-05 17:00:00,CÔNG TY TNHH MỘT THÀNH VIÊN HUY VŨ,
1019,banra,1,5322727.00,2024-08-26 17:00:00,CÔNG TY TNHH MỘT THÀNH VIÊN HUY VŨ,MÁY VĂN PHÒNG PHƯƠNG NAM
1018,banra,1,14263636.00,2024-08-26 17:00:00,CÔNG TY TNHH MỘT THÀNH VIÊN HUY VŨ,CÔNG TY CỔ PHẦN GIÁO DỤC ĐỨC BẢN
1017,banra,1,17909091.00,2024-08-26 17:00:00,CÔNG TY TNHH MỘT THÀNH VIÊN HUY VŨ,CÔNG TY CỔ PHẦN THƯƠNG MẠI VÀ DỊCH VỤ KGT GIA LAI
1016,banra,1,11518182.00,2024-08-26 17:00:00,CÔNG TY TNHH MỘT THÀNH VIÊN HUY VŨ,CÔNG TY TNHH XĂNG DẦU TÂY NAM S.W.P - CHI NHÁNH GIA LAI
1015,banra,1,727273.00,2024-08-26 17:00:00,CÔNG TY TNHH MỘT THÀNH VIÊN HUY VŨ,CÔNG TY CỔ PHẦN GIA SÚC LƠ PANG
1014,banra,1,22727273.00,2024-08-26 17:00:00,CÔNG TY TNHH MỘT THÀNH VIÊN HUY VŨ,LỮ ĐOÀN 132 - BINH CHỦNG THÔNG TIN LIÊN LẠC
1013,banra,1,15363636.00,2024-08-25 17:00:00,CÔNG TY TNHH MỘT THÀNH VIÊN HUY VŨ,CHI NHÁNH CÔNG TY TNHH MỘT THÀNH VIÊN CAO SU CHƯ PRÔNG - TRUNG TÂM Y TẾ
1012,banra,1,17990909.00,2024-08-25 17:00:00,CÔNG TY TNHH MỘT THÀNH VIÊN HUY VŨ,CÔNG TY CỔ PHẦN TƯ VẤN XÂY DỰNG GIAO THÔNG AN BÌNH
1011,banra,1,1727273.00,2024-08-25 17:00:00,CÔNG TY TNHH MỘT THÀNH VIÊN HUY VŨ,UỶ BAN NHÂN DÂN XÃ ĐĂK JƠ TA
1010,banra,1,5490909.00,2024-08-25 17:00:00,CÔNG TY TNHH MỘT THÀNH VIÊN HUY VŨ,TRUNG TÂM GIÁO DỤC NGHỀ NGHIỆP - GIÁO DỤC THƯỜNG XUYÊN HUYỆN CHƯ PĂH
1009,banra,1,5081818.00,2024-08-25 17:00:00,CÔNG TY TNHH MỘT THÀNH VIÊN HUY VŨ,CÔNG TY TNHH SAO VIỆT GIA LAI
1008,banra,1,195454545.00,2024-08-25 17:00:00,CÔNG TY TNHH MỘT THÀNH VIÊN HUY VŨ,CÔNG TY TNHH MỘT THÀNH VIÊN ĐIỆN TỬ TIN HỌC NGUYỄN DƯƠNG
1007,banra,1,24672727.00,2024-08-25 17:00:00,CÔNG TY TNHH MỘT THÀNH VIÊN HUY VŨ,HỘ KINH DOANH ĐẠI PHÚ
1006,banra,1,772727.00,2024-08-25 17:00:00,CÔNG TY TNHH MỘT THÀNH VIÊN HUY VŨ,CÔNG TY TRÁCH NHIỆM HỮU HẠN THƯƠNG MẠI DỊCH VỤ KỸ THUẬT VI TÍNH THUẬN PHÁT GIA LAI
1005,banra,1,1500000.00,2024-08-25 17:00:00,CÔNG TY TNHH MỘT THÀNH VIÊN HUY VŨ,ĐẢNG UỶ XÃ IA DÊR
1004,banra,1,272727.00,2024-08-25 17:00:00,CÔNG TY TNHH MỘT THÀNH VIÊN HUY VŨ,CHI NHÁNH TỔNG CÔNG TY THƯƠNG MẠI KỸ THUẬT VÀ ĐẦU TƯ - CÔNG TY CỔ PHẦN TẠI TỈNH GIA LAI
1003,banra,1,1454545.00,2024-08-25 17:00:00,CÔNG TY TNHH MỘT THÀNH VIÊN HUY VŨ,CÔNG TY CỔ PHẦN TRƯỜNG PHỔ THÔNG NGUYỄN VĂN LINH GIA LAI
1002,banra,1,7881819.00,2024-08-25 17:00:00,CÔNG TY TNHH MỘT THÀNH VIÊN HUY VŨ,BINH ĐOÀN 15
1001,banra,1,863636.00,2024-08-25 17:00:00,CÔNG TY TNHH MỘT THÀNH VIÊN HUY VŨ,Công Ty TNHH MTV PTNN Đại Thắng ( MST : 838051843-900 )
1000,banra,1,11318182.00,2024-08-23 17:00:00,CÔNG TY TNHH MỘT THÀNH VIÊN HUY VŨ,HỘ KINH DOANH ĐẠI PHÚ
999,banra,1,17627273.00,2024-08-23 17:00:00,CÔNG TY TNHH MỘT THÀNH VIÊN HUY VŨ,CÔNG TY CỔ PHẦN TƯ VẤN XÂY DỰNG GIAO THÔNG AN BÌNH
998,banra,1,97227273.00,2024-08-23 17:00:00,CÔNG TY TNHH MỘT THÀNH VIÊN HUY VŨ,CÔNG TY TNHH VĨNH HIỆP
997,banra,1,836364.00,2024-08-23 17:00:00,CÔNG TY TNHH MỘT THÀNH VIÊN HUY VŨ,CÔNG TY TNHH PHÁT TRIỂN DU LỊCH LA MIA
996,banra,1,18163636.00,2024-08-22 17:00:00,CÔNG TY TNHH MỘT THÀNH VIÊN HUY VŨ,CÔNG TY CỔ PHẦN TƯ VẤN XÂY DỰNG GIAO THÔNG AN BÌNH
995,banra,1,409091.00,2024-08-22 17:00:00,CÔNG TY TNHH MỘT THÀNH VIÊN HUY VŨ,TRUNG TÂM HUẤN LUYỆN VÀ THI ĐẤU THỂ THAO TÍNH
994,banra,1,72272727.00,2024-08-22 17:00:00,CÔNG TY TNHH MỘT THÀNH VIÊN HUY VŨ,CÔNG TY TNHH ĐIỆN TỬ TIN HỌC KIM PHÁT
993,banra,1,12363636.00,2024-08-22 17:00:00,CÔNG TY TNHH MỘT THÀNH VIÊN HUY VŨ,XÍ NGHIỆP KHẢO SÁT THIẾT KẾ - CHI NHÁNH TỔNG CÔNG TY 15
992,banra,1,7990909.00,2024-08-22 17:00:00,CÔNG TY TNHH MỘT THÀNH VIÊN HUY VŨ,ỦY BAN NHÂN DÂN XÃ ĐĂK TA LEY
991,banra,1,12204545.00,2024-08-21 17:00:00,CÔNG TY TNHH MỘT THÀNH VIÊN HUY VŨ,CÔNG TY TNHH ĐIỆN TỬ TIN HỌC KIM PHÁT
990,banra,1,118182.00,2024-08-21 17:00:00,CÔNG TY TNHH MỘT THÀNH VIÊN HUY VŨ,Công Đoàn Trường Tiểu Học Hoàng Hoa Thám
989,banra,1,9000000.00,2024-08-21 17:00:00,CÔNG TY TNHH MỘT THÀNH VIÊN HUY VŨ,LỮ ĐOÀN 132 - BINH CHỦNG THÔNG TIN LIÊN LẠC
988,banra,1,4500000.00,2024-08-21 17:00:00,CÔNG TY TNHH MỘT THÀNH VIÊN HUY VŨ,CÔNG TY TNHH SAO VIỆT GIA LAI
987,banra,1,18163636.00,2024-08-19 17:00:00,CÔNG TY TNHH MỘT THÀNH VIÊN HUY VŨ,CÔNG TY CỔ PHẦN TƯ VẤN XÂY DỰNG GIAO THÔNG AN BÌNH
986,banra,1,18181818.00,2024-08-19 17:00:00,CÔNG TY TNHH MỘT THÀNH VIÊN HUY VŨ,LỮ ĐOÀN 132 - BINH CHỦNG THÔNG TIN LIÊN LẠC
985,banra,1,900000.00,2024-08-19 17:00:00,CÔNG TY TNHH MỘT THÀNH VIÊN HUY VŨ,CÔNG TY TNHH THANH LONG TÂY NGUYÊN
984,banra,1,409091.00,2024-08-19 17:00:00,CÔNG TY TNHH MỘT THÀNH VIÊN HUY VŨ,CÔNG TY CỔ PHẦN THUỶ ĐIỆN ĐĂK ĐOA
983,banra,1,18063636.00,2024-08-16 17:00:00,CÔNG TY TNHH MỘT THÀNH VIÊN HUY VŨ,CÔNG TY CỔ PHẦN TƯ VẤN XÂY DỰNG GIAO THÔNG AN BÌNH
982,banra,1,1227273.00,2024-08-16 17:00:00,CÔNG TY TNHH MỘT THÀNH VIÊN HUY VŨ,ỦY BAN NHÂN DÂN XÃ ĐĂK TA LEY
981,banra,1,3254545.00,2024-08-16 17:00:00,CÔNG TY TNHH MỘT THÀNH VIÊN HUY VŨ,CÔNG TY TNHH VĨNH TÍN
980,banra,1,7818182.00,2024-08-16 17:00:00,CÔNG TY TNHH MỘT THÀNH VIÊN HUY VŨ,CÔNG TY CỔ PHẦN XÂY DỰNG PHÚ THUẬN
979,banra,1,16045455.00,2024-08-16 17:00:00,CÔNG TY TNHH MỘT THÀNH VIÊN HUY VŨ,MÁY VĂN PHÒNG PHƯƠNG NAM
978,banra,1,5909091.00,2024-08-15 17:00:00,CÔNG TY TNHH MỘT THÀNH VIÊN HUY VŨ,CÔNG TY CỔ PHẦN VĂN HÓA GIÁO DỤC GIA LAI
977,banra,1,90909.00,2024-08-14 17:00:00,CÔNG TY TNHH MỘT THÀNH VIÊN HUY VŨ,TRƯỜNG TRUNG HỌC CƠ SỞ TRƯNG VƯƠNG
976,banra,1,14500000.00,2024-08-14 17:00:00,CÔNG TY TNHH MỘT THÀNH VIÊN HUY VŨ,CÔNG TY TNHH MỘT THÀNH VIÊN XỔ SỐ KIẾN THIẾT ĐÀ NẴNG
975,banra,1,21090909.00,2024-08-14 17:00:00,CÔNG TY TNHH MỘT THÀNH VIÊN HUY VŨ,CÔNG TY TNHH ĐIỆN TỬ TIN HỌC KIM PHÁT
974,banra,1,2354545.00,2024-08-14 17:00:00,CÔNG TY TNHH MỘT THÀNH VIÊN HUY VŨ,CÔNG TY TRUYỀN TẢI ĐIỆN 3 - TRUYỀN TẢI ĐIỆN GIA LAI
973,banra,1,1227273.00,2024-08-14 17:00:00,CÔNG TY TNHH MỘT THÀNH VIÊN HUY VŨ,CÔNG TY CỔ PHẦN QUANG MINH PHÁT - GIA LAI
401909,muavao,1,205032.00,2024-05-31 17:00:00,TRUNG TÂM KINH DOANH VNPT - GIA LAI - CHI NHÁNH TỔNG CÔNG TY DỊCH VỤ VIỄN THÔNG,Công Ty TNHH MTV Huy Vũ
972,banra,1,1272727.00,2024-08-13 17:00:00,CÔNG TY TNHH MỘT THÀNH VIÊN HUY VŨ,CHI NHÁNH MIỀN TRUNG - CÔNG TY TNHH MỘT THÀNH VIÊN TRẮC ĐỊA BẢN ĐỒ
971,banra,1,5900000.00,2024-08-13 17:00:00,CÔNG TY TNHH MỘT THÀNH VIÊN HUY VŨ,CÔNG TY TNHH MỘT THÀNH VIÊN XỔ SỐ KIẾN THIẾT ĐÀ NẴNG
970,banra,1,2136364.00,2024-08-13 17:00:00,CÔNG TY TNHH MỘT THÀNH VIÊN HUY VŨ,CÔNG TY TNHH MỘT THÀNH VIÊN TÔN THÉP TOÀN TÍN
969,banra,1,3590909.00,2024-08-13 17:00:00,CÔNG TY TNHH MỘT THÀNH VIÊN HUY VŨ,CÔNG TY TNHH XÂY DỰNG CÔNG NÔNG NGHIỆP THADICO
968,banra,1,7590909.00,2024-08-13 17:00:00,CÔNG TY TNHH MỘT THÀNH VIÊN HUY VŨ,CÔNG TY CỔ PHẦN TRƯỜNG PHỔ THÔNG NGUYỄN VĂN LINH GIA LAI
967,banra,1,727273.00,2024-08-13 17:00:00,CÔNG TY TNHH MỘT THÀNH VIÊN HUY VŨ,CÔNG TY CỔ PHẦN SÔNG ĐÀ 10.9
966,banra,1,336364.00,2024-08-13 17:00:00,CÔNG TY TNHH MỘT THÀNH VIÊN HUY VŨ,TRUNG TÂM GIÁO DỤC THƯỜNG XUYÊN TỈNH GIA LAI
965,banra,1,727273.00,2024-08-13 17:00:00,CÔNG TY TNHH MỘT THÀNH VIÊN HUY VŨ,CHI NHÁNH CÔNG TY CỔ PHẦN THUỶ ĐIỆN CẦN ĐƠN-NHÀ MÁY THỦY ĐIỆN RY NINH II
964,banra,1,4627273.00,2024-08-13 17:00:00,CÔNG TY TNHH MỘT THÀNH VIÊN HUY VŨ,CHI NHÁNH VĂN PHÒNG LUẬT SƯ NGUYỄN TRÚC TẠI TỈNH GIA LAI
963,banra,1,6354545.00,2024-08-13 17:00:00,CÔNG TY TNHH MỘT THÀNH VIÊN HUY VŨ,CÔNG TY BẢO HIỂM BSH GIA LAI
962,banra,1,3318182.00,2024-08-13 17:00:00,CÔNG TY TNHH MỘT THÀNH VIÊN HUY VŨ,CÔNG TY TNHH MỘT THÀNH VIÊN THƯƠNG MẠI VÀ DỊCH VỤ MÔI TRƯỜNG NHÂN HÒA GIA LAI
961,banra,1,3950000.00,2024-08-12 17:00:00,CÔNG TY TNHH MỘT THÀNH VIÊN HUY VŨ,BAN CHỈ HUY QUÂN SỰ HUYỆN PHÚ THIỆN
960,banra,1,309091.00,2024-08-12 17:00:00,CÔNG TY TNHH MỘT THÀNH VIÊN HUY VŨ,CÔNG TY TNHH XÂY DỰNG CÔNG NÔNG NGHIỆP THADICO
959,banra,1,954545.00,2024-08-12 17:00:00,CÔNG TY TNHH MỘT THÀNH VIÊN HUY VŨ,CÔNG TY TNHH ĐIỆN TỬ TIN HỌC KIM PHÁT
958,banra,1,245455.00,2024-08-12 17:00:00,CÔNG TY TNHH MỘT THÀNH VIÊN HUY VŨ,CÔNG TY CỔ PHẦN THỦY ĐIỆN KHẢI HOÀNG
57530155,muavao,1,22545.00,2024-10-11 17:00:00,NGÂN HÀNG TMCP Á CHÂU,CTY TNHH MTV HUY VU
957,banra,1,4681818.00,2024-08-11 17:00:00,CÔNG TY TNHH MỘT THÀNH VIÊN HUY VŨ,LIÊN MINH HỢP TÁC XÃ TỈNH GIA LAI
956,banra,1,181818.00,2024-08-11 17:00:00,CÔNG TY TNHH MỘT THÀNH VIÊN HUY VŨ,CÔNG TY TNHH PHÁT TRIỂN GIÁO DỤC THẮNG AN
955,banra,1,381818.00,2024-08-11 17:00:00,CÔNG TY TNHH MỘT THÀNH VIÊN HUY VŨ,CÔNG TY CỔ PHẦN TƯ VẤN XÂY DỰNG VÀ KIỂM ĐỊNH THỊNH PHÁT
954,banra,1,990909.00,2024-08-11 17:00:00,CÔNG TY TNHH MỘT THÀNH VIÊN HUY VŨ,CỬA HÀNG MÁY VĂN PHÒNG HBT
953,banra,1,930000.00,2024-08-11 17:00:00,CÔNG TY TNHH MỘT THÀNH VIÊN HUY VŨ,CỬA HÀNG MÁY VĂN PHÒNG HBT
952,banra,1,17172727.00,2024-08-09 17:00:00,CÔNG TY TNHH MỘT THÀNH VIÊN HUY VŨ,VIETTEL GIA LAI – CHI NHÁNH TẬP ĐOÀN CÔNG NGHIỆP - VIỄN THÔNG QUÂN ĐỘI
951,banra,1,1718182.00,2024-08-09 17:00:00,CÔNG TY TNHH MỘT THÀNH VIÊN HUY VŨ,CÔNG TY CỔ PHẦN CÀ PHÊ GIA LAI
950,banra,1,527273.00,2024-08-09 17:00:00,CÔNG TY TNHH MỘT THÀNH VIÊN HUY VŨ,CÔNG TY CỔ PHẦN HOÀNG ANH GIA LAI
949,banra,1,14809091.00,2024-08-09 17:00:00,CÔNG TY TNHH MỘT THÀNH VIÊN HUY VŨ,CÔNG TY TNHH MỘT THÀNH VIÊN HOÀNG SUNG
948,banra,1,11263636.00,2024-08-09 17:00:00,CÔNG TY TNHH MỘT THÀNH VIÊN HUY VŨ,CÔNG TY TNHH MỘT THÀNH VIÊN TOÀN TRUNG
947,banra,1,2718182.00,2024-08-08 17:00:00,CÔNG TY TNHH MỘT THÀNH VIÊN HUY VŨ,CÔNG TY TNHH MỘT THÀNH VIÊN LONG TRỌNG GIA LAI
946,banra,1,445455.00,2024-08-08 17:00:00,CÔNG TY TNHH MỘT THÀNH VIÊN HUY VŨ,CHI NHÁNH CÔNG TY TNHH OLAM TẠI TỈNH GIA LAI
945,banra,1,109091.00,2024-08-08 17:00:00,CÔNG TY TNHH MỘT THÀNH VIÊN HUY VŨ,CÔNG TY CỔ PHẦN THƯƠNG MẠI PLEIKU CENTER
944,banra,1,2300000.00,2024-08-08 17:00:00,CÔNG TY TNHH MỘT THÀNH VIÊN HUY VŨ,HỘ KINH DOANH PHAN VĂN MINH
943,banra,1,118182.00,2024-08-08 17:00:00,CÔNG TY TNHH MỘT THÀNH VIÊN HUY VŨ,CÔNG TY TRÁCH NHIỆM HỮU HẠN MỘT THÀNH VIÊN TRIỆU HẢI GIA LAI
1288,banra,1,2036364.00,2024-10-13 17:00:00,CÔNG TY TNHH MỘT THÀNH VIÊN HUY VŨ,TRƯỜNG THPT TÔN ĐỨC THẮNG
942,banra,1,154545.00,2024-08-07 17:00:00,CÔNG TY TNHH MỘT THÀNH VIÊN HUY VŨ,CÔNG TY CỔ PHẦN THỦY ĐIỆN HOÀNG ANH TÔNA
941,banra,1,418182.00,2024-08-07 17:00:00,CÔNG TY TNHH MỘT THÀNH VIÊN HUY VŨ,CÔNG TY TRÁCH NHIỆM HỮU HẠN MỘT THÀNH VIÊN XĂNG DẦU BẮC TÂY NGUYÊN
940,banra,1,17181818.00,2024-08-07 17:00:00,CÔNG TY TNHH MỘT THÀNH VIÊN HUY VŨ,CÔNG TY TNHH MỘT THÀNH VIÊN THƯƠNG MẠI VÀ DỊCH VỤ MÔI TRƯỜNG NHÂN HÒA GIA LAI
939,banra,1,690909.00,2024-08-07 17:00:00,CÔNG TY TNHH MỘT THÀNH VIÊN HUY VŨ,TRUNG TÂM THIẾT BỊ MÁY VĂN PHÒNG TÂN MINH
938,banra,1,6666667.00,2024-08-06 17:00:00,CÔNG TY TNHH MỘT THÀNH VIÊN HUY VŨ,CÔNG TY TRÁCH NHIỆM HỮU HẠN 30-4 GIA LAI
937,banra,1,8081818.00,2024-08-06 17:00:00,CÔNG TY TNHH MỘT THÀNH VIÊN HUY VŨ,CHI CỤC THI HÀNH ÁN DÂN SỰ HUYỆN MANG YANG
936,banra,1,409091.00,2024-08-06 17:00:00,CÔNG TY TNHH MỘT THÀNH VIÊN HUY VŨ,CÔNG TY TNHH MỘT THÀNH VIÊN HUY TRƯỜNG THÀNH
935,banra,1,1935185.00,2024-08-06 17:00:00,CÔNG TY TNHH MỘT THÀNH VIÊN HUY VŨ,CỤC QUẢN LÝ THỊ TRƯỜNG TỈNH GIA LAI
934,banra,1,14000000.00,2024-08-06 17:00:00,CÔNG TY TNHH MỘT THÀNH VIÊN HUY VŨ,CÔNG TY CỔ PHẦN TRƯỜNG PHỔ THÔNG NGUYỄN VĂN LINH GIA LAI
933,banra,1,2731482.00,2024-08-06 17:00:00,CÔNG TY TNHH MỘT THÀNH VIÊN HUY VŨ,CÔNG TY TNHH THƯƠNG MẠI LÝ AN PHÁT
932,banra,1,2777778.00,2024-08-06 17:00:00,CÔNG TY TNHH MỘT THÀNH VIÊN HUY VŨ,CÔNG TY CỔ PHẦN TRƯỜNG PHỔ THÔNG NGUYỄN VĂN LINH GIA LAI
931,banra,1,4354545.00,2024-08-06 17:00:00,CÔNG TY TNHH MỘT THÀNH VIÊN HUY VŨ,CÔNG TY TNHH MỘT THÀNH VIÊN CÂY ĂN TRÁI THAGRICO CAO NGUYÊN
930,banra,1,2718182.00,2024-08-06 17:00:00,CÔNG TY TNHH MỘT THÀNH VIÊN HUY VŨ,CÔNG TY TNHH MỘT THÀNH VIÊN TỔNG CÔNG TY 15 - CHI NHÁNH 710
929,banra,1,2354545.00,2024-08-06 17:00:00,CÔNG TY TNHH MỘT THÀNH VIÊN HUY VŨ,CÔNG TY TNHH NÔNG NGHIỆP HOÀNG MINH
928,banra,1,4545455.00,2024-08-06 17:00:00,CÔNG TY TNHH MỘT THÀNH VIÊN HUY VŨ,PHÒNG CHÍNH TRỊ - SƯ ĐOÀN 320
401908,muavao,1,430368.00,2024-05-31 17:00:00,TRUNG TÂM KINH DOANH VNPT - GIA LAI - CHI NHÁNH TỔNG CÔNG TY DỊCH VỤ VIỄN THÔNG,Công Ty TNHH MTV Huy Vũ
927,banra,1,19745455.00,2024-08-05 17:00:00,CÔNG TY TNHH MỘT THÀNH VIÊN HUY VŨ,CÔNG TY TRUYỀN TẢI ĐIỆN 3 - TRUYỀN TẢI ĐIỆN GIA LAI
926,banra,1,13536364.00,2024-08-05 17:00:00,CÔNG TY TNHH MỘT THÀNH VIÊN HUY VŨ,CÔNG TY CỔ PHẦN XÂY DỰNG VÀ VẬN TẢI GIA LAI
925,banra,1,3536364.00,2024-08-05 17:00:00,CÔNG TY TNHH MỘT THÀNH VIÊN HUY VŨ,TRUNG TÂM NGHIÊN CỨU CHUYỂN GIAO KỸ THUẬT TÂY NGUYÊN
924,banra,1,354545.00,2024-08-04 17:00:00,CÔNG TY TNHH MỘT THÀNH VIÊN HUY VŨ,CÔNG TY TNHH XỔ SỐ KIẾN THIẾT TỈNH GIA LAI
923,banra,1,9166667.00,2024-08-04 17:00:00,CÔNG TY TNHH MỘT THÀNH VIÊN HUY VŨ,VĂN PHÒNG HĐND - UBND THÀNH PHỐ PLEIKU
922,banra,1,14263636.00,2024-08-04 17:00:00,CÔNG TY TNHH MỘT THÀNH VIÊN HUY VŨ,CÔNG TY CỔ PHẦN THỦY ĐIỆN AN QUANG
921,banra,1,16909091.00,2024-08-04 17:00:00,CÔNG TY TNHH MỘT THÀNH VIÊN HUY VŨ,CÔNG TY TNHH VIỆT NAM HARVEST
920,banra,1,10636364.00,2024-08-04 17:00:00,CÔNG TY TNHH MỘT THÀNH VIÊN HUY VŨ,NGÂN HÀNG THƯƠNG MẠI TRÁCH NHIỆM HỮU HẠN MỘT THÀNH VIÊN DẦU KHÍ TOÀN CẦU - CHI NHÁNH GIA LAI
1238,banra,1,142127273.00,2024-09-29 17:00:00,CÔNG TY TNHH MỘT THÀNH VIÊN HUY VŨ,CÔNG TY TNHH MỘT THÀNH VIÊN ĐIỆN TỬ TIN HỌC NGUYỄN DƯƠNG
1237,banra,1,436364.00,2024-09-29 17:00:00,CÔNG TY TNHH MỘT THÀNH VIÊN HUY VŨ,CÔNG TY TNHH TRẦN GIA F&B
1236,banra,1,118182.00,2024-09-29 17:00:00,CÔNG TY TNHH MỘT THÀNH VIÊN HUY VŨ,CÔNG TY TNHH GIÁO DỤC QUỐC TẾ VUS
1235,banra,1,35545455.00,2024-09-29 17:00:00,CÔNG TY TNHH MỘT THÀNH VIÊN HUY VŨ,QUỸ TÍN DỤNG NHÂN DÂN THỊ TRẤN  IAKHA
1234,banra,1,2727273.00,2024-09-29 17:00:00,CÔNG TY TNHH MỘT THÀNH VIÊN HUY VŨ,TRƯỜNG MẪU GIÁO SAO MAI
1233,banra,1,13636364.00,2024-09-29 17:00:00,CÔNG TY TNHH MỘT THÀNH VIÊN HUY VŨ,BỘ CHỈ HUY BỘ ĐỘI BIÊN PHÒNG TỈNH GIA LAI
1232,banra,1,128554549.00,2024-09-28 17:00:00,CÔNG TY TNHH MỘT THÀNH VIÊN HUY VŨ,CÔNG TY TNHH MỘT THÀNH VIÊN ĐIỆN TỬ TIN HỌC NGUYỄN DƯƠNG
369343,muavao,1,249636.00,2024-05-31 17:00:00,TRUNG TÂM KINH DOANH VNPT - GIA LAI - CHI NHÁNH TỔNG CÔNG TY DỊCH VỤ VIỄN THÔNG,Công Ty TNHH MTV Huy Vũ
1231,banra,1,78400002.00,2024-09-27 17:00:00,CÔNG TY TNHH MỘT THÀNH VIÊN HUY VŨ,CÔNG TY TNHH ĐIỆN TỬ TIN HỌC KIM PHÁT
1230,banra,1,11627273.00,2024-09-27 17:00:00,CÔNG TY TNHH MỘT THÀNH VIÊN HUY VŨ,MÁY VĂN PHÒNG PHƯƠNG NAM
1229,banra,1,13727273.00,2024-09-27 17:00:00,CÔNG TY TNHH MỘT THÀNH VIÊN HUY VŨ,CÔNG TY TNHH ĐIỆN TỬ TIN HỌC KIM PHÁT
1228,banra,1,7663636.00,2024-09-27 17:00:00,CÔNG TY TNHH MỘT THÀNH VIÊN HUY VŨ,CÔNG TY CỔ PHẦN IN - ĐẦU TƯ PHÁT TRIỂN GIÁO DỤC GIA LAI
1227,banra,1,1118182.00,2024-09-27 17:00:00,CÔNG TY TNHH MỘT THÀNH VIÊN HUY VŨ,CÔNG TY TNHH PHƯƠNG ANH THỊNH
1226,banra,1,1627273.00,2024-09-27 17:00:00,CÔNG TY TNHH MỘT THÀNH VIÊN HUY VŨ,HỘ KINH DOANH PHAN VĂN MINH
1225,banra,1,2718182.00,2024-09-27 17:00:00,CÔNG TY TNHH MỘT THÀNH VIÊN HUY VŨ,CÔNG TY TRÁCH NHIỆM HỮU HẠN MỘT THÀNH VIÊN CÀ PHÊ 705
1224,banra,1,1227273.00,2024-09-27 17:00:00,CÔNG TY TNHH MỘT THÀNH VIÊN HUY VŨ,CÔNG TY TNHH MỘT THÀNH VIÊN XUÂN THIÊN
1223,banra,1,3272728.00,2024-09-27 17:00:00,CÔNG TY TNHH MỘT THÀNH VIÊN HUY VŨ,CÔNG TY TNHH MTV ĐỒNG TÂN CHƯ SÊ
1222,banra,1,4900000.00,2024-09-27 17:00:00,CÔNG TY TNHH MỘT THÀNH VIÊN HUY VŨ,TRƯỜNG TRUNG HỌC CƠ SỞ LƯƠNG THẾ VINH
1221,banra,1,1227273.00,2024-09-27 17:00:00,CÔNG TY TNHH MỘT THÀNH VIÊN HUY VŨ,TRƯỜNG THPT TRẦN HƯNG ĐẠO
1220,banra,1,4936364.00,2024-09-27 17:00:00,CÔNG TY TNHH MỘT THÀNH VIÊN HUY VŨ,CÔNG TY TNHH HOÀNG MINH CHÂU KONTUM
1219,banra,1,89972727.00,2024-09-27 17:00:00,CÔNG TY TNHH MỘT THÀNH VIÊN HUY VŨ,CÔNG TY TNHH ĐIỆN TỬ TIN HỌC KIM PHÁT
1218,banra,1,2563637.00,2024-09-26 17:00:00,CÔNG TY TNHH MỘT THÀNH VIÊN HUY VŨ,CÔNG TY CỔ PHẦN TƯ VẤN GIAO THÔNG KHẢI NGUYÊN
1217,banra,1,118182.00,2024-09-26 17:00:00,CÔNG TY TNHH MỘT THÀNH VIÊN HUY VŨ,CÔNG TY CỔ PHẦN BỆNH VIỆN ĐẠI HỌC Y DƯỢC - HOÀNG ANH GIA LAI
1216,banra,1,1000000.00,2024-09-26 17:00:00,CÔNG TY TNHH MỘT THÀNH VIÊN HUY VŨ,CÔNG TY BẢO HIỂM BSH GIA LAI
1215,banra,1,500000.00,2024-09-26 17:00:00,CÔNG TY TNHH MỘT THÀNH VIÊN HUY VŨ,TRƯỜNG TRUNG HỌC CƠ SỞ TRẦN PHÚ
1214,banra,1,14263636.00,2024-09-25 17:00:00,CÔNG TY TNHH MỘT THÀNH VIÊN HUY VŨ,CÔNG TY TNHH TƯ VẤN VÀ XÂY DỰNG DQT
1213,banra,1,17181818.00,2024-09-25 17:00:00,CÔNG TY TNHH MỘT THÀNH VIÊN HUY VŨ,CÔNG TY TNHH MỘT THÀNH VIÊN TƯ VẤN VÀ THIẾT KẾ XÂY DỰNG PHÚ QUANG VINH PHÁT
1212,banra,1,31818182.00,2024-09-25 17:00:00,CÔNG TY TNHH MỘT THÀNH VIÊN HUY VŨ,CHI NHÁNH 716 THUỘC TỔNG CÔNG TY 15
1211,banra,1,1863636.00,2024-09-25 17:00:00,CÔNG TY TNHH MỘT THÀNH VIÊN HUY VŨ,XƯỞNG 340 - QUÂN KHU 5
1210,banra,1,7909091.00,2024-09-25 17:00:00,CÔNG TY TNHH MỘT THÀNH VIÊN HUY VŨ,CHI NHÁNH CÔNG TY CỔ PHẦN TƯ VẤN SÔNG ĐÀ - TRUNG TÂM THÍ NGHIỆM XÂY DỰNG SÔNG ĐÀ
1209,banra,1,25200000.00,2024-09-25 17:00:00,CÔNG TY TNHH MỘT THÀNH VIÊN HUY VŨ,CÔNG TY PHÁT TRIỂN THỦY ĐIỆN SÊ SAN - CHI NHÁNH TẬP ĐOÀN ĐIỆN LỰC VIỆT NAM
1208,banra,1,872728.00,2024-09-24 17:00:00,CÔNG TY TNHH MỘT THÀNH VIÊN HUY VŨ,CẢNG HÀNG KHÔNG PLEIKU - CHI NHÁNH TỔNG CÔNG TY CẢNG HÀNG KHÔNG VIỆT NAM - CTCP
1207,banra,1,2018182.00,2024-09-24 17:00:00,CÔNG TY TNHH MỘT THÀNH VIÊN HUY VŨ,CÔNG TY TNHH MỘT THÀNH VIÊN TƯ VẤN VÀ THIẾT KẾ XÂY DỰNG PHÚ QUANG VINH PHÁT
1206,banra,1,727273.00,2024-09-24 17:00:00,CÔNG TY TNHH MỘT THÀNH VIÊN HUY VŨ,TRUNG TÂM HẠ TẦNG MIỀN TRUNG
1205,banra,1,6627273.00,2024-09-24 17:00:00,CÔNG TY TNHH MỘT THÀNH VIÊN HUY VŨ,CÔNG TY TNHH HƯNG THẮNG LỢI GIA LAI
1204,banra,1,1360000.00,2024-09-23 17:00:00,CÔNG TY TNHH MỘT THÀNH VIÊN HUY VŨ,CỬA HÀNG MÁY VĂN PHÒNG HBT
1203,banra,1,18090909.00,2024-09-23 17:00:00,CÔNG TY TNHH MỘT THÀNH VIÊN HUY VŨ,CÔNG TY CỔ PHẦN TƯ VẤN GIAO THÔNG KHẢI NGUYÊN
1202,banra,1,454545.00,2024-09-23 17:00:00,CÔNG TY TNHH MỘT THÀNH VIÊN HUY VŨ,BAN QUẢN LÝ DỰ ÁN ĐIỆN 2 - CHI NHÁNH TẬP ĐOÀN ĐIỆN LỰC VIỆT NAM
1201,banra,1,163636.00,2024-09-23 17:00:00,CÔNG TY TNHH MỘT THÀNH VIÊN HUY VŨ,CÔNG TY TRÁCH NHIỆM HỮU HẠN DƯƠNG ĐÔNG - GIA LAI
1200,banra,1,863636.00,2024-09-23 17:00:00,CÔNG TY TNHH MỘT THÀNH VIÊN HUY VŨ,TRƯỜNG TRUNG HỌC CƠ SỞ ANH HÙNG WỪU
1199,banra,1,718181.00,2024-09-23 17:00:00,CÔNG TY TNHH MỘT THÀNH VIÊN HUY VŨ,CÔNG TY TNHH GOLDWIND INTERNATIONAL VIỆT NAM
1198,banra,1,8754545.00,2024-09-23 17:00:00,CÔNG TY TNHH MỘT THÀNH VIÊN HUY VŨ,XÍ NGHIỆP KHẢO SÁT THIẾT KẾ - CHI NHÁNH TỔNG CÔNG TY 15
1197,banra,1,1318182.00,2024-09-23 17:00:00,CÔNG TY TNHH MỘT THÀNH VIÊN HUY VŨ,CÔNG TY TNHH MỘT THÀNH VIÊN TỔNG CÔNG TY 15 - CHI NHÁNH 710
1196,banra,1,2018182.00,2024-09-22 17:00:00,CÔNG TY TNHH MỘT THÀNH VIÊN HUY VŨ,CHI NHÁNH MIỀN TRUNG - TỔNG CÔNG TY XÂY DỰNG TRƯỜNG SƠN
1195,banra,1,3636364.00,2024-09-22 17:00:00,CÔNG TY TNHH MỘT THÀNH VIÊN HUY VŨ,CÔNG TY TNHH MỘT THÀNH VIÊN TƯ VẤN VÀ THIẾT KẾ XÂY DỰNG PHÚ QUANG VINH PHÁT
1194,banra,1,12727273.00,2024-09-22 17:00:00,CÔNG TY TNHH MỘT THÀNH VIÊN HUY VŨ,"HỘI ĐỒNG BỒI THƯỜNG, HỖ TRỢ VÀ TÁI ĐỊNH CƯ DỰ ÁN HỒ THỊ TRẤN PHÚ HÒA, HUYỆN CHƯ PĂH"
1193,banra,1,15445455.00,2024-09-22 17:00:00,CÔNG TY TNHH MỘT THÀNH VIÊN HUY VŨ,TRƯỜNG TRUNG HỌC CƠ SỞ NGÔ GIA TỰ
1192,banra,1,1281818.00,2024-09-22 17:00:00,CÔNG TY TNHH MỘT THÀNH VIÊN HUY VŨ,CÔNG TY CỔ PHẦN HOÀNG ANH GIA LAI
1191,banra,1,872727.00,2024-09-21 17:00:00,CÔNG TY TNHH MỘT THÀNH VIÊN HUY VŨ,BAN QUẢN LÝ KHU BẢO TỒN THIÊN NHIÊN KON CHƯ RĂNG
1190,banra,1,300000.00,2024-09-21 17:00:00,CÔNG TY TNHH MỘT THÀNH VIÊN HUY VŨ,CÔNG TY TNHH MỘT THÀNH VIÊN NGUYÊN THƯỢNG
1189,banra,1,1263636.00,2024-09-21 17:00:00,CÔNG TY TNHH MỘT THÀNH VIÊN HUY VŨ,CÔNG TY TNHH MỘT THÀNH VIÊN NGUYÊN THƯỢNG
1188,banra,1,2045455.00,2024-09-21 17:00:00,CÔNG TY TNHH MỘT THÀNH VIÊN HUY VŨ,CÔNG TY TRÁCH NHIỆM HỮU HẠN THIÊN ÂN AUTO GIA LAI
1187,banra,1,7936364.00,2024-09-20 17:00:00,CÔNG TY TNHH MỘT THÀNH VIÊN HUY VŨ,Công Ty TNHH MTV PTNN Đại Thắng ( MST : 838051843-900 )
1186,banra,1,463636.00,2024-09-20 17:00:00,CÔNG TY TNHH MỘT THÀNH VIÊN HUY VŨ,CÔNG TY CỔ PHẦN GIÁO DỤC ĐỨC BẢN
342298,muavao,1,274000.00,2024-05-31 17:00:00,TRUNG TÂM KINH DOANH VNPT - GIA LAI - CHI NHÁNH TỔNG CÔNG TY DỊCH VỤ VIỄN THÔNG,Công Ty TNHH MTV Huy Vũ
1185,banra,1,3954545.00,2024-09-20 17:00:00,CÔNG TY TNHH MỘT THÀNH VIÊN HUY VŨ,TRƯỜNG MẪU GIÁO SAO MAI
1184,banra,1,900000.00,2024-09-19 17:00:00,CÔNG TY TNHH MỘT THÀNH VIÊN HUY VŨ,VƯỜN QUỐC GIA KON KA KINH
1183,banra,1,7000000.00,2024-09-19 17:00:00,CÔNG TY TNHH MỘT THÀNH VIÊN HUY VŨ,CÔNG TY CỔ PHẦN CHẾ BIẾN GỖ CAO SU CHƯ PĂH
1182,banra,1,954545.00,2024-09-19 17:00:00,CÔNG TY TNHH MỘT THÀNH VIÊN HUY VŨ,CÔNG TY TRÁCH NHIỆM HỮU HẠN MỘT THÀNH VIÊN ANH KHOA MOTOR
1181,banra,1,81819.00,2024-09-19 17:00:00,CÔNG TY TNHH MỘT THÀNH VIÊN HUY VŨ,CÔNG TY CỔ PHẦN VIỆT TINH ANH
1180,banra,1,1227273.00,2024-09-19 17:00:00,CÔNG TY TNHH MỘT THÀNH VIÊN HUY VŨ,CÔNG TY CỔ PHẦN TRƯỜNG PHỔ THÔNG NGUYỄN VĂN LINH GIA LAI
1179,banra,1,1454546.00,2024-09-19 17:00:00,CÔNG TY TNHH MỘT THÀNH VIÊN HUY VŨ,CHI NHÁNH MIỀN TRUNG - CÔNG TY TNHH MỘT THÀNH VIÊN TRẮC ĐỊA BẢN ĐỒ
1178,banra,1,1772727.00,2024-09-19 17:00:00,CÔNG TY TNHH MỘT THÀNH VIÊN HUY VŨ,HỘ KINH DOANH PHAN VĂN MINH
1177,banra,1,545455.00,2024-09-19 17:00:00,CÔNG TY TNHH MỘT THÀNH VIÊN HUY VŨ,TRUNG TÂM NGHIÊN CỨU & CHUYỂN GIAO KỸ THUẬT TÂY NGUYÊN
1176,banra,1,681818.00,2024-09-19 17:00:00,CÔNG TY TNHH MỘT THÀNH VIÊN HUY VŨ,CÔNG TY TNHH VIỆT NAM HARVEST
1175,banra,1,5354545.00,2024-09-19 17:00:00,CÔNG TY TNHH MỘT THÀNH VIÊN HUY VŨ,CÔNG TY TNHH HỒ TIÊU NGŨ SẮC
1174,banra,1,18081818.00,2024-09-19 17:00:00,CÔNG TY TNHH MỘT THÀNH VIÊN HUY VŨ,CÔNG TY CỔ PHẦN GIÁO DỤC ĐỨC BẢN
1173,banra,1,8354545.00,2024-09-19 17:00:00,CÔNG TY TNHH MỘT THÀNH VIÊN HUY VŨ,MÁY VĂN PHÒNG PHƯƠNG NAM
1172,banra,1,24709091.00,2024-09-18 17:00:00,CÔNG TY TNHH MỘT THÀNH VIÊN HUY VŨ,CÔNG TY CỔ PHẦN GIA SÚC LƠ PANG
1171,banra,1,2727273.00,2024-09-18 17:00:00,CÔNG TY TNHH MỘT THÀNH VIÊN HUY VŨ,BAN QUẢN LÝ DỰ ÁN  QUÂN ĐOÀN 3
1170,banra,1,1818182.00,2024-09-18 17:00:00,CÔNG TY TNHH MỘT THÀNH VIÊN HUY VŨ,PHÒNG AN NINH CHÍNH TRỊ NỘI BỘ - CÔNG AN TỈNH GIA LAI
1169,banra,1,49909091.00,2024-09-18 17:00:00,CÔNG TY TNHH MỘT THÀNH VIÊN HUY VŨ,BQLDA / SƯ ĐOÀN 320 / QUÂN ĐOÀN 3
1168,banra,1,2100000.00,2024-09-18 17:00:00,CÔNG TY TNHH MỘT THÀNH VIÊN HUY VŨ,BQLDA / SƯ ĐOÀN 320 / QUÂN ĐOÀN 3
1167,banra,1,572727.00,2024-09-18 17:00:00,CÔNG TY TNHH MỘT THÀNH VIÊN HUY VŨ,NGÂN HÀNG THƯƠNG MẠI CỔ PHẦN CÔNG THƯƠNG VIỆT NAM – CHI NHÁNH GIA LAI
1166,banra,1,3645455.00,2024-09-18 17:00:00,CÔNG TY TNHH MỘT THÀNH VIÊN HUY VŨ,AGRIBANK  CHI NHÁNH THÀNH PHỐ PLEIKU GIA LAI
1165,banra,1,12438182.00,2024-09-17 17:00:00,CÔNG TY TNHH MỘT THÀNH VIÊN HUY VŨ,CÔNG TY TNHH MỘT THÀNH VIÊN NGỌC BÍCH GIA LAI
1164,banra,1,8900000.00,2024-09-17 17:00:00,CÔNG TY TNHH MỘT THÀNH VIÊN HUY VŨ,CÔNG TY TNHH MỘT THÀNH VIÊN ĐÔNG QUÂN GIA LAI
1163,banra,1,2709091.00,2024-09-17 17:00:00,CÔNG TY TNHH MỘT THÀNH VIÊN HUY VŨ,CÔNG TY TNHH ATYCO
1162,banra,1,13690909.00,2024-09-16 17:00:00,CÔNG TY TNHH MỘT THÀNH VIÊN HUY VŨ,CÔNG TY TNHH MỘT THÀNH VIÊN TM&DV ĐỨC MINH HẢI
1161,banra,1,1045455.00,2024-09-16 17:00:00,CÔNG TY TNHH MỘT THÀNH VIÊN HUY VŨ,LIÊN ĐOÀN BÓNG ĐÁ VIỆT NAM
1160,banra,1,36454545.00,2024-09-16 17:00:00,CÔNG TY TNHH MỘT THÀNH VIÊN HUY VŨ,BQLDA / SƯ ĐOÀN 320 / QUÂN ĐOÀN 3
1159,banra,1,2000000.00,2024-09-16 17:00:00,CÔNG TY TNHH MỘT THÀNH VIÊN HUY VŨ,CHI NHÁNH MIỀN TRUNG - TỔNG CÔNG TY XÂY DỰNG TRƯỜNG SƠN
1158,banra,1,909091.00,2024-09-16 17:00:00,CÔNG TY TNHH MỘT THÀNH VIÊN HUY VŨ,HOÀNG THỊ HỒNG MINH - CỬA HÀNG THƯƠNG MẠI VÀ DỊCH VỤ THIẾT BỊ VĂN PHÒNG MINH PHÁT
1157,banra,1,4363636.00,2024-09-16 17:00:00,CÔNG TY TNHH MỘT THÀNH VIÊN HUY VŨ,CÔNG TY TRÁCH NHIỆM HỮU HẠN ĐỨC DUNG
1156,banra,1,7136364.00,2024-09-16 17:00:00,CÔNG TY TNHH MỘT THÀNH VIÊN HUY VŨ,VĂN PHÒNG ĐIỀU PHỐI CHƯƠNG TRÌNH MTQG XÂY DỰNG NÔNG THÔN MỚI TỈNH GIA LAI
1155,banra,1,672728.00,2024-09-16 17:00:00,CÔNG TY TNHH MỘT THÀNH VIÊN HUY VŨ,ỦY BAN NHÂN DÂN XÃ ĐĂK TA LEY
1154,banra,1,336364.00,2024-09-16 17:00:00,CÔNG TY TNHH MỘT THÀNH VIÊN HUY VŨ,TRUNG TÂM GIÁO DỤC THƯỜNG XUYÊN TỈNH GIA LAI
1153,banra,1,6627273.00,2024-09-16 17:00:00,CÔNG TY TNHH MỘT THÀNH VIÊN HUY VŨ,CÔNG TY CỔ PHẦN HOÀNG ANH GIA LAI
1152,banra,1,1500000.00,2024-09-16 17:00:00,CÔNG TY TNHH MỘT THÀNH VIÊN HUY VŨ,CÔNG TY TNHH MỘT THÀNH VIÊN CÂY ĂN TRÁI THAGRICO CAO NGUYÊN
1151,banra,1,300000.00,2024-09-16 17:00:00,CÔNG TY TNHH MỘT THÀNH VIÊN HUY VŨ,CÔNG TY TRÁCH NHIỆM HỮU HẠN THỦY ĐIỆN TÂY NGUYÊN
1150,banra,1,9000000.00,2024-09-16 17:00:00,CÔNG TY TNHH MỘT THÀNH VIÊN HUY VŨ,CÔNG TY TNHH MỘT THÀNH VIÊN TỔNG CÔNG TY 15 - CHI NHÁNH 710
1149,banra,1,14263636.00,2024-09-15 17:00:00,CÔNG TY TNHH MỘT THÀNH VIÊN HUY VŨ,BINH ĐOÀN 15
1148,banra,1,330000.00,2024-09-15 17:00:00,CÔNG TY TNHH MỘT THÀNH VIÊN HUY VŨ,BINH ĐOÀN 15
1147,banra,1,7272727.00,2024-09-15 17:00:00,CÔNG TY TNHH MỘT THÀNH VIÊN HUY VŨ,PHÒNG CHÍNH TRỊ - SƯ ĐOÀN 320
1146,banra,1,36818182.00,2024-09-15 17:00:00,CÔNG TY TNHH MỘT THÀNH VIÊN HUY VŨ,BQLDA / SƯ ĐOÀN 320 / QUÂN ĐOÀN 3
1145,banra,1,3545455.00,2024-09-15 17:00:00,CÔNG TY TNHH MỘT THÀNH VIÊN HUY VŨ,TRƯỜNG TIỂU HỌC TÂN BÌNH
1144,banra,1,1409091.00,2024-09-14 17:00:00,CÔNG TY TNHH MỘT THÀNH VIÊN HUY VŨ,CÔNG TY CỔ PHẦN XÂY DỰNG THUỶ LỢI I
1143,banra,1,5272727.00,2024-09-14 17:00:00,CÔNG TY TNHH MỘT THÀNH VIÊN HUY VŨ,CHI NHÁNH XĂNG DẦU QUÂN ĐỘI KHU VỰC TÂY NGUYÊN - CÔNG TY TNHH MỘT THÀNH VIÊN TỔNG CÔNG TY XĂNG DẦU QUÂN ĐỘI
1142,banra,1,7227273.00,2024-09-13 17:00:00,CÔNG TY TNHH MỘT THÀNH VIÊN HUY VŨ,CHI NHÁNH CÔNG TY TNHH XÂY DỰNG VÀ SẢN XUẤT THIẾT BỊ ĐIỆN GIA LAI - XÍ NGHIỆP DỊCH VỤ ĐIỆN LỰC 3
1141,banra,1,954545.00,2024-09-13 17:00:00,CÔNG TY TNHH MỘT THÀNH VIÊN HUY VŨ,CÔNG TY TNHH VẬN TẢI HỒNG HẢI
1140,banra,1,600000.00,2024-09-13 17:00:00,CÔNG TY TNHH MỘT THÀNH VIÊN HUY VŨ,BQLDA / SƯ ĐOÀN 320 / QUÂN ĐOÀN 3
1139,banra,1,772727.00,2024-09-13 17:00:00,CÔNG TY TNHH MỘT THÀNH VIÊN HUY VŨ,CÔNG TY CỔ PHẦN XÂY DỰNG VÀ VẬN TẢI GIA LAI
1555,banra,1,2709091.00,2024-12-12 17:00:00,CÔNG TY TNHH MỘT THÀNH VIÊN HUY VŨ,Tiểu Đoàn Bộ Binh 50
1138,banra,1,26043636.00,2024-09-13 17:00:00,CÔNG TY TNHH MỘT THÀNH VIÊN HUY VŨ,BQLDA / SƯ ĐOÀN 320 / QUÂN ĐOÀN 3
1137,banra,1,17409091.00,2024-09-12 17:00:00,CÔNG TY TNHH MỘT THÀNH VIÊN HUY VŨ,CÔNG TY CỔ PHẦN TRƯỜNG PHỔ THÔNG NGUYỄN VĂN LINH GIA LAI
1136,banra,1,11354545.00,2024-09-12 17:00:00,CÔNG TY TNHH MỘT THÀNH VIÊN HUY VŨ,TRƯỜNG THCS NGUYỄN HUỆ
1135,banra,1,2718182.00,2024-09-12 17:00:00,CÔNG TY TNHH MỘT THÀNH VIÊN HUY VŨ,HỘ KINH DOANH VÕ THỊ PHƯƠNG THẢO
1134,banra,1,681819.00,2024-09-12 17:00:00,CÔNG TY TNHH MỘT THÀNH VIÊN HUY VŨ,HỘ KINH DOANH PHÚ QUÝ
1133,banra,3,0.00,2024-09-11 17:00:00,CÔNG TY TNHH MỘT THÀNH VIÊN HUY VŨ,HỘ KINH DOANH VÕ THỊ PHƯƠNG THẢO
1132,banra,1,1590909.00,2024-09-11 17:00:00,CÔNG TY TNHH MỘT THÀNH VIÊN HUY VŨ,TRUNG TÂM Y TẾ THÀNH PHỐ PLEIKU
1131,banra,1,6345455.00,2024-09-11 17:00:00,CÔNG TY TNHH MỘT THÀNH VIÊN HUY VŨ,TRƯỜNG TIỂU HỌC VÀ TRUNG HỌC CƠ SỞ NGUYỄN ĐÌNH CHIỂU
1130,banra,1,2546296.00,2024-09-11 17:00:00,CÔNG TY TNHH MỘT THÀNH VIÊN HUY VŨ,CÔNG TY TRÁCH NHIỆM HỮU HẠN 30-4 GIA LAI
1129,banra,1,118182.00,2024-09-11 17:00:00,CÔNG TY TNHH MỘT THÀNH VIÊN HUY VŨ,CÔNG TY TRÁCH NHIỆM HỮU HẠN MỘT THÀNH VIÊN TRIỆU HẢI GIA LAI
1128,banra,1,1718182.00,2024-09-11 17:00:00,CÔNG TY TNHH MỘT THÀNH VIÊN HUY VŨ,NHÀ THIẾU NHI THÀNH PHỐ PLEIKU
1127,banra,1,118182.00,2024-09-10 17:00:00,CÔNG TY TNHH MỘT THÀNH VIÊN HUY VŨ,CHI NHÁNH CÔNG TY TNHH LOTTERIA VIỆT NAM TẠI TỈNH GIA LAI
1126,banra,5,2718182.00,2024-09-10 17:00:00,CÔNG TY TNHH MỘT THÀNH VIÊN HUY VŨ,CÔNG TY CỔ PHẦN BỆNH VIỆN ĐẠI HỌC Y DƯỢC - HOÀNG ANH GIA LAI
1125,banra,1,126364.00,2024-09-10 17:00:00,CÔNG TY TNHH MỘT THÀNH VIÊN HUY VŨ,CÔNG TY CỔ PHẦN GIAO THÔNG SỐ VIỆT NAM
1124,banra,1,1500000.00,2024-09-10 17:00:00,CÔNG TY TNHH MỘT THÀNH VIÊN HUY VŨ,TRƯỜNG TIỂU HỌC NGUYỄN BỈNH KHIÊM
1123,banra,1,650000.00,2024-09-10 17:00:00,CÔNG TY TNHH MỘT THÀNH VIÊN HUY VŨ,TRƯỜNG TIỂU HỌC NGUYỄN BỈNH KHIÊM
1122,banra,1,1109091.00,2024-09-10 17:00:00,CÔNG TY TNHH MỘT THÀNH VIÊN HUY VŨ,BAN QUẢN LÝ DỰ ÁN  QUÂN ĐOÀN 3
1121,banra,1,244363636.00,2024-09-10 17:00:00,CÔNG TY TNHH MỘT THÀNH VIÊN HUY VŨ,CÔNG TY TNHH ĐIỆN TỬ TIN HỌC KIM PHÁT
1120,banra,1,1818182.00,2024-09-10 17:00:00,CÔNG TY TNHH MỘT THÀNH VIÊN HUY VŨ,"PHÒNG CHÍNH TRỊ , CỤC HẬU CẦN , QUÂN ĐOÀN 3"
1119,banra,1,9545455.00,2024-09-10 17:00:00,CÔNG TY TNHH MỘT THÀNH VIÊN HUY VŨ,"PHÒNG CHÍNH TRỊ , CỤC HẬU CẦN , QUÂN ĐOÀN 3"
1118,banra,1,1818182.00,2024-09-10 17:00:00,CÔNG TY TNHH MỘT THÀNH VIÊN HUY VŨ,"PHÒNG CHÍNH TRỊ , CỤC HẬU CẦN , QUÂN ĐOÀN 3"
1117,banra,1,727273.00,2024-09-10 17:00:00,CÔNG TY TNHH MỘT THÀNH VIÊN HUY VŨ,CHI NHÁNH MIỀN TRUNG - CÔNG TY TNHH MỘT THÀNH VIÊN TRẮC ĐỊA BẢN ĐỒ
1116,banra,1,57818182.00,2024-09-09 17:00:00,CÔNG TY TNHH MỘT THÀNH VIÊN HUY VŨ,CÔNG TY TNHH ĐIỆN TỬ TIN HỌC KIM PHÁT
1115,banra,1,4990909.00,2024-09-09 17:00:00,CÔNG TY TNHH MỘT THÀNH VIÊN HUY VŨ,TRƯỜNG TIỂU HỌC LÊ HỒNG PHONG
1114,banra,1,8854545.00,2024-09-09 17:00:00,CÔNG TY TNHH MỘT THÀNH VIÊN HUY VŨ,CÔNG TY CỔ PHẦN CƠ KHÍ GIAO THÔNG TTB
1113,banra,1,718182.00,2024-09-09 17:00:00,CÔNG TY TNHH MỘT THÀNH VIÊN HUY VŨ,CÔNG TY CP ĐẦU TƯ VÀ XÂY DỰNG HDC GIA LAI
1112,banra,1,5354545.00,2024-09-09 17:00:00,CÔNG TY TNHH MỘT THÀNH VIÊN HUY VŨ,CHI NHÁNH CÔNG TY TNHH OLAM TẠI TỈNH GIA LAI
1111,banra,1,9063637.00,2024-09-09 17:00:00,CÔNG TY TNHH MỘT THÀNH VIÊN HUY VŨ,CÔNG TY CỔ PHẦN TƯ VẤN XÂY DỰNG GIAO THÔNG AN BÌNH
1110,banra,1,19081818.00,2024-09-09 17:00:00,CÔNG TY TNHH MỘT THÀNH VIÊN HUY VŨ,CÔNG TY CỔ PHẦN NICOTEX GIA LAI
1109,banra,1,4500000.00,2024-09-09 17:00:00,CÔNG TY TNHH MỘT THÀNH VIÊN HUY VŨ,CÔNG TY TNHH SAO VIỆT GIA LAI
1108,banra,1,3163636.00,2024-09-08 17:00:00,CÔNG TY TNHH MỘT THÀNH VIÊN HUY VŨ,CÔNG TY TNHH MỘT THÀNH VIÊN PCCC NGỌC MINH
1305,banra,1,254546.00,2024-10-17 17:00:00,CÔNG TY TNHH MỘT THÀNH VIÊN HUY VŨ,BAN QUẢN LÝ RỪNG PHÒNG HỘ HÀ RA
1107,banra,1,136364.00,2024-09-08 17:00:00,CÔNG TY TNHH MỘT THÀNH VIÊN HUY VŨ,CÔNG TY CỔ PHẦN DU LỊCH GIA LAI
1106,banra,1,330000.00,2024-09-08 17:00:00,CÔNG TY TNHH MỘT THÀNH VIÊN HUY VŨ,CÔNG TY CỔ PHẦN THỦY ĐIỆN HOÀNG ANH TÔNA
1105,banra,1,3954545.00,2024-09-07 17:00:00,CÔNG TY TNHH MỘT THÀNH VIÊN HUY VŨ,CÔNG TY TNHH SAO VIỆT GIA LAI
1104,banra,1,12909091.00,2024-09-07 17:00:00,CÔNG TY TNHH MỘT THÀNH VIÊN HUY VŨ,
1103,banra,1,763636.00,2024-09-07 17:00:00,CÔNG TY TNHH MỘT THÀNH VIÊN HUY VŨ,CÔNG TY TNHH MTV KIẾN TRÚC VÀ XÂY DỰNG AZ HOUSE
1102,banra,1,12909091.00,2024-09-07 17:00:00,CÔNG TY TNHH MỘT THÀNH VIÊN HUY VŨ,
1101,banra,1,11181818.00,2024-09-06 17:00:00,CÔNG TY TNHH MỘT THÀNH VIÊN HUY VŨ,
1100,banra,1,12000000.00,2024-09-06 17:00:00,CÔNG TY TNHH MỘT THÀNH VIÊN HUY VŨ,
1099,banra,1,12000000.00,2024-09-06 17:00:00,CÔNG TY TNHH MỘT THÀNH VIÊN HUY VŨ,
1098,banra,1,11090909.00,2024-09-06 17:00:00,CÔNG TY TNHH MỘT THÀNH VIÊN HUY VŨ,
1097,banra,1,981818.00,2024-09-06 17:00:00,CÔNG TY TNHH MỘT THÀNH VIÊN HUY VŨ,CÔNG TY TNHH XÂY DỰNG CÔNG NÔNG NGHIỆP THADICO
1096,banra,1,2200000.00,2024-09-06 17:00:00,CÔNG TY TNHH MỘT THÀNH VIÊN HUY VŨ,Ban Quản lý dự án CSDE
1095,banra,1,15909091.00,2024-09-06 17:00:00,CÔNG TY TNHH MỘT THÀNH VIÊN HUY VŨ,
1094,banra,1,14636364.00,2024-09-06 17:00:00,CÔNG TY TNHH MỘT THÀNH VIÊN HUY VŨ,
1093,banra,1,4350000.00,2024-09-05 17:00:00,CÔNG TY TNHH MỘT THÀNH VIÊN HUY VŨ,CÔNG TY CỔ PHẦN HOÀNG ANH GIA LAI
1092,banra,1,10636364.00,2024-09-05 17:00:00,CÔNG TY TNHH MỘT THÀNH VIÊN HUY VŨ,UỶ BAN NHÂN DÂN PHƯỜNG HỘI PHÚ
1091,banra,1,3172727.00,2024-09-05 17:00:00,CÔNG TY TNHH MỘT THÀNH VIÊN HUY VŨ,TRƯỜNG TIỂU HỌC BÙI DỰ
1089,banra,1,17472727.00,2024-09-05 17:00:00,CÔNG TY TNHH MỘT THÀNH VIÊN HUY VŨ,CÔNG TY TNHH MTV TUẤN PHƯỢNG GIA LAI
1088,banra,1,2218182.00,2024-09-05 17:00:00,CÔNG TY TNHH MỘT THÀNH VIÊN HUY VŨ,HỘ KINH DOANH PHAN VĂN MINH
1087,banra,1,2409091.00,2024-09-05 17:00:00,CÔNG TY TNHH MỘT THÀNH VIÊN HUY VŨ,CÔNG TY TNHH MỘT THÀNH VIÊN PHÁT THÀNH LỘC GIA LAI
1086,banra,1,15800000.00,2024-09-05 17:00:00,CÔNG TY TNHH MỘT THÀNH VIÊN HUY VŨ,VIETTEL GIA LAI – CHI NHÁNH TẬP ĐOÀN CÔNG NGHIỆP - VIỄN THÔNG QUÂN ĐỘI
1085,banra,1,1272727.00,2024-09-04 17:00:00,CÔNG TY TNHH MỘT THÀNH VIÊN HUY VŨ,CÔNG TY CỔ PHẦN HOÀNG ANH GIA LAI
1084,banra,1,2527273.00,2024-09-04 17:00:00,CÔNG TY TNHH MỘT THÀNH VIÊN HUY VŨ,CÔNG TY TNHH XÂY DỰNG CÔNG NÔNG NGHIỆP THADICO
1083,banra,1,163636.00,2024-09-04 17:00:00,CÔNG TY TNHH MỘT THÀNH VIÊN HUY VŨ,UBND  PHƯỜNG HỘI THƯƠNG
1082,banra,1,1227273.00,2024-09-04 17:00:00,CÔNG TY TNHH MỘT THÀNH VIÊN HUY VŨ,CÔNG TY TNHH DỊCH VỤ NÔNG NGHIỆP TÂY NGUYÊN
1081,banra,1,254545.00,2024-09-03 17:00:00,CÔNG TY TNHH MỘT THÀNH VIÊN HUY VŨ,BAN CHỈ HUY QUÂN SỰ HUYỆN CHƯ PĂH
1080,banra,1,10181818.00,2024-09-03 17:00:00,CÔNG TY TNHH MỘT THÀNH VIÊN HUY VŨ,CÔNG TY TNHH MỘT THÀNH VIÊN TƯ VẤN XÂY DỰNG HẠ TẦNG GIA LAI
1358,banra,1,5354545.00,2024-10-30 17:00:00,CÔNG TY TNHH MỘT THÀNH VIÊN HUY VŨ,CÔNG TY TNHH TÀI NGUYÊN MÔI TRƯỜNG HOÀNG LONG
1357,banra,1,2709091.00,2024-10-30 17:00:00,CÔNG TY TNHH MỘT THÀNH VIÊN HUY VŨ,CÔNG TY TRÁCH NHIỆM HỮU HẠN MỘT THÀNH VIÊN THIẾT BỊ Y TẾ CHÂU THANH
1356,banra,1,23272727.00,2024-10-30 17:00:00,CÔNG TY TNHH MỘT THÀNH VIÊN HUY VŨ,BAN NỘI CHÍNH TỈNH ỦY
1355,banra,1,12081818.00,2024-10-30 17:00:00,CÔNG TY TNHH MỘT THÀNH VIÊN HUY VŨ,CÔNG TY TNHH MỘT THÀNH VIÊN TM DV XNK PHẠM GIA KHANG
1354,banra,1,1181818.00,2024-10-30 17:00:00,CÔNG TY TNHH MỘT THÀNH VIÊN HUY VŨ,CÔNG TY TNHH MTV ĐỒNG TÂN CHƯ SÊ
1353,banra,1,5409091.00,2024-10-30 17:00:00,CÔNG TY TNHH MỘT THÀNH VIÊN HUY VŨ,TRƯỜNG THPT NGUYỄN THỊ MINH KHAI
1352,banra,1,227273.00,2024-10-29 17:00:00,CÔNG TY TNHH MỘT THÀNH VIÊN HUY VŨ,CÔNG TY CỔ PHẦN ĐẦU TƯ VÀ XÂY DỰNG TRƯỜNG THỊNH
1351,banra,1,1409091.00,2024-10-29 17:00:00,CÔNG TY TNHH MỘT THÀNH VIÊN HUY VŨ,CÔNG TY TNHH MỘT THÀNH VIÊN NGỌC BÍCH GIA LAI
1350,banra,1,836364.00,2024-10-29 17:00:00,CÔNG TY TNHH MỘT THÀNH VIÊN HUY VŨ,CỬA HÀNG MÁY VĂN PHÒNG HBT
1349,banra,1,3172727.00,2024-10-29 17:00:00,CÔNG TY TNHH MỘT THÀNH VIÊN HUY VŨ,CÔNG TY TRÁCH NHIỆM HỮU HẠN BAKA
1348,banra,1,4363636.00,2024-10-29 17:00:00,CÔNG TY TNHH MỘT THÀNH VIÊN HUY VŨ,XƯỞNG 340 - QUÂN KHU 5
1347,banra,1,10295455.00,2024-10-28 17:00:00,CÔNG TY TNHH MỘT THÀNH VIÊN HUY VŨ,MÁY VĂN PHÒNG PHƯƠNG NAM
1346,banra,1,56800000.00,2024-10-28 17:00:00,CÔNG TY TNHH MỘT THÀNH VIÊN HUY VŨ,CÔNG TY DỊCH VỤ ĐIỆN LỰC MIỀN TRUNG
1345,banra,1,7272727.00,2024-10-28 17:00:00,CÔNG TY TNHH MỘT THÀNH VIÊN HUY VŨ,BỘ CHỈ HUY BỘ ĐỘI BIÊN PHÒNG TỈNH GIA LAI
1344,banra,1,254545.00,2024-10-28 17:00:00,CÔNG TY TNHH MỘT THÀNH VIÊN HUY VŨ,CÔNG TY BẢO VIỆT GIA LAI
1343,banra,1,3545455.00,2024-10-28 17:00:00,CÔNG TY TNHH MỘT THÀNH VIÊN HUY VŨ,CÔNG TY DỊCH VỤ ĐIỆN LỰC MIỀN TRUNG
1342,banra,1,7272727.00,2024-10-28 17:00:00,CÔNG TY TNHH MỘT THÀNH VIÊN HUY VŨ,CHI NHÁNH MIỀN TRUNG - CÔNG TY TNHH MỘT THÀNH VIÊN TRẮC ĐỊA BẢN ĐỒ
1341,banra,1,1468182.00,2024-10-27 17:00:00,CÔNG TY TNHH MỘT THÀNH VIÊN HUY VŨ,CÔNG TY TNHH ANH QUÂN
1340,banra,1,16045455.00,2024-10-27 17:00:00,CÔNG TY TNHH MỘT THÀNH VIÊN HUY VŨ,BINH ĐOÀN 15 - CÔNG TY TNHH MTV TỔNG CÔNG TY 15
1339,banra,1,2454546.00,2024-10-27 17:00:00,CÔNG TY TNHH MỘT THÀNH VIÊN HUY VŨ,CÔNG TY TNHH MỘT THÀNH VIÊN HOÀNG HUY PHÁT
1338,banra,1,21927273.00,2024-10-25 17:00:00,CÔNG TY TNHH MỘT THÀNH VIÊN HUY VŨ,CÔNG TY TNHH ĐIỆN TỬ TIN HỌC KIM PHÁT
1304,banra,1,2172728.00,2024-10-17 17:00:00,CÔNG TY TNHH MỘT THÀNH VIÊN HUY VŨ,CÔNG TY TNHH MỘT THÀNH VIÊN CÀ PHÊ THU HƯỜNG
1337,banra,1,136745455.00,2024-10-25 17:00:00,CÔNG TY TNHH MỘT THÀNH VIÊN HUY VŨ,CÔNG TY TNHH MỘT THÀNH VIÊN VƯƠNG HÀ MY
1336,banra,1,7636364.00,2024-10-24 17:00:00,CÔNG TY TNHH MỘT THÀNH VIÊN HUY VŨ,CÔNG TY CỔ PHẦN DỊCH VỤ PLEIKU TOURIST
1335,banra,1,1500000.00,2024-10-24 17:00:00,CÔNG TY TNHH MỘT THÀNH VIÊN HUY VŨ,CÔNG TY TNHH MỘT THÀNH VIÊN ĐÔNG ANH
1334,banra,1,172727.00,2024-10-24 17:00:00,CÔNG TY TNHH MỘT THÀNH VIÊN HUY VŨ,CÔNG TY CỔ PHẦN DỊCH VỤ BẢO VỆ AN NINH ĐẤT VIỆT
1333,banra,1,180000.00,2024-10-24 17:00:00,CÔNG TY TNHH MỘT THÀNH VIÊN HUY VŨ,CHI NHÁNH CÔNG TY TNHH OLAM TẠI TỈNH GIA LAI
1332,banra,1,24236363.00,2024-10-23 17:00:00,CÔNG TY TNHH MỘT THÀNH VIÊN HUY VŨ,CÔNG TY PHÁT TRIỂN THỦY ĐIỆN SÊ SAN - CHI NHÁNH TẬP ĐOÀN ĐIỆN LỰC VIỆT NAM
1331,banra,1,850000.00,2024-10-23 17:00:00,CÔNG TY TNHH MỘT THÀNH VIÊN HUY VŨ,MÁY VĂN PHÒNG PHƯƠNG NAM
1330,banra,1,263636.00,2024-10-23 17:00:00,CÔNG TY TNHH MỘT THÀNH VIÊN HUY VŨ,CHI NHÁNH CÔNG TY CỔ PHẦN MASCOPEX TẠI GIA LAI
1329,banra,1,9863635.00,2024-10-23 17:00:00,CÔNG TY TNHH MỘT THÀNH VIÊN HUY VŨ,MÁY VĂN PHÒNG PHƯƠNG NAM
1328,banra,1,727273.00,2024-10-23 17:00:00,CÔNG TY TNHH MỘT THÀNH VIÊN HUY VŨ,Đảng ủy xã nghĩa hòa huyện chư pah gia lai
1327,banra,1,436364.00,2024-10-23 17:00:00,CÔNG TY TNHH MỘT THÀNH VIÊN HUY VŨ,CÔNG TY TNHH THƯƠNG MẠI NGỌC HOA
1326,banra,1,580000.00,2024-10-23 17:00:00,CÔNG TY TNHH MỘT THÀNH VIÊN HUY VŨ,CÔNG TY TNHH MỘT THÀNH VIÊN CÂY ĂN TRÁI THAGRICO CAO NGUYÊN
1325,banra,1,6318182.00,2024-10-22 17:00:00,CÔNG TY TNHH MỘT THÀNH VIÊN HUY VŨ,XÍ NGHIỆP KHẢO SÁT THIẾT KẾ - CHI NHÁNH TỔNG CÔNG TY 15
1324,banra,1,15218182.00,2024-10-22 17:00:00,CÔNG TY TNHH MỘT THÀNH VIÊN HUY VŨ,CÔNG TY TNHH VIỆT NAM HARVEST
1323,banra,1,2354545.00,2024-10-22 17:00:00,CÔNG TY TNHH MỘT THÀNH VIÊN HUY VŨ,CÔNG TY CỔ PHẦN HOÀNG ANH GIA LAI
1322,banra,1,6431818.00,2024-10-22 17:00:00,CÔNG TY TNHH MỘT THÀNH VIÊN HUY VŨ,TRƯỜNG TIỂU HỌC NGUYỄN DU
1321,banra,1,3400000.00,2024-10-22 17:00:00,CÔNG TY TNHH MỘT THÀNH VIÊN HUY VŨ,CÔNG TY TNHH ĐIỆN TỬ TIN HỌC KIM PHÁT
1320,banra,1,330000.00,2024-10-22 17:00:00,CÔNG TY TNHH MỘT THÀNH VIÊN HUY VŨ,XƯỞNG 340 - QUÂN KHU 5
1319,banra,1,26445455.00,2024-10-22 17:00:00,CÔNG TY TNHH MỘT THÀNH VIÊN HUY VŨ,VĂN PHÒNG HĐND - UBND THÀNH PHỐ PLEIKU
1318,banra,1,530000.00,2024-10-21 17:00:00,CÔNG TY TNHH MỘT THÀNH VIÊN HUY VŨ,CÔNG TY TNHH THƯƠNG MẠI DỊCH VỤ FRUITSCO VN
1317,banra,1,140659091.00,2024-10-21 17:00:00,CÔNG TY TNHH MỘT THÀNH VIÊN HUY VŨ,CÔNG TY CỔ PHẦN THƯƠNG MẠI VISNAM
1316,banra,1,650000.00,2024-10-21 17:00:00,CÔNG TY TNHH MỘT THÀNH VIÊN HUY VŨ,CÔNG TY TRÁCH NHIỆM HỮU HẠN THỦY ĐIỆN TÂY NGUYÊN
1315,banra,1,40454546.00,2024-10-21 17:00:00,CÔNG TY TNHH MỘT THÀNH VIÊN HUY VŨ,HỘ KINH DOANH ĐẠI PHÚ
1314,banra,1,1000000.00,2024-10-20 17:00:00,CÔNG TY TNHH MỘT THÀNH VIÊN HUY VŨ,HỘ KINH DOANH PHAN VĂN MINH
1313,banra,1,1009259.00,2024-10-20 17:00:00,CÔNG TY TNHH MỘT THÀNH VIÊN HUY VŨ,CÔNG TY TNHH TƯ VẤN TÀI NGUYÊN VÀ MÔI TRƯỜNG QUANG MINH
1312,banra,1,23181818.00,2024-10-20 17:00:00,CÔNG TY TNHH MỘT THÀNH VIÊN HUY VŨ,ỦY BAN NHÂN DÂN XÃ IA VÊ
1311,banra,1,26272727.00,2024-10-20 17:00:00,CÔNG TY TNHH MỘT THÀNH VIÊN HUY VŨ,CÔNG TY TNHH SAO VIỆT GIA LAI
1310,banra,1,16890909.00,2024-10-20 17:00:00,CÔNG TY TNHH MỘT THÀNH VIÊN HUY VŨ,"Kho K897, Cục Quân khí, Tổng Cục Kỹ thuật"
1309,banra,1,75940909.00,2024-10-20 17:00:00,CÔNG TY TNHH MỘT THÀNH VIÊN HUY VŨ,CÔNG TY TNHH MTV CÔNG NGHỆ TIN HỌC THÀNH CÔNG
1308,banra,1,31936364.00,2024-10-20 17:00:00,CÔNG TY TNHH MỘT THÀNH VIÊN HUY VŨ,CÔNG TY TNHH MỘT THÀNH VIÊN TOÀN TRUNG
1307,banra,1,540000.00,2024-10-18 17:00:00,CÔNG TY TNHH MỘT THÀNH VIÊN HUY VŨ,PHÒNG KINH TẾ HẠ TẦNG HUYỆN CHƯ PĂH
1306,banra,1,11627273.00,2024-10-17 17:00:00,CÔNG TY TNHH MỘT THÀNH VIÊN HUY VŨ,CÔNG TY TNHH THƯƠNG MẠI VÀ CHẾ BIẾN LOUIS DREYFUS COMPANY VIỆT NAM
1303,banra,1,2718182.00,2024-10-16 17:00:00,CÔNG TY TNHH MỘT THÀNH VIÊN HUY VŨ,CÔNG TY CỔ PHẦN THUỶ ĐIỆN KÊNH BẮC - AYUN HẠ
1302,banra,1,16336364.00,2024-10-16 17:00:00,CÔNG TY TNHH MỘT THÀNH VIÊN HUY VŨ,CÔNG TY TRÁCH NHIỆM HỮU HẠN ITF GIA LAI
1301,banra,1,136364.00,2024-10-16 17:00:00,CÔNG TY TNHH MỘT THÀNH VIÊN HUY VŨ,CÔNG TY TNHH THƯƠNG MẠI DƯỢC PHẨM NGHINH PHONG
1300,banra,1,26363636.00,2024-10-16 17:00:00,CÔNG TY TNHH MỘT THÀNH VIÊN HUY VŨ,PHÒNG ĐIỀU TRA HÌNH SỰ - QUÂN ĐOÀN 3
1299,banra,1,10909091.00,2024-10-15 17:00:00,CÔNG TY TNHH MỘT THÀNH VIÊN HUY VŨ,CÔNG TY TNHH ĐIỆN TỬ TIN HỌC KIM PHÁT
1298,banra,1,87163636.00,2024-10-15 17:00:00,CÔNG TY TNHH MỘT THÀNH VIÊN HUY VŨ,CÔNG TY TRÁCH NHIỆM HỮU HẠN MỘT THÀNH VIÊN XĂNG DẦU BẮC TÂY NGUYÊN
1297,banra,1,72445455.00,2024-10-14 17:00:00,CÔNG TY TNHH MỘT THÀNH VIÊN HUY VŨ,CÔNG TY TNHH ĐIỆN TỬ TIN HỌC KIM PHÁT
1296,banra,1,1570000.00,2024-10-14 17:00:00,CÔNG TY TNHH MỘT THÀNH VIÊN HUY VŨ,CÔNG TY TNHH ĐẦU TƯ PHÁT TRIỂN VÀ CHUYỂN GIAO CÔNG NGHỆ VINA
1295,banra,1,3763636.00,2024-10-14 17:00:00,CÔNG TY TNHH MỘT THÀNH VIÊN HUY VŨ,CÔNG TY CỔ PHẦN DU LỊCH GIA LAI
1294,banra,1,18172727.00,2024-10-14 17:00:00,CÔNG TY TNHH MỘT THÀNH VIÊN HUY VŨ,CÔNG TY TNHH MỘT THÀNH VIÊN TOÀN TRUNG - CHI NHÁNH QUY NHƠN
1293,banra,1,43272729.00,2024-10-13 17:00:00,CÔNG TY TNHH MỘT THÀNH VIÊN HUY VŨ,CÔNG TY TNHH MỘT THÀNH VIÊN SẢN XUẤT THƯƠNG MẠI THÀNH ĐẠT RẠCH GIÁ
1292,banra,1,1227273.00,2024-10-13 17:00:00,CÔNG TY TNHH MỘT THÀNH VIÊN HUY VŨ,CÔNG TY TRÁCH NHIỆM HỮU HẠN MỘT THÀNH VIÊN XĂNG DẦU BẮC TÂY NGUYÊN
1291,banra,1,3854545.00,2024-10-13 17:00:00,CÔNG TY TNHH MỘT THÀNH VIÊN HUY VŨ,TRƯỜNG THPT PLEIKU
1290,banra,1,2218182.00,2024-10-13 17:00:00,CÔNG TY TNHH MỘT THÀNH VIÊN HUY VŨ,CÔNG TY CỔ PHẦN THỦY ĐIỆN SÔNG ĐÀ TÂY NGUYÊN
1289,banra,1,1227273.00,2024-10-13 17:00:00,CÔNG TY TNHH MỘT THÀNH VIÊN HUY VŨ,CÔNG TY TNHH MỘT THÀNH VIÊN KỸ THUẬT LÊ THƯƠNG
1287,banra,1,1863636.00,2024-10-13 17:00:00,CÔNG TY TNHH MỘT THÀNH VIÊN HUY VŨ,CÔNG TY TNHH HOÀNG MINH CHÂU KONTUM
1286,banra,1,618182.00,2024-10-12 17:00:00,CÔNG TY TNHH MỘT THÀNH VIÊN HUY VŨ,TỔNG CÔNG TY CÀ PHÊ VIỆT NAM – CÔNG TY TNHH MỘT THÀNH VIÊN
1285,banra,1,2709091.00,2024-10-11 17:00:00,CÔNG TY TNHH MỘT THÀNH VIÊN HUY VŨ,CÔNG TY TNHH NHẤT LÊ GIA LAI
1284,banra,1,118182.00,2024-10-11 17:00:00,CÔNG TY TNHH MỘT THÀNH VIÊN HUY VŨ,CÔNG TY CỔ PHẦN DỊCH VỤ GIAO HÀNG NHANH
1283,banra,1,1500000.00,2024-10-11 17:00:00,CÔNG TY TNHH MỘT THÀNH VIÊN HUY VŨ,CÔNG TY TNHH HOÀNG AUTO GIA LAI
1282,banra,1,272727.00,2024-10-11 17:00:00,CÔNG TY TNHH MỘT THÀNH VIÊN HUY VŨ,CÔNG TY CỔ PHẦN CỘNG ĐỒNG XE TẢI VIỆT NAM – CHI NHÁNH GIA LAI
1281,banra,1,1445455.00,2024-10-10 17:00:00,CÔNG TY TNHH MỘT THÀNH VIÊN HUY VŨ,Công Ty TNHH MTV PTNN Đại Thắng ( MST : 838051843-900 )
1280,banra,1,13636364.00,2024-10-10 17:00:00,CÔNG TY TNHH MỘT THÀNH VIÊN HUY VŨ,UỶ BAN NHÂN DÂN XÃ ĐĂK RING
1279,banra,1,845455.00,2024-10-10 17:00:00,CÔNG TY TNHH MỘT THÀNH VIÊN HUY VŨ,CÔNG TY TNHH NĂNG LƯỢNG SẠCH CAO NGUYÊN
1278,banra,1,1654545.00,2024-10-10 17:00:00,CÔNG TY TNHH MỘT THÀNH VIÊN HUY VŨ,HỘ KINH DOANH PHAN VĂN MINH
1277,banra,1,727273.00,2024-10-10 17:00:00,CÔNG TY TNHH MỘT THÀNH VIÊN HUY VŨ,Công ty TNHH MTV Thiết Bị Y Tế Thanh Lộc Phát
1276,banra,1,236364.00,2024-10-10 17:00:00,CÔNG TY TNHH MỘT THÀNH VIÊN HUY VŨ,CÔNG TY TNHH THỜI TRANG ELISE
1275,banra,1,15254545.00,2024-10-09 17:00:00,CÔNG TY TNHH MỘT THÀNH VIÊN HUY VŨ,CÔNG TY TNHH MTV THẮNG CHÍNH
1274,banra,1,51190909.00,2024-10-09 17:00:00,CÔNG TY TNHH MỘT THÀNH VIÊN HUY VŨ,CÔNG TY TRÁCH NHIỆM HỮU HẠN MỘT THÀNH VIÊN XĂNG DẦU BẮC TÂY NGUYÊN
1273,banra,1,10163637.00,2024-10-09 17:00:00,CÔNG TY TNHH MỘT THÀNH VIÊN HUY VŨ,TRUNG TÂM THIẾT BỊ MÁY VĂN PHÒNG TÂN MINH
1470,banra,1,1550000.00,2024-11-24 17:00:00,CÔNG TY TNHH MỘT THÀNH VIÊN HUY VŨ,CÔNG TY CỔ PHẦN GIA SÚC LƠ PANG
1272,banra,1,15854545.00,2024-10-09 17:00:00,CÔNG TY TNHH MỘT THÀNH VIÊN HUY VŨ,CÔNG TY TNHH SAO VIỆT GIA LAI
1271,banra,1,2000000.00,2024-10-08 17:00:00,CÔNG TY TNHH MỘT THÀNH VIÊN HUY VŨ,TRƯỜNG MẦM NON SAO KHUÊ
1270,banra,1,954545.00,2024-10-08 17:00:00,CÔNG TY TNHH MỘT THÀNH VIÊN HUY VŨ,CHI NHÁNH CÔNG TY TRÁCH NHIỆM HỮU HẠN CHERR YBLOSSOM NHA TRANG TẠI GIA LAI
1269,banra,1,4990909.00,2024-10-08 17:00:00,CÔNG TY TNHH MỘT THÀNH VIÊN HUY VŨ,TRUNG TÂM GIÁO DỤC NGHỀ NGHIỆP -GIÁO DỤC THƯỜNG XUYÊN HUYỆN ĐAK ĐOA
1268,banra,1,718182.00,2024-10-08 17:00:00,CÔNG TY TNHH MỘT THÀNH VIÊN HUY VŨ,KHO BẠC NHÀ NƯỚC GIA LAI
1267,banra,1,181819.00,2024-10-08 17:00:00,CÔNG TY TNHH MỘT THÀNH VIÊN HUY VŨ,CÔNG TY TNHH DỊCH VỤ BẢO VỆ AN NINH NHÂN VIỆT TC
1266,banra,1,9418182.00,2024-10-08 17:00:00,CÔNG TY TNHH MỘT THÀNH VIÊN HUY VŨ,CÔNG TY TNHH MỘT THÀNH VIÊN XÂY DỰNG - QUẢNG CÁO ANH MINH
1265,banra,1,136364.00,2024-10-08 17:00:00,CÔNG TY TNHH MỘT THÀNH VIÊN HUY VŨ,TRUNG TÂM HỖ TRỢ SÁNG KIẾN PHÁT TRIỂN CỘNG ĐỒNG
1264,banra,1,5600000.00,2024-10-08 17:00:00,CÔNG TY TNHH MỘT THÀNH VIÊN HUY VŨ,CÔNG TY CỔ PHẦN NÔNG NGHIỆP CÔNG NGHỆ CAO HƯNG SƠN
1263,banra,1,5354545.00,2024-10-07 17:00:00,CÔNG TY TNHH MỘT THÀNH VIÊN HUY VŨ,CÔNG TY TNHH DOANH NGHIỆP XÃ HỘI TỪ THIỆN VÀ HỖ TRỢ PHÁT TRIỂN CỘNG ĐỒNG FLY TO SKY
1262,banra,1,75218182.00,2024-10-07 17:00:00,CÔNG TY TNHH MỘT THÀNH VIÊN HUY VŨ,CÔNG TY TNHH ĐIỆN TỬ TIN HỌC KIM PHÁT
1261,banra,1,40663636.00,2024-10-07 17:00:00,CÔNG TY TNHH MỘT THÀNH VIÊN HUY VŨ,BỆNH VIỆN Y DƯỢC CỔ TRUYỀN & PHCN  GIA LAI
1260,banra,1,954545.00,2024-10-07 17:00:00,CÔNG TY TNHH MỘT THÀNH VIÊN HUY VŨ,CÔNG TY CỔ PHẦN DỊCH VỤ PLEIKU TOURIST
1259,banra,1,909091.00,2024-10-07 17:00:00,CÔNG TY TNHH MỘT THÀNH VIÊN HUY VŨ,CÔNG TY TNHH MỘT THÀNH VIÊN CÀ PHÊ 15
1258,banra,1,1590909.00,2024-10-07 17:00:00,CÔNG TY TNHH MỘT THÀNH VIÊN HUY VŨ,CÔNG TY PHÁT TRIỂN THỦY ĐIỆN SÊ SAN - CHI NHÁNH TẬP ĐOÀN ĐIỆN LỰC VIỆT NAM
57529571,muavao,1,22545.00,2024-10-11 17:00:00,NGÂN HÀNG TMCP Á CHÂU,CTY TNHH MTV HUY VU
1257,banra,1,881818.00,2024-10-07 17:00:00,CÔNG TY TNHH MỘT THÀNH VIÊN HUY VŨ,CÔNG TY BẢO VIỆT GIA LAI
1256,banra,1,727273.00,2024-10-06 17:00:00,CÔNG TY TNHH MỘT THÀNH VIÊN HUY VŨ,CƠ QUAN THƯỜNG TRỰC BÁO QUÂN ĐỘI TẠI GIA LAI
1255,banra,1,24000000.00,2024-10-06 17:00:00,CÔNG TY TNHH MỘT THÀNH VIÊN HUY VŨ,CÔNG TY TNHH ĐIỆN TỬ TIN HỌC KIM PHÁT
1254,banra,1,14272727.00,2024-10-06 17:00:00,CÔNG TY TNHH MỘT THÀNH VIÊN HUY VŨ,CÔNG TY CỔ PHẦN LA RI VIỆT NAM
1253,banra,1,1181818.00,2024-10-05 17:00:00,CÔNG TY TNHH MỘT THÀNH VIÊN HUY VŨ,CÔNG TY TRÁCH NHIỆM HỮU HẠN MỘT THÀNH VIÊN LÂM NGHIỆP ĐĂK ROONG
1252,banra,3,-2718182.00,2024-10-04 17:00:00,CÔNG TY TNHH MỘT THÀNH VIÊN HUY VŨ,CÔNG TY CỔ PHẦN BỆNH VIỆN ĐẠI HỌC Y DƯỢC - HOÀNG ANH GIA LAI
1251,banra,1,1500000.00,2024-10-04 17:00:00,CÔNG TY TNHH MỘT THÀNH VIÊN HUY VŨ,CÔNG TY CỔ PHẦN QUỐC CƯỜNG  GIA LAI
1250,banra,1,290909.00,2024-10-03 17:00:00,CÔNG TY TNHH MỘT THÀNH VIÊN HUY VŨ,CÔNG TY CỔ PHẦN DẦU KHÍ MIỀN NAM
1249,banra,1,618182.00,2024-10-03 17:00:00,CÔNG TY TNHH MỘT THÀNH VIÊN HUY VŨ,BAN QUẢN LÝ DỰ ÁN  QUÂN ĐOÀN 3
1248,banra,1,9063636.00,2024-10-03 17:00:00,CÔNG TY TNHH MỘT THÀNH VIÊN HUY VŨ,CÔNG TY TNHH MỘT THÀNH VIÊN THÁI BÌNH GIA LAI
1247,banra,1,1345455.00,2024-10-03 17:00:00,CÔNG TY TNHH MỘT THÀNH VIÊN HUY VŨ,BỆNH VIỆN 331
1246,banra,1,14545455.00,2024-10-02 17:00:00,CÔNG TY TNHH MỘT THÀNH VIÊN HUY VŨ,CÔNG TY TNHH ĐIỆN TỬ TIN HỌC KIM PHÁT
1245,banra,1,40309091.00,2024-10-02 17:00:00,CÔNG TY TNHH MỘT THÀNH VIÊN HUY VŨ,CÔNG TY TNHH ĐIỆN TỬ TIN HỌC KIM PHÁT
1244,banra,1,3954545.00,2024-10-02 17:00:00,CÔNG TY TNHH MỘT THÀNH VIÊN HUY VŨ,CÔNG TY TNHH MỘT THÀNH VIÊN XÂY DỰNG TICONS GIA LAI
1243,banra,1,10518182.00,2024-10-02 17:00:00,CÔNG TY TNHH MỘT THÀNH VIÊN HUY VŨ,CÔNG TY CỔ PHẦN IN - ĐẦU TƯ PHÁT TRIỂN GIÁO DỤC GIA LAI
342259,muavao,1,20000.00,2024-05-31 17:00:00,TRUNG TÂM KINH DOANH VNPT - GIA LAI - CHI NHÁNH TỔNG CÔNG TY DỊCH VỤ VIỄN THÔNG,Công Ty TNHH MTV Huy Vũ
1242,banra,1,618182.00,2024-10-01 17:00:00,CÔNG TY TNHH MỘT THÀNH VIÊN HUY VŨ,CÔNG TY TNHH PHÁT TRIỂN GIÁO DỤC THẮNG AN
1241,banra,1,136364.00,2024-10-01 17:00:00,CÔNG TY TNHH MỘT THÀNH VIÊN HUY VŨ,"PA 05, CÔNG AN TỈNH GIA LAI"
1240,banra,1,454545.00,2024-10-01 17:00:00,CÔNG TY TNHH MỘT THÀNH VIÊN HUY VŨ,CHI NHÁNH XĂNG DẦU QUÂN ĐỘI KHU VỰC TÂY NGUYÊN - CÔNG TY TNHH MỘT THÀNH VIÊN TỔNG CÔNG TY XĂNG DẦU QUÂN ĐỘI
1239,banra,1,163636.00,2024-10-01 17:00:00,CÔNG TY TNHH MỘT THÀNH VIÊN HUY VŨ,BAN QUẢN LÝ RỪNG PHÒNG HỘ IA MEUR
1497,banra,1,7272727.00,2024-11-29 17:00:00,CÔNG TY TNHH MỘT THÀNH VIÊN HUY VŨ,ĐỒN BIÊN PHÒNG IA O
1496,banra,1,13863636.00,2024-11-29 17:00:00,CÔNG TY TNHH MỘT THÀNH VIÊN HUY VŨ,XÍ NGHIỆP KHẢO SÁT THIẾT KẾ - CHI NHÁNH TỔNG CÔNG TY 15
1495,banra,1,1227273.00,2024-11-29 17:00:00,CÔNG TY TNHH MỘT THÀNH VIÊN HUY VŨ,CÔNG TY TNHH XÂY DỰNG THƯƠNG MẠI DÀNG THƯƠNG
1494,banra,1,6272727.00,2024-11-29 17:00:00,CÔNG TY TNHH MỘT THÀNH VIÊN HUY VŨ,CÔNG TY CỔ PHẦN XÂY DỰNG 711
1493,banra,1,118182.00,2024-11-28 17:00:00,CÔNG TY TNHH MỘT THÀNH VIÊN HUY VŨ,CÔNG TY TNHH DOANH NGHIỆP XÃ HỘI TỪ THIỆN VÀ HỖ TRỢ PHÁT TRIỂN CỘNG ĐỒNG FLY TO SKY
1492,banra,1,350000.00,2024-11-28 17:00:00,CÔNG TY TNHH MỘT THÀNH VIÊN HUY VŨ,LỮ ĐOÀN 273 - QUÂN ĐOÀN 3
1491,banra,1,9411819.00,2024-11-28 17:00:00,CÔNG TY TNHH MỘT THÀNH VIÊN HUY VŨ,LỮ ĐOÀN 273 - QUÂN ĐOÀN 3
1490,banra,1,509091.00,2024-11-28 17:00:00,CÔNG TY TNHH MỘT THÀNH VIÊN HUY VŨ,CÔNG TY CỔ PHẦN Ô TÔ BẮC TÂY NGUYÊN
1489,banra,1,3272727.00,2024-11-28 17:00:00,CÔNG TY TNHH MỘT THÀNH VIÊN HUY VŨ,CÔNG TY TNHH XÂY DỰNG CÔNG NÔNG NGHIỆP THADICO
1488,banra,1,17863636.00,2024-11-28 17:00:00,CÔNG TY TNHH MỘT THÀNH VIÊN HUY VŨ,CÔNG TY TNHH XÂY DỰNG THƯƠNG MẠI DÀNG THƯƠNG
1487,banra,1,1450000.00,2024-11-28 17:00:00,CÔNG TY TNHH MỘT THÀNH VIÊN HUY VŨ,UBND XÃ IAPHÍ
1486,banra,1,2900909.00,2024-11-28 17:00:00,CÔNG TY TNHH MỘT THÀNH VIÊN HUY VŨ,CÔNG TY CỔ PHẦN ĐẦU TƯ VÀ PHÁT TRIỂN ĐIỆN NĂNG ĐỨC LONG GIA LAI
1485,banra,1,390909.00,2024-11-27 17:00:00,CÔNG TY TNHH MỘT THÀNH VIÊN HUY VŨ,CÔNG TY CỔ PHẦN ĐỊNH GIÁ VÀ DỊCH VỤ TÀI CHÍNH HOÀNG CẦU
1484,banra,1,4454545.00,2024-11-27 17:00:00,CÔNG TY TNHH MỘT THÀNH VIÊN HUY VŨ,TRUNG ĐOÀN 48
1483,banra,1,171536364.00,2024-11-27 17:00:00,CÔNG TY TNHH MỘT THÀNH VIÊN HUY VŨ,CÔNG TY TNHH ĐIỆN TỬ TIN HỌC KIM PHÁT
1482,banra,1,2250000.00,2024-11-27 17:00:00,CÔNG TY TNHH MỘT THÀNH VIÊN HUY VŨ,CÔNG TY TNHH SAO VIỆT GIA LAI
1481,banra,1,9318182.00,2024-11-26 17:00:00,CÔNG TY TNHH MỘT THÀNH VIÊN HUY VŨ,BỘ CHỈ HUY BỘ ĐỘI BIÊN PHÒNG TỈNH GIA LAI
1480,banra,1,1309091.00,2024-11-26 17:00:00,CÔNG TY TNHH MỘT THÀNH VIÊN HUY VŨ,CÔNG TY TNHH VĨNH HIỆP
1479,banra,1,9090909.00,2024-11-26 17:00:00,CÔNG TY TNHH MỘT THÀNH VIÊN HUY VŨ,CÔNG TY TNHH MỘT THÀNH VIÊN TỔNG CÔNG TY 15 - CHI NHÁNH CÔNG TY 75
1478,banra,1,1136364.00,2024-11-26 17:00:00,CÔNG TY TNHH MỘT THÀNH VIÊN HUY VŨ,CÔNG TY TNHH MỘT THÀNH VIÊN MẠNH THẮNG GLC
1477,banra,1,1272727.00,2024-11-26 17:00:00,CÔNG TY TNHH MỘT THÀNH VIÊN HUY VŨ,BAN CHQS HUYỆN IA GRAI
1476,banra,1,445455.00,2024-11-25 17:00:00,CÔNG TY TNHH MỘT THÀNH VIÊN HUY VŨ,CHI NHÁNH CÔNG TY TNHH OLAM TẠI TỈNH GIA LAI
1475,banra,1,445455.00,2024-11-25 17:00:00,CÔNG TY TNHH MỘT THÀNH VIÊN HUY VŨ,CÔNG TY TNHH THƯƠNG PHẨM ATLANTIC VIỆT NAM
1474,banra,1,3436364.00,2024-11-25 17:00:00,CÔNG TY TNHH MỘT THÀNH VIÊN HUY VŨ,CÔNG TY CỔ PHẦN PHONG ĐIỆN HBRE GIA LAI
1473,banra,1,1409091.00,2024-11-24 17:00:00,CÔNG TY TNHH MỘT THÀNH VIÊN HUY VŨ,CÔNG TY CỔ PHẦN TƯ VẤN XÂY DỰNG VÀ KIỂM ĐỊNH THỊNH PHÁT
1472,banra,1,10581818.00,2024-11-24 17:00:00,CÔNG TY TNHH MỘT THÀNH VIÊN HUY VŨ,CÔNG TY TNHH MTV THƯƠNG MẠI THIÊN NGÂN KON TUM
1471,banra,1,9081818.00,2024-11-24 17:00:00,CÔNG TY TNHH MỘT THÀNH VIÊN HUY VŨ,CÔNG TY TNHH MỘT THÀNH VIÊN CAO SU CHƯ SÊ
342214,muavao,1,24545.00,2024-05-31 17:00:00,TRUNG TÂM KINH DOANH VNPT - GIA LAI - CHI NHÁNH TỔNG CÔNG TY DỊCH VỤ VIỄN THÔNG,Công Ty  TNHH MTV Huy Vũ
1469,banra,1,172727.00,2024-11-24 17:00:00,CÔNG TY TNHH MỘT THÀNH VIÊN HUY VŨ,BAN QUẢN LÝ RỪNG PHÒNG HỘ ĐÔNG BẮC CHƯ PĂH
1468,banra,1,45272728.00,2024-11-24 17:00:00,CÔNG TY TNHH MỘT THÀNH VIÊN HUY VŨ,CHI CỤC TRỒNG TRỌT VÀ BẢO VỆ THỰC VẬT
1467,banra,1,800000.00,2024-11-23 17:00:00,CÔNG TY TNHH MỘT THÀNH VIÊN HUY VŨ,CÔNG TY CỔ PHẦN ĐẦU TƯ VÀ PHÁT TRIỂN SÂM KBC
1466,banra,1,14618182.00,2024-11-23 17:00:00,CÔNG TY TNHH MỘT THÀNH VIÊN HUY VŨ,CÔNG TY TNHH MỘT THÀNH VIÊN HẢI TÂY PHÁT
1465,banra,1,3172727.00,2024-11-22 17:00:00,CÔNG TY TNHH MỘT THÀNH VIÊN HUY VŨ,CÔNG TY TNHH THƯƠNG MẠI VÀ DỊCH VỤ VPS
1464,banra,1,854545.00,2024-11-22 17:00:00,CÔNG TY TNHH MỘT THÀNH VIÊN HUY VŨ,TRƯỜNG THPT NGUYỄN THỊ MINH KHAI
1463,banra,1,45418182.00,2024-11-22 17:00:00,CÔNG TY TNHH MỘT THÀNH VIÊN HUY VŨ,CÔNG TY TNHH MỘT THÀNH VIÊN TỔNG CÔNG TY 15 - CHI NHÁNH CÔNG TY 75
1462,banra,1,9054545.00,2024-11-21 17:00:00,CÔNG TY TNHH MỘT THÀNH VIÊN HUY VŨ,CÔNG TY TNHH MỘT THÀNH VIÊN XÂY DỰNG TICONS GIA LAI
1461,banra,1,6363636.00,2024-11-21 17:00:00,CÔNG TY TNHH MỘT THÀNH VIÊN HUY VŨ,CÔNG TY TNHH MỘT THÀNH VIÊN THỜI ĐẠI MỚI GIA LAI
1460,banra,1,181818.00,2024-11-21 17:00:00,CÔNG TY TNHH MỘT THÀNH VIÊN HUY VŨ,BAN QUẢN LÝ RỪNG PHÒNG HỘ HÀ RA
1459,banra,1,11363636.00,2024-11-21 17:00:00,CÔNG TY TNHH MỘT THÀNH VIÊN HUY VŨ,TRƯỜNG TIỂU HỌC VÀ THCS ĐĂK TRÔI
1458,banra,1,500000.00,2024-11-21 17:00:00,CÔNG TY TNHH MỘT THÀNH VIÊN HUY VŨ,CHI NHÁNH CÔNG TY CỔ PHẦN TÀI CHÍNH VÀ PHÁT TRIỂN DOANH NGHIỆP TẠI GIA LAI
1457,banra,1,690909.00,2024-11-21 17:00:00,CÔNG TY TNHH MỘT THÀNH VIÊN HUY VŨ,CÔNG TY CỔ PHẦN VẬT TƯ NÔNG NGHIỆP GIA LAI
1456,banra,1,4409091.00,2024-11-20 17:00:00,CÔNG TY TNHH MỘT THÀNH VIÊN HUY VŨ,CÔNG TY TNHH TIN HỌC QUANG ANH GL
1455,banra,1,6263636.00,2024-11-20 17:00:00,CÔNG TY TNHH MỘT THÀNH VIÊN HUY VŨ,CÔNG TY TNHH MỘT THÀNH VIÊN CẢNH QUANG GIA LAI
1454,banra,1,409091.00,2024-11-20 17:00:00,CÔNG TY TNHH MỘT THÀNH VIÊN HUY VŨ,CÔNG TY TRÁCH NHIỆM HỮU HẠN MỘT THÀNH VIÊN TRIỆU HẢI GIA LAI
1453,banra,1,3636364.00,2024-11-20 17:00:00,CÔNG TY TNHH MỘT THÀNH VIÊN HUY VŨ,ỦY BAN NHÂN DÂN XÃ IA PIƠR
1452,banra,1,1545455.00,2024-11-19 17:00:00,CÔNG TY TNHH MỘT THÀNH VIÊN HUY VŨ,CÔNG TY TNHH HƯNG THẮNG LỢI GIA LAI
1451,banra,1,363636.00,2024-11-19 17:00:00,CÔNG TY TNHH MỘT THÀNH VIÊN HUY VŨ,CÔNG TY TNHH THANH LONG TÂY NGUYÊN
1450,banra,1,11272727.00,2024-11-19 17:00:00,CÔNG TY TNHH MỘT THÀNH VIÊN HUY VŨ,CÔNG TY TNHH ĐIỆN TỬ TIN HỌC KIM PHÁT
1449,banra,1,11272727.00,2024-11-19 17:00:00,CÔNG TY TNHH MỘT THÀNH VIÊN HUY VŨ,CÔNG TY TNHH VĨNH HIỆP
1448,banra,1,11272727.00,2024-11-19 17:00:00,CÔNG TY TNHH MỘT THÀNH VIÊN HUY VŨ,CÔNG TY TNHH MỘT THÀNH VIÊN ĐIỆN TỬ TIN HỌC NGUYỄN DƯƠNG
1447,banra,1,25772727.00,2024-11-19 17:00:00,CÔNG TY TNHH MỘT THÀNH VIÊN HUY VŨ,CÔNG TY TNHH ĐIỆN TỬ TIN HỌC KIM PHÁT
1446,banra,1,11272727.00,2024-11-19 17:00:00,CÔNG TY TNHH MỘT THÀNH VIÊN HUY VŨ,CÔNG TY TNHH VĨNH HIỆP
1445,banra,1,9090909.00,2024-11-19 17:00:00,CÔNG TY TNHH MỘT THÀNH VIÊN HUY VŨ,LỮ ĐOÀN 132 - BINH CHỦNG THÔNG TIN LIÊN LẠC
1444,banra,1,4290909.00,2024-11-19 17:00:00,CÔNG TY TNHH MỘT THÀNH VIÊN HUY VŨ,CÔNG TY TNHH ĐIỆN XEKAMAN 1
1443,banra,1,17090909.00,2024-11-19 17:00:00,CÔNG TY TNHH MỘT THÀNH VIÊN HUY VŨ,CÔNG TY TNHH MỘT THÀNH VIÊN ĐIỆN TỬ TIN HỌC NGUYỄN DƯƠNG
1442,banra,1,990909.00,2024-11-18 17:00:00,CÔNG TY TNHH MỘT THÀNH VIÊN HUY VŨ,CÔNG TY TNHH TƯ VẤN XÂY DỰNG VĨNH GIANG
1441,banra,1,17090909.00,2024-11-18 17:00:00,CÔNG TY TNHH MỘT THÀNH VIÊN HUY VŨ,CÔNG TY TRÁCH NHIỆM HỮU HẠN ĐỨC DUNG
1440,banra,1,7638889.00,2024-11-18 17:00:00,CÔNG TY TNHH MỘT THÀNH VIÊN HUY VŨ,CHI NHÁNH GIA LAI - CÔNG TY CỔ PHẦN THỰC PHẨM XUẤT KHẨU ĐỒNG GIAO
1439,banra,1,9090909.00,2024-11-18 17:00:00,CÔNG TY TNHH MỘT THÀNH VIÊN HUY VŨ,LỮ ĐOÀN 132 - BINH CHỦNG THÔNG TIN LIÊN LẠC
342213,muavao,1,21200.00,2024-05-31 17:00:00,TRUNG TÂM KINH DOANH VNPT - GIA LAI - CHI NHÁNH TỔNG CÔNG TY DỊCH VỤ VIỄN THÔNG,Công Ty TNHH MTV  Huy Vũ
1438,banra,1,2045455.00,2024-11-18 17:00:00,CÔNG TY TNHH MỘT THÀNH VIÊN HUY VŨ,CÔNG TY TNHH MỘT THÀNH VIÊN CÀ PHÊ  IA CHÂM
1437,banra,1,34407408.00,2024-11-18 17:00:00,CÔNG TY TNHH MỘT THÀNH VIÊN HUY VŨ,CÔNG TY TNHH ĐIỆN XEKAMAN 1
1436,banra,1,46172727.00,2024-11-18 17:00:00,CÔNG TY TNHH MỘT THÀNH VIÊN HUY VŨ,CÔNG TY TNHH ĐIỆN XEKAMAN 1
1435,banra,1,18990909.00,2024-11-18 17:00:00,CÔNG TY TNHH MỘT THÀNH VIÊN HUY VŨ,CÔNG TY PHÁT TRIỂN THỦY ĐIỆN SÊ SAN - CHI NHÁNH TẬP ĐOÀN ĐIỆN LỰC VIỆT NAM
1434,banra,1,11727273.00,2024-11-18 17:00:00,CÔNG TY TNHH MỘT THÀNH VIÊN HUY VŨ,CÔNG TY TNHH ĐIỆN TỬ TIN HỌC KIM PHÁT
1433,banra,1,11727273.00,2024-11-17 17:00:00,CÔNG TY TNHH MỘT THÀNH VIÊN HUY VŨ,CÔNG TY CỔ PHẦN LAM SƠN
1432,banra,1,11727273.00,2024-11-17 17:00:00,CÔNG TY TNHH MỘT THÀNH VIÊN HUY VŨ,CÔNG TY TNHH MỘT THÀNH VIÊN TƯ VẤN XÂY DỰNG HOÀNG UYÊN GIA LAI
1431,banra,1,11727273.00,2024-11-17 17:00:00,CÔNG TY TNHH MỘT THÀNH VIÊN HUY VŨ,CÔNG TY TNHH ĐẦU TƯ VÀ THƯƠNG MẠI PHÚ LỘC THỊNH
1430,banra,1,11727273.00,2024-11-17 17:00:00,CÔNG TY TNHH MỘT THÀNH VIÊN HUY VŨ,CÔNG TY TNHH VĨNH HIỆP
1429,banra,1,1145455.00,2024-11-17 17:00:00,CÔNG TY TNHH MỘT THÀNH VIÊN HUY VŨ,CÔNG TY TNHH VĨNH HIỆP
1428,banra,1,3469091.00,2024-11-16 17:00:00,CÔNG TY TNHH MỘT THÀNH VIÊN HUY VŨ,CÔNG TY TNHH VĨNH HIỆP
1427,banra,1,3081818.00,2024-11-16 17:00:00,CÔNG TY TNHH MỘT THÀNH VIÊN HUY VŨ,CÔNG TY TNHH MỘT THÀNH VIÊN HẢI TÂY PHÁT
1426,banra,1,1818181.00,2024-11-16 17:00:00,CÔNG TY TNHH MỘT THÀNH VIÊN HUY VŨ,HỘ KINH DOANH PHAN VĂN MINH
1425,banra,1,26363636.00,2024-11-15 17:00:00,CÔNG TY TNHH MỘT THÀNH VIÊN HUY VŨ,CÔNG TY TNHH SAO VIỆT GIA LAI
1424,banra,1,718182.00,2024-11-15 17:00:00,CÔNG TY TNHH MỘT THÀNH VIÊN HUY VŨ,CÔNG TY CỔ PHẦN MAY GIA LAI
1423,banra,1,10890909.00,2024-11-15 17:00:00,CÔNG TY TNHH MỘT THÀNH VIÊN HUY VŨ,CÔNG TY TNHH HỒ TIÊU NGŨ SẮC
1422,banra,1,4490741.00,2024-11-15 17:00:00,CÔNG TY TNHH MỘT THÀNH VIÊN HUY VŨ,CÔNG TY CỔ PHẦN DALUFOOD
1421,banra,1,1163636.00,2024-11-15 17:00:00,CÔNG TY TNHH MỘT THÀNH VIÊN HUY VŨ,CÔNG TY CỔ PHẦN TIẾN NÔNG GIA LAI
1420,banra,1,1250000.00,2024-11-15 17:00:00,CÔNG TY TNHH MỘT THÀNH VIÊN HUY VŨ,TRUNG TÂM CHÍNH TRỊ HUYỆN MANG YANG
1419,banra,1,17218182.00,2024-11-15 17:00:00,CÔNG TY TNHH MỘT THÀNH VIÊN HUY VŨ,TRUNG TÂM CHÍNH TRỊ HUYỆN MANG YANG
1418,banra,1,3954545.00,2024-11-15 17:00:00,CÔNG TY TNHH MỘT THÀNH VIÊN HUY VŨ,CÔNG TY TNHH MỘT THÀNH VIÊN TỔNG CÔNG TY 15 - CHI NHÁNH CÔNG TY 75
1417,banra,1,29090909.00,2024-11-15 17:00:00,CÔNG TY TNHH MỘT THÀNH VIÊN HUY VŨ,CÔNG TY TNHH XÂY DỰNG DUY DŨNG GIA LAI
1416,banra,1,2727273.00,2024-11-14 17:00:00,CÔNG TY TNHH MỘT THÀNH VIÊN HUY VŨ,MÁY VĂN PHÒNG PHƯƠNG NAM
1415,banra,1,6609091.00,2024-11-14 17:00:00,CÔNG TY TNHH MỘT THÀNH VIÊN HUY VŨ,QUỸ TÍN DỤNG NHÂN DÂN THỊ TRẤN  IAKHA
1414,banra,1,318182.00,2024-11-14 17:00:00,CÔNG TY TNHH MỘT THÀNH VIÊN HUY VŨ,CÔNG TY TNHH MTV LÂM NGHIỆP KONG H'DE
1413,banra,1,18181818.00,2024-11-14 17:00:00,CÔNG TY TNHH MỘT THÀNH VIÊN HUY VŨ,BỘ CHỈ HUY BỘ ĐỘI BIÊN PHÒNG TỈNH GIA LAI
1412,banra,1,3500000.00,2024-11-14 17:00:00,CÔNG TY TNHH MỘT THÀNH VIÊN HUY VŨ,MÁY VĂN PHÒNG PHƯƠNG NAM
1411,banra,1,30927273.00,2024-11-14 17:00:00,CÔNG TY TNHH MỘT THÀNH VIÊN HUY VŨ,CÔNG TY TNHH VĨNH HIỆP
1410,banra,1,1157407.00,2024-11-13 17:00:00,CÔNG TY TNHH MỘT THÀNH VIÊN HUY VŨ,CÔNG TY TNHH MỘT THÀNH VIÊN TM DV XNK PHẠM GIA KHANG
1409,banra,1,7809091.00,2024-11-13 17:00:00,CÔNG TY TNHH MỘT THÀNH VIÊN HUY VŨ,TRUNG TÂM THIẾT BỊ MÁY VĂN PHÒNG TÂN MINH
1408,banra,1,14400000.00,2024-11-13 17:00:00,CÔNG TY TNHH MỘT THÀNH VIÊN HUY VŨ,VĂN PHÒNG TỈNH UỶ GIA LAI
1407,banra,1,2345455.00,2024-11-13 17:00:00,CÔNG TY TNHH MỘT THÀNH VIÊN HUY VŨ,CỬA HÀNG MÁY VĂN PHÒNG HBT
62629974,muavao,1,13636.00,2024-11-08 17:00:00,NGÂN HÀNG TMCP Á CHÂU,CTY TNHH MTV HUY VU
1406,banra,1,109091.00,2024-11-13 17:00:00,CÔNG TY TNHH MỘT THÀNH VIÊN HUY VŨ,CÔNG TY CỔ PHẦN BỆNH VIỆN ĐẠI HỌC Y DƯỢC - HOÀNG ANH GIA LAI
1405,banra,1,436364.00,2024-11-13 17:00:00,CÔNG TY TNHH MỘT THÀNH VIÊN HUY VŨ,CHI NHÁNH VĂN PHÒNG LUẬT SƯ NGUYỄN TRÚC TẠI TỈNH GIA LAI
1404,banra,1,7445455.00,2024-11-13 17:00:00,CÔNG TY TNHH MỘT THÀNH VIÊN HUY VŨ,BQLDA / SƯ ĐOÀN 320 / QUÂN ĐOÀN 3
1403,banra,1,2018182.00,2024-11-13 17:00:00,CÔNG TY TNHH MỘT THÀNH VIÊN HUY VŨ,CÔNG TY CỔ PHẦN HOÀNG ANH GIA LAI
1402,banra,1,1500000.00,2024-11-12 17:00:00,CÔNG TY TNHH MỘT THÀNH VIÊN HUY VŨ,CÔNG TY TNHH ANDRITZ VIỆT NAM
1401,banra,1,900000.00,2024-11-12 17:00:00,CÔNG TY TNHH MỘT THÀNH VIÊN HUY VŨ,CÔNG TY CỔ PHẦN PHÁT TRIỂN NHÀ VK LAND
1400,banra,1,17345453.00,2024-11-12 17:00:00,CÔNG TY TNHH MỘT THÀNH VIÊN HUY VŨ,MÁY VĂN PHÒNG PHƯƠNG NAM
1399,banra,1,2581818.00,2024-11-12 17:00:00,CÔNG TY TNHH MỘT THÀNH VIÊN HUY VŨ,CÔNG TY CỔ PHẦN PHÁT TRIỂN NHÀ VK LAND
1398,banra,1,14163636.00,2024-11-12 17:00:00,CÔNG TY TNHH MỘT THÀNH VIÊN HUY VŨ,QUỸ HỖ TRỢ PHỤ NỮ PHÁT TRIỂN TỈNH GIA LAI
1397,banra,1,263636.00,2024-11-12 17:00:00,CÔNG TY TNHH MỘT THÀNH VIÊN HUY VŨ,CHI NHÁNH GIA LAI - CÔNG TY CỔ PHẦN THỰC PHẨM XUẤT KHẨU ĐỒNG GIAO
1396,banra,1,318182.00,2024-11-12 17:00:00,CÔNG TY TNHH MỘT THÀNH VIÊN HUY VŨ,CÔNG TY CỔ PHẦN THỦY ĐIỆN SÔNG ĐÀ TÂY NGUYÊN
1395,banra,1,88000000.00,2024-11-10 17:00:00,CÔNG TY TNHH MỘT THÀNH VIÊN HUY VŨ,CÔNG TY TNHH ĐIỆN TỬ TIN HỌC KIM PHÁT
1394,banra,1,1727273.00,2024-11-10 17:00:00,CÔNG TY TNHH MỘT THÀNH VIÊN HUY VŨ,CÔNG TY TNHH THƯƠNG MẠI SÀI GÒN – GIA LAI
1393,banra,1,15900000.00,2024-11-10 17:00:00,CÔNG TY TNHH MỘT THÀNH VIÊN HUY VŨ,CÔNG TY CỔ PHẦN PHÁT TRIỂN CAO NGUYÊN VIỆT NAM
1392,banra,1,318182.00,2024-11-10 17:00:00,CÔNG TY TNHH MỘT THÀNH VIÊN HUY VŨ,CÔNG TY TNHH THƯƠNG MẠI DƯỢC PHẨM NGHINH PHONG
342045,muavao,1,233636.00,2024-05-31 17:00:00,TRUNG TÂM KINH DOANH VNPT - GIA LAI - CHI NHÁNH TỔNG CÔNG TY DỊCH VỤ VIỄN THÔNG,Cửa Hàng Máy Tình Trường Sơn
1391,banra,1,1027274.00,2024-11-10 17:00:00,CÔNG TY TNHH MỘT THÀNH VIÊN HUY VŨ,CÔNG TY TNHH SX - TM GIA KHANG
1390,banra,1,14345455.00,2024-11-09 17:00:00,CÔNG TY TNHH MỘT THÀNH VIÊN HUY VŨ,BQLDA / SƯ ĐOÀN 320 / QUÂN ĐOÀN 3
1389,banra,1,909091.00,2024-11-08 17:00:00,CÔNG TY TNHH MỘT THÀNH VIÊN HUY VŨ,CẢNG HÀNG KHÔNG PLEIKU - CHI NHÁNH TỔNG CÔNG TY CẢNG HÀNG KHÔNG VIỆT NAM - CTCP
1388,banra,1,7090909.00,2024-11-07 17:00:00,CÔNG TY TNHH MỘT THÀNH VIÊN HUY VŨ,CÔNG TY CỔ PHẦN HOÀNG ANH GIA LAI
1387,banra,1,13636364.00,2024-11-06 17:00:00,CÔNG TY TNHH MỘT THÀNH VIÊN HUY VŨ,LỮ ĐOÀN 132 - BINH CHỦNG THÔNG TIN LIÊN LẠC
1386,banra,1,4990909.00,2024-11-06 17:00:00,CÔNG TY TNHH MỘT THÀNH VIÊN HUY VŨ,CÔNG TY TNHH MỘT THÀNH VIÊN ĐÔNG ANH
1385,banra,1,7036364.00,2024-11-06 17:00:00,CÔNG TY TNHH MỘT THÀNH VIÊN HUY VŨ,CÔNG TY TRÁCH NHIỆM HỮU HẠN MỘT THÀNH VIÊN THIÊN THANH G.A
1384,banra,1,136364.00,2024-11-06 17:00:00,CÔNG TY TNHH MỘT THÀNH VIÊN HUY VŨ,CÔNG TY CỔ PHẦN ĐẦU TƯ Ô TÔ HẢI ÂU
1383,banra,1,172727.00,2024-11-06 17:00:00,CÔNG TY TNHH MỘT THÀNH VIÊN HUY VŨ,CÔNG TY TNHH THIẾT BỊ Y KHOA TÂM AN
1382,banra,1,59318182.00,2024-11-05 17:00:00,CÔNG TY TNHH MỘT THÀNH VIÊN HUY VŨ,CÔNG TY TNHH ĐIỆN TỬ TIN HỌC KIM PHÁT
1381,banra,1,1550000.00,2024-11-05 17:00:00,CÔNG TY TNHH MỘT THÀNH VIÊN HUY VŨ,CÔNG TY TNHH MỘT THÀNH VIÊN TCD ĐẠI NAM
1380,banra,1,1409091.00,2024-11-05 17:00:00,CÔNG TY TNHH MỘT THÀNH VIÊN HUY VŨ,CỬA HÀNG MÁY VĂN PHÒNG HBT
1379,banra,1,1454545.00,2024-11-05 17:00:00,CÔNG TY TNHH MỘT THÀNH VIÊN HUY VŨ,ĐỘI CÔNG TRÌNH ĐÔ THỊ HUYỆN ĐAK ĐOA
1378,banra,1,381818.00,2024-11-05 17:00:00,CÔNG TY TNHH MỘT THÀNH VIÊN HUY VŨ,CÔNG TY CỔ PHẦN BOT VÀ BT ĐỨC LONG GIA LAI
1377,banra,1,2536364.00,2024-11-05 17:00:00,CÔNG TY TNHH MỘT THÀNH VIÊN HUY VŨ,Ủy ban nhân dân xã Gào
1376,banra,1,136364.00,2024-11-05 17:00:00,CÔNG TY TNHH MỘT THÀNH VIÊN HUY VŨ,TRƯỜNG TIỂU HỌC SỐ 1 K'DANG
1375,banra,1,14990909.00,2024-11-04 17:00:00,CÔNG TY TNHH MỘT THÀNH VIÊN HUY VŨ,CÔNG TY BẢO HIỂM BSH GIA LAI
1374,banra,1,8718182.00,2024-11-04 17:00:00,CÔNG TY TNHH MỘT THÀNH VIÊN HUY VŨ,ĐỘI CÔNG TRÌNH ĐÔ THỊ HUYỆN ĐAK ĐOA
1373,banra,1,5354545.00,2024-11-04 17:00:00,CÔNG TY TNHH MỘT THÀNH VIÊN HUY VŨ,CÔNG TY CỔ PHẦN PHÁT TRIỂN CAO NGUYÊN VIỆT NAM
1372,banra,1,2727273.00,2024-11-04 17:00:00,CÔNG TY TNHH MỘT THÀNH VIÊN HUY VŨ,BAN DÂN TỘC TỈNH GIA LAI
1371,banra,1,327273.00,2024-11-04 17:00:00,CÔNG TY TNHH MỘT THÀNH VIÊN HUY VŨ,CÔNG TY CỔ PHẦN ĐẦU TƯ EMI
1370,banra,1,13609091.00,2024-11-04 17:00:00,CÔNG TY TNHH MỘT THÀNH VIÊN HUY VŨ,Ủy ban nhân dân xã Gào
1369,banra,1,13281818.00,2024-11-04 17:00:00,CÔNG TY TNHH MỘT THÀNH VIÊN HUY VŨ,CÔNG TY CỔ PHẦN ĐẦU TƯ VÀ PHÁT TRIỂN ĐIỆN SÊ SAN 3A
1368,banra,1,22681818.00,2024-11-04 17:00:00,CÔNG TY TNHH MỘT THÀNH VIÊN HUY VŨ,CÔNG TY TNHH MỘT THÀNH VIÊN TƯ VẤN VÀ XÂY DỰNG THIÊN NAM GIA LAI
1367,banra,1,618182.00,2024-11-03 17:00:00,CÔNG TY TNHH MỘT THÀNH VIÊN HUY VŨ,TRƯỜNG THPT A SANH
1366,banra,1,50555556.00,2024-11-03 17:00:00,CÔNG TY TNHH MỘT THÀNH VIÊN HUY VŨ,Công Ty TNHH MTV PTNN Đại Thắng ( MST : 838051843-900 )
1365,banra,1,12400000.00,2024-11-03 17:00:00,CÔNG TY TNHH MỘT THÀNH VIÊN HUY VŨ,CÔNG TY TNHH MỘT THÀNH VIÊN QUẢNG CÁO NÉT VIỆT GIA LAI
1364,banra,1,2263636.00,2024-11-03 17:00:00,CÔNG TY TNHH MỘT THÀNH VIÊN HUY VŨ,CÔNG TY TNHH MỘT THÀNH VIÊN ĐỨC HẢI
1363,banra,1,5090909.00,2024-11-02 17:00:00,CÔNG TY TNHH MỘT THÀNH VIÊN HUY VŨ,CÔNG TY TNHH MỘT THÀNH VIÊN TƯ VẤN VÀ XÂY DỰNG THIÊN NAM GIA LAI
1362,banra,1,1000000.00,2024-10-31 17:00:00,CÔNG TY TNHH MỘT THÀNH VIÊN HUY VŨ,CÔNG TY TNHH MỘT THÀNH VIÊN SÀI GÒN - CHƯ SÊ
1361,banra,1,4681818.00,2024-10-31 17:00:00,CÔNG TY TNHH MỘT THÀNH VIÊN HUY VŨ,CÔNG TY TNHH KIM GIA HUY GL
1360,banra,1,1009091.00,2024-10-31 17:00:00,CÔNG TY TNHH MỘT THÀNH VIÊN HUY VŨ,CỬA HÀNG CÔNG NGHỆ KHOA HỌC KỸ THUẬT PHAN ANH
1359,banra,1,11909091.00,2024-10-31 17:00:00,CÔNG TY TNHH MỘT THÀNH VIÊN HUY VŨ,XÍ NGHIỆP KHẢO SÁT THIẾT KẾ - CHI NHÁNH TỔNG CÔNG TY 15
1697,banra,1,142454545.00,2024-12-30 17:00:00,CÔNG TY TNHH MỘT THÀNH VIÊN HUY VŨ,CÔNG TY TNHH MỘT THÀNH VIÊN ĐIỆN TỬ TIN HỌC NGUYỄN DƯƠNG
1696,banra,1,2363636.00,2024-12-30 17:00:00,CÔNG TY TNHH MỘT THÀNH VIÊN HUY VŨ,HỘI KHUYẾN HỌC THÀNH PHỐ PLEIKU
1695,banra,1,13995455.00,2024-12-30 17:00:00,CÔNG TY TNHH MỘT THÀNH VIÊN HUY VŨ,CÔNG TY TNHH TƯ VẤN THIẾT KẾ ĐẦU TƯ VÀ XÂY DỰNG PHÚ THỊNH GIA
1694,banra,1,545454.00,2024-12-30 17:00:00,CÔNG TY TNHH MỘT THÀNH VIÊN HUY VŨ,CÔNG TY TNHH TOYOTA GIA LAI
1693,banra,1,272728.00,2024-12-30 17:00:00,CÔNG TY TNHH MỘT THÀNH VIÊN HUY VŨ,BAN QUẢN LÝ RỪNG PHÒNG HỘ HÀ RA
1692,banra,1,18090909.00,2024-12-30 17:00:00,CÔNG TY TNHH MỘT THÀNH VIÊN HUY VŨ,CÔNG TY CỔ PHẦN TƯ VẤN XÂY DỰNG GIAO THÔNG AN BÌNH
1691,banra,1,38818182.00,2024-12-30 17:00:00,CÔNG TY TNHH MỘT THÀNH VIÊN HUY VŨ,TRƯỜNG MẪU GIÁO 20/10
1690,banra,1,300000.00,2024-12-29 17:00:00,CÔNG TY TNHH MỘT THÀNH VIÊN HUY VŨ,CHI NHÁNH CÔNG TY TNHH OLAM TẠI PLEIKU
1689,banra,1,3842593.00,2024-12-29 17:00:00,CÔNG TY TNHH MỘT THÀNH VIÊN HUY VŨ,CÔNG TY TNHH ĐIỆN XEKAMAN 1
1688,banra,1,5181818.00,2024-12-29 17:00:00,CÔNG TY TNHH MỘT THÀNH VIÊN HUY VŨ,UBND XÃ IA KA
1687,banra,1,972727.00,2024-12-29 17:00:00,CÔNG TY TNHH MỘT THÀNH VIÊN HUY VŨ,CÔNG TY TNHH VĨNH HIỆP
1686,banra,1,350000.00,2024-12-29 17:00:00,CÔNG TY TNHH MỘT THÀNH VIÊN HUY VŨ,CHI NHÁNH CÔNG TY CỔ PHẦN TỔNG CÔNG TY SÔNG GIANH TẠI GIA LAI
1685,banra,1,17727273.00,2024-12-29 17:00:00,CÔNG TY TNHH MỘT THÀNH VIÊN HUY VŨ,ỦY BAN NHÂN DÂN XÃ IA VÊ
1684,banra,1,3172727.00,2024-12-29 17:00:00,CÔNG TY TNHH MỘT THÀNH VIÊN HUY VŨ,HỘI NÔNG DÂN HUYỆN CHƯ PĂH
1683,banra,1,5081818.00,2024-12-29 17:00:00,CÔNG TY TNHH MỘT THÀNH VIÊN HUY VŨ,CÔNG TY TNHH ĐIỆN XEKAMAN 1
1682,banra,1,7361111.00,2024-12-29 17:00:00,CÔNG TY TNHH MỘT THÀNH VIÊN HUY VŨ,CÔNG TY TNHH ĐIỆN XEKAMAN 1
1681,banra,1,18163636.00,2024-12-29 17:00:00,CÔNG TY TNHH MỘT THÀNH VIÊN HUY VŨ,CÔNG TY CỔ PHẦN TƯ VẤN XÂY DỰNG GIAO THÔNG AN BÌNH
1680,banra,1,7900000.00,2024-12-29 17:00:00,CÔNG TY TNHH MỘT THÀNH VIÊN HUY VŨ,QUỸ HỖ TRỢ PHÁT TRIỂN HỢP TÁC XÃ TỈNH GIA LAI
1679,banra,1,4809091.00,2024-12-28 17:00:00,CÔNG TY TNHH MỘT THÀNH VIÊN HUY VŨ,BAN CHỈ HUY QUÂN SỰ HUYỆN CHƯ PĂH
1678,banra,1,3554545.00,2024-12-28 17:00:00,CÔNG TY TNHH MỘT THÀNH VIÊN HUY VŨ,CỤC THỐNG KÊ TỈNH GIA LAI
1677,banra,1,25172727.00,2024-12-28 17:00:00,CÔNG TY TNHH MỘT THÀNH VIÊN HUY VŨ,CỬA HÀNG MÁY VĂN PHÒNG HBT
1676,banra,1,2490741.00,2024-12-28 17:00:00,CÔNG TY TNHH MỘT THÀNH VIÊN HUY VŨ,CỬA HÀNG MÁY VĂN PHÒNG HBT
1675,banra,1,4681818.00,2024-12-27 17:00:00,CÔNG TY TNHH MỘT THÀNH VIÊN HUY VŨ,CÔNG TY TNHH MỘT THÀNH VIÊN NHƯ HÀ - GIA LAI
1674,banra,1,94351852.00,2024-12-27 17:00:00,CÔNG TY TNHH MỘT THÀNH VIÊN HUY VŨ,CÔNG TY CỔ PHẦN THƯƠNG MẠI DỊCH VỤ TIN HỌC ABC
1673,banra,1,109091.00,2024-12-27 17:00:00,CÔNG TY TNHH MỘT THÀNH VIÊN HUY VŨ,CÔNG TY TNHH THỜI TRANG ELISE
1672,banra,1,4722222.00,2024-12-27 17:00:00,CÔNG TY TNHH MỘT THÀNH VIÊN HUY VŨ,CÔNG TY TNHH TƯ VẤN THIẾT KẾ ĐẦU TƯ VÀ XÂY DỰNG PHÚ THỊNH GIA
1671,banra,1,9318182.00,2024-12-27 17:00:00,CÔNG TY TNHH MỘT THÀNH VIÊN HUY VŨ,CHI NHÁNH MIỀN TRUNG - CÔNG TY TNHH MỘT THÀNH VIÊN TRẮC ĐỊA BẢN ĐỒ
1670,banra,1,909091.00,2024-12-27 17:00:00,CÔNG TY TNHH MỘT THÀNH VIÊN HUY VŨ,CHI NHÁNH MIỀN TRUNG - CÔNG TY TNHH MỘT THÀNH VIÊN TRẮC ĐỊA BẢN ĐỒ
1669,banra,1,209836368.00,2024-12-27 17:00:00,CÔNG TY TNHH MỘT THÀNH VIÊN HUY VŨ,CÔNG TY TNHH MỘT THÀNH VIÊN ĐIỆN TỬ TIN HỌC NGUYỄN DƯƠNG
1668,banra,1,3536364.00,2024-12-27 17:00:00,CÔNG TY TNHH MỘT THÀNH VIÊN HUY VŨ,UBND XÃ  Ia KhươL
101395,muavao,1,23000.00,2024-07-25 17:00:00,Ngân hàng TMCP Sài Gòn Thương Tín - Chi nhánh Gia Lai,CONG TY TNHH MTV HUY VU
1667,banra,1,12200910.00,2024-12-27 17:00:00,CÔNG TY TNHH MỘT THÀNH VIÊN HUY VŨ,CÔNG TY TNHH TƯ VẤN THIẾT KẾ ĐẦU TƯ VÀ XÂY DỰNG PHÚ THỊNH GIA
1666,banra,1,18090909.00,2024-12-27 17:00:00,CÔNG TY TNHH MỘT THÀNH VIÊN HUY VŨ,CÔNG TY CỔ PHẦN TƯ VẤN XÂY DỰNG GIAO THÔNG AN BÌNH
1665,banra,1,5454545.00,2024-12-26 17:00:00,CÔNG TY TNHH MỘT THÀNH VIÊN HUY VŨ,CÔNG TY TNHH MỘT THÀNH VIÊN CAO SU CHƯMOMRAY
1664,banra,1,6036364.00,2024-12-26 17:00:00,CÔNG TY TNHH MỘT THÀNH VIÊN HUY VŨ,ĐỒN BIÊN PHÒNG IA O - BĐBP TỈNH GIA LAI
1663,banra,1,2263636.00,2024-12-26 17:00:00,CÔNG TY TNHH MỘT THÀNH VIÊN HUY VŨ,CÔNG TY TRUYỀN TẢI ĐIỆN 3 - TRUYỀN TẢI ĐIỆN GIA LAI
1662,banra,1,336364.00,2024-12-26 17:00:00,CÔNG TY TNHH MỘT THÀNH VIÊN HUY VŨ,BẢO HIỂM XÃ HỘI TỈNH GIA LAI
1661,banra,1,18036365.00,2024-12-26 17:00:00,CÔNG TY TNHH MỘT THÀNH VIÊN HUY VŨ,CÔNG TY CỔ PHẦN TƯ VẤN XÂY DỰNG GIAO THÔNG AN BÌNH
1660,banra,1,2454545.00,2024-12-25 17:00:00,CÔNG TY TNHH MỘT THÀNH VIÊN HUY VŨ,TRUNG TÂM DỊCH VỤ NÔNG NGHIỆP HUYỆN IA GRAI
1659,banra,1,881818.00,2024-12-25 17:00:00,CÔNG TY TNHH MỘT THÀNH VIÊN HUY VŨ,CỬA HÀNG MÁY VĂN PHÒNG HBT
1658,banra,1,4454545.00,2024-12-25 17:00:00,CÔNG TY TNHH MỘT THÀNH VIÊN HUY VŨ,BAN QUẢN LÝ RỪNG PHÒNG HỘ ĐĂK ĐOA
1657,banra,1,23181818.00,2024-12-25 17:00:00,CÔNG TY TNHH MỘT THÀNH VIÊN HUY VŨ,ỦY BAN NHÂN DÂN XÃ IA VÊ
1656,banra,1,327273.00,2024-12-25 17:00:00,CÔNG TY TNHH MỘT THÀNH VIÊN HUY VŨ,TRUNG TÂM THIẾT BỊ MÁY VĂN PHÒNG TÂN MINH
1655,banra,1,550000.00,2024-12-25 17:00:00,CÔNG TY TNHH MỘT THÀNH VIÊN HUY VŨ,TRUNG TÂM THIẾT BỊ MÁY VĂN PHÒNG TÂN MINH
1654,banra,1,136364.00,2024-12-25 17:00:00,CÔNG TY TNHH MỘT THÀNH VIÊN HUY VŨ,CHI NHÁNH CÔNG TY TNHH OLAM TẠI PLEIKU
1653,banra,1,500000.00,2024-12-25 17:00:00,CÔNG TY TNHH MỘT THÀNH VIÊN HUY VŨ,CÔNG TY TNHH THƯƠNG MẠI DƯỢC PHẨM NGHINH PHONG
1652,banra,1,1363636.00,2024-12-25 17:00:00,CÔNG TY TNHH MỘT THÀNH VIÊN HUY VŨ,HỘ KINH DOANH PHAN VĂN MINH
1651,banra,1,6354545.00,2024-12-25 17:00:00,CÔNG TY TNHH MỘT THÀNH VIÊN HUY VŨ,CÔNG TY CỔ PHẦN THỂ THAO LPBANK HOÀNG ANH GIA LAI
1650,banra,1,4157407.00,2024-12-25 17:00:00,CÔNG TY TNHH MỘT THÀNH VIÊN HUY VŨ,CÔNG TY TNHH KIÊN NAM
1649,banra,1,5280000.00,2024-12-24 17:00:00,CÔNG TY TNHH MỘT THÀNH VIÊN HUY VŨ,CHI NHÁNH 716 THUỘC TỔNG CÔNG TY 15
1648,banra,1,27863636.00,2024-12-24 17:00:00,CÔNG TY TNHH MỘT THÀNH VIÊN HUY VŨ,CHI NHÁNH 716 THUỘC TỔNG CÔNG TY 15
1647,banra,1,380200000.00,2024-12-24 17:00:00,CÔNG TY TNHH MỘT THÀNH VIÊN HUY VŨ,CÔNG TY TRÁCH NHIỆM HỮU HẠN MỘT THÀNH VIÊN XĂNG DẦU BẮC TÂY NGUYÊN
1646,banra,1,274430000.00,2024-12-24 17:00:00,CÔNG TY TNHH MỘT THÀNH VIÊN HUY VŨ,CÔNG TY TNHH MỘT THÀNH VIÊN ĐIỆN TỬ TIN HỌC NGUYỄN DƯƠNG
1645,banra,1,5845455.00,2024-12-24 17:00:00,CÔNG TY TNHH MỘT THÀNH VIÊN HUY VŨ,BINH ĐOÀN 15
1644,banra,1,2727273.00,2024-12-24 17:00:00,CÔNG TY TNHH MỘT THÀNH VIÊN HUY VŨ,LỮ ĐOÀN 132 - BINH CHỦNG THÔNG TIN LIÊN LẠC
1643,banra,1,909091.00,2024-12-24 17:00:00,CÔNG TY TNHH MỘT THÀNH VIÊN HUY VŨ,LỮ ĐOÀN 132 - BINH CHỦNG THÔNG TIN LIÊN LẠC
1642,banra,1,72727273.00,2024-12-24 17:00:00,CÔNG TY TNHH MỘT THÀNH VIÊN HUY VŨ,LỮ ĐOÀN 132 - BINH CHỦNG THÔNG TIN LIÊN LẠC
1641,banra,1,345455.00,2024-12-23 17:00:00,CÔNG TY TNHH MỘT THÀNH VIÊN HUY VŨ,CÔNG TY TNHH MỘT THÀNH VIÊN XỔ SỐ KIẾN THIẾT QUẢNG BÌNH
1640,banra,1,4640909.00,2024-12-23 17:00:00,CÔNG TY TNHH MỘT THÀNH VIÊN HUY VŨ,PHÒNG NỘI VỤ HUYỆN MANG YANG
1639,banra,1,1954545.00,2024-12-23 17:00:00,CÔNG TY TNHH MỘT THÀNH VIÊN HUY VŨ,MÁY VĂN PHÒNG PHƯƠNG NAM
1638,banra,1,7950000.00,2024-12-23 17:00:00,CÔNG TY TNHH MỘT THÀNH VIÊN HUY VŨ,CÔNG TY TNHH TIN HỌC QUANG ANH GL
1637,banra,1,1090909.00,2024-12-23 17:00:00,CÔNG TY TNHH MỘT THÀNH VIÊN HUY VŨ,PHÒNG AN NINH NỘI ĐỊA - CÔNG AN TỈNH GIA LAI
1636,banra,1,909091.00,2024-12-23 17:00:00,CÔNG TY TNHH MỘT THÀNH VIÊN HUY VŨ,BỘ CHỈ HUY QUÂN SỰ TỈNH GIA LAI
1635,banra,1,4090909.00,2024-12-23 17:00:00,CÔNG TY TNHH MỘT THÀNH VIÊN HUY VŨ,BỘ CHỈ HUY QUÂN SỰ TỈNH GIA LAI
1634,banra,1,22557273.00,2024-12-23 17:00:00,CÔNG TY TNHH MỘT THÀNH VIÊN HUY VŨ,XƯỞNG 340 - QUÂN KHU 5
1633,banra,1,1750000.00,2024-12-23 17:00:00,CÔNG TY TNHH MỘT THÀNH VIÊN HUY VŨ,XƯỞNG 340 - QUÂN KHU 5
1632,banra,1,8036364.00,2024-12-23 17:00:00,CÔNG TY TNHH MỘT THÀNH VIÊN HUY VŨ,CÔNG TY TNHH MỘT THÀNH VIÊN TM-DV SƠN NGUYỆT
1631,banra,1,2363636.00,2024-12-23 17:00:00,CÔNG TY TNHH MỘT THÀNH VIÊN HUY VŨ,CÔNG TY TNHH MTV ĐỒNG TÂN CHƯ SÊ
1630,banra,1,13636364.00,2024-12-23 17:00:00,CÔNG TY TNHH MỘT THÀNH VIÊN HUY VŨ,TRƯỜNG MẦM NON TRÀ MY
1629,banra,1,7990909.00,2024-12-23 17:00:00,CÔNG TY TNHH MỘT THÀNH VIÊN HUY VŨ,CHI NHÁNH 716 THUỘC TỔNG CÔNG TY 15
1628,banra,1,118182.00,2024-12-22 17:00:00,CÔNG TY TNHH MỘT THÀNH VIÊN HUY VŨ,CHI NHÁNH CÔNG TY TNHH LOTTERIA VIỆT NAM TẠI TỈNH GIA LAI
1627,banra,1,445454.00,2024-12-22 17:00:00,CÔNG TY TNHH MỘT THÀNH VIÊN HUY VŨ,CÔNG TY TNHH MỘT THÀNH VIÊN TCD ĐẠI NAM
1626,banra,1,2063636.00,2024-12-22 17:00:00,CÔNG TY TNHH MỘT THÀNH VIÊN HUY VŨ,TRUNG TÂM THIẾT BỊ MÁY VĂN PHÒNG TÂN MINH
1625,banra,1,1354545.00,2024-12-22 17:00:00,CÔNG TY TNHH MỘT THÀNH VIÊN HUY VŨ,CÔNG TY TNHH XÂY DỰNG CÔNG NÔNG NGHIỆP THADICO
1624,banra,1,500000.00,2024-12-22 17:00:00,CÔNG TY TNHH MỘT THÀNH VIÊN HUY VŨ,CÔNG TY CỔ PHẦN TƯ VẤN XÂY DỰNG VÀ KIỂM ĐỊNH THỊNH PHÁT
1623,banra,1,18181818.00,2024-12-22 17:00:00,CÔNG TY TNHH MỘT THÀNH VIÊN HUY VŨ,BINH ĐOÀN 15
1622,banra,1,1163636.00,2024-12-22 17:00:00,CÔNG TY TNHH MỘT THÀNH VIÊN HUY VŨ,CÔNG TY TNHH MỘT THÀNH VIÊN XÂY DỰNG NAM ANH GIA LAI
1621,banra,1,12638889.00,2024-12-22 17:00:00,CÔNG TY TNHH MỘT THÀNH VIÊN HUY VŨ,Công Ty TNHH MTV PTNN Đại Thắng ( MST : 838051843-900 )
1620,banra,1,18090909.00,2024-12-21 17:00:00,CÔNG TY TNHH MỘT THÀNH VIÊN HUY VŨ,CÔNG TY TNHH KHÍ CÔNG NGHIỆP TUẤN ANH QUẢNG NGÃI
1619,banra,1,18000000.00,2024-12-21 17:00:00,CÔNG TY TNHH MỘT THÀNH VIÊN HUY VŨ,CÔNG TY TNHH MỘT THÀNH VIÊN PHẠM DỰC
1618,banra,1,4863636.00,2024-12-21 17:00:00,CÔNG TY TNHH MỘT THÀNH VIÊN HUY VŨ,CÔNG TY TNHH MỘT THÀNH VIÊN 78
1617,banra,1,10086364.00,2024-12-21 17:00:00,CÔNG TY TNHH MỘT THÀNH VIÊN HUY VŨ,MÁY VĂN PHÒNG PHƯƠNG NAM
1616,banra,1,200000.00,2024-12-21 17:00:00,CÔNG TY TNHH MỘT THÀNH VIÊN HUY VŨ,CÔNG TY TNHH TƯ VẤN TÀI NGUYÊN VÀ MÔI TRƯỜNG QUANG MINH
1615,banra,1,4157407.00,2024-12-20 17:00:00,CÔNG TY TNHH MỘT THÀNH VIÊN HUY VŨ,CÔNG TY TNHH MỘT THÀNH VIÊN CÀ PHÊ IABLAN
1614,banra,1,13854545.00,2024-12-20 17:00:00,CÔNG TY TNHH MỘT THÀNH VIÊN HUY VŨ,CÔNG TY TNHH MỘT THÀNH VIÊN PHẠM DỰC
1613,banra,1,900000.00,2024-12-20 17:00:00,CÔNG TY TNHH MỘT THÀNH VIÊN HUY VŨ,CÔNG TY TNHH ĐIỆN XEKAMAN 1
1612,banra,1,3842593.00,2024-12-20 17:00:00,CÔNG TY TNHH MỘT THÀNH VIÊN HUY VŨ,CÔNG TY TNHH ĐIỆN XEKAMAN 1
1611,banra,1,15081818.00,2024-12-19 17:00:00,CÔNG TY TNHH MỘT THÀNH VIÊN HUY VŨ,CÔNG TY TNHH ĐIỆN XEKAMAN 1
1610,banra,1,731482.00,2024-12-18 17:00:00,CÔNG TY TNHH MỘT THÀNH VIÊN HUY VŨ,CÔNG TY TNHH MỘT THÀNH VIÊN GIA NGUYỄN TIẾN
1609,banra,1,5263636.00,2024-12-18 17:00:00,CÔNG TY TNHH MỘT THÀNH VIÊN HUY VŨ,CÔNG TY TNHH MỘT THÀNH VIÊN TM DV XNK PHẠM GIA KHANG
1608,banra,1,4809091.00,2024-12-18 17:00:00,CÔNG TY TNHH MỘT THÀNH VIÊN HUY VŨ,CÔNG TY TRÁCH NHIỆM HỮU HẠN MỘT THÀNH VIÊN XĂNG DẦU BẮC TÂY NGUYÊN
1607,banra,1,1590909.00,2024-12-18 17:00:00,CÔNG TY TNHH MỘT THÀNH VIÊN HUY VŨ,CÔNG TY PHÁT TRIỂN THỦY ĐIỆN SÊ SAN - CHI NHÁNH TẬP ĐOÀN ĐIỆN LỰC VIỆT NAM
1606,banra,1,4740000.00,2024-12-18 17:00:00,CÔNG TY TNHH MỘT THÀNH VIÊN HUY VŨ,CÔNG TY PHÁT TRIỂN THỦY ĐIỆN SÊ SAN - CHI NHÁNH TẬP ĐOÀN ĐIỆN LỰC VIỆT NAM
1605,banra,1,818182.00,2024-12-18 17:00:00,CÔNG TY TNHH MỘT THÀNH VIÊN HUY VŨ,BAN QUẢN LÝ RỪNG PHÒNG HỘ IA MEUR
1604,banra,1,536364.00,2024-12-18 17:00:00,CÔNG TY TNHH MỘT THÀNH VIÊN HUY VŨ,CÔNG TY TNHH DOANH NGHIỆP XÃ HỘI TỪ THIỆN VÀ HỖ TRỢ PHÁT TRIỂN CỘNG ĐỒNG FLY TO SKY
1603,banra,1,336364.00,2024-12-18 17:00:00,CÔNG TY TNHH MỘT THÀNH VIÊN HUY VŨ,BẢO HIỂM XÃ HỘI TỈNH GIA LAI
1602,banra,1,17036364.00,2024-12-18 17:00:00,CÔNG TY TNHH MỘT THÀNH VIÊN HUY VŨ,CÔNG TY TNHH ĐIỆN XEKAMAN 1
1601,banra,1,1945455.00,2024-12-18 17:00:00,CÔNG TY TNHH MỘT THÀNH VIÊN HUY VŨ,Trại giống cây trồng - Binh đoàn 16
1600,banra,1,9000000.00,2024-12-18 17:00:00,CÔNG TY TNHH MỘT THÀNH VIÊN HUY VŨ,CÔNG TY TNHH MỘT THÀNH VIÊN TỔNG CÔNG TY 15 - CHI NHÁNH 710
1599,banra,1,1990909.00,2024-12-18 17:00:00,CÔNG TY TNHH MỘT THÀNH VIÊN HUY VŨ,HỘI CỰU CÔNG AN NHÂN DÂN TỈNH GIA LAI
1598,banra,1,3845455.00,2024-12-17 17:00:00,CÔNG TY TNHH MỘT THÀNH VIÊN HUY VŨ,AGRIBANK  CHI NHÁNH THÀNH PHỐ PLEIKU GIA LAI
1597,banra,1,10000000.00,2024-12-17 17:00:00,CÔNG TY TNHH MỘT THÀNH VIÊN HUY VŨ,CHI NHÁNH CÔNG TY CỔ PHẦN XĂNG DẦU DẦU KHÍ PVOIL MIỀN TRUNG TẠI GIA LAI
1596,banra,1,17854545.00,2024-12-17 17:00:00,CÔNG TY TNHH MỘT THÀNH VIÊN HUY VŨ,HỘI CỰU CÔNG AN NHÂN DÂN TỈNH GIA LAI
1595,banra,1,11818182.00,2024-12-17 17:00:00,CÔNG TY TNHH MỘT THÀNH VIÊN HUY VŨ,TRUNG TÂM ỨNG DỤNG TIẾN BỘ KHOA HỌC VÀ CÔNG NGHỆ TỈNH GIA LAI
1594,banra,1,9545455.00,2024-12-17 17:00:00,CÔNG TY TNHH MỘT THÀNH VIÊN HUY VŨ,ỦY BAN NHÂN DÂN XÃ IA VÊ
1593,banra,1,11818182.00,2024-12-17 17:00:00,CÔNG TY TNHH MỘT THÀNH VIÊN HUY VŨ,CÔNG TY TNHH ĐIỆN TỬ TIN HỌC KIM PHÁT
1592,banra,1,16627273.00,2024-12-17 17:00:00,CÔNG TY TNHH MỘT THÀNH VIÊN HUY VŨ,CÔNG TY TRÁCH NHIỆM HỮU HẠN MỘT THÀNH VIÊN XĂNG DẦU BẮC TÂY NGUYÊN
1591,banra,1,18000000.00,2024-12-17 17:00:00,CÔNG TY TNHH MỘT THÀNH VIÊN HUY VŨ,CHI NHÁNH MIỀN TRUNG - CÔNG TY TNHH MỘT THÀNH VIÊN TRẮC ĐỊA BẢN ĐỒ
1590,banra,1,354545.00,2024-12-17 17:00:00,CÔNG TY TNHH MỘT THÀNH VIÊN HUY VŨ,CÔNG TY CỔ PHẦN TẬP ĐOÀN BOSSCO
1589,banra,1,13990909.00,2024-12-17 17:00:00,CÔNG TY TNHH MỘT THÀNH VIÊN HUY VŨ,CÔNG TY TNHH KẾ TOÁN SANG VY GIA LAI
1588,banra,1,12981818.00,2024-12-16 17:00:00,CÔNG TY TNHH MỘT THÀNH VIÊN HUY VŨ,TRƯỜNG THCS NGUYỄN HUỆ
1587,banra,1,1500000.00,2024-12-16 17:00:00,CÔNG TY TNHH MỘT THÀNH VIÊN HUY VŨ,CÔNG TY TNHH MỘT THÀNH VIÊN CHÂU THẠCH GIA LAI
1586,banra,1,15500000.00,2024-12-16 17:00:00,CÔNG TY TNHH MỘT THÀNH VIÊN HUY VŨ,CÔNG TY TNHH PHƯƠNG ANH THỊNH
1585,banra,1,4809091.00,2024-12-16 17:00:00,CÔNG TY TNHH MỘT THÀNH VIÊN HUY VŨ,CÔNG TY TNHH MTV MÔI TRƯỜNG MINH PHÚ GIA LAI
1584,banra,1,1263636.00,2024-12-16 17:00:00,CÔNG TY TNHH MỘT THÀNH VIÊN HUY VŨ,CÔNG TY TNHH AP BIỂN HỒ
1583,banra,1,32727273.00,2024-12-16 17:00:00,CÔNG TY TNHH MỘT THÀNH VIÊN HUY VŨ,BƯU ĐIỆN TỈNH GIA LAI
1582,banra,1,13990909.00,2024-12-15 17:00:00,CÔNG TY TNHH MỘT THÀNH VIÊN HUY VŨ,CÔNG TY TNHH PHÁT TRIỂN DU LỊCH LA MIA
1581,banra,1,1309091.00,2024-12-15 17:00:00,CÔNG TY TNHH MỘT THÀNH VIÊN HUY VŨ,CÔNG TY CỔ PHẦN TẬP ĐOÀN VẬN TẢI SÀI GÒN – CHI NHÁNH GIA LAI
1580,banra,1,1295455.00,2024-12-15 17:00:00,CÔNG TY TNHH MỘT THÀNH VIÊN HUY VŨ,CÔNG TY TNHH TOYOTA GIA LAI
1579,banra,1,22727273.00,2024-12-15 17:00:00,CÔNG TY TNHH MỘT THÀNH VIÊN HUY VŨ,CÔNG TY TNHH MỘT THÀNH VIÊN 715
1578,banra,1,1363636.00,2024-12-15 17:00:00,CÔNG TY TNHH MỘT THÀNH VIÊN HUY VŨ,CÔNG TY TRÁCH NHIỆM HỮU HẠN MỘT THÀNH VIÊN XĂNG DẦU BẮC TÂY NGUYÊN
1577,banra,1,1550000.00,2024-12-15 17:00:00,CÔNG TY TNHH MỘT THÀNH VIÊN HUY VŨ,BAN QUẢN LÝ RỪNG PHÒNG HỘ IA MEUR
1576,banra,1,263636.00,2024-12-15 17:00:00,CÔNG TY TNHH MỘT THÀNH VIÊN HUY VŨ,CHI NHÁNH CÔNG TY CỔ PHẦN THUỶ ĐIỆN CẦN ĐƠN-NHÀ MÁY THỦY ĐIỆN RY NINH II
1575,banra,1,400000.00,2024-12-15 17:00:00,CÔNG TY TNHH MỘT THÀNH VIÊN HUY VŨ,CÔNG TY CỔ PHẦN CÀ PHÊ GIA LAI
1574,banra,1,18000000.00,2024-12-15 17:00:00,CÔNG TY TNHH MỘT THÀNH VIÊN HUY VŨ,CÔNG TY TNHH AP BIỂN HỒ
1573,banra,1,18172727.00,2024-12-15 17:00:00,CÔNG TY TNHH MỘT THÀNH VIÊN HUY VŨ,CÔNG TY TNHH ĐIỆN XEKAMAN 1
1572,banra,1,4418182.00,2024-12-15 17:00:00,CÔNG TY TNHH MỘT THÀNH VIÊN HUY VŨ,Trại giống cây trồng - Binh đoàn 16
1571,banra,1,1500000.00,2024-12-15 17:00:00,CÔNG TY TNHH MỘT THÀNH VIÊN HUY VŨ,CÔNG TY TNHH HOÀNG AUTO GIA LAI
1570,banra,1,4163636.00,2024-12-15 17:00:00,CÔNG TY TNHH MỘT THÀNH VIÊN HUY VŨ,CÔNG TY TNHH MỘT THÀNH VIÊN 78
1569,banra,1,136364.00,2024-12-14 17:00:00,CÔNG TY TNHH MỘT THÀNH VIÊN HUY VŨ,CÔNG TY TNHH THỜI TRANG ELISE
1568,banra,1,11818182.00,2024-12-13 17:00:00,CÔNG TY TNHH MỘT THÀNH VIÊN HUY VŨ,CÔNG TY TNHH ĐIỆN TỬ TIN HỌC KIM PHÁT
1567,banra,1,18136364.00,2024-12-13 17:00:00,CÔNG TY TNHH MỘT THÀNH VIÊN HUY VŨ,CHI NHÁNH MIỀN TRUNG - CÔNG TY TNHH MỘT THÀNH VIÊN TRẮC ĐỊA BẢN ĐỒ
1566,banra,1,18136364.00,2024-12-13 17:00:00,CÔNG TY TNHH MỘT THÀNH VIÊN HUY VŨ,CÔNG TY TNHH MỘT THÀNH VIÊN ĐẠI HỒNG PHÚC
1565,banra,1,18136364.00,2024-12-13 17:00:00,CÔNG TY TNHH MỘT THÀNH VIÊN HUY VŨ,CÔNG TY TNHH VĨNH HIỆP
1564,banra,1,18090909.00,2024-12-13 17:00:00,CÔNG TY TNHH MỘT THÀNH VIÊN HUY VŨ,CÔNG TY TNHH ĐIỆN XEKAMAN 1
1563,banra,1,5354545.00,2024-12-12 17:00:00,CÔNG TY TNHH MỘT THÀNH VIÊN HUY VŨ,Công Ty TNHH MTV PTNN Đại Thắng ( MST : 838051843-900 )
1562,banra,1,6363637.00,2024-12-12 17:00:00,CÔNG TY TNHH MỘT THÀNH VIÊN HUY VŨ,LÊ THỊ LINH PHƯƠNG
1561,banra,1,11818182.00,2024-12-12 17:00:00,CÔNG TY TNHH MỘT THÀNH VIÊN HUY VŨ,CÔNG TY TNHH ĐIỆN TỬ TIN HỌC KIM PHÁT
1560,banra,1,11818182.00,2024-12-12 17:00:00,CÔNG TY TNHH MỘT THÀNH VIÊN HUY VŨ,CÔNG TY TNHH VĨNH HIỆP
1559,banra,1,10909091.00,2024-12-12 17:00:00,CÔNG TY TNHH MỘT THÀNH VIÊN HUY VŨ,CÔNG TY TNHH ĐIỆN TỬ TIN HỌC KIM PHÁT
1558,banra,1,10909091.00,2024-12-12 17:00:00,CÔNG TY TNHH MỘT THÀNH VIÊN HUY VŨ,CÔNG TY TNHH ĐIỆN TỬ TIN HỌC KIM PHÁT
1557,banra,1,19090909.00,2024-12-12 17:00:00,CÔNG TY TNHH MỘT THÀNH VIÊN HUY VŨ,CÔNG TY TNHH ĐIỆN TỬ TIN HỌC KIM PHÁT
1556,banra,1,7909091.00,2024-12-12 17:00:00,CÔNG TY TNHH MỘT THÀNH VIÊN HUY VŨ,Công Ty TNHH MTV PTNN Đại Thắng ( MST : 838051843-900 )
1554,banra,1,3990909.00,2024-12-12 17:00:00,CÔNG TY TNHH MỘT THÀNH VIÊN HUY VŨ,LỮ ĐOÀN 132 - BINH CHỦNG THÔNG TIN LIÊN LẠC
1553,banra,1,20045455.00,2024-12-12 17:00:00,CÔNG TY TNHH MỘT THÀNH VIÊN HUY VŨ,BAN QUẢN LÝ DỰ ÁN ĐẦU TƯ XÂY DỰNG HUYỆN CHƯ PĂH
1552,banra,1,19090909.00,2024-12-11 17:00:00,CÔNG TY TNHH MỘT THÀNH VIÊN HUY VŨ,CÔNG TY TNHH ĐIỆN TỬ TIN HỌC KIM PHÁT
1551,banra,1,1363636.00,2024-12-11 17:00:00,CÔNG TY TNHH MỘT THÀNH VIÊN HUY VŨ,ĐẠI ĐỘI 1 - TIỂU ĐOÀN 29 BỘ THAM MƯU QUÂN ĐOÀN 3
1550,banra,1,17800000.00,2024-12-11 17:00:00,CÔNG TY TNHH MỘT THÀNH VIÊN HUY VŨ,CÔNG TY CỔ PHẦN TRẦN QUANG GIA LAI
1549,banra,1,17090909.00,2024-12-11 17:00:00,CÔNG TY TNHH MỘT THÀNH VIÊN HUY VŨ,CÔNG TY TNHH MTV PHƯƠNG VINH PHÁT - GIA LAI
1548,banra,1,16545455.00,2024-12-11 17:00:00,CÔNG TY TNHH MỘT THÀNH VIÊN HUY VŨ,CÔNG TY CỔ PHẦN AN THỊNH PHÁT GIA LAI
1547,banra,1,19090909.00,2024-12-11 17:00:00,CÔNG TY TNHH MỘT THÀNH VIÊN HUY VŨ,CÔNG TY TNHH VĨNH HIỆP
1546,banra,1,19090909.00,2024-12-11 17:00:00,CÔNG TY TNHH MỘT THÀNH VIÊN HUY VŨ,CÔNG TY TNHH ĐIỆN TỬ TIN HỌC KIM PHÁT
1545,banra,1,327273.00,2024-12-11 17:00:00,CÔNG TY TNHH MỘT THÀNH VIÊN HUY VŨ,CÔNG AN HUYỆN MANG YANG
1544,banra,1,14518182.00,2024-12-11 17:00:00,CÔNG TY TNHH MỘT THÀNH VIÊN HUY VŨ,CÔNG TY TNHH MỘT THÀNH VIÊN KINH DOANH TỔNG HỢP GIA LAI
1543,banra,1,5227273.00,2024-12-11 17:00:00,CÔNG TY TNHH MỘT THÀNH VIÊN HUY VŨ,TRƯỜNG CAO ĐẲNG NGHỀ SỐ 21 - BQP
1542,banra,1,11363636.00,2024-12-10 17:00:00,CÔNG TY TNHH MỘT THÀNH VIÊN HUY VŨ,CÔNG TY TNHH VĨNH HIỆP
1541,banra,1,11363636.00,2024-12-10 17:00:00,CÔNG TY TNHH MỘT THÀNH VIÊN HUY VŨ,CÔNG TY TNHH ĐIỆN TỬ TIN HỌC KIM PHÁT
1540,banra,1,11909091.00,2024-12-10 17:00:00,CÔNG TY TNHH MỘT THÀNH VIÊN HUY VŨ,CÔNG TY TNHH ĐIỆN TỬ TIN HỌC KIM PHÁT
1539,banra,1,11909091.00,2024-12-10 17:00:00,CÔNG TY TNHH MỘT THÀNH VIÊN HUY VŨ,CÔNG TY TNHH VĨNH HIỆP
1538,banra,1,11909091.00,2024-12-10 17:00:00,CÔNG TY TNHH MỘT THÀNH VIÊN HUY VŨ,CÔNG TY TNHH ĐIỆN TỬ TIN HỌC KIM PHÁT
1537,banra,1,31609091.00,2024-12-10 17:00:00,CÔNG TY TNHH MỘT THÀNH VIÊN HUY VŨ,CHI CỤC TIÊU CHUẨN ĐO LƯỜNG CHẤT LƯỢNG TỈNH GIA LAI
1536,banra,1,1272727.00,2024-12-10 17:00:00,CÔNG TY TNHH MỘT THÀNH VIÊN HUY VŨ,CÔNG TY TNHH DỊCH VỤ THUẾ - KẾ TOÁN TFC GIA LAI
1535,banra,1,500000.00,2024-12-10 17:00:00,CÔNG TY TNHH MỘT THÀNH VIÊN HUY VŨ,CHI NHÁNH CÔNG TY TNHH OLAM TẠI TỈNH GIA LAI
1534,banra,1,8045455.00,2024-12-09 17:00:00,CÔNG TY TNHH MỘT THÀNH VIÊN HUY VŨ,BAN QUẢN LÝ DỰ ÁN TALK DO VVOB VIỆN TRỢ
1533,banra,1,145455.00,2024-12-08 17:00:00,CÔNG TY TNHH MỘT THÀNH VIÊN HUY VŨ,CÔNG TY TNHH NĂNG LƯỢNG SẠCH CAO NGUYÊN
1532,banra,1,318182.00,2024-12-08 17:00:00,CÔNG TY TNHH MỘT THÀNH VIÊN HUY VŨ,CÔNG TY CỔ PHẦN ĐẦU TƯ VÀ XÂY DỰNG TRƯỜNG THỊNH
1531,banra,1,12718182.00,2024-12-07 17:00:00,CÔNG TY TNHH MỘT THÀNH VIÊN HUY VŨ,CÔNG TY TNHH THƯƠNG MẠI DỊCH VỤ TIN HỌC HOÀNG KIM PHÁT
1530,banra,1,381818.00,2024-12-07 17:00:00,CÔNG TY TNHH MỘT THÀNH VIÊN HUY VŨ,CÔNG TY TNHH MỘT THÀNH VIÊN CAO SU CHƯMOMRAY
1529,banra,1,545455.00,2024-12-07 17:00:00,CÔNG TY TNHH MỘT THÀNH VIÊN HUY VŨ,CÔNG TY TNHH MỘT THÀNH VIÊN TƯ VẤN XÂY DỰNG TIẾN CƯỜNG GIA LAI
1528,banra,1,11900000.00,2024-12-07 17:00:00,CÔNG TY TNHH MỘT THÀNH VIÊN HUY VŨ,CÔNG TY TNHH MỘT THÀNH VIÊN THIÊN HOÀNG SOLAR
1527,banra,1,5445455.00,2024-12-06 17:00:00,CÔNG TY TNHH MỘT THÀNH VIÊN HUY VŨ,CÔNG TY TNHH VMEA
1526,banra,1,654545.00,2024-12-06 17:00:00,CÔNG TY TNHH MỘT THÀNH VIÊN HUY VŨ,PHÒNG AN NINH NỘI ĐỊA - CÔNG AN TỈNH GIA LAI
1525,banra,1,12718182.00,2024-12-06 17:00:00,CÔNG TY TNHH MỘT THÀNH VIÊN HUY VŨ,CÔNG TY CỔ PHẦN TÍN THÀNH ĐẠT
1524,banra,1,5090909.00,2024-12-06 17:00:00,CÔNG TY TNHH MỘT THÀNH VIÊN HUY VŨ,CHI NHÁNH CÔNG TY CỔ PHẦN THUỶ ĐIỆN CẦN ĐƠN-NHÀ MÁY THỦY ĐIỆN RY NINH II
101394,muavao,1,23000.00,2024-07-25 17:00:00,Ngân hàng TMCP Sài Gòn Thương Tín - Chi nhánh Gia Lai,CONG TY TNHH MTV HUY VU
1523,banra,1,11500000.00,2024-12-06 17:00:00,CÔNG TY TNHH MỘT THÀNH VIÊN HUY VŨ,CHI NHÁNH CÔNG TY TNHH OLAM TẠI TỈNH GIA LAI
1522,banra,1,9363636.00,2024-12-06 17:00:00,CÔNG TY TNHH MỘT THÀNH VIÊN HUY VŨ,CÔNG TY BẢO HIỂM BSH GIA LAI
1521,banra,1,2572727.00,2024-12-06 17:00:00,CÔNG TY TNHH MỘT THÀNH VIÊN HUY VŨ,CHI CỤC THỐNG KÊ KHU VỰC CHƯ PĂH - IA GRAI
1520,banra,1,11331818.00,2024-12-06 17:00:00,CÔNG TY TNHH MỘT THÀNH VIÊN HUY VŨ,CÔNG TY TNHH MTV TỔNG CÔNG TY 15
1519,banra,1,17718182.00,2024-12-06 17:00:00,CÔNG TY TNHH MỘT THÀNH VIÊN HUY VŨ,CÔNG TY TNHH MỘT THÀNH VIÊN MEGAWATT PEAK VIỆT NAM
1518,banra,1,10181818.00,2024-12-05 17:00:00,CÔNG TY TNHH MỘT THÀNH VIÊN HUY VŨ,CÔNG TY TNHH ĐIỆN TỬ TIN HỌC KIM PHÁT
1517,banra,1,227273.00,2024-12-05 17:00:00,CÔNG TY TNHH MỘT THÀNH VIÊN HUY VŨ,CÔNG TY TNHH HÌNH ẢNH VIỄN ĐÔNG
1516,banra,1,145455.00,2024-12-05 17:00:00,CÔNG TY TNHH MỘT THÀNH VIÊN HUY VŨ,CÔNG TY CỔ PHẦN CHẾ BIẾN THỨC ĂN GIA SÚC ĐÔNG GIA LAI
1515,banra,1,4381818.00,2024-12-05 17:00:00,CÔNG TY TNHH MỘT THÀNH VIÊN HUY VŨ,NGÂN HÀNG THƯƠNG MẠI CỔ PHẦN ĐẦU TƯ VÀ PHÁT TRIỂN VIỆT NAM - CHI NHÁNH NAM GIA LAI
1514,banra,1,5400000.00,2024-12-05 17:00:00,CÔNG TY TNHH MỘT THÀNH VIÊN HUY VŨ,TRƯỜNG TIỂU HỌC SỐ 1 GLAR
1513,banra,1,8990909.00,2024-12-04 17:00:00,CÔNG TY TNHH MỘT THÀNH VIÊN HUY VŨ,TRUNG TÂM PHÁT TRIỂN QUỸ ĐẤT TP.PLEIKU
1512,banra,1,4990909.00,2024-12-04 17:00:00,CÔNG TY TNHH MỘT THÀNH VIÊN HUY VŨ,CHI NHÁNH CÔNG TY TNHH OLAM TẠI PLEIKU
1511,banra,1,1863636.00,2024-12-04 17:00:00,CÔNG TY TNHH MỘT THÀNH VIÊN HUY VŨ,CÔNG TY TNHH MỘT THÀNH VIÊN PHƯƠNG GIANG GIA LAI
1510,banra,1,2546296.00,2024-12-04 17:00:00,CÔNG TY TNHH MỘT THÀNH VIÊN HUY VŨ,CÔNG TY TNHH CHANG FRUITS
1509,banra,1,1118182.00,2024-12-04 17:00:00,CÔNG TY TNHH MỘT THÀNH VIÊN HUY VŨ,CÔNG TY CỔ PHẦN CHANH LEO NAFOODS
4468,muavao,1,20000.00,2024-07-16 17:00:00,Ngân hàng TMCP Sài Gòn Thương Tín - Chi nhánh Gia Lai,CONG TY TNHH MTV HUY VU
1508,banra,1,1500000.00,2024-12-04 17:00:00,CÔNG TY TNHH MỘT THÀNH VIÊN HUY VŨ,CÔNG TY TNHH ANDRITZ VIỆT NAM
1507,banra,1,5063636.00,2024-12-04 17:00:00,CÔNG TY TNHH MỘT THÀNH VIÊN HUY VŨ,CÔNG TY CỔ PHẦN DU LỊCH GIA LAI
1506,banra,1,909091.00,2024-12-03 17:00:00,CÔNG TY TNHH MỘT THÀNH VIÊN HUY VŨ,CÔNG TY TNHH MỘT THÀNH VIÊN CÀ PHÊ 15
1505,banra,1,6564815.00,2024-12-03 17:00:00,CÔNG TY TNHH MỘT THÀNH VIÊN HUY VŨ,NGÂN HÀNG HỢP TÁC XÃ VIỆT NAM - CHI NHÁNH GIA LAI
1504,banra,1,3172727.00,2024-12-01 17:00:00,CÔNG TY TNHH MỘT THÀNH VIÊN HUY VŨ,VĂN PHÒNG ĐẢNG ỦY XÃ IA TÔ
1503,banra,1,863636.00,2024-12-01 17:00:00,CÔNG TY TNHH MỘT THÀNH VIÊN HUY VŨ,CÔNG TY TNHH HỒ TIÊU NGŨ SẮC
1502,banra,1,718182.00,2024-12-01 17:00:00,CÔNG TY TNHH MỘT THÀNH VIÊN HUY VŨ,CHI NHÁNH GIA LAI - CÔNG TY CỔ PHẦN THỰC PHẨM XUẤT KHẨU ĐỒNG GIAO
1501,banra,1,636364.00,2024-12-01 17:00:00,CÔNG TY TNHH MỘT THÀNH VIÊN HUY VŨ,TRƯỜNG MẪU GIÁO HƯƠNG TRÀ
1500,banra,1,136364.00,2024-12-01 17:00:00,CÔNG TY TNHH MỘT THÀNH VIÊN HUY VŨ,TRƯỜNG THCS NGUYỄN VIẾT XUÂN
1499,banra,1,709091.00,2024-12-01 17:00:00,CÔNG TY TNHH MỘT THÀNH VIÊN HUY VŨ,TRƯỜNG MẪU GIÁO SAO MAI
1498,banra,1,35990909.00,2024-11-30 17:00:00,CÔNG TY TNHH MỘT THÀNH VIÊN HUY VŨ,BỘ CHỈ HUY BỘ ĐỘI BIÊN PHÒNG TỈNH GIA LAI
97447,muavao,1,16438181.00,2024-02-26 17:00:00,CÔNG TY CỔ PHẦN THẾ GIỚI SỐ,CÔNG TY TNHH MTV HUY VŨ
28059,muavao,1,23000.00,2024-02-26 17:00:00,Ngân hàng TMCP Sài Gòn Thương Tín - Chi nhánh Gia Lai,CONG TY TNHH MTV HUY VU
26592,muavao,1,125000.00,2024-02-26 17:00:00,Ngân hàng TMCP Sài Gòn Thương Tín - Chi nhánh Gia Lai,CONG TY TNHH MTV HUY VU
1144,muavao,1,17943638.00,2024-02-26 17:00:00,CÔNG TY TNHH PHÂN PHỐI PHƯƠNG VIỆT,CÔNG TY TNHH MỘT THÀNH VIÊN HUY VŨ
18,muavao,1,4909091.00,2024-02-26 17:00:00,CÔNG TY TNHH FINTECS,CÔNG TY TNHH MỘT THÀNH VIÊN HUY VŨ
25841,muavao,1,19000.00,2024-02-25 17:00:00,Ngân hàng TMCP Sài Gòn Thương Tín - Chi nhánh Gia Lai,CONG TY TNHH MTV HUY VU
930,muavao,1,3327270.00,2024-02-25 17:00:00,CÔNG TY TNHH THƯƠNG MẠI DỊCH VỤ QUỐC VIỆT,Công Ty TNHH Một Thành Viên Huy Vũ
169,muavao,1,55881818.00,2024-02-25 17:00:00,CHI NHÁNH CÔNG TY CỔ PHẦN ĐẦU TƯ VÀ PHÁT TRIỂN CÔNG NGHỆ QUỐC GIA ADG TẠI ĐÀ NẴNG,Công Ty TNHH Một Thành Viên Huy Vũ
11526498,muavao,1,13636.00,2024-02-23 17:00:00,NGÂN HÀNG TMCP Á CHÂU,CTY TNHH MTV HUY VU
11338194,muavao,1,13636.00,2024-02-23 17:00:00,NGÂN HÀNG TMCP Á CHÂU,CTY TNHH MTV HUY VU
10696544,muavao,1,13636.00,2024-02-23 17:00:00,NGÂN HÀNG TMCP Á CHÂU,CTY TNHH MTV HUY VU
452,muavao,1,6954545.00,2024-02-23 17:00:00,CHI NHÁNH CÔNG TY TNHH CÔNG NGHỆ VÀ THƯƠNG MẠI Á MỸ,CÔNG TY TNHH MỘT THÀNH VIÊN HUY VŨ
16,muavao,1,2727273.00,2024-02-23 17:00:00,CÔNG TY TNHH FINTECS,CÔNG TY TNHH MỘT THÀNH VIÊN HUY VŨ
9652798,muavao,1,4545.00,2024-02-22 17:00:00,NGÂN HÀNG TMCP Á CHÂU,CTY TNHH MTV HUY VU
9649393,muavao,1,4545.00,2024-02-22 17:00:00,NGÂN HÀNG TMCP Á CHÂU,CTY TNHH MTV HUY VU
9647728,muavao,1,72727.00,2024-02-22 17:00:00,NGÂN HÀNG TMCP Á CHÂU,CTY TNHH MTV HUY VU
11010,muavao,1,232727272.00,2024-02-22 17:00:00,CÔNG TY CỔ PHẦN DỊCH VỤ PHÂN PHỐI TỔNG HỢP DẦU KHÍ,Công ty TNHH  Một Thành Viên Huy Vũ
10468,muavao,1,17727273.00,2024-02-22 17:00:00,CÔNG TY TNHH MỘT THÀNH VIÊN CÔNG NGHỆ TIN HỌC VIỄN SƠN,CÔNG TY TNHH MỘT THÀNH VIÊN HUY VŨ
10440,muavao,1,6495455.00,2024-02-22 17:00:00,CÔNG TY TNHH MỘT THÀNH VIÊN CÔNG NGHỆ TIN HỌC VIỄN SƠN,CÔNG TY TNHH MỘT THÀNH VIÊN HUY VŨ
4162,muavao,1,894545.00,2024-02-22 17:00:00,CÔNG TY CỔ PHẦN MÁY TÍNH VĨNH XUÂN - CHI NHÁNH THÀNH PHỐ HỒ CHÍ MINH,CÔNG TY TNHH MỘT THÀNH VIÊN HUY VŨ
570,muavao,1,14332728.00,2024-02-22 17:00:00,CÔNG TY CỔ PHẦN MÁY TÍNH VĨNH XUÂN - CHI NHÁNH ĐÀ NẴNG,CÔNG TY TNHH MỘT THÀNH VIÊN HUY VŨ
133,muavao,1,7180000.00,2024-02-22 17:00:00,CÔNG TY CỔ PHẦN ĐẦU TƯ & THƯƠNG MẠI ĐẠI PHÁT,CÔNG TY TNHH MỘT THÀNH VIÊN HUY VŨ
121,muavao,1,8590909.00,2024-02-22 17:00:00,CÔNG TY TNHH MÁY TÍNH KIẾN HÒA,CÔNG TY TNHH MỘT THÀNH VIÊN HUY VŨ
62629962,muavao,1,13636.00,2024-11-08 17:00:00,NGÂN HÀNG TMCP Á CHÂU,CTY TNHH MTV HUY VU
1146,muavao,1,2063636.00,2024-02-21 17:00:00,CÔNG TY TNHH THƯƠNG MẠI DỊCH VỤ TIN HỌC ANH PHƯƠNG A.P.C.O.M,CÔNG TY TNHH MỘT THÀNH VIÊN HUY VŨ
1087,muavao,1,6045455.00,2024-02-21 17:00:00,CÔNG TY CỔ PHẦN THIẾT BỊ VĂN PHÒNG NGUYỄN ĐỨC,CÔNG TY TNHH MTV HUY VŨ
82928,muavao,1,18601818.00,2024-02-20 17:00:00,CÔNG TY CỔ PHẦN THẾ GIỚI SỐ,CÔNG TY TNHH MTV HUY VŨ
24138,muavao,1,23000.00,2024-02-20 17:00:00,Ngân hàng TMCP Sài Gòn Thương Tín - Chi nhánh Gia Lai,CONG TY TNHH MTV HUY VU
23987,muavao,1,19000.00,2024-02-20 17:00:00,Ngân hàng TMCP Sài Gòn Thương Tín - Chi nhánh Gia Lai,CONG TY TNHH MTV HUY VU
9285,muavao,1,48363636.00,2024-02-20 17:00:00,CÔNG TY TNHH MỘT THÀNH VIÊN CÔNG NGHỆ TIN HỌC VIỄN SƠN,CÔNG TY TNHH MỘT THÀNH VIÊN HUY VŨ
3505,muavao,1,133709091.00,2024-02-20 17:00:00,CÔNG TY CỔ PHẦN MÁY TÍNH VĨNH XUÂN - CHI NHÁNH THÀNH PHỐ HỒ CHÍ MINH,CÔNG TY TNHH MỘT THÀNH VIÊN HUY VŨ
884,muavao,1,3681818.00,2024-02-20 17:00:00,Công ty TNHH Tin Học Kim Thiên Bảo,CÔNG TY TNHH MỘT THÀNH VIÊN HUY VŨ
511,muavao,1,1800000.00,2024-02-20 17:00:00,CÔNG TY CỔ PHẦN MÁY TÍNH VĨNH XUÂN - CHI NHÁNH ĐÀ NẴNG,CÔNG TY TNHH MỘT THÀNH VIÊN HUY VŨ
232,muavao,1,10000001.00,2024-02-20 17:00:00,CÔNG TY CỔ PHẦN RIOTECH,CÔNG TY TNHH MỘT THÀNH VIÊN HUY VŨ
149,muavao,1,318845455.00,2024-02-20 17:00:00,CHI NHÁNH CÔNG TY CỔ PHẦN ĐẦU TƯ VÀ PHÁT TRIỂN CÔNG NGHỆ QUỐC GIA ADG TẠI ĐÀ NẴNG,Công Ty TNHH Một Thành Viên Huy Vũ
39,muavao,1,3632727.00,2024-02-20 17:00:00,CÔNG TY TNHH ĐIỆN TỬ TIN HỌC KIM PHÁT,Công Ty Trách Nhiệm Hữu Hạn một thành viên Huy Vũ
1617,muavao,1,6000000.00,2024-02-18 17:00:00,CÔNG TY TNHH PHÂN PHỐI CÔNG NGHỆ VÀ DỊCH VỤ MỚI RỒNG VIỆT,CÔNG TY TNHH MỘT THÀNH VIÊN HUY VŨ
991,muavao,1,20000.00,2024-02-18 17:00:00,Ngân hàng TMCP Sài Gòn Thương Tín - Chi nhánh Gia Lai,CONG TY TNHH MTV HUY VU
145,muavao,1,49090909.00,2024-02-18 17:00:00,CHI NHÁNH CÔNG TY CỔ PHẦN ĐẦU TƯ VÀ PHÁT TRIỂN CÔNG NGHỆ QUỐC GIA ADG TẠI ĐÀ NẴNG,Công Ty TNHH Một Thành Viên Huy Vũ
136051,muavao,1,20000.00,2024-02-29 17:00:00,TRUNG TÂM KINH DOANH VNPT - GIA LAI - CHI NHÁNH TỔNG CÔNG TY DỊCH VỤ VIỄN THÔNG,Công Ty TNHH MTV Huy Vũ
116,muavao,1,5700000.00,2024-02-18 17:00:00,CÔNG TY TNHH THƯƠNG MẠI LONG CƯỜNG PHÁT,CÔNG TY TNHH MỘT THÀNH VIÊN HUY VŨ
8868169,muavao,1,21522993.00,2024-02-15 17:00:00,NGÂN HÀNG TMCP Á CHÂU,CTY TNHH MTV HUY VU
981,muavao,1,50000.00,2024-02-15 17:00:00,Ngân hàng TMCP Sài Gòn Thương Tín - Chi nhánh Gia Lai,CONG TY TNHH MTV HUY VU
18381,muavao,1,5260274.00,2024-02-06 17:00:00,Ngân hàng TMCP Sài Gòn Thương Tín - Chi nhánh Gia Lai,CONG TY TNHH MTV HUY VU
18358,muavao,1,19000.00,2024-02-06 17:00:00,Ngân hàng TMCP Sài Gòn Thương Tín - Chi nhánh Gia Lai,CONG TY TNHH MTV HUY VU
18059,muavao,1,19000.00,2024-02-06 17:00:00,Ngân hàng TMCP Sài Gòn Thương Tín - Chi nhánh Gia Lai,CONG TY TNHH MTV HUY VU
89201,muavao,1,234545.00,2024-02-05 17:00:00,CÔNG TY DỊCH VỤ MOBIFONE KHU VỰC 7 - CHI NHÁNH TỔNG CÔNG TY VIỄN THÔNG MOBIFONE,Công ty TNHH MTV Huy Vũ
44972,muavao,1,454545.00,2024-02-05 17:00:00,CÔNG TY TNHH MTV XĂNG DẦU BẮC TÂY NGUYÊN,CÔNG TY TNHH MỘT THÀNH VIÊN HUY VŨ
17209,muavao,1,19000.00,2024-02-05 17:00:00,Ngân hàng TMCP Sài Gòn Thương Tín - Chi nhánh Gia Lai,CONG TY TNHH MTV HUY VU
1282,muavao,1,2795460.00,2024-02-05 17:00:00,CÔNG TY CỔ PHẦN PHÂN PHỐI TÂN NIỀM TIN,Công Ty TNHH Một Thành Viên Huy Vũ
408,muavao,1,581818.00,2024-02-05 17:00:00,CÔNG TY TNHH VIỄN THÔNG HOÀN PHÁT,CÔNG TY TNHH MỘT THÀNH VIÊN HUY VŨ
16513,muavao,1,19000.00,2024-02-04 17:00:00,Ngân hàng TMCP Sài Gòn Thương Tín - Chi nhánh Gia Lai,CONG TY TNHH MTV HUY VU
6803,muavao,1,0.00,2024-02-04 17:00:00,CÔNG TY CỔ PHẦN DỊCH VỤ PHÂN PHỐI TỔNG HỢP DẦU KHÍ,Công ty TNHH  Một Thành Viên Huy Vũ
906,muavao,1,4931815.00,2024-02-02 17:00:00,CÔNG TY TNHH PHÂN PHỐI PHƯƠNG VIỆT,CÔNG TY TNHH MỘT THÀNH VIÊN HUY VŨ
362,muavao,1,5054545.00,2024-02-02 17:00:00,CHI NHÁNH CÔNG TY TNHH CÔNG NGHỆ VÀ THƯƠNG MẠI Á MỸ,CÔNG TY TNHH MỘT THÀNH VIÊN HUY VŨ
20408763,muavao,1,350000.00,2024-02-01 17:00:00,Tập đoàn Công nghiệp - Viễn thông Quân đội,Công Ty Tnhh Huy Vũ
16188,muavao,1,19000.00,2024-02-01 17:00:00,Ngân hàng TMCP Sài Gòn Thương Tín - Chi nhánh Gia Lai,CONG TY TNHH MTV HUY VU
16080,muavao,1,19000.00,2024-02-01 17:00:00,Ngân hàng TMCP Sài Gòn Thương Tín - Chi nhánh Gia Lai,CONG TY TNHH MTV HUY VU
6665,muavao,1,28909091.00,2024-02-01 17:00:00,CÔNG TY CỔ PHẦN DỊCH VỤ PHÂN PHỐI TỔNG HỢP DẦU KHÍ,Công ty TNHH  Một Thành Viên Huy Vũ
6589,muavao,1,8572727.00,2024-02-01 17:00:00,CÔNG TY TNHH MỘT THÀNH VIÊN CÔNG NGHỆ TIN HỌC VIỄN SƠN,CÔNG TY TNHH MỘT THÀNH VIÊN HUY VŨ
6588,muavao,1,8909091.00,2024-02-01 17:00:00,CÔNG TY TNHH MỘT THÀNH VIÊN CÔNG NGHỆ TIN HỌC VIỄN SƠN,CÔNG TY TNHH MỘT THÀNH VIÊN HUY VŨ
875,muavao,1,16268183.00,2024-02-01 17:00:00,CÔNG TY TNHH PHÂN PHỐI PHƯƠNG VIỆT,CÔNG TY TNHH MỘT THÀNH VIÊN HUY VŨ
115,muavao,1,6490909.00,2024-02-01 17:00:00,CHI NHÁNH CÔNG TY CỔ PHẦN ĐẦU TƯ VÀ PHÁT TRIỂN CÔNG NGHỆ QUỐC GIA ADG TẠI ĐÀ NẴNG,Công Ty TNHH Một Thành Viên Huy Vũ
34,muavao,1,3069092.00,2024-02-01 17:00:00,CÔNG TY TNHH ĐIỆN TỬ TIN HỌC KIM PHÁT,Công Ty Trách Nhiệm Hữu Hạn một thành viên Huy Vũ
126155,muavao,1,274000.00,2024-01-31 17:00:00,TRUNG TÂM KINH DOANH VNPT - GIA LAI - CHI NHÁNH TỔNG CÔNG TY DỊCH VỤ VIỄN THÔNG,Công Ty TNHH MTV Huy Vũ
126115,muavao,1,20000.00,2024-01-31 17:00:00,TRUNG TÂM KINH DOANH VNPT - GIA LAI - CHI NHÁNH TỔNG CÔNG TY DỊCH VỤ VIỄN THÔNG,Công Ty TNHH MTV Huy Vũ
126068,muavao,1,24545.00,2024-01-31 17:00:00,TRUNG TÂM KINH DOANH VNPT - GIA LAI - CHI NHÁNH TỔNG CÔNG TY DỊCH VỤ VIỄN THÔNG,Công Ty  TNHH MTV Huy Vũ
126067,muavao,1,24000.00,2024-01-31 17:00:00,TRUNG TÂM KINH DOANH VNPT - GIA LAI - CHI NHÁNH TỔNG CÔNG TY DỊCH VỤ VIỄN THÔNG,Công Ty TNHH MTV  Huy Vũ
125896,muavao,1,233636.00,2024-01-31 17:00:00,TRUNG TÂM KINH DOANH VNPT - GIA LAI - CHI NHÁNH TỔNG CÔNG TY DỊCH VỤ VIỄN THÔNG,Cửa Hàng Máy Tình Trường Sơn
90589,muavao,1,249636.00,2024-01-31 17:00:00,TRUNG TÂM KINH DOANH VNPT - GIA LAI - CHI NHÁNH TỔNG CÔNG TY DỊCH VỤ VIỄN THÔNG,Công Ty TNHH MTV Huy Vũ
67491,muavao,1,404290.00,2024-01-31 17:00:00,TRUNG TÂM KINH DOANH VNPT - GIA LAI - CHI NHÁNH TỔNG CÔNG TY DỊCH VỤ VIỄN THÔNG,Công Ty TNHH MTV Huy Vũ
67400,muavao,1,204425.00,2024-01-31 17:00:00,TRUNG TÂM KINH DOANH VNPT - GIA LAI - CHI NHÁNH TỔNG CÔNG TY DỊCH VỤ VIỄN THÔNG,Công Ty TNHH MTV Huy Vũ
67399,muavao,1,447985.00,2024-01-31 17:00:00,TRUNG TÂM KINH DOANH VNPT - GIA LAI - CHI NHÁNH TỔNG CÔNG TY DỊCH VỤ VIỄN THÔNG,Công Ty TNHH MTV Huy Vũ
15695,muavao,1,19000.00,2024-01-31 17:00:00,Ngân hàng TMCP Sài Gòn Thương Tín - Chi nhánh Gia Lai,CONG TY TNHH MTV HUY VU
15694,muavao,1,21052625.00,2024-01-31 17:00:00,Ngân hàng TMCP Sài Gòn Thương Tín - Chi nhánh Gia Lai,CONG TY TNHH MTV HUY VU
138,muavao,1,6363636.00,2024-01-31 17:00:00,CÔNG TY TNHH XUẤT NHẬP KHẨU LÊ TRẦN GIA,CÔNG TY TNHH MỘT THÀNH VIÊN HUY VŨ
5799,muavao,1,170000.00,2024-03-30 17:00:00,Ngân hàng Thương mại Cổ phần Đầu tư và Phát triển Việt Nam - Chi nhánh Gia Lai,CONG TY TNHH MTV HUY VU
5773,muavao,1,10.00,2024-03-30 17:00:00,Ngân hàng Thương mại Cổ phần Đầu tư và Phát triển Việt Nam - Chi nhánh Gia Lai,CONG TY TNHH MTV HUY VU
24762,muavao,1,6000000.00,2024-03-29 17:00:00,CÔNG TY CỔ PHẦN DỊCH VỤ PHÂN PHỐI TỔNG HỢP DẦU KHÍ,Công ty TNHH  Một Thành Viên Huy Vũ
2976,muavao,1,12600000.00,2024-03-29 17:00:00,CÔNG TY TNHH PHƯƠNG KHANG COMPUTER,CÔNG TY TNHH MỘT THÀNH VIÊN HUY VŨ
821,muavao,1,2890908.00,2024-03-29 17:00:00,CÔNG TY TNHH VIỄN THÔNG HOÀN PHÁT,CÔNG TY TNHH MỘT THÀNH VIÊN HUY VŨ
85,muavao,1,5090909.00,2024-03-29 17:00:00,CÔNG TY TNHH ĐIỆN TỬ TIN HỌC KIM PHÁT,Công Ty Trách Nhiệm Hữu Hạn một thành viên Huy Vũ
152638,muavao,1,36000000.00,2024-03-28 17:00:00,CÔNG TY CỔ PHẦN THẾ GIỚI SỐ,CÔNG TY TNHH MTV HUY VŨ
49807,muavao,1,1045000.00,2024-03-28 17:00:00,Công ty TNHH Phân phối Synnex FPT,Công ty TNHH MTV Huy Vũ
49660,muavao,1,3083625.00,2024-03-28 17:00:00,Công ty TNHH Phân phối Synnex FPT,Công ty TNHH MTV Huy Vũ
42926,muavao,1,40000.00,2024-03-28 17:00:00,Ngân hàng TMCP Sài Gòn Thương Tín - Chi nhánh Gia Lai,CONG TY TNHH MTV HUY VU
24695,muavao,1,24363636.00,2024-03-28 17:00:00,CÔNG TY CỔ PHẦN DỊCH VỤ PHÂN PHỐI TỔNG HỢP DẦU KHÍ,Công ty TNHH  Một Thành Viên Huy Vũ
22577,muavao,1,43667273.00,2024-03-28 17:00:00,CÔNG TY TNHH MỘT THÀNH VIÊN CÔNG NGHỆ TIN HỌC VIỄN SƠN,CÔNG TY TNHH MỘT THÀNH VIÊN HUY VŨ
22515,muavao,1,5727273.00,2024-03-28 17:00:00,CÔNG TY TNHH MỘT THÀNH VIÊN CÔNG NGHỆ TIN HỌC VIỄN SƠN,CÔNG TY TNHH MỘT THÀNH VIÊN HUY VŨ
4217,muavao,1,238704.00,2024-03-28 17:00:00,CÔNG TY CỔ PHẦN ĐẦU TƯ THƯƠNG MẠI PHÁT TRIỂN NHẤT TÍN,CÔNG TY TNHH MỘT THÀNH VIÊN HUY VŨ
2464,muavao,1,10800000.00,2024-03-28 17:00:00,CÔNG TY TNHH THƯƠNG MẠI DỊCH VỤ TIN HỌC ANH PHƯƠNG A.P.C.O.M,CÔNG TY TNHH MỘT THÀNH VIÊN HUY VŨ
282,muavao,1,3080000.00,2024-03-28 17:00:00,CÔNG TY CỔ PHẦN PHÂN PHỐI ĐIỆN TỬ JVS,CÔNG TY TNHH MỘT THÀNH VIÊN HUY VŨ
150041,muavao,1,111954550.00,2024-03-27 17:00:00,CÔNG TY CỔ PHẦN THẾ GIỚI SỐ,CÔNG TY TNHH MTV HUY VŨ
49313,muavao,1,207909080.00,2024-03-27 17:00:00,Công ty TNHH Phân phối Synnex FPT,Công ty TNHH MTV Huy Vũ
49161,muavao,1,6072729.00,2024-03-27 17:00:00,Công ty TNHH Phân phối Synnex FPT,Công ty TNHH MTV Huy Vũ
42205,muavao,1,45551.00,2024-03-27 17:00:00,Ngân hàng TMCP Sài Gòn Thương Tín - Chi nhánh Gia Lai,CONG TY TNHH MTV HUY VU
3629,muavao,1,16352000.00,2024-03-27 17:00:00,CÔNG TY CỔ PHẦN GIẢI PHÁP TIN HỌC ÁNH DƯƠNG,CÔNG TY TNHH MỘT THÀNH VIÊN HUY VŨ
1786,muavao,1,5145447.00,2024-03-27 17:00:00,CÔNG TY TNHH THƯƠNG MẠI DỊCH VỤ QUỐC VIỆT,Công Ty TNHH Một Thành Viên Huy Vũ
302,muavao,1,32454545.00,2024-03-27 17:00:00,CHI NHÁNH CÔNG TY CỔ PHẦN ĐẦU TƯ VÀ PHÁT TRIỂN CÔNG NGHỆ QUỐC GIA ADG TẠI ĐÀ NẴNG,Công Ty TNHH Một Thành Viên Huy Vũ
299,muavao,1,83363636.00,2024-03-27 17:00:00,CHI NHÁNH CÔNG TY CỔ PHẦN ĐẦU TƯ VÀ PHÁT TRIỂN CÔNG NGHỆ QUỐC GIA ADG TẠI ĐÀ NẴNG,Công Ty TNHH Một Thành Viên Huy Vũ
42001,muavao,1,23000.00,2024-03-26 17:00:00,Ngân hàng TMCP Sài Gòn Thương Tín - Chi nhánh Gia Lai,CONG TY TNHH MTV HUY VU
42000,muavao,1,23000.00,2024-03-26 17:00:00,Ngân hàng TMCP Sài Gòn Thương Tín - Chi nhánh Gia Lai,CONG TY TNHH MTV HUY VU
41962,muavao,1,125000.00,2024-03-26 17:00:00,Ngân hàng TMCP Sài Gòn Thương Tín - Chi nhánh Gia Lai,CONG TY TNHH MTV HUY VU
543,muavao,1,536363.00,2024-03-26 17:00:00,CÔNG TY TNHH THƯƠNG MẠI KỸ THUẬT DIỆP KHÁNH,Công ty TNHH MTV Huy Vũ
83,muavao,1,12036364.00,2024-03-26 17:00:00,CÔNG TY TNHH ĐIỆN TỬ TIN HỌC KIM PHÁT,Công Ty Trách Nhiệm Hữu Hạn một thành viên Huy Vũ
39778,muavao,1,23000.00,2024-03-25 17:00:00,Ngân hàng TMCP Sài Gòn Thương Tín - Chi nhánh Gia Lai,CONG TY TNHH MTV HUY VU
145302,muavao,1,55610909.00,2024-03-24 17:00:00,CÔNG TY CỔ PHẦN THẾ GIỚI SỐ,CÔNG TY TNHH MTV HUY VŨ
2680,muavao,1,7309091.00,2024-03-24 17:00:00,CÔNG TY TNHH PHƯƠNG KHANG COMPUTER,CÔNG TY TNHH MỘT THÀNH VIÊN HUY VŨ
770,muavao,1,15218182.00,2024-03-24 17:00:00,CHI NHÁNH CÔNG TY TNHH CÔNG NGHỆ VÀ THƯƠNG MẠI Á MỸ,CÔNG TY TNHH MỘT THÀNH VIÊN HUY VŨ
136004,muavao,1,24545.00,2024-02-29 17:00:00,TRUNG TÂM KINH DOANH VNPT - GIA LAI - CHI NHÁNH TỔNG CÔNG TY DỊCH VỤ VIỄN THÔNG,Công Ty  TNHH MTV Huy Vũ
365,muavao,1,8363636.00,2024-03-24 17:00:00,CÔNG TY TNHH XUẤT NHẬP KHẨU LÊ TRẦN GIA,CÔNG TY TNHH MỘT THÀNH VIÊN HUY VŨ
143673,muavao,1,31818182.00,2024-03-21 17:00:00,CÔNG TY CỔ PHẦN THẾ GIỚI SỐ,CÔNG TY TNHH MTV HUY VŨ
36996,muavao,1,23000.00,2024-03-21 17:00:00,Ngân hàng TMCP Sài Gòn Thương Tín - Chi nhánh Gia Lai,CONG TY TNHH MTV HUY VU
36995,muavao,1,23000.00,2024-03-21 17:00:00,Ngân hàng TMCP Sài Gòn Thương Tín - Chi nhánh Gia Lai,CONG TY TNHH MTV HUY VU
77,muavao,1,10741819.00,2024-03-21 17:00:00,CÔNG TY TNHH ĐIỆN TỬ TIN HỌC KIM PHÁT,Công Ty Trách Nhiệm Hữu Hạn một thành viên Huy Vũ
63227,muavao,1,9500000.00,2024-03-20 17:00:00,Chi nhánh Công ty TNHH phân phối Synnex FPT,Công ty TNHH MTV Huy Vũ
21812,muavao,1,21272727.00,2024-03-20 17:00:00,CÔNG TY CỔ PHẦN DỊCH VỤ PHÂN PHỐI TỔNG HỢP DẦU KHÍ,Công ty TNHH  Một Thành Viên Huy Vũ
21297,muavao,1,4272727.00,2024-03-20 17:00:00,CÔNG TY CỔ PHẦN DỊCH VỤ PHÂN PHỐI TỔNG HỢP DẦU KHÍ,Công ty TNHH  Một Thành Viên Huy Vũ
63132,muavao,1,13636364.00,2024-03-19 17:00:00,Chi nhánh Công ty TNHH phân phối Synnex FPT,Công ty TNHH MTV Huy Vũ
1687,muavao,1,5840907.00,2024-03-19 17:00:00,CÔNG TY TNHH PHÂN PHỐI PHƯƠNG VIỆT,CÔNG TY TNHH MỘT THÀNH VIÊN HUY VŨ
224,muavao,1,7180000.00,2024-03-19 17:00:00,CÔNG TY CỔ PHẦN ĐẦU TƯ & THƯƠNG MẠI ĐẠI PHÁT,CÔNG TY TNHH MỘT THÀNH VIÊN HUY VŨ
36132,muavao,1,23000.00,2024-03-18 17:00:00,Ngân hàng TMCP Sài Gòn Thương Tín - Chi nhánh Gia Lai,CONG TY TNHH MTV HUY VU
36131,muavao,1,23000.00,2024-03-18 17:00:00,Ngân hàng TMCP Sài Gòn Thương Tín - Chi nhánh Gia Lai,CONG TY TNHH MTV HUY VU
1737,muavao,1,4625455.00,2024-03-18 17:00:00,CÔNG TY TNHH CÔNG NGHỆ DSS ĐÀ NẴNG,CÔNG TY TNHH MỘT THÀNH VIÊN HUY VŨ
234,muavao,1,15630000.00,2024-03-18 17:00:00,CÔNG TY TNHH THƯƠNG MẠI LONG CƯỜNG PHÁT,CÔNG TY TNHH MỘT THÀNH VIÊN HUY VŨ
43272,muavao,1,8081327.00,2024-03-17 17:00:00,Công ty TNHH Phân phối Synnex FPT,Công ty TNHH MTV Huy Vũ
43271,muavao,1,4692270.00,2024-03-17 17:00:00,Công ty TNHH Phân phối Synnex FPT,Công ty TNHH MTV Huy Vũ
35269,muavao,1,23000.00,2024-03-17 17:00:00,Ngân hàng TMCP Sài Gòn Thương Tín - Chi nhánh Gia Lai,CONG TY TNHH MTV HUY VU
35268,muavao,1,23000.00,2024-03-17 17:00:00,Ngân hàng TMCP Sài Gòn Thương Tín - Chi nhánh Gia Lai,CONG TY TNHH MTV HUY VU
34460,muavao,1,23000.00,2024-03-17 17:00:00,Ngân hàng TMCP Sài Gòn Thương Tín - Chi nhánh Gia Lai,CONG TY TNHH MTV HUY VU
2428,muavao,1,2309090.00,2024-03-17 17:00:00,Công Ty TNHH Công Nghệ Thông Tin An Phát,CÔNG TY TNHH MỘT THÀNH VIÊN HUY VŨ
2362,muavao,1,8063637.00,2024-03-17 17:00:00,CÔNG TY TNHH PHƯƠNG KHANG COMPUTER,CÔNG TY TNHH MỘT THÀNH VIÊN HUY VŨ
1708,muavao,1,7085456.00,2024-03-17 17:00:00,CÔNG TY TNHH CÔNG NGHỆ DSS ĐÀ NẴNG,CÔNG TY TNHH MỘT THÀNH VIÊN HUY VŨ
1061,muavao,1,42772727.00,2024-03-17 17:00:00,CÔNG TY CỔ PHẦN ĐẦU TƯ PHÁT TRIỂN CÔNG NGHỆ ROBO,CÔNG TY TNHH MỘT THÀNH VIÊN HUY VŨ
16206655,muavao,1,13636.00,2024-03-15 17:00:00,NGÂN HÀNG TMCP Á CHÂU,CTY TNHH MTV HUY VU
16206654,muavao,1,13636.00,2024-03-15 17:00:00,NGÂN HÀNG TMCP Á CHÂU,CTY TNHH MTV HUY VU
16206639,muavao,1,13636.00,2024-03-15 17:00:00,NGÂN HÀNG TMCP Á CHÂU,CTY TNHH MTV HUY VU
20149,muavao,1,15000000.00,2024-03-15 17:00:00,CÔNG TY CỔ PHẦN DỊCH VỤ PHÂN PHỐI TỔNG HỢP DẦU KHÍ,Công ty TNHH  Một Thành Viên Huy Vũ
18266,muavao,1,32463636.00,2024-03-15 17:00:00,CÔNG TY TNHH MỘT THÀNH VIÊN CÔNG NGHỆ TIN HỌC VIỄN SƠN,CÔNG TY TNHH MỘT THÀNH VIÊN HUY VŨ
1603,muavao,1,6054546.00,2024-03-15 17:00:00,Công ty TNHH Tin Học Kim Thiên Bảo,CÔNG TY TNHH MỘT THÀNH VIÊN HUY VŨ
132442,muavao,1,55122728.00,2024-03-14 17:00:00,CÔNG TY CỔ PHẦN THẾ GIỚI SỐ,CÔNG TY TNHH MTV HUY VŨ
60519,muavao,1,36363635.00,2024-03-14 17:00:00,Chi nhánh Công ty TNHH phân phối Synnex FPT,Công ty TNHH MTV Huy Vũ
33840,muavao,1,23000.00,2024-03-14 17:00:00,Ngân hàng TMCP Sài Gòn Thương Tín - Chi nhánh Gia Lai,CONG TY TNHH MTV HUY VU
18214,muavao,1,12181818.00,2024-03-14 17:00:00,CÔNG TY TNHH MỘT THÀNH VIÊN CÔNG NGHỆ TIN HỌC VIỄN SƠN,CÔNG TY TNHH MỘT THÀNH VIÊN HUY VŨ
2325,muavao,1,2309090.00,2024-03-14 17:00:00,Công Ty TNHH Công Nghệ Thông Tin An Phát,CÔNG TY TNHH MỘT THÀNH VIÊN HUY VŨ
1558,muavao,1,7963636.00,2024-03-14 17:00:00,CÔNG TY TNHH PHÂN PHỐI PHƯƠNG VIỆT,CÔNG TY TNHH MỘT THÀNH VIÊN HUY VŨ
1529,muavao,1,50000.00,2024-03-14 17:00:00,Ngân hàng TMCP Sài Gòn Thương Tín - Chi nhánh Gia Lai,CONG TY TNHH MTV HUY VU
14567641,muavao,1,120549.00,2024-03-13 17:00:00,NGÂN HÀNG TMCP Á CHÂU,CTY TNHH MTV HUY VU
7024,muavao,1,4472727.00,2024-03-13 17:00:00,CÔNG TY CỔ PHẦN MÁY TÍNH VĨNH XUÂN - CHI NHÁNH THÀNH PHỐ HỒ CHÍ MINH,CÔNG TY TNHH MỘT THÀNH VIÊN HUY VŨ
2198,muavao,1,8636364.00,2024-03-13 17:00:00,CÔNG TY TNHH PHƯƠNG KHANG COMPUTER,CÔNG TY TNHH MỘT THÀNH VIÊN HUY VŨ
33527,muavao,1,23000.00,2024-03-12 17:00:00,Ngân hàng TMCP Sài Gòn Thương Tín - Chi nhánh Gia Lai,CONG TY TNHH MTV HUY VU
33526,muavao,1,23000.00,2024-03-12 17:00:00,Ngân hàng TMCP Sài Gòn Thương Tín - Chi nhánh Gia Lai,CONG TY TNHH MTV HUY VU
69,muavao,1,11945455.00,2024-03-12 17:00:00,CÔNG TY TNHH ĐIỆN TỬ TIN HỌC KIM PHÁT,Công Ty Trách Nhiệm Hữu Hạn một thành viên Huy Vũ
39903,muavao,1,-872727.00,2024-03-11 17:00:00,Công ty TNHH Phân phối Synnex FPT,Công ty TNHH MTV Huy Vũ
33352,muavao,1,23000.00,2024-03-11 17:00:00,Ngân hàng TMCP Sài Gòn Thương Tín - Chi nhánh Gia Lai,CONG TY TNHH MTV HUY VU
18039,muavao,1,28454545.00,2024-03-11 17:00:00,CÔNG TY CỔ PHẦN DỊCH VỤ PHÂN PHỐI TỔNG HỢP DẦU KHÍ,Công ty TNHH  Một Thành Viên Huy Vũ
17748,muavao,1,24463636.00,2024-03-11 17:00:00,CÔNG TY CỔ PHẦN DỊCH VỤ PHÂN PHỐI TỔNG HỢP DẦU KHÍ,Công ty TNHH  Một Thành Viên Huy Vũ
237,muavao,1,41681818.00,2024-03-11 17:00:00,CHI NHÁNH CÔNG TY CỔ PHẦN ĐẦU TƯ VÀ PHÁT TRIỂN CÔNG NGHỆ QUỐC GIA ADG TẠI ĐÀ NẴNG,Công Ty TNHH Một Thành Viên Huy Vũ
14148735,muavao,1,6673972.00,2024-03-10 17:00:00,NGÂN HÀNG TMCP Á CHÂU,CTY TNHH MTV HUY VU
14148724,muavao,1,20101370.00,2024-03-10 17:00:00,NGÂN HÀNG TMCP Á CHÂU,CTY TNHH MTV HUY VU
14148722,muavao,1,1490411.00,2024-03-10 17:00:00,NGÂN HÀNG TMCP Á CHÂU,CTY TNHH MTV HUY VU
32560,muavao,1,23000.00,2024-03-10 17:00:00,Ngân hàng TMCP Sài Gòn Thương Tín - Chi nhánh Gia Lai,CONG TY TNHH MTV HUY VU
32557,muavao,1,23000.00,2024-03-10 17:00:00,Ngân hàng TMCP Sài Gòn Thương Tín - Chi nhánh Gia Lai,CONG TY TNHH MTV HUY VU
16513,muavao,1,23000000.00,2024-03-10 17:00:00,CÔNG TY TNHH MỘT THÀNH VIÊN CÔNG NGHỆ TIN HỌC VIỄN SƠN,CÔNG TY TNHH MỘT THÀNH VIÊN HUY VŨ
16351,muavao,1,43667273.00,2024-03-10 17:00:00,CÔNG TY TNHH MỘT THÀNH VIÊN CÔNG NGHỆ TIN HỌC VIỄN SƠN,CÔNG TY TNHH MỘT THÀNH VIÊN HUY VŨ
606,muavao,1,836367.00,2024-03-10 17:00:00,CÔNG TY TNHH VIỄN THÔNG HOÀN PHÁT,CÔNG TY TNHH MỘT THÀNH VIÊN HUY VŨ
266,muavao,1,5463332.00,2024-03-10 17:00:00,CÔNG TY TNHH THƯƠNG MẠI VÀ PHÁT TRIỂN CÔNG NGHỆ ĐỨC PHÁP,CÔNG TY TNHH MỘT THÀNH VIÊN HUY VŨ
64,muavao,1,12472727.00,2024-03-10 17:00:00,CÔNG TY TNHH ĐIỆN TỬ TIN HỌC KIM PHÁT,Công Ty Trách Nhiệm Hữu Hạn một thành viên Huy Vũ
60,muavao,1,900000.00,2024-03-09 17:00:00,CÔNG TY TNHH ĐIỆN TỬ TIN HỌC KIM PHÁT,Công Ty Trách Nhiệm Hữu Hạn một thành viên Huy Vũ
32453,muavao,1,19000.00,2024-03-08 17:00:00,Ngân hàng TMCP Sài Gòn Thương Tín - Chi nhánh Gia Lai,CONG TY TNHH MTV HUY VU
32452,muavao,1,19000.00,2024-03-08 17:00:00,Ngân hàng TMCP Sài Gòn Thương Tín - Chi nhánh Gia Lai,CONG TY TNHH MTV HUY VU
324,muavao,1,2580000.00,2024-03-08 17:00:00,CÔNG TY TNHH THƯƠNG MẠI DỊCH VỤ ALOHA VINA,CÔNG TY TNHH MỘT THÀNH VIÊN HUY VŨ
16811,muavao,1,39272727.00,2024-03-07 17:00:00,CÔNG TY CỔ PHẦN DỊCH VỤ PHÂN PHỐI TỔNG HỢP DẦU KHÍ,Công ty TNHH  Một Thành Viên Huy Vũ
2124,muavao,1,5090910.00,2024-03-07 17:00:00,CÔNG TY CỔ PHẦN PHÂN PHỐI TÂN NIỀM TIN,Công Ty TNHH Một Thành Viên Huy Vũ
2097,muavao,1,4418184.00,2024-03-07 17:00:00,Công Ty TNHH Công Nghệ Thông Tin An Phát,CÔNG TY TNHH MỘT THÀNH VIÊN HUY VŨ
58,muavao,1,18390909.00,2024-03-07 17:00:00,CÔNG TY TNHH ĐIỆN TỬ TIN HỌC KIM PHÁT,Công Ty Trách Nhiệm Hữu Hạn một thành viên Huy Vũ
57,muavao,1,8518518.00,2024-03-07 17:00:00,CÔNG TY TNHH ĐIỆN TỬ TIN HỌC KIM PHÁT,Công Ty Trách Nhiệm Hữu Hạn một thành viên Huy Vũ
113129,muavao,1,28202727.00,2024-03-06 17:00:00,CÔNG TY CỔ PHẦN THẾ GIỚI SỐ,CÔNG TY TNHH MTV HUY VŨ
136003,muavao,1,23600.00,2024-02-29 17:00:00,TRUNG TÂM KINH DOANH VNPT - GIA LAI - CHI NHÁNH TỔNG CÔNG TY DỊCH VỤ VIỄN THÔNG,Công Ty TNHH MTV  Huy Vũ
38191,muavao,1,27272728.00,2024-03-06 17:00:00,Công ty TNHH Phân phối Synnex FPT,Công ty TNHH MTV Huy Vũ
30554,muavao,1,23000.00,2024-03-05 17:00:00,Ngân hàng TMCP Sài Gòn Thương Tín - Chi nhánh Gia Lai,CONG TY TNHH MTV HUY VU
15307,muavao,1,146363636.00,2024-03-05 17:00:00,CÔNG TY TNHH MỘT THÀNH VIÊN CÔNG NGHỆ TIN HỌC VIỄN SƠN,CÔNG TY TNHH MỘT THÀNH VIÊN HUY VŨ
15305,muavao,1,6727273.00,2024-03-05 17:00:00,CÔNG TY TNHH MỘT THÀNH VIÊN CÔNG NGHỆ TIN HỌC VIỄN SƠN,CÔNG TY TNHH MỘT THÀNH VIÊN HUY VŨ
1812,muavao,1,21545455.00,2024-03-05 17:00:00,CÔNG TY TNHH PHƯƠNG KHANG COMPUTER,CÔNG TY TNHH MỘT THÀNH VIÊN HUY VŨ
1461,muavao,1,6045455.00,2024-03-05 17:00:00,CÔNG TY CỔ PHẦN THIẾT BỊ VĂN PHÒNG NGUYỄN ĐỨC,CÔNG TY TNHH MỘT THÀNH VIÊN HUY VŨ
403,muavao,1,33700000.00,2024-03-05 17:00:00,Công Ty TNHH Thương Mại LOGICO,CÔNG TY TNHH MỘT THÀNH VIÊN  HUY VŨ
177792,muavao,1,236364.00,2024-03-04 17:00:00,CÔNG TY DỊCH VỤ MOBIFONE KHU VỰC 7 - CHI NHÁNH TỔNG CÔNG TY VIỄN THÔNG MOBIFONE,Công ty TNHH MTV Huy Vũ
30085,muavao,1,23000.00,2024-03-04 17:00:00,Ngân hàng TMCP Sài Gòn Thương Tín - Chi nhánh Gia Lai,CONG TY TNHH MTV HUY VU
5755,muavao,1,5440910.00,2024-03-04 17:00:00,CÔNG TY CỔ PHẦN MÁY TÍNH VĨNH XUÂN - CHI NHÁNH THÀNH PHỐ HỒ CHÍ MINH,CÔNG TY TNHH MỘT THÀNH VIÊN HUY VŨ
1140,muavao,1,19431818.00,2024-03-04 17:00:00,CÔNG TY TNHH THƯƠNG MẠI DỊCH VỤ QUỐC VIỆT,Công Ty TNHH Một Thành Viên Huy Vũ
855,muavao,1,7809091.00,2024-03-04 17:00:00,CÔNG TY CỔ PHẦN ĐẦU TƯ PHÁT TRIỂN CÔNG NGHỆ ROBO,CÔNG TY TNHH MỘT THÀNH VIÊN HUY VŨ
165,muavao,1,7180000.00,2024-03-04 17:00:00,CÔNG TY CỔ PHẦN ĐẦU TƯ & THƯƠNG MẠI ĐẠI PHÁT,CÔNG TY TNHH MỘT THÀNH VIÊN HUY VŨ
34287,muavao,1,5442538.00,2024-03-03 17:00:00,Công ty TNHH Phân phối Synnex FPT,Công ty TNHH MTV Huy Vũ
34286,muavao,1,2259086.00,2024-03-03 17:00:00,Công ty TNHH Phân phối Synnex FPT,Công ty TNHH MTV Huy Vũ
29617,muavao,1,23000.00,2024-03-03 17:00:00,Ngân hàng TMCP Sài Gòn Thương Tín - Chi nhánh Gia Lai,CONG TY TNHH MTV HUY VU
15137,muavao,1,10090909.00,2024-03-03 17:00:00,CÔNG TY CỔ PHẦN DỊCH VỤ PHÂN PHỐI TỔNG HỢP DẦU KHÍ,Công ty TNHH  Một Thành Viên Huy Vũ
1654,muavao,1,20181818.00,2024-03-03 17:00:00,CÔNG TY TNHH MỘT THÀNH VIÊN PHAN QUANG,CÔNG TY TNHH MỘT THÀNH VIÊN HUY VŨ
1377,muavao,1,8363636.00,2024-03-03 17:00:00,CÔNG TY CỔ PHẦN XUẤT NHẬP KHẨU KỸ NGHỆ Á ĐÔNG,CÔNG TY TNHH MỘT THÀNH VIÊN HUY VŨ
559,muavao,1,12081818.00,2024-03-03 17:00:00,CHI NHÁNH CÔNG TY TNHH CÔNG NGHỆ VÀ THƯƠNG MẠI Á MỸ,CÔNG TY TNHH MỘT THÀNH VIÊN HUY VŨ
558,muavao,1,240741.00,2024-03-03 17:00:00,CHI NHÁNH CÔNG TY TNHH CÔNG NGHỆ VÀ THƯƠNG MẠI Á MỸ,CÔNG TY TNHH MỘT THÀNH VIÊN HUY VŨ
339,muavao,1,27788183.00,2024-03-03 17:00:00,CÔNG TY TNHH THƯƠNG MẠI KỸ THUẬT DIỆP KHÁNH,Công ty TNHH MTV Huy Vũ
52,muavao,1,2913634.00,2024-03-03 17:00:00,CÔNG TY TNHH ĐIỆN TỬ TIN HỌC KIM PHÁT,Công Ty Trách Nhiệm Hữu Hạn một thành viên Huy Vũ
38378723,muavao,1,350000.00,2024-03-01 17:00:00,Tập đoàn Công nghiệp - Viễn thông Quân đội,Công Ty Tnhh Huy Vũ
105552,muavao,1,1893655.00,2024-03-01 17:00:00,CÔNG TY CỔ PHẦN THẾ GIỚI SỐ,CÔNG TY TNHH MTV HUY VŨ
5478,muavao,1,60509091.00,2024-03-01 17:00:00,CÔNG TY CỔ PHẦN MÁY TÍNH VĨNH XUÂN - CHI NHÁNH THÀNH PHỐ HỒ CHÍ MINH,CÔNG TY TNHH MỘT THÀNH VIÊN HUY VŨ
3875,muavao,1,15127273.00,2024-03-01 17:00:00,CÔNG TY CỔ PHẦN MÁY TÍNH VĨNH XUÂN,CÔNG TY TNHH MỘT THÀNH VIÊN HUY VŨ
253,muavao,1,12545455.00,2024-03-01 17:00:00,CÔNG TY TNHH XUẤT NHẬP KHẨU LÊ TRẦN GIA,CÔNG TY TNHH MỘT THÀNH VIÊN HUY VŨ
192692,muavao,1,390847.00,2024-02-29 17:00:00,TRUNG TÂM KINH DOANH VNPT - GIA LAI - CHI NHÁNH TỔNG CÔNG TY DỊCH VỤ VIỄN THÔNG,Công Ty TNHH MTV Huy Vũ
192601,muavao,1,224645.00,2024-02-29 17:00:00,TRUNG TÂM KINH DOANH VNPT - GIA LAI - CHI NHÁNH TỔNG CÔNG TY DỊCH VỤ VIỄN THÔNG,Công Ty TNHH MTV Huy Vũ
192600,muavao,1,366662.00,2024-02-29 17:00:00,TRUNG TÂM KINH DOANH VNPT - GIA LAI - CHI NHÁNH TỔNG CÔNG TY DỊCH VỤ VIỄN THÔNG,Công Ty TNHH MTV Huy Vũ
163370,muavao,1,249636.00,2024-02-29 17:00:00,TRUNG TÂM KINH DOANH VNPT - GIA LAI - CHI NHÁNH TỔNG CÔNG TY DỊCH VỤ VIỄN THÔNG,Công Ty TNHH MTV Huy Vũ
136091,muavao,1,274000.00,2024-02-29 17:00:00,TRUNG TÂM KINH DOANH VNPT - GIA LAI - CHI NHÁNH TỔNG CÔNG TY DỊCH VỤ VIỄN THÔNG,Công Ty TNHH MTV Huy Vũ
104618,muavao,1,11037272.00,2024-02-29 17:00:00,CÔNG TY CỔ PHẦN THẾ GIỚI SỐ,CÔNG TY TNHH MTV HUY VŨ
29294,muavao,1,19000.00,2024-02-29 17:00:00,Ngân hàng TMCP Sài Gòn Thương Tín - Chi nhánh Gia Lai,CONG TY TNHH MTV HUY VU
29293,muavao,1,19000.00,2024-02-29 17:00:00,Ngân hàng TMCP Sài Gòn Thương Tín - Chi nhánh Gia Lai,CONG TY TNHH MTV HUY VU
29292,muavao,1,19000.00,2024-02-29 17:00:00,Ngân hàng TMCP Sài Gòn Thương Tín - Chi nhánh Gia Lai,CONG TY TNHH MTV HUY VU
647,muavao,1,648980.00,2024-02-29 17:00:00,CÔNG TY CỔ PHẦN THƯƠNG MẠI - DỊCH VỤ SAO NAM AN,Công Ty TNHH Một Thành Viên Huy Vũ
199,muavao,1,23840910.00,2024-02-29 17:00:00,CHI NHÁNH CÔNG TY CỔ PHẦN HUETRONICS (TỈNH THỪA THIÊN HUẾ),CÔNG TY TNHH MỘT THÀNH VIÊN HUY VŨ
15962,muavao,1,160000.00,2024-04-29 17:00:00,NGAN HANG TMCP PHAT TRIEN THANH PHO HO CHI MINH,CONG TY TNHH MOT THANH VIEN HUY VU
8974,muavao,1,82000.00,2024-04-29 17:00:00,Ngân hàng Thương mại Cổ phần Đầu tư và Phát triển Việt Nam - Chi nhánh Gia Lai,CONG TY TNHH MTV HUY VU
129496,muavao,1,454545.00,2024-04-25 17:00:00,CÔNG TY TNHH MTV XĂNG DẦU BẮC TÂY NGUYÊN,CÔNG TY TNHH MỘT THÀNH VIÊN HUY VŨ
56433,muavao,1,23000.00,2024-04-25 17:00:00,Ngân hàng TMCP Sài Gòn Thương Tín - Chi nhánh Gia Lai,CONG TY TNHH MTV HUY VU
56432,muavao,1,23000.00,2024-04-25 17:00:00,Ngân hàng TMCP Sài Gòn Thương Tín - Chi nhánh Gia Lai,CONG TY TNHH MTV HUY VU
56411,muavao,1,23000.00,2024-04-25 17:00:00,Ngân hàng TMCP Sài Gòn Thương Tín - Chi nhánh Gia Lai,CONG TY TNHH MTV HUY VU
40308,muavao,1,295455.00,2024-04-25 17:00:00,Công ty TNHH TP-Link Technologies Việt Nam,CÔNG TY TNHH MỘT THÀNH VIÊN HUY VŨ
2622,muavao,1,15000.00,2024-04-25 17:00:00,Ngân hàng TMCP Sài Gòn Thương Tín - Chi nhánh Gia Lai,CONG TY TNHH MTV HUY VU
549,muavao,1,1791666.00,2024-04-25 17:00:00,Công Ty TNHH Công Nghệ Và Thương Mại Mai Khanh,Công Ty TNHH Một Thành Viên Huy Vũ
533,muavao,1,5300000.00,2024-04-25 17:00:00,CÔNG TY TNHH XUẤT NHẬP KHẨU LÊ TRẦN GIA,CÔNG TY TNHH MỘT THÀNH VIÊN HUY VŨ
60667,muavao,1,8488357.00,2024-04-24 17:00:00,Công ty TNHH Phân phối Synnex FPT,Công ty TNHH MTV Huy Vũ
6011,muavao,1,227273.00,2024-04-24 17:00:00,CÔNG TY CỔ PHẦN THƯƠNG MẠI DỊCH VỤ TỔNG HỢP XUÂN TÙNG,CÔNG TY TNHH MỘT THÀNH VIÊN HUY VŨ
120684,muavao,1,23000.00,2024-08-29 17:00:00,Ngân hàng TMCP Sài Gòn Thương Tín - Chi nhánh Gia Lai,CONG TY TNHH MTV HUY VU
3112,muavao,1,56380003.00,2024-04-24 17:00:00,CHI NHÁNH CÔNG TY CỔ PHẦN KỸ THUẬT CÔNG NGHỆ NAM THÀNH,Công ty TNHH  Một Thành Viên Huy Vũ
114,muavao,1,3070909.00,2024-04-24 17:00:00,CÔNG TY TNHH ĐIỆN TỬ TIN HỌC KIM PHÁT,Công Ty Trách Nhiệm Hữu Hạn một thành viên Huy Vũ
185465,muavao,1,11037272.00,2024-04-23 17:00:00,CÔNG TY CỔ PHẦN THẾ GIỚI SỐ,CÔNG TY TNHH MTV HUY VŨ
55321,muavao,1,23000.00,2024-04-23 17:00:00,Ngân hàng TMCP Sài Gòn Thương Tín - Chi nhánh Gia Lai,CONG TY TNHH MTV HUY VU
55320,muavao,1,23000.00,2024-04-23 17:00:00,Ngân hàng TMCP Sài Gòn Thương Tín - Chi nhánh Gia Lai,CONG TY TNHH MTV HUY VU
3992,muavao,1,9999998.00,2024-04-23 17:00:00,Công Ty TNHH Công Nghệ Thông Tin An Phát,CÔNG TY TNHH MỘT THÀNH VIÊN HUY VŨ
1230,muavao,1,590000.00,2024-04-23 17:00:00,CÔNG TY TNHH TM DV VĂN PHÒNG PHẨM SƠN THỦY,CÔNG TY TNHH MỘT THÀNH VIÊN HUY VŨ
622,muavao,1,11590909.00,2024-04-23 17:00:00,CÔNG TY CỔ PHẦN RIOTECH,CÔNG TY TNHH MỘT THÀNH VIÊN HUY VŨ
184055,muavao,1,11037272.00,2024-04-22 17:00:00,CÔNG TY CỔ PHẦN THẾ GIỚI SỐ,CÔNG TY TNHH MTV HUY VŨ
53914,muavao,1,23000.00,2024-04-22 17:00:00,Ngân hàng TMCP Sài Gòn Thương Tín - Chi nhánh Gia Lai,CONG TY TNHH MTV HUY VU
53587,muavao,1,23000.00,2024-04-21 17:00:00,Ngân hàng TMCP Sài Gòn Thương Tín - Chi nhánh Gia Lai,CONG TY TNHH MTV HUY VU
2449,muavao,1,20000.00,2024-04-21 17:00:00,Ngân hàng TMCP Sài Gòn Thương Tín - Chi nhánh Gia Lai,CONG TY TNHH MTV HUY VU
1226,muavao,1,4750000.00,2024-04-21 17:00:00,CÔNG TY TNHH GIẢI PHÁP FINGERTAS,CÔNG TY TNHH MỘT THÀNH VIÊN HUY VŨ
465,muavao,1,2945455.00,2024-04-21 17:00:00,CÔNG TY TNHH CÔNG NGHỆ ÂU LẠC,CÔNG TY TNHH MỘT THÀNH VIÊN HUY VŨ
110,muavao,1,2381819.00,2024-04-21 17:00:00,CÔNG TY TNHH ĐIỆN TỬ TIN HỌC KIM PHÁT,Công Ty Trách Nhiệm Hữu Hạn một thành viên Huy Vũ
35,muavao,1,3272727.00,2024-04-21 17:00:00,CÔNG TY TNHH FINTECS,CÔNG TY TNHH MỘT THÀNH VIÊN HUY VŨ
111,muavao,1,881818.00,2024-04-19 17:00:00,CÔNG TY TNHH THƯƠNG MẠI & DỊCH VỤ ĐẠI SƠN,CÔNG TY TNHH MỘT THÀNH VIÊN HUY VŨ
107,muavao,1,26731815.00,2024-04-19 17:00:00,CÔNG TY TNHH ĐIỆN TỬ TIN HỌC KIM PHÁT,Công Ty Trách Nhiệm Hữu Hạn một thành viên Huy Vũ
52575,muavao,1,36340.00,2024-04-18 17:00:00,Ngân hàng TMCP Sài Gòn Thương Tín - Chi nhánh Gia Lai,CONG TY TNHH MTV HUY VU
27407,muavao,1,6909091.00,2024-04-18 17:00:00,CÔNG TY TNHH MỘT THÀNH VIÊN CÔNG NGHỆ TIN HỌC VIỄN SƠN,CÔNG TY TNHH MỘT THÀNH VIÊN HUY VŨ
19295,muavao,1,2890908.00,2024-04-18 17:00:00,CÔNG TY TNHH VI TÍNH NGUYÊN KIM,CÔNG TY TNHH MỘT THÀNH VIÊN HUY VŨ
5449,muavao,1,50000000.00,2024-04-18 17:00:00,CÔNG TY CỔ PHẦN ĐẦU TƯ LBM,CÔNG TY TNHH MỘT THÀNH VIÊN HUY VŨ
120206,muavao,1,454946.00,2024-04-17 17:00:00,CÔNG TY TNHH MTV XĂNG DẦU BẮC TÂY NGUYÊN,CÔNG TY TNHH MỘT THÀNH VIÊN HUY VŨ
51022,muavao,1,23000.00,2024-04-16 17:00:00,Ngân hàng TMCP Sài Gòn Thương Tín - Chi nhánh Gia Lai,CONG TY TNHH MTV HUY VU
486,muavao,1,28909091.00,2024-04-16 17:00:00,CÔNG TY TNHH XUẤT NHẬP KHẨU LÊ TRẦN GIA,CÔNG TY TNHH MỘT THÀNH VIÊN HUY VŨ
3659,muavao,1,6454544.00,2024-04-15 17:00:00,Công Ty TNHH Công Nghệ Thông Tin An Phát,CÔNG TY TNHH MỘT THÀNH VIÊN HUY VŨ
49785,muavao,1,23000.00,2024-04-14 17:00:00,Ngân hàng TMCP Sài Gòn Thương Tín - Chi nhánh Gia Lai,CONG TY TNHH MTV HUY VU
2243,muavao,1,11199994.00,2024-04-14 17:00:00,CÔNG TY TNHH THƯƠNG MẠI DỊCH VỤ QUỐC VIỆT,Công Ty TNHH Một Thành Viên Huy Vũ
291,muavao,1,8100000.00,2024-04-14 17:00:00,CÔNG TY CỔ PHẦN ĐẦU TƯ & THƯƠNG MẠI ĐẠI PHÁT,CÔNG TY TNHH MỘT THÀNH VIÊN HUY VŨ
29245,muavao,1,29813637.00,2024-04-12 17:00:00,CÔNG TY CỔ PHẦN DỊCH VỤ PHÂN PHỐI TỔNG HỢP DẦU KHÍ,Công ty TNHH  Một Thành Viên Huy Vũ
26354,muavao,1,34881818.00,2024-04-12 17:00:00,CÔNG TY TNHH MỘT THÀNH VIÊN CÔNG NGHỆ TIN HỌC VIỄN SƠN,CÔNG TY TNHH MỘT THÀNH VIÊN HUY VŨ
6083,muavao,1,14581820.00,2024-04-12 17:00:00,CÔNG TY CỔ PHẦN TIN HỌC VIẾT SƠN,CÔNG TY TNHH MỘT THÀNH VIÊN  HUY VŨ
6078,muavao,1,30218183.00,2024-04-12 17:00:00,CÔNG TY CỔ PHẦN TIN HỌC VIẾT SƠN,CÔNG TY TNHH MỘT THÀNH VIÊN  HUY VŨ
556,muavao,1,15227273.00,2024-04-12 17:00:00,CÔNG TY CỔ PHẦN RIOTECH,CÔNG TY TNHH MỘT THÀNH VIÊN HUY VŨ
48475,muavao,1,23000.00,2024-04-11 17:00:00,Ngân hàng TMCP Sài Gòn Thương Tín - Chi nhánh Gia Lai,CONG TY TNHH MTV HUY VU
48444,muavao,1,23000.00,2024-04-11 17:00:00,Ngân hàng TMCP Sài Gòn Thương Tín - Chi nhánh Gia Lai,CONG TY TNHH MTV HUY VU
99,muavao,1,5829089.00,2024-04-11 17:00:00,CÔNG TY TNHH ĐIỆN TỬ TIN HỌC KIM PHÁT,Công Ty Trách Nhiệm Hữu Hạn một thành viên Huy Vũ
22107326,muavao,1,10013702.00,2024-04-10 17:00:00,NGÂN HÀNG TMCP Á CHÂU,CTY TNHH MTV HUY VU
22107311,muavao,1,3683576.00,2024-04-10 17:00:00,NGÂN HÀNG TMCP Á CHÂU,CTY TNHH MTV HUY VU
22107303,muavao,1,4927377.00,2024-04-10 17:00:00,NGÂN HÀNG TMCP Á CHÂU,CTY TNHH MTV HUY VU
22107288,muavao,1,2888463.00,2024-04-10 17:00:00,NGÂN HÀNG TMCP Á CHÂU,CTY TNHH MTV HUY VU
22107284,muavao,1,8010961.00,2024-04-10 17:00:00,NGÂN HÀNG TMCP Á CHÂU,CTY TNHH MTV HUY VU
164770,muavao,1,6081818.00,2024-04-10 17:00:00,CÔNG TY CỔ PHẦN THẾ GIỚI SỐ,CÔNG TY TNHH MTV HUY VŨ
2979,muavao,1,6045455.00,2024-04-10 17:00:00,CÔNG TY TNHH THƯƠNG MẠI DỊCH VỤ TIN HỌC ANH PHƯƠNG A.P.C.O.M,CÔNG TY TNHH MỘT THÀNH VIÊN HUY VŨ
969,muavao,1,3109091.00,2024-04-10 17:00:00,CHI NHÁNH CÔNG TY TNHH CÔNG NGHỆ VÀ THƯƠNG MẠI Á MỸ,CÔNG TY TNHH MỘT THÀNH VIÊN HUY VŨ
21918504,muavao,1,1561269.00,2024-04-09 17:00:00,NGÂN HÀNG TMCP Á CHÂU,CTY TNHH MTV HUY VU
21872218,muavao,1,2807671.00,2024-04-09 17:00:00,NGÂN HÀNG TMCP Á CHÂU,CTY TNHH MTV HUY VU
53329,muavao,1,2944727.00,2024-04-09 17:00:00,Công ty TNHH Phân phối Synnex FPT,Công ty TNHH MTV Huy Vũ
47237,muavao,1,23000.00,2024-04-09 17:00:00,Ngân hàng TMCP Sài Gòn Thương Tín - Chi nhánh Gia Lai,CONG TY TNHH MTV HUY VU
47235,muavao,1,23000.00,2024-04-09 17:00:00,Ngân hàng TMCP Sài Gòn Thương Tín - Chi nhánh Gia Lai,CONG TY TNHH MTV HUY VU
2165,muavao,1,15000.00,2024-04-09 17:00:00,Ngân hàng TMCP Sài Gòn Thương Tín - Chi nhánh Gia Lai,CONG TY TNHH MTV HUY VU
160399,muavao,1,25594546.00,2024-04-08 17:00:00,CÔNG TY CỔ PHẦN THẾ GIỚI SỐ,CÔNG TY TNHH MTV HUY VŨ
2865,muavao,1,6045455.00,2024-04-08 17:00:00,CÔNG TY TNHH THƯƠNG MẠI DỊCH VỤ TIN HỌC ANH PHƯƠNG A.P.C.O.M,CÔNG TY TNHH MỘT THÀNH VIÊN HUY VŨ
2833,muavao,1,4409091.00,2024-04-07 17:00:00,CÔNG TY TNHH THƯƠNG MẠI DỊCH VỤ TIN HỌC ANH PHƯƠNG A.P.C.O.M,CÔNG TY TNHH MỘT THÀNH VIÊN HUY VŨ
2168,muavao,1,5727273.00,2024-04-07 17:00:00,CÔNG TY TNHH PHÂN PHỐI PHƯƠNG VIỆT,CÔNG TY TNHH MỘT THÀNH VIÊN HUY VŨ
20902535,muavao,1,16182.00,2024-04-05 17:00:00,NGÂN HÀNG TMCP Á CHÂU,CTY TNHH MTV HUY VU
20616586,muavao,1,16182.00,2024-04-05 17:00:00,NGÂN HÀNG TMCP Á CHÂU,CTY TNHH MTV HUY VU
20431765,muavao,1,16182.00,2024-04-05 17:00:00,NGÂN HÀNG TMCP Á CHÂU,CTY TNHH MTV HUY VU
267823,muavao,1,241818.00,2024-04-05 17:00:00,CÔNG TY DỊCH VỤ MOBIFONE KHU VỰC 7 - CHI NHÁNH TỔNG CÔNG TY VIỄN THÔNG MOBIFONE,Công ty TNHH MTV Huy Vũ
2362,muavao,1,1064815.00,2024-04-05 17:00:00,CÔNG TY CỔ PHẦN THIẾT BỊ VĂN PHÒNG NGUYỄN ĐỨC,CÔNG TY TNHH MTV HUY VŨ
44531,muavao,1,23000.00,2024-04-04 17:00:00,Ngân hàng TMCP Sài Gòn Thương Tín - Chi nhánh Gia Lai,CONG TY TNHH MTV HUY VU
44521,muavao,1,23000.00,2024-04-04 17:00:00,Ngân hàng TMCP Sài Gòn Thương Tín - Chi nhánh Gia Lai,CONG TY TNHH MTV HUY VU
44520,muavao,1,23000.00,2024-04-04 17:00:00,Ngân hàng TMCP Sài Gòn Thương Tín - Chi nhánh Gia Lai,CONG TY TNHH MTV HUY VU
24781,muavao,1,16854545.00,2024-04-04 17:00:00,CÔNG TY TNHH MỘT THÀNH VIÊN CÔNG NGHỆ TIN HỌC VIỄN SƠN,CÔNG TY TNHH MỘT THÀNH VIÊN HUY VŨ
24693,muavao,1,13909091.00,2024-04-04 17:00:00,CÔNG TY TNHH MỘT THÀNH VIÊN CÔNG NGHỆ TIN HỌC VIỄN SƠN,CÔNG TY TNHH MỘT THÀNH VIÊN HUY VŨ
4642,muavao,1,263636.00,2024-04-04 17:00:00,CÔNG TY CỔ PHẦN THƯƠNG MẠI DỊCH VỤ TỔNG HỢP XUÂN TÙNG,Công Ty TNHH Một Thành Viên Huy Vũ
2107,muavao,1,9624543.00,2024-04-04 17:00:00,CÔNG TY TNHH PHÂN PHỐI PHƯƠNG VIỆT,CÔNG TY TNHH MỘT THÀNH VIÊN HUY VŨ
2038,muavao,1,15000.00,2024-04-04 17:00:00,Ngân hàng TMCP Sài Gòn Thương Tín - Chi nhánh Gia Lai,CONG TY TNHH MTV HUY VU
95,muavao,1,1127273.00,2024-04-04 17:00:00,CÔNG TY TNHH ĐIỆN TỬ TIN HỌC KIM PHÁT,Công Ty Trách Nhiệm Hữu Hạn một thành viên Huy Vũ
44058,muavao,1,23000.00,2024-04-03 17:00:00,Ngân hàng TMCP Sài Gòn Thương Tín - Chi nhánh Gia Lai,CONG TY TNHH MTV HUY VU
2081,muavao,1,16890904.00,2024-04-03 17:00:00,CÔNG TY TNHH PHÂN PHỐI PHƯƠNG VIỆT,CÔNG TY TNHH MỘT THÀNH VIÊN HUY VŨ
120682,muavao,1,40000.00,2024-08-29 17:00:00,Ngân hàng TMCP Sài Gòn Thương Tín - Chi nhánh Gia Lai,CONG TY TNHH MTV HUY VU
1445,muavao,1,11380000.00,2024-04-03 17:00:00,CÔNG TY TNHH ĐẦU TƯ CÔNG NGHỆ ÂM THANH TRIỆU GIA,CÔNG TY TNHH MỘT THÀNH VIÊN HUY VŨ
43747,muavao,1,23000.00,2024-04-02 17:00:00,Ngân hàng TMCP Sài Gòn Thương Tín - Chi nhánh Gia Lai,CONG TY TNHH MTV HUY VU
2039,muavao,1,18018176.00,2024-04-02 17:00:00,CÔNG TY TNHH PHÂN PHỐI PHƯƠNG VIỆT,CÔNG TY TNHH MỘT THÀNH VIÊN HUY VŨ
877,muavao,1,1545455.00,2024-04-02 17:00:00,CHI NHÁNH CÔNG TY TNHH CÔNG NGHỆ VÀ THƯƠNG MẠI Á MỸ,CÔNG TY TNHH MỘT THÀNH VIÊN HUY VŨ
593,muavao,1,5645454.00,2024-04-02 17:00:00,CÔNG TY TNHH VĨNH TÍN,CÔNG TY TNHH MTV HUY VŨ
56570857,muavao,1,350000.00,2024-04-01 17:00:00,Tập đoàn Công nghiệp - Viễn thông Quân đội,Công Ty Tnhh Huy Vũ
3057,muavao,1,8990907.00,2024-04-01 17:00:00,Công Ty TNHH Công Nghệ Thông Tin An Phát,CÔNG TY TNHH MỘT THÀNH VIÊN HUY VŨ
1955,muavao,1,15000.00,2024-04-01 17:00:00,Ngân hàng TMCP Sài Gòn Thương Tín - Chi nhánh Gia Lai,CONG TY TNHH MTV HUY VU
261597,muavao,1,398783.00,2024-03-31 17:00:00,TRUNG TÂM KINH DOANH VNPT - GIA LAI - CHI NHÁNH TỔNG CÔNG TY DỊCH VỤ VIỄN THÔNG,Công Ty TNHH MTV Huy Vũ
261507,muavao,1,223942.00,2024-03-31 17:00:00,TRUNG TÂM KINH DOANH VNPT - GIA LAI - CHI NHÁNH TỔNG CÔNG TY DỊCH VỤ VIỄN THÔNG,Công Ty TNHH MTV Huy Vũ
261506,muavao,1,428966.00,2024-03-31 17:00:00,TRUNG TÂM KINH DOANH VNPT - GIA LAI - CHI NHÁNH TỔNG CÔNG TY DỊCH VỤ VIỄN THÔNG,Công Ty TNHH MTV Huy Vũ
230970,muavao,1,249636.00,2024-03-31 17:00:00,TRUNG TÂM KINH DOANH VNPT - GIA LAI - CHI NHÁNH TỔNG CÔNG TY DỊCH VỤ VIỄN THÔNG,Công Ty TNHH MTV Huy Vũ
203797,muavao,1,274000.00,2024-03-31 17:00:00,TRUNG TÂM KINH DOANH VNPT - GIA LAI - CHI NHÁNH TỔNG CÔNG TY DỊCH VỤ VIỄN THÔNG,Công Ty TNHH MTV Huy Vũ
203757,muavao,1,20000.00,2024-03-31 17:00:00,TRUNG TÂM KINH DOANH VNPT - GIA LAI - CHI NHÁNH TỔNG CÔNG TY DỊCH VỤ VIỄN THÔNG,Công Ty TNHH MTV Huy Vũ
203710,muavao,1,24545.00,2024-03-31 17:00:00,TRUNG TÂM KINH DOANH VNPT - GIA LAI - CHI NHÁNH TỔNG CÔNG TY DỊCH VỤ VIỄN THÔNG,Công Ty  TNHH MTV Huy Vũ
203709,muavao,1,22200.00,2024-03-31 17:00:00,TRUNG TÂM KINH DOANH VNPT - GIA LAI - CHI NHÁNH TỔNG CÔNG TY DỊCH VỤ VIỄN THÔNG,Công Ty TNHH MTV  Huy Vũ
203539,muavao,1,233636.00,2024-03-31 17:00:00,TRUNG TÂM KINH DOANH VNPT - GIA LAI - CHI NHÁNH TỔNG CÔNG TY DỊCH VỤ VIỄN THÔNG,Cửa Hàng Máy Tình Trường Sơn
43359,muavao,1,40000.00,2024-03-31 17:00:00,Ngân hàng TMCP Sài Gòn Thương Tín - Chi nhánh Gia Lai,CONG TY TNHH MTV HUY VU
406,muavao,1,8363636.00,2024-03-31 17:00:00,CÔNG TY TNHH XUẤT NHẬP KHẨU LÊ TRẦN GIA,CÔNG TY TNHH MỘT THÀNH VIÊN HUY VŨ
73807,muavao,1,23000.00,2024-05-30 17:00:00,Ngân hàng TMCP Sài Gòn Thương Tín - Chi nhánh Gia Lai,CONG TY TNHH MTV HUY VU
41819,muavao,1,14727273.00,2024-05-30 17:00:00,CÔNG TY CỔ PHẦN DỊCH VỤ PHÂN PHỐI TỔNG HỢP DẦU KHÍ,Công ty TNHH  Một Thành Viên Huy Vũ
20121,muavao,1,120000.00,2024-05-30 17:00:00,NGAN HANG TMCP PHAT TRIEN THANH PHO HO CHI MINH,CONG TY TNHH MOT THANH VIEN HUY VU
12323,muavao,1,58000.00,2024-05-30 17:00:00,Ngân hàng Thương mại Cổ phần Đầu tư và Phát triển Việt Nam - Chi nhánh Gia Lai,CONG TY TNHH MTV HUY VU
2329,muavao,1,17045455.00,2024-05-30 17:00:00,CÔNG TY CỔ PHẦN ĐẦU TƯ PHÁT TRIỂN CÔNG NGHỆ ROBO,CÔNG TY TNHH MỘT THÀNH VIÊN HUY VŨ
4511,muavao,1,31454548.00,2024-05-28 17:00:00,CÔNG TY TNHH THƯƠNG MẠI DỊCH VỤ TIN HỌC ANH PHƯƠNG A.P.C.O.M,CÔNG TY TNHH MỘT THÀNH VIÊN HUY VŨ
1958,muavao,1,18401784.00,2024-05-28 17:00:00,CÔNG TY CỔ PHẦN THƯƠNG MẠI - DỊCH VỤ SAO NAM AN,Công Ty TNHH Một Thành Viên Huy Vũ
71270,muavao,1,135000.00,2024-05-27 17:00:00,Ngân hàng TMCP Sài Gòn Thương Tín - Chi nhánh Gia Lai,CONG TY TNHH MTV HUY VU
40397,muavao,1,38909091.00,2024-05-27 17:00:00,CÔNG TY CỔ PHẦN DỊCH VỤ PHÂN PHỐI TỔNG HỢP DẦU KHÍ,Công ty TNHH  Một Thành Viên Huy Vũ
5312,muavao,1,2054545.00,2024-05-27 17:00:00,CÔNG TY TNHH PHƯƠNG KHANG COMPUTER,CÔNG TY TNHH MỘT THÀNH VIÊN HUY VŨ
3259,muavao,1,20000.00,2024-05-27 17:00:00,Ngân hàng TMCP Sài Gòn Thương Tín - Chi nhánh Gia Lai,CONG TY TNHH MTV HUY VU
70932,muavao,1,23000.00,2024-05-26 17:00:00,Ngân hàng TMCP Sài Gòn Thương Tín - Chi nhánh Gia Lai,CONG TY TNHH MTV HUY VU
4050,muavao,1,2809091.00,2024-05-26 17:00:00,CHI NHÁNH CÔNG TY CỔ PHẦN KỸ THUẬT CÔNG NGHỆ NAM THÀNH,Công ty TNHH  Một Thành Viên Huy Vũ
4041,muavao,1,8776363.00,2024-05-26 17:00:00,CHI NHÁNH CÔNG TY CỔ PHẦN KỸ THUẬT CÔNG NGHỆ NAM THÀNH,Công ty TNHH  Một Thành Viên Huy Vũ
1443,muavao,1,4663636.00,2024-05-26 17:00:00,CHI NHÁNH CÔNG TY TNHH CÔNG NGHỆ VÀ THƯƠNG MẠI Á MỸ,CÔNG TY TNHH MỘT THÀNH VIÊN HUY VŨ
385,muavao,1,7180000.00,2024-05-26 17:00:00,CÔNG TY CỔ PHẦN ĐẦU TƯ & THƯƠNG MẠI ĐẠI PHÁT,CÔNG TY TNHH MỘT THÀNH VIÊN HUY VŨ
5237,muavao,1,2290909.00,2024-05-24 17:00:00,CÔNG TY TNHH PHƯƠNG KHANG COMPUTER,CÔNG TY TNHH MỘT THÀNH VIÊN HUY VŨ
224356,muavao,1,32927273.00,2024-05-23 17:00:00,CÔNG TY CỔ PHẦN THẾ GIỚI SỐ,CÔNG TY TNHH MTV HUY VŨ
1627,muavao,1,5050000.00,2024-05-23 17:00:00,CÔNG TY TNHH GIẢI PHÁP FINGERTAS,CÔNG TY TNHH MỘT THÀNH VIÊN HUY VŨ
2207,muavao,1,16909091.00,2024-05-22 17:00:00,CÔNG TY CỔ PHẦN ĐẦU TƯ PHÁT TRIỂN CÔNG NGHỆ ROBO,CÔNG TY TNHH MỘT THÀNH VIÊN HUY VŨ
157,muavao,1,5609091.00,2024-05-22 17:00:00,CÔNG TY TNHH ĐIỆN TỬ TIN HỌC KIM PHÁT,Công Ty Trách Nhiệm Hữu Hạn một thành viên Huy Vũ
68786,muavao,1,40000.00,2024-05-21 17:00:00,Ngân hàng TMCP Sài Gòn Thương Tín - Chi nhánh Gia Lai,CONG TY TNHH MTV HUY VU
39220,muavao,1,39000000.00,2024-05-21 17:00:00,CÔNG TY CỔ PHẦN DỊCH VỤ PHÂN PHỐI TỔNG HỢP DẦU KHÍ,Công ty TNHH  Một Thành Viên Huy Vũ
17244,muavao,1,16227273.00,2024-05-21 17:00:00,CÔNG TY TNHH THƯƠNG MẠI CÔNG NGHỆ ĐẠI TÀI LỘC,CÔNG TY TNHH MỘT THÀNH VIÊN HUY VŨ
47550,muavao,1,1639999.00,2024-05-20 17:00:00,Công ty TNHH TP-Link Technologies Việt Nam,CÔNG TY TNHH MỘT THÀNH VIÊN HUY VŨ
11724,muavao,1,1202727.00,2024-05-19 17:00:00,CÔNG TY CỔ PHẦN MÁY TÍNH VĨNH XUÂN,CÔNG TY TNHH MỘT THÀNH VIÊN HUY VŨ
4214,muavao,1,15763636.00,2024-05-19 17:00:00,CÔNG TY TNHH THƯƠNG MẠI DỊCH VỤ TIN HỌC ANH PHƯƠNG A.P.C.O.M,CÔNG TY TNHH MỘT THÀNH VIÊN HUY VŨ
3233,muavao,1,8054546.00,2024-05-19 17:00:00,Công ty TNHH Tin Học Kim Thiên Bảo,CÔNG TY TNHH MỘT THÀNH VIÊN HUY VŨ
2129,muavao,1,3927273.00,2024-05-19 17:00:00,CÔNG TY CỔ PHẦN ĐẦU TƯ PHÁT TRIỂN CÔNG NGHỆ ROBO,CÔNG TY TNHH MỘT THÀNH VIÊN HUY VŨ
1889,muavao,1,9224545.00,2024-05-19 17:00:00,CÔNG TY CỔ PHẦN MÁY TÍNH VĨNH XUÂN - CHI NHÁNH ĐÀ NẴNG,CÔNG TY TNHH MỘT THÀNH VIÊN HUY VŨ
150,muavao,1,3439091.00,2024-05-19 17:00:00,CÔNG TY TNHH ĐIỆN TỬ TIN HỌC KIM PHÁT,Công Ty Trách Nhiệm Hữu Hạn một thành viên Huy Vũ
66965,muavao,1,52776.00,2024-05-16 17:00:00,Ngân hàng TMCP Sài Gòn Thương Tín - Chi nhánh Gia Lai,CONG TY TNHH MTV HUY VU
65773,muavao,1,135000.00,2024-05-15 17:00:00,Ngân hàng TMCP Sài Gòn Thương Tín - Chi nhánh Gia Lai,CONG TY TNHH MTV HUY VU
46322,muavao,1,862727.00,2024-05-15 17:00:00,Công ty TNHH TP-Link Technologies Việt Nam,CÔNG TY TNHH MỘT THÀNH VIÊN HUY VŨ
2933,muavao,1,8340910.00,2024-05-15 17:00:00,CÔNG TY TNHH CÔNG NGHỆ DSS ĐÀ NẴNG,CÔNG TY TNHH MỘT THÀNH VIÊN HUY VŨ
3679,muavao,1,3090909.00,2024-05-14 17:00:00,CHI NHÁNH CÔNG TY CỔ PHẦN KỸ THUẬT CÔNG NGHỆ NAM THÀNH,Công ty TNHH  Một Thành Viên Huy Vũ
3494,muavao,1,5648148.00,2024-05-14 17:00:00,CÔNG TY CỔ PHẦN THIẾT BỊ VĂN PHÒNG NGUYỄN ĐỨC,CÔNG TY TNHH MTV HUY VŨ
758,muavao,1,381818.00,2024-05-14 17:00:00,CÔNG TY CỔ PHẦN RIOTECH,CÔNG TY TNHH MỘT THÀNH VIÊN HUY VŨ
479,muavao,1,80400000.00,2024-05-14 17:00:00,CHI NHÁNH CÔNG TY CỔ PHẦN ĐẦU TƯ VÀ PHÁT TRIỂN CÔNG NGHỆ QUỐC GIA ADG TẠI ĐÀ NẴNG,Công Ty TNHH Một Thành Viên Huy Vũ
64864,muavao,1,40000.00,2024-05-13 17:00:00,Ngân hàng TMCP Sài Gòn Thương Tín - Chi nhánh Gia Lai,CONG TY TNHH MTV HUY VU
3804,muavao,1,3772727.00,2024-05-13 17:00:00,CÔNG TY TNHH PHÂN PHỐI CÔNG NGHỆ VÀ DỊCH VỤ MỚI RỒNG VIỆT,CÔNG TY TNHH MỘT THÀNH VIÊN HUY VŨ
28490239,muavao,1,8301612.00,2024-05-12 17:00:00,NGÂN HÀNG TMCP Á CHÂU,CTY TNHH MTV HUY VU
28490097,muavao,1,4771041.00,2024-05-12 17:00:00,NGÂN HÀNG TMCP Á CHÂU,CTY TNHH MTV HUY VU
28489935,muavao,1,8587876.00,2024-05-12 17:00:00,NGÂN HÀNG TMCP Á CHÂU,CTY TNHH MTV HUY VU
28489710,muavao,1,1213839.00,2024-05-12 17:00:00,NGÂN HÀNG TMCP Á CHÂU,CTY TNHH MTV HUY VU
28487076,muavao,1,13636.00,2024-05-12 17:00:00,NGÂN HÀNG TMCP Á CHÂU,CTY TNHH MTV HUY VU
28487060,muavao,1,13636.00,2024-05-12 17:00:00,NGÂN HÀNG TMCP Á CHÂU,CTY TNHH MTV HUY VU
28487057,muavao,1,13636.00,2024-05-12 17:00:00,NGÂN HÀNG TMCP Á CHÂU,CTY TNHH MTV HUY VU
1296,muavao,1,2314815.00,2024-05-12 17:00:00,CHI NHÁNH CÔNG TY TNHH CÔNG NGHỆ VÀ THƯƠNG MẠI Á MỸ,CÔNG TY TNHH MỘT THÀNH VIÊN HUY VŨ
32855,muavao,1,461111.00,2024-05-10 17:00:00,CÔNG TY TNHH MỘT THÀNH VIÊN CÔNG NGHỆ TIN HỌC VIỄN SƠN,CÔNG TY TNHH MỘT THÀNH VIÊN HUY VŨ
26731445,muavao,1,957021.00,2024-05-09 17:00:00,NGÂN HÀNG TMCP Á CHÂU,CTY TNHH MTV HUY VU
206766,muavao,1,15122728.00,2024-05-09 17:00:00,CÔNG TY CỔ PHẦN THẾ GIỚI SỐ,CÔNG TY TNHH MTV HUY VŨ
62920,muavao,1,40000.00,2024-05-09 17:00:00,Ngân hàng TMCP Sài Gòn Thương Tín - Chi nhánh Gia Lai,CONG TY TNHH MTV HUY VU
61520373,muavao,1,29091.00,2024-11-08 17:00:00,NGÂN HÀNG TMCP Á CHÂU,CTY TNHH MTV HUY VU
3897,muavao,1,6072727.00,2024-05-09 17:00:00,CÔNG TY TNHH THƯƠNG MẠI DỊCH VỤ TIN HỌC ANH PHƯƠNG A.P.C.O.M,CÔNG TY TNHH MỘT THÀNH VIÊN HUY VŨ
2908,muavao,1,14470000.00,2024-05-09 17:00:00,CÔNG TY TNHH PHÂN PHỐI PHƯƠNG VIỆT,CÔNG TY TNHH MỘT THÀNH VIÊN HUY VŨ
133,muavao,1,2495452.00,2024-05-09 17:00:00,CÔNG TY TNHH ĐIỆN TỬ TIN HỌC KIM PHÁT,Công Ty Trách Nhiệm Hữu Hạn một thành viên Huy Vũ
36771,muavao,1,60245455.00,2024-05-08 17:00:00,CÔNG TY CỔ PHẦN DỊCH VỤ PHÂN PHỐI TỔNG HỢP DẦU KHÍ,Công ty TNHH  Một Thành Viên Huy Vũ
32492,muavao,1,13145455.00,2024-05-08 17:00:00,CÔNG TY TNHH MỘT THÀNH VIÊN CÔNG NGHỆ TIN HỌC VIỄN SƠN,CÔNG TY TNHH MỘT THÀNH VIÊN HUY VŨ
32491,muavao,1,3730000.00,2024-05-08 17:00:00,CÔNG TY TNHH MỘT THÀNH VIÊN CÔNG NGHỆ TIN HỌC VIỄN SƠN,CÔNG TY TNHH MỘT THÀNH VIÊN HUY VŨ
3506,muavao,1,5471818.00,2024-05-08 17:00:00,CHI NHÁNH CÔNG TY CỔ PHẦN KỸ THUẬT CÔNG NGHỆ NAM THÀNH,Công ty TNHH  Một Thành Viên Huy Vũ
3278,muavao,1,4363636.00,2024-05-08 17:00:00,CÔNG TY CỔ PHẦN THIẾT BỊ VĂN PHÒNG NGUYỄN ĐỨC,CÔNG TY TNHH MTV HUY VŨ
1986,muavao,1,16545455.00,2024-05-08 17:00:00,CÔNG TY CỔ PHẦN ĐẦU TƯ PHÁT TRIỂN CÔNG NGHỆ ROBO,CÔNG TY TNHH MỘT THÀNH VIÊN HUY VŨ
1270,muavao,1,5400000.00,2024-05-08 17:00:00,CHI NHÁNH CÔNG TY TNHH CÔNG NGHỆ VÀ THƯƠNG MẠI Á MỸ,CÔNG TY TNHH MỘT THÀNH VIÊN HUY VŨ
851,muavao,1,9472727.00,2024-05-07 17:00:00,CÔNG TY TNHH THƯƠNG MẠI KỸ THUẬT DIỆP KHÁNH,Công ty TNHH MTV Huy Vũ
41,muavao,1,1636364.00,2024-05-07 17:00:00,CÔNG TY TNHH FINTECS,CÔNG TY TNHH MỘT THÀNH VIÊN HUY VŨ
60703,muavao,1,23000.00,2024-05-06 17:00:00,Ngân hàng TMCP Sài Gòn Thương Tín - Chi nhánh Gia Lai,CONG TY TNHH MTV HUY VU
60702,muavao,1,23000.00,2024-05-06 17:00:00,Ngân hàng TMCP Sài Gòn Thương Tín - Chi nhánh Gia Lai,CONG TY TNHH MTV HUY VU
36198,muavao,1,11909091.00,2024-05-06 17:00:00,CÔNG TY CỔ PHẦN DỊCH VỤ PHÂN PHỐI TỔNG HỢP DẦU KHÍ,Công ty TNHH  Một Thành Viên Huy Vũ
513,muavao,1,831818.00,2024-05-02 17:00:00,CÔNG TY TNHH CÔNG NGHỆ ÂU LẠC,CÔNG TY TNHH MỘT THÀNH VIÊN HUY VŨ
36194,muavao,1,11681818.00,2024-05-06 17:00:00,CÔNG TY CỔ PHẦN DỊCH VỤ PHÂN PHỐI TỔNG HỢP DẦU KHÍ,Công ty TNHH  Một Thành Viên Huy Vũ
3784,muavao,1,7890909.00,2024-05-06 17:00:00,CÔNG TY TNHH THƯƠNG MẠI DỊCH VỤ TIN HỌC ANH PHƯƠNG A.P.C.O.M,CÔNG TY TNHH MỘT THÀNH VIÊN HUY VŨ
2932,muavao,1,7863636.00,2024-05-06 17:00:00,Công ty TNHH Tin Học Kim Thiên Bảo,CÔNG TY TNHH MỘT THÀNH VIÊN HUY VŨ
599,muavao,1,5636364.00,2024-05-06 17:00:00,CÔNG TY TNHH XUẤT NHẬP KHẨU LÊ TRẦN GIA,CÔNG TY TNHH MỘT THÀNH VIÊN HUY VŨ
39,muavao,1,2727273.00,2024-05-06 17:00:00,CÔNG TY TNHH FINTECS,CÔNG TY TNHH MỘT THÀNH VIÊN HUY VŨ
358233,muavao,1,238181.00,2024-05-05 17:00:00,CÔNG TY DỊCH VỤ MOBIFONE KHU VỰC 7 - CHI NHÁNH TỔNG CÔNG TY VIỄN THÔNG MOBIFONE,Công ty TNHH MTV Huy Vũ
60166,muavao,1,23000.00,2024-05-05 17:00:00,Ngân hàng TMCP Sài Gòn Thương Tín - Chi nhánh Gia Lai,CONG TY TNHH MTV HUY VU
60165,muavao,1,23000.00,2024-05-05 17:00:00,Ngân hàng TMCP Sài Gòn Thương Tín - Chi nhánh Gia Lai,CONG TY TNHH MTV HUY VU
4279,muavao,1,4418184.00,2024-05-05 17:00:00,Công Ty TNHH Công Nghệ Thông Tin An Phát,CÔNG TY TNHH MỘT THÀNH VIÊN HUY VŨ
3747,muavao,1,23590911.00,2024-05-05 17:00:00,CÔNG TY TNHH THƯƠNG MẠI DỊCH VỤ TIN HỌC ANH PHƯƠNG A.P.C.O.M,CÔNG TY TNHH MỘT THÀNH VIÊN HUY VŨ
3738,muavao,1,10527273.00,2024-05-05 17:00:00,CÔNG TY TNHH THƯƠNG MẠI DỊCH VỤ TIN HỌC ANH PHƯƠNG A.P.C.O.M,CÔNG TY TNHH MỘT THÀNH VIÊN HUY VŨ
1826,muavao,1,7450000.00,2024-05-05 17:00:00,CÔNG TY TNHH ĐẦU TƯ CÔNG NGHỆ ÂM THANH TRIỆU GIA,CÔNG TY TNHH MỘT THÀNH VIÊN HUY VŨ
672,muavao,1,15181818.00,2024-05-05 17:00:00,CÔNG TY CỔ PHẦN VPS MIỀN TRUNG,CÔNG TY TNHH MỘT THÀNH VIÊN HUY VŨ
586,muavao,1,4909091.00,2024-05-05 17:00:00,CÔNG TY TNHH XUẤT NHẬP KHẨU LÊ TRẦN GIA,CÔNG TY TNHH MỘT THÀNH VIÊN HUY VŨ
576,muavao,1,12136364.00,2024-05-03 17:00:00,CÔNG TY TNHH XUẤT NHẬP KHẨU LÊ TRẦN GIA,CÔNG TY TNHH MỘT THÀNH VIÊN HUY VŨ
25682972,muavao,1,4016438.00,2024-05-02 17:00:00,NGÂN HÀNG TMCP Á CHÂU,CTY TNHH MTV HUY VU
25682901,muavao,1,2142465.00,2024-05-02 17:00:00,NGÂN HÀNG TMCP Á CHÂU,CTY TNHH MTV HUY VU
2707,muavao,1,4118179.00,2024-05-01 17:00:00,CÔNG TY TNHH PHÂN PHỐI PHƯƠNG VIỆT,CÔNG TY TNHH MỘT THÀNH VIÊN HUY VŨ
749,muavao,1,545455.00,2024-05-01 17:00:00,CÔNG TY TNHH VĨNH TÍN,CÔNG TY TNHH MTV HUY VŨ
331257,muavao,1,396111.00,2024-04-30 17:00:00,TRUNG TÂM KINH DOANH VNPT - GIA LAI - CHI NHÁNH TỔNG CÔNG TY DỊCH VỤ VIỄN THÔNG,Công Ty TNHH MTV Huy Vũ
331167,muavao,1,200382.00,2024-04-30 17:00:00,TRUNG TÂM KINH DOANH VNPT - GIA LAI - CHI NHÁNH TỔNG CÔNG TY DỊCH VỤ VIỄN THÔNG,Công Ty TNHH MTV Huy Vũ
331166,muavao,1,441290.00,2024-04-30 17:00:00,TRUNG TÂM KINH DOANH VNPT - GIA LAI - CHI NHÁNH TỔNG CÔNG TY DỊCH VỤ VIỄN THÔNG,Công Ty TNHH MTV Huy Vũ
299670,muavao,1,249636.00,2024-04-30 17:00:00,TRUNG TÂM KINH DOANH VNPT - GIA LAI - CHI NHÁNH TỔNG CÔNG TY DỊCH VỤ VIỄN THÔNG,Công Ty TNHH MTV Huy Vũ
272630,muavao,1,274000.00,2024-04-30 17:00:00,TRUNG TÂM KINH DOANH VNPT - GIA LAI - CHI NHÁNH TỔNG CÔNG TY DỊCH VỤ VIỄN THÔNG,Công Ty TNHH MTV Huy Vũ
272590,muavao,1,20000.00,2024-04-30 17:00:00,TRUNG TÂM KINH DOANH VNPT - GIA LAI - CHI NHÁNH TỔNG CÔNG TY DỊCH VỤ VIỄN THÔNG,Công Ty TNHH MTV Huy Vũ
272543,muavao,1,24545.00,2024-04-30 17:00:00,TRUNG TÂM KINH DOANH VNPT - GIA LAI - CHI NHÁNH TỔNG CÔNG TY DỊCH VỤ VIỄN THÔNG,Công Ty  TNHH MTV Huy Vũ
272542,muavao,1,20600.00,2024-04-30 17:00:00,TRUNG TÂM KINH DOANH VNPT - GIA LAI - CHI NHÁNH TỔNG CÔNG TY DỊCH VỤ VIỄN THÔNG,Công Ty TNHH MTV  Huy Vũ
272373,muavao,1,233636.00,2024-04-30 17:00:00,TRUNG TÂM KINH DOANH VNPT - GIA LAI - CHI NHÁNH TỔNG CÔNG TY DỊCH VỤ VIỄN THÔNG,Cửa Hàng Máy Tình Trường Sơn
333087,muavao,1,109091.00,2024-06-29 17:00:00,CÔNG TY TNHH THU PHÍ TỰ ĐỘNG VETC,CÔNG TY TNHH MỘT THÀNH VIÊN HUY VŨ
311505,muavao,1,13909089.00,2024-06-29 17:00:00,CÔNG TY CỔ PHẦN THẾ GIỚI SỐ,CÔNG TY TNHH MTV HUY VŨ
197761,muavao,1,454545.00,2024-06-29 17:00:00,CÔNG TY TNHH MTV XĂNG DẦU BẮC TÂY NGUYÊN,CÔNG TY TNHH MỘT THÀNH VIÊN HUY VŨ
15708,muavao,1,74000.00,2024-06-29 17:00:00,Ngân hàng Thương mại Cổ phần Đầu tư và Phát triển Việt Nam - Chi nhánh Gia Lai,CONG TY TNHH MTV HUY VU
53545,muavao,1,38545455.00,2024-06-28 17:00:00,CÔNG TY CỔ PHẦN DỊCH VỤ PHÂN PHỐI TỔNG HỢP DẦU KHÍ,Công ty TNHH  Một Thành Viên Huy Vũ
50789,muavao,1,99454545.00,2024-06-28 17:00:00,CÔNG TY TNHH MỘT THÀNH VIÊN CÔNG NGHỆ TIN HỌC VIỄN SƠN,CÔNG TY TNHH MỘT THÀNH VIÊN HUY VŨ
50785,muavao,1,89227273.00,2024-06-28 17:00:00,CÔNG TY TNHH MỘT THÀNH VIÊN CÔNG NGHỆ TIN HỌC VIỄN SƠN,CÔNG TY TNHH MỘT THÀNH VIÊN HUY VŨ
50784,muavao,1,89227273.00,2024-06-28 17:00:00,CÔNG TY TNHH MỘT THÀNH VIÊN CÔNG NGHỆ TIN HỌC VIỄN SƠN,CÔNG TY TNHH MỘT THÀNH VIÊN HUY VŨ
4961,muavao,1,6090909.00,2024-06-28 17:00:00,CÔNG TY CỔ PHẦN THIẾT BỊ VĂN PHÒNG NGUYỄN ĐỨC,CÔNG TY TNHH MTV HUY VŨ
1818,muavao,1,1305555.00,2024-06-28 17:00:00,CHI NHÁNH CÔNG TY TNHH CÔNG NGHỆ VÀ THƯƠNG MẠI Á MỸ,CÔNG TY TNHH MỘT THÀNH VIÊN HUY VŨ
1817,muavao,1,2654545.00,2024-06-28 17:00:00,CHI NHÁNH CÔNG TY TNHH CÔNG NGHỆ VÀ THƯƠNG MẠI Á MỸ,CÔNG TY TNHH MỘT THÀNH VIÊN HUY VŨ
203,muavao,1,4465455.00,2024-06-28 17:00:00,CÔNG TY TNHH ĐIỆN TỬ TIN HỌC KIM PHÁT,Công Ty Trách Nhiệm Hữu Hạn một thành viên Huy Vũ
37189099,muavao,1,33818.00,2024-06-27 17:00:00,NGÂN HÀNG TMCP Á CHÂU,CTY TNHH MTV HUY VU
37188677,muavao,1,75273.00,2024-06-27 17:00:00,NGÂN HÀNG TMCP Á CHÂU,CTY TNHH MTV HUY VU
307367,muavao,1,11181818.00,2024-06-27 17:00:00,CÔNG TY CỔ PHẦN THẾ GIỚI SỐ,CÔNG TY TNHH MTV HUY VŨ
51865,muavao,1,39000000.00,2024-06-27 17:00:00,CÔNG TY CỔ PHẦN DỊCH VỤ PHÂN PHỐI TỔNG HỢP DẦU KHÍ,Công ty TNHH  Một Thành Viên Huy Vũ
5127,muavao,1,90351818.00,2024-06-27 17:00:00,CHI NHÁNH CÔNG TY CỔ PHẦN KỸ THUẬT CÔNG NGHỆ NAM THÀNH,Công ty TNHH  Một Thành Viên Huy Vũ
638,muavao,1,725816364.00,2024-06-27 17:00:00,CHI NHÁNH CÔNG TY CỔ PHẦN ĐẦU TƯ VÀ PHÁT TRIỂN CÔNG NGHỆ QUỐC GIA ADG TẠI ĐÀ NẴNG,Công Ty TNHH Một Thành Viên Huy Vũ
87490,muavao,1,23000.00,2024-06-26 17:00:00,Ngân hàng TMCP Sài Gòn Thương Tín - Chi nhánh Gia Lai,CONG TY TNHH MTV HUY VU
87461,muavao,1,23000.00,2024-06-26 17:00:00,Ngân hàng TMCP Sài Gòn Thương Tín - Chi nhánh Gia Lai,CONG TY TNHH MTV HUY VU
86335,muavao,1,135000.00,2024-06-26 17:00:00,Ngân hàng TMCP Sài Gòn Thương Tín - Chi nhánh Gia Lai,CONG TY TNHH MTV HUY VU
48537,muavao,1,102362109.00,2024-06-26 17:00:00,CÔNG TY TNHH MỘT THÀNH VIÊN CÔNG NGHỆ TIN HỌC VIỄN SƠN,CÔNG TY TNHH MỘT THÀNH VIÊN HUY VŨ
6709,muavao,1,1863636.00,2024-06-26 17:00:00,CÔNG TY TNHH PHƯƠNG KHANG COMPUTER,CÔNG TY TNHH MỘT THÀNH VIÊN HUY VŨ
286818,muavao,1,43603636.00,2024-06-19 17:00:00,CÔNG TY CỔ PHẦN THẾ GIỚI SỐ,CÔNG TY TNHH MTV HUY VŨ
492,muavao,1,13300000.00,2024-06-26 17:00:00,CÔNG TY CỔ PHẦN ĐẦU TƯ & THƯƠNG MẠI ĐẠI PHÁT,CÔNG TY TNHH MỘT THÀNH VIÊN HUY VŨ
94799,muavao,1,7727273.00,2024-06-25 17:00:00,Công ty TNHH Phân phối Synnex FPT,Công ty TNHH MTV Huy Vũ
50753,muavao,1,26000000.00,2024-06-25 17:00:00,CÔNG TY CỔ PHẦN DỊCH VỤ PHÂN PHỐI TỔNG HỢP DẦU KHÍ,Công ty TNHH  Một Thành Viên Huy Vũ
50737,muavao,1,24054545.00,2024-06-25 17:00:00,CÔNG TY CỔ PHẦN DỊCH VỤ PHÂN PHỐI TỔNG HỢP DẦU KHÍ,Công ty TNHH  Một Thành Viên Huy Vũ
50722,muavao,1,11681818.00,2024-06-25 17:00:00,CÔNG TY CỔ PHẦN DỊCH VỤ PHÂN PHỐI TỔNG HỢP DẦU KHÍ,Công ty TNHH  Một Thành Viên Huy Vũ
50686,muavao,1,34727272.00,2024-06-25 17:00:00,CÔNG TY CỔ PHẦN DỊCH VỤ PHÂN PHỐI TỔNG HỢP DẦU KHÍ,Công ty TNHH  Một Thành Viên Huy Vũ
200,muavao,1,10600000.00,2024-06-25 17:00:00,CÔNG TY TNHH ĐIỆN TỬ TIN HỌC KIM PHÁT,Công Ty Trách Nhiệm Hữu Hạn một thành viên Huy Vũ
199,muavao,1,29545455.00,2024-06-25 17:00:00,CÔNG TY TNHH ĐIỆN TỬ TIN HỌC KIM PHÁT,Công Ty Trách Nhiệm Hữu Hạn một thành viên Huy Vũ
83871,muavao,1,40000.00,2024-06-24 17:00:00,Ngân hàng TMCP Sài Gòn Thương Tín - Chi nhánh Gia Lai,CONG TY TNHH MTV HUY VU
196,muavao,1,6604545.00,2024-06-24 17:00:00,CÔNG TY TNHH ĐIỆN TỬ TIN HỌC KIM PHÁT,Công Ty Trách Nhiệm Hữu Hạn một thành viên Huy Vũ
9,muavao,1,2727272.72,2024-06-24 17:00:00,CÔNG TY TNHH DỊCH VỤ MÁY VĂN PHÒNG MINH PHỤNG,CÔNG TY TNHH MỘT THÀNH VIÊN HUY VŨ
47251,muavao,1,99454545.00,2024-06-23 17:00:00,CÔNG TY TNHH MỘT THÀNH VIÊN CÔNG NGHỆ TIN HỌC VIỄN SƠN,CÔNG TY TNHH MỘT THÀNH VIÊN HUY VŨ
3872,muavao,1,27666.00,2024-06-23 17:00:00,Ngân hàng TMCP Sài Gòn Thương Tín - Chi nhánh Gia Lai,CONG TY TNHH MTV HUY VU
5010,muavao,5,30379088.00,2024-06-21 17:00:00,CHI NHÁNH CÔNG TY CỔ PHẦN KỸ THUẬT CÔNG NGHỆ NAM THÀNH,Công ty TNHH  Một Thành Viên Huy Vũ
83223,muavao,1,23000.00,2024-06-20 17:00:00,Ngân hàng TMCP Sài Gòn Thương Tín - Chi nhánh Gia Lai,CONG TY TNHH MTV HUY VU
83159,muavao,1,20000.00,2024-06-20 17:00:00,Ngân hàng TMCP Sài Gòn Thương Tín - Chi nhánh Gia Lai,CONG TY TNHH MTV HUY VU
679,muavao,1,46778183.00,2024-06-19 17:00:00,CHI NHÁNH CÔNG TY CỔ PHẦN HUETRONICS (TỈNH THỪA THIÊN HUẾ),CÔNG TY TNHH MỘT THÀNH VIÊN HUY VŨ
187,muavao,1,11602731.00,2024-06-19 17:00:00,CÔNG TY TNHH ĐIỆN TỬ TIN HỌC KIM PHÁT,Công Ty Trách Nhiệm Hữu Hạn một thành viên Huy Vũ
284017,muavao,1,15454545.00,2024-06-18 17:00:00,CÔNG TY CỔ PHẦN THẾ GIỚI SỐ,CÔNG TY TNHH MTV HUY VŨ
82430,muavao,1,19000.00,2024-06-18 17:00:00,Ngân hàng TMCP Sài Gòn Thương Tín - Chi nhánh Gia Lai,CONG TY TNHH MTV HUY VU
5278,muavao,1,12181818.00,2024-06-18 17:00:00,CÔNG TY TNHH THƯƠNG MẠI DỊCH VỤ TIN HỌC ANH PHƯƠNG A.P.C.O.M,CÔNG TY TNHH MỘT THÀNH VIÊN HUY VŨ
1672,muavao,1,945455.00,2024-06-18 17:00:00,CHI NHÁNH CÔNG TY TNHH CÔNG NGHỆ VÀ THƯƠNG MẠI Á MỸ,CÔNG TY TNHH MỘT THÀNH VIÊN HUY VŨ
1669,muavao,1,2185185.00,2024-06-18 17:00:00,CHI NHÁNH CÔNG TY TNHH CÔNG NGHỆ VÀ THƯƠNG MẠI Á MỸ,CÔNG TY TNHH MỘT THÀNH VIÊN HUY VŨ
82340,muavao,1,40000.00,2024-06-17 17:00:00,Ngân hàng TMCP Sài Gòn Thương Tín - Chi nhánh Gia Lai,CONG TY TNHH MTV HUY VU
5597,muavao,1,17740909.00,2024-06-17 17:00:00,CÔNG TY TNHH PHÂN PHỐI CÔNG NGHỆ VÀ DỊCH VỤ MỚI RỒNG VIỆT,CÔNG TY TNHH MỘT THÀNH VIÊN HUY VŨ
592,muavao,1,95454545.00,2024-06-17 17:00:00,CHI NHÁNH CÔNG TY CỔ PHẦN ĐẦU TƯ VÀ PHÁT TRIỂN CÔNG NGHỆ QUỐC GIA ADG TẠI ĐÀ NẴNG,Công Ty TNHH Một Thành Viên Huy Vũ
2,muavao,1,1681818.17,2024-06-17 17:00:00,CÔNG TY TNHH DỊCH VỤ MÁY VĂN PHÒNG MINH PHỤNG,CÔNG TY TNHH MỘT THÀNH VIÊN HUY VŨ
121746,muavao,1,2181816.00,2024-06-16 17:00:00,Chi nhánh Công ty TNHH phân phối Synnex FPT,Công ty TNHH MTV Huy Vũ
86827,muavao,1,4027270.00,2024-06-16 17:00:00,Công ty TNHH Phân phối Synnex FPT,Công ty TNHH MTV Huy Vũ
6207,muavao,1,34245455.00,2024-06-16 17:00:00,CÔNG TY TNHH PHƯƠNG KHANG COMPUTER,CÔNG TY TNHH MỘT THÀNH VIÊN HUY VŨ
5569,muavao,1,17650000.00,2024-06-16 17:00:00,CÔNG TY TNHH PHÂN PHỐI CÔNG NGHỆ VÀ DỊCH VỤ MỚI RỒNG VIỆT,CÔNG TY TNHH MỘT THÀNH VIÊN HUY VŨ
61520108,muavao,1,4545.00,2024-11-08 17:00:00,NGÂN HÀNG TMCP Á CHÂU,CTY TNHH MTV HUY VU
3647,muavao,1,9795457.00,2024-06-16 17:00:00,CÔNG TY TNHH THƯƠNG MẠI DỊCH VỤ QUỐC VIỆT,Công Ty TNHH Một Thành Viên Huy Vũ
2289,muavao,1,8331818.00,2024-06-16 17:00:00,CÔNG TY CỔ PHẦN MÁY TÍNH VĨNH XUÂN - CHI NHÁNH ĐÀ NẴNG,CÔNG TY TNHH MỘT THÀNH VIÊN HUY VŨ
1651,muavao,1,2185185.00,2024-06-16 17:00:00,CHI NHÁNH CÔNG TY TNHH CÔNG NGHỆ VÀ THƯƠNG MẠI Á MỸ,CÔNG TY TNHH MỘT THÀNH VIÊN HUY VŨ
1648,muavao,1,954545.00,2024-06-16 17:00:00,CHI NHÁNH CÔNG TY TNHH CÔNG NGHỆ VÀ THƯƠNG MẠI Á MỸ,CÔNG TY TNHH MỘT THÀNH VIÊN HUY VŨ
585,muavao,1,99736363.00,2024-06-16 17:00:00,CHI NHÁNH CÔNG TY CỔ PHẦN ĐẦU TƯ VÀ PHÁT TRIỂN CÔNG NGHỆ QUỐC GIA ADG TẠI ĐÀ NẴNG,Công Ty TNHH Một Thành Viên Huy Vũ
454,muavao,1,15280000.00,2024-06-16 17:00:00,CÔNG TY CỔ PHẦN ĐẦU TƯ & THƯƠNG MẠI ĐẠI PHÁT,CÔNG TY TNHH MỘT THÀNH VIÊN HUY VŨ
34824787,muavao,1,17455.00,2024-06-14 17:00:00,NGÂN HÀNG TMCP Á CHÂU,CTY TNHH MTV HUY VU
34824769,muavao,1,17455.00,2024-06-14 17:00:00,NGÂN HÀNG TMCP Á CHÂU,CTY TNHH MTV HUY VU
34824746,muavao,1,17455.00,2024-06-14 17:00:00,NGÂN HÀNG TMCP Á CHÂU,CTY TNHH MTV HUY VU
46469,muavao,1,9818182.00,2024-06-14 17:00:00,CÔNG TY CỔ PHẦN DỊCH VỤ PHÂN PHỐI TỔNG HỢP DẦU KHÍ,Công ty TNHH  Một Thành Viên Huy Vũ
1269,muavao,1,545455.00,2024-06-14 17:00:00,CÔNG TY TNHH VĨNH TÍN,CÔNG TY TNHH MTV HUY VŨ
80062,muavao,1,40000.00,2024-06-13 17:00:00,Ngân hàng TMCP Sài Gòn Thương Tín - Chi nhánh Gia Lai,CONG TY TNHH MTV HUY VU
45945,muavao,1,26000000.00,2024-06-13 17:00:00,CÔNG TY CỔ PHẦN DỊCH VỤ PHÂN PHỐI TỔNG HỢP DẦU KHÍ,Công ty TNHH  Một Thành Viên Huy Vũ
181042,muavao,1,454545.00,2024-06-12 17:00:00,CÔNG TY TNHH MTV XĂNG DẦU BẮC TÂY NGUYÊN,CÔNG TY TNHH MỘT THÀNH VIÊN HUY VŨ
119917,muavao,1,10454545.00,2024-06-12 17:00:00,Chi nhánh Công ty TNHH phân phối Synnex FPT,Công ty TNHH MTV Huy Vũ
42779,muavao,1,13613653.00,2024-06-12 17:00:00,CÔNG TY TNHH MỘT THÀNH VIÊN CÔNG NGHỆ TIN HỌC VIỄN SƠN,CÔNG TY TNHH MỘT THÀNH VIÊN HUY VŨ
572,muavao,1,156281818.00,2024-06-12 17:00:00,CHI NHÁNH CÔNG TY CỔ PHẦN ĐẦU TƯ VÀ PHÁT TRIỂN CÔNG NGHỆ QUỐC GIA ADG TẠI ĐÀ NẴNG,Công Ty TNHH Một Thành Viên Huy Vũ
182,muavao,1,1109091.00,2024-06-12 17:00:00,CÔNG TY TNHH ĐIỆN TỬ TIN HỌC KIM PHÁT,Công Ty Trách Nhiệm Hữu Hạn một thành viên Huy Vũ
33203434,muavao,1,7300000.00,2024-06-11 17:00:00,NGÂN HÀNG TMCP Á CHÂU,CTY TNHH MTV HUY VU
5815,muavao,1,4418184.00,2024-06-11 17:00:00,Công Ty TNHH Công Nghệ Thông Tin An Phát,CÔNG TY TNHH MỘT THÀNH VIÊN HUY VŨ
5033,muavao,1,6836364.00,2024-06-11 17:00:00,CÔNG TY TNHH THƯƠNG MẠI DỊCH VỤ TIN HỌC ANH PHƯƠNG A.P.C.O.M,CÔNG TY TNHH MỘT THÀNH VIÊN HUY VŨ
181,muavao,1,4227273.00,2024-06-11 17:00:00,CÔNG TY TNHH ĐIỆN TỬ TIN HỌC KIM PHÁT,Công Ty Trách Nhiệm Hữu Hạn một thành viên Huy Vũ
76245,muavao,1,23000.00,2024-06-10 17:00:00,Ngân hàng TMCP Sài Gòn Thương Tín - Chi nhánh Gia Lai,CONG TY TNHH MTV HUY VU
76093,muavao,1,40000.00,2024-06-10 17:00:00,Ngân hàng TMCP Sài Gòn Thương Tín - Chi nhánh Gia Lai,CONG TY TNHH MTV HUY VU
5002,muavao,1,7890909.00,2024-06-10 17:00:00,CÔNG TY TNHH THƯƠNG MẠI DỊCH VỤ TIN HỌC ANH PHƯƠNG A.P.C.O.M,CÔNG TY TNHH MỘT THÀNH VIÊN HUY VŨ
3592,muavao,1,47700.00,2024-06-10 17:00:00,Ngân hàng TMCP Sài Gòn Thương Tín - Chi nhánh Gia Lai,CONG TY TNHH MTV HUY VU
558,muavao,1,128740909.00,2024-06-10 17:00:00,CHI NHÁNH CÔNG TY CỔ PHẦN ĐẦU TƯ VÀ PHÁT TRIỂN CÔNG NGHỆ QUỐC GIA ADG TẠI ĐÀ NẴNG,Công Ty TNHH Một Thành Viên Huy Vũ
32919817,muavao,1,7943129.00,2024-06-09 17:00:00,NGÂN HÀNG TMCP Á CHÂU,CTY TNHH MTV HUY VU
32919813,muavao,1,8408220.00,2024-06-09 17:00:00,NGÂN HÀNG TMCP Á CHÂU,CTY TNHH MTV HUY VU
32919793,muavao,1,4926028.00,2024-06-09 17:00:00,NGÂN HÀNG TMCP Á CHÂU,CTY TNHH MTV HUY VU
32919777,muavao,1,6499177.00,2024-06-09 17:00:00,NGÂN HÀNG TMCP Á CHÂU,CTY TNHH MTV HUY VU
32770693,muavao,1,923720.00,2024-06-09 17:00:00,NGÂN HÀNG TMCP Á CHÂU,CTY TNHH MTV HUY VU
75679,muavao,1,40000.00,2024-06-09 17:00:00,Ngân hàng TMCP Sài Gòn Thương Tín - Chi nhánh Gia Lai,CONG TY TNHH MTV HUY VU
44389,muavao,1,26000000.00,2024-06-09 17:00:00,CÔNG TY CỔ PHẦN DỊCH VỤ PHÂN PHỐI TỔNG HỢP DẦU KHÍ,Công ty TNHH  Một Thành Viên Huy Vũ
6940,muavao,1,8210000.00,2024-06-09 17:00:00,CÔNG TY CỔ PHẦN GIẢI PHÁP TIN HỌC ÁNH DƯƠNG,CÔNG TY TNHH MỘT THÀNH VIÊN HUY VŨ
2192,muavao,1,29338183.00,2024-06-09 17:00:00,CÔNG TY CỔ PHẦN MÁY TÍNH VĨNH XUÂN - CHI NHÁNH ĐÀ NẴNG,CÔNG TY TNHH MỘT THÀNH VIÊN HUY VŨ
821,muavao,1,4909091.00,2024-06-09 17:00:00,CÔNG TY TNHH XUẤT NHẬP KHẨU LÊ TRẦN GIA,CÔNG TY TNHH MỘT THÀNH VIÊN HUY VŨ
54,muavao,1,4363636.00,2024-06-08 17:00:00,CÔNG TY TNHH FINTECS,CÔNG TY TNHH MỘT THÀNH VIÊN HUY VŨ
43693,muavao,1,39000000.00,2024-06-07 17:00:00,CÔNG TY CỔ PHẦN DỊCH VỤ PHÂN PHỐI TỔNG HỢP DẦU KHÍ,Công ty TNHH  Một Thành Viên Huy Vũ
4910,muavao,1,6063636.00,2024-06-07 17:00:00,CÔNG TY TNHH THƯƠNG MẠI DỊCH VỤ TIN HỌC ANH PHƯƠNG A.P.C.O.M,CÔNG TY TNHH MỘT THÀNH VIÊN HUY VŨ
2483,muavao,1,17045455.00,2024-06-07 17:00:00,CÔNG TY CỔ PHẦN ĐẦU TƯ PHÁT TRIỂN CÔNG NGHỆ ROBO,CÔNG TY TNHH MỘT THÀNH VIÊN HUY VŨ
1583,muavao,1,2000000.00,2024-06-07 17:00:00,CHI NHÁNH CÔNG TY TNHH CÔNG NGHỆ VÀ THƯƠNG MẠI Á MỸ,CÔNG TY TNHH MỘT THÀNH VIÊN HUY VŨ
1579,muavao,1,8681818.00,2024-06-07 17:00:00,CHI NHÁNH CÔNG TY TNHH CÔNG NGHỆ VÀ THƯƠNG MẠI Á MỸ,CÔNG TY TNHH MỘT THÀNH VIÊN HUY VŨ
3535,muavao,1,50000.00,2024-06-06 17:00:00,Ngân hàng TMCP Sài Gòn Thương Tín - Chi nhánh Gia Lai,CONG TY TNHH MTV HUY VU
424,muavao,1,8100000.00,2024-06-06 17:00:00,CÔNG TY CỔ PHẦN ĐẦU TƯ & THƯƠNG MẠI ĐẠI PHÁT,CÔNG TY TNHH MỘT THÀNH VIÊN HUY VŨ
448813,muavao,1,237273.00,2024-06-04 17:00:00,CÔNG TY DỊCH VỤ MOBIFONE KHU VỰC 7 - CHI NHÁNH TỔNG CÔNG TY VIỄN THÔNG MOBIFONE,Công ty TNHH MTV Huy Vũ
80573,muavao,1,52272725.00,2024-06-04 17:00:00,Công ty TNHH Phân phối Synnex FPT,Công ty TNHH MTV Huy Vũ
75083,muavao,1,40000.00,2024-06-04 17:00:00,Ngân hàng TMCP Sài Gòn Thương Tín - Chi nhánh Gia Lai,CONG TY TNHH MTV HUY VU
24324,muavao,1,1818.00,2024-06-04 17:00:00,NGÂN HÀNG THƯƠNG MẠI CỔ PHẦN AN BÌNH - CHI NHÁNH GIA LAI,CONG TY TNHH HUY VU
176,muavao,1,3690908.00,2024-06-04 17:00:00,CÔNG TY TNHH ĐIỆN TỬ TIN HỌC KIM PHÁT,Công Ty Trách Nhiệm Hữu Hạn một thành viên Huy Vũ
92944665,muavao,1,350000.00,2024-06-01 17:00:00,Tập đoàn Công nghiệp - Viễn thông Quân đội,Công Ty Tnhh Huy Vũ
401999,muavao,1,478195.00,2024-05-31 17:00:00,TRUNG TÂM KINH DOANH VNPT - GIA LAI - CHI NHÁNH TỔNG CÔNG TY DỊCH VỤ VIỄN THÔNG,Công Ty TNHH MTV Huy Vũ
3466,muavao,1,7904548.00,2024-05-31 17:00:00,CÔNG TY TNHH PHÂN PHỐI PHƯƠNG VIỆT,CÔNG TY TNHH MỘT THÀNH VIÊN HUY VŨ
20245533,muavao,1,111111.00,2024-07-30 17:00:00,CÔNG TY TNHH THU PHÍ TỰ ĐỘNG VETC,CÔNG TY TNHH MỘT THÀNH VIÊN HUY VŨ
104987,muavao,1,23000.00,2024-07-30 17:00:00,Ngân hàng TMCP Sài Gòn Thương Tín - Chi nhánh Gia Lai,CONG TY TNHH MTV HUY VU
18965,muavao,1,78000.00,2024-07-30 17:00:00,Ngân hàng Thương mại Cổ phần Đầu tư và Phát triển Việt Nam - Chi nhánh Gia Lai,CONG TY TNHH MTV HUY VU
354542,muavao,1,25500000.00,2024-07-29 17:00:00,CÔNG TY CỔ PHẦN THẾ GIỚI SỐ,CÔNG TY TNHH MTV HUY VŨ
4738,muavao,1,20000.00,2024-07-29 17:00:00,Ngân hàng TMCP Sài Gòn Thương Tín - Chi nhánh Gia Lai,CONG TY TNHH MTV HUY VU
1560,muavao,1,344000.00,2024-07-29 17:00:00,CÔNG TY TNHH THƯƠNG MẠI KỸ THUẬT DIỆP KHÁNH,Công ty TNHH MTV Huy Vũ
1559,muavao,1,17213636.00,2024-07-29 17:00:00,CÔNG TY TNHH THƯƠNG MẠI KỸ THUẬT DIỆP KHÁNH,Công ty TNHH MTV Huy Vũ
353816,muavao,1,20272727.00,2024-07-28 17:00:00,CÔNG TY CỔ PHẦN THẾ GIỚI SỐ,CÔNG TY TNHH MTV HUY VŨ
224007,muavao,1,454545.00,2024-07-28 17:00:00,CÔNG TY TNHH MTV XĂNG DẦU BẮC TÂY NGUYÊN,CÔNG TY TNHH MỘT THÀNH VIÊN HUY VŨ
156480,muavao,1,14090910.00,2024-07-28 17:00:00,Chi nhánh Công ty TNHH phân phối Synnex FPT,Công ty TNHH MTV Huy Vũ
103076,muavao,1,23000.00,2024-07-28 17:00:00,Ngân hàng TMCP Sài Gòn Thương Tín - Chi nhánh Gia Lai,CONG TY TNHH MTV HUY VU
103035,muavao,1,23000.00,2024-07-28 17:00:00,Ngân hàng TMCP Sài Gòn Thương Tín - Chi nhánh Gia Lai,CONG TY TNHH MTV HUY VU
101739,muavao,1,135000.00,2024-07-28 17:00:00,Ngân hàng TMCP Sài Gòn Thương Tín - Chi nhánh Gia Lai,CONG TY TNHH MTV HUY VU
6563,muavao,1,10054546.00,2024-07-28 17:00:00,CÔNG TY TNHH THƯƠNG MẠI DỊCH VỤ TIN HỌC ANH PHƯƠNG A.P.C.O.M,CÔNG TY TNHH MỘT THÀNH VIÊN HUY VŨ
2085,muavao,1,1759259.00,2024-07-28 17:00:00,CHI NHÁNH CÔNG TY TNHH CÔNG NGHỆ VÀ THƯƠNG MẠI Á MỸ,CÔNG TY TNHH MỘT THÀNH VIÊN HUY VŨ
2084,muavao,1,2472727.00,2024-07-28 17:00:00,CHI NHÁNH CÔNG TY TNHH CÔNG NGHỆ VÀ THƯƠNG MẠI Á MỸ,CÔNG TY TNHH MỘT THÀNH VIÊN HUY VŨ
42851142,muavao,1,11404110.00,2024-07-25 17:00:00,NGÂN HÀNG TMCP Á CHÂU,CTY TNHH MTV HUY VU
873,muavao,1,6433333.00,2024-07-25 17:00:00,CÔNG TY TNHH THƯƠNG MẠI VÀ PHÁT TRIỂN CÔNG NGHỆ ĐỨC PHÁP,CÔNG TY TNHH MỘT THÀNH VIÊN HUY VŨ
108037,muavao,1,44499998.00,2024-07-24 17:00:00,Công ty TNHH Phân phối Synnex FPT,Công ty TNHH MTV Huy Vũ
62526,muavao,1,39000000.00,2024-07-24 17:00:00,CÔNG TY CỔ PHẦN DỊCH VỤ PHÂN PHỐI TỔNG HỢP DẦU KHÍ,Công ty TNHH  Một Thành Viên Huy Vũ
62517,muavao,1,37636364.00,2024-07-24 17:00:00,CÔNG TY CỔ PHẦN DỊCH VỤ PHÂN PHỐI TỔNG HỢP DẦU KHÍ,Công ty TNHH  Một Thành Viên Huy Vũ
6407,muavao,1,6136364.00,2024-07-23 17:00:00,CÔNG TY TNHH THƯƠNG MẠI DỊCH VỤ TIN HỌC ANH PHƯƠNG A.P.C.O.M,CÔNG TY TNHH MỘT THÀNH VIÊN HUY VŨ
99552,muavao,1,23000.00,2024-07-22 17:00:00,Ngân hàng TMCP Sài Gòn Thương Tín - Chi nhánh Gia Lai,CONG TY TNHH MTV HUY VU
99551,muavao,1,23000.00,2024-07-22 17:00:00,Ngân hàng TMCP Sài Gòn Thương Tín - Chi nhánh Gia Lai,CONG TY TNHH MTV HUY VU
217647,muavao,1,636364.00,2024-07-21 17:00:00,CÔNG TY TNHH MTV XĂNG DẦU BẮC TÂY NGUYÊN,CÔNG TY TNHH MỘT THÀNH VIÊN HUY VŨ
99244,muavao,1,23000.00,2024-07-21 17:00:00,Ngân hàng TMCP Sài Gòn Thương Tín - Chi nhánh Gia Lai,CONG TY TNHH MTV HUY VU
48,muavao,1,163636.00,2024-07-20 17:00:00,CÔNG TY TNHH MỘT THÀNH VIÊN T.K TECHNOLOGY GIA LAI,CÔNG TY TNHH MỘT THÀNH VIÊN HUY VŨ
150559,muavao,1,18681818.00,2024-07-18 17:00:00,Chi nhánh Công ty TNHH phân phối Synnex FPT,Công ty TNHH MTV Huy Vũ
98171,muavao,1,23000.00,2024-07-18 17:00:00,Ngân hàng TMCP Sài Gòn Thương Tín - Chi nhánh Gia Lai,CONG TY TNHH MTV HUY VU
66,muavao,1,4363636.00,2024-07-18 17:00:00,CÔNG TY TNHH FINTECS,CÔNG TY TNHH MỘT THÀNH VIÊN HUY VŨ
103901,muavao,1,18681818.00,2024-07-17 17:00:00,Công ty TNHH Phân phối Synnex FPT,Công ty TNHH MTV Huy Vũ
103656,muavao,1,22636365.00,2024-07-17 17:00:00,Công ty TNHH Phân phối Synnex FPT,Công ty TNHH MTV Huy Vũ
2370,muavao,1,4200000.00,2024-07-17 17:00:00,CÔNG TY TNHH GIẢI PHÁP FINGERTAS,CÔNG TY TNHH MỘT THÀNH VIÊN HUY VŨ
1985,muavao,1,1972727.00,2024-07-16 17:00:00,CHI NHÁNH CÔNG TY TNHH CÔNG NGHỆ VÀ THƯƠNG MẠI Á MỸ,CÔNG TY TNHH MỘT THÀNH VIÊN HUY VŨ
3988,muavao,1,13519091.00,2024-07-15 17:00:00,CÔNG TY TNHH CÔNG NGHỆ DSS ĐÀ NẴNG,CÔNG TY TNHH MỘT THÀNH VIÊN HUY VŨ
216,muavao,1,8090909.00,2024-07-15 17:00:00,CÔNG TY TNHH ĐIỆN TỬ TIN HỌC KIM PHÁT,Công Ty Trách Nhiệm Hữu Hạn một thành viên Huy Vũ
94139,muavao,1,23000.00,2024-07-14 17:00:00,Ngân hàng TMCP Sài Gòn Thương Tín - Chi nhánh Gia Lai,CONG TY TNHH MTV HUY VU
543,muavao,1,8100000.00,2024-07-14 17:00:00,CÔNG TY CỔ PHẦN ĐẦU TƯ & THƯƠNG MẠI ĐẠI PHÁT,CÔNG TY TNHH MỘT THÀNH VIÊN HUY VŨ
84,muavao,1,2727273.00,2024-07-14 17:00:00,CÔNG TY TNHH MỘT THÀNH VIÊN TM DV XNK PHẠM GIA KHANG,CÔNG TY TNHH MỘT THÀNH VIÊN HUY VŨ
40254976,muavao,1,13636.00,2024-07-12 17:00:00,NGÂN HÀNG TMCP Á CHÂU,CTY TNHH MTV HUY VU
39643127,muavao,1,13636.00,2024-07-12 17:00:00,NGÂN HÀNG TMCP Á CHÂU,CTY TNHH MTV HUY VU
39576921,muavao,1,13636.00,2024-07-12 17:00:00,NGÂN HÀNG TMCP Á CHÂU,CTY TNHH MTV HUY VU
39263966,muavao,1,1006027.00,2024-07-11 17:00:00,NGÂN HÀNG TMCP Á CHÂU,CTY TNHH MTV HUY VU
39261318,muavao,1,111781.00,2024-07-11 17:00:00,NGÂN HÀNG TMCP Á CHÂU,CTY TNHH MTV HUY VU
39171874,muavao,1,363636.00,2024-07-11 17:00:00,NGÂN HÀNG TMCP Á CHÂU,CTY TNHH MTV HUY VU
93944,muavao,1,23000.00,2024-07-11 17:00:00,Ngân hàng TMCP Sài Gòn Thương Tín - Chi nhánh Gia Lai,CONG TY TNHH MTV HUY VU
57383,muavao,1,45090909.00,2024-07-11 17:00:00,CÔNG TY CỔ PHẦN DỊCH VỤ PHÂN PHỐI TỔNG HỢP DẦU KHÍ,Công ty TNHH  Một Thành Viên Huy Vũ
8703,muavao,1,8070000.00,2024-07-11 17:00:00,CÔNG TY CỔ PHẦN GIẢI PHÁP TIN HỌC ÁNH DƯƠNG,CÔNG TY TNHH MỘT THÀNH VIÊN HUY VŨ
1940,muavao,1,4745455.00,2024-07-11 17:00:00,CHI NHÁNH CÔNG TY TNHH CÔNG NGHỆ VÀ THƯƠNG MẠI Á MỸ,CÔNG TY TNHH MỘT THÀNH VIÊN HUY VŨ
1046,muavao,1,8090909.00,2024-07-11 17:00:00,CÔNG TY TNHH XUẤT NHẬP KHẨU LÊ TRẦN GIA,CÔNG TY TNHH MỘT THÀNH VIÊN HUY VŨ
579,muavao,1,3850000.00,2024-07-11 17:00:00,CÔNG TY CỔ PHẦN PHÂN PHỐI ĐIỆN TỬ JVS,CÔNG TY TNHH MỘT THÀNH VIÊN HUY VŨ
8289798,muavao,1,4545.00,2025-02-20 17:00:00,NGÂN HÀNG TMCP Á CHÂU,CTY TNHH MTV HUY VU
2589,muavao,1,809676.00,2024-07-10 17:00:00,CÔNG TY CỔ PHẦN THƯƠNG MẠI - DỊCH VỤ SAO NAM AN,Công Ty TNHH Một Thành Viên Huy Vũ
38953555,muavao,1,572055.00,2024-07-09 17:00:00,NGÂN HÀNG TMCP Á CHÂU,CTY TNHH MTV HUY VU
38953552,muavao,1,8136986.00,2024-07-09 17:00:00,NGÂN HÀNG TMCP Á CHÂU,CTY TNHH MTV HUY VU
38953519,muavao,1,14222466.00,2024-07-09 17:00:00,NGÂN HÀNG TMCP Á CHÂU,CTY TNHH MTV HUY VU
38953514,muavao,1,8504110.00,2024-07-09 17:00:00,NGÂN HÀNG TMCP Á CHÂU,CTY TNHH MTV HUY VU
38923302,muavao,1,10494246.00,2024-07-09 17:00:00,NGÂN HÀNG TMCP Á CHÂU,CTY TNHH MTV HUY VU
56268,muavao,1,6690909.00,2024-07-09 17:00:00,CÔNG TY CỔ PHẦN DỊCH VỤ PHÂN PHỐI TỔNG HỢP DẦU KHÍ,Công ty TNHH  Một Thành Viên Huy Vũ
214,muavao,1,3132727.00,2024-07-09 17:00:00,CÔNG TY TNHH ĐIỆN TỬ TIN HỌC KIM PHÁT,Công Ty Trách Nhiệm Hữu Hạn một thành viên Huy Vũ
38773625,muavao,1,363636.00,2024-07-08 17:00:00,NGÂN HÀNG TMCP Á CHÂU,CTY TNHH MTV HUY VU
4273,muavao,1,20000.00,2024-07-08 17:00:00,Ngân hàng TMCP Sài Gòn Thương Tín - Chi nhánh Gia Lai,CONG TY TNHH MTV HUY VU
23,muavao,1,818181.00,2024-07-08 17:00:00,CÔNG TY TNHH DỊCH VỤ MÁY VĂN PHÒNG MINH PHỤNG,CÔNG TY TNHH MỘT THÀNH VIÊN HUY VŨ
321622,muavao,1,10909091.00,2024-07-07 17:00:00,CÔNG TY CỔ PHẦN THẾ GIỚI SỐ,CÔNG TY TNHH MTV HUY VŨ
91421,muavao,1,23000.00,2024-07-07 17:00:00,Ngân hàng TMCP Sài Gòn Thương Tín - Chi nhánh Gia Lai,CONG TY TNHH MTV HUY VU
52146,muavao,1,3136364.00,2024-07-07 17:00:00,CÔNG TY TNHH MỘT THÀNH VIÊN CÔNG NGHỆ TIN HỌC VIỄN SƠN,CÔNG TY TNHH MỘT THÀNH VIÊN HUY VŨ
51929,muavao,1,36000000.00,2024-07-07 17:00:00,CÔNG TY TNHH MỘT THÀNH VIÊN CÔNG NGHỆ TIN HỌC VIỄN SƠN,CÔNG TY TNHH MỘT THÀNH VIÊN HUY VŨ
2569,muavao,1,14590000.00,2024-07-07 17:00:00,CÔNG TY TNHH ĐẦU TƯ CÔNG NGHỆ ÂM THANH TRIỆU GIA,CÔNG TY TNHH MỘT THÀNH VIÊN HUY VŨ
1997,muavao,1,2227273.00,2024-07-07 17:00:00,CÔNG TY TNHH VIỄN THÔNG HOÀN PHÁT,CÔNG TY TNHH MỘT THÀNH VIÊN HUY VŨ
130,muavao,1,731818.00,2024-07-07 17:00:00,CÔNG TY TNHH THƯƠNG MẠI & DỊCH VỤ ĐẠI SƠN,CÔNG TY TNHH MỘT THÀNH VIÊN HUY VŨ
120681,muavao,1,23000.00,2024-08-29 17:00:00,Ngân hàng TMCP Sài Gòn Thương Tín - Chi nhánh Gia Lai,CONG TY TNHH MTV HUY VU
995,muavao,1,8090909.00,2024-07-05 17:00:00,CÔNG TY TNHH XUẤT NHẬP KHẨU LÊ TRẦN GIA,CÔNG TY TNHH MỘT THÀNH VIÊN HUY VŨ
541056,muavao,1,233636.00,2024-07-04 17:00:00,CÔNG TY DỊCH VỤ MOBIFONE KHU VỰC 7 - CHI NHÁNH TỔNG CÔNG TY VIỄN THÔNG MOBIFONE,Công ty TNHH MTV Huy Vũ
319465,muavao,1,480000004.00,2024-07-04 17:00:00,CÔNG TY CỔ PHẦN THẾ GIỚI SỐ,CÔNG TY TNHH MTV HUY VŨ
319464,muavao,1,10636364.00,2024-07-04 17:00:00,CÔNG TY CỔ PHẦN THẾ GIỚI SỐ,CÔNG TY TNHH MTV HUY VŨ
90592,muavao,1,23000.00,2024-07-04 17:00:00,Ngân hàng TMCP Sài Gòn Thương Tín - Chi nhánh Gia Lai,CONG TY TNHH MTV HUY VU
4376,muavao,1,11000000.00,2024-07-04 17:00:00,CÔNG TY TNHH PHÂN PHỐI PHƯƠNG VIỆT,CÔNG TY TNHH MỘT THÀNH VIÊN HUY VŨ
3858,muavao,1,5528183.00,2024-07-04 17:00:00,CÔNG TY TNHH CÔNG NGHỆ DSS ĐÀ NẴNG,CÔNG TY TNHH MỘT THÀNH VIÊN HUY VŨ
1096,muavao,1,1774500.00,2024-07-04 17:00:00,CÔNG TY TRÁCH NHIỆM HỮU HẠN MỘT THÀNH VIÊN THIÊN THANH G.A,CÔNG TY TNHH MỘT THÀNH VIÊN HUY VŨ
660,muavao,1,85827273.00,2024-07-04 17:00:00,CHI NHÁNH CÔNG TY CỔ PHẦN ĐẦU TƯ VÀ PHÁT TRIỂN CÔNG NGHỆ QUỐC GIA ADG TẠI ĐÀ NẴNG,Công Ty TNHH Một Thành Viên Huy Vũ
51318,muavao,1,5818182.00,2024-07-03 17:00:00,CÔNG TY TNHH MỘT THÀNH VIÊN CÔNG NGHỆ TIN HỌC VIỄN SƠN,CÔNG TY TNHH MỘT THÀNH VIÊN HUY VŨ
4329,muavao,1,16600000.00,2024-07-03 17:00:00,CÔNG TY TNHH PHÂN PHỐI PHƯƠNG VIỆT,CÔNG TY TNHH MỘT THÀNH VIÊN HUY VŨ
3837,muavao,1,8137272.00,2024-07-03 17:00:00,CÔNG TY TNHH CÔNG NGHỆ DSS ĐÀ NẴNG,CÔNG TY TNHH MỘT THÀNH VIÊN HUY VŨ
89359,muavao,1,23000.00,2024-07-02 17:00:00,Ngân hàng TMCP Sài Gòn Thương Tín - Chi nhánh Gia Lai,CONG TY TNHH MTV HUY VU
4420,muavao,1,6000000.00,2024-07-02 17:00:00,Công ty TNHH Tin Học Kim Thiên Bảo,CÔNG TY TNHH MỘT THÀNH VIÊN HUY VŨ
11202242,muavao,1,350000.00,2024-07-01 17:00:00,Tập đoàn Công nghiệp - Viễn thông Quân đội,Công Ty Tnhh Huy Vũ
89010,muavao,1,40000.00,2024-07-01 17:00:00,Ngân hàng TMCP Sài Gòn Thương Tín - Chi nhánh Gia Lai,CONG TY TNHH MTV HUY VU
51094,muavao,1,43909091.00,2024-07-01 17:00:00,CÔNG TY TNHH MỘT THÀNH VIÊN CÔNG NGHỆ TIN HỌC VIỄN SƠN,CÔNG TY TNHH MỘT THÀNH VIÊN HUY VŨ
51085,muavao,1,10154545.00,2024-07-01 17:00:00,CÔNG TY TNHH MỘT THÀNH VIÊN CÔNG NGHỆ TIN HỌC VIỄN SƠN,CÔNG TY TNHH MỘT THÀNH VIÊN HUY VŨ
1171,muavao,1,12781817.00,2024-07-01 17:00:00,CÔNG TY CỔ PHẦN RIOTECH,CÔNG TY TNHH MỘT THÀNH VIÊN HUY VŨ
474714,muavao,1,511210.00,2024-06-30 17:00:00,TRUNG TÂM KINH DOANH VNPT - GIA LAI - CHI NHÁNH TỔNG CÔNG TY DỊCH VỤ VIỄN THÔNG,Công Ty TNHH MTV Huy Vũ
474624,muavao,1,197007.00,2024-06-30 17:00:00,TRUNG TÂM KINH DOANH VNPT - GIA LAI - CHI NHÁNH TỔNG CÔNG TY DỊCH VỤ VIỄN THÔNG,Công Ty TNHH MTV Huy Vũ
474623,muavao,1,463959.00,2024-06-30 17:00:00,TRUNG TÂM KINH DOANH VNPT - GIA LAI - CHI NHÁNH TỔNG CÔNG TY DỊCH VỤ VIỄN THÔNG,Công Ty TNHH MTV Huy Vũ
440500,muavao,1,249636.00,2024-06-30 17:00:00,TRUNG TÂM KINH DOANH VNPT - GIA LAI - CHI NHÁNH TỔNG CÔNG TY DỊCH VỤ VIỄN THÔNG,Công Ty TNHH MTV Huy Vũ
413066,muavao,1,274000.00,2024-06-30 17:00:00,TRUNG TÂM KINH DOANH VNPT - GIA LAI - CHI NHÁNH TỔNG CÔNG TY DỊCH VỤ VIỄN THÔNG,Công Ty TNHH MTV Huy Vũ
413027,muavao,1,20000.00,2024-06-30 17:00:00,TRUNG TÂM KINH DOANH VNPT - GIA LAI - CHI NHÁNH TỔNG CÔNG TY DỊCH VỤ VIỄN THÔNG,Công Ty TNHH MTV Huy Vũ
412982,muavao,1,24545.00,2024-06-30 17:00:00,TRUNG TÂM KINH DOANH VNPT - GIA LAI - CHI NHÁNH TỔNG CÔNG TY DỊCH VỤ VIỄN THÔNG,Công Ty  TNHH MTV Huy Vũ
412981,muavao,1,20800.00,2024-06-30 17:00:00,TRUNG TÂM KINH DOANH VNPT - GIA LAI - CHI NHÁNH TỔNG CÔNG TY DỊCH VỤ VIỄN THÔNG,Công Ty TNHH MTV  Huy Vũ
412812,muavao,1,233636.00,2024-06-30 17:00:00,TRUNG TÂM KINH DOANH VNPT - GIA LAI - CHI NHÁNH TỔNG CÔNG TY DỊCH VỤ VIỄN THÔNG,Cửa Hàng Máy Tình Trường Sơn
88566,muavao,1,23000.00,2024-06-30 17:00:00,Ngân hàng TMCP Sài Gòn Thương Tín - Chi nhánh Gia Lai,CONG TY TNHH MTV HUY VU
88565,muavao,1,23000.00,2024-06-30 17:00:00,Ngân hàng TMCP Sài Gòn Thương Tín - Chi nhánh Gia Lai,CONG TY TNHH MTV HUY VU
20027,muavao,1,42354545.00,2024-06-30 17:00:00,CÔNG TY CỔ PHẦN MÁY TÍNH VĨNH XUÂN - CHI NHÁNH THÀNH PHỐ HỒ CHÍ MINH,CÔNG TY TNHH MỘT THÀNH VIÊN HUY VŨ
5701,muavao,1,7890909.00,2024-06-30 17:00:00,CÔNG TY TNHH THƯƠNG MẠI DỊCH VỤ TIN HỌC ANH PHƯƠNG A.P.C.O.M,CÔNG TY TNHH MỘT THÀNH VIÊN HUY VŨ
2574,muavao,1,3850909.00,2024-06-30 17:00:00,CÔNG TY CỔ PHẦN MÁY TÍNH VĨNH XUÂN - CHI NHÁNH ĐÀ NẴNG,CÔNG TY TNHH MỘT THÀNH VIÊN HUY VŨ
19,muavao,1,4000000.00,2024-06-30 17:00:00,CÔNG TY TNHH DỊCH VỤ MÁY VĂN PHÒNG MINH PHỤNG,CÔNG TY TNHH MỘT THÀNH VIÊN HUY VŨ
32720,muavao,1,174025.00,2024-08-30 17:00:00,NGAN HANG TMCP PHAT TRIEN THANH PHO HO CHI MINH,CONG TY TNHH MOT THANH VIEN HUY VU
22318,muavao,1,56000.00,2024-08-30 17:00:00,Ngân hàng Thương mại Cổ phần Đầu tư và Phát triển Việt Nam - Chi nhánh Gia Lai,CONG TY TNHH MTV HUY VU
75025,muavao,1,35636364.00,2024-08-29 17:00:00,CÔNG TY TNHH MỘT THÀNH VIÊN CÔNG NGHỆ TIN HỌC VIỄN SƠN,CÔNG TY TNHH MỘT THÀNH VIÊN HUY VŨ
39030,muavao,1,289636.00,2024-08-29 17:00:00,CÔNG TY CỔ PHẦN CÔNG NGHỆ VI MÔ,CÔNG TY TNHH MỘT THÀNH VIÊN HUY VŨ
4980,muavao,1,4618185.00,2024-08-29 17:00:00,CÔNG TY TNHH CÔNG NGHỆ DSS ĐÀ NẴNG,CÔNG TY TNHH MỘT THÀNH VIÊN HUY VŨ
2921,muavao,1,4000000.00,2024-08-29 17:00:00,CÔNG TY TNHH GIẢI PHÁP FINGERTAS,CÔNG TY TNHH MỘT THÀNH VIÊN HUY VŨ
262,muavao,1,7409091.00,2024-08-29 17:00:00,CÔNG TY TNHH ĐIỆN TỬ TIN HỌC KIM PHÁT,Công Ty Trách Nhiệm Hữu Hạn một thành viên Huy Vũ
81239,muavao,1,89272728.00,2024-08-28 17:00:00,CÔNG TY CỔ PHẦN DỊCH VỤ PHÂN PHỐI TỔNG HỢP DẦU KHÍ,Công ty TNHH  Một Thành Viên Huy Vũ
25688,muavao,1,19627273.00,2024-08-28 17:00:00,CÔNG TY CỔ PHẦN MÁY TÍNH VĨNH XUÂN,CÔNG TY TNHH MỘT THÀNH VIÊN HUY VŨ
25663,muavao,1,22900000.00,2024-08-28 17:00:00,CÔNG TY CỔ PHẦN MÁY TÍNH VĨNH XUÂN,CÔNG TY TNHH MỘT THÀNH VIÊN HUY VŨ
119817,muavao,1,23000.00,2024-08-27 17:00:00,Ngân hàng TMCP Sài Gòn Thương Tín - Chi nhánh Gia Lai,CONG TY TNHH MTV HUY VU
119816,muavao,1,23000.00,2024-08-27 17:00:00,Ngân hàng TMCP Sài Gòn Thương Tín - Chi nhánh Gia Lai,CONG TY TNHH MTV HUY VU
119641,muavao,1,225000.00,2024-08-27 17:00:00,Ngân hàng TMCP Sài Gòn Thương Tín - Chi nhánh Gia Lai,CONG TY TNHH MTV HUY VU
5392,muavao,1,20000.00,2024-08-27 17:00:00,Ngân hàng TMCP Sài Gòn Thương Tín - Chi nhánh Gia Lai,CONG TY TNHH MTV HUY VU
118410,muavao,1,23000.00,2024-08-26 17:00:00,Ngân hàng TMCP Sài Gòn Thương Tín - Chi nhánh Gia Lai,CONG TY TNHH MTV HUY VU
28862,muavao,1,509091.00,2024-08-26 17:00:00,CÔNG TY CỔ PHẦN MÁY TÍNH VĨNH XUÂN - CHI NHÁNH THÀNH PHỐ HỒ CHÍ MINH,CÔNG TY TNHH MỘT THÀNH VIÊN HUY VŨ
25007,muavao,1,26909091.00,2024-08-26 17:00:00,CÔNG TY CỔ PHẦN MÁY TÍNH VĨNH XUÂN,CÔNG TY TNHH MỘT THÀNH VIÊN HUY VŨ
4606,muavao,1,17090909.00,2024-08-26 17:00:00,CÔNG TY TNHH THẢO NHIÊN,CÔNG TY TNHH MỘT THÀNH VIÊN HUY VŨ
485679,muavao,1,20000.00,2024-07-31 17:00:00,TRUNG TÂM KINH DOANH VNPT - GIA LAI - CHI NHÁNH TỔNG CÔNG TY DỊCH VỤ VIỄN THÔNG,Công Ty TNHH MTV Huy Vũ
3574,muavao,1,9553635.00,2024-08-26 17:00:00,CÔNG TY CỔ PHẦN MÁY TÍNH VĨNH XUÂN - CHI NHÁNH ĐÀ NẴNG,CÔNG TY TNHH MỘT THÀNH VIÊN HUY VŨ
82,muavao,1,4363636.00,2024-08-26 17:00:00,CÔNG TY TNHH FINTECS,CÔNG TY TNHH MỘT THÀNH VIÊN HUY VŨ
117549,muavao,1,23000.00,2024-08-25 17:00:00,Ngân hàng TMCP Sài Gòn Thương Tín - Chi nhánh Gia Lai,CONG TY TNHH MTV HUY VU
117546,muavao,1,23000.00,2024-08-25 17:00:00,Ngân hàng TMCP Sài Gòn Thương Tín - Chi nhánh Gia Lai,CONG TY TNHH MTV HUY VU
117545,muavao,1,40000.00,2024-08-25 17:00:00,Ngân hàng TMCP Sài Gòn Thương Tín - Chi nhánh Gia Lai,CONG TY TNHH MTV HUY VU
14904,muavao,1,17909091.00,2024-08-25 17:00:00,CÔNG TY TNHH CÔNG NGHỆ TIN HỌC PHI LONG,Công Ty TNHH MTV Huy Vũ
4848,muavao,1,11740911.00,2024-08-23 17:00:00,CÔNG TY TNHH CÔNG NGHỆ DSS ĐÀ NẴNG,CÔNG TY TNHH MỘT THÀNH VIÊN HUY VŨ
116039,muavao,1,60000.00,2024-08-22 17:00:00,Ngân hàng TMCP Sài Gòn Thương Tín - Chi nhánh Gia Lai,CONG TY TNHH MTV HUY VU
115883,muavao,1,23000.00,2024-08-22 17:00:00,Ngân hàng TMCP Sài Gòn Thương Tín - Chi nhánh Gia Lai,CONG TY TNHH MTV HUY VU
115882,muavao,1,23000.00,2024-08-22 17:00:00,Ngân hàng TMCP Sài Gòn Thương Tín - Chi nhánh Gia Lai,CONG TY TNHH MTV HUY VU
115861,muavao,1,23000.00,2024-08-22 17:00:00,Ngân hàng TMCP Sài Gòn Thương Tín - Chi nhánh Gia Lai,CONG TY TNHH MTV HUY VU
77731,muavao,5,81872727.00,2024-08-22 17:00:00,CÔNG TY CỔ PHẦN DỊCH VỤ PHÂN PHỐI TỔNG HỢP DẦU KHÍ,Công ty TNHH  Một Thành Viên Huy Vũ
1618,muavao,1,3545454.00,2024-08-22 17:00:00,CÔNG TY CỔ PHẦN RIOTECH,CÔNG TY TNHH MỘT THÀNH VIÊN HUY VŨ
417766,muavao,1,47363637.00,2024-08-21 17:00:00,CÔNG TY CỔ PHẦN THẾ GIỚI SỐ,CÔNG TY TNHH MTV HUY VŨ
115267,muavao,1,23000.00,2024-08-21 17:00:00,Ngân hàng TMCP Sài Gòn Thương Tín - Chi nhánh Gia Lai,CONG TY TNHH MTV HUY VU
115261,muavao,1,23000.00,2024-08-21 17:00:00,Ngân hàng TMCP Sài Gòn Thương Tín - Chi nhánh Gia Lai,CONG TY TNHH MTV HUY VU
845,muavao,1,12182727.00,2024-08-21 17:00:00,CHI NHÁNH CÔNG TY CỔ PHẦN ĐẦU TƯ VÀ PHÁT TRIỂN CÔNG NGHỆ QUỐC GIA ADG TẠI ĐÀ NẴNG,Công Ty TNHH Một Thành Viên Huy Vũ
115106,muavao,1,23000.00,2024-08-20 17:00:00,Ngân hàng TMCP Sài Gòn Thương Tín - Chi nhánh Gia Lai,CONG TY TNHH MTV HUY VU
485635,muavao,1,24545.00,2024-07-31 17:00:00,TRUNG TÂM KINH DOANH VNPT - GIA LAI - CHI NHÁNH TỔNG CÔNG TY DỊCH VỤ VIỄN THÔNG,Công Ty  TNHH MTV Huy Vũ
7401,muavao,1,6181818.00,2024-08-20 17:00:00,CÔNG TY TNHH THƯƠNG MẠI DỊCH VỤ TIN HỌC ANH PHƯƠNG A.P.C.O.M,CÔNG TY TNHH MỘT THÀNH VIÊN HUY VŨ
841,muavao,1,69090909.00,2024-08-20 17:00:00,CHI NHÁNH CÔNG TY CỔ PHẦN ĐẦU TƯ VÀ PHÁT TRIỂN CÔNG NGHỆ QUỐC GIA ADG TẠI ĐÀ NẴNG,Công Ty TNHH Một Thành Viên Huy Vũ
114166,muavao,1,23000.00,2024-08-19 17:00:00,Ngân hàng TMCP Sài Gòn Thương Tín - Chi nhánh Gia Lai,CONG TY TNHH MTV HUY VU
75786,muavao,1,61363636.00,2024-08-19 17:00:00,CÔNG TY CỔ PHẦN DỊCH VỤ PHÂN PHỐI TỔNG HỢP DẦU KHÍ,Công ty TNHH  Một Thành Viên Huy Vũ
69657,muavao,1,69277418.00,2024-08-19 17:00:00,CÔNG TY TNHH MỘT THÀNH VIÊN CÔNG NGHỆ TIN HỌC VIỄN SƠN,CÔNG TY TNHH MỘT THÀNH VIÊN HUY VŨ
69643,muavao,1,35636364.00,2024-08-19 17:00:00,CÔNG TY TNHH MỘT THÀNH VIÊN CÔNG NGHỆ TIN HỌC VIỄN SƠN,CÔNG TY TNHH MỘT THÀNH VIÊN HUY VŨ
69616,muavao,1,1545455.00,2024-08-19 17:00:00,CÔNG TY TNHH MỘT THÀNH VIÊN CÔNG NGHỆ TIN HỌC VIỄN SƠN,CÔNG TY TNHH MỘT THÀNH VIÊN HUY VŨ
5763,muavao,1,5454545.00,2024-08-19 17:00:00,Công ty TNHH Tin Học Kim Thiên Bảo,CÔNG TY TNHH MỘT THÀNH VIÊN HUY VŨ
252,muavao,1,11709092.00,2024-08-19 17:00:00,CÔNG TY TNHH ĐIỆN TỬ TIN HỌC KIM PHÁT,Công Ty Trách Nhiệm Hữu Hạn một thành viên Huy Vũ
112962,muavao,1,23000.00,2024-08-18 17:00:00,Ngân hàng TMCP Sài Gòn Thương Tín - Chi nhánh Gia Lai,CONG TY TNHH MTV HUY VU
75573,muavao,1,90000000.00,2024-08-18 17:00:00,CÔNG TY CỔ PHẦN DỊCH VỤ PHÂN PHỐI TỔNG HỢP DẦU KHÍ,Công ty TNHH  Một Thành Viên Huy Vũ
8484,muavao,1,7181821.00,2024-08-18 17:00:00,Công Ty TNHH Công Nghệ Thông Tin An Phát,CÔNG TY TNHH MỘT THÀNH VIÊN HUY VŨ
7293,muavao,1,5545455.00,2024-08-18 17:00:00,CÔNG TY TNHH THƯƠNG MẠI DỊCH VỤ TIN HỌC ANH PHƯƠNG A.P.C.O.M,CÔNG TY TNHH MỘT THÀNH VIÊN HUY VŨ
5323,muavao,1,2590910.00,2024-08-18 17:00:00,CÔNG TY TNHH THƯƠNG MẠI DỊCH VỤ QUỐC VIỆT,Công Ty TNHH Một Thành Viên Huy Vũ
5166,muavao,1,15000.00,2024-08-18 17:00:00,Ngân hàng TMCP Sài Gòn Thương Tín - Chi nhánh Gia Lai,CONG TY TNHH MTV HUY VU
3134,muavao,1,37218022.00,2024-08-18 17:00:00,CÔNG TY CỔ PHẦN THƯƠNG MẠI - DỊCH VỤ SAO NAM AN,Công Ty TNHH Một Thành Viên Huy Vũ
2976,muavao,1,6980000.00,2024-08-16 17:00:00,CÔNG TY TNHH ĐẦU TƯ CÔNG NGHỆ ÂM THANH TRIỆU GIA,CÔNG TY TNHH MỘT THÀNH VIÊN HUY VŨ
1548,muavao,1,12454546.00,2024-08-16 17:00:00,CÔNG TY CỔ PHẦN RIOTECH,CÔNG TY TNHH MỘT THÀNH VIÊN HUY VŨ
1082,muavao,1,13362727.00,2024-08-16 17:00:00,CÔNG TY TNHH XÂY DỰNG THƯƠNG MẠI VÀ TƯ VẤN TRÍ VIỄN,CÔNG TY TNHH MỘT THÀNH VIÊN HUY VŨ
249,muavao,1,7650000.00,2024-08-16 17:00:00,CÔNG TY TNHH ĐIỆN TỬ TIN HỌC KIM PHÁT,Công Ty Trách Nhiệm Hữu Hạn một thành viên Huy Vũ
77,muavao,1,4363636.00,2024-08-16 17:00:00,CÔNG TY TNHH FINTECS,CÔNG TY TNHH MỘT THÀNH VIÊN HUY VŨ
112517,muavao,1,23000.00,2024-08-15 17:00:00,Ngân hàng TMCP Sài Gòn Thương Tín - Chi nhánh Gia Lai,CONG TY TNHH MTV HUY VU
6803,muavao,1,12210000.00,2024-08-15 17:00:00,CHI NHÁNH CÔNG TY CỔ PHẦN KỸ THUẬT CÔNG NGHỆ NAM THÀNH,Công ty TNHH  Một Thành Viên Huy Vũ
5120,muavao,1,50000.00,2024-08-15 17:00:00,Ngân hàng TMCP Sài Gòn Thương Tín - Chi nhánh Gia Lai,CONG TY TNHH MTV HUY VU
1260,muavao,1,8090909.00,2024-08-15 17:00:00,CÔNG TY TNHH XUẤT NHẬP KHẨU LÊ TRẦN GIA,CÔNG TY TNHH MỘT THÀNH VIÊN HUY VŨ
1122,muavao,1,1547224.00,2024-08-15 17:00:00,Công Ty TNHH Công Nghệ Và Thương Mại Mai Khanh,Công Ty TNHH Một Thành Viên Huy Vũ
67894,muavao,1,81637273.00,2024-08-14 17:00:00,CÔNG TY TNHH MỘT THÀNH VIÊN CÔNG NGHỆ TIN HỌC VIỄN SƠN,CÔNG TY TNHH MỘT THÀNH VIÊN HUY VŨ
67864,muavao,1,1746000.00,2024-08-14 17:00:00,CÔNG TY TNHH MỘT THÀNH VIÊN CÔNG NGHỆ TIN HỌC VIỄN SƠN,CÔNG TY TNHH MỘT THÀNH VIÊN HUY VŨ
9022,muavao,1,14363637.00,2024-08-14 17:00:00,CÔNG TY TNHH PHƯƠNG KHANG COMPUTER,CÔNG TY TNHH MỘT THÀNH VIÊN HUY VŨ
3731,muavao,1,2972727.00,2024-08-14 17:00:00,CÔNG TY CỔ PHẦN ĐẦU TƯ PHÁT TRIỂN CÔNG NGHỆ ROBO,CÔNG TY TNHH MỘT THÀNH VIÊN HUY VŨ
811,muavao,1,64863636.00,2024-08-14 17:00:00,CHI NHÁNH CÔNG TY CỔ PHẦN ĐẦU TƯ VÀ PHÁT TRIỂN CÔNG NGHỆ QUỐC GIA ADG TẠI ĐÀ NẴNG,Công Ty TNHH Một Thành Viên Huy Vũ
111538,muavao,1,30000.00,2024-08-13 17:00:00,Ngân hàng TMCP Sài Gòn Thương Tín - Chi nhánh Gia Lai,CONG TY TNHH MTV HUY VU
74149,muavao,1,89636364.00,2024-08-13 17:00:00,CÔNG TY CỔ PHẦN DỊCH VỤ PHÂN PHỐI TỔNG HỢP DẦU KHÍ,Công ty TNHH  Một Thành Viên Huy Vũ
5065,muavao,1,20000.00,2024-08-13 17:00:00,Ngân hàng TMCP Sài Gòn Thương Tín - Chi nhánh Gia Lai,CONG TY TNHH MTV HUY VU
467,muavao,1,4772727.00,2024-08-13 17:00:00,CÔNG TY TNHH MÁY TÍNH KIẾN HÒA,CÔNG TY TNHH MỘT THÀNH VIÊN HUY VŨ
5338,muavao,1,17920000.00,2024-08-12 17:00:00,CÔNG TY TNHH PHÂN PHỐI PHƯƠNG VIỆT,CÔNG TY TNHH MỘT THÀNH VIÊN HUY VŨ
797,muavao,1,954545.00,2024-08-12 17:00:00,CHI NHÁNH CÔNG TY CỔ PHẦN ĐẦU TƯ VÀ PHÁT TRIỂN CÔNG NGHỆ QUỐC GIA ADG TẠI ĐÀ NẴNG,Công Ty TNHH Một Thành Viên Huy Vũ
109679,muavao,1,23000.00,2024-08-11 17:00:00,Ngân hàng TMCP Sài Gòn Thương Tín - Chi nhánh Gia Lai,CONG TY TNHH MTV HUY VU
109678,muavao,1,23000.00,2024-08-11 17:00:00,Ngân hàng TMCP Sài Gòn Thương Tín - Chi nhánh Gia Lai,CONG TY TNHH MTV HUY VU
109674,muavao,1,23000.00,2024-08-11 17:00:00,Ngân hàng TMCP Sài Gòn Thương Tín - Chi nhánh Gia Lai,CONG TY TNHH MTV HUY VU
26183,muavao,1,2163636.00,2024-08-11 17:00:00,CÔNG TY CỔ PHẦN MÁY TÍNH VĨNH XUÂN - CHI NHÁNH THÀNH PHỐ HỒ CHÍ MINH,CÔNG TY TNHH MỘT THÀNH VIÊN HUY VŨ
5143,muavao,1,7194547.00,2024-08-11 17:00:00,CÔNG TY TNHH THƯƠNG MẠI DỊCH VỤ QUỐC VIỆT,Công Ty TNHH Một Thành Viên Huy Vũ
5030,muavao,1,20000.00,2024-08-11 17:00:00,Ngân hàng TMCP Sài Gòn Thương Tín - Chi nhánh Gia Lai,CONG TY TNHH MTV HUY VU
3279,muavao,1,1127273.00,2024-08-11 17:00:00,CÔNG TY CỔ PHẦN MÁY TÍNH VĨNH XUÂN - CHI NHÁNH ĐÀ NẴNG,CÔNG TY TNHH MỘT THÀNH VIÊN HUY VŨ
3278,muavao,1,28245455.00,2024-08-11 17:00:00,CÔNG TY CỔ PHẦN MÁY TÍNH VĨNH XUÂN - CHI NHÁNH ĐÀ NẴNG,CÔNG TY TNHH MỘT THÀNH VIÊN HUY VŨ
2907,muavao,1,4460000.00,2024-08-11 17:00:00,CÔNG TY TNHH ĐẦU TƯ CÔNG NGHỆ ÂM THANH TRIỆU GIA,CÔNG TY TNHH MỘT THÀNH VIÊN HUY VŨ
2256,muavao,1,4031818.00,2024-08-11 17:00:00,CHI NHÁNH CÔNG TY TNHH CÔNG NGHỆ VÀ THƯƠNG MẠI Á MỸ,CÔNG TY TNHH MỘT THÀNH VIÊN HUY VŨ
1212,muavao,1,8090909.00,2024-08-11 17:00:00,CÔNG TY TNHH XUẤT NHẬP KHẨU LÊ TRẦN GIA,CÔNG TY TNHH MỘT THÀNH VIÊN HUY VŨ
485634,muavao,1,22800.00,2024-07-31 17:00:00,TRUNG TÂM KINH DOANH VNPT - GIA LAI - CHI NHÁNH TỔNG CÔNG TY DỊCH VỤ VIỄN THÔNG,Công Ty TNHH MTV  Huy Vũ
245,muavao,1,3800909.00,2024-08-11 17:00:00,CÔNG TY TNHH ĐIỆN TỬ TIN HỌC KIM PHÁT,Công Ty Trách Nhiệm Hữu Hạn một thành viên Huy Vũ
86,muavao,1,3881818.00,2024-08-11 17:00:00,CÔNG TY TNHH MỘT THÀNH VIÊN TIN HỌC QUỐC PHƯƠNG,CÔNG TY TNHH MỘT THÀNH VIÊN HUY VŨ
45899276,muavao,1,18727.00,2024-08-09 17:00:00,NGÂN HÀNG TMCP Á CHÂU,CTY TNHH MTV HUY VU
45866360,muavao,1,8408219.00,2024-08-09 17:00:00,NGÂN HÀNG TMCP Á CHÂU,CTY TNHH MTV HUY VU
45789609,muavao,1,18727.00,2024-08-09 17:00:00,NGÂN HÀNG TMCP Á CHÂU,CTY TNHH MTV HUY VU
45649985,muavao,1,10169863.00,2024-08-09 17:00:00,NGÂN HÀNG TMCP Á CHÂU,CTY TNHH MTV HUY VU
45546997,muavao,1,18727.00,2024-08-09 17:00:00,NGÂN HÀNG TMCP Á CHÂU,CTY TNHH MTV HUY VU
45444261,muavao,1,9534247.00,2024-08-09 17:00:00,NGÂN HÀNG TMCP Á CHÂU,CTY TNHH MTV HUY VU
44741896,muavao,1,1400000.00,2024-08-08 17:00:00,NGÂN HÀNG TMCP Á CHÂU,CTY TNHH MTV HUY VU
109002,muavao,1,23000.00,2024-08-08 17:00:00,Ngân hàng TMCP Sài Gòn Thương Tín - Chi nhánh Gia Lai,CONG TY TNHH MTV HUY VU
8121,muavao,1,1000001.00,2024-08-08 17:00:00,Công Ty TNHH Công Nghệ Thông Tin An Phát,CÔNG TY TNHH MỘT THÀNH VIÊN HUY VŨ
377868,muavao,1,36000000.00,2024-08-07 17:00:00,CÔNG TY CỔ PHẦN THẾ GIỚI SỐ,CÔNG TY TNHH MTV HUY VŨ
108554,muavao,1,40000.00,2024-08-07 17:00:00,Ngân hàng TMCP Sài Gòn Thương Tín - Chi nhánh Gia Lai,CONG TY TNHH MTV HUY VU
108439,muavao,1,19000.00,2024-08-07 17:00:00,Ngân hàng TMCP Sài Gòn Thương Tín - Chi nhánh Gia Lai,CONG TY TNHH MTV HUY VU
71433,muavao,1,70818182.00,2024-08-07 17:00:00,CÔNG TY CỔ PHẦN DỊCH VỤ PHÂN PHỐI TỔNG HỢP DẦU KHÍ,Công ty TNHH  Một Thành Viên Huy Vũ
71412,muavao,1,53636364.00,2024-08-07 17:00:00,CÔNG TY CỔ PHẦN DỊCH VỤ PHÂN PHỐI TỔNG HỢP DẦU KHÍ,Công ty TNHH  Một Thành Viên Huy Vũ
6931,muavao,1,12309092.00,2024-08-07 17:00:00,CÔNG TY TNHH THƯƠNG MẠI DỊCH VỤ TIN HỌC ANH PHƯƠNG A.P.C.O.M,CÔNG TY TNHH MỘT THÀNH VIÊN HUY VŨ
1328,muavao,1,11363636.00,2024-08-07 17:00:00,CÔNG TY TNHH MỘT THÀNH VIÊN DỊCH VỤ THƯƠNG MẠI MẠNH TÀI,CÔNG TY TNHH MỘT THÀNH VIÊN HUY VŨ
777,muavao,1,12972727.00,2024-08-06 17:00:00,CHI NHÁNH CÔNG TY CỔ PHẦN ĐẦU TƯ VÀ PHÁT TRIỂN CÔNG NGHỆ QUỐC GIA ADG TẠI ĐÀ NẴNG,Công Ty TNHH Một Thành Viên Huy Vũ
240,muavao,1,3681818.00,2024-08-06 17:00:00,CÔNG TY TNHH ĐIỆN TỬ TIN HỌC KIM PHÁT,Công Ty Trách Nhiệm Hữu Hạn một thành viên Huy Vũ
636698,muavao,1,234545.00,2024-08-05 17:00:00,CÔNG TY DỊCH VỤ MOBIFONE KHU VỰC 7 - CHI NHÁNH TỔNG CÔNG TY VIỄN THÔNG MOBIFONE,Công ty TNHH MTV Huy Vũ
106320,muavao,1,23000.00,2024-08-05 17:00:00,Ngân hàng TMCP Sài Gòn Thương Tín - Chi nhánh Gia Lai,CONG TY TNHH MTV HUY VU
63695,muavao,1,83454545.00,2024-08-05 17:00:00,CÔNG TY TNHH MỘT THÀNH VIÊN CÔNG NGHỆ TIN HỌC VIỄN SƠN,CÔNG TY TNHH MỘT THÀNH VIÊN HUY VŨ
6857,muavao,1,8000000.00,2024-08-05 17:00:00,CÔNG TY TNHH THƯƠNG MẠI DỊCH VỤ TIN HỌC ANH PHƯƠNG A.P.C.O.M,CÔNG TY TNHH MỘT THÀNH VIÊN HUY VŨ
6163,muavao,1,2222222.00,2024-08-05 17:00:00,CÔNG TY CỔ PHẦN THIẾT BỊ VĂN PHÒNG NGUYỄN ĐỨC,CÔNG TY TNHH MTV HUY VŨ
4911,muavao,1,15000.00,2024-08-05 17:00:00,Ngân hàng TMCP Sài Gòn Thương Tín - Chi nhánh Gia Lai,CONG TY TNHH MTV HUY VU
1179,muavao,1,8090909.00,2024-08-05 17:00:00,CÔNG TY TNHH XUẤT NHẬP KHẨU LÊ TRẦN GIA,CÔNG TY TNHH MỘT THÀNH VIÊN HUY VŨ
105981,muavao,1,40000.00,2024-08-04 17:00:00,Ngân hàng TMCP Sài Gòn Thương Tín - Chi nhánh Gia Lai,CONG TY TNHH MTV HUY VU
73977,muavao,1,1607272.00,2024-08-04 17:00:00,CÔNG TY TNHH TP-LINK TECHNOLOGIES VIỆT NAM,CÔNG TY TNHH MỘT THÀNH VIÊN HUY VŨ
21520,muavao,1,4141818.00,2024-08-04 17:00:00,CÔNG TY CỔ PHẦN MÁY TÍNH VĨNH XUÂN,CÔNG TY TNHH MỘT THÀNH VIÊN HUY VŨ
8510,muavao,1,6081818.00,2024-08-04 17:00:00,CÔNG TY TNHH PHƯƠNG KHANG COMPUTER,CÔNG TY TNHH MỘT THÀNH VIÊN HUY VŨ
6776,muavao,1,5563636.00,2024-08-04 17:00:00,CÔNG TY TNHH THƯƠNG MẠI DỊCH VỤ TIN HỌC ANH PHƯƠNG A.P.C.O.M,CÔNG TY TNHH MỘT THÀNH VIÊN HUY VŨ
5282,muavao,1,12000000.00,2024-08-04 17:00:00,Công ty TNHH Tin Học Kim Thiên Bảo,CÔNG TY TNHH MỘT THÀNH VIÊN HUY VŨ
3149,muavao,1,16232727.00,2024-08-04 17:00:00,CÔNG TY CỔ PHẦN MÁY TÍNH VĨNH XUÂN - CHI NHÁNH ĐÀ NẴNG,CÔNG TY TNHH MỘT THÀNH VIÊN HUY VŨ
2179,muavao,1,6881818.00,2024-08-04 17:00:00,CHI NHÁNH CÔNG TY TNHH CÔNG NGHỆ VÀ THƯƠNG MẠI Á MỸ,CÔNG TY TNHH MỘT THÀNH VIÊN HUY VŨ
20452427,muavao,1,427397.00,2025-05-09 17:00:00,NGÂN HÀNG TMCP Á CHÂU,CTY TNHH MTV HUY VU
771,muavao,1,38918182.00,2024-08-04 17:00:00,CHI NHÁNH CÔNG TY CỔ PHẦN ĐẦU TƯ VÀ PHÁT TRIỂN CÔNG NGHỆ QUỐC GIA ADG TẠI ĐÀ NẴNG,Công Ty TNHH Một Thành Viên Huy Vũ
363249,muavao,1,58736364.00,2024-08-02 17:00:00,CÔNG TY CỔ PHẦN THẾ GIỚI SỐ,CÔNG TY TNHH MTV HUY VŨ
67147,muavao,1,50454545.00,2024-08-02 17:00:00,CÔNG TY CỔ PHẦN DỊCH VỤ PHÂN PHỐI TỔNG HỢP DẦU KHÍ,Công ty TNHH  Một Thành Viên Huy Vũ
236,muavao,1,29459092.00,2024-08-02 17:00:00,CÔNG TY TNHH ĐIỆN TỬ TIN HỌC KIM PHÁT,Công Ty Trách Nhiệm Hữu Hạn một thành viên Huy Vũ
43798397,muavao,1,1096438.00,2024-08-01 17:00:00,NGÂN HÀNG TMCP Á CHÂU,CTY TNHH MTV HUY VU
29679627,muavao,1,350000.00,2024-08-01 17:00:00,Tập đoàn Công nghiệp - Viễn thông Quân đội,Công Ty Tnhh Huy Vũ
105512,muavao,1,23000.00,2024-08-01 17:00:00,Ngân hàng TMCP Sài Gòn Thương Tín - Chi nhánh Gia Lai,CONG TY TNHH MTV HUY VU
105511,muavao,1,23000.00,2024-08-01 17:00:00,Ngân hàng TMCP Sài Gòn Thương Tín - Chi nhánh Gia Lai,CONG TY TNHH MTV HUY VU
105510,muavao,1,23000.00,2024-08-01 17:00:00,Ngân hàng TMCP Sài Gòn Thương Tín - Chi nhánh Gia Lai,CONG TY TNHH MTV HUY VU
105509,muavao,1,36000.00,2024-08-01 17:00:00,Ngân hàng TMCP Sài Gòn Thương Tín - Chi nhánh Gia Lai,CONG TY TNHH MTV HUY VU
66924,muavao,1,26000000.00,2024-08-01 17:00:00,CÔNG TY CỔ PHẦN DỊCH VỤ PHÂN PHỐI TỔNG HỢP DẦU KHÍ,Công ty TNHH  Một Thành Viên Huy Vũ
66915,muavao,1,26000000.00,2024-08-01 17:00:00,CÔNG TY CỔ PHẦN DỊCH VỤ PHÂN PHỐI TỔNG HỢP DẦU KHÍ,Công ty TNHH  Một Thành Viên Huy Vũ
66894,muavao,1,17545455.00,2024-08-01 17:00:00,CÔNG TY CỔ PHẦN DỊCH VỤ PHÂN PHỐI TỔNG HỢP DẦU KHÍ,Công ty TNHH  Một Thành Viên Huy Vũ
549389,muavao,1,484453.00,2024-07-31 17:00:00,TRUNG TÂM KINH DOANH VNPT - GIA LAI - CHI NHÁNH TỔNG CÔNG TY DỊCH VỤ VIỄN THÔNG,Công Ty TNHH MTV Huy Vũ
549300,muavao,1,229656.00,2024-07-31 17:00:00,TRUNG TÂM KINH DOANH VNPT - GIA LAI - CHI NHÁNH TỔNG CÔNG TY DỊCH VỤ VIỄN THÔNG,Công Ty TNHH MTV Huy Vũ
549299,muavao,1,511174.00,2024-07-31 17:00:00,TRUNG TÂM KINH DOANH VNPT - GIA LAI - CHI NHÁNH TỔNG CÔNG TY DỊCH VỤ VIỄN THÔNG,Công Ty TNHH MTV Huy Vũ
513595,muavao,1,249636.00,2024-07-31 17:00:00,TRUNG TÂM KINH DOANH VNPT - GIA LAI - CHI NHÁNH TỔNG CÔNG TY DỊCH VỤ VIỄN THÔNG,Công Ty TNHH MTV Huy Vũ
485717,muavao,1,274000.00,2024-07-31 17:00:00,TRUNG TÂM KINH DOANH VNPT - GIA LAI - CHI NHÁNH TỔNG CÔNG TY DỊCH VỤ VIỄN THÔNG,Công Ty TNHH MTV Huy Vũ
485467,muavao,1,233636.00,2024-07-31 17:00:00,TRUNG TÂM KINH DOANH VNPT - GIA LAI - CHI NHÁNH TỔNG CÔNG TY DỊCH VỤ VIỄN THÔNG,Cửa Hàng Máy Tình Trường Sơn
105125,muavao,1,23000.00,2024-07-31 17:00:00,Ngân hàng TMCP Sài Gòn Thương Tín - Chi nhánh Gia Lai,CONG TY TNHH MTV HUY VU
4797,muavao,1,15000.00,2024-07-31 17:00:00,Ngân hàng TMCP Sài Gòn Thương Tín - Chi nhánh Gia Lai,CONG TY TNHH MTV HUY VU
2556,muavao,1,3700000.00,2024-07-31 17:00:00,CÔNG TY TNHH GIẢI PHÁP FINGERTAS,CÔNG TY TNHH MỘT THÀNH VIÊN HUY VŨ
1004,muavao,1,818182.00,2024-07-31 17:00:00,CÔNG TY TNHH CÔNG NGHỆ ÂU LẠC,CÔNG TY TNHH MỘT THÀNH VIÊN HUY VŨ
54838265,muavao,1,290909.00,2024-09-29 17:00:00,NGÂN HÀNG TMCP Á CHÂU,CTY TNHH MTV HUY VU
135532,muavao,1,19000.00,2024-09-29 17:00:00,Ngân hàng TMCP Sài Gòn Thương Tín - Chi nhánh Gia Lai,CONG TY TNHH MTV HUY VU
88395,muavao,1,15894545.00,2024-09-29 17:00:00,CÔNG TY TNHH MỘT THÀNH VIÊN CÔNG NGHỆ TIN HỌC VIỄN SƠN,CÔNG TY TNHH MỘT THÀNH VIÊN HUY VŨ
87442,muavao,6,381298182.00,2024-09-29 17:00:00,CÔNG TY TNHH MỘT THÀNH VIÊN CÔNG NGHỆ TIN HỌC VIỄN SƠN,CÔNG TY TNHH MỘT THÀNH VIÊN HUY VŨ
87296,muavao,1,29090909.00,2024-09-29 17:00:00,CÔNG TY TNHH MỘT THÀNH VIÊN CÔNG NGHỆ TIN HỌC VIỄN SƠN,CÔNG TY TNHH MỘT THÀNH VIÊN HUY VŨ
48682,muavao,1,199898.00,2024-09-29 17:00:00,CÔNG TY CỔ PHẦN CÔNG NGHỆ VI MÔ,CÔNG TY TNHH MỘT THÀNH VIÊN HUY VŨ
24947,muavao,1,207000.00,2024-09-29 17:00:00,Ngân hàng Thương mại Cổ phần Đầu tư và Phát triển Việt Nam - Chi nhánh Gia Lai,CONG TY TNHH MTV HUY VU
54556634,muavao,1,5323287.00,2024-09-27 17:00:00,NGÂN HÀNG TMCP Á CHÂU,CTY TNHH MTV HUY VU
159072,muavao,1,22500000.00,2024-09-27 17:00:00,Công ty TNHH Phân phối Synnex FPT,Công ty TNHH MTV Huy Vũ
134635,muavao,1,225000.00,2024-09-27 17:00:00,Ngân hàng TMCP Sài Gòn Thương Tín - Chi nhánh Gia Lai,CONG TY TNHH MTV HUY VU
94215,muavao,1,86363636.00,2024-09-27 17:00:00,CÔNG TY CỔ PHẦN DỊCH VỤ PHÂN PHỐI TỔNG HỢP DẦU KHÍ,Công ty TNHH  Một Thành Viên Huy Vũ
94168,muavao,1,102545455.00,2024-09-27 17:00:00,CÔNG TY CỔ PHẦN DỊCH VỤ PHÂN PHỐI TỔNG HỢP DẦU KHÍ,Công ty TNHH  Một Thành Viên Huy Vũ
4921,muavao,1,8818182.00,2024-09-12 17:00:00,CÔNG TY TNHH THẢO NHIÊN,CÔNG TY TNHH MỘT THÀNH VIÊN HUY VŨ
529,muavao,1,4381819.00,2024-09-27 17:00:00,CÔNG TY TNHH THIẾT BỊ VĂN PHÒNG THÁI VIỆT ĐÀ NẴNG,CÔNG TY TNHH MỘT THÀNH VIÊN HUY VŨ
54379006,muavao,1,363636.00,2024-09-26 17:00:00,NGÂN HÀNG TMCP Á CHÂU,CTY TNHH MTV HUY VU
217483,muavao,1,3950910.00,2024-09-26 17:00:00,Chi nhánh Công ty TNHH phân phối Synnex FPT,Công ty TNHH MTV Huy Vũ
158118,muavao,1,1036370.00,2024-09-26 17:00:00,Công ty TNHH Phân phối Synnex FPT,Công ty TNHH MTV Huy Vũ
158110,muavao,1,3340909.00,2024-09-26 17:00:00,Công ty TNHH Phân phối Synnex FPT,Công ty TNHH MTV Huy Vũ
6998,muavao,1,3636364.00,2024-09-26 17:00:00,Công ty TNHH Tin Học Kim Thiên Bảo,CÔNG TY TNHH MỘT THÀNH VIÊN HUY VŨ
6199,muavao,1,40000.00,2024-09-26 17:00:00,Ngân hàng TMCP Sài Gòn Thương Tín - Chi nhánh Gia Lai,CONG TY TNHH MTV HUY VU
6197,muavao,1,15000.00,2024-09-26 17:00:00,Ngân hàng TMCP Sài Gòn Thương Tín - Chi nhánh Gia Lai,CONG TY TNHH MTV HUY VU
6194,muavao,1,15000.00,2024-09-26 17:00:00,Ngân hàng TMCP Sài Gòn Thương Tín - Chi nhánh Gia Lai,CONG TY TNHH MTV HUY VU
1099,muavao,1,3454545.00,2024-09-26 17:00:00,CHI NHÁNH CÔNG TY CỔ PHẦN HUETRONICS (TỈNH THỪA THIÊN HUẾ),CÔNG TY TNHH MỘT THÀNH VIÊN HUY VŨ
1018,muavao,1,219109091.00,2024-09-26 17:00:00,CHI NHÁNH CÔNG TY CỔ PHẦN ĐẦU TƯ VÀ PHÁT TRIỂN CÔNG NGHỆ QUỐC GIA ADG TẠI ĐÀ NẴNG,Công Ty TNHH Một Thành Viên Huy Vũ
1012,muavao,1,14555455.00,2024-09-26 17:00:00,CHI NHÁNH CÔNG TY CỔ PHẦN ĐẦU TƯ VÀ PHÁT TRIỂN CÔNG NGHỆ QUỐC GIA ADG TẠI ĐÀ NẴNG,Công Ty TNHH Một Thành Viên Huy Vũ
133443,muavao,1,23000.00,2024-09-25 17:00:00,Ngân hàng TMCP Sài Gòn Thương Tín - Chi nhánh Gia Lai,CONG TY TNHH MTV HUY VU
3818,muavao,1,46004460.00,2024-09-25 17:00:00,CÔNG TY CỔ PHẦN THƯƠNG MẠI - DỊCH VỤ SAO NAM AN,Công Ty TNHH Một Thành Viên Huy Vũ
1080,muavao,1,23831818.00,2024-09-25 17:00:00,CHI NHÁNH CÔNG TY CỔ PHẦN HUETRONICS (TỈNH THỪA THIÊN HUẾ),CÔNG TY TNHH MỘT THÀNH VIÊN HUY VŨ
1000,muavao,1,11781818.00,2024-09-25 17:00:00,CHI NHÁNH CÔNG TY CỔ PHẦN ĐẦU TƯ VÀ PHÁT TRIỂN CÔNG NGHỆ QUỐC GIA ADG TẠI ĐÀ NẴNG,Công Ty TNHH Một Thành Viên Huy Vũ
124824,muavao,1,30000.00,2024-09-09 17:00:00,Ngân hàng TMCP Sài Gòn Thương Tín - Chi nhánh Gia Lai,CONG TY TNHH MTV HUY VU
508174,muavao,1,19909090.00,2024-09-24 17:00:00,CÔNG TY CỔ PHẦN THẾ GIỚI SỐ,CÔNG TY TNHH MTV HUY VŨ
507359,muavao,1,30636360.00,2024-09-24 17:00:00,CÔNG TY CỔ PHẦN THẾ GIỚI SỐ,CÔNG TY TNHH MTV HUY VŨ
132613,muavao,1,23000.00,2024-09-24 17:00:00,Ngân hàng TMCP Sài Gòn Thương Tín - Chi nhánh Gia Lai,CONG TY TNHH MTV HUY VU
33565,muavao,1,19627273.00,2024-09-24 17:00:00,CÔNG TY CỔ PHẦN MÁY TÍNH VĨNH XUÂN - CHI NHÁNH THÀNH PHỐ HỒ CHÍ MINH,CÔNG TY TNHH MỘT THÀNH VIÊN HUY VŨ
12598,muavao,1,325000.00,2024-09-24 17:00:00,CÔNG TY CỔ PHẦN GIẢI PHÁP TIN HỌC ÁNH DƯƠNG,CÔNG TY TNHH MỘT THÀNH VIÊN HUY VŨ
9910,muavao,1,2563636.00,2024-09-24 17:00:00,Công Ty TNHH Công Nghệ Thông Tin An Phát,CÔNG TY TNHH MỘT THÀNH VIÊN HUY VŨ
995,muavao,3,-81818.00,2024-09-24 17:00:00,CHI NHÁNH CÔNG TY CỔ PHẦN ĐẦU TƯ VÀ PHÁT TRIỂN CÔNG NGHỆ QUỐC GIA ADG TẠI ĐÀ NẴNG,Công Ty TNHH Một Thành Viên Huy Vũ
993,muavao,5,43748182.00,2024-09-24 17:00:00,CHI NHÁNH CÔNG TY CỔ PHẦN ĐẦU TƯ VÀ PHÁT TRIỂN CÔNG NGHỆ QUỐC GIA ADG TẠI ĐÀ NẴNG,Công Ty TNHH Một Thành Viên Huy Vũ
132399,muavao,1,23000.00,2024-09-23 17:00:00,Ngân hàng TMCP Sài Gòn Thương Tín - Chi nhánh Gia Lai,CONG TY TNHH MTV HUY VU
84591,muavao,1,5298182.00,2024-09-23 17:00:00,CÔNG TY TNHH MỘT THÀNH VIÊN CÔNG NGHỆ TIN HỌC VIỄN SƠN,CÔNG TY TNHH MỘT THÀNH VIÊN HUY VŨ
84581,muavao,1,7783636.00,2024-09-23 17:00:00,CÔNG TY TNHH MỘT THÀNH VIÊN CÔNG NGHỆ TIN HỌC VIỄN SƠN,CÔNG TY TNHH MỘT THÀNH VIÊN HUY VŨ
84578,muavao,1,65975018.00,2024-09-23 17:00:00,CÔNG TY TNHH MỘT THÀNH VIÊN CÔNG NGHỆ TIN HỌC VIỄN SƠN,CÔNG TY TNHH MỘT THÀNH VIÊN HUY VŨ
84481,muavao,1,53454545.00,2024-09-23 17:00:00,CÔNG TY TNHH MỘT THÀNH VIÊN CÔNG NGHỆ TIN HỌC VIỄN SƠN,CÔNG TY TNHH MỘT THÀNH VIÊN HUY VŨ
33272,muavao,1,4027273.00,2024-09-23 17:00:00,CÔNG TY CỔ PHẦN MÁY TÍNH VĨNH XUÂN - CHI NHÁNH THÀNH PHỐ HỒ CHÍ MINH,CÔNG TY TNHH MỘT THÀNH VIÊN HUY VŨ
6885,muavao,1,4236364.00,2024-09-23 17:00:00,Công ty TNHH Tin Học Kim Thiên Bảo,CÔNG TY TNHH MỘT THÀNH VIÊN HUY VŨ
953,muavao,1,13800000.00,2024-09-23 17:00:00,CÔNG TY CỔ PHẦN ĐẦU TƯ & THƯƠNG MẠI ĐẠI PHÁT,CÔNG TY TNHH MỘT THÀNH VIÊN HUY VŨ
131371,muavao,1,34647.00,2024-09-22 17:00:00,Ngân hàng TMCP Sài Gòn Thương Tín - Chi nhánh Gia Lai,CONG TY TNHH MTV HUY VU
12390,muavao,1,19175000.00,2024-09-22 17:00:00,CÔNG TY CỔ PHẦN GIẢI PHÁP TIN HỌC ÁNH DƯƠNG,CÔNG TY TNHH MỘT THÀNH VIÊN HUY VŨ
6401,muavao,1,3259090.00,2024-09-22 17:00:00,CÔNG TY TNHH PHÂN PHỐI PHƯƠNG VIỆT,CÔNG TY TNHH MỘT THÀNH VIÊN HUY VŨ
1482,muavao,1,8090909.00,2024-09-22 17:00:00,CÔNG TY TNHH XUẤT NHẬP KHẨU LÊ TRẦN GIA,CÔNG TY TNHH MỘT THÀNH VIÊN HUY VŨ
53317995,muavao,1,3146302.00,2024-09-20 17:00:00,NGÂN HÀNG TMCP Á CHÂU,CTY TNHH MTV HUY VU
53309607,muavao,1,109091.00,2024-09-20 17:00:00,NGÂN HÀNG TMCP Á CHÂU,CTY TNHH MTV HUY VU
496595,muavao,1,70909090.00,2024-09-20 17:00:00,CÔNG TY CỔ PHẦN THẾ GIỚI SỐ,CÔNG TY TNHH MTV HUY VŨ
90045,muavao,1,12427272.00,2024-09-20 17:00:00,CÔNG TY CỔ PHẦN DỊCH VỤ PHÂN PHỐI TỔNG HỢP DẦU KHÍ,Công ty TNHH  Một Thành Viên Huy Vũ
90037,muavao,1,14400000.00,2024-09-20 17:00:00,CÔNG TY CỔ PHẦN DỊCH VỤ PHÂN PHỐI TỔNG HỢP DẦU KHÍ,Công ty TNHH  Một Thành Viên Huy Vũ
53224543,muavao,1,181817.00,2024-09-19 17:00:00,NGÂN HÀNG TMCP Á CHÂU,CTY TNHH MTV HUY VU
53224353,muavao,1,181817.00,2024-09-19 17:00:00,NGÂN HÀNG TMCP Á CHÂU,CTY TNHH MTV HUY VU
53223700,muavao,1,181817.00,2024-09-19 17:00:00,NGÂN HÀNG TMCP Á CHÂU,CTY TNHH MTV HUY VU
53223474,muavao,1,181817.00,2024-09-19 17:00:00,NGÂN HÀNG TMCP Á CHÂU,CTY TNHH MTV HUY VU
130256,muavao,1,28000.00,2024-09-19 17:00:00,Ngân hàng TMCP Sài Gòn Thương Tín - Chi nhánh Gia Lai,CONG TY TNHH MTV HUY VU
89873,muavao,1,53636364.00,2024-09-19 17:00:00,CÔNG TY CỔ PHẦN DỊCH VỤ PHÂN PHỐI TỔNG HỢP DẦU KHÍ,Công ty TNHH  Một Thành Viên Huy Vũ
8448,muavao,1,5545455.00,2024-09-19 17:00:00,CÔNG TY TNHH THƯƠNG MẠI DỊCH VỤ TIN HỌC ANH PHƯƠNG A.P.C.O.M,CÔNG TY TNHH MỘT THÀNH VIÊN HUY VŨ
5862,muavao,1,15000.00,2024-09-19 17:00:00,Ngân hàng TMCP Sài Gòn Thương Tín - Chi nhánh Gia Lai,CONG TY TNHH MTV HUY VU
589013,muavao,1,249636.00,2024-08-31 17:00:00,TRUNG TÂM KINH DOANH VNPT - GIA LAI - CHI NHÁNH TỔNG CÔNG TY DỊCH VỤ VIỄN THÔNG,Công Ty TNHH MTV Huy Vũ
4362,muavao,1,3150000.00,2024-09-19 17:00:00,CÔNG TY CỔ PHẦN ĐẦU TƯ PHÁT TRIỂN CÔNG NGHỆ ROBO,CÔNG TY TNHH MỘT THÀNH VIÊN HUY VŨ
1460,muavao,1,9500000.00,2024-09-19 17:00:00,CÔNG TY TNHH XUẤT NHẬP KHẨU LÊ TRẦN GIA,CÔNG TY TNHH MỘT THÀNH VIÊN HUY VŨ
285,muavao,1,11309090.00,2024-09-19 17:00:00,CÔNG TY TNHH ĐIỆN TỬ TIN HỌC KIM PHÁT,Công Ty Trách Nhiệm Hữu Hạn một thành viên Huy Vũ
209566,muavao,1,1872730.00,2024-09-18 17:00:00,Chi nhánh Công ty TNHH phân phối Synnex FPT,Công ty TNHH MTV Huy Vũ
152121,muavao,1,1281820.00,2024-09-18 17:00:00,Công ty TNHH Phân phối Synnex FPT,Công ty TNHH MTV Huy Vũ
152093,muavao,1,10116360.00,2024-09-18 17:00:00,Công ty TNHH Phân phối Synnex FPT,Công ty TNHH MTV Huy Vũ
129704,muavao,1,23000.00,2024-09-17 17:00:00,Ngân hàng TMCP Sài Gòn Thương Tín - Chi nhánh Gia Lai,CONG TY TNHH MTV HUY VU
88576,muavao,3,-4418182.00,2024-09-17 17:00:00,CÔNG TY CỔ PHẦN DỊCH VỤ PHÂN PHỐI TỔNG HỢP DẦU KHÍ,Công ty TNHH  Một Thành Viên Huy Vũ
32307,muavao,1,1636364.00,2024-09-17 17:00:00,CÔNG TY CỔ PHẦN MÁY TÍNH VĨNH XUÂN - CHI NHÁNH THÀNH PHỐ HỒ CHÍ MINH,CÔNG TY TNHH MỘT THÀNH VIÊN HUY VŨ
8321,muavao,1,6136364.00,2024-09-17 17:00:00,CÔNG TY TNHH THƯƠNG MẠI DỊCH VỤ TIN HỌC ANH PHƯƠNG A.P.C.O.M,CÔNG TY TNHH MỘT THÀNH VIÊN HUY VŨ
3997,muavao,1,1718182.00,2024-09-17 17:00:00,CÔNG TY CỔ PHẦN MÁY TÍNH VĨNH XUÂN - CHI NHÁNH ĐÀ NẴNG,CÔNG TY TNHH MỘT THÀNH VIÊN HUY VŨ
3994,muavao,1,3672727.00,2024-09-17 17:00:00,CÔNG TY CỔ PHẦN MÁY TÍNH VĨNH XUÂN - CHI NHÁNH ĐÀ NẴNG,CÔNG TY TNHH MỘT THÀNH VIÊN HUY VŨ
3161,muavao,1,26535185.00,2024-09-17 17:00:00,Chi nhánh Công ty Cổ phần thương mại Tin học Hưng Long,CÔNG TY TNHH MỘT THÀNH VIÊN  HUY VŨ
2599,muavao,1,2681818.00,2024-09-17 17:00:00,CHI NHÁNH CÔNG TY TNHH CÔNG NGHỆ VÀ THƯƠNG MẠI Á MỸ,CÔNG TY TNHH MỘT THÀNH VIÊN HUY VŨ
1017,muavao,1,12113636.00,2024-09-17 17:00:00,CHI NHÁNH CÔNG TY CỔ PHẦN HUETRONICS (TỈNH THỪA THIÊN HUẾ),CÔNG TY TNHH MỘT THÀNH VIÊN HUY VŨ
956,muavao,1,51890909.00,2024-09-17 17:00:00,CHI NHÁNH CÔNG TY CỔ PHẦN ĐẦU TƯ VÀ PHÁT TRIỂN CÔNG NGHỆ QUỐC GIA ADG TẠI ĐÀ NẴNG,Công Ty TNHH Một Thành Viên Huy Vũ
128351,muavao,1,19000.00,2024-09-16 17:00:00,Ngân hàng TMCP Sài Gòn Thương Tín - Chi nhánh Gia Lai,CONG TY TNHH MTV HUY VU
128350,muavao,1,19000.00,2024-09-16 17:00:00,Ngân hàng TMCP Sài Gòn Thương Tín - Chi nhánh Gia Lai,CONG TY TNHH MTV HUY VU
128349,muavao,1,20000.00,2024-09-16 17:00:00,Ngân hàng TMCP Sài Gòn Thương Tín - Chi nhánh Gia Lai,CONG TY TNHH MTV HUY VU
4482,muavao,1,1500000.00,2024-09-16 17:00:00,CÔNG TY CỔ PHẦN GIẢI PHÁP MẠNG VÀ MÁY TÍNH TIC,CÔNG TY TNHH MỘT THÀNH VIÊN HUY VŨ
3135,muavao,1,14984260.00,2024-09-16 17:00:00,Chi nhánh Công ty Cổ phần thương mại Tin học Hưng Long,CÔNG TY TNHH MỘT THÀNH VIÊN  HUY VŨ
3134,muavao,1,4636363.00,2024-09-16 17:00:00,Chi nhánh Công ty Cổ phần thương mại Tin học Hưng Long,CÔNG TY TNHH MỘT THÀNH VIÊN  HUY VŨ
1010,muavao,1,7509091.00,2024-09-16 17:00:00,CHI NHÁNH CÔNG TY CỔ PHẦN HUETRONICS (TỈNH THỪA THIÊN HUẾ),CÔNG TY TNHH MỘT THÀNH VIÊN HUY VŨ
87510,muavao,1,51272727.00,2024-09-15 17:00:00,CÔNG TY CỔ PHẦN DỊCH VỤ PHÂN PHỐI TỔNG HỢP DẦU KHÍ,Công ty TNHH  Một Thành Viên Huy Vũ
5749,muavao,1,15000.00,2024-09-15 17:00:00,Ngân hàng TMCP Sài Gòn Thương Tín - Chi nhánh Gia Lai,CONG TY TNHH MTV HUY VU
90,muavao,1,4363636.00,2024-09-14 17:00:00,CÔNG TY TNHH FINTECS,CÔNG TY TNHH MỘT THÀNH VIÊN HUY VŨ
281,muavao,1,2636364.00,2024-09-13 17:00:00,CÔNG TY TNHH ĐIỆN TỬ TIN HỌC KIM PHÁT,Công Ty Trách Nhiệm Hữu Hạn một thành viên Huy Vũ
473392,muavao,1,69454545.00,2024-09-12 17:00:00,CÔNG TY CỔ PHẦN THẾ GIỚI SỐ,CÔNG TY TNHH MTV HUY VŨ
127087,muavao,1,23000.00,2024-09-12 17:00:00,Ngân hàng TMCP Sài Gòn Thương Tín - Chi nhánh Gia Lai,CONG TY TNHH MTV HUY VU
6146,muavao,1,11881823.00,2024-09-12 17:00:00,CÔNG TY TNHH PHÂN PHỐI PHƯƠNG VIỆT,CÔNG TY TNHH MỘT THÀNH VIÊN HUY VŨ
5936,muavao,1,6233638.00,2024-09-12 17:00:00,CÔNG TY TNHH THƯƠNG MẠI DỊCH VỤ QUỐC VIỆT,Công Ty TNHH Một Thành Viên Huy Vũ
560716,muavao,1,274000.00,2024-08-31 17:00:00,TRUNG TÂM KINH DOANH VNPT - GIA LAI - CHI NHÁNH TỔNG CÔNG TY DỊCH VỤ VIỄN THÔNG,Công Ty TNHH MTV Huy Vũ
4227,muavao,1,8618182.00,2024-09-12 17:00:00,CÔNG TY CỔ PHẦN ĐẦU TƯ PHÁT TRIỂN CÔNG NGHỆ ROBO,CÔNG TY TNHH MỘT THÀNH VIÊN HUY VŨ
1462,muavao,1,15636364.00,2024-09-12 17:00:00,CÔNG TY CỔ PHẦN VPS MIỀN TRUNG,CÔNG TY TNHH MỘT THÀNH VIÊN HUY VŨ
52154623,muavao,1,8412827.00,2024-09-11 17:00:00,NGÂN HÀNG TMCP Á CHÂU,CTY TNHH MTV HUY VU
52154559,muavao,1,9383114.00,2024-09-11 17:00:00,NGÂN HÀNG TMCP Á CHÂU,CTY TNHH MTV HUY VU
52154380,muavao,1,9157892.00,2024-09-11 17:00:00,NGÂN HÀNG TMCP Á CHÂU,CTY TNHH MTV HUY VU
125891,muavao,1,23000.00,2024-09-11 17:00:00,Ngân hàng TMCP Sài Gòn Thương Tín - Chi nhánh Gia Lai,CONG TY TNHH MTV HUY VU
5200,muavao,1,4682731.00,2024-09-11 17:00:00,CÔNG TY TNHH CÔNG NGHỆ DSS ĐÀ NẴNG,CÔNG TY TNHH MỘT THÀNH VIÊN HUY VŨ
4879,muavao,1,4318182.00,2024-09-11 17:00:00,CÔNG TY TNHH THẢO NHIÊN,CÔNG TY TNHH MỘT THÀNH VIÊN HUY VŨ
278,muavao,1,11990911.00,2024-09-11 17:00:00,CÔNG TY TNHH ĐIỆN TỬ TIN HỌC KIM PHÁT,Công Ty Trách Nhiệm Hữu Hạn một thành viên Huy Vũ
125361,muavao,1,40000.00,2024-09-10 17:00:00,Ngân hàng TMCP Sài Gòn Thương Tín - Chi nhánh Gia Lai,CONG TY TNHH MTV HUY VU
84734,muavao,1,4272728.00,2024-09-10 17:00:00,CÔNG TY CỔ PHẦN DỊCH VỤ PHÂN PHỐI TỔNG HỢP DẦU KHÍ,Công ty TNHH  Một Thành Viên Huy Vũ
78914,muavao,1,71613636.00,2024-09-10 17:00:00,CÔNG TY TNHH MỘT THÀNH VIÊN CÔNG NGHỆ TIN HỌC VIỄN SƠN,CÔNG TY TNHH MỘT THÀNH VIÊN HUY VŨ
78900,muavao,1,5036364.00,2024-09-10 17:00:00,CÔNG TY TNHH MỘT THÀNH VIÊN CÔNG NGHỆ TIN HỌC VIỄN SƠN,CÔNG TY TNHH MỘT THÀNH VIÊN HUY VŨ
9413,muavao,1,3636363.00,2024-09-10 17:00:00,Công Ty TNHH Công Nghệ Thông Tin An Phát,CÔNG TY TNHH MỘT THÀNH VIÊN HUY VŨ
2230,muavao,1,4902000.00,2024-09-10 17:00:00,CHI NHÁNH CÔNG TY TNHH THƯƠNG MẠI - ĐẦU TƯ VÀ PHÁT TRIỂN,Công Ty TNHH MTV Huy Vũ
1916,muavao,1,36609999.00,2024-09-10 17:00:00,CÔNG TY TNHH THƯƠNG MẠI KỸ THUẬT DIỆP KHÁNH,Công ty TNHH MTV Huy Vũ
51837008,muavao,1,474079.00,2024-09-09 17:00:00,NGÂN HÀNG TMCP Á CHÂU,CTY TNHH MTV HUY VU
465361,muavao,1,259568175.00,2024-09-09 17:00:00,CÔNG TY CỔ PHẦN THẾ GIỚI SỐ,CÔNG TY TNHH MTV HUY VŨ
84485,muavao,1,38454545.00,2024-09-09 17:00:00,CÔNG TY CỔ PHẦN DỊCH VỤ PHÂN PHỐI TỔNG HỢP DẦU KHÍ,Công ty TNHH  Một Thành Viên Huy Vũ
5643,muavao,1,15000.00,2024-09-09 17:00:00,Ngân hàng TMCP Sài Gòn Thương Tín - Chi nhánh Gia Lai,CONG TY TNHH MTV HUY VU
4841,muavao,1,4318182.00,2024-09-09 17:00:00,CÔNG TY TNHH THẢO NHIÊN,CÔNG TY TNHH MỘT THÀNH VIÊN HUY VŨ
3487,muavao,1,46004460.00,2024-09-09 17:00:00,CÔNG TY CỔ PHẦN THƯƠNG MẠI - DỊCH VỤ SAO NAM AN,Công Ty TNHH Một Thành Viên Huy Vũ
3014,muavao,1,3200000.00,2024-09-09 17:00:00,CÔNG TY TNHH GIẢI PHÁP FINGERTAS,CÔNG TY TNHH MỘT THÀNH VIÊN HUY VŨ
920,muavao,1,38918182.00,2024-09-09 17:00:00,CHI NHÁNH CÔNG TY CỔ PHẦN ĐẦU TƯ VÀ PHÁT TRIỂN CÔNG NGHỆ QUỐC GIA ADG TẠI ĐÀ NẴNG,Công Ty TNHH Một Thành Viên Huy Vũ
123433,muavao,1,23000.00,2024-09-08 17:00:00,Ngân hàng TMCP Sài Gòn Thương Tín - Chi nhánh Gia Lai,CONG TY TNHH MTV HUY VU
123432,muavao,1,23000.00,2024-09-08 17:00:00,Ngân hàng TMCP Sài Gòn Thương Tín - Chi nhánh Gia Lai,CONG TY TNHH MTV HUY VU
2526,muavao,1,10754545.00,2024-09-08 17:00:00,CHI NHÁNH CÔNG TY TNHH CÔNG NGHỆ VÀ THƯƠNG MẠI Á MỸ,CÔNG TY TNHH MỘT THÀNH VIÊN HUY VŨ
51369710,muavao,1,13636.00,2024-09-06 17:00:00,NGÂN HÀNG TMCP Á CHÂU,CTY TNHH MTV HUY VU
51369679,muavao,1,13636.00,2024-09-06 17:00:00,NGÂN HÀNG TMCP Á CHÂU,CTY TNHH MTV HUY VU
51369671,muavao,1,13636.00,2024-09-06 17:00:00,NGÂN HÀNG TMCP Á CHÂU,CTY TNHH MTV HUY VU
5981,muavao,1,14136363.00,2024-09-06 17:00:00,CÔNG TY TNHH PHÂN PHỐI PHƯƠNG VIỆT,CÔNG TY TNHH MỘT THÀNH VIÊN HUY VŨ
122879,muavao,1,19000.00,2024-09-05 17:00:00,Ngân hàng TMCP Sài Gòn Thương Tín - Chi nhánh Gia Lai,CONG TY TNHH MTV HUY VU
4105,muavao,1,3177273.00,2024-09-05 17:00:00,CÔNG TY CỔ PHẦN ĐẦU TƯ PHÁT TRIỂN CÔNG NGHỆ ROBO,CÔNG TY TNHH MỘT THÀNH VIÊN HUY VŨ
1370,muavao,1,8090909.00,2024-09-05 17:00:00,CÔNG TY TNHH XUẤT NHẬP KHẨU LÊ TRẦN GIA,CÔNG TY TNHH MỘT THÀNH VIÊN HUY VŨ
905,muavao,1,27636364.00,2024-09-05 17:00:00,CHI NHÁNH CÔNG TY CỔ PHẦN ĐẦU TƯ VÀ PHÁT TRIỂN CÔNG NGHỆ QUỐC GIA ADG TẠI ĐÀ NẴNG,Công Ty TNHH Một Thành Viên Huy Vũ
560677,muavao,1,20000.00,2024-08-31 17:00:00,TRUNG TÂM KINH DOANH VNPT - GIA LAI - CHI NHÁNH TỔNG CÔNG TY DỊCH VỤ VIỄN THÔNG,Công Ty TNHH MTV Huy Vũ
901,muavao,1,41454545.00,2024-09-05 17:00:00,CHI NHÁNH CÔNG TY CỔ PHẦN ĐẦU TƯ VÀ PHÁT TRIỂN CÔNG NGHỆ QUỐC GIA ADG TẠI ĐÀ NẴNG,Công Ty TNHH Một Thành Viên Huy Vũ
267,muavao,1,20118182.00,2024-09-05 17:00:00,CÔNG TY TNHH ĐIỆN TỬ TIN HỌC KIM PHÁT,Công Ty Trách Nhiệm Hữu Hạn một thành viên Huy Vũ
732578,muavao,1,242727.00,2024-09-04 17:00:00,CÔNG TY DỊCH VỤ MOBIFONE KHU VỰC 7 - CHI NHÁNH TỔNG CÔNG TY VIỄN THÔNG MOBIFONE,Công ty TNHH MTV Huy Vũ
122250,muavao,1,19000.00,2024-09-04 17:00:00,Ngân hàng TMCP Sài Gòn Thương Tín - Chi nhánh Gia Lai,CONG TY TNHH MTV HUY VU
122238,muavao,1,20000.00,2024-09-04 17:00:00,Ngân hàng TMCP Sài Gòn Thương Tín - Chi nhánh Gia Lai,CONG TY TNHH MTV HUY VU
122237,muavao,1,19000.00,2024-09-04 17:00:00,Ngân hàng TMCP Sài Gòn Thương Tín - Chi nhánh Gia Lai,CONG TY TNHH MTV HUY VU
82947,muavao,1,32181818.00,2024-09-04 17:00:00,CÔNG TY CỔ PHẦN DỊCH VỤ PHÂN PHỐI TỔNG HỢP DẦU KHÍ,Công ty TNHH  Một Thành Viên Huy Vũ
76368,muavao,1,43109164.00,2024-09-04 17:00:00,CÔNG TY TNHH MỘT THÀNH VIÊN CÔNG NGHỆ TIN HỌC VIỄN SƠN,CÔNG TY TNHH MỘT THÀNH VIÊN HUY VŨ
76312,muavao,1,35636364.00,2024-09-04 17:00:00,CÔNG TY TNHH MỘT THÀNH VIÊN CÔNG NGHỆ TIN HỌC VIỄN SƠN,CÔNG TY TNHH MỘT THÀNH VIÊN HUY VŨ
5548,muavao,1,15000.00,2024-09-04 17:00:00,Ngân hàng TMCP Sài Gòn Thương Tín - Chi nhánh Gia Lai,CONG TY TNHH MTV HUY VU
3734,muavao,1,25257273.00,2024-09-04 17:00:00,CÔNG TY CỔ PHẦN MÁY TÍNH VĨNH XUÂN - CHI NHÁNH ĐÀ NẴNG,CÔNG TY TNHH MỘT THÀNH VIÊN HUY VŨ
121426,muavao,1,23000.00,2024-09-03 17:00:00,Ngân hàng TMCP Sài Gòn Thương Tín - Chi nhánh Gia Lai,CONG TY TNHH MTV HUY VU
973,muavao,1,7781818.00,2024-09-03 17:00:00,CHI NHÁNH CÔNG TY CỔ PHẦN HUETRONICS (TỈNH THỪA THIÊN HUẾ),CÔNG TY TNHH MỘT THÀNH VIÊN HUY VŨ
892,muavao,1,38918182.00,2024-09-03 17:00:00,CHI NHÁNH CÔNG TY CỔ PHẦN ĐẦU TƯ VÀ PHÁT TRIỂN CÔNG NGHỆ QUỐC GIA ADG TẠI ĐÀ NẴNG,Công Ty TNHH Một Thành Viên Huy Vũ
48135567,muavao,1,350000.00,2024-09-01 17:00:00,Tập đoàn Công nghiệp - Viễn thông Quân đội,Công Ty Tnhh Huy Vũ
626104,muavao,1,505095.00,2024-08-31 17:00:00,TRUNG TÂM KINH DOANH VNPT - GIA LAI - CHI NHÁNH TỔNG CÔNG TY DỊCH VỤ VIỄN THÔNG,Công Ty TNHH MTV Huy Vũ
626015,muavao,1,211691.00,2024-08-31 17:00:00,TRUNG TÂM KINH DOANH VNPT - GIA LAI - CHI NHÁNH TỔNG CÔNG TY DỊCH VỤ VIỄN THÔNG,Công Ty TNHH MTV Huy Vũ
626014,muavao,1,632208.00,2024-08-31 17:00:00,TRUNG TÂM KINH DOANH VNPT - GIA LAI - CHI NHÁNH TỔNG CÔNG TY DỊCH VỤ VIỄN THÔNG,Công Ty TNHH MTV Huy Vũ
560633,muavao,1,24545.00,2024-08-31 17:00:00,TRUNG TÂM KINH DOANH VNPT - GIA LAI - CHI NHÁNH TỔNG CÔNG TY DỊCH VỤ VIỄN THÔNG,Công Ty  TNHH MTV Huy Vũ
560632,muavao,1,23800.00,2024-08-31 17:00:00,TRUNG TÂM KINH DOANH VNPT - GIA LAI - CHI NHÁNH TỔNG CÔNG TY DỊCH VỤ VIỄN THÔNG,Công Ty TNHH MTV  Huy Vũ
560467,muavao,1,233636.00,2024-08-31 17:00:00,TRUNG TÂM KINH DOANH VNPT - GIA LAI - CHI NHÁNH TỔNG CÔNG TY DỊCH VỤ VIỄN THÔNG,Cửa Hàng Máy Tình Trường Sơn
568263,muavao,1,109091.00,2024-10-30 17:00:00,CÔNG TY TNHH THU PHÍ TỰ ĐỘNG VETC,CÔNG TY TNHH MỘT THÀNH VIÊN HUY VŨ
151993,muavao,1,19000.00,2024-10-30 17:00:00,Ngân hàng TMCP Sài Gòn Thương Tín - Chi nhánh Gia Lai,CONG TY TNHH MTV HUY VU
151950,muavao,1,19000.00,2024-10-30 17:00:00,Ngân hàng TMCP Sài Gòn Thương Tín - Chi nhánh Gia Lai,CONG TY TNHH MTV HUY VU
54761,muavao,1,229745.00,2024-10-30 17:00:00,CÔNG TY CỔ PHẦN CÔNG NGHỆ VI MÔ,CÔNG TY TNHH MỘT THÀNH VIÊN HUY VŨ
28323,muavao,1,60000.00,2024-10-30 17:00:00,Ngân hàng Thương mại Cổ phần Đầu tư và Phát triển Việt Nam - Chi nhánh Gia Lai,CONG TY TNHH MTV HUY VU
3746,muavao,1,14400000.00,2024-10-30 17:00:00,CÔNG TY TNHH GIẢI PHÁP FINGERTAS,CÔNG TY TNHH MỘT THÀNH VIÊN HUY VŨ
2774,muavao,1,2377240.00,2024-10-30 17:00:00,CÔNG TY TNHH THƯƠNG MẠI DỊCH VỤ SẢN XUẤT XUẤT NHẬP KHẨU MỰC IN VIỆT NHẬT,CÔNG TY TNHH MỘT THÀNH VIÊN HUY VŨ
566886,muavao,1,78454545.00,2024-10-29 17:00:00,CÔNG TY CỔ PHẦN THẾ GIỚI SỐ,CÔNG TY TNHH MTV HUY VŨ
151507,muavao,1,26000.00,2024-10-29 17:00:00,Ngân hàng TMCP Sài Gòn Thương Tín - Chi nhánh Gia Lai,CONG TY TNHH MTV HUY VU
151503,muavao,1,19000.00,2024-10-29 17:00:00,Ngân hàng TMCP Sài Gòn Thương Tín - Chi nhánh Gia Lai,CONG TY TNHH MTV HUY VU
151445,muavao,1,19000.00,2024-10-29 17:00:00,Ngân hàng TMCP Sài Gòn Thương Tín - Chi nhánh Gia Lai,CONG TY TNHH MTV HUY VU
96478,muavao,1,5454545.00,2024-10-29 17:00:00,CÔNG TY TNHH MỘT THÀNH VIÊN CÔNG NGHỆ TIN HỌC VIỄN SƠN,CÔNG TY TNHH MỘT THÀNH VIÊN HUY VŨ
96342,muavao,1,63826000.00,2024-10-29 17:00:00,CÔNG TY TNHH MỘT THÀNH VIÊN CÔNG NGHỆ TIN HỌC VIỄN SƠN,CÔNG TY TNHH MỘT THÀNH VIÊN HUY VŨ
150573,muavao,1,19000.00,2024-10-28 17:00:00,Ngân hàng TMCP Sài Gòn Thương Tín - Chi nhánh Gia Lai,CONG TY TNHH MTV HUY VU
150570,muavao,1,19000.00,2024-10-28 17:00:00,Ngân hàng TMCP Sài Gòn Thương Tín - Chi nhánh Gia Lai,CONG TY TNHH MTV HUY VU
150569,muavao,1,19000.00,2024-10-28 17:00:00,Ngân hàng TMCP Sài Gòn Thương Tín - Chi nhánh Gia Lai,CONG TY TNHH MTV HUY VU
18884,muavao,1,27363636.00,2024-10-28 17:00:00,CÔNG TY TNHH CÔNG NGHỆ TIN HỌC PHI LONG,Công Ty TNHH MTV Huy Vũ
336,muavao,1,5970908.00,2024-10-28 17:00:00,CÔNG TY TNHH ĐIỆN TỬ TIN HỌC KIM PHÁT,Công Ty Trách Nhiệm Hữu Hạn một thành viên Huy Vũ
149074,muavao,1,225000.00,2024-10-27 17:00:00,Ngân hàng TMCP Sài Gòn Thương Tín - Chi nhánh Gia Lai,CONG TY TNHH MTV HUY VU
6780,muavao,1,15000.00,2024-10-27 17:00:00,Ngân hàng TMCP Sài Gòn Thương Tín - Chi nhánh Gia Lai,CONG TY TNHH MTV HUY VU
4373,muavao,1,30672730.00,2024-10-27 17:00:00,CÔNG TY CỔ PHẦN THƯƠNG MẠI - DỊCH VỤ SAO NAM AN,Công Ty TNHH Một Thành Viên Huy Vũ
170762,muavao,1,27863640.00,2024-10-24 17:00:00,Công ty TNHH Phân phối Synnex FPT,Công ty TNHH MTV Huy Vũ
148124,muavao,1,19000.00,2024-10-24 17:00:00,Ngân hàng TMCP Sài Gòn Thương Tín - Chi nhánh Gia Lai,CONG TY TNHH MTV HUY VU
148060,muavao,1,19000.00,2024-10-24 17:00:00,Ngân hàng TMCP Sài Gòn Thương Tín - Chi nhánh Gia Lai,CONG TY TNHH MTV HUY VU
5037,muavao,1,5563636.00,2024-10-24 17:00:00,CÔNG TY CỔ PHẦN ĐẦU TƯ PHÁT TRIỂN CÔNG NGHỆ ROBO,CÔNG TY TNHH MỘT THÀNH VIÊN HUY VŨ
1142,muavao,1,11527273.00,2024-10-24 17:00:00,CHI NHÁNH CÔNG TY CỔ PHẦN ĐẦU TƯ VÀ PHÁT TRIỂN CÔNG NGHỆ QUỐC GIA ADG TẠI ĐÀ NẴNG,Công Ty TNHH Một Thành Viên Huy Vũ
1141,muavao,1,20890909.00,2024-10-24 17:00:00,CHI NHÁNH CÔNG TY CỔ PHẦN ĐẦU TƯ VÀ PHÁT TRIỂN CÔNG NGHỆ QUỐC GIA ADG TẠI ĐÀ NẴNG,Công Ty TNHH Một Thành Viên Huy Vũ
4302,muavao,1,34176366.00,2024-10-23 17:00:00,CÔNG TY CỔ PHẦN THƯƠNG MẠI - DỊCH VỤ SAO NAM AN,Công Ty TNHH Một Thành Viên Huy Vũ
233205,muavao,1,3418182.00,2024-10-22 17:00:00,Chi nhánh Công ty TNHH phân phối Synnex FPT,Công ty TNHH MTV Huy Vũ
233197,muavao,1,3398181.00,2024-10-22 17:00:00,Chi nhánh Công ty TNHH phân phối Synnex FPT,Công ty TNHH MTV Huy Vũ
170185,muavao,1,6312729.00,2024-10-22 17:00:00,Công ty TNHH Phân phối Synnex FPT,Công ty TNHH MTV Huy Vũ
170143,muavao,1,2436364.00,2024-10-22 17:00:00,Công ty TNHH Phân phối Synnex FPT,Công ty TNHH MTV Huy Vũ
147452,muavao,1,19000.00,2024-10-22 17:00:00,Ngân hàng TMCP Sài Gòn Thương Tín - Chi nhánh Gia Lai,CONG TY TNHH MTV HUY VU
147095,muavao,1,20000.00,2024-10-22 17:00:00,Ngân hàng TMCP Sài Gòn Thương Tín - Chi nhánh Gia Lai,CONG TY TNHH MTV HUY VU
100683,muavao,1,31363637.00,2024-10-22 17:00:00,CÔNG TY CỔ PHẦN DỊCH VỤ PHÂN PHỐI TỔNG HỢP DẦU KHÍ,Công ty TNHH  Một Thành Viên Huy Vũ
328,muavao,1,14221724.00,2024-10-22 17:00:00,CÔNG TY TNHH ĐIỆN TỬ TIN HỌC KIM PHÁT,Công Ty Trách Nhiệm Hữu Hạn một thành viên Huy Vũ
550930,muavao,1,59090910.00,2024-10-21 17:00:00,CÔNG TY CỔ PHẦN THẾ GIỚI SỐ,CÔNG TY TNHH MTV HUY VŨ
146310,muavao,1,28000.00,2024-10-21 17:00:00,Ngân hàng TMCP Sài Gòn Thương Tín - Chi nhánh Gia Lai,CONG TY TNHH MTV HUY VU
7346,muavao,1,14190001.00,2024-10-21 17:00:00,CÔNG TY TNHH PHÂN PHỐI PHƯƠNG VIỆT,CÔNG TY TNHH MỘT THÀNH VIÊN HUY VŨ
6681,muavao,1,15000.00,2024-10-21 17:00:00,Ngân hàng TMCP Sài Gòn Thương Tín - Chi nhánh Gia Lai,CONG TY TNHH MTV HUY VU
4250,muavao,2,765457.00,2024-10-21 17:00:00,CÔNG TY CỔ PHẦN THƯƠNG MẠI - DỊCH VỤ SAO NAM AN,Công Ty TNHH Một Thành Viên Huy Vũ
6659,muavao,1,20000.00,2024-10-20 17:00:00,Ngân hàng TMCP Sài Gòn Thương Tín - Chi nhánh Gia Lai,CONG TY TNHH MTV HUY VU
323,muavao,1,4559091.00,2024-10-20 17:00:00,CÔNG TY TNHH ĐIỆN TỬ TIN HỌC KIM PHÁT,Công Ty Trách Nhiệm Hữu Hạn một thành viên Huy Vũ
107,muavao,1,435000.00,2024-10-18 17:00:00,CÔNG TY TNHH MỘT THÀNH VIÊN TIN HỌC QUỐC PHƯƠNG,CÔNG TY TNHH MỘT THÀNH VIÊN HUY VŨ
144897,muavao,1,23000.00,2024-10-17 17:00:00,Ngân hàng TMCP Sài Gòn Thương Tín - Chi nhánh Gia Lai,CONG TY TNHH MTV HUY VU
144896,muavao,1,23000.00,2024-10-17 17:00:00,Ngân hàng TMCP Sài Gòn Thương Tín - Chi nhánh Gia Lai,CONG TY TNHH MTV HUY VU
1103,muavao,1,10200000.00,2024-10-17 17:00:00,CÔNG TY CỔ PHẦN ĐẦU TƯ & THƯƠNG MẠI ĐẠI PHÁT,CÔNG TY TNHH MỘT THÀNH VIÊN HUY VŨ
143591,muavao,1,23000.00,2024-10-16 17:00:00,Ngân hàng TMCP Sài Gòn Thương Tín - Chi nhánh Gia Lai,CONG TY TNHH MTV HUY VU
5676,muavao,1,4954545.00,2024-10-16 17:00:00,CÔNG TY TNHH THẢO NHIÊN,CÔNG TY TNHH MỘT THÀNH VIÊN HUY VŨ
3757,muavao,1,9650000.00,2024-10-16 17:00:00,CÔNG TY TNHH ĐẦU TƯ CÔNG NGHỆ ÂM THANH TRIỆU GIA,CÔNG TY TNHH MỘT THÀNH VIÊN HUY VŨ
3756,muavao,1,21600000.00,2024-10-16 17:00:00,CÔNG TY TNHH ĐẦU TƯ CÔNG NGHỆ ÂM THANH TRIỆU GIA,CÔNG TY TNHH MỘT THÀNH VIÊN HUY VŨ
1195,muavao,1,6209091.00,2024-10-16 17:00:00,CHI NHÁNH CÔNG TY CỔ PHẦN HUETRONICS (TỈNH THỪA THIÊN HUẾ),CÔNG TY TNHH MỘT THÀNH VIÊN HUY VŨ
58152658,muavao,1,900000.00,2024-10-15 17:00:00,NGÂN HÀNG TMCP Á CHÂU,CTY TNHH MTV HUY VU
143229,muavao,1,40000.00,2024-10-15 17:00:00,Ngân hàng TMCP Sài Gòn Thương Tín - Chi nhánh Gia Lai,CONG TY TNHH MTV HUY VU
92731,muavao,1,20290909.00,2024-10-15 17:00:00,CÔNG TY TNHH MỘT THÀNH VIÊN CÔNG NGHỆ TIN HỌC VIỄN SƠN,CÔNG TY TNHH MỘT THÀNH VIÊN HUY VŨ
92705,muavao,1,59318182.00,2024-10-15 17:00:00,CÔNG TY TNHH MỘT THÀNH VIÊN CÔNG NGHỆ TIN HỌC VIỄN SƠN,CÔNG TY TNHH MỘT THÀNH VIÊN HUY VŨ
92679,muavao,1,0.00,2024-10-15 17:00:00,CÔNG TY TNHH MỘT THÀNH VIÊN CÔNG NGHỆ TIN HỌC VIỄN SƠN,CÔNG TY TNHH MỘT THÀNH VIÊN HUY VŨ
5934,muavao,1,10381818.00,2024-10-15 17:00:00,CÔNG TY TNHH CÔNG NGHỆ DSS ĐÀ NẴNG,CÔNG TY TNHH MỘT THÀNH VIÊN HUY VŨ
1113,muavao,1,14555455.00,2024-10-15 17:00:00,CHI NHÁNH CÔNG TY CỔ PHẦN ĐẦU TƯ VÀ PHÁT TRIỂN CÔNG NGHỆ QUỐC GIA ADG TẠI ĐÀ NẴNG,Công Ty TNHH Một Thành Viên Huy Vũ
142684,muavao,1,23000.00,2024-10-14 17:00:00,Ngân hàng TMCP Sài Gòn Thương Tín - Chi nhánh Gia Lai,CONG TY TNHH MTV HUY VU
98587,muavao,1,113636364.00,2024-10-14 17:00:00,CÔNG TY CỔ PHẦN DỊCH VỤ PHÂN PHỐI TỔNG HỢP DẦU KHÍ,Công ty TNHH  Một Thành Viên Huy Vũ
1103,muavao,1,11763636.00,2024-10-14 17:00:00,CHI NHÁNH CÔNG TY CỔ PHẦN ĐẦU TƯ VÀ PHÁT TRIỂN CÔNG NGHỆ QUỐC GIA ADG TẠI ĐÀ NẴNG,Công Ty TNHH Một Thành Viên Huy Vũ
317,muavao,1,5045455.00,2024-10-14 17:00:00,CÔNG TY TNHH ĐIỆN TỬ TIN HỌC KIM PHÁT,Công Ty Trách Nhiệm Hữu Hạn một thành viên Huy Vũ
57766924,muavao,1,18182.00,2024-10-13 17:00:00,NGÂN HÀNG TMCP Á CHÂU,CTY TNHH MTV HUY VU
537167,muavao,1,27145454.00,2024-10-13 17:00:00,CÔNG TY CỔ PHẦN THẾ GIỚI SỐ,CÔNG TY TNHH MTV HUY VŨ
6527,muavao,1,50100.00,2024-10-13 17:00:00,Ngân hàng TMCP Sài Gòn Thương Tín - Chi nhánh Gia Lai,CONG TY TNHH MTV HUY VU
5571,muavao,6,4963636.00,2024-10-13 17:00:00,CÔNG TY TNHH THẢO NHIÊN,CÔNG TY TNHH MỘT THÀNH VIÊN HUY VŨ
536428,muavao,1,10454545.00,2024-10-11 17:00:00,CÔNG TY CỔ PHẦN THẾ GIỚI SỐ,CÔNG TY TNHH MTV HUY VŨ
100,muavao,1,4363636.00,2024-10-11 17:00:00,CÔNG TY TNHH FINTECS,CÔNG TY TNHH MỘT THÀNH VIÊN HUY VŨ
56343429,muavao,1,6426966.00,2024-10-10 17:00:00,NGÂN HÀNG TMCP Á CHÂU,CTY TNHH MTV HUY VU
56343227,muavao,1,4123288.00,2024-10-10 17:00:00,NGÂN HÀNG TMCP Á CHÂU,CTY TNHH MTV HUY VU
56343170,muavao,1,3705125.00,2024-10-10 17:00:00,NGÂN HÀNG TMCP Á CHÂU,CTY TNHH MTV HUY VU
56343005,muavao,1,932982.00,2024-10-10 17:00:00,NGÂN HÀNG TMCP Á CHÂU,CTY TNHH MTV HUY VU
536068,muavao,1,11272727.00,2024-10-10 17:00:00,CÔNG TY CỔ PHẦN THẾ GIỚI SỐ,CÔNG TY TNHH MTV HUY VŨ
535437,muavao,1,59545455.00,2024-10-10 17:00:00,CÔNG TY CỔ PHẦN THẾ GIỚI SỐ,CÔNG TY TNHH MTV HUY VŨ
140759,muavao,1,19000.00,2024-10-10 17:00:00,Ngân hàng TMCP Sài Gòn Thương Tín - Chi nhánh Gia Lai,CONG TY TNHH MTV HUY VU
140758,muavao,1,40000.00,2024-10-10 17:00:00,Ngân hàng TMCP Sài Gòn Thương Tín - Chi nhánh Gia Lai,CONG TY TNHH MTV HUY VU
140692,muavao,1,19000.00,2024-10-10 17:00:00,Ngân hàng TMCP Sài Gòn Thương Tín - Chi nhánh Gia Lai,CONG TY TNHH MTV HUY VU
90542,muavao,1,83814182.00,2024-10-10 17:00:00,CÔNG TY TNHH MỘT THÀNH VIÊN CÔNG NGHỆ TIN HỌC VIỄN SƠN,CÔNG TY TNHH MỘT THÀNH VIÊN HUY VŨ
315,muavao,1,88563636.00,2024-10-10 17:00:00,CÔNG TY TNHH ĐIỆN TỬ TIN HỌC KIM PHÁT,Công Ty Trách Nhiệm Hữu Hạn một thành viên Huy Vũ
56203626,muavao,1,1346726.00,2024-10-09 17:00:00,NGÂN HÀNG TMCP Á CHÂU,CTY TNHH MTV HUY VU
295390,muavao,1,909091.00,2024-10-09 17:00:00,CÔNG TY TNHH MTV XĂNG DẦU BẮC TÂY NGUYÊN,CÔNG TY TNHH MỘT THÀNH VIÊN HUY VŨ
1612,muavao,1,8090909.00,2024-10-08 17:00:00,CÔNG TY TNHH XUẤT NHẬP KHẨU LÊ TRẦN GIA,CÔNG TY TNHH MỘT THÀNH VIÊN HUY VŨ
38709,muavao,1,2500000.00,2024-10-07 17:00:00,CÔNG TY TNHH THƯƠNG MẠI CÔNG NGHỆ ĐẠI TÀI LỘC,CÔNG TY TNHH MỘT THÀNH VIÊN HUY VŨ
2845,muavao,1,6609091.00,2024-10-07 17:00:00,CHI NHÁNH CÔNG TY TNHH CÔNG NGHỆ VÀ THƯƠNG MẠI Á MỸ,CÔNG TY TNHH MỘT THÀNH VIÊN HUY VŨ
830223,muavao,1,245454.00,2024-10-06 17:00:00,CÔNG TY DỊCH VỤ MOBIFONE KHU VỰC 7 - CHI NHÁNH TỔNG CÔNG TY VIỄN THÔNG MOBIFONE,Công ty TNHH MTV Huy Vũ
137791,muavao,1,20000.00,2024-10-06 17:00:00,Ngân hàng TMCP Sài Gòn Thương Tín - Chi nhánh Gia Lai,CONG TY TNHH MTV HUY VU
89646,muavao,1,70086364.00,2024-10-06 17:00:00,CÔNG TY TNHH MỘT THÀNH VIÊN CÔNG NGHỆ TIN HỌC VIỄN SƠN,CÔNG TY TNHH MỘT THÀNH VIÊN HUY VŨ
10460,muavao,1,5836362.00,2024-10-06 17:00:00,Công Ty TNHH Công Nghệ Thông Tin An Phát,CÔNG TY TNHH MỘT THÀNH VIÊN HUY VŨ
554,muavao,1,1590909.00,2024-10-06 17:00:00,CÔNG TY TNHH THIẾT BỊ VĂN PHÒNG THÁI VIỆT ĐÀ NẴNG,CÔNG TY TNHH MỘT THÀNH VIÊN HUY VŨ
288711,muavao,1,454545.00,2024-10-03 17:00:00,CÔNG TY TNHH MTV XĂNG DẦU BẮC TÂY NGUYÊN,CÔNG TY TNHH MỘT THÀNH VIÊN HUY VŨ
89146,muavao,1,7500000.00,2024-10-03 17:00:00,CÔNG TY TNHH MỘT THÀNH VIÊN CÔNG NGHỆ TIN HỌC VIỄN SƠN,CÔNG TY TNHH MỘT THÀNH VIÊN HUY VŨ
2799,muavao,1,1145455.00,2024-10-03 17:00:00,CHI NHÁNH CÔNG TY TNHH CÔNG NGHỆ VÀ THƯƠNG MẠI Á MỸ,CÔNG TY TNHH MỘT THÀNH VIÊN HUY VŨ
1579,muavao,1,5181818.00,2024-10-03 17:00:00,CÔNG TY TNHH XUẤT NHẬP KHẨU LÊ TRẦN GIA,CÔNG TY TNHH MỘT THÀNH VIÊN HUY VŨ
1051,muavao,3,-909091.00,2024-10-03 17:00:00,CHI NHÁNH CÔNG TY CỔ PHẦN ĐẦU TƯ VÀ PHÁT TRIỂN CÔNG NGHỆ QUỐC GIA ADG TẠI ĐÀ NẴNG,Công Ty TNHH Một Thành Viên Huy Vũ
306,muavao,1,36148181.00,2024-10-03 17:00:00,CÔNG TY TNHH ĐIỆN TỬ TIN HỌC KIM PHÁT,Công Ty Trách Nhiệm Hữu Hạn một thành viên Huy Vũ
69448847,muavao,1,350000.00,2024-10-02 17:00:00,Tập đoàn Công nghiệp - Viễn thông Quân đội,Công Ty Tnhh Huy Vũ
221393,muavao,1,13181818.00,2024-10-02 17:00:00,Chi nhánh Công ty TNHH phân phối Synnex FPT,Công ty TNHH MTV Huy Vũ
160949,muavao,1,13945454.00,2024-10-02 17:00:00,Công ty TNHH Phân phối Synnex FPT,Công ty TNHH MTV Huy Vũ
100093,muavao,1,1648180.00,2024-10-02 17:00:00,CÔNG TY TNHH TP-LINK TECHNOLOGIES VIỆT NAM,CÔNG TY TNHH MỘT THÀNH VIÊN HUY VŨ
95599,muavao,1,9636364.00,2024-10-02 17:00:00,CÔNG TY CỔ PHẦN DỊCH VỤ PHÂN PHỐI TỔNG HỢP DẦU KHÍ,Công ty TNHH  Một Thành Viên Huy Vũ
6421,muavao,1,10442729.00,2024-10-02 17:00:00,CÔNG TY TNHH THƯƠNG MẠI DỊCH VỤ QUỐC VIỆT,Công Ty TNHH Một Thành Viên Huy Vũ
1982,muavao,1,4281818.00,2024-10-02 17:00:00,CÔNG TY CỔ PHẦN RIOTECH,CÔNG TY TNHH MỘT THÀNH VIÊN HUY VŨ
136593,muavao,1,19000.00,2024-10-01 17:00:00,Ngân hàng TMCP Sài Gòn Thương Tín - Chi nhánh Gia Lai,CONG TY TNHH MTV HUY VU
136591,muavao,1,19000.00,2024-10-01 17:00:00,Ngân hàng TMCP Sài Gòn Thương Tín - Chi nhánh Gia Lai,CONG TY TNHH MTV HUY VU
1554,muavao,1,12318182.00,2024-10-01 17:00:00,CÔNG TY TNHH XUẤT NHẬP KHẨU LÊ TRẦN GIA,CÔNG TY TNHH MỘT THÀNH VIÊN HUY VŨ
1047,muavao,5,28545455.00,2024-10-01 17:00:00,CHI NHÁNH CÔNG TY CỔ PHẦN ĐẦU TƯ VÀ PHÁT TRIỂN CÔNG NGHỆ QUỐC GIA ADG TẠI ĐÀ NẴNG,Công Ty TNHH Một Thành Viên Huy Vũ
54996945,muavao,1,5469863.00,2024-09-30 17:00:00,NGÂN HÀNG TMCP Á CHÂU,CTY TNHH MTV HUY VU
704077,muavao,1,563008.00,2024-09-30 17:00:00,TRUNG TÂM KINH DOANH VNPT - GIA LAI - CHI NHÁNH TỔNG CÔNG TY DỊCH VỤ VIỄN THÔNG,Công Ty TNHH MTV Huy Vũ
703990,muavao,1,210944.00,2024-09-30 17:00:00,TRUNG TÂM KINH DOANH VNPT - GIA LAI - CHI NHÁNH TỔNG CÔNG TY DỊCH VỤ VIỄN THÔNG,Công Ty TNHH MTV Huy Vũ
703989,muavao,1,636225.00,2024-09-30 17:00:00,TRUNG TÂM KINH DOANH VNPT - GIA LAI - CHI NHÁNH TỔNG CÔNG TY DỊCH VỤ VIỄN THÔNG,Công Ty TNHH MTV Huy Vũ
665861,muavao,1,249635.00,2024-09-30 17:00:00,TRUNG TÂM KINH DOANH VNPT - GIA LAI - CHI NHÁNH TỔNG CÔNG TY DỊCH VỤ VIỄN THÔNG,Công Ty TNHH MTV Huy Vũ
637174,muavao,1,274000.00,2024-09-30 17:00:00,TRUNG TÂM KINH DOANH VNPT - GIA LAI - CHI NHÁNH TỔNG CÔNG TY DỊCH VỤ VIỄN THÔNG,Công Ty TNHH MTV Huy Vũ
637136,muavao,1,20000.00,2024-09-30 17:00:00,TRUNG TÂM KINH DOANH VNPT - GIA LAI - CHI NHÁNH TỔNG CÔNG TY DỊCH VỤ VIỄN THÔNG,Công Ty TNHH MTV Huy Vũ
637093,muavao,1,24545.00,2024-09-30 17:00:00,TRUNG TÂM KINH DOANH VNPT - GIA LAI - CHI NHÁNH TỔNG CÔNG TY DỊCH VỤ VIỄN THÔNG,Công Ty  TNHH MTV Huy Vũ
637092,muavao,1,21000.00,2024-09-30 17:00:00,TRUNG TÂM KINH DOANH VNPT - GIA LAI - CHI NHÁNH TỔNG CÔNG TY DỊCH VỤ VIỄN THÔNG,Công Ty TNHH MTV  Huy Vũ
636937,muavao,1,233636.00,2024-09-30 17:00:00,TRUNG TÂM KINH DOANH VNPT - GIA LAI - CHI NHÁNH TỔNG CÔNG TY DỊCH VỤ VIỄN THÔNG,Cửa Hàng Máy Tình Trường Sơn
519377,muavao,1,18000000.00,2024-09-30 17:00:00,CÔNG TY CỔ PHẦN THẾ GIỚI SỐ,CÔNG TY TNHH MTV HUY VŨ
518596,muavao,1,24000000.00,2024-09-30 17:00:00,CÔNG TY CỔ PHẦN THẾ GIỚI SỐ,CÔNG TY TNHH MTV HUY VŨ
136192,muavao,1,19000.00,2024-09-30 17:00:00,Ngân hàng TMCP Sài Gòn Thương Tín - Chi nhánh Gia Lai,CONG TY TNHH MTV HUY VU
136187,muavao,1,20000.00,2024-09-30 17:00:00,Ngân hàng TMCP Sài Gòn Thương Tín - Chi nhánh Gia Lai,CONG TY TNHH MTV HUY VU
136186,muavao,1,19000.00,2024-09-30 17:00:00,Ngân hàng TMCP Sài Gòn Thương Tín - Chi nhánh Gia Lai,CONG TY TNHH MTV HUY VU
2752,muavao,1,1768518.00,2024-09-30 17:00:00,CHI NHÁNH CÔNG TY TNHH CÔNG NGHỆ VÀ THƯƠNG MẠI Á MỸ,CÔNG TY TNHH MỘT THÀNH VIÊN HUY VŨ
2751,muavao,1,7672727.00,2024-09-30 17:00:00,CHI NHÁNH CÔNG TY TNHH CÔNG NGHỆ VÀ THƯƠNG MẠI Á MỸ,CÔNG TY TNHH MỘT THÀNH VIÊN HUY VŨ
1699,muavao,1,5681818.00,2024-09-30 17:00:00,CÔNG TY TNHH MỘT THÀNH VIÊN DỊCH VỤ THƯƠNG MẠI MẠNH TÀI,CÔNG TY TNHH MỘT THÀNH VIÊN HUY VŨ
214,muavao,1,4000000.00,2024-09-30 17:00:00,CÔNG TY TNHH MỘT THÀNH VIÊN THẾ HỆ MỚI GIA LAI,CÔNG TY TNHH MTV HUY VŨ
85838024,muavao,1,74074.00,2024-11-29 17:00:00,CÔNG TY TNHH THU PHÍ TỰ ĐỘNG VETC,CÔNG TY TNHH MỘT THÀNH VIÊN HUY VŨ
113337,muavao,1,60909091.00,2024-11-29 17:00:00,CÔNG TY CỔ PHẦN DỊCH VỤ PHÂN PHỐI TỔNG HỢP DẦU KHÍ,Công ty TNHH  Một Thành Viên Huy Vũ
103597,muavao,1,133454364.00,2024-11-29 17:00:00,CÔNG TY TNHH MỘT THÀNH VIÊN CÔNG NGHỆ TIN HỌC VIỄN SƠN,CÔNG TY TNHH MỘT THÀNH VIÊN HUY VŨ
103485,muavao,1,6363636.00,2024-11-29 17:00:00,CÔNG TY TNHH MỘT THÀNH VIÊN CÔNG NGHỆ TIN HỌC VIỄN SƠN,CÔNG TY TNHH MỘT THÀNH VIÊN HUY VŨ
103444,muavao,1,7918182.00,2024-11-29 17:00:00,CÔNG TY TNHH MỘT THÀNH VIÊN CÔNG NGHỆ TIN HỌC VIỄN SƠN,CÔNG TY TNHH MỘT THÀNH VIÊN HUY VŨ
60562,muavao,1,71731.00,2024-11-29 17:00:00,CÔNG TY CỔ PHẦN CÔNG NGHỆ VI MÔ,CÔNG TY TNHH MỘT THÀNH VIÊN HUY VŨ
31718,muavao,1,52000.00,2024-11-29 17:00:00,Ngân hàng Thương mại Cổ phần Đầu tư và Phát triển Việt Nam - Chi nhánh Gia Lai,CONG TY TNHH MTV HUY VU
4094,muavao,1,6200000.00,2024-11-29 17:00:00,CÔNG TY TNHH GIẢI PHÁP FINGERTAS,CÔNG TY TNHH MỘT THÀNH VIÊN HUY VŨ
65653966,muavao,1,109091.00,2024-11-28 17:00:00,NGÂN HÀNG TMCP Á CHÂU,CTY TNHH MTV HUY VU
65652881,muavao,1,4545.00,2024-11-28 17:00:00,NGÂN HÀNG TMCP Á CHÂU,CTY TNHH MTV HUY VU
165552,muavao,1,225000.00,2024-11-27 17:00:00,Ngân hàng TMCP Sài Gòn Thương Tín - Chi nhánh Gia Lai,CONG TY TNHH MTV HUY VU
7190,muavao,1,28500.00,2024-11-18 17:00:00,Ngân hàng TMCP Sài Gòn Thương Tín - Chi nhánh Gia Lai,CONG TY TNHH MTV HUY VU
42281,muavao,1,6455455.00,2024-11-27 17:00:00,CÔNG TY CỔ PHẦN MÁY TÍNH VĨNH XUÂN - CHI NHÁNH THÀNH PHỐ HỒ CHÍ MINH,CÔNG TY TNHH MỘT THÀNH VIÊN HUY VŨ
7384,muavao,1,20000.00,2024-11-27 17:00:00,Ngân hàng TMCP Sài Gòn Thương Tín - Chi nhánh Gia Lai,CONG TY TNHH MTV HUY VU
5750,muavao,1,4181818.00,2024-11-27 17:00:00,CÔNG TY CỔ PHẦN ĐẦU TƯ PHÁT TRIỂN CÔNG NGHỆ ROBO,CÔNG TY TNHH MỘT THÀNH VIÊN HUY VŨ
801642,muavao,1,0.00,2024-11-26 17:00:00,Viettel Gia Lai- Chi nhánh Tập đoàn Công nghiệp - Viễn thông Quân đội,Công Ty Tnhh Huy Vũ
800717,muavao,3,0.00,2024-11-26 17:00:00,Viettel Gia Lai- Chi nhánh Tập đoàn Công nghiệp - Viễn thông Quân đội,Công Ty Tnhh Huy Vũ
800716,muavao,5,0.00,2024-11-26 17:00:00,Viettel Gia Lai- Chi nhánh Tập đoàn Công nghiệp - Viễn thông Quân đội,Công Ty Tnhh Huy Vũ
163874,muavao,1,40000.00,2024-11-26 17:00:00,Ngân hàng TMCP Sài Gòn Thương Tín - Chi nhánh Gia Lai,CONG TY TNHH MTV HUY VU
42143,muavao,1,14290909.00,2024-11-26 17:00:00,CÔNG TY CỔ PHẦN MÁY TÍNH VĨNH XUÂN - CHI NHÁNH THÀNH PHỐ HỒ CHÍ MINH,CÔNG TY TNHH MỘT THÀNH VIÊN HUY VŨ
10816,muavao,1,7818182.00,2024-11-26 17:00:00,CÔNG TY TNHH THƯƠNG MẠI DỊCH VỤ TIN HỌC ANH PHƯƠNG A.P.C.O.M,CÔNG TY TNHH MỘT THÀNH VIÊN HUY VŨ
611280,muavao,1,62181818.00,2024-11-25 17:00:00,CÔNG TY CỔ PHẦN THẾ GIỚI SỐ,CÔNG TY TNHH MTV HUY VŨ
163398,muavao,1,23000.00,2024-11-25 17:00:00,Ngân hàng TMCP Sài Gòn Thương Tín - Chi nhánh Gia Lai,CONG TY TNHH MTV HUY VU
744,muavao,1,19756367.00,2024-11-25 17:00:00,CHI NHÁNH CÔNG TY TNHH ĐIỆN TỬ CÔNG NGHỆ TƯỜNG AN - T.A.K.O TẠI THÀNH PHỐ HỒ CHÍ MINH,CÔNG TY TNHH MỘT THÀNH VIÊN HUY VŨ
162838,muavao,1,23000.00,2024-11-24 17:00:00,Ngân hàng TMCP Sài Gòn Thương Tín - Chi nhánh Gia Lai,CONG TY TNHH MTV HUY VU
162806,muavao,1,20000.00,2024-11-24 17:00:00,Ngân hàng TMCP Sài Gòn Thương Tín - Chi nhánh Gia Lai,CONG TY TNHH MTV HUY VU
12645,muavao,1,5836362.00,2024-11-24 17:00:00,Công Ty TNHH Công Nghệ Thông Tin An Phát,CÔNG TY TNHH MỘT THÀNH VIÊN HUY VŨ
7302,muavao,1,2727273.00,2024-11-24 17:00:00,Ngân hàng TMCP Sài Gòn Thương Tín - Chi nhánh Gia Lai,CONG TY TNHH MTV HUY VU
6806,muavao,1,11920000.00,2024-11-24 17:00:00,CÔNG TY TNHH CÔNG NGHỆ DSS ĐÀ NẴNG,CÔNG TY TNHH MỘT THÀNH VIÊN HUY VŨ
3380,muavao,1,5590909.00,2024-11-24 17:00:00,CHI NHÁNH CÔNG TY TNHH CÔNG NGHỆ VÀ THƯƠNG MẠI Á MỸ,CÔNG TY TNHH MỘT THÀNH VIÊN HUY VŨ
3012,muavao,1,2540909.00,2024-11-24 17:00:00,CÔNG TY TNHH THƯƠNG MẠI DỊCH VỤ SẢN XUẤT XUẤT NHẬP KHẨU MỰC IN VIỆT NHẬT,CÔNG TY TNHH MỘT THÀNH VIÊN HUY VŨ
1283,muavao,1,89563636.00,2024-11-24 17:00:00,CHI NHÁNH CÔNG TY CỔ PHẦN ĐẦU TƯ VÀ PHÁT TRIỂN CÔNG NGHỆ QUỐC GIA ADG TẠI ĐÀ NẴNG,Công Ty TNHH Một Thành Viên Huy Vũ
162459,muavao,1,19000.00,2024-11-21 17:00:00,Ngân hàng TMCP Sài Gòn Thương Tín - Chi nhánh Gia Lai,CONG TY TNHH MTV HUY VU
162448,muavao,1,19000.00,2024-11-21 17:00:00,Ngân hàng TMCP Sài Gòn Thương Tín - Chi nhánh Gia Lai,CONG TY TNHH MTV HUY VU
63392,muavao,1,10636364.00,2024-11-21 17:00:00,CÔNG TY TNHH VI TÍNH NGUYÊN KIM,CÔNG TY TNHH MỘT THÀNH VIÊN HUY VŨ
8399,muavao,1,9345454.00,2024-11-21 17:00:00,CÔNG TY TNHH PHÂN PHỐI PHƯƠNG VIỆT,CÔNG TY TNHH MỘT THÀNH VIÊN HUY VŨ
7276,muavao,1,20000.00,2024-11-21 17:00:00,Ngân hàng TMCP Sài Gòn Thương Tín - Chi nhánh Gia Lai,CONG TY TNHH MTV HUY VU
2986,muavao,1,1072727.00,2024-11-21 17:00:00,CÔNG TY TNHH THƯƠNG MẠI DỊCH VỤ SẢN XUẤT XUẤT NHẬP KHẨU MỰC IN VIỆT NHẬT,CÔNG TY TNHH MỘT THÀNH VIÊN HUY VŨ
638,muavao,1,3690909.00,2024-11-21 17:00:00,CÔNG TY TNHH PHƯƠNG KHANG COMPUTER,CÔNG TY TNHH MỘT THÀNH VIÊN HUY VŨ
162043,muavao,1,19000.00,2024-11-20 17:00:00,Ngân hàng TMCP Sài Gòn Thương Tín - Chi nhánh Gia Lai,CONG TY TNHH MTV HUY VU
162042,muavao,1,20000.00,2024-11-20 17:00:00,Ngân hàng TMCP Sài Gòn Thương Tín - Chi nhánh Gia Lai,CONG TY TNHH MTV HUY VU
10602,muavao,1,3290909.00,2024-11-20 17:00:00,CÔNG TY TNHH THƯƠNG MẠI DỊCH VỤ TIN HỌC ANH PHƯƠNG A.P.C.O.M,CÔNG TY TNHH MỘT THÀNH VIÊN HUY VŨ
5344,muavao,1,5200000.00,2024-11-20 17:00:00,CÔNG TY CỔ PHẦN MÁY TÍNH VĨNH XUÂN - CHI NHÁNH ĐÀ NẴNG,CÔNG TY TNHH MỘT THÀNH VIÊN HUY VŨ
161332,muavao,1,23000.00,2024-11-19 17:00:00,Ngân hàng TMCP Sài Gòn Thương Tín - Chi nhánh Gia Lai,CONG TY TNHH MTV HUY VU
109138,muavao,1,114545455.00,2024-11-19 17:00:00,CÔNG TY CỔ PHẦN DỊCH VỤ PHÂN PHỐI TỔNG HỢP DẦU KHÍ,Công ty TNHH  Một Thành Viên Huy Vũ
108665,muavao,1,124090909.00,2024-11-18 17:00:00,CÔNG TY CỔ PHẦN DỊCH VỤ PHÂN PHỐI TỔNG HỢP DẦU KHÍ,Công ty TNHH  Một Thành Viên Huy Vũ
100718,muavao,1,135668182.00,2024-11-18 17:00:00,CÔNG TY TNHH MỘT THÀNH VIÊN CÔNG NGHỆ TIN HỌC VIỄN SƠN,CÔNG TY TNHH MỘT THÀNH VIÊN HUY VŨ
159647,muavao,1,40000.00,2024-11-17 17:00:00,Ngân hàng TMCP Sài Gòn Thương Tín - Chi nhánh Gia Lai,CONG TY TNHH MTV HUY VU
4722,muavao,1,2777725.00,2024-11-17 17:00:00,CÔNG TY CỔ PHẦN THƯƠNG MẠI - DỊCH VỤ SAO NAM AN,Công Ty TNHH Một Thành Viên Huy Vũ
353,muavao,1,59145457.00,2024-11-17 17:00:00,CÔNG TY TNHH ĐIỆN TỬ TIN HỌC KIM PHÁT,Công Ty Trách Nhiệm Hữu Hạn một thành viên Huy Vũ
183,muavao,1,31111111.00,2024-11-17 17:00:00,CÔNG TY TNHH MỘT THÀNH VIÊN THƯƠNG MẠI PHƯỚC THỌ,CÔNG TY TNHH MỘT THÀNH VIÊN HUY VŨ
338485,muavao,1,454545.00,2024-11-16 17:00:00,CÔNG TY TNHH MTV XĂNG DẦU BẮC TÂY NGUYÊN,CÔNG TY TNHH MỘT THÀNH VIÊN HUY VŨ
8564,muavao,1,21818182.00,2024-11-15 17:00:00,CÔNG TY CỔ PHẦN XUẤT NHẬP KHẨU KỸ NGHỆ Á ĐÔNG,CÔNG TY TNHH MỘT THÀNH VIÊN HUY VŨ
159004,muavao,1,24000.00,2024-11-14 17:00:00,Ngân hàng TMCP Sài Gòn Thương Tín - Chi nhánh Gia Lai,CONG TY TNHH MTV HUY VU
8162,muavao,1,15513637.00,2024-11-14 17:00:00,CÔNG TY TNHH PHÂN PHỐI PHƯƠNG VIỆT,CÔNG TY TNHH MỘT THÀNH VIÊN HUY VŨ
4716,muavao,1,31554550.00,2024-11-14 17:00:00,CÔNG TY CỔ PHẦN THƯƠNG MẠI - DỊCH VỤ SAO NAM AN,Công Ty TNHH Một Thành Viên Huy Vũ
1317,muavao,1,13445455.00,2024-11-14 17:00:00,CHI NHÁNH CÔNG TY CỔ PHẦN HUETRONICS (TỈNH THỪA THIÊN HUẾ),CÔNG TY TNHH MỘT THÀNH VIÊN HUY VŨ
590331,muavao,1,59090910.00,2024-11-13 17:00:00,CÔNG TY CỔ PHẦN THẾ GIỚI SỐ,CÔNG TY TNHH MTV HUY VŨ
7114,muavao,1,26553.00,2024-11-13 17:00:00,Ngân hàng TMCP Sài Gòn Thương Tín - Chi nhánh Gia Lai,CONG TY TNHH MTV HUY VU
3908,muavao,1,4800000.00,2024-11-13 17:00:00,CÔNG TY TNHH GIẢI PHÁP FINGERTAS,CÔNG TY TNHH MỘT THÀNH VIÊN HUY VŨ
242745,muavao,1,3089090.00,2024-11-12 17:00:00,Chi nhánh Công ty TNHH phân phối Synnex FPT,Công ty TNHH MTV Huy Vũ
242741,muavao,1,2399995.00,2024-11-12 17:00:00,Chi nhánh Công ty TNHH phân phối Synnex FPT,Công ty TNHH MTV Huy Vũ
175599,muavao,1,4400000.00,2024-11-12 17:00:00,Công ty TNHH Phân phối Synnex FPT,Công ty TNHH MTV Huy Vũ
18384,muavao,1,24545455.00,2024-11-12 17:00:00,CÔNG TY CỔ PHẦN ĐẦU TƯ LBM,CÔNG TY TNHH MỘT THÀNH VIÊN HUY VŨ
8366,muavao,1,16727273.00,2024-11-12 17:00:00,Công ty TNHH Tin Học Kim Thiên Bảo,CÔNG TY TNHH MỘT THÀNH VIÊN HUY VŨ
4682,muavao,1,30672730.00,2024-11-12 17:00:00,CÔNG TY CỔ PHẦN THƯƠNG MẠI - DỊCH VỤ SAO NAM AN,Công Ty TNHH Một Thành Viên Huy Vũ
41,muavao,1,1300000.00,2024-11-12 17:00:00,CÔNG TY TNHH KỸ THUẬT CÔNG NGHỆ HẢI SƠN,CÔNG TY TNHH MỘT THÀNH VIÊN HUY VŨ
63128764,muavao,1,8837716.00,2024-11-11 17:00:00,NGÂN HÀNG TMCP Á CHÂU,CTY TNHH MTV HUY VU
63128753,muavao,1,6513115.00,2024-11-11 17:00:00,NGÂN HÀNG TMCP Á CHÂU,CTY TNHH MTV HUY VU
63128729,muavao,1,9721489.00,2024-11-11 17:00:00,NGÂN HÀNG TMCP Á CHÂU,CTY TNHH MTV HUY VU
63098278,muavao,1,118356.00,2024-11-11 17:00:00,NGÂN HÀNG TMCP Á CHÂU,CTY TNHH MTV HUY VU
156513,muavao,1,19000.00,2024-11-11 17:00:00,Ngân hàng TMCP Sài Gòn Thương Tín - Chi nhánh Gia Lai,CONG TY TNHH MTV HUY VU
99216,muavao,1,11045455.00,2024-11-11 17:00:00,CÔNG TY TNHH MỘT THÀNH VIÊN CÔNG NGHỆ TIN HỌC VIỄN SƠN,CÔNG TY TNHH MỘT THÀNH VIÊN HUY VŨ
99183,muavao,1,156922727.00,2024-11-11 17:00:00,CÔNG TY TNHH MỘT THÀNH VIÊN CÔNG NGHỆ TIN HỌC VIỄN SƠN,CÔNG TY TNHH MỘT THÀNH VIÊN HUY VŨ
17133,muavao,1,3318182.00,2024-11-11 17:00:00,CÔNG TY TNHH PHÂN PHỐI CÔNG NGHỆ VÀ DỊCH VỤ MỚI RỒNG VIỆT,CÔNG TY TNHH MỘT THÀNH VIÊN HUY VŨ
1226,muavao,1,22890909.00,2024-11-11 17:00:00,CHI NHÁNH CÔNG TY CỔ PHẦN ĐẦU TƯ VÀ PHÁT TRIỂN CÔNG NGHỆ QUỐC GIA ADG TẠI ĐÀ NẴNG,Công Ty TNHH Một Thành Viên Huy Vũ
62808860,muavao,1,556753.00,2024-11-10 17:00:00,NGÂN HÀNG TMCP Á CHÂU,CTY TNHH MTV HUY VU
175146,muavao,1,27090909.00,2024-11-10 17:00:00,Công ty TNHH Phân phối Synnex FPT,Công ty TNHH MTV Huy Vũ
155743,muavao,1,23000.00,2024-11-10 17:00:00,Ngân hàng TMCP Sài Gòn Thương Tín - Chi nhánh Gia Lai,CONG TY TNHH MTV HUY VU
7030,muavao,1,50000.00,2024-11-10 17:00:00,Ngân hàng TMCP Sài Gòn Thương Tín - Chi nhánh Gia Lai,CONG TY TNHH MTV HUY VU
347,muavao,1,10090909.00,2024-11-10 17:00:00,CÔNG TY TNHH ĐIỆN TỬ TIN HỌC KIM PHÁT,Công Ty Trách Nhiệm Hữu Hạn một thành viên Huy Vũ
584192,muavao,6,64090910.00,2024-11-08 17:00:00,CÔNG TY CỔ PHẦN THẾ GIỚI SỐ,CÔNG TY TNHH MTV HUY VŨ
175032,muavao,1,2181810.00,2024-11-08 17:00:00,Công ty TNHH Phân phối Synnex FPT,Công ty TNHH MTV Huy Vũ
106316,muavao,1,151272727.00,2024-11-08 17:00:00,CÔNG TY CỔ PHẦN DỊCH VỤ PHÂN PHỐI TỔNG HỢP DẦU KHÍ,Công ty TNHH  Một Thành Viên Huy Vũ
98707,muavao,1,156922727.00,2024-11-08 17:00:00,CÔNG TY TNHH MỘT THÀNH VIÊN CÔNG NGHỆ TIN HỌC VIỄN SƠN,CÔNG TY TNHH MỘT THÀNH VIÊN HUY VŨ
8294,muavao,1,12127273.00,2024-11-08 17:00:00,Công ty TNHH Tin Học Kim Thiên Bảo,CÔNG TY TNHH MỘT THÀNH VIÊN HUY VŨ
1803,muavao,1,8454545.00,2024-11-08 17:00:00,CÔNG TY TNHH XUẤT NHẬP KHẨU LÊ TRẦN GIA,CÔNG TY TNHH MỘT THÀNH VIÊN HUY VŨ
345,muavao,1,2978182.00,2024-11-08 17:00:00,CÔNG TY TNHH ĐIỆN TỬ TIN HỌC KIM PHÁT,Công Ty Trách Nhiệm Hữu Hạn một thành viên Huy Vũ
126,muavao,1,2435004.00,2024-11-08 17:00:00,CÔNG TY BẢO HIỂM BƯU ĐIỆN GIA LAI,Công Ty TNHH MTV Huy Vũ
11925,muavao,1,7327274.00,2024-11-07 17:00:00,Công Ty TNHH Công Nghệ Thông Tin An Phát,CÔNG TY TNHH MỘT THÀNH VIÊN HUY VŨ
6993,muavao,1,20000.00,2024-11-07 17:00:00,Ngân hàng TMCP Sài Gòn Thương Tín - Chi nhánh Gia Lai,CONG TY TNHH MTV HUY VU
2850,muavao,1,4960000.00,2024-11-07 17:00:00,CHI NHÁNH CÔNG TY TNHH THƯƠNG MẠI - ĐẦU TƯ VÀ PHÁT TRIỂN,Công Ty TNHH MTV Huy Vũ
1601,muavao,1,818182.00,2024-11-07 17:00:00,CÔNG TY TNHH CÔNG NGHỆ ÂU LẠC,CÔNG TY TNHH MỘT THÀNH VIÊN HUY VŨ
343,muavao,1,9096360.00,2024-11-07 17:00:00,CÔNG TY TNHH ĐIỆN TỬ TIN HỌC KIM PHÁT,Công Ty Trách Nhiệm Hữu Hạn một thành viên Huy Vũ
154495,muavao,1,20000.00,2024-11-06 17:00:00,Ngân hàng TMCP Sài Gòn Thương Tín - Chi nhánh Gia Lai,CONG TY TNHH MTV HUY VU
341,muavao,1,14489093.00,2024-11-06 17:00:00,CÔNG TY TNHH ĐIỆN TỬ TIN HỌC KIM PHÁT,Công Ty Trách Nhiệm Hữu Hạn một thành viên Huy Vũ
112,muavao,1,4363636.00,2024-11-06 17:00:00,CÔNG TY TNHH FINTECS,CÔNG TY TNHH MỘT THÀNH VIÊN HUY VŨ
928366,muavao,1,234545.00,2024-11-05 17:00:00,CÔNG TY DỊCH VỤ MOBIFONE KHU VỰC 7 - CHI NHÁNH TỔNG CÔNG TY VIỄN THÔNG MOBIFONE,Công ty TNHH MTV Huy Vũ
39276,muavao,1,1000000.00,2024-11-05 17:00:00,CÔNG TY CỔ PHẦN MÁY TÍNH VĨNH XUÂN - CHI NHÁNH THÀNH PHỐ HỒ CHÍ MINH,CÔNG TY TNHH MỘT THÀNH VIÊN HUY VŨ
5291,muavao,1,4200000.00,2024-11-05 17:00:00,CÔNG TY CỔ PHẦN ĐẦU TƯ PHÁT TRIỂN CÔNG NGHỆ ROBO,CÔNG TY TNHH MỘT THÀNH VIÊN HUY VŨ
5030,muavao,1,19327272.00,2024-11-05 17:00:00,CÔNG TY CỔ PHẦN MÁY TÍNH VĨNH XUÂN - CHI NHÁNH ĐÀ NẴNG,CÔNG TY TNHH MỘT THÀNH VIÊN HUY VŨ
3159,muavao,1,7218182.00,2024-11-05 17:00:00,CHI NHÁNH CÔNG TY TNHH CÔNG NGHỆ VÀ THƯƠNG MẠI Á MỸ,CÔNG TY TNHH MỘT THÀNH VIÊN HUY VŨ
2328,muavao,1,10363637.00,2024-11-05 17:00:00,CÔNG TY CỔ PHẦN RIOTECH,CÔNG TY TNHH MỘT THÀNH VIÊN HUY VŨ
1762,muavao,1,16409091.00,2024-11-05 17:00:00,CÔNG TY TNHH XUẤT NHẬP KHẨU LÊ TRẦN GIA,CÔNG TY TNHH MỘT THÀNH VIÊN HUY VŨ
39231,muavao,1,5409091.00,2024-11-04 17:00:00,CÔNG TY CỔ PHẦN MÁY TÍNH VĨNH XUÂN - CHI NHÁNH THÀNH PHỐ HỒ CHÍ MINH,CÔNG TY TNHH MỘT THÀNH VIÊN HUY VŨ
35566,muavao,1,10690910.00,2024-11-04 17:00:00,CÔNG TY CỔ PHẦN MÁY TÍNH VĨNH XUÂN,CÔNG TY TNHH MỘT THÀNH VIÊN HUY VŨ
2360,muavao,1,10781819.00,2024-11-04 17:00:00,CÔNG TY TNHH THƯƠNG MẠI KỸ THUẬT DIỆP KHÁNH,Công ty TNHH MTV Huy Vũ
1192,muavao,1,10400000.00,2024-11-04 17:00:00,CHI NHÁNH CÔNG TY CỔ PHẦN ĐẦU TƯ VÀ PHÁT TRIỂN CÔNG NGHỆ QUỐC GIA ADG TẠI ĐÀ NẴNG,Công Ty TNHH Một Thành Viên Huy Vũ
1191,muavao,1,59686364.00,2024-11-04 17:00:00,CHI NHÁNH CÔNG TY CỔ PHẦN ĐẦU TƯ VÀ PHÁT TRIỂN CÔNG NGHỆ QUỐC GIA ADG TẠI ĐÀ NẴNG,Công Ty TNHH Một Thành Viên Huy Vũ
152808,muavao,1,20000.00,2024-11-03 17:00:00,Ngân hàng TMCP Sài Gòn Thương Tín - Chi nhánh Gia Lai,CONG TY TNHH MTV HUY VU
152647,muavao,1,20000.00,2024-11-03 17:00:00,Ngân hàng TMCP Sài Gòn Thương Tín - Chi nhánh Gia Lai,CONG TY TNHH MTV HUY VU
97718,muavao,1,156922727.00,2024-11-03 17:00:00,CÔNG TY TNHH MỘT THÀNH VIÊN CÔNG NGHỆ TIN HỌC VIỄN SƠN,CÔNG TY TNHH MỘT THÀNH VIÊN HUY VŨ
6906,muavao,1,20000.00,2024-11-03 17:00:00,Ngân hàng TMCP Sài Gòn Thương Tín - Chi nhánh Gia Lai,CONG TY TNHH MTV HUY VU
6397,muavao,1,9823637.00,2024-11-03 17:00:00,CÔNG TY TNHH CÔNG NGHỆ DSS ĐÀ NẴNG,CÔNG TY TNHH MỘT THÀNH VIÊN HUY VŨ
89417926,muavao,1,350000.00,2024-11-01 17:00:00,Tập đoàn Công nghiệp - Viễn thông Quân đội,Công Ty Tnhh Huy Vũ
3759,muavao,1,14400000.00,2024-11-01 17:00:00,CÔNG TY TNHH GIẢI PHÁP FINGERTAS,CÔNG TY TNHH MỘT THÀNH VIÊN HUY VŨ
783836,muavao,1,458132.00,2024-10-31 17:00:00,TRUNG TÂM KINH DOANH VNPT - GIA LAI - CHI NHÁNH TỔNG CÔNG TY DỊCH VỤ VIỄN THÔNG,Công Ty TNHH MTV Huy Vũ
783748,muavao,1,219976.00,2024-10-31 17:00:00,TRUNG TÂM KINH DOANH VNPT - GIA LAI - CHI NHÁNH TỔNG CÔNG TY DỊCH VỤ VIỄN THÔNG,Công Ty TNHH MTV Huy Vũ
783747,muavao,1,588690.00,2024-10-31 17:00:00,TRUNG TÂM KINH DOANH VNPT - GIA LAI - CHI NHÁNH TỔNG CÔNG TY DỊCH VỤ VIỄN THÔNG,Công Ty TNHH MTV Huy Vũ
744220,muavao,1,249636.00,2024-10-31 17:00:00,TRUNG TÂM KINH DOANH VNPT - GIA LAI - CHI NHÁNH TỔNG CÔNG TY DỊCH VỤ VIỄN THÔNG,Công Ty TNHH MTV Huy Vũ
715107,muavao,1,274000.00,2024-10-31 17:00:00,TRUNG TÂM KINH DOANH VNPT - GIA LAI - CHI NHÁNH TỔNG CÔNG TY DỊCH VỤ VIỄN THÔNG,Công Ty TNHH MTV Huy Vũ
715069,muavao,1,20000.00,2024-10-31 17:00:00,TRUNG TÂM KINH DOANH VNPT - GIA LAI - CHI NHÁNH TỔNG CÔNG TY DỊCH VỤ VIỄN THÔNG,Công Ty TNHH MTV Huy Vũ
715028,muavao,1,24545.00,2024-10-31 17:00:00,TRUNG TÂM KINH DOANH VNPT - GIA LAI - CHI NHÁNH TỔNG CÔNG TY DỊCH VỤ VIỄN THÔNG,Công Ty  TNHH MTV Huy Vũ
715027,muavao,1,23000.00,2024-10-31 17:00:00,TRUNG TÂM KINH DOANH VNPT - GIA LAI - CHI NHÁNH TỔNG CÔNG TY DỊCH VỤ VIỄN THÔNG,Công Ty TNHH MTV  Huy Vũ
714875,muavao,1,233636.00,2024-10-31 17:00:00,TRUNG TÂM KINH DOANH VNPT - GIA LAI - CHI NHÁNH TỔNG CÔNG TY DỊCH VỤ VIỄN THÔNG,Cửa Hàng Máy Tình Trường Sơn
152195,muavao,1,19000.00,2024-10-31 17:00:00,Ngân hàng TMCP Sài Gòn Thương Tín - Chi nhánh Gia Lai,CONG TY TNHH MTV HUY VU
152190,muavao,1,19000.00,2024-10-31 17:00:00,Ngân hàng TMCP Sài Gòn Thương Tín - Chi nhánh Gia Lai,CONG TY TNHH MTV HUY VU
13038,muavao,1,15141817.00,2024-10-31 17:00:00,CÔNG TY TNHH PHƯƠNG KHANG COMPUTER,CÔNG TY TNHH MỘT THÀNH VIÊN HUY VŨ
3751,muavao,1,14400000.00,2024-10-31 17:00:00,CÔNG TY TNHH GIẢI PHÁP FINGERTAS,CÔNG TY TNHH MỘT THÀNH VIÊN HUY VŨ
1748,muavao,6,8454545.00,2024-10-31 17:00:00,CÔNG TY TNHH XUẤT NHẬP KHẨU LÊ TRẦN GIA,CÔNG TY TNHH MỘT THÀNH VIÊN HUY VŨ
1177,muavao,1,10400000.00,2024-10-31 17:00:00,CHI NHÁNH CÔNG TY CỔ PHẦN ĐẦU TƯ VÀ PHÁT TRIỂN CÔNG NGHỆ QUỐC GIA ADG TẠI ĐÀ NẴNG,Công Ty TNHH Một Thành Viên Huy Vũ
340,muavao,1,8318182.00,2024-10-31 17:00:00,CÔNG TY TNHH ĐIỆN TỬ TIN HỌC KIM PHÁT,Công Ty Trách Nhiệm Hữu Hạn một thành viên Huy Vũ
673332,muavao,1,6727272.00,2024-12-30 17:00:00,CÔNG TY CỔ PHẦN THẾ GIỚI SỐ,CÔNG TY TNHH MTV HUY VŨ
182303,muavao,1,19000.00,2024-12-30 17:00:00,Ngân hàng TMCP Sài Gòn Thương Tín - Chi nhánh Gia Lai,CONG TY TNHH MTV HUY VU
110347,muavao,1,568062182.00,2024-12-30 17:00:00,CÔNG TY TNHH MỘT THÀNH VIÊN CÔNG NGHỆ TIN HỌC VIỄN SƠN,CÔNG TY TNHH MỘT THÀNH VIÊN HUY VŨ
110346,muavao,1,6363636.00,2024-12-30 17:00:00,CÔNG TY TNHH MỘT THÀNH VIÊN CÔNG NGHỆ TIN HỌC VIỄN SƠN,CÔNG TY TNHH MỘT THÀNH VIÊN HUY VŨ
66619,muavao,1,166418.00,2024-12-30 17:00:00,CÔNG TY CỔ PHẦN CÔNG NGHỆ VI MÔ,CÔNG TY TNHH MỘT THÀNH VIÊN HUY VŨ
5613,muavao,1,11380041.00,2024-12-30 17:00:00,CÔNG TY CỔ PHẦN THƯƠNG MẠI - DỊCH VỤ SAO NAM AN,Công Ty TNHH Một Thành Viên Huy Vũ
5612,muavao,1,15695957.00,2024-12-30 17:00:00,CÔNG TY CỔ PHẦN THƯƠNG MẠI - DỊCH VỤ SAO NAM AN,Công Ty TNHH Một Thành Viên Huy Vũ
5521,muavao,1,190170926.00,2024-12-30 17:00:00,CÔNG TY CỔ PHẦN THƯƠNG MẠI - DỊCH VỤ SAO NAM AN,Công Ty TNHH Một Thành Viên Huy Vũ
3028,muavao,1,2090909.00,2024-12-30 17:00:00,CÔNG TY CỔ PHẦN RIOTECH,CÔNG TY TNHH MỘT THÀNH VIÊN HUY VŨ
71021650,muavao,1,4545.00,2024-12-29 17:00:00,NGÂN HÀNG TMCP Á CHÂU,CTY TNHH MTV HUY VU
71021574,muavao,1,4545.00,2024-12-29 17:00:00,NGÂN HÀNG TMCP Á CHÂU,CTY TNHH MTV HUY VU
70989082,muavao,1,2033239.00,2024-12-29 17:00:00,NGÂN HÀNG TMCP Á CHÂU,CTY TNHH MTV HUY VU
70910587,muavao,1,2034157.00,2024-12-29 17:00:00,NGÂN HÀNG TMCP Á CHÂU,CTY TNHH MTV HUY VU
182138,muavao,1,52739726.00,2024-12-29 17:00:00,Ngân hàng TMCP Sài Gòn Thương Tín - Chi nhánh Gia Lai,CONG TY TNHH MTV HUY VU
181694,muavao,1,60000.00,2024-12-29 17:00:00,Ngân hàng TMCP Sài Gòn Thương Tín - Chi nhánh Gia Lai,CONG TY TNHH MTV HUY VU
35551,muavao,1,82000.00,2024-12-29 17:00:00,Ngân hàng Thương mại Cổ phần Đầu tư và Phát triển Việt Nam - Chi nhánh Gia Lai,CONG TY TNHH MTV HUY VU
6448,muavao,1,6272727.00,2024-12-29 17:00:00,CÔNG TY CỔ PHẦN ĐẦU TƯ PHÁT TRIỂN CÔNG NGHỆ ROBO,CÔNG TY TNHH MỘT THÀNH VIÊN HUY VŨ
218,muavao,1,3518518.00,2024-12-29 17:00:00,CÔNG TY TNHH MỘT THÀNH VIÊN THƯƠNG MẠI PHƯỚC THỌ,CÔNG TY TNHH MỘT THÀNH VIÊN HUY VŨ
270311,muavao,1,4181818.00,2024-12-27 17:00:00,Chi nhánh Công ty TNHH phân phối Synnex FPT,Công ty TNHH MTV Huy Vũ
108991,muavao,1,6617305.00,2024-12-27 17:00:00,CÔNG TY TNHH MỘT THÀNH VIÊN CÔNG NGHỆ TIN HỌC VIỄN SƠN,CÔNG TY TNHH MỘT THÀNH VIÊN HUY VŨ
5478,muavao,1,186100015.00,2024-12-27 17:00:00,CÔNG TY CỔ PHẦN THƯƠNG MẠI - DỊCH VỤ SAO NAM AN,Công Ty TNHH Một Thành Viên Huy Vũ
70676915,muavao,1,118182.00,2024-12-26 17:00:00,NGÂN HÀNG TMCP Á CHÂU,CTY TNHH MTV HUY VU
181349,muavao,1,19000.00,2024-12-26 17:00:00,Ngân hàng TMCP Sài Gòn Thương Tín - Chi nhánh Gia Lai,CONG TY TNHH MTV HUY VU
181167,muavao,1,60000.00,2024-12-26 17:00:00,Ngân hàng TMCP Sài Gòn Thương Tín - Chi nhánh Gia Lai,CONG TY TNHH MTV HUY VU
180819,muavao,1,225000.00,2024-12-26 17:00:00,Ngân hàng TMCP Sài Gòn Thương Tín - Chi nhánh Gia Lai,CONG TY TNHH MTV HUY VU
11746,muavao,3,-231818.00,2024-12-26 17:00:00,CHI NHÁNH CÔNG TY CỔ PHẦN KỸ THUẬT CÔNG NGHỆ NAM THÀNH,Công ty TNHH  Một Thành Viên Huy Vũ
5466,muavao,1,1345460.00,2024-12-26 17:00:00,CÔNG TY CỔ PHẦN THƯƠNG MẠI - DỊCH VỤ SAO NAM AN,Công Ty TNHH Một Thành Viên Huy Vũ
3724,muavao,1,1805556.00,2024-12-26 17:00:00,CHI NHÁNH CÔNG TY TNHH CÔNG NGHỆ VÀ THƯƠNG MẠI Á MỸ,CÔNG TY TNHH MỘT THÀNH VIÊN HUY VŨ
3719,muavao,1,5527273.00,2024-12-26 17:00:00,CHI NHÁNH CÔNG TY TNHH CÔNG NGHỆ VÀ THƯƠNG MẠI Á MỸ,CÔNG TY TNHH MỘT THÀNH VIÊN HUY VŨ
3072,muavao,1,24300000.00,2024-12-26 17:00:00,CÔNG TY TNHH A.B.M,CÔNG TY TNHH MỘT THÀNH VIÊN HUY VŨ
70567811,muavao,1,4545.00,2024-12-25 17:00:00,NGÂN HÀNG TMCP Á CHÂU,CTY TNHH MTV HUY VU
70567387,muavao,1,4545.00,2024-12-25 17:00:00,NGÂN HÀNG TMCP Á CHÂU,CTY TNHH MTV HUY VU
70549705,muavao,1,3732603.00,2024-12-25 17:00:00,NGÂN HÀNG TMCP Á CHÂU,CTY TNHH MTV HUY VU
661573,muavao,1,1363636.00,2024-12-25 17:00:00,CÔNG TY CỔ PHẦN THẾ GIỚI SỐ,CÔNG TY TNHH MTV HUY VŨ
179681,muavao,1,19000.00,2024-12-25 17:00:00,Ngân hàng TMCP Sài Gòn Thương Tín - Chi nhánh Gia Lai,CONG TY TNHH MTV HUY VU
179680,muavao,1,19000.00,2024-12-25 17:00:00,Ngân hàng TMCP Sài Gòn Thương Tín - Chi nhánh Gia Lai,CONG TY TNHH MTV HUY VU
7372,muavao,1,9700000.00,2024-12-25 17:00:00,CÔNG TY TNHH THẢO NHIÊN,CÔNG TY TNHH MỘT THÀNH VIÊN HUY VŨ
3442,muavao,1,2516000.00,2024-12-25 17:00:00,CÔNG TY TNHH THƯƠNG MẠI DỊCH VỤ SẢN XUẤT XUẤT NHẬP KHẨU MỰC IN VIỆT NHẬT,CÔNG TY TNHH MỘT THÀNH VIÊN HUY VŨ
390,muavao,1,9009259.00,2024-12-25 17:00:00,CÔNG TY TNHH ĐIỆN TỬ TIN HỌC KIM PHÁT,Công Ty Trách Nhiệm Hữu Hạn một thành viên Huy Vũ
130,muavao,1,4363636.00,2024-12-25 17:00:00,CÔNG TY TNHH FINTECS,CÔNG TY TNHH MỘT THÀNH VIÊN HUY VŨ
70347916,muavao,1,172727.00,2024-12-24 17:00:00,NGÂN HÀNG TMCP Á CHÂU,CTY TNHH MTV HUY VU
265027,muavao,1,1772727.00,2024-12-24 17:00:00,Chi nhánh Công ty TNHH phân phối Synnex FPT,Công ty TNHH MTV Huy Vũ
190286,muavao,1,677275.00,2024-12-24 17:00:00,Công ty TNHH Phân phối Synnex FPT,Công ty TNHH MTV Huy Vũ
190285,muavao,1,954545.00,2024-12-24 17:00:00,Công ty TNHH Phân phối Synnex FPT,Công ty TNHH MTV Huy Vũ
190269,muavao,1,10745449.00,2024-12-24 17:00:00,Công ty TNHH Phân phối Synnex FPT,Công ty TNHH MTV Huy Vũ
179060,muavao,1,40000.00,2024-12-24 17:00:00,Ngân hàng TMCP Sài Gòn Thương Tín - Chi nhánh Gia Lai,CONG TY TNHH MTV HUY VU
34992,muavao,1,25363636.00,2024-12-24 17:00:00,Công Ty TNHH Một Thành Viên Bảo Vinh,CÔNG TY TNHH MTV HUY VŨ
6075,muavao,1,4477273.00,2024-12-24 17:00:00,CÔNG TY CỔ PHẦN MÁY TÍNH VĨNH XUÂN - CHI NHÁNH ĐÀ NẴNG,CÔNG TY TNHH MỘT THÀNH VIÊN HUY VŨ
178867,muavao,1,19000.00,2024-12-23 17:00:00,Ngân hàng TMCP Sài Gòn Thương Tín - Chi nhánh Gia Lai,CONG TY TNHH MTV HUY VU
178840,muavao,1,19000.00,2024-12-23 17:00:00,Ngân hàng TMCP Sài Gòn Thương Tín - Chi nhánh Gia Lai,CONG TY TNHH MTV HUY VU
2881,muavao,1,3136363.00,2024-12-23 17:00:00,CÔNG TY CỔ PHẦN RIOTECH,CÔNG TY TNHH MỘT THÀNH VIÊN HUY VŨ
386,muavao,2,12927273.00,2024-12-23 17:00:00,CÔNG TY TNHH ĐIỆN TỬ TIN HỌC KIM PHÁT,Công Ty Trách Nhiệm Hữu Hạn một thành viên Huy Vũ
70104352,muavao,1,163636.00,2024-12-22 17:00:00,NGÂN HÀNG TMCP Á CHÂU,CTY TNHH MTV HUY VU
177314,muavao,1,19000.00,2024-12-22 17:00:00,Ngân hàng TMCP Sài Gòn Thương Tín - Chi nhánh Gia Lai,CONG TY TNHH MTV HUY VU
6244,muavao,1,4200000.00,2024-12-22 17:00:00,CÔNG TY CỔ PHẦN ĐẦU TƯ PHÁT TRIỂN CÔNG NGHỆ ROBO,CÔNG TY TNHH MỘT THÀNH VIÊN HUY VŨ
385,muavao,4,13418184.00,2024-12-22 17:00:00,CÔNG TY TNHH ĐIỆN TỬ TIN HỌC KIM PHÁT,Công Ty Trách Nhiệm Hữu Hạn một thành viên Huy Vũ
4412,muavao,1,10800000.00,2024-12-20 17:00:00,CÔNG TY TNHH GIẢI PHÁP FINGERTAS,CÔNG TY TNHH MỘT THÀNH VIÊN HUY VŨ
648550,muavao,1,136272730.00,2024-12-19 17:00:00,CÔNG TY CỔ PHẦN THẾ GIỚI SỐ,CÔNG TY TNHH MTV HUY VŨ
176567,muavao,1,19000.00,2024-12-19 17:00:00,Ngân hàng TMCP Sài Gòn Thương Tín - Chi nhánh Gia Lai,CONG TY TNHH MTV HUY VU
7237,muavao,1,2363636.00,2024-12-19 17:00:00,CÔNG TY TNHH THẢO NHIÊN,CÔNG TY TNHH MỘT THÀNH VIÊN HUY VŨ
2096,muavao,1,16545454.00,2024-12-19 17:00:00,CÔNG TY TNHH XUẤT NHẬP KHẨU LÊ TRẦN GIA,CÔNG TY TNHH MỘT THÀNH VIÊN HUY VŨ
1260,muavao,1,2750000.00,2024-12-19 17:00:00,CÔNG TY CỔ PHẦN PHÂN PHỐI ĐIỆN TỬ JVS,CÔNG TY TNHH MỘT THÀNH VIÊN HUY VŨ
382,muavao,1,3500000.00,2024-12-19 17:00:00,CÔNG TY TNHH ĐIỆN TỬ TIN HỌC KIM PHÁT,Công Ty Trách Nhiệm Hữu Hạn một thành viên Huy Vũ
69418376,muavao,1,2820822.00,2024-12-18 17:00:00,NGÂN HÀNG TMCP Á CHÂU,CTY TNHH MTV HUY VU
11417,muavao,1,4545454.00,2024-12-18 17:00:00,CHI NHÁNH CÔNG TY CỔ PHẦN KỸ THUẬT CÔNG NGHỆ NAM THÀNH,Công ty TNHH  Một Thành Viên Huy Vũ
7873,muavao,1,15000.00,2024-12-18 17:00:00,Ngân hàng TMCP Sài Gòn Thương Tín - Chi nhánh Gia Lai,CONG TY TNHH MTV HUY VU
7163,muavao,1,5472727.00,2024-12-17 17:00:00,CÔNG TY TNHH THẢO NHIÊN,CÔNG TY TNHH MỘT THÀNH VIÊN HUY VŨ
1423,muavao,1,115272727.00,2024-12-17 17:00:00,CHI NHÁNH CÔNG TY CỔ PHẦN ĐẦU TƯ VÀ PHÁT TRIỂN CÔNG NGHỆ QUỐC GIA ADG TẠI ĐÀ NẴNG,Công Ty TNHH Một Thành Viên Huy Vũ
1421,muavao,1,207750000.00,2024-12-17 17:00:00,CHI NHÁNH CÔNG TY CỔ PHẦN ĐẦU TƯ VÀ PHÁT TRIỂN CÔNG NGHỆ QUỐC GIA ADG TẠI ĐÀ NẴNG,Công Ty TNHH Một Thành Viên Huy Vũ
1420,muavao,1,436659091.00,2024-12-17 17:00:00,CHI NHÁNH CÔNG TY CỔ PHẦN ĐẦU TƯ VÀ PHÁT TRIỂN CÔNG NGHỆ QUỐC GIA ADG TẠI ĐÀ NẴNG,Công Ty TNHH Một Thành Viên Huy Vũ
899,muavao,1,12727273.00,2024-12-17 17:00:00,CÔNG TY TNHH CÔNG NGHỆ TIN HỌC TG,CÔNG TY TNHH MỘT THÀNH VIÊN HUY VŨ
174836,muavao,1,19000.00,2024-12-16 17:00:00,Ngân hàng TMCP Sài Gòn Thương Tín - Chi nhánh Gia Lai,CONG TY TNHH MTV HUY VU
203,muavao,1,3518518.00,2024-12-16 17:00:00,CÔNG TY TNHH MỘT THÀNH VIÊN THƯƠNG MẠI PHƯỚC THỌ,CÔNG TY TNHH MỘT THÀNH VIÊN HUY VŨ
174140,muavao,1,19000.00,2024-12-15 17:00:00,Ngân hàng TMCP Sài Gòn Thương Tín - Chi nhánh Gia Lai,CONG TY TNHH MTV HUY VU
174139,muavao,1,19000.00,2024-12-15 17:00:00,Ngân hàng TMCP Sài Gòn Thương Tín - Chi nhánh Gia Lai,CONG TY TNHH MTV HUY VU
174135,muavao,1,40000.00,2024-12-15 17:00:00,Ngân hàng TMCP Sài Gòn Thương Tín - Chi nhánh Gia Lai,CONG TY TNHH MTV HUY VU
7093,muavao,1,5472727.00,2024-12-15 17:00:00,CÔNG TY TNHH THẢO NHIÊN,CÔNG TY TNHH MỘT THÀNH VIÊN HUY VŨ
381,muavao,1,9427272.00,2024-12-15 17:00:00,CÔNG TY TNHH ĐIỆN TỬ TIN HỌC KIM PHÁT,Công Ty Trách Nhiệm Hữu Hạn một thành viên Huy Vũ
634003,muavao,1,105694537.00,2024-12-12 17:00:00,CÔNG TY CỔ PHẦN THẾ GIỚI SỐ,CÔNG TY TNHH MTV HUY VŨ
173440,muavao,1,19000.00,2024-12-12 17:00:00,Ngân hàng TMCP Sài Gòn Thương Tín - Chi nhánh Gia Lai,CONG TY TNHH MTV HUY VU
8040,muavao,1,8758183.00,2024-12-09 17:00:00,CÔNG TY TNHH THƯƠNG MẠI DỊCH VỤ QUỐC VIỆT,Công Ty TNHH Một Thành Viên Huy Vũ
116330,muavao,1,20445455.00,2024-12-12 17:00:00,CÔNG TY CỔ PHẦN DỊCH VỤ PHÂN PHỐI TỔNG HỢP DẦU KHÍ,Công ty TNHH  Một Thành Viên Huy Vũ
1465,muavao,1,22182637.00,2024-12-12 17:00:00,CHI NHÁNH CÔNG TY CỔ PHẦN HUETRONICS (TỈNH THỪA THIÊN HUẾ),CÔNG TY TNHH MỘT THÀNH VIÊN HUY VŨ
1464,muavao,1,21272727.00,2024-12-12 17:00:00,CHI NHÁNH CÔNG TY CỔ PHẦN HUETRONICS (TỈNH THỪA THIÊN HUẾ),CÔNG TY TNHH MỘT THÀNH VIÊN HUY VŨ
379,muavao,1,7854546.00,2024-12-12 17:00:00,CÔNG TY TNHH ĐIỆN TỬ TIN HỌC KIM PHÁT,Công Ty Trách Nhiệm Hữu Hạn một thành viên Huy Vũ
633601,muavao,1,8363636.00,2024-12-11 17:00:00,CÔNG TY CỔ PHẦN THẾ GIỚI SỐ,CÔNG TY TNHH MTV HUY VŨ
172219,muavao,1,40000.00,2024-12-11 17:00:00,Ngân hàng TMCP Sài Gòn Thương Tín - Chi nhánh Gia Lai,CONG TY TNHH MTV HUY VU
11391,muavao,1,7818182.00,2024-12-11 17:00:00,CÔNG TY TNHH THƯƠNG MẠI DỊCH VỤ TIN HỌC ANH PHƯƠNG A.P.C.O.M,CÔNG TY TNHH MỘT THÀNH VIÊN HUY VŨ
7717,muavao,1,15000.00,2024-12-11 17:00:00,Ngân hàng TMCP Sài Gòn Thương Tín - Chi nhánh Gia Lai,CONG TY TNHH MTV HUY VU
1892,muavao,1,2985186.00,2024-12-11 17:00:00,Công Ty TNHH Công Nghệ Và Thương Mại Mai Khanh,Công Ty TNHH Một Thành Viên Huy Vũ
68339219,muavao,1,746094.00,2024-12-10 17:00:00,NGÂN HÀNG TMCP Á CHÂU,CTY TNHH MTV HUY VU
68339121,muavao,1,6200726.00,2024-12-10 17:00:00,NGÂN HÀNG TMCP Á CHÂU,CTY TNHH MTV HUY VU
68339089,muavao,1,8550287.00,2024-12-10 17:00:00,NGÂN HÀNG TMCP Á CHÂU,CTY TNHH MTV HUY VU
68339040,muavao,1,9405315.00,2024-12-10 17:00:00,NGÂN HÀNG TMCP Á CHÂU,CTY TNHH MTV HUY VU
171890,muavao,1,20000.00,2024-12-10 17:00:00,Ngân hàng TMCP Sài Gòn Thương Tín - Chi nhánh Gia Lai,CONG TY TNHH MTV HUY VU
105462,muavao,1,42409091.00,2024-12-10 17:00:00,CÔNG TY TNHH MỘT THÀNH VIÊN CÔNG NGHỆ TIN HỌC VIỄN SƠN,CÔNG TY TNHH MỘT THÀNH VIÊN HUY VŨ
6969,muavao,1,6090909.00,2024-12-10 17:00:00,CÔNG TY TNHH THẢO NHIÊN,CÔNG TY TNHH MỘT THÀNH VIÊN HUY VŨ
5123,muavao,1,61345460.00,2024-12-10 17:00:00,CÔNG TY CỔ PHẦN THƯƠNG MẠI - DỊCH VỤ SAO NAM AN,Công Ty TNHH Một Thành Viên Huy Vũ
1365,muavao,1,92218182.00,2024-12-09 17:00:00,CHI NHÁNH CÔNG TY CỔ PHẦN ĐẦU TƯ VÀ PHÁT TRIỂN CÔNG NGHỆ QUỐC GIA ADG TẠI ĐÀ NẴNG,Công Ty TNHH Một Thành Viên Huy Vũ
48,muavao,1,2600000.00,2024-12-09 17:00:00,CÔNG TY TNHH KỸ THUẬT CÔNG NGHỆ HẢI SƠN,CÔNG TY TNHH MỘT THÀNH VIÊN HUY VŨ
8853,muavao,1,2498182.00,2024-12-08 17:00:00,CÔNG TY TNHH PHÂN PHỐI PHƯƠNG VIỆT,CÔNG TY TNHH MỘT THÀNH VIÊN HUY VŨ
8852,muavao,1,12306365.00,2024-12-08 17:00:00,CÔNG TY TNHH PHÂN PHỐI PHƯƠNG VIỆT,CÔNG TY TNHH MỘT THÀNH VIÊN HUY VŨ
7139,muavao,1,13676363.00,2024-12-08 17:00:00,CÔNG TY TNHH CÔNG NGHỆ DSS ĐÀ NẴNG,CÔNG TY TNHH MỘT THÀNH VIÊN HUY VŨ
1358,muavao,1,517277272.00,2024-12-08 17:00:00,CHI NHÁNH CÔNG TY CỔ PHẦN ĐẦU TƯ VÀ PHÁT TRIỂN CÔNG NGHỆ QUỐC GIA ADG TẠI ĐÀ NẴNG,Công Ty TNHH Một Thành Viên Huy Vũ
373,muavao,1,13672727.00,2024-12-08 17:00:00,CÔNG TY TNHH ĐIỆN TỬ TIN HỌC KIM PHÁT,Công Ty Trách Nhiệm Hữu Hạn một thành viên Huy Vũ
67731094,muavao,1,13636.00,2024-12-06 17:00:00,NGÂN HÀNG TMCP Á CHÂU,CTY TNHH MTV HUY VU
67731084,muavao,1,13636.00,2024-12-06 17:00:00,NGÂN HÀNG TMCP Á CHÂU,CTY TNHH MTV HUY VU
67731079,muavao,1,13636.00,2024-12-06 17:00:00,NGÂN HÀNG TMCP Á CHÂU,CTY TNHH MTV HUY VU
1028275,muavao,1,243183.00,2024-12-06 17:00:00,CÔNG TY DỊCH VỤ MOBIFONE KHU VỰC 7 - CHI NHÁNH TỔNG CÔNG TY VIỄN THÔNG MOBIFONE,Công ty TNHH MTV Huy Vũ
2297,muavao,1,681818.00,2024-12-05 17:00:00,CÔNG TY TNHH VĨNH TÍN,CÔNG TY TNHH MTV HUY VŨ
168838,muavao,1,19000.00,2024-12-04 17:00:00,Ngân hàng TMCP Sài Gòn Thương Tín - Chi nhánh Gia Lai,CONG TY TNHH MTV HUY VU
5058,muavao,1,92018190.00,2024-12-04 17:00:00,CÔNG TY CỔ PHẦN THƯƠNG MẠI - DỊCH VỤ SAO NAM AN,Công Ty TNHH Một Thành Viên Huy Vũ
5044,muavao,1,1481824.00,2024-12-04 17:00:00,CÔNG TY CỔ PHẦN THƯƠNG MẠI - DỊCH VỤ SAO NAM AN,Công Ty TNHH Một Thành Viên Huy Vũ
5043,muavao,1,2018190.00,2024-12-04 17:00:00,CÔNG TY CỔ PHẦN THƯƠNG MẠI - DỊCH VỤ SAO NAM AN,Công Ty TNHH Một Thành Viên Huy Vũ
11114,muavao,1,7818182.00,2024-12-03 17:00:00,CÔNG TY TNHH THƯƠNG MẠI DỊCH VỤ TIN HỌC ANH PHƯƠNG A.P.C.O.M,CÔNG TY TNHH MỘT THÀNH VIÊN HUY VŨ
6748,muavao,1,4318182.00,2024-12-02 17:00:00,CÔNG TY TNHH THẢO NHIÊN,CÔNG TY TNHH MỘT THÀNH VIÊN HUY VŨ
3123,muavao,1,1600000.00,2024-12-02 17:00:00,CÔNG TY TNHH THƯƠNG MẠI DỊCH VỤ SẢN XUẤT XUẤT NHẬP KHẨU MỰC IN VIỆT NHẬT,CÔNG TY TNHH MỘT THÀNH VIÊN HUY VŨ
2649,muavao,1,8181818.00,2024-12-02 17:00:00,CÔNG TY CỔ PHẦN RIOTECH,CÔNG TY TNHH MỘT THÀNH VIÊN HUY VŨ
1952,muavao,1,24727272.00,2024-12-02 17:00:00,CÔNG TY TNHH XUẤT NHẬP KHẨU LÊ TRẦN GIA,CÔNG TY TNHH MỘT THÀNH VIÊN HUY VŨ
8091618,muavao,1,315000.00,2024-12-01 17:00:00,Tập đoàn Công nghiệp - Viễn thông Quân đội,Công Ty Tnhh Huy Vũ
8064513,muavao,1,42425.00,2024-12-01 17:00:00,Tập đoàn Công nghiệp - Viễn thông Quân đội,Công Ty Tnhh Huy Vũ
167538,muavao,1,23000.00,2024-12-01 17:00:00,Ngân hàng TMCP Sài Gòn Thương Tín - Chi nhánh Gia Lai,CONG TY TNHH MTV HUY VU
6716,muavao,1,5472727.00,2024-12-01 17:00:00,CÔNG TY TNHH THẢO NHIÊN,CÔNG TY TNHH MỘT THÀNH VIÊN HUY VŨ
1326,muavao,1,365072728.00,2024-12-01 17:00:00,CHI NHÁNH CÔNG TY CỔ PHẦN ĐẦU TƯ VÀ PHÁT TRIỂN CÔNG NGHỆ QUỐC GIA ADG TẠI ĐÀ NẴNG,Công Ty TNHH Một Thành Viên Huy Vũ
369,muavao,1,6163636.00,2024-12-01 17:00:00,CÔNG TY TNHH ĐIỆN TỬ TIN HỌC KIM PHÁT,Công Ty Trách Nhiệm Hữu Hạn một thành viên Huy Vũ
368,muavao,1,5800000.00,2024-12-01 17:00:00,CÔNG TY TNHH ĐIỆN TỬ TIN HỌC KIM PHÁT,Công Ty Trách Nhiệm Hữu Hạn một thành viên Huy Vũ
865575,muavao,1,463171.00,2024-11-30 17:00:00,TRUNG TÂM KINH DOANH VNPT - GIA LAI - CHI NHÁNH TỔNG CÔNG TY DỊCH VỤ VIỄN THÔNG,Công Ty TNHH MTV Huy Vũ
865488,muavao,1,197728.00,2024-11-30 17:00:00,TRUNG TÂM KINH DOANH VNPT - GIA LAI - CHI NHÁNH TỔNG CÔNG TY DỊCH VỤ VIỄN THÔNG,Công Ty TNHH MTV Huy Vũ
865487,muavao,1,568528.00,2024-11-30 17:00:00,TRUNG TÂM KINH DOANH VNPT - GIA LAI - CHI NHÁNH TỔNG CÔNG TY DỊCH VỤ VIỄN THÔNG,Công Ty TNHH MTV Huy Vũ
824570,muavao,1,249636.00,2024-11-30 17:00:00,TRUNG TÂM KINH DOANH VNPT - GIA LAI - CHI NHÁNH TỔNG CÔNG TY DỊCH VỤ VIỄN THÔNG,Công Ty TNHH MTV Huy Vũ
795008,muavao,1,274000.00,2024-11-30 17:00:00,TRUNG TÂM KINH DOANH VNPT - GIA LAI - CHI NHÁNH TỔNG CÔNG TY DỊCH VỤ VIỄN THÔNG,Công Ty TNHH MTV Huy Vũ
794971,muavao,1,20000.00,2024-11-30 17:00:00,TRUNG TÂM KINH DOANH VNPT - GIA LAI - CHI NHÁNH TỔNG CÔNG TY DỊCH VỤ VIỄN THÔNG,Công Ty TNHH MTV Huy Vũ
794931,muavao,1,24545.00,2024-11-30 17:00:00,TRUNG TÂM KINH DOANH VNPT - GIA LAI - CHI NHÁNH TỔNG CÔNG TY DỊCH VỤ VIỄN THÔNG,Công Ty  TNHH MTV Huy Vũ
794930,muavao,1,24600.00,2024-11-30 17:00:00,TRUNG TÂM KINH DOANH VNPT - GIA LAI - CHI NHÁNH TỔNG CÔNG TY DỊCH VỤ VIỄN THÔNG,Công Ty TNHH MTV  Huy Vũ
794781,muavao,1,233636.00,2024-11-30 17:00:00,TRUNG TÂM KINH DOANH VNPT - GIA LAI - CHI NHÁNH TỔNG CÔNG TY DỊCH VỤ VIỄN THÔNG,Cửa Hàng Máy Tình Trường Sơn
20452444,muavao,1,2305479.00,2025-05-09 17:00:00,NGÂN HÀNG TMCP Á CHÂU,CTY TNHH MTV HUY VU
20452451,muavao,1,703666.00,2025-05-09 17:00:00,NGÂN HÀNG TMCP Á CHÂU,CTY TNHH MTV HUY VU
20452454,muavao,1,1130137.00,2025-05-09 17:00:00,NGÂN HÀNG TMCP Á CHÂU,CTY TNHH MTV HUY VU
20452636,muavao,1,753303.00,2025-05-09 17:00:00,NGÂN HÀNG TMCP Á CHÂU,CTY TNHH MTV HUY VU
20452668,muavao,1,2405698.00,2025-05-09 17:00:00,NGÂN HÀNG TMCP Á CHÂU,CTY TNHH MTV HUY VU
20452669,muavao,1,493151.00,2025-05-09 17:00:00,NGÂN HÀNG TMCP Á CHÂU,CTY TNHH MTV HUY VU
20452673,muavao,1,3526027.00,2025-05-09 17:00:00,NGÂN HÀNG TMCP Á CHÂU,CTY TNHH MTV HUY VU
20452868,muavao,1,902030.00,2025-05-09 17:00:00,NGÂN HÀNG TMCP Á CHÂU,CTY TNHH MTV HUY VU
20452904,muavao,1,1152055.00,2025-05-09 17:00:00,NGÂN HÀNG TMCP Á CHÂU,CTY TNHH MTV HUY VU
20452916,muavao,1,678082.00,2025-05-09 17:00:00,NGÂN HÀNG TMCP Á CHÂU,CTY TNHH MTV HUY VU
20453032,muavao,1,572603.00,2025-05-09 17:00:00,NGÂN HÀNG TMCP Á CHÂU,CTY TNHH MTV HUY VU
20453052,muavao,1,1356164.00,2025-05-09 17:00:00,NGÂN HÀNG TMCP Á CHÂU,CTY TNHH MTV HUY VU
20453111,muavao,1,3888014.00,2025-05-09 17:00:00,NGÂN HÀNG TMCP Á CHÂU,CTY TNHH MTV HUY VU
20453121,muavao,1,165753.00,2025-05-09 17:00:00,NGÂN HÀNG TMCP Á CHÂU,CTY TNHH MTV HUY VU
29731576,muavao,1,36364.00,2025-06-26 17:00:00,NGÂN HÀNG TMCP Á CHÂU,CTY TNHH MTV HUY VU
39732519,muavao,1,25091.00,2025-08-10 17:00:00,NGÂN HÀNG TMCP Á CHÂU,CTY TNHH MTV HUY VU
39732570,muavao,1,25727.00,2025-08-10 17:00:00,NGÂN HÀNG TMCP Á CHÂU,CTY TNHH MTV HUY VU
39747614,muavao,1,6115068.00,2025-08-10 17:00:00,NGÂN HÀNG TMCP Á CHÂU,CTY TNHH MTV HUY VU
39747631,muavao,1,747397.00,2025-08-10 17:00:00,NGÂN HÀNG TMCP Á CHÂU,CTY TNHH MTV HUY VU
39747651,muavao,1,3516164.00,2025-08-10 17:00:00,NGÂN HÀNG TMCP Á CHÂU,CTY TNHH MTV HUY VU
39747687,muavao,1,685270.00,2025-08-10 17:00:00,NGÂN HÀNG TMCP Á CHÂU,CTY TNHH MTV HUY VU
39747761,muavao,1,632952.00,2025-08-10 17:00:00,NGÂN HÀNG TMCP Á CHÂU,CTY TNHH MTV HUY VU
39747790,muavao,1,439419.00,2025-08-10 17:00:00,NGÂN HÀNG TMCP Á CHÂU,CTY TNHH MTV HUY VU
39747800,muavao,1,969442.00,2025-08-10 17:00:00,NGÂN HÀNG TMCP Á CHÂU,CTY TNHH MTV HUY VU
39747915,muavao,1,766218.00,2025-08-10 17:00:00,NGÂN HÀNG TMCP Á CHÂU,CTY TNHH MTV HUY VU
39747949,muavao,1,706758.00,2025-08-10 17:00:00,NGÂN HÀNG TMCP Á CHÂU,CTY TNHH MTV HUY VU
39747973,muavao,1,790373.00,2025-08-10 17:00:00,NGÂN HÀNG TMCP Á CHÂU,CTY TNHH MTV HUY VU
39748027,muavao,1,967660.00,2025-08-10 17:00:00,NGÂN HÀNG TMCP Á CHÂU,CTY TNHH MTV HUY VU
39748053,muavao,1,1379952.00,2025-08-10 17:00:00,NGÂN HÀNG TMCP Á CHÂU,CTY TNHH MTV HUY VU
64,banra,1,1272727.00,2025-01-22 17:00:00,CÔNG TY TNHH MỘT THÀNH VIÊN HUY VŨ,CÔNG TY TNHH ANDRITZ VIỆT NAM
65,banra,1,136364.00,2025-01-22 17:00:00,CÔNG TY TNHH MỘT THÀNH VIÊN HUY VŨ,TRUNG TÂM HỖ TRỢ SÁNG KIẾN PHÁT TRIỂN CỘNG ĐỒNG
66,banra,1,3263636.00,2025-01-22 17:00:00,CÔNG TY TNHH MỘT THÀNH VIÊN HUY VŨ,"CỤC CHÍNH TRỊ , QUÂN ĐOÀN 34"
58,banra,1,2263636.00,2025-01-21 17:00:00,CÔNG TY TNHH MỘT THÀNH VIÊN HUY VŨ,TRƯỜNG TIỂU HỌC LÊ HỒNG PHONG
59,banra,1,2609091.00,2025-01-21 17:00:00,CÔNG TY TNHH MỘT THÀNH VIÊN HUY VŨ,CÔNG TY TNHH VINA CONSU
61,banra,1,4545455.00,2025-01-21 17:00:00,CÔNG TY TNHH MỘT THÀNH VIÊN HUY VŨ,"PHÒNG CHÍNH TRỊ LỮ ĐOÀN 40, QUÂN ĐOÀN 34"
62,banra,1,4157407.00,2025-01-21 17:00:00,CÔNG TY TNHH MỘT THÀNH VIÊN HUY VŨ,CÔNG TY TNHH THÁI BÌNH GIA LAI
53,banra,1,15090909.00,2025-01-19 17:00:00,CÔNG TY TNHH MỘT THÀNH VIÊN HUY VŨ,CÔNG TY TNHH CÔNG NGHỆ VÀ TIẾP THỊ NHẬT CHƯƠNG
54,banra,1,1572727.00,2025-01-19 17:00:00,CÔNG TY TNHH MỘT THÀNH VIÊN HUY VŨ,CÔNG TY BẢO VIỆT GIA LAI
55,banra,1,13136364.00,2025-01-19 17:00:00,CÔNG TY TNHH MỘT THÀNH VIÊN HUY VŨ,CÔNG TY TNHH ĐIỆN TỬ TIN HỌC KIM PHÁT
56,banra,1,18090909.00,2025-01-19 17:00:00,CÔNG TY TNHH MỘT THÀNH VIÊN HUY VŨ,CÔNG TY TNHH VINA CONSU
57,banra,1,8127273.00,2025-01-19 17:00:00,CÔNG TY TNHH MỘT THÀNH VIÊN HUY VŨ,CÔNG TY CỔ PHẦN HOÀNG ANH GIA LAI
52,banra,1,8618182.00,2025-01-16 17:00:00,CÔNG TY TNHH MỘT THÀNH VIÊN HUY VŨ,PHÒNG CHÍNH TRỊ - SƯ ĐOÀN 320
46,banra,1,4863636.00,2025-01-15 17:00:00,CÔNG TY TNHH MỘT THÀNH VIÊN HUY VŨ,CÔNG TY TNHH XD VÀ SX THIẾT BỊ ĐIỆN GIA LAI
47,banra,1,418182.00,2025-01-15 17:00:00,CÔNG TY TNHH MỘT THÀNH VIÊN HUY VŨ,CÔNG TY TNHH MỘT THÀNH VIÊN HẬU CẦN 28 SANG AN GIA LAI
48,banra,1,4045455.00,2025-01-15 17:00:00,CÔNG TY TNHH MỘT THÀNH VIÊN HUY VŨ,CÔNG TY TNHH MỘT THÀNH VIÊN NƯỚC GIẢI KHÁT SANTACO
49,banra,1,318182.00,2025-01-15 17:00:00,CÔNG TY TNHH MỘT THÀNH VIÊN HUY VŨ,CÔNG TY CỔ PHẦN DU LỊCH GIA LAI
50,banra,1,13636364.00,2025-01-15 17:00:00,CÔNG TY TNHH MỘT THÀNH VIÊN HUY VŨ,PHÒNG TÀI NGUYÊN VÀ MÔI TRƯỜNG HUYỆN CHƯ PĂH
51,banra,1,15272727.00,2025-01-15 17:00:00,CÔNG TY TNHH MỘT THÀNH VIÊN HUY VŨ,TRUNG ĐOÀN 48 - SƯ ĐOÀN 320
39,banra,1,6090909.00,2025-01-14 17:00:00,CÔNG TY TNHH MỘT THÀNH VIÊN HUY VŨ,CÔNG TY CỔ PHẦN THƯƠNG MẠI VÀ DỊCH VỤ KGT GIA LAI
41,banra,1,3663636.00,2025-01-14 17:00:00,CÔNG TY TNHH MỘT THÀNH VIÊN HUY VŨ,MÁY VĂN PHÒNG PHƯƠNG NAM
42,banra,1,345455.00,2025-01-14 17:00:00,CÔNG TY TNHH MỘT THÀNH VIÊN HUY VŨ,TRƯỜNG TIỂU HỌC SỐ I- GLAR
43,banra,1,34554546.00,2025-01-14 17:00:00,CÔNG TY TNHH MỘT THÀNH VIÊN HUY VŨ,LỮ ĐOÀN 132 - BINH CHỦNG THÔNG TIN LIÊN LẠC
44,banra,1,3554545.00,2025-01-14 17:00:00,CÔNG TY TNHH MỘT THÀNH VIÊN HUY VŨ,HỘ KINH DOANH PHAN VĂN MINH
37,banra,1,14772727.00,2025-01-13 17:00:00,CÔNG TY TNHH MỘT THÀNH VIÊN HUY VŨ,CÔNG TY TNHH ĐIỆN TỬ TIN HỌC KIM PHÁT
38,banra,1,500000.00,2025-01-13 17:00:00,CÔNG TY TNHH MỘT THÀNH VIÊN HUY VŨ,CÔNG TY CỔ PHẦN CHÈ BIỂN HỒ
32,banra,1,136364.00,2025-01-12 17:00:00,CÔNG TY TNHH MỘT THÀNH VIÊN HUY VŨ,CÔNG TY CỔ PHẦN ĐẦU TƯ VÀ XÂY DỰNG TRƯỜNG THỊNH
33,banra,1,872727.00,2025-01-12 17:00:00,CÔNG TY TNHH MỘT THÀNH VIÊN HUY VŨ,CHI NHÁNH CÔNG TY TNHH OLAM TẠI PLEIKU
34,banra,1,236364.00,2025-01-12 17:00:00,CÔNG TY TNHH MỘT THÀNH VIÊN HUY VŨ,CÔNG TY CỔ PHẦN TƯ VẤN XÂY DỰNG VÀ KIỂM ĐỊNH THỊNH PHÁT
35,banra,1,2000000.00,2025-01-12 17:00:00,CÔNG TY TNHH MỘT THÀNH VIÊN HUY VŨ,CÔNG TY TRÁCH NHIỆM HỮU HẠN MỘT THÀNH VIÊN LÂM NGHIỆP ĐĂK ROONG
36,banra,1,3172727.00,2025-01-12 17:00:00,CÔNG TY TNHH MỘT THÀNH VIÊN HUY VŨ,TRUNG TÂM DỊCH VỤ NÔNG NGHIỆP HUYỆN IA GRAI
27,banra,1,5809091.00,2025-01-09 17:00:00,CÔNG TY TNHH MỘT THÀNH VIÊN HUY VŨ,CÔNG TY TNHH MỘT THÀNH VIÊN LÊ ĐẠO GIA LAI
28,banra,1,15000000.00,2025-01-09 17:00:00,CÔNG TY TNHH MỘT THÀNH VIÊN HUY VŨ,XƯỞNG 340 - QUÂN KHU 5
29,banra,1,22145455.00,2025-01-09 17:00:00,CÔNG TY TNHH MỘT THÀNH VIÊN HUY VŨ,CÔNG TY BẢO HIỂM BSH GIA LAI
31,banra,1,10136364.00,2025-01-09 17:00:00,CÔNG TY TNHH MỘT THÀNH VIÊN HUY VŨ,CÔNG TY TRÁCH NHIỆM HỮU HẠN ĐỨC DUNG
20,banra,1,909091.00,2025-01-08 17:00:00,CÔNG TY TNHH MỘT THÀNH VIÊN HUY VŨ,PHÒNG AN NINH NỘI ĐỊA - CÔNG AN TỈNH GIA LAI
21,banra,1,1018182.00,2025-01-08 17:00:00,CÔNG TY TNHH MỘT THÀNH VIÊN HUY VŨ,CÔNG TY TNHH MỘT THÀNH VIÊN CÂY ĂN TRÁI THAGRICO CAO NGUYÊN
22,banra,1,13536364.00,2025-01-08 17:00:00,CÔNG TY TNHH MỘT THÀNH VIÊN HUY VŨ,TRƯỜNG MẪU GIÁO 1/6
23,banra,1,18127273.00,2025-01-08 17:00:00,CÔNG TY TNHH MỘT THÀNH VIÊN HUY VŨ,CÔNG TY CỔ PHẦN HOA LAN NẮNG
24,banra,1,8672727.00,2025-01-08 17:00:00,CÔNG TY TNHH MỘT THÀNH VIÊN HUY VŨ,TRƯỜNG MẪU GIÁO 1/6
25,banra,1,400000.00,2025-01-08 17:00:00,CÔNG TY TNHH MỘT THÀNH VIÊN HUY VŨ,BAN QUẢN LÝ RỪNG PHÒNG HỘ ĐÔNG BẮC CHƯ PĂH
26,banra,1,2409091.00,2025-01-08 17:00:00,CÔNG TY TNHH MỘT THÀNH VIÊN HUY VŨ,CÔNG TY TNHH MỘT THÀNH VIÊN CÀ PHÊ 15
10,banra,1,2181819.00,2025-01-07 17:00:00,CÔNG TY TNHH MỘT THÀNH VIÊN HUY VŨ,CÔNG TY CỔ PHẦN HOÀNG ANH GIA LAI
11,banra,1,409091.00,2025-01-07 17:00:00,CÔNG TY TNHH MỘT THÀNH VIÊN HUY VŨ,CÔNG TY TRÁCH NHIỆM HỮU HẠN MỘT THÀNH VIÊN XĂNG DẦU BẮC TÂY NGUYÊN
12,banra,1,1564815.00,2025-01-07 17:00:00,CÔNG TY TNHH MỘT THÀNH VIÊN HUY VŨ,CÔNG TY CỔ PHẦN THỦY ĐIỆN SÔNG ĐÀ TÂY NGUYÊN
13,banra,1,272727.00,2025-01-07 17:00:00,CÔNG TY TNHH MỘT THÀNH VIÊN HUY VŨ,CÔNG TY TNHH TÔN KHẢI HOÀN
14,banra,1,1090910.00,2025-01-07 17:00:00,CÔNG TY TNHH MỘT THÀNH VIÊN HUY VŨ,CÔNG TY BẢO HIỂM BSH GIA LAI
15,banra,1,1200000.00,2025-01-07 17:00:00,CÔNG TY TNHH MỘT THÀNH VIÊN HUY VŨ,CÔNG TY CỔ PHẦN LILAMA 10
16,banra,1,17054545.00,2025-01-07 17:00:00,CÔNG TY TNHH MỘT THÀNH VIÊN HUY VŨ,CÔNG TY TRÁCH NHIỆM HỮU HẠN MỘT THÀNH VIÊN TÂN HÀO ĐẠI
18,banra,1,4500000.00,2025-01-07 17:00:00,CÔNG TY TNHH MỘT THÀNH VIÊN HUY VŨ,TOÀ ÁN NHÂN DÂN TỈNH KON TUM
19,banra,1,15090909.00,2025-01-07 17:00:00,CÔNG TY TNHH MỘT THÀNH VIÊN HUY VŨ,CÔNG TY TNHH CÔNG NGHỆ VÀ TIẾP THỊ NHẬT CHƯƠNG
8,banra,1,5445454.00,2025-01-06 17:00:00,CÔNG TY TNHH MỘT THÀNH VIÊN HUY VŨ,CÔNG TY TNHH XÂY DỰNG TRƯỜNG PHÁT LỢI
9,banra,1,4045455.00,2025-01-06 17:00:00,CÔNG TY TNHH MỘT THÀNH VIÊN HUY VŨ,CÔNG TY TNHH MỘT THÀNH VIỀN TƯ VẤN ĐẦU TƯ VÀ XÂY DỰNG ĐÔNG PHƯƠNG
4,banra,1,627273.00,2025-01-03 17:00:00,CÔNG TY TNHH MỘT THÀNH VIÊN HUY VŨ,QUỸ TÍN DỤNG NHÂN DÂN THẮNG LỢI
5,banra,1,1500000.00,2025-01-03 17:00:00,CÔNG TY TNHH MỘT THÀNH VIÊN HUY VŨ,CÔNG TY TNHH MTV LÂM NGHIỆP KONG H'DE
6,banra,1,2590909.00,2025-01-03 17:00:00,CÔNG TY TNHH MỘT THÀNH VIÊN HUY VŨ,CÔNG TY TNHH MTV THƯƠNG MẠI THIÊN NGÂN KON TUM
7,banra,1,5172727.00,2025-01-03 17:00:00,CÔNG TY TNHH MỘT THÀNH VIÊN HUY VŨ,CÔNG TY TRÁCH NHIỆM HỮU HẠN HỖ TRỢ PHÁP LÝ TOÀN CẦU GLS
1,banra,1,145455.00,2025-01-02 17:00:00,CÔNG TY TNHH MỘT THÀNH VIÊN HUY VŨ,CÔNG TY BẢO HIỂM BSH GIA LAI
2,banra,1,2268519.00,2025-01-02 17:00:00,CÔNG TY TNHH MỘT THÀNH VIÊN HUY VŨ,CÔNG TY BẢO HIỂM BSH GIA LAI
3,banra,1,4954545.00,2025-01-02 17:00:00,CÔNG TY TNHH MỘT THÀNH VIÊN HUY VŨ,Công Ty TNHH MTV PTNN Đại Thắng ( MST : 838051843-900 )
149,banra,1,16354545.00,2025-02-27 17:00:00,CÔNG TY TNHH MỘT THÀNH VIÊN HUY VŨ,CÔNG TY TRÁCH NHIỆM HỮU HẠN MỘT THÀNH VIÊN HÙNG TUYẾN GIA LAI
150,banra,1,1045455.00,2025-02-27 17:00:00,CÔNG TY TNHH MỘT THÀNH VIÊN HUY VŨ,CỤC QUẢN LÝ THỊ TRƯỜNG TỈNH GIA LAI
146,banra,1,318182.00,2025-02-26 17:00:00,CÔNG TY TNHH MỘT THÀNH VIÊN HUY VŨ,CÔNG TY TNHH MỘT THÀNH VIÊN BIỂN AN
749,banra,1,20546296.00,2025-07-20 17:00:00,CÔNG TY TNHH MỘT THÀNH VIÊN HUY VŨ,LỮ ĐOÀN 132 - BINH CHỦNG THÔNG TIN LIÊN LẠC
954,banra,1,21101852.00,2025-09-10 17:00:00,CÔNG TY TNHH MỘT THÀNH VIÊN HUY VŨ,TRƯỜNG THCS TRẦN PHÚ
148,banra,1,2336366.00,2025-02-26 17:00:00,CÔNG TY TNHH MỘT THÀNH VIÊN HUY VŨ,CHI NHÁNH CÔNG TY CỔ PHẦN TƯ VẤN SÔNG ĐÀ - TRUNG TÂM THÍ NGHIỆM XÂY DỰNG SÔNG ĐÀ
140,banra,1,11727273.00,2025-02-25 17:00:00,CÔNG TY TNHH MỘT THÀNH VIÊN HUY VŨ,UỶ BAN NHÂN DÂN XÃ ĐĂK JƠ TA
141,banra,1,3818182.00,2025-02-25 17:00:00,CÔNG TY TNHH MỘT THÀNH VIÊN HUY VŨ,UỶ BAN NHÂN DÂN XÃ ĐĂK JƠ TA
142,banra,1,14650000.00,2025-02-25 17:00:00,CÔNG TY TNHH MỘT THÀNH VIÊN HUY VŨ,CÔNG TY TNHH MỘT THÀNH VIÊN HOÀNG YÊN GIA LAI
143,banra,1,54981818.00,2025-02-25 17:00:00,CÔNG TY TNHH MỘT THÀNH VIÊN HUY VŨ,CÔNG TY CỔ PHẦN DÂU TẰM TƠ HÀM RỒNG
144,banra,1,7863636.00,2025-02-25 17:00:00,CÔNG TY TNHH MỘT THÀNH VIÊN HUY VŨ,UBND XÃ IA TÔ
145,banra,1,1500000.00,2025-02-25 17:00:00,CÔNG TY TNHH MỘT THÀNH VIÊN HUY VŨ,CÔNG TY CỔ PHẦN DU LỊCH GIA LAI
135,banra,1,4090909.00,2025-02-24 17:00:00,CÔNG TY TNHH MỘT THÀNH VIÊN HUY VŨ,CÔNG TY CỔ PHẦN BẢO HIỂM NGÂN HÀNG NÔNG NGHIỆP - CHI NHÁNH ĐẮK LẮK
136,banra,1,6388889.00,2025-02-24 17:00:00,CÔNG TY TNHH MỘT THÀNH VIÊN HUY VŨ,CÔNG TY TNHH PHÁT TRIỂN KHOA HỌC QUỐC TẾ TRƯỜNG SINH
137,banra,1,2163636.00,2025-02-24 17:00:00,CÔNG TY TNHH MỘT THÀNH VIÊN HUY VŨ,CÔNG TY CỔ PHẦN XÂY LẮP ĐIỆN 4  MIỀN TRUNG
138,banra,1,81818.00,2025-02-24 17:00:00,CÔNG TY TNHH MỘT THÀNH VIÊN HUY VŨ,UBND  PHƯỜNG HỘI THƯƠNG
139,banra,1,2854545.00,2025-02-24 17:00:00,CÔNG TY TNHH MỘT THÀNH VIÊN HUY VŨ,CÔNG TY CỔ PHẦN DÂU TẰM TƠ HÀM RỒNG
132,banra,1,40909091.00,2025-02-23 17:00:00,CÔNG TY TNHH MỘT THÀNH VIÊN HUY VŨ,PHÒNG KINH TẾ VÀ HẠ TẦNG HUYỆN IA GRAI
133,banra,1,2500000.00,2025-02-23 17:00:00,CÔNG TY TNHH MỘT THÀNH VIÊN HUY VŨ,CÔNG TY TNHH MỘT THÀNH VIÊN ĐỨC DUNG CHƯ SÊ
134,banra,1,17809091.00,2025-02-23 17:00:00,CÔNG TY TNHH MỘT THÀNH VIÊN HUY VŨ,CÔNG TY TNHH X D AN THIÊN PHÚC
124,banra,1,318182.00,2025-02-20 17:00:00,CÔNG TY TNHH MỘT THÀNH VIÊN HUY VŨ,CÔNG TY TNHH MỘT THÀNH VIÊN BIỂN AN
125,banra,1,1000000.00,2025-02-20 17:00:00,CÔNG TY TNHH MỘT THÀNH VIÊN HUY VŨ,Hội nông dân xã Ia Chiă
126,banra,1,7090909.00,2025-02-20 17:00:00,CÔNG TY TNHH MỘT THÀNH VIÊN HUY VŨ,Trung tâm KĐĐD T265
127,banra,1,7636364.00,2025-02-20 17:00:00,CÔNG TY TNHH MỘT THÀNH VIÊN HUY VŨ,TIỂU ĐOÀN 21 - BỘ THAM MƯU QUÂN ĐOÀN 34
128,banra,1,5327273.00,2025-02-20 17:00:00,CÔNG TY TNHH MỘT THÀNH VIÊN HUY VŨ,CÔNG TY CỔ PHẦN DU LỊCH GIA LAI
129,banra,1,12604545.00,2025-02-20 17:00:00,CÔNG TY TNHH MỘT THÀNH VIÊN HUY VŨ,MÁY VĂN PHÒNG PHƯƠNG NAM
130,banra,1,3490909.00,2025-02-20 17:00:00,CÔNG TY TNHH MỘT THÀNH VIÊN HUY VŨ,NGÂN HÀNG THƯƠNG MẠI TRÁCH NHIỆM HỮU HẠN MỘT THÀNH VIÊN DẦU KHÍ TOÀN CẦU - CHI NHÁNH GIA LAI
131,banra,1,36518182.00,2025-02-20 17:00:00,CÔNG TY TNHH MỘT THÀNH VIÊN HUY VŨ,CHI CỤC TIÊU CHUẨN ĐO LƯỜNG CHẤT LƯỢNG TỈNH GIA LAI
122,banra,1,3500000.00,2025-02-19 17:00:00,CÔNG TY TNHH MỘT THÀNH VIÊN HUY VŨ,CÔNG TY CỔ PHẦN ĐẦU TƯ VÀ PHÁT TRIỂN ĐIỆN SÊ SAN 3A
117,banra,1,8981818.00,2025-02-18 17:00:00,CÔNG TY TNHH MỘT THÀNH VIÊN HUY VŨ,CÔNG TY TNHH MỘT THÀNH VIÊN DUY THỨC GIA LAI
118,banra,1,1200000.00,2025-02-18 17:00:00,CÔNG TY TNHH MỘT THÀNH VIÊN HUY VŨ,CÔNG TY TNHH XÂY DỰNG CÔNG NÔNG NGHIỆP THADICO
119,banra,1,14500000.00,2025-02-18 17:00:00,CÔNG TY TNHH MỘT THÀNH VIÊN HUY VŨ,CÔNG TY TNHH VĨNH TÍN
120,banra,1,10909091.00,2025-02-18 17:00:00,CÔNG TY TNHH MỘT THÀNH VIÊN HUY VŨ,CÔNG TY TNHH MỘT THÀNH VIÊN HOÀNG NAM ÂN
121,banra,1,23418182.00,2025-02-18 17:00:00,CÔNG TY TNHH MỘT THÀNH VIÊN HUY VŨ,CÔNG TY TNHH THƯƠNG MẠI KENGROUP
112,banra,1,11627273.00,2025-02-17 17:00:00,CÔNG TY TNHH MỘT THÀNH VIÊN HUY VŨ,HỘ KINH DOANH ĐẠI PHÚ
114,banra,1,16818182.00,2025-02-17 17:00:00,CÔNG TY TNHH MỘT THÀNH VIÊN HUY VŨ,CÔNG TY TNHH ĐIỆN TỬ TIN HỌC KIM PHÁT
115,banra,1,1227273.00,2025-02-17 17:00:00,CÔNG TY TNHH MỘT THÀNH VIÊN HUY VŨ,CÔNG TY TNHH XÂY DỰNG CÔNG NÔNG NGHIỆP THADICO
116,banra,1,418182.00,2025-02-17 17:00:00,CÔNG TY TNHH MỘT THÀNH VIÊN HUY VŨ,CÔNG TY CỔ PHẦN TƯ VẤN GIAO THÔNG KHẢI NGUYÊN
105,banra,1,1454545.00,2025-02-16 17:00:00,CÔNG TY TNHH MỘT THÀNH VIÊN HUY VŨ,CÔNG TY TNHH LET'S GO GIA LAI
106,banra,1,15627273.00,2025-02-16 17:00:00,CÔNG TY TNHH MỘT THÀNH VIÊN HUY VŨ,CÔNG TY TNHH MỘT THÀNH VIÊN HẬU CẦN 28 SANG AN GIA LAI
107,banra,1,4500000.00,2025-02-16 17:00:00,CÔNG TY TNHH MỘT THÀNH VIÊN HUY VŨ,CÔNG TY TNHH XÂY DỰNG CÔNG NÔNG NGHIỆP THADICO
108,banra,1,3618183.00,2025-02-16 17:00:00,CÔNG TY TNHH MỘT THÀNH VIÊN HUY VŨ,Công Ty TNHH MTV PTNN Đại Thắng ( MST : 838051843-900 )
109,banra,1,12000000.00,2025-02-16 17:00:00,CÔNG TY TNHH MỘT THÀNH VIÊN HUY VŨ,CÔNG TY TNHH XÂY DỰNG TÂN TIẾN
110,banra,1,7254545.00,2025-02-16 17:00:00,CÔNG TY TNHH MỘT THÀNH VIÊN HUY VŨ,ỦY BAN NHÂN DÂN XÃ ĐĂK TA LEY
111,banra,1,14990909.00,2025-02-16 17:00:00,CÔNG TY TNHH MỘT THÀNH VIÊN HUY VŨ,CÔNG TY XÂY DỰNG LÊ MINH (TNHH)
104,banra,1,6363636.00,2025-02-15 17:00:00,CÔNG TY TNHH MỘT THÀNH VIÊN HUY VŨ,PHÒNG CHÍNH TRỊ - SƯ ĐOÀN 320
102,banra,1,454545.00,2025-02-14 17:00:00,CÔNG TY TNHH MỘT THÀNH VIÊN HUY VŨ,PHÒNG AN NINH NỘI ĐỊA - CÔNG AN TỈNH GIA LAI
103,banra,1,9872728.00,2025-02-14 17:00:00,CÔNG TY TNHH MỘT THÀNH VIÊN HUY VŨ,TRƯỜNG THCS VÀ THPT PHẠM HỒNG THÁI
100,banra,1,10945455.00,2025-02-13 17:00:00,CÔNG TY TNHH MỘT THÀNH VIÊN HUY VŨ,TRƯỜNG THCS VÀ THPT PHẠM HỒNG THÁI
101,banra,1,2718182.00,2025-02-13 17:00:00,CÔNG TY TNHH MỘT THÀNH VIÊN HUY VŨ,HỘ KINH DOANH PHAN VĂN MINH
98,banra,1,2181818.00,2025-02-12 17:00:00,CÔNG TY TNHH MỘT THÀNH VIÊN HUY VŨ,CÔNG TY TNHH ĐIỆN TỬ TIN HỌC KIM PHÁT
99,banra,1,2181818.00,2025-02-12 17:00:00,CÔNG TY TNHH MỘT THÀNH VIÊN HUY VŨ,CÔNG TY TNHH TUYẾT NGA
96,banra,1,12536364.00,2025-02-11 17:00:00,CÔNG TY TNHH MỘT THÀNH VIÊN HUY VŨ,ỦY BAN MTTQ VIỆT NAM HUYỆN CHƯ PĂH
88,banra,1,3263636.00,2025-02-10 17:00:00,CÔNG TY TNHH MỘT THÀNH VIÊN HUY VŨ,CÔNG TY CỔ PHẦN CÀ PHÊ GIA LAI
89,banra,1,5445455.00,2025-02-10 17:00:00,CÔNG TY TNHH MỘT THÀNH VIÊN HUY VŨ,CÔNG TY TNHH MỘT THÀNH VIÊN 732
90,banra,1,818182.00,2025-02-10 17:00:00,CÔNG TY TNHH MỘT THÀNH VIÊN HUY VŨ,CÔNG TY CỔ PHẦN CHANH LEO NAFOODS
91,banra,1,118182.00,2025-02-10 17:00:00,CÔNG TY TNHH MỘT THÀNH VIÊN HUY VŨ,BAN QUẢN LÝ RỪNG PHÒNG HỘ BẮC BIỂN HỒ
92,banra,1,12831818.00,2025-02-10 17:00:00,CÔNG TY TNHH MỘT THÀNH VIÊN HUY VŨ,CÔNG TY CỔ PHẦN TƯ VẤN TÂM TIẾN PHÁT
93,banra,1,1227273.00,2025-02-10 17:00:00,CÔNG TY TNHH MỘT THÀNH VIÊN HUY VŨ,CÔNG TY CP ĐẦU TƯ VÀ XÂY DỰNG HDC GIA LAI
94,banra,1,1486363.00,2025-02-10 17:00:00,CÔNG TY TNHH MỘT THÀNH VIÊN HUY VŨ,CÔNG TY BẢO VIỆT GIA LAI
95,banra,1,4845455.00,2025-02-10 17:00:00,CÔNG TY TNHH MỘT THÀNH VIÊN HUY VŨ,CÔNG TY TNHH TƯ VẤN TÀI NGUYÊN VÀ MÔI TRƯỜNG QUANG MINH
83,banra,1,13845455.00,2025-02-09 17:00:00,CÔNG TY TNHH MỘT THÀNH VIÊN HUY VŨ,CÔNG TY TNHH CÔNG NGHỆ ĐU ĐỦ CHÂU Á
85,banra,1,5736364.00,2025-02-09 17:00:00,CÔNG TY TNHH MỘT THÀNH VIÊN HUY VŨ,CÔNG TY TNHH MỘT THÀNH VIÊN THƯƠNG MẠI HÒA TRANG
86,banra,1,236364.00,2025-02-09 17:00:00,CÔNG TY TNHH MỘT THÀNH VIÊN HUY VŨ,TRƯỜNG TIỂU HỌC SỐ 1 K'DANG
81,banra,1,500000.00,2025-02-08 17:00:00,CÔNG TY TNHH MỘT THÀNH VIÊN HUY VŨ,BAN QUẢN LÝ RỪNG PHÒNG HỘ HÀ RA
82,banra,1,15945455.00,2025-02-08 17:00:00,CÔNG TY TNHH MỘT THÀNH VIÊN HUY VŨ,CÔNG TY TNHH MỘT THÀNH VIÊN PCCC NGỌC MINH
77,banra,1,13636364.00,2025-02-06 17:00:00,CÔNG TY TNHH MỘT THÀNH VIÊN HUY VŨ,ĐOÀN TNCS HỒ CHÍ MINH HUYỆN CHƯ PĂH
78,banra,1,29545455.00,2025-02-06 17:00:00,CÔNG TY TNHH MỘT THÀNH VIÊN HUY VŨ,CÔNG TY TNHH ĐIỆN TỬ TIN HỌC KIM PHÁT
79,banra,1,11772727.00,2025-02-06 17:00:00,CÔNG TY TNHH MỘT THÀNH VIÊN HUY VŨ,CÔNG TY TNHH MỘT THÀNH VIÊN CAO SU CHƯ PRÔNG
80,banra,1,44263636.00,2025-02-06 17:00:00,CÔNG TY TNHH MỘT THÀNH VIÊN HUY VŨ,PHÒNG ĐIỀU TRA HÌNH SỰ - QUÂN ĐOÀN 34
73,banra,1,4090910.00,2025-02-05 17:00:00,CÔNG TY TNHH MỘT THÀNH VIÊN HUY VŨ,MÁY VĂN PHÒNG PHƯƠNG NAM
75,banra,1,4227273.00,2025-02-05 17:00:00,CÔNG TY TNHH MỘT THÀNH VIÊN HUY VŨ,ĐOÀN TNCS HỒ CHÍ MINH HUYỆN CHƯ PĂH
76,banra,1,24536364.00,2025-02-05 17:00:00,CÔNG TY TNHH MỘT THÀNH VIÊN HUY VŨ,CÔNG TY TNHH VINA CONSU
67,banra,1,1181818.00,2025-02-04 17:00:00,CÔNG TY TNHH MỘT THÀNH VIÊN HUY VŨ,CÔNG TY DỊCH VỤ ĐIỆN LỰC MIỀN TRUNG
68,banra,1,118182.00,2025-02-04 17:00:00,CÔNG TY TNHH MỘT THÀNH VIÊN HUY VŨ,CÔNG TY CỔ PHẦN DỊCH VỤ GIAO HÀNG NHANH
69,banra,1,218182.00,2025-02-04 17:00:00,CÔNG TY TNHH MỘT THÀNH VIÊN HUY VŨ,CÔNG TY TRÁCH NHIỆM HỮU HẠN MỘT THÀNH VIÊN TRIỆU HẢI GIA LAI
70,banra,1,500000.00,2025-02-04 17:00:00,CÔNG TY TNHH MỘT THÀNH VIÊN HUY VŨ,CÔNG TY TNHH HƯNG THẮNG LỢI GIA LAI
71,banra,1,863636.00,2025-02-04 17:00:00,CÔNG TY TNHH MỘT THÀNH VIÊN HUY VŨ,CÔNG TY TNHH TIN HỌC QUANG ANH GL
283,banra,1,13900000.00,2025-03-30 17:00:00,CÔNG TY TNHH MỘT THÀNH VIÊN HUY VŨ,Trường THCS Phạm Hồng Thái
284,banra,1,4500000.00,2025-03-30 17:00:00,CÔNG TY TNHH MỘT THÀNH VIÊN HUY VŨ,Trường THCS Phạm Hồng Thái
285,banra,1,772727.00,2025-03-30 17:00:00,CÔNG TY TNHH MỘT THÀNH VIÊN HUY VŨ,CÔNG TY TNHH TƯ VẤN THIẾT KẾ THIÊN Ý
286,banra,1,219418184.00,2025-03-30 17:00:00,CÔNG TY TNHH MỘT THÀNH VIÊN HUY VŨ,CÔNG TY TNHH TRUYỀN THÔNG MÁY TÍNH VIỆT ĐÔNG
287,banra,1,954545.00,2025-03-30 17:00:00,CÔNG TY TNHH MỘT THÀNH VIÊN HUY VŨ,CÔNG TY TNHH TRẦN GIA F&B
288,banra,1,118182.00,2025-03-30 17:00:00,CÔNG TY TNHH MỘT THÀNH VIÊN HUY VŨ,CHI NHÁNH CÔNG TY TNHH LOTTERIA VIỆT NAM TẠI TỈNH GIA LAI
289,banra,1,14703636.00,2025-03-30 17:00:00,CÔNG TY TNHH MỘT THÀNH VIÊN HUY VŨ,CÔNG TY TNHH MỘT THÀNH VIÊN XÂY DỰNG THUẬN AN GIA LAI
282,banra,1,1263636.00,2025-03-29 17:00:00,CÔNG TY TNHH MỘT THÀNH VIÊN HUY VŨ,CÔNG TY TNHH VINA CONSU
279,banra,1,2354545.00,2025-03-28 17:00:00,CÔNG TY TNHH MỘT THÀNH VIÊN HUY VŨ,CÔNG TY TNHH MỘT THÀNH VIÊN THƯƠNG MẠI DỊCH VỤ TRỌNG CANG
280,banra,1,99882727.00,2025-03-28 17:00:00,CÔNG TY TNHH MỘT THÀNH VIÊN HUY VŨ,
281,banra,1,96250002.00,2025-03-28 17:00:00,CÔNG TY TNHH MỘT THÀNH VIÊN HUY VŨ,CÔNG TY TNHH MỘT THÀNH VIÊN ĐIỆN TỬ TIN HỌC NGUYỄN DƯƠNG
272,banra,1,8627273.00,2025-03-27 17:00:00,CÔNG TY TNHH MỘT THÀNH VIÊN HUY VŨ,ỦY BAN NHÂN DÂN XÃ ĐĂK TA LEY
273,banra,1,1950000.00,2025-03-27 17:00:00,CÔNG TY TNHH MỘT THÀNH VIÊN HUY VŨ,CÔNG TY CỔ PHẦN CHÈ BIỂN HỒ
274,banra,1,1281818.00,2025-03-27 17:00:00,CÔNG TY TNHH MỘT THÀNH VIÊN HUY VŨ,CÔNG TY TRÁCH NHIỆM HỮU HẠN ĐỨC DUNG
275,banra,1,7727273.00,2025-03-27 17:00:00,CÔNG TY TNHH MỘT THÀNH VIÊN HUY VŨ,ỦY BAN NHÂN DÂN XÃ ĐĂK TA LEY
277,banra,1,106563636.00,2025-03-27 17:00:00,CÔNG TY TNHH MỘT THÀNH VIÊN HUY VŨ,CÔNG TY TNHH VĨNH HIỆP
262,banra,1,56945455.00,2025-03-26 17:00:00,CÔNG TY TNHH MỘT THÀNH VIÊN HUY VŨ,CÔNG TY TNHH VĨNH TÍN
263,banra,1,4981818.00,2025-03-26 17:00:00,CÔNG TY TNHH MỘT THÀNH VIÊN HUY VŨ,MÁY VĂN PHÒNG PHƯƠNG NAM
264,banra,1,67314815.00,2025-03-26 17:00:00,CÔNG TY TNHH MỘT THÀNH VIÊN HUY VŨ,CÔNG TY CỔ PHẦN THƯƠNG MẠI DỊCH VỤ TIN HỌC ABC
265,banra,1,2546296.00,2025-03-26 17:00:00,CÔNG TY TNHH MỘT THÀNH VIÊN HUY VŨ,CÔNG TY TNHH MỘT THÀNH VIÊN HOÀNG HUY PHÁT
266,banra,1,227273.00,2025-03-26 17:00:00,CÔNG TY TNHH MỘT THÀNH VIÊN HUY VŨ,CÔNG TY TNHH HƯNG THẮNG LỢI GIA LAI
267,banra,1,436364.00,2025-03-26 17:00:00,CÔNG TY TNHH MỘT THÀNH VIÊN HUY VŨ,CÔNG TY TNHH MỘT THÀNH VIÊN TM-DV SƠN NGUYỆT
268,banra,1,5445455.00,2025-03-26 17:00:00,CÔNG TY TNHH MỘT THÀNH VIÊN HUY VŨ,CÔNG TY TRÁCH NHIỆM HỮU HẠN MỘT THÀNH VIÊN THIẾT BỊ Y TẾ CHÂU THANH
269,banra,1,39018182.00,2025-03-26 17:00:00,CÔNG TY TNHH MỘT THÀNH VIÊN HUY VŨ,CHI NHÁNH CÔNG TY TNHH OLAM TẠI PLEIKU
270,banra,1,72727.00,2025-03-26 17:00:00,CÔNG TY TNHH MỘT THÀNH VIÊN HUY VŨ,CHI NHÁNH CÔNG TY TNHH OLAM TẠI PLEIKU
271,banra,1,17272727.00,2025-03-26 17:00:00,CÔNG TY TNHH MỘT THÀNH VIÊN HUY VŨ,CÔNG TY TNHH MỘT THÀNH VIÊN 732
257,banra,1,1157407.00,2025-03-25 17:00:00,CÔNG TY TNHH MỘT THÀNH VIÊN HUY VŨ,CÔNG TY TNHH MỘT THÀNH VIÊN TM DV XNK PHẠM GIA KHANG
258,banra,1,3818182.00,2025-03-25 17:00:00,CÔNG TY TNHH MỘT THÀNH VIÊN HUY VŨ,CHI NHÁNH CÔNG TY TNHH MỘT THÀNH VIÊN CAO SU CHƯ PRÔNG - TRUNG TÂM Y TẾ
473,banra,1,618182.00,2025-05-21 17:00:00,CÔNG TY TNHH MỘT THÀNH VIÊN HUY VŨ,TRƯỜNG THPT PHẠM VĂN ĐỒNG
260,banra,1,2318182.00,2025-03-25 17:00:00,CÔNG TY TNHH MỘT THÀNH VIÊN HUY VŨ,CỤC QUẢN LÝ THỊ TRƯỜNG TỈNH GIA LAI
261,banra,1,363636.00,2025-03-25 17:00:00,CÔNG TY TNHH MỘT THÀNH VIÊN HUY VŨ,HỘ KINH DOANH PHAN VĂN MINH
250,banra,1,745455.00,2025-03-24 17:00:00,CÔNG TY TNHH MỘT THÀNH VIÊN HUY VŨ,CÔNG TY TNHH MTV TỔNG CÔNG TY 15
252,banra,1,8454545.00,2025-03-24 17:00:00,CÔNG TY TNHH MỘT THÀNH VIÊN HUY VŨ,CÔNG TY CỔ PHẦN DỊCH VỤ VẬN TẢI BẢO THANH GIA LAI
253,banra,1,41136364.00,2025-03-24 17:00:00,CÔNG TY TNHH MỘT THÀNH VIÊN HUY VŨ,CÔNG TY TNHH ĐIỆN TỬ TIN HỌC KIM PHÁT
254,banra,1,545455.00,2025-03-24 17:00:00,CÔNG TY TNHH MỘT THÀNH VIÊN HUY VŨ,TRƯỜNG TRUNG HỌC CƠ SỞ ANH HÙNG WỪU
255,banra,1,87563636.00,2025-03-24 17:00:00,CÔNG TY TNHH MỘT THÀNH VIÊN HUY VŨ,CÔNG TY TNHH ĐIỆN TỬ TIN HỌC KIM PHÁT
256,banra,1,2590909.00,2025-03-24 17:00:00,CÔNG TY TNHH MỘT THÀNH VIÊN HUY VŨ,MÁY VĂN PHÒNG PHƯƠNG NAM
243,banra,1,18181818.00,2025-03-23 17:00:00,CÔNG TY TNHH MỘT THÀNH VIÊN HUY VŨ,CÔNG TY TNHH AN PHÚ KHÁNH BÌNH PHƯỚC
244,banra,1,12863636.00,2025-03-23 17:00:00,CÔNG TY TNHH MỘT THÀNH VIÊN HUY VŨ,MÁY VĂN PHÒNG PHƯƠNG NAM
245,banra,1,1363636.00,2025-03-23 17:00:00,CÔNG TY TNHH MỘT THÀNH VIÊN HUY VŨ,ĐẢNG ỦY XÃ IA DÊR
246,banra,1,11636364.00,2025-03-23 17:00:00,CÔNG TY TNHH MỘT THÀNH VIÊN HUY VŨ,CÔNG TY TNHH MTV MÔI TRƯỜNG MINH PHÚ GIA LAI
247,banra,1,16818182.00,2025-03-23 17:00:00,CÔNG TY TNHH MỘT THÀNH VIÊN HUY VŨ,CÔNG TY TNHH MTV MÔI TRƯỜNG MINH PHÚ GIA LAI
248,banra,1,14900000.00,2025-03-23 17:00:00,CÔNG TY TNHH MỘT THÀNH VIÊN HUY VŨ,CHI NHÁNH CÔNG TY TNHH OLAM TẠI TỈNH GIA LAI
238,banra,1,6354545.00,2025-03-22 17:00:00,CÔNG TY TNHH MỘT THÀNH VIÊN HUY VŨ,"TRUNG ĐOÀN 64 ,SƯ ĐOÀN 320"
239,banra,1,94054546.00,2025-03-22 17:00:00,CÔNG TY TNHH MỘT THÀNH VIÊN HUY VŨ,CÔNG TY CỔ PHẦN THƯƠNG MẠI DỊCH VỤ TIN HỌC ABC
240,banra,1,93163636.00,2025-03-22 17:00:00,CÔNG TY TNHH MỘT THÀNH VIÊN HUY VŨ,CÔNG TY TNHH MTV CÔNG NGHỆ TIN HỌC THÀNH CÔNG
241,banra,1,2072727.00,2025-03-22 17:00:00,CÔNG TY TNHH MỘT THÀNH VIÊN HUY VŨ,CÔNG TY TNHH MỘT THÀNH VIÊN THÉP THỊNH TIẾN
237,banra,1,80454545.00,2025-03-21 17:00:00,CÔNG TY TNHH MỘT THÀNH VIÊN HUY VŨ,CÔNG TY TNHH ĐIỆN TỬ TIN HỌC KIM PHÁT
232,banra,1,88000000.00,2025-03-20 17:00:00,CÔNG TY TNHH MỘT THÀNH VIÊN HUY VŨ,CÔNG TY TNHH ĐIỆN TỬ TIN HỌC KIM PHÁT
233,banra,1,27490909.00,2025-03-20 17:00:00,CÔNG TY TNHH MỘT THÀNH VIÊN HUY VŨ,
234,banra,1,8800000.00,2025-03-20 17:00:00,CÔNG TY TNHH MỘT THÀNH VIÊN HUY VŨ,SƯ ĐOÀN 320
235,banra,1,5209091.00,2025-03-20 17:00:00,CÔNG TY TNHH MỘT THÀNH VIÊN HUY VŨ,CÔNG TY TNHH MỘT THÀNH VIÊN TỔNG CÔNG TY 15 - CHI NHÁNH 710
236,banra,1,7272727.00,2025-03-20 17:00:00,CÔNG TY TNHH MỘT THÀNH VIÊN HUY VŨ,BỘ CHỈ HUY BỘ ĐỘI BIÊN PHÒNG TỈNH GIA LAI
228,banra,1,24990909.00,2025-03-19 17:00:00,CÔNG TY TNHH MỘT THÀNH VIÊN HUY VŨ,"KHO HC-KT 789, CỤC HẬU CẦN - KỸ THUẬT QUÂN ĐOÀN 34"
229,banra,1,1500000.00,2025-03-19 17:00:00,CÔNG TY TNHH MỘT THÀNH VIÊN HUY VŨ,CÔNG TY CỔ PHẦN GIA SÚC LƠ PANG
230,banra,1,3636364.00,2025-03-19 17:00:00,CÔNG TY TNHH MỘT THÀNH VIÊN HUY VŨ,LỮ ĐOÀN 132 - BINH CHỦNG THÔNG TIN LIÊN LẠC
474,banra,1,954545.00,2025-05-21 17:00:00,CÔNG TY TNHH MỘT THÀNH VIÊN HUY VŨ,CÔNG TY TNHH VĨNH HIỆP
223,banra,1,20909091.00,2025-03-18 17:00:00,CÔNG TY TNHH MỘT THÀNH VIÊN HUY VŨ,CÔNG TY TNHH THIẾT BỊ PCCC 19-5 GIA LAI
224,banra,1,2400000.00,2025-03-18 17:00:00,CÔNG TY TNHH MỘT THÀNH VIÊN HUY VŨ,CÔNG TY TNHH MTV ĐỒNG TÂN CHƯ SÊ
225,banra,1,890909.00,2025-03-18 17:00:00,CÔNG TY TNHH MỘT THÀNH VIÊN HUY VŨ,CÔNG TY TNHH MTV ĐỒNG TÂN CHƯ SÊ
226,banra,1,1227273.00,2025-03-18 17:00:00,CÔNG TY TNHH MỘT THÀNH VIÊN HUY VŨ,CÔNG TY CỔ PHẦN ĐẦU TƯ VÀ XÂY DỰNG TRƯỜNG THỊNH
227,banra,1,2363636.00,2025-03-18 17:00:00,CÔNG TY TNHH MỘT THÀNH VIÊN HUY VŨ,NGÂN HÀNG THƯƠNG MẠI CỔ PHẦN ĐẦU TƯ VÀ PHÁT TRIỂN VIỆT NAM - CHI NHÁNH NAM GIA LAI
214,banra,1,627273.00,2025-03-17 17:00:00,CÔNG TY TNHH MỘT THÀNH VIÊN HUY VŨ,TRUNG TÂM THIẾT BỊ MÁY VĂN PHÒNG TÂN MINH
215,banra,1,772727.00,2025-03-17 17:00:00,CÔNG TY TNHH MỘT THÀNH VIÊN HUY VŨ,CÔNG TY TRÁCH NHIỆM HỮU HẠN TRƯỜNG ĐẠT
216,banra,1,5454546.00,2025-03-17 17:00:00,CÔNG TY TNHH MỘT THÀNH VIÊN HUY VŨ,CÔNG TY CỔ PHẦN QUỐC CƯỜNG  GIA LAI
217,banra,1,1872727.00,2025-03-17 17:00:00,CÔNG TY TNHH MỘT THÀNH VIÊN HUY VŨ,HỘ KINH DOANH PHAN VĂN MINH
218,banra,1,2300000.00,2025-03-17 17:00:00,CÔNG TY TNHH MỘT THÀNH VIÊN HUY VŨ,CÔNG TY TNHH MỘT THÀNH VIÊN T.K TECHNOLOGY GIA LAI
219,banra,1,136364.00,2025-03-17 17:00:00,CÔNG TY TNHH MỘT THÀNH VIÊN HUY VŨ,CÔNG TY TNHH LET'S GO GIA LAI
220,banra,1,900000.00,2025-03-17 17:00:00,CÔNG TY TNHH MỘT THÀNH VIÊN HUY VŨ,BAN QUẢN LÝ RỪNG PHÒNG HỘ ĐÔNG BẮC CHƯ PĂH
221,banra,1,254545.00,2025-03-17 17:00:00,CÔNG TY TNHH MỘT THÀNH VIÊN HUY VŨ,BAN QUẢN LÝ RỪNG PHÒNG HỘ ĐÔNG BẮC CHƯ PĂH
442,banra,1,21354545.00,2025-05-15 17:00:00,CÔNG TY TNHH MỘT THÀNH VIÊN HUY VŨ,VĂN PHÚ CHỐI
210,banra,1,15020909.00,2025-03-16 17:00:00,CÔNG TY TNHH MỘT THÀNH VIÊN HUY VŨ,PHÒNG CHÍNH TRỊ - SƯ ĐOÀN 320
211,banra,1,4656364.00,2025-03-16 17:00:00,CÔNG TY TNHH MỘT THÀNH VIÊN HUY VŨ,PHÒNG CHÍNH TRỊ - SƯ ĐOÀN 320
212,banra,1,309091.00,2025-03-16 17:00:00,CÔNG TY TNHH MỘT THÀNH VIÊN HUY VŨ,CÔNG TY TNHH NHẬT QUỲNH GIA LAI
213,banra,1,3581818.00,2025-03-16 17:00:00,CÔNG TY TNHH MỘT THÀNH VIÊN HUY VŨ,TRUNG TÂM THIẾT BỊ MÁY VĂN PHÒNG TÂN MINH
208,banra,1,55000000.00,2025-03-14 17:00:00,CÔNG TY TNHH MỘT THÀNH VIÊN HUY VŨ,CÔNG TY TNHH ĐIỆN TỬ TIN HỌC KIM PHÁT
203,banra,1,1854546.00,2025-03-13 17:00:00,CÔNG TY TNHH MỘT THÀNH VIÊN HUY VŨ,AGRIBANK  CHI NHÁNH THÀNH PHỐ PLEIKU GIA LAI
204,banra,1,618182.00,2025-03-13 17:00:00,CÔNG TY TNHH MỘT THÀNH VIÊN HUY VŨ,CHI NHÁNH NGÂN HÀNG PHÁT TRIỂN KHU VỰC GIA LAI - KON TUM
205,banra,1,4545455.00,2025-03-13 17:00:00,CÔNG TY TNHH MỘT THÀNH VIÊN HUY VŨ,SƯ ĐOÀN 320
206,banra,1,4772727.00,2025-03-13 17:00:00,CÔNG TY TNHH MỘT THÀNH VIÊN HUY VŨ,"PHÒNG HẬU CẦN - KỸ THUẬT, LỮ ĐOÀN 132, BC. THÔNG TIN LIÊN LẠC"
207,banra,1,2398148.00,2025-03-13 17:00:00,CÔNG TY TNHH MỘT THÀNH VIÊN HUY VŨ,CÔNG TY TNHH VĨNH TÍN
193,banra,1,6354545.00,2025-03-12 17:00:00,CÔNG TY TNHH MỘT THÀNH VIÊN HUY VŨ,THƯ VIỆN TỈNH GIA LAI
194,banra,1,436364.00,2025-03-12 17:00:00,CÔNG TY TNHH MỘT THÀNH VIÊN HUY VŨ,CÔNG TY TNHH MỘT THÀNH VIÊN HẠNH NGUYÊN GIA LAI
195,banra,1,3172727.00,2025-03-12 17:00:00,CÔNG TY TNHH MỘT THÀNH VIÊN HUY VŨ,CÔNG TY CỔ PHẦN CẤP NƯỚC SÀI GÒN - PLEIKU
196,banra,1,309091.00,2025-03-12 17:00:00,CÔNG TY TNHH MỘT THÀNH VIÊN HUY VŨ,CÔNG TY TNHH MỘT THÀNH VIÊN CÂY ĂN TRÁI THAGRICO CAO NGUYÊN
197,banra,1,15118182.00,2025-03-12 17:00:00,CÔNG TY TNHH MỘT THÀNH VIÊN HUY VŨ,CÔNG TY CỔ PHẦN LAM SƠN
199,banra,1,1154545.00,2025-03-12 17:00:00,CÔNG TY TNHH MỘT THÀNH VIÊN HUY VŨ,HỘ KINH DOANH PHAN VĂN MINH
200,banra,1,12854545.00,2025-03-12 17:00:00,CÔNG TY TNHH MỘT THÀNH VIÊN HUY VŨ,CÔNG TY TNHH ĐIỆN TỬ TIN HỌC KIM PHÁT
201,banra,1,65818178.00,2025-03-12 17:00:00,CÔNG TY TNHH MỘT THÀNH VIÊN HUY VŨ,CÔNG TY TNHH MỘT THÀNH VIÊN ĐIỆN TỬ TIN HỌC NGUYỄN DƯƠNG
202,banra,1,2809091.00,2025-03-12 17:00:00,CÔNG TY TNHH MỘT THÀNH VIÊN HUY VŨ,CÔNG TY TNHH MỘT THÀNH VIÊN BÁ HIỂN
191,banra,1,2727272.00,2025-03-11 17:00:00,CÔNG TY TNHH MỘT THÀNH VIÊN HUY VŨ,CÔNG TY TNHH MTV ĐỒNG TÂN CHƯ SÊ
192,banra,1,25490000.00,2025-03-11 17:00:00,CÔNG TY TNHH MỘT THÀNH VIÊN HUY VŨ,CÔNG TY CỔ PHẦN ĐẦU TƯ VÀ PHÁT TRIỂN ĐIỆN SÊ SAN 3A
185,banra,1,931818.00,2025-03-10 17:00:00,CÔNG TY TNHH MỘT THÀNH VIÊN HUY VŨ,CÔNG TY TNHH MTV TỔNG CÔNG TY 15
186,banra,1,4500000.00,2025-03-10 17:00:00,CÔNG TY TNHH MỘT THÀNH VIÊN HUY VŨ,CÔNG TY TNHH SAO VIỆT GIA LAI
187,banra,1,95145457.00,2025-03-10 17:00:00,CÔNG TY TNHH MỘT THÀNH VIÊN HUY VŨ,CÔNG TY TNHH MỘT THÀNH VIÊN ĐIỆN TỬ TIN HỌC NGUYỄN DƯƠNG
188,banra,1,1409091.00,2025-03-10 17:00:00,CÔNG TY TNHH MỘT THÀNH VIÊN HUY VŨ,CÔNG TY TNHH MỘT THÀNH VIÊN TOÀN TRUNG
189,banra,1,14900000.00,2025-03-10 17:00:00,CÔNG TY TNHH MỘT THÀNH VIÊN HUY VŨ,CÔNG TY TNHH MỘT THÀNH VIÊN XÂY DỰNG QUỐC VƯƠNG GIA LAI
190,banra,1,12072727.00,2025-03-10 17:00:00,CÔNG TY TNHH MỘT THÀNH VIÊN HUY VŨ,MÁY VĂN PHÒNG PHƯƠNG NAM
179,banra,1,1818182.00,2025-03-09 17:00:00,CÔNG TY TNHH MỘT THÀNH VIÊN HUY VŨ,CÔNG TY TNHH MỘT THÀNH VIÊN T.K TECHNOLOGY GIA LAI
180,banra,1,636364.00,2025-03-09 17:00:00,CÔNG TY TNHH MỘT THÀNH VIÊN HUY VŨ,CÔNG TY CỔ PHẦN TƯ VẤN GIAO THÔNG KHẢI NGUYÊN
189374,muavao,1,697286.00,2025-10-12 17:00:00,Ngân hàng TMCP Sài Gòn Thương Tín - Chi nhánh Gia Lai,CONG TY TNHH MTV HUY VU
182,banra,1,2409091.00,2025-03-09 17:00:00,CÔNG TY TNHH MỘT THÀNH VIÊN HUY VŨ,CÔNG TY TNHH XUẤT NHẬP KHẨU VẬT TƯ THIẾT BỊ Y TẾ TRANG MINH HẠNH
183,banra,1,709091.00,2025-03-09 17:00:00,CÔNG TY TNHH MỘT THÀNH VIÊN HUY VŨ,CÔNG TY TRÁCH NHIỆM HỮU HẠN 30-4 GIA LAI
184,banra,1,20445455.00,2025-03-09 17:00:00,CÔNG TY TNHH MỘT THÀNH VIÊN HUY VŨ,CÔNG TY TNHH HTB GL
178,banra,1,609091.00,2025-03-08 17:00:00,CÔNG TY TNHH MỘT THÀNH VIÊN HUY VŨ,DOANH NGHIỆP TƯ NHÂN ANH QUÂN ND
175,banra,1,718182.00,2025-03-07 17:00:00,CÔNG TY TNHH MỘT THÀNH VIÊN HUY VŨ,CÔNG TY TNHH XÂY DỰNG CÔNG NÔNG NGHIỆP THADICO
176,banra,1,6318182.00,2025-03-07 17:00:00,CÔNG TY TNHH MỘT THÀNH VIÊN HUY VŨ,CÔNG TY TNHH MỘT THÀNH VIÊN THƯƠNG MẠI DỊCH VỤ NAM PHƯƠNG GIA LAI
177,banra,1,618182.00,2025-03-07 17:00:00,CÔNG TY TNHH MỘT THÀNH VIÊN HUY VŨ,CÔNG TY CỔ PHẦN ĐẦU TƯ EMI
169,banra,1,136364.00,2025-03-06 17:00:00,CÔNG TY TNHH MỘT THÀNH VIÊN HUY VŨ,CÔNG TY CỔ PHẦN DU LỊCH GIA LAI
170,banra,1,2363636.00,2025-03-06 17:00:00,CÔNG TY TNHH MỘT THÀNH VIÊN HUY VŨ,CÔNG TY TNHH LET'S GO GIA LAI
171,banra,1,1818182.00,2025-03-06 17:00:00,CÔNG TY TNHH MỘT THÀNH VIÊN HUY VŨ,CÔNG TY TNHH MTV Ô TÔ GIA LAI
172,banra,1,16263636.00,2025-03-06 17:00:00,CÔNG TY TNHH MỘT THÀNH VIÊN HUY VŨ,XÍ NGHIỆP KHẢO SÁT THIẾT KẾ - CHI NHÁNH TỔNG CÔNG TY 15
173,banra,1,1863636.00,2025-03-06 17:00:00,CÔNG TY TNHH MỘT THÀNH VIÊN HUY VŨ,CỬA HÀNG MÁY VĂN PHÒNG HBT
174,banra,1,11636364.00,2025-03-06 17:00:00,CÔNG TY TNHH MỘT THÀNH VIÊN HUY VŨ,CÔNG TY TNHH THỌ HƯNG PHÁT GIA LAI
165,banra,1,118182.00,2025-03-05 17:00:00,CÔNG TY TNHH MỘT THÀNH VIÊN HUY VŨ,CÔNG TY TNHH GIÁO DỤC QUỐC TẾ VUS
735,banra,1,2870370.00,2025-07-15 17:00:00,CÔNG TY TNHH MỘT THÀNH VIÊN HUY VŨ,CÔNG TY TNHH MTV ĐỒNG TÂN CHƯ SÊ
846,banra,1,1111111.00,2025-08-13 17:00:00,CÔNG TY TNHH MỘT THÀNH VIÊN HUY VŨ,Trường Tiểu học số 2 Ia Băng
167,banra,1,2027273.00,2025-03-05 17:00:00,CÔNG TY TNHH MỘT THÀNH VIÊN HUY VŨ,UỶ BAN NHÂN DÂN XÃ ĐĂK JƠ TA
163,banra,1,22036364.00,2025-03-04 17:00:00,CÔNG TY TNHH MỘT THÀNH VIÊN HUY VŨ,CÔNG TY TNHH ĐIỆN TỬ TIN HỌC KIM PHÁT
164,banra,1,2500000.00,2025-03-04 17:00:00,CÔNG TY TNHH MỘT THÀNH VIÊN HUY VŨ,CÔNG TY TRÁCH NHIỆM HỮU HẠN MỘT THÀNH VIÊN HOÀI AN GIA LAI
161,banra,1,427273.00,2025-03-03 17:00:00,CÔNG TY TNHH MỘT THÀNH VIÊN HUY VŨ,CÔNG TY TNHH MTV MÔI TRƯỜNG MINH PHÚ GIA LAI
162,banra,1,40909091.00,2025-03-03 17:00:00,CÔNG TY TNHH MỘT THÀNH VIÊN HUY VŨ,BAN CHỈ HUY QUÂN SỰ HUYỆN KRÔNG PA
154,banra,1,30618182.00,2025-03-02 17:00:00,CÔNG TY TNHH MỘT THÀNH VIÊN HUY VŨ,CÔNG TY CỔ PHẦN THỦY ĐIỆN HOÀNG ANH TÔNA
155,banra,1,7190914.00,2025-03-02 17:00:00,CÔNG TY TNHH MỘT THÀNH VIÊN HUY VŨ,Công Ty TNHH MTV PTNN Đại Thắng ( MST : 838051843-900 )
156,banra,1,272727.00,2025-03-02 17:00:00,CÔNG TY TNHH MỘT THÀNH VIÊN HUY VŨ,CÔNG TY TNHH MỘT THÀNH VIÊN TỔNG CÔNG TY 15 - CHI NHÁNH 710
157,banra,1,28154545.00,2025-03-02 17:00:00,CÔNG TY TNHH MỘT THÀNH VIÊN HUY VŨ,TRƯỜNG MẦM NON TUỔI HỒNG
158,banra,1,5090909.00,2025-03-02 17:00:00,CÔNG TY TNHH MỘT THÀNH VIÊN HUY VŨ,CÔNG TY TNHH ĐIỆN XEKAMAN 1
159,banra,1,572727.00,2025-03-02 17:00:00,CÔNG TY TNHH MỘT THÀNH VIÊN HUY VŨ,CÔNG TY CỔ PHẦN BOT VÀ BT ĐỨC LONG GIA LAI
160,banra,1,118182.00,2025-03-02 17:00:00,CÔNG TY TNHH MỘT THÀNH VIÊN HUY VŨ,CÔNG TY BẢO HIỂM BSH GIA LAI
151,banra,1,136364.00,2025-02-28 17:00:00,CÔNG TY TNHH MỘT THÀNH VIÊN HUY VŨ,CÔNG TY TNHH LET'S GO GIA LAI
152,banra,1,2500000.00,2025-02-28 17:00:00,CÔNG TY TNHH MỘT THÀNH VIÊN HUY VŨ,CÔNG TY TRÁCH NHIỆM HỮU HẠN ĐỨC DUNG
393,banra,1,5027273.00,2025-04-29 17:00:00,CÔNG TY TNHH MỘT THÀNH VIÊN HUY VŨ,CỬA HÀNG MÁY VĂN PHÒNG HBT
394,banra,1,29545455.00,2025-04-29 17:00:00,CÔNG TY TNHH MỘT THÀNH VIÊN HUY VŨ,CÔNG TY TNHH ĐIỆN TỬ TIN HỌC KIM PHÁT
391,banra,1,4500000.00,2025-04-28 17:00:00,CÔNG TY TNHH MỘT THÀNH VIÊN HUY VŨ,CÔNG TY TNHH MỘT THÀNH VIÊN VI TÍNH BẢO THY GIA LAI
392,banra,1,40345455.00,2025-04-28 17:00:00,CÔNG TY TNHH MỘT THÀNH VIÊN HUY VŨ,CÔNG TY TNHH MTV TỔNG CÔNG TY 15
389,banra,1,1867273.00,2025-04-27 17:00:00,CÔNG TY TNHH MỘT THÀNH VIÊN HUY VŨ,CÔNG TY TNHH VĨNH HIỆP
390,banra,1,1263636.00,2025-04-27 17:00:00,CÔNG TY TNHH MỘT THÀNH VIÊN HUY VŨ,CÔNG TY CỔ PHẦN CẤP THOÁT NƯỚC GIA LAI
388,banra,1,500000.00,2025-04-26 17:00:00,CÔNG TY TNHH MỘT THÀNH VIÊN HUY VŨ,CÔNG TY TNHH MỘT THÀNH VIÊN XUÂN KIỆM
387,banra,1,16172727.00,2025-04-25 17:00:00,CÔNG TY TNHH MỘT THÀNH VIÊN HUY VŨ,BINH ĐOÀN 15
378,banra,1,3181818.00,2025-04-24 17:00:00,CÔNG TY TNHH MỘT THÀNH VIÊN HUY VŨ,CÔNG TY CỔ PHẦN DANA - CHI NHÁNH GIA LAI
379,banra,1,6990909.00,2025-04-24 17:00:00,CÔNG TY TNHH MỘT THÀNH VIÊN HUY VŨ,CÔNG TY TNHH ÁNH HƯNG GIA LAI
380,banra,1,42372727.00,2025-04-24 17:00:00,CÔNG TY TNHH MỘT THÀNH VIÊN HUY VŨ,QUỸ TÍN DỤNG NHÂN DÂN THỊ TRẤN  IAKHA
381,banra,1,17440000.00,2025-04-24 17:00:00,CÔNG TY TNHH MỘT THÀNH VIÊN HUY VŨ,QUỸ TÍN DỤNG NHÂN DÂN THỊ TRẤN  IAKHA
382,banra,1,7272727.00,2025-04-24 17:00:00,CÔNG TY TNHH MỘT THÀNH VIÊN HUY VŨ,BỘ CHỈ HUY BỘ ĐỘI BIÊN PHÒNG TỈNH GIA LAI
383,banra,1,1818182.00,2025-04-24 17:00:00,CÔNG TY TNHH MỘT THÀNH VIÊN HUY VŨ,LỮ ĐOÀN 132 - BINH CHỦNG THÔNG TIN LIÊN LẠC
384,banra,1,1750000.00,2025-04-24 17:00:00,CÔNG TY TNHH MỘT THÀNH VIÊN HUY VŨ,CÔNG TY TNHH THƯƠNG PHẨM ATLANTIC VIỆT NAM
386,banra,1,400000.00,2025-04-24 17:00:00,CÔNG TY TNHH MỘT THÀNH VIÊN HUY VŨ,CÔNG AN XÃ IA LÂU
376,banra,1,454545.00,2025-04-23 17:00:00,CÔNG TY TNHH MỘT THÀNH VIÊN HUY VŨ,CÔNG TY TRÁCH NHIỆM HỮU HẠN MỘT THÀNH VIÊN XĂNG DẦU BẮC TÂY NGUYÊN
377,banra,1,3318182.00,2025-04-23 17:00:00,CÔNG TY TNHH MỘT THÀNH VIÊN HUY VŨ,CÔNG TY TNHH THƯƠNG MẠI VÀ DỊCH VỤ ĐỨC THANH GIA LAI
374,banra,1,5427273.00,2025-04-22 17:00:00,CÔNG TY TNHH MỘT THÀNH VIÊN HUY VŨ,CÔNG TY TNHH MỘT THÀNH VIÊN XÂY DỰNG THUẬN AN GIA LAI
375,banra,1,1990909.00,2025-04-22 17:00:00,CÔNG TY TNHH MỘT THÀNH VIÊN HUY VŨ,CÔNG TY TNHH XÂY DỰNG VÀ BẤT ĐỘNG SẢN VINACOLOUR
367,banra,1,1890909.00,2025-04-21 17:00:00,CÔNG TY TNHH MỘT THÀNH VIÊN HUY VŨ,CẢNG HÀNG KHÔNG PLEIKU - CHI NHÁNH TỔNG CÔNG TY CẢNG HÀNG KHÔNG VIỆT NAM - CTCP
368,banra,1,14900000.00,2025-04-21 17:00:00,CÔNG TY TNHH MỘT THÀNH VIÊN HUY VŨ,CÔNG TY TNHH MỘT THÀNH VIÊN NASAMI
369,banra,1,14900000.00,2025-04-21 17:00:00,CÔNG TY TNHH MỘT THÀNH VIÊN HUY VŨ,CÔNG TY TNHH MỘT THÀNH VIÊN NƯỚC GIẢI KHÁT SANTACO
370,banra,1,1318182.00,2025-04-21 17:00:00,CÔNG TY TNHH MỘT THÀNH VIÊN HUY VŨ,CÔNG TY CỔ PHẦN ĐẦU TƯ PHÁT TRIỂN NHẬT QUANG MINH
371,banra,1,350000.00,2025-04-21 17:00:00,CÔNG TY TNHH MỘT THÀNH VIÊN HUY VŨ,TRƯỜNG TRUNG HỌC CƠ SỞ TRẦN PHÚ
372,banra,1,19990909.00,2025-04-21 17:00:00,CÔNG TY TNHH MỘT THÀNH VIÊN HUY VŨ,"KHO HẬU CẦN - KỸ THUẬT 789, CỤC HẬU CẦN - KỸ THUẬT QUÂN ĐOÀN 34"
373,banra,1,213636.00,2025-04-21 17:00:00,CÔNG TY TNHH MỘT THÀNH VIÊN HUY VŨ,Hội LHPN phường Hội Thương
364,banra,1,48954546.00,2025-04-18 17:00:00,CÔNG TY TNHH MỘT THÀNH VIÊN HUY VŨ,CÔNG TY TNHH ĐIỆN TỬ TIN HỌC KIM PHÁT
1406,banra,1,18055556.00,2025-12-05 17:00:00,CÔNG TY TNHH MỘT THÀNH VIÊN HUY VŨ,TRUNG TÂM THIẾT BỊ MÁY VĂN PHÒNG ĐỨC MINH
365,banra,1,227273.00,2025-04-18 17:00:00,CÔNG TY TNHH MỘT THÀNH VIÊN HUY VŨ,CÔNG TY TNHH THỜI TRANG ELISE
924,banra,1,1759260.00,2025-09-03 17:00:00,CÔNG TY TNHH MỘT THÀNH VIÊN HUY VŨ,Nhà Nội Trú  Anphongso
925,banra,1,4435185.00,2025-09-03 17:00:00,CÔNG TY TNHH MỘT THÀNH VIÊN HUY VŨ,CÔNG TY TRÁCH NHIỆM HỮU HẠN ĐỨC DUNG
366,banra,1,27272727.00,2025-04-18 17:00:00,CÔNG TY TNHH MỘT THÀNH VIÊN HUY VŨ,SƯ ĐOÀN BỘ - SƯ ĐOÀN 320
360,banra,1,15227273.00,2025-04-17 17:00:00,CÔNG TY TNHH MỘT THÀNH VIÊN HUY VŨ,CÔNG TY TNHH CÔNG NGHỆ VÀ TIẾP THỊ NHẬT CHƯƠNG
361,banra,1,32636364.00,2025-04-17 17:00:00,CÔNG TY TNHH MỘT THÀNH VIÊN HUY VŨ,CÔNG TY TNHH ĐIỆN TỬ TIN HỌC KIM PHÁT
362,banra,1,609091.00,2025-04-17 17:00:00,CÔNG TY TNHH MỘT THÀNH VIÊN HUY VŨ,CÔNG TY CỔ PHẦN HOÀNG ANH GIA LAI
363,banra,1,625455.00,2025-04-17 17:00:00,CÔNG TY TNHH MỘT THÀNH VIÊN HUY VŨ,CÔNG TY CỔ PHẦN QUỐC CƯỜNG  GIA LAI
357,banra,1,21263636.00,2025-04-16 17:00:00,CÔNG TY TNHH MỘT THÀNH VIÊN HUY VŨ,CÔNG TY CỔ PHẦN DỊCH VỤ PLEIKU TOURIST
358,banra,1,13263636.00,2025-04-16 17:00:00,CÔNG TY TNHH MỘT THÀNH VIÊN HUY VŨ,TRƯỜNG TIỂU HỌC TRẦN QUÝ CÁP
348,banra,1,5454545.00,2025-04-15 17:00:00,CÔNG TY TNHH MỘT THÀNH VIÊN HUY VŨ,PHÒNG CHÍNH TRỊ - SƯ ĐOÀN 320
349,banra,1,29545455.00,2025-04-15 17:00:00,CÔNG TY TNHH MỘT THÀNH VIÊN HUY VŨ,CÔNG TY TNHH ĐIỆN TỬ TIN HỌC KIM PHÁT
350,banra,1,772727.00,2025-04-15 17:00:00,CÔNG TY TNHH MỘT THÀNH VIÊN HUY VŨ,TRUNG TÂM PHÁT TRIỂN QUỸ ĐẤT TP.PLEIKU
351,banra,1,272728.00,2025-04-15 17:00:00,CÔNG TY TNHH MỘT THÀNH VIÊN HUY VŨ,CÔNG TY TNHH MỘT THÀNH VIÊN PHƯƠNG GIANG GIA LAI
352,banra,1,11809091.00,2025-04-15 17:00:00,CÔNG TY TNHH MỘT THÀNH VIÊN HUY VŨ,CÔNG TY TNHH MỘT THÀNH VIÊN SẢN XUẤT THƯƠNG MẠI TRUNG NAM ACB
353,banra,1,2754545.00,2025-04-15 17:00:00,CÔNG TY TNHH MỘT THÀNH VIÊN HUY VŨ,CÔNG TY TNHH XUẤT NHẬP KHẨU VẬT TƯ THIẾT BỊ Y TẾ TRANG MINH HẠNH
354,banra,1,8954547.00,2025-04-15 17:00:00,CÔNG TY TNHH MỘT THÀNH VIÊN HUY VŨ,CÔNG TY CỔ PHẦN QUỐC CƯỜNG  GIA LAI
715,banra,1,1500000.00,2025-07-08 17:00:00,CÔNG TY TNHH MỘT THÀNH VIÊN HUY VŨ,CÔNG TY TNHH Ô TÔ LƯỚT TOÀN QUỐC
831,banra,1,916667.00,2025-08-10 17:00:00,CÔNG TY TNHH MỘT THÀNH VIÊN HUY VŨ,TRƯỜNG TIỂU HỌC SỐ 2 LƠ PANG
356,banra,1,872727.00,2025-04-15 17:00:00,CÔNG TY TNHH MỘT THÀNH VIÊN HUY VŨ,TRƯỜNG TIỂU HỌC TRẦN QUÝ CÁP
347,banra,1,21890909.00,2025-04-14 17:00:00,CÔNG TY TNHH MỘT THÀNH VIÊN HUY VŨ,VIETTEL GIA LAI – CHI NHÁNH TẬP ĐOÀN CÔNG NGHIỆP - VIỄN THÔNG QUÂN ĐỘI
343,banra,1,98818182.00,2025-04-13 17:00:00,CÔNG TY TNHH MỘT THÀNH VIÊN HUY VŨ,CÔNG TY TNHH VI TÍNH QUI NHƠN
344,banra,1,2172727.00,2025-04-13 17:00:00,CÔNG TY TNHH MỘT THÀNH VIÊN HUY VŨ,CÔNG TY TNHH TIN HỌC QUANG ANH GL
345,banra,1,3772728.00,2025-04-13 17:00:00,CÔNG TY TNHH MỘT THÀNH VIÊN HUY VŨ,MÁY VĂN PHÒNG PHƯƠNG NAM
346,banra,1,163636.00,2025-04-13 17:00:00,CÔNG TY TNHH MỘT THÀNH VIÊN HUY VŨ,CÔNG TY TRÁCH NHIỆM HỮU HẠN ĐỨC DUNG
338,banra,1,6963636.00,2025-04-12 17:00:00,CÔNG TY TNHH MỘT THÀNH VIÊN HUY VŨ,THANH TRA HUYỆN MANG YANG
339,banra,1,345455.00,2025-04-12 17:00:00,CÔNG TY TNHH MỘT THÀNH VIÊN HUY VŨ,CÔNG TY TNHH DOANH NGHIỆP XÃ HỘI TỪ THIỆN VÀ HỖ TRỢ PHÁT TRIỂN CỘNG ĐỒNG FLY TO SKY
340,banra,1,8636364.00,2025-04-12 17:00:00,CÔNG TY TNHH MỘT THÀNH VIÊN HUY VŨ,HỘ KINH DOANH THỂ THAO TRUNG NHẬT
341,banra,1,6081818.00,2025-04-12 17:00:00,CÔNG TY TNHH MỘT THÀNH VIÊN HUY VŨ,THANH TRA HUYỆN MANG YANG
342,banra,1,536364.00,2025-04-12 17:00:00,CÔNG TY TNHH MỘT THÀNH VIÊN HUY VŨ,CÔNG TY TNHH ĐẦU TƯ XÂY DỰNG VÀ THƯƠNG MẠI PHÚ THÁI GIA LAI
336,banra,1,41045455.00,2025-04-11 17:00:00,CÔNG TY TNHH MỘT THÀNH VIÊN HUY VŨ,CÔNG TY TNHH ĐIỆN TỬ TIN HỌC KIM PHÁT
337,banra,1,94618182.00,2025-04-11 17:00:00,CÔNG TY TNHH MỘT THÀNH VIÊN HUY VŨ,CÔNG TY TNHH VI TÍNH QUI NHƠN
334,banra,1,1572727.00,2025-04-10 17:00:00,CÔNG TY TNHH MỘT THÀNH VIÊN HUY VŨ,CÔNG TY TNHH THƯƠNG MẠI VÀ XÂY LẮP ĐIỆN LỘC PHÁT GIA LAI
844,banra,1,12935185.00,2025-08-13 17:00:00,CÔNG TY TNHH MỘT THÀNH VIÊN HUY VŨ,CÔNG TY TNHH TIN HỌC QUANG ANH GL
845,banra,1,444444.00,2025-08-13 17:00:00,CÔNG TY TNHH MỘT THÀNH VIÊN HUY VŨ,BAN QUẢN LÝ RỪNG PHÒNG HỘ HÀ RA
330,banra,1,780000.00,2025-04-09 17:00:00,CÔNG TY TNHH MỘT THÀNH VIÊN HUY VŨ,BAN TUYÊN GIÁO VÀ DÂN VẬN TỈNH ỦY GIA LAI
331,banra,1,263636.00,2025-04-09 17:00:00,CÔNG TY TNHH MỘT THÀNH VIÊN HUY VŨ,BAN TUYÊN GIÁO VÀ DÂN VẬN TỈNH ỦY GIA LAI
332,banra,1,1000000.00,2025-04-09 17:00:00,CÔNG TY TNHH MỘT THÀNH VIÊN HUY VŨ,ĐẢNG ỦY PHƯỜNG HỘI THƯƠNG
321,banra,1,181818.00,2025-04-08 17:00:00,CÔNG TY TNHH MỘT THÀNH VIÊN HUY VŨ,CÔNG TY CỔ PHẦN BOT VÀ BT ĐỨC LONG GIA LAI
322,banra,1,909091.00,2025-04-08 17:00:00,CÔNG TY TNHH MỘT THÀNH VIÊN HUY VŨ,HỘ KINH DOANH PHAN VĂN MINH
323,banra,1,2909091.00,2025-04-08 17:00:00,CÔNG TY TNHH MỘT THÀNH VIÊN HUY VŨ,CÔNG TY TRÁCH NHIỆM HỮU HẠN MỘT THÀNH VIÊN XĂNG DẦU BẮC TÂY NGUYÊN
324,banra,1,109091.00,2025-04-08 17:00:00,CÔNG TY TNHH MỘT THÀNH VIÊN HUY VŨ,CHI NHÁNH CÔNG TY TNHH OLAM TẠI PLEIKU
325,banra,1,14509091.00,2025-04-08 17:00:00,CÔNG TY TNHH MỘT THÀNH VIÊN HUY VŨ,CÔNG TY TRÁCH NHIỆM HỮU HẠN GIA TƯỜNG
326,banra,1,1227273.00,2025-04-08 17:00:00,CÔNG TY TNHH MỘT THÀNH VIÊN HUY VŨ,NGÂN HÀNG NÔNG NGHIỆP VÀ PHÁT TRIỂN NÔNG THÔN VIỆT NAM - CHI NHÁNH HUYỆN ĐỨC CƠ GIA LAI
327,banra,1,14409091.00,2025-04-08 17:00:00,CÔNG TY TNHH MỘT THÀNH VIÊN HUY VŨ,CÔNG TY TNHH VĨNH TÍN
328,banra,1,1345455.00,2025-04-08 17:00:00,CÔNG TY TNHH MỘT THÀNH VIÊN HUY VŨ,CHI NHÁNH CÔNG TY TRÁCH NHIỆM HỮU HẠN ĐỨC DUNG - BIỂN HỒ
329,banra,1,272727.00,2025-04-08 17:00:00,CÔNG TY TNHH MỘT THÀNH VIÊN HUY VŨ,CÔNG TY TNHH THƯƠNG MẠI DƯỢC PHẨM NGHINH PHONG
314,banra,1,27181818.00,2025-04-07 17:00:00,CÔNG TY TNHH MỘT THÀNH VIÊN HUY VŨ,CÔNG TY CỔ PHẦN TÍN THÀNH ĐẠT
443,banra,1,64545455.00,2025-05-15 17:00:00,CÔNG TY TNHH MỘT THÀNH VIÊN HUY VŨ,HTX SẢN XUẤT ĐIỀU IA GRAI
316,banra,1,7354545.00,2025-04-07 17:00:00,CÔNG TY TNHH MỘT THÀNH VIÊN HUY VŨ,CÔNG TY CỔ PHẦN DU LỊCH GIA LAI
317,banra,1,272728.00,2025-04-07 17:00:00,CÔNG TY TNHH MỘT THÀNH VIÊN HUY VŨ,CÔNG TY CỔ PHẦN Ô TÔ BẮC TÂY NGUYÊN
318,banra,1,409091.00,2025-04-07 17:00:00,CÔNG TY TNHH MỘT THÀNH VIÊN HUY VŨ,BAN QUẢN LÝ RỪNG PHÒNG HỘ HÀ RA
319,banra,1,4181818.00,2025-04-07 17:00:00,CÔNG TY TNHH MỘT THÀNH VIÊN HUY VŨ,TRƯỜNG TIỂU HỌC TRẦN QUỐC TOẢN
311,banra,1,1950000.00,2025-04-04 17:00:00,CÔNG TY TNHH MỘT THÀNH VIÊN HUY VŨ,CÔNG TY TNHH VĨNH TÍN
312,banra,1,19081818.00,2025-04-04 17:00:00,CÔNG TY TNHH MỘT THÀNH VIÊN HUY VŨ,CÔNG TY TNHH VĨNH TÍN
313,banra,1,66140000.00,2025-04-04 17:00:00,CÔNG TY TNHH MỘT THÀNH VIÊN HUY VŨ,CÔNG TY TNHH VI TÍNH QUI NHƠN
309,banra,1,1618181.00,2025-04-03 17:00:00,CÔNG TY TNHH MỘT THÀNH VIÊN HUY VŨ,HỘ KINH DOANH PHAN VĂN MINH
310,banra,1,43009091.00,2025-04-03 17:00:00,CÔNG TY TNHH MỘT THÀNH VIÊN HUY VŨ,PHÒNG ĐIỀU TRA HÌNH SỰ - QUÂN ĐOÀN 34
304,banra,1,163500001.00,2025-04-02 17:00:00,CÔNG TY TNHH MỘT THÀNH VIÊN HUY VŨ,CÔNG TY TNHH VI TÍNH QUI NHƠN
305,banra,1,4045455.00,2025-04-02 17:00:00,CÔNG TY TNHH MỘT THÀNH VIÊN HUY VŨ,CÔNG TY TNHH MỘT THÀNH VIÊN HẬU CẦN 28 SANG AN GIA LAI
306,banra,1,10181818.00,2025-04-02 17:00:00,CÔNG TY TNHH MỘT THÀNH VIÊN HUY VŨ,CÔNG TY TNHH MTV THƯƠNG MẠI THIÊN NGÂN KON TUM
307,banra,1,4809091.00,2025-04-02 17:00:00,CÔNG TY TNHH MỘT THÀNH VIÊN HUY VŨ,CÔNG TY TNHH THƯƠNG MẠI KENGROUP
308,banra,1,25036364.00,2025-04-02 17:00:00,CÔNG TY TNHH MỘT THÀNH VIÊN HUY VŨ,VIETTEL GIA LAI – CHI NHÁNH TẬP ĐOÀN CÔNG NGHIỆP - VIỄN THÔNG QUÂN ĐỘI
296,banra,1,354545.00,2025-04-01 17:00:00,CÔNG TY TNHH MỘT THÀNH VIÊN HUY VŨ,CÔNG TY BẢO VIỆT GIA LAI
297,banra,1,7090909.00,2025-04-01 17:00:00,CÔNG TY TNHH MỘT THÀNH VIÊN HUY VŨ,CÔNG TY TNHH THƯƠNG MẠI DỊCH VỤ NGỌC NAM GIA LAI
298,banra,1,9272727.00,2025-04-01 17:00:00,CÔNG TY TNHH MỘT THÀNH VIÊN HUY VŨ,CÔNG TY TNHH ĐIỆN TỬ TIN HỌC KIM PHÁT
299,banra,1,35254545.00,2025-04-01 17:00:00,CÔNG TY TNHH MỘT THÀNH VIÊN HUY VŨ,NGÂN HÀNG THƯƠNG MẠI CỔ PHẦN ĐẦU TƯ VÀ PHÁT TRIỂN VIỆT NAM - CHI NHÁNH NAM GIA LAI
300,banra,1,3879630.00,2025-04-01 17:00:00,CÔNG TY TNHH MỘT THÀNH VIÊN HUY VŨ,NGÂN HÀNG THƯƠNG MẠI CỔ PHẦN ĐẦU TƯ VÀ PHÁT TRIỂN VIỆT NAM - CHI NHÁNH NAM GIA LAI
301,banra,1,2727273.00,2025-04-01 17:00:00,CÔNG TY TNHH MỘT THÀNH VIÊN HUY VŨ,CÔNG TY TNHH MỘT THÀNH VIÊN KỸ THUẬT LÊ THƯƠNG
302,banra,1,336364.00,2025-04-01 17:00:00,CÔNG TY TNHH MỘT THÀNH VIÊN HUY VŨ,TRƯỜNG THCS NGUYỄN HUỆ
303,banra,1,7365455.00,2025-04-01 17:00:00,CÔNG TY TNHH MỘT THÀNH VIÊN HUY VŨ,CÔNG TY TNHH MỘT THÀNH VIÊN XÂY DỰNG THUẬN AN GIA LAI
290,banra,1,472727.00,2025-03-31 17:00:00,CÔNG TY TNHH MỘT THÀNH VIÊN HUY VŨ,CÔNG TY TNHH MTV MÔI TRƯỜNG MINH PHÚ GIA LAI
291,banra,1,90909.00,2025-03-31 17:00:00,CÔNG TY TNHH MỘT THÀNH VIÊN HUY VŨ,CHI NHÁNH CÔNG TY TNHH OLAM TẠI PLEIKU
292,banra,1,5263636.00,2025-03-31 17:00:00,CÔNG TY TNHH MỘT THÀNH VIÊN HUY VŨ,CÔNG TY TNHH THƯƠNG MẠI VÀ DỊCH VỤ TUẤN SEN
293,banra,1,354546.00,2025-03-31 17:00:00,CÔNG TY TNHH MỘT THÀNH VIÊN HUY VŨ,CÔNG TY CỔ PHẦN SẢN XUẤT KINH DOANH LÂM SẢN GIA LAI
294,banra,1,13909091.00,2025-03-31 17:00:00,CÔNG TY TNHH MỘT THÀNH VIÊN HUY VŨ,CÔNG TY TNHH THƯƠNG MẠI DỊCH VỤ NGỌC NAM GIA LAI
514,banra,1,97031818.00,2025-05-30 17:00:00,CÔNG TY TNHH MỘT THÀNH VIÊN HUY VŨ,CÔNG TY TNHH MỘT THÀNH VIÊN ĐIỆN TỬ TIN HỌC NGUYỄN DƯƠNG
516,banra,1,267863639.00,2025-05-30 17:00:00,CÔNG TY TNHH MỘT THÀNH VIÊN HUY VŨ,CÔNG TY CỔ PHẦN THƯƠNG MẠI DỊCH VỤ TIN HỌC ABC
511,banra,1,5218182.00,2025-05-29 17:00:00,CÔNG TY TNHH MỘT THÀNH VIÊN HUY VŨ,CÔNG TY CỔ PHẦN CÔNG TRÌNH ĐÔ THỊ GIA LAI
512,banra,1,1381818.00,2025-05-29 17:00:00,CÔNG TY TNHH MỘT THÀNH VIÊN HUY VŨ,HỘ KINH DOANH MÁY VĂN PHÒNG PHƯƠNG NAM
513,banra,1,15981818.00,2025-05-29 17:00:00,CÔNG TY TNHH MỘT THÀNH VIÊN HUY VŨ,CÔNG TY TNHH PHÁT TRIỂN CÔNG NGHỆ VIDANA
506,banra,1,65636364.00,2025-05-28 17:00:00,CÔNG TY TNHH MỘT THÀNH VIÊN HUY VŨ,CÔNG TY TNHH ĐIỆN TỬ TIN HỌC KIM PHÁT
507,banra,1,3618182.00,2025-05-28 17:00:00,CÔNG TY TNHH MỘT THÀNH VIÊN HUY VŨ,CÔNG TY TNHH MỘT THÀNH VIÊN THƯƠNG MẠI DỊCH VỤ DIỆP NGUYỄN GIA LAI
508,banra,1,17718182.00,2025-05-28 17:00:00,CÔNG TY TNHH MỘT THÀNH VIÊN HUY VŨ,CÔNG TY TNHH Ô TÔ PHỐ NÚI
509,banra,1,10909091.00,2025-05-28 17:00:00,CÔNG TY TNHH MỘT THÀNH VIÊN HUY VŨ,BỘ CHỈ HUY BỘ ĐỘI BIÊN PHÒNG TỈNH GIA LAI
510,banra,1,11595455.00,2025-05-28 17:00:00,CÔNG TY TNHH MỘT THÀNH VIÊN HUY VŨ,HỘ KINH DOANH MÁY VĂN PHÒNG PHƯƠNG NAM
505,banra,1,972727.00,2025-05-27 17:00:00,CÔNG TY TNHH MỘT THÀNH VIÊN HUY VŨ,CÔNG TY TRUYỀN TẢI ĐIỆN 3
500,banra,1,13800000.00,2025-05-26 17:00:00,CÔNG TY TNHH MỘT THÀNH VIÊN HUY VŨ,CÔNG TY TNHH ĐẦU TƯ VÀ PHÁT TRIỂN CÔNG NGHỆ HI-TECH
501,banra,1,2536364.00,2025-05-26 17:00:00,CÔNG TY TNHH MỘT THÀNH VIÊN HUY VŨ,CÔNG TY TNHH ĐIỆN XEKAMAN 1 ( 167507363900 )
502,banra,1,636364.00,2025-05-26 17:00:00,CÔNG TY TNHH MỘT THÀNH VIÊN HUY VŨ,CÔNG TY TNHH Ô TÔ 7-STARS
503,banra,1,1718182.00,2025-05-26 17:00:00,CÔNG TY TNHH MỘT THÀNH VIÊN HUY VŨ,HỘ KINH DOANH PHAN VĂN MINH
788,banra,1,3324074.00,2025-07-30 17:00:00,CÔNG TY TNHH MỘT THÀNH VIÊN HUY VŨ,CÔNG TY CỔ PHẦN THỦY ĐIỆN ĐĂK ROONG
789,banra,1,3324074.00,2025-07-30 17:00:00,CÔNG TY TNHH MỘT THÀNH VIÊN HUY VŨ,CÔNG TY TNHH ĐỨC MINH TECH
499,banra,1,2709091.00,2025-05-25 17:00:00,CÔNG TY TNHH MỘT THÀNH VIÊN HUY VŨ,CÔNG TY CỔ PHẦN THỦY ĐIỆN AN QUANG
496,banra,1,527273.00,2025-05-24 17:00:00,CÔNG TY TNHH MỘT THÀNH VIÊN HUY VŨ,CHI NHÁNH CÔNG TY CỔ PHẦN THUỶ ĐIỆN CẦN ĐƠN-NHÀ MÁY THỦY ĐIỆN RY NINH II
497,banra,1,2254545.00,2025-05-24 17:00:00,CÔNG TY TNHH MỘT THÀNH VIÊN HUY VŨ,CÔNG TY TNHH MỘT THÀNH VIÊN TUYÊN TUYẾN
498,banra,1,336364.00,2025-05-24 17:00:00,CÔNG TY TNHH MỘT THÀNH VIÊN HUY VŨ,TRƯỜNG TIỂU HỌC SỐ 1 K'DANG
487,banra,1,13919091.00,2025-05-22 17:00:00,CÔNG TY TNHH MỘT THÀNH VIÊN HUY VŨ,LỮ ĐOÀN 132 - BINH CHỦNG THÔNG TIN LIÊN LẠC
488,banra,1,1300000.00,2025-05-22 17:00:00,CÔNG TY TNHH MỘT THÀNH VIÊN HUY VŨ,CÔNG TY TNHH PHƯƠNG ANH THỊNH
489,banra,1,2745455.00,2025-05-22 17:00:00,CÔNG TY TNHH MỘT THÀNH VIÊN HUY VŨ,CÔNG TY TNHH MỘT THÀNH VIÊN MẠNH THẮNG GLC
490,banra,1,2698182.00,2025-05-22 17:00:00,CÔNG TY TNHH MỘT THÀNH VIÊN HUY VŨ,LỮ ĐOÀN 132 - BINH CHỦNG THÔNG TIN LIÊN LẠC
491,banra,1,100000.00,2025-05-22 17:00:00,CÔNG TY TNHH MỘT THÀNH VIÊN HUY VŨ,CÔNG TY TNHH XÂY DỰNG CÔNG NÔNG NGHIỆP THADICO
492,banra,1,14809091.00,2025-05-22 17:00:00,CÔNG TY TNHH MỘT THÀNH VIÊN HUY VŨ,CÔNG TY TNHH Ô TÔ LƯỚT TOÀN QUỐC
493,banra,1,4222727.00,2025-05-22 17:00:00,CÔNG TY TNHH MỘT THÀNH VIÊN HUY VŨ,CÔNG TY TNHH TIN HỌC QUANG ANH GL
494,banra,1,7090910.00,2025-05-22 17:00:00,CÔNG TY TNHH MỘT THÀNH VIÊN HUY VŨ,HỘ KINH DOANH MÁY VĂN PHÒNG PHƯƠNG NAM
495,banra,1,8636364.00,2025-05-22 17:00:00,CÔNG TY TNHH MỘT THÀNH VIÊN HUY VŨ,BỘ CHỈ HUY BỘ ĐỘI BIÊN PHÒNG TỈNH GIA LAI
471,banra,1,263636.00,2025-05-21 17:00:00,CÔNG TY TNHH MỘT THÀNH VIÊN HUY VŨ,CHI NHÁNH CÔNG TY TNHH OLAM TẠI PLEIKU
476,banra,1,11363636.00,2025-05-21 17:00:00,CÔNG TY TNHH MỘT THÀNH VIÊN HUY VŨ,LỮ ĐOÀN 132 - BINH CHỦNG THÔNG TIN LIÊN LẠC
477,banra,1,1727273.00,2025-05-21 17:00:00,CÔNG TY TNHH MỘT THÀNH VIÊN HUY VŨ,CHI NHÁNH CÔNG TY TRÁCH NHIỆM HỮU HẠN ĐỨC DUNG - ĐẮKĐOA
478,banra,1,10318182.00,2025-05-21 17:00:00,CÔNG TY TNHH MỘT THÀNH VIÊN HUY VŨ,CÔNG TY TRÁCH NHIỆM HỮU HẠN ĐỨC DUNG
479,banra,1,13500000.00,2025-05-21 17:00:00,CÔNG TY TNHH MỘT THÀNH VIÊN HUY VŨ,PHÒNG NỘI VỤ HUYỆN MANG YANG
480,banra,1,5900000.00,2025-05-21 17:00:00,CÔNG TY TNHH MỘT THÀNH VIÊN HUY VŨ,CÔNG TY TNHH MỘT THÀNH VIÊN LÊ ĐẠO GIA LAI
481,banra,1,681818.00,2025-05-21 17:00:00,CÔNG TY TNHH MỘT THÀNH VIÊN HUY VŨ,PHÒNG KỸ THUẬT HÌNH SỰ CÔNG AN TỈNH
482,banra,1,2263636.00,2025-05-21 17:00:00,CÔNG TY TNHH MỘT THÀNH VIÊN HUY VŨ,ỦY BAN NHÂN DÂN XÃ ĐĂK TA LEY
483,banra,1,7022727.00,2025-05-21 17:00:00,CÔNG TY TNHH MỘT THÀNH VIÊN HUY VŨ,CÔNG TY TNHH SAO VIỆT GIA LAI
484,banra,1,85572728.00,2025-05-21 17:00:00,CÔNG TY TNHH MỘT THÀNH VIÊN HUY VŨ,CÔNG TY TNHH MỘT THÀNH VIÊN ĐIỆN TỬ TIN HỌC NGUYỄN DƯƠNG
485,banra,1,772727.00,2025-05-21 17:00:00,CÔNG TY TNHH MỘT THÀNH VIÊN HUY VŨ,CÔNG TY TNHH HƯNG THẮNG LỢI GIA LAI
486,banra,1,14718182.00,2025-05-21 17:00:00,CÔNG TY TNHH MỘT THÀNH VIÊN HUY VŨ,CÔNG TY TNHH MỘT THÀNH VIÊN CAO SU CHƯ PRÔNG
464,banra,1,18818182.00,2025-05-20 17:00:00,CÔNG TY TNHH MỘT THÀNH VIÊN HUY VŨ,CÔNG TY TNHH ĐIỆN TỬ TIN HỌC KIM PHÁT
465,banra,1,409091.00,2025-05-20 17:00:00,CÔNG TY TNHH MỘT THÀNH VIÊN HUY VŨ,CÔNG TY TNHH TƯ VẤN TÀI NGUYÊN VÀ MÔI TRƯỜNG QUANG MINH
466,banra,1,954545.00,2025-05-20 17:00:00,CÔNG TY TNHH MỘT THÀNH VIÊN HUY VŨ,Phòng giao dịch Ngân hàng Chính sách xã hội huyện Krông Pa
1092,banra,1,12305556.00,2025-09-29 17:00:00,CÔNG TY TNHH MỘT THÀNH VIÊN HUY VŨ,
1093,banra,1,7268519.00,2025-09-29 17:00:00,CÔNG TY TNHH MỘT THÀNH VIÊN HUY VŨ,CÔNG AN XÃ KON CHIÊNG
468,banra,1,1009259.00,2025-05-20 17:00:00,CÔNG TY TNHH MỘT THÀNH VIÊN HUY VŨ,HTX SẢN XUẤT ĐIỀU IA GRAI
469,banra,1,13950000.00,2025-05-20 17:00:00,CÔNG TY TNHH MỘT THÀNH VIÊN HUY VŨ,QUỸ TÍN DỤNG NHÂN DÂN TRÀ BÁ
1407,banra,1,13509259.00,2025-12-05 17:00:00,CÔNG TY TNHH MỘT THÀNH VIÊN HUY VŨ,
470,banra,1,42300000.00,2025-05-20 17:00:00,CÔNG TY TNHH MỘT THÀNH VIÊN HUY VŨ,QUỸ TÍN DỤNG NHÂN DÂN TRÀ BÁ
460,banra,1,17709091.00,2025-05-19 17:00:00,CÔNG TY TNHH MỘT THÀNH VIÊN HUY VŨ,CÔNG TY TNHH MỘT THÀNH VIÊN CÀ PHÊ  IA CHÂM
462,banra,1,5081818.00,2025-05-19 17:00:00,CÔNG TY TNHH MỘT THÀNH VIÊN HUY VŨ,CÔNG TY TNHH MỘT THÀNH VIÊN LÊ ĐẠO GIA LAI
463,banra,1,6363636.00,2025-05-19 17:00:00,CÔNG TY TNHH MỘT THÀNH VIÊN HUY VŨ,"Kho K897, Cục Quân khí, Tổng cục Hậu cần - Kỹ thuật"
456,banra,1,263636.00,2025-05-18 17:00:00,CÔNG TY TNHH MỘT THÀNH VIÊN HUY VŨ,CÔNG TY CỔ PHẦN Ô TÔ BẮC TÂY NGUYÊN
457,banra,1,11537273.00,2025-05-18 17:00:00,CÔNG TY TNHH MỘT THÀNH VIÊN HUY VŨ,LỮ ĐOÀN 132 - BINH CHỦNG THÔNG TIN LIÊN LẠC
458,banra,1,79954545.00,2025-05-18 17:00:00,CÔNG TY TNHH MỘT THÀNH VIÊN HUY VŨ,CÔNG TY TNHH MỘT THÀNH VIÊN ĐIỆN TỬ TIN HỌC NGUYỄN DƯƠNG
459,banra,1,30000000.00,2025-05-18 17:00:00,CÔNG TY TNHH MỘT THÀNH VIÊN HUY VŨ,CÔNG TY TNHH ĐIỆN TỬ TIN HỌC KIM PHÁT
452,banra,1,5418182.00,2025-05-16 17:00:00,CÔNG TY TNHH MỘT THÀNH VIÊN HUY VŨ,KHO K896/Cục Quân Khí
453,banra,1,16263636.00,2025-05-16 17:00:00,CÔNG TY TNHH MỘT THÀNH VIÊN HUY VŨ,CÔNG TY CỔ PHẦN ĐẦU TƯ VÀ PHÁT TRIỂN NÔNG TRƯỜNG DAK DOA
454,banra,1,545455.00,2025-05-16 17:00:00,CÔNG TY TNHH MỘT THÀNH VIÊN HUY VŨ,CÔNG TY CỔ PHẦN BÊ TÔNG HOÀNG THỊNH GIA LAI
455,banra,1,34763636.00,2025-05-16 17:00:00,CÔNG TY TNHH MỘT THÀNH VIÊN HUY VŨ,CÔNG TY TNHH Ô TÔ 7-STARS
445,banra,1,16363636.00,2025-05-15 17:00:00,CÔNG TY TNHH MỘT THÀNH VIÊN HUY VŨ,CÔNG TY TNHH ĐIỆN TỬ TIN HỌC KIM PHÁT
446,banra,1,636364.00,2025-05-15 17:00:00,CÔNG TY TNHH MỘT THÀNH VIÊN HUY VŨ,CÔNG TY TNHH MỘT THÀNH VIÊN TƯ VẤN XÂY DỰNG TIẾN CƯỜNG GIA LAI
447,banra,1,1036364.00,2025-05-15 17:00:00,CÔNG TY TNHH MỘT THÀNH VIÊN HUY VŨ,BINH ĐOÀN 15
448,banra,1,37254546.00,2025-05-15 17:00:00,CÔNG TY TNHH MỘT THÀNH VIÊN HUY VŨ,CÔNG TY CỔ PHẦN ĐIỆN GIA LAI
449,banra,1,400000.00,2025-05-15 17:00:00,CÔNG TY TNHH MỘT THÀNH VIÊN HUY VŨ,CẢNG HÀNG KHÔNG PLEIKU - CHI NHÁNH TỔNG CÔNG TY CẢNG HÀNG KHÔNG VIỆT NAM - CTCP
450,banra,1,5136364.00,2025-05-15 17:00:00,CÔNG TY TNHH MỘT THÀNH VIÊN HUY VŨ,CÔNG TY TNHH LONG HẢI GIA LAI
451,banra,1,327273.00,2025-05-15 17:00:00,CÔNG TY TNHH MỘT THÀNH VIÊN HUY VŨ,CÔNG TY CỔ PHẦN ĐIỆN GIÓ NHƠN HÒA 1
441,banra,1,1990909.00,2025-05-14 17:00:00,CÔNG TY TNHH MỘT THÀNH VIÊN HUY VŨ,CÔNG TY CỔ PHẦN THƯƠNG MẠI HƯNG PHÁT
434,banra,1,118182.00,2025-05-13 17:00:00,CÔNG TY TNHH MỘT THÀNH VIÊN HUY VŨ,CÔNG TY TRÁCH NHIỆM HỮU HẠN MỘT THÀNH VIÊN TRIỆU HẢI GIA LAI
435,banra,1,309091.00,2025-05-13 17:00:00,CÔNG TY TNHH MỘT THÀNH VIÊN HUY VŨ,CÔNG TY CỔ PHẦN CHANH LEO NAFOODS
436,banra,1,1063636.00,2025-05-13 17:00:00,CÔNG TY TNHH MỘT THÀNH VIÊN HUY VŨ,Trung tâm KĐĐD T265/CQK
437,banra,1,7272727.00,2025-05-13 17:00:00,CÔNG TY TNHH MỘT THÀNH VIÊN HUY VŨ,CÔNG TY CỔ PHẦN QUỐC CƯỜNG  GIA LAI
438,banra,1,26331818.00,2025-05-13 17:00:00,CÔNG TY TNHH MỘT THÀNH VIÊN HUY VŨ,HỘ KINH DOANH ĐẠI PHÚ
439,banra,1,3249091.00,2025-05-13 17:00:00,CÔNG TY TNHH MỘT THÀNH VIÊN HUY VŨ,CÔNG TY TNHH XÂY DỰNG - ĐẦU TƯ HKC
926,banra,1,916667.00,2025-09-03 17:00:00,CÔNG TY TNHH MỘT THÀNH VIÊN HUY VŨ,TRƯỜNG TIỂU HỌC NGUYỄN DU
915,banra,1,34944444.00,2025-09-02 17:00:00,CÔNG TY TNHH MỘT THÀNH VIÊN HUY VŨ,CÔNG TY TRÁCH NHIỆM HỮU HẠN 30-4 GIA LAI
429,banra,1,10545455.00,2025-05-12 17:00:00,CÔNG TY TNHH MỘT THÀNH VIÊN HUY VŨ,CÔNG TY CỔ PHẦN TƯ VẤN XÂY DỰNG GIAO THÔNG AN BÌNH
430,banra,1,5081818.00,2025-05-12 17:00:00,CÔNG TY TNHH MỘT THÀNH VIÊN HUY VŨ,CÔNG TY TNHH MỘT THÀNH VIÊN ĐỨC HẢI
431,banra,1,481818.00,2025-05-12 17:00:00,CÔNG TY TNHH MỘT THÀNH VIÊN HUY VŨ,CỬA HÀNG MÁY VĂN PHÒNG HBT
432,banra,1,16172727.00,2025-05-12 17:00:00,CÔNG TY TNHH MỘT THÀNH VIÊN HUY VŨ,BINH ĐOÀN 15
433,banra,1,681818.00,2025-05-12 17:00:00,CÔNG TY TNHH MỘT THÀNH VIÊN HUY VŨ,CÔNG TY CỔ PHẦN BỆNH VIỆN ĐẠI HỌC Y DƯỢC - HOÀNG ANH GIA LAI
428,banra,1,9900000.00,2025-05-11 17:00:00,CÔNG TY TNHH MỘT THÀNH VIÊN HUY VŨ,NGÂN HÀNG HỢP TÁC XÃ VIỆT NAM - CHI NHÁNH GIA LAI
424,banra,1,372727.00,2025-05-10 17:00:00,CÔNG TY TNHH MỘT THÀNH VIÊN HUY VŨ,Ban điều hành dự án Nhà máy thủy điện tích năng Bác Ái – Chi nhánh Tổng công ty Sông Đà – CTCP
425,banra,1,2781818.00,2025-05-10 17:00:00,CÔNG TY TNHH MỘT THÀNH VIÊN HUY VŨ,CHI NHÁNH MIỀN TRUNG - TỔNG CÔNG TY XÂY DỰNG TRƯỜNG SƠN
426,banra,1,1290909.00,2025-05-10 17:00:00,CÔNG TY TNHH MỘT THÀNH VIÊN HUY VŨ,HỘ KINH DOANH PHAN VĂN MINH
427,banra,1,5500000.00,2025-05-10 17:00:00,CÔNG TY TNHH MỘT THÀNH VIÊN HUY VŨ,ỦY BAN NHÂN DÂN XÃ TÂN BÌNH
420,banra,1,14818182.00,2025-05-09 17:00:00,CÔNG TY TNHH MỘT THÀNH VIÊN HUY VŨ,CÔNG TY TNHH ĐIỆN TỬ TIN HỌC KIM PHÁT
421,banra,1,445455.00,2025-05-09 17:00:00,CÔNG TY TNHH MỘT THÀNH VIÊN HUY VŨ,CÔNG TY TRÁCH NHIỆM HỮU HẠN ĐẠI LÝ THUẾ HIỆP HƯNG GIA LAI
422,banra,1,18090909.00,2025-05-09 17:00:00,CÔNG TY TNHH MỘT THÀNH VIÊN HUY VŨ,CÔNG TY TNHH XÂY DỰNG - ĐẦU TƯ HKC
423,banra,1,12990909.00,2025-05-09 17:00:00,CÔNG TY TNHH MỘT THÀNH VIÊN HUY VŨ,CHI NHÁNH CÔNG TY TNHH OLAM TẠI TỈNH GIA LAI
561428,muavao,1,24545.00,2025-08-01 17:00:00,TRUNG TÂM KINH DOANH VNPT - GIA LAI - CHI NHÁNH TỔNG CÔNG TY DỊCH VỤ VIỄN THÔNG,Công Ty  TNHH MTV Huy Vũ
413,banra,1,318182.00,2025-05-08 17:00:00,CÔNG TY TNHH MỘT THÀNH VIÊN HUY VŨ,TRƯỜNG THCS NGUYỄN HUỆ
414,banra,1,4045455.00,2025-05-08 17:00:00,CÔNG TY TNHH MỘT THÀNH VIÊN HUY VŨ,CÔNG TY TNHH MỘT THÀNH VIÊN KINH DOANH TỔNG HỢP GIA LAI
415,banra,1,2809091.00,2025-05-08 17:00:00,CÔNG TY TNHH MỘT THÀNH VIÊN HUY VŨ,HỘ KINH DOANH CỬA HÀNG VPP - TẠP HÓA CÔNG BI
416,banra,1,3194444.00,2025-05-08 17:00:00,CÔNG TY TNHH MỘT THÀNH VIÊN HUY VŨ,CÔNG TY CP 30/4 PHÚC TÍN
417,banra,1,1718182.00,2025-05-08 17:00:00,CÔNG TY TNHH MỘT THÀNH VIÊN HUY VŨ,CÔNG TY TNHH MỘT THÀNH VIÊN TIẾN MINH GIA LAI
418,banra,1,16127273.00,2025-05-08 17:00:00,CÔNG TY TNHH MỘT THÀNH VIÊN HUY VŨ,CHI NHÁNH TỔNG CÔNG TY CÀ PHÊ VIỆT NAM - CÔNG TY CÀ PHÊ IA SAO I
419,banra,1,790909.00,2025-05-08 17:00:00,CÔNG TY TNHH MỘT THÀNH VIÊN HUY VŨ,CÔNG TY CỔ PHẦN QUỐC CƯỜNG  GIA LAI
407,banra,1,2000000.00,2025-05-07 17:00:00,CÔNG TY TNHH MỘT THÀNH VIÊN HUY VŨ,CHI CỤC THI HÀNH ÁN DÂN SỰ HUYỆN MANG YANG
408,banra,1,136364.00,2025-05-07 17:00:00,CÔNG TY TNHH MỘT THÀNH VIÊN HUY VŨ,CÔNG TY CỔ PHẦN DU LỊCH GIA LAI
409,banra,1,3118182.00,2025-05-07 17:00:00,CÔNG TY TNHH MỘT THÀNH VIÊN HUY VŨ,CHI CỤC THI HÀNH ÁN DÂN SỰ HUYỆN MANG YANG
410,banra,1,5718182.00,2025-05-07 17:00:00,CÔNG TY TNHH MỘT THÀNH VIÊN HUY VŨ,HỢP TÁC XÃ NÔNG NGHIỆP TÂN TIẾN
411,banra,1,18181818.00,2025-05-07 17:00:00,CÔNG TY TNHH MỘT THÀNH VIÊN HUY VŨ,BỘ CHỈ HUY BỘ ĐỘI BIÊN PHÒNG TỈNH GIA LAI
402,banra,1,1545454.00,2025-05-06 17:00:00,CÔNG TY TNHH MỘT THÀNH VIÊN HUY VŨ,CÔNG TY TRUYỀN TẢI ĐIỆN 3 - TRUYỀN TẢI ĐIỆN GIA LAI
403,banra,1,13263636.00,2025-05-06 17:00:00,CÔNG TY TNHH MỘT THÀNH VIÊN HUY VŨ,CHI NHÁNH TỔNG CÔNG TY CÀ PHÊ VIỆT NAM - CÔNG TY CÀ PHÊ IA SAO I
63,banra,1,1090909.00,2025-01-22 17:00:00,CÔNG TY TNHH MỘT THÀNH VIÊN HUY VŨ,CÔNG TY CỔ PHẦN KINH DOANH VÀ PHÁT TRIỂN MIỀN NÚI GIA LAI
60,banra,1,1066364.00,2025-01-21 17:00:00,CÔNG TY TNHH MỘT THÀNH VIÊN HUY VŨ,"PHÒNG CHÍNH TRỊ LỮ ĐOÀN 40, QUÂN ĐOÀN 34"
40,banra,1,3263636.00,2025-01-14 17:00:00,CÔNG TY TNHH MỘT THÀNH VIÊN HUY VŨ,CÔNG TY TNHH MTV TÂM ĐỨC GIA LAI
45,banra,1,827273.00,2025-01-14 17:00:00,CÔNG TY TNHH MỘT THÀNH VIÊN HUY VŨ,CHI NHÁNH CÔNG TY CỔ PHẦN THUỶ ĐIỆN CẦN ĐƠN-NHÀ MÁY THỦY ĐIỆN RY NINH II
30,banra,1,5445455.00,2025-01-09 17:00:00,CÔNG TY TNHH MỘT THÀNH VIÊN HUY VŨ,CÔNG TY CỔ PHẦN THƯƠNG MẠI VÀ DỊCH VỤ KGT GIA LAI
405,banra,1,12209091.00,2025-05-06 17:00:00,CÔNG TY TNHH MỘT THÀNH VIÊN HUY VŨ,CÔNG TY CỔ PHẦN HOÀNG ANH GIA LAI
406,banra,1,8536364.00,2025-05-06 17:00:00,CÔNG TY TNHH MỘT THÀNH VIÊN HUY VŨ,CÔNG TY TNHH ĐIỆN TỬ TIN HỌC KIM PHÁT
400,banra,1,12718182.00,2025-05-05 17:00:00,CÔNG TY TNHH MỘT THÀNH VIÊN HUY VŨ,CÔNG TY CỔ PHẦN THỦY ĐIỆN ĐỨC NHÂN - ĐĂKPSI
398,banra,1,227273.00,2025-05-04 17:00:00,CÔNG TY TNHH MỘT THÀNH VIÊN HUY VŨ,CÔNG TY TNHH MỘT THÀNH VIÊN CAO SU CHƯ PRÔNG
399,banra,1,681818.00,2025-05-04 17:00:00,CÔNG TY TNHH MỘT THÀNH VIÊN HUY VŨ,CÔNG TY TNHH THƯƠNG MẠI VÀ XÂY LẮP ĐIỆN LỘC PHÁT GIA LAI
396,banra,1,3227273.00,2025-05-02 17:00:00,CÔNG TY TNHH MỘT THÀNH VIÊN HUY VŨ,CÔNG TY TNHH MỘT THÀNH VIÊN TỔNG CÔNG TY 15 - CHI NHÁNH 710
397,banra,1,12036364.00,2025-05-02 17:00:00,CÔNG TY TNHH MỘT THÀNH VIÊN HUY VŨ,CÔNG TY TNHH MỘT THÀNH VIÊN THIẾT KẾ VÀ XÂY DỰNG MỸ THUẬT LINH GIA
395,banra,1,1345455.00,2025-05-01 17:00:00,CÔNG TY TNHH MỘT THÀNH VIÊN HUY VŨ,CÔNG TY TNHH MỘT THÀNH VIÊN SÀI GÒN - CHƯ SÊ
517,banra,1,14909091.00,2025-05-31 17:00:00,CÔNG TY TNHH MỘT THÀNH VIÊN HUY VŨ,Công ty TNHH Phòng khám đa khoa Tâm Phúc Chư Sê
561497,muavao,1,40364.00,2025-08-01 17:00:00,TRUNG TÂM KINH DOANH VNPT - GIA LAI - CHI NHÁNH TỔNG CÔNG TY DỊCH VỤ VIỄN THÔNG,Công Ty TNHH MTV Huy Vũ
17,banra,1,13636364.00,2025-01-07 17:00:00,CÔNG TY TNHH MỘT THÀNH VIÊN HUY VŨ,TOÀ ÁN NHÂN DÂN TỈNH KON TUM
147,banra,1,4900000.00,2025-02-26 17:00:00,CÔNG TY TNHH MỘT THÀNH VIÊN HUY VŨ,D28 / BỘ THAM MƯU / QUÂN ĐOÀN 34
123,banra,1,1490909.00,2025-02-20 17:00:00,CÔNG TY TNHH MỘT THÀNH VIÊN HUY VŨ,CHI NHÁNH CÔNG TY CỔ PHẦN THUỶ ĐIỆN CẦN ĐƠN-NHÀ MÁY THỦY ĐIỆN RY NINH II
113,banra,1,863636.00,2025-02-17 17:00:00,CÔNG TY TNHH MỘT THÀNH VIÊN HUY VŨ,BAN QUẢN LÝ DỰ ÁN - BỘ THAM MƯU - QUÂN ĐOÀN 34
97,banra,1,16909091.00,2025-02-12 17:00:00,CÔNG TY TNHH MỘT THÀNH VIÊN HUY VŨ,TRƯỜNG MẦM NON 17/3
84,banra,1,6045455.00,2025-02-09 17:00:00,CÔNG TY TNHH MỘT THÀNH VIÊN HUY VŨ,CÔNG TY PHÁT TRIỂN THỦY ĐIỆN SÊ SAN - CHI NHÁNH TẬP ĐOÀN ĐIỆN LỰC VIỆT NAM
87,banra,1,5445455.00,2025-02-09 17:00:00,CÔNG TY TNHH MỘT THÀNH VIÊN HUY VŨ,CÔNG TY TNHH MỘT THÀNH VIÊN THIÊN TÂM
74,banra,1,1172727.00,2025-02-05 17:00:00,CÔNG TY TNHH MỘT THÀNH VIÊN HUY VŨ,NGÂN HÀNG THƯƠNG MẠI CỔ PHẦN ĐẦU TƯ VÀ PHÁT TRIỂN VIỆT NAM - CHI NHÁNH NAM GIA LAI
72,banra,1,136364.00,2025-02-04 17:00:00,CÔNG TY TNHH MỘT THÀNH VIÊN HUY VŨ,CÔNG TY BẢO HIỂM BSH GIA LAI
276,banra,1,4081818.00,2025-03-27 17:00:00,CÔNG TY TNHH MỘT THÀNH VIÊN HUY VŨ,CÔNG TY TNHH MỘT THÀNH VIÊN 732
278,banra,1,21627273.00,2025-03-27 17:00:00,CÔNG TY TNHH MỘT THÀNH VIÊN HUY VŨ,CÔNG TY CỔ PHẦN ĐẦU TƯ VÀ PHÁT TRIỂN ĐIỆN NĂNG ĐỨC LONG GIA LAI
259,banra,1,227273.00,2025-03-25 17:00:00,CÔNG TY TNHH MỘT THÀNH VIÊN HUY VŨ,CÔNG TY TNHH THỜI TRANG ELISE
251,banra,1,96790912.00,2025-03-24 17:00:00,CÔNG TY TNHH MỘT THÀNH VIÊN HUY VŨ,CÔNG TY TNHH MỘT THÀNH VIÊN SẢN XUẤT THƯƠNG MẠI THÀNH ĐẠT RẠCH GIÁ
249,banra,1,13731818.00,2025-03-23 17:00:00,CÔNG TY TNHH MỘT THÀNH VIÊN HUY VŨ,XÍ NGHIỆP KHẢO SÁT THIẾT KẾ - CHI NHÁNH TỔNG CÔNG TY 15
242,banra,1,42295455.00,2025-03-22 17:00:00,CÔNG TY TNHH MỘT THÀNH VIÊN HUY VŨ,CÔNG TY TNHH MỘT THÀNH VIÊN ĐIỆN TỬ TIN HỌC NGUYỄN DƯƠNG
231,banra,1,409091.00,2025-03-19 17:00:00,CÔNG TY TNHH MỘT THÀNH VIÊN HUY VŨ,CHI NHÁNH GIA LAI - CÔNG TY CỔ PHẦN DỊCH VỤ THƯƠNG MẠI TỔNG HỢP WINCOMMERCE
222,banra,1,102550000.00,2025-03-17 17:00:00,CÔNG TY TNHH MỘT THÀNH VIÊN HUY VŨ,CÔNG TY TNHH MỘT THÀNH VIÊN ĐIỆN TỬ TIN HỌC NGUYỄN DƯƠNG
209,banra,1,409091.00,2025-03-16 17:00:00,CÔNG TY TNHH MỘT THÀNH VIÊN HUY VŨ,CÔNG TY CỔ PHẦN CẤP NƯỚC SÀI GÒN - PLEIKU
198,banra,1,13850000.00,2025-03-12 17:00:00,CÔNG TY TNHH MỘT THÀNH VIÊN HUY VŨ,CÔNG TY CP ĐẦU TƯ VÀ XÂY DỰNG HDC GIA LAI
181,banra,1,2854545.00,2025-03-09 17:00:00,CÔNG TY TNHH MỘT THÀNH VIÊN HUY VŨ,CÔNG TY TNHH VINA CONSU
166,banra,1,863636.00,2025-03-05 17:00:00,CÔNG TY TNHH MỘT THÀNH VIÊN HUY VŨ,CÔNG TY TNHH LET'S GO GIA LAI
168,banra,1,8172727.00,2025-03-05 17:00:00,CÔNG TY TNHH MỘT THÀNH VIÊN HUY VŨ,CÔNG TY TRÁCH NHIỆM HỮU HẠN MỘT THÀNH VIÊN TƯ VẤN THIẾT KẾ VÀ XÂY DỰNG LINH QUÝ GIA LAI
153,banra,1,954545.00,2025-02-28 17:00:00,CÔNG TY TNHH MỘT THÀNH VIÊN HUY VŨ,CÔNG TY CỔ PHẦN VISIMEX BÌNH PHƯỚC
385,banra,1,738182.00,2025-04-24 17:00:00,CÔNG TY TNHH MỘT THÀNH VIÊN HUY VŨ,CÔNG TY TNHH MỘT THÀNH VIÊN NĂNG LƯỢNG SẠCH HOÀNG GIA THỊNH
359,banra,1,29545455.00,2025-04-17 17:00:00,CÔNG TY TNHH MỘT THÀNH VIÊN HUY VŨ,CÔNG TY TNHH ĐIỆN TỬ TIN HỌC KIM PHÁT
355,banra,1,8336364.00,2025-04-15 17:00:00,CÔNG TY TNHH MỘT THÀNH VIÊN HUY VŨ,CHI NHÁNH GIA LAI - CÔNG TY CỔ PHẦN THỰC PHẨM XUẤT KHẨU ĐỒNG GIAO
335,banra,1,172727.00,2025-04-10 17:00:00,CÔNG TY TNHH MỘT THÀNH VIÊN HUY VŨ,CÔNG TY TNHH MỘT THÀNH VIÊN LÂM NGHIỆP KÔNG CHIÊNG
333,banra,1,681818.00,2025-04-09 17:00:00,CÔNG TY TNHH MỘT THÀNH VIÊN HUY VŨ,CÔNG TY CỔ PHẦN ENTERTAINMENT 2020
315,banra,1,2546296.00,2025-04-07 17:00:00,CÔNG TY TNHH MỘT THÀNH VIÊN HUY VŨ,CÔNG TY CỔ PHẦN CHẾ BIẾN THỨC ĂN GIA SÚC TRÀ BÁ
320,banra,1,17872727.00,2025-04-07 17:00:00,CÔNG TY TNHH MỘT THÀNH VIÊN HUY VŨ,CÔNG TY TRÁCH NHIỆM HỮU HẠN MỘT THÀNH VIÊN XĂNG DẦU BẮC TÂY NGUYÊN
295,banra,1,10181818.00,2025-04-01 17:00:00,CÔNG TY TNHH MỘT THÀNH VIÊN HUY VŨ,MÁY VĂN PHÒNG PHƯƠNG NAM
515,banra,1,281590910.00,2025-05-30 17:00:00,CÔNG TY TNHH MỘT THÀNH VIÊN HUY VŨ,CÔNG TY TNHH MTV CÔNG NGHỆ TIN HỌC THÀNH CÔNG
504,banra,1,29209091.00,2025-05-26 17:00:00,CÔNG TY TNHH MỘT THÀNH VIÊN HUY VŨ,XÍ NGHIỆP KHẢO SÁT THIẾT KẾ - CHI NHÁNH TỔNG CÔNG TY 15
472,banra,1,1545455.00,2025-05-21 17:00:00,CÔNG TY TNHH MỘT THÀNH VIÊN HUY VŨ,CHI NHÁNH TỔNG CÔNG TY THƯƠNG MẠI KỸ THUẬT VÀ ĐẦU TƯ - CÔNG TY CỔ PHẦN TẠI TỈNH GIA LAI
475,banra,1,1354545.00,2025-05-21 17:00:00,CÔNG TY TNHH MỘT THÀNH VIÊN HUY VŨ,CÔNG TY CỔ PHẦN CÀ PHÊ GIA LAI
467,banra,1,48845455.00,2025-05-20 17:00:00,CÔNG TY TNHH MỘT THÀNH VIÊN HUY VŨ,TRUNG TÂM LÂM NGHIỆP NHIỆT ĐỚI
461,banra,1,2272727.00,2025-05-19 17:00:00,CÔNG TY TNHH MỘT THÀNH VIÊN HUY VŨ,CÔNG TY TNHH JOLLIBEE VIỆT NAM
444,banra,1,5081818.00,2025-05-15 17:00:00,CÔNG TY TNHH MỘT THÀNH VIÊN HUY VŨ,CÔNG TY TNHH MỘT THÀNH VIÊN XÂY DỰNG VÀ THƯƠNG MẠI DREAM BUILDING
440,banra,1,263636.00,2025-05-13 17:00:00,CÔNG TY TNHH MỘT THÀNH VIÊN HUY VŨ,CÔNG TY CAFECONTROL
412,banra,1,345455.00,2025-05-08 17:00:00,CÔNG TY TNHH MỘT THÀNH VIÊN HUY VŨ,CÔNG TY TNHH DỊCH VỤ BẢO VỆ AN NINH NHÂN VIỆT TC
401,banra,1,12400000.00,2025-05-06 17:00:00,CÔNG TY TNHH MỘT THÀNH VIÊN HUY VŨ,NGÂN HÀNG THƯƠNG MẠI CỔ PHẦN ĐẦU TƯ VÀ PHÁT TRIỂN VIỆT NAM - CHI NHÁNH NAM GIA LAI
404,banra,1,21363636.00,2025-05-06 17:00:00,CÔNG TY TNHH MỘT THÀNH VIÊN HUY VŨ,MÁY VĂN PHÒNG PHƯƠNG NAM
675,banra,1,2354545.00,2025-06-29 17:00:00,CÔNG TY TNHH MỘT THÀNH VIÊN HUY VŨ,CHI NHÁNH CÔNG TY CỔ PHẦN QUẢN LÝ VÀ SỬA CHỮA ĐƯỜNG BỘ GIA LAI-XÍ NGHIỆP XÂY DỰNG ĐƯỜNG BỘ
676,banra,1,836363.00,2025-06-29 17:00:00,CÔNG TY TNHH MỘT THÀNH VIÊN HUY VŨ,CÔNG TY CỔ PHẦN CHANH LEO NAFOODS
677,banra,1,4636364.00,2025-06-29 17:00:00,CÔNG TY TNHH MỘT THÀNH VIÊN HUY VŨ,XÍ NGHIỆP KHẢO SÁT THIẾT KẾ - CHI NHÁNH TỔNG CÔNG TY 15
678,banra,1,18000000.00,2025-06-29 17:00:00,CÔNG TY TNHH MỘT THÀNH VIÊN HUY VŨ,CÔNG TY CỔ PHẦN KỸ THUẬT KẾT NỐI SỐ
679,banra,1,1409091.00,2025-06-29 17:00:00,CÔNG TY TNHH MỘT THÀNH VIÊN HUY VŨ,CÔNG TY TNHH VUI CHƠI GIẢI TRÍ HAPPY KIDS
680,banra,1,8700000.00,2025-06-29 17:00:00,CÔNG TY TNHH MỘT THÀNH VIÊN HUY VŨ,CÔNG TY TNHH SAO VIỆT GIA LAI
681,banra,1,5154546.00,2025-06-29 17:00:00,CÔNG TY TNHH MỘT THÀNH VIÊN HUY VŨ,HỘ KINH DOANH MÁY VĂN PHÒNG PHƯƠNG NAM
682,banra,1,31336364.00,2025-06-29 17:00:00,CÔNG TY TNHH MỘT THÀNH VIÊN HUY VŨ,HỘ KINH DOANH PHAN THỊ MỸ ( CỬA HÀNG BÁCH HÓA TỔNG HỢP TÀI ĐỨC )
683,banra,1,9709091.00,2025-06-29 17:00:00,CÔNG TY TNHH MỘT THÀNH VIÊN HUY VŨ,CÔNG TY TNHH MỘT THÀNH VIÊN THỰC PHẨM NGUYÊN VIỆT GIA LAI
684,banra,1,148172727.00,2025-06-29 17:00:00,CÔNG TY TNHH MỘT THÀNH VIÊN HUY VŨ,CÔNG TY TNHH MỘT THÀNH VIÊN ĐIỆN TỬ TIN HỌC NGUYỄN DƯƠNG
685,banra,1,289445456.00,2025-06-29 17:00:00,CÔNG TY TNHH MỘT THÀNH VIÊN HUY VŨ,CÔNG TY CỔ PHẦN FIDITOUR
665,banra,1,15454545.00,2025-06-28 17:00:00,CÔNG TY TNHH MỘT THÀNH VIÊN HUY VŨ,DOANH NGHIỆP TƯ NHÂN CHEO REO
666,banra,1,17272727.00,2025-06-28 17:00:00,CÔNG TY TNHH MỘT THÀNH VIÊN HUY VŨ,CÔNG TY TNHH ĐIỆN TỬ TIN HỌC KIM PHÁT
667,banra,1,2268519.00,2025-06-28 17:00:00,CÔNG TY TNHH MỘT THÀNH VIÊN HUY VŨ,CÔNG TY TNHH VUI CHƠI GIẢI TRÍ HAPPY KIDS
668,banra,1,1354545.00,2025-06-28 17:00:00,CÔNG TY TNHH MỘT THÀNH VIÊN HUY VŨ,CÔNG TY TRÁCH NHIỆM HỮU HẠN XUÂN PHÚC PLAZA - GIA LAI
669,banra,1,17900000.00,2025-06-28 17:00:00,CÔNG TY TNHH MỘT THÀNH VIÊN HUY VŨ,CÔNG TY TNHH NHẬT QUỲNH GIA LAI
670,banra,1,96413636.00,2025-06-28 17:00:00,CÔNG TY TNHH MỘT THÀNH VIÊN HUY VŨ,CÔNG TY TNHH VĨNH HIỆP
671,banra,1,2546296.00,2025-06-28 17:00:00,CÔNG TY TNHH MỘT THÀNH VIÊN HUY VŨ,HỘ KINH DOANH PHAN THỊ MỸ ( CỬA HÀNG BÁCH HÓA TỔNG HỢP TÀI ĐỨC )
672,banra,1,18318182.00,2025-06-28 17:00:00,CÔNG TY TNHH MỘT THÀNH VIÊN HUY VŨ,HỘ KINH DOANH PHAN THỊ MỸ ( CỬA HÀNG BÁCH HÓA TỔNG HỢP TÀI ĐỨC )
673,banra,1,227273.00,2025-06-28 17:00:00,CÔNG TY TNHH MỘT THÀNH VIÊN HUY VŨ,CÔNG TY TNHH TRÁI CÂY LẠ THỊNH AN
674,banra,1,11727273.00,2025-06-28 17:00:00,CÔNG TY TNHH MỘT THÀNH VIÊN HUY VŨ,CÔNG TY TRÁCH NHIỆM HỮU HẠN ĐỨC DUNG
657,banra,1,436364.00,2025-06-27 17:00:00,CÔNG TY TNHH MỘT THÀNH VIÊN HUY VŨ,CÔNG TY TNHH TRÁI CÂY LẠ THỊNH AN
658,banra,1,3318182.00,2025-06-27 17:00:00,CÔNG TY TNHH MỘT THÀNH VIÊN HUY VŨ,CÔNG TY TNHH LONG HẢI GIA LAI
659,banra,1,1136364.00,2025-06-27 17:00:00,CÔNG TY TNHH MỘT THÀNH VIÊN HUY VŨ,CÔNG TY TNHH PHƯỚC MINH ANH
660,banra,1,2546296.00,2025-06-27 17:00:00,CÔNG TY TNHH MỘT THÀNH VIÊN HUY VŨ,CÔNG TY TNHH MTV Ô TÔ GIA LAI
661,banra,1,142540910.00,2025-06-27 17:00:00,CÔNG TY TNHH MỘT THÀNH VIÊN HUY VŨ,CÔNG TY TNHH MỘT THÀNH VIÊN ĐIỆN TỬ TIN HỌC NGUYỄN DƯƠNG
662,banra,1,90681818.00,2025-06-27 17:00:00,CÔNG TY TNHH MỘT THÀNH VIÊN HUY VŨ,CÔNG TY TNHH ĐIỆN TỬ TIN HỌC KIM PHÁT
663,banra,1,239536364.00,2025-06-27 17:00:00,CÔNG TY TNHH MỘT THÀNH VIÊN HUY VŨ,CÔNG TY CỔ PHẦN DU LỊCH GIA NGHI ĐÀ LẠT
664,banra,1,650000.00,2025-06-27 17:00:00,CÔNG TY TNHH MỘT THÀNH VIÊN HUY VŨ,CÔNG TY TNHH THIẾT BỊ PHÒNG CHÁY CHỮA CHÁY 4-10 GIA LAI
643,banra,1,4809091.00,2025-06-26 17:00:00,CÔNG TY TNHH MỘT THÀNH VIÊN HUY VŨ,CÔNG TY TNHH MỘT THÀNH VIÊN THIẾT KẾ XÂY DỰNG KIẾN XANH GIA LAI
644,banra,1,36590909.00,2025-06-26 17:00:00,CÔNG TY TNHH MỘT THÀNH VIÊN HUY VŨ,Công ty Thuỷ Điện Ialy - CHI NHÁNH TẬP ĐOÀN ĐIỆN LỰC VIỆT NAM
645,banra,1,98400000.00,2025-06-26 17:00:00,CÔNG TY TNHH MỘT THÀNH VIÊN HUY VŨ,CÔNG TY TNHH VĨNH HIỆP
646,banra,1,10700000.00,2025-06-26 17:00:00,CÔNG TY TNHH MỘT THÀNH VIÊN HUY VŨ,HỘ KINH DOANH MÁY VĂN PHÒNG PHƯƠNG NAM
647,banra,1,22818182.00,2025-06-26 17:00:00,CÔNG TY TNHH MỘT THÀNH VIÊN HUY VŨ,BINH ĐOÀN 15
648,banra,1,168800000.00,2025-06-26 17:00:00,CÔNG TY TNHH MỘT THÀNH VIÊN HUY VŨ,CÔNG TY TNHH ĐẦU TƯ VÀ THƯƠNG MẠI PHÚ LỘC THỊNH
649,banra,1,442727.00,2025-06-26 17:00:00,CÔNG TY TNHH MỘT THÀNH VIÊN HUY VŨ,TRƯỜNG TIỂU HỌC NGUYỄN BÁ NGỌC
650,banra,1,5309091.00,2025-06-26 17:00:00,CÔNG TY TNHH MỘT THÀNH VIÊN HUY VŨ,CÔNG TY TNHH MỘT THÀNH VIÊN THIÊN LỘC TOURIST
651,banra,1,190181818.00,2025-06-26 17:00:00,CÔNG TY TNHH MỘT THÀNH VIÊN HUY VŨ,CÔNG TY TNHH ĐỨC PHÚ GIA SÀI GÒN
652,banra,1,418182.00,2025-06-26 17:00:00,CÔNG TY TNHH MỘT THÀNH VIÊN HUY VŨ,TRUNG TÂM NGHIÊN CỨU  CHUYỂN GIAO KỸ THUẬT TÂY NGUYÊN
653,banra,1,500000.00,2025-06-26 17:00:00,CÔNG TY TNHH MỘT THÀNH VIÊN HUY VŨ,CỬA HÀNG MÁY VĂN PHÒNG HBT
654,banra,1,190909.00,2025-06-26 17:00:00,CÔNG TY TNHH MỘT THÀNH VIÊN HUY VŨ,CÔNG TY TNHH MỘT THÀNH VIÊN CÂY ĂN TRÁI THAGRICO CAO NGUYÊN
655,banra,1,11063636.00,2025-06-26 17:00:00,CÔNG TY TNHH MỘT THÀNH VIÊN HUY VŨ,CÔNG TY TNHH MỘT THÀNH VIÊN BẢY HUYỀN
656,banra,1,7636364.00,2025-06-26 17:00:00,CÔNG TY TNHH MỘT THÀNH VIÊN HUY VŨ,CÔNG TY TNHH TRÁI CÂY LẠ THỊNH AN
638,banra,1,4618182.00,2025-06-25 17:00:00,CÔNG TY TNHH MỘT THÀNH VIÊN HUY VŨ,QUỸ TÍN DỤNG NHÂN DÂN THỊ TRẤN ĐAK ĐOA - HUYỆN ĐAK ĐOA - TỈNH GIA LAI
639,banra,1,40009091.00,2025-06-25 17:00:00,CÔNG TY TNHH MỘT THÀNH VIÊN HUY VŨ,QUỸ TÍN DỤNG NHÂN DÂN THỊ TRẤN ĐAK ĐOA - HUYỆN ĐAK ĐOA - TỈNH GIA LAI
640,banra,1,25930000.00,2025-06-25 17:00:00,CÔNG TY TNHH MỘT THÀNH VIÊN HUY VŨ,QUỸ TÍN DỤNG NHÂN DÂN THỊ TRẤN ĐAK ĐOA - HUYỆN ĐAK ĐOA - TỈNH GIA LAI
641,banra,1,645455.00,2025-06-25 17:00:00,CÔNG TY TNHH MỘT THÀNH VIÊN HUY VŨ,CỬA HÀNG MÁY VĂN PHÒNG HBT
642,banra,1,3372727.00,2025-06-25 17:00:00,CÔNG TY TNHH MỘT THÀNH VIÊN HUY VŨ,CÔNG TY TNHH MTV VINH PHÁT GIA LAI
916,banra,1,14634258.00,2025-09-02 17:00:00,CÔNG TY TNHH MỘT THÀNH VIÊN HUY VŨ,HỘ KINH DOANH ĐẠI PHÚ
633,banra,1,44863636.00,2025-06-24 17:00:00,CÔNG TY TNHH MỘT THÀNH VIÊN HUY VŨ,Công ty Thuỷ Điện Ialy - CHI NHÁNH TẬP ĐOÀN ĐIỆN LỰC VIỆT NAM
634,banra,1,21090909.00,2025-06-24 17:00:00,CÔNG TY TNHH MỘT THÀNH VIÊN HUY VŨ,CÔNG TY TNHH ĐIỆN TỬ TIN HỌC KIM PHÁT
635,banra,1,3227273.00,2025-06-24 17:00:00,CÔNG TY TNHH MỘT THÀNH VIÊN HUY VŨ,CÔNG TY TNHH KIEUFARM
636,banra,1,131254548.00,2025-06-24 17:00:00,CÔNG TY TNHH MỘT THÀNH VIÊN HUY VŨ,CÔNG TY TNHH MỘT THÀNH VIÊN ĐIỆN TỬ TIN HỌC NGUYỄN DƯƠNG
637,banra,1,25170000.00,2025-06-24 17:00:00,CÔNG TY TNHH MỘT THÀNH VIÊN HUY VŨ,CÔNG TY TRUYỀN TẢI ĐIỆN 3
628,banra,1,22727273.00,2025-06-23 17:00:00,CÔNG TY TNHH MỘT THÀNH VIÊN HUY VŨ,LỮ ĐOÀN 132 - BINH CHỦNG THÔNG TIN LIÊN LẠC
629,banra,1,26363636.00,2025-06-23 17:00:00,CÔNG TY TNHH MỘT THÀNH VIÊN HUY VŨ,TRUNG TÂM LÂM NGHIỆP NHIỆT ĐỚI
630,banra,1,3636364.00,2025-06-23 17:00:00,CÔNG TY TNHH MỘT THÀNH VIÊN HUY VŨ,CÔNG AN PHƯỜNG HỘI THƯƠNG
631,banra,1,10545455.00,2025-06-23 17:00:00,CÔNG TY TNHH MỘT THÀNH VIÊN HUY VŨ,CÔNG TY TNHH ĐIỆN TỬ TIN HỌC KIM PHÁT
632,banra,1,218182.00,2025-06-23 17:00:00,CÔNG TY TNHH MỘT THÀNH VIÊN HUY VŨ,CÔNG TY TRÁCH NHIỆM HỮU HẠN MỘT THÀNH VIÊN QUỐC TOÀN GIA LAI
623,banra,1,181818.00,2025-06-22 17:00:00,CÔNG TY TNHH MỘT THÀNH VIÊN HUY VŨ,CHI BỘ HỘI CHỮ THẬP ĐỎ TỈNH GIA LAI
624,banra,1,5054545.00,2025-06-22 17:00:00,CÔNG TY TNHH MỘT THÀNH VIÊN HUY VŨ,CÔNG TY TRÁCH NHIỆM HỮU HẠN ĐỨC DUNG
625,banra,1,2718182.00,2025-06-22 17:00:00,CÔNG TY TNHH MỘT THÀNH VIÊN HUY VŨ,CÔNG TY TNHH TRẦN GIA F&B
626,banra,1,1500000.00,2025-06-22 17:00:00,CÔNG TY TNHH MỘT THÀNH VIÊN HUY VŨ,CÔNG TY CP ĐẦU TƯ VÀ XÂY DỰNG HDC GIA LAI
627,banra,1,772728.00,2025-06-22 17:00:00,CÔNG TY TNHH MỘT THÀNH VIÊN HUY VŨ,CÔNG TY TRÁCH NHIỆM HỮU HẠN MỘT THÀNH VIÊN TRIỆU HẢI GIA LAI
617,banra,1,1709091.00,2025-06-21 17:00:00,CÔNG TY TNHH MỘT THÀNH VIÊN HUY VŨ,HỘ KINH DOANH PHAN VĂN MINH
618,banra,1,20909091.00,2025-06-21 17:00:00,CÔNG TY TNHH MỘT THÀNH VIÊN HUY VŨ,CÔNG TY TNHH ĐIỆN TỬ TIN HỌC KIM PHÁT
619,banra,1,2363638.00,2025-06-21 17:00:00,CÔNG TY TNHH MỘT THÀNH VIÊN HUY VŨ,Công Ty TNHH MTV PTNN Đại Thắng ( MST : 838051843-900 )
620,banra,1,118182.00,2025-06-21 17:00:00,CÔNG TY TNHH MỘT THÀNH VIÊN HUY VŨ,CHI NHÁNH CÔNG TY TNHH LOTTERIA VIỆT NAM TẠI TỈNH GIA LAI
621,banra,1,3990910.00,2025-06-21 17:00:00,CÔNG TY TNHH MỘT THÀNH VIÊN HUY VŨ,HỘ KINH DOANH MÁY VĂN PHÒNG PHƯƠNG NAM
622,banra,1,126100000.00,2025-06-21 17:00:00,CÔNG TY TNHH MỘT THÀNH VIÊN HUY VŨ,CÔNG TY TNHH MỘT THÀNH VIÊN ĐIỆN TỬ TIN HỌC NGUYỄN DƯƠNG
609,banra,1,4681818.00,2025-06-19 17:00:00,CÔNG TY TNHH MỘT THÀNH VIÊN HUY VŨ,AGRIBANK  CHI NHÁNH THÀNH PHỐ PLEIKU GIA LAI
610,banra,1,727273.00,2025-06-19 17:00:00,CÔNG TY TNHH MỘT THÀNH VIÊN HUY VŨ,AGRIBANK  CHI NHÁNH THÀNH PHỐ PLEIKU GIA LAI
611,banra,1,3681818.00,2025-06-19 17:00:00,CÔNG TY TNHH MỘT THÀNH VIÊN HUY VŨ,AGRIBANK  CHI NHÁNH THÀNH PHỐ PLEIKU GIA LAI
612,banra,1,26360000.00,2025-06-19 17:00:00,CÔNG TY TNHH MỘT THÀNH VIÊN HUY VŨ,CÔNG TY TRUYỀN TẢI ĐIỆN 3
613,banra,1,5272727.00,2025-06-19 17:00:00,CÔNG TY TNHH MỘT THÀNH VIÊN HUY VŨ,CÔNG TY TRUYỀN TẢI ĐIỆN 3
614,banra,1,3227273.00,2025-06-19 17:00:00,CÔNG TY TNHH MỘT THÀNH VIÊN HUY VŨ,CÔNG TY CỔ PHẦN DALUFOOD
615,banra,1,109654545.00,2025-06-19 17:00:00,CÔNG TY TNHH MỘT THÀNH VIÊN HUY VŨ,CÔNG TY TNHH MỘT THÀNH VIÊN ĐIỆN TỬ TIN HỌC NGUYỄN DƯƠNG
616,banra,1,863636.00,2025-06-19 17:00:00,CÔNG TY TNHH MỘT THÀNH VIÊN HUY VŨ,CÔNG TY TNHH ANH QUÂN
603,banra,1,4545455.00,2025-06-18 17:00:00,CÔNG TY TNHH MỘT THÀNH VIÊN HUY VŨ,SƯ ĐOÀN 320
604,banra,1,6836365.00,2025-06-18 17:00:00,CÔNG TY TNHH MỘT THÀNH VIÊN HUY VŨ,HỘ KINH DOANH MÁY VĂN PHÒNG PHƯƠNG NAM
605,banra,1,2587272.00,2025-06-18 17:00:00,CÔNG TY TNHH MỘT THÀNH VIÊN HUY VŨ,PHÒNG CHÍNH TRỊ - BỘ THAM MƯU QUÂN ĐOÀN 34
606,banra,1,2000000.00,2025-06-18 17:00:00,CÔNG TY TNHH MỘT THÀNH VIÊN HUY VŨ,CHI NHÁNH MIỀN TRUNG - CÔNG TY TNHH MỘT THÀNH VIÊN TRẮC ĐỊA BẢN ĐỒ
607,banra,1,663636.00,2025-06-18 17:00:00,CÔNG TY TNHH MỘT THÀNH VIÊN HUY VŨ,CÔNG TY TNHH MỘT THÀNH VIÊN ĐỊA CHÍNH MƯỜI THÁNG BA
608,banra,1,5509091.00,2025-06-18 17:00:00,CÔNG TY TNHH MỘT THÀNH VIÊN HUY VŨ,CÔNG TY TNHH MỘT THÀNH VIÊN TOÀN TRUNG
597,banra,1,3636364.00,2025-06-17 17:00:00,CÔNG TY TNHH MỘT THÀNH VIÊN HUY VŨ,BỘ CHỈ HUY BỘ ĐỘI BIÊN PHÒNG TỈNH GIA LAI
598,banra,1,136364.00,2025-06-17 17:00:00,CÔNG TY TNHH MỘT THÀNH VIÊN HUY VŨ,CÔNG TY CỔ PHẦN DU LỊCH GIA LAI
599,banra,1,1400000.00,2025-06-17 17:00:00,CÔNG TY TNHH MỘT THÀNH VIÊN HUY VŨ,CÔNG TY CỔ PHẦN THƯƠNG MẠI VÀ DỊCH VỤ KGT GIA LAI
600,banra,3,-108636364.00,2025-06-17 17:00:00,CÔNG TY TNHH MỘT THÀNH VIÊN HUY VŨ,CÔNG TY TNHH ĐIỆN TỬ TIN HỌC KIM PHÁT
601,banra,1,7136364.00,2025-06-17 17:00:00,CÔNG TY TNHH MỘT THÀNH VIÊN HUY VŨ,CÔNG TY CỔ PHẦN DALUFOOD
602,banra,1,6281818.00,2025-06-17 17:00:00,CÔNG TY TNHH MỘT THÀNH VIÊN HUY VŨ,TRƯỜNG THPT A SANH
589,banra,1,21354545.00,2025-06-16 17:00:00,CÔNG TY TNHH MỘT THÀNH VIÊN HUY VŨ,QUÂN ĐOÀN 34
590,banra,1,181818.00,2025-06-16 17:00:00,CÔNG TY TNHH MỘT THÀNH VIÊN HUY VŨ,HỘ KINH DOANH PHAN VĂN MINH
591,banra,1,254546.00,2025-06-16 17:00:00,CÔNG TY TNHH MỘT THÀNH VIÊN HUY VŨ,THANH TRA CÔNG AN TỈNH GIA LAI
592,banra,1,500000.00,2025-06-16 17:00:00,CÔNG TY TNHH MỘT THÀNH VIÊN HUY VŨ,CHI CỤC THỐNG KÊ TỈNH GIA LAI
593,banra,1,409091.00,2025-06-16 17:00:00,CÔNG TY TNHH MỘT THÀNH VIÊN HUY VŨ,CHI NHÁNH XĂNG DẦU QUÂN ĐỘI KHU VỰC TÂY NGUYÊN - CÔNG TY TNHH MỘT THÀNH VIÊN TỔNG CÔNG TY XĂNG DẦU QUÂN ĐỘI
594,banra,1,14981819.00,2025-06-16 17:00:00,CÔNG TY TNHH MỘT THÀNH VIÊN HUY VŨ,CÔNG TY TNHH NHẬT QUỲNH GIA LAI
595,banra,1,295000.00,2025-06-16 17:00:00,CÔNG TY TNHH MỘT THÀNH VIÊN HUY VŨ,HỘ KINH DOANH MÁY VĂN PHÒNG PHƯƠNG NAM
596,banra,1,9809091.00,2025-06-16 17:00:00,CÔNG TY TNHH MỘT THÀNH VIÊN HUY VŨ,TRUNG TÂM THIẾT BỊ MÁY VĂN PHÒNG TÂN MINH
581,banra,1,3227273.00,2025-06-15 17:00:00,CÔNG TY TNHH MỘT THÀNH VIÊN HUY VŨ,CÔNG TY TNHH ĐIỆN XEKAMAN 1
582,banra,1,12118182.00,2025-06-15 17:00:00,CÔNG TY TNHH MỘT THÀNH VIÊN HUY VŨ,XÍ NGHIỆP KHẢO SÁT THIẾT KẾ - CHI NHÁNH TỔNG CÔNG TY 15
583,banra,1,400000.00,2025-06-15 17:00:00,CÔNG TY TNHH MỘT THÀNH VIÊN HUY VŨ,CÔNG TY TNHH MỘT THÀNH VIÊN PHÚ TOÀN TÂY NGUYÊN
584,banra,1,45000000.00,2025-06-15 17:00:00,CÔNG TY TNHH MỘT THÀNH VIÊN HUY VŨ,BỘ CHỈ HUY BỘ ĐỘI BIÊN PHÒNG TỈNH GIA LAI
585,banra,1,181818.00,2025-06-15 17:00:00,CÔNG TY TNHH MỘT THÀNH VIÊN HUY VŨ,BAN QUẢN LÝ RỪNG PHÒNG HỘ IA MEUR
586,banra,1,48945455.00,2025-06-15 17:00:00,CÔNG TY TNHH MỘT THÀNH VIÊN HUY VŨ,CÔNG TY TNHH MỘT THÀNH VIÊN TOÀN TRUNG
587,banra,1,403637.00,2025-06-15 17:00:00,CÔNG TY TNHH MỘT THÀNH VIÊN HUY VŨ,CÔNG AN XÃ IA LÂU
588,banra,1,4545455.00,2025-06-15 17:00:00,CÔNG TY TNHH MỘT THÀNH VIÊN HUY VŨ,"PHÒNG CHÍNH TRỊ LỮ ĐOÀN 40, QUÂN ĐOÀN 34"
574,banra,1,18936364.00,2025-06-13 17:00:00,CÔNG TY TNHH MỘT THÀNH VIÊN HUY VŨ,CÔNG TY TNHH TRẦN GIA F&B
575,banra,1,8763636.00,2025-06-13 17:00:00,CÔNG TY TNHH MỘT THÀNH VIÊN HUY VŨ,CÔNG TY TNHH MỘT THÀNH VIÊN ĐỨC ĐẠT THÀNH GIA LAI
576,banra,1,4861111.00,2025-06-13 17:00:00,CÔNG TY TNHH MỘT THÀNH VIÊN HUY VŨ,CÔNG TY TNHH MỘT THÀNH VIÊN ĐỨC ĐẠT THÀNH GIA LAI
577,banra,1,17781818.00,2025-06-13 17:00:00,CÔNG TY TNHH MỘT THÀNH VIÊN HUY VŨ,CÔNG TY TRÁCH NHIỆM HỮU HẠN MỘT THÀNH VIÊN DIỆP MINH ANH GIA LAI
578,banra,1,636364.00,2025-06-13 17:00:00,CÔNG TY TNHH MỘT THÀNH VIÊN HUY VŨ,CƠ QUAN THƯỜNG TRỰC BÁO QUÂN ĐỘI TẠI GIA LAI
579,banra,1,445455.00,2025-06-13 17:00:00,CÔNG TY TNHH MỘT THÀNH VIÊN HUY VŨ,CÔNG TY TNHH TÂY BẮC GIA LAI
580,banra,1,4472727.00,2025-06-13 17:00:00,CÔNG TY TNHH MỘT THÀNH VIÊN HUY VŨ,CHI NHÁNH CÔNG TY CỔ PHẦN THUỶ ĐIỆN CẦN ĐƠN-NHÀ MÁY THỦY ĐIỆN RY NINH II
571,banra,1,7272727.00,2025-06-12 17:00:00,CÔNG TY TNHH MỘT THÀNH VIÊN HUY VŨ,LỮ ĐOÀN 132 - BINH CHỦNG THÔNG TIN LIÊN LẠC
572,banra,1,1954545.00,2025-06-12 17:00:00,CÔNG TY TNHH MỘT THÀNH VIÊN HUY VŨ,CÔNG TY TRÁCH NHIỆM HỮU HẠN TÂY SƠN
573,banra,1,1181818.00,2025-06-12 17:00:00,CÔNG TY TNHH MỘT THÀNH VIÊN HUY VŨ,NGUYỄN HỮU TIẾN
568,banra,1,2718182.00,2025-06-11 17:00:00,CÔNG TY TNHH MỘT THÀNH VIÊN HUY VŨ,CHI NHÁNH CÔNG TY CỔ PHẦN THUỶ ĐIỆN CẦN ĐƠN-NHÀ MÁY THỦY ĐIỆN RY NINH II
569,banra,1,581818.00,2025-06-11 17:00:00,CÔNG TY TNHH MỘT THÀNH VIÊN HUY VŨ,CÔNG TY TNHH MỘT THÀNH VIÊN CÂY ĂN TRÁI THAGRICO CAO NGUYÊN
570,banra,1,4372727.00,2025-06-11 17:00:00,CÔNG TY TNHH MỘT THÀNH VIÊN HUY VŨ,CHI NHÁNH CÔNG TY CỔ PHẦN THUỶ ĐIỆN CẦN ĐƠN-NHÀ MÁY THỦY ĐIỆN RY NINH II
564,banra,1,836364.00,2025-06-10 17:00:00,CÔNG TY TNHH MỘT THÀNH VIÊN HUY VŨ,CÔNG TY CỔ PHẦN MAY GIA LAI
565,banra,1,5354545.00,2025-06-10 17:00:00,CÔNG TY TNHH MỘT THÀNH VIÊN HUY VŨ,CÔNG TY TNHH MỘT THÀNH VIÊN ĐỊA CHÍNH MƯỜI THÁNG BA
566,banra,1,10390909.00,2025-06-10 17:00:00,CÔNG TY TNHH MỘT THÀNH VIÊN HUY VŨ,CÔNG TY TNHH MTV TRIỆU QUÝ
567,banra,1,1245455.00,2025-06-10 17:00:00,CÔNG TY TNHH MỘT THÀNH VIÊN HUY VŨ,TRƯỜNG TIỂU HỌC TRẦN QUÝ CÁP
559,banra,1,1681818.00,2025-06-09 17:00:00,CÔNG TY TNHH MỘT THÀNH VIÊN HUY VŨ,CÔNG TY CỔ PHẦN BOT VÀ BT ĐỨC LONG GIA LAI
560,banra,1,436364.00,2025-06-09 17:00:00,CÔNG TY TNHH MỘT THÀNH VIÊN HUY VŨ,CÔNG TY CỔ PHẦN BỆNH VIỆN ĐẠI HỌC Y DƯỢC - HOÀNG ANH GIA LAI
561,banra,1,3272727.00,2025-06-09 17:00:00,CÔNG TY TNHH MỘT THÀNH VIÊN HUY VŨ,CHI NHÁNH TỔNG CÔNG TY THƯƠNG MẠI KỸ THUẬT VÀ ĐẦU TƯ - CÔNG TY CỔ PHẦN TẠI TỈNH GIA LAI
562,banra,5,108636364.00,2025-06-09 17:00:00,CÔNG TY TNHH MỘT THÀNH VIÊN HUY VŨ,CÔNG TY TNHH ĐIỆN TỬ TIN HỌC KIM PHÁT
563,banra,1,2045455.00,2025-06-09 17:00:00,CÔNG TY TNHH MỘT THÀNH VIÊN HUY VŨ,CÔNG TY CỔ PHẦN ĐẦU TƯ VÀ PHÁT TRIỂN Y TẾ VIỆT NHẬT
550,banra,1,263636.00,2025-06-08 17:00:00,CÔNG TY TNHH MỘT THÀNH VIÊN HUY VŨ,CÔNG TY CỔ PHẦN BÊ TÔNG HOÀNG THỊNH GIA LAI
551,banra,1,154545.00,2025-06-08 17:00:00,CÔNG TY TNHH MỘT THÀNH VIÊN HUY VŨ,CÔNG TY CỔ PHẦN TẬP ĐOÀN MAXAN AGRI
552,banra,1,272727.00,2025-06-08 17:00:00,CÔNG TY TNHH MỘT THÀNH VIÊN HUY VŨ,CÔNG TY TNHH MTV Ô TÔ GIA LAI
553,banra,1,500000.00,2025-06-08 17:00:00,CÔNG TY TNHH MỘT THÀNH VIÊN HUY VŨ,CÔNG TY TRÁCH NHIỆM HỮU HẠN MỘT THÀNH VIÊN HOÀNG CHẤT GIA LAI
554,banra,1,1709091.00,2025-06-08 17:00:00,CÔNG TY TNHH MỘT THÀNH VIÊN HUY VŨ,HỘ KINH DOANH PHAN VĂN MINH
555,banra,1,29180000.00,2025-06-08 17:00:00,CÔNG TY TNHH MỘT THÀNH VIÊN HUY VŨ,CHI NHÁNH CÔNG TY TNHH MỘT THÀNH VIÊN CAO SU CHƯ PRÔNG - TRUNG TÂM Y TẾ
556,banra,1,1227273.00,2025-06-08 17:00:00,CÔNG TY TNHH MỘT THÀNH VIÊN HUY VŨ,PACIFIC PRIDE JOINT-STOCK COMPANY LIMITED
557,banra,1,22727273.00,2025-06-08 17:00:00,CÔNG TY TNHH MỘT THÀNH VIÊN HUY VŨ,LỮ ĐOÀN 132 - BINH CHỦNG THÔNG TIN LIÊN LẠC
558,banra,1,1800000.00,2025-06-08 17:00:00,CÔNG TY TNHH MỘT THÀNH VIÊN HUY VŨ,BƯU ĐIỆN TỈNH GIA LAI
547,banra,1,1172727.00,2025-06-07 17:00:00,CÔNG TY TNHH MỘT THÀNH VIÊN HUY VŨ,TRƯỜNG TRUNG HỌC CƠ SỞ TRẦN PHÚ
548,banra,1,4809091.00,2025-06-07 17:00:00,CÔNG TY TNHH MỘT THÀNH VIÊN HUY VŨ,SƯ ĐOÀN 31
549,banra,1,4636364.00,2025-06-07 17:00:00,CÔNG TY TNHH MỘT THÀNH VIÊN HUY VŨ,CÔNG TY TRUYỀN TẢI ĐIỆN 3
541,banra,1,14727273.00,2025-06-06 17:00:00,CÔNG TY TNHH MỘT THÀNH VIÊN HUY VŨ,PHÒNG PA06 - CÔNG AN TỈNH GIA LAI
542,banra,1,108636364.00,2025-06-06 17:00:00,CÔNG TY TNHH MỘT THÀNH VIÊN HUY VŨ,CÔNG TY TNHH ĐIỆN TỬ TIN HỌC KIM PHÁT
543,banra,1,563636.00,2025-06-06 17:00:00,CÔNG TY TNHH MỘT THÀNH VIÊN HUY VŨ,CÔNG TY TNHH MỘT THÀNH VIÊN PHI LONG GIA LAI
544,banra,1,3136364.00,2025-06-06 17:00:00,CÔNG TY TNHH MỘT THÀNH VIÊN HUY VŨ,HỘ KINH DOANH MÁY VĂN PHÒNG PHƯƠNG NAM
545,banra,1,27118182.00,2025-06-06 17:00:00,CÔNG TY TNHH MỘT THÀNH VIÊN HUY VŨ,CÔNG TY TNHH VĨNH HIỆP
546,banra,1,6359091.00,2025-06-06 17:00:00,CÔNG TY TNHH MỘT THÀNH VIÊN HUY VŨ,CÔNG TY TNHH TIN HỌC QUANG ANH GL
536,banra,1,9900000.00,2025-06-05 17:00:00,CÔNG TY TNHH MỘT THÀNH VIÊN HUY VŨ,CÔNG TY CỔ PHẦN NGUYÊN TRỌNG GIA LAI
537,banra,1,6990909.00,2025-06-05 17:00:00,CÔNG TY TNHH MỘT THÀNH VIÊN HUY VŨ,ĐỒN BIÊN PHÒNG IA CHIA
538,banra,1,3454545.00,2025-06-05 17:00:00,CÔNG TY TNHH MỘT THÀNH VIÊN HUY VŨ,CÔNG TY TRÁCH NHIỆM HỮU HẠN ĐỨC DUNG
539,banra,1,8618182.00,2025-06-05 17:00:00,CÔNG TY TNHH MỘT THÀNH VIÊN HUY VŨ,CÔNG TY TNHH TÂN GIA BĂNG
540,banra,1,98081818.00,2025-06-05 17:00:00,CÔNG TY TNHH MỘT THÀNH VIÊN HUY VŨ,CHI NHÁNH 716 THUỘC TỔNG CÔNG TY 15
531,banra,1,318182.00,2025-06-04 17:00:00,CÔNG TY TNHH MỘT THÀNH VIÊN HUY VŨ,CÔNG TY CỔ PHẦN BOT VÀ BT ĐỨC LONG GIA LAI
532,banra,1,7527273.00,2025-06-04 17:00:00,CÔNG TY TNHH MỘT THÀNH VIÊN HUY VŨ,CÔNG TY TNHH THƯƠNG MẠI VÀ DỊCH VỤ THẾ DÂN
533,banra,1,504545.00,2025-06-04 17:00:00,CÔNG TY TNHH MỘT THÀNH VIÊN HUY VŨ,HỘI ĐỒNG NHÂN DÂN PHƯỜNG HỘI THƯƠNG
534,banra,1,118182.00,2025-06-04 17:00:00,CÔNG TY TNHH MỘT THÀNH VIÊN HUY VŨ,CÔNG TY TNHH DỊCH VỤ BẢO VỆ AN NINH NHÂN VIỆT TC
535,banra,1,500000.00,2025-06-04 17:00:00,CÔNG TY TNHH MỘT THÀNH VIÊN HUY VŨ,CÔNG AN XÃ HÀ TÂY TỈNH GIA LAI
527,banra,1,1981818.00,2025-06-03 17:00:00,CÔNG TY TNHH MỘT THÀNH VIÊN HUY VŨ,HỘ KINH DOANH PHAN VĂN MINH
528,banra,1,6936364.00,2025-06-03 17:00:00,CÔNG TY TNHH MỘT THÀNH VIÊN HUY VŨ,CÔNG TY TNHH VẬT TƯ VÀ THIẾT BỊ NAM HẢI
529,banra,1,263636.00,2025-06-03 17:00:00,CÔNG TY TNHH MỘT THÀNH VIÊN HUY VŨ,CƠ SỞ CAI NGHIỆN MA TÚY TỈNH GIA LAI
530,banra,1,272727.00,2025-06-03 17:00:00,CÔNG TY TNHH MỘT THÀNH VIÊN HUY VŨ,CÔNG TY CỔ PHẦN CÀ PHÊ GIA LAI
523,banra,1,681818.00,2025-06-02 17:00:00,CÔNG TY TNHH MỘT THÀNH VIÊN HUY VŨ,PHÒNG CẢNH SÁT PCCC VÀ CNCH - CÔNG AN TỈNH GIA LAI
524,banra,1,5445455.00,2025-06-02 17:00:00,CÔNG TY TNHH MỘT THÀNH VIÊN HUY VŨ,CÔNG TY TNHH MỘT THÀNH VIÊN SẢN XUẤT THƯƠNG MẠI TRUNG NAM ACB
525,banra,1,18818182.00,2025-06-02 17:00:00,CÔNG TY TNHH MỘT THÀNH VIÊN HUY VŨ,CÔNG TY TNHH ĐIỆN TỬ TIN HỌC KIM PHÁT
526,banra,1,5445455.00,2025-06-02 17:00:00,CÔNG TY TNHH MỘT THÀNH VIÊN HUY VŨ,CÔNG TY CỔ PHẦN ĐIỆN GIÓ NHƠN HÒA 1
518,banra,1,2263636.00,2025-06-01 17:00:00,CÔNG TY TNHH MỘT THÀNH VIÊN HUY VŨ,
519,banra,1,2609091.00,2025-06-01 17:00:00,CÔNG TY TNHH MỘT THÀNH VIÊN HUY VŨ,CÔNG TY CỔ PHẦN HOÀNG ANH GIA LAI
520,banra,1,345455.00,2025-06-01 17:00:00,CÔNG TY TNHH MỘT THÀNH VIÊN HUY VŨ,CÔNG TY CỔ PHẦN TƯ VẤN GIAO THÔNG KHẢI NGUYÊN
521,banra,1,7236364.00,2025-06-01 17:00:00,CÔNG TY TNHH MỘT THÀNH VIÊN HUY VŨ,BAN QUẢN LÝ KHU BẢO TỒN THIÊN NHIÊN KON CHƯ RĂNG
522,banra,1,263636.00,2025-06-01 17:00:00,CÔNG TY TNHH MỘT THÀNH VIÊN HUY VŨ,CÔNG ĐOÀN TRƯỜNG THCS TRƯNG VƯƠNG
782,banra,1,330000.00,2025-07-30 17:00:00,CÔNG TY TNHH MỘT THÀNH VIÊN HUY VŨ,CÔNG TY TNHH ĐIỆN XEKAMAN 1
783,banra,1,9055556.00,2025-07-30 17:00:00,CÔNG TY TNHH MỘT THÀNH VIÊN HUY VŨ,CÔNG TY TNHH MỘT THÀNH VIÊN GIÁO DỤC HỒNG SƠN TÂY NGUYÊN
784,banra,1,10259259.00,2025-07-30 17:00:00,CÔNG TY TNHH MỘT THÀNH VIÊN HUY VŨ,CÔNG TY TNHH THÁI BÌNH GIA LAI
785,banra,1,2490741.00,2025-07-30 17:00:00,CÔNG TY TNHH MỘT THÀNH VIÊN HUY VŨ,CÔNG TY TNHH TRỨNG THỦY LỢI
786,banra,1,138889.00,2025-07-30 17:00:00,CÔNG TY TNHH MỘT THÀNH VIÊN HUY VŨ,CÔNG TY TNHH MỘT THÀNH VIÊN HỢP NGUYÊN
787,banra,1,16990741.00,2025-07-30 17:00:00,CÔNG TY TNHH MỘT THÀNH VIÊN HUY VŨ,CÔNG TY TNHH ĐIỆN TỬ TIN HỌC KIM PHÁT
1147,banra,1,30166667.00,2025-10-12 17:00:00,CÔNG TY TNHH MỘT THÀNH VIÊN HUY VŨ,BAN QUẢN LÝ RỪNG PHÒNG HỘ IA MEUR
790,banra,1,68000000.00,2025-07-30 17:00:00,CÔNG TY TNHH MỘT THÀNH VIÊN HUY VŨ,CÔNG TY TNHH MỘT THÀNH VIÊN TM DV XNK PHẠM GIA KHANG
791,banra,1,583333.00,2025-07-30 17:00:00,CÔNG TY TNHH MỘT THÀNH VIÊN HUY VŨ,CÔNG TY CỔ PHẦN TẬP ĐOÀN VISIMEX
792,banra,1,2277778.00,2025-07-30 17:00:00,CÔNG TY TNHH MỘT THÀNH VIÊN HUY VŨ,CHI NHÁNH 716 THUỘC TỔNG CÔNG TY 15
779,banra,1,5546296.00,2025-07-29 17:00:00,CÔNG TY TNHH MỘT THÀNH VIÊN HUY VŨ,CÔNG TY TNHH MỘT THÀNH VIÊN ĐIỆN LẠNH THÂN NGUYỄN
780,banra,1,12500000.00,2025-07-29 17:00:00,CÔNG TY TNHH MỘT THÀNH VIÊN HUY VŨ,VĂN PHÒNG ĐẢNG ỦY XÃ IA MƠ
781,banra,1,2268519.00,2025-07-29 17:00:00,CÔNG TY TNHH MỘT THÀNH VIÊN HUY VŨ,CÔNG TY TNHH TƯ VẤN TÀI NGUYÊN VÀ MÔI TRƯỜNG QUANG MINH
769,banra,1,7351852.00,2025-07-27 17:00:00,CÔNG TY TNHH MỘT THÀNH VIÊN HUY VŨ,CÔNG TY CỔ PHẦN DỊCH VỤ PLEIKU TOURIST
770,banra,1,1342593.00,2025-07-27 17:00:00,CÔNG TY TNHH MỘT THÀNH VIÊN HUY VŨ,CÔNG TY CỔ PHẦN HẢI BĂNG TÂY NGUYÊN
771,banra,1,4583333.00,2025-07-27 17:00:00,CÔNG TY TNHH MỘT THÀNH VIÊN HUY VŨ,CÔNG TY TNHH MỘT THÀNH VIÊN VẠN TƯỜNG GIA LAI
772,banra,1,12500000.00,2025-07-27 17:00:00,CÔNG TY TNHH MỘT THÀNH VIÊN HUY VŨ,CÔNG TY TNHH ĐIỆN TỬ TIN HỌC KIM PHÁT
773,banra,1,5546296.00,2025-07-27 17:00:00,CÔNG TY TNHH MỘT THÀNH VIÊN HUY VŨ,CÔNG TY CỔ PHẦN HOÀNG ANH GIA LAI
774,banra,1,7185185.00,2025-07-27 17:00:00,CÔNG TY TNHH MỘT THÀNH VIÊN HUY VŨ,HỘ KINH DOANH MÁY VĂN PHÒNG PHƯƠNG NAM
775,banra,1,1472222.00,2025-07-27 17:00:00,CÔNG TY TNHH MỘT THÀNH VIÊN HUY VŨ,CÔNG TY TNHH XÂY DỰNG CÔNG NÔNG NGHIỆP THADICO
776,banra,1,14546296.00,2025-07-27 17:00:00,CÔNG TY TNHH MỘT THÀNH VIÊN HUY VŨ,CHI NHÁNH CÔNG TY TNHH ĐỨC DUNG
777,banra,1,5555556.00,2025-07-27 17:00:00,CÔNG TY TNHH MỘT THÀNH VIÊN HUY VŨ,"PHÒNG CHÍNH TRỊ LỮ ĐOÀN 40, QUÂN ĐOÀN 34"
778,banra,1,3694444.00,2025-07-27 17:00:00,CÔNG TY TNHH MỘT THÀNH VIÊN HUY VŨ,CÔNG TY TNHH TRỨNG THỦY LỢI
762,banra,1,814815.00,2025-07-24 17:00:00,CÔNG TY TNHH MỘT THÀNH VIÊN HUY VŨ,CÔNG TY CỔ PHẦN ĐẦU TƯ XÂY DỰNG & THƯƠNG MẠI KHẢI HOÀN 18
1329,banra,1,1388889.00,2025-11-20 17:00:00,CÔNG TY TNHH MỘT THÀNH VIÊN HUY VŨ,VĂN PHÒNG HĐND-UBND XÃ IA PIA
763,banra,1,23333333.00,2025-07-24 17:00:00,CÔNG TY TNHH MỘT THÀNH VIÊN HUY VŨ,CÔNG TY TNHH ĐIỆN TỬ TIN HỌC KIM PHÁT
764,banra,1,18291667.00,2025-07-24 17:00:00,CÔNG TY TNHH MỘT THÀNH VIÊN HUY VŨ,HỘ KINH DOANH MÁY VĂN PHÒNG PHƯƠNG NAM
766,banra,1,4111111.00,2025-07-24 17:00:00,CÔNG TY TNHH MỘT THÀNH VIÊN HUY VŨ,CÔNG TY TNHH MỘT THÀNH VIÊN VẠN TƯỜNG GIA LAI
767,banra,1,15731482.00,2025-07-24 17:00:00,CÔNG TY TNHH MỘT THÀNH VIÊN HUY VŨ,CÔNG TY TNHH MTV TRƯỜNG MINH GIA LAI
768,banra,1,1953704.00,2025-07-24 17:00:00,CÔNG TY TNHH MỘT THÀNH VIÊN HUY VŨ,CÔNG TY TNHH SX - TM GIA KHANG
757,banra,1,23175926.00,2025-07-23 17:00:00,CÔNG TY TNHH MỘT THÀNH VIÊN HUY VŨ,HỘ KINH DOANH MÁY VĂN PHÒNG PHƯƠNG NAM
758,banra,1,120370.00,2025-07-23 17:00:00,CÔNG TY TNHH MỘT THÀNH VIÊN HUY VŨ,CÔNG TY TNHH MỘT THÀNH VIÊN XUÂN KIỆM
759,banra,1,138889.00,2025-07-23 17:00:00,CÔNG TY TNHH MỘT THÀNH VIÊN HUY VŨ,CÔNG TY CỔ PHẦN DU LỊCH GIA LAI
760,banra,1,9921296.00,2025-07-23 17:00:00,CÔNG TY TNHH MỘT THÀNH VIÊN HUY VŨ,HỘ KINH DOANH MÁY VĂN PHÒNG PHƯƠNG NAM
761,banra,1,7194444.00,2025-07-23 17:00:00,CÔNG TY TNHH MỘT THÀNH VIÊN HUY VŨ,CÔNG TY TNHH MỘT THÀNH VIÊN THIÊN TÂM
754,banra,1,1018519.00,2025-07-22 17:00:00,CÔNG TY TNHH MỘT THÀNH VIÊN HUY VŨ,CÔNG TY TNHH GRIMAUD VIỆT NAM
755,banra,1,1703704.00,2025-07-22 17:00:00,CÔNG TY TNHH MỘT THÀNH VIÊN HUY VŨ,CÔNG TY TNHH MỘT THÀNH VIÊN CÀ PHÊ  IA CHÂM
756,banra,1,183333333.00,2025-07-22 17:00:00,CÔNG TY TNHH MỘT THÀNH VIÊN HUY VŨ,CÔNG TY TNHH ĐIỆN TỬ TIN HỌC KIM PHÁT
753,banra,1,5268519.00,2025-07-21 17:00:00,CÔNG TY TNHH MỘT THÀNH VIÊN HUY VŨ,CÔNG TY TNHH MỘT THÀNH VIÊN KHÁNH BẢO
746,banra,1,8981482.00,2025-07-20 17:00:00,CÔNG TY TNHH MỘT THÀNH VIÊN HUY VŨ,CÔNG TY CỔ PHẦN ĐẦU TƯ VÀ XÂY DỰNG TRƯỜNG THỊNH
747,banra,1,4120370.00,2025-07-20 17:00:00,CÔNG TY TNHH MỘT THÀNH VIÊN HUY VŨ,CÔNG TY TNHH MỘT THÀNH VIÊN PHÁT THÀNH LỘC GIA LAI
748,banra,1,537037.00,2025-07-20 17:00:00,CÔNG TY TNHH MỘT THÀNH VIÊN HUY VŨ,CHI NHÁNH CÔNG TY TNHH OLAM TẠI PLEIKU
750,banra,1,277778.00,2025-07-20 17:00:00,CÔNG TY TNHH MỘT THÀNH VIÊN HUY VŨ,CÔNG TY TNHH THƯƠNG MẠI DƯỢC PHẨM NGHINH PHONG
751,banra,1,833333.00,2025-07-20 17:00:00,CÔNG TY TNHH MỘT THÀNH VIÊN HUY VŨ,CÔNG TY TNHH MỘT THÀNH VIÊN CÀ PHÊ 15
752,banra,1,3379630.00,2025-07-20 17:00:00,CÔNG TY TNHH MỘT THÀNH VIÊN HUY VŨ,CÔNG TY TNHH THY PHÁT HCM
742,banra,1,277778.00,2025-07-19 17:00:00,CÔNG TY TNHH MỘT THÀNH VIÊN HUY VŨ,CỬA HÀNG MÁY VĂN PHÒNG HBT
743,banra,1,324074.00,2025-07-19 17:00:00,CÔNG TY TNHH MỘT THÀNH VIÊN HUY VŨ,CÔNG TY CỔ PHẦN PHONG ĐIỆN YANG TRUNG
744,banra,1,16564815.00,2025-07-19 17:00:00,CÔNG TY TNHH MỘT THÀNH VIÊN HUY VŨ,CÔNG TY TNHH XÂY DỰNG TUẤN DƯƠNG PHÁT
745,banra,1,10398148.00,2025-07-19 17:00:00,CÔNG TY TNHH MỘT THÀNH VIÊN HUY VŨ,CÔNG TY TNHH MỘT THÀNH VIÊN PHẠM HUYỀN GIA LAI
741,banra,1,24351852.00,2025-07-17 17:00:00,CÔNG TY TNHH MỘT THÀNH VIÊN HUY VŨ,CÔNG TY TNHH MỘT THÀNH VIÊN TỔNG CÔNG TY 15 - CHI NHÁNH 710
737,banra,1,22472222.00,2025-07-16 17:00:00,CÔNG TY TNHH MỘT THÀNH VIÊN HUY VŨ,CÔNG TY TNHH MỘT THÀNH VIÊN TỔNG CÔNG TY 15 - CHI NHÁNH CÔNG TY 75
738,banra,1,13120370.00,2025-07-16 17:00:00,CÔNG TY TNHH MỘT THÀNH VIÊN HUY VŨ,CÔNG TY TNHH MỘT THÀNH VIÊN TỔNG CÔNG TY 15 - CHI NHÁNH 710
739,banra,1,120370.00,2025-07-16 17:00:00,CÔNG TY TNHH MỘT THÀNH VIÊN HUY VŨ,CÔNG TY CỔ PHẦN XÂY LẮP ĐẦU TƯ VÀ KINH DOANH NHÀ GIA LAI
740,banra,1,11240741.00,2025-07-16 17:00:00,CÔNG TY TNHH MỘT THÀNH VIÊN HUY VŨ,CÔNG TY TNHH MỘT THÀNH VIÊN PHÁT TÀI GIA LAI
730,banra,1,2268519.00,2025-07-15 17:00:00,CÔNG TY TNHH MỘT THÀNH VIÊN HUY VŨ,CÔNG TY CỔ PHẦN GIÁM ĐỊNH CÀ PHÊ VÀ HÀNG HÓA XUẤT NHẬP KHẨU
731,banra,1,6759259.00,2025-07-15 17:00:00,CÔNG TY TNHH MỘT THÀNH VIÊN HUY VŨ,NGÂN HÀNG THƯƠNG MẠI CỔ PHẦN ĐẦU TƯ VÀ PHÁT TRIỂN VIỆT NAM - CHI NHÁNH NAM GIA LAI
732,banra,1,750000.00,2025-07-15 17:00:00,CÔNG TY TNHH MỘT THÀNH VIÊN HUY VŨ,CÔNG TY TNHH MTV UYÊN MINH GIA LAI
733,banra,1,3194444.00,2025-07-15 17:00:00,CÔNG TY TNHH MỘT THÀNH VIÊN HUY VŨ,CÔNG TY TNHH MTV ANH KHÔI TN
734,banra,1,14712963.00,2025-07-15 17:00:00,CÔNG TY TNHH MỘT THÀNH VIÊN HUY VŨ,CÔNG TY TNHH MINH PHÚ GIA LAI
736,banra,1,8333333.00,2025-07-15 17:00:00,CÔNG TY TNHH MỘT THÀNH VIÊN HUY VŨ,CÔNG TY TNHH MỘT THÀNH VIÊN SƠN HUYỀN PHÁT GIA LAI
723,banra,1,2333333.00,2025-07-13 17:00:00,CÔNG TY TNHH MỘT THÀNH VIÊN HUY VŨ,XÍ NGHIỆP KHẢO SÁT THIẾT KẾ - CHI NHÁNH TỔNG CÔNG TY 15
724,banra,1,3518519.00,2025-07-13 17:00:00,CÔNG TY TNHH MỘT THÀNH VIÊN HUY VŨ,CÔNG TY TNHH MỘT THÀNH VIÊN CÀ PHÊ  IA CHÂM
725,banra,1,900000.00,2025-07-13 17:00:00,CÔNG TY TNHH MỘT THÀNH VIÊN HUY VŨ,XÍ NGHIỆP KHẢO SÁT THIẾT KẾ - CHI NHÁNH TỔNG CÔNG TY 15
726,banra,1,2388889.00,2025-07-13 17:00:00,CÔNG TY TNHH MỘT THÀNH VIÊN HUY VŨ,CÔNG TY TRÁCH NHIỆM HỮU HẠN ĐỨC DUNG
727,banra,1,314815.00,2025-07-13 17:00:00,CÔNG TY TNHH MỘT THÀNH VIÊN HUY VŨ,CÔNG TY CỔ PHẦN CHANH LEO NAFOODS
728,banra,1,1203704.00,2025-07-13 17:00:00,CÔNG TY TNHH MỘT THÀNH VIÊN HUY VŨ,BAN QUẢN LÝ RỪNG PHÒNG HỘ ĐÔNG BẮC CHƯ PĂH
729,banra,1,21759259.00,2025-07-13 17:00:00,CÔNG TY TNHH MỘT THÀNH VIÊN HUY VŨ,Công ty Thuỷ Điện Ialy - CHI NHÁNH TẬP ĐOÀN ĐIỆN LỰC VIỆT NAM
722,banra,1,22685185.00,2025-07-10 17:00:00,CÔNG TY TNHH MỘT THÀNH VIÊN HUY VŨ,CÔNG TY TNHH ĐIỆN TỬ TIN HỌC KIM PHÁT
716,banra,1,8685185.00,2025-07-09 17:00:00,CÔNG TY TNHH MỘT THÀNH VIÊN HUY VŨ,CÔNG TY CỔ PHẦN SẢN XUẤT VÀ XUẤT NHẬP KHẨU VIỆT PHÚC
717,banra,1,5685185.00,2025-07-09 17:00:00,CÔNG TY TNHH MỘT THÀNH VIÊN HUY VŨ,CÔNG TY TNHH MTV ĐỒNG TÂN CHƯ SÊ
718,banra,1,5638889.00,2025-07-09 17:00:00,CÔNG TY TNHH MỘT THÀNH VIÊN HUY VŨ,CÔNG TY TRÁCH NHIỆM HỮU HẠN ĐỨC DUNG
719,banra,1,32407408.00,2025-07-09 17:00:00,CÔNG TY TNHH MỘT THÀNH VIÊN HUY VŨ,PHÒNG ĐIỀU TRA HÌNH SỰ - QUÂN ĐOÀN 34
720,banra,1,1435185.00,2025-07-09 17:00:00,CÔNG TY TNHH MỘT THÀNH VIÊN HUY VŨ,TRUNG TÂM XỬ LÝ BOM MÌN VÀ MÔI TRƯỜNG / BỘ THAM MƯU / QUÂN ĐOÀN 34
721,banra,1,16509259.00,2025-07-09 17:00:00,CÔNG TY TNHH MỘT THÀNH VIÊN HUY VŨ,CÔNG TY TNHH THƯƠNG MẠI DỊCH VỤ FRUITSCO VN
713,banra,1,203704.00,2025-07-08 17:00:00,CÔNG TY TNHH MỘT THÀNH VIÊN HUY VŨ,CÔNG TY CỔ PHẦN MAY GIA LAI
714,banra,1,1388889.00,2025-07-08 17:00:00,CÔNG TY TNHH MỘT THÀNH VIÊN HUY VŨ,CÔNG TY BẢO VIỆT GIA LAI
706,banra,1,1944444.00,2025-07-07 17:00:00,CÔNG TY TNHH MỘT THÀNH VIÊN HUY VŨ,CÔNG TY TRÁCH NHIỆM HỮU HẠN MỘT THÀNH VIÊN LÊ PHÚ GIA LAI
707,banra,1,1254629.00,2025-07-07 17:00:00,CÔNG TY TNHH MỘT THÀNH VIÊN HUY VŨ,CÔNG TY TNHH MỘT THÀNH VIÊN CÀ PHÊ THU HƯỜNG
708,banra,1,3333333.00,2025-07-07 17:00:00,CÔNG TY TNHH MỘT THÀNH VIÊN HUY VŨ,CÔNG TY TRÁCH NHIỆM HỮU HẠN MỘT THÀNH VIÊN ĐẦU TƯ XÂY DỰNG ĐIỆN PHAN VŨ
709,banra,1,2768519.00,2025-07-07 17:00:00,CÔNG TY TNHH MỘT THÀNH VIÊN HUY VŨ,CÔNG TY TNHH MTV UYÊN MINH GIA LAI
710,banra,1,2120370.00,2025-07-07 17:00:00,CÔNG TY TNHH MỘT THÀNH VIÊN HUY VŨ,CÔNG TY TNHH MỘT THÀNH VIÊN T.K TECHNOLOGY GIA LAI
711,banra,1,1620370.00,2025-07-07 17:00:00,CÔNG TY TNHH MỘT THÀNH VIÊN HUY VŨ,CÔNG TY CỔ PHẦN DỊCH VỤ KỸ THUẬT ĐIỆN LỰC VIỆT NAM
712,banra,1,35185186.00,2025-07-07 17:00:00,CÔNG TY TNHH MỘT THÀNH VIÊN HUY VŨ,CÔNG TY TNHH ĐIỆN TỬ TIN HỌC KIM PHÁT
701,banra,1,3000000.00,2025-07-06 17:00:00,CÔNG TY TNHH MỘT THÀNH VIÊN HUY VŨ,CÔNG TY TNHH MỘT THÀNH VIÊN THƯƠNG MẠI DỊCH VỤ DIỆP NGUYỄN GIA LAI
702,banra,1,277778.00,2025-07-06 17:00:00,CÔNG TY TNHH MỘT THÀNH VIÊN HUY VŨ,CÔNG TY CỔ PHẦN BOT VÀ BT ĐỨC LONG GIA LAI
703,banra,1,21703704.00,2025-07-06 17:00:00,CÔNG TY TNHH MỘT THÀNH VIÊN HUY VŨ,Công ty Thuỷ Điện Ialy - CHI NHÁNH TẬP ĐOÀN ĐIỆN LỰC VIỆT NAM
704,banra,1,481481.00,2025-07-06 17:00:00,CÔNG TY TNHH MỘT THÀNH VIÊN HUY VŨ,TỔNG CÔNG TY XÂY DỰNG TRƯỜNG SƠN
705,banra,1,12388889.00,2025-07-06 17:00:00,CÔNG TY TNHH MỘT THÀNH VIÊN HUY VŨ,CÔNG TY TNHH THƯƠNG MẠI SÀI GÒN – GIA LAI
700,banra,1,2768519.00,2025-07-05 17:00:00,CÔNG TY TNHH MỘT THÀNH VIÊN HUY VŨ,HỘ KINH DOANH HUỲNH TẤN THƯƠNG
697,banra,1,6481482.00,2025-07-04 17:00:00,CÔNG TY TNHH MỘT THÀNH VIÊN HUY VŨ,Công đoàn Công ty TNHH MTV cao su ChưMomRay
698,banra,1,509259.00,2025-07-04 17:00:00,CÔNG TY TNHH MỘT THÀNH VIÊN HUY VŨ,CÔNG TY CỔ PHẦN HOÀNG ANH GIA LAI
699,banra,1,9712963.00,2025-07-04 17:00:00,CÔNG TY TNHH MỘT THÀNH VIÊN HUY VŨ,Công ty TNHH MTV Phương Mai
695,banra,1,59166668.00,2025-07-03 17:00:00,CÔNG TY TNHH MỘT THÀNH VIÊN HUY VŨ,CÔNG TY TNHH ĐIỆN TỬ TIN HỌC KIM PHÁT
696,banra,1,7583333.00,2025-07-03 17:00:00,CÔNG TY TNHH MỘT THÀNH VIÊN HUY VŨ,CÔNG TY TNHH MỘT THÀNH VIÊN SƠN HUYỀN PHÁT GIA LAI
688,banra,1,694444.00,2025-07-02 17:00:00,CÔNG TY TNHH MỘT THÀNH VIÊN HUY VŨ,CÔNG TY TRÁCH NHIỆM HỮU HẠN XUÂN PHÚC PLAZA - GIA LAI
689,banra,1,5277778.00,2025-07-02 17:00:00,CÔNG TY TNHH MỘT THÀNH VIÊN HUY VŨ,NGÂN HÀNG THƯƠNG MẠI CỔ PHẦN ĐẦU TƯ VÀ PHÁT TRIỂN VIỆT NAM - CHI NHÁNH NAM GIA LAI
690,banra,1,166668.00,2025-07-02 17:00:00,CÔNG TY TNHH MỘT THÀNH VIÊN HUY VŨ,CÔNG TY TNHH MỘT THÀNH VIÊN HẬU CẦN 28 SANG AN GIA LAI
691,banra,1,13175926.00,2025-07-02 17:00:00,CÔNG TY TNHH MỘT THÀNH VIÊN HUY VŨ,CÔNG TY TNHH MỘT THÀNH VIÊN TẤN PHÁT FOOD
692,banra,1,120370.00,2025-07-02 17:00:00,CÔNG TY TNHH MỘT THÀNH VIÊN HUY VŨ,CÔNG TY TNHH JONUT VIỆT NAM
693,banra,1,1898148.00,2025-07-02 17:00:00,CÔNG TY TNHH MỘT THÀNH VIÊN HUY VŨ,ĐỘI CÔNG TRÌNH ĐÔ THỊ HUYỆN ĐAK ĐOA
694,banra,1,5629630.00,2025-07-02 17:00:00,CÔNG TY TNHH MỘT THÀNH VIÊN HUY VŨ,CHI NHÁNH CÔNG TY TRÁCH NHIỆM HỮU HẠN ĐỨC DUNG - ĐAK ĐOA
686,banra,1,4898148.00,2025-07-01 17:00:00,CÔNG TY TNHH MỘT THÀNH VIÊN HUY VŨ,CÔNG TY TNHH MỘT THÀNH VIÊN HOÀNG KHOA
687,banra,1,194444.00,2025-07-01 17:00:00,CÔNG TY TNHH MỘT THÀNH VIÊN HUY VŨ,CÔNG TY TNHH MỘT THÀNH VIÊN XUÂN THIÊN
911,banra,1,30222223.00,2025-08-30 17:00:00,CÔNG TY TNHH MỘT THÀNH VIÊN HUY VŨ,HỘ KINH DOANH MÁY VĂN PHÒNG PHƯƠNG NAM
908,banra,1,14648148.00,2025-08-28 17:00:00,CÔNG TY TNHH MỘT THÀNH VIÊN HUY VŨ,CÔNG TY TNHH GAS VIỆT NHẬT TIẾN
909,banra,1,416667.00,2025-08-28 17:00:00,CÔNG TY TNHH MỘT THÀNH VIÊN HUY VŨ,CÔNG TY CỔ PHẦN  IAPACCO
910,banra,1,2916667.00,2025-08-28 17:00:00,CÔNG TY TNHH MỘT THÀNH VIÊN HUY VŨ,CÔNG TY TNHH MỘT THÀNH VIÊN VĨNH LỘC GIA LAI
907,banra,1,2824074.00,2025-08-27 17:00:00,CÔNG TY TNHH MỘT THÀNH VIÊN HUY VŨ,CHI NHÁNH CÔNG TY CỔ PHẦN SÓNG VIỆT TẠI GIA LAI
905,banra,1,130555556.00,2025-08-26 17:00:00,CÔNG TY TNHH MỘT THÀNH VIÊN HUY VŨ,HTX SẢN XUẤT ĐIỀU IA GRAI
906,banra,1,30490741.00,2025-08-26 17:00:00,CÔNG TY TNHH MỘT THÀNH VIÊN HUY VŨ,CÔNG TY CỔ PHẦN HOÀNG ANH GIA LAI
899,banra,1,44814815.00,2025-08-25 17:00:00,CÔNG TY TNHH MỘT THÀNH VIÊN HUY VŨ,Công ty Thuỷ Điện Ialy - CHI NHÁNH TẬP ĐOÀN ĐIỆN LỰC VIỆT NAM
900,banra,1,3000000.00,2025-08-25 17:00:00,CÔNG TY TNHH MỘT THÀNH VIÊN HUY VŨ,BAN QUẢN LÝ RỪNG PHÒNG HỘ IA MEUR
901,banra,1,6666667.00,2025-08-25 17:00:00,CÔNG TY TNHH MỘT THÀNH VIÊN HUY VŨ,CÔNG TY TNHH MỘT THÀNH VIÊN HƯỜNG PHƯỢNG GIA LAI
902,banra,1,1143518.00,2025-08-25 17:00:00,CÔNG TY TNHH MỘT THÀNH VIÊN HUY VŨ,CÔNG TY CỔ PHẦN DỊCH VỤ PLEIKU TOURIST
903,banra,1,972222.00,2025-08-25 17:00:00,CÔNG TY TNHH MỘT THÀNH VIÊN HUY VŨ,TRUNG TÂM HẠ TẦNG MẠNG MIỀN TRUNG – CN TỔNG CÔNG TY HẠ TẦNG MẠNG (VNPT –NET3)
904,banra,1,148898147.00,2025-08-25 17:00:00,CÔNG TY TNHH MỘT THÀNH VIÊN HUY VŨ,CÔNG TY TNHH MỘT THÀNH VIÊN ĐIỆN TỬ TIN HỌC NGUYỄN DƯƠNG
893,banra,1,1800000.00,2025-08-24 17:00:00,CÔNG TY TNHH MỘT THÀNH VIÊN HUY VŨ,CÔNG TY TNHH MỘT THÀNH VIÊN TOÀN TRUNG
894,banra,1,35949074.00,2025-08-24 17:00:00,CÔNG TY TNHH MỘT THÀNH VIÊN HUY VŨ,CÔNG TY TNHH MTV THƯƠNG MẠI THIÊN NGÂN KON TUM
895,banra,1,310185.00,2025-08-24 17:00:00,CÔNG TY TNHH MỘT THÀNH VIÊN HUY VŨ,CÔNG TY CỔ PHẦN CAO NGUYÊN MỘC CHÂU
896,banra,1,10925926.00,2025-08-24 17:00:00,CÔNG TY TNHH MỘT THÀNH VIÊN HUY VŨ,CÔNG TY TNHH ĐIỆN TỬ TIN HỌC KIM PHÁT
897,banra,1,305556.00,2025-08-24 17:00:00,CÔNG TY TNHH MỘT THÀNH VIÊN HUY VŨ,CÔNG TY TNHH DỊCH VỤ BẢO VỆ AN NINH NHÂN VIỆT TC
898,banra,1,1805556.00,2025-08-24 17:00:00,CÔNG TY TNHH MỘT THÀNH VIÊN HUY VŨ,NGÂN HÀNG THƯƠNG MẠI CỔ PHẦN NGOẠI THƯƠNG VIỆT NAM - CHI NHÁNH GIA LAI
890,banra,1,14805556.00,2025-08-23 17:00:00,CÔNG TY TNHH MỘT THÀNH VIÊN HUY VŨ,CÔNG TY TNHH MỘT THÀNH VIÊN THƯƠNG MẠI VÀ DỊCH VỤ MÔI TRƯỜNG NHÂN HÒA GIA LAI
891,banra,1,1944444.00,2025-08-23 17:00:00,CÔNG TY TNHH MỘT THÀNH VIÊN HUY VŨ,CHI NHÁNH 716 THUỘC TỔNG CÔNG TY 15
892,banra,1,10907407.00,2025-08-23 17:00:00,CÔNG TY TNHH MỘT THÀNH VIÊN HUY VŨ,CÔNG TY TNHH MỘT THÀNH VIÊN THƯƠNG MẠI VÀ DỊCH VỤ MÔI TRƯỜNG NHÂN HÒA GIA LAI
889,banra,1,9537037.00,2025-08-22 17:00:00,CÔNG TY TNHH MỘT THÀNH VIÊN HUY VŨ,CÔNG TY TNHH MTV TUỆ TÂM GIA LAI
882,banra,1,14620370.00,2025-08-21 17:00:00,CÔNG TY TNHH MỘT THÀNH VIÊN HUY VŨ,CÔNG TY TNHH MỘT THÀNH VIÊN 715
883,banra,1,1472222.00,2025-08-21 17:00:00,CÔNG TY TNHH MỘT THÀNH VIÊN HUY VŨ,CÔNG TY TNHH MỘT THÀNH VIÊN THIẾT KẾ QUẢNG CÁO MŨI TÊN VÀNG GIA LAI
884,banra,1,490741.00,2025-08-21 17:00:00,CÔNG TY TNHH MỘT THÀNH VIÊN HUY VŨ,Cơ yếu / Phòng TM / BĐBP Tỉnh
885,banra,1,164815.00,2025-08-21 17:00:00,CÔNG TY TNHH MỘT THÀNH VIÊN HUY VŨ,CÔNG TY CỔ PHẦN NAFOODS TÂY NGUYÊN
886,banra,1,916667.00,2025-08-21 17:00:00,CÔNG TY TNHH MỘT THÀNH VIÊN HUY VŨ,CÔNG TY TNHH MTV TRIỆU QUÝ
887,banra,1,240741.00,2025-08-21 17:00:00,CÔNG TY TNHH MỘT THÀNH VIÊN HUY VŨ,CÔNG TY TNHH MỘT THÀNH VIÊN CÂY ĂN TRÁI THAGRICO CAO NGUYÊN
888,banra,1,1898148.00,2025-08-21 17:00:00,CÔNG TY TNHH MỘT THÀNH VIÊN HUY VŨ,CÔNG TY TNHH CÔNG NGHỆ ÂU LẠC
880,banra,1,2027778.00,2025-08-20 17:00:00,CÔNG TY TNHH MỘT THÀNH VIÊN HUY VŨ,CÔNG TY TNHH ĐĂNG PHÁT GIA LAI
881,banra,1,900000.00,2025-08-20 17:00:00,CÔNG TY TNHH MỘT THÀNH VIÊN HUY VŨ,XÍ NGHIỆP KHẢO SÁT THIẾT KẾ - CHI NHÁNH TỔNG CÔNG TY 15
872,banra,1,1712963.00,2025-08-19 17:00:00,CÔNG TY TNHH MỘT THÀNH VIÊN HUY VŨ,CÔNG TY TNHH MỘT THÀNH VIÊN XÂY DỰNG THUẬN AN GIA LAI
873,banra,1,43703704.00,2025-08-19 17:00:00,CÔNG TY TNHH MỘT THÀNH VIÊN HUY VŨ,CHI NHÁNH MIỀN TRUNG - CÔNG TY TNHH MỘT THÀNH VIÊN TRẮC ĐỊA BẢN ĐỒ
874,banra,1,2398148.00,2025-08-19 17:00:00,CÔNG TY TNHH MỘT THÀNH VIÊN HUY VŨ,Công Ty TNHH MTV PTNN Đại Thắng ( MST : 838051843-900 )
875,banra,1,139444444.00,2025-08-19 17:00:00,CÔNG TY TNHH MỘT THÀNH VIÊN HUY VŨ,CÔNG TY TNHH MỘT THÀNH VIÊN ĐIỆN TỬ TIN HỌC NGUYỄN DƯƠNG
876,banra,1,342593.00,2025-08-19 17:00:00,CÔNG TY TNHH MỘT THÀNH VIÊN HUY VŨ,CHI NHÁNH CÔNG TY CỔ PHẦN THUỶ ĐIỆN CẦN ĐƠN-NHÀ MÁY THỦY ĐIỆN RY NINH II
877,banra,1,314815.00,2025-08-19 17:00:00,CÔNG TY TNHH MỘT THÀNH VIÊN HUY VŨ,CÔNG TY CỔ PHẦN CHANH LEO NAFOODS
878,banra,1,12583333.00,2025-08-19 17:00:00,CÔNG TY TNHH MỘT THÀNH VIÊN HUY VŨ,TRUNG TÂM TƯ VẤN VÀ ỨNG DỤNG CÔNG NGHỆ - CHI NHÁNH CÔNG TY TNHH TƯ VẤN TRƯỜNG ĐẠI HỌC THỦY LỢI
879,banra,1,416667.00,2025-08-19 17:00:00,CÔNG TY TNHH MỘT THÀNH VIÊN HUY VŨ,CHI NHÁNH GIA LAI - CÔNG TY CỔ PHẦN DỊCH VỤ THƯƠNG MẠI TỔNG HỢP WINCOMMERCE
861,banra,1,712963.00,2025-08-18 17:00:00,CÔNG TY TNHH MỘT THÀNH VIÊN HUY VŨ,CÔNG TY BẢO VIỆT GIA LAI
862,banra,1,5120370.00,2025-08-18 17:00:00,CÔNG TY TNHH MỘT THÀNH VIÊN HUY VŨ,CÔNG TY TNHH MỘT THÀNH VIÊN TOÀN TRUNG
863,banra,1,13888889.00,2025-08-18 17:00:00,CÔNG TY TNHH MỘT THÀNH VIÊN HUY VŨ,Trung tâm KĐĐD T265
864,banra,1,9259259.00,2025-08-18 17:00:00,CÔNG TY TNHH MỘT THÀNH VIÊN HUY VŨ,Trung tâm KĐĐD T265
865,banra,1,14959260.00,2025-08-18 17:00:00,CÔNG TY TNHH MỘT THÀNH VIÊN HUY VŨ,Trung tâm KĐĐD T265
866,banra,1,4750000.00,2025-08-18 17:00:00,CÔNG TY TNHH MỘT THÀNH VIÊN HUY VŨ,CÔNG TY TNHH ĐIỆN TỬ TIN HỌC KIM PHÁT
867,banra,1,4796296.00,2025-08-18 17:00:00,CÔNG TY TNHH MỘT THÀNH VIÊN HUY VŨ,VIETTEL GIA LAI – CHI NHÁNH TẬP ĐOÀN CÔNG NGHIỆP - VIỄN THÔNG QUÂN ĐỘI
868,banra,1,1388889.00,2025-08-18 17:00:00,CÔNG TY TNHH MỘT THÀNH VIÊN HUY VŨ,TRƯỜNG TIỂU HỌC VÀ THCS PHAN ĐÌNH PHÙNG
869,banra,1,11962963.00,2025-08-18 17:00:00,CÔNG TY TNHH MỘT THÀNH VIÊN HUY VŨ,HỘ KINH DOANH MÁY VĂN PHÒNG PHƯƠNG NAM
870,banra,1,231482.00,2025-08-18 17:00:00,CÔNG TY TNHH MỘT THÀNH VIÊN HUY VŨ,TRUNG TÂM PHÂN TÍCH VÀ ĐO LƯỜNG CHẤT LƯỢNG
871,banra,1,5370370.00,2025-08-18 17:00:00,CÔNG TY TNHH MỘT THÀNH VIÊN HUY VŨ,CHI NHÁNH 716 THUỘC TỔNG CÔNG TY 15
858,banra,1,43425926.00,2025-08-17 17:00:00,CÔNG TY TNHH MỘT THÀNH VIÊN HUY VŨ,Công ty Thuỷ Điện Ialy - CHI NHÁNH TẬP ĐOÀN ĐIỆN LỰC VIỆT NAM
859,banra,1,833333.00,2025-08-17 17:00:00,CÔNG TY TNHH MỘT THÀNH VIÊN HUY VŨ,CÔNG TY TNHH MTV  ĐẦU TƯ XÂY DỰNG ĐIỆN PHAN VŨ
860,banra,1,2398148.00,2025-08-17 17:00:00,CÔNG TY TNHH MỘT THÀNH VIÊN HUY VŨ,CÔNG TY TNHH PHÁT TRIỂN KHOA HỌC QUỐC TẾ TRƯỜNG SINH
857,banra,1,3324074.00,2025-08-16 17:00:00,CÔNG TY TNHH MỘT THÀNH VIÊN HUY VŨ,CÔNG TY TNHH MỘT THÀNH VIÊN VÀNG KIM CHUNG
854,banra,1,250000.00,2025-08-14 17:00:00,CÔNG TY TNHH MỘT THÀNH VIÊN HUY VŨ,CÔNG TY TNHH MỘT THÀNH VIÊN XUÂN THIÊN
855,banra,1,13888889.00,2025-08-14 17:00:00,CÔNG TY TNHH MỘT THÀNH VIÊN HUY VŨ,CHI NHÁNH TỔNG CÔNG TY THƯƠNG MẠI KỸ THUẬT VÀ ĐẦU TƯ - CÔNG TY CỔ PHẦN TẠI TỈNH GIA LAI
856,banra,1,712963.00,2025-08-14 17:00:00,CÔNG TY TNHH MỘT THÀNH VIÊN HUY VŨ,TRƯỜNG TIỂU HỌC TRẦN QUỐC TOẢN
843,banra,1,416667.00,2025-08-13 17:00:00,CÔNG TY TNHH MỘT THÀNH VIÊN HUY VŨ,CÔNG TY TNHH XÂY DỰNG CÔNG NÔNG NGHIỆP THADICO
847,banra,1,212963.00,2025-08-13 17:00:00,CÔNG TY TNHH MỘT THÀNH VIÊN HUY VŨ,CÔNG TY TNHH GIÁO DỤC QUỐC TẾ VUS
848,banra,1,240000.00,2025-08-13 17:00:00,CÔNG TY TNHH MỘT THÀNH VIÊN HUY VŨ,VIỆN KIỂM SÁT NHÂN DÂN KHU VỰC 9 - GIA LAI
849,banra,1,638889.00,2025-08-13 17:00:00,CÔNG TY TNHH MỘT THÀNH VIÊN HUY VŨ,CÔNG TY TNHH MỘT THÀNH VIÊN LÊ ĐẠO GIA LAI
850,banra,1,416667.00,2025-08-13 17:00:00,CÔNG TY TNHH MỘT THÀNH VIÊN HUY VŨ,BAN QUẢN LÝ RỪNG PHÒNG HỘ HÀ RA
851,banra,1,34888889.00,2025-08-13 17:00:00,CÔNG TY TNHH MỘT THÀNH VIÊN HUY VŨ,LỮ ĐOÀN 234
852,banra,1,37037037.00,2025-08-13 17:00:00,CÔNG TY TNHH MỘT THÀNH VIÊN HUY VŨ,CÔNG TY TNHH ĐIỆN TỬ TIN HỌC KIM PHÁT
853,banra,1,268519.00,2025-08-13 17:00:00,CÔNG TY TNHH MỘT THÀNH VIÊN HUY VŨ,"Phòng PA02, Công An Tỉnh Gia Lai"
842,banra,1,5555556.00,2025-08-12 17:00:00,CÔNG TY TNHH MỘT THÀNH VIÊN HUY VŨ,PHÒNG CHÍNH TRỊ - SƯ ĐOÀN 320
833,banra,1,18518520.00,2025-08-11 17:00:00,CÔNG TY TNHH MỘT THÀNH VIÊN HUY VŨ,CÔNG TY TNHH ĐIỆN TỬ TIN HỌC KIM PHÁT
834,banra,1,2925926.00,2025-08-11 17:00:00,CÔNG TY TNHH MỘT THÀNH VIÊN HUY VŨ,CÔNG TY TNHH MỘT THÀNH VIÊN NGỌC PHƯƠNG
835,banra,1,10351852.00,2025-08-11 17:00:00,CÔNG TY TNHH MỘT THÀNH VIÊN HUY VŨ,CÔNG TY TNHH TRẦN GIA F&B
836,banra,1,444444.00,2025-08-11 17:00:00,CÔNG TY TNHH MỘT THÀNH VIÊN HUY VŨ,CÔNG TY TRÁCH NHIỆM HỮU HẠN MỘT THÀNH VIÊN HÙNG TUYẾN GIA LAI
837,banra,1,80046295.00,2025-08-11 17:00:00,CÔNG TY TNHH MỘT THÀNH VIÊN HUY VŨ,CÔNG TY TNHH ĐIỆN TỬ TIN HỌC KIM PHÁT
838,banra,1,435185.00,2025-08-11 17:00:00,CÔNG TY TNHH MỘT THÀNH VIÊN HUY VŨ,CÔNG TY TNHH PHÁT TRIỂN DU LỊCH LA MIA
839,banra,1,1453704.00,2025-08-11 17:00:00,CÔNG TY TNHH MỘT THÀNH VIÊN HUY VŨ,CÔNG TY TNHH NĂNG LƯỢNG SẠCH CAO NGUYÊN
840,banra,1,601852.00,2025-08-11 17:00:00,CÔNG TY TNHH MỘT THÀNH VIÊN HUY VŨ,CHI BỘ BAN QUẢN LÝ RỪNG PHÒNG HỘ ĐÔNG BẮC CHƯ PĂH
841,banra,1,175926.00,2025-08-11 17:00:00,CÔNG TY TNHH MỘT THÀNH VIÊN HUY VŨ,CÔNG TY TNHH MỘT THÀNH VIÊN XỔ SỐ KIẾN THIẾT ĐẮK NÔNG
832,banra,1,3814815.00,2025-08-10 17:00:00,CÔNG TY TNHH MỘT THÀNH VIÊN HUY VŨ,CÔNG TY CỔ PHẦN DU LỊCH GIA LAI
822,banra,1,3944445.00,2025-08-07 17:00:00,CÔNG TY TNHH MỘT THÀNH VIÊN HUY VŨ,HỘ KINH DOANH MÁY VĂN PHÒNG PHƯƠNG NAM
823,banra,1,43518519.00,2025-08-07 17:00:00,CÔNG TY TNHH MỘT THÀNH VIÊN HUY VŨ,Công ty Thuỷ Điện Ialy - CHI NHÁNH TẬP ĐOÀN ĐIỆN LỰC VIỆT NAM
824,banra,1,1296296.00,2025-08-07 17:00:00,CÔNG TY TNHH MỘT THÀNH VIÊN HUY VŨ,CÔNG TY TNHH DỊCH VỤ THUẾ - KẾ TOÁN TFC GIA LAI
825,banra,1,361111.00,2025-08-07 17:00:00,CÔNG TY TNHH MỘT THÀNH VIÊN HUY VŨ,CÔNG TY CỔ PHẦN MAY GIA LAI
826,banra,1,13601852.00,2025-08-07 17:00:00,CÔNG TY TNHH MỘT THÀNH VIÊN HUY VŨ,CÔNG TY TNHH PHÁT TRIỂN DU LỊCH LA MIA
827,banra,1,3416667.00,2025-08-07 17:00:00,CÔNG TY TNHH MỘT THÀNH VIÊN HUY VŨ,CÔNG TY TNHH MỘT THÀNH VIÊN SƠN NGUYỆT
828,banra,1,300000.00,2025-08-07 17:00:00,CÔNG TY TNHH MỘT THÀNH VIÊN HUY VŨ,TRƯỜNG THPT NGUYỄN THỊ MINH KHAI
829,banra,1,1111111.00,2025-08-07 17:00:00,CÔNG TY TNHH MỘT THÀNH VIÊN HUY VŨ,TRƯỜNG THPT NGUYỄN THỊ MINH KHAI
830,banra,1,2805556.00,2025-08-07 17:00:00,CÔNG TY TNHH MỘT THÀNH VIÊN HUY VŨ,CỬA HÀNG MÁY VĂN PHÒNG HBT
821,banra,1,45370370.00,2025-08-06 17:00:00,CÔNG TY TNHH MỘT THÀNH VIÊN HUY VŨ,CÔNG TY TNHH ĐIỆN TỬ TIN HỌC KIM PHÁT
815,banra,1,6657407.00,2025-08-05 17:00:00,CÔNG TY TNHH MỘT THÀNH VIÊN HUY VŨ,CÔNG TY CỔ PHẦN HOÀNG ANH GIA LAI
816,banra,1,4629630.00,2025-08-05 17:00:00,CÔNG TY TNHH MỘT THÀNH VIÊN HUY VŨ,TIỂU ĐOÀN 86 - LỮ ĐOÀN 132 - BINH CHỦNG THÔNG TIN LIÊN LẠC
817,banra,1,15925926.00,2025-08-05 17:00:00,CÔNG TY TNHH MỘT THÀNH VIÊN HUY VŨ,CÔNG TY TNHH VĨNH TÍN
818,banra,1,5212037.00,2025-08-05 17:00:00,CÔNG TY TNHH MỘT THÀNH VIÊN HUY VŨ,TIỂU ĐOÀN 86 - LỮ ĐOÀN 132 - BINH CHỦNG THÔNG TIN LIÊN LẠC
819,banra,1,20000000.00,2025-08-05 17:00:00,CÔNG TY TNHH MỘT THÀNH VIÊN HUY VŨ,CÔNG TY PHÁT TRIỂN THỦY ĐIỆN SÊ SAN - CHI NHÁNH TẬP ĐOÀN ĐIỆN LỰC VIỆT NAM
820,banra,1,3740741.00,2025-08-05 17:00:00,CÔNG TY TNHH MỘT THÀNH VIÊN HUY VŨ,CÔNG TY TNHH MTV XÂY DỰNG VÀ THƯƠNG MẠI LÊ DUNG GL
805,banra,1,3416667.00,2025-08-04 17:00:00,CÔNG TY TNHH MỘT THÀNH VIÊN HUY VŨ,AGRIBANK CN PLEIKU GIA LAI
806,banra,1,1157407.00,2025-08-04 17:00:00,CÔNG TY TNHH MỘT THÀNH VIÊN HUY VŨ,TỔNG CÔNG TY CỔ PHẦN BƯU CHÍNH VIETTEL
807,banra,1,203704.00,2025-08-04 17:00:00,CÔNG TY TNHH MỘT THÀNH VIÊN HUY VŨ,CÔNG TY TNHH THƯƠNG MẠI DƯỢC PHẨM NGHINH PHONG
808,banra,1,1009259.00,2025-08-04 17:00:00,CÔNG TY TNHH MỘT THÀNH VIÊN HUY VŨ,CÔNG TY TNHH MINH PHÚ GIA LAI
809,banra,1,35555556.00,2025-08-04 17:00:00,CÔNG TY TNHH MỘT THÀNH VIÊN HUY VŨ,CÔNG TY TNHH ĐIỆN TỬ TIN HỌC KIM PHÁT
810,banra,1,648148.00,2025-08-04 17:00:00,CÔNG TY TNHH MỘT THÀNH VIÊN HUY VŨ,CÔNG TY TNHH Ô TÔ MG GIA LAI
811,banra,1,18518519.00,2025-08-04 17:00:00,CÔNG TY TNHH MỘT THÀNH VIÊN HUY VŨ,TIỂU ĐOÀN 86 - LỮ ĐOÀN 132 - BINH CHỦNG THÔNG TIN LIÊN LẠC
812,banra,1,24148148.00,2025-08-04 17:00:00,CÔNG TY TNHH MỘT THÀNH VIÊN HUY VŨ,HỘ KINH DOANH ĐẠI PHÚ
813,banra,1,3648148.00,2025-08-04 17:00:00,CÔNG TY TNHH MỘT THÀNH VIÊN HUY VŨ,CÔNG TY TNHH TIN HỌC QUANG ANH GL
814,banra,1,296296.00,2025-08-04 17:00:00,CÔNG TY TNHH MỘT THÀNH VIÊN HUY VŨ,CÔNG TY CỔ PHẦN TẬP ĐOÀN MAXAN AGRI
797,banra,1,2120370.00,2025-08-03 17:00:00,CÔNG TY TNHH MỘT THÀNH VIÊN HUY VŨ,CÔNG TY TNHH MỘT THÀNH VIÊN MINH TÂN GIA LAI
798,banra,1,2953704.00,2025-08-03 17:00:00,CÔNG TY TNHH MỘT THÀNH VIÊN HUY VŨ,CÔNG TY TNHH MỘT THÀNH VIÊN HOÀNG YÊN GIA LAI
799,banra,1,731482.00,2025-08-03 17:00:00,CÔNG TY TNHH MỘT THÀNH VIÊN HUY VŨ,CÔNG TY TNHH GOLDWIND INTERNATIONAL VIỆT NAM
800,banra,1,601852.00,2025-08-03 17:00:00,CÔNG TY TNHH MỘT THÀNH VIÊN HUY VŨ,CÔNG TY TNHH PHƯƠNG ANH THỊNH
801,banra,1,629630.00,2025-08-03 17:00:00,CÔNG TY TNHH MỘT THÀNH VIÊN HUY VŨ,CÔNG TY CỔ PHẦN TƯ VẤN GIAO THÔNG KHẢI NGUYÊN
802,banra,1,2953704.00,2025-08-03 17:00:00,CÔNG TY TNHH MỘT THÀNH VIÊN HUY VŨ,TIỂU ĐOÀN 36/ BỘ THAM MƯU/ QUÂN ĐOÀN 34
803,banra,1,21759259.00,2025-08-03 17:00:00,CÔNG TY TNHH MỘT THÀNH VIÊN HUY VŨ,Công ty Thuỷ Điện Ialy - CHI NHÁNH TẬP ĐOÀN ĐIỆN LỰC VIỆT NAM
804,banra,1,13648148.00,2025-08-03 17:00:00,CÔNG TY TNHH MỘT THÀNH VIÊN HUY VŨ,CÔNG TY TNHH MỘT THÀNH VIÊN THƯƠNG MẠI HÒA TRANG
793,banra,1,268519.00,2025-07-31 17:00:00,CÔNG TY TNHH MỘT THÀNH VIÊN HUY VŨ,TRUNG TÂM DẠY NGHỀ VÀ SÁT HẠCH LÁI XE - CHI NHÁNH CÔNG TY TNHH VẬN TẢI Ô TÔ TỈNH GIA LAI
794,banra,1,6296296.00,2025-07-31 17:00:00,CÔNG TY TNHH MỘT THÀNH VIÊN HUY VŨ,HỘ KINH DOANH PHAN VĂN MINH
795,banra,1,120370.00,2025-07-31 17:00:00,CÔNG TY TNHH MỘT THÀNH VIÊN HUY VŨ,CÔNG TY CỔ PHẦN ĐIỆN GIÓ NHƠN HÒA 1
796,banra,1,8627273.00,2025-07-31 17:00:00,CÔNG TY TNHH MỘT THÀNH VIÊN HUY VŨ,VIETTEL GIA LAI – CHI NHÁNH TẬP ĐOÀN CÔNG NGHIỆP - VIỄN THÔNG QUÂN ĐỘI
1079,banra,1,268519.00,2025-09-29 17:00:00,CÔNG TY TNHH MỘT THÀNH VIÊN HUY VŨ,CÔNG TY CỔ PHẦN XÂY DỰNG VÀ VẬN TẢI GIA LAI
1080,banra,1,39518518.00,2025-09-29 17:00:00,CÔNG TY TNHH MỘT THÀNH VIÊN HUY VŨ,CÔNG TY CỔ PHẦN THẾ GIỚI SỐ
1081,banra,1,11388889.00,2025-09-29 17:00:00,CÔNG TY TNHH MỘT THÀNH VIÊN HUY VŨ,
1082,banra,1,1509259.00,2025-09-29 17:00:00,CÔNG TY TNHH MỘT THÀNH VIÊN HUY VŨ,CỬA HÀNG MÁY VĂN PHÒNG HBT
1083,banra,1,33101851.00,2025-09-29 17:00:00,CÔNG TY TNHH MỘT THÀNH VIÊN HUY VŨ,CÔNG TY TNHH ĐIỆN TỬ TIN HỌC KIM PHÁT
1084,banra,1,14805556.00,2025-09-29 17:00:00,CÔNG TY TNHH MỘT THÀNH VIÊN HUY VŨ,
1085,banra,1,17861111.00,2025-09-29 17:00:00,CÔNG TY TNHH MỘT THÀNH VIÊN HUY VŨ,
1086,banra,1,14722222.00,2025-09-29 17:00:00,CÔNG TY TNHH MỘT THÀNH VIÊN HUY VŨ,
1087,banra,1,9490741.00,2025-09-29 17:00:00,CÔNG TY TNHH MỘT THÀNH VIÊN HUY VŨ,CHI NHÁNH TỔNG CÔNG TY CÀ PHÊ VIỆT NAM - CÔNG TY CÀ PHÊ IA SAO I
1088,banra,1,7870370.00,2025-09-29 17:00:00,CÔNG TY TNHH MỘT THÀNH VIÊN HUY VŨ,CÔNG TY TNHH TƠ TẰM HÙNG LINH GIA LAI
1089,banra,1,24157408.00,2025-09-29 17:00:00,CÔNG TY TNHH MỘT THÀNH VIÊN HUY VŨ,
1090,banra,1,12962963.00,2025-09-29 17:00:00,CÔNG TY TNHH MỘT THÀNH VIÊN HUY VŨ,
1091,banra,1,21842593.00,2025-09-29 17:00:00,CÔNG TY TNHH MỘT THÀNH VIÊN HUY VŨ,
1094,banra,1,731482.00,2025-09-29 17:00:00,CÔNG TY TNHH MỘT THÀNH VIÊN HUY VŨ,CÔNG TY TNHH IN ẤN THIÊN HÀ
1095,banra,1,416667.00,2025-09-29 17:00:00,CÔNG TY TNHH MỘT THÀNH VIÊN HUY VŨ,CÔNG TY TNHH DỊCH VỤ BẢO VỆ AN NINH NHÂN VIỆT TC
1096,banra,1,787037.00,2025-09-29 17:00:00,CÔNG TY TNHH MỘT THÀNH VIÊN HUY VŨ,HỘ KINH DOANH MÁY VĂN PHÒNG PHƯƠNG NAM
1097,banra,1,3981482.00,2025-09-29 17:00:00,CÔNG TY TNHH MỘT THÀNH VIÊN HUY VŨ,HỘ KINH DOANH MÁY VĂN PHÒNG PHƯƠNG NAM
1098,banra,1,16564815.00,2025-09-29 17:00:00,CÔNG TY TNHH MỘT THÀNH VIÊN HUY VŨ,
1099,banra,1,95925927.00,2025-09-29 17:00:00,CÔNG TY TNHH MỘT THÀNH VIÊN HUY VŨ,CÔNG TY TNHH ĐIỆN TỬ TIN HỌC KIM PHÁT
1100,banra,1,4425926.00,2025-09-29 17:00:00,CÔNG TY TNHH MỘT THÀNH VIÊN HUY VŨ,CÔNG TY TRÁCH NHIỆM HỮU HẠN ĐỨC DUNG
1101,banra,1,142000000.00,2025-09-29 17:00:00,CÔNG TY TNHH MỘT THÀNH VIÊN HUY VŨ,
1069,banra,1,1250000.00,2025-09-28 17:00:00,CÔNG TY TNHH MỘT THÀNH VIÊN HUY VŨ,CÔNG TY TNHH GOLDWIND INTERNATIONAL VIỆT NAM
1070,banra,1,3500000.00,2025-09-28 17:00:00,CÔNG TY TNHH MỘT THÀNH VIÊN HUY VŨ,CÔNG TY CỔ PHẦN ĐẦU TƯ VÀ PHÁT TRIỂN ĐIỆN SÊ SAN 3A
1071,banra,1,3324074.00,2025-09-28 17:00:00,CÔNG TY TNHH MỘT THÀNH VIÊN HUY VŨ,HỢP TÁC XÃ CÔNG NGHỆ GIA LAI XANH
1072,banra,1,166667.00,2025-09-28 17:00:00,CÔNG TY TNHH MỘT THÀNH VIÊN HUY VŨ,CÔNG TY TRÁCH NHIỆM HỮU HẠN MỘT THÀNH VIÊN TRIỆU HẢI GIA LAI
1073,banra,1,6666667.00,2025-09-28 17:00:00,CÔNG TY TNHH MỘT THÀNH VIÊN HUY VŨ,CÔNG TY TNHH MỘT THÀNH VIÊN HƯỜNG PHƯỢNG GIA LAI
1074,banra,1,601852.00,2025-09-28 17:00:00,CÔNG TY TNHH MỘT THÀNH VIÊN HUY VŨ,CÔNG TY CỔ PHẦN CÀ PHÊ GIA LAI
1075,banra,1,326481485.00,2025-09-28 17:00:00,CÔNG TY TNHH MỘT THÀNH VIÊN HUY VŨ,CÔNG TY TNHH MỘT THÀNH VIÊN ĐIỆN TỬ TIN HỌC NGUYỄN DƯƠNG
1076,banra,1,200000.00,2025-09-28 17:00:00,CÔNG TY TNHH MỘT THÀNH VIÊN HUY VŨ,HỘ KINH DOANH MÁY VĂN PHÒNG PHƯƠNG NAM
1077,banra,1,7120369.00,2025-09-28 17:00:00,CÔNG TY TNHH MỘT THÀNH VIÊN HUY VŨ,HỘ KINH DOANH MÁY VĂN PHÒNG PHƯƠNG NAM
1078,banra,1,5212037.00,2025-09-28 17:00:00,CÔNG TY TNHH MỘT THÀNH VIÊN HUY VŨ,TIỂU ĐOÀN 86 - LỮ ĐOÀN 132 - BINH CHỦNG THÔNG TIN LIÊN LẠC
1050,banra,1,1898148.00,2025-09-27 17:00:00,CÔNG TY TNHH MỘT THÀNH VIÊN HUY VŨ,HỘ KINH DOANH LÊ THỊ LINH PHƯƠNG
1051,banra,1,4398148.00,2025-09-27 17:00:00,CÔNG TY TNHH MỘT THÀNH VIÊN HUY VŨ,CÔNG TY TNHH MTV PHÚ BẢO THƯ
1052,banra,1,675926.00,2025-09-27 17:00:00,CÔNG TY TNHH MỘT THÀNH VIÊN HUY VŨ,ĐỒN BIÊN PHÒNG IA O - BCH BỘ ĐỘI BIÊN PHÒNG TỈNH GIA LAI
1053,banra,1,270759260.00,2025-09-27 17:00:00,CÔNG TY TNHH MỘT THÀNH VIÊN HUY VŨ,CÔNG TY TNHH ĐIỆN TỬ TIN HỌC KIM PHÁT
1054,banra,1,14805556.00,2025-09-27 17:00:00,CÔNG TY TNHH MỘT THÀNH VIÊN HUY VŨ,
1055,banra,1,8972222.00,2025-09-27 17:00:00,CÔNG TY TNHH MỘT THÀNH VIÊN HUY VŨ,
1056,banra,1,18231482.00,2025-09-27 17:00:00,CÔNG TY TNHH MỘT THÀNH VIÊN HUY VŨ,
1057,banra,1,15546296.00,2025-09-27 17:00:00,CÔNG TY TNHH MỘT THÀNH VIÊN HUY VŨ,
1058,banra,1,14805556.00,2025-09-27 17:00:00,CÔNG TY TNHH MỘT THÀNH VIÊN HUY VŨ,
1059,banra,1,17212963.00,2025-09-27 17:00:00,CÔNG TY TNHH MỘT THÀNH VIÊN HUY VŨ,
1060,banra,1,12583333.00,2025-09-27 17:00:00,CÔNG TY TNHH MỘT THÀNH VIÊN HUY VŨ,
1061,banra,1,7861111.00,2025-09-27 17:00:00,CÔNG TY TNHH MỘT THÀNH VIÊN HUY VŨ,
1062,banra,1,5453704.00,2025-09-27 17:00:00,CÔNG TY TNHH MỘT THÀNH VIÊN HUY VŨ,
1063,banra,1,10925926.00,2025-09-27 17:00:00,CÔNG TY TNHH MỘT THÀNH VIÊN HUY VŨ,
1064,banra,1,8324074.00,2025-09-27 17:00:00,CÔNG TY TNHH MỘT THÀNH VIÊN HUY VŨ,
1065,banra,1,18416667.00,2025-09-27 17:00:00,CÔNG TY TNHH MỘT THÀNH VIÊN HUY VŨ,
1066,banra,1,15361111.00,2025-09-27 17:00:00,CÔNG TY TNHH MỘT THÀNH VIÊN HUY VŨ,
1067,banra,1,15740741.00,2025-09-27 17:00:00,CÔNG TY TNHH MỘT THÀNH VIÊN HUY VŨ,
1068,banra,1,138889.00,2025-09-27 17:00:00,CÔNG TY TNHH MỘT THÀNH VIÊN HUY VŨ,
1042,banra,1,5592593.00,2025-09-25 17:00:00,CÔNG TY TNHH MỘT THÀNH VIÊN HUY VŨ,CÔNG TY CỔ PHẦN VCU
1043,banra,1,1416666.00,2025-09-25 17:00:00,CÔNG TY TNHH MỘT THÀNH VIÊN HUY VŨ,CÔNG TY CỔ PHẦN THỦY ĐIỆN AN QUANG
1044,banra,1,1805556.00,2025-09-25 17:00:00,CÔNG TY TNHH MỘT THÀNH VIÊN HUY VŨ,TRUNG TÂM HẠ TẦNG MẠNG MIỀN TRUNG – CN TỔNG CÔNG TY HẠ TẦNG MẠNG
1045,banra,1,43425926.00,2025-09-25 17:00:00,CÔNG TY TNHH MỘT THÀNH VIÊN HUY VŨ,Công ty Thuỷ Điện Ialy - CHI NHÁNH TẬP ĐOÀN ĐIỆN LỰC VIỆT NAM
1046,banra,1,4592593.00,2025-09-25 17:00:00,CÔNG TY TNHH MỘT THÀNH VIÊN HUY VŨ,CÔNG TY TRÁCH NHIỆM HỮU HẠN ĐỨC DUNG
1047,banra,1,250000.00,2025-09-25 17:00:00,CÔNG TY TNHH MỘT THÀNH VIÊN HUY VŨ,CÔNG TY CỔ PHẦN  IAPACCO
1048,banra,1,21462963.00,2025-09-25 17:00:00,CÔNG TY TNHH MỘT THÀNH VIÊN HUY VŨ,BỆNH VIỆN Y DƯỢC CỔ TRUYỀN VÀ PHỤC HỒI CHỨC NĂNG PLEIKU
1049,banra,1,416667.00,2025-09-25 17:00:00,CÔNG TY TNHH MỘT THÀNH VIÊN HUY VŨ,CÔNG TY TRÁCH NHIỆM HỮU HẠN TƯ VẤN XÂY DỰNG GIA THÀNH AN - GIA LAI
1032,banra,1,1805556.00,2025-09-24 17:00:00,CÔNG TY TNHH MỘT THÀNH VIÊN HUY VŨ,CÔNG TY CỔ PHẦN TƯ VẤN GIAO THÔNG KHẢI NGUYÊN
1033,banra,1,2953704.00,2025-09-24 17:00:00,CÔNG TY TNHH MỘT THÀNH VIÊN HUY VŨ,TRƯỜNG TIỂU HỌC SỐ 1 IA BĂNG
1034,banra,1,1227273.00,2025-09-24 17:00:00,CÔNG TY TNHH MỘT THÀNH VIÊN HUY VŨ,TRƯỜNG TIỂU HỌC SỐ 1 IA BĂNG
1035,banra,1,3416667.00,2025-09-24 17:00:00,CÔNG TY TNHH MỘT THÀNH VIÊN HUY VŨ,CÔNG TY TNHH GIA LAI PHÁT
1036,banra,1,23675926.00,2025-09-24 17:00:00,CÔNG TY TNHH MỘT THÀNH VIÊN HUY VŨ,PHÚ MƠ
1037,banra,1,1472222.00,2025-09-24 17:00:00,CÔNG TY TNHH MỘT THÀNH VIÊN HUY VŨ,CÔNG TY TNHH HƯNG THẮNG LỢI GIA LAI
1038,banra,1,1111112.00,2025-09-24 17:00:00,CÔNG TY TNHH MỘT THÀNH VIÊN HUY VŨ,CÔNG TY TNHH HƯNG THẮNG LỢI GIA LAI
1039,banra,1,14629630.00,2025-09-24 17:00:00,CÔNG TY TNHH MỘT THÀNH VIÊN HUY VŨ,HỘ KINH DOANH ĐẠI PHÚ
1040,banra,1,236111111.00,2025-09-24 17:00:00,CÔNG TY TNHH MỘT THÀNH VIÊN HUY VŨ,CÔNG TY TNHH MỘT THÀNH VIÊN ĐIỆN TỬ TIN HỌC NGUYỄN DƯƠNG
1041,banra,1,185185.00,2025-09-24 17:00:00,CÔNG TY TNHH MỘT THÀNH VIÊN HUY VŨ,CÔNG TY CỔ PHẦN  MỸ PHẨM THIÊN NHIÊN CỎ MỀM
1023,banra,1,1050926.00,2025-09-23 17:00:00,CÔNG TY TNHH MỘT THÀNH VIÊN HUY VŨ,CHI NHÁNH CÔNG TY CỔ PHẦN THUỶ ĐIỆN CẦN ĐƠN-NHÀ MÁY THỦY ĐIỆN RY NINH II
1024,banra,1,1435185.00,2025-09-23 17:00:00,CÔNG TY TNHH MỘT THÀNH VIÊN HUY VŨ,CÔNG TY TNHH THƯƠNG MẠI VÀ SẢN XUẤT TRUNG NAM
1025,banra,1,170833333.00,2025-09-23 17:00:00,CÔNG TY TNHH MỘT THÀNH VIÊN HUY VŨ,CÔNG TY TNHH ĐIỆN TỬ TIN HỌC KIM PHÁT
1026,banra,1,1018519.00,2025-09-23 17:00:00,CÔNG TY TNHH MỘT THÀNH VIÊN HUY VŨ,HỘ KINH DOANH VĂN PHÒNG PHẨM THẢO KHANG
1027,banra,1,712964.00,2025-09-23 17:00:00,CÔNG TY TNHH MỘT THÀNH VIÊN HUY VŨ,CÔNG TY TNHH IN ẤN THIÊN HÀ
1028,banra,1,601852.00,2025-09-23 17:00:00,CÔNG TY TNHH MỘT THÀNH VIÊN HUY VŨ,CÔNG TY TNHH MỘT THÀNH VIÊN LONG TRỌNG GIA LAI
1029,banra,1,4000000.00,2025-09-23 17:00:00,CÔNG TY TNHH MỘT THÀNH VIÊN HUY VŨ,CÔNG TY TNHH TIN HỌC QUANG ANH GL
1030,banra,1,23861111.00,2025-09-23 17:00:00,CÔNG TY TNHH MỘT THÀNH VIÊN HUY VŨ,CHI NHÁNH GIA LAI - CÔNG TY TNHH MỘT THÀNH VIÊN CÀ PHÊ 15
1031,banra,1,4157407.00,2025-09-23 17:00:00,CÔNG TY TNHH MỘT THÀNH VIÊN HUY VŨ,CÔNG TY TNHH XÂY DỰNG TRƯỜNG PHÁT LỢI
1020,banra,1,231482.00,2025-09-22 17:00:00,CÔNG TY TNHH MỘT THÀNH VIÊN HUY VŨ,Trung tâm Giống Nông nghiệp
1021,banra,1,15000000.00,2025-09-22 17:00:00,CÔNG TY TNHH MỘT THÀNH VIÊN HUY VŨ,CÔNG TY CỔ PHẦN CÀ PHÊ GIA LAI
1022,banra,1,3416667.00,2025-09-22 17:00:00,CÔNG TY TNHH MỘT THÀNH VIÊN HUY VŨ,CÔNG TY TNHH MTV TRIỆU QUÝ
1014,banra,1,13888889.00,2025-09-21 17:00:00,CÔNG TY TNHH MỘT THÀNH VIÊN HUY VŨ,Trường THCS Phạm Hồng Thái
1015,banra,1,361111.00,2025-09-21 17:00:00,CÔNG TY TNHH MỘT THÀNH VIÊN HUY VŨ,TRƯỜNG TRUNG HỌC CƠ SỞ ANH HÙNG WỪU
1016,banra,1,2361111.00,2025-09-21 17:00:00,CÔNG TY TNHH MỘT THÀNH VIÊN HUY VŨ,Phòng giao dịch Ngân hàng Chính sách xã hội Pleiku
1017,banra,1,5546296.00,2025-09-21 17:00:00,CÔNG TY TNHH MỘT THÀNH VIÊN HUY VŨ,CÔNG TY TNHH TƯ VẤN HOÀNG SƠN LAWFIRM
1018,banra,1,268519.00,2025-09-21 17:00:00,CÔNG TY TNHH MỘT THÀNH VIÊN HUY VŨ,THƯ VIỆN PLEIKU
1019,banra,1,4212963.00,2025-09-21 17:00:00,CÔNG TY TNHH MỘT THÀNH VIÊN HUY VŨ,CÔNG TY TRÁCH NHIỆM HỮU HẠN MỘT THÀNH VIÊN XĂNG DẦU BẮC TÂY NGUYÊN
1013,banra,1,268518.00,2025-09-20 17:00:00,CÔNG TY TNHH MỘT THÀNH VIÊN HUY VŨ,CÔNG TY TNHH MỘT THÀNH VIÊN XÂY DỰNG PHONG HẢI GIA LAI
1012,banra,1,154259259.00,2025-09-19 17:00:00,CÔNG TY TNHH MỘT THÀNH VIÊN HUY VŨ,CÔNG TY TNHH MỘT THÀNH VIÊN ĐIỆN TỬ TIN HỌC NGUYỄN DƯƠNG
1008,banra,1,330000.00,2025-09-18 17:00:00,CÔNG TY TNHH MỘT THÀNH VIÊN HUY VŨ,CÔNG TY CỔ PHẦN THỦY ĐIỆN HOÀNG ANH TÔNA
1009,banra,1,2888888.00,2025-09-18 17:00:00,CÔNG TY TNHH MỘT THÀNH VIÊN HUY VŨ,BINH ĐOÀN 15
1010,banra,1,19018519.00,2025-09-18 17:00:00,CÔNG TY TNHH MỘT THÀNH VIÊN HUY VŨ,CÔNG TY TNHH MỘT THÀNH VIÊN NGA HIỆP ­ GIA LAI
1011,banra,1,200000.00,2025-09-18 17:00:00,CÔNG TY TNHH MỘT THÀNH VIÊN HUY VŨ,HỘ KINH DOANH MÁY VĂN PHÒNG PHƯƠNG NAM
1000,banra,1,1712963.00,2025-09-17 17:00:00,CÔNG TY TNHH MỘT THÀNH VIÊN HUY VŨ,CÔNG TY TNHH VĨNH HIỆP
1001,banra,1,388889.00,2025-09-17 17:00:00,CÔNG TY TNHH MỘT THÀNH VIÊN HUY VŨ,CÔNG TY TNHH ANH QUÂN
1002,banra,1,9259259.00,2025-09-17 17:00:00,CÔNG TY TNHH MỘT THÀNH VIÊN HUY VŨ,CÔNG TY TNHH MỘT THÀNH VIÊN TỔNG CÔNG TY 15 - CHI NHÁNH CÔNG TY 75
1003,banra,1,92593.00,2025-09-17 17:00:00,CÔNG TY TNHH MỘT THÀNH VIÊN HUY VŨ,BAN QUẢN LÝ RỪNG PHÒNG HỘ HÀ RA
1004,banra,1,740741.00,2025-09-17 17:00:00,CÔNG TY TNHH MỘT THÀNH VIÊN HUY VŨ,CÔNG TY BẢO VIỆT GIA LAI
1005,banra,1,3194444.00,2025-09-17 17:00:00,CÔNG TY TNHH MỘT THÀNH VIÊN HUY VŨ,VĂN PHÒNG ĐẢNG ỦY PHƯỜNG PLEIKU
1006,banra,1,4796296.00,2025-09-17 17:00:00,CÔNG TY TNHH MỘT THÀNH VIÊN HUY VŨ,PHÒNG HẬU CẦN KỸ THUẬT LỮ ĐOÀN 40 - QUÂN ĐOÀN 34
1007,banra,1,4629630.00,2025-09-17 17:00:00,CÔNG TY TNHH MỘT THÀNH VIÊN HUY VŨ,TRUNG TÂM BẢO ĐẢM KỸ THUẬT - LỮ ĐOÀN 132 - BINH CHỦNG THÔNG TIN LIÊN LẠC
992,banra,1,2629630.00,2025-09-17 17:00:00,CÔNG TY TNHH MỘT THÀNH VIÊN HUY VŨ,Phòng giao dịch Ngân hàng Chính sách xã hội Pleiku
993,banra,1,22120370.00,2025-09-17 17:00:00,CÔNG TY TNHH MỘT THÀNH VIÊN HUY VŨ,Ban Chỉ Huy Phòng Thủ Khu Vực 2 - Đak pơ
978,banra,1,33333333.00,2025-09-14 17:00:00,CÔNG TY TNHH MỘT THÀNH VIÊN HUY VŨ,Ban Chỉ Huy Phòng Thủ Khu Vực 2 - Đak pơ
994,banra,1,138889.00,2025-09-17 17:00:00,CÔNG TY TNHH MỘT THÀNH VIÊN HUY VŨ,CÔNG TY CỔ PHẦN NÔNG NGHIỆP TRƯỜNG HẢI
995,banra,1,330000.00,2025-09-17 17:00:00,CÔNG TY TNHH MỘT THÀNH VIÊN HUY VŨ,Ban Chỉ Huy Phòng Thủ Khu Vực 2 - Đak pơ
996,banra,1,18518519.00,2025-09-17 17:00:00,CÔNG TY TNHH MỘT THÀNH VIÊN HUY VŨ,CÔNG TY TNHH ĐIỆN TỬ TIN HỌC KIM PHÁT
997,banra,1,277778.00,2025-09-17 17:00:00,CÔNG TY TNHH MỘT THÀNH VIÊN HUY VŨ,CÔNG TY TNHH MỘT THÀNH VIÊN XÂY DỰNG PHONG HẢI GIA LAI
998,banra,1,3203704.00,2025-09-17 17:00:00,CÔNG TY TNHH MỘT THÀNH VIÊN HUY VŨ,HỘ KINH DOANH MÁY VĂN PHÒNG PHƯƠNG NAM
999,banra,1,14014815.00,2025-09-17 17:00:00,CÔNG TY TNHH MỘT THÀNH VIÊN HUY VŨ,Trung tâm KĐĐD T265
990,banra,1,2450000.00,2025-09-16 17:00:00,CÔNG TY TNHH MỘT THÀNH VIÊN HUY VŨ,VĂN PHÒNG ĐĂNG KÝ ĐẤT ĐAI
991,banra,1,18472222.00,2025-09-16 17:00:00,CÔNG TY TNHH MỘT THÀNH VIÊN HUY VŨ,CÔNG TY TRÁCH NHIỆM HỮU HẠN MỘT THÀNH VIÊN XĂNG DẦU BẮC TÂY NGUYÊN
983,banra,1,2268519.00,2025-09-15 17:00:00,CÔNG TY TNHH MỘT THÀNH VIÊN HUY VŨ,CÔNG TY TNHH QUỐC DUY GIA LAI
984,banra,1,11009259.00,2025-09-15 17:00:00,CÔNG TY TNHH MỘT THÀNH VIÊN HUY VŨ,TRƯỜNG THCS NGUYỄN HUỆ
985,banra,1,453704.00,2025-09-15 17:00:00,CÔNG TY TNHH MỘT THÀNH VIÊN HUY VŨ,CÔNG TY TNHH MỘT THÀNH VIÊN TƯ VẤN ĐỊA CHẤT-MÔI TRƯỜNG DUY NHÂN TÂY NGUYÊN
986,banra,1,3157408.00,2025-09-15 17:00:00,CÔNG TY TNHH MỘT THÀNH VIÊN HUY VŨ,VIỆN KIỂM SÁT NHÂN DÂN KHU VỰC 10 - GIA LAI
987,banra,1,1268519.00,2025-09-15 17:00:00,CÔNG TY TNHH MỘT THÀNH VIÊN HUY VŨ,HỘ KINH DOANH PHAN VĂN MINH
988,banra,1,22129630.00,2025-09-15 17:00:00,CÔNG TY TNHH MỘT THÀNH VIÊN HUY VŨ,CÔNG TY TNHH ĐIỆN TỬ TIN HỌC KIM PHÁT
989,banra,1,5175926.00,2025-09-15 17:00:00,CÔNG TY TNHH MỘT THÀNH VIÊN HUY VŨ,CÔNG TY TNHH XÂY DỰNG DUY DŨNG GIA LAI
976,banra,1,1552778.00,2025-09-14 17:00:00,CÔNG TY TNHH MỘT THÀNH VIÊN HUY VŨ,TIỂU ĐOÀN 86 - LỮ ĐOÀN 132 - BINH CHỦNG THÔNG TIN LIÊN LẠC
977,banra,1,2120370.00,2025-09-14 17:00:00,CÔNG TY TNHH MỘT THÀNH VIÊN HUY VŨ,CÔNG TY CỔ PHẦN GIA LÂM
979,banra,1,11564815.00,2025-09-14 17:00:00,CÔNG TY TNHH MỘT THÀNH VIÊN HUY VŨ,CÔNG TY TNHH VĨNH TÍN
980,banra,1,8629630.00,2025-09-14 17:00:00,CÔNG TY TNHH MỘT THÀNH VIÊN HUY VŨ,CÔNG TY TRÁCH NHIỆM HỮU HẠN NHẬT MINH
981,banra,1,972222.00,2025-09-14 17:00:00,CÔNG TY TNHH MỘT THÀNH VIÊN HUY VŨ,CÔNG TY TNHH TƯ VẤN THIẾT KẾ XÂY DỰNG NGÂN PHÁT - GIA LAI
982,banra,1,1527778.00,2025-09-14 17:00:00,CÔNG TY TNHH MỘT THÀNH VIÊN HUY VŨ,CÔNG TY TNHH MTV LÂM NGHIỆP KONG H'DE
975,banra,1,453703.00,2025-09-13 17:00:00,CÔNG TY TNHH MỘT THÀNH VIÊN HUY VŨ,TRUNG TÂM THIẾT BỊ TIN HỌC ĐIỆN TỬ VIỄN THÔNG VÀ NỘI THẤT HỢP NHẤT
962,banra,1,1453704.00,2025-09-11 17:00:00,CÔNG TY TNHH MỘT THÀNH VIÊN HUY VŨ,CỤM 2287 - BTM - QUÂN KHU 5
963,banra,1,9750000.00,2025-09-11 17:00:00,CÔNG TY TNHH MỘT THÀNH VIÊN HUY VŨ,TIỂU ĐOÀN 86 - LỮ ĐOÀN 132 - BINH CHỦNG THÔNG TIN LIÊN LẠC
964,banra,1,4398148.00,2025-09-11 17:00:00,CÔNG TY TNHH MỘT THÀNH VIÊN HUY VŨ,CÔNG TY TNHH MTV UYÊN MINH GIA LAI
965,banra,1,925926.00,2025-09-11 17:00:00,CÔNG TY TNHH MỘT THÀNH VIÊN HUY VŨ,TIỂU ĐOÀN 86 - LỮ ĐOÀN 132 - BINH CHỦNG THÔNG TIN LIÊN LẠC
966,banra,1,2175926.00,2025-09-11 17:00:00,CÔNG TY TNHH MỘT THÀNH VIÊN HUY VŨ,CÔNG TY TNHH THƯƠNG MẠI DỊCH VỤ NGỌC NAM GIA LAI
967,banra,1,2768519.00,2025-09-11 17:00:00,CÔNG TY TNHH MỘT THÀNH VIÊN HUY VŨ,CÔNG TY TNHH MỘT THÀNH VIÊN TÍN DỤNG GIA LAI
968,banra,1,6666667.00,2025-09-11 17:00:00,CÔNG TY TNHH MỘT THÀNH VIÊN HUY VŨ,CÔNG TY TNHH MỘT THÀNH VIÊN HƯỜNG PHƯỢNG GIA LAI
969,banra,1,13888889.00,2025-09-11 17:00:00,CÔNG TY TNHH MỘT THÀNH VIÊN HUY VŨ,TRƯỜNG THCS TRẦN PHÚ
970,banra,1,200000.00,2025-09-11 17:00:00,CÔNG TY TNHH MỘT THÀNH VIÊN HUY VŨ,HỘ KINH DOANH MÁY VĂN PHÒNG PHƯƠNG NAM
971,banra,1,2861111.00,2025-09-11 17:00:00,CÔNG TY TNHH MỘT THÀNH VIÊN HUY VŨ,CÔNG TY CỔ PHẦN ĐẠI HOÀNG THỦY
972,banra,1,5694445.00,2025-09-11 17:00:00,CÔNG TY TNHH MỘT THÀNH VIÊN HUY VŨ,HỘ KINH DOANH MÁY VĂN PHÒNG PHƯƠNG NAM
973,banra,1,2953704.00,2025-09-11 17:00:00,CÔNG TY TNHH MỘT THÀNH VIÊN HUY VŨ,LỮ ĐOÀN 132 - BINH CHỦNG THÔNG TIN LIÊN LẠC
974,banra,1,601852.00,2025-09-11 17:00:00,CÔNG TY TNHH MỘT THÀNH VIÊN HUY VŨ,CỬA HÀNG MÁY VĂN PHÒNG HBT
955,banra,1,601852.00,2025-09-10 17:00:00,CÔNG TY TNHH MỘT THÀNH VIÊN HUY VŨ,CÔNG TY TRÁCH NHIỆM HỮU HẠN MỘT THÀNH VIÊN XĂNG DẦU BẮC TÂY NGUYÊN
956,banra,1,3009259.00,2025-09-10 17:00:00,CÔNG TY TNHH MỘT THÀNH VIÊN HUY VŨ,CÔNG TY CỔ PHẦN DỊCH VỤ PLEIKU TOURIST
957,banra,1,4490741.00,2025-09-10 17:00:00,CÔNG TY TNHH MỘT THÀNH VIÊN HUY VŨ,TRƯỜNG TIỂU HỌC NGUYỄN DU
958,banra,1,1740741.00,2025-09-10 17:00:00,CÔNG TY TNHH MỘT THÀNH VIÊN HUY VŨ,CÔNG TY TNHH MỘT THÀNH VIÊN THIẾT KẾ XÂY DỰNG KIẾN XANH GIA LAI
959,banra,1,736111.00,2025-09-10 17:00:00,CÔNG TY TNHH MỘT THÀNH VIÊN HUY VŨ,CÔNG AN XÃ MANG YANG
960,banra,1,462963.00,2025-09-10 17:00:00,CÔNG TY TNHH MỘT THÀNH VIÊN HUY VŨ,CÔNG TY TNHH GIÁO DỤC QUỐC TẾ VUS
961,banra,1,2490741.00,2025-09-10 17:00:00,CÔNG TY TNHH MỘT THÀNH VIÊN HUY VŨ,TRƯỜNG TIỂU HỌC SỐ 1 ĐAK ĐOA
950,banra,1,138889.00,2025-09-09 17:00:00,CÔNG TY TNHH MỘT THÀNH VIÊN HUY VŨ,CÔNG TY CỔ PHẦN THƯƠNG MẠI VÀ DỊCH VỤ KGT GIA LAI
951,banra,1,12592593.00,2025-09-09 17:00:00,CÔNG TY TNHH MỘT THÀNH VIÊN HUY VŨ,XÍ NGHIỆP KHẢO SÁT THIẾT KẾ - CHI NHÁNH TỔNG CÔNG TY 15
952,banra,1,2037037.00,2025-09-09 17:00:00,CÔNG TY TNHH MỘT THÀNH VIÊN HUY VŨ,TRƯỜNG TH & THCS NGUYỄN ĐÌNH CHIỂU
953,banra,1,15453704.00,2025-09-09 17:00:00,CÔNG TY TNHH MỘT THÀNH VIÊN HUY VŨ,CÔNG TY TNHH THƯƠNG MẠI DỊCH VỤ NAM NHIÊN
943,banra,1,4250000.00,2025-09-08 17:00:00,CÔNG TY TNHH MỘT THÀNH VIÊN HUY VŨ,CÔNG TY CỔ PHẦN PHÚ THỊNH KON TUM
944,banra,1,120370.00,2025-09-08 17:00:00,CÔNG TY TNHH MỘT THÀNH VIÊN HUY VŨ,CÔNG TY TRÁCH NHIỆM HỮU HẠN MỘT THÀNH VIÊN TRIỆU HẢI GIA LAI
945,banra,1,972222.00,2025-09-08 17:00:00,CÔNG TY TNHH MỘT THÀNH VIÊN HUY VŨ,CÔNG TY TNHH MỘT THÀNH VIÊN TƯ VẤN XÂY DỰNG TIẾN CƯỜNG GIA LAI
946,banra,1,203704.00,2025-09-08 17:00:00,CÔNG TY TNHH MỘT THÀNH VIÊN HUY VŨ,TỔNG CÔNG TY CỔ PHẦN BƯU CHÍNH VIETTEL
947,banra,1,1185185.00,2025-09-08 17:00:00,CÔNG TY TNHH MỘT THÀNH VIÊN HUY VŨ,CÔNG TY TNHH DỊCH VỤ THUẾ - KẾ TOÁN TFC GIA LAI
948,banra,1,777778.00,2025-09-08 17:00:00,CÔNG TY TNHH MỘT THÀNH VIÊN HUY VŨ,CÔNG TY TNHH THƯƠNG MẠI DƯỢC PHẨM NGHINH PHONG
949,banra,1,1157407.00,2025-09-08 17:00:00,CÔNG TY TNHH MỘT THÀNH VIÊN HUY VŨ,CÔNG TY TNHH BÌNH AN CAO NGUYÊN
937,banra,1,20000000.00,2025-09-07 17:00:00,CÔNG TY TNHH MỘT THÀNH VIÊN HUY VŨ,CÔNG TY PHÁT TRIỂN THỦY ĐIỆN SÊ SAN - CHI NHÁNH TẬP ĐOÀN ĐIỆN LỰC VIỆT NAM
938,banra,1,38101851.00,2025-09-07 17:00:00,CÔNG TY TNHH MỘT THÀNH VIÊN HUY VŨ,CÔNG TY TNHH ĐIỆN TỬ TIN HỌC KIM PHÁT
939,banra,1,1481482.00,2025-09-07 17:00:00,CÔNG TY TNHH MỘT THÀNH VIÊN HUY VŨ,CÔNG TY BẢO VIỆT GIA LAI
940,banra,1,861111.00,2025-09-07 17:00:00,CÔNG TY TNHH MỘT THÀNH VIÊN HUY VŨ,TRUNG TÂM NGHIÊN CỨU  CHUYỂN GIAO KỸ THUẬT TÂY NGUYÊN
941,banra,1,1944444.00,2025-09-07 17:00:00,CÔNG TY TNHH MỘT THÀNH VIÊN HUY VŨ,CÔNG TY TNHH THƯƠNG MẠI VÀ XÂY LẮP ĐIỆN LỘC PHÁT GIA LAI
942,banra,1,115555555.00,2025-09-07 17:00:00,CÔNG TY TNHH MỘT THÀNH VIÊN HUY VŨ,CÔNG TY TNHH MỘT THÀNH VIÊN ĐIỆN TỬ TIN HỌC NGUYỄN DƯƠNG
936,banra,1,1574075.00,2025-09-06 17:00:00,CÔNG TY TNHH MỘT THÀNH VIÊN HUY VŨ,HỘ KINH DOANH PHAN VĂN MINH
933,banra,1,25370370.00,2025-09-05 17:00:00,CÔNG TY TNHH MỘT THÀNH VIÊN HUY VŨ,CÔNG TY TNHH ĐIỆN TỬ TIN HỌC KIM PHÁT
934,banra,1,925925.00,2025-09-05 17:00:00,CÔNG TY TNHH MỘT THÀNH VIÊN HUY VŨ,BINH ĐOÀN 15
935,banra,1,5361111.00,2025-09-05 17:00:00,CÔNG TY TNHH MỘT THÀNH VIÊN HUY VŨ,HỘ KINH DOANH MÁY VĂN PHÒNG PHƯƠNG NAM
927,banra,1,3425926.00,2025-09-04 17:00:00,CÔNG TY TNHH MỘT THÀNH VIÊN HUY VŨ,XƯỞNG 340 - QUÂN KHU 5
928,banra,1,2546296.00,2025-09-04 17:00:00,CÔNG TY TNHH MỘT THÀNH VIÊN HUY VŨ,VĂN PHÒNG HỘI ĐỒNG NHÂN DÂN VÀ ỦY BAN NHÂN DÂN PHƯỜNG PLEIKU
929,banra,1,1287037.00,2025-09-04 17:00:00,CÔNG TY TNHH MỘT THÀNH VIÊN HUY VŨ,XƯỞNG 340 - QUÂN KHU 5
930,banra,1,2120370.00,2025-09-04 17:00:00,CÔNG TY TNHH MỘT THÀNH VIÊN HUY VŨ,CÔNG TY TNHH PHÁT TRIỂN KHOA HỌC QUỐC TẾ TRƯỜNG SINH
931,banra,1,231482.00,2025-09-04 17:00:00,CÔNG TY TNHH MỘT THÀNH VIÊN HUY VŨ,BAN QUẢN LÝ RỪNG PHÒNG HỘ HÀ RA
932,banra,1,2314815.00,2025-09-04 17:00:00,CÔNG TY TNHH MỘT THÀNH VIÊN HUY VŨ,CÔNG TY TNHH MTV ĐỒNG TÂN CHƯ SÊ
917,banra,1,185185.00,2025-09-02 17:00:00,CÔNG TY TNHH MỘT THÀNH VIÊN HUY VŨ,CÔNG TY TNHH PHÁT TRIỂN DU LỊCH LA MIA
918,banra,1,185186.00,2025-09-02 17:00:00,CÔNG TY TNHH MỘT THÀNH VIÊN HUY VŨ,CÔNG TY CỔ PHẦN CÀ PHÊ GIA LAI
919,banra,1,972222.00,2025-09-02 17:00:00,CÔNG TY TNHH MỘT THÀNH VIÊN HUY VŨ,Công ty TNHH Hexogon Việt Nam
920,banra,1,7120370.00,2025-09-02 17:00:00,CÔNG TY TNHH MỘT THÀNH VIÊN HUY VŨ,CÔNG TY TNHH CÔNG NGHỆ KP
921,banra,1,1703704.00,2025-09-02 17:00:00,CÔNG TY TNHH MỘT THÀNH VIÊN HUY VŨ,CÔNG TY TNHH TIN HỌC QUANG ANH GL
922,banra,1,3416667.00,2025-09-02 17:00:00,CÔNG TY TNHH MỘT THÀNH VIÊN HUY VŨ,CÔNG TY CỔ PHẦN BOT VÀ BT ĐỨC LONG GIA LAI
923,banra,1,1805555.00,2025-09-02 17:00:00,CÔNG TY TNHH MỘT THÀNH VIÊN HUY VŨ,Công Ty TNHH MTV PTNN Đại Thắng ( MST : 838051843-900 )
912,banra,1,1842593.00,2025-08-31 17:00:00,CÔNG TY TNHH MỘT THÀNH VIÊN HUY VŨ,CÔNG TY TNHH MỘT THÀNH VIÊN THU TRÂM GIA LAI
913,banra,1,4250000.00,2025-08-31 17:00:00,CÔNG TY TNHH MỘT THÀNH VIÊN HUY VŨ,CÔNG TY TNHH THƯƠNG MẠI SƠN LÂM GIA LAI
914,banra,1,1009259.00,2025-08-31 17:00:00,CÔNG TY TNHH MỘT THÀNH VIÊN HUY VŨ,CÔNG TY TNHH MỘT THÀNH VIÊN XÂY DỰNG HẢI NGÂN GIA LAI
1236,banra,1,537037.00,2025-10-30 17:00:00,CÔNG TY TNHH MỘT THÀNH VIÊN HUY VŨ,CÔNG TY TRÁCH NHIỆM HỮU HẠN MỘT THÀNH VIÊN CAO SU CHƯ PĂH
1237,banra,1,1222222.00,2025-10-30 17:00:00,CÔNG TY TNHH MỘT THÀNH VIÊN HUY VŨ,TRƯỜNG THCS TRẦN PHÚ
1238,banra,1,18518519.00,2025-10-30 17:00:00,CÔNG TY TNHH MỘT THÀNH VIÊN HUY VŨ,TRƯỜNG TH & THCS NGUYỄN DU
1239,banra,1,4453704.00,2025-10-30 17:00:00,CÔNG TY TNHH MỘT THÀNH VIÊN HUY VŨ,CÔNG AN XÃ BÀU CẠN
1240,banra,1,509260.00,2025-10-30 17:00:00,CÔNG TY TNHH MỘT THÀNH VIÊN HUY VŨ,CÔNG TY TNHH MỘT THÀNH VIÊN THÙY DƯƠNG
1231,banra,1,8333333.00,2025-10-29 17:00:00,CÔNG TY TNHH MỘT THÀNH VIÊN HUY VŨ,NGÂN HÀNG THƯƠNG MẠI CỔ PHẦN ĐẦU TƯ VÀ PHÁT TRIỂN VIỆT NAM - CHI NHÁNH NAM GIA LAI
1232,banra,1,8796296.00,2025-10-29 17:00:00,CÔNG TY TNHH MỘT THÀNH VIÊN HUY VŨ,NGÂN HÀNG THƯƠNG MẠI CỔ PHẦN ĐẦU TƯ VÀ PHÁT TRIỂN VIỆT NAM - CHI NHÁNH NAM GIA LAI
1233,banra,1,19194445.00,2025-10-29 17:00:00,CÔNG TY TNHH MỘT THÀNH VIÊN HUY VŨ,CÔNG TY TNHH MỘT THÀNH VIÊN TỔNG CÔNG TY 15 - CHI NHÁNH CÔNG TY 75
1234,banra,1,2435185.00,2025-10-29 17:00:00,CÔNG TY TNHH MỘT THÀNH VIÊN HUY VŨ,CÔNG TY TNHH VĨNH HIỆP
1235,banra,1,1527778.00,2025-10-29 17:00:00,CÔNG TY TNHH MỘT THÀNH VIÊN HUY VŨ,CÔNG TY TNHH MỘT THÀNH VIÊN ĐỨC HẢI
1223,banra,1,18046296.00,2025-10-28 17:00:00,CÔNG TY TNHH MỘT THÀNH VIÊN HUY VŨ,CÔNG AN TỈNH GIA LAI
1224,banra,1,17111111.00,2025-10-28 17:00:00,CÔNG TY TNHH MỘT THÀNH VIÊN HUY VŨ,CÔNG TY TNHH MỘT THÀNH VIÊN TÂN ĐỨC HẢI GIA LAI
1225,banra,1,1009259.00,2025-10-28 17:00:00,CÔNG TY TNHH MỘT THÀNH VIÊN HUY VŨ,CÔNG TY CỔ PHẦN AN NÔNG AGRITECH
1226,banra,1,416667.00,2025-10-28 17:00:00,CÔNG TY TNHH MỘT THÀNH VIÊN HUY VŨ,CÔNG TY CỔ PHẦN BỆNH VIỆN ĐẠI HỌC Y DƯỢC - HOÀNG ANH GIA LAI
1227,banra,1,15740741.00,2025-10-28 17:00:00,CÔNG TY TNHH MỘT THÀNH VIÊN HUY VŨ,
1228,banra,1,26851852.00,2025-10-28 17:00:00,CÔNG TY TNHH MỘT THÀNH VIÊN HUY VŨ,BAN CHỈ HUY BỘ ĐỘI BIÊN PHÒNG TỈNH GIA LAI
1229,banra,1,259260.00,2025-10-28 17:00:00,CÔNG TY TNHH MỘT THÀNH VIÊN HUY VŨ,CÔNG TY TNHH MỘT THÀNH VIÊN ĐỨC HẢI
1230,banra,1,2453704.00,2025-10-28 17:00:00,CÔNG TY TNHH MỘT THÀNH VIÊN HUY VŨ,CÔNG TY TNHH MỘT THÀNH VIÊN NGUYÊN THƯỢNG
1212,banra,1,43203704.00,2025-10-27 17:00:00,CÔNG TY TNHH MỘT THÀNH VIÊN HUY VŨ,PHÒNG CẢNH SÁT GIAO THÔNG - CÔNG AN TỈNH GIA LAI
1213,banra,1,6935185.00,2025-10-27 17:00:00,CÔNG TY TNHH MỘT THÀNH VIÊN HUY VŨ,CÔNG TY CỔ PHẦN CAO SU CHƯ PRÔNG - STUNGTRENG
1214,banra,1,670000.00,2025-10-27 17:00:00,CÔNG TY TNHH MỘT THÀNH VIÊN HUY VŨ,CÔNG TY TRÁCH NHIỆM HỮU HẠN THỦY ĐIỆN TÂY NGUYÊN
1215,banra,1,462963.00,2025-10-27 17:00:00,CÔNG TY TNHH MỘT THÀNH VIÊN HUY VŨ,CÔNG TY CỔ PHẦN AN NÔNG AGRITECH
1216,banra,1,361111.00,2025-10-27 17:00:00,CÔNG TY TNHH MỘT THÀNH VIÊN HUY VŨ,HỘ KINH DOANH TRẦN THANH THUỶ
1217,banra,1,231482.00,2025-10-27 17:00:00,CÔNG TY TNHH MỘT THÀNH VIÊN HUY VŨ,CHI NHÁNH CÔNG TY TNHH OLAM TẠI PLEIKU
1218,banra,1,46231482.00,2025-10-27 17:00:00,CÔNG TY TNHH MỘT THÀNH VIÊN HUY VŨ,Công ty Thuỷ Điện Ialy - CHI NHÁNH TẬP ĐOÀN ĐIỆN LỰC VIỆT NAM
1219,banra,1,7268519.00,2025-10-27 17:00:00,CÔNG TY TNHH MỘT THÀNH VIÊN HUY VŨ,CÔNG TY TNHH XD VÀ SX THIẾT BỊ ĐIỆN GIA LAI
1220,banra,1,6777778.00,2025-10-27 17:00:00,CÔNG TY TNHH MỘT THÀNH VIÊN HUY VŨ,CÔNG TY TNHH THƯƠNG MẠI DỊCH VỤ M-PROTECH
1221,banra,1,10833333.00,2025-10-27 17:00:00,CÔNG TY TNHH MỘT THÀNH VIÊN HUY VŨ,TRƯỜNG TH & THCS NGUYỄN ĐÌNH CHIỂU
1222,banra,1,11574074.00,2025-10-27 17:00:00,CÔNG TY TNHH MỘT THÀNH VIÊN HUY VŨ,CÔNG TY TNHH TƯ VẤN THIẾT KẾ XÂY DỰNG SÊ SAN
1210,banra,1,4398148.00,2025-10-26 17:00:00,CÔNG TY TNHH MỘT THÀNH VIÊN HUY VŨ,CÔNG TY TNHH MTV ANH KHÔI TN
1211,banra,1,5546296.00,2025-10-26 17:00:00,CÔNG TY TNHH MỘT THÀNH VIÊN HUY VŨ,CÔNG TY TNHH XÂY DỰNG CÔNG TRÌNH VIỄN THÔNG NGỌC THÀNH
1209,banra,1,1379630.00,2025-10-25 17:00:00,CÔNG TY TNHH MỘT THÀNH VIÊN HUY VŨ,CÔNG TY TNHH MỘT THÀNH VIÊN HBT COMPUTER
1203,banra,1,925926.00,2025-10-24 17:00:00,CÔNG TY TNHH MỘT THÀNH VIÊN HUY VŨ,CÔNG TY TNHH HƯNG THẮNG LỢI GIA LAI
1204,banra,1,1462963.00,2025-10-24 17:00:00,CÔNG TY TNHH MỘT THÀNH VIÊN HUY VŨ,BAN QUẢN LÝ RỪNG PHÒNG HỘ ĐAK ĐOA
1205,banra,1,2777778.00,2025-10-24 17:00:00,CÔNG TY TNHH MỘT THÀNH VIÊN HUY VŨ,TIỂU ĐOÀN 86 - LỮ ĐOÀN 132 - BINH CHỦNG THÔNG TIN LIÊN LẠC
1206,banra,1,4120370.00,2025-10-24 17:00:00,CÔNG TY TNHH MỘT THÀNH VIÊN HUY VŨ,CÔNG TY TNHH MỘT THÀNH VIÊN HBT COMPUTER
1207,banra,1,15731482.00,2025-10-24 17:00:00,CÔNG TY TNHH MỘT THÀNH VIÊN HUY VŨ,CÔNG TY TNHH TRANG THIẾT BỊ Y TẾ HOÀNG KIM PHÁT GIA LAI
1208,banra,1,1388889.00,2025-10-24 17:00:00,CÔNG TY TNHH MỘT THÀNH VIÊN HUY VŨ,CÔNG TY TNHH MỘT THÀNH VIÊN CÀ PHÊ 15
1194,banra,1,407407.00,2025-10-23 17:00:00,CÔNG TY TNHH MỘT THÀNH VIÊN HUY VŨ,VĂN PHÒNG ĐẢNG ỦY PHƯỜNG PLEIKU
1195,banra,1,29444444.00,2025-10-23 17:00:00,CÔNG TY TNHH MỘT THÀNH VIÊN HUY VŨ,BAN CHỈ HUY BỘ ĐỘI BIÊN PHÒNG TỈNH GIA LAI
1196,banra,1,2768519.00,2025-10-23 17:00:00,CÔNG TY TNHH MỘT THÀNH VIÊN HUY VŨ,CÔNG TY TRÁCH NHIỆM HỮU HẠN THỦY ĐIỆN TÂY NGUYÊN
1197,banra,1,902778.00,2025-10-23 17:00:00,CÔNG TY TNHH MỘT THÀNH VIÊN HUY VŨ,TRUNG TÂM THIẾT BỊ MÁY VĂN PHÒNG TÂN MINH
1198,banra,1,629630.00,2025-10-23 17:00:00,CÔNG TY TNHH MỘT THÀNH VIÊN HUY VŨ,CÔNG TY TRÁCH NHIỆM HỮU HẠN MỘT THÀNH VIÊN HÙNG TUYẾN GIA LAI
1199,banra,1,9259259.00,2025-10-23 17:00:00,CÔNG TY TNHH MỘT THÀNH VIÊN HUY VŨ,TIỂU ĐOÀN 86 - LỮ ĐOÀN 132 - BINH CHỦNG THÔNG TIN LIÊN LẠC
1200,banra,1,3796296.00,2025-10-23 17:00:00,CÔNG TY TNHH MỘT THÀNH VIÊN HUY VŨ,CẢNG HÀNG KHÔNG PLEIKU - CHI NHÁNH TỔNG CÔNG TY CẢNG HÀNG KHÔNG VIỆT NAM - CTCP
1201,banra,1,759259.00,2025-10-23 17:00:00,CÔNG TY TNHH MỘT THÀNH VIÊN HUY VŨ,TRƯỜNG PTDT BÁN TRÚ THCS TRẦN KIÊN
1202,banra,1,5814815.00,2025-10-23 17:00:00,CÔNG TY TNHH MỘT THÀNH VIÊN HUY VŨ,CHI NHÁNH 716 THUỘC TỔNG CÔNG TY 15
1183,banra,1,2490741.00,2025-10-22 17:00:00,CÔNG TY TNHH MỘT THÀNH VIÊN HUY VŨ,CÔNG TY TNHH MỘT THÀNH VIÊN XÂY DỰNG PHONG HẢI GIA LAI
1184,banra,1,500000.00,2025-10-22 17:00:00,CÔNG TY TNHH MỘT THÀNH VIÊN HUY VŨ,CÔNG TY TNHH MỘT THÀNH VIÊN TKM MIỀN TRUNG
1185,banra,1,4398148.00,2025-10-22 17:00:00,CÔNG TY TNHH MỘT THÀNH VIÊN HUY VŨ,Công ty cổ phần đầu tư xây dựng thủy điện Đức Tài
1186,banra,1,10203704.00,2025-10-22 17:00:00,CÔNG TY TNHH MỘT THÀNH VIÊN HUY VŨ,CÔNG TY CỔ PHẦN HOÀNG ANH GIA LAI
1187,banra,1,2953704.00,2025-10-22 17:00:00,CÔNG TY TNHH MỘT THÀNH VIÊN HUY VŨ,CÔNG TY TNHH AGROTECH AYUN PA
1188,banra,1,138889.00,2025-10-22 17:00:00,CÔNG TY TNHH MỘT THÀNH VIÊN HUY VŨ,CÔNG TY CỔ PHẦN BỆNH VIỆN ĐẠI HỌC Y DƯỢC - HOÀNG ANH GIA LAI
1189,banra,1,120370.00,2025-10-22 17:00:00,CÔNG TY TNHH MỘT THÀNH VIÊN HUY VŨ,Chi nhánh công ty TNHH Lotteria Việt Nam tại Gia Lai
1190,banra,1,1574074.00,2025-10-22 17:00:00,CÔNG TY TNHH MỘT THÀNH VIÊN HUY VŨ,TRƯỜNG TIỂU HỌC NGUYỄN BỈNH KHIÊM
1191,banra,1,324074.00,2025-10-22 17:00:00,CÔNG TY TNHH MỘT THÀNH VIÊN HUY VŨ,CHI NHÁNH CÔNG TY CỔ PHẦN TỔNG CÔNG TY SÔNG GIANH TẠI GIA LAI
1192,banra,1,592592.00,2025-10-22 17:00:00,CÔNG TY TNHH MỘT THÀNH VIÊN HUY VŨ,CÔNG TY TNHH TÂY BẮC GIA LAI
1193,banra,1,89500000.00,2025-10-22 17:00:00,CÔNG TY TNHH MỘT THÀNH VIÊN HUY VŨ,CÔNG TY TNHH TIN HỌC QUANG ANH GL
1181,banra,1,509259.00,2025-10-21 17:00:00,CÔNG TY TNHH MỘT THÀNH VIÊN HUY VŨ,CÔNG TY TRÁCH NHIỆM HỮU HẠN ĐÌNH PHÚC
1182,banra,1,12546296.00,2025-10-21 17:00:00,CÔNG TY TNHH MỘT THÀNH VIÊN HUY VŨ,CÔNG TY TNHH ĐIỆN TỬ TIN HỌC KIM PHÁT
1179,banra,1,28259260.00,2025-10-20 17:00:00,CÔNG TY TNHH MỘT THÀNH VIÊN HUY VŨ,CHI NHÁNH CÔNG TY TNHH MỘT THÀNH VIÊN CAO SU CHƯ PRÔNG - TRUNG TÂM Y TẾ
1180,banra,1,1620370.00,2025-10-20 17:00:00,CÔNG TY TNHH MỘT THÀNH VIÊN HUY VŨ,CÔNG TY CỔ PHẦN DỊCH VỤ PLEIKU TOURIST
1178,banra,1,138889.00,2025-10-18 17:00:00,CÔNG TY TNHH MỘT THÀNH VIÊN HUY VŨ,CÔNG TY TNHH GIÁO DỤC QUỐC TẾ VUS
1176,banra,1,314815.00,2025-10-17 17:00:00,CÔNG TY TNHH MỘT THÀNH VIÊN HUY VŨ,CÔNG TY CỔ PHẦN CHANH LEO NAFOODS
1177,banra,1,20759259.00,2025-10-17 17:00:00,CÔNG TY TNHH MỘT THÀNH VIÊN HUY VŨ,CÔNG TY TNHH TIN HỌC QUANG ANH GL
1167,banra,1,1157407.00,2025-10-16 17:00:00,CÔNG TY TNHH MỘT THÀNH VIÊN HUY VŨ,Phòng Kinh Tế Xã Đak Sơmei
1168,banra,1,3416667.00,2025-10-16 17:00:00,CÔNG TY TNHH MỘT THÀNH VIÊN HUY VŨ,CÔNG TY TNHH MỘT THÀNH VIÊN MAI DŨNG
1169,banra,1,759259.00,2025-10-16 17:00:00,CÔNG TY TNHH MỘT THÀNH VIÊN HUY VŨ,CÔNG TY TNHH HƯNG THẮNG LỢI GIA LAI
1170,banra,1,1299074.00,2025-10-16 17:00:00,CÔNG TY TNHH MỘT THÀNH VIÊN HUY VŨ,LỮ ĐOÀN 132 - BINH CHỦNG THÔNG TIN LIÊN LẠC
1171,banra,1,1250000.00,2025-10-16 17:00:00,CÔNG TY TNHH MỘT THÀNH VIÊN HUY VŨ,CÔNG TY TNHH MỘT THÀNH VIÊN 715
1172,banra,1,138889.00,2025-10-16 17:00:00,CÔNG TY TNHH MỘT THÀNH VIÊN HUY VŨ,CÔNG TY CỔ PHẦN DU LỊCH GIA LAI
1173,banra,1,1685185.00,2025-10-16 17:00:00,CÔNG TY TNHH MỘT THÀNH VIÊN HUY VŨ,VĂN PHÒNG TỈNH UỶ GIA LAI
1174,banra,1,277778.00,2025-10-16 17:00:00,CÔNG TY TNHH MỘT THÀNH VIÊN HUY VŨ,TỔNG CÔNG TY CỔ PHẦN BẢO HIỂM AAA- CHI NHÁNH GIA LAI
1175,banra,1,1342593.00,2025-10-16 17:00:00,CÔNG TY TNHH MỘT THÀNH VIÊN HUY VŨ,CÔNG TY TNHH MỘT THÀNH VIÊN 715
1160,banra,1,1203704.00,2025-10-15 17:00:00,CÔNG TY TNHH MỘT THÀNH VIÊN HUY VŨ,CÔNG TY TNHH THƯƠNG MẠI DỊCH VỤ THIẾT KẾ AP E&C
1161,banra,1,4500000.00,2025-10-15 17:00:00,CÔNG TY TNHH MỘT THÀNH VIÊN HUY VŨ,CÔNG TY TNHH TIN HỌC QUANG ANH GL
1162,banra,1,601852.00,2025-10-15 17:00:00,CÔNG TY TNHH MỘT THÀNH VIÊN HUY VŨ,CỬA HÀNG MÁY VĂN PHÒNG HBT
1163,banra,1,1990741.00,2025-10-15 17:00:00,CÔNG TY TNHH MỘT THÀNH VIÊN HUY VŨ,CÔNG TY TNHH HƯNG THẮNG LỢI GIA LAI
1164,banra,1,138889.00,2025-10-15 17:00:00,CÔNG TY TNHH MỘT THÀNH VIÊN HUY VŨ,CÔNG TY CỔ PHẦN BỆNH VIỆN ĐẠI HỌC Y DƯỢC - HOÀNG ANH GIA LAI
1165,banra,1,18400000.00,2025-10-15 17:00:00,CÔNG TY TNHH MỘT THÀNH VIÊN HUY VŨ,CÔNG AN XÃ KON CHIÊNG
1166,banra,1,509259.00,2025-10-15 17:00:00,CÔNG TY TNHH MỘT THÀNH VIÊN HUY VŨ,CÔNG TY CỔ PHẦN HIGHLANDS AGRI
1156,banra,1,2037037.00,2025-10-14 17:00:00,CÔNG TY TNHH MỘT THÀNH VIÊN HUY VŨ,CỬA HÀNG MÁY VĂN PHÒNG HBT
1157,banra,1,509259.00,2025-10-14 17:00:00,CÔNG TY TNHH MỘT THÀNH VIÊN HUY VŨ,CHI NHÁNH CÔNG TY TNHH MỘT THÀNH VIÊN CAO SU CHƯ PRÔNG - TRUNG TÂM Y TẾ
1158,banra,1,6842593.00,2025-10-14 17:00:00,CÔNG TY TNHH MỘT THÀNH VIÊN HUY VŨ,VIỆN KIỂM SÁT QUÂN SỰ QUÂN ĐOÀN 34
1159,banra,1,4425926.00,2025-10-14 17:00:00,CÔNG TY TNHH MỘT THÀNH VIÊN HUY VŨ,NGÂN HÀNG NÔNG NGHIỆP VÀ PHÁT TRIỂN NÔNG THÔN VIỆT NAM - CHI NHÁNH PLEIKU GIA LAI
1150,banra,1,4300000.00,2025-10-13 17:00:00,CÔNG TY TNHH MỘT THÀNH VIÊN HUY VŨ,CÔNG TY TNHH TIN HỌC QUANG ANH GL
1151,banra,1,120370.00,2025-10-13 17:00:00,CÔNG TY TNHH MỘT THÀNH VIÊN HUY VŨ,CÔNG TY TNHH GIÁO DỤC QUỐC TẾ VUS
1152,banra,1,18518519.00,2025-10-13 17:00:00,CÔNG TY TNHH MỘT THÀNH VIÊN HUY VŨ,Ban Thông Tin - Phòng Tham Mưu - F320
1153,banra,1,1055556.00,2025-10-13 17:00:00,CÔNG TY TNHH MỘT THÀNH VIÊN HUY VŨ,CÔNG TY CỔ PHẦN HOÀNG ANH GIA LAI
1154,banra,1,34166667.00,2025-10-13 17:00:00,CÔNG TY TNHH MỘT THÀNH VIÊN HUY VŨ,CÔNG TY TNHH MỘT THÀNH VIÊN BẢO HOÀNG
1155,banra,1,8101852.00,2025-10-13 17:00:00,CÔNG TY TNHH MỘT THÀNH VIÊN HUY VŨ,CỤC HẬU CẦN KỸ THUẬT QUÂN ĐOÀN 34
1144,banra,1,92593.00,2025-10-12 17:00:00,CÔNG TY TNHH MỘT THÀNH VIÊN HUY VŨ,BAN QUẢN LÝ RỪNG PHÒNG HỘ HÀ RA
1145,banra,1,3324074.00,2025-10-12 17:00:00,CÔNG TY TNHH MỘT THÀNH VIÊN HUY VŨ,CÔNG AN XÃ KON CHIÊNG
1146,banra,1,400861111.00,2025-10-12 17:00:00,CÔNG TY TNHH MỘT THÀNH VIÊN HUY VŨ,CÔNG TY CỔ PHẦN HOÀNG ANH GIA LAI
1419,banra,1,3601852.00,2025-12-07 17:00:00,CÔNG TY TNHH MỘT THÀNH VIÊN HUY VŨ,CÔNG TY TRÁCH NHIỆM HỮU HẠN CÔ DUYÊN FOOD
1148,banra,1,509259.00,2025-10-12 17:00:00,CÔNG TY TNHH MỘT THÀNH VIÊN HUY VŨ,CÔNG TY CỔ PHẦN ENTERTAINMENT 2020
1149,banra,1,2064815.00,2025-10-12 17:00:00,CÔNG TY TNHH MỘT THÀNH VIÊN HUY VŨ,BẢO HIỂM XÃ HỘI CƠ SỞ IA GRAI
1140,banra,1,138889.00,2025-10-10 17:00:00,CÔNG TY TNHH MỘT THÀNH VIÊN HUY VŨ,CÔNG TY CỔ PHẦN DU LỊCH GIA LAI
1141,banra,1,555556.00,2025-10-10 17:00:00,CÔNG TY TNHH MỘT THÀNH VIÊN HUY VŨ,CÔNG TY CỔ PHẦN ĐẦU TƯ XÂY DỰNG THỦY ĐIỆN QUỐC CƯỜNG
1142,banra,1,250000.00,2025-10-10 17:00:00,CÔNG TY TNHH MỘT THÀNH VIÊN HUY VŨ,TRƯỜNG MẦM NON ĐĂK  DJRĂNG
1143,banra,1,3416667.00,2025-10-10 17:00:00,CÔNG TY TNHH MỘT THÀNH VIÊN HUY VŨ,TRƯỜNG MẦM NON ĐĂK  DJRĂNG
1132,banra,1,1944444.00,2025-10-09 17:00:00,CÔNG TY TNHH MỘT THÀNH VIÊN HUY VŨ,CÔNG TY TNHH MỘT THÀNH VIÊN ĐẦU TƯ VÀ PHÁT TRIỂN GIÁO DỤC VIỆT - ANH
1133,banra,1,138889.00,2025-10-09 17:00:00,CÔNG TY TNHH MỘT THÀNH VIÊN HUY VŨ,CÔNG TY CỔ PHẦN CÀ PHÊ GIA LAI
1134,banra,1,1583333.00,2025-10-09 17:00:00,CÔNG TY TNHH MỘT THÀNH VIÊN HUY VŨ,Trung đoàn 991/ Bộ CHQS tỉnh Gia Lai
1135,banra,1,1657407.00,2025-10-09 17:00:00,CÔNG TY TNHH MỘT THÀNH VIÊN HUY VŨ,TỔNG CÔNG TY CỔ PHẦN BƯU CHÍNH VIETTEL
1136,banra,1,592593.00,2025-10-09 17:00:00,CÔNG TY TNHH MỘT THÀNH VIÊN HUY VŨ,CÔNG TY CỔ PHẦN BOT VÀ BT ĐỨC LONG GIA LAI
1137,banra,1,138889.00,2025-10-09 17:00:00,CÔNG TY TNHH MỘT THÀNH VIÊN HUY VŨ,CÔNG TY TNHH THƯƠNG MẠI DƯỢC PHẨM NGHINH PHONG
1138,banra,1,14805556.00,2025-10-09 17:00:00,CÔNG TY TNHH MỘT THÀNH VIÊN HUY VŨ,
1139,banra,1,120370.00,2025-10-09 17:00:00,CÔNG TY TNHH MỘT THÀNH VIÊN HUY VŨ,CHI NHÁNH GIA LAI - CÔNG TY CỔ PHẦN DỊCH VỤ THƯƠNG MẠI TỔNG HỢP WINCOMMERCE
1130,banra,1,20000000.00,2025-10-08 17:00:00,CÔNG TY TNHH MỘT THÀNH VIÊN HUY VŨ,CÔNG TY PHÁT TRIỂN THỦY ĐIỆN SÊ SAN - CHI NHÁNH TẬP ĐOÀN ĐIỆN LỰC VIỆT NAM
1131,banra,1,4250000.00,2025-10-08 17:00:00,CÔNG TY TNHH MỘT THÀNH VIÊN HUY VŨ,CÔNG TY CỔ PHẦN HOÀNG ANH GIA LAI
1123,banra,1,20648148.00,2025-10-07 17:00:00,CÔNG TY TNHH MỘT THÀNH VIÊN HUY VŨ,PHÒNG ĐIỀU TRA HÌNH SỰ - QUÂN ĐOÀN 34
1124,banra,1,23148148.00,2025-10-07 17:00:00,CÔNG TY TNHH MỘT THÀNH VIÊN HUY VŨ,PHÒNG ĐIỀU TRA HÌNH SỰ - QUÂN ĐOÀN 34
1125,banra,1,120370.00,2025-10-07 17:00:00,CÔNG TY TNHH MỘT THÀNH VIÊN HUY VŨ,CHI NHÁNH CÔNG TY TNHH LOTTERIA VIỆT NAM TẠI TỈNH GIA LAI
1126,banra,1,416667.00,2025-10-07 17:00:00,CÔNG TY TNHH MỘT THÀNH VIÊN HUY VŨ,CÔNG TY TNHH THƯƠNG MẠI VÀ XÂY LẮP ĐIỆN LỘC PHÁT GIA LAI
1127,banra,1,43425926.00,2025-10-07 17:00:00,CÔNG TY TNHH MỘT THÀNH VIÊN HUY VŨ,Công ty Thuỷ Điện Ialy - CHI NHÁNH TẬP ĐOÀN ĐIỆN LỰC VIỆT NAM
1128,banra,1,833333.00,2025-10-07 17:00:00,CÔNG TY TNHH MỘT THÀNH VIÊN HUY VŨ,TRUNG TÂM GIÁO DỤC THƯỜNG XUYÊN TỈNH GIA LAI
1129,banra,1,740741.00,2025-10-07 17:00:00,CÔNG TY TNHH MỘT THÀNH VIÊN HUY VŨ,CÔNG TY TNHH MỘT THÀNH VIÊN TM DV XNK PHẠM GIA KHANG
1120,banra,1,200000.00,2025-10-06 17:00:00,CÔNG TY TNHH MỘT THÀNH VIÊN HUY VŨ,HỘ KINH DOANH MÁY VĂN PHÒNG PHƯƠNG NAM
1121,banra,1,16990741.00,2025-10-06 17:00:00,CÔNG TY TNHH MỘT THÀNH VIÊN HUY VŨ,CÔNG TY TNHH ĐIỆN TỬ TIN HỌC KIM PHÁT
1122,banra,1,1425927.00,2025-10-06 17:00:00,CÔNG TY TNHH MỘT THÀNH VIÊN HUY VŨ,CÔNG TY BẢO VIỆT GIA LAI
1116,banra,1,8888889.00,2025-10-05 17:00:00,CÔNG TY TNHH MỘT THÀNH VIÊN HUY VŨ,CÔNG TY CỔ PHẦN ĐẦU TƯ XÂY DỰNG THỦY ĐIỆN QUỐC CƯỜNG
1117,banra,1,18046296.00,2025-10-05 17:00:00,CÔNG TY TNHH MỘT THÀNH VIÊN HUY VŨ,CÔNG TY TNHH MỘT THÀNH VIÊN TỔNG CÔNG TY 15 - CHI NHÁNH CÔNG TY 75
1118,banra,1,1444444.00,2025-10-05 17:00:00,CÔNG TY TNHH MỘT THÀNH VIÊN HUY VŨ,CÔNG TY TNHH AN THIÊN ĐỨC GIA LAI
1119,banra,1,1851853.00,2025-10-05 17:00:00,CÔNG TY TNHH MỘT THÀNH VIÊN HUY VŨ,HỘ KINH DOANH PHAN VĂN MINH
1115,banra,1,13833333.00,2025-10-03 17:00:00,CÔNG TY TNHH MỘT THÀNH VIÊN HUY VŨ,CÔNG TY TNHH MỘT THÀNH VIÊN ĐÔNG QUÂN GIA LAI
1108,banra,1,259259.00,2025-10-02 17:00:00,CÔNG TY TNHH MỘT THÀNH VIÊN HUY VŨ,ĐOÀN TRINH SÁT MIỀN TRUNG
1109,banra,1,41805555.00,2025-10-02 17:00:00,CÔNG TY TNHH MỘT THÀNH VIÊN HUY VŨ,CÔNG TY TNHH ĐIỆN TỬ TIN HỌC KIM PHÁT
1110,banra,1,4250000.00,2025-10-02 17:00:00,CÔNG TY TNHH MỘT THÀNH VIÊN HUY VŨ,CÔNG TY TNHH VÂN LONG HERBS
1111,banra,1,592593.00,2025-10-02 17:00:00,CÔNG TY TNHH MỘT THÀNH VIÊN HUY VŨ,CÔNG TY TNHH AP BIỂN HỒ
1112,banra,1,351852.00,2025-10-02 17:00:00,CÔNG TY TNHH MỘT THÀNH VIÊN HUY VŨ,CÔNG TY CỔ PHẦN PHÁT TRIỂN CAO NGUYÊN VIỆT NAM
1113,banra,1,9166667.00,2025-10-02 17:00:00,CÔNG TY TNHH MỘT THÀNH VIÊN HUY VŨ,BINH ĐOÀN 15
1114,banra,1,138889.00,2025-10-02 17:00:00,CÔNG TY TNHH MỘT THÀNH VIÊN HUY VŨ,CÔNG TY TNHH DOANH NGHIỆP XÃ HỘI HỖ TRỢ CỘNG ĐỒNG TÂY NGUYÊN
1103,banra,1,21629630.00,2025-10-01 17:00:00,CÔNG TY TNHH MỘT THÀNH VIÊN HUY VŨ,CÔNG TY TNHH THÁI BÌNH GIA LAI
1104,banra,1,2037037.00,2025-10-01 17:00:00,CÔNG TY TNHH MỘT THÀNH VIÊN HUY VŨ,CÔNG TY DỊCH VỤ ĐIỆN LỰC MIỀN TRUNG - CHI NHÁNH TỔNG CÔNG TY ĐIỆN LỰC MIỀN TRUNG
1105,banra,1,222222.00,2025-10-01 17:00:00,CÔNG TY TNHH MỘT THÀNH VIÊN HUY VŨ,CÔNG TY CỔ PHẦN ĐIỆN GIÓ CHƯ PRÔNG GIA LAI
1106,banra,1,2120370.00,2025-10-01 17:00:00,CÔNG TY TNHH MỘT THÀNH VIÊN HUY VŨ,CÔNG TY CỔ PHẦN ĐIỆN GIÓ CHƯ PRÔNG GIA LAI
1107,banra,1,2453704.00,2025-10-01 17:00:00,CÔNG TY TNHH MỘT THÀNH VIÊN HUY VŨ,XƯỞNG 340 - QUÂN KHU 5
1102,banra,1,12953704.00,2025-09-30 17:00:00,CÔNG TY TNHH MỘT THÀNH VIÊN HUY VŨ,CÔNG TY CỔ PHẦN HOÀNG ANH GIA LAI
1372,banra,1,43981482.00,2025-11-29 17:00:00,CÔNG TY TNHH MỘT THÀNH VIÊN HUY VŨ,CÔNG TY TNHH ĐIỆN TỬ TIN HỌC KIM PHÁT
1371,banra,1,39740741.00,2025-11-28 17:00:00,CÔNG TY TNHH MỘT THÀNH VIÊN HUY VŨ,HỘ KINH DOANH MÁY VĂN PHÒNG PHƯƠNG NAM
1362,banra,1,1138889.00,2025-11-27 17:00:00,CÔNG TY TNHH MỘT THÀNH VIÊN HUY VŨ,TRƯỜNG TIỂU HỌC SỐ 1 IA BĂNG
1363,banra,1,2027778.00,2025-11-27 17:00:00,CÔNG TY TNHH MỘT THÀNH VIÊN HUY VŨ,CÔNG TY CỔ PHẦN HOÀNG ANH GIA LAI
1364,banra,1,3564815.00,2025-11-27 17:00:00,CÔNG TY TNHH MỘT THÀNH VIÊN HUY VŨ,HỘ KINH DOANH MÁY VĂN PHÒNG PHƯƠNG NAM
1365,banra,1,11898148.00,2025-11-27 17:00:00,CÔNG TY TNHH MỘT THÀNH VIÊN HUY VŨ,HỘ KINH DOANH MÁY VĂN PHÒNG PHƯƠNG NAM
1366,banra,1,601852.00,2025-11-27 17:00:00,CÔNG TY TNHH MỘT THÀNH VIÊN HUY VŨ,CÔNG TY TNHH MỘT THÀNH VIÊN HƯƠNG ĐẤT AN PHÚ
1367,banra,1,10601852.00,2025-11-27 17:00:00,CÔNG TY TNHH MỘT THÀNH VIÊN HUY VŨ,HỘ KINH DOANH MÁY VĂN PHÒNG PHƯƠNG NAM
1368,banra,1,5453704.00,2025-11-27 17:00:00,CÔNG TY TNHH MỘT THÀNH VIÊN HUY VŨ,VĂN PHÒNG LUẬT SƯ HỨA HOÀNG GIA
1369,banra,1,70250000.00,2025-11-27 17:00:00,CÔNG TY TNHH MỘT THÀNH VIÊN HUY VŨ,CÔNG TY TNHH MỘT THÀNH VIÊN TỔNG CÔNG TY 15 - CHI NHÁNH 710
1370,banra,1,7490741.00,2025-11-27 17:00:00,CÔNG TY TNHH MỘT THÀNH VIÊN HUY VŨ,CÔNG TY TNHH VĨNH HIỆP
1357,banra,1,370370.00,2025-11-26 17:00:00,CÔNG TY TNHH MỘT THÀNH VIÊN HUY VŨ,CÔNG TY TNHH TIN HỌC QUANG ANH GL
1358,banra,1,45138889.00,2025-11-26 17:00:00,CÔNG TY TNHH MỘT THÀNH VIÊN HUY VŨ,Công ty Thuỷ Điện Ialy - CHI NHÁNH TẬP ĐOÀN ĐIỆN LỰC VIỆT NAM
1359,banra,1,25333333.00,2025-11-26 17:00:00,CÔNG TY TNHH MỘT THÀNH VIÊN HUY VŨ,BINH ĐOÀN 15
1360,banra,1,13879630.00,2025-11-26 17:00:00,CÔNG TY TNHH MỘT THÀNH VIÊN HUY VŨ,
1361,banra,1,17111111.00,2025-11-26 17:00:00,CÔNG TY TNHH MỘT THÀNH VIÊN HUY VŨ,CÔNG TY TNHH MỘT THÀNH VIÊN ĐỨC HẢI PLEIKU
1350,banra,1,10138889.00,2025-11-25 17:00:00,CÔNG TY TNHH MỘT THÀNH VIÊN HUY VŨ,TRƯỜNG THCS NGUYỄN HUỆ
1351,banra,1,129630.00,2025-11-25 17:00:00,CÔNG TY TNHH MỘT THÀNH VIÊN HUY VŨ,CÔNG TY CỔ PHẦN ĐẦU TƯ VÀ PHÁT TRIỂN Y TẾ TRUNG THỊNH PHÁT
1352,banra,1,92593.00,2025-11-25 17:00:00,CÔNG TY TNHH MỘT THÀNH VIÊN HUY VŨ,CÔNG TY CỔ PHẦN THỜI TRANG C'CHIC
1353,banra,1,1990741.00,2025-11-25 17:00:00,CÔNG TY TNHH MỘT THÀNH VIÊN HUY VŨ,Công Ty TNHH MTV PTNN Đại Thắng ( MST : 838051843-900 )
1354,banra,1,1407407.00,2025-11-25 17:00:00,CÔNG TY TNHH MỘT THÀNH VIÊN HUY VŨ,CÔNG TY TNHH HẢI ĐĂNG PHÁT PHỐ NÚI
1355,banra,1,5250000.00,2025-11-25 17:00:00,CÔNG TY TNHH MỘT THÀNH VIÊN HUY VŨ,HỘ KINH DOANH NGUYỄN HỮU TIẾN
1356,banra,1,40601852.00,2025-11-25 17:00:00,CÔNG TY TNHH MỘT THÀNH VIÊN HUY VŨ,CÔNG TY TNHH ĐIỆN TỬ TIN HỌC KIM PHÁT
1345,banra,1,17157407.00,2025-11-24 17:00:00,CÔNG TY TNHH MỘT THÀNH VIÊN HUY VŨ,CHI NHÁNH PETROLIMEX PLEIKU - CÔNG TY TNHH MTV PETROLIMEX GIA LAI
1346,banra,1,740740.00,2025-11-24 17:00:00,CÔNG TY TNHH MỘT THÀNH VIÊN HUY VŨ,HỘ KINH DOANH PHAN VĂN MINH
1347,banra,1,3842593.00,2025-11-24 17:00:00,CÔNG TY TNHH MỘT THÀNH VIÊN HUY VŨ,HỘ KINH DOANH MÁY VĂN PHÒNG PHƯƠNG NAM
1348,banra,1,9259259.00,2025-11-24 17:00:00,CÔNG TY TNHH MỘT THÀNH VIÊN HUY VŨ,VĂN PHÒNG ĐẢNG ỦY PHƯỜNG PLEIKU
1349,banra,1,180370370.00,2025-11-24 17:00:00,CÔNG TY TNHH MỘT THÀNH VIÊN HUY VŨ,CÔNG TY TNHH ĐIỆN TỬ TIN HỌC KIM PHÁT
1340,banra,1,17592593.00,2025-11-23 17:00:00,CÔNG TY TNHH MỘT THÀNH VIÊN HUY VŨ,CÔNG TY TNHH ĐIỆN TỬ TIN HỌC KIM PHÁT
1341,banra,1,3629630.00,2025-11-23 17:00:00,CÔNG TY TNHH MỘT THÀNH VIÊN HUY VŨ,CHI NHÁNH PETROLIMEX PLEIKU - CÔNG TY TNHH MTV PETROLIMEX GIA LAI
1342,banra,1,62268519.00,2025-11-23 17:00:00,CÔNG TY TNHH MỘT THÀNH VIÊN HUY VŨ,CÔNG TY TNHH TIN HỌC ÁNH DƯƠNG
1343,banra,1,1009259.00,2025-11-23 17:00:00,CÔNG TY TNHH MỘT THÀNH VIÊN HUY VŨ,CÔNG TY TNHH THƯƠNG MẠI ĐẮC HƯNG
1344,banra,1,342593.00,2025-11-23 17:00:00,CÔNG TY TNHH MỘT THÀNH VIÊN HUY VŨ,CÔNG TY CỔ PHẦN TƯ VẤN THIẾT KẾ THÀNH AN GIA LAI
1334,banra,1,907407.00,2025-11-22 17:00:00,CÔNG TY TNHH MỘT THÀNH VIÊN HUY VŨ,CHI NHÁNH GIA LAI - CÔNG TY CỔ PHẦN THỰC PHẨM XUẤT KHẨU ĐỒNG GIAO
1335,banra,1,694444.00,2025-11-22 17:00:00,CÔNG TY TNHH MỘT THÀNH VIÊN HUY VŨ,CÔNG TY CỔ PHẦN XÂY LẮP ĐIỆN 4 - MIỀN TRUNG
1336,banra,1,16101852.00,2025-11-22 17:00:00,CÔNG TY TNHH MỘT THÀNH VIÊN HUY VŨ,CÔNG TY TNHH QUẢN LÝ BỀN VỮNG VIỆT NAM
1337,banra,1,953704.00,2025-11-22 17:00:00,CÔNG TY TNHH MỘT THÀNH VIÊN HUY VŨ,CÔNG TY TNHH ANH QUÂN
1338,banra,1,1777779.00,2025-11-22 17:00:00,CÔNG TY TNHH MỘT THÀNH VIÊN HUY VŨ,HỘ KINH DOANH PHAN VĂN MINH
1339,banra,1,63842593.00,2025-11-22 17:00:00,CÔNG TY TNHH MỘT THÀNH VIÊN HUY VŨ,CÔNG TY TNHH MỘT THÀNH VIÊN SƠN HUYỀN PHÁT GIA LAI
1331,banra,1,425926.00,2025-11-21 17:00:00,CÔNG TY TNHH MỘT THÀNH VIÊN HUY VŨ,CÔNG TY CỔ PHẦN ĐỨC ĐẠT PHÚ
1332,banra,1,694444.00,2025-11-21 17:00:00,CÔNG TY TNHH MỘT THÀNH VIÊN HUY VŨ,CÔNG TY CỔ PHẦN NÔNG NGHIỆP CÔNG NGHỆ CAO HƯNG SƠN
1333,banra,1,592593.00,2025-11-21 17:00:00,CÔNG TY TNHH MỘT THÀNH VIÊN HUY VŨ,CÔNG TY TNHH ANDRITZ VIỆT NAM
1330,banra,1,15962963.00,2025-11-20 17:00:00,CÔNG TY TNHH MỘT THÀNH VIÊN HUY VŨ,CÔNG TY CỔ PHẦN NÔNG NGHIỆP CÔNG NGHỆ CAO HƯNG SƠN
1321,banra,1,29074074.00,2025-11-19 17:00:00,CÔNG TY TNHH MỘT THÀNH VIÊN HUY VŨ,CÔNG TY CỔ PHẦN DU LỊCH GIA NGHI ĐÀ LẠT
1322,banra,1,18222222.00,2025-11-19 17:00:00,CÔNG TY TNHH MỘT THÀNH VIÊN HUY VŨ,CÔNG TY TNHH NÔNG DƯỢC EU
1323,banra,1,13879630.00,2025-11-19 17:00:00,CÔNG TY TNHH MỘT THÀNH VIÊN HUY VŨ,CÔNG TY CỔ PHẦN TÍN THÀNH ĐẠT
1324,banra,1,314815.00,2025-11-19 17:00:00,CÔNG TY TNHH MỘT THÀNH VIÊN HUY VŨ,CÔNG TY TNHH DỊCH VỤ BẢO VỆ AN NINH NHÂN VIỆT TC
1325,banra,1,76111112.00,2025-11-19 17:00:00,CÔNG TY TNHH MỘT THÀNH VIÊN HUY VŨ,LỮ ĐOÀN 132 - BINH CHỦNG THÔNG TIN LIÊN LẠC
1326,banra,1,23055556.00,2025-11-19 17:00:00,CÔNG TY TNHH MỘT THÀNH VIÊN HUY VŨ,PHÒNG KINH TẾ XÃ ĐAK ĐOA
1327,banra,1,444444.00,2025-11-19 17:00:00,CÔNG TY TNHH MỘT THÀNH VIÊN HUY VŨ,CÔNG TY CỔ PHẦN  IAPACCO
1328,banra,1,22120370.00,2025-11-19 17:00:00,CÔNG TY TNHH MỘT THÀNH VIÊN HUY VŨ,TRƯỜNG THCS NGUYỄN HUỆ
1319,banra,1,879630.00,2025-11-18 17:00:00,CÔNG TY TNHH MỘT THÀNH VIÊN HUY VŨ,CÔNG TY CỔ PHẦN HOÀNG ANH GIA LAI
1320,banra,1,601852.00,2025-11-18 17:00:00,CÔNG TY TNHH MỘT THÀNH VIÊN HUY VŨ,XƯỞNG 340 - QUÂN KHU 5
1312,banra,1,138889.00,2025-11-17 17:00:00,CÔNG TY TNHH MỘT THÀNH VIÊN HUY VŨ,CÔNG TY CỔ PHẦN THƯƠNG MẠI VÀ DỊCH VỤ KGT GIA LAI
1313,banra,1,2268518.00,2025-11-17 17:00:00,CÔNG TY TNHH MỘT THÀNH VIÊN HUY VŨ,CÔNG TY DỊCH VỤ ĐIỆN LỰC MIỀN TRUNG - CHI NHÁNH TỔNG CÔNG TY ĐIỆN LỰC MIỀN TRUNG
1315,banra,1,8194444.00,2025-11-17 17:00:00,CÔNG TY TNHH MỘT THÀNH VIÊN HUY VŨ,CÔNG TY TRÁCH NHIỆM HỮU HẠN MỘT THÀNH VIÊN TÔN THÉP THÁI DƯƠNG
1316,banra,1,4435185.00,2025-11-17 17:00:00,CÔNG TY TNHH MỘT THÀNH VIÊN HUY VŨ,CÔNG TY CỔ PHẦN TÍN THÀNH ĐẠT
1317,banra,1,3400000.00,2025-11-17 17:00:00,CÔNG TY TNHH MỘT THÀNH VIÊN HUY VŨ,CÔNG TY TNHH ĐIỆN XEKAMAN 1
1318,banra,1,3416667.00,2025-11-17 17:00:00,CÔNG TY TNHH MỘT THÀNH VIÊN HUY VŨ,TRƯỜNG TH&THCS NGUYỄN CHÍ THANH
1310,banra,1,333333.00,2025-11-16 17:00:00,CÔNG TY TNHH MỘT THÀNH VIÊN HUY VŨ,CÔNG TY CỔ PHẦN DỊCH VỤ KỸ THUẬT ĐIỆN LỰC VIỆT THĂNG
1311,banra,1,3888889.00,2025-11-16 17:00:00,CÔNG TY TNHH MỘT THÀNH VIÊN HUY VŨ,CÔNG TY TNHH VĨNH TÍN
1308,banra,1,15949073.00,2025-11-15 17:00:00,CÔNG TY TNHH MỘT THÀNH VIÊN HUY VŨ,HỘ KINH DOANH ĐẠI PHÚ
1309,banra,1,3000000.00,2025-11-15 17:00:00,CÔNG TY TNHH MỘT THÀNH VIÊN HUY VŨ,CÔNG TY TNHH MTV THU THẮNG
1302,banra,1,444444.00,2025-11-14 17:00:00,CÔNG TY TNHH MỘT THÀNH VIÊN HUY VŨ,CÔNG TY CỔ PHẦN CÀ PHÊ GIA LAI
1303,banra,1,2916666.00,2025-11-14 17:00:00,CÔNG TY TNHH MỘT THÀNH VIÊN HUY VŨ,CÔNG TY CỔ PHẦN DU LỊCH GIA LAI
1304,banra,1,240741.00,2025-11-14 17:00:00,CÔNG TY TNHH MỘT THÀNH VIÊN HUY VŨ,CÔNG TY CỔ PHẦN ĐIỆN GIÓ NHƠN HÒA 1
1305,banra,1,8000000.00,2025-11-14 17:00:00,CÔNG TY TNHH MỘT THÀNH VIÊN HUY VŨ,CÔNG TY CỔ PHẦN CÀ PHÊ GIA LAI
1306,banra,1,277778.00,2025-11-14 17:00:00,CÔNG TY TNHH MỘT THÀNH VIÊN HUY VŨ,CÔNG TY CỔ PHẦN BỆNH VIỆN ĐẠI HỌC Y DƯỢC - HOÀNG ANH GIA LAI
1307,banra,1,4342593.00,2025-11-14 17:00:00,CÔNG TY TNHH MỘT THÀNH VIÊN HUY VŨ,CÔNG TY TNHH MỘT THÀNH VIÊN TỔNG CÔNG TY 15 - CHI NHÁNH CÔNG TY 75
1295,banra,1,1805556.00,2025-11-13 17:00:00,CÔNG TY TNHH MỘT THÀNH VIÊN HUY VŨ,CÔNG TY CỔ PHẦN ĐẦU TƯ THƯƠNG MẠI PHÁT TRIỂN NHẤT TÍN - CHI NHÁNH GIA LAI
1296,banra,1,416667.00,2025-11-13 17:00:00,CÔNG TY TNHH MỘT THÀNH VIÊN HUY VŨ,CÔNG TY CỔ PHẦN BOT VÀ BT ĐỨC LONG GIA LAI
1297,banra,1,296296.00,2025-11-13 17:00:00,CÔNG TY TNHH MỘT THÀNH VIÊN HUY VŨ,VIỆN KIỂM SÁT QUÂN SỰ QUÂN ĐOÀN 34
1298,banra,1,61111111.00,2025-11-13 17:00:00,CÔNG TY TNHH MỘT THÀNH VIÊN HUY VŨ,CÔNG TY TNHH TIN HỌC ÁNH DƯƠNG
1299,banra,1,16833333.00,2025-11-13 17:00:00,CÔNG TY TNHH MỘT THÀNH VIÊN HUY VŨ,CÔNG TY TNHH MỘT THÀNH VIÊN BÌNH DƯƠNG
1300,banra,1,648148.00,2025-11-13 17:00:00,CÔNG TY TNHH MỘT THÀNH VIÊN HUY VŨ,CÔNG TY TNHH MỘT THÀNH VIÊN BÌNH DƯƠNG
1301,banra,1,259259.00,2025-11-13 17:00:00,CÔNG TY TNHH MỘT THÀNH VIÊN HUY VŨ,CÔNG TY CỔ PHẦN AN NÔNG AGRITECH
1286,banra,1,15916667.00,2025-11-12 17:00:00,CÔNG TY TNHH MỘT THÀNH VIÊN HUY VŨ,CÔNG TY TNHH MTV CÀ PHÊ DUNG CHÂU
1287,banra,1,118519.00,2025-11-12 17:00:00,CÔNG TY TNHH MỘT THÀNH VIÊN HUY VŨ,CÔNG AN XÃ KON CHIÊNG
1288,banra,1,925925.00,2025-11-12 17:00:00,CÔNG TY TNHH MỘT THÀNH VIÊN HUY VŨ,BINH ĐOÀN 15
1289,banra,1,1800000.00,2025-11-12 17:00:00,CÔNG TY TNHH MỘT THÀNH VIÊN HUY VŨ,CÔNG TY TNHH MỘT THÀNH VIÊN TCD ĐẠI NAM
1290,banra,1,268519.00,2025-11-12 17:00:00,CÔNG TY TNHH MỘT THÀNH VIÊN HUY VŨ,CÔNG TY TNHH HẢI ĐĂNG PHÁT PHỐ NÚI
1291,banra,1,2962963.00,2025-11-12 17:00:00,CÔNG TY TNHH MỘT THÀNH VIÊN HUY VŨ,CÔNG TY TNHH MỘT THÀNH VIÊN CAO SU CHƯMOMRAY
1292,banra,1,2870370.00,2025-11-12 17:00:00,CÔNG TY TNHH MỘT THÀNH VIÊN HUY VŨ,CÔNG TY CỔ PHẦN GIA SÚC LƠ PANG
1293,banra,1,509259.00,2025-11-12 17:00:00,CÔNG TY TNHH MỘT THÀNH VIÊN HUY VŨ,CÔNG TY BẢO VIỆT GIA LAI
1294,banra,1,92593.00,2025-11-12 17:00:00,CÔNG TY TNHH MỘT THÀNH VIÊN HUY VŨ,BAN QUẢN LÝ RỪNG PHÒNG HỘ HÀ RA
1282,banra,1,1425925.00,2025-11-11 17:00:00,CÔNG TY TNHH MỘT THÀNH VIÊN HUY VŨ,TRƯỜNG TRUNG HỌC PHỔ THÔNG A SANH
1283,banra,1,222222.00,2025-11-11 17:00:00,CÔNG TY TNHH MỘT THÀNH VIÊN HUY VŨ,Ban Chỉ Huy Phòng Thủ Khu Vực 2 - Đak pơ
1284,banra,1,370370.00,2025-11-11 17:00:00,CÔNG TY TNHH MỘT THÀNH VIÊN HUY VŨ,CÔNG TY TNHH XÂY DỰNG TRƯỜNG PHÁT LỢI
1285,banra,1,694444.00,2025-11-11 17:00:00,CÔNG TY TNHH MỘT THÀNH VIÊN HUY VŨ,CHI NHÁNH TỔNG CÔNG TY CÀ PHÊ VIỆT NAM - CÔNG TY CÀ PHÊ IA SAO I
1273,banra,1,138889.00,2025-11-10 17:00:00,CÔNG TY TNHH MỘT THÀNH VIÊN HUY VŨ,TRUNG TÂM HỖ TRỢ SÁNG KIẾN PHÁT TRIỂN CỘNG ĐỒNG
1274,banra,1,42722227.00,2025-11-10 17:00:00,CÔNG TY TNHH MỘT THÀNH VIÊN HUY VŨ,CÔNG TY CỔ PHẦN HOÀNG ANH GIA LAI
1275,banra,1,694444.00,2025-11-10 17:00:00,CÔNG TY TNHH MỘT THÀNH VIÊN HUY VŨ,LIÊN ĐOÀN QUY HOẠCH VÀ ĐIỀU TRA TÀI NGUYÊN NƯỚC MIỀN TRUNG
1276,banra,1,3129630.00,2025-11-10 17:00:00,CÔNG TY TNHH MỘT THÀNH VIÊN HUY VŨ,TRUNG ĐOÀN 29 - QUÂN ĐOÀN 34
1277,banra,1,4425926.00,2025-11-10 17:00:00,CÔNG TY TNHH MỘT THÀNH VIÊN HUY VŨ,CÔNG TY TRÁCH NHIỆM HỮU HẠN TÂN GIA BĂNG
1278,banra,1,9527778.00,2025-11-10 17:00:00,CÔNG TY TNHH MỘT THÀNH VIÊN HUY VŨ,CÔNG TY CỔ PHẦN DU LỊCH GIA LAI
1279,banra,1,972222.00,2025-11-10 17:00:00,CÔNG TY TNHH MỘT THÀNH VIÊN HUY VŨ,CÔNG TY TNHH TRẦN GIA F&B
1280,banra,1,9527778.00,2025-11-10 17:00:00,CÔNG TY TNHH MỘT THÀNH VIÊN HUY VŨ,CÔNG TY TNHH MỘT THÀNH VIÊN TOÀN TRUNG
1281,banra,1,2962963.00,2025-11-10 17:00:00,CÔNG TY TNHH MỘT THÀNH VIÊN HUY VŨ,CHI NHÁNH CÔNG TY CỔ PHẦN THUỶ ĐIỆN CẦN ĐƠN-NHÀ MÁY THỦY ĐIỆN RY NINH II
1271,banra,1,15166667.00,2025-11-07 17:00:00,CÔNG TY TNHH MỘT THÀNH VIÊN HUY VŨ,CÔNG TY TNHH BAO BÌ THIÊN ANH
1272,banra,1,5546296.00,2025-11-07 17:00:00,CÔNG TY TNHH MỘT THÀNH VIÊN HUY VŨ,CÔNG TY TNHH MTV TRƯỜNG MINH GIA LAI
1263,banra,1,3166668.00,2025-11-05 17:00:00,CÔNG TY TNHH MỘT THÀNH VIÊN HUY VŨ,CÔNG TY TNHH MỘT THÀNH VIÊN HOÀNG ANH SEN
1264,banra,1,22120370.00,2025-11-05 17:00:00,CÔNG TY TNHH MỘT THÀNH VIÊN HUY VŨ,TRƯỜNG THCS NGUYỄN HUỆ
1265,banra,1,2416666.00,2025-11-05 17:00:00,CÔNG TY TNHH MỘT THÀNH VIÊN HUY VŨ,CÔNG TY TNHH HƯNG THẮNG LỢI GIA LAI
1266,banra,1,2027778.00,2025-11-05 17:00:00,CÔNG TY TNHH MỘT THÀNH VIÊN HUY VŨ,CÔNG TY CỔ PHẦN LÊ HƯNG GIA LAI
1267,banra,1,685186.00,2025-11-05 17:00:00,CÔNG TY TNHH MỘT THÀNH VIÊN HUY VŨ,TRUNG TÂM Y TẾ  PLEIKU
1268,banra,1,342593.00,2025-11-05 17:00:00,CÔNG TY TNHH MỘT THÀNH VIÊN HUY VŨ,TRUNG TÂM Y TẾ  PLEIKU
1269,banra,1,268519.00,2025-11-05 17:00:00,CÔNG TY TNHH MỘT THÀNH VIÊN HUY VŨ,TRUNG TÂM NGHIÊN CỨU  CHUYỂN GIAO KỸ THUẬT TÂY NGUYÊN
1270,banra,1,555556.00,2025-11-05 17:00:00,CÔNG TY TNHH MỘT THÀNH VIÊN HUY VŨ,CÔNG TY CỔ PHẦN BOT VÀ BT ĐỨC LONG GIA LAI
1254,banra,1,1944444.00,2025-11-04 17:00:00,CÔNG TY TNHH MỘT THÀNH VIÊN HUY VŨ,CHI NHÁNH 716 THUỘC TỔNG CÔNG TY 15
1255,banra,1,2250000.00,2025-11-04 17:00:00,CÔNG TY TNHH MỘT THÀNH VIÊN HUY VŨ,CÔNG TY TNHH MỘT THÀNH VIÊN 715
1256,banra,1,500000.00,2025-11-04 17:00:00,CÔNG TY TNHH MỘT THÀNH VIÊN HUY VŨ,CÔNG TY TNHH MỘT THÀNH VIÊN 715
1257,banra,1,44814815.00,2025-11-04 17:00:00,CÔNG TY TNHH MỘT THÀNH VIÊN HUY VŨ,Công ty Thuỷ Điện Ialy - CHI NHÁNH TẬP ĐOÀN ĐIỆN LỰC VIỆT NAM
1258,banra,1,2953704.00,2025-11-04 17:00:00,CÔNG TY TNHH MỘT THÀNH VIÊN HUY VŨ,CÔNG TY TNHH MỘT THÀNH VIÊN THƯƠNG MẠI DỊCH VỤ NAM PHƯƠNG GIA LAI
1259,banra,1,12009259.00,2025-11-04 17:00:00,CÔNG TY TNHH MỘT THÀNH VIÊN HUY VŨ,HỘ KINH DOANH MÁY VĂN PHÒNG PHƯƠNG NAM
1260,banra,1,7268519.00,2025-11-04 17:00:00,CÔNG TY TNHH MỘT THÀNH VIÊN HUY VŨ,TRƯỜNG THPT TRẦN PHÚ
1261,banra,1,2953704.00,2025-11-04 17:00:00,CÔNG TY TNHH MỘT THÀNH VIÊN HUY VŨ,CÔNG TY TNHH TƯ VẤN TÀI NGUYÊN VÀ MÔI TRƯỜNG QUANG MINH
1262,banra,1,23879630.00,2025-11-04 17:00:00,CÔNG TY TNHH MỘT THÀNH VIÊN HUY VŨ,
1250,banra,1,32361111.00,2025-11-03 17:00:00,CÔNG TY TNHH MỘT THÀNH VIÊN HUY VŨ,CÔNG TY TNHH ĐIỆN TỬ TIN HỌC KIM PHÁT
1251,banra,1,537037.00,2025-11-03 17:00:00,CÔNG TY TNHH MỘT THÀNH VIÊN HUY VŨ,TỔNG CÔNG TY CỔ PHẦN BƯU CHÍNH VIETTEL
1252,banra,1,740741.00,2025-11-03 17:00:00,CÔNG TY TNHH MỘT THÀNH VIÊN HUY VŨ,CÔNG TY TNHH MỘT THÀNH VIÊN TM DV XNK PHẠM GIA KHANG
1253,banra,1,13055556.00,2025-11-03 17:00:00,CÔNG TY TNHH MỘT THÀNH VIÊN HUY VŨ,HỘ KINH DOANH MÁY VĂN PHÒNG PHƯƠNG NAM
1243,banra,1,3324074.00,2025-11-02 17:00:00,CÔNG TY TNHH MỘT THÀNH VIÊN HUY VŨ,TRƯỜNG TIỂU HỌC KON CHIÊNG SỐ 2
1244,banra,1,1731482.00,2025-11-02 17:00:00,CÔNG TY TNHH MỘT THÀNH VIÊN HUY VŨ,CÔNG TY TNHH MỘT THÀNH VIÊN TOÀN TRUNG
1245,banra,1,21101852.00,2025-11-02 17:00:00,CÔNG TY TNHH MỘT THÀNH VIÊN HUY VŨ,TRƯỜNG TIỂU HỌC KON CHIÊNG SỐ 2
1246,banra,1,972222.00,2025-11-02 17:00:00,CÔNG TY TNHH MỘT THÀNH VIÊN HUY VŨ,CÔNG TY TNHH MỘT THÀNH VIÊN HBT COMPUTER
1247,banra,1,370370.00,2025-11-02 17:00:00,CÔNG TY TNHH MỘT THÀNH VIÊN HUY VŨ,VIỆN KIỂM SÁT QUÂN SỰ QUÂN ĐOÀN 34
1248,banra,1,3935185.00,2025-11-02 17:00:00,CÔNG TY TNHH MỘT THÀNH VIÊN HUY VŨ,TRUNG TÂM THIẾT BỊ TIN HỌC ĐIỆN TỬ VIỄN THÔNG VÀ NỘI THẤT HỢP NHẤT
1249,banra,1,15083333.00,2025-11-02 17:00:00,CÔNG TY TNHH MỘT THÀNH VIÊN HUY VŨ,TRUNG TÂM THIẾT BỊ TIN HỌC ĐIỆN TỬ VIỄN THÔNG VÀ NỘI THẤT HỢP NHẤT
1242,banra,1,546296.00,2025-11-01 17:00:00,CÔNG TY TNHH MỘT THÀNH VIÊN HUY VŨ,CHI NHÁNH GIA LAI - CÔNG TY CỔ PHẦN THỰC PHẨM XUẤT KHẨU ĐỒNG GIAO
1241,banra,1,15731482.00,2025-10-31 17:00:00,CÔNG TY TNHH MỘT THÀNH VIÊN HUY VŨ,CÔNG TY TNHH VẬN TẢI HUỲNH GIA GL
1539,banra,1,324074.00,2025-12-30 17:00:00,CÔNG TY TNHH MỘT THÀNH VIÊN HUY VŨ,HỢP TÁC XÃ NÔNG NGHIỆP HẢI ANH GIA LAI
1540,banra,1,31481482.00,2025-12-30 17:00:00,CÔNG TY TNHH MỘT THÀNH VIÊN HUY VŨ,HỘ KINH DOANH MÁY VĂN PHÒNG PHƯƠNG NAM
1541,banra,1,900000.00,2025-12-30 17:00:00,CÔNG TY TNHH MỘT THÀNH VIÊN HUY VŨ,HỘ KINH DOANH MÁY VĂN PHÒNG PHƯƠNG NAM
1542,banra,1,16194444.00,2025-12-30 17:00:00,CÔNG TY TNHH MỘT THÀNH VIÊN HUY VŨ,ỦY BAN MẶT TRẬN TỔ QUỐC VIỆT NAM XÃ CHƯ SÊ
1543,banra,1,250000.00,2025-12-30 17:00:00,CÔNG TY TNHH MỘT THÀNH VIÊN HUY VŨ,TRƯỜNG MẦM NON 30/4
1544,banra,1,16194444.00,2025-12-30 17:00:00,CÔNG TY TNHH MỘT THÀNH VIÊN HUY VŨ,ỦY BAN MẶT TRẬN TỔ QUỐC VIỆT NAM XÃ IA BĂNG
1545,banra,1,18842593.00,2025-12-30 17:00:00,CÔNG TY TNHH MỘT THÀNH VIÊN HUY VŨ,CÔNG TY TNHH ĐIỆN TỬ TIN HỌC KIM PHÁT
1546,banra,1,16194444.00,2025-12-30 17:00:00,CÔNG TY TNHH MỘT THÀNH VIÊN HUY VŨ,UỶ BAN MẶT TRẬN TỔ QUỐC VIỆT NAM XÃ IA PHÍ
1547,banra,1,37037037.00,2025-12-30 17:00:00,CÔNG TY TNHH MỘT THÀNH VIÊN HUY VŨ,VĂN PHÒNG ĐẢNG ỦY XÃ AYUN
1531,banra,1,16194444.00,2025-12-29 17:00:00,CÔNG TY TNHH MỘT THÀNH VIÊN HUY VŨ,ỦY BAN MẶT TRẬN TỔ QUỐC VIỆT NAM XÃ IALY
1532,banra,1,15740741.00,2025-12-29 17:00:00,CÔNG TY TNHH MỘT THÀNH VIÊN HUY VŨ,CÔNG TY TRÁCH NHIỆM HỮU HẠN THƯƠNG MẠI DỊCH VỤ KỸ THUẬT VI TÍNH THUẬN PHÁT GIA LAI
1533,banra,1,2314815.00,2025-12-29 17:00:00,CÔNG TY TNHH MỘT THÀNH VIÊN HUY VŨ,TRƯỜNG TIỂU HỌC PHAN ĐĂNG LƯU
1534,banra,1,15740741.00,2025-12-29 17:00:00,CÔNG TY TNHH MỘT THÀNH VIÊN HUY VŨ,PHÒNG KINH TẾ XÃ AYUN
1535,banra,1,3703704.00,2025-12-29 17:00:00,CÔNG TY TNHH MỘT THÀNH VIÊN HUY VŨ,HỘ KINH DOANH ĐẶNG THỊ NGỌC TRÂM
1536,banra,1,16851852.00,2025-12-29 17:00:00,CÔNG TY TNHH MỘT THÀNH VIÊN HUY VŨ,TRƯỜNG TIỂU HỌC KON CHIÊNG SỐ 2
1537,banra,1,212963.00,2025-12-29 17:00:00,CÔNG TY TNHH MỘT THÀNH VIÊN HUY VŨ,CÔNG TY TNHH BÌNH AN CAO NGUYÊN
1538,banra,1,16194444.00,2025-12-29 17:00:00,CÔNG TY TNHH MỘT THÀNH VIÊN HUY VŨ,Ủy ban Mặt trận Tổ quốc Việt Nam xã Ia Grai
1522,banra,1,2629630.00,2025-12-28 17:00:00,CÔNG TY TNHH MỘT THÀNH VIÊN HUY VŨ,CÔNG TY TNHH MỘT THÀNH VIÊN TỔNG CÔNG TY 15 - CHI NHÁNH 710
1523,banra,1,29611111.00,2025-12-28 17:00:00,CÔNG TY TNHH MỘT THÀNH VIÊN HUY VŨ,TRUNG TÂM XỬ LÝ BOM MÌN  MÔI TRƯỜNG / BỘ THAM MƯU / QUÂN ĐOÀN 34
1524,banra,1,13833333.00,2025-12-28 17:00:00,CÔNG TY TNHH MỘT THÀNH VIÊN HUY VŨ,TRƯỜNG TH & THCS NGUYỄN ĐÌNH CHIỂU
1525,banra,1,1851852.00,2025-12-28 17:00:00,CÔNG TY TNHH MỘT THÀNH VIÊN HUY VŨ,CÔNG TY TNHH TOYOTA GIA LAI
1526,banra,1,629630.00,2025-12-28 17:00:00,CÔNG TY TNHH MỘT THÀNH VIÊN HUY VŨ,CÔNG TY CỔ PHẦN CHANH LEO NAFOODS
1527,banra,1,7916667.00,2025-12-28 17:00:00,CÔNG TY TNHH MỘT THÀNH VIÊN HUY VŨ,TRƯỜNG TH & THCS NGUYỄN ĐÌNH CHIỂU
1528,banra,1,277778.00,2025-12-28 17:00:00,CÔNG TY TNHH MỘT THÀNH VIÊN HUY VŨ,CÔNG TY TNHH THƯƠNG MẠI DƯỢC PHẨM NGHINH PHONG
1529,banra,1,900000.00,2025-12-28 17:00:00,CÔNG TY TNHH MỘT THÀNH VIÊN HUY VŨ,BAN QUẢN LÝ RỪNG PHÒNG HỘ IA MEUR
1530,banra,1,23611111.00,2025-12-28 17:00:00,CÔNG TY TNHH MỘT THÀNH VIÊN HUY VŨ,CÔNG TY TNHH TƯ VẤN THIẾT KẾ DƯƠNG THÀNH GIA LAI
1519,banra,1,277778.00,2025-12-27 17:00:00,CÔNG TY TNHH MỘT THÀNH VIÊN HUY VŨ,BAN QUẢN LÝ RỪNG PHÒNG HỘ HÀ RA
1520,banra,1,129630.00,2025-12-27 17:00:00,CÔNG TY TNHH MỘT THÀNH VIÊN HUY VŨ,CÔNG TY CỔ PHẦN DU LỊCH GIA LAI
1521,banra,1,169603704.00,2025-12-27 17:00:00,CÔNG TY TNHH MỘT THÀNH VIÊN HUY VŨ,CÔNG TY TNHH ĐIỆN TỬ TIN HỌC NGUYỄN DƯƠNG
1518,banra,1,58796296.00,2025-12-26 17:00:00,CÔNG TY TNHH MỘT THÀNH VIÊN HUY VŨ,CÔNG TY TNHH MỘT THÀNH VIÊN TIN HỌC VẠN TÍN TRUNG
1503,banra,1,5546296.00,2025-12-25 17:00:00,CÔNG TY TNHH MỘT THÀNH VIÊN HUY VŨ,CÔNG TY TNHH ĐIỆN XEKAMAN 1
1504,banra,1,650000.00,2025-12-25 17:00:00,CÔNG TY TNHH MỘT THÀNH VIÊN HUY VŨ,CÔNG TY TNHH ĐIỆN XEKAMAN 1
1505,banra,1,2175926.00,2025-12-25 17:00:00,CÔNG TY TNHH MỘT THÀNH VIÊN HUY VŨ,CHI NHÁNH TỔNG CÔNG TY CÀ PHÊ VIỆT NAM - CÔNG TY CÀ PHÊ IA SAO I
1506,banra,1,6944444.00,2025-12-25 17:00:00,CÔNG TY TNHH MỘT THÀNH VIÊN HUY VŨ,TRƯỜNG TIỂU HỌC PHAN ĐĂNG LƯU
1507,banra,1,166667.00,2025-12-25 17:00:00,CÔNG TY TNHH MỘT THÀNH VIÊN HUY VŨ,CÔNG TY CỔ PHẦN SẢN XUẤT KINH DOANH LÂM SẢN GIA LAI
1508,banra,1,3453704.00,2025-12-25 17:00:00,CÔNG TY TNHH MỘT THÀNH VIÊN HUY VŨ,NGÂN HÀNG NÔNG NGHIỆP VÀ PHÁT TRIỂN NÔNG THÔN VIỆT NAM - CHI NHÁNH PLEIKU GIA LAI
1509,banra,1,1388889.00,2025-12-25 17:00:00,CÔNG TY TNHH MỘT THÀNH VIÊN HUY VŨ,NGÂN HÀNG NÔNG NGHIỆP VÀ PHÁT TRIỂN NÔNG THÔN VIỆT NAM - CHI NHÁNH PLEIKU GIA LAI
1510,banra,1,18472222.00,2025-12-25 17:00:00,CÔNG TY TNHH MỘT THÀNH VIÊN HUY VŨ,TRƯỜNG MẪU GIÁO 26/3
1511,banra,1,1250000.00,2025-12-25 17:00:00,CÔNG TY TNHH MỘT THÀNH VIÊN HUY VŨ,TRƯỜNG MẪU GIÁO 26/3
1512,banra,1,16564815.00,2025-12-25 17:00:00,CÔNG TY TNHH MỘT THÀNH VIÊN HUY VŨ,TRƯỜNG TH & THCS NGUYỄN ĐÌNH CHIỂU
1513,banra,1,39777778.00,2025-12-25 17:00:00,CÔNG TY TNHH MỘT THÀNH VIÊN HUY VŨ,CHI NHÁNH PETROLIMEX PLEIKU - CÔNG TY TNHH MTV PETROLIMEX GIA LAI
1514,banra,1,972222.00,2025-12-25 17:00:00,CÔNG TY TNHH MỘT THÀNH VIÊN HUY VŨ,CÔNG TY CỔ PHẦN HOÀNG ANH GIA LAI
1515,banra,1,2675926.00,2025-12-25 17:00:00,CÔNG TY TNHH MỘT THÀNH VIÊN HUY VŨ,CÔNG TY CỔ PHẦN CÀ PHÊ GIA LAI
1516,banra,1,120370.00,2025-12-25 17:00:00,CÔNG TY TNHH MỘT THÀNH VIÊN HUY VŨ,CÔNG TY TRÁCH NHIỆM HỮU HẠN MỘT THÀNH VIÊN TRIỆU HẢI GIA LAI
1517,banra,1,3324074.00,2025-12-25 17:00:00,CÔNG TY TNHH MỘT THÀNH VIÊN HUY VŨ,CHI NHÁNH XĂNG DẦU QUÂN ĐỘI KHU VỰC TÂY NGUYÊN - CÔNG TY TNHH MỘT THÀNH VIÊN TỔNG CÔNG TY XĂNG DẦU QUÂN ĐỘI
1499,banra,1,2037037.00,2025-12-24 17:00:00,CÔNG TY TNHH MỘT THÀNH VIÊN HUY VŨ,HỘ KINH DOANH PHAN VĂN MINH
1500,banra,1,694444.00,2025-12-24 17:00:00,CÔNG TY TNHH MỘT THÀNH VIÊN HUY VŨ,BAN QUẢN LÝ PHƯỜNG AN PHÚ
1501,banra,1,5166667.00,2025-12-24 17:00:00,CÔNG TY TNHH MỘT THÀNH VIÊN HUY VŨ,CÔNG TY TNHH MỘT THÀNH VIÊN TỔNG CÔNG TY 15 - CHI NHÁNH 710
1502,banra,1,900000.00,2025-12-24 17:00:00,CÔNG TY TNHH MỘT THÀNH VIÊN HUY VŨ,CÔNG TY TNHH MỘT THÀNH VIÊN TỔNG CÔNG TY 15 - CHI NHÁNH 710
1492,banra,1,14657407.00,2025-12-23 17:00:00,CÔNG TY TNHH MỘT THÀNH VIÊN HUY VŨ,CHI NHÁNH CÔNG TY CỔ PHẦN THUỶ ĐIỆN CẦN ĐƠN - NHÀ MÁY THỦY ĐIỆN RY NINH II
1493,banra,1,4250000.00,2025-12-23 17:00:00,CÔNG TY TNHH MỘT THÀNH VIÊN HUY VŨ,CÔNG TY TNHH MỘT THÀNH VIÊN TỔNG CÔNG TY 15 - CHI NHÁNH 710
1494,banra,1,6657407.00,2025-12-23 17:00:00,CÔNG TY TNHH MỘT THÀNH VIÊN HUY VŨ,"Kho K897, Cục Quân khí, Tổng cục Hậu cần - Kỹ thuật"
1495,banra,1,1636111.00,2025-12-23 17:00:00,CÔNG TY TNHH MỘT THÀNH VIÊN HUY VŨ,LỮ ĐOÀN 132 - BINH CHỦNG THÔNG TIN LIÊN LẠC
1496,banra,1,9166667.00,2025-12-23 17:00:00,CÔNG TY TNHH MỘT THÀNH VIÊN HUY VŨ,LỮ ĐOÀN 132 - BINH CHỦNG THÔNG TIN LIÊN LẠC
1497,banra,1,13453703.00,2025-12-23 17:00:00,CÔNG TY TNHH MỘT THÀNH VIÊN HUY VŨ,ỦY BAN MẶT TRẬN TỔ QUỐC VIỆT NAM XÃ ĐAK ĐOA
1498,banra,1,805556.00,2025-12-23 17:00:00,CÔNG TY TNHH MỘT THÀNH VIÊN HUY VŨ,CÔNG TY TNHH TIN HỌC QUANG ANH GL
1484,banra,1,18324074.00,2025-12-22 17:00:00,CÔNG TY TNHH MỘT THÀNH VIÊN HUY VŨ,BAN QUẢN LÝ RỪNG PHÒNG HỘ IA GRAI
1485,banra,1,104629630.00,2025-12-22 17:00:00,CÔNG TY TNHH MỘT THÀNH VIÊN HUY VŨ,PHÒNG KINH TẾ XÃ AYUN
1486,banra,1,49074074.00,2025-12-22 17:00:00,CÔNG TY TNHH MỘT THÀNH VIÊN HUY VŨ,PHÒNG VĂN HÓA - XÃ HỘI XÃ AYUN
1487,banra,1,212233333.00,2025-12-22 17:00:00,CÔNG TY TNHH MỘT THÀNH VIÊN HUY VŨ,VĂN PHÒNG HĐND VÀ UBND XÃ AYUN
1488,banra,1,648148.00,2025-12-22 17:00:00,CÔNG TY TNHH MỘT THÀNH VIÊN HUY VŨ,CÔNG TY TNHH THƯƠNG MẠI VÀ XÂY LẮP ĐIỆN LỘC PHÁT GIA LAI
1489,banra,1,272727.00,2025-12-22 17:00:00,CÔNG TY TNHH MỘT THÀNH VIÊN HUY VŨ,CÔNG TY TNHH THƯƠNG MẠI VÀ XÂY LẮP ĐIỆN LỘC PHÁT GIA LAI
1490,banra,1,242881482.00,2025-12-22 17:00:00,CÔNG TY TNHH MỘT THÀNH VIÊN HUY VŨ,VĂN PHÒNG ĐẢNG ỦY XÃ AYUN
1491,banra,1,17535185.00,2025-12-22 17:00:00,CÔNG TY TNHH MỘT THÀNH VIÊN HUY VŨ,CÔNG TY TNHH MỘT THÀNH VIÊN TƯ VẤN XÂY DỰNG HOÀNG UYÊN GIA LAI
1475,banra,1,78703704.00,2025-12-21 17:00:00,CÔNG TY TNHH MỘT THÀNH VIÊN HUY VŨ,CÔNG TY TNHH MỘT THÀNH VIÊN TƯ VẤN VÀ XÂY DỰNG THIÊN NAM GIA LAI
1476,banra,1,1388889.00,2025-12-21 17:00:00,CÔNG TY TNHH MỘT THÀNH VIÊN HUY VŨ,CÔNG TY CỔ PHẦN GIA SÚC LƠ PANG
1477,banra,1,7407407.00,2025-12-21 17:00:00,CÔNG TY TNHH MỘT THÀNH VIÊN HUY VŨ,CHI NHÁNH PETROLIMEX PLEIKU - CÔNG TY TNHH MTV PETROLIMEX GIA LAI
1478,banra,1,3759259.00,2025-12-21 17:00:00,CÔNG TY TNHH MỘT THÀNH VIÊN HUY VŨ,CÔNG TY CỔ PHẦN CÀ PHÊ GIA LAI
1479,banra,1,25601852.00,2025-12-21 17:00:00,CÔNG TY TNHH MỘT THÀNH VIÊN HUY VŨ,CÔNG TY CỔ PHẦN DU LỊCH GIA NGHI ĐÀ LẠT
1480,banra,1,388889.00,2025-12-21 17:00:00,CÔNG TY TNHH MỘT THÀNH VIÊN HUY VŨ,CÔNG TY TNHH MỘT THÀNH VIÊN THẾ HỆ MỚI GIA LAI
1481,banra,1,5175926.00,2025-12-21 17:00:00,CÔNG TY TNHH MỘT THÀNH VIÊN HUY VŨ,HỘ KINH DOANH MÁY VĂN PHÒNG PHƯƠNG NAM
1482,banra,1,879630.00,2025-12-21 17:00:00,CÔNG TY TNHH MỘT THÀNH VIÊN HUY VŨ,TRƯỜNG TIỂU HỌC NGUYỄN BỈNH KHIÊM
1483,banra,1,14490741.00,2025-12-21 17:00:00,CÔNG TY TNHH MỘT THÀNH VIÊN HUY VŨ,TRƯỜNG TH & THCS NGUYỄN ĐÌNH CHIỂU
1471,banra,1,73111111.00,2025-12-19 17:00:00,CÔNG TY TNHH MỘT THÀNH VIÊN HUY VŨ,CÔNG TY TNHH MỘT THÀNH VIÊN TỔNG CÔNG TY 15 - CHI NHÁNH 710
1472,banra,1,1435185.00,2025-12-19 17:00:00,CÔNG TY TNHH MỘT THÀNH VIÊN HUY VŨ,CÔNG TY CỔ PHẦN THUẬN HẢI ENERGY
1473,banra,1,416667.00,2025-12-19 17:00:00,CÔNG TY TNHH MỘT THÀNH VIÊN HUY VŨ,TRƯỜNG THPT TRẦN PHÚ
1474,banra,1,1842593.00,2025-12-19 17:00:00,CÔNG TY TNHH MỘT THÀNH VIÊN HUY VŨ,CÔNG TY TNHH MỘT THÀNH VIÊN TOÀN TRUNG
1469,banra,1,2750000.00,2025-12-18 17:00:00,CÔNG TY TNHH MỘT THÀNH VIÊN HUY VŨ,CÔNG TY TNHH MỘT THÀNH VIÊN BÌNH DƯƠNG
1470,banra,1,944444.00,2025-12-18 17:00:00,CÔNG TY TNHH MỘT THÀNH VIÊN HUY VŨ,CỬA HÀNG MÁY VĂN PHÒNG HBT
1466,banra,1,22685185.00,2025-12-17 17:00:00,CÔNG TY TNHH MỘT THÀNH VIÊN HUY VŨ,CÔNG TY TNHH TIN HỌC QUANG ANH GL
1467,banra,1,15361111.00,2025-12-17 17:00:00,CÔNG TY TNHH MỘT THÀNH VIÊN HUY VŨ,TRƯỜNG MẪU GIÁO HRA SỐ 2
1468,banra,1,296296.00,2025-12-17 17:00:00,CÔNG TY TNHH MỘT THÀNH VIÊN HUY VŨ,CÔNG TY TNHH MỘT THÀNH VIÊN XỔ SỐ KIẾN THIẾT QUẢNG BÌNH
1459,banra,1,19166667.00,2025-12-16 17:00:00,CÔNG TY TNHH MỘT THÀNH VIÊN HUY VŨ,LỮ ĐOÀN 132 - BINH CHỦNG THÔNG TIN LIÊN LẠC
1460,banra,1,555555.00,2025-12-16 17:00:00,CÔNG TY TNHH MỘT THÀNH VIÊN HUY VŨ,TRƯỜNG MẦM NON NGÔI SAO NHỎ
1461,banra,1,7407407.00,2025-12-16 17:00:00,CÔNG TY TNHH MỘT THÀNH VIÊN HUY VŨ,CHI NHÁNH PETROLIMEX PLEIKU - CÔNG TY TNHH MTV PETROLIMEX GIA LAI
1462,banra,1,12851852.00,2025-12-16 17:00:00,CÔNG TY TNHH MỘT THÀNH VIÊN HUY VŨ,CÔNG TY TNHH MỘT THÀNH VIÊN DAILYMART
1463,banra,1,61851852.00,2025-12-16 17:00:00,CÔNG TY TNHH MỘT THÀNH VIÊN HUY VŨ,CÔNG TY CỔ PHẦN DU LỊCH GIA NGHI ĐÀ LẠT
1464,banra,1,2166667.00,2025-12-16 17:00:00,CÔNG TY TNHH MỘT THÀNH VIÊN HUY VŨ,XƯỞNG 340 - QUÂN KHU 5
1465,banra,1,833333.00,2025-12-16 17:00:00,CÔNG TY TNHH MỘT THÀNH VIÊN HUY VŨ,CÔNG TY TNHH MỘT THÀNH VIÊN CÀ PHÊ 15
1450,banra,1,3851852.00,2025-12-15 17:00:00,CÔNG TY TNHH MỘT THÀNH VIÊN HUY VŨ,XƯỞNG 340 - QUÂN KHU 5
1451,banra,1,268519.00,2025-12-15 17:00:00,CÔNG TY TNHH MỘT THÀNH VIÊN HUY VŨ,Chi nhánh công ty TNHH Lotteria Việt Nam tại Gia Lai
1452,banra,1,14944444.00,2025-12-15 17:00:00,CÔNG TY TNHH MỘT THÀNH VIÊN HUY VŨ,CÔNG TY TRÁCH NHIỆM HỮU HẠN MỘT THÀNH VIÊN ĐỨC HOA GIA LAI
1453,banra,1,166667.00,2025-12-15 17:00:00,CÔNG TY TNHH MỘT THÀNH VIÊN HUY VŨ,CÔNG TY TNHH GIÁO DỤC QUỐC TẾ VUS
1454,banra,1,435185.00,2025-12-15 17:00:00,CÔNG TY TNHH MỘT THÀNH VIÊN HUY VŨ,TRƯỜNG TH&THCS NGUYỄN CHÍ THANH
1455,banra,1,32407407.00,2025-12-15 17:00:00,CÔNG TY TNHH MỘT THÀNH VIÊN HUY VŨ,ỦY BAN MẶT TRẬN TỔ QUỐC VIỆT NAM XÃ MANG YANG
1456,banra,1,259259.00,2025-12-15 17:00:00,CÔNG TY TNHH MỘT THÀNH VIÊN HUY VŨ,CÔNG TY CỔ PHẦN DU LỊCH GIA LAI
1457,banra,1,14805556.00,2025-12-15 17:00:00,CÔNG TY TNHH MỘT THÀNH VIÊN HUY VŨ,CÔNG TY TNHH EIDETIC EVENT
1458,banra,1,19990741.00,2025-12-15 17:00:00,CÔNG TY TNHH MỘT THÀNH VIÊN HUY VŨ,CÔNG TY TNHH ÁNH DƯƠNG 9
1447,banra,1,6194444.00,2025-12-14 17:00:00,CÔNG TY TNHH MỘT THÀNH VIÊN HUY VŨ,CÔNG TY CỔ PHẦN NGUYỄN HẢI GIA LAI
1448,banra,1,3416667.00,2025-12-14 17:00:00,CÔNG TY TNHH MỘT THÀNH VIÊN HUY VŨ,CÔNG TY TNHH MỘT THÀNH VIÊN MINH HOA GIA LAI
1449,banra,1,36444444.00,2025-12-14 17:00:00,CÔNG TY TNHH MỘT THÀNH VIÊN HUY VŨ,CÔNG TY TNHH MỘT THÀNH VIÊN TƯ VẤN VÀ XÂY DỰNG THIÊN NAM GIA LAI
1442,banra,1,18472222.00,2025-12-12 17:00:00,CÔNG TY TNHH MỘT THÀNH VIÊN HUY VŨ,TRƯỜNG PHỔ THÔNG DÂN TỘC BÁN TRÚ THCS KON CHIÊNG
1443,banra,1,17592593.00,2025-12-12 17:00:00,CÔNG TY TNHH MỘT THÀNH VIÊN HUY VŨ,CÔNG TY TNHH ĐIỆN TỬ TIN HỌC KIM PHÁT
1444,banra,1,925926.00,2025-12-12 17:00:00,CÔNG TY TNHH MỘT THÀNH VIÊN HUY VŨ,BAN CHÍNH TRỊ - TRUNG ĐOÀN 64 - SƯ ĐOÀN 320
1445,banra,1,462963.00,2025-12-12 17:00:00,CÔNG TY TNHH MỘT THÀNH VIÊN HUY VŨ,BAN CHÍNH TRỊ - TRUNG ĐOÀN 64 - SƯ ĐOÀN 320
1446,banra,1,28472222.00,2025-12-12 17:00:00,CÔNG TY TNHH MỘT THÀNH VIÊN HUY VŨ,CÔNG TY BẢO VIỆT GIA LAI
1437,banra,1,2037037.00,2025-12-11 17:00:00,CÔNG TY TNHH MỘT THÀNH VIÊN HUY VŨ,TRƯỜNG TIỂU HỌC NAYDER
1438,banra,1,11935185.00,2025-12-11 17:00:00,CÔNG TY TNHH MỘT THÀNH VIÊN HUY VŨ,CÔNG TY TNHH MTV THƯƠNG MẠI THIÊN NGÂN KON TUM
1439,banra,1,3879630.00,2025-12-11 17:00:00,CÔNG TY TNHH MỘT THÀNH VIÊN HUY VŨ,CÔNG TY TNHH MỘT THÀNH VIÊN KHÁNH BẢO
1440,banra,1,1388889.00,2025-12-11 17:00:00,CÔNG TY TNHH MỘT THÀNH VIÊN HUY VŨ,QUÂN ĐOÀN 34
1441,banra,1,379630.00,2025-12-11 17:00:00,CÔNG TY TNHH MỘT THÀNH VIÊN HUY VŨ,THỐNG KÊ CƠ SỞ CHƯ PĂH
1434,banra,1,26675926.00,2025-12-10 17:00:00,CÔNG TY TNHH MỘT THÀNH VIÊN HUY VŨ,XÍ NGHIỆP KHẢO SÁT THIẾT KẾ - CHI NHÁNH TỔNG CÔNG TY 15
1435,banra,1,16287037.00,2025-12-10 17:00:00,CÔNG TY TNHH MỘT THÀNH VIÊN HUY VŨ,CÔNG TY TNHH MTV TRƯỜNG PHÁT CONS
1436,banra,1,2231482.00,2025-12-10 17:00:00,CÔNG TY TNHH MỘT THÀNH VIÊN HUY VŨ,CÔNG TY TNHH MTV TRƯỜNG PHÁT CONS
1426,banra,1,268519.00,2025-12-09 17:00:00,CÔNG TY TNHH MỘT THÀNH VIÊN HUY VŨ,CÔNG TY TNHH MỘT THÀNH VIÊN ĐẠI LÝ BẢO HIỂM ĐỨC GIA THỊNH
1427,banra,1,2546296.00,2025-12-09 17:00:00,CÔNG TY TNHH MỘT THÀNH VIÊN HUY VŨ,CÔNG TY CỔ PHẦN ĐẦU TƯ XÂY DỰNG TRƯỜNG THÀNH GIA LAI
1428,banra,1,435185.00,2025-12-09 17:00:00,CÔNG TY TNHH MỘT THÀNH VIÊN HUY VŨ,BẢO HIỂM XÃ HỘI CƠ SỞ PLEIKU
1429,banra,1,3194444.00,2025-12-09 17:00:00,CÔNG TY TNHH MỘT THÀNH VIÊN HUY VŨ,CÔNG TY TNHH PHÁT TRIỂN KHOA HỌC QUỐC TẾ TRƯỜNG SINH
1430,banra,1,17203704.00,2025-12-09 17:00:00,CÔNG TY TNHH MỘT THÀNH VIÊN HUY VŨ,CÔNG TY TNHH MỘT THÀNH VIÊN CHÂU GIANG CHƯ SÊ
1431,banra,1,33314815.00,2025-12-09 17:00:00,CÔNG TY TNHH MỘT THÀNH VIÊN HUY VŨ,TRƯỜNG TIỂU HỌC KON CHIÊNG SỐ 1
1432,banra,1,16657407.00,2025-12-09 17:00:00,CÔNG TY TNHH MỘT THÀNH VIÊN HUY VŨ,TRƯỜNG MẪU GIÁO KON CHIÊNG
1433,banra,1,850000.00,2025-12-09 17:00:00,CÔNG TY TNHH MỘT THÀNH VIÊN HUY VŨ,CÔNG TY CỔ PHẦN  MỸ PHẨM THIÊN NHIÊN CỎ MỀM
1420,banra,1,925926.00,2025-12-08 17:00:00,CÔNG TY TNHH MỘT THÀNH VIÊN HUY VŨ,CÔNG TY CỔ PHẦN QUỐC CƯỜNG GIA LAI
1421,banra,1,3416667.00,2025-12-08 17:00:00,CÔNG TY TNHH MỘT THÀNH VIÊN HUY VŨ,CÔNG TY CỔ PHẦN CHĂN NUÔI NẮNG VÀNG GIA LAI BA
1422,banra,1,120370.00,2025-12-08 17:00:00,CÔNG TY TNHH MỘT THÀNH VIÊN HUY VŨ,CHI NHÁNH CÔNG TY CỔ PHẦN TÀI CHÍNH VÀ PHÁT TRIỂN DOANH NGHIỆP TẠI GIA LAI
1423,banra,1,550000.00,2025-12-08 17:00:00,CÔNG TY TNHH MỘT THÀNH VIÊN HUY VŨ,CHI NHÁNH CÔNG TY CỔ PHẦN TÀI CHÍNH VÀ PHÁT TRIỂN DOANH NGHIỆP TẠI GIA LAI
1424,banra,1,9259259.00,2025-12-08 17:00:00,CÔNG TY TNHH MỘT THÀNH VIÊN HUY VŨ,NGÂN HÀNG THƯƠNG MẠI CỔ PHẦN ĐẦU TƯ VÀ PHÁT TRIỂN VIỆT NAM - CHI NHÁNH PHỐ NÚI
1425,banra,1,314815.00,2025-12-08 17:00:00,CÔNG TY TNHH MỘT THÀNH VIÊN HUY VŨ,CÔNG TY TNHH PHÁT TRIỂN DU LỊCH LA MIA
1411,banra,1,935185.00,2025-12-07 17:00:00,CÔNG TY TNHH MỘT THÀNH VIÊN HUY VŨ,ĐOÀN TRINH SÁT MIỀN TRUNG
1412,banra,1,9259259.00,2025-12-07 17:00:00,CÔNG TY TNHH MỘT THÀNH VIÊN HUY VŨ,CHI NHÁNH PETROLIMEX PLEIKU - CÔNG TY TNHH MTV PETROLIMEX GIA LAI
1413,banra,1,1342593.00,2025-12-07 17:00:00,CÔNG TY TNHH MỘT THÀNH VIÊN HUY VŨ,CHI NHÁNH GIA LAI - CÔNG TY TNHH NKG VIỆT NAM
1414,banra,1,11101852.00,2025-12-07 17:00:00,CÔNG TY TNHH MỘT THÀNH VIÊN HUY VŨ,CÔNG TY TNHH KIM NGUYÊN GL
1415,banra,1,3898148.00,2025-12-07 17:00:00,CÔNG TY TNHH MỘT THÀNH VIÊN HUY VŨ,CÔNG TY CỔ PHẦN THUỶ ĐIỆN ĐĂK ĐOA
1416,banra,1,8333333.00,2025-12-07 17:00:00,CÔNG TY TNHH MỘT THÀNH VIÊN HUY VŨ,CHI NHÁNH PETROLIMEX PLEIKU - CÔNG TY TNHH MTV PETROLIMEX GIA LAI
1417,banra,1,268519.00,2025-12-07 17:00:00,CÔNG TY TNHH MỘT THÀNH VIÊN HUY VŨ,CÔNG TY CỔ PHẦN LIZEN
1418,banra,1,92129630.00,2025-12-07 17:00:00,CÔNG TY TNHH MỘT THÀNH VIÊN HUY VŨ,CÔNG TY TNHH ĐIỆN TỬ TIN HỌC KIM PHÁT
1408,banra,1,8240741.00,2025-12-05 17:00:00,CÔNG TY TNHH MỘT THÀNH VIÊN HUY VŨ,CHI NHÁNH PETROLIMEX PLEIKU - CÔNG TY TNHH MTV PETROLIMEX GIA LAI
1409,banra,1,9157407.00,2025-12-05 17:00:00,CÔNG TY TNHH MỘT THÀNH VIÊN HUY VŨ,CHI NHÁNH PETROLIMEX PLEIKU - CÔNG TY TNHH MTV PETROLIMEX GIA LAI
1410,banra,1,8231481.00,2025-12-05 17:00:00,CÔNG TY TNHH MỘT THÀNH VIÊN HUY VŨ,CHI NHÁNH PETROLIMEX PLEIKU - CÔNG TY TNHH MTV PETROLIMEX GIA LAI
1397,banra,1,601852.00,2025-12-04 17:00:00,CÔNG TY TNHH MỘT THÀNH VIÊN HUY VŨ,VIỆN KIỂM SÁT QUÂN SỰ QUÂN ĐOÀN 34
1398,banra,1,14851852.00,2025-12-04 17:00:00,CÔNG TY TNHH MỘT THÀNH VIÊN HUY VŨ,CÔNG TY TNHH MỘT THÀNH VIÊN THỜI ĐẠI MỚI GIA LAI
1399,banra,1,694444.00,2025-12-04 17:00:00,CÔNG TY TNHH MỘT THÀNH VIÊN HUY VŨ,CÔNG TY CỔ PHẦN HOÀNG ANH GIA LAI
1400,banra,1,2268519.00,2025-12-04 17:00:00,CÔNG TY TNHH MỘT THÀNH VIÊN HUY VŨ,CÔNG TY TNHH QUỐC DUY GIA LAI
1401,banra,1,10175926.00,2025-12-04 17:00:00,CÔNG TY TNHH MỘT THÀNH VIÊN HUY VŨ,CÔNG TY TNHH MTV TRIỆU QUÝ
1402,banra,1,138889.00,2025-12-04 17:00:00,CÔNG TY TNHH MỘT THÀNH VIÊN HUY VŨ,CÔNG TY TNHH BỆNH VIỆN MẮT CAO NGUYÊN
1403,banra,1,2768519.00,2025-12-04 17:00:00,CÔNG TY TNHH MỘT THÀNH VIÊN HUY VŨ,CÔNG TY TNHH THƯƠNG MẠI VÀ DỊCH VỤ ABC HAISI
1404,banra,1,7953704.00,2025-12-04 17:00:00,CÔNG TY TNHH MỘT THÀNH VIÊN HUY VŨ,CHI NHÁNH PETROLIMEX PLEIKU - CÔNG TY TNHH MTV PETROLIMEX GIA LAI
1405,banra,1,15953704.00,2025-12-04 17:00:00,CÔNG TY TNHH MỘT THÀNH VIÊN HUY VŨ,CÔNG TY CỔ PHẦN VẬT TƯ NÔNG NGHIỆP BẢO ĐẠT
1391,banra,1,43425926.00,2025-12-03 17:00:00,CÔNG TY TNHH MỘT THÀNH VIÊN HUY VŨ,Công ty Thuỷ Điện Ialy - CHI NHÁNH TẬP ĐOÀN ĐIỆN LỰC VIỆT NAM
1393,banra,1,1203704.00,2025-12-03 17:00:00,CÔNG TY TNHH MỘT THÀNH VIÊN HUY VŨ,CÔNG TY CỔ PHẦN XÂY DỰNG 47
1394,banra,1,12759259.00,2025-12-03 17:00:00,CÔNG TY TNHH MỘT THÀNH VIÊN HUY VŨ,CÔNG TY TNHH MỘT THÀNH VIÊN MẠNH THẮNG GLC
1395,banra,1,277778.00,2025-12-03 17:00:00,CÔNG TY TNHH MỘT THÀNH VIÊN HUY VŨ,CÔNG TY CỔ PHẦN BỆNH VIỆN ĐẠI HỌC Y DƯỢC - HOÀNG ANH GIA LAI
1396,banra,1,7953704.00,2025-12-03 17:00:00,CÔNG TY TNHH MỘT THÀNH VIÊN HUY VŨ,CHI NHÁNH PETROLIMEX PLEIKU - CÔNG TY TNHH MTV PETROLIMEX GIA LAI
5106,muavao,1,6649999.00,2025-06-29 17:00:00,CÔNG TY TNHH PHÂN PHỐI PHƯƠNG VIỆT,CÔNG TY TNHH MỘT THÀNH VIÊN HUY VŨ
190796,muavao,1,454545.00,2025-06-29 17:00:00,CÔNG TY TNHH MTV XĂNG DẦU BẮC TÂY NGUYÊN,CÔNG TY TNHH MỘT THÀNH VIÊN HUY VŨ
11471,muavao,1,18109090.00,2025-06-27 17:00:00,CÔNG TY CỔ PHẦN MÁY TÍNH VĨNH XUÂN,CÔNG TY TNHH MỘT THÀNH VIÊN HUY VŨ
13028,muavao,1,3556364.00,2025-06-27 17:00:00,CÔNG TY CỔ PHẦN MÁY TÍNH VĨNH XUÂN - CHI NHÁNH THÀNH PHỐ HỒ CHÍ MINH,CÔNG TY TNHH MỘT THÀNH VIÊN HUY VŨ
13042,muavao,1,3890909.00,2025-06-27 17:00:00,CÔNG TY CỔ PHẦN MÁY TÍNH VĨNH XUÂN - CHI NHÁNH THÀNH PHỐ HỒ CHÍ MINH,CÔNG TY TNHH MỘT THÀNH VIÊN HUY VŨ
1375,muavao,1,20654545.00,2025-06-27 17:00:00,CÔNG TY CỔ PHẦN MÁY TÍNH VĨNH XUÂN - CHI NHÁNH ĐÀ NẴNG,CÔNG TY TNHH MỘT THÀNH VIÊN HUY VŨ
1376,muavao,1,5260910.00,2025-06-27 17:00:00,CÔNG TY CỔ PHẦN MÁY TÍNH VĨNH XUÂN - CHI NHÁNH ĐÀ NẴNG,CÔNG TY TNHH MỘT THÀNH VIÊN HUY VŨ
1379,muavao,1,2927272.00,2025-06-27 17:00:00,CÔNG TY CỔ PHẦN MÁY TÍNH VĨNH XUÂN - CHI NHÁNH ĐÀ NẴNG,CÔNG TY TNHH MỘT THÀNH VIÊN HUY VŨ
60632,muavao,1,9363636.00,2025-06-27 17:00:00,CÔNG TY CỔ PHẦN DỊCH VỤ PHÂN PHỐI TỔNG HỢP DẦU KHÍ,Công ty TNHH  Một Thành Viên Huy Vũ
60655,muavao,1,2218182.00,2025-06-27 17:00:00,CÔNG TY CỔ PHẦN DỊCH VỤ PHÂN PHỐI TỔNG HỢP DẦU KHÍ,Công ty TNHH  Một Thành Viên Huy Vũ
1200,muavao,1,16727273.00,2025-06-27 17:00:00,CÔNG TY TNHH XUẤT NHẬP KHẨU LÊ TRẦN GIA,CÔNG TY TNHH MỘT THÀNH VIÊN HUY VŨ
559,muavao,1,181363636.00,2025-06-26 17:00:00,CHI NHÁNH CÔNG TY CỔ PHẦN ĐẦU TƯ VÀ PHÁT TRIỂN CÔNG NGHỆ QUỐC GIA ADG TẠI ĐÀ NẴNG,Công Ty TNHH Một Thành Viên Huy Vũ
562,muavao,1,17790909.00,2025-06-26 17:00:00,CHI NHÁNH CÔNG TY CỔ PHẦN ĐẦU TƯ VÀ PHÁT TRIỂN CÔNG NGHỆ QUỐC GIA ADG TẠI ĐÀ NẴNG,Công Ty TNHH Một Thành Viên Huy Vũ
140241,muavao,1,225000.00,2025-06-26 17:00:00,Ngân hàng TMCP Sài Gòn Thương Tín - Chi nhánh Gia Lai,CONG TY TNHH MTV HUY VU
732,muavao,1,6072728.00,2025-06-26 17:00:00,CÔNG TY TNHH ĐẦU TƯ PGP,CÔNG TY TNHH MTV HUY VŨ
9378,muavao,1,2870000.00,2025-06-25 17:00:00,CÔNG TY CỔ PHẦN GIẢI PHÁP TIN HỌC ÁNH DƯƠNG,CÔNG TY TNHH MỘT THÀNH VIÊN HUY VŨ
29280808,muavao,1,447436.00,2025-06-24 17:00:00,NGÂN HÀNG TMCP Á CHÂU,CTY TNHH MTV HUY VU
29280827,muavao,1,1152739.00,2025-06-24 17:00:00,NGÂN HÀNG TMCP Á CHÂU,CTY TNHH MTV HUY VU
29280838,muavao,1,595890.00,2025-06-24 17:00:00,NGÂN HÀNG TMCP Á CHÂU,CTY TNHH MTV HUY VU
29280879,muavao,1,776558.00,2025-06-24 17:00:00,NGÂN HÀNG TMCP Á CHÂU,CTY TNHH MTV HUY VU
29280900,muavao,1,439792.00,2025-06-24 17:00:00,NGÂN HÀNG TMCP Á CHÂU,CTY TNHH MTV HUY VU
29280905,muavao,1,452055.00,2025-06-24 17:00:00,NGÂN HÀNG TMCP Á CHÂU,CTY TNHH MTV HUY VU
53020,muavao,1,16963636.00,2025-06-24 17:00:00,CÔNG TY TNHH MỘT THÀNH VIÊN CÔNG NGHỆ TIN HỌC VIỄN SƠN,CÔNG TY TNHH MỘT THÀNH VIÊN HUY VŨ
53036,muavao,1,13590909.00,2025-06-24 17:00:00,CÔNG TY TNHH MỘT THÀNH VIÊN CÔNG NGHỆ TIN HỌC VIỄN SƠN,CÔNG TY TNHH MỘT THÀNH VIÊN HUY VŨ
53042,muavao,1,1916364.00,2025-06-24 17:00:00,CÔNG TY TNHH MỘT THÀNH VIÊN CÔNG NGHỆ TIN HỌC VIỄN SƠN,CÔNG TY TNHH MỘT THÀNH VIÊN HUY VŨ
57918,muavao,1,97772727.00,2025-06-24 17:00:00,CÔNG TY CỔ PHẦN DỊCH VỤ PHÂN PHỐI TỔNG HỢP DẦU KHÍ,Công ty TNHH  Một Thành Viên Huy Vũ
6497,muavao,1,5836362.00,2025-06-24 17:00:00,Công Ty TNHH Công Nghệ Thông Tin An Phát,CÔNG TY TNHH MỘT THÀNH VIÊN HUY VŨ
535,muavao,1,172818182.00,2025-06-23 17:00:00,CHI NHÁNH CÔNG TY CỔ PHẦN ĐẦU TƯ VÀ PHÁT TRIỂN CÔNG NGHỆ QUỐC GIA ADG TẠI ĐÀ NẴNG,Công Ty TNHH Một Thành Viên Huy Vũ
83153,muavao,1,23818182.00,2025-06-23 17:00:00,Công ty TNHH Phân phối Synnex FPT,Công ty TNHH MTV Huy Vũ
3598,muavao,1,30000.00,2025-06-23 17:00:00,Ngân hàng TMCP Sài Gòn Thương Tín - Chi nhánh Gia Lai,CONG TY TNHH MTV HUY VU
11376,muavao,1,11590910.00,2025-06-23 17:00:00,CÔNG TY CỔ PHẦN ĐẦU TƯ LBM,CÔNG TY TNHH MỘT THÀNH VIÊN HUY VŨ
4919,muavao,1,70936373.00,2025-06-23 17:00:00,CÔNG TY TNHH PHÂN PHỐI PHƯƠNG VIỆT,CÔNG TY TNHH MỘT THÀNH VIÊN HUY VŨ
136598,muavao,1,80000.00,2025-06-22 17:00:00,Ngân hàng TMCP Sài Gòn Thương Tín - Chi nhánh Gia Lai,CONG TY TNHH MTV HUY VU
28605596,muavao,1,1536990.00,2025-06-22 17:00:00,NGÂN HÀNG TMCP Á CHÂU,CTY TNHH MTV HUY VU
35594,muavao,1,3654545.00,2025-06-22 17:00:00,CÔNG TY TNHH VI TÍNH NGUYÊN KIM,CÔNG TY TNHH MỘT THÀNH VIÊN HUY VŨ
695,muavao,1,33000000.00,2025-06-22 17:00:00,CÔNG TY CỔ PHẦN TIN HỌC TNT ,CÔNG TY TNHH MỘT THÀNH VIÊN HUY VŨ
197,muavao,1,15331817.00,2025-06-22 17:00:00,CÔNG TY TNHH ĐIỆN TỬ TIN HỌC KIM PHÁT,Công Ty Trách Nhiệm Hữu Hạn một thành viên Huy Vũ
30,muavao,1,12100000.00,2025-06-22 17:00:00,CÔNG TY TNHH KỸ THUẬT CÔNG NGHỆ HẢI SƠN,CÔNG TY TNHH MỘT THÀNH VIÊN HUY VŨ
964,muavao,1,454545.00,2025-06-21 17:00:00,CÔNG TY TNHH CÔNG NGHỆ ÂU LẠC,CÔNG TY TNHH MỘT THÀNH VIÊN HUY VŨ
28165582,muavao,1,1471034.00,2025-06-20 17:00:00,NGÂN HÀNG TMCP Á CHÂU,CTY TNHH MTV HUY VU
28165595,muavao,1,361644.00,2025-06-20 17:00:00,NGÂN HÀNG TMCP Á CHÂU,CTY TNHH MTV HUY VU
28165597,muavao,1,497260.00,2025-06-20 17:00:00,NGÂN HÀNG TMCP Á CHÂU,CTY TNHH MTV HUY VU
180466,muavao,1,454545.00,2025-06-20 17:00:00,CÔNG TY TNHH MTV XĂNG DẦU BẮC TÂY NGUYÊN,CÔNG TY TNHH MỘT THÀNH VIÊN HUY VŨ
119896,muavao,1,1490900.00,2025-06-19 17:00:00,Chi nhánh Công ty TNHH phân phối Synnex FPT,Công ty TNHH MTV Huy Vũ
135276,muavao,1,23000.00,2025-06-19 17:00:00,Ngân hàng TMCP Sài Gòn Thương Tín - Chi nhánh Gia Lai,CONG TY TNHH MTV HUY VU
28065881,muavao,1,218182.00,2025-06-19 17:00:00,NGÂN HÀNG TMCP Á CHÂU,CTY TNHH MTV HUY VU
1240,muavao,1,25354545.00,2025-06-18 17:00:00,CÔNG TY CỔ PHẦN MÁY TÍNH VĨNH XUÂN - CHI NHÁNH ĐÀ NẴNG,CÔNG TY TNHH MỘT THÀNH VIÊN HUY VŨ
2328,muavao,1,3063636.00,2025-06-18 17:00:00,Chi nhánh Công ty Cổ phần thương mại Tin học Hưng Long,CÔNG TY TNHH MỘT THÀNH VIÊN  HUY VŨ
2329,muavao,1,0.00,2025-06-18 17:00:00,Chi nhánh Công ty Cổ phần thương mại Tin học Hưng Long,CÔNG TY TNHH MỘT THÀNH VIÊN  HUY VŨ
118982,muavao,1,28727272.00,2025-06-18 17:00:00,Chi nhánh Công ty TNHH phân phối Synnex FPT,Công ty TNHH MTV Huy Vũ
27761486,muavao,1,125455.00,2025-06-18 17:00:00,NGÂN HÀNG TMCP Á CHÂU,CTY TNHH MTV HUY VU
27793143,muavao,1,801635.00,2025-06-18 17:00:00,NGÂN HÀNG TMCP Á CHÂU,CTY TNHH MTV HUY VU
27892837,muavao,1,4545.00,2025-06-18 17:00:00,NGÂN HÀNG TMCP Á CHÂU,CTY TNHH MTV HUY VU
27892977,muavao,1,4545.00,2025-06-18 17:00:00,NGÂN HÀNG TMCP Á CHÂU,CTY TNHH MTV HUY VU
27894232,muavao,1,14545.00,2025-06-18 17:00:00,NGÂN HÀNG TMCP Á CHÂU,CTY TNHH MTV HUY VU
49508,muavao,1,33136364.00,2025-06-18 17:00:00,CÔNG TY TNHH MỘT THÀNH VIÊN CÔNG NGHỆ TIN HỌC VIỄN SƠN,CÔNG TY TNHH MỘT THÀNH VIÊN HUY VŨ
3426,muavao,1,1480000.00,2025-06-17 17:00:00,CÔNG TY CỔ PHẦN GIẢI PHÁP MẠNG VÀ MÁY TÍNH TIC,CÔNG TY TNHH MỘT THÀNH VIÊN HUY VŨ
3478,muavao,1,20000.00,2025-06-17 17:00:00,Ngân hàng TMCP Sài Gòn Thương Tín - Chi nhánh Gia Lai,CONG TY TNHH MTV HUY VU
328840,muavao,1,11691818.00,2025-06-17 17:00:00,CÔNG TY CỔ PHẦN THẾ GIỚI SỐ,CÔNG TY TNHH MTV HUY VŨ
2215,muavao,1,4700000.00,2025-06-17 17:00:00,CÔNG TY TNHH GIẢI PHÁP FINGERTAS,CÔNG TY TNHH MỘT THÀNH VIÊN HUY VŨ
500,muavao,1,116909091.00,2025-06-16 17:00:00,CHI NHÁNH CÔNG TY CỔ PHẦN ĐẦU TƯ VÀ PHÁT TRIỂN CÔNG NGHỆ QUỐC GIA ADG TẠI ĐÀ NẴNG,Công Ty TNHH Một Thành Viên Huy Vũ
27485745,muavao,1,14545.00,2025-06-16 17:00:00,NGÂN HÀNG TMCP Á CHÂU,CTY TNHH MTV HUY VU
27497311,muavao,1,4545.00,2025-06-16 17:00:00,NGÂN HÀNG TMCP Á CHÂU,CTY TNHH MTV HUY VU
27500084,muavao,1,14545.00,2025-06-16 17:00:00,NGÂN HÀNG TMCP Á CHÂU,CTY TNHH MTV HUY VU
27513844,muavao,1,4545.00,2025-06-16 17:00:00,NGÂN HÀNG TMCP Á CHÂU,CTY TNHH MTV HUY VU
4670,muavao,1,1409091.00,2025-06-15 17:00:00,CÔNG TY TNHH PHÂN PHỐI PHƯƠNG VIỆT,CÔNG TY TNHH MỘT THÀNH VIÊN HUY VŨ
1167,muavao,1,772727.00,2025-06-15 17:00:00,CÔNG TY CỔ PHẦN VPS MIỀN TRUNG,CÔNG TY TNHH MỘT THÀNH VIÊN HUY VŨ
187,muavao,1,12345457.00,2025-06-13 17:00:00,CÔNG TY TNHH ĐIỆN TỬ TIN HỌC KIM PHÁT,Công Ty Trách Nhiệm Hữu Hạn một thành viên Huy Vũ
218,muavao,1,2400000.00,2025-06-12 17:00:00,CÔNG TY TNHH ALOHA VINA,CÔNG TY TNHH MỘT THÀNH VIÊN HUY VŨ
4561,muavao,1,11900003.00,2025-06-11 17:00:00,CÔNG TY TNHH PHÂN PHỐI PHƯƠNG VIỆT,CÔNG TY TNHH MỘT THÀNH VIÊN HUY VŨ
181,muavao,1,4444444.00,2025-06-11 17:00:00,CÔNG TY TNHH ĐIỆN TỬ TIN HỌC KIM PHÁT,Công Ty Trách Nhiệm Hữu Hạn một thành viên Huy Vũ
26269578,muavao,1,1231844.00,2025-06-10 17:00:00,NGÂN HÀNG TMCP Á CHÂU,CTY TNHH MTV HUY VU
26269664,muavao,1,1401754.00,2025-06-10 17:00:00,NGÂN HÀNG TMCP Á CHÂU,CTY TNHH MTV HUY VU
26269682,muavao,1,3037133.00,2025-06-10 17:00:00,NGÂN HÀNG TMCP Á CHÂU,CTY TNHH MTV HUY VU
26269724,muavao,1,1815798.00,2025-06-10 17:00:00,NGÂN HÀNG TMCP Á CHÂU,CTY TNHH MTV HUY VU
26269756,muavao,1,1605324.00,2025-06-10 17:00:00,NGÂN HÀNG TMCP Á CHÂU,CTY TNHH MTV HUY VU
26269820,muavao,1,890491.00,2025-06-10 17:00:00,NGÂN HÀNG TMCP Á CHÂU,CTY TNHH MTV HUY VU
26269964,muavao,1,756939.00,2025-06-10 17:00:00,NGÂN HÀNG TMCP Á CHÂU,CTY TNHH MTV HUY VU
26270011,muavao,1,1374045.00,2025-06-10 17:00:00,NGÂN HÀNG TMCP Á CHÂU,CTY TNHH MTV HUY VU
26270159,muavao,1,909150.00,2025-06-10 17:00:00,NGÂN HÀNG TMCP Á CHÂU,CTY TNHH MTV HUY VU
26270279,muavao,1,3270759.00,2025-06-10 17:00:00,NGÂN HÀNG TMCP Á CHÂU,CTY TNHH MTV HUY VU
26270305,muavao,1,963382.00,2025-06-10 17:00:00,NGÂN HÀNG TMCP Á CHÂU,CTY TNHH MTV HUY VU
26270308,muavao,1,873793.00,2025-06-10 17:00:00,NGÂN HÀNG TMCP Á CHÂU,CTY TNHH MTV HUY VU
26270324,muavao,1,224658.00,2025-06-10 17:00:00,NGÂN HÀNG TMCP Á CHÂU,CTY TNHH MTV HUY VU
26270375,muavao,1,204023.00,2025-06-10 17:00:00,NGÂN HÀNG TMCP Á CHÂU,CTY TNHH MTV HUY VU
26270451,muavao,1,890536.00,2025-06-10 17:00:00,NGÂN HÀNG TMCP Á CHÂU,CTY TNHH MTV HUY VU
129266,muavao,1,31600.00,2025-06-09 17:00:00,Ngân hàng TMCP Sài Gòn Thương Tín - Chi nhánh Gia Lai,CONG TY TNHH MTV HUY VU
26027831,muavao,1,1502759.00,2025-06-09 17:00:00,NGÂN HÀNG TMCP Á CHÂU,CTY TNHH MTV HUY VU
26027844,muavao,1,509589.00,2025-06-09 17:00:00,NGÂN HÀNG TMCP Á CHÂU,CTY TNHH MTV HUY VU
26056008,muavao,1,467123.00,2025-06-09 17:00:00,NGÂN HÀNG TMCP Á CHÂU,CTY TNHH MTV HUY VU
26056157,muavao,1,808208.00,2025-06-09 17:00:00,NGÂN HÀNG TMCP Á CHÂU,CTY TNHH MTV HUY VU
3280,muavao,1,23000.00,2025-06-08 17:00:00,Ngân hàng TMCP Sài Gòn Thương Tín - Chi nhánh Gia Lai,CONG TY TNHH MTV HUY VU
46633,muavao,1,14363636.00,2025-06-08 17:00:00,CÔNG TY TNHH MỘT THÀNH VIÊN CÔNG NGHỆ TIN HỌC VIỄN SƠN,CÔNG TY TNHH MỘT THÀNH VIÊN HUY VŨ
49266,muavao,1,19090909.00,2025-06-08 17:00:00,CÔNG TY CỔ PHẦN DỊCH VỤ PHÂN PHỐI TỔNG HỢP DẦU KHÍ,Công ty TNHH  Một Thành Viên Huy Vũ
10025,muavao,1,14136365.00,2025-06-08 17:00:00,CÔNG TY CỔ PHẦN ĐẦU TƯ LBM,CÔNG TY TNHH MỘT THÀNH VIÊN HUY VŨ
80767,muavao,1,68182.00,2025-06-08 17:00:00,CÔNG TY TNHH TP-LINK TECHNOLOGIES VIỆT NAM,CÔNG TY TNHH MỘT THÀNH VIÊN HUY VŨ
176,muavao,1,17181820.00,2025-06-08 17:00:00,CÔNG TY TNHH ĐIỆN TỬ TIN HỌC KIM PHÁT,Công Ty Trách Nhiệm Hữu Hạn một thành viên Huy Vũ
25268574,muavao,1,55000.00,2025-06-06 17:00:00,NGÂN HÀNG TMCP Á CHÂU,CTY TNHH MTV HUY VU
25268838,muavao,1,55000.00,2025-06-06 17:00:00,NGÂN HÀNG TMCP Á CHÂU,CTY TNHH MTV HUY VU
25268912,muavao,1,55000.00,2025-06-06 17:00:00,NGÂN HÀNG TMCP Á CHÂU,CTY TNHH MTV HUY VU
308306,muavao,1,116918180.00,2025-06-06 17:00:00,CÔNG TY CỔ PHẦN THẾ GIỚI SỐ,CÔNG TY TNHH MTV HUY VŨ
48834,muavao,1,143818181.00,2025-06-06 17:00:00,CÔNG TY CỔ PHẦN DỊCH VỤ PHÂN PHỐI TỔNG HỢP DẦU KHÍ,Công ty TNHH  Một Thành Viên Huy Vũ
5788,muavao,1,4609092.00,2025-06-06 17:00:00,Công Ty TNHH Công Nghệ Thông Tin An Phát,CÔNG TY TNHH MỘT THÀNH VIÊN HUY VŨ
717,muavao,1,234545.00,2025-06-05 17:00:00,CÔNG TY DỊCH VỤ MOBIFONE KHU VỰC 7 - CHI NHÁNH TỔNG CÔNG TY VIỄN THÔNG MOBIFONE,Công ty TNHH MTV Huy Vũ
46168,muavao,1,14363636.00,2025-06-05 17:00:00,CÔNG TY TNHH MỘT THÀNH VIÊN CÔNG NGHỆ TIN HỌC VIỄN SƠN,CÔNG TY TNHH MỘT THÀNH VIÊN HUY VŨ
12136,muavao,1,1327273.00,2025-06-05 17:00:00,CHI NHÁNH - CÔNG TY TNHH MỘT THÀNH VIÊN CÔNG NGHỆ TIN HỌC VIỄN SƠN TẠI HÀ NỘI,CÔNG TY TNHH MỘT THÀNH VIÊN HUY VŨ
48633,muavao,1,112545454.00,2025-06-05 17:00:00,CÔNG TY CỔ PHẦN DỊCH VỤ PHÂN PHỐI TỔNG HỢP DẦU KHÍ,Công ty TNHH  Một Thành Viên Huy Vũ
1045,muavao,1,16363636.00,2025-06-05 17:00:00,CÔNG TY TNHH XUẤT NHẬP KHẨU LÊ TRẦN GIA,CÔNG TY TNHH MỘT THÀNH VIÊN HUY VŨ
24037985,muavao,1,4545.00,2025-06-04 17:00:00,NGÂN HÀNG TMCP Á CHÂU,CTY TNHH MTV HUY VU
24039082,muavao,1,4545.00,2025-06-04 17:00:00,NGÂN HÀNG TMCP Á CHÂU,CTY TNHH MTV HUY VU
24039401,muavao,1,28981.00,2025-06-04 17:00:00,NGÂN HÀNG TMCP Á CHÂU,CTY TNHH MTV HUY VU
24041755,muavao,1,4545.00,2025-06-04 17:00:00,NGÂN HÀNG TMCP Á CHÂU,CTY TNHH MTV HUY VU
24043155,muavao,1,4545.00,2025-06-04 17:00:00,NGÂN HÀNG TMCP Á CHÂU,CTY TNHH MTV HUY VU
31251,muavao,1,3836364.00,2025-06-04 17:00:00,CÔNG TY TNHH VI TÍNH NGUYÊN KIM,CÔNG TY TNHH MỘT THÀNH VIÊN HUY VŨ
47829,muavao,1,14872728.00,2025-06-04 17:00:00,CÔNG TY CỔ PHẦN DỊCH VỤ PHÂN PHỐI TỔNG HỢP DẦU KHÍ,Công ty TNHH  Một Thành Viên Huy Vũ
169,muavao,1,27578182.00,2025-06-04 17:00:00,CÔNG TY TNHH ĐIỆN TỬ TIN HỌC KIM PHÁT,Công Ty Trách Nhiệm Hữu Hạn một thành viên Huy Vũ
9006,muavao,1,2490909.00,2025-06-03 17:00:00,CÔNG TY CỔ PHẦN MÁY TÍNH VĨNH XUÂN - CHI NHÁNH THÀNH PHỐ HỒ CHÍ MINH,CÔNG TY TNHH MỘT THÀNH VIÊN HUY VŨ
1025,muavao,1,17545454.00,2025-06-03 17:00:00,CÔNG TY CỔ PHẦN MÁY TÍNH VĨNH XUÂN - CHI NHÁNH ĐÀ NẴNG,CÔNG TY TNHH MỘT THÀNH VIÊN HUY VŨ
617,muavao,1,6054545.00,2025-06-02 17:00:00,CÔNG TY TNHH ĐẦU TƯ PGP,CÔNG TY TNHH MTV HUY VŨ
70969,muavao,1,29200.00,2025-06-03 17:00:00,Ngân hàng TMCP Sài Gòn Thương Tín - Chi nhánh Gia Lai,CONG TY TNHH MTV HUY VU
70998,muavao,1,19000.00,2025-06-03 17:00:00,Ngân hàng TMCP Sài Gòn Thương Tín - Chi nhánh Gia Lai,CONG TY TNHH MTV HUY VU
71002,muavao,1,19000.00,2025-06-03 17:00:00,Ngân hàng TMCP Sài Gòn Thương Tín - Chi nhánh Gia Lai,CONG TY TNHH MTV HUY VU
47432,muavao,1,37963638.00,2025-06-03 17:00:00,CÔNG TY CỔ PHẦN DỊCH VỤ PHÂN PHỐI TỔNG HỢP DẦU KHÍ,Công ty TNHH  Một Thành Viên Huy Vũ
47435,muavao,1,25000000.00,2025-06-03 17:00:00,CÔNG TY CỔ PHẦN DỊCH VỤ PHÂN PHỐI TỔNG HỢP DẦU KHÍ,Công ty TNHH  Một Thành Viên Huy Vũ
1309,muavao,1,2645454.00,2025-06-03 17:00:00,CÔNG TY CỔ PHẦN RIOTECH,CÔNG TY TNHH MỘT THÀNH VIÊN HUY VŨ
167,muavao,1,21727273.00,2025-06-03 17:00:00,CÔNG TY TNHH ĐIỆN TỬ TIN HỌC KIM PHÁT,Công Ty Trách Nhiệm Hữu Hạn một thành viên Huy Vũ
1091,muavao,1,81818182.00,2025-06-03 17:00:00,CÔNG TY CỔ PHẦN VPS MIỀN TRUNG,CÔNG TY TNHH MỘT THÀNH VIÊN HUY VŨ
7751,muavao,1,7954546.00,2025-06-02 17:00:00,CÔNG TY CỔ PHẦN MÁY TÍNH VĨNH XUÂN,CÔNG TY TNHH MỘT THÀNH VIÊN HUY VŨ
1483,muavao,1,1545455.00,2025-06-02 17:00:00,CHI NHÁNH CÔNG TY TNHH CÔNG NGHỆ VÀ THƯƠNG MẠI Á MỸ,CÔNG TY TNHH MỘT THÀNH VIÊN HUY VŨ
23658755,muavao,1,4545.00,2025-06-02 17:00:00,NGÂN HÀNG TMCP Á CHÂU,CTY TNHH MTV HUY VU
2445,muavao,1,4909091.00,2025-06-02 17:00:00,CÔNG TY CỔ PHẦN ĐẦU TƯ PHÁT TRIỂN CÔNG NGHỆ ROBO,CÔNG TY TNHH MỘT THÀNH VIÊN HUY VŨ
3342,muavao,1,5454545.00,2025-06-02 17:00:00,CÔNG TY TNHH THẢO NHIÊN,CÔNG TY TNHH MỘT THÀNH VIÊN HUY VŨ
15439,muavao,1,12590909.00,2025-06-02 17:00:00,Công Ty TNHH Một Thành Viên Bảo Vinh,CÔNG TY TNHH MTV HUY VŨ
189375,muavao,1,741483.00,2025-10-12 17:00:00,Ngân hàng TMCP Sài Gòn Thương Tín - Chi nhánh Gia Lai,CONG TY TNHH MTV HUY VU
6270674,muavao,1,318182.00,2025-06-01 17:00:00,Tập đoàn Công nghiệp - Viễn thông Quân đội,Công Ty Tnhh Huy Vũ
406350,muavao,1,233636.00,2025-06-01 17:00:00,TRUNG TÂM KINH DOANH VNPT - GIA LAI - CHI NHÁNH TỔNG CÔNG TY DỊCH VỤ VIỄN THÔNG,Cửa Hàng Máy Tình Trường Sơn
406490,muavao,1,20880.00,2025-06-01 17:00:00,TRUNG TÂM KINH DOANH VNPT - GIA LAI - CHI NHÁNH TỔNG CÔNG TY DỊCH VỤ VIỄN THÔNG,Công Ty TNHH MTV  Huy Vũ
406491,muavao,1,24545.00,2025-06-01 17:00:00,TRUNG TÂM KINH DOANH VNPT - GIA LAI - CHI NHÁNH TỔNG CÔNG TY DỊCH VỤ VIỄN THÔNG,Công Ty  TNHH MTV Huy Vũ
406528,muavao,1,20000.00,2025-06-01 17:00:00,TRUNG TÂM KINH DOANH VNPT - GIA LAI - CHI NHÁNH TỔNG CÔNG TY DỊCH VỤ VIỄN THÔNG,Công Ty TNHH MTV Huy Vũ
406564,muavao,1,40364.00,2025-06-01 17:00:00,TRUNG TÂM KINH DOANH VNPT - GIA LAI - CHI NHÁNH TỔNG CÔNG TY DỊCH VỤ VIỄN THÔNG,Công Ty TNHH MTV Huy Vũ
434936,muavao,1,249636.00,2025-06-01 17:00:00,TRUNG TÂM KINH DOANH VNPT - GIA LAI - CHI NHÁNH TỔNG CÔNG TY DỊCH VỤ VIỄN THÔNG,Công Ty TNHH MTV Huy Vũ
473561,muavao,1,438112.00,2025-06-01 17:00:00,TRUNG TÂM KINH DOANH VNPT - GIA LAI - CHI NHÁNH TỔNG CÔNG TY DỊCH VỤ VIỄN THÔNG,Công Ty TNHH MTV Huy Vũ
473562,muavao,1,211511.00,2025-06-01 17:00:00,TRUNG TÂM KINH DOANH VNPT - GIA LAI - CHI NHÁNH TỔNG CÔNG TY DỊCH VỤ VIỄN THÔNG,Công Ty TNHH MTV Huy Vũ
473647,muavao,1,410220.00,2025-06-01 17:00:00,TRUNG TÂM KINH DOANH VNPT - GIA LAI - CHI NHÁNH TỔNG CÔNG TY DỊCH VỤ VIỄN THÔNG,Công Ty TNHH MTV Huy Vũ
23373487,muavao,1,4545.00,2025-06-01 17:00:00,NGÂN HÀNG TMCP Á CHÂU,CTY TNHH MTV HUY VU
23375505,muavao,1,14545.00,2025-06-01 17:00:00,NGÂN HÀNG TMCP Á CHÂU,CTY TNHH MTV HUY VU
21126,muavao,1,150000.00,2025-07-30 17:00:00,Ngân hàng Thương mại Cổ phần Đầu tư và Phát triển Việt Nam - Chi nhánh Gia Lai,CONG TY TNHH MTV HUY VU
1416,muavao,1,9722222.00,2025-07-30 17:00:00,CÔNG TY TNHH XUẤT NHẬP KHẨU LÊ TRẦN GIA,CÔNG TY TNHH MỘT THÀNH VIÊN HUY VŨ
1834,muavao,1,6768519.00,2025-07-30 17:00:00,CÔNG TY CỔ PHẦN RIOTECH,CÔNG TY TNHH MỘT THÀNH VIÊN HUY VŨ
1571,muavao,1,1129630.00,2025-07-30 17:00:00,CÔNG TY CỔ PHẦN VPS MIỀN TRUNG,CÔNG TY TNHH MỘT THÀNH VIÊN HUY VŨ
703,muavao,1,10363636.00,2025-07-29 17:00:00,CHI NHÁNH CÔNG TY CỔ PHẦN ĐẦU TƯ VÀ PHÁT TRIỂN CÔNG NGHỆ QUỐC GIA ADG TẠI ĐÀ NẴNG,Công Ty TNHH Một Thành Viên Huy Vũ
66650,muavao,1,2697713.00,2025-07-28 17:00:00,CÔNG TY TNHH MỘT THÀNH VIÊN CÔNG NGHỆ TIN HỌC VIỄN SƠN,CÔNG TY TNHH MỘT THÀNH VIÊN HUY VŨ
157013,muavao,1,19000.00,2025-07-29 17:00:00,Ngân hàng TMCP Sài Gòn Thương Tín - Chi nhánh Gia Lai,CONG TY TNHH MTV HUY VU
157014,muavao,1,19000.00,2025-07-29 17:00:00,Ngân hàng TMCP Sài Gòn Thương Tín - Chi nhánh Gia Lai,CONG TY TNHH MTV HUY VU
66854,muavao,1,8574074.00,2025-07-29 17:00:00,CÔNG TY TNHH MỘT THÀNH VIÊN CÔNG NGHỆ TIN HỌC VIỄN SƠN,CÔNG TY TNHH MỘT THÀNH VIÊN HUY VŨ
66921,muavao,1,26232323.00,2025-07-29 17:00:00,CÔNG TY TNHH MỘT THÀNH VIÊN CÔNG NGHỆ TIN HỌC VIỄN SƠN,CÔNG TY TNHH MỘT THÀNH VIÊN HUY VŨ
66981,muavao,1,11574074.00,2025-07-29 17:00:00,CÔNG TY TNHH MỘT THÀNH VIÊN CÔNG NGHỆ TIN HỌC VIỄN SƠN,CÔNG TY TNHH MỘT THÀNH VIÊN HUY VŨ
67010,muavao,1,64537037.00,2025-07-29 17:00:00,CÔNG TY TNHH MỘT THÀNH VIÊN CÔNG NGHỆ TIN HỌC VIỄN SƠN,CÔNG TY TNHH MỘT THÀNH VIÊN HUY VŨ
1723,muavao,1,18527778.00,2025-07-29 17:00:00,CÔNG TY TNHH PHƯƠNG KHANG COMPUTER,CÔNG TY TNHH MỘT THÀNH VIÊN HUY VŨ
722,muavao,1,8060185.00,2025-07-29 17:00:00,CHI NHÁNH CÔNG TY CỔ PHẦN HUETRONICS (TỈNH THỪA THIÊN HUẾ),CÔNG TY TNHH MỘT THÀNH VIÊN HUY VŨ
1154,muavao,1,3379630.00,2025-07-29 17:00:00,CÔNG TY TNHH CÔNG NGHỆ ÂU LẠC,CÔNG TY TNHH MỘT THÀNH VIÊN HUY VŨ
2083,muavao,1,2592593.00,2025-07-28 17:00:00,CHI NHÁNH CÔNG TY TNHH CÔNG NGHỆ VÀ THƯƠNG MẠI Á MỸ,CÔNG TY TNHH MỘT THÀNH VIÊN HUY VŨ
156688,muavao,1,19000.00,2025-07-28 17:00:00,Ngân hàng TMCP Sài Gòn Thương Tín - Chi nhánh Gia Lai,CONG TY TNHH MTV HUY VU
156689,muavao,1,19000.00,2025-07-28 17:00:00,Ngân hàng TMCP Sài Gòn Thương Tín - Chi nhánh Gia Lai,CONG TY TNHH MTV HUY VU
4169,muavao,1,23000.00,2025-07-28 17:00:00,Ngân hàng TMCP Sài Gòn Thương Tín - Chi nhánh Gia Lai,CONG TY TNHH MTV HUY VU
4170,muavao,1,23000.00,2025-07-28 17:00:00,Ngân hàng TMCP Sài Gòn Thương Tín - Chi nhánh Gia Lai,CONG TY TNHH MTV HUY VU
4171,muavao,1,23000.00,2025-07-28 17:00:00,Ngân hàng TMCP Sài Gòn Thương Tín - Chi nhánh Gia Lai,CONG TY TNHH MTV HUY VU
36689218,muavao,1,512374.00,2025-07-28 17:00:00,NGÂN HÀNG TMCP Á CHÂU,CTY TNHH MTV HUY VU
66618,muavao,1,7175926.00,2025-07-28 17:00:00,CÔNG TY TNHH MỘT THÀNH VIÊN CÔNG NGHỆ TIN HỌC VIỄN SƠN,CÔNG TY TNHH MỘT THÀNH VIÊN HUY VŨ
147268,muavao,1,23000.00,2025-07-10 17:00:00,Ngân hàng TMCP Sài Gòn Thương Tín - Chi nhánh Gia Lai,CONG TY TNHH MTV HUY VU
21943,muavao,1,14907407.00,2025-07-28 17:00:00,Công Ty TNHH Một Thành Viên Bảo Vinh,CÔNG TY TNHH MTV HUY VŨ
5947,muavao,1,17740741.00,2025-07-28 17:00:00,CÔNG TY TNHH PHÂN PHỐI PHƯƠNG VIỆT,CÔNG TY TNHH MỘT THÀNH VIÊN HUY VŨ
8075,muavao,1,18831481.00,2025-07-27 17:00:00,CHI NHÁNH CÔNG TY CỔ PHẦN KỸ THUẬT CÔNG NGHỆ NAM THÀNH,Công ty TNHH  Một Thành Viên Huy Vũ
155465,muavao,1,225000.00,2025-07-27 17:00:00,Ngân hàng TMCP Sài Gòn Thương Tín - Chi nhánh Gia Lai,CONG TY TNHH MTV HUY VU
7998,muavao,1,26243519.00,2025-07-25 17:00:00,CHI NHÁNH CÔNG TY CỔ PHẦN KỸ THUẬT CÔNG NGHỆ NAM THÀNH,Công ty TNHH  Một Thành Viên Huy Vũ
154322,muavao,1,23000.00,2025-07-24 17:00:00,Ngân hàng TMCP Sài Gòn Thương Tín - Chi nhánh Gia Lai,CONG TY TNHH MTV HUY VU
4144,muavao,1,69000.00,2025-07-24 17:00:00,Ngân hàng TMCP Sài Gòn Thương Tín - Chi nhánh Gia Lai,CONG TY TNHH MTV HUY VU
65221,muavao,1,39944444.00,2025-07-24 17:00:00,CÔNG TY TNHH MỘT THÀNH VIÊN CÔNG NGHỆ TIN HỌC VIỄN SƠN,CÔNG TY TNHH MỘT THÀNH VIÊN HUY VŨ
65241,muavao,1,2697713.00,2025-07-24 17:00:00,CÔNG TY TNHH MỘT THÀNH VIÊN CÔNG NGHỆ TIN HỌC VIỄN SƠN,CÔNG TY TNHH MỘT THÀNH VIÊN HUY VŨ
65323,muavao,1,15740741.00,2025-07-24 17:00:00,CÔNG TY TNHH MỘT THÀNH VIÊN CÔNG NGHỆ TIN HỌC VIỄN SƠN,CÔNG TY TNHH MỘT THÀNH VIÊN HUY VŨ
65571,muavao,1,6504630.00,2025-07-24 17:00:00,CÔNG TY TNHH MỘT THÀNH VIÊN CÔNG NGHỆ TIN HỌC VIỄN SƠN,CÔNG TY TNHH MỘT THÀNH VIÊN HUY VŨ
7902,muavao,1,6916664.00,2025-07-24 17:00:00,Công Ty TNHH Công Nghệ Thông Tin An Phát,CÔNG TY TNHH MỘT THÀNH VIÊN HUY VŨ
1381,muavao,1,9722222.00,2025-07-24 17:00:00,CÔNG TY TNHH XUẤT NHẬP KHẨU LÊ TRẦN GIA,CÔNG TY TNHH MỘT THÀNH VIÊN HUY VŨ
254,muavao,1,11435184.00,2025-07-24 17:00:00,CÔNG TY TNHH ĐIỆN TỬ TIN HỌC KIM PHÁT,Công Ty Trách Nhiệm Hữu Hạn một thành viên Huy Vũ
154098,muavao,1,28000.00,2025-07-23 17:00:00,Ngân hàng TMCP Sài Gòn Thương Tín - Chi nhánh Gia Lai,CONG TY TNHH MTV HUY VU
4123,muavao,1,51600.00,2025-07-23 17:00:00,Ngân hàng TMCP Sài Gòn Thương Tín - Chi nhánh Gia Lai,CONG TY TNHH MTV HUY VU
35575214,muavao,1,436409.00,2025-07-23 17:00:00,NGÂN HÀNG TMCP Á CHÂU,CTY TNHH MTV HUY VU
120,muavao,1,2157407.00,2025-07-22 17:00:00,CÔNG TY TNHH MỘT THÀNH VIÊN XUÂN THIÊN,CÔNG TY TNHH MỘT THÀNH VIÊN HUY VŨ
152441,muavao,1,23000.00,2025-07-21 17:00:00,Ngân hàng TMCP Sài Gòn Thương Tín - Chi nhánh Gia Lai,CONG TY TNHH MTV HUY VU
4090,muavao,1,69000.00,2025-07-21 17:00:00,Ngân hàng TMCP Sài Gòn Thương Tín - Chi nhánh Gia Lai,CONG TY TNHH MTV HUY VU
71543,muavao,1,40240741.00,2025-07-21 17:00:00,CÔNG TY CỔ PHẦN DỊCH VỤ PHÂN PHỐI TỔNG HỢP DẦU KHÍ,Công ty TNHH  Một Thành Viên Huy Vũ
2413,muavao,1,2911111.00,2025-07-21 17:00:00,CÔNG TY TNHH THƯƠNG MẠI DỊCH VỤ SẢN XUẤT XUẤT NHẬP KHẨU MỰC IN VIỆT NHẬT,CÔNG TY TNHH MỘT THÀNH VIÊN HUY VŨ
245,muavao,1,5759258.00,2025-07-21 17:00:00,CÔNG TY TNHH ĐIỆN TỬ TIN HỌC KIM PHÁT,Công Ty Trách Nhiệm Hữu Hạn một thành viên Huy Vũ
1659,muavao,1,17444444.00,2025-07-20 17:00:00,CÔNG TY CỔ PHẦN MÁY TÍNH VĨNH XUÂN - CHI NHÁNH ĐÀ NẴNG,CÔNG TY TNHH MỘT THÀNH VIÊN HUY VŨ
601,muavao,1,2750000.00,2025-07-20 17:00:00,CÔNG TY CỔ PHẦN PHÂN PHỐI ĐIỆN TỬ JVS,CÔNG TY TNHH MỘT THÀNH VIÊN HUY VŨ
1733,muavao,1,17453703.00,2025-07-20 17:00:00,CÔNG TY CỔ PHẦN RIOTECH,CÔNG TY TNHH MỘT THÀNH VIÊN HUY VŨ
690,muavao,1,8060185.00,2025-07-20 17:00:00,CHI NHÁNH CÔNG TY CỔ PHẦN HUETRONICS (TỈNH THỪA THIÊN HUẾ),CÔNG TY TNHH MỘT THÀNH VIÊN HUY VŨ
7683,muavao,1,32274073.00,2025-07-18 17:00:00,CHI NHÁNH CÔNG TY CỔ PHẦN KỸ THUẬT CÔNG NGHỆ NAM THÀNH,Công ty TNHH  Một Thành Viên Huy Vũ
151402,muavao,1,19000.00,2025-07-17 17:00:00,Ngân hàng TMCP Sài Gòn Thương Tín - Chi nhánh Gia Lai,CONG TY TNHH MTV HUY VU
151756,muavao,1,36000.00,2025-07-17 17:00:00,Ngân hàng TMCP Sài Gòn Thương Tín - Chi nhánh Gia Lai,CONG TY TNHH MTV HUY VU
4048,muavao,1,23000.00,2025-07-17 17:00:00,Ngân hàng TMCP Sài Gòn Thương Tín - Chi nhánh Gia Lai,CONG TY TNHH MTV HUY VU
4049,muavao,1,23000.00,2025-07-17 17:00:00,Ngân hàng TMCP Sài Gòn Thương Tín - Chi nhánh Gia Lai,CONG TY TNHH MTV HUY VU
4050,muavao,1,23000.00,2025-07-17 17:00:00,Ngân hàng TMCP Sài Gòn Thương Tín - Chi nhánh Gia Lai,CONG TY TNHH MTV HUY VU
34564514,muavao,1,100902.00,2025-07-17 17:00:00,NGÂN HÀNG TMCP Á CHÂU,CTY TNHH MTV HUY VU
147269,muavao,1,23000.00,2025-07-10 17:00:00,Ngân hàng TMCP Sài Gòn Thương Tín - Chi nhánh Gia Lai,CONG TY TNHH MTV HUY VU
1329,muavao,1,7407407.00,2025-07-17 17:00:00,CÔNG TY TNHH XUẤT NHẬP KHẨU LÊ TRẦN GIA,CÔNG TY TNHH MỘT THÀNH VIÊN HUY VŨ
961,muavao,1,6481481.00,2025-07-17 17:00:00,CÔNG TY TNHH PHƯƠNG KHANG COMPUTER,CÔNG TY TNHH MỘT THÀNH VIÊN HUY VŨ
144186,muavao,1,6805560.00,2025-07-16 17:00:00,Chi nhánh Công ty TNHH phân phối Synnex FPT,Công ty TNHH MTV Huy Vũ
150085,muavao,1,19000.00,2025-07-15 17:00:00,Ngân hàng TMCP Sài Gòn Thương Tín - Chi nhánh Gia Lai,CONG TY TNHH MTV HUY VU
150087,muavao,1,19000.00,2025-07-15 17:00:00,Ngân hàng TMCP Sài Gòn Thương Tín - Chi nhánh Gia Lai,CONG TY TNHH MTV HUY VU
150088,muavao,1,19000.00,2025-07-15 17:00:00,Ngân hàng TMCP Sài Gòn Thương Tín - Chi nhánh Gia Lai,CONG TY TNHH MTV HUY VU
233,muavao,1,863636.00,2025-07-15 17:00:00,CÔNG TY TNHH ĐIỆN TỬ TIN HỌC KIM PHÁT,Công Ty Trách Nhiệm Hữu Hạn một thành viên Huy Vũ
234,muavao,1,7669243.00,2025-07-15 17:00:00,CÔNG TY TNHH ĐIỆN TỬ TIN HỌC KIM PHÁT,Công Ty Trách Nhiệm Hữu Hạn một thành viên Huy Vũ
68470,muavao,1,13703703.00,2025-07-14 17:00:00,CÔNG TY CỔ PHẦN DỊCH VỤ PHÂN PHỐI TỔNG HỢP DẦU KHÍ,Công ty TNHH  Một Thành Viên Huy Vũ
68662,muavao,1,59490741.00,2025-07-14 17:00:00,CÔNG TY CỔ PHẦN DỊCH VỤ PHÂN PHỐI TỔNG HỢP DẦU KHÍ,Công ty TNHH  Một Thành Viên Huy Vũ
68389,muavao,1,32962963.00,2025-07-13 17:00:00,CÔNG TY CỔ PHẦN DỊCH VỤ PHÂN PHỐI TỔNG HỢP DẦU KHÍ,Công ty TNHH  Một Thành Viên Huy Vũ
2326,muavao,1,2916669.00,2025-07-13 17:00:00,CÔNG TY TNHH THƯƠNG MẠI DỊCH VỤ SẢN XUẤT XUẤT NHẬP KHẨU MỰC IN VIỆT NHẬT,CÔNG TY TNHH MỘT THÀNH VIÊN HUY VŨ
33234689,muavao,1,48636.00,2025-07-11 17:00:00,NGÂN HÀNG TMCP Á CHÂU,CTY TNHH MTV HUY VU
33234690,muavao,1,48636.00,2025-07-11 17:00:00,NGÂN HÀNG TMCP Á CHÂU,CTY TNHH MTV HUY VU
33234725,muavao,1,48636.00,2025-07-11 17:00:00,NGÂN HÀNG TMCP Á CHÂU,CTY TNHH MTV HUY VU
230,muavao,1,9620369.00,2025-07-11 17:00:00,CÔNG TY TNHH ĐIỆN TỬ TIN HỌC KIM PHÁT,Công Ty Trách Nhiệm Hữu Hạn một thành viên Huy Vũ
135129,muavao,1,21805560.00,2025-07-09 17:00:00,Chi nhánh Công ty TNHH phân phối Synnex FPT,Công ty TNHH MTV Huy Vũ
146429,muavao,1,4931507.00,2025-07-09 17:00:00,Ngân hàng TMCP Sài Gòn Thương Tín - Chi nhánh Gia Lai,CONG TY TNHH MTV HUY VU
3895,muavao,1,23000.00,2025-07-09 17:00:00,Ngân hàng TMCP Sài Gòn Thương Tín - Chi nhánh Gia Lai,CONG TY TNHH MTV HUY VU
32040078,muavao,1,709437.00,2025-07-09 17:00:00,NGÂN HÀNG TMCP Á CHÂU,CTY TNHH MTV HUY VU
32042716,muavao,1,297671.00,2025-07-09 17:00:00,NGÂN HÀNG TMCP Á CHÂU,CTY TNHH MTV HUY VU
32042759,muavao,1,663165.00,2025-07-09 17:00:00,NGÂN HÀNG TMCP Á CHÂU,CTY TNHH MTV HUY VU
32042870,muavao,1,1092519.00,2025-07-09 17:00:00,NGÂN HÀNG TMCP Á CHÂU,CTY TNHH MTV HUY VU
32042953,muavao,1,683959.00,2025-07-09 17:00:00,NGÂN HÀNG TMCP Á CHÂU,CTY TNHH MTV HUY VU
32043062,muavao,1,996329.00,2025-07-09 17:00:00,NGÂN HÀNG TMCP Á CHÂU,CTY TNHH MTV HUY VU
32043159,muavao,1,723287.00,2025-07-09 17:00:00,NGÂN HÀNG TMCP Á CHÂU,CTY TNHH MTV HUY VU
32043177,muavao,1,1335437.00,2025-07-09 17:00:00,NGÂN HÀNG TMCP Á CHÂU,CTY TNHH MTV HUY VU
32043178,muavao,1,1191210.00,2025-07-09 17:00:00,NGÂN HÀNG TMCP Á CHÂU,CTY TNHH MTV HUY VU
32043215,muavao,1,406540.00,2025-07-09 17:00:00,NGÂN HÀNG TMCP Á CHÂU,CTY TNHH MTV HUY VU
32043250,muavao,1,764877.00,2025-07-09 17:00:00,NGÂN HÀNG TMCP Á CHÂU,CTY TNHH MTV HUY VU
32043285,muavao,1,612534.00,2025-07-09 17:00:00,NGÂN HÀNG TMCP Á CHÂU,CTY TNHH MTV HUY VU
32043289,muavao,1,953835.00,2025-07-09 17:00:00,NGÂN HÀNG TMCP Á CHÂU,CTY TNHH MTV HUY VU
32043453,muavao,1,2495342.00,2025-07-09 17:00:00,NGÂN HÀNG TMCP Á CHÂU,CTY TNHH MTV HUY VU
32043537,muavao,1,568484.00,2025-07-09 17:00:00,NGÂN HÀNG TMCP Á CHÂU,CTY TNHH MTV HUY VU
32043605,muavao,1,3945205.00,2025-07-09 17:00:00,NGÂN HÀNG TMCP Á CHÂU,CTY TNHH MTV HUY VU
32043613,muavao,1,1084932.00,2025-07-09 17:00:00,NGÂN HÀNG TMCP Á CHÂU,CTY TNHH MTV HUY VU
3720,muavao,1,11499075.00,2025-07-09 17:00:00,CÔNG TY TNHH CÔNG NGHỆ DSS ĐÀ NẴNG,CÔNG TY TNHH MỘT THÀNH VIÊN HUY VŨ
144841,muavao,1,76000.00,2025-07-08 17:00:00,Ngân hàng TMCP Sài Gòn Thương Tín - Chi nhánh Gia Lai,CONG TY TNHH MTV HUY VU
3862,muavao,1,40000.00,2025-07-08 17:00:00,Ngân hàng TMCP Sài Gòn Thương Tín - Chi nhánh Gia Lai,CONG TY TNHH MTV HUY VU
3863,muavao,1,28400.00,2025-07-08 17:00:00,Ngân hàng TMCP Sài Gòn Thương Tín - Chi nhánh Gia Lai,CONG TY TNHH MTV HUY VU
64952,muavao,1,24607407.00,2025-07-08 17:00:00,CÔNG TY CỔ PHẦN DỊCH VỤ PHÂN PHỐI TỔNG HỢP DẦU KHÍ,Công ty TNHH  Một Thành Viên Huy Vũ
370953,muavao,1,119083330.00,2025-07-07 17:00:00,CÔNG TY CỔ PHẦN THẾ GIỚI SỐ,CÔNG TY TNHH MTV HUY VŨ
72,muavao,1,2222222.00,2025-07-07 17:00:00,CÔNG TY TNHH FINTECS,CÔNG TY TNHH MỘT THÀNH VIÊN HUY VŨ
609,muavao,1,35981482.00,2025-07-06 17:00:00,CHI NHÁNH CÔNG TY CỔ PHẦN ĐẦU TƯ VÀ PHÁT TRIỂN CÔNG NGHỆ QUỐC GIA ADG TẠI ĐÀ NẴNG,Công Ty TNHH Một Thành Viên Huy Vũ
614,muavao,1,23545455.00,2025-07-06 17:00:00,CHI NHÁNH CÔNG TY CỔ PHẦN ĐẦU TƯ VÀ PHÁT TRIỂN CÔNG NGHỆ QUỐC GIA ADG TẠI ĐÀ NẴNG,Công Ty TNHH Một Thành Viên Huy Vũ
1568,muavao,1,0.00,2025-07-06 17:00:00,CÔNG TY TNHH CÔNG NGHỆ HP VIỆT NAM,CÔNG TY TNHH MỘT THÀNH VIÊN HUY VŨ
144006,muavao,1,34400.00,2025-07-06 17:00:00,Ngân hàng TMCP Sài Gòn Thương Tín - Chi nhánh Gia Lai,CONG TY TNHH MTV HUY VU
31291887,muavao,1,406849.00,2025-07-06 17:00:00,NGÂN HÀNG TMCP Á CHÂU,CTY TNHH MTV HUY VU
31384285,muavao,1,834011.00,2025-07-06 17:00:00,NGÂN HÀNG TMCP Á CHÂU,CTY TNHH MTV HUY VU
11793,muavao,1,437965.00,2025-07-06 17:00:00,CÔNG TY CỔ PHẦN ĐẦU TƯ THƯƠNG MẠI PHÁT TRIỂN NHẤT TÍN,CÔNG TY TNHH MỘT THÀNH VIÊN HUY VŨ
2190,muavao,1,7718520.00,2025-07-06 17:00:00,CÔNG TY TNHH THƯƠNG MẠI DỊCH VỤ SẢN XUẤT XUẤT NHẬP KHẨU MỰC IN VIỆT NHẬT,CÔNG TY TNHH MỘT THÀNH VIÊN HUY VŨ
70,muavao,1,2222222.00,2025-07-06 17:00:00,CÔNG TY TNHH FINTECS,CÔNG TY TNHH MỘT THÀNH VIÊN HUY VŨ
673730,muavao,1,235909.00,2025-07-05 17:00:00,CÔNG TY DỊCH VỤ MOBIFONE KHU VỰC 7 - CHI NHÁNH TỔNG CÔNG TY VIỄN THÔNG MOBIFONE,Công ty TNHH MTV Huy Vũ
3070,muavao,1,7675926.00,2025-07-04 17:00:00,CÔNG TY CỔ PHẦN ĐẦU TƯ PHÁT TRIỂN CÔNG NGHỆ ROBO,CÔNG TY TNHH MỘT THÀNH VIÊN HUY VŨ
10178,muavao,1,5939000.00,2025-07-04 17:00:00,CÔNG TY CỔ PHẦN GIẢI PHÁP TIN HỌC ÁNH DƯƠNG,CÔNG TY TNHH MỘT THÀNH VIÊN HUY VŨ
223,muavao,1,35296296.00,2025-07-04 17:00:00,CÔNG TY TNHH ĐIỆN TỬ TIN HỌC KIM PHÁT,CÔNG TY TNHH MỘT THÀNH VIÊN HUY VŨ
143334,muavao,1,120000.00,2025-07-03 17:00:00,Ngân hàng TMCP Sài Gòn Thương Tín - Chi nhánh Gia Lai,CONG TY TNHH MTV HUY VU
1487,muavao,2,10740741.00,2025-07-03 17:00:00,CÔNG TY TNHH MỘT THÀNH VIÊN DỊCH VỤ THƯƠNG MẠI MẠNH TÀI,CÔNG TY TNHH MỘT THÀNH VIÊN HUY VŨ
762,muavao,1,6111111.00,2025-07-03 17:00:00,CÔNG TY TNHH ĐẦU TƯ PGP,CÔNG TY TNHH MTV HUY VŨ
766,muavao,1,5000000.00,2025-07-03 17:00:00,CÔNG TY TNHH ĐẦU TƯ PGP,CÔNG TY TNHH MTV HUY VŨ
24026185,muavao,1,318182.00,2025-07-02 17:00:00,Tập đoàn Công nghiệp - Viễn thông Quân đội,Công Ty Tnhh Huy Vũ
588,muavao,1,53972222.00,2025-07-02 17:00:00,CHI NHÁNH CÔNG TY CỔ PHẦN ĐẦU TƯ VÀ PHÁT TRIỂN CÔNG NGHỆ QUỐC GIA ADG TẠI ĐÀ NẴNG,Công Ty TNHH Một Thành Viên Huy Vũ
63862,muavao,1,44722222.00,2025-07-02 17:00:00,CÔNG TY CỔ PHẦN DỊCH VỤ PHÂN PHỐI TỔNG HỢP DẦU KHÍ,Công ty TNHH  Một Thành Viên Huy Vũ
12405,muavao,1,11805555.00,2025-07-02 17:00:00,CÔNG TY CỔ PHẦN ĐẦU TƯ LBM,CÔNG TY TNHH MỘT THÀNH VIÊN HUY VŨ
520414,muavao,1,481446.00,2025-07-01 17:00:00,TRUNG TÂM KINH DOANH VNPT - GIA LAI - CHI NHÁNH TỔNG CÔNG TY DỊCH VỤ VIỄN THÔNG,Công Ty TNHH MTV Huy Vũ
520415,muavao,1,217292.00,2025-07-01 17:00:00,TRUNG TÂM KINH DOANH VNPT - GIA LAI - CHI NHÁNH TỔNG CÔNG TY DỊCH VỤ VIỄN THÔNG,Công Ty TNHH MTV Huy Vũ
520498,muavao,1,435035.00,2025-07-01 17:00:00,TRUNG TÂM KINH DOANH VNPT - GIA LAI - CHI NHÁNH TỔNG CÔNG TY DỊCH VỤ VIỄN THÔNG,Công Ty TNHH MTV Huy Vũ
530573,muavao,1,233636.00,2025-07-01 17:00:00,TRUNG TÂM KINH DOANH VNPT - GIA LAI - CHI NHÁNH TỔNG CÔNG TY DỊCH VỤ VIỄN THÔNG,Cửa Hàng Máy Tình Trường Sơn
530713,muavao,1,20600.00,2025-07-01 17:00:00,TRUNG TÂM KINH DOANH VNPT - GIA LAI - CHI NHÁNH TỔNG CÔNG TY DỊCH VỤ VIỄN THÔNG,Công Ty TNHH MTV  Huy Vũ
530714,muavao,1,24545.00,2025-07-01 17:00:00,TRUNG TÂM KINH DOANH VNPT - GIA LAI - CHI NHÁNH TỔNG CÔNG TY DỊCH VỤ VIỄN THÔNG,Công Ty  TNHH MTV Huy Vũ
530750,muavao,1,20000.00,2025-07-01 17:00:00,TRUNG TÂM KINH DOANH VNPT - GIA LAI - CHI NHÁNH TỔNG CÔNG TY DỊCH VỤ VIỄN THÔNG,Công Ty TNHH MTV Huy Vũ
530785,muavao,1,40364.00,2025-07-01 17:00:00,TRUNG TÂM KINH DOANH VNPT - GIA LAI - CHI NHÁNH TỔNG CÔNG TY DỊCH VỤ VIỄN THÔNG,Công Ty TNHH MTV Huy Vũ
557938,muavao,1,249636.00,2025-07-01 17:00:00,TRUNG TÂM KINH DOANH VNPT - GIA LAI - CHI NHÁNH TỔNG CÔNG TY DỊCH VỤ VIỄN THÔNG,Công Ty TNHH MTV Huy Vũ
143025,muavao,1,19000.00,2025-07-01 17:00:00,Ngân hàng TMCP Sài Gòn Thương Tín - Chi nhánh Gia Lai,CONG TY TNHH MTV HUY VU
24818,muavao,1,150000.00,2025-08-30 17:00:00,Ngân hàng Thương mại Cổ phần Đầu tư và Phát triển Việt Nam - Chi nhánh Gia Lai,CONG TY TNHH MTV HUY VU
114946,muavao,1,15873.00,2025-08-29 17:00:00,CÔNG TY CỔ PHẦN CÔNG NGHỆ VI MÔ,CÔNG TY TNHH MỘT THÀNH VIÊN HUY VŨ
93,muavao,1,2222222.00,2025-08-29 17:00:00,CÔNG TY TNHH FINTECS,CÔNG TY TNHH MỘT THÀNH VIÊN HUY VŨ
172064,muavao,1,23000.00,2025-08-28 17:00:00,Ngân hàng TMCP Sài Gòn Thương Tín - Chi nhánh Gia Lai,CONG TY TNHH MTV HUY VU
172065,muavao,1,36000.00,2025-08-28 17:00:00,Ngân hàng TMCP Sài Gòn Thương Tín - Chi nhánh Gia Lai,CONG TY TNHH MTV HUY VU
4638,muavao,1,100000.00,2025-08-28 17:00:00,Ngân hàng TMCP Sài Gòn Thương Tín - Chi nhánh Gia Lai,CONG TY TNHH MTV HUY VU
43098095,muavao,1,524716.00,2025-08-28 17:00:00,NGÂN HÀNG TMCP Á CHÂU,CTY TNHH MTV HUY VU
80054,muavao,1,33390741.00,2025-08-28 17:00:00,CÔNG TY TNHH MỘT THÀNH VIÊN CÔNG NGHỆ TIN HỌC VIỄN SƠN,CÔNG TY TNHH MỘT THÀNH VIÊN HUY VŨ
80066,muavao,1,14166667.00,2025-08-28 17:00:00,CÔNG TY TNHH MỘT THÀNH VIÊN CÔNG NGHỆ TIN HỌC VIỄN SƠN,CÔNG TY TNHH MỘT THÀNH VIÊN HUY VŨ
80074,muavao,1,19824074.00,2025-08-28 17:00:00,CÔNG TY TNHH MỘT THÀNH VIÊN CÔNG NGHỆ TIN HỌC VIỄN SƠN,CÔNG TY TNHH MỘT THÀNH VIÊN HUY VŨ
80361,muavao,1,6944444.00,2025-08-28 17:00:00,CÔNG TY TNHH MỘT THÀNH VIÊN CÔNG NGHỆ TIN HỌC VIỄN SƠN,CÔNG TY TNHH MỘT THÀNH VIÊN HUY VŨ
94236,muavao,3,-350000.00,2025-08-28 17:00:00,CÔNG TY CỔ PHẦN DỊCH VỤ PHÂN PHỐI TỔNG HỢP DẦU KHÍ,Công ty TNHH  Một Thành Viên Huy Vũ
23009,muavao,1,1629630.00,2025-08-26 17:00:00,CÔNG TY CỔ PHẦN MÁY TÍNH VĨNH XUÂN - CHI NHÁNH THÀNH PHỐ HỒ CHÍ MINH,CÔNG TY TNHH MỘT THÀNH VIÊN HUY VŨ
169622,muavao,1,225000.00,2025-08-26 17:00:00,Ngân hàng TMCP Sài Gòn Thương Tín - Chi nhánh Gia Lai,CONG TY TNHH MTV HUY VU
170855,muavao,1,38800.00,2025-08-26 17:00:00,Ngân hàng TMCP Sài Gòn Thương Tín - Chi nhánh Gia Lai,CONG TY TNHH MTV HUY VU
4619,muavao,1,49839.00,2025-08-26 17:00:00,Ngân hàng TMCP Sài Gòn Thương Tín - Chi nhánh Gia Lai,CONG TY TNHH MTV HUY VU
58485061,muavao,1,13636.00,2025-11-07 17:00:00,NGÂN HÀNG TMCP Á CHÂU,CTY TNHH MTV HUY VU
2247,muavao,1,10912037.00,2025-08-25 17:00:00,CÔNG TY CỔ PHẦN MÁY TÍNH VĨNH XUÂN - CHI NHÁNH ĐÀ NẴNG,CÔNG TY TNHH MỘT THÀNH VIÊN HUY VŨ
4578,muavao,1,52300.00,2025-08-25 17:00:00,Ngân hàng TMCP Sài Gòn Thương Tín - Chi nhánh Gia Lai,CONG TY TNHH MTV HUY VU
4590,muavao,1,40000.00,2025-08-25 17:00:00,Ngân hàng TMCP Sài Gòn Thương Tín - Chi nhánh Gia Lai,CONG TY TNHH MTV HUY VU
77670,muavao,1,65555556.00,2025-08-25 17:00:00,CÔNG TY TNHH MỘT THÀNH VIÊN CÔNG NGHỆ TIN HỌC VIỄN SƠN,CÔNG TY TNHH MỘT THÀNH VIÊN HUY VŨ
90279,muavao,1,59814815.00,2025-08-25 17:00:00,CÔNG TY CỔ PHẦN DỊCH VỤ PHÂN PHỐI TỔNG HỢP DẦU KHÍ,Công ty TNHH  Một Thành Viên Huy Vũ
90334,muavao,1,0.00,2025-08-25 17:00:00,CÔNG TY CỔ PHẦN DỊCH VỤ PHÂN PHỐI TỔNG HỢP DẦU KHÍ,Công ty TNHH  Một Thành Viên Huy Vũ
90336,muavao,1,10796296.00,2025-08-25 17:00:00,CÔNG TY CỔ PHẦN DỊCH VỤ PHÂN PHỐI TỔNG HỢP DẦU KHÍ,Công ty TNHH  Một Thành Viên Huy Vũ
4601,muavao,1,14512963.00,2025-08-25 17:00:00,CÔNG TY TNHH CÔNG NGHỆ DSS ĐÀ NẴNG,CÔNG TY TNHH MỘT THÀNH VIÊN HUY VŨ
19350,muavao,1,25324074.00,2025-08-24 17:00:00,CÔNG TY CỔ PHẦN MÁY TÍNH VĨNH XUÂN,CÔNG TY TNHH MỘT THÀNH VIÊN HUY VŨ
167418,muavao,1,24000.00,2025-08-24 17:00:00,Ngân hàng TMCP Sài Gòn Thương Tín - Chi nhánh Gia Lai,CONG TY TNHH MTV HUY VU
4576,muavao,1,23000.00,2025-08-24 17:00:00,Ngân hàng TMCP Sài Gòn Thương Tín - Chi nhánh Gia Lai,CONG TY TNHH MTV HUY VU
42372515,muavao,1,290409.00,2025-08-24 17:00:00,NGÂN HÀNG TMCP Á CHÂU,CTY TNHH MTV HUY VU
5018,muavao,1,24907407.00,2025-08-24 17:00:00,CÔNG TY CỔ PHẦN MÁY TÍNH VINH HIỂN LỘC TÀI,CÔNG TY TNHH MỘT THÀNH VIÊN HUY VŨ
295,muavao,1,6388890.00,2025-08-23 17:00:00,CÔNG TY TNHH ĐIỆN TỬ TIN HỌC KIM PHÁT,Công Ty Trách Nhiệm Hữu Hạn một thành viên Huy Vũ
22462,muavao,1,5944444.00,2025-08-21 17:00:00,CÔNG TY CỔ PHẦN MÁY TÍNH VĨNH XUÂN - CHI NHÁNH THÀNH PHỐ HỒ CHÍ MINH,CÔNG TY TNHH MỘT THÀNH VIÊN HUY VŨ
627628,muavao,1,589374.00,2025-08-01 17:00:00,TRUNG TÂM KINH DOANH VNPT - GIA LAI - CHI NHÁNH TỔNG CÔNG TY DỊCH VỤ VIỄN THÔNG,Công Ty TNHH MTV Huy Vũ
167244,muavao,1,19000.00,2025-08-21 17:00:00,Ngân hàng TMCP Sài Gòn Thương Tín - Chi nhánh Gia Lai,CONG TY TNHH MTV HUY VU
167287,muavao,1,23000.00,2025-08-21 17:00:00,Ngân hàng TMCP Sài Gòn Thương Tín - Chi nhánh Gia Lai,CONG TY TNHH MTV HUY VU
76290,muavao,1,64351852.00,2025-08-21 17:00:00,CÔNG TY TNHH MỘT THÀNH VIÊN CÔNG NGHỆ TIN HỌC VIỄN SƠN,CÔNG TY TNHH MỘT THÀNH VIÊN HUY VŨ
850,muavao,1,14391667.00,2025-08-21 17:00:00,CÔNG TY TNHH ĐẦU TƯ CÔNG NGHỆ ÂM THANH TRIỆU GIA,CÔNG TY TNHH MỘT THÀNH VIÊN HUY VŨ
171913,muavao,1,38888888.00,2025-08-20 17:00:00,Chi nhánh Công ty TNHH phân phối Synnex FPT,Công ty TNHH MTV Huy Vũ
9574,muavao,1,31376853.00,2025-08-20 17:00:00,CHI NHÁNH CÔNG TY CỔ PHẦN KỸ THUẬT CÔNG NGHỆ NAM THÀNH,Công ty TNHH  Một Thành Viên Huy Vũ
4537,muavao,1,132000.00,2025-08-20 17:00:00,Ngân hàng TMCP Sài Gòn Thương Tín - Chi nhánh Gia Lai,CONG TY TNHH MTV HUY VU
41549241,muavao,1,271705.00,2025-08-20 17:00:00,NGÂN HÀNG TMCP Á CHÂU,CTY TNHH MTV HUY VU
2067,muavao,1,13250000.00,2025-08-20 17:00:00,CÔNG TY CỔ PHẦN RIOTECH,CÔNG TY TNHH MỘT THÀNH VIÊN HUY VŨ
771,muavao,1,12037037.00,2025-08-19 17:00:00,CHI NHÁNH CÔNG TY CỔ PHẦN ĐẦU TƯ VÀ PHÁT TRIỂN CÔNG NGHỆ QUỐC GIA ADG TẠI ĐÀ NẴNG,Công Ty TNHH Một Thành Viên Huy Vũ
166360,muavao,1,23000.00,2025-08-19 17:00:00,Ngân hàng TMCP Sài Gòn Thương Tín - Chi nhánh Gia Lai,CONG TY TNHH MTV HUY VU
41359922,muavao,1,196997.00,2025-08-19 17:00:00,NGÂN HÀNG TMCP Á CHÂU,CTY TNHH MTV HUY VU
41359931,muavao,1,225780.00,2025-08-19 17:00:00,NGÂN HÀNG TMCP Á CHÂU,CTY TNHH MTV HUY VU
21567,muavao,1,1074074.00,2025-08-18 17:00:00,CÔNG TY CỔ PHẦN MÁY TÍNH VĨNH XUÂN - CHI NHÁNH THÀNH PHỐ HỒ CHÍ MINH,CÔNG TY TNHH MỘT THÀNH VIÊN HUY VŨ
2119,muavao,1,16203704.00,2025-08-18 17:00:00,CÔNG TY CỔ PHẦN MÁY TÍNH VĨNH XUÂN - CHI NHÁNH ĐÀ NẴNG,CÔNG TY TNHH MỘT THÀNH VIÊN HUY VŨ
9410,muavao,1,4750001.00,2025-08-18 17:00:00,CHI NHÁNH CÔNG TY CỔ PHẦN KỸ THUẬT CÔNG NGHỆ NAM THÀNH,Công ty TNHH  Một Thành Viên Huy Vũ
5035,muavao,1,23000.00,2025-09-24 17:00:00,Ngân hàng TMCP Sài Gòn Thương Tín - Chi nhánh Gia Lai,CONG TY TNHH MTV HUY VU
74146,muavao,1,19375000.00,2025-08-18 17:00:00,CÔNG TY TNHH MỘT THÀNH VIÊN CÔNG NGHỆ TIN HỌC VIỄN SƠN,CÔNG TY TNHH MỘT THÀNH VIÊN HUY VŨ
9325,muavao,1,4750001.00,2025-08-17 17:00:00,CHI NHÁNH CÔNG TY CỔ PHẦN KỸ THUẬT CÔNG NGHỆ NAM THÀNH,Công ty TNHH  Một Thành Viên Huy Vũ
164929,muavao,1,23000.00,2025-08-17 17:00:00,Ngân hàng TMCP Sài Gòn Thương Tín - Chi nhánh Gia Lai,CONG TY TNHH MTV HUY VU
164930,muavao,1,23000.00,2025-08-17 17:00:00,Ngân hàng TMCP Sài Gòn Thương Tín - Chi nhánh Gia Lai,CONG TY TNHH MTV HUY VU
164931,muavao,1,23000.00,2025-08-17 17:00:00,Ngân hàng TMCP Sài Gòn Thương Tín - Chi nhánh Gia Lai,CONG TY TNHH MTV HUY VU
2057,muavao,1,11388890.00,2025-08-17 17:00:00,CÔNG TY TNHH MỘT THÀNH VIÊN DỊCH VỤ THƯƠNG MẠI MẠNH TÀI,CÔNG TY TNHH MỘT THÀNH VIÊN HUY VŨ
40563168,muavao,1,136791.00,2025-08-15 17:00:00,NGÂN HÀNG TMCP Á CHÂU,CTY TNHH MTV HUY VU
40563184,muavao,1,135842.00,2025-08-15 17:00:00,NGÂN HÀNG TMCP Á CHÂU,CTY TNHH MTV HUY VU
3311,muavao,1,21134259.00,2025-08-15 17:00:00,CÔNG TY TNHH PHƯƠNG KHANG COMPUTER,CÔNG TY TNHH MỘT THÀNH VIÊN HUY VŨ
516,muavao,1,2740740.00,2025-08-15 17:00:00,CÔNG TY TNHH SẢN XUẤT THƯƠNG MẠI XUẤT NHẬP KHẨU NGỌC TRÂM ANH,CÔNG TY TNHH MỘT THÀNH VIÊN HUY VŨ
164481,muavao,1,23000.00,2025-08-14 17:00:00,Ngân hàng TMCP Sài Gòn Thương Tín - Chi nhánh Gia Lai,CONG TY TNHH MTV HUY VU
164482,muavao,1,38000.00,2025-08-14 17:00:00,Ngân hàng TMCP Sài Gòn Thương Tín - Chi nhánh Gia Lai,CONG TY TNHH MTV HUY VU
4441,muavao,1,103000.00,2025-08-14 17:00:00,Ngân hàng TMCP Sài Gòn Thương Tín - Chi nhánh Gia Lai,CONG TY TNHH MTV HUY VU
72307,muavao,1,33390741.00,2025-08-14 17:00:00,CÔNG TY TNHH MỘT THÀNH VIÊN CÔNG NGHỆ TIN HỌC VIỄN SƠN,CÔNG TY TNHH MỘT THÀNH VIÊN HUY VŨ
8774,muavao,1,5351851.00,2025-08-14 17:00:00,Công Ty TNHH Công Nghệ Thông Tin An Phát,CÔNG TY TNHH MỘT THÀNH VIÊN HUY VŨ
4784,muavao,1,8416680.00,2025-08-14 17:00:00,CÔNG TY CỔ PHẦN MÁY TÍNH VINH HIỂN LỘC TÀI,CÔNG TY TNHH MỘT THÀNH VIÊN HUY VŨ
239605,muavao,1,462963.00,2025-08-14 17:00:00,CÔNG TY TNHH MTV XĂNG DẦU BẮC TÂY NGUYÊN,CÔNG TY TNHH MỘT THÀNH VIÊN HUY VŨ
9032,muavao,1,5011111.00,2025-08-13 17:00:00,CHI NHÁNH CÔNG TY CỔ PHẦN KỸ THUẬT CÔNG NGHỆ NAM THÀNH,Công ty TNHH  Một Thành Viên Huy Vũ
9038,muavao,1,3287037.00,2025-08-13 17:00:00,CHI NHÁNH CÔNG TY CỔ PHẦN KỸ THUẬT CÔNG NGHỆ NAM THÀNH,Công ty TNHH  Một Thành Viên Huy Vũ
83499,muavao,1,49861111.00,2025-08-13 17:00:00,CÔNG TY CỔ PHẦN DỊCH VỤ PHÂN PHỐI TỔNG HỢP DẦU KHÍ,Công ty TNHH  Một Thành Viên Huy Vũ
6500,muavao,1,800000.00,2025-08-13 17:00:00,CÔNG TY TNHH PHÂN PHỐI PHƯƠNG VIỆT,CÔNG TY TNHH MỘT THÀNH VIÊN HUY VŨ
2095858,muavao,1,462963.00,2025-08-13 17:00:00,CÔNG TY TNHH GOOGLE VIỆT NAM,Huy Vu Computer
163924,muavao,1,19000.00,2025-08-12 17:00:00,Ngân hàng TMCP Sài Gòn Thương Tín - Chi nhánh Gia Lai,CONG TY TNHH MTV HUY VU
71677,muavao,1,64537037.00,2025-08-12 17:00:00,CÔNG TY TNHH MỘT THÀNH VIÊN CÔNG NGHỆ TIN HỌC VIỄN SƠN,CÔNG TY TNHH MỘT THÀNH VIÊN HUY VŨ
82786,muavao,1,59750000.00,2025-08-12 17:00:00,CÔNG TY CỔ PHẦN DỊCH VỤ PHÂN PHỐI TỔNG HỢP DẦU KHÍ,Công ty TNHH  Một Thành Viên Huy Vũ
82814,muavao,1,39833333.00,2025-08-12 17:00:00,CÔNG TY CỔ PHẦN DỊCH VỤ PHÂN PHỐI TỔNG HỢP DẦU KHÍ,Công ty TNHH  Một Thành Viên Huy Vũ
6465,muavao,1,24875006.00,2025-08-12 17:00:00,CÔNG TY TNHH PHÂN PHỐI PHƯƠNG VIỆT,CÔNG TY TNHH MỘT THÀNH VIÊN HUY VŨ
282,muavao,1,19527775.00,2025-08-12 17:00:00,CÔNG TY TNHH ĐIỆN TỬ TIN HỌC KIM PHÁT,Công Ty Trách Nhiệm Hữu Hạn một thành viên Huy Vũ
20262,muavao,1,14537037.00,2025-08-11 17:00:00,CÔNG TY CỔ PHẦN MÁY TÍNH VĨNH XUÂN - CHI NHÁNH THÀNH PHỐ HỒ CHÍ MINH,CÔNG TY TNHH MỘT THÀNH VIÊN HUY VŨ
4390,muavao,1,2000000.00,2025-08-11 17:00:00,Ngân hàng TMCP Sài Gòn Thương Tín - Chi nhánh Gia Lai,CONG TY TNHH MTV HUY VU
8635,muavao,1,11175924.00,2025-08-11 17:00:00,Công Ty TNHH Công Nghệ Thông Tin An Phát,CÔNG TY TNHH MỘT THÀNH VIÊN HUY VŨ
8817,muavao,1,4672222.00,2025-08-10 17:00:00,CHI NHÁNH CÔNG TY CỔ PHẦN KỸ THUẬT CÔNG NGHỆ NAM THÀNH,Công ty TNHH  Một Thành Viên Huy Vũ
58485442,muavao,1,13636.00,2025-11-07 17:00:00,NGÂN HÀNG TMCP Á CHÂU,CTY TNHH MTV HUY VU
14785,muavao,1,22962964.00,2025-08-10 17:00:00,CÔNG TY CỔ PHẦN ĐẦU TƯ LBM,CÔNG TY TNHH MỘT THÀNH VIÊN HUY VŨ
38383381,muavao,1,1013803.00,2025-08-08 17:00:00,NGÂN HÀNG TMCP Á CHÂU,CTY TNHH MTV HUY VU
39320400,muavao,1,25091.00,2025-08-08 17:00:00,NGÂN HÀNG TMCP Á CHÂU,CTY TNHH MTV HUY VU
161116,muavao,1,23000.00,2025-08-07 17:00:00,Ngân hàng TMCP Sài Gòn Thương Tín - Chi nhánh Gia Lai,CONG TY TNHH MTV HUY VU
4345,muavao,1,23000.00,2025-08-07 17:00:00,Ngân hàng TMCP Sài Gòn Thương Tín - Chi nhánh Gia Lai,CONG TY TNHH MTV HUY VU
4346,muavao,1,23000.00,2025-08-07 17:00:00,Ngân hàng TMCP Sài Gòn Thương Tín - Chi nhánh Gia Lai,CONG TY TNHH MTV HUY VU
4347,muavao,1,23000.00,2025-08-07 17:00:00,Ngân hàng TMCP Sài Gòn Thương Tín - Chi nhánh Gia Lai,CONG TY TNHH MTV HUY VU
70641,muavao,1,80833333.00,2025-08-07 17:00:00,CÔNG TY TNHH MỘT THÀNH VIÊN CÔNG NGHỆ TIN HỌC VIỄN SƠN,CÔNG TY TNHH MỘT THÀNH VIÊN HUY VŨ
80949,muavao,1,66111111.00,2025-08-07 17:00:00,CÔNG TY CỔ PHẦN DỊCH VỤ PHÂN PHỐI TỔNG HỢP DẦU KHÍ,Công ty TNHH  Một Thành Viên Huy Vũ
2723,muavao,1,37777778.00,2025-08-07 17:00:00,CÔNG TY TNHH PHƯƠNG KHANG COMPUTER,CÔNG TY TNHH MỘT THÀNH VIÊN HUY VŨ
830263,muavao,1,234545.00,2025-08-06 17:00:00,CÔNG TY DỊCH VỤ MOBIFONE KHU VỰC 7 - CHI NHÁNH TỔNG CÔNG TY VIỄN THÔNG MOBIFONE,Công ty TNHH MTV Huy Vũ
160954,muavao,1,19000.00,2025-08-06 17:00:00,Ngân hàng TMCP Sài Gòn Thương Tín - Chi nhánh Gia Lai,CONG TY TNHH MTV HUY VU
160955,muavao,1,19000.00,2025-08-06 17:00:00,Ngân hàng TMCP Sài Gòn Thương Tín - Chi nhánh Gia Lai,CONG TY TNHH MTV HUY VU
80718,muavao,1,118981481.00,2025-08-06 17:00:00,CÔNG TY CỔ PHẦN DỊCH VỤ PHÂN PHỐI TỔNG HỢP DẦU KHÍ,Công ty TNHH  Một Thành Viên Huy Vũ
2190,muavao,1,2666664.00,2025-08-05 17:00:00,CHI NHÁNH CÔNG TY TNHH CÔNG NGHỆ VÀ THƯƠNG MẠI Á MỸ,CÔNG TY TNHH MỘT THÀNH VIÊN HUY VŨ
4293,muavao,1,23000.00,2025-08-05 17:00:00,Ngân hàng TMCP Sài Gòn Thương Tín - Chi nhánh Gia Lai,CONG TY TNHH MTV HUY VU
80174,muavao,1,15388889.00,2025-08-05 17:00:00,CÔNG TY CỔ PHẦN DỊCH VỤ PHÂN PHỐI TỔNG HỢP DẦU KHÍ,Công ty TNHH  Một Thành Viên Huy Vũ
1913,muavao,1,5400000.00,2025-08-05 17:00:00,CÔNG TY TNHH MỘT THÀNH VIÊN DỊCH VỤ THƯƠNG MẠI MẠNH TÀI,CÔNG TY TNHH MỘT THÀNH VIÊN HUY VŨ
273,muavao,2,361110.00,2025-08-05 17:00:00,CÔNG TY TNHH ĐIỆN TỬ TIN HỌC KIM PHÁT,Công Ty Trách Nhiệm Hữu Hạn một thành viên Huy Vũ
18882,muavao,1,32407408.00,2025-08-04 17:00:00,CÔNG TY CỔ PHẦN MÁY TÍNH VĨNH XUÂN - CHI NHÁNH THÀNH PHỐ HỒ CHÍ MINH,CÔNG TY TNHH MỘT THÀNH VIÊN HUY VŨ
69603,muavao,1,33574074.00,2025-08-04 17:00:00,CÔNG TY TNHH MỘT THÀNH VIÊN CÔNG NGHỆ TIN HỌC VIỄN SƠN,CÔNG TY TNHH MỘT THÀNH VIÊN HUY VŨ
79931,muavao,1,59490741.00,2025-08-04 17:00:00,CÔNG TY CỔ PHẦN DỊCH VỤ PHÂN PHỐI TỔNG HỢP DẦU KHÍ,Công ty TNHH  Một Thành Viên Huy Vũ
79932,muavao,1,36669360.00,2025-08-04 17:00:00,CÔNG TY CỔ PHẦN DỊCH VỤ PHÂN PHỐI TỔNG HỢP DẦU KHÍ,Công ty TNHH  Một Thành Viên Huy Vũ
1456,muavao,2,5462963.00,2025-08-04 17:00:00,CÔNG TY TNHH XUẤT NHẬP KHẨU LÊ TRẦN GIA,CÔNG TY TNHH MỘT THÀNH VIÊN HUY VŨ
3018,muavao,1,2900000.00,2025-08-04 17:00:00,CÔNG TY TNHH GIẢI PHÁP FINGERTAS,CÔNG TY TNHH MỘT THÀNH VIÊN HUY VŨ
3277,muavao,1,6018519.00,2025-08-03 17:00:00,Chi nhánh Công ty Cổ phần thương mại Tin học Hưng Long,CÔNG TY TNHH MỘT THÀNH VIÊN HUY VŨ
4246,muavao,1,23000.00,2025-08-03 17:00:00,Ngân hàng TMCP Sài Gòn Thương Tín - Chi nhánh Gia Lai,CONG TY TNHH MTV HUY VU
37567259,muavao,1,995043.00,2025-08-03 17:00:00,NGÂN HÀNG TMCP Á CHÂU,CTY TNHH MTV HUY VU
69314,muavao,1,13833333.00,2025-08-03 17:00:00,CÔNG TY TNHH MỘT THÀNH VIÊN CÔNG NGHỆ TIN HỌC VIỄN SƠN,CÔNG TY TNHH MỘT THÀNH VIÊN HUY VŨ
69316,muavao,1,5879630.00,2025-08-03 17:00:00,CÔNG TY TNHH MỘT THÀNH VIÊN CÔNG NGHỆ TIN HỌC VIỄN SƠN,CÔNG TY TNHH MỘT THÀNH VIÊN HUY VŨ
79900,muavao,1,93925926.00,2025-08-03 17:00:00,CÔNG TY CỔ PHẦN DỊCH VỤ PHÂN PHỐI TỔNG HỢP DẦU KHÍ,Công ty TNHH  Một Thành Viên Huy Vũ
42476998,muavao,1,318182.00,2025-08-01 17:00:00,Tập đoàn Công nghiệp - Viễn thông Quân đội,Công Ty Tnhh Huy Vũ
1877,muavao,1,6212962.00,2025-08-01 17:00:00,CÔNG TY CỔ PHẦN MÁY TÍNH VĨNH XUÂN - CHI NHÁNH ĐÀ NẴNG,CÔNG TY TNHH MỘT THÀNH VIÊN HUY VŨ
561288,muavao,1,233636.00,2025-08-01 17:00:00,TRUNG TÂM KINH DOANH VNPT - GIA LAI - CHI NHÁNH TỔNG CÔNG TY DỊCH VỤ VIỄN THÔNG,Cửa Hàng Máy Tình Trường Sơn
627713,muavao,1,441622.00,2025-08-01 17:00:00,TRUNG TÂM KINH DOANH VNPT - GIA LAI - CHI NHÁNH TỔNG CÔNG TY DỊCH VỤ VIỄN THÔNG,Công Ty TNHH MTV Huy Vũ
1432,muavao,4,5925926.00,2025-08-01 17:00:00,CÔNG TY TNHH XUẤT NHẬP KHẨU LÊ TRẦN GIA,CÔNG TY TNHH MỘT THÀNH VIÊN HUY VŨ
689,muavao,1,13300000.00,2025-07-31 17:00:00,CÔNG TY CỔ PHẦN ĐẦU TƯ & THƯƠNG MẠI ĐẠI PHÁT,CÔNG TY TNHH MỘT THÀNH VIÊN HUY VŨ
4583,muavao,1,9698148.00,2025-07-31 17:00:00,CÔNG TY TNHH THƯƠNG MẠI DỊCH VỤ QUỐC VIỆT,Công Ty TNHH Một Thành Viên Huy Vũ
158975,muavao,1,22000.00,2025-07-31 17:00:00,Ngân hàng TMCP Sài Gòn Thương Tín - Chi nhánh Gia Lai,CONG TY TNHH MTV HUY VU
4227,muavao,1,23000.00,2025-07-31 17:00:00,Ngân hàng TMCP Sài Gòn Thương Tín - Chi nhánh Gia Lai,CONG TY TNHH MTV HUY VU
4228,muavao,1,15000.00,2025-07-31 17:00:00,Ngân hàng TMCP Sài Gòn Thương Tín - Chi nhánh Gia Lai,CONG TY TNHH MTV HUY VU
4229,muavao,1,23000.00,2025-07-31 17:00:00,Ngân hàng TMCP Sài Gòn Thương Tín - Chi nhánh Gia Lai,CONG TY TNHH MTV HUY VU
1218,muavao,1,6388884.00,2025-07-31 17:00:00,CÔNG TY TNHH XÂY DỰNG THƯƠNG MẠI VÀ TƯ VẤN TRÍ VIỄN,CÔNG TY TNHH MỘT THÀNH VIÊN HUY VŨ
1421,muavao,1,5648148.00,2025-07-31 17:00:00,CÔNG TY TNHH XUẤT NHẬP KHẨU LÊ TRẦN GIA,CÔNG TY TNHH MỘT THÀNH VIÊN HUY VŨ
80,muavao,1,4444444.00,2025-07-31 17:00:00,CÔNG TY TNHH FINTECS,CÔNG TY TNHH MỘT THÀNH VIÊN HUY VŨ
27862,muavao,1,46031.00,2025-09-29 17:00:00,Ngân hàng Thương mại Cổ phần Đầu tư và Phát triển Việt Nam - Chi nhánh Gia Lai,CONG TY TNHH MTV HUY VU
923,muavao,1,12685185.00,2025-09-29 17:00:00,CHI NHÁNH CÔNG TY CỔ PHẦN ĐẦU TƯ VÀ PHÁT TRIỂN CÔNG NGHỆ QUỐC GIA ADG TẠI ĐÀ NẴNG,Công Ty TNHH Một Thành Viên Huy Vũ
144720,muavao,1,507273.00,2025-09-29 17:00:00,CÔNG TY CỔ PHẦN CÔNG NGHỆ VI MÔ,CÔNG TY TNHH MỘT THÀNH VIÊN HUY VŨ
185028,muavao,1,19000.00,2025-09-29 17:00:00,Ngân hàng TMCP Sài Gòn Thương Tín - Chi nhánh Gia Lai,CONG TY TNHH MTV HUY VU
185033,muavao,1,23000.00,2025-09-29 17:00:00,Ngân hàng TMCP Sài Gòn Thương Tín - Chi nhánh Gia Lai,CONG TY TNHH MTV HUY VU
5037,muavao,1,79940.00,2025-09-24 17:00:00,Ngân hàng TMCP Sài Gòn Thương Tín - Chi nhánh Gia Lai,CONG TY TNHH MTV HUY VU
2774,muavao,1,5694444.00,2025-09-28 17:00:00,CHI NHÁNH CÔNG TY TNHH CÔNG NGHỆ VÀ THƯƠNG MẠI Á MỸ,CÔNG TY TNHH MỘT THÀNH VIÊN HUY VŨ
184081,muavao,1,225000.00,2025-09-28 17:00:00,Ngân hàng TMCP Sài Gòn Thương Tín - Chi nhánh Gia Lai,CONG TY TNHH MTV HUY VU
184734,muavao,1,23000.00,2025-09-28 17:00:00,Ngân hàng TMCP Sài Gòn Thương Tín - Chi nhánh Gia Lai,CONG TY TNHH MTV HUY VU
184735,muavao,1,23000.00,2025-09-28 17:00:00,Ngân hàng TMCP Sài Gòn Thương Tín - Chi nhánh Gia Lai,CONG TY TNHH MTV HUY VU
3291,muavao,1,77830556.00,2025-09-28 17:00:00,CÔNG TY CỔ PHẦN THƯƠNG MẠI - DỊCH VỤ SAO NAM AN,Công Ty TNHH Một Thành Viên Huy Vũ
342,muavao,1,3500000.00,2025-09-28 17:00:00,CÔNG TY TNHH ĐIỆN TỬ TIN HỌC KIM PHÁT,Công Ty Trách Nhiệm Hữu Hạn một thành viên Huy Vũ
11589,muavao,1,46222223.00,2025-09-25 17:00:00,CHI NHÁNH CÔNG TY CỔ PHẦN KỸ THUẬT CÔNG NGHỆ NAM THÀNH,Công ty TNHH  Một Thành Viên Huy Vũ
11611,muavao,1,3742592.00,2025-09-25 17:00:00,CHI NHÁNH CÔNG TY CỔ PHẦN KỸ THUẬT CÔNG NGHỆ NAM THÀNH,Công ty TNHH  Một Thành Viên Huy Vũ
183189,muavao,1,19000.00,2025-09-25 17:00:00,Ngân hàng TMCP Sài Gòn Thương Tín - Chi nhánh Gia Lai,CONG TY TNHH MTV HUY VU
183239,muavao,1,23000.00,2025-09-25 17:00:00,Ngân hàng TMCP Sài Gòn Thương Tín - Chi nhánh Gia Lai,CONG TY TNHH MTV HUY VU
91829,muavao,1,144907407.00,2025-09-25 17:00:00,CÔNG TY TNHH MỘT THÀNH VIÊN CÔNG NGHỆ TIN HỌC VIỄN SƠN,CÔNG TY TNHH MỘT THÀNH VIÊN HUY VŨ
91942,muavao,1,14111111.00,2025-09-25 17:00:00,CÔNG TY TNHH MỘT THÀNH VIÊN CÔNG NGHỆ TIN HỌC VIỄN SƠN,CÔNG TY TNHH MỘT THÀNH VIÊN HUY VŨ
91977,muavao,1,269259259.00,2025-09-25 17:00:00,CÔNG TY TNHH MỘT THÀNH VIÊN CÔNG NGHỆ TIN HỌC VIỄN SƠN,CÔNG TY TNHH MỘT THÀNH VIÊN HUY VŨ
106754,muavao,1,45972222.00,2025-09-25 17:00:00,CÔNG TY CỔ PHẦN DỊCH VỤ PHÂN PHỐI TỔNG HỢP DẦU KHÍ,Công ty TNHH  Một Thành Viên Huy Vũ
106755,muavao,1,60555556.00,2025-09-25 17:00:00,CÔNG TY CỔ PHẦN DỊCH VỤ PHÂN PHỐI TỔNG HỢP DẦU KHÍ,Công ty TNHH  Một Thành Viên Huy Vũ
106768,muavao,1,53871736.00,2025-09-25 17:00:00,CÔNG TY CỔ PHẦN DỊCH VỤ PHÂN PHỐI TỔNG HỢP DẦU KHÍ,Công ty TNHH  Một Thành Viên Huy Vũ
90939,muavao,1,42629630.00,2025-09-24 17:00:00,CÔNG TY TNHH MỘT THÀNH VIÊN CÔNG NGHỆ TIN HỌC VIỄN SƠN,CÔNG TY TNHH MỘT THÀNH VIÊN HUY VŨ
1116,muavao,1,696364.00,2025-09-24 17:00:00,CÔNG TY TNHH THƯƠNG MẠI VÀ PHÁT TRIỂN CÔNG NGHỆ ĐỨC PHÁP,CÔNG TY TNHH MỘT THÀNH VIÊN HUY VŨ
2727,muavao,1,6111110.00,2025-09-23 17:00:00,CHI NHÁNH CÔNG TY TNHH CÔNG NGHỆ VÀ THƯƠNG MẠI Á MỸ,CÔNG TY TNHH MỘT THÀNH VIÊN HUY VŨ
563383,muavao,1,66666665.00,2025-09-23 17:00:00,CÔNG TY CỔ PHẦN THẾ GIỚI SỐ,CÔNG TY TNHH MTV HUY VŨ
2478,muavao,1,11388890.00,2025-09-23 17:00:00,CÔNG TY TNHH MỘT THÀNH VIÊN DỊCH VỤ THƯƠNG MẠI MẠNH TÀI,CÔNG TY TNHH MỘT THÀNH VIÊN HUY VŨ
5181,muavao,1,9938888.00,2025-09-23 17:00:00,CÔNG TY TNHH CÔNG NGHỆ DSS ĐÀ NẴNG,CÔNG TY TNHH MỘT THÀNH VIÊN HUY VŨ
106,muavao,1,2222222.00,2025-09-23 17:00:00,CÔNG TY TNHH FINTECS,CÔNG TY TNHH MỘT THÀNH VIÊN HUY VŨ
859,muavao,1,16120370.00,2025-09-23 17:00:00,CHI NHÁNH CÔNG TY CỔ PHẦN HUETRONICS (TỈNH THỪA THIÊN HUẾ),CÔNG TY TNHH MỘT THÀNH VIÊN HUY VŨ
4998,muavao,1,23000.00,2025-09-22 17:00:00,Ngân hàng TMCP Sài Gòn Thương Tín - Chi nhánh Gia Lai,CONG TY TNHH MTV HUY VU
4999,muavao,1,23000.00,2025-09-22 17:00:00,Ngân hàng TMCP Sài Gòn Thương Tín - Chi nhánh Gia Lai,CONG TY TNHH MTV HUY VU
5000,muavao,1,23000.00,2025-09-22 17:00:00,Ngân hàng TMCP Sài Gòn Thương Tín - Chi nhánh Gia Lai,CONG TY TNHH MTV HUY VU
5001,muavao,1,23000.00,2025-09-22 17:00:00,Ngân hàng TMCP Sài Gòn Thương Tín - Chi nhánh Gia Lai,CONG TY TNHH MTV HUY VU
104,muavao,1,2222222.00,2025-09-22 17:00:00,CÔNG TY TNHH FINTECS,CÔNG TY TNHH MỘT THÀNH VIÊN HUY VŨ
4148,muavao,1,14805556.00,2025-09-21 17:00:00,Chi nhánh Công ty Cổ phần thương mại Tin học Hưng Long,CÔNG TY TNHH MỘT THÀNH VIÊN HUY VŨ
180583,muavao,1,19000.00,2025-09-21 17:00:00,Ngân hàng TMCP Sài Gòn Thương Tín - Chi nhánh Gia Lai,CONG TY TNHH MTV HUY VU
48140699,muavao,1,197138.00,2025-09-21 17:00:00,NGÂN HÀNG TMCP Á CHÂU,CTY TNHH MTV HUY VU
556223,muavao,1,462960.00,2025-09-21 17:00:00,CÔNG TY CỔ PHẦN THẾ GIỚI SỐ,CÔNG TY TNHH MTV HUY VŨ
11109,muavao,1,57425927.00,2025-09-19 17:00:00,CHI NHÁNH CÔNG TY CỔ PHẦN KỸ THUẬT CÔNG NGHỆ NAM THÀNH,Công ty TNHH  Một Thành Viên Huy Vũ
47794807,muavao,1,1972603.00,2025-09-19 17:00:00,NGÂN HÀNG TMCP Á CHÂU,CTY TNHH MTV HUY VU
10230,muavao,1,5231478.00,2025-09-19 17:00:00,Công Ty TNHH Công Nghệ Thông Tin An Phát,CÔNG TY TNHH MỘT THÀNH VIÊN HUY VŨ
180402,muavao,1,23000.00,2025-09-18 17:00:00,Ngân hàng TMCP Sài Gòn Thương Tín - Chi nhánh Gia Lai,CONG TY TNHH MTV HUY VU
4946,muavao,1,40000.00,2025-09-18 17:00:00,Ngân hàng TMCP Sài Gòn Thương Tín - Chi nhánh Gia Lai,CONG TY TNHH MTV HUY VU
4947,muavao,1,27880.00,2025-09-18 17:00:00,Ngân hàng TMCP Sài Gòn Thương Tín - Chi nhánh Gia Lai,CONG TY TNHH MTV HUY VU
4948,muavao,1,23000.00,2025-09-18 17:00:00,Ngân hàng TMCP Sài Gòn Thương Tín - Chi nhánh Gia Lai,CONG TY TNHH MTV HUY VU
4949,muavao,1,23000.00,2025-09-18 17:00:00,Ngân hàng TMCP Sài Gòn Thương Tín - Chi nhánh Gia Lai,CONG TY TNHH MTV HUY VU
4950,muavao,1,23000.00,2025-09-18 17:00:00,Ngân hàng TMCP Sài Gòn Thương Tín - Chi nhánh Gia Lai,CONG TY TNHH MTV HUY VU
4951,muavao,1,23000.00,2025-09-18 17:00:00,Ngân hàng TMCP Sài Gòn Thương Tín - Chi nhánh Gia Lai,CONG TY TNHH MTV HUY VU
542821,muavao,1,14333333.00,2025-09-18 17:00:00,CÔNG TY CỔ PHẦN THẾ GIỚI SỐ,CÔNG TY TNHH MTV HUY VŨ
542930,muavao,1,39518518.00,2025-09-18 17:00:00,CÔNG TY CỔ PHẦN THẾ GIỚI SỐ,CÔNG TY TNHH MTV HUY VŨ
179964,muavao,1,19000.00,2025-09-17 17:00:00,Ngân hàng TMCP Sài Gòn Thương Tín - Chi nhánh Gia Lai,CONG TY TNHH MTV HUY VU
102295,muavao,1,70138889.00,2025-09-17 17:00:00,CÔNG TY CỔ PHẦN DỊCH VỤ PHÂN PHỐI TỔNG HỢP DẦU KHÍ,Công ty TNHH  Một Thành Viên Huy Vũ
3136,muavao,1,3750000.00,2025-09-17 17:00:00,CÔNG TY TNHH THƯƠNG MẠI DỊCH VỤ SẢN XUẤT XUẤT NHẬP KHẨU MỰC IN VIỆT NHẬT,CÔNG TY TNHH MỘT THÀNH VIÊN HUY VŨ
326,muavao,2,4092593.00,2025-09-17 17:00:00,CÔNG TY TNHH ĐIỆN TỬ TIN HỌC KIM PHÁT,Công Ty Trách Nhiệm Hữu Hạn một thành viên Huy Vũ
1951,muavao,1,3333333.00,2025-09-17 17:00:00,CÔNG TY CỔ PHẦN VPS MIỀN TRUNG,CÔNG TY TNHH MỘT THÀNH VIÊN HUY VŨ
179845,muavao,1,23000.00,2025-09-16 17:00:00,Ngân hàng TMCP Sài Gòn Thương Tín - Chi nhánh Gia Lai,CONG TY TNHH MTV HUY VU
102289,muavao,1,73287037.00,2025-09-16 17:00:00,CÔNG TY CỔ PHẦN DỊCH VỤ PHÂN PHỐI TỔNG HỢP DẦU KHÍ,Công ty TNHH  Một Thành Viên Huy Vũ
322,muavao,4,4092593.00,2025-09-16 17:00:00,CÔNG TY TNHH ĐIỆN TỬ TIN HỌC KIM PHÁT,Công Ty Trách Nhiệm Hữu Hạn một thành viên Huy Vũ
178861,muavao,1,23000.00,2025-09-15 17:00:00,Ngân hàng TMCP Sài Gòn Thương Tín - Chi nhánh Gia Lai,CONG TY TNHH MTV HUY VU
46795382,muavao,1,4545.00,2025-09-15 17:00:00,NGÂN HÀNG TMCP Á CHÂU,CTY TNHH MTV HUY VU
46795555,muavao,1,4545.00,2025-09-15 17:00:00,NGÂN HÀNG TMCP Á CHÂU,CTY TNHH MTV HUY VU
526980,muavao,1,23816666.00,2025-09-15 17:00:00,CÔNG TY CỔ PHẦN THẾ GIỚI SỐ,CÔNG TY TNHH MTV HUY VŨ
527483,muavao,1,12685182.00,2025-09-15 17:00:00,CÔNG TY CỔ PHẦN THẾ GIỚI SỐ,CÔNG TY TNHH MTV HUY VŨ
1729,muavao,1,4305556.00,2025-09-15 17:00:00,CÔNG TY TNHH XUẤT NHẬP KHẨU LÊ TRẦN GIA,CÔNG TY TNHH MỘT THÀNH VIÊN HUY VŨ
25892,muavao,1,1092593.00,2025-09-14 17:00:00,CÔNG TY CỔ PHẦN MÁY TÍNH VĨNH XUÂN - CHI NHÁNH THÀNH PHỐ HỒ CHÍ MINH,CÔNG TY TNHH MỘT THÀNH VIÊN HUY VŨ
2525,muavao,1,17527778.00,2025-09-14 17:00:00,CÔNG TY CỔ PHẦN MÁY TÍNH VĨNH XUÂN - CHI NHÁNH ĐÀ NẴNG,CÔNG TY TNHH MỘT THÀNH VIÊN HUY VŨ
178248,muavao,1,19000.00,2025-09-14 17:00:00,Ngân hàng TMCP Sài Gòn Thương Tín - Chi nhánh Gia Lai,CONG TY TNHH MTV HUY VU
46673635,muavao,1,48430.00,2025-09-14 17:00:00,NGÂN HÀNG TMCP Á CHÂU,CTY TNHH MTV HUY VU
524137,muavao,1,47633332.00,2025-09-14 17:00:00,CÔNG TY CỔ PHẦN THẾ GIỚI SỐ,CÔNG TY TNHH MTV HUY VŨ
9979,muavao,1,4999998.00,2025-09-14 17:00:00,Công Ty TNHH Công Nghệ Thông Tin An Phát,CÔNG TY TNHH MỘT THÀNH VIÊN HUY VŨ
316,muavao,1,3500000.00,2025-09-14 17:00:00,CÔNG TY TNHH ĐIỆN TỬ TIN HỌC KIM PHÁT,Công Ty Trách Nhiệm Hữu Hạn một thành viên Huy Vũ
4021,muavao,1,11111111.00,2025-09-12 17:00:00,Chi nhánh Công ty Cổ phần thương mại Tin học Hưng Long,CÔNG TY TNHH MỘT THÀNH VIÊN HUY VŨ
46309035,muavao,1,29545.00,2025-09-12 17:00:00,NGÂN HÀNG TMCP Á CHÂU,CTY TNHH MTV HUY VU
45311901,muavao,1,15167.00,2025-09-11 17:00:00,NGÂN HÀNG TMCP Á CHÂU,CTY TNHH MTV HUY VU
45312340,muavao,1,14545.00,2025-09-11 17:00:00,NGÂN HÀNG TMCP Á CHÂU,CTY TNHH MTV HUY VU
45312535,muavao,1,14545.00,2025-09-11 17:00:00,NGÂN HÀNG TMCP Á CHÂU,CTY TNHH MTV HUY VU
45312598,muavao,1,14545.00,2025-09-11 17:00:00,NGÂN HÀNG TMCP Á CHÂU,CTY TNHH MTV HUY VU
45312617,muavao,1,36364.00,2025-09-11 17:00:00,NGÂN HÀNG TMCP Á CHÂU,CTY TNHH MTV HUY VU
520379,muavao,1,105861109.00,2025-09-11 17:00:00,CÔNG TY CỔ PHẦN THẾ GIỚI SỐ,CÔNG TY TNHH MTV HUY VŨ
2580,muavao,1,2685185.00,2025-09-10 17:00:00,CHI NHÁNH CÔNG TY TNHH CÔNG NGHỆ VÀ THƯƠNG MẠI Á MỸ,CÔNG TY TNHH MỘT THÀNH VIÊN HUY VŨ
176260,muavao,1,9865716.00,2025-09-10 17:00:00,Ngân hàng TMCP Sài Gòn Thương Tín - Chi nhánh Gia Lai,CONG TY TNHH MTV HUY VU
176261,muavao,1,223446.00,2025-09-10 17:00:00,Ngân hàng TMCP Sài Gòn Thương Tín - Chi nhánh Gia Lai,CONG TY TNHH MTV HUY VU
176262,muavao,1,546378.00,2025-09-10 17:00:00,Ngân hàng TMCP Sài Gòn Thương Tín - Chi nhánh Gia Lai,CONG TY TNHH MTV HUY VU
176263,muavao,1,374404.00,2025-09-10 17:00:00,Ngân hàng TMCP Sài Gòn Thương Tín - Chi nhánh Gia Lai,CONG TY TNHH MTV HUY VU
176264,muavao,1,977989.00,2025-09-10 17:00:00,Ngân hàng TMCP Sài Gòn Thương Tín - Chi nhánh Gia Lai,CONG TY TNHH MTV HUY VU
176265,muavao,1,592586.00,2025-09-10 17:00:00,Ngân hàng TMCP Sài Gòn Thương Tín - Chi nhánh Gia Lai,CONG TY TNHH MTV HUY VU
176266,muavao,1,454810.00,2025-09-10 17:00:00,Ngân hàng TMCP Sài Gòn Thương Tín - Chi nhánh Gia Lai,CONG TY TNHH MTV HUY VU
176267,muavao,1,748265.00,2025-09-10 17:00:00,Ngân hàng TMCP Sài Gòn Thương Tín - Chi nhánh Gia Lai,CONG TY TNHH MTV HUY VU
176268,muavao,1,876815.00,2025-09-10 17:00:00,Ngân hàng TMCP Sài Gòn Thương Tín - Chi nhánh Gia Lai,CONG TY TNHH MTV HUY VU
176269,muavao,1,928364.00,2025-09-10 17:00:00,Ngân hàng TMCP Sài Gòn Thương Tín - Chi nhánh Gia Lai,CONG TY TNHH MTV HUY VU
176270,muavao,1,681213.00,2025-09-10 17:00:00,Ngân hàng TMCP Sài Gòn Thương Tín - Chi nhánh Gia Lai,CONG TY TNHH MTV HUY VU
176271,muavao,1,457177.00,2025-09-10 17:00:00,Ngân hàng TMCP Sài Gòn Thương Tín - Chi nhánh Gia Lai,CONG TY TNHH MTV HUY VU
176272,muavao,1,499287.00,2025-09-10 17:00:00,Ngân hàng TMCP Sài Gòn Thương Tín - Chi nhánh Gia Lai,CONG TY TNHH MTV HUY VU
176273,muavao,1,995357.00,2025-09-10 17:00:00,Ngân hàng TMCP Sài Gòn Thương Tín - Chi nhánh Gia Lai,CONG TY TNHH MTV HUY VU
176274,muavao,1,863476.00,2025-09-10 17:00:00,Ngân hàng TMCP Sài Gòn Thương Tín - Chi nhánh Gia Lai,CONG TY TNHH MTV HUY VU
175873,muavao,1,21000.00,2025-09-09 17:00:00,Ngân hàng TMCP Sài Gòn Thương Tín - Chi nhánh Gia Lai,CONG TY TNHH MTV HUY VU
176070,muavao,1,619903.00,2025-09-09 17:00:00,Ngân hàng TMCP Sài Gòn Thương Tín - Chi nhánh Gia Lai,CONG TY TNHH MTV HUY VU
44957592,muavao,1,197138.00,2025-09-09 17:00:00,NGÂN HÀNG TMCP Á CHÂU,CTY TNHH MTV HUY VU
44957760,muavao,1,969443.00,2025-09-09 17:00:00,NGÂN HÀNG TMCP Á CHÂU,CTY TNHH MTV HUY VU
44957886,muavao,1,439418.00,2025-09-09 17:00:00,NGÂN HÀNG TMCP Á CHÂU,CTY TNHH MTV HUY VU
44958009,muavao,1,6115069.00,2025-09-09 17:00:00,NGÂN HÀNG TMCP Á CHÂU,CTY TNHH MTV HUY VU
44958097,muavao,1,3463233.00,2025-09-09 17:00:00,NGÂN HÀNG TMCP Á CHÂU,CTY TNHH MTV HUY VU
44966937,muavao,1,4545.00,2025-09-09 17:00:00,NGÂN HÀNG TMCP Á CHÂU,CTY TNHH MTV HUY VU
44967234,muavao,1,4545.00,2025-09-09 17:00:00,NGÂN HÀNG TMCP Á CHÂU,CTY TNHH MTV HUY VU
842,muavao,1,69212963.00,2025-09-08 17:00:00,CHI NHÁNH CÔNG TY CỔ PHẦN ĐẦU TƯ VÀ PHÁT TRIỂN CÔNG NGHỆ QUỐC GIA ADG TẠI ĐÀ NẴNG,Công Ty TNHH Một Thành Viên Huy Vũ
131850,muavao,1,3004630.00,2025-09-08 17:00:00,Công ty TNHH Phân phối Synnex FPT,Công ty TNHH MTV Huy Vũ
10407,muavao,1,42555557.00,2025-09-08 17:00:00,CHI NHÁNH CÔNG TY CỔ PHẦN KỸ THUẬT CÔNG NGHỆ NAM THÀNH,Công ty TNHH  Một Thành Viên Huy Vũ
10408,muavao,1,1201852.00,2025-09-08 17:00:00,CHI NHÁNH CÔNG TY CỔ PHẦN KỸ THUẬT CÔNG NGHỆ NAM THÀNH,Công ty TNHH  Một Thành Viên Huy Vũ
10409,muavao,1,10474074.00,2025-09-08 17:00:00,CHI NHÁNH CÔNG TY CỔ PHẦN KỸ THUẬT CÔNG NGHỆ NAM THÀNH,Công ty TNHH  Một Thành Viên Huy Vũ
84174,muavao,1,38333333.00,2025-09-08 17:00:00,CÔNG TY TNHH MỘT THÀNH VIÊN CÔNG NGHỆ TIN HỌC VIỄN SƠN,CÔNG TY TNHH MỘT THÀNH VIÊN HUY VŨ
17200,muavao,1,29583333.00,2025-09-08 17:00:00,CÔNG TY CỔ PHẦN ĐẦU TƯ LBM,CÔNG TY TNHH MỘT THÀNH VIÊN HUY VŨ
2990,muavao,1,9990741.00,2025-09-08 17:00:00,CÔNG TY TNHH THƯƠNG MẠI DỊCH VỤ SẢN XUẤT XUẤT NHẬP KHẨU MỰC IN VIỆT NHẬT,CÔNG TY TNHH MỘT THÀNH VIÊN HUY VŨ
31159,muavao,1,4.00,2025-10-30 17:00:00,Ngân hàng Thương mại Cổ phần Đầu tư và Phát triển Việt Nam - Chi nhánh Gia Lai,CONG TY TNHH MTV HUY VU
44572108,muavao,1,4545.00,2025-09-07 17:00:00,NGÂN HÀNG TMCP Á CHÂU,CTY TNHH MTV HUY VU
44572398,muavao,1,4545.00,2025-09-07 17:00:00,NGÂN HÀNG TMCP Á CHÂU,CTY TNHH MTV HUY VU
44574122,muavao,1,22727.00,2025-09-07 17:00:00,NGÂN HÀNG TMCP Á CHÂU,CTY TNHH MTV HUY VU
44574261,muavao,1,18182.00,2025-09-07 17:00:00,NGÂN HÀNG TMCP Á CHÂU,CTY TNHH MTV HUY VU
509528,muavao,1,38564815.00,2025-09-07 17:00:00,CÔNG TY CỔ PHẦN THẾ GIỚI SỐ,CÔNG TY TNHH MTV HUY VŨ
510421,muavao,1,66666665.00,2025-09-07 17:00:00,CÔNG TY CỔ PHẦN THẾ GIỚI SỐ,CÔNG TY TNHH MTV HUY VŨ
7231,muavao,1,13185191.00,2025-09-07 17:00:00,CÔNG TY TNHH PHÂN PHỐI PHƯƠNG VIỆT,CÔNG TY TNHH MỘT THÀNH VIÊN HUY VŨ
979263,muavao,1,234545.00,2025-09-06 17:00:00,CÔNG TY DỊCH VỤ MOBIFONE KHU VỰC 7 - CHI NHÁNH TỔNG CÔNG TY VIỄN THÔNG MOBIFONE,Công ty TNHH MTV Huy Vũ
1007,muavao,1,5785185.00,2025-09-05 17:00:00,CÔNG TY TNHH ĐẦU TƯ CÔNG NGHỆ ÂM THANH TRIỆU GIA,CÔNG TY TNHH MỘT THÀNH VIÊN HUY VŨ
94,muavao,1,2222222.00,2025-09-05 17:00:00,CÔNG TY TNHH FINTECS,CÔNG TY TNHH MỘT THÀNH VIÊN HUY VŨ
2504,muavao,1,1824074.00,2025-09-04 17:00:00,CHI NHÁNH CÔNG TY TNHH CÔNG NGHỆ VÀ THƯƠNG MẠI Á MỸ,CÔNG TY TNHH MỘT THÀNH VIÊN HUY VŨ
173791,muavao,1,54400.00,2025-09-04 17:00:00,Ngân hàng TMCP Sài Gòn Thương Tín - Chi nhánh Gia Lai,CONG TY TNHH MTV HUY VU
44108925,muavao,1,546949.00,2025-09-04 17:00:00,NGÂN HÀNG TMCP Á CHÂU,CTY TNHH MTV HUY VU
44131070,muavao,1,4545.00,2025-09-04 17:00:00,NGÂN HÀNG TMCP Á CHÂU,CTY TNHH MTV HUY VU
44131210,muavao,1,4545.00,2025-09-04 17:00:00,NGÂN HÀNG TMCP Á CHÂU,CTY TNHH MTV HUY VU
44134040,muavao,1,4545.00,2025-09-04 17:00:00,NGÂN HÀNG TMCP Á CHÂU,CTY TNHH MTV HUY VU
44135760,muavao,1,36364.00,2025-09-04 17:00:00,NGÂN HÀNG TMCP Á CHÂU,CTY TNHH MTV HUY VU
503627,muavao,1,7407405.00,2025-09-04 17:00:00,CÔNG TY CỔ PHẦN THẾ GIỚI SỐ,CÔNG TY TNHH MTV HUY VŨ
189364,muavao,1,87944.00,2025-10-12 17:00:00,Ngân hàng TMCP Sài Gòn Thương Tín - Chi nhánh Gia Lai,CONG TY TNHH MTV HUY VU
14906,muavao,1,554235.00,2025-09-04 17:00:00,CÔNG TY CỔ PHẦN ĐẦU TƯ THƯƠNG MẠI PHÁT TRIỂN NHẤT TÍN,CÔNG TY TNHH MỘT THÀNH VIÊN HUY VŨ
4692,muavao,1,51444.00,2025-09-03 17:00:00,Ngân hàng TMCP Sài Gòn Thương Tín - Chi nhánh Gia Lai,CONG TY TNHH MTV HUY VU
4693,muavao,1,23000.00,2025-09-03 17:00:00,Ngân hàng TMCP Sài Gòn Thương Tín - Chi nhánh Gia Lai,CONG TY TNHH MTV HUY VU
502278,muavao,1,167893515.00,2025-09-03 17:00:00,CÔNG TY CỔ PHẦN THẾ GIỚI SỐ,CÔNG TY TNHH MTV HUY VŨ
82099,muavao,1,14166667.00,2025-09-03 17:00:00,CÔNG TY TNHH MỘT THÀNH VIÊN CÔNG NGHỆ TIN HỌC VIỄN SƠN,CÔNG TY TNHH MỘT THÀNH VIÊN HUY VŨ
82161,muavao,1,57546296.00,2025-09-03 17:00:00,CÔNG TY TNHH MỘT THÀNH VIÊN CÔNG NGHỆ TIN HỌC VIỄN SƠN,CÔNG TY TNHH MỘT THÀNH VIÊN HUY VŨ
4770,muavao,1,9719444.00,2025-09-03 17:00:00,CÔNG TY TNHH CÔNG NGHỆ DSS ĐÀ NẴNG,CÔNG TY TNHH MỘT THÀNH VIÊN HUY VŨ
1014,muavao,1,6342593.00,2025-09-02 17:00:00,CÔNG TY TNHH ĐẦU TƯ PGP,CÔNG TY TNHH MTV HUY VŨ
60976169,muavao,1,318182.00,2025-09-01 17:00:00,Tập đoàn Công nghiệp - Viễn thông Quân đội,Công Ty Tnhh Huy Vũ
638316,muavao,1,233636.00,2025-09-01 17:00:00,TRUNG TÂM KINH DOANH VNPT - GIA LAI - CHI NHÁNH TỔNG CÔNG TY DỊCH VỤ VIỄN THÔNG,Cửa Hàng Máy Tình Trường Sơn
638454,muavao,1,20800.00,2025-09-01 17:00:00,TRUNG TÂM KINH DOANH VNPT - GIA LAI - CHI NHÁNH TỔNG CÔNG TY DỊCH VỤ VIỄN THÔNG,Công Ty TNHH MTV  Huy Vũ
638455,muavao,1,24545.00,2025-09-01 17:00:00,TRUNG TÂM KINH DOANH VNPT - GIA LAI - CHI NHÁNH TỔNG CÔNG TY DỊCH VỤ VIỄN THÔNG,Công Ty  TNHH MTV Huy Vũ
638490,muavao,1,20000.00,2025-09-01 17:00:00,TRUNG TÂM KINH DOANH VNPT - GIA LAI - CHI NHÁNH TỔNG CÔNG TY DỊCH VỤ VIỄN THÔNG,Công Ty TNHH MTV Huy Vũ
638524,muavao,1,40364.00,2025-09-01 17:00:00,TRUNG TÂM KINH DOANH VNPT - GIA LAI - CHI NHÁNH TỔNG CÔNG TY DỊCH VỤ VIỄN THÔNG,Công Ty TNHH MTV Huy Vũ
665573,muavao,1,249636.00,2025-09-01 17:00:00,TRUNG TÂM KINH DOANH VNPT - GIA LAI - CHI NHÁNH TỔNG CÔNG TY DỊCH VỤ VIỄN THÔNG,Công Ty TNHH MTV Huy Vũ
704486,muavao,1,587115.00,2025-09-01 17:00:00,TRUNG TÂM KINH DOANH VNPT - GIA LAI - CHI NHÁNH TỔNG CÔNG TY DỊCH VỤ VIỄN THÔNG,Công Ty TNHH MTV Huy Vũ
704487,muavao,1,208355.00,2025-09-01 17:00:00,TRUNG TÂM KINH DOANH VNPT - GIA LAI - CHI NHÁNH TỔNG CÔNG TY DỊCH VỤ VIỄN THÔNG,Công Ty TNHH MTV Huy Vũ
704571,muavao,1,419932.00,2025-09-01 17:00:00,TRUNG TÂM KINH DOANH VNPT - GIA LAI - CHI NHÁNH TỔNG CÔNG TY DỊCH VỤ VIỄN THÔNG,Công Ty TNHH MTV Huy Vũ
185896,muavao,1,22091.00,2025-10-30 17:00:00,CÔNG TY CỔ PHẦN CÔNG NGHỆ VI MÔ,CÔNG TY TNHH MỘT THÀNH VIÊN HUY VŨ
84937022,muavao,1,148148.00,2025-10-30 17:00:00,CÔNG TY TNHH THU PHÍ TỰ ĐỘNG VETC,CÔNG TY TNHH MỘT THÀNH VIÊN HUY VŨ
198482,muavao,1,36346.00,2025-10-30 17:00:00,Ngân hàng TMCP Sài Gòn Thương Tín - Chi nhánh Gia Lai,CONG TY TNHH MTV HUY VU
198483,muavao,1,23000.00,2025-10-30 17:00:00,Ngân hàng TMCP Sài Gòn Thương Tín - Chi nhánh Gia Lai,CONG TY TNHH MTV HUY VU
5627,muavao,1,1818182.00,2025-10-30 17:00:00,Ngân hàng TMCP Sài Gòn Thương Tín - Chi nhánh Gia Lai,CONG TY TNHH MTV HUY VU
102104,muavao,1,3764764.00,2025-10-30 17:00:00,CÔNG TY TNHH MỘT THÀNH VIÊN CÔNG NGHỆ TIN HỌC VIỄN SƠN,CÔNG TY TNHH MỘT THÀNH VIÊN HUY VŨ
102111,muavao,1,4629630.00,2025-10-30 17:00:00,CÔNG TY TNHH MỘT THÀNH VIÊN CÔNG NGHỆ TIN HỌC VIỄN SƠN,CÔNG TY TNHH MỘT THÀNH VIÊN HUY VŨ
3147,muavao,1,3101852.00,2025-10-29 17:00:00,CHI NHÁNH CÔNG TY TNHH CÔNG NGHỆ VÀ THƯƠNG MẠI Á MỸ,CÔNG TY TNHH MỘT THÀNH VIÊN HUY VŨ
119196,muavao,1,177453704.00,2025-10-29 17:00:00,CÔNG TY CỔ PHẦN DỊCH VỤ PHÂN PHỐI TỔNG HỢP DẦU KHÍ,Công ty TNHH  Một Thành Viên Huy Vũ
119136,muavao,1,22555556.00,2025-10-28 17:00:00,CÔNG TY CỔ PHẦN DỊCH VỤ PHÂN PHỐI TỔNG HỢP DẦU KHÍ,Công ty TNHH  Một Thành Viên Huy Vũ
225710,muavao,1,4361109.00,2025-10-27 17:00:00,Chi nhánh Công ty TNHH phân phối Synnex FPT,Công ty TNHH MTV Huy Vũ
195800,muavao,1,225000.00,2025-10-27 17:00:00,Ngân hàng TMCP Sài Gòn Thương Tín - Chi nhánh Gia Lai,CONG TY TNHH MTV HUY VU
196731,muavao,1,19000.00,2025-10-27 17:00:00,Ngân hàng TMCP Sài Gòn Thương Tín - Chi nhánh Gia Lai,CONG TY TNHH MTV HUY VU
2063,muavao,1,5925926.00,2025-10-27 17:00:00,CÔNG TY TNHH XUẤT NHẬP KHẨU LÊ TRẦN GIA,CÔNG TY TNHH MỘT THÀNH VIÊN HUY VŨ
372,muavao,1,21893518.00,2025-10-27 17:00:00,CÔNG TY TNHH ĐIỆN TỬ TIN HỌC KIM PHÁT,Công Ty Trách Nhiệm Hữu Hạn một thành viên Huy Vũ
1197,muavao,1,19000000.00,2025-10-27 17:00:00,CÔNG TY CỔ PHẦN CÔNG NGHỆ COTIMEX,CÔNG TY TNHH MỘT THÀNH VIÊN HUY VŨ
195240,muavao,1,19000.00,2025-10-26 17:00:00,Ngân hàng TMCP Sài Gòn Thương Tín - Chi nhánh Gia Lai,CONG TY TNHH MTV HUY VU
195243,muavao,1,19000.00,2025-10-26 17:00:00,Ngân hàng TMCP Sài Gòn Thương Tín - Chi nhánh Gia Lai,CONG TY TNHH MTV HUY VU
6612,muavao,1,14027800.00,2025-10-26 17:00:00,CÔNG TY CỔ PHẦN MÁY TÍNH VINH HIỂN LỘC TÀI,CÔNG TY TNHH MỘT THÀNH VIÊN HUY VŨ
117824,muavao,1,68472223.00,2025-10-24 17:00:00,CÔNG TY CỔ PHẦN DỊCH VỤ PHÂN PHỐI TỔNG HỢP DẦU KHÍ,Công ty TNHH  Một Thành Viên Huy Vũ
369,muavao,1,49235183.00,2025-10-24 17:00:00,CÔNG TY TNHH ĐIỆN TỬ TIN HỌC KIM PHÁT,Công Ty Trách Nhiệm Hữu Hạn một thành viên Huy Vũ
370,muavao,1,47916667.00,2025-10-24 17:00:00,CÔNG TY TNHH ĐIỆN TỬ TIN HỌC KIM PHÁT,Công Ty Trách Nhiệm Hữu Hạn một thành viên Huy Vũ
27663,muavao,5,3996296.00,2025-10-23 17:00:00,CÔNG TY CỔ PHẦN MÁY TÍNH VĨNH XUÂN,CÔNG TY TNHH MỘT THÀNH VIÊN HUY VŨ
27664,muavao,1,3996296.00,2025-10-23 17:00:00,CÔNG TY CỔ PHẦN MÁY TÍNH VĨNH XUÂN,CÔNG TY TNHH MỘT THÀNH VIÊN HUY VŨ
3080,muavao,1,22846297.00,2025-10-23 17:00:00,CÔNG TY CỔ PHẦN MÁY TÍNH VĨNH XUÂN - CHI NHÁNH ĐÀ NẴNG,CÔNG TY TNHH MỘT THÀNH VIÊN HUY VŨ
194900,muavao,1,23000.00,2025-10-23 17:00:00,Ngân hàng TMCP Sài Gòn Thương Tín - Chi nhánh Gia Lai,CONG TY TNHH MTV HUY VU
22253,muavao,1,23611110.00,2025-10-23 17:00:00,CÔNG TY CỔ PHẦN ĐẦU TƯ LBM,CÔNG TY TNHH MỘT THÀNH VIÊN HUY VŨ
2275,muavao,1,1111111.00,2025-10-23 17:00:00,CÔNG TY CỔ PHẦN VPS MIỀN TRUNG,CÔNG TY TNHH MỘT THÀNH VIÊN HUY VŨ
1676,muavao,1,1777778.00,2025-10-23 17:00:00,CÔNG TY TNHH CÔNG NGHỆ ÂU LẠC,CÔNG TY TNHH MỘT THÀNH VIÊN HUY VŨ
222586,muavao,1,32222222.00,2025-10-22 17:00:00,Chi nhánh Công ty TNHH phân phối Synnex FPT,Công ty TNHH MTV Huy Vũ
194406,muavao,1,19000.00,2025-10-22 17:00:00,Ngân hàng TMCP Sài Gòn Thương Tín - Chi nhánh Gia Lai,CONG TY TNHH MTV HUY VU
194407,muavao,1,19000.00,2025-10-22 17:00:00,Ngân hàng TMCP Sài Gòn Thương Tín - Chi nhánh Gia Lai,CONG TY TNHH MTV HUY VU
194455,muavao,1,25000.00,2025-10-22 17:00:00,Ngân hàng TMCP Sài Gòn Thương Tín - Chi nhánh Gia Lai,CONG TY TNHH MTV HUY VU
159486,muavao,1,1259260.00,2025-10-21 17:00:00,Công ty TNHH Phân phối Synnex FPT,Công ty TNHH MTV Huy Vũ
222382,muavao,1,5629628.00,2025-10-21 17:00:00,Chi nhánh Công ty TNHH phân phối Synnex FPT,Công ty TNHH MTV Huy Vũ
2806,muavao,1,0.00,2025-10-21 17:00:00,CÔNG TY TNHH CÔNG NGHỆ HP VIỆT NAM,CÔNG TY TNHH MỘT THÀNH VIÊN HUY VŨ
6808,muavao,1,4902779.00,2025-10-21 17:00:00,CÔNG TY TNHH THƯƠNG MẠI DỊCH VỤ QUỐC VIỆT,Công Ty TNHH Một Thành Viên Huy Vũ
194338,muavao,1,19000.00,2025-10-21 17:00:00,Ngân hàng TMCP Sài Gòn Thương Tín - Chi nhánh Gia Lai,CONG TY TNHH MTV HUY VU
3553,muavao,1,6940742.00,2025-10-21 17:00:00,CÔNG TY TNHH THƯƠNG MẠI DỊCH VỤ SẢN XUẤT XUẤT NHẬP KHẨU MỰC IN VIỆT NHẬT,CÔNG TY TNHH MỘT THÀNH VIÊN HUY VŨ
2701,muavao,1,9138888.00,2025-10-21 17:00:00,CÔNG TY CỔ PHẦN RIOTECH,CÔNG TY TNHH MỘT THÀNH VIÊN HUY VŨ
94091,muavao,1,1825000.00,2025-10-20 17:00:00,CÔNG TY TNHH TP-LINK TECHNOLOGIES VIỆT NAM,CÔNG TY TNHH MỘT THÀNH VIÊN HUY VŨ
8369,muavao,1,24611111.00,2025-10-20 17:00:00,CÔNG TY TNHH PHƯƠNG KHANG COMPUTER,CÔNG TY TNHH MỘT THÀNH VIÊN HUY VŨ
22660,muavao,1,462963.00,2025-10-20 17:00:00,CHI NHÁNH PETROLIMEX PLEIKU - CÔNG TY TNHH MTV PETROLIMEX GIA LAI,CÔNG TY TNHH MỘT THÀNH VIÊN HUY VŨ
1236487,muavao,3,-45455.00,2025-10-19 17:00:00,CÔNG TY DỊCH VỤ MOBIFONE KHU VỰC 7 - CHI NHÁNH TỔNG CÔNG TY VIỄN THÔNG MOBIFONE,Công ty TNHH MTV Huy Vũ
191629,muavao,1,19000.00,2025-10-19 17:00:00,Ngân hàng TMCP Sài Gòn Thương Tín - Chi nhánh Gia Lai,CONG TY TNHH MTV HUY VU
191657,muavao,1,19000.00,2025-10-19 17:00:00,Ngân hàng TMCP Sài Gòn Thương Tín - Chi nhánh Gia Lai,CONG TY TNHH MTV HUY VU
4943,muavao,1,4064815.00,2025-10-19 17:00:00,CÔNG TY CỔ PHẦN ĐẦU TƯ PHÁT TRIỂN CÔNG NGHỆ ROBO,CÔNG TY TNHH MỘT THÀNH VIÊN HUY VŨ
219885,muavao,1,66666665.00,2025-10-16 17:00:00,Chi nhánh Công ty TNHH phân phối Synnex FPT,Công ty TNHH MTV Huy Vũ
191536,muavao,1,45732.00,2025-10-16 17:00:00,Ngân hàng TMCP Sài Gòn Thương Tín - Chi nhánh Gia Lai,CONG TY TNHH MTV HUY VU
5407,muavao,1,23000.00,2025-10-15 17:00:00,Ngân hàng TMCP Sài Gòn Thương Tín - Chi nhánh Gia Lai,CONG TY TNHH MTV HUY VU
5408,muavao,1,23000.00,2025-10-15 17:00:00,Ngân hàng TMCP Sài Gòn Thương Tín - Chi nhánh Gia Lai,CONG TY TNHH MTV HUY VU
5409,muavao,1,23000.00,2025-10-15 17:00:00,Ngân hàng TMCP Sài Gòn Thương Tín - Chi nhánh Gia Lai,CONG TY TNHH MTV HUY VU
5410,muavao,1,23000.00,2025-10-15 17:00:00,Ngân hàng TMCP Sài Gòn Thương Tín - Chi nhánh Gia Lai,CONG TY TNHH MTV HUY VU
5411,muavao,1,23000.00,2025-10-15 17:00:00,Ngân hàng TMCP Sài Gòn Thương Tín - Chi nhánh Gia Lai,CONG TY TNHH MTV HUY VU
11358,muavao,1,1620370.00,2025-10-15 17:00:00,Công Ty TNHH Công Nghệ Thông Tin An Phát,CÔNG TY TNHH MỘT THÀNH VIÊN HUY VŨ
390889,muavao,1,2400000.00,2025-10-14 17:00:00,Công ty cổ phần MISA,CÔNG TY TNHH MỘT THÀNH VIÊN HUY VŨ
5707,muavao,1,7772223.00,2025-10-14 17:00:00,CÔNG TY TNHH CÔNG NGHỆ DSS ĐÀ NẴNG,CÔNG TY TNHH MỘT THÀNH VIÊN HUY VŨ
112414,muavao,1,18712962.00,2025-10-13 17:00:00,CÔNG TY CỔ PHẦN DỊCH VỤ PHÂN PHỐI TỔNG HỢP DẦU KHÍ,Công ty TNHH  Một Thành Viên Huy Vũ
112457,muavao,1,96990741.00,2025-10-13 17:00:00,CÔNG TY CỔ PHẦN DỊCH VỤ PHÂN PHỐI TỔNG HỢP DẦU KHÍ,Công ty TNHH  Một Thành Viên Huy Vũ
7745,muavao,1,39296296.00,2025-10-13 17:00:00,CÔNG TY TNHH PHƯƠNG KHANG COMPUTER,CÔNG TY TNHH MỘT THÀNH VIÊN HUY VŨ
1608,muavao,1,314815.00,2025-10-13 17:00:00,CÔNG TY TNHH CÔNG NGHỆ ÂU LẠC,CÔNG TY TNHH MỘT THÀNH VIÊN HUY VŨ
189357,muavao,1,8958378.00,2025-10-12 17:00:00,Ngân hàng TMCP Sài Gòn Thương Tín - Chi nhánh Gia Lai,CONG TY TNHH MTV HUY VU
189358,muavao,1,843981.00,2025-10-12 17:00:00,Ngân hàng TMCP Sài Gòn Thương Tín - Chi nhánh Gia Lai,CONG TY TNHH MTV HUY VU
189359,muavao,1,546677.00,2025-10-12 17:00:00,Ngân hàng TMCP Sài Gòn Thương Tín - Chi nhánh Gia Lai,CONG TY TNHH MTV HUY VU
189360,muavao,1,374609.00,2025-10-12 17:00:00,Ngân hàng TMCP Sài Gòn Thương Tín - Chi nhánh Gia Lai,CONG TY TNHH MTV HUY VU
189361,muavao,1,978525.00,2025-10-12 17:00:00,Ngân hàng TMCP Sài Gòn Thương Tín - Chi nhánh Gia Lai,CONG TY TNHH MTV HUY VU
189362,muavao,1,592911.00,2025-10-12 17:00:00,Ngân hàng TMCP Sài Gòn Thương Tín - Chi nhánh Gia Lai,CONG TY TNHH MTV HUY VU
189363,muavao,1,455059.00,2025-10-12 17:00:00,Ngân hàng TMCP Sài Gòn Thương Tín - Chi nhánh Gia Lai,CONG TY TNHH MTV HUY VU
189377,muavao,1,1283246.00,2025-10-12 17:00:00,Ngân hàng TMCP Sài Gòn Thương Tín - Chi nhánh Gia Lai,CONG TY TNHH MTV HUY VU
189378,muavao,1,395422.00,2025-10-12 17:00:00,Ngân hàng TMCP Sài Gòn Thương Tín - Chi nhánh Gia Lai,CONG TY TNHH MTV HUY VU
189379,muavao,1,1032696.00,2025-10-12 17:00:00,Ngân hàng TMCP Sài Gòn Thương Tín - Chi nhánh Gia Lai,CONG TY TNHH MTV HUY VU
189380,muavao,1,2566492.00,2025-10-12 17:00:00,Ngân hàng TMCP Sài Gòn Thương Tín - Chi nhánh Gia Lai,CONG TY TNHH MTV HUY VU
189381,muavao,1,288274.00,2025-10-12 17:00:00,Ngân hàng TMCP Sài Gòn Thương Tín - Chi nhánh Gia Lai,CONG TY TNHH MTV HUY VU
5334,muavao,1,23000.00,2025-10-12 17:00:00,Ngân hàng TMCP Sài Gòn Thương Tín - Chi nhánh Gia Lai,CONG TY TNHH MTV HUY VU
5335,muavao,1,23000.00,2025-10-12 17:00:00,Ngân hàng TMCP Sài Gòn Thương Tín - Chi nhánh Gia Lai,CONG TY TNHH MTV HUY VU
5336,muavao,1,23000.00,2025-10-12 17:00:00,Ngân hàng TMCP Sài Gòn Thương Tín - Chi nhánh Gia Lai,CONG TY TNHH MTV HUY VU
5337,muavao,1,15000.00,2025-10-12 17:00:00,Ngân hàng TMCP Sài Gòn Thương Tín - Chi nhánh Gia Lai,CONG TY TNHH MTV HUY VU
52384526,muavao,1,39727.00,2025-10-10 17:00:00,NGÂN HÀNG TMCP Á CHÂU,CTY TNHH MTV HUY VU
52384553,muavao,1,39727.00,2025-10-10 17:00:00,NGÂN HÀNG TMCP Á CHÂU,CTY TNHH MTV HUY VU
52384576,muavao,1,39727.00,2025-10-10 17:00:00,NGÂN HÀNG TMCP Á CHÂU,CTY TNHH MTV HUY VU
188913,muavao,1,20000.00,2025-10-09 17:00:00,Ngân hàng TMCP Sài Gòn Thương Tín - Chi nhánh Gia Lai,CONG TY TNHH MTV HUY VU
189290,muavao,1,660188.00,2025-10-09 17:00:00,Ngân hàng TMCP Sài Gòn Thương Tín - Chi nhánh Gia Lai,CONG TY TNHH MTV HUY VU
51392318,muavao,1,1182826.00,2025-10-09 17:00:00,NGÂN HÀNG TMCP Á CHÂU,CTY TNHH MTV HUY VU
51392366,muavao,1,806647.00,2025-10-09 17:00:00,NGÂN HÀNG TMCP Á CHÂU,CTY TNHH MTV HUY VU
51392449,muavao,1,684271.00,2025-10-09 17:00:00,NGÂN HÀNG TMCP Á CHÂU,CTY TNHH MTV HUY VU
51392467,muavao,1,1011665.00,2025-10-09 17:00:00,NGÂN HÀNG TMCP Á CHÂU,CTY TNHH MTV HUY VU
51392656,muavao,1,888289.00,2025-10-09 17:00:00,NGÂN HÀNG TMCP Á CHÂU,CTY TNHH MTV HUY VU
51392659,muavao,1,677207.00,2025-10-09 17:00:00,NGÂN HÀNG TMCP Á CHÂU,CTY TNHH MTV HUY VU
26051,muavao,1,11833333.00,2025-10-08 17:00:00,CÔNG TY CỔ PHẦN MÁY TÍNH VĨNH XUÂN,CÔNG TY TNHH MỘT THÀNH VIÊN HUY VŨ
30061,muavao,1,1092593.00,2025-10-08 17:00:00,CÔNG TY CỔ PHẦN MÁY TÍNH VĨNH XUÂN - CHI NHÁNH THÀNH PHỐ HỒ CHÍ MINH,CÔNG TY TNHH MỘT THÀNH VIÊN HUY VŨ
5292,muavao,1,23000.00,2025-10-08 17:00:00,Ngân hàng TMCP Sài Gòn Thương Tín - Chi nhánh Gia Lai,CONG TY TNHH MTV HUY VU
5293,muavao,1,23000.00,2025-10-08 17:00:00,Ngân hàng TMCP Sài Gòn Thương Tín - Chi nhánh Gia Lai,CONG TY TNHH MTV HUY VU
5294,muavao,1,39675.00,2025-10-08 17:00:00,Ngân hàng TMCP Sài Gòn Thương Tín - Chi nhánh Gia Lai,CONG TY TNHH MTV HUY VU
95715,muavao,1,25555556.00,2025-10-08 17:00:00,CÔNG TY TNHH MỘT THÀNH VIÊN CÔNG NGHỆ TIN HỌC VIỄN SƠN,CÔNG TY TNHH MỘT THÀNH VIÊN HUY VŨ
892,muavao,1,14027778.00,2025-10-08 17:00:00,CHI NHÁNH CÔNG TY CỔ PHẦN HUETRONICS (TỈNH THỪA THIÊN HUẾ),CÔNG TY TNHH MỘT THÀNH VIÊN HUY VŨ
447,muavao,1,694444.00,2025-10-08 17:00:00,CÔNG TY TRÁCH NHIỆM HỮU HẠN TÂY SƠN,CÔNG TY TNHH MỘT THÀNH VIÊN HUY VŨ
188411,muavao,1,23000.00,2025-10-07 17:00:00,Ngân hàng TMCP Sài Gòn Thương Tín - Chi nhánh Gia Lai,CONG TY TNHH MTV HUY VU
95674,muavao,1,70833333.00,2025-10-07 17:00:00,CÔNG TY TNHH MỘT THÀNH VIÊN CÔNG NGHỆ TIN HỌC VIỄN SƠN,CÔNG TY TNHH MỘT THÀNH VIÊN HUY VŨ
7191,muavao,1,164611111.00,2025-10-07 17:00:00,CÔNG TY TNHH PHƯƠNG KHANG COMPUTER,CÔNG TY TNHH MỘT THÀNH VIÊN HUY VŨ
1569,muavao,1,1805555.00,2025-10-07 17:00:00,CÔNG TY TNHH CÔNG NGHỆ ÂU LẠC,CÔNG TY TNHH MỘT THÀNH VIÊN HUY VŨ
1121015,muavao,5,238182.00,2025-10-06 17:00:00,CÔNG TY DỊCH VỤ MOBIFONE KHU VỰC 7 - CHI NHÁNH TỔNG CÔNG TY VIỄN THÔNG MOBIFONE,Công ty TNHH MTV Huy Vũ
187022,muavao,1,19000.00,2025-10-06 17:00:00,Ngân hàng TMCP Sài Gòn Thương Tín - Chi nhánh Gia Lai,CONG TY TNHH MTV HUY VU
3521,muavao,1,1814445.00,2025-10-06 17:00:00,CÔNG TY CỔ PHẦN THƯƠNG MẠI - DỊCH VỤ SAO NAM AN,Công Ty TNHH Một Thành Viên Huy Vũ
2127,muavao,1,6324074.00,2025-10-06 17:00:00,CÔNG TY CỔ PHẦN VPS MIỀN TRUNG,CÔNG TY TNHH MỘT THÀNH VIÊN HUY VŨ
17667,muavao,1,362065.00,2025-10-05 17:00:00,CÔNG TY CỔ PHẦN ĐẦU TƯ THƯƠNG MẠI PHÁT TRIỂN NHẤT TÍN,CÔNG TY TNHH MỘT THÀNH VIÊN HUY VŨ
8260,muavao,1,10032409.00,2025-10-05 17:00:00,CÔNG TY TNHH PHÂN PHỐI PHƯƠNG VIỆT,CÔNG TY TNHH MỘT THÀNH VIÊN HUY VŨ
1257,muavao,1,4953704.00,2025-10-05 17:00:00,CÔNG TY TNHH ĐẦU TƯ PGP,CÔNG TY TNHH MTV HUY VŨ
1251,muavao,1,5694444.00,2025-10-03 17:00:00,CÔNG TY TNHH ĐẦU TƯ PGP,CÔNG TY TNHH MTV HUY VŨ
186241,muavao,1,19000.00,2025-10-02 17:00:00,Ngân hàng TMCP Sài Gòn Thương Tín - Chi nhánh Gia Lai,CONG TY TNHH MTV HUY VU
186242,muavao,1,19000.00,2025-10-02 17:00:00,Ngân hàng TMCP Sài Gòn Thương Tín - Chi nhánh Gia Lai,CONG TY TNHH MTV HUY VU
186243,muavao,1,19000.00,2025-10-02 17:00:00,Ngân hàng TMCP Sài Gòn Thương Tín - Chi nhánh Gia Lai,CONG TY TNHH MTV HUY VU
186246,muavao,1,19000.00,2025-10-02 17:00:00,Ngân hàng TMCP Sài Gòn Thương Tín - Chi nhánh Gia Lai,CONG TY TNHH MTV HUY VU
79350439,muavao,1,318182.00,2025-10-01 17:00:00,Tập đoàn Công nghiệp - Viễn thông Quân đội,Công Ty Tnhh Huy Vũ
5163,muavao,1,72530.00,2025-10-01 17:00:00,Ngân hàng TMCP Sài Gòn Thương Tín - Chi nhánh Gia Lai,CONG TY TNHH MTV HUY VU
1230,muavao,1,6361111.00,2025-10-01 17:00:00,CÔNG TY TNHH ĐẦU TƯ PGP,CÔNG TY TNHH MTV HUY VŨ
714916,muavao,1,233636.00,2025-09-30 17:00:00,TRUNG TÂM KINH DOANH VNPT - GIA LAI - CHI NHÁNH TỔNG CÔNG TY DỊCH VỤ VIỄN THÔNG,Cửa Hàng Máy Tình Trường Sơn
715050,muavao,1,20600.00,2025-09-30 17:00:00,TRUNG TÂM KINH DOANH VNPT - GIA LAI - CHI NHÁNH TỔNG CÔNG TY DỊCH VỤ VIỄN THÔNG,Công Ty TNHH MTV  Huy Vũ
715051,muavao,1,24545.00,2025-09-30 17:00:00,TRUNG TÂM KINH DOANH VNPT - GIA LAI - CHI NHÁNH TỔNG CÔNG TY DỊCH VỤ VIỄN THÔNG,Công Ty  TNHH MTV Huy Vũ
715085,muavao,1,20000.00,2025-09-30 17:00:00,TRUNG TÂM KINH DOANH VNPT - GIA LAI - CHI NHÁNH TỔNG CÔNG TY DỊCH VỤ VIỄN THÔNG,Công Ty TNHH MTV Huy Vũ
715119,muavao,1,40364.00,2025-09-30 17:00:00,TRUNG TÂM KINH DOANH VNPT - GIA LAI - CHI NHÁNH TỔNG CÔNG TY DỊCH VỤ VIỄN THÔNG,Công Ty TNHH MTV Huy Vũ
741908,muavao,1,249636.00,2025-09-30 17:00:00,TRUNG TÂM KINH DOANH VNPT - GIA LAI - CHI NHÁNH TỔNG CÔNG TY DỊCH VỤ VIỄN THÔNG,Công Ty TNHH MTV Huy Vũ
781096,muavao,1,546490.00,2025-09-30 17:00:00,TRUNG TÂM KINH DOANH VNPT - GIA LAI - CHI NHÁNH TỔNG CÔNG TY DỊCH VỤ VIỄN THÔNG,Công Ty TNHH MTV Huy Vũ
781097,muavao,1,209127.00,2025-09-30 17:00:00,TRUNG TÂM KINH DOANH VNPT - GIA LAI - CHI NHÁNH TỔNG CÔNG TY DỊCH VỤ VIỄN THÔNG,Công Ty TNHH MTV Huy Vũ
781180,muavao,1,419868.00,2025-09-30 17:00:00,TRUNG TÂM KINH DOANH VNPT - GIA LAI - CHI NHÁNH TỔNG CÔNG TY DỊCH VỤ VIỄN THÔNG,Công Ty TNHH MTV Huy Vũ
580804,muavao,1,416719439.00,2025-09-30 17:00:00,CÔNG TY CỔ PHẦN THẾ GIỚI SỐ,CÔNG TY TNHH MTV HUY VŨ
224561,muavao,1,50073.00,2025-11-29 17:00:00,CÔNG TY CỔ PHẦN CÔNG NGHỆ VI MÔ,CÔNG TY TNHH MỘT THÀNH VIÊN HUY VŨ
1146,muavao,1,4768518.00,2025-11-27 17:00:00,CHI NHÁNH CÔNG TY CỔ PHẦN ĐẦU TƯ VÀ PHÁT TRIỂN CÔNG NGHỆ QUỐC GIA ADG TẠI ĐÀ NẴNG,Công Ty TNHH Một Thành Viên Huy Vũ
209933,muavao,1,19000.00,2025-11-27 17:00:00,Ngân hàng TMCP Sài Gòn Thương Tín - Chi nhánh Gia Lai,CONG TY TNHH MTV HUY VU
390,muavao,1,57833340.00,2025-11-27 17:00:00,CÔNG TY CỔ PHẦN THƯƠNG MẠI - DỊCH VỤ SAO NAM AN,Công Ty TNHH Một Thành Viên Huy Vũ
208435,muavao,1,225000.00,2025-11-26 17:00:00,Ngân hàng TMCP Sài Gòn Thương Tín - Chi nhánh Gia Lai,CONG TY TNHH MTV HUY VU
12154,muavao,1,545455.00,2025-11-26 17:00:00,CÔNG TY CỔ PHẦN TẬP ĐOÀN VNG,CÔNG TY TNHH MTV HUY VŨ
131290,muavao,1,81574075.00,2025-11-26 17:00:00,CÔNG TY CỔ PHẦN DỊCH VỤ PHÂN PHỐI TỔNG HỢP DẦU KHÍ,CÔNG TY TNHH MỘT THÀNH VIÊN HUY VŨ
13102,muavao,1,7425921.00,2025-11-26 17:00:00,Công Ty TNHH Công Nghệ Thông Tin An Phát,CÔNG TY TNHH MỘT THÀNH VIÊN HUY VŨ
208306,muavao,1,23000.00,2025-11-25 17:00:00,Ngân hàng TMCP Sài Gòn Thương Tín - Chi nhánh Gia Lai,CONG TY TNHH MTV HUY VU
208361,muavao,1,181028.00,2025-11-25 17:00:00,Ngân hàng TMCP Sài Gòn Thương Tín - Chi nhánh Gia Lai,CONG TY TNHH MTV HUY VU
130891,muavao,1,63007407.00,2025-11-25 17:00:00,CÔNG TY CỔ PHẦN DỊCH VỤ PHÂN PHỐI TỔNG HỢP DẦU KHÍ,CÔNG TY TNHH MỘT THÀNH VIÊN HUY VŨ
6010,muavao,1,23000.00,2025-11-24 17:00:00,Ngân hàng TMCP Sài Gòn Thương Tín - Chi nhánh Gia Lai,CONG TY TNHH MTV HUY VU
6011,muavao,1,23000.00,2025-11-24 17:00:00,Ngân hàng TMCP Sài Gòn Thương Tín - Chi nhánh Gia Lai,CONG TY TNHH MTV HUY VU
6012,muavao,1,40000.00,2025-11-24 17:00:00,Ngân hàng TMCP Sài Gòn Thương Tín - Chi nhánh Gia Lai,CONG TY TNHH MTV HUY VU
130260,muavao,1,13941667.00,2025-11-24 17:00:00,CÔNG TY CỔ PHẦN DỊCH VỤ PHÂN PHỐI TỔNG HỢP DẦU KHÍ,CÔNG TY TNHH MỘT THÀNH VIÊN HUY VŨ
402,muavao,1,41615741.00,2025-11-24 17:00:00,CÔNG TY TNHH ĐIỆN TỬ TIN HỌC KIM PHÁT,Công Ty Trách Nhiệm Hữu Hạn một thành viên Huy Vũ
207029,muavao,1,218346.00,2025-11-23 17:00:00,Ngân hàng TMCP Sài Gòn Thương Tín - Chi nhánh Gia Lai,CONG TY TNHH MTV HUY VU
2074,muavao,1,12500000.00,2025-11-23 17:00:00,CÔNG TY TNHH THƯƠNG MẠI THIẾT BỊ VĂN PHÒNG THANH HÀ,CÔNG TY TNHH MỘT THÀNH VIÊN HUY VŨ
1355,muavao,1,13055556.00,2025-11-23 17:00:00,CÔNG TY CỔ PHẦN CÔNG NGHỆ COTIMEX,CÔNG TY TNHH MỘT THÀNH VIÊN HUY VŨ
1925,muavao,1,8472222.00,2025-11-21 17:00:00,CÔNG TY TNHH CÔNG NGHỆ ÂU LẠC,CÔNG TY TNHH MỘT THÀNH VIÊN HUY VŨ
1102,muavao,1,17777778.00,2025-11-20 17:00:00,CHI NHÁNH CÔNG TY CỔ PHẦN ĐẦU TƯ VÀ PHÁT TRIỂN CÔNG NGHỆ QUỐC GIA ADG TẠI ĐÀ NẴNG,Công Ty TNHH Một Thành Viên Huy Vũ
1148,muavao,1,13300000.00,2025-11-20 17:00:00,CÔNG TY CỔ PHẦN ĐẦU TƯ & THƯƠNG MẠI ĐẠI PHÁT,CÔNG TY TNHH MỘT THÀNH VIÊN HUY VŨ
206187,muavao,1,19000.00,2025-11-20 17:00:00,Ngân hàng TMCP Sài Gòn Thương Tín - Chi nhánh Gia Lai,CONG TY TNHH MTV HUY VU
206198,muavao,1,19000.00,2025-11-20 17:00:00,Ngân hàng TMCP Sài Gòn Thương Tín - Chi nhánh Gia Lai,CONG TY TNHH MTV HUY VU
206284,muavao,1,241083.00,2025-11-20 17:00:00,Ngân hàng TMCP Sài Gòn Thương Tín - Chi nhánh Gia Lai,CONG TY TNHH MTV HUY VU
677118,muavao,1,73800000.00,2025-11-20 17:00:00,CÔNG TY CỔ PHẦN THẾ GIỚI SỐ,CÔNG TY TNHH MTV HUY VŨ
5929,muavao,1,36994.00,2025-11-19 17:00:00,Ngân hàng TMCP Sài Gòn Thương Tín - Chi nhánh Gia Lai,CONG TY TNHH MTV HUY VU
108494,muavao,1,0.00,2025-11-19 17:00:00,CÔNG TY TNHH MỘT THÀNH VIÊN CÔNG NGHỆ TIN HỌC VIỄN SƠN,CÔNG TY TNHH MỘT THÀNH VIÊN HUY VŨ
128131,muavao,1,76309260.00,2025-11-19 17:00:00,CÔNG TY CỔ PHẦN DỊCH VỤ PHÂN PHỐI TỔNG HỢP DẦU KHÍ,CÔNG TY TNHH MỘT THÀNH VIÊN HUY VŨ
3976,muavao,1,3087965.00,2025-11-19 17:00:00,CÔNG TY TNHH THƯƠNG MẠI DỊCH VỤ SẢN XUẤT XUẤT NHẬP KHẨU MỰC IN VIỆT NHẬT,CÔNG TY TNHH MỘT THÀNH VIÊN HUY VŨ
127866,muavao,3,-104545.00,2025-11-18 17:00:00,CÔNG TY CỔ PHẦN DỊCH VỤ PHÂN PHỐI TỔNG HỢP DẦU KHÍ,CÔNG TY TNHH MỘT THÀNH VIÊN HUY VŨ
12737,muavao,1,5222220.00,2025-11-18 17:00:00,Công Ty TNHH Công Nghệ Thông Tin An Phát,CÔNG TY TNHH MỘT THÀNH VIÊN HUY VŨ
205169,muavao,1,23000.00,2025-11-17 17:00:00,Ngân hàng TMCP Sài Gòn Thương Tín - Chi nhánh Gia Lai,CONG TY TNHH MTV HUY VU
205170,muavao,1,23000.00,2025-11-17 17:00:00,Ngân hàng TMCP Sài Gòn Thương Tín - Chi nhánh Gia Lai,CONG TY TNHH MTV HUY VU
24218,muavao,1,23611110.00,2025-11-17 17:00:00,CÔNG TY CỔ PHẦN ĐẦU TƯ LBM,CÔNG TY TNHH MỘT THÀNH VIÊN HUY VŨ
2201,muavao,1,5833333.00,2025-11-17 17:00:00,CÔNG TY TNHH XUẤT NHẬP KHẨU LÊ TRẦN GIA,CÔNG TY TNHH MỘT THÀNH VIÊN HUY VŨ
1696,muavao,1,4694444.00,2025-11-16 17:00:00,CÔNG TY TNHH ALOHA VINA,CÔNG TY TNHH MỘT THÀNH VIÊN HUY VŨ
203506,muavao,1,19000.00,2025-11-13 17:00:00,Ngân hàng TMCP Sài Gòn Thương Tín - Chi nhánh Gia Lai,CONG TY TNHH MTV HUY VU
203509,muavao,1,19000.00,2025-11-13 17:00:00,Ngân hàng TMCP Sài Gòn Thương Tín - Chi nhánh Gia Lai,CONG TY TNHH MTV HUY VU
9557,muavao,1,5120370.00,2025-11-13 17:00:00,Công ty TNHH Tin Học Kim Thiên Bảo,CÔNG TY TNHH MỘT THÀNH VIÊN HUY VŨ
2177,muavao,1,5833333.00,2025-11-13 17:00:00,CÔNG TY TNHH XUẤT NHẬP KHẨU LÊ TRẦN GIA,CÔNG TY TNHH MỘT THÀNH VIÊN HUY VŨ
203234,muavao,1,23000.00,2025-11-12 17:00:00,Ngân hàng TMCP Sài Gòn Thương Tín - Chi nhánh Gia Lai,CONG TY TNHH MTV HUY VU
125036,muavao,1,65972222.00,2025-11-12 17:00:00,CÔNG TY CỔ PHẦN DỊCH VỤ PHÂN PHỐI TỔNG HỢP DẦU KHÍ,CÔNG TY TNHH MỘT THÀNH VIÊN HUY VŨ
387,muavao,1,2583333.00,2025-11-12 17:00:00,CÔNG TY TNHH ĐIỆN TỬ TIN HỌC KIM PHÁT,Công Ty Trách Nhiệm Hữu Hạn một thành viên Huy Vũ
5792,muavao,1,47540.00,2025-11-11 17:00:00,Ngân hàng TMCP Sài Gòn Thương Tín - Chi nhánh Gia Lai,CONG TY TNHH MTV HUY VU
5793,muavao,1,23000.00,2025-11-11 17:00:00,Ngân hàng TMCP Sài Gòn Thương Tín - Chi nhánh Gia Lai,CONG TY TNHH MTV HUY VU
124945,muavao,1,247222222.00,2025-11-11 17:00:00,CÔNG TY CỔ PHẦN DỊCH VỤ PHÂN PHỐI TỔNG HỢP DẦU KHÍ,CÔNG TY TNHH MỘT THÀNH VIÊN HUY VŨ
125031,muavao,1,101250000.00,2025-11-11 17:00:00,CÔNG TY CỔ PHẦN DỊCH VỤ PHÂN PHỐI TỔNG HỢP DẦU KHÍ,CÔNG TY TNHH MỘT THÀNH VIÊN HUY VŨ
9512,muavao,1,11898148.00,2025-11-11 17:00:00,CÔNG TY TNHH PHÂN PHỐI PHƯƠNG VIỆT,CÔNG TY TNHH MỘT THÀNH VIÊN HUY VŨ
13552,muavao,1,6481481.00,2025-11-10 17:00:00,CHI NHÁNH CÔNG TY CỔ PHẦN KỸ THUẬT CÔNG NGHỆ NAM THÀNH,Công ty TNHH  Một Thành Viên Huy Vũ
202002,muavao,1,19000.00,2025-11-10 17:00:00,Ngân hàng TMCP Sài Gòn Thương Tín - Chi nhánh Gia Lai,CONG TY TNHH MTV HUY VU
202070,muavao,1,1343164.00,2025-11-10 17:00:00,Ngân hàng TMCP Sài Gòn Thương Tín - Chi nhánh Gia Lai,CONG TY TNHH MTV HUY VU
202071,muavao,1,2208824.00,2025-11-10 17:00:00,Ngân hàng TMCP Sài Gòn Thương Tín - Chi nhánh Gia Lai,CONG TY TNHH MTV HUY VU
202072,muavao,1,287012.00,2025-11-10 17:00:00,Ngân hàng TMCP Sài Gòn Thương Tín - Chi nhánh Gia Lai,CONG TY TNHH MTV HUY VU
202073,muavao,1,282028.00,2025-11-10 17:00:00,Ngân hàng TMCP Sài Gòn Thương Tín - Chi nhánh Gia Lai,CONG TY TNHH MTV HUY VU
59178239,muavao,1,104649.00,2025-11-10 17:00:00,NGÂN HÀNG TMCP Á CHÂU,CTY TNHH MTV HUY VU
59178249,muavao,1,1222588.00,2025-11-10 17:00:00,NGÂN HÀNG TMCP Á CHÂU,CTY TNHH MTV HUY VU
59178251,muavao,1,699972.00,2025-11-10 17:00:00,NGÂN HÀNG TMCP Á CHÂU,CTY TNHH MTV HUY VU
59178315,muavao,1,893318.00,2025-11-10 17:00:00,NGÂN HÀNG TMCP Á CHÂU,CTY TNHH MTV HUY VU
59178373,muavao,1,980320.00,2025-11-10 17:00:00,NGÂN HÀNG TMCP Á CHÂU,CTY TNHH MTV HUY VU
59178406,muavao,1,884093.00,2025-11-10 17:00:00,NGÂN HÀNG TMCP Á CHÂU,CTY TNHH MTV HUY VU
1623,muavao,1,2800000.00,2025-11-10 17:00:00,CÔNG TY TNHH ALOHA VINA,CÔNG TY TNHH MỘT THÀNH VIÊN HUY VŨ
201228,muavao,1,19000.00,2025-11-09 17:00:00,Ngân hàng TMCP Sài Gòn Thương Tín - Chi nhánh Gia Lai,CONG TY TNHH MTV HUY VU
201605,muavao,1,4770787.00,2025-11-09 17:00:00,Ngân hàng TMCP Sài Gòn Thương Tín - Chi nhánh Gia Lai,CONG TY TNHH MTV HUY VU
201611,muavao,1,871397.00,2025-11-09 17:00:00,Ngân hàng TMCP Sài Gòn Thương Tín - Chi nhánh Gia Lai,CONG TY TNHH MTV HUY VU
201614,muavao,1,564436.00,2025-11-09 17:00:00,Ngân hàng TMCP Sài Gòn Thương Tín - Chi nhánh Gia Lai,CONG TY TNHH MTV HUY VU
201616,muavao,1,386778.00,2025-11-09 17:00:00,Ngân hàng TMCP Sài Gòn Thương Tín - Chi nhánh Gia Lai,CONG TY TNHH MTV HUY VU
201618,muavao,1,1010311.00,2025-11-09 17:00:00,Ngân hàng TMCP Sài Gòn Thương Tín - Chi nhánh Gia Lai,CONG TY TNHH MTV HUY VU
201619,muavao,1,612172.00,2025-11-09 17:00:00,Ngân hàng TMCP Sài Gòn Thương Tín - Chi nhánh Gia Lai,CONG TY TNHH MTV HUY VU
201620,muavao,1,469841.00,2025-11-09 17:00:00,Ngân hàng TMCP Sài Gòn Thương Tín - Chi nhánh Gia Lai,CONG TY TNHH MTV HUY VU
201621,muavao,1,772996.00,2025-11-09 17:00:00,Ngân hàng TMCP Sài Gòn Thương Tín - Chi nhánh Gia Lai,CONG TY TNHH MTV HUY VU
201623,muavao,1,905795.00,2025-11-09 17:00:00,Ngân hàng TMCP Sài Gòn Thương Tín - Chi nhánh Gia Lai,CONG TY TNHH MTV HUY VU
201624,muavao,1,959047.00,2025-11-09 17:00:00,Ngân hàng TMCP Sài Gòn Thương Tín - Chi nhánh Gia Lai,CONG TY TNHH MTV HUY VU
201626,muavao,1,472287.00,2025-11-09 17:00:00,Ngân hàng TMCP Sài Gòn Thương Tín - Chi nhánh Gia Lai,CONG TY TNHH MTV HUY VU
201630,muavao,1,552630.00,2025-11-09 17:00:00,Ngân hàng TMCP Sài Gòn Thương Tín - Chi nhánh Gia Lai,CONG TY TNHH MTV HUY VU
201633,muavao,1,1186446.00,2025-11-09 17:00:00,Ngân hàng TMCP Sài Gòn Thương Tín - Chi nhánh Gia Lai,CONG TY TNHH MTV HUY VU
201636,muavao,1,1338020.00,2025-11-09 17:00:00,Ngân hàng TMCP Sài Gòn Thương Tín - Chi nhánh Gia Lai,CONG TY TNHH MTV HUY VU
201638,muavao,1,640194.00,2025-11-09 17:00:00,Ngân hàng TMCP Sài Gòn Thương Tín - Chi nhánh Gia Lai,CONG TY TNHH MTV HUY VU
201640,muavao,1,518082.00,2025-11-09 17:00:00,Ngân hàng TMCP Sài Gòn Thương Tín - Chi nhánh Gia Lai,CONG TY TNHH MTV HUY VU
201642,muavao,1,719936.00,2025-11-09 17:00:00,Ngân hàng TMCP Sài Gòn Thương Tín - Chi nhánh Gia Lai,CONG TY TNHH MTV HUY VU
201644,muavao,1,765570.00,2025-11-09 17:00:00,Ngân hàng TMCP Sài Gòn Thương Tín - Chi nhánh Gia Lai,CONG TY TNHH MTV HUY VU
201655,muavao,1,720471.00,2025-11-09 17:00:00,Ngân hàng TMCP Sài Gòn Thương Tín - Chi nhánh Gia Lai,CONG TY TNHH MTV HUY VU
201656,muavao,1,2132486.00,2025-11-09 17:00:00,Ngân hàng TMCP Sài Gòn Thương Tín - Chi nhánh Gia Lai,CONG TY TNHH MTV HUY VU
201660,muavao,1,8832877.00,2025-11-09 17:00:00,Ngân hàng TMCP Sài Gòn Thương Tín - Chi nhánh Gia Lai,CONG TY TNHH MTV HUY VU
201661,muavao,1,1116144.00,2025-11-09 17:00:00,Ngân hàng TMCP Sài Gòn Thương Tín - Chi nhánh Gia Lai,CONG TY TNHH MTV HUY VU
201665,muavao,1,972492.00,2025-11-09 17:00:00,Ngân hàng TMCP Sài Gòn Thương Tín - Chi nhánh Gia Lai,CONG TY TNHH MTV HUY VU
201670,muavao,1,974606.00,2025-11-09 17:00:00,Ngân hàng TMCP Sài Gòn Thương Tín - Chi nhánh Gia Lai,CONG TY TNHH MTV HUY VU
201671,muavao,1,323006.00,2025-11-09 17:00:00,Ngân hàng TMCP Sài Gòn Thương Tín - Chi nhánh Gia Lai,CONG TY TNHH MTV HUY VU
201681,muavao,1,151254.00,2025-11-09 17:00:00,Ngân hàng TMCP Sài Gòn Thương Tín - Chi nhánh Gia Lai,CONG TY TNHH MTV HUY VU
201682,muavao,1,159532.00,2025-11-09 17:00:00,Ngân hàng TMCP Sài Gòn Thương Tín - Chi nhánh Gia Lai,CONG TY TNHH MTV HUY VU
58593719,muavao,1,662756.00,2025-11-09 17:00:00,NGÂN HÀNG TMCP Á CHÂU,CTY TNHH MTV HUY VU
9883,muavao,1,1132560.00,2025-11-09 17:00:00,Công ty Bảo hiểm Toàn Cầu Gia Lai,CÔNG TY TNHH MỘT THÀNH VIÊN HUY VŨ
382,muavao,1,7828702.00,2025-11-09 17:00:00,CÔNG TY TNHH ĐIỆN TỬ TIN HỌC KIM PHÁT,Công Ty Trách Nhiệm Hữu Hạn một thành viên Huy Vũ
58484977,muavao,1,13636.00,2025-11-07 17:00:00,NGÂN HÀNG TMCP Á CHÂU,CTY TNHH MTV HUY VU
1257567,muavao,1,239091.00,2025-11-06 17:00:00,CÔNG TY DỊCH VỤ MOBIFONE KHU VỰC 7 - CHI NHÁNH TỔNG CÔNG TY VIỄN THÔNG MOBIFONE,Công ty TNHH MTV Huy Vũ
1056,muavao,1,83055556.00,2025-11-06 17:00:00,CHI NHÁNH CÔNG TY CỔ PHẦN ĐẦU TƯ VÀ PHÁT TRIỂN CÔNG NGHỆ QUỐC GIA ADG TẠI ĐÀ NẴNG,Công Ty TNHH Một Thành Viên Huy Vũ
200856,muavao,1,19000.00,2025-11-06 17:00:00,Ngân hàng TMCP Sài Gòn Thương Tín - Chi nhánh Gia Lai,CONG TY TNHH MTV HUY VU
200885,muavao,1,23000.00,2025-11-06 17:00:00,Ngân hàng TMCP Sài Gòn Thương Tín - Chi nhánh Gia Lai,CONG TY TNHH MTV HUY VU
69019,muavao,1,21759259.00,2025-11-06 17:00:00,CÔNG TY TNHH VI TÍNH NGUYÊN KIM,CÔNG TY TNHH MỘT THÀNH VIÊN HUY VŨ
1619,muavao,1,22400000.00,2025-11-06 17:00:00,CÔNG TY TNHH ALOHA VINA,CÔNG TY TNHH MỘT THÀNH VIÊN HUY VŨ
231371,muavao,1,22548148.00,2025-11-05 17:00:00,Chi nhánh Công ty TNHH phân phối Synnex FPT,Công ty TNHH MTV Huy Vũ
5703,muavao,1,19000.00,2025-11-05 17:00:00,Ngân hàng TMCP Sài Gòn Thương Tín - Chi nhánh Gia Lai,CONG TY TNHH MTV HUY VU
5704,muavao,1,22581.00,2025-11-05 17:00:00,Ngân hàng TMCP Sài Gòn Thương Tín - Chi nhánh Gia Lai,CONG TY TNHH MTV HUY VU
103708,muavao,1,126851852.00,2025-11-05 17:00:00,CÔNG TY TNHH MỘT THÀNH VIÊN CÔNG NGHỆ TIN HỌC VIỄN SƠN,CÔNG TY TNHH MỘT THÀNH VIÊN HUY VŨ
1768,muavao,1,17528704.00,2025-11-05 17:00:00,CÔNG TY TNHH ĐẦU TƯ CÔNG NGHỆ ÂM THANH TRIỆU GIA,CÔNG TY TNHH MỘT THÀNH VIÊN HUY VŨ
230606,muavao,1,24712968.00,2025-11-04 17:00:00,Chi nhánh Công ty TNHH phân phối Synnex FPT,Công ty TNHH MTV Huy Vũ
1168,muavao,1,2900000.00,2025-11-04 17:00:00,CÔNG TY CỔ PHẦN ỨNG DỤNG CÔNG NGHỆ VÀ TÍCH HỢP GIẢI PHÁP VIỆT NAM,CÔNG TY TNHH MỘT THÀNH VIÊN HUY VŨ
123613,muavao,1,64629630.00,2025-11-04 17:00:00,CÔNG TY CỔ PHẦN DỊCH VỤ PHÂN PHỐI TỔNG HỢP DẦU KHÍ,CÔNG TY TNHH MỘT THÀNH VIÊN HUY VŨ
12136,muavao,1,5944440.00,2025-11-04 17:00:00,Công Ty TNHH Công Nghệ Thông Tin An Phát,CÔNG TY TNHH MỘT THÀNH VIÊN HUY VŨ
5630,muavao,1,19000.00,2025-10-31 17:00:00,Ngân hàng TMCP Sài Gòn Thương Tín - Chi nhánh Gia Lai,CONG TY TNHH MTV HUY VU
1759,muavao,1,2962963.00,2025-11-04 17:00:00,CÔNG TY TNHH CÔNG NGHỆ ÂU LẠC,CÔNG TY TNHH MỘT THÀNH VIÊN HUY VŨ
5663,muavao,1,23000.00,2025-11-03 17:00:00,Ngân hàng TMCP Sài Gòn Thương Tín - Chi nhánh Gia Lai,CONG TY TNHH MTV HUY VU
5664,muavao,1,23000.00,2025-11-03 17:00:00,Ngân hàng TMCP Sài Gòn Thương Tín - Chi nhánh Gia Lai,CONG TY TNHH MTV HUY VU
5665,muavao,1,23000.00,2025-11-03 17:00:00,Ngân hàng TMCP Sài Gòn Thương Tín - Chi nhánh Gia Lai,CONG TY TNHH MTV HUY VU
5666,muavao,1,23000.00,2025-11-03 17:00:00,Ngân hàng TMCP Sài Gòn Thương Tín - Chi nhánh Gia Lai,CONG TY TNHH MTV HUY VU
123377,muavao,1,60239814.00,2025-11-03 17:00:00,CÔNG TY CỔ PHẦN DỊCH VỤ PHÂN PHỐI TỔNG HỢP DẦU KHÍ,Công ty TNHH  Một Thành Viên Huy Vũ
375,muavao,1,9916666.00,2025-11-03 17:00:00,CÔNG TY TNHH ĐIỆN TỬ TIN HỌC KIM PHÁT,Công Ty Trách Nhiệm Hữu Hạn một thành viên Huy Vũ
2102,muavao,1,10000000.00,2025-11-02 17:00:00,CÔNG TY TNHH XUẤT NHẬP KHẨU LÊ TRẦN GIA,CÔNG TY TNHH MỘT THÀNH VIÊN HUY VŨ
1419,muavao,1,3574074.00,2025-11-02 17:00:00,CÔNG TY TNHH ĐẦU TƯ PGP,CÔNG TY TNHH MTV HUY VŨ
98376680,muavao,1,318182.00,2025-11-01 17:00:00,Tập đoàn Công nghiệp - Viễn thông Quân đội,Công Ty Tnhh Huy Vũ
1603,muavao,1,233636.00,2025-11-01 17:00:00,VIỄN THÔNG GIA LAI - TẬP ĐOÀN BƯU CHÍNH VIỄN THÔNG VIỆT NAM,Cửa Hàng Máy Tình Trường Sơn
1736,muavao,1,22800.00,2025-11-01 17:00:00,VIỄN THÔNG GIA LAI - TẬP ĐOÀN BƯU CHÍNH VIỄN THÔNG VIỆT NAM,Công Ty TNHH MTV  Huy Vũ
1737,muavao,1,24545.00,2025-11-01 17:00:00,VIỄN THÔNG GIA LAI - TẬP ĐOÀN BƯU CHÍNH VIỄN THÔNG VIỆT NAM,Công Ty  TNHH MTV Huy Vũ
1770,muavao,1,20000.00,2025-11-01 17:00:00,VIỄN THÔNG GIA LAI - TẬP ĐOÀN BƯU CHÍNH VIỄN THÔNG VIỆT NAM,Công Ty TNHH MTV Huy Vũ
1803,muavao,1,40364.00,2025-11-01 17:00:00,VIỄN THÔNG GIA LAI - TẬP ĐOÀN BƯU CHÍNH VIỄN THÔNG VIỆT NAM,Công Ty TNHH MTV Huy Vũ
28439,muavao,1,249636.00,2025-11-01 17:00:00,VIỄN THÔNG GIA LAI - TẬP ĐOÀN BƯU CHÍNH VIỄN THÔNG VIỆT NAM,Công Ty TNHH MTV Huy Vũ
67319,muavao,1,409647.00,2025-11-01 17:00:00,VIỄN THÔNG GIA LAI - TẬP ĐOÀN BƯU CHÍNH VIỄN THÔNG VIỆT NAM,Công Ty TNHH MTV Huy Vũ
67320,muavao,1,144863.00,2025-11-01 17:00:00,VIỄN THÔNG GIA LAI - TẬP ĐOÀN BƯU CHÍNH VIỄN THÔNG VIỆT NAM,Công Ty TNHH MTV Huy Vũ
67404,muavao,1,149408.00,2025-11-01 17:00:00,VIỄN THÔNG GIA LAI - TẬP ĐOÀN BƯU CHÍNH VIỄN THÔNG VIỆT NAM,Công Ty TNHH MTV Huy Vũ
5629,muavao,1,19000.00,2025-10-31 17:00:00,Ngân hàng TMCP Sài Gòn Thương Tín - Chi nhánh Gia Lai,CONG TY TNHH MTV HUY VU
8655,muavao,1,454545.00,2025-10-31 17:00:00,CÔNG TY CỔ PHẦN TẬP ĐOÀN VNG,CÔNG TY TNHH MTV HUY VŨ
9159,muavao,1,5277780.00,2025-10-31 17:00:00,CÔNG TY TNHH PHÂN PHỐI PHƯƠNG VIỆT,CÔNG TY TNHH MỘT THÀNH VIÊN HUY VŨ
6010,muavao,1,5782407.00,2025-10-31 17:00:00,CÔNG TY TNHH CÔNG NGHỆ DSS ĐÀ NẴNG,CÔNG TY TNHH MỘT THÀNH VIÊN HUY VŨ
118,muavao,1,4444444.00,2025-10-31 17:00:00,CÔNG TY TNHH FINTECS,CÔNG TY TNHH MỘT THÀNH VIÊN HUY VŨ
296900,muavao,1,10882.00,2025-12-30 17:00:00,CÔNG TY CỔ PHẦN CÔNG NGHỆ VI MÔ,CÔNG TY TNHH MỘT THÀNH VIÊN HUY VŨ
223297,muavao,1,19000.00,2025-12-30 17:00:00,Ngân hàng TMCP Sài Gòn Thương Tín - Chi nhánh Gia Lai,CONG TY TNHH MTV HUY VU
223298,muavao,1,19000.00,2025-12-30 17:00:00,Ngân hàng TMCP Sài Gòn Thương Tín - Chi nhánh Gia Lai,CONG TY TNHH MTV HUY VU
223300,muavao,1,19000.00,2025-12-30 17:00:00,Ngân hàng TMCP Sài Gòn Thương Tín - Chi nhánh Gia Lai,CONG TY TNHH MTV HUY VU
223301,muavao,1,19000.00,2025-12-30 17:00:00,Ngân hàng TMCP Sài Gòn Thương Tín - Chi nhánh Gia Lai,CONG TY TNHH MTV HUY VU
223302,muavao,1,19000.00,2025-12-30 17:00:00,Ngân hàng TMCP Sài Gòn Thương Tín - Chi nhánh Gia Lai,CONG TY TNHH MTV HUY VU
223434,muavao,1,23000.00,2025-12-30 17:00:00,Ngân hàng TMCP Sài Gòn Thương Tín - Chi nhánh Gia Lai,CONG TY TNHH MTV HUY VU
223435,muavao,1,23000.00,2025-12-30 17:00:00,Ngân hàng TMCP Sài Gòn Thương Tín - Chi nhánh Gia Lai,CONG TY TNHH MTV HUY VU
223443,muavao,1,23000.00,2025-12-30 17:00:00,Ngân hàng TMCP Sài Gòn Thương Tín - Chi nhánh Gia Lai,CONG TY TNHH MTV HUY VU
1286,muavao,1,2602500.00,2025-12-30 17:00:00,CÔNG TY CỔ PHẦN THƯƠNG MẠI - DỊCH VỤ SAO NAM AN,Công Ty TNHH Một Thành Viên Huy Vũ
4704,muavao,1,7461112.00,2025-12-30 17:00:00,CÔNG TY TNHH THƯƠNG MẠI DỊCH VỤ SẢN XUẤT XUẤT NHẬP KHẨU MỰC IN VIỆT NHẬT,CÔNG TY TNHH MỘT THÀNH VIÊN HUY VŨ
145,muavao,1,4444444.00,2025-12-30 17:00:00,CÔNG TY TNHH FINTECS,CÔNG TY TNHH MỘT THÀNH VIÊN HUY VŨ
1148520,muavao,1,1159259.00,2025-12-29 17:00:00,Viettel Gia Lai- Chi nhánh Tập đoàn Công nghiệp - Viễn thông Quân đội,CÔNG TY TNHH MỘT THÀNH VIÊN HUY VŨ
1314,muavao,1,4861111.00,2025-12-29 17:00:00,CHI NHÁNH CÔNG TY CỔ PHẦN ĐẦU TƯ VÀ PHÁT TRIỂN CÔNG NGHỆ QUỐC GIA ADG TẠI ĐÀ NẴNG,Công Ty TNHH Một Thành Viên Huy Vũ
223223,muavao,1,302599.00,2025-12-29 17:00:00,Ngân hàng TMCP Sài Gòn Thương Tín - Chi nhánh Gia Lai,CONG TY TNHH MTV HUY VU
223224,muavao,1,356536.00,2025-12-29 17:00:00,Ngân hàng TMCP Sài Gòn Thương Tín - Chi nhánh Gia Lai,CONG TY TNHH MTV HUY VU
223226,muavao,1,765449.00,2025-12-29 17:00:00,Ngân hàng TMCP Sài Gòn Thương Tín - Chi nhánh Gia Lai,CONG TY TNHH MTV HUY VU
69086036,muavao,1,44150.00,2025-12-29 17:00:00,NGÂN HÀNG TMCP Á CHÂU,CTY TNHH MTV HUY VU
757048,muavao,1,-462963.00,2025-12-29 17:00:00,CÔNG TY CỔ PHẦN THẾ GIỚI SỐ,CÔNG TY TNHH MTV HUY VŨ
458,muavao,1,4390740.00,2025-12-29 17:00:00,CÔNG TY TNHH ĐIỆN TỬ TIN HỌC KIM PHÁT,Công Ty Trách Nhiệm Hữu Hạn một thành viên Huy Vũ
221178,muavao,1,19000.00,2025-12-28 17:00:00,Ngân hàng TMCP Sài Gòn Thương Tín - Chi nhánh Gia Lai,CONG TY TNHH MTV HUY VU
221267,muavao,1,625000.00,2025-12-28 17:00:00,Ngân hàng TMCP Sài Gòn Thương Tín - Chi nhánh Gia Lai,CONG TY TNHH MTV HUY VU
221284,muavao,1,31882.00,2025-12-28 17:00:00,Ngân hàng TMCP Sài Gòn Thương Tín - Chi nhánh Gia Lai,CONG TY TNHH MTV HUY VU
221625,muavao,1,450077.00,2025-12-28 17:00:00,Ngân hàng TMCP Sài Gòn Thương Tín - Chi nhánh Gia Lai,CONG TY TNHH MTV HUY VU
221632,muavao,1,431317.00,2025-12-28 17:00:00,Ngân hàng TMCP Sài Gòn Thương Tín - Chi nhánh Gia Lai,CONG TY TNHH MTV HUY VU
69056967,muavao,1,22075.00,2025-12-28 17:00:00,NGÂN HÀNG TMCP Á CHÂU,CTY TNHH MTV HUY VU
755710,muavao,1,448148145.00,2025-12-28 17:00:00,CÔNG TY CỔ PHẦN THẾ GIỚI SỐ,CÔNG TY TNHH MTV HUY VŨ
2630,muavao,1,10185185.00,2025-12-28 17:00:00,CÔNG TY TNHH XUẤT NHẬP KHẨU LÊ TRẦN GIA,CÔNG TY TNHH MỘT THÀNH VIÊN HUY VŨ
454,muavao,1,38078696.00,2025-12-28 17:00:00,CÔNG TY TNHH ĐIỆN TỬ TIN HỌC KIM PHÁT,Công Ty Trách Nhiệm Hữu Hạn một thành viên Huy Vũ
68757829,muavao,1,376815.00,2025-12-26 17:00:00,NGÂN HÀNG TMCP Á CHÂU,CTY TNHH MTV HUY VU
220624,muavao,1,19000.00,2025-12-25 17:00:00,Ngân hàng TMCP Sài Gòn Thương Tín - Chi nhánh Gia Lai,CONG TY TNHH MTV HUY VU
220823,muavao,1,23000.00,2025-12-25 17:00:00,Ngân hàng TMCP Sài Gòn Thương Tín - Chi nhánh Gia Lai,CONG TY TNHH MTV HUY VU
732973,muavao,1,-80583333.00,2025-12-25 17:00:00,CÔNG TY CỔ PHẦN THẾ GIỚI SỐ,CÔNG TY TNHH MTV HUY VŨ
219913,muavao,1,19000.00,2025-12-24 17:00:00,Ngân hàng TMCP Sài Gòn Thương Tín - Chi nhánh Gia Lai,CONG TY TNHH MTV HUY VU
146349,muavao,1,134861110.00,2025-12-24 17:00:00,CÔNG TY CỔ PHẦN DỊCH VỤ PHÂN PHỐI TỔNG HỢP DẦU KHÍ,CÔNG TY TNHH MỘT THÀNH VIÊN HUY VŨ
2596,muavao,1,24814815.00,2025-12-24 17:00:00,CÔNG TY TNHH XUẤT NHẬP KHẨU LÊ TRẦN GIA,CÔNG TY TNHH MỘT THÀNH VIÊN HUY VŨ
449,muavao,1,10902777.00,2025-12-24 17:00:00,CÔNG TY TNHH ĐIỆN TỬ TIN HỌC KIM PHÁT,Công Ty Trách Nhiệm Hữu Hạn một thành viên Huy Vũ
2194,muavao,1,11043526.00,2025-12-23 17:00:00,CÔNG TY TNHH XÂY DỰNG THƯƠNG MẠI VÀ TƯ VẤN TRÍ VIỄN,CÔNG TY TNHH MỘT THÀNH VIÊN HUY VŨ
1795,muavao,1,11296296.00,2025-12-23 17:00:00,CÔNG TY TNHH ĐẦU TƯ PGP,CÔNG TY TNHH MTV HUY VŨ
218666,muavao,1,19000.00,2025-12-22 17:00:00,Ngân hàng TMCP Sài Gòn Thương Tín - Chi nhánh Gia Lai,CONG TY TNHH MTV HUY VU
218976,muavao,1,40000.00,2025-12-22 17:00:00,Ngân hàng TMCP Sài Gòn Thương Tín - Chi nhánh Gia Lai,CONG TY TNHH MTV HUY VU
6401,muavao,1,23000.00,2025-12-22 17:00:00,Ngân hàng TMCP Sài Gòn Thương Tín - Chi nhánh Gia Lai,CONG TY TNHH MTV HUY VU
3697,muavao,1,2518519.00,2025-12-21 17:00:00,CÔNG TY CỔ PHẦN MÁY TÍNH VĨNH XUÂN - CHI NHÁNH ĐÀ NẴNG,CÔNG TY TNHH MỘT THÀNH VIÊN HUY VŨ
4479,muavao,1,4350926.00,2025-12-21 17:00:00,CÔNG TY TNHH THƯƠNG MẠI DỊCH VỤ SẢN XUẤT XUẤT NHẬP KHẨU MỰC IN VIỆT NHẬT,CÔNG TY TNHH MỘT THÀNH VIÊN HUY VŨ
1070,muavao,1,37361111.00,2025-12-21 17:00:00,CHI NHÁNH CÔNG TY CỔ PHẦN HUETRONICS (TỈNH THỪA THIÊN HUẾ),CÔNG TY TNHH MỘT THÀNH VIÊN HUY VŨ
4570,muavao,1,22222222.00,2025-12-19 17:00:00,CÔNG TY CỔ PHẦN THƯƠNG MẠI VÀ CÔNG NGHỆ HÀ VIỆT,CÔNG TY TNHH MỘT THÀNH VIÊN HUY VŨ
143118,muavao,1,325925926.00,2025-12-19 17:00:00,CÔNG TY CỔ PHẦN DỊCH VỤ PHÂN PHỐI TỔNG HỢP DẦU KHÍ,CÔNG TY TNHH MỘT THÀNH VIÊN HUY VŨ
2519,muavao,1,24814815.00,2025-12-19 17:00:00,CÔNG TY TNHH XUẤT NHẬP KHẨU LÊ TRẦN GIA,CÔNG TY TNHH MỘT THÀNH VIÊN HUY VŨ
216671,muavao,1,19000.00,2025-12-15 17:00:00,Ngân hàng TMCP Sài Gòn Thương Tín - Chi nhánh Gia Lai,CONG TY TNHH MTV HUY VU
36947,muavao,1,20796297.00,2025-12-18 17:00:00,CÔNG TY CỔ PHẦN MÁY TÍNH VĨNH XUÂN,CÔNG TY TNHH MỘT THÀNH VIÊN HUY VŨ
217264,muavao,1,23000.00,2025-12-18 17:00:00,Ngân hàng TMCP Sài Gòn Thương Tín - Chi nhánh Gia Lai,CONG TY TNHH MTV HUY VU
217321,muavao,1,23000.00,2025-12-18 17:00:00,Ngân hàng TMCP Sài Gòn Thương Tín - Chi nhánh Gia Lai,CONG TY TNHH MTV HUY VU
11035,muavao,1,17500000.00,2025-12-18 17:00:00,Công ty TNHH Tin Học Kim Thiên Bảo,CÔNG TY TNHH MỘT THÀNH VIÊN HUY VŨ
26951,muavao,1,29444445.00,2025-12-18 17:00:00,CÔNG TY CỔ PHẦN ĐẦU TƯ LBM,CÔNG TY TNHH MỘT THÀNH VIÊN HUY VŨ
1684,muavao,1,5123148.00,2025-12-18 17:00:00,CÔNG TY TNHH THƯƠNG MẠI VÀ PHÁT TRIỂN CÔNG NGHỆ ĐỨC PHÁP,CÔNG TY TNHH MỘT THÀNH VIÊN HUY VŨ
7018,muavao,1,8193518.00,2025-12-18 17:00:00,CÔNG TY TNHH CÔNG NGHỆ DSS ĐÀ NẴNG,CÔNG TY TNHH MỘT THÀNH VIÊN HUY VŨ
1310,muavao,1,7500000.00,2025-12-17 17:00:00,CÔNG TY CỔ PHẦN ĐẦU TƯ & THƯƠNG MẠI ĐẠI PHÁT,CÔNG TY TNHH MỘT THÀNH VIÊN HUY VŨ
216910,muavao,1,20000.00,2025-12-17 17:00:00,Ngân hàng TMCP Sài Gòn Thương Tín - Chi nhánh Gia Lai,CONG TY TNHH MTV HUY VU
216912,muavao,1,19000.00,2025-12-17 17:00:00,Ngân hàng TMCP Sài Gòn Thương Tín - Chi nhánh Gia Lai,CONG TY TNHH MTV HUY VU
140977,muavao,1,37592593.00,2025-12-17 17:00:00,CÔNG TY CỔ PHẦN DỊCH VỤ PHÂN PHỐI TỔNG HỢP DẦU KHÍ,CÔNG TY TNHH MỘT THÀNH VIÊN HUY VŨ
35744,muavao,1,11111111.00,2025-12-16 17:00:00,CÔNG TY CỔ PHẦN MÁY TÍNH VĨNH XUÂN,CÔNG TY TNHH MỘT THÀNH VIÊN HUY VŨ
3669,muavao,1,5277778.00,2025-12-16 17:00:00,CÔNG TY CỔ PHẦN MÁY TÍNH VĨNH XUÂN - CHI NHÁNH ĐÀ NẴNG,CÔNG TY TNHH MỘT THÀNH VIÊN HUY VŨ
216800,muavao,1,20000.00,2025-12-16 17:00:00,Ngân hàng TMCP Sài Gòn Thương Tín - Chi nhánh Gia Lai,CONG TY TNHH MTV HUY VU
216801,muavao,1,19000.00,2025-12-16 17:00:00,Ngân hàng TMCP Sài Gòn Thương Tín - Chi nhánh Gia Lai,CONG TY TNHH MTV HUY VU
38854,muavao,1,29074074.00,2025-12-15 17:00:00,CÔNG TY CỔ PHẦN MÁY TÍNH VĨNH XUÂN - CHI NHÁNH THÀNH PHỐ HỒ CHÍ MINH,CÔNG TY TNHH MỘT THÀNH VIÊN HUY VŨ
7914,muavao,1,21944444.00,2025-12-15 17:00:00,CÔNG TY CỔ PHẦN MÁY TÍNH VINH HIỂN LỘC TÀI,CÔNG TY TNHH MỘT THÀNH VIÊN HUY VŨ
3262,muavao,1,4037037.00,2025-12-15 17:00:00,CÔNG TY CỔ PHẦN RIOTECH,CÔNG TY TNHH MỘT THÀNH VIÊN HUY VŨ
6890,muavao,1,9953704.00,2025-12-15 17:00:00,CÔNG TY TNHH MỘT THÀNH VIÊN PHAN QUANG,CÔNG TY TNHH MỘT THÀNH VIÊN HUY VŨ
1511,muavao,1,62500000.00,2025-12-15 17:00:00,CÔNG TY CỔ PHẦN CÔNG NGHỆ COTIMEX,CÔNG TY TNHH MỘT THÀNH VIÊN HUY VŨ
1501,muavao,1,17777778.00,2025-12-14 17:00:00,CÔNG TY CỔ PHẦN CÔNG NGHỆ COTIMEX,CÔNG TY TNHH MỘT THÀNH VIÊN HUY VŨ
65574151,muavao,1,13636.00,2025-12-12 17:00:00,NGÂN HÀNG TMCP Á CHÂU,CTY TNHH MTV HUY VU
65574248,muavao,1,13636.00,2025-12-12 17:00:00,NGÂN HÀNG TMCP Á CHÂU,CTY TNHH MTV HUY VU
65574353,muavao,1,13636.00,2025-12-12 17:00:00,NGÂN HÀNG TMCP Á CHÂU,CTY TNHH MTV HUY VU
214429,muavao,1,20000.00,2025-12-11 17:00:00,Ngân hàng TMCP Sài Gòn Thương Tín - Chi nhánh Gia Lai,CONG TY TNHH MTV HUY VU
214430,muavao,1,19000.00,2025-12-11 17:00:00,Ngân hàng TMCP Sài Gòn Thương Tín - Chi nhánh Gia Lai,CONG TY TNHH MTV HUY VU
214833,muavao,1,23000.00,2025-12-11 17:00:00,Ngân hàng TMCP Sài Gòn Thương Tín - Chi nhánh Gia Lai,CONG TY TNHH MTV HUY VU
214839,muavao,1,23000.00,2025-12-11 17:00:00,Ngân hàng TMCP Sài Gòn Thương Tín - Chi nhánh Gia Lai,CONG TY TNHH MTV HUY VU
214845,muavao,1,23000.00,2025-12-11 17:00:00,Ngân hàng TMCP Sài Gòn Thương Tín - Chi nhánh Gia Lai,CONG TY TNHH MTV HUY VU
2078,muavao,1,5500000.00,2025-12-11 17:00:00,CÔNG TY TNHH TM DV VĂN PHÒNG PHẨM SƠN THỦY,CÔNG TY TNHH MỘT THÀNH VIÊN HUY VŨ
64502362,muavao,1,948696.00,2025-12-10 17:00:00,NGÂN HÀNG TMCP Á CHÂU,CTY TNHH MTV HUY VU
64502398,muavao,1,480029.00,2025-12-10 17:00:00,NGÂN HÀNG TMCP Á CHÂU,CTY TNHH MTV HUY VU
64502476,muavao,1,864501.00,2025-12-10 17:00:00,NGÂN HÀNG TMCP Á CHÂU,CTY TNHH MTV HUY VU
64502525,muavao,1,677393.00,2025-12-10 17:00:00,NGÂN HÀNG TMCP Á CHÂU,CTY TNHH MTV HUY VU
64502679,muavao,1,855573.00,2025-12-10 17:00:00,NGÂN HÀNG TMCP Á CHÂU,CTY TNHH MTV HUY VU
64502760,muavao,1,1183150.00,2025-12-10 17:00:00,NGÂN HÀNG TMCP Á CHÂU,CTY TNHH MTV HUY VU
213247,muavao,1,702076.00,2025-12-09 17:00:00,Ngân hàng TMCP Sài Gòn Thương Tín - Chi nhánh Gia Lai,CONG TY TNHH MTV HUY VU
26008,muavao,1,25555557.00,2025-12-10 17:00:00,CÔNG TY CỔ PHẦN ĐẦU TƯ LBM,CÔNG TY TNHH MỘT THÀNH VIÊN HUY VŨ
418,muavao,1,40500000.00,2025-12-10 17:00:00,CÔNG TY TNHH ĐIỆN TỬ TIN HỌC KIM PHÁT,Công Ty Trách Nhiệm Hữu Hạn một thành viên Huy Vũ
81585,muavao,1,462963.00,2025-12-10 17:00:00,CHI NHÁNH PETROLIMEX PLEIKU - CÔNG TY TNHH MTV PETROLIMEX GIA LAI,CÔNG TY TNHH MỘT THÀNH VIÊN HUY VŨ
3584,muavao,1,11101852.00,2025-12-09 17:00:00,CÔNG TY CỔ PHẦN MÁY TÍNH VĨNH XUÂN - CHI NHÁNH ĐÀ NẴNG,CÔNG TY TNHH MỘT THÀNH VIÊN HUY VŨ
212714,muavao,1,19000.00,2025-12-09 17:00:00,Ngân hàng TMCP Sài Gòn Thương Tín - Chi nhánh Gia Lai,CONG TY TNHH MTV HUY VU
212715,muavao,1,19000.00,2025-12-09 17:00:00,Ngân hàng TMCP Sài Gòn Thương Tín - Chi nhánh Gia Lai,CONG TY TNHH MTV HUY VU
212747,muavao,1,19000.00,2025-12-09 17:00:00,Ngân hàng TMCP Sài Gòn Thương Tín - Chi nhánh Gia Lai,CONG TY TNHH MTV HUY VU
212748,muavao,1,19000.00,2025-12-09 17:00:00,Ngân hàng TMCP Sài Gòn Thương Tín - Chi nhánh Gia Lai,CONG TY TNHH MTV HUY VU
213174,muavao,1,697230.00,2025-12-09 17:00:00,Ngân hàng TMCP Sài Gòn Thương Tín - Chi nhánh Gia Lai,CONG TY TNHH MTV HUY VU
213175,muavao,1,2063696.00,2025-12-09 17:00:00,Ngân hàng TMCP Sài Gòn Thương Tín - Chi nhánh Gia Lai,CONG TY TNHH MTV HUY VU
213188,muavao,1,8547945.00,2025-12-09 17:00:00,Ngân hàng TMCP Sài Gòn Thương Tín - Chi nhánh Gia Lai,CONG TY TNHH MTV HUY VU
213190,muavao,1,1080140.00,2025-12-09 17:00:00,Ngân hàng TMCP Sài Gòn Thương Tín - Chi nhánh Gia Lai,CONG TY TNHH MTV HUY VU
213197,muavao,1,911711.00,2025-12-09 17:00:00,Ngân hàng TMCP Sài Gòn Thương Tín - Chi nhánh Gia Lai,CONG TY TNHH MTV HUY VU
213210,muavao,1,1044221.00,2025-12-09 17:00:00,Ngân hàng TMCP Sài Gòn Thương Tín - Chi nhánh Gia Lai,CONG TY TNHH MTV HUY VU
213211,muavao,1,731926.00,2025-12-09 17:00:00,Ngân hàng TMCP Sài Gòn Thương Tín - Chi nhánh Gia Lai,CONG TY TNHH MTV HUY VU
213226,muavao,1,845852.00,2025-12-09 17:00:00,Ngân hàng TMCP Sài Gòn Thương Tín - Chi nhánh Gia Lai,CONG TY TNHH MTV HUY VU
213228,muavao,1,756270.00,2025-12-09 17:00:00,Ngân hàng TMCP Sài Gòn Thương Tín - Chi nhánh Gia Lai,CONG TY TNHH MTV HUY VU
213231,muavao,1,1196486.00,2025-12-09 17:00:00,Ngân hàng TMCP Sài Gòn Thương Tín - Chi nhánh Gia Lai,CONG TY TNHH MTV HUY VU
213240,muavao,1,1481616.00,2025-12-09 17:00:00,Ngân hàng TMCP Sài Gòn Thương Tín - Chi nhánh Gia Lai,CONG TY TNHH MTV HUY VU
213246,muavao,1,828097.00,2025-12-09 17:00:00,Ngân hàng TMCP Sài Gòn Thương Tín - Chi nhánh Gia Lai,CONG TY TNHH MTV HUY VU
213250,muavao,1,652376.00,2025-12-09 17:00:00,Ngân hàng TMCP Sài Gòn Thương Tín - Chi nhánh Gia Lai,CONG TY TNHH MTV HUY VU
213253,muavao,1,86101.00,2025-12-09 17:00:00,Ngân hàng TMCP Sài Gòn Thương Tín - Chi nhánh Gia Lai,CONG TY TNHH MTV HUY VU
213329,muavao,1,920861.00,2025-12-09 17:00:00,Ngân hàng TMCP Sài Gòn Thương Tín - Chi nhánh Gia Lai,CONG TY TNHH MTV HUY VU
213334,muavao,1,681026.00,2025-12-09 17:00:00,Ngân hàng TMCP Sài Gòn Thương Tín - Chi nhánh Gia Lai,CONG TY TNHH MTV HUY VU
213339,muavao,1,457052.00,2025-12-09 17:00:00,Ngân hàng TMCP Sài Gòn Thương Tín - Chi nhánh Gia Lai,CONG TY TNHH MTV HUY VU
213350,muavao,1,534803.00,2025-12-09 17:00:00,Ngân hàng TMCP Sài Gòn Thương Tín - Chi nhánh Gia Lai,CONG TY TNHH MTV HUY VU
213353,muavao,1,1148174.00,2025-12-09 17:00:00,Ngân hàng TMCP Sài Gòn Thương Tín - Chi nhánh Gia Lai,CONG TY TNHH MTV HUY VU
213357,muavao,1,1294858.00,2025-12-09 17:00:00,Ngân hàng TMCP Sài Gòn Thương Tín - Chi nhánh Gia Lai,CONG TY TNHH MTV HUY VU
213360,muavao,1,619543.00,2025-12-09 17:00:00,Ngân hàng TMCP Sài Gòn Thương Tín - Chi nhánh Gia Lai,CONG TY TNHH MTV HUY VU
213362,muavao,1,501370.00,2025-12-09 17:00:00,Ngân hàng TMCP Sài Gòn Thương Tín - Chi nhánh Gia Lai,CONG TY TNHH MTV HUY VU
213365,muavao,1,696713.00,2025-12-09 17:00:00,Ngân hàng TMCP Sài Gòn Thương Tín - Chi nhánh Gia Lai,CONG TY TNHH MTV HUY VU
213372,muavao,1,740874.00,2025-12-09 17:00:00,Ngân hàng TMCP Sài Gòn Thương Tín - Chi nhánh Gia Lai,CONG TY TNHH MTV HUY VU
213390,muavao,1,1299480.00,2025-12-09 17:00:00,Ngân hàng TMCP Sài Gòn Thương Tín - Chi nhánh Gia Lai,CONG TY TNHH MTV HUY VU
213392,muavao,1,2136986.00,2025-12-09 17:00:00,Ngân hàng TMCP Sài Gòn Thương Tín - Chi nhánh Gia Lai,CONG TY TNHH MTV HUY VU
64309625,muavao,1,185068.00,2025-12-09 17:00:00,NGÂN HÀNG TMCP Á CHÂU,CTY TNHH MTV HUY VU
2042,muavao,1,550000.00,2025-12-09 17:00:00,CÔNG TY TNHH TM DV VĂN PHÒNG PHẨM SƠN THỦY,CÔNG TY TNHH MỘT THÀNH VIÊN HUY VŨ
1048,muavao,1,25370370.00,2025-12-09 17:00:00,CHI NHÁNH CÔNG TY CỔ PHẦN HUETRONICS (TỈNH THỪA THIÊN HUẾ),CÔNG TY TNHH MỘT THÀNH VIÊN HUY VŨ
1214,muavao,1,272962963.00,2025-12-08 17:00:00,CHI NHÁNH CÔNG TY CỔ PHẦN ĐẦU TƯ VÀ PHÁT TRIỂN CÔNG NGHỆ QUỐC GIA ADG TẠI ĐÀ NẴNG,Công Ty TNHH Một Thành Viên Huy Vũ
212671,muavao,1,612557.00,2025-12-08 17:00:00,Ngân hàng TMCP Sài Gòn Thương Tín - Chi nhánh Gia Lai,CONG TY TNHH MTV HUY VU
212672,muavao,1,847356.00,2025-12-08 17:00:00,Ngân hàng TMCP Sài Gòn Thương Tín - Chi nhánh Gia Lai,CONG TY TNHH MTV HUY VU
6188,muavao,1,50000.00,2025-12-08 17:00:00,Ngân hàng TMCP Sài Gòn Thương Tín - Chi nhánh Gia Lai,CONG TY TNHH MTV HUY VU
136,muavao,1,2222222.00,2025-12-08 17:00:00,CÔNG TY TNHH FINTECS,CÔNG TY TNHH MỘT THÀNH VIÊN HUY VŨ
6173,muavao,1,23000.00,2025-12-07 17:00:00,Ngân hàng TMCP Sài Gòn Thương Tín - Chi nhánh Gia Lai,CONG TY TNHH MTV HUY VU
6174,muavao,1,40000.00,2025-12-07 17:00:00,Ngân hàng TMCP Sài Gòn Thương Tín - Chi nhánh Gia Lai,CONG TY TNHH MTV HUY VU
6175,muavao,1,40000.00,2025-12-07 17:00:00,Ngân hàng TMCP Sài Gòn Thương Tín - Chi nhánh Gia Lai,CONG TY TNHH MTV HUY VU
1659,muavao,1,16583333.00,2025-12-07 17:00:00,CÔNG TY TNHH ĐẦU TƯ PGP,CÔNG TY TNHH MTV HUY VŨ
458,muavao,1,241818.00,2025-12-06 17:00:00,TỔNG CÔNG TY VIỄN THÔNG MOBIFONE,Công ty TNHH MTV Huy Vũ
5136,muavao,1,3100000.00,2025-12-05 17:00:00,CÔNG TY TNHH GIẢI PHÁP FINGERTAS,CÔNG TY TNHH MỘT THÀNH VIÊN HUY VŨ
411,muavao,1,8990742.00,2025-12-05 17:00:00,CÔNG TY TNHH ĐIỆN TỬ TIN HỌC KIM PHÁT,Công Ty Trách Nhiệm Hữu Hạn một thành viên Huy Vũ
135,muavao,1,2222222.00,2025-12-05 17:00:00,CÔNG TY TNHH FINTECS,CÔNG TY TNHH MỘT THÀNH VIÊN HUY VŨ
136199,muavao,1,73842593.00,2025-12-04 17:00:00,CÔNG TY CỔ PHẦN DỊCH VỤ PHÂN PHỐI TỔNG HỢP DẦU KHÍ,CÔNG TY TNHH MỘT THÀNH VIÊN HUY VŨ
23378,muavao,1,662634.00,2025-12-04 17:00:00,CÔNG TY CỔ PHẦN ĐẦU TƯ THƯƠNG MẠI PHÁT TRIỂN NHẤT TÍN,CÔNG TY TNHH MỘT THÀNH VIÊN HUY VŨ
16838183,muavao,1,318182.00,2025-12-01 17:00:00,Tập đoàn Công nghiệp - Viễn thông Quân đội,Công Ty Tnhh Huy Vũ
211326,muavao,1,599942.00,2025-12-01 17:00:00,Ngân hàng TMCP Sài Gòn Thương Tín - Chi nhánh Gia Lai,CONG TY TNHH MTV HUY VU
211330,muavao,1,434445.00,2025-12-01 17:00:00,Ngân hàng TMCP Sài Gòn Thương Tín - Chi nhánh Gia Lai,CONG TY TNHH MTV HUY VU
211332,muavao,1,333436.00,2025-12-01 17:00:00,Ngân hàng TMCP Sài Gòn Thương Tín - Chi nhánh Gia Lai,CONG TY TNHH MTV HUY VU
6063,muavao,1,79333.00,2025-11-30 17:00:00,Ngân hàng TMCP Sài Gòn Thương Tín - Chi nhánh Gia Lai,CONG TY TNHH MTV HUY VU
6064,muavao,1,32000.00,2025-11-30 17:00:00,Ngân hàng TMCP Sài Gòn Thương Tín - Chi nhánh Gia Lai,CONG TY TNHH MTV HUY VU
6065,muavao,1,23000.00,2025-11-30 17:00:00,Ngân hàng TMCP Sài Gòn Thương Tín - Chi nhánh Gia Lai,CONG TY TNHH MTV HUY VU
62784512,muavao,1,27273.00,2025-11-30 17:00:00,NGÂN HÀNG TMCP Á CHÂU,CTY TNHH MTV HUY VU
2580,muavao,1,70000.00,2025-01-30 17:00:00,Ngân hàng Thương mại Cổ phần Đầu tư và Phát triển Việt Nam - Chi nhánh Gia Lai,CONG TY TNHH MTV HUY VU
4992,muavao,1,11504.00,2025-01-30 17:00:00,CÔNG TY CỔ PHẦN CÔNG NGHỆ VI MÔ,CÔNG TY TNHH MỘT THÀNH VIÊN HUY VŨ
19746048,muavao,1,148148.00,2025-01-30 17:00:00,CÔNG TY TNHH THU PHÍ TỰ ĐỘNG VETC,CÔNG TY TNHH MỘT THÀNH VIÊN HUY VŨ
28630,muavao,1,454545.00,2025-01-24 17:00:00,CÔNG TY TNHH MTV XĂNG DẦU BẮC TÂY NGUYÊN,CÔNG TY TNHH MỘT THÀNH VIÊN HUY VŨ
11683,muavao,1,19000.00,2025-01-23 17:00:00,Ngân hàng TMCP Sài Gòn Thương Tín - Chi nhánh Gia Lai,CONG TY TNHH MTV HUY VU
11774,muavao,1,37671233.00,2025-01-23 17:00:00,Ngân hàng TMCP Sài Gòn Thương Tín - Chi nhánh Gia Lai,CONG TY TNHH MTV HUY VU
183,muavao,1,2854545.00,2025-01-22 17:00:00,CÔNG TY CỔ PHẦN RIOTECH,CÔNG TY TNHH MỘT THÀNH VIÊN HUY VŨ
48004,muavao,1,19090909.00,2025-01-21 17:00:00,CÔNG TY CỔ PHẦN THẾ GIỚI SỐ,CÔNG TY TNHH MTV HUY VŨ
449,muavao,1,5454545.00,2025-01-21 17:00:00,CÔNG TY TNHH THẢO NHIÊN,CÔNG TY TNHH MỘT THÀNH VIÊN HUY VŨ
2030,muavao,1,25272727.00,2025-01-21 17:00:00,Công Ty TNHH Một Thành Viên Bảo Vinh,CÔNG TY TNHH MTV HUY VŨ
508,muavao,1,50000.00,2025-01-20 17:00:00,Ngân hàng TMCP Sài Gòn Thương Tín - Chi nhánh Gia Lai,CONG TY TNHH MTV HUY VU
8177,muavao,1,19000.00,2025-01-19 17:00:00,Ngân hàng TMCP Sài Gòn Thương Tín - Chi nhánh Gia Lai,CONG TY TNHH MTV HUY VU
16,muavao,1,8667273.00,2025-01-19 17:00:00,CÔNG TY TNHH ĐIỆN TỬ TIN HỌC KIM PHÁT,Công Ty Trách Nhiệm Hữu Hạn một thành viên Huy Vũ
31,muavao,1,7870370.00,2025-01-19 17:00:00,CÔNG TY TNHH MỘT THÀNH VIÊN SĂM LỐP Ô TÔ THANH TÙNG,CÔNG TY TNHH MỘT THÀNH VIÊN HUY VŨ
12,muavao,1,3500000.00,2025-01-18 17:00:00,CÔNG TY TNHH ĐIỆN TỬ TIN HỌC KIM PHÁT,Công Ty Trách Nhiệm Hữu Hạn một thành viên Huy Vũ
13,muavao,6,8667273.00,2025-01-18 17:00:00,CÔNG TY TNHH ĐIỆN TỬ TIN HỌC KIM PHÁT,Công Ty Trách Nhiệm Hữu Hạn một thành viên Huy Vũ
385,muavao,1,10318182.00,2025-01-17 17:00:00,CÔNG TY TNHH THẢO NHIÊN,CÔNG TY TNHH MỘT THÀNH VIÊN HUY VŨ
127,muavao,1,7000000.00,2025-01-17 17:00:00,CÔNG TY CỔ PHẦN RIOTECH,CÔNG TY TNHH MỘT THÀNH VIÊN HUY VŨ
7686,muavao,1,19000.00,2025-01-16 17:00:00,Ngân hàng TMCP Sài Gòn Thương Tín - Chi nhánh Gia Lai,CONG TY TNHH MTV HUY VU
7688,muavao,1,19000.00,2025-01-16 17:00:00,Ngân hàng TMCP Sài Gòn Thương Tín - Chi nhánh Gia Lai,CONG TY TNHH MTV HUY VU
6820,muavao,1,25000.00,2025-01-15 17:00:00,Ngân hàng TMCP Sài Gòn Thương Tín - Chi nhánh Gia Lai,CONG TY TNHH MTV HUY VU
6197,muavao,1,19000.00,2025-01-14 17:00:00,Ngân hàng TMCP Sài Gòn Thương Tín - Chi nhánh Gia Lai,CONG TY TNHH MTV HUY VU
352,muavao,1,5800000.00,2025-01-14 17:00:00,Công ty TNHH Tin Học Kim Thiên Bảo,CÔNG TY TNHH MỘT THÀNH VIÊN HUY VŨ
185,muavao,1,8881745.00,2025-01-14 17:00:00,CÔNG TY TNHH THƯƠNG MẠI DỊCH VỤ SẢN XUẤT XUẤT NHẬP KHẨU MỰC IN VIỆT NHẬT,CÔNG TY TNHH MỘT THÀNH VIÊN HUY VŨ
4831,muavao,1,19000.00,2025-01-13 17:00:00,Ngân hàng TMCP Sài Gòn Thương Tín - Chi nhánh Gia Lai,CONG TY TNHH MTV HUY VU
9,muavao,1,4772727.00,2025-01-13 17:00:00,CÔNG TY TNHH ĐIỆN TỬ TIN HỌC KIM PHÁT,Công Ty Trách Nhiệm Hữu Hạn một thành viên Huy Vũ
2561481,muavao,1,27000.00,2025-01-12 17:00:00,NGÂN HÀNG TMCP Á CHÂU,CTY TNHH MTV HUY VU
2561492,muavao,1,27000.00,2025-01-12 17:00:00,NGÂN HÀNG TMCP Á CHÂU,CTY TNHH MTV HUY VU
2561498,muavao,1,27000.00,2025-01-12 17:00:00,NGÂN HÀNG TMCP Á CHÂU,CTY TNHH MTV HUY VU
2564037,muavao,1,678640.00,2025-01-12 17:00:00,NGÂN HÀNG TMCP Á CHÂU,CTY TNHH MTV HUY VU
2565871,muavao,1,1850425.00,2025-01-12 17:00:00,NGÂN HÀNG TMCP Á CHÂU,CTY TNHH MTV HUY VU
2565874,muavao,1,2428796.00,2025-01-12 17:00:00,NGÂN HÀNG TMCP Á CHÂU,CTY TNHH MTV HUY VU
2565888,muavao,1,846037.00,2025-01-12 17:00:00,NGÂN HÀNG TMCP Á CHÂU,CTY TNHH MTV HUY VU
2565896,muavao,1,9500954.00,2025-01-12 17:00:00,NGÂN HÀNG TMCP Á CHÂU,CTY TNHH MTV HUY VU
2565901,muavao,1,1372360.00,2025-01-12 17:00:00,NGÂN HÀNG TMCP Á CHÂU,CTY TNHH MTV HUY VU
2565909,muavao,1,2292294.00,2025-01-12 17:00:00,NGÂN HÀNG TMCP Á CHÂU,CTY TNHH MTV HUY VU
408,muavao,1,4418184.00,2025-01-12 17:00:00,Công Ty TNHH Công Nghệ Thông Tin An Phát,CÔNG TY TNHH MỘT THÀNH VIÊN HUY VŨ
1117682,muavao,1,14295.00,2025-01-09 17:00:00,NGÂN HÀNG TMCP Á CHÂU,CTY TNHH MTV HUY VU
5,muavao,1,3583637.00,2025-01-09 17:00:00,CÔNG TY TNHH ĐIỆN TỬ TIN HỌC KIM PHÁT,Công Ty Trách Nhiệm Hữu Hạn một thành viên Huy Vũ
142,muavao,1,12681818.00,2025-01-07 17:00:00,CÔNG TY TNHH THẢO NHIÊN,CÔNG TY TNHH MỘT THÀNH VIÊN HUY VŨ
1593,muavao,1,235455.00,2025-01-06 17:00:00,CÔNG TY DỊCH VỤ MOBIFONE KHU VỰC 7 - CHI NHÁNH TỔNG CÔNG TY VIỄN THÔNG MOBIFONE,Công ty TNHH MTV Huy Vũ
742916,muavao,1,4142466.00,2025-01-06 17:00:00,NGÂN HÀNG TMCP Á CHÂU,CTY TNHH MTV HUY VU
1116,muavao,1,40363636.00,2025-01-06 17:00:00,CÔNG TY CỔ PHẦN DỊCH VỤ PHÂN PHỐI TỔNG HỢP DẦU KHÍ,Công ty TNHH  Một Thành Viên Huy Vũ
1120,muavao,1,118309091.00,2025-01-06 17:00:00,CÔNG TY CỔ PHẦN DỊCH VỤ PHÂN PHỐI TỔNG HỢP DẦU KHÍ,Công ty TNHH  Một Thành Viên Huy Vũ
114,muavao,1,1388998.00,2025-01-06 17:00:00,CÔNG TY TNHH MTV Ô TÔ GIA LAI,CÔNG TY TNHH MỘT THÀNH VIÊN HUY VŨ
21,muavao,1,10505182.00,2025-01-03 17:00:00,CÔNG TY BẢO HIỂM BƯU ĐIỆN GIA LAI,Công Ty TNHH MTV Huy Vũ
48,muavao,1,5009091.00,2025-01-03 17:00:00,CÔNG TY TNHH THƯƠNG MẠI DỊCH VỤ SẢN XUẤT XUẤT NHẬP KHẨU MỰC IN VIỆT NHẬT,CÔNG TY TNHH MỘT THÀNH VIÊN HUY VŨ
829,muavao,1,19000.00,2025-01-02 17:00:00,Ngân hàng TMCP Sài Gòn Thương Tín - Chi nhánh Gia Lai,CONG TY TNHH MTV HUY VU
60,muavao,1,15000.00,2025-01-02 17:00:00,Ngân hàng TMCP Sài Gòn Thương Tín - Chi nhánh Gia Lai,CONG TY TNHH MTV HUY VU
3643,muavao,1,58636365.00,2025-01-02 17:00:00,CÔNG TY CỔ PHẦN THẾ GIỚI SỐ,CÔNG TY TNHH MTV HUY VŨ
206,muavao,1,52600000.00,2025-01-02 17:00:00,CÔNG TY TNHH MỘT THÀNH VIÊN CÔNG NGHỆ TIN HỌC VIỄN SƠN,CÔNG TY TNHH MỘT THÀNH VIÊN HUY VŨ
211,muavao,1,62565455.00,2025-01-02 17:00:00,CÔNG TY TNHH MỘT THÀNH VIÊN CÔNG NGHỆ TIN HỌC VIỄN SƠN,CÔNG TY TNHH MỘT THÀNH VIÊN HUY VŨ
65,muavao,1,10450001.00,2025-01-02 17:00:00,CÔNG TY TNHH PHÂN PHỐI PHƯƠNG VIỆT,CÔNG TY TNHH MỘT THÀNH VIÊN HUY VŨ
2616,muavao,1,454545.00,2025-01-02 17:00:00,CÔNG TY TNHH MTV XĂNG DẦU BẮC TÂY NGUYÊN,CÔNG TY TNHH MỘT THÀNH VIÊN HUY VŨ
2662563,muavao,1,318182.00,2025-01-01 17:00:00,Tập đoàn Công nghiệp - Viễn thông Quân đội,Công Ty Tnhh Huy Vũ
78,muavao,1,42000.00,2025-01-01 17:00:00,Ngân hàng TMCP Sài Gòn Thương Tín - Chi nhánh Gia Lai,CONG TY TNHH MTV HUY VU
23422,muavao,1,23000.00,2025-02-20 17:00:00,Ngân hàng TMCP Sài Gòn Thương Tín - Chi nhánh Gia Lai,CONG TY TNHH MTV HUY VU
1796,muavao,1,233636.00,2024-12-31 17:00:00,TRUNG TÂM KINH DOANH VNPT - GIA LAI - CHI NHÁNH TỔNG CÔNG TY DỊCH VỤ VIỄN THÔNG,Cửa Hàng Máy Tình Trường Sơn
1945,muavao,1,20800.00,2024-12-31 17:00:00,TRUNG TÂM KINH DOANH VNPT - GIA LAI - CHI NHÁNH TỔNG CÔNG TY DỊCH VỤ VIỄN THÔNG,Công Ty TNHH MTV  Huy Vũ
1946,muavao,1,24545.00,2024-12-31 17:00:00,TRUNG TÂM KINH DOANH VNPT - GIA LAI - CHI NHÁNH TỔNG CÔNG TY DỊCH VỤ VIỄN THÔNG,Công Ty  TNHH MTV Huy Vũ
1986,muavao,1,20000.00,2024-12-31 17:00:00,TRUNG TÂM KINH DOANH VNPT - GIA LAI - CHI NHÁNH TỔNG CÔNG TY DỊCH VỤ VIỄN THÔNG,Công Ty TNHH MTV Huy Vũ
2024,muavao,1,274000.00,2024-12-31 17:00:00,TRUNG TÂM KINH DOANH VNPT - GIA LAI - CHI NHÁNH TỔNG CÔNG TY DỊCH VỤ VIỄN THÔNG,Công Ty TNHH MTV Huy Vũ
31501,muavao,1,249636.00,2024-12-31 17:00:00,TRUNG TÂM KINH DOANH VNPT - GIA LAI - CHI NHÁNH TỔNG CÔNG TY DỊCH VỤ VIỄN THÔNG,Công Ty TNHH MTV Huy Vũ
73190,muavao,1,571692.00,2024-12-31 17:00:00,TRUNG TÂM KINH DOANH VNPT - GIA LAI - CHI NHÁNH TỔNG CÔNG TY DỊCH VỤ VIỄN THÔNG,Công Ty TNHH MTV Huy Vũ
73191,muavao,1,215928.00,2024-12-31 17:00:00,TRUNG TÂM KINH DOANH VNPT - GIA LAI - CHI NHÁNH TỔNG CÔNG TY DỊCH VỤ VIỄN THÔNG,Công Ty TNHH MTV Huy Vũ
73277,muavao,1,445321.00,2024-12-31 17:00:00,TRUNG TÂM KINH DOANH VNPT - GIA LAI - CHI NHÁNH TỔNG CÔNG TY DỊCH VỤ VIỄN THÔNG,Công Ty TNHH MTV Huy Vũ
5332,muavao,1,150000.00,2025-02-27 17:00:00,Ngân hàng Thương mại Cổ phần Đầu tư và Phát triển Việt Nam - Chi nhánh Gia Lai,CONG TY TNHH MTV HUY VU
10575,muavao,1,67500.00,2025-02-27 17:00:00,CÔNG TY CỔ PHẦN CÔNG NGHỆ VI MÔ,CÔNG TY TNHH MỘT THÀNH VIÊN HUY VŨ
27424,muavao,1,19000.00,2025-02-27 17:00:00,Ngân hàng TMCP Sài Gòn Thương Tín - Chi nhánh Gia Lai,CONG TY TNHH MTV HUY VU
27425,muavao,1,19000.00,2025-02-27 17:00:00,Ngân hàng TMCP Sài Gòn Thương Tín - Chi nhánh Gia Lai,CONG TY TNHH MTV HUY VU
27625,muavao,1,542466.00,2025-02-27 17:00:00,Ngân hàng TMCP Sài Gòn Thương Tín - Chi nhánh Gia Lai,CONG TY TNHH MTV HUY VU
29416,muavao,1,117273.00,2025-02-27 17:00:00,CÔNG TY TNHH TP-LINK TECHNOLOGIES VIỆT NAM,CÔNG TY TNHH MỘT THÀNH VIÊN HUY VŨ
26895,muavao,1,225000.00,2025-02-26 17:00:00,Ngân hàng TMCP Sài Gòn Thương Tín - Chi nhánh Gia Lai,CONG TY TNHH MTV HUY VU
100697,muavao,1,79500000.00,2025-02-26 17:00:00,CÔNG TY CỔ PHẦN THẾ GIỚI SỐ,CÔNG TY TNHH MTV HUY VŨ
799,muavao,1,21263636.00,2025-02-25 17:00:00,CÔNG TY CỔ PHẦN MÁY TÍNH VĨNH XUÂN - CHI NHÁNH ĐÀ NẴNG,CÔNG TY TNHH MỘT THÀNH VIÊN HUY VŨ
800,muavao,1,26172727.00,2025-02-25 17:00:00,CÔNG TY CỔ PHẦN MÁY TÍNH VĨNH XUÂN - CHI NHÁNH ĐÀ NẴNG,CÔNG TY TNHH MỘT THÀNH VIÊN HUY VŨ
8289513,muavao,1,37150.00,2025-02-20 17:00:00,NGÂN HÀNG TMCP Á CHÂU,CTY TNHH MTV HUY VU
1506,muavao,1,17299996.00,2025-02-25 17:00:00,CÔNG TY TNHH PHÂN PHỐI PHƯƠNG VIỆT,CÔNG TY TNHH MỘT THÀNH VIÊN HUY VŨ
25067,muavao,1,19000.00,2025-02-24 17:00:00,Ngân hàng TMCP Sài Gòn Thương Tín - Chi nhánh Gia Lai,CONG TY TNHH MTV HUY VU
23865,muavao,1,19000.00,2025-02-23 17:00:00,Ngân hàng TMCP Sài Gòn Thương Tín - Chi nhánh Gia Lai,CONG TY TNHH MTV HUY VU
960,muavao,1,14909091.00,2025-02-23 17:00:00,CÔNG TY CỔ PHẦN MÁY TÍNH VINH HIỂN LỘC TÀI,CÔNG TY TNHH MỘT THÀNH VIÊN HUY VŨ
2040,muavao,1,8263636.00,2025-02-23 17:00:00,CÔNG TY TNHH PHƯƠNG KHANG COMPUTER,CÔNG TY TNHH MỘT THÀNH VIÊN HUY VŨ
14,muavao,1,4436364.00,2025-02-22 17:00:00,CÔNG TY TNHH MỘT THÀNH VIÊN TIN HỌC QUỐC PHƯƠNG,CÔNG TY TNHH MỘT THÀNH VIÊN HUY VŨ
91598,muavao,1,153571818.00,2025-02-21 17:00:00,CÔNG TY CỔ PHẦN THẾ GIỚI SỐ,CÔNG TY TNHH MTV HUY VŨ
91599,muavao,1,114709092.00,2025-02-21 17:00:00,CÔNG TY CỔ PHẦN THẾ GIỚI SỐ,CÔNG TY TNHH MTV HUY VŨ
91961,muavao,1,17599998.00,2025-02-21 17:00:00,CÔNG TY CỔ PHẦN THẾ GIỚI SỐ,CÔNG TY TNHH MTV HUY VŨ
91973,muavao,1,97536136.00,2025-02-21 17:00:00,CÔNG TY CỔ PHẦN THẾ GIỚI SỐ,CÔNG TY TNHH MTV HUY VŨ
950,muavao,1,4272727.00,2025-02-21 17:00:00,CÔNG TY TNHH THẢO NHIÊN,CÔNG TY TNHH MỘT THÀNH VIÊN HUY VŨ
389,muavao,1,7074545.00,2025-02-21 17:00:00,CÔNG TY TNHH XÂY DỰNG THƯƠNG MẠI VÀ TƯ VẤN TRÍ VIỄN,CÔNG TY TNHH MỘT THÀNH VIÊN HUY VŨ
14243,muavao,1,86545455.00,2025-02-21 17:00:00,CÔNG TY CỔ PHẦN DỊCH VỤ PHÂN PHỐI TỔNG HỢP DẦU KHÍ,Công ty TNHH  Một Thành Viên Huy Vũ
1574,muavao,1,5090912.00,2025-02-21 17:00:00,Công Ty TNHH Công Nghệ Thông Tin An Phát,CÔNG TY TNHH MỘT THÀNH VIÊN HUY VŨ
5160,muavao,1,7454545.00,2025-02-20 17:00:00,CÔNG TY CỔ PHẦN MÁY TÍNH VĨNH XUÂN,CÔNG TY TNHH MỘT THÀNH VIÊN HUY VŨ
1467,muavao,1,5839091.00,2025-02-20 17:00:00,CHI NHÁNH CÔNG TY CỔ PHẦN KỸ THUẬT CÔNG NGHỆ NAM THÀNH,Công ty TNHH  Một Thành Viên Huy Vũ
290,muavao,1,5545455.00,2025-02-20 17:00:00,CÔNG TY TNHH MỘT THÀNH VIÊN DỊCH VỤ THƯƠNG MẠI MẠNH TÀI,CÔNG TY TNHH MỘT THÀNH VIÊN HUY VŨ
508,muavao,1,3700000.00,2025-02-20 17:00:00,CÔNG TY TNHH GIẢI PHÁP FINGERTAS,CÔNG TY TNHH MỘT THÀNH VIÊN HUY VŨ
4888,muavao,1,21272727.00,2025-02-19 17:00:00,CÔNG TY CỔ PHẦN MÁY TÍNH VĨNH XUÂN,CÔNG TY TNHH MỘT THÀNH VIÊN HUY VŨ
22384,muavao,1,19000.00,2025-02-19 17:00:00,Ngân hàng TMCP Sài Gòn Thương Tín - Chi nhánh Gia Lai,CONG TY TNHH MTV HUY VU
12342,muavao,1,96545454.00,2025-02-19 17:00:00,CÔNG TY CỔ PHẦN DỊCH VỤ PHÂN PHỐI TỔNG HỢP DẦU KHÍ,Công ty TNHH  Một Thành Viên Huy Vũ
1143,muavao,1,2954545.00,2025-02-19 17:00:00,Công ty TNHH Tin Học Kim Thiên Bảo,CÔNG TY TNHH MỘT THÀNH VIÊN HUY VŨ
1815,muavao,1,19454545.00,2025-02-19 17:00:00,CÔNG TY TNHH PHƯƠNG KHANG COMPUTER,CÔNG TY TNHH MỘT THÀNH VIÊN HUY VŨ
242,muavao,1,2945454.00,2025-02-19 17:00:00,CÔNG TY TNHH CÔNG NGHỆ ÂU LẠC,CÔNG TY TNHH MỘT THÀNH VIÊN HUY VŨ
34,muavao,1,6136364.00,2025-02-18 17:00:00,CÔNG TY TNHH ĐIỆN TỬ TIN HỌC KIM PHÁT,Công Ty Trách Nhiệm Hữu Hạn một thành viên Huy Vũ
4795,muavao,1,14272727.00,2025-02-17 17:00:00,CÔNG TY CỔ PHẦN MÁY TÍNH VĨNH XUÂN - CHI NHÁNH THÀNH PHỐ HỒ CHÍ MINH,CÔNG TY TNHH MỘT THÀNH VIÊN HUY VŨ
600,muavao,1,13818181.00,2025-02-17 17:00:00,CÔNG TY CỔ PHẦN MÁY TÍNH VĨNH XUÂN - CHI NHÁNH ĐÀ NẴNG,CÔNG TY TNHH MỘT THÀNH VIÊN HUY VŨ
614,muavao,1,1981818.00,2025-02-17 17:00:00,CÔNG TY CỔ PHẦN MÁY TÍNH VĨNH XUÂN - CHI NHÁNH ĐÀ NẴNG,CÔNG TY TNHH MỘT THÀNH VIÊN HUY VŨ
21489,muavao,1,29200.00,2025-02-17 17:00:00,Ngân hàng TMCP Sài Gòn Thương Tín - Chi nhánh Gia Lai,CONG TY TNHH MTV HUY VU
7962105,muavao,1,29091.00,2025-02-17 17:00:00,NGÂN HÀNG TMCP Á CHÂU,CTY TNHH MTV HUY VU
7962480,muavao,1,36364.00,2025-02-17 17:00:00,NGÂN HÀNG TMCP Á CHÂU,CTY TNHH MTV HUY VU
11086,muavao,1,26145454.00,2025-02-17 17:00:00,CÔNG TY CỔ PHẦN DỊCH VỤ PHÂN PHỐI TỔNG HỢP DẦU KHÍ,Công ty TNHH  Một Thành Viên Huy Vũ
69491505,muavao,1,318182.00,2025-04-01 17:00:00,Tập đoàn Công nghiệp - Viễn thông Quân đội,Công Ty Tnhh Huy Vũ
11088,muavao,1,165454546.00,2025-02-17 17:00:00,CÔNG TY CỔ PHẦN DỊCH VỤ PHÂN PHỐI TỔNG HỢP DẦU KHÍ,Công ty TNHH  Một Thành Viên Huy Vũ
11089,muavao,1,48100000.00,2025-02-17 17:00:00,CÔNG TY CỔ PHẦN DỊCH VỤ PHÂN PHỐI TỔNG HỢP DẦU KHÍ,Công ty TNHH  Một Thành Viên Huy Vũ
11323,muavao,1,26363636.00,2025-02-17 17:00:00,CÔNG TY CỔ PHẦN DỊCH VỤ PHÂN PHỐI TỔNG HỢP DẦU KHÍ,Công ty TNHH  Một Thành Viên Huy Vũ
1061,muavao,1,2781818.00,2025-02-17 17:00:00,Công ty TNHH Tin Học Kim Thiên Bảo,CÔNG TY TNHH MỘT THÀNH VIÊN HUY VŨ
33,muavao,1,10677273.00,2025-02-17 17:00:00,CÔNG TY TNHH ĐIỆN TỬ TIN HỌC KIM PHÁT,Công Ty Trách Nhiệm Hữu Hạn một thành viên Huy Vũ
20546,muavao,1,225000.00,2025-02-16 17:00:00,Ngân hàng TMCP Sài Gòn Thương Tín - Chi nhánh Gia Lai,CONG TY TNHH MTV HUY VU
20640,muavao,1,23000.00,2025-02-16 17:00:00,Ngân hàng TMCP Sài Gòn Thương Tín - Chi nhánh Gia Lai,CONG TY TNHH MTV HUY VU
948,muavao,1,29937.00,2025-02-16 17:00:00,Ngân hàng TMCP Sài Gòn Thương Tín - Chi nhánh Gia Lai,CONG TY TNHH MTV HUY VU
7784167,muavao,1,2439452.00,2025-02-16 17:00:00,NGÂN HÀNG TMCP Á CHÂU,CTY TNHH MTV HUY VU
1578,muavao,1,7727273.00,2025-02-16 17:00:00,CÔNG TY TNHH PHƯƠNG KHANG COMPUTER,CÔNG TY TNHH MỘT THÀNH VIÊN HUY VŨ
9766,muavao,1,1188000.00,2025-02-14 17:00:00,Công ty Cổ phần Mắt Bão,Công ty TNHH Một Thành Viên Huy Vũ
369,muavao,1,3545455.00,2025-02-13 17:00:00,Chi nhánh Công ty Cổ phần thương mại Tin học Hưng Long,CÔNG TY TNHH MỘT THÀNH VIÊN  HUY VŨ
20058,muavao,1,19200.00,2025-02-13 17:00:00,Ngân hàng TMCP Sài Gòn Thương Tín - Chi nhánh Gia Lai,CONG TY TNHH MTV HUY VU
7449876,muavao,1,4545.00,2025-02-13 17:00:00,NGÂN HÀNG TMCP Á CHÂU,CTY TNHH MTV HUY VU
7450160,muavao,1,59273.00,2025-02-13 17:00:00,NGÂN HÀNG TMCP Á CHÂU,CTY TNHH MTV HUY VU
9434,muavao,1,26218402.00,2025-02-13 17:00:00,CÔNG TY TNHH MỘT THÀNH VIÊN CÔNG NGHỆ TIN HỌC VIỄN SƠN,CÔNG TY TNHH MỘT THÀNH VIÊN HUY VŨ
9435,muavao,1,40824658.00,2025-02-13 17:00:00,CÔNG TY TNHH MỘT THÀNH VIÊN CÔNG NGHỆ TIN HỌC VIỄN SƠN,CÔNG TY TNHH MỘT THÀNH VIÊN HUY VŨ
8397,muavao,1,150000.00,2025-03-30 17:00:00,Ngân hàng Thương mại Cổ phần Đầu tư và Phát triển Việt Nam - Chi nhánh Gia Lai,CONG TY TNHH MTV HUY VU
1361,muavao,1,6727273.00,2025-02-12 17:00:00,CÔNG TY TNHH PHƯƠNG KHANG COMPUTER,CÔNG TY TNHH MỘT THÀNH VIÊN HUY VŨ
3778,muavao,1,3590909.00,2025-02-11 17:00:00,CÔNG TY CỔ PHẦN MÁY TÍNH VĨNH XUÂN - CHI NHÁNH THÀNH PHỐ HỒ CHÍ MINH,CÔNG TY TNHH MỘT THÀNH VIÊN HUY VŨ
3814,muavao,1,1718182.00,2025-02-11 17:00:00,CÔNG TY CỔ PHẦN MÁY TÍNH VĨNH XUÂN - CHI NHÁNH THÀNH PHỐ HỒ CHÍ MINH,CÔNG TY TNHH MỘT THÀNH VIÊN HUY VŨ
11288,muavao,1,25090909.00,2025-02-11 17:00:00,Công ty TNHH Phân phối Synnex FPT,Công ty TNHH MTV Huy Vũ
7238867,muavao,1,72329.00,2025-02-11 17:00:00,NGÂN HÀNG TMCP Á CHÂU,CTY TNHH MTV HUY VU
186,muavao,1,16727273.00,2025-02-11 17:00:00,CÔNG TY TNHH XUẤT NHẬP KHẨU LÊ TRẦN GIA,CÔNG TY TNHH MỘT THÀNH VIÊN HUY VŨ
465,muavao,1,1250000.00,2025-02-11 17:00:00,CÔNG TY TNHH VIỄN THÔNG HOÀN PHÁT,CÔNG TY TNHH MỘT THÀNH VIÊN HUY VŨ
216,muavao,1,15909091.00,2025-02-11 17:00:00,CÔNG TY CỔ PHẦN VPS MIỀN TRUNG,CÔNG TY TNHH MỘT THÀNH VIÊN HUY VŨ
98069,muavao,1,1500000.00,2025-02-10 17:00:00,Viettel Gia Lai- Chi nhánh Tập đoàn Công nghiệp - Viễn thông Quân đội,Công Ty Tnhh Một Thành Viên Huy Vũ
98071,muavao,1,1760000.00,2025-02-10 17:00:00,Viettel Gia Lai- Chi nhánh Tập đoàn Công nghiệp - Viễn thông Quân đội,CÔNG TY TNHH MỘT THÀNH VIÊN HUY VŨ
3663,muavao,1,3354546.00,2025-02-10 17:00:00,CÔNG TY CỔ PHẦN MÁY TÍNH VĨNH XUÂN - CHI NHÁNH THÀNH PHỐ HỒ CHÍ MINH,CÔNG TY TNHH MỘT THÀNH VIÊN HUY VŨ
334,muavao,1,7909091.00,2025-02-10 17:00:00,Chi nhánh Công ty Cổ phần thương mại Tin học Hưng Long,CÔNG TY TNHH MỘT THÀNH VIÊN  HUY VŨ
307,muavao,1,3231818.00,2025-02-10 17:00:00,CHI NHÁNH CÔNG TY TNHH CÔNG NGHỆ VÀ THƯƠNG MẠI Á MỸ,CÔNG TY TNHH MỘT THÀNH VIÊN HUY VŨ
76,muavao,1,10200000.00,2025-02-10 17:00:00,CÔNG TY CỔ PHẦN ĐẦU TƯ & THƯƠNG MẠI ĐẠI PHÁT,CÔNG TY TNHH MỘT THÀNH VIÊN HUY VŨ
17008,muavao,1,19800.00,2025-02-10 17:00:00,Ngân hàng TMCP Sài Gòn Thương Tín - Chi nhánh Gia Lai,CONG TY TNHH MTV HUY VU
7129481,muavao,1,109091.00,2025-02-10 17:00:00,NGÂN HÀNG TMCP Á CHÂU,CTY TNHH MTV HUY VU
42505,muavao,1,19000.00,2025-04-01 17:00:00,Ngân hàng TMCP Sài Gòn Thương Tín - Chi nhánh Gia Lai,CONG TY TNHH MTV HUY VU
13,muavao,1,4363636.00,2025-02-10 17:00:00,CÔNG TY TNHH FINTECS,CÔNG TY TNHH MỘT THÀNH VIÊN HUY VŨ
16034,muavao,1,19000.00,2025-02-09 17:00:00,Ngân hàng TMCP Sài Gòn Thương Tín - Chi nhánh Gia Lai,CONG TY TNHH MTV HUY VU
804,muavao,1,15000.00,2025-02-09 17:00:00,Ngân hàng TMCP Sài Gòn Thương Tín - Chi nhánh Gia Lai,CONG TY TNHH MTV HUY VU
806,muavao,1,40000.00,2025-02-09 17:00:00,Ngân hàng TMCP Sài Gòn Thương Tín - Chi nhánh Gia Lai,CONG TY TNHH MTV HUY VU
6895369,muavao,1,729400.00,2025-02-09 17:00:00,NGÂN HÀNG TMCP Á CHÂU,CTY TNHH MTV HUY VU
7043097,muavao,1,14013698.00,2025-02-09 17:00:00,NGÂN HÀNG TMCP Á CHÂU,CTY TNHH MTV HUY VU
7043100,muavao,1,4204109.00,2025-02-09 17:00:00,NGÂN HÀNG TMCP Á CHÂU,CTY TNHH MTV HUY VU
7043114,muavao,1,671970.00,2025-02-09 17:00:00,NGÂN HÀNG TMCP Á CHÂU,CTY TNHH MTV HUY VU
7043118,muavao,1,1121096.00,2025-02-09 17:00:00,NGÂN HÀNG TMCP Á CHÂU,CTY TNHH MTV HUY VU
7043185,muavao,1,2382329.00,2025-02-09 17:00:00,NGÂN HÀNG TMCP Á CHÂU,CTY TNHH MTV HUY VU
7043191,muavao,1,4437671.00,2025-02-09 17:00:00,NGÂN HÀNG TMCP Á CHÂU,CTY TNHH MTV HUY VU
7043222,muavao,1,3036301.00,2025-02-09 17:00:00,NGÂN HÀNG TMCP Á CHÂU,CTY TNHH MTV HUY VU
387,muavao,1,3113636.00,2025-02-09 17:00:00,CÔNG TY TNHH THƯƠNG MẠI DỊCH VỤ SẢN XUẤT XUẤT NHẬP KHẨU MỰC IN VIỆT NHẬT,CÔNG TY TNHH MỘT THÀNH VIÊN HUY VŨ
6783425,muavao,1,13636.00,2025-02-07 17:00:00,NGÂN HÀNG TMCP Á CHÂU,CTY TNHH MTV HUY VU
6783438,muavao,1,13636.00,2025-02-07 17:00:00,NGÂN HÀNG TMCP Á CHÂU,CTY TNHH MTV HUY VU
6783454,muavao,1,13636.00,2025-02-07 17:00:00,NGÂN HÀNG TMCP Á CHÂU,CTY TNHH MTV HUY VU
556,muavao,1,2000000.00,2025-02-06 17:00:00,CÔNG TY TNHH THẢO NHIÊN,CÔNG TY TNHH MỘT THÀNH VIÊN HUY VŨ
15306,muavao,1,1518182.00,2025-02-06 17:00:00,CÔNG TY TNHH TP-LINK TECHNOLOGIES VIỆT NAM,CÔNG TY TNHH MỘT THÀNH VIÊN HUY VŨ
20,muavao,1,12577274.00,2025-02-06 17:00:00,CÔNG TY TNHH ĐIỆN TỬ TIN HỌC KIM PHÁT,Công Ty Trách Nhiệm Hữu Hạn một thành viên Huy Vũ
104211,muavao,1,238182.00,2025-02-05 17:00:00,CÔNG TY DỊCH VỤ MOBIFONE KHU VỰC 7 - CHI NHÁNH TỔNG CÔNG TY VIỄN THÔNG MOBIFONE,Công ty TNHH MTV Huy Vũ
786,muavao,1,17310920.00,2025-02-05 17:00:00,CÔNG TY TNHH PHÂN PHỐI PHƯƠNG VIỆT,CÔNG TY TNHH MỘT THÀNH VIÊN HUY VŨ
811,muavao,1,15999599.00,2025-02-04 17:00:00,CHI NHÁNH CÔNG TY CỔ PHẦN KỸ THUẬT CÔNG NGHỆ NAM THÀNH,Công ty TNHH  Một Thành Viên Huy Vũ
506,muavao,1,4272727.00,2025-02-04 17:00:00,CÔNG TY TNHH THẢO NHIÊN,CÔNG TY TNHH MỘT THÀNH VIÊN HUY VŨ
142,muavao,1,8363636.00,2025-02-04 17:00:00,CÔNG TY TNHH XUẤT NHẬP KHẨU LÊ TRẦN GIA,CÔNG TY TNHH MỘT THÀNH VIÊN HUY VŨ
407,muavao,1,2762727.00,2025-02-04 17:00:00,CÔNG TY TNHH CÔNG NGHỆ DSS ĐÀ NẴNG,CÔNG TY TNHH MỘT THÀNH VIÊN HUY VŨ
2400,muavao,1,1054545.00,2025-02-03 17:00:00,CÔNG TY CỔ PHẦN MÁY TÍNH VĨNH XUÂN - CHI NHÁNH THÀNH PHỐ HỒ CHÍ MINH,CÔNG TY TNHH MỘT THÀNH VIÊN HUY VŨ
299,muavao,1,19988182.00,2025-02-03 17:00:00,CÔNG TY CỔ PHẦN MÁY TÍNH VĨNH XUÂN - CHI NHÁNH ĐÀ NẴNG,CÔNG TY TNHH MỘT THÀNH VIÊN HUY VŨ
306,muavao,1,14311818.00,2025-02-03 17:00:00,CÔNG TY CỔ PHẦN MÁY TÍNH VĨNH XUÂN - CHI NHÁNH ĐÀ NẴNG,CÔNG TY TNHH MỘT THÀNH VIÊN HUY VŨ
122,muavao,1,12545455.00,2025-02-02 17:00:00,CÔNG TY TNHH XUẤT NHẬP KHẨU LÊ TRẦN GIA,CÔNG TY TNHH MỘT THÀNH VIÊN HUY VŨ
21423819,muavao,1,318182.00,2025-02-01 17:00:00,Tập đoàn Công nghiệp - Viễn thông Quân đội,Công Ty Tnhh Huy Vũ
116746,muavao,1,249636.00,2025-01-31 17:00:00,TRUNG TÂM KINH DOANH VNPT - GIA LAI - CHI NHÁNH TỔNG CÔNG TY DỊCH VỤ VIỄN THÔNG,Công Ty TNHH MTV Huy Vũ
157220,muavao,1,402722.00,2025-01-31 17:00:00,TRUNG TÂM KINH DOANH VNPT - GIA LAI - CHI NHÁNH TỔNG CÔNG TY DỊCH VỤ VIỄN THÔNG,Công Ty TNHH MTV Huy Vũ
157221,muavao,1,201650.00,2025-01-31 17:00:00,TRUNG TÂM KINH DOANH VNPT - GIA LAI - CHI NHÁNH TỔNG CÔNG TY DỊCH VỤ VIỄN THÔNG,Công Ty TNHH MTV Huy Vũ
157307,muavao,1,393448.00,2025-01-31 17:00:00,TRUNG TÂM KINH DOANH VNPT - GIA LAI - CHI NHÁNH TỔNG CÔNG TY DỊCH VỤ VIỄN THÔNG,Công Ty TNHH MTV Huy Vũ
86823,muavao,1,233636.00,2025-01-31 17:00:00,TRUNG TÂM KINH DOANH VNPT - GIA LAI - CHI NHÁNH TỔNG CÔNG TY DỊCH VỤ VIỄN THÔNG,Cửa Hàng Máy Tình Trường Sơn
86970,muavao,1,22000.00,2025-01-31 17:00:00,TRUNG TÂM KINH DOANH VNPT - GIA LAI - CHI NHÁNH TỔNG CÔNG TY DỊCH VỤ VIỄN THÔNG,Công Ty TNHH MTV  Huy Vũ
86971,muavao,1,24545.00,2025-01-31 17:00:00,TRUNG TÂM KINH DOANH VNPT - GIA LAI - CHI NHÁNH TỔNG CÔNG TY DỊCH VỤ VIỄN THÔNG,Công Ty  TNHH MTV Huy Vũ
87011,muavao,1,20000.00,2025-01-31 17:00:00,TRUNG TÂM KINH DOANH VNPT - GIA LAI - CHI NHÁNH TỔNG CÔNG TY DỊCH VỤ VIỄN THÔNG,Công Ty TNHH MTV Huy Vũ
87049,muavao,1,274000.00,2025-01-31 17:00:00,TRUNG TÂM KINH DOANH VNPT - GIA LAI - CHI NHÁNH TỔNG CÔNG TY DỊCH VỤ VIỄN THÔNG,Công Ty TNHH MTV Huy Vũ
3046,muavao,1,23125455.00,2025-03-30 17:00:00,CHI NHÁNH CÔNG TY CỔ PHẦN KỸ THUẬT CÔNG NGHỆ NAM THÀNH,Công ty TNHH  Một Thành Viên Huy Vũ
55645514,muavao,1,37037.00,2025-03-30 17:00:00,CÔNG TY TNHH THU PHÍ TỰ ĐỘNG VETC,CÔNG TY TNHH MỘT THÀNH VIÊN HUY VŨ
41574,muavao,1,19000.00,2025-03-30 17:00:00,Ngân hàng TMCP Sài Gòn Thương Tín - Chi nhánh Gia Lai,CONG TY TNHH MTV HUY VU
41763,muavao,1,934247.00,2025-03-30 17:00:00,Ngân hàng TMCP Sài Gòn Thương Tín - Chi nhánh Gia Lai,CONG TY TNHH MTV HUY VU
2007,muavao,1,50000.00,2025-03-30 17:00:00,Ngân hàng TMCP Sài Gòn Thương Tín - Chi nhánh Gia Lai,CONG TY TNHH MTV HUY VU
13945979,muavao,1,14545.00,2025-03-30 17:00:00,NGÂN HÀNG TMCP Á CHÂU,CTY TNHH MTV HUY VU
13946689,muavao,1,4545.00,2025-03-30 17:00:00,NGÂN HÀNG TMCP Á CHÂU,CTY TNHH MTV HUY VU
13947038,muavao,1,4545.00,2025-03-30 17:00:00,NGÂN HÀNG TMCP Á CHÂU,CTY TNHH MTV HUY VU
13947327,muavao,1,4545.00,2025-03-30 17:00:00,NGÂN HÀNG TMCP Á CHÂU,CTY TNHH MTV HUY VU
372,muavao,1,1629630.00,2025-03-30 17:00:00,Công Ty TNHH Công Nghệ Và Thương Mại Mai Khanh,Công Ty TNHH Một Thành Viên Huy Vũ
27425,muavao,1,67272727.00,2025-03-30 17:00:00,CÔNG TY CỔ PHẦN DỊCH VỤ PHÂN PHỐI TỔNG HỢP DẦU KHÍ,Công ty TNHH  Một Thành Viên Huy Vũ
27785,muavao,1,116363636.00,2025-03-30 17:00:00,CÔNG TY CỔ PHẦN DỊCH VỤ PHÂN PHỐI TỔNG HỢP DẦU KHÍ,Công ty TNHH  Một Thành Viên Huy Vũ
70,muavao,1,50113636.00,2025-03-30 17:00:00,CÔNG TY TNHH ĐIỆN TỬ TIN HỌC KIM PHÁT,Công Ty Trách Nhiệm Hữu Hạn một thành viên Huy Vũ
1568,muavao,1,7281818.00,2025-03-30 17:00:00,CÔNG TY TNHH CÔNG NGHỆ DSS ĐÀ NẴNG,CÔNG TY TNHH MỘT THÀNH VIÊN HUY VŨ
16231,muavao,1,1615485.00,2025-03-29 17:00:00,CÔNG TY CỔ PHẦN CÔNG NGHỆ VI MÔ,CÔNG TY TNHH MỘT THÀNH VIÊN HUY VŨ
233,muavao,1,3080000.00,2025-03-28 17:00:00,CÔNG TY CỔ PHẦN PHÂN PHỐI ĐIỆN TỬ JVS,CÔNG TY TNHH MỘT THÀNH VIÊN HUY VŨ
320,muavao,1,31236364.00,2025-03-28 17:00:00,CÔNG TY TNHH ĐẦU TƯ PGP,CÔNG TY TNHH MTV HUY VŨ
356,muavao,1,275926.00,2025-03-27 17:00:00,Công Ty TNHH Công Nghệ Và Thương Mại Mai Khanh,Công Ty TNHH Một Thành Viên Huy Vũ
357,muavao,1,3250000.00,2025-03-27 17:00:00,Công Ty TNHH Công Nghệ Và Thương Mại Mai Khanh,Công Ty TNHH Một Thành Viên Huy Vũ
26549,muavao,1,25454545.00,2025-03-27 17:00:00,CÔNG TY CỔ PHẦN DỊCH VỤ PHÂN PHỐI TỔNG HỢP DẦU KHÍ,Công ty TNHH  Một Thành Viên Huy Vũ
2778,muavao,1,14200000.00,2025-03-26 17:00:00,CHI NHÁNH CÔNG TY CỔ PHẦN KỸ THUẬT CÔNG NGHỆ NAM THÀNH,Công ty TNHH  Một Thành Viên Huy Vũ
39540,muavao,1,225000.00,2025-03-26 17:00:00,Ngân hàng TMCP Sài Gòn Thương Tín - Chi nhánh Gia Lai,CONG TY TNHH MTV HUY VU
39593,muavao,1,40000.00,2025-03-26 17:00:00,Ngân hàng TMCP Sài Gòn Thương Tín - Chi nhánh Gia Lai,CONG TY TNHH MTV HUY VU
25668,muavao,1,30136363.00,2025-03-26 17:00:00,CÔNG TY CỔ PHẦN DỊCH VỤ PHÂN PHỐI TỔNG HỢP DẦU KHÍ,Công ty TNHH  Một Thành Viên Huy Vũ
13444065,muavao,1,36364.00,2025-03-25 17:00:00,NGÂN HÀNG TMCP Á CHÂU,CTY TNHH MTV HUY VU
13444259,muavao,1,4545.00,2025-03-25 17:00:00,NGÂN HÀNG TMCP Á CHÂU,CTY TNHH MTV HUY VU
145913,muavao,1,709090.00,2025-03-25 17:00:00,CÔNG TY CỔ PHẦN THẾ GIỚI SỐ,CÔNG TY TNHH MTV HUY VŨ
24617,muavao,1,6681818.00,2025-03-25 17:00:00,CÔNG TY CỔ PHẦN DỊCH VỤ PHÂN PHỐI TỔNG HỢP DẦU KHÍ,Công ty TNHH  Một Thành Viên Huy Vũ
1299,muavao,1,28545455.00,2025-03-24 17:00:00,CÔNG TY CỔ PHẦN MÁY TÍNH VĨNH XUÂN - CHI NHÁNH ĐÀ NẴNG,CÔNG TY TNHH MỘT THÀNH VIÊN HUY VŨ
24107,muavao,1,35454545.00,2025-03-24 17:00:00,CÔNG TY CỔ PHẦN DỊCH VỤ PHÂN PHỐI TỔNG HỢP DẦU KHÍ,Công ty TNHH  Một Thành Viên Huy Vũ
24285,muavao,1,38181818.00,2025-03-24 17:00:00,CÔNG TY CỔ PHẦN DỊCH VỤ PHÂN PHỐI TỔNG HỢP DẦU KHÍ,Công ty TNHH  Một Thành Viên Huy Vũ
37474,muavao,1,32800.00,2025-03-23 17:00:00,Ngân hàng TMCP Sài Gòn Thương Tín - Chi nhánh Gia Lai,CONG TY TNHH MTV HUY VU
24068,muavao,1,40863636.00,2025-03-23 17:00:00,CÔNG TY CỔ PHẦN DỊCH VỤ PHÂN PHỐI TỔNG HỢP DẦU KHÍ,Công ty TNHH  Một Thành Viên Huy Vũ
24069,muavao,1,40863636.00,2025-03-23 17:00:00,CÔNG TY CỔ PHẦN DỊCH VỤ PHÂN PHỐI TỔNG HỢP DẦU KHÍ,Công ty TNHH  Một Thành Viên Huy Vũ
42506,muavao,1,19000.00,2025-04-01 17:00:00,Ngân hàng TMCP Sài Gòn Thương Tín - Chi nhánh Gia Lai,CONG TY TNHH MTV HUY VU
514,muavao,1,13072728.00,2025-03-23 17:00:00,CÔNG TY TNHH XUẤT NHẬP KHẨU LÊ TRẦN GIA,CÔNG TY TNHH MỘT THÀNH VIÊN HUY VŨ
540,muavao,1,16000000.00,2025-03-23 17:00:00,CÔNG TY CỔ PHẦN VPS MIỀN TRUNG,CÔNG TY TNHH MỘT THÀNH VIÊN HUY VŨ
23540,muavao,1,79318182.00,2025-03-21 17:00:00,CÔNG TY CỔ PHẦN DỊCH VỤ PHÂN PHỐI TỔNG HỢP DẦU KHÍ,Công ty TNHH  Một Thành Viên Huy Vũ
81917,muavao,1,454545.00,2025-03-21 17:00:00,CÔNG TY TNHH MTV XĂNG DẦU BẮC TÂY NGUYÊN,CÔNG TY TNHH MỘT THÀNH VIÊN HUY VŨ
12666633,muavao,1,4545.00,2025-03-20 17:00:00,NGÂN HÀNG TMCP Á CHÂU,CTY TNHH MTV HUY VU
12668388,muavao,1,22727.00,2025-03-20 17:00:00,NGÂN HÀNG TMCP Á CHÂU,CTY TNHH MTV HUY VU
594,muavao,1,12854545.00,2025-03-20 17:00:00,CÔNG TY CỔ PHẦN RIOTECH,CÔNG TY TNHH MỘT THÀNH VIÊN HUY VŨ
64,muavao,1,12636364.00,2025-03-20 17:00:00,CÔNG TY TNHH ĐIỆN TỬ TIN HỌC KIM PHÁT,Công Ty Trách Nhiệm Hữu Hạn một thành viên Huy Vũ
26667,muavao,1,1377272.00,2025-03-19 17:00:00,Công ty TNHH Phân phối Synnex FPT,Công ty TNHH MTV Huy Vũ
26669,muavao,1,11195450.00,2025-03-19 17:00:00,Công ty TNHH Phân phối Synnex FPT,Công ty TNHH MTV Huy Vũ
36387,muavao,1,23000.00,2025-03-19 17:00:00,Ngân hàng TMCP Sài Gòn Thương Tín - Chi nhánh Gia Lai,CONG TY TNHH MTV HUY VU
12428580,muavao,1,14545.00,2025-03-18 17:00:00,NGÂN HÀNG TMCP Á CHÂU,CTY TNHH MTV HUY VU
12428947,muavao,1,4545.00,2025-03-18 17:00:00,NGÂN HÀNG TMCP Á CHÂU,CTY TNHH MTV HUY VU
22540,muavao,1,24000000.00,2025-03-18 17:00:00,CÔNG TY CỔ PHẦN DỊCH VỤ PHÂN PHỐI TỔNG HỢP DẦU KHÍ,Công ty TNHH  Một Thành Viên Huy Vũ
26,muavao,1,220000.00,2025-03-18 17:00:00,CÔNG TY TNHH MỘT THÀNH VIÊN T.K TECHNOLOGY GIA LAI,CÔNG TY TNHH MỘT THÀNH VIÊN HUY VŨ
631,muavao,1,5090909.00,2025-03-17 17:00:00,CHI NHÁNH CÔNG TY TNHH CÔNG NGHỆ VÀ THƯƠNG MẠI Á MỸ,CÔNG TY TNHH MỘT THÀNH VIÊN HUY VŨ
34373,muavao,1,0.00,2025-03-17 17:00:00,Chi nhánh Công ty TNHH phân phối Synnex FPT,Công ty TNHH MTV Huy Vũ
22071,muavao,1,33681818.00,2025-03-17 17:00:00,CÔNG TY CỔ PHẦN DỊCH VỤ PHÂN PHỐI TỔNG HỢP DẦU KHÍ,Công ty TNHH  Một Thành Viên Huy Vũ
22098,muavao,1,38181818.00,2025-03-17 17:00:00,CÔNG TY CỔ PHẦN DỊCH VỤ PHÂN PHỐI TỔNG HỢP DẦU KHÍ,Công ty TNHH  Một Thành Viên Huy Vũ
882,muavao,1,5418181.00,2025-03-17 17:00:00,CÔNG TY TNHH THƯƠNG MẠI DỊCH VỤ SẢN XUẤT XUẤT NHẬP KHẨU MỰC IN VIỆT NHẬT,CÔNG TY TNHH MỘT THÀNH VIÊN HUY VŨ
3378,muavao,1,6072727.00,2025-03-17 17:00:00,CÔNG TY TNHH PHƯƠNG KHANG COMPUTER,CÔNG TY TNHH MỘT THÀNH VIÊN HUY VŨ
3387,muavao,1,31372726.00,2025-03-17 17:00:00,CÔNG TY TNHH PHƯƠNG KHANG COMPUTER,CÔNG TY TNHH MỘT THÀNH VIÊN HUY VŨ
59,muavao,1,13631816.00,2025-03-17 17:00:00,CÔNG TY TNHH ĐIỆN TỬ TIN HỌC KIM PHÁT,Công Ty Trách Nhiệm Hữu Hạn một thành viên Huy Vũ
34344,muavao,1,60000.00,2025-03-16 17:00:00,Ngân hàng TMCP Sài Gòn Thương Tín - Chi nhánh Gia Lai,CONG TY TNHH MTV HUY VU
1138,muavao,1,6572727.00,2025-03-16 17:00:00,CÔNG TY CỔ PHẦN ĐẦU TƯ PHÁT TRIỂN CÔNG NGHỆ ROBO,CÔNG TY TNHH MỘT THÀNH VIÊN HUY VŨ
2456,muavao,1,5018184.00,2025-03-16 17:00:00,Công Ty TNHH Công Nghệ Thông Tin An Phát,CÔNG TY TNHH MỘT THÀNH VIÊN HUY VŨ
2129,muavao,1,15513641.00,2025-03-16 17:00:00,CÔNG TY TNHH PHÂN PHỐI PHƯƠNG VIỆT,CÔNG TY TNHH MỘT THÀNH VIÊN HUY VŨ
871,muavao,1,5909091.00,2025-03-14 17:00:00,Chi nhánh Công ty Cổ phần thương mại Tin học Hưng Long,CÔNG TY TNHH MỘT THÀNH VIÊN  HUY VŨ
872,muavao,1,19768519.00,2025-03-14 17:00:00,Chi nhánh Công ty Cổ phần thương mại Tin học Hưng Long,CÔNG TY TNHH MỘT THÀNH VIÊN  HUY VŨ
258,muavao,1,5463636.00,2025-03-14 17:00:00,CÔNG TY TNHH ĐẦU TƯ PGP,CÔNG TY TNHH MỘT THÀNH VIÊN HUY VŨ
11779891,muavao,1,18182.00,2025-03-13 17:00:00,NGÂN HÀNG TMCP Á CHÂU,CTY TNHH MTV HUY VU
11780329,muavao,1,4545.00,2025-03-13 17:00:00,NGÂN HÀNG TMCP Á CHÂU,CTY TNHH MTV HUY VU
494,muavao,1,5383636.00,2025-03-13 17:00:00,CÔNG TY TNHH XÂY DỰNG THƯƠNG MẠI VÀ TƯ VẤN TRÍ VIỄN,CÔNG TY TNHH MỘT THÀNH VIÊN HUY VŨ
245,muavao,1,12790909.00,2025-03-13 17:00:00,CÔNG TY TNHH ĐẦU TƯ PGP,CÔNG TY TNHH MỘT THÀNH VIÊN HUY VŨ
24,muavao,1,254546.00,2025-03-13 17:00:00,CÔNG TY TNHH MỘT THÀNH VIÊN T.K TECHNOLOGY GIA LAI,CÔNG TY TNHH MỘT THÀNH VIÊN HUY VŨ
317,muavao,1,9382709.00,2025-03-12 17:00:00,CHI NHÁNH CÔNG TY TNHH ĐIỆN TỬ CÔNG NGHỆ TƯỜNG AN - T.A.K.O TẠI THÀNH PHỐ HỒ CHÍ MINH,CÔNG TY TNHH MỘT THÀNH VIÊN HUY VŨ
32750,muavao,1,31600.00,2025-03-12 17:00:00,Ngân hàng TMCP Sài Gòn Thương Tín - Chi nhánh Gia Lai,CONG TY TNHH MTV HUY VU
56,muavao,1,2037037.00,2025-03-12 17:00:00,CÔNG TY TNHH ĐIỆN TỬ TIN HỌC KIM PHÁT,Công Ty Trách Nhiệm Hữu Hạn một thành viên Huy Vũ
9230,muavao,1,26172727.00,2025-03-11 17:00:00,CÔNG TY CỔ PHẦN MÁY TÍNH VĨNH XUÂN - CHI NHÁNH THÀNH PHỐ HỒ CHÍ MINH,CÔNG TY TNHH MỘT THÀNH VIÊN HUY VŨ
32427,muavao,1,19000.00,2025-03-11 17:00:00,Ngân hàng TMCP Sài Gòn Thương Tín - Chi nhánh Gia Lai,CONG TY TNHH MTV HUY VU
11543117,muavao,1,36364.00,2025-03-11 17:00:00,NGÂN HÀNG TMCP Á CHÂU,CTY TNHH MTV HUY VU
11543202,muavao,1,4545.00,2025-03-11 17:00:00,NGÂN HÀNG TMCP Á CHÂU,CTY TNHH MTV HUY VU
1374,muavao,1,6090909.00,2025-03-10 17:00:00,CÔNG TY TNHH THẢO NHIÊN,CÔNG TY TNHH MỘT THÀNH VIÊN HUY VŨ
1709,muavao,1,6900000.00,2025-03-10 17:00:00,Công ty TNHH Tin Học Kim Thiên Bảo,CÔNG TY TNHH MỘT THÀNH VIÊN HUY VŨ
318,muavao,1,2860000.00,2025-03-10 17:00:00,CÔNG TY TNHH THƯƠNG MẠI VÀ PHÁT TRIỂN CÔNG NGHỆ ĐỨC PHÁP,CÔNG TY TNHH MỘT THÀNH VIÊN HUY VŨ
982,muavao,1,8254546.00,2025-03-10 17:00:00,CÔNG TY TNHH CÔNG NGHỆ DSS ĐÀ NẴNG,CÔNG TY TNHH MỘT THÀNH VIÊN HUY VŨ
23,muavao,1,2181818.00,2025-03-10 17:00:00,CÔNG TY TNHH FINTECS,CÔNG TY TNHH MỘT THÀNH VIÊN HUY VŨ
8212,muavao,1,6272727.00,2025-03-09 17:00:00,CÔNG TY CỔ PHẦN MÁY TÍNH VĨNH XUÂN,CÔNG TY TNHH MỘT THÀNH VIÊN HUY VŨ
8213,muavao,1,3490909.00,2025-03-09 17:00:00,CÔNG TY CỔ PHẦN MÁY TÍNH VĨNH XUÂN,CÔNG TY TNHH MỘT THÀNH VIÊN HUY VŨ
14520,muavao,1,100000.00,2025-05-30 17:00:00,Ngân hàng Thương mại Cổ phần Đầu tư và Phát triển Việt Nam - Chi nhánh Gia Lai,CONG TY TNHH MTV HUY VU
1044,muavao,1,9800000.00,2025-03-09 17:00:00,CÔNG TY CỔ PHẦN MÁY TÍNH VĨNH XUÂN - CHI NHÁNH ĐÀ NẴNG,CÔNG TY TNHH MỘT THÀNH VIÊN HUY VŨ
1045,muavao,1,15596363.00,2025-03-09 17:00:00,CÔNG TY CỔ PHẦN MÁY TÍNH VĨNH XUÂN - CHI NHÁNH ĐÀ NẴNG,CÔNG TY TNHH MỘT THÀNH VIÊN HUY VŨ
1268,muavao,1,13306373.00,2025-03-09 17:00:00,CÔNG TY TNHH THƯƠNG MẠI DỊCH VỤ QUỐC VIỆT,Công Ty TNHH Một Thành Viên Huy Vũ
31311,muavao,1,19000.00,2025-03-09 17:00:00,Ngân hàng TMCP Sài Gòn Thương Tín - Chi nhánh Gia Lai,CONG TY TNHH MTV HUY VU
11222349,muavao,1,13425.00,2025-03-09 17:00:00,NGÂN HÀNG TMCP Á CHÂU,CTY TNHH MTV HUY VU
11345248,muavao,1,22545.00,2025-03-09 17:00:00,NGÂN HÀNG TMCP Á CHÂU,CTY TNHH MTV HUY VU
11345255,muavao,1,22545.00,2025-03-09 17:00:00,NGÂN HÀNG TMCP Á CHÂU,CTY TNHH MTV HUY VU
11345266,muavao,1,22545.00,2025-03-09 17:00:00,NGÂN HÀNG TMCP Á CHÂU,CTY TNHH MTV HUY VU
11355309,muavao,1,1265753.00,2025-03-09 17:00:00,NGÂN HÀNG TMCP Á CHÂU,CTY TNHH MTV HUY VU
11357344,muavao,1,4008219.00,2025-03-09 17:00:00,NGÂN HÀNG TMCP Á CHÂU,CTY TNHH MTV HUY VU
11357351,muavao,1,226027.00,2025-03-09 17:00:00,NGÂN HÀNG TMCP Á CHÂU,CTY TNHH MTV HUY VU
11357357,muavao,1,11037126.00,2025-03-09 17:00:00,NGÂN HÀNG TMCP Á CHÂU,CTY TNHH MTV HUY VU
11357359,muavao,1,2138356.00,2025-03-09 17:00:00,NGÂN HÀNG TMCP Á CHÂU,CTY TNHH MTV HUY VU
11357465,muavao,1,770301.00,2025-03-09 17:00:00,NGÂN HÀNG TMCP Á CHÂU,CTY TNHH MTV HUY VU
11357467,muavao,1,985479.00,2025-03-09 17:00:00,NGÂN HÀNG TMCP Á CHÂU,CTY TNHH MTV HUY VU
11357471,muavao,1,2742466.00,2025-03-09 17:00:00,NGÂN HÀNG TMCP Á CHÂU,CTY TNHH MTV HUY VU
11357526,muavao,1,3797260.00,2025-03-09 17:00:00,NGÂN HÀNG TMCP Á CHÂU,CTY TNHH MTV HUY VU
11357541,muavao,1,542466.00,2025-03-09 17:00:00,NGÂN HÀNG TMCP Á CHÂU,CTY TNHH MTV HUY VU
11357550,muavao,1,389790.00,2025-03-09 17:00:00,NGÂN HÀNG TMCP Á CHÂU,CTY TNHH MTV HUY VU
18809,muavao,1,18909091.00,2025-03-09 17:00:00,CÔNG TY CỔ PHẦN DỊCH VỤ PHÂN PHỐI TỔNG HỢP DẦU KHÍ,Công ty TNHH  Một Thành Viên Huy Vũ
760,muavao,1,6949092.00,2025-03-09 17:00:00,CÔNG TY TNHH THƯƠNG MẠI DỊCH VỤ SẢN XUẤT XUẤT NHẬP KHẨU MỰC IN VIỆT NHẬT,CÔNG TY TNHH MỘT THÀNH VIÊN HUY VŨ
21,muavao,1,2181818.00,2025-03-09 17:00:00,CÔNG TY TNHH FINTECS,CÔNG TY TNHH MỘT THÀNH VIÊN HUY VŨ
6013,muavao,1,4327273.00,2025-03-07 17:00:00,Công Ty TNHH Một Thành Viên Bảo Vinh,CÔNG TY TNHH MTV HUY VŨ
20,muavao,1,427273.00,2025-03-07 17:00:00,CÔNG TY TNHH MỘT THÀNH VIÊN T.K TECHNOLOGY GIA LAI,CÔNG TY TNHH MỘT THÀNH VIÊN HUY VŨ
10062513,muavao,1,27105.00,2025-03-06 17:00:00,NGÂN HÀNG TMCP Á CHÂU,CTY TNHH MTV HUY VU
10068334,muavao,1,14545.00,2025-03-06 17:00:00,NGÂN HÀNG TMCP Á CHÂU,CTY TNHH MTV HUY VU
10068808,muavao,1,4545.00,2025-03-06 17:00:00,NGÂN HÀNG TMCP Á CHÂU,CTY TNHH MTV HUY VU
18602,muavao,1,102545455.00,2025-03-06 17:00:00,CÔNG TY CỔ PHẦN DỊCH VỤ PHÂN PHỐI TỔNG HỢP DẦU KHÍ,Công ty TNHH  Một Thành Viên Huy Vũ
223293,muavao,1,231818.00,2025-03-05 17:00:00,CÔNG TY DỊCH VỤ MOBIFONE KHU VỰC 7 - CHI NHÁNH TỔNG CÔNG TY VIỄN THÔNG MOBIFONE,Công ty TNHH MTV Huy Vũ
5831,muavao,1,1690909.00,2025-03-05 17:00:00,Công Ty TNHH Một Thành Viên Bảo Vinh,CÔNG TY TNHH MTV HUY VŨ
346,muavao,1,9363636.00,2025-03-05 17:00:00,CÔNG TY TNHH XUẤT NHẬP KHẨU LÊ TRẦN GIA,CÔNG TY TNHH MỘT THÀNH VIÊN HUY VŨ
1211,muavao,1,3963636.00,2025-03-04 17:00:00,CÔNG TY TNHH THẢO NHIÊN,CÔNG TY TNHH MỘT THÀNH VIÊN HUY VŨ
5556,muavao,1,21545455.00,2025-03-04 17:00:00,Công Ty TNHH Một Thành Viên Bảo Vinh,CÔNG TY TNHH MTV HUY VŨ
5560,muavao,1,4327273.00,2025-03-04 17:00:00,Công Ty TNHH Một Thành Viên Bảo Vinh,CÔNG TY TNHH MTV HUY VŨ
28719,muavao,1,20000.00,2025-03-03 17:00:00,Ngân hàng TMCP Sài Gòn Thương Tín - Chi nhánh Gia Lai,CONG TY TNHH MTV HUY VU
28753,muavao,1,31135454.00,2025-03-03 17:00:00,Ngân hàng TMCP Sài Gòn Thương Tín - Chi nhánh Gia Lai,CONG TY TNHH MTV HUY VU
9709978,muavao,1,36364.00,2025-03-03 17:00:00,NGÂN HÀNG TMCP Á CHÂU,CTY TNHH MTV HUY VU
9710241,muavao,1,36364.00,2025-03-03 17:00:00,NGÂN HÀNG TMCP Á CHÂU,CTY TNHH MTV HUY VU
9710693,muavao,1,4545.00,2025-03-03 17:00:00,NGÂN HÀNG TMCP Á CHÂU,CTY TNHH MTV HUY VU
28188,muavao,1,19000.00,2025-03-02 17:00:00,Ngân hàng TMCP Sài Gòn Thương Tín - Chi nhánh Gia Lai,CONG TY TNHH MTV HUY VU
1594,muavao,1,6395453.00,2025-03-02 17:00:00,CÔNG TY TNHH PHÂN PHỐI PHƯƠNG VIỆT,CÔNG TY TNHH MỘT THÀNH VIÊN HUY VŨ
2928,muavao,1,10000000.00,2025-05-18 17:00:00,Ngân hàng TMCP Sài Gòn Thương Tín - Chi nhánh Gia Lai,CONG TY TNHH MTV HUY VU
1597,muavao,1,4231822.00,2025-03-02 17:00:00,CÔNG TY TNHH PHÂN PHỐI PHƯƠNG VIỆT,CÔNG TY TNHH MỘT THÀNH VIÊN HUY VŨ
2445,muavao,1,5727273.00,2025-03-02 17:00:00,CÔNG TY TNHH PHƯƠNG KHANG COMPUTER,CÔNG TY TNHH MỘT THÀNH VIÊN HUY VŨ
238,muavao,1,14159091.00,2025-03-02 17:00:00,CHI NHÁNH CÔNG TY CỔ PHẦN HUETRONICS (TỈNH THỪA THIÊN HUẾ),CÔNG TY TNHH MỘT THÀNH VIÊN HUY VŨ
39762979,muavao,1,318182.00,2025-03-01 17:00:00,Tập đoàn Công nghiệp - Viễn thông Quân đội,Công Ty Tnhh Huy Vũ
45,muavao,1,10527273.00,2025-03-01 17:00:00,CÔNG TY TNHH ĐIỆN TỬ TIN HỌC KIM PHÁT,Công Ty Trách Nhiệm Hữu Hạn một thành viên Huy Vũ
168130,muavao,1,233636.00,2025-02-28 17:00:00,TRUNG TÂM KINH DOANH VNPT - GIA LAI - CHI NHÁNH TỔNG CÔNG TY DỊCH VỤ VIỄN THÔNG,Cửa Hàng Máy Tình Trường Sơn
168276,muavao,1,22400.00,2025-02-28 17:00:00,TRUNG TÂM KINH DOANH VNPT - GIA LAI - CHI NHÁNH TỔNG CÔNG TY DỊCH VỤ VIỄN THÔNG,Công Ty TNHH MTV  Huy Vũ
168277,muavao,1,24545.00,2025-02-28 17:00:00,TRUNG TÂM KINH DOANH VNPT - GIA LAI - CHI NHÁNH TỔNG CÔNG TY DỊCH VỤ VIỄN THÔNG,Công Ty  TNHH MTV Huy Vũ
168315,muavao,1,20000.00,2025-02-28 17:00:00,TRUNG TÂM KINH DOANH VNPT - GIA LAI - CHI NHÁNH TỔNG CÔNG TY DỊCH VỤ VIỄN THÔNG,Công Ty TNHH MTV Huy Vũ
168353,muavao,1,274000.00,2025-02-28 17:00:00,TRUNG TÂM KINH DOANH VNPT - GIA LAI - CHI NHÁNH TỔNG CÔNG TY DỊCH VỤ VIỄN THÔNG,Công Ty TNHH MTV Huy Vũ
197968,muavao,1,249636.00,2025-02-28 17:00:00,TRUNG TÂM KINH DOANH VNPT - GIA LAI - CHI NHÁNH TỔNG CÔNG TY DỊCH VỤ VIỄN THÔNG,Công Ty TNHH MTV Huy Vũ
237369,muavao,1,445344.00,2025-02-28 17:00:00,TRUNG TÂM KINH DOANH VNPT - GIA LAI - CHI NHÁNH TỔNG CÔNG TY DỊCH VỤ VIỄN THÔNG,Công Ty TNHH MTV Huy Vũ
237370,muavao,1,202742.00,2025-02-28 17:00:00,TRUNG TÂM KINH DOANH VNPT - GIA LAI - CHI NHÁNH TỔNG CÔNG TY DỊCH VỤ VIỄN THÔNG,Công Ty TNHH MTV Huy Vũ
237455,muavao,1,439710.00,2025-02-28 17:00:00,TRUNG TÂM KINH DOANH VNPT - GIA LAI - CHI NHÁNH TỔNG CÔNG TY DỊCH VỤ VIỄN THÔNG,Công Ty TNHH MTV Huy Vũ
73800618,muavao,1,148148.00,2025-04-29 17:00:00,CÔNG TY TNHH THU PHÍ TỰ ĐỘNG VETC,CÔNG TY TNHH MỘT THÀNH VIÊN HUY VŨ
53721,muavao,1,225000.00,2025-04-28 17:00:00,Ngân hàng TMCP Sài Gòn Thương Tín - Chi nhánh Gia Lai,CONG TY TNHH MTV HUY VU
54860,muavao,1,40000.00,2025-04-28 17:00:00,Ngân hàng TMCP Sài Gòn Thương Tín - Chi nhánh Gia Lai,CONG TY TNHH MTV HUY VU
18414545,muavao,1,112682.00,2025-04-28 17:00:00,NGÂN HÀNG TMCP Á CHÂU,CTY TNHH MTV HUY VU
18416446,muavao,1,36364.00,2025-04-28 17:00:00,NGÂN HÀNG TMCP Á CHÂU,CTY TNHH MTV HUY VU
220890,muavao,1,65004545.00,2025-04-28 17:00:00,CÔNG TY CỔ PHẦN THẾ GIỚI SỐ,CÔNG TY TNHH MTV HUY VŨ
33926,muavao,1,5872727.00,2025-04-28 17:00:00,CÔNG TY TNHH MỘT THÀNH VIÊN CÔNG NGHỆ TIN HỌC VIỄN SƠN,CÔNG TY TNHH MỘT THÀNH VIÊN HUY VŨ
18210902,muavao,1,939435.00,2025-04-27 17:00:00,NGÂN HÀNG TMCP Á CHÂU,CTY TNHH MTV HUY VU
33055,muavao,1,59863636.00,2025-04-27 17:00:00,CÔNG TY TNHH MỘT THÀNH VIÊN CÔNG NGHỆ TIN HỌC VIỄN SƠN,CÔNG TY TNHH MỘT THÀNH VIÊN HUY VŨ
11632,muavao,1,4772727.00,2025-04-27 17:00:00,Công Ty TNHH Một Thành Viên Bảo Vinh,CÔNG TY TNHH MTV HUY VŨ
1325,muavao,1,5160000.00,2025-04-27 17:00:00,CÔNG TY TNHH THƯƠNG MẠI DỊCH VỤ SẢN XUẤT XUẤT NHẬP KHẨU MỰC IN VIỆT NHẬT,CÔNG TY TNHH MỘT THÀNH VIÊN HUY VŨ
52681,muavao,1,23000.00,2025-04-25 17:00:00,Ngân hàng TMCP Sài Gòn Thương Tín - Chi nhánh Gia Lai,CONG TY TNHH MTV HUY VU
470,muavao,1,2181818.00,2025-04-25 17:00:00,CÔNG TY TNHH ĐẦU TƯ PGP,CÔNG TY TNHH MỘT THÀNH VIÊN HUY VŨ
52019,muavao,1,23000.00,2025-04-24 17:00:00,Ngân hàng TMCP Sài Gòn Thương Tín - Chi nhánh Gia Lai,CONG TY TNHH MTV HUY VU
34307,muavao,1,53545455.00,2025-04-24 17:00:00,CÔNG TY CỔ PHẦN DỊCH VỤ PHÂN PHỐI TỔNG HỢP DẦU KHÍ,Công ty TNHH  Một Thành Viên Huy Vũ
466,muavao,1,6054545.00,2025-04-24 17:00:00,CÔNG TY TNHH ĐẦU TƯ PGP,CÔNG TY TNHH MỘT THÀNH VIÊN HUY VŨ
42669,muavao,1,41636363.00,2025-04-22 17:00:00,Công ty TNHH Phân phối Synnex FPT,Công ty TNHH MTV Huy Vũ
42670,muavao,1,30818182.00,2025-04-22 17:00:00,Công ty TNHH Phân phối Synnex FPT,Công ty TNHH MTV Huy Vũ
3712,muavao,1,4122727.00,2025-04-22 17:00:00,CHI NHÁNH CÔNG TY CỔ PHẦN KỸ THUẬT CÔNG NGHỆ NAM THÀNH,Công ty TNHH  Một Thành Viên Huy Vũ
17505900,muavao,1,4545.00,2025-04-22 17:00:00,NGÂN HÀNG TMCP Á CHÂU,CTY TNHH MTV HUY VU
107,muavao,1,29545455.00,2025-04-22 17:00:00,CÔNG TY TNHH ĐIỆN TỬ TIN HỌC KIM PHÁT,Công Ty Trách Nhiệm Hữu Hạn một thành viên Huy Vũ
13,muavao,1,12000000.00,2025-04-22 17:00:00,CÔNG TY TNHH KỸ THUẬT CÔNG NGHỆ HẢI SƠN,CÔNG TY TNHH MỘT THÀNH VIÊN HUY VŨ
21495550,muavao,1,4545.00,2025-05-18 17:00:00,NGÂN HÀNG TMCP Á CHÂU,CTY TNHH MTV HUY VU
15,muavao,6,5400000.00,2025-04-22 17:00:00,CÔNG TY TNHH KỸ THUẬT CÔNG NGHỆ HẢI SƠN,CÔNG TY TNHH MỘT THÀNH VIÊN HUY VŨ
2214,muavao,1,9262730.00,2025-04-21 17:00:00,CÔNG TY TNHH THƯƠNG MẠI DỊCH VỤ QUỐC VIỆT,Công Ty TNHH Một Thành Viên Huy Vũ
50478,muavao,1,28800.00,2025-04-21 17:00:00,Ngân hàng TMCP Sài Gòn Thương Tín - Chi nhánh Gia Lai,CONG TY TNHH MTV HUY VU
106,muavao,1,26831821.00,2025-04-21 17:00:00,CÔNG TY TNHH ĐIỆN TỬ TIN HỌC KIM PHÁT,Công Ty Trách Nhiệm Hữu Hạn một thành viên Huy Vũ
6474,muavao,1,227273.00,2025-04-21 17:00:00,CÔNG TY CỔ PHẦN THƯƠNG MẠI DỊCH VỤ TỔNG HỢP XUÂN TÙNG,CÔNG TY TNHH MỘT THÀNH VIÊN HUY VŨ
49618,muavao,1,36800.00,2025-04-20 17:00:00,Ngân hàng TMCP Sài Gòn Thương Tín - Chi nhánh Gia Lai,CONG TY TNHH MTV HUY VU
17280684,muavao,1,36364.00,2025-04-20 17:00:00,NGÂN HÀNG TMCP Á CHÂU,CTY TNHH MTV HUY VU
17280893,muavao,1,36364.00,2025-04-20 17:00:00,NGÂN HÀNG TMCP Á CHÂU,CTY TNHH MTV HUY VU
31252,muavao,1,113863636.00,2025-04-20 17:00:00,CÔNG TY TNHH MỘT THÀNH VIÊN CÔNG NGHỆ TIN HỌC VIỄN SƠN,CÔNG TY TNHH MỘT THÀNH VIÊN HUY VŨ
49383,muavao,1,23000.00,2025-04-17 17:00:00,Ngân hàng TMCP Sài Gòn Thương Tín - Chi nhánh Gia Lai,CONG TY TNHH MTV HUY VU
32343,muavao,1,12818182.00,2025-04-17 17:00:00,CÔNG TY CỔ PHẦN DỊCH VỤ PHÂN PHỐI TỔNG HỢP DẦU KHÍ,Công ty TNHH  Một Thành Viên Huy Vũ
5087,muavao,1,23200000.00,2025-04-16 17:00:00,CÔNG TY TNHH PHƯƠNG KHANG COMPUTER,CÔNG TY TNHH MỘT THÀNH VIÊN HUY VŨ
574,muavao,1,709091.00,2025-04-16 17:00:00,CÔNG TY TNHH CÔNG NGHỆ ÂU LẠC,CÔNG TY TNHH MỘT THÀNH VIÊN HUY VŨ
1988,muavao,1,26678181.00,2025-04-15 17:00:00,CÔNG TY CỔ PHẦN MÁY TÍNH VĨNH XUÂN - CHI NHÁNH THÀNH PHỐ HỒ CHÍ MINH,CÔNG TY TNHH MỘT THÀNH VIÊN HUY VŨ
16660607,muavao,1,18182.00,2025-04-15 17:00:00,NGÂN HÀNG TMCP Á CHÂU,CTY TNHH MTV HUY VU
16666531,muavao,1,36364.00,2025-04-15 17:00:00,NGÂN HÀNG TMCP Á CHÂU,CTY TNHH MTV HUY VU
189750,muavao,1,49090908.00,2025-04-15 17:00:00,CÔNG TY CỔ PHẦN THẾ GIỚI SỐ,CÔNG TY TNHH MTV HUY VŨ
1150,muavao,1,1759259.00,2025-04-02 17:00:00,CÔNG TY TNHH GIẢI PHÁP FINGERTAS,CÔNG TY TNHH MỘT THÀNH VIÊN HUY VŨ
31465,muavao,3,-363636.00,2025-04-15 17:00:00,CÔNG TY CỔ PHẦN DỊCH VỤ PHÂN PHỐI TỔNG HỢP DẦU KHÍ,Công ty TNHH  Một Thành Viên Huy Vũ
93,muavao,1,6663637.00,2025-04-15 17:00:00,CÔNG TY TNHH ĐIỆN TỬ TIN HỌC KIM PHÁT,Công Ty Trách Nhiệm Hữu Hạn một thành viên Huy Vũ
239,muavao,1,26909091.00,2025-04-14 17:00:00,CÔNG TY CỔ PHẦN MÁY TÍNH VĨNH XUÂN - CHI NHÁNH ĐÀ NẴNG,CÔNG TY TNHH MỘT THÀNH VIÊN HUY VŨ
46532,muavao,1,19000.00,2025-04-14 17:00:00,Ngân hàng TMCP Sài Gòn Thương Tín - Chi nhánh Gia Lai,CONG TY TNHH MTV HUY VU
29421,muavao,1,21463636.00,2025-04-14 17:00:00,CÔNG TY TNHH MỘT THÀNH VIÊN CÔNG NGHỆ TIN HỌC VIỄN SƠN,CÔNG TY TNHH MỘT THÀNH VIÊN HUY VŨ
90,muavao,1,5754546.00,2025-04-14 17:00:00,CÔNG TY TNHH ĐIỆN TỬ TIN HỌC KIM PHÁT,Công Ty Trách Nhiệm Hữu Hạn một thành viên Huy Vũ
46308,muavao,1,19000.00,2025-04-13 17:00:00,Ngân hàng TMCP Sài Gòn Thương Tín - Chi nhánh Gia Lai,CONG TY TNHH MTV HUY VU
46356,muavao,1,23000.00,2025-04-13 17:00:00,Ngân hàng TMCP Sài Gòn Thương Tín - Chi nhánh Gia Lai,CONG TY TNHH MTV HUY VU
1158,muavao,1,3131818.00,2025-04-13 17:00:00,CÔNG TY TNHH THƯƠNG MẠI DỊCH VỤ SẢN XUẤT XUẤT NHẬP KHẨU MỰC IN VIỆT NHẬT,CÔNG TY TNHH MỘT THÀNH VIÊN HUY VŨ
87,muavao,1,4036364.00,2025-04-13 17:00:00,CÔNG TY TNHH ĐIỆN TỬ TIN HỌC KIM PHÁT,Công Ty Trách Nhiệm Hữu Hạn một thành viên Huy Vũ
15832418,muavao,1,37818.00,2025-04-11 17:00:00,NGÂN HÀNG TMCP Á CHÂU,CTY TNHH MTV HUY VU
15859618,muavao,1,37818.00,2025-04-11 17:00:00,NGÂN HÀNG TMCP Á CHÂU,CTY TNHH MTV HUY VU
16133272,muavao,1,37818.00,2025-04-11 17:00:00,NGÂN HÀNG TMCP Á CHÂU,CTY TNHH MTV HUY VU
46107,muavao,1,19000.00,2025-04-10 17:00:00,Ngân hàng TMCP Sài Gòn Thương Tín - Chi nhánh Gia Lai,CONG TY TNHH MTV HUY VU
15132430,muavao,1,36364.00,2025-04-10 17:00:00,NGÂN HÀNG TMCP Á CHÂU,CTY TNHH MTV HUY VU
15132687,muavao,1,36364.00,2025-04-10 17:00:00,NGÂN HÀNG TMCP Á CHÂU,CTY TNHH MTV HUY VU
15132892,muavao,1,18182.00,2025-04-10 17:00:00,NGÂN HÀNG TMCP Á CHÂU,CTY TNHH MTV HUY VU
9816,muavao,1,3181818.00,2025-04-10 17:00:00,Công Ty TNHH Một Thành Viên Bảo Vinh,CÔNG TY TNHH MTV HUY VŨ
2913,muavao,1,5940908.00,2025-04-10 17:00:00,CÔNG TY TNHH PHÂN PHỐI PHƯƠNG VIỆT,CÔNG TY TNHH MỘT THÀNH VIÊN HUY VŨ
84,muavao,1,16954545.00,2025-04-10 17:00:00,CÔNG TY TNHH ĐIỆN TỬ TIN HỌC KIM PHÁT,Công Ty Trách Nhiệm Hữu Hạn một thành viên Huy Vũ
45398,muavao,1,19000.00,2025-04-09 17:00:00,Ngân hàng TMCP Sài Gòn Thương Tín - Chi nhánh Gia Lai,CONG TY TNHH MTV HUY VU
15012484,muavao,1,710793.00,2025-04-09 17:00:00,NGÂN HÀNG TMCP Á CHÂU,CTY TNHH MTV HUY VU
15012521,muavao,1,610274.00,2025-04-09 17:00:00,NGÂN HÀNG TMCP Á CHÂU,CTY TNHH MTV HUY VU
15012839,muavao,1,362393.00,2025-04-09 17:00:00,NGÂN HÀNG TMCP Á CHÂU,CTY TNHH MTV HUY VU
15012845,muavao,1,3036301.00,2025-04-09 17:00:00,NGÂN HÀNG TMCP Á CHÂU,CTY TNHH MTV HUY VU
15013182,muavao,1,1167808.00,2025-04-09 17:00:00,NGÂN HÀNG TMCP Á CHÂU,CTY TNHH MTV HUY VU
15013437,muavao,1,1401370.00,2025-04-09 17:00:00,NGÂN HÀNG TMCP Á CHÂU,CTY TNHH MTV HUY VU
15020854,muavao,1,4437671.00,2025-04-09 17:00:00,NGÂN HÀNG TMCP Á CHÂU,CTY TNHH MTV HUY VU
15021379,muavao,1,4204110.00,2025-04-09 17:00:00,NGÂN HÀNG TMCP Á CHÂU,CTY TNHH MTV HUY VU
15021543,muavao,1,1121096.00,2025-04-09 17:00:00,NGÂN HÀNG TMCP Á CHÂU,CTY TNHH MTV HUY VU
15022166,muavao,1,298290.00,2025-04-09 17:00:00,NGÂN HÀNG TMCP Á CHÂU,CTY TNHH MTV HUY VU
15023877,muavao,1,461458.00,2025-04-09 17:00:00,NGÂN HÀNG TMCP Á CHÂU,CTY TNHH MTV HUY VU
15023907,muavao,1,6600245.00,2025-04-09 17:00:00,NGÂN HÀNG TMCP Á CHÂU,CTY TNHH MTV HUY VU
15026325,muavao,1,994973.00,2025-04-09 17:00:00,NGÂN HÀNG TMCP Á CHÂU,CTY TNHH MTV HUY VU
15027172,muavao,1,2382329.00,2025-04-09 17:00:00,NGÂN HÀNG TMCP Á CHÂU,CTY TNHH MTV HUY VU
15027597,muavao,1,328767.00,2025-04-09 17:00:00,NGÂN HÀNG TMCP Á CHÂU,CTY TNHH MTV HUY VU
15027859,muavao,1,1022301.00,2025-04-09 17:00:00,NGÂN HÀNG TMCP Á CHÂU,CTY TNHH MTV HUY VU
15028239,muavao,1,655479.00,2025-04-09 17:00:00,NGÂN HÀNG TMCP Á CHÂU,CTY TNHH MTV HUY VU
15030396,muavao,1,840822.00,2025-04-09 17:00:00,NGÂN HÀNG TMCP Á CHÂU,CTY TNHH MTV HUY VU
2860,muavao,1,17240909.00,2025-04-09 17:00:00,CÔNG TY TNHH PHÂN PHỐI PHƯƠNG VIỆT,CÔNG TY TNHH MỘT THÀNH VIÊN HUY VŨ
48975,muavao,1,5927274.00,2025-04-08 17:00:00,Chi nhánh Công ty TNHH phân phối Synnex FPT,Công ty TNHH MTV Huy Vũ
43881,muavao,1,32800.00,2025-04-08 17:00:00,Ngân hàng TMCP Sài Gòn Thương Tín - Chi nhánh Gia Lai,CONG TY TNHH MTV HUY VU
43888,muavao,1,19000.00,2025-04-08 17:00:00,Ngân hàng TMCP Sài Gòn Thương Tín - Chi nhánh Gia Lai,CONG TY TNHH MTV HUY VU
1101,muavao,1,3968182.00,2025-04-08 17:00:00,CÔNG TY TNHH THƯƠNG MẠI DỊCH VỤ SẢN XUẤT XUẤT NHẬP KHẨU MỰC IN VIỆT NHẬT,CÔNG TY TNHH MỘT THÀNH VIÊN HUY VŨ
1235,muavao,1,781818.00,2025-04-08 17:00:00,CÔNG TY TNHH VĨNH TÍN,CÔNG TY TNHH MTV HUY VŨ
43598,muavao,1,19000.00,2025-04-07 17:00:00,Ngân hàng TMCP Sài Gòn Thương Tín - Chi nhánh Gia Lai,CONG TY TNHH MTV HUY VU
625,muavao,1,16545455.00,2025-04-07 17:00:00,CÔNG TY TNHH XUẤT NHẬP KHẨU LÊ TRẦN GIA,CÔNG TY TNHH MỘT THÀNH VIÊN HUY VŨ
409,muavao,1,18545455.00,2025-04-07 17:00:00,CHI NHÁNH CÔNG TY CỔ PHẦN HUETRONICS (TỈNH THỪA THIÊN HUẾ),CÔNG TY TNHH MỘT THÀNH VIÊN HUY VŨ
343470,muavao,1,234545.00,2025-04-05 17:00:00,CÔNG TY DỊCH VỤ MOBIFONE KHU VỰC 7 - CHI NHÁNH TỔNG CÔNG TY VIỄN THÔNG MOBIFONE,Công ty TNHH MTV Huy Vũ
818,muavao,1,1500000.00,2025-04-03 17:00:00,CÔNG TY CỔ PHẦN MÁY TÍNH VĨNH XUÂN - CHI NHÁNH THÀNH PHỐ HỒ CHÍ MINH,CÔNG TY TNHH MỘT THÀNH VIÊN HUY VŨ
43016,muavao,1,19000.00,2025-04-03 17:00:00,Ngân hàng TMCP Sài Gòn Thương Tín - Chi nhánh Gia Lai,CONG TY TNHH MTV HUY VU
43017,muavao,1,19000.00,2025-04-03 17:00:00,Ngân hàng TMCP Sài Gòn Thương Tín - Chi nhánh Gia Lai,CONG TY TNHH MTV HUY VU
29018,muavao,5,12818182.00,2025-04-03 17:00:00,CÔNG TY CỔ PHẦN DỊCH VỤ PHÂN PHỐI TỔNG HỢP DẦU KHÍ,Công ty TNHH  Một Thành Viên Huy Vũ
29034,muavao,1,33636364.00,2025-04-03 17:00:00,CÔNG TY CỔ PHẦN DỊCH VỤ PHÂN PHỐI TỔNG HỢP DẦU KHÍ,Công ty TNHH  Một Thành Viên Huy Vũ
249,muavao,1,24545455.00,2025-04-03 17:00:00,CÔNG TY TNHH CÔNG NGHỆ TIN HỌC TG,CÔNG TY TNHH MỘT THÀNH VIÊN HUY VŨ
12,muavao,1,1300000.00,2025-04-03 17:00:00,CÔNG TY TNHH KỸ THUẬT CÔNG NGHỆ HẢI SƠN,CÔNG TY TNHH MỘT THÀNH VIÊN HUY VŨ
29,muavao,1,4363636.00,2025-04-03 17:00:00,CÔNG TY TNHH FINTECS,CÔNG TY TNHH MỘT THÀNH VIÊN HUY VŨ
14279581,muavao,1,4545.00,2025-04-02 17:00:00,NGÂN HÀNG TMCP Á CHÂU,CTY TNHH MTV HUY VU
14279854,muavao,1,18284.00,2025-04-02 17:00:00,NGÂN HÀNG TMCP Á CHÂU,CTY TNHH MTV HUY VU
26942,muavao,1,16636364.00,2025-04-02 17:00:00,CÔNG TY TNHH MỘT THÀNH VIÊN CÔNG NGHỆ TIN HỌC VIỄN SƠN,CÔNG TY TNHH MỘT THÀNH VIÊN HUY VŨ
28800,muavao,1,19636364.00,2025-04-01 17:00:00,CÔNG TY CỔ PHẦN DỊCH VỤ PHÂN PHỐI TỔNG HỢP DẦU KHÍ,Công ty TNHH  Một Thành Viên Huy Vũ
981,muavao,1,1879000.00,2025-03-31 17:00:00,CHI NHÁNH CÔNG TY TNHH THƯƠNG MẠI - ĐẦU TƯ VÀ PHÁT TRIỂN,Công Ty TNHH MTV Huy Vũ
439,muavao,6,27587273.00,2025-03-31 17:00:00,CÔNG TY CỔ PHẦN MÁY TÍNH VĨNH XUÂN - CHI NHÁNH THÀNH PHỐ HỒ CHÍ MINH,CÔNG TY TNHH MỘT THÀNH VIÊN HUY VŨ
448,muavao,1,1381818.00,2025-03-31 17:00:00,CÔNG TY CỔ PHẦN MÁY TÍNH VĨNH XUÂN - CHI NHÁNH THÀNH PHỐ HỒ CHÍ MINH,CÔNG TY TNHH MỘT THÀNH VIÊN HUY VŨ
54,muavao,1,48878182.00,2025-03-31 17:00:00,CÔNG TY CỔ PHẦN MÁY TÍNH VĨNH XUÂN - CHI NHÁNH ĐÀ NẴNG,CÔNG TY TNHH MỘT THÀNH VIÊN HUY VŨ
248218,muavao,1,233636.00,2025-03-31 17:00:00,TRUNG TÂM KINH DOANH VNPT - GIA LAI - CHI NHÁNH TỔNG CÔNG TY DỊCH VỤ VIỄN THÔNG,Cửa Hàng Máy Tình Trường Sơn
248363,muavao,1,20438.00,2025-03-31 17:00:00,TRUNG TÂM KINH DOANH VNPT - GIA LAI - CHI NHÁNH TỔNG CÔNG TY DỊCH VỤ VIỄN THÔNG,Công Ty TNHH MTV  Huy Vũ
248364,muavao,1,24545.00,2025-03-31 17:00:00,TRUNG TÂM KINH DOANH VNPT - GIA LAI - CHI NHÁNH TỔNG CÔNG TY DỊCH VỤ VIỄN THÔNG,Công Ty  TNHH MTV Huy Vũ
248402,muavao,1,20000.00,2025-03-31 17:00:00,TRUNG TÂM KINH DOANH VNPT - GIA LAI - CHI NHÁNH TỔNG CÔNG TY DỊCH VỤ VIỄN THÔNG,Công Ty TNHH MTV Huy Vũ
248440,muavao,1,264667.00,2025-03-31 17:00:00,TRUNG TÂM KINH DOANH VNPT - GIA LAI - CHI NHÁNH TỔNG CÔNG TY DỊCH VỤ VIỄN THÔNG,Công Ty TNHH MTV Huy Vũ
277855,muavao,1,249636.00,2025-03-31 17:00:00,TRUNG TÂM KINH DOANH VNPT - GIA LAI - CHI NHÁNH TỔNG CÔNG TY DỊCH VỤ VIỄN THÔNG,Công Ty TNHH MTV Huy Vũ
317283,muavao,1,483616.00,2025-03-31 17:00:00,TRUNG TÂM KINH DOANH VNPT - GIA LAI - CHI NHÁNH TỔNG CÔNG TY DỊCH VỤ VIỄN THÔNG,Công Ty TNHH MTV Huy Vũ
317284,muavao,1,195933.00,2025-03-31 17:00:00,TRUNG TÂM KINH DOANH VNPT - GIA LAI - CHI NHÁNH TỔNG CÔNG TY DỊCH VỤ VIỄN THÔNG,Công Ty TNHH MTV Huy Vũ
317369,muavao,1,440934.00,2025-03-31 17:00:00,TRUNG TÂM KINH DOANH VNPT - GIA LAI - CHI NHÁNH TỔNG CÔNG TY DỊCH VỤ VIỄN THÔNG,Công Ty TNHH MTV Huy Vũ
42091,muavao,1,45790624.00,2025-03-31 17:00:00,Ngân hàng TMCP Sài Gòn Thương Tín - Chi nhánh Gia Lai,CONG TY TNHH MTV HUY VU
42139,muavao,1,1476712.00,2025-03-31 17:00:00,Ngân hàng TMCP Sài Gòn Thương Tín - Chi nhánh Gia Lai,CONG TY TNHH MTV HUY VU
42140,muavao,1,30137.00,2025-03-31 17:00:00,Ngân hàng TMCP Sài Gòn Thương Tín - Chi nhánh Gia Lai,CONG TY TNHH MTV HUY VU
14054912,muavao,1,2807671.00,2025-03-31 17:00:00,NGÂN HÀNG TMCP Á CHÂU,CTY TNHH MTV HUY VU
1887,muavao,1,3690910.00,2025-03-31 17:00:00,CÔNG TY CỔ PHẦN MÁY TÍNH VINH HIỂN LỘC TÀI,CÔNG TY TNHH MỘT THÀNH VIÊN HUY VŨ
92402771,muavao,1,163970.00,2025-05-30 17:00:00,CÔNG TY TNHH THU PHÍ TỰ ĐỘNG VETC,CÔNG TY TNHH MỘT THÀNH VIÊN HUY VŨ
288843,muavao,1,127530184.00,2025-05-30 17:00:00,CÔNG TY CỔ PHẦN THẾ GIỚI SỐ,CÔNG TY TNHH MTV HUY VŨ
436,muavao,1,43090909.00,2025-05-29 17:00:00,CHI NHÁNH CÔNG TY CỔ PHẦN ĐẦU TƯ VÀ PHÁT TRIỂN CÔNG NGHỆ QUỐC GIA ADG TẠI ĐÀ NẴNG,Công Ty TNHH Một Thành Viên Huy Vũ
27061,muavao,1,232315.00,2025-05-29 17:00:00,CÔNG TY CỔ PHẦN CÔNG NGHỆ VI MÔ,CÔNG TY TNHH MỘT THÀNH VIÊN HUY VŨ
69376,muavao,1,56000.00,2025-05-29 17:00:00,Ngân hàng TMCP Sài Gòn Thương Tín - Chi nhánh Gia Lai,CONG TY TNHH MTV HUY VU
22970364,muavao,1,49273.00,2025-05-29 17:00:00,NGÂN HÀNG TMCP Á CHÂU,CTY TNHH MTV HUY VU
288417,muavao,1,195013635.00,2025-05-29 17:00:00,CÔNG TY CỔ PHẦN THẾ GIỚI SỐ,CÔNG TY TNHH MTV HUY VŨ
1911,muavao,1,4827272.00,2025-05-28 17:00:00,Chi nhánh Công ty Cổ phần thương mại Tin học Hưng Long,CÔNG TY TNHH MỘT THÀNH VIÊN  HUY VŨ
22870814,muavao,1,357304.00,2025-05-28 17:00:00,NGÂN HÀNG TMCP Á CHÂU,CTY TNHH MTV HUY VU
281871,muavao,1,1437091.00,2025-05-28 17:00:00,CÔNG TY CỔ PHẦN THẾ GIỚI SỐ,CÔNG TY TNHH MTV HUY VŨ
75990,muavao,1,264546.00,2025-05-28 17:00:00,CÔNG TY TNHH TP-LINK TECHNOLOGIES VIỆT NAM,CÔNG TY TNHH MỘT THÀNH VIÊN HUY VŨ
1885,muavao,1,11818182.00,2025-05-27 17:00:00,Chi nhánh Công ty Cổ phần thương mại Tin học Hưng Long,CÔNG TY TNHH MỘT THÀNH VIÊN  HUY VŨ
1402,muavao,1,2945455.00,2025-05-27 17:00:00,CHI NHÁNH CÔNG TY TNHH CÔNG NGHỆ VÀ THƯƠNG MẠI Á MỸ,CÔNG TY TNHH MỘT THÀNH VIÊN HUY VŨ
68585,muavao,1,36000.00,2025-05-27 17:00:00,Ngân hàng TMCP Sài Gòn Thương Tín - Chi nhánh Gia Lai,CONG TY TNHH MTV HUY VU
22761107,muavao,1,4545.00,2025-05-27 17:00:00,NGÂN HÀNG TMCP Á CHÂU,CTY TNHH MTV HUY VU
22764591,muavao,1,36364.00,2025-05-27 17:00:00,NGÂN HÀNG TMCP Á CHÂU,CTY TNHH MTV HUY VU
281422,muavao,1,79706365.00,2025-05-27 17:00:00,CÔNG TY CỔ PHẦN THẾ GIỚI SỐ,CÔNG TY TNHH MTV HUY VŨ
21495757,muavao,1,4545.00,2025-05-18 17:00:00,NGÂN HÀNG TMCP Á CHÂU,CTY TNHH MTV HUY VU
41297,muavao,1,58727273.00,2025-05-27 17:00:00,CÔNG TY TNHH MỘT THÀNH VIÊN CÔNG NGHỆ TIN HỌC VIỄN SƠN,CÔNG TY TNHH MỘT THÀNH VIÊN HUY VŨ
1642,muavao,1,1269820.00,2025-05-27 17:00:00,CÔNG TY CỔ PHẦN THƯƠNG MẠI - DỊCH VỤ SAO NAM AN,Công Ty TNHH Một Thành Viên Huy Vũ
880,muavao,1,8281818.00,2025-05-26 17:00:00,CÔNG TY CỔ PHẦN MÁY TÍNH VĨNH XUÂN - CHI NHÁNH ĐÀ NẴNG,CÔNG TY TNHH MỘT THÀNH VIÊN HUY VŨ
67278,muavao,1,225000.00,2025-05-26 17:00:00,Ngân hàng TMCP Sài Gòn Thương Tín - Chi nhánh Gia Lai,CONG TY TNHH MTV HUY VU
22639612,muavao,1,309446.00,2025-05-26 17:00:00,NGÂN HÀNG TMCP Á CHÂU,CTY TNHH MTV HUY VU
1631,muavao,1,5777273.00,2025-05-26 17:00:00,CÔNG TY CỔ PHẦN THƯƠNG MẠI - DỊCH VỤ SAO NAM AN,Công Ty TNHH Một Thành Viên Huy Vũ
151,muavao,1,3445456.00,2025-05-26 17:00:00,CÔNG TY TNHH ĐIỆN TỬ TIN HỌC KIM PHÁT,Công Ty Trách Nhiệm Hữu Hạn một thành viên Huy Vũ
415,muavao,1,134863636.00,2025-05-25 17:00:00,CHI NHÁNH CÔNG TY CỔ PHẦN ĐẦU TƯ VÀ PHÁT TRIỂN CÔNG NGHỆ QUỐC GIA ADG TẠI ĐÀ NẴNG,Công Ty TNHH Một Thành Viên Huy Vũ
22528952,muavao,1,4545.00,2025-05-25 17:00:00,NGÂN HÀNG TMCP Á CHÂU,CTY TNHH MTV HUY VU
22530577,muavao,1,14545.00,2025-05-25 17:00:00,NGÂN HÀNG TMCP Á CHÂU,CTY TNHH MTV HUY VU
539,muavao,1,2990370.00,2025-05-25 17:00:00,CÔNG TY TNHH THƯƠNG MẠI VÀ PHÁT TRIỂN CÔNG NGHỆ ĐỨC PHÁP,CÔNG TY TNHH MỘT THÀNH VIÊN HUY VŨ
57,muavao,1,2129630.00,2025-05-25 17:00:00,CÔNG TY TNHH MỘT THÀNH VIÊN THƯƠNG MẠI PHƯỚC THỌ,CÔNG TY TNHH MỘT THÀNH VIÊN HUY VŨ
438,muavao,1,13100000.00,2025-05-22 17:00:00,CÔNG TY CỔ PHẦN ĐẦU TƯ & THƯƠNG MẠI ĐẠI PHÁT,CÔNG TY TNHH MỘT THÀNH VIÊN HUY VŨ
66088,muavao,1,52800.00,2025-05-22 17:00:00,Ngân hàng TMCP Sài Gòn Thương Tín - Chi nhánh Gia Lai,CONG TY TNHH MTV HUY VU
22020015,muavao,1,230143.00,2025-05-22 17:00:00,NGÂN HÀNG TMCP Á CHÂU,CTY TNHH MTV HUY VU
1663,muavao,1,16050000.00,2025-05-22 17:00:00,CÔNG TY TNHH ĐẦU TƯ CÔNG NGHỆ ÂM THANH TRIỆU GIA,CÔNG TY TNHH MỘT THÀNH VIÊN HUY VŨ
28396,muavao,1,2136364.00,2025-05-22 17:00:00,CÔNG TY TNHH VI TÍNH NGUYÊN KIM,CÔNG TY TNHH MỘT THÀNH VIÊN HUY VŨ
21496372,muavao,1,54545.00,2025-05-18 17:00:00,NGÂN HÀNG TMCP Á CHÂU,CTY TNHH MTV HUY VU
3844,muavao,1,3818182.00,2025-05-22 17:00:00,Công ty TNHH Tin Học Kim Thiên Bảo,CÔNG TY TNHH MỘT THÀNH VIÊN HUY VŨ
14223,muavao,1,12590909.00,2025-05-22 17:00:00,Công Ty TNHH Một Thành Viên Bảo Vinh,CÔNG TY TNHH MTV HUY VŨ
65718,muavao,1,19000.00,2025-05-21 17:00:00,Ngân hàng TMCP Sài Gòn Thương Tín - Chi nhánh Gia Lai,CONG TY TNHH MTV HUY VU
1561,muavao,1,7570909.00,2025-05-21 17:00:00,CÔNG TY TNHH THƯƠNG MẠI DỊCH VỤ SẢN XUẤT XUẤT NHẬP KHẨU MỰC IN VIỆT NHẬT,CÔNG TY TNHH MỘT THÀNH VIÊN HUY VŨ
678,muavao,1,500000.00,2025-05-21 17:00:00,CÔNG TY TNHH THƯƠNG MẠI VÀ DỊCH VỤ ĐỨC THANH GIA LAI,CÔNG TY TNHH MỘT THÀNH VIÊN HUY VŨ
21775531,muavao,1,4545.00,2025-05-20 17:00:00,NGÂN HÀNG TMCP Á CHÂU,CTY TNHH MTV HUY VU
21775748,muavao,1,14545.00,2025-05-20 17:00:00,NGÂN HÀNG TMCP Á CHÂU,CTY TNHH MTV HUY VU
21775912,muavao,1,36364.00,2025-05-20 17:00:00,NGÂN HÀNG TMCP Á CHÂU,CTY TNHH MTV HUY VU
21776317,muavao,1,48438.00,2025-05-20 17:00:00,NGÂN HÀNG TMCP Á CHÂU,CTY TNHH MTV HUY VU
1152,muavao,1,16136364.00,2025-05-20 17:00:00,CÔNG TY CỔ PHẦN RIOTECH,CÔNG TY TNHH MỘT THÀNH VIÊN HUY VŨ
6909,muavao,1,18136364.00,2025-05-20 17:00:00,CÔNG TY TNHH PHƯƠNG KHANG COMPUTER,CÔNG TY TNHH MỘT THÀNH VIÊN HUY VŨ
64019,muavao,1,45600.00,2025-05-19 17:00:00,Ngân hàng TMCP Sài Gòn Thương Tín - Chi nhánh Gia Lai,CONG TY TNHH MTV HUY VU
21634726,muavao,1,280664.00,2025-05-19 17:00:00,NGÂN HÀNG TMCP Á CHÂU,CTY TNHH MTV HUY VU
38718,muavao,1,58636364.00,2025-05-19 17:00:00,CÔNG TY TNHH MỘT THÀNH VIÊN CÔNG NGHỆ TIN HỌC VIỄN SƠN,CÔNG TY TNHH MỘT THÀNH VIÊN HUY VŨ
140,muavao,1,36527272.00,2025-05-19 17:00:00,CÔNG TY TNHH ĐIỆN TỬ TIN HỌC KIM PHÁT,Công Ty Trách Nhiệm Hữu Hạn một thành viên Huy Vũ
18,muavao,1,9500000.00,2025-05-19 17:00:00,CÔNG TY TNHH KỸ THUẬT CÔNG NGHỆ HẢI SƠN,CÔNG TY TNHH MỘT THÀNH VIÊN HUY VŨ
742,muavao,1,26172727.00,2025-05-18 17:00:00,CÔNG TY CỔ PHẦN MÁY TÍNH VĨNH XUÂN - CHI NHÁNH ĐÀ NẴNG,CÔNG TY TNHH MỘT THÀNH VIÊN HUY VŨ
63305,muavao,1,40000.00,2025-05-18 17:00:00,Ngân hàng TMCP Sài Gòn Thương Tín - Chi nhánh Gia Lai,CONG TY TNHH MTV HUY VU
20452198,muavao,1,1553114.00,2025-05-09 17:00:00,NGÂN HÀNG TMCP Á CHÂU,CTY TNHH MTV HUY VU
2156,muavao,1,6090909.00,2025-05-18 17:00:00,CÔNG TY CỔ PHẦN ĐẦU TƯ PHÁT TRIỂN CÔNG NGHỆ ROBO,CÔNG TY TNHH MỘT THÀNH VIÊN HUY VŨ
261383,muavao,1,31882546.00,2025-05-18 17:00:00,CÔNG TY CỔ PHẦN THẾ GIỚI SỐ,CÔNG TY TNHH MTV HUY VŨ
563,muavao,1,6054545.00,2025-05-18 17:00:00,CÔNG TY TNHH ĐẦU TƯ PGP,CÔNG TY TNHH MTV HUY VŨ
318398,muavao,1,1760000.00,2025-05-16 17:00:00,Viettel Gia Lai- Chi nhánh Tập đoàn Công nghiệp - Viễn thông Quân đội,CÔNG TY TNHH MỘT THÀNH VIÊN HUY VŨ
714,muavao,1,21263636.00,2025-05-15 17:00:00,CÔNG TY CỔ PHẦN MÁY TÍNH VĨNH XUÂN - CHI NHÁNH ĐÀ NẴNG,CÔNG TY TNHH MỘT THÀNH VIÊN HUY VŨ
62497,muavao,1,23000.00,2025-05-15 17:00:00,Ngân hàng TMCP Sài Gòn Thương Tín - Chi nhánh Gia Lai,CONG TY TNHH MTV HUY VU
254578,muavao,1,32727272.00,2025-05-15 17:00:00,CÔNG TY CỔ PHẦN THẾ GIỚI SỐ,CÔNG TY TNHH MTV HUY VŨ
254591,muavao,1,16363636.00,2025-05-15 17:00:00,CÔNG TY CỔ PHẦN THẾ GIỚI SỐ,CÔNG TY TNHH MTV HUY VŨ
8445,muavao,1,20181910.00,2025-05-15 17:00:00,CÔNG TY CỔ PHẦN ĐẦU TƯ LBM,CÔNG TY TNHH MỘT THÀNH VIÊN HUY VŨ
8446,muavao,1,26364000.00,2025-05-15 17:00:00,CÔNG TY CỔ PHẦN ĐẦU TƯ LBM,CÔNG TY TNHH MỘT THÀNH VIÊN HUY VŨ
21028973,muavao,1,72727.00,2025-05-14 17:00:00,NGÂN HÀNG TMCP Á CHÂU,CTY TNHH MTV HUY VU
21029264,muavao,1,36364.00,2025-05-14 17:00:00,NGÂN HÀNG TMCP Á CHÂU,CTY TNHH MTV HUY VU
38030,muavao,1,28636364.00,2025-05-14 17:00:00,CÔNG TY TNHH MỘT THÀNH VIÊN CÔNG NGHỆ TIN HỌC VIỄN SƠN,CÔNG TY TNHH MỘT THÀNH VIÊN HUY VŨ
38035,muavao,1,14363636.00,2025-05-14 17:00:00,CÔNG TY TNHH MỘT THÀNH VIÊN CÔNG NGHỆ TIN HỌC VIỄN SƠN,CÔNG TY TNHH MỘT THÀNH VIÊN HUY VŨ
133,muavao,1,10154546.00,2025-05-14 17:00:00,CÔNG TY TNHH ĐIỆN TỬ TIN HỌC KIM PHÁT,Công Ty Trách Nhiệm Hữu Hạn một thành viên Huy Vũ
20930046,muavao,1,141789.00,2025-05-13 17:00:00,NGÂN HÀNG TMCP Á CHÂU,CTY TNHH MTV HUY VU
713,muavao,1,2581818.00,2025-05-13 17:00:00,CÔNG TY TNHH CÔNG NGHỆ ÂU LẠC,CÔNG TY TNHH MỘT THÀNH VIÊN HUY VŨ
60560,muavao,1,19000.00,2025-05-12 17:00:00,Ngân hàng TMCP Sài Gòn Thương Tín - Chi nhánh Gia Lai,CONG TY TNHH MTV HUY VU
20794177,muavao,1,63723.00,2025-05-12 17:00:00,NGÂN HÀNG TMCP Á CHÂU,CTY TNHH MTV HUY VU
20808246,muavao,1,4545.00,2025-05-12 17:00:00,NGÂN HÀNG TMCP Á CHÂU,CTY TNHH MTV HUY VU
20808912,muavao,1,4545.00,2025-05-12 17:00:00,NGÂN HÀNG TMCP Á CHÂU,CTY TNHH MTV HUY VU
37434,muavao,1,12363636.00,2025-05-12 17:00:00,CÔNG TY TNHH MỘT THÀNH VIÊN CÔNG NGHỆ TIN HỌC VIỄN SƠN,CÔNG TY TNHH MỘT THÀNH VIÊN HUY VŨ
629,muavao,1,13763636.00,2025-05-11 17:00:00,CÔNG TY CỔ PHẦN MÁY TÍNH VĨNH XUÂN - CHI NHÁNH ĐÀ NẴNG,CÔNG TY TNHH MỘT THÀNH VIÊN HUY VŨ
20674657,muavao,1,406730.00,2025-05-11 17:00:00,NGÂN HÀNG TMCP Á CHÂU,CTY TNHH MTV HUY VU
20683174,muavao,1,4545.00,2025-05-11 17:00:00,NGÂN HÀNG TMCP Á CHÂU,CTY TNHH MTV HUY VU
20683630,muavao,1,72727.00,2025-05-11 17:00:00,NGÂN HÀNG TMCP Á CHÂU,CTY TNHH MTV HUY VU
36956,muavao,1,11363636.00,2025-05-11 17:00:00,CÔNG TY TNHH MỘT THÀNH VIÊN CÔNG NGHỆ TIN HỌC VIỄN SƠN,CÔNG TY TNHH MỘT THÀNH VIÊN HUY VŨ
2783,muavao,1,6090909.00,2025-05-11 17:00:00,CÔNG TY TNHH THẢO NHIÊN,CÔNG TY TNHH MỘT THÀNH VIÊN HUY VŨ
3435,muavao,1,10381818.00,2025-05-11 17:00:00,Công ty TNHH Tin Học Kim Thiên Bảo,CÔNG TY TNHH MỘT THÀNH VIÊN HUY VŨ
126,muavao,1,20318182.00,2025-05-11 17:00:00,CÔNG TY TNHH ĐIỆN TỬ TIN HỌC KIM PHÁT,Công Ty Trách Nhiệm Hữu Hạn một thành viên Huy Vũ
19480219,muavao,1,777203.00,2025-05-09 17:00:00,NGÂN HÀNG TMCP Á CHÂU,CTY TNHH MTV HUY VU
19486555,muavao,1,687865.00,2025-05-09 17:00:00,NGÂN HÀNG TMCP Á CHÂU,CTY TNHH MTV HUY VU
20431764,muavao,1,37182.00,2025-05-09 17:00:00,NGÂN HÀNG TMCP Á CHÂU,CTY TNHH MTV HUY VU
20431780,muavao,1,37182.00,2025-05-09 17:00:00,NGÂN HÀNG TMCP Á CHÂU,CTY TNHH MTV HUY VU
20431789,muavao,1,37182.00,2025-05-09 17:00:00,NGÂN HÀNG TMCP Á CHÂU,CTY TNHH MTV HUY VU
20449195,muavao,1,2938356.00,2025-05-09 17:00:00,NGÂN HÀNG TMCP Á CHÂU,CTY TNHH MTV HUY VU
20452155,muavao,1,678082.00,2025-05-09 17:00:00,NGÂN HÀNG TMCP Á CHÂU,CTY TNHH MTV HUY VU
20452168,muavao,1,629260.00,2025-05-09 17:00:00,NGÂN HÀNG TMCP Á CHÂU,CTY TNHH MTV HUY VU
20452197,muavao,1,894871.00,2025-05-09 17:00:00,NGÂN HÀNG TMCP Á CHÂU,CTY TNHH MTV HUY VU
17,muavao,1,4500000.00,2025-05-09 17:00:00,CÔNG TY TNHH KỸ THUẬT CÔNG NGHỆ HẢI SƠN,CÔNG TY TNHH MỘT THÀNH VIÊN HUY VŨ
58495,muavao,1,23000.00,2025-05-08 17:00:00,Ngân hàng TMCP Sài Gòn Thương Tín - Chi nhánh Gia Lai,CONG TY TNHH MTV HUY VU
19413694,muavao,1,20704.00,2025-05-08 17:00:00,NGÂN HÀNG TMCP Á CHÂU,CTY TNHH MTV HUY VU
19413912,muavao,1,36364.00,2025-05-08 17:00:00,NGÂN HÀNG TMCP Á CHÂU,CTY TNHH MTV HUY VU
524,muavao,1,6054545.00,2025-05-08 17:00:00,CÔNG TY TNHH ĐẦU TƯ PGP,CÔNG TY TNHH MTV HUY VŨ
499,muavao,1,10909091.00,2025-05-08 17:00:00,CHI NHÁNH CÔNG TY CỔ PHẦN HUETRONICS (TỈNH THỪA THIÊN HUẾ),CÔNG TY TNHH MỘT THÀNH VIÊN HUY VŨ
74418,muavao,1,2490910.00,2025-05-07 17:00:00,Chi nhánh Công ty TNHH phân phối Synnex FPT,Công ty TNHH MTV Huy Vũ
74487,muavao,1,24727280.00,2025-05-07 17:00:00,Chi nhánh Công ty TNHH phân phối Synnex FPT,Công ty TNHH MTV Huy Vũ
58171,muavao,1,23000.00,2025-05-07 17:00:00,Ngân hàng TMCP Sài Gòn Thương Tín - Chi nhánh Gia Lai,CONG TY TNHH MTV HUY VU
19197835,muavao,1,814512.00,2025-05-06 17:00:00,NGÂN HÀNG TMCP Á CHÂU,CTY TNHH MTV HUY VU
874,muavao,1,19090909.00,2025-05-06 17:00:00,CÔNG TY CỔ PHẦN VPS MIỀN TRUNG,CÔNG TY TNHH MỘT THÀNH VIÊN HUY VŨ
460647,muavao,1,234273.00,2025-05-05 17:00:00,CÔNG TY DỊCH VỤ MOBIFONE KHU VỰC 7 - CHI NHÁNH TỔNG CÔNG TY VIỄN THÔNG MOBIFONE,Công ty TNHH MTV Huy Vũ
19069685,muavao,1,18182.00,2025-05-05 17:00:00,NGÂN HÀNG TMCP Á CHÂU,CTY TNHH MTV HUY VU
19070322,muavao,1,4545.00,2025-05-05 17:00:00,NGÂN HÀNG TMCP Á CHÂU,CTY TNHH MTV HUY VU
19071085,muavao,1,90909.00,2025-05-05 17:00:00,NGÂN HÀNG TMCP Á CHÂU,CTY TNHH MTV HUY VU
70035,muavao,1,8045455.00,2025-05-04 17:00:00,Chi nhánh Công ty TNHH phân phối Synnex FPT,Công ty TNHH MTV Huy Vũ
55685,muavao,1,132800.00,2025-05-04 17:00:00,Ngân hàng TMCP Sài Gòn Thương Tín - Chi nhánh Gia Lai,CONG TY TNHH MTV HUY VU
18961250,muavao,1,904110.00,2025-05-04 17:00:00,NGÂN HÀNG TMCP Á CHÂU,CTY TNHH MTV HUY VU
851,muavao,1,3500000.00,2025-05-04 17:00:00,CÔNG TY CỔ PHẦN VPS MIỀN TRUNG,CÔNG TY TNHH MỘT THÀNH VIÊN HUY VŨ
162799,muavao,1,10520548.00,2025-08-10 17:00:00,Ngân hàng TMCP Sài Gòn Thương Tín - Chi nhánh Gia Lai,CONG TY TNHH MTV HUY VU
4388,muavao,1,4472730.00,2025-05-02 17:00:00,Công Ty TNHH Công Nghệ Thông Tin An Phát,CÔNG TY TNHH MỘT THÀNH VIÊN HUY VŨ
3418,muavao,1,8881818.00,2025-05-02 17:00:00,CÔNG TY TNHH PHÂN PHỐI PHƯƠNG VIỆT,CÔNG TY TNHH MỘT THÀNH VIÊN HUY VŨ
126900,muavao,1,454545.00,2025-05-02 17:00:00,CÔNG TY TNHH MTV XĂNG DẦU BẮC TÂY NGUYÊN,CÔNG TY TNHH MỘT THÀNH VIÊN HUY VŨ
87899556,muavao,1,318182.00,2025-05-01 17:00:00,Tập đoàn Công nghiệp - Viễn thông Quân đội,Công Ty Tnhh Huy Vũ
328219,muavao,1,233636.00,2025-04-30 17:00:00,TRUNG TÂM KINH DOANH VNPT - GIA LAI - CHI NHÁNH TỔNG CÔNG TY DỊCH VỤ VIỄN THÔNG,Cửa Hàng Máy Tình Trường Sơn
328361,muavao,1,23200.00,2025-04-30 17:00:00,TRUNG TÂM KINH DOANH VNPT - GIA LAI - CHI NHÁNH TỔNG CÔNG TY DỊCH VỤ VIỄN THÔNG,Công Ty TNHH MTV  Huy Vũ
328362,muavao,1,24545.00,2025-04-30 17:00:00,TRUNG TÂM KINH DOANH VNPT - GIA LAI - CHI NHÁNH TỔNG CÔNG TY DỊCH VỤ VIỄN THÔNG,Công Ty  TNHH MTV Huy Vũ
328399,muavao,1,20000.00,2025-04-30 17:00:00,TRUNG TÂM KINH DOANH VNPT - GIA LAI - CHI NHÁNH TỔNG CÔNG TY DỊCH VỤ VIỄN THÔNG,Công Ty TNHH MTV Huy Vũ
328437,muavao,1,55364.00,2025-04-30 17:00:00,TRUNG TÂM KINH DOANH VNPT - GIA LAI - CHI NHÁNH TỔNG CÔNG TY DỊCH VỤ VIỄN THÔNG,Công Ty TNHH MTV Huy Vũ
357109,muavao,1,249636.00,2025-04-30 17:00:00,TRUNG TÂM KINH DOANH VNPT - GIA LAI - CHI NHÁNH TỔNG CÔNG TY DỊCH VỤ VIỄN THÔNG,Công Ty TNHH MTV Huy Vũ
395715,muavao,1,421590.00,2025-04-30 17:00:00,TRUNG TÂM KINH DOANH VNPT - GIA LAI - CHI NHÁNH TỔNG CÔNG TY DỊCH VỤ VIỄN THÔNG,Công Ty TNHH MTV Huy Vũ
395716,muavao,1,211872.00,2025-04-30 17:00:00,TRUNG TÂM KINH DOANH VNPT - GIA LAI - CHI NHÁNH TỔNG CÔNG TY DỊCH VỤ VIỄN THÔNG,Công Ty TNHH MTV Huy Vũ
395801,muavao,1,422912.00,2025-04-30 17:00:00,TRUNG TÂM KINH DOANH VNPT - GIA LAI - CHI NHÁNH TỔNG CÔNG TY DỊCH VỤ VIỄN THÔNG,Công Ty TNHH MTV Huy Vũ
17298,muavao,1,300000.00,2025-06-29 17:00:00,Ngân hàng Thương mại Cổ phần Đầu tư và Phát triển Việt Nam - Chi nhánh Gia Lai,CONG TY TNHH MTV HUY VU
142274,muavao,1,23000.00,2025-06-29 17:00:00,Ngân hàng TMCP Sài Gòn Thương Tín - Chi nhánh Gia Lai,CONG TY TNHH MTV HUY VU
597,muavao,1,0.00,2025-06-29 17:00:00,CÔNG TY TNHH BROTHER INTERNATIONAL (VIỆT NAM),CÔNG TY TNHH MỘT THÀNH VIÊN HUY VŨ
140834,muavao,1,40000.00,2025-06-26 17:00:00,Ngân hàng TMCP Sài Gòn Thương Tín - Chi nhánh Gia Lai,CONG TY TNHH MTV HUY VU
140862,muavao,1,23000.00,2025-06-26 17:00:00,Ngân hàng TMCP Sài Gòn Thương Tín - Chi nhánh Gia Lai,CONG TY TNHH MTV HUY VU
140863,muavao,1,23000.00,2025-06-26 17:00:00,Ngân hàng TMCP Sài Gòn Thương Tín - Chi nhánh Gia Lai,CONG TY TNHH MTV HUY VU
29722146,muavao,1,4545.00,2025-06-26 17:00:00,NGÂN HÀNG TMCP Á CHÂU,CTY TNHH MTV HUY VU
29728644,muavao,1,4545.00,2025-06-26 17:00:00,NGÂN HÀNG TMCP Á CHÂU,CTY TNHH MTV HUY VU
2075,muavao,1,8180001.00,2025-06-26 17:00:00,CÔNG TY TNHH THƯƠNG MẠI DỊCH VỤ SẢN XUẤT XUẤT NHẬP KHẨU MỰC IN VIỆT NHẬT,CÔNG TY TNHH MỘT THÀNH VIÊN HUY VŨ
57819,muavao,1,116818182.00,2025-06-24 17:00:00,CÔNG TY CỔ PHẦN DỊCH VỤ PHÂN PHỐI TỔNG HỢP DẦU KHÍ,Công ty TNHH  Một Thành Viên Huy Vũ
2852,muavao,1,3681818.00,2025-06-23 17:00:00,CÔNG TY CỔ PHẦN ĐẦU TƯ PHÁT TRIỂN CÔNG NGHỆ ROBO,CÔNG TY TNHH MỘT THÀNH VIÊN HUY VŨ
2327,muavao,1,6712963.00,2025-06-18 17:00:00,Chi nhánh Công ty Cổ phần thương mại Tin học Hưng Long,CÔNG TY TNHH MỘT THÀNH VIÊN  HUY VŨ
132216,muavao,1,40000.00,2025-06-15 17:00:00,Ngân hàng TMCP Sài Gòn Thương Tín - Chi nhánh Gia Lai,CONG TY TNHH MTV HUY VU
26830485,muavao,1,1446575.00,2025-06-15 17:00:00,NGÂN HÀNG TMCP Á CHÂU,CTY TNHH MTV HUY VU
4793,muavao,1,1745455.00,2025-06-15 17:00:00,CÔNG TY TNHH THƯƠNG MẠI DỊCH VỤ TIN HỌC ANH PHƯƠNG A.P.C.O.M,CÔNG TY TNHH MỘT THÀNH VIÊN HUY VŨ
26270472,muavao,1,313511.00,2025-06-10 17:00:00,NGÂN HÀNG TMCP Á CHÂU,CTY TNHH MTV HUY VU
26270532,muavao,1,211029.00,2025-06-10 17:00:00,NGÂN HÀNG TMCP Á CHÂU,CTY TNHH MTV HUY VU
26270724,muavao,1,4438887.00,2025-06-10 17:00:00,NGÂN HÀNG TMCP Á CHÂU,CTY TNHH MTV HUY VU
26270924,muavao,1,154780.00,2025-06-10 17:00:00,NGÂN HÀNG TMCP Á CHÂU,CTY TNHH MTV HUY VU
26270926,muavao,1,342073.00,2025-06-10 17:00:00,NGÂN HÀNG TMCP Á CHÂU,CTY TNHH MTV HUY VU
26270945,muavao,1,924953.00,2025-06-10 17:00:00,NGÂN HÀNG TMCP Á CHÂU,CTY TNHH MTV HUY VU
26271162,muavao,1,2382982.00,2025-06-10 17:00:00,NGÂN HÀNG TMCP Á CHÂU,CTY TNHH MTV HUY VU
26271260,muavao,1,934503.00,2025-06-10 17:00:00,NGÂN HÀNG TMCP Á CHÂU,CTY TNHH MTV HUY VU
5907,muavao,1,7181818.00,2025-06-10 17:00:00,Công Ty TNHH Công Nghệ Thông Tin An Phát,CÔNG TY TNHH MỘT THÀNH VIÊN HUY VŨ
126644,muavao,1,28000.00,2025-06-05 17:00:00,Ngân hàng TMCP Sài Gòn Thương Tín - Chi nhánh Gia Lai,CONG TY TNHH MTV HUY VU
3252,muavao,1,50000.00,2025-06-05 17:00:00,Ngân hàng TMCP Sài Gòn Thương Tín - Chi nhánh Gia Lai,CONG TY TNHH MTV HUY VU
3267,muavao,1,7300000.00,2025-06-05 17:00:00,Ngân hàng TMCP Sài Gòn Thương Tín - Chi nhánh Gia Lai,CONG TY TNHH MTV HUY VU
46157,muavao,1,8386364.00,2025-06-05 17:00:00,CÔNG TY TNHH MỘT THÀNH VIÊN CÔNG NGHỆ TIN HỌC VIỄN SƠN,CÔNG TY TNHH MỘT THÀNH VIÊN HUY VŨ
4369,muavao,1,23000.00,2025-08-10 17:00:00,Ngân hàng TMCP Sài Gòn Thương Tín - Chi nhánh Gia Lai,CONG TY TNHH MTV HUY VU
47825,muavao,1,52181818.00,2025-06-04 17:00:00,CÔNG TY CỔ PHẦN DỊCH VỤ PHÂN PHỐI TỔNG HỢP DẦU KHÍ,Công ty TNHH  Một Thành Viên Huy Vũ
453,muavao,1,5818182.00,2025-06-03 17:00:00,CHI NHÁNH CÔNG TY CỔ PHẦN ĐẦU TƯ VÀ PHÁT TRIỂN CÔNG NGHỆ QUỐC GIA ADG TẠI ĐÀ NẴNG,Công Ty TNHH Một Thành Viên Huy Vũ
447,muavao,1,237090909.00,2025-06-02 17:00:00,CHI NHÁNH CÔNG TY CỔ PHẦN ĐẦU TƯ VÀ PHÁT TRIỂN CÔNG NGHỆ QUỐC GIA ADG TẠI ĐÀ NẴNG,Công Ty TNHH Một Thành Viên Huy Vũ
54,muavao,1,4363636.00,2025-06-02 17:00:00,CÔNG TY TNHH FINTECS,CÔNG TY TNHH MỘT THÀNH VIÊN HUY VŨ
156523,muavao,1,14354550.00,2025-07-30 17:00:00,Chi nhánh Công ty TNHH phân phối Synnex FPT,Công ty TNHH MTV Huy Vũ
704,muavao,1,2916667.00,2025-07-29 17:00:00,CHI NHÁNH CÔNG TY CỔ PHẦN ĐẦU TƯ VÀ PHÁT TRIỂN CÔNG NGHỆ QUỐC GIA ADG TẠI ĐÀ NẴNG,Công Ty TNHH Một Thành Viên Huy Vũ
14104,muavao,1,23611110.00,2025-07-28 17:00:00,CÔNG TY CỔ PHẦN ĐẦU TƯ LBM,CÔNG TY TNHH MỘT THÀNH VIÊN HUY VŨ
1293,muavao,1,6500000.00,2025-07-23 17:00:00,CÔNG TY TNHH PHƯƠNG KHANG COMPUTER,CÔNG TY TNHH MỘT THÀNH VIÊN HUY VŨ
70401,muavao,1,67777778.00,2025-07-17 17:00:00,CÔNG TY CỔ PHẦN DỊCH VỤ PHÂN PHỐI TỔNG HỢP DẦU KHÍ,Công ty TNHH  Một Thành Viên Huy Vũ
237,muavao,4,1083330.00,2025-07-17 17:00:00,CÔNG TY TNHH ĐIỆN TỬ TIN HỌC KIM PHÁT,Công Ty Trách Nhiệm Hữu Hạn một thành viên Huy Vũ
92259,muavao,1,3698144.00,2025-07-09 17:00:00,Công ty TNHH Phân phối Synnex FPT,Công ty TNHH MTV Huy Vũ
31837523,muavao,1,1432292.00,2025-07-08 17:00:00,NGÂN HÀNG TMCP Á CHÂU,CTY TNHH MTV HUY VU
64951,muavao,1,68425926.00,2025-07-08 17:00:00,CÔNG TY CỔ PHẦN DỊCH VỤ PHÂN PHỐI TỔNG HỢP DẦU KHÍ,Công ty TNHH  Một Thành Viên Huy Vũ
14036,muavao,1,5383334.00,2025-07-03 17:00:00,CÔNG TY CỔ PHẦN MÁY TÍNH VĨNH XUÂN - CHI NHÁNH THÀNH PHỐ HỒ CHÍ MINH,CÔNG TY TNHH MỘT THÀNH VIÊN HUY VŨ
1449,muavao,4,10545455.00,2025-06-30 17:00:00,CÔNG TY TNHH MỘT THÀNH VIÊN DỊCH VỤ THƯƠNG MẠI MẠNH TÀI,CÔNG TY TNHH MỘT THÀNH VIÊN HUY VŨ
4370,muavao,1,23000.00,2025-08-10 17:00:00,Ngân hàng TMCP Sài Gòn Thương Tín - Chi nhánh Gia Lai,CONG TY TNHH MTV HUY VU
80367,muavao,1,8055556.00,2025-08-28 17:00:00,CÔNG TY TNHH MỘT THÀNH VIÊN CÔNG NGHỆ TIN HỌC VIỄN SƠN,CÔNG TY TNHH MỘT THÀNH VIÊN HUY VŨ
4620,muavao,1,23000.00,2025-08-26 17:00:00,Ngân hàng TMCP Sài Gòn Thương Tín - Chi nhánh Gia Lai,CONG TY TNHH MTV HUY VU
492151,muavao,1,185666191.00,2025-08-26 17:00:00,CÔNG TY CỔ PHẦN THẾ GIỚI SỐ,CÔNG TY TNHH MTV HUY VŨ
90278,muavao,1,39502357.00,2025-08-25 17:00:00,CÔNG TY CỔ PHẦN DỊCH VỤ PHÂN PHỐI TỔNG HỢP DẦU KHÍ,Công ty TNHH  Một Thành Viên Huy Vũ
2179,muavao,1,3518519.00,2025-08-21 17:00:00,CÔNG TY CỔ PHẦN MÁY TÍNH VĨNH XUÂN - CHI NHÁNH ĐÀ NẴNG,CÔNG TY TNHH MỘT THÀNH VIÊN HUY VŨ
76472,muavao,1,30555556.00,2025-08-21 17:00:00,CÔNG TY TNHH MỘT THÀNH VIÊN CÔNG NGHỆ TIN HỌC VIỄN SƠN,CÔNG TY TNHH MỘT THÀNH VIÊN HUY VŨ
3843,muavao,1,4962963.00,2025-08-18 17:00:00,CÔNG TY CỔ PHẦN ĐẦU TƯ PHÁT TRIỂN CÔNG NGHỆ ROBO,CÔNG TY TNHH MỘT THÀNH VIÊN HUY VŨ
9036,muavao,1,6479630.00,2025-08-13 17:00:00,CHI NHÁNH CÔNG TY CỔ PHẦN KỸ THUẬT CÔNG NGHỆ NAM THÀNH,Công ty TNHH  Một Thành Viên Huy Vũ
71709,muavao,1,20833333.00,2025-08-13 17:00:00,CÔNG TY TNHH MỘT THÀNH VIÊN CÔNG NGHỆ TIN HỌC VIỄN SƠN,CÔNG TY TNHH MỘT THÀNH VIÊN HUY VŨ
162511,muavao,1,19000.00,2025-08-10 17:00:00,Ngân hàng TMCP Sài Gòn Thương Tín - Chi nhánh Gia Lai,CONG TY TNHH MTV HUY VU
162572,muavao,1,927616.00,2025-08-10 17:00:00,Ngân hàng TMCP Sài Gòn Thương Tín - Chi nhánh Gia Lai,CONG TY TNHH MTV HUY VU
162586,muavao,1,436983.00,2025-08-10 17:00:00,Ngân hàng TMCP Sài Gòn Thương Tín - Chi nhánh Gia Lai,CONG TY TNHH MTV HUY VU
162594,muavao,1,249534.00,2025-08-10 17:00:00,Ngân hàng TMCP Sài Gòn Thương Tín - Chi nhánh Gia Lai,CONG TY TNHH MTV HUY VU
162601,muavao,1,586632.00,2025-08-10 17:00:00,Ngân hàng TMCP Sài Gòn Thương Tín - Chi nhánh Gia Lai,CONG TY TNHH MTV HUY VU
162605,muavao,1,335707.00,2025-08-10 17:00:00,Ngân hàng TMCP Sài Gòn Thương Tín - Chi nhánh Gia Lai,CONG TY TNHH MTV HUY VU
162612,muavao,1,197030.00,2025-08-10 17:00:00,Ngân hàng TMCP Sài Gòn Thương Tín - Chi nhánh Gia Lai,CONG TY TNHH MTV HUY VU
162616,muavao,1,274289.00,2025-08-10 17:00:00,Ngân hàng TMCP Sài Gòn Thương Tín - Chi nhánh Gia Lai,CONG TY TNHH MTV HUY VU
162620,muavao,1,292192.00,2025-08-10 17:00:00,Ngân hàng TMCP Sài Gòn Thương Tín - Chi nhánh Gia Lai,CONG TY TNHH MTV HUY VU
162623,muavao,1,216559.00,2025-08-10 17:00:00,Ngân hàng TMCP Sài Gòn Thương Tín - Chi nhánh Gia Lai,CONG TY TNHH MTV HUY VU
162631,muavao,1,68103.00,2025-08-10 17:00:00,Ngân hàng TMCP Sài Gòn Thương Tín - Chi nhánh Gia Lai,CONG TY TNHH MTV HUY VU
71212,muavao,1,50925926.00,2025-08-10 17:00:00,CÔNG TY TNHH MỘT THÀNH VIÊN CÔNG NGHỆ TIN HỌC VIỄN SƠN,CÔNG TY TNHH MỘT THÀNH VIÊN HUY VŨ
13342,muavao,1,1301191.00,2025-08-05 17:00:00,CÔNG TY CỔ PHẦN ĐẦU TƯ THƯƠNG MẠI PHÁT TRIỂN NHẤT TÍN,CÔNG TY TNHH MỘT THÀNH VIÊN HUY VŨ
561427,muavao,1,20200.00,2025-08-01 17:00:00,TRUNG TÂM KINH DOANH VNPT - GIA LAI - CHI NHÁNH TỔNG CÔNG TY DỊCH VỤ VIỄN THÔNG,Công Ty TNHH MTV  Huy Vũ
561463,muavao,1,20000.00,2025-08-01 17:00:00,TRUNG TÂM KINH DOANH VNPT - GIA LAI - CHI NHÁNH TỔNG CÔNG TY DỊCH VỤ VIỄN THÔNG,Công Ty TNHH MTV Huy Vũ
588946,muavao,1,249636.00,2025-08-01 17:00:00,TRUNG TÂM KINH DOANH VNPT - GIA LAI - CHI NHÁNH TỔNG CÔNG TY DỊCH VỤ VIỄN THÔNG,Công Ty TNHH MTV Huy Vũ
627629,muavao,1,202210.00,2025-08-01 17:00:00,TRUNG TÂM KINH DOANH VNPT - GIA LAI - CHI NHÁNH TỔNG CÔNG TY DỊCH VỤ VIỄN THÔNG,Công Ty TNHH MTV Huy Vũ
2556,muavao,1,3000001.00,2025-08-01 17:00:00,CÔNG TY TNHH THƯƠNG MẠI DỊCH VỤ SẢN XUẤT XUẤT NHẬP KHẨU MỰC IN VIỆT NHẬT,CÔNG TY TNHH MỘT THÀNH VIÊN HUY VŨ
576120,muavao,1,18967593.00,2025-09-29 17:00:00,CÔNG TY CỔ PHẦN THẾ GIỚI SỐ,CÔNG TY TNHH MTV HUY VŨ
5038,muavao,1,39779.00,2025-09-24 17:00:00,Ngân hàng TMCP Sài Gòn Thương Tín - Chi nhánh Gia Lai,CONG TY TNHH MTV HUY VU
5039,muavao,1,62933.00,2025-09-24 17:00:00,Ngân hàng TMCP Sài Gòn Thương Tín - Chi nhánh Gia Lai,CONG TY TNHH MTV HUY VU
566824,muavao,1,28666666.00,2025-09-24 17:00:00,CÔNG TY CỔ PHẦN THẾ GIỚI SỐ,CÔNG TY TNHH MTV HUY VŨ
18911,muavao,1,23611110.00,2025-09-21 17:00:00,CÔNG TY CỔ PHẦN ĐẦU TƯ LBM,CÔNG TY TNHH MỘT THÀNH VIÊN HUY VŨ
102038,muavao,1,12601851.00,2025-09-16 17:00:00,CÔNG TY CỔ PHẦN DỊCH VỤ PHÂN PHỐI TỔNG HỢP DẦU KHÍ,Công ty TNHH  Một Thành Viên Huy Vũ
46309146,muavao,1,29545.00,2025-09-12 17:00:00,NGÂN HÀNG TMCP Á CHÂU,CTY TNHH MTV HUY VU
46309199,muavao,1,29545.00,2025-09-12 17:00:00,NGÂN HÀNG TMCP Á CHÂU,CTY TNHH MTV HUY VU
864,muavao,1,334722222.00,2025-09-11 17:00:00,CHI NHÁNH CÔNG TY CỔ PHẦN ĐẦU TƯ VÀ PHÁT TRIỂN CÔNG NGHỆ QUỐC GIA ADG TẠI ĐÀ NẴNG,Công Ty TNHH Một Thành Viên Huy Vũ
176275,muavao,1,330514.00,2025-09-10 17:00:00,Ngân hàng TMCP Sài Gòn Thương Tín - Chi nhánh Gia Lai,CONG TY TNHH MTV HUY VU
176276,muavao,1,250754.00,2025-09-10 17:00:00,Ngân hàng TMCP Sài Gòn Thương Tín - Chi nhánh Gia Lai,CONG TY TNHH MTV HUY VU
176277,muavao,1,325222.00,2025-09-10 17:00:00,Ngân hàng TMCP Sài Gòn Thương Tín - Chi nhánh Gia Lai,CONG TY TNHH MTV HUY VU
176278,muavao,1,148216.00,2025-09-10 17:00:00,Ngân hàng TMCP Sài Gòn Thương Tín - Chi nhánh Gia Lai,CONG TY TNHH MTV HUY VU
176330,muavao,1,19000.00,2025-09-10 17:00:00,Ngân hàng TMCP Sài Gòn Thương Tín - Chi nhánh Gia Lai,CONG TY TNHH MTV HUY VU
132359,muavao,1,32962964.00,2025-09-09 17:00:00,Công ty TNHH Phân phối Synnex FPT,Công ty TNHH MTV Huy Vũ
84466,muavao,1,925926.00,2025-09-09 17:00:00,CÔNG TY TNHH MỘT THÀNH VIÊN CÔNG NGHỆ TIN HỌC VIỄN SƠN,CÔNG TY TNHH MỘT THÀNH VIÊN HUY VŨ
4714,muavao,1,45768518.00,2025-09-08 17:00:00,CÔNG TY TNHH PHƯƠNG KHANG COMPUTER,CÔNG TY TNHH MỘT THÀNH VIÊN HUY VŨ
2794,muavao,1,4008000.00,2025-09-04 17:00:00,CHI NHÁNH CÔNG TY TNHH THƯƠNG MẠI - ĐẦU TƯ VÀ PHÁT TRIỂN,Công Ty TNHH Một Thành Viên Huy Vũ
503823,muavao,1,30611110.00,2025-09-04 17:00:00,CÔNG TY CỔ PHẦN THẾ GIỚI SỐ,CÔNG TY TNHH MTV HUY VŨ
28908,muavao,3,-3996296.00,2025-10-30 17:00:00,CÔNG TY CỔ PHẦN MÁY TÍNH VĨNH XUÂN,CÔNG TY TNHH MỘT THÀNH VIÊN HUY VŨ
12833,muavao,1,39271299.00,2025-10-26 17:00:00,CHI NHÁNH CÔNG TY CỔ PHẦN KỸ THUẬT CÔNG NGHỆ NAM THÀNH,Công ty TNHH  Một Thành Viên Huy Vũ
11635,muavao,1,1620370.00,2025-10-22 17:00:00,Công Ty TNHH Công Nghệ Thông Tin An Phát,CÔNG TY TNHH MỘT THÀNH VIÊN HUY VŨ
3051,muavao,1,11810185.00,2025-10-21 17:00:00,CÔNG TY CỔ PHẦN MÁY TÍNH VĨNH XUÂN - CHI NHÁNH ĐÀ NẴNG,CÔNG TY TNHH MỘT THÀNH VIÊN HUY VŨ
6782,muavao,1,5601852.00,2025-10-16 17:00:00,CÔNG TY TNHH THẢO NHIÊN,CÔNG TY TNHH MỘT THÀNH VIÊN HUY VŨ
189365,muavao,1,877295.00,2025-10-12 17:00:00,Ngân hàng TMCP Sài Gòn Thương Tín - Chi nhánh Gia Lai,CONG TY TNHH MTV HUY VU
189366,muavao,1,928873.00,2025-10-12 17:00:00,Ngân hàng TMCP Sài Gòn Thương Tín - Chi nhánh Gia Lai,CONG TY TNHH MTV HUY VU
189367,muavao,1,681586.00,2025-10-12 17:00:00,Ngân hàng TMCP Sài Gòn Thương Tín - Chi nhánh Gia Lai,CONG TY TNHH MTV HUY VU
189368,muavao,1,457428.00,2025-10-12 17:00:00,Ngân hàng TMCP Sài Gòn Thương Tín - Chi nhánh Gia Lai,CONG TY TNHH MTV HUY VU
189369,muavao,1,535243.00,2025-10-12 17:00:00,Ngân hàng TMCP Sài Gòn Thương Tín - Chi nhánh Gia Lai,CONG TY TNHH MTV HUY VU
189370,muavao,1,1149118.00,2025-10-12 17:00:00,Ngân hàng TMCP Sài Gòn Thương Tín - Chi nhánh Gia Lai,CONG TY TNHH MTV HUY VU
189371,muavao,1,1295922.00,2025-10-12 17:00:00,Ngân hàng TMCP Sài Gòn Thương Tín - Chi nhánh Gia Lai,CONG TY TNHH MTV HUY VU
189372,muavao,1,620052.00,2025-10-12 17:00:00,Ngân hàng TMCP Sài Gòn Thương Tín - Chi nhánh Gia Lai,CONG TY TNHH MTV HUY VU
189373,muavao,1,501782.00,2025-10-12 17:00:00,Ngân hàng TMCP Sài Gòn Thương Tín - Chi nhánh Gia Lai,CONG TY TNHH MTV HUY VU
189376,muavao,1,910384.00,2025-10-12 17:00:00,Ngân hàng TMCP Sài Gòn Thương Tín - Chi nhánh Gia Lai,CONG TY TNHH MTV HUY VU
1954,muavao,1,14166667.00,2025-10-12 17:00:00,CÔNG TY TNHH XUẤT NHẬP KHẨU LÊ TRẦN GIA,CÔNG TY TNHH MỘT THÀNH VIÊN HUY VŨ
2883,muavao,1,25421296.00,2025-10-08 17:00:00,CÔNG TY CỔ PHẦN MÁY TÍNH VĨNH XUÂN - CHI NHÁNH ĐÀ NẴNG,CÔNG TY TNHH MỘT THÀNH VIÊN HUY VŨ
6363,muavao,1,5972223.00,2025-10-03 17:00:00,CÔNG TY TNHH THƯƠNG MẠI DỊCH VỤ QUỐC VIỆT,Công Ty TNHH Một Thành Viên Huy Vũ
3566,muavao,1,4583333.00,2025-11-28 17:00:00,CHI NHÁNH CÔNG TY TNHH CÔNG NGHỆ VÀ THƯƠNG MẠI Á MỸ,CÔNG TY TNHH MỘT THÀNH VIÊN HUY VŨ
11371,muavao,1,11111111.00,2025-11-23 17:00:00,CÔNG TY TNHH PHƯƠNG KHANG COMPUTER,CÔNG TY TNHH MỘT THÀNH VIÊN HUY VŨ
129074,muavao,1,34592592.00,2025-11-21 17:00:00,CÔNG TY CỔ PHẦN DỊCH VỤ PHÂN PHỐI TỔNG HỢP DẦU KHÍ,CÔNG TY TNHH MỘT THÀNH VIÊN HUY VŨ
205213,muavao,1,267276.00,2025-11-17 17:00:00,Ngân hàng TMCP Sài Gòn Thương Tín - Chi nhánh Gia Lai,CONG TY TNHH MTV HUY VU
163,muavao,1,28916670.00,2025-11-17 17:00:00,CÔNG TY CỔ PHẦN THƯƠNG MẠI - DỊCH VỤ SAO NAM AN,Công Ty TNHH Một Thành Viên Huy Vũ
13553,muavao,1,2069444.00,2025-11-10 17:00:00,CHI NHÁNH CÔNG TY CỔ PHẦN KỸ THUẬT CÔNG NGHỆ NAM THÀNH,Công ty TNHH  Một Thành Viên Huy Vũ
201625,muavao,1,703727.00,2025-11-09 17:00:00,Ngân hàng TMCP Sài Gòn Thương Tín - Chi nhánh Gia Lai,CONG TY TNHH MTV HUY VU
5311,muavao,1,5092593.00,2025-11-09 17:00:00,CÔNG TY CỔ PHẦN ĐẦU TƯ PHÁT TRIỂN CÔNG NGHỆ ROBO,CÔNG TY TNHH MỘT THÀNH VIÊN HUY VŨ
69262,muavao,1,444444.00,2025-11-07 17:00:00,CÔNG TY TNHH VI TÍNH NGUYÊN KIM,CÔNG TY TNHH MỘT THÀNH VIÊN HUY VŨ
3807,muavao,1,9930555.00,2025-11-07 17:00:00,CÔNG TY TNHH THƯƠNG MẠI DỊCH VỤ SẢN XUẤT XUẤT NHẬP KHẨU MỰC IN VIỆT NHẬT,CÔNG TY TNHH MỘT THÀNH VIÊN HUY VŨ
20503,muavao,1,583000.00,2025-11-04 17:00:00,CÔNG TY CỔ PHẦN ĐẦU TƯ THƯƠNG MẠI PHÁT TRIỂN NHẤT TÍN,CÔNG TY TNHH MỘT THÀNH VIÊN HUY VŨ
5631,muavao,1,19000.00,2025-10-31 17:00:00,Ngân hàng TMCP Sài Gòn Thương Tín - Chi nhánh Gia Lai,CONG TY TNHH MTV HUY VU
222940,muavao,1,19000.00,2025-12-29 17:00:00,Ngân hàng TMCP Sài Gòn Thương Tín - Chi nhánh Gia Lai,CONG TY TNHH MTV HUY VU
756298,muavao,1,78166665.00,2025-12-29 17:00:00,CÔNG TY CỔ PHẦN THẾ GIỚI SỐ,CÔNG TY TNHH MTV HUY VŨ
219912,muavao,1,22594.00,2025-12-24 17:00:00,Ngân hàng TMCP Sài Gòn Thương Tín - Chi nhánh Gia Lai,CONG TY TNHH MTV HUY VU
726794,muavao,1,78166665.00,2025-12-24 17:00:00,CÔNG TY CỔ PHẦN THẾ GIỚI SỐ,CÔNG TY TNHH MTV HUY VŨ
36927,muavao,1,8111111.00,2025-12-18 17:00:00,CÔNG TY CỔ PHẦN MÁY TÍNH VĨNH XUÂN,CÔNG TY TNHH MỘT THÀNH VIÊN HUY VŨ
1256,muavao,1,255787037.00,2025-12-17 17:00:00,CHI NHÁNH CÔNG TY CỔ PHẦN ĐẦU TƯ VÀ PHÁT TRIỂN CÔNG NGHỆ QUỐC GIA ADG TẠI ĐÀ NẴNG,Công Ty TNHH Một Thành Viên Huy Vũ
10870,muavao,1,3740741.00,2025-12-15 17:00:00,Công ty TNHH Tin Học Kim Thiên Bảo,CÔNG TY TNHH MỘT THÀNH VIÊN HUY VŨ
138725,muavao,1,25555555.00,2025-12-10 17:00:00,CÔNG TY CỔ PHẦN DỊCH VỤ PHÂN PHỐI TỔNG HỢP DẦU KHÍ,CÔNG TY TNHH MỘT THÀNH VIÊN HUY VŨ
213249,muavao,1,406806.00,2025-12-09 17:00:00,Ngân hàng TMCP Sài Gòn Thương Tín - Chi nhánh Gia Lai,CONG TY TNHH MTV HUY VU
1467,muavao,1,55083334.00,2025-12-08 17:00:00,CÔNG TY CỔ PHẦN CÔNG NGHỆ COTIMEX,CÔNG TY TNHH MỘT THÀNH VIÊN HUY VŨ
