shdon,loaihd,tthai,tgtcthue,tdlap,nbten,nmten
42,banra,1,1363636.00,2023-01-13 17:00:00,CÔNG TY TNHH MỘT THÀNH VIÊN HUY VŨ,CÔNG TY TNHH MỘT THÀNH VIÊN SÔNG ĐÀ 10.1
43,banra,1,53463636.00,2023-01-15 17:00:00,CÔNG TY TNHH MỘT THÀNH VIÊN HUY VŨ,CÔNG TY CỔ PHẦN XÂY DỰNG THIÊN QUÂN GIA LAI
52,banra,1,1318182.00,2023-01-27 17:00:00,CÔNG TY TNHH MỘT THÀNH VIÊN HUY VŨ,CÔNG TY CỔ PHẦN TƯ VẤN XÂY DỰNG GIAO THÔNG AN BÌNH
57731,muavao,1,472531.00,2023-12-31 17:00:00,TRUNG TÂM KINH DOANH VNPT - GIA LAI - CHI NHÁNH TỔNG CÔNG TY DỊCH VỤ VIỄN THÔNG,Công Ty TNHH MTV Huy Vũ
57638,muavao,1,375826.00,2023-12-31 17:00:00,TRUNG TÂM KINH DOANH VNPT - GIA LAI - CHI NHÁNH TỔNG CÔNG TY DỊCH VỤ VIỄN THÔNG,Công Ty TNHH MTV Huy Vũ
57637,muavao,1,437970.00,2023-12-31 17:00:00,TRUNG TÂM KINH DOANH VNPT - GIA LAI - CHI NHÁNH TỔNG CÔNG TY DỊCH VỤ VIỄN THÔNG,Công Ty TNHH MTV Huy Vũ
29331,muavao,1,249636.00,2023-12-31 17:00:00,TRUNG TÂM KINH DOANH VNPT - GIA LAI - CHI NHÁNH TỔNG CÔNG TY DỊCH VỤ VIỄN THÔNG,Công Ty TNHH MTV Huy Vũ
2149,muavao,1,274000.00,2023-12-31 17:00:00,TRUNG TÂM KINH DOANH VNPT - GIA LAI - CHI NHÁNH TỔNG CÔNG TY DỊCH VỤ VIỄN THÔNG,Công Ty TNHH MTV Huy Vũ
2109,muavao,1,20000.00,2023-12-31 17:00:00,TRUNG TÂM KINH DOANH VNPT - GIA LAI - CHI NHÁNH TỔNG CÔNG TY DỊCH VỤ VIỄN THÔNG,Công Ty TNHH MTV Huy Vũ
2061,muavao,1,24545.00,2023-12-31 17:00:00,TRUNG TÂM KINH DOANH VNPT - GIA LAI - CHI NHÁNH TỔNG CÔNG TY DỊCH VỤ VIỄN THÔNG,Công Ty  TNHH MTV Huy Vũ
2060,muavao,1,26671.00,2023-12-31 17:00:00,TRUNG TÂM KINH DOANH VNPT - GIA LAI - CHI NHÁNH TỔNG CÔNG TY DỊCH VỤ VIỄN THÔNG,Công Ty TNHH MTV  Huy Vũ
1887,muavao,1,233636.00,2023-12-31 17:00:00,TRUNG TÂM KINH DOANH VNPT - GIA LAI - CHI NHÁNH TỔNG CÔNG TY DỊCH VỤ VIỄN THÔNG,Cửa Hàng Máy Tình Trường Sơn
71491000,muavao,1,54545.00,2023-11-10 17:00:00,NGÂN HÀNG TMCP Á CHÂU,CTY TNHH MTV HUY VU
6637,muavao,1,220000.00,2023-01-30 17:00:00,NGAN HANG TMCP PHAT TRIEN THANH PHO HO CHI MINH,CONG TY TNHH MOT THANH VIEN HUY VU
6636,muavao,1,7301990.00,2023-01-30 17:00:00,NGAN HANG TMCP PHAT TRIEN THANH PHO HO CHI MINH,CONG TY TNHH MOT THANH VIEN HUY VU
971,banra,1,218182.00,2023-09-18 17:00:00,CÔNG TY TNHH MỘT THÀNH VIÊN HUY VŨ,CÔNG TY TNHH BỆNH VIỆN MẮT CAO NGUYÊN
51557,muavao,1,97916.00,2023-04-02 17:00:00,Ngân hàng TMCP Sài Gòn Thương Tín - Chi nhánh Gia Lai,CONG TY TNHH MTV HUY VU
51,banra,1,3963636.00,2023-01-27 17:00:00,CÔNG TY TNHH MỘT THÀNH VIÊN HUY VŨ,CHI NHÁNH 716 THUỘC TỔNG CÔNG TY 15
50,banra,1,23863636.00,2023-01-27 17:00:00,CÔNG TY TNHH MỘT THÀNH VIÊN HUY VŨ,CÔNG TY CỔ PHẦN BỆNH VIỆN ĐẠI HỌC Y DƯỢC - HOÀNG ANH GIA LAI
49,banra,1,2318182.00,2023-01-17 17:00:00,CÔNG TY TNHH MỘT THÀNH VIÊN HUY VŨ,CÔNG TY CỔ PHẦN SẢN XUẤT - THƯƠNG MẠI MINH NGỌC
48,banra,1,6000000.00,2023-01-17 17:00:00,CÔNG TY TNHH MỘT THÀNH VIÊN HUY VŨ,TRUNG TÂM KỸ THUẬT TÀI NGUYÊN VÀ MÔI TRƯỜNG GIA LAI
47,banra,1,863636.00,2023-01-17 17:00:00,CÔNG TY TNHH MỘT THÀNH VIÊN HUY VŨ,CÔNG TY TNHH MTV XÂY DỰNG NĂNG LƯỢNG VNECO
46,banra,1,1109091.00,2023-01-16 17:00:00,CÔNG TY TNHH MỘT THÀNH VIÊN HUY VŨ,CÔNG TY CỔ PHẦN XÂY DỰNG THIÊN QUÂN GIA LAI
45,banra,1,2681818.00,2023-01-15 17:00:00,CÔNG TY TNHH MỘT THÀNH VIÊN HUY VŨ,CÔNG TY TNHH PHƯƠNG ANH THỊNH
44,banra,1,8318182.00,2023-01-15 17:00:00,CÔNG TY TNHH MỘT THÀNH VIÊN HUY VŨ,CÔNG TY CỔ PHẦN THỦY ĐIỆN HOÀNG ANH TÔNA
41,banra,1,6363636.00,2023-01-12 17:00:00,CÔNG TY TNHH MỘT THÀNH VIÊN HUY VŨ,LIÊN ĐOÀN QUY HOẠCH VÀ ĐIỀU TRA TÀI NGUYÊN NƯỚC MIỀN TRUNG
40,banra,1,2590909.00,2023-01-12 17:00:00,CÔNG TY TNHH MỘT THÀNH VIÊN HUY VŨ,CÔNG TY TNHH XUẤT NHẬP KHẨU HOA TRANG - GIA LAI
39,banra,1,350684455.00,2023-01-12 17:00:00,CÔNG TY TNHH MỘT THÀNH VIÊN HUY VŨ,CÔNG TY TNHH VĨNH HIỆP
38,banra,1,245455.00,2023-01-12 17:00:00,CÔNG TY TNHH MỘT THÀNH VIÊN HUY VŨ,CHI NHÁNH CÔNG TY TNHH LOTTERIA VIỆT NAM TẠI TỈNH GIA LAI
37,banra,1,1409091.00,2023-01-12 17:00:00,CÔNG TY TNHH MỘT THÀNH VIÊN HUY VŨ,CỤC QUẢN LÝ THỊ TRƯỜNG TỈNH GIA LAI
36,banra,1,13636364.00,2023-01-12 17:00:00,CÔNG TY TNHH MỘT THÀNH VIÊN HUY VŨ,CÔNG TY CỔ PHẦN DỊCH VỤ PHÂN PHỐI TỔNG HỢP DẦU KHÍ
35,banra,1,190909.00,2023-01-11 17:00:00,CÔNG TY TNHH MỘT THÀNH VIÊN HUY VŨ,QUỸ TÍN DỤNG NHÂN DÂN THẮNG LỢI
34,banra,1,1227273.00,2023-01-11 17:00:00,CÔNG TY TNHH MỘT THÀNH VIÊN HUY VŨ,CÔNG TY CỔ PHẦN VĂN HÓA GIÁO DỤC GIA LAI
33,banra,1,500000.00,2023-01-11 17:00:00,CÔNG TY TNHH MỘT THÀNH VIÊN HUY VŨ,CHI NHÁNH ĐẮK LẮK - CÔNG TY CỔ PHẦN VIỄN THÔNG FPT
32,banra,1,23818182.00,2023-01-10 17:00:00,CÔNG TY TNHH MỘT THÀNH VIÊN HUY VŨ,NGÂN HÀNG THƯƠNG MẠI CỔ PHẦN ĐẦU TƯ VÀ PHÁT TRIỂN VIỆT NAM - CHI NHÁNH NAM GIA LAI
31,banra,1,9772727.00,2023-01-10 17:00:00,CÔNG TY TNHH MỘT THÀNH VIÊN HUY VŨ,NGÂN HÀNG THƯƠNG MẠI CỔ PHẦN BƯU ĐIỆN LIÊN VIỆT - CHI NHÁNH GIA LAI
30,banra,1,9772727.00,2023-01-10 17:00:00,CÔNG TY TNHH MỘT THÀNH VIÊN HUY VŨ,NGÂN HÀNG THƯƠNG MẠI CỔ PHẦN BƯU ĐIỆN LIÊN VIỆT - CHI NHÁNH GIA LAI
29,banra,1,13536364.00,2023-01-10 17:00:00,CÔNG TY TNHH MỘT THÀNH VIÊN HUY VŨ,CÔNG TY TNHH MỘT THÀNH VIÊN BẤT ĐỘNG SẢN TÂM NGUYỄN
28,banra,1,30727273.00,2023-01-10 17:00:00,CÔNG TY TNHH MỘT THÀNH VIÊN HUY VŨ,CÔNG TY TNHH ĐIỆN TỬ TIN HỌC KIM PHÁT
27,banra,1,3445455.00,2023-01-09 17:00:00,CÔNG TY TNHH MỘT THÀNH VIÊN HUY VŨ,DOANH NGHIỆP TƯ NHÂN HOÀNG NAM
26,banra,1,800000.00,2023-01-09 17:00:00,CÔNG TY TNHH MỘT THÀNH VIÊN HUY VŨ,CÔNG TY TNHH MTV Ô TÔ GIA LAI
25,banra,1,336364.00,2023-01-09 17:00:00,CÔNG TY TNHH MỘT THÀNH VIÊN HUY VŨ,BINH ĐOÀN 15
24,banra,1,236364.00,2023-01-09 17:00:00,CÔNG TY TNHH MỘT THÀNH VIÊN HUY VŨ,TRƯỜNG TRUNG HỌC CƠ SỞ ANH HÙNG WỪU
23,banra,1,12400000.00,2023-01-09 17:00:00,CÔNG TY TNHH MỘT THÀNH VIÊN HUY VŨ,CHI NHÁNH CÔNG TY TNHH OLAM TẠI TỈNH GIA LAI
22,banra,1,1136364.00,2023-01-09 17:00:00,CÔNG TY TNHH MỘT THÀNH VIÊN HUY VŨ,TIỂU ĐOÀN 27 QUÂN ĐOÀN 3
21,banra,1,16000000.00,2023-01-08 17:00:00,CÔNG TY TNHH MỘT THÀNH VIÊN HUY VŨ,CÔNG TY THUỶ ĐIỆN IA LY (CHI NHÁNH THUỘC TẬP ĐOÀN ĐIỆN LỰC VIỆT NAM)
20,banra,1,4036365.00,2023-01-08 17:00:00,CÔNG TY TNHH MỘT THÀNH VIÊN HUY VŨ,MÁY VĂN PHÒNG PHƯƠNG NAM
19,banra,1,5072727.00,2023-01-08 17:00:00,CÔNG TY TNHH MỘT THÀNH VIÊN HUY VŨ,CÔNG TY TNHH GIẢI PHÁP NÔNG NGHIỆP VFR
18,banra,1,372727.00,2023-01-08 17:00:00,CÔNG TY TNHH MỘT THÀNH VIÊN HUY VŨ,CÔNG TY TNHH BỆNH VIỆN MẮT CAO NGUYÊN
17,banra,1,3627273.00,2023-01-08 17:00:00,CÔNG TY TNHH MỘT THÀNH VIÊN HUY VŨ,CÔNG TY TNHH MỘT THÀNH VIÊN CÀ PHÊ  IA CHÂM
16,banra,1,1618182.00,2023-01-06 17:00:00,CÔNG TY TNHH MỘT THÀNH VIÊN HUY VŨ,CÔNG TY TNHH MỘT THÀNH VIÊN NĂNG LƯỢNG HOÀI PHƯƠNG GIA LAI
15,banra,1,118182.00,2023-01-05 17:00:00,CÔNG TY TNHH MỘT THÀNH VIÊN HUY VŨ,CÔNG TY CỔ PHẦN DƯỢC PHẨM TV.PHARM
14,banra,1,1145455.00,2023-01-05 17:00:00,CÔNG TY TNHH MỘT THÀNH VIÊN HUY VŨ,CÔNG TY LUẬT TNHH LDL
13,banra,1,336364.00,2023-01-05 17:00:00,CÔNG TY TNHH MỘT THÀNH VIÊN HUY VŨ,HỘI NÔNG DÂN  PHƯỜNG HỘI THƯƠNG
12,banra,1,12718182.00,2023-01-04 17:00:00,CÔNG TY TNHH MỘT THÀNH VIÊN HUY VŨ,CÔNG TY TNHH MỘT THÀNH VIÊN THƯƠNG MẠI VÀ DỊCH VỤ NGỌC THƠM GIA LAI
11,banra,1,4545455.00,2023-01-04 17:00:00,CÔNG TY TNHH MỘT THÀNH VIÊN HUY VŨ,CÔNG TY TNHH TƯ VẤN THIẾT KẾ VÀ XÂY DỰNG QUỐC KHÁNH
10,banra,1,381818.00,2023-01-04 17:00:00,CÔNG TY TNHH MỘT THÀNH VIÊN HUY VŨ,CHI NHÁNH CÔNG TY TNHH OLAM TẠI TỈNH GIA LAI
9,banra,1,309091.00,2023-01-04 17:00:00,CÔNG TY TNHH MỘT THÀNH VIÊN HUY VŨ,CHI NHÁNH CÔNG TY TRÁCH NHIỆM HỮU HẠN ĐỨC DUNG - BIỂN HỒ
8,banra,1,15136364.00,2023-01-03 17:00:00,CÔNG TY TNHH MỘT THÀNH VIÊN HUY VŨ,CÔNG TY TNHH TƯ VẤN THIẾT KẾ VÀ XÂY DỰNG QUỐC KHÁNH
7,banra,1,10063636.00,2023-01-03 17:00:00,CÔNG TY TNHH MỘT THÀNH VIÊN HUY VŨ,CÔNG TY TNHH MỘT THÀNH VIÊN SÀI GÒN - CHƯ SÊ
6,banra,1,109091.00,2023-01-02 17:00:00,CÔNG TY TNHH MỘT THÀNH VIÊN HUY VŨ,CHI NHÁNH XĂNG DẦU QUÂN ĐỘI KHU VỰC TÂY NGUYÊN - CÔNG TY TNHH MỘT THÀNH VIÊN TỔNG CÔNG TY XĂNG DẦU QUÂN ĐỘI
5,banra,1,650000.00,2023-01-02 17:00:00,CÔNG TY TNHH MỘT THÀNH VIÊN HUY VŨ,CÔNG TY TNHH MỘT THÀNH VIÊN BÌNH DƯƠNG
4,banra,1,2731482.00,2023-01-02 17:00:00,CÔNG TY TNHH MỘT THÀNH VIÊN HUY VŨ,CÔNG TY TNHH MỘT THÀNH VIÊN THƯƠNG MẠI & DỊCH VỤ ĐÔNG HUY
3,banra,1,72045455.00,2023-01-02 17:00:00,CÔNG TY TNHH MỘT THÀNH VIÊN HUY VŨ,CÔNG TY TRÁCH NHIỆM HỮU HẠN MỘT THÀNH VIÊN THẢO NGUYÊN PHÁT
2,banra,1,137909090.00,2023-01-02 17:00:00,CÔNG TY TNHH MỘT THÀNH VIÊN HUY VŨ,CÔNG TY TNHH ĐIỆN TỬ TIN HỌC KIM PHÁT
1,banra,1,13536364.00,2023-01-02 17:00:00,CÔNG TY TNHH MỘT THÀNH VIÊN HUY VŨ,CÔNG TY CỔ PHẦN TÍN THÀNH ĐẠT
180,banra,1,954545.00,2023-02-27 17:00:00,CÔNG TY TNHH MỘT THÀNH VIÊN HUY VŨ,CÔNG TY TRÁCH NHIỆM HỮU HẠN MỘT THÀNH VIÊN CÀ PHÊ IA GRAI
179,banra,1,17596364.00,2023-02-27 17:00:00,CÔNG TY TNHH MỘT THÀNH VIÊN HUY VŨ,TRƯỜNG TIỂU HỌC NGÔ QUYỀN
178,banra,1,6454545.00,2023-02-27 17:00:00,CÔNG TY TNHH MỘT THÀNH VIÊN HUY VŨ,CÔNG TY TRÁCH NHIỆM HỮU HẠN MỘT THÀNH VIÊN CÀ PHÊ IA GRAI
177,banra,1,7172727.00,2023-02-27 17:00:00,CÔNG TY TNHH MỘT THÀNH VIÊN HUY VŨ,TRƯỜNG THCS NGUYỄN HUỆ
176,banra,1,681818.00,2023-02-27 17:00:00,CÔNG TY TNHH MỘT THÀNH VIÊN HUY VŨ,CÔNG TY TNHH FCE JIALAI
7663,muavao,1,23000.00,2023-01-12 17:00:00,Ngân hàng TMCP Sài Gòn Thương Tín - Chi nhánh Gia Lai,CONG TY TNHH MTV HUY VU
175,banra,1,181818.00,2023-02-27 17:00:00,CÔNG TY TNHH MỘT THÀNH VIÊN HUY VŨ,CHI NHÁNH CÔNG TY CỔ PHẦN SUN TAXI TẠI GIA LAI
174,banra,1,8118182.00,2023-02-26 17:00:00,CÔNG TY TNHH MỘT THÀNH VIÊN HUY VŨ,CÔNG TY TNHH QUICORNAC
173,banra,1,2136364.00,2023-02-26 17:00:00,CÔNG TY TNHH MỘT THÀNH VIÊN HUY VŨ,NHÀ KHÁCH NỘI BỘ CÔNG ĐOÀN TỈNH GIA LAI
172,banra,1,3018182.00,2023-02-26 17:00:00,CÔNG TY TNHH MỘT THÀNH VIÊN HUY VŨ,CÔNG TY CỔ PHẦN CÀ PHÊ GIA LAI
171,banra,1,1618182.00,2023-02-26 17:00:00,CÔNG TY TNHH MỘT THÀNH VIÊN HUY VŨ,TRƯỜNG TRUNG HỌC PHỔ THÔNG CHUYÊN HÙNG VƯƠNG
170,banra,1,772727.00,2023-02-26 17:00:00,CÔNG TY TNHH MỘT THÀNH VIÊN HUY VŨ,CÔNG TY TNHH MTV LÂM NGHIỆP KONG H'DE
169,banra,1,2554545.00,2023-02-26 17:00:00,CÔNG TY TNHH MỘT THÀNH VIÊN HUY VŨ,CÔNG TY TNHH NÔNG NGHIỆP HOÀNG MINH
168,banra,1,900000.00,2023-02-26 17:00:00,CÔNG TY TNHH MỘT THÀNH VIÊN HUY VŨ,BAN QUẢN LÝ RỪNG PHÒNG HỘ ĐÔNG BẮC CHƯ PĂH
167,banra,1,16990909.00,2023-02-24 17:00:00,CÔNG TY TNHH MỘT THÀNH VIÊN HUY VŨ,BAN CHỈ HUY QUÂN SỰ HUYỆN  IA GRAI
166,banra,1,681818.00,2023-02-24 17:00:00,CÔNG TY TNHH MỘT THÀNH VIÊN HUY VŨ,CÔNG TY TRÁCH NHIỆM HỮU HẠN TƯ VẤN THIẾT KẾ VÀ XÂY DỰNG TẤN PHONG
165,banra,1,1272728.00,2023-02-24 17:00:00,CÔNG TY TNHH MỘT THÀNH VIÊN HUY VŨ,BINH ĐOÀN 15
51556,muavao,1,69939.00,2023-04-02 17:00:00,Ngân hàng TMCP Sài Gòn Thương Tín - Chi nhánh Gia Lai,CONG TY TNHH MTV HUY VU
164,banra,1,236364.00,2023-02-23 17:00:00,CÔNG TY TNHH MỘT THÀNH VIÊN HUY VŨ,CÔNG TY TNHH TÂY BẮC GIA LAI
163,banra,1,309091.00,2023-02-23 17:00:00,CÔNG TY TNHH MỘT THÀNH VIÊN HUY VŨ,CHI NHÁNH XĂNG DẦU QUÂN ĐỘI KHU VỰC TÂY NGUYÊN - CÔNG TY TNHH MỘT THÀNH VIÊN TỔNG CÔNG TY XĂNG DẦU QUÂN ĐỘI
162,banra,1,690909.00,2023-02-23 17:00:00,CÔNG TY TNHH MỘT THÀNH VIÊN HUY VŨ,CÔNG TY TNHH MỘT THÀNH VIÊN BÌNH DƯƠNG
161,banra,1,3454545.00,2023-02-23 17:00:00,CÔNG TY TNHH MỘT THÀNH VIÊN HUY VŨ,ĐẢNG ỦY XÃ IA GA
160,banra,1,300000.00,2023-02-23 17:00:00,CÔNG TY TNHH MỘT THÀNH VIÊN HUY VŨ,CHI NHÁNH XĂNG DẦU QUÂN ĐỘI KHU VỰC TÂY NGUYÊN - CÔNG TY TNHH MỘT THÀNH VIÊN TỔNG CÔNG TY XĂNG DẦU QUÂN ĐỘI
159,banra,1,15800000.00,2023-02-22 17:00:00,CÔNG TY TNHH MỘT THÀNH VIÊN HUY VŨ,TRƯỜNG THCS NGUYỄN HUỆ
158,banra,1,152272727.00,2023-02-22 17:00:00,CÔNG TY TNHH MỘT THÀNH VIÊN HUY VŨ,CÔNG TY TNHH ĐIỆN TỬ TIN HỌC KIM PHÁT
157,banra,1,3400000.00,2023-02-21 17:00:00,CÔNG TY TNHH MỘT THÀNH VIÊN HUY VŨ,CÔNG TY TRÁCH NHIỆM HỮU HẠN MỘT THÀNH VIÊN XĂNG DẦU BẮC TÂY NGUYÊN
156,banra,1,2109091.00,2023-02-21 17:00:00,CÔNG TY TNHH MỘT THÀNH VIÊN HUY VŨ,NGÂN HÀNG THƯƠNG MẠI CỔ PHẦN ĐẦU TƯ VÀ PHÁT TRIỂN VIỆT NAM - CHI NHÁNH NAM GIA LAI
155,banra,1,1090909.00,2023-02-21 17:00:00,CÔNG TY TNHH MỘT THÀNH VIÊN HUY VŨ,CỤC QUẢN LÝ THỊ TRƯỜNG TỈNH GIA LAI
154,banra,1,3227273.00,2023-02-21 17:00:00,CÔNG TY TNHH MỘT THÀNH VIÊN HUY VŨ,CHI NHÁNH CÔNG TY TNHH OLAM TẠI TỈNH GIA LAI
153,banra,1,1318182.00,2023-02-21 17:00:00,CÔNG TY TNHH MỘT THÀNH VIÊN HUY VŨ,PHÂN HIỆU TRƯỜNG ĐẠI HỌC LÂM NGHIỆP TẠI TỈNH GIA LAI
152,banra,1,7081818.00,2023-02-20 17:00:00,CÔNG TY TNHH MỘT THÀNH VIÊN HUY VŨ,CHI NHÁNH GIA LAI - CÔNG TY CỔ PHẦN THỰC PHẨM XUẤT KHẨU ĐỒNG GIAO
151,banra,1,2454545.00,2023-02-20 17:00:00,CÔNG TY TNHH MỘT THÀNH VIÊN HUY VŨ,CÔNG TY TNHH MỘT THÀNH VIÊN THANH TUẤN GL
150,banra,1,278545454.00,2023-02-20 17:00:00,CÔNG TY TNHH MỘT THÀNH VIÊN HUY VŨ,CÔNG TY CỔ PHẦN TRƯỜNG PHỔ THÔNG NGUYỄN VĂN LINH GIA LAI
149,banra,1,636364.00,2023-02-20 17:00:00,CÔNG TY TNHH MỘT THÀNH VIÊN HUY VŨ,TRƯỜNG MẦM NON THỊ TRẤN IALY
148,banra,1,1436364.00,2023-02-20 17:00:00,CÔNG TY TNHH MỘT THÀNH VIÊN HUY VŨ,ĐẢNG ỦY XÃ IA O
147,banra,1,5418182.00,2023-02-20 17:00:00,CÔNG TY TNHH MỘT THÀNH VIÊN HUY VŨ,AGRIBANK  CHI NHÁNH THÀNH PHỐ PLEIKU GIA LAI
146,banra,1,118182.00,2023-02-19 17:00:00,CÔNG TY TNHH MỘT THÀNH VIÊN HUY VŨ,CÔNG TY CỔ PHẦN DƯỢC PHẨM TV.PHARM
145,banra,1,572727.00,2023-02-19 17:00:00,CÔNG TY TNHH MỘT THÀNH VIÊN HUY VŨ,BAN QUẢN LÝ RỪNG PHÒNG HỘ ĐÔNG BẮC CHƯ PĂH
144,banra,1,3081818.00,2023-02-19 17:00:00,CÔNG TY TNHH MỘT THÀNH VIÊN HUY VŨ,CÔNG TY TNHH MỘT THÀNH VIÊN CÀ PHÊ  IA CHÂM
143,banra,1,872727.00,2023-02-19 17:00:00,CÔNG TY TNHH MỘT THÀNH VIÊN HUY VŨ,VPP PHÚ QUÝ
142,banra,1,500000.00,2023-02-19 17:00:00,CÔNG TY TNHH MỘT THÀNH VIÊN HUY VŨ,CÔNG TY TNHH ĐẦU TƯ XÂY DỰNG VÀ THƯƠNG MẠI PHÚ THÁI GIA LAI
141,banra,1,5072727.00,2023-02-18 17:00:00,CÔNG TY TNHH MỘT THÀNH VIÊN HUY VŨ,CÔNG TY TRÁCH NHIỆM HỮU HẠN XÂY DỰNG TUẤN TÚ GIA LAI
140,banra,1,900000.00,2023-02-18 17:00:00,CÔNG TY TNHH MỘT THÀNH VIÊN HUY VŨ,BAN QUẢN LÝ RỪNG PHÒNG HỘ IA MEUR
139,banra,1,1500000.00,2023-02-18 17:00:00,CÔNG TY TNHH MỘT THÀNH VIÊN HUY VŨ,CHI NHÁNH CÔNG TY CP TM CHUYỂN PHÁT NHANH EPS
138,banra,1,1727273.00,2023-02-17 17:00:00,CÔNG TY TNHH MỘT THÀNH VIÊN HUY VŨ,BAN QUẢN LÝ RỪNG PHÒNG HỘ IA MEUR
137,banra,1,3536364.00,2023-02-17 17:00:00,CÔNG TY TNHH MỘT THÀNH VIÊN HUY VŨ,CÔNG TY TNHH NHẤT LÊ GIA LAI
136,banra,1,3709091.00,2023-02-17 17:00:00,CÔNG TY TNHH MỘT THÀNH VIÊN HUY VŨ,CÔNG TY CỔ PHẦN BỆNH VIỆN ĐẠI HỌC Y DƯỢC - HOÀNG ANH GIA LAI
135,banra,1,9090909.00,2023-02-17 17:00:00,CÔNG TY TNHH MỘT THÀNH VIÊN HUY VŨ,SỞ CHỈ HUY TIỀN PHƯƠNG QK
134,banra,1,1054545.00,2023-02-16 17:00:00,CÔNG TY TNHH MỘT THÀNH VIÊN HUY VŨ,PHÂN HIỆU TRƯỜNG ĐẠI HỌC LÂM NGHIỆP TẠI TỈNH GIA LAI
133,banra,1,3818182.00,2023-02-16 17:00:00,CÔNG TY TNHH MỘT THÀNH VIÊN HUY VŨ,CỤC DỰ TRỮ NHÀ NƯỚC KHU VỰC BẮC TÂY NGUYÊN
132,banra,1,9090909.00,2023-02-16 17:00:00,CÔNG TY TNHH MỘT THÀNH VIÊN HUY VŨ,LỮ ĐOÀN 132 - BINH CHỦNG THÔNG TIN LIÊN LẠC
131,banra,1,3627273.00,2023-02-16 17:00:00,CÔNG TY TNHH MỘT THÀNH VIÊN HUY VŨ,CÔNG TY TNHH THƯƠNG MẠI DƯỢC PHẨM ĐÔNG Á
130,banra,1,11072727.00,2023-02-16 17:00:00,CÔNG TY TNHH MỘT THÀNH VIÊN HUY VŨ,CÔNG TY TNHH MỘT THÀNH VIÊN HOÀNG KHOA
129,banra,1,1827273.00,2023-02-16 17:00:00,CÔNG TY TNHH MỘT THÀNH VIÊN HUY VŨ,CÔNG TY CỔ PHẦN HOÀNG ANH GIA LAI
128,banra,1,1045455.00,2023-02-16 17:00:00,CÔNG TY TNHH MỘT THÀNH VIÊN HUY VŨ,CÔNG TY CỔ PHẦN CHÈ BIỂN HỒ
127,banra,1,16663636.00,2023-02-16 17:00:00,CÔNG TY TNHH MỘT THÀNH VIÊN HUY VŨ,HỘ KINH DOANH ĐẠI PHÚ
126,banra,1,1200000.00,2023-02-16 17:00:00,CÔNG TY TNHH MỘT THÀNH VIÊN HUY VŨ,CÔNG TY CỔ PHẦN ĐẦU TƯ VÀ XÂY DỰNG TRƯỜNG THỊNH
125,banra,1,6181818.00,2023-02-16 17:00:00,CÔNG TY TNHH MỘT THÀNH VIÊN HUY VŨ,CÔNG TY TNHH BLUE DREAM SOLUTIONS
124,banra,1,576364.00,2023-02-15 17:00:00,CÔNG TY TNHH MỘT THÀNH VIÊN HUY VŨ,CÔNG TY TNHH DỊCH VỤ THUẾ - KẾ TOÁN TFC GIA LAI
123,banra,1,263636.00,2023-02-15 17:00:00,CÔNG TY TNHH MỘT THÀNH VIÊN HUY VŨ,CÔNG TY BẢO VIỆT GIA LAI
122,banra,1,227273.00,2023-02-14 17:00:00,CÔNG TY TNHH MỘT THÀNH VIÊN HUY VŨ,PHÒNG AN NINH MẠNG VÀ PCTP SỬ DỤNG CÔNG NGHỆ CAO - CÔNG AN TỈNH GIA LAI
121,banra,1,2372727.00,2023-02-14 17:00:00,CÔNG TY TNHH MỘT THÀNH VIÊN HUY VŨ,CÔNG TY TNHH MỘT THÀNH VIÊN NGỌC THANH
120,banra,1,2700000.00,2023-02-14 17:00:00,CÔNG TY TNHH MỘT THÀNH VIÊN HUY VŨ,CÔNG TY CỔ PHẦN THUỶ ĐIỆN KÊNH BẮC - AYUN HẠ
119,banra,1,272727.00,2023-02-13 17:00:00,CÔNG TY TNHH MỘT THÀNH VIÊN HUY VŨ,CÔNG TY TNHH MỘT THÀNH VIÊN MẠCH AN PHÁT
118,banra,1,800000.00,2023-02-13 17:00:00,CÔNG TY TNHH MỘT THÀNH VIÊN HUY VŨ,CÔNG TY CỔ PHẦN ĐẦU TƯ VÀ XÂY DỰNG TRƯỜNG THỊNH
117,banra,1,13536364.00,2023-02-13 17:00:00,CÔNG TY TNHH MỘT THÀNH VIÊN HUY VŨ,CÔNG TY TRÁCH NHIỆM HỮU HẠN MỘT THÀNH VIÊN XÂY DỰNG HOÀNG DUNG - GIA LAI
116,banra,1,1736364.00,2023-02-13 17:00:00,CÔNG TY TNHH MỘT THÀNH VIÊN HUY VŨ,CÔNG TY CỔ PHẦN CÀ PHÊ GIA LAI
115,banra,1,336364.00,2023-02-13 17:00:00,CÔNG TY TNHH MỘT THÀNH VIÊN HUY VŨ,CHI NHÁNH CÔNG TY TNHH THƯƠNG PHẨM ATLANTIC VIỆT NAM TẠI TỈNH GIA LAI
114,banra,1,2181818.00,2023-02-12 17:00:00,CÔNG TY TNHH MỘT THÀNH VIÊN HUY VŨ,CHI NHÁNH CÔNG TY CỔ PHẦN TƯ VẤN SÔNG ĐÀ - TRUNG TÂM THÍ NGHIỆM XÂY DỰNG SÔNG ĐÀ
113,banra,1,2681818.00,2023-02-10 17:00:00,CÔNG TY TNHH MỘT THÀNH VIÊN HUY VŨ,CÔNG TY TNHH MỘT THÀNH VIÊN TƯ VẤN THIẾT KẾ VÀ XÂY DỰNG ĐỨC ÂN
7249,muavao,1,105841.00,2023-01-11 17:00:00,Ngân hàng TMCP Sài Gòn Thương Tín - Chi nhánh Gia Lai,CONG TY TNHH MTV HUY VU
112,banra,1,181818.00,2023-02-10 17:00:00,CÔNG TY TNHH MỘT THÀNH VIÊN HUY VŨ,CHI NHÁNH CÔNG TY TNHH OLAM TẠI PLEIKU
111,banra,1,327273.00,2023-02-10 17:00:00,CÔNG TY TNHH MỘT THÀNH VIÊN HUY VŨ,ĐỊA ĐIỂM KINH DOANH -CÔNG TY TNHH JOLLIBEE VIỆT NAM - JOLLIBEE GIA LAI
110,banra,1,2681818.00,2023-02-10 17:00:00,CÔNG TY TNHH MỘT THÀNH VIÊN HUY VŨ,CÔNG TY CỔ PHẦN CHĂN NUÔI XANH GIC
109,banra,1,200000.00,2023-02-10 17:00:00,CÔNG TY TNHH MỘT THÀNH VIÊN HUY VŨ,CÔNG TY CỔ PHẦN ĐẦU TƯ VÀ PHÁT TRIỂN PHONG ĐIỆN GIA LAI
108,banra,1,3818182.00,2023-02-09 17:00:00,CÔNG TY TNHH MỘT THÀNH VIÊN HUY VŨ,CÔNG TY TNHH MỘT THÀNH VIÊN HỢP TÁC KINH TẾ 385
107,banra,1,7800000.00,2023-02-09 17:00:00,CÔNG TY TNHH MỘT THÀNH VIÊN HUY VŨ,CHI NHÁNH CÔNG TY TNHH TIN HỌC QUANG ANH
106,banra,1,136364.00,2023-02-09 17:00:00,CÔNG TY TNHH MỘT THÀNH VIÊN HUY VŨ,TRUNG TÂM HỖ TRỢ SÁNG KIẾN PHÁT TRIỂN CỘNG ĐỒNG
105,banra,1,1163637.00,2023-02-09 17:00:00,CÔNG TY TNHH MỘT THÀNH VIÊN HUY VŨ,CÔNG TY TNHH MỘT THÀNH VIÊN CÀ PHÊ THU HƯỜNG
104,banra,1,3872727.00,2023-02-09 17:00:00,CÔNG TY TNHH MỘT THÀNH VIÊN HUY VŨ,CÔNG TY TRÁCH NHIỆM HỮU HẠN MỘT THÀNH VIÊN XĂNG DẦU BẮC TÂY NGUYÊN
51555,muavao,1,233133.00,2023-04-02 17:00:00,Ngân hàng TMCP Sài Gòn Thương Tín - Chi nhánh Gia Lai,CONG TY TNHH MTV HUY VU
103,banra,1,16481818.00,2023-02-08 17:00:00,CÔNG TY TNHH MỘT THÀNH VIÊN HUY VŨ,CÔNG TY TRÁCH NHIỆM HỮU HẠN XÂY DỰNG THƯƠNG MẠI VÀ DỊCH VỤ AN PHÚ
102,banra,1,3072727.00,2023-02-08 17:00:00,CÔNG TY TNHH MỘT THÀNH VIÊN HUY VŨ,CÔNG TY CỔ PHẦN CAO SU MANG YANG   RATTANAKIRI
101,banra,1,3727272.00,2023-02-08 17:00:00,CÔNG TY TNHH MỘT THÀNH VIÊN HUY VŨ,MÁY VĂN PHÒNG PHƯƠNG NAM
100,banra,1,23809091.00,2023-02-08 17:00:00,CÔNG TY TNHH MỘT THÀNH VIÊN HUY VŨ,CÔNG TY CỔ PHẦN ĐẦU TƯ VÀ PHÁT TRIỂN ĐIỆN SÊ SAN 3A
99,banra,1,15945455.00,2023-02-08 17:00:00,CÔNG TY TNHH MỘT THÀNH VIÊN HUY VŨ,CHI NHÁNH GIA LAI - CÔNG TY CỔ PHẦN THỰC PHẨM XUẤT KHẨU ĐỒNG GIAO
98,banra,1,18145455.00,2023-02-08 17:00:00,CÔNG TY TNHH MỘT THÀNH VIÊN HUY VŨ,CÔNG TY TRÁCH NHIỆM HỮU HẠN MỘT THÀNH VIÊN XĂNG DẦU BẮC TÂY NGUYÊN
97,banra,1,2954545.00,2023-02-08 17:00:00,CÔNG TY TNHH MỘT THÀNH VIÊN HUY VŨ,CHI NHÁNH CÔNG TY CỔ PHẦN THUỶ ĐIỆN CẦN ĐƠN-NHÀ MÁY THỦY ĐIỆN RY NINH II
96,banra,1,1818182.00,2023-02-08 17:00:00,CÔNG TY TNHH MỘT THÀNH VIÊN HUY VŨ,CÔNG TY CỔ PHẦN BỆNH VIỆN ĐẠI HỌC Y DƯỢC - HOÀNG ANH GIA LAI
95,banra,1,3590909.00,2023-02-08 17:00:00,CÔNG TY TNHH MỘT THÀNH VIÊN HUY VŨ,CÔNG TY TNHH MỘT THÀNH VIÊN NĂM HOA
94,banra,1,17809091.00,2023-02-08 17:00:00,CÔNG TY TNHH MỘT THÀNH VIÊN HUY VŨ,CÔNG TY TNHH MỘT THÀNH VIÊN GIA HÀO PL
93,banra,1,18000000.00,2023-02-06 17:00:00,CÔNG TY TNHH MỘT THÀNH VIÊN HUY VŨ,CÔNG TY DỊCH VỤ ĐIỆN LỰC MIỀN TRUNG
92,banra,1,6363637.00,2023-02-06 17:00:00,CÔNG TY TNHH MỘT THÀNH VIÊN HUY VŨ,LIÊN ĐOÀN QUY HOẠCH VÀ ĐIỀU TRA TÀI NGUYÊN NƯỚC MIỀN TRUNG
91,banra,1,2681818.00,2023-02-06 17:00:00,CÔNG TY TNHH MỘT THÀNH VIÊN HUY VŨ,CÔNG TY TNHH MỘT THÀNH VIÊN MINH THÔNG GIA LAI
90,banra,1,436364.00,2023-02-06 17:00:00,CÔNG TY TNHH MỘT THÀNH VIÊN HUY VŨ,CÔNG AN HUYỆN MANG YANG
89,banra,1,1227273.00,2023-02-06 17:00:00,CÔNG TY TNHH MỘT THÀNH VIÊN HUY VŨ,CÔNG TY CỔ PHẦN THỦY ĐIỆN HOÀNG ANH TÔNA
88,banra,1,1272727.00,2023-02-06 17:00:00,CÔNG TY TNHH MỘT THÀNH VIÊN HUY VŨ,CÔNG TY TNHH PHÁT TRIỂN DU LỊCH LA MIA
87,banra,1,5072727.00,2023-02-06 17:00:00,CÔNG TY TNHH MỘT THÀNH VIÊN HUY VŨ,CÔNG TY TNHH MỘT THÀNH VIÊN TƯ VẤN ĐỊA CHẤT-MÔI TRƯỜNG DUY NHÂN TÂY NGUYÊN
86,banra,1,6481818.00,2023-02-06 17:00:00,CÔNG TY TNHH MỘT THÀNH VIÊN HUY VŨ,CÔNG TY TNHH MỘT THÀNH VIÊN MINH TÂN GIA LAI
85,banra,1,418182.00,2023-02-06 17:00:00,CÔNG TY TNHH MỘT THÀNH VIÊN HUY VŨ,CÔNG TY TNHH MỘT THÀNH VIÊN BÌNH DƯƠNG
84,banra,1,809091.00,2023-02-05 17:00:00,CÔNG TY TNHH MỘT THÀNH VIÊN HUY VŨ,CÔNG TY CỔ PHẦN IN - ĐẦU TƯ PHÁT TRIỂN GIÁO DỤC GIA LAI
83,banra,1,16809091.00,2023-02-05 17:00:00,CÔNG TY TNHH MỘT THÀNH VIÊN HUY VŨ,CÔNG TY CỔ PHẦN CAO SU MANG YANG   RATTANAKIRI
1324,muavao,1,239090.00,2023-01-05 17:00:00,CÔNG TY DỊCH VỤ MOBIFONE KHU VỰC 7 - CHI NHÁNH TỔNG CÔNG TY VIỄN THÔNG MOBIFONE,Công Ty Trách Nhiệm Hữu Hạn Huy Vũ
82,banra,1,2263636.00,2023-02-05 17:00:00,CÔNG TY TNHH MỘT THÀNH VIÊN HUY VŨ,CÔNG TY TNHH TEKKO VINA
81,banra,1,309091.00,2023-02-05 17:00:00,CÔNG TY TNHH MỘT THÀNH VIÊN HUY VŨ,CHI NHÁNH CÔNG TY TNHH THƯƠNG PHẨM ATLANTIC VIỆT NAM TẠI TỈNH GIA LAI
80,banra,1,13127273.00,2023-02-05 17:00:00,CÔNG TY TNHH MỘT THÀNH VIÊN HUY VŨ,CHI NHÁNH GIA LAI - CÔNG TY CỔ PHẦN THỰC PHẨM XUẤT KHẨU ĐỒNG GIAO
79,banra,1,654545.00,2023-02-05 17:00:00,CÔNG TY TNHH MỘT THÀNH VIÊN HUY VŨ,CHI NHÁNH CÔNG TY TNHH THƯƠNG MẠI VÀ DỊCH VỤ THỰC PHẨM GOLDSTAR TẠI GIA LAI
78,banra,1,2800000.00,2023-02-05 17:00:00,CÔNG TY TNHH MỘT THÀNH VIÊN HUY VŨ,CÔNG TY TNHH SAO VIỆT GIA LAI
77,banra,1,10590909.00,2023-02-05 17:00:00,CÔNG TY TNHH MỘT THÀNH VIÊN HUY VŨ,CÔNG TY TNHH QUICORNAC
76,banra,1,13727273.00,2023-02-05 17:00:00,CÔNG TY TNHH MỘT THÀNH VIÊN HUY VŨ,CÔNG TY TNHH CÔNG NGHỆ PHÚC THÀNH
75,banra,1,218182.00,2023-02-03 17:00:00,CÔNG TY TNHH MỘT THÀNH VIÊN HUY VŨ,CÔNG TY TNHH BỆNH VIỆN MẮT CAO NGUYÊN
51554,muavao,1,10259.00,2023-04-02 17:00:00,Ngân hàng TMCP Sài Gòn Thương Tín - Chi nhánh Gia Lai,CONG TY TNHH MTV HUY VU
74,banra,1,92713636.00,2023-02-03 17:00:00,CÔNG TY TNHH MỘT THÀNH VIÊN HUY VŨ,CÔNG TY TNHH ĐIỆN TỬ TIN HỌC KIM PHÁT
73,banra,1,5636364.00,2023-02-02 17:00:00,CÔNG TY TNHH MỘT THÀNH VIÊN HUY VŨ,BINH ĐOÀN 15
72,banra,1,9454545.00,2023-02-02 17:00:00,CÔNG TY TNHH MỘT THÀNH VIÊN HUY VŨ,CÔNG TY TNHH VĨNH TÍN
71,banra,1,2227273.00,2023-02-02 17:00:00,CÔNG TY TNHH MỘT THÀNH VIÊN HUY VŨ,CÔNG TY VIỄN THÔNG ĐIỆN LỰC VÀ CÔNG NGHỆ THÔNG TIN - CHI NHÁNH TẬP ĐOÀN ĐIỆN LỰC VIỆT NAM
70,banra,1,1536364.00,2023-02-02 17:00:00,CÔNG TY TNHH MỘT THÀNH VIÊN HUY VŨ,CÔNG TY CỔ PHẦN CÀ PHÊ GIA LAI
69,banra,1,272727.00,2023-02-01 17:00:00,CÔNG TY TNHH MỘT THÀNH VIÊN HUY VŨ,CHI NHÁNH CÔNG TY CỔ PHẦN BÁN LẺ KỸ THUẬT SỐ FPT TẠI ĐÀ NẴNG
68,banra,1,9072727.00,2023-02-01 17:00:00,CÔNG TY TNHH MỘT THÀNH VIÊN HUY VŨ,CÔNG TY TNHH MỘT THÀNH VIÊN TỔNG CÔNG TY 15 - CHI NHÁNH 710
67,banra,1,1054546.00,2023-02-01 17:00:00,CÔNG TY TNHH MỘT THÀNH VIÊN HUY VŨ,CHI NHÁNH TỔNG CÔNG TY CÀ PHÊ VIỆT NAM - CÔNG TY CÀ PHÊ 706
66,banra,1,3627273.00,2023-02-01 17:00:00,CÔNG TY TNHH MỘT THÀNH VIÊN HUY VŨ,CÔNG TY CỔ PHẦN CHẾ BIẾN THỨC ĂN GIA SÚC TRÀ BÁ
65,banra,1,536364.00,2023-02-01 17:00:00,CÔNG TY TNHH MỘT THÀNH VIÊN HUY VŨ,NGÂN HÀNG THƯƠNG MẠI CỔ PHẦN NGOẠI THƯƠNG VIỆT NAM - CHI NHÁNH GIA LAI
64,banra,1,3627273.00,2023-02-01 17:00:00,CÔNG TY TNHH MỘT THÀNH VIÊN HUY VŨ,CÔNG TY TNHH MỘT THÀNH VIÊN TUỆ MỸ GIA LAI
63,banra,1,3627273.00,2023-02-01 17:00:00,CÔNG TY TNHH MỘT THÀNH VIÊN HUY VŨ,CÔNG TY CỔ PHẦN TRƯỜNG PHỔ THÔNG NGUYỄN VĂN LINH GIA LAI
62,banra,1,418182.00,2023-02-01 17:00:00,CÔNG TY TNHH MỘT THÀNH VIÊN HUY VŨ,BAN QUẢN LÝ RỪNG PHÒNG HỘ ĐÔNG BẮC CHƯ PĂH
61,banra,1,863636.00,2023-02-01 17:00:00,CÔNG TY TNHH MỘT THÀNH VIÊN HUY VŨ,Huyện đội Chư Prông - Gia Lai
60,banra,1,2681818.00,2023-02-01 17:00:00,CÔNG TY TNHH MỘT THÀNH VIÊN HUY VŨ,CHI NHÁNH CÔNG TY TNHH MỘT THÀNH VIÊN NGON AVATAR
59,banra,1,727273.00,2023-02-01 17:00:00,CÔNG TY TNHH MỘT THÀNH VIÊN HUY VŨ,CHI NHÁNH CÔNG TY CỔ PHẦN XĂNG DẦU DẦU KHÍ PVOIL MIỀN TRUNG TẠI GIA LAI
58,banra,1,118182.00,2023-02-01 17:00:00,CÔNG TY TNHH MỘT THÀNH VIÊN HUY VŨ,CÔNG TY CỔ PHẦN DƯỢC PHẨM TV.PHARM
57,banra,1,1854545.00,2023-02-01 17:00:00,CÔNG TY TNHH MỘT THÀNH VIÊN HUY VŨ,CÔNG TY TNHH DIỆP NGUYÊN GIA LAI
56,banra,1,17754545.00,2023-01-31 17:00:00,CÔNG TY TNHH MỘT THÀNH VIÊN HUY VŨ,CÔNG TY TRÁCH NHIỆM HỮU HẠN 30-4 GIA LAI
55,banra,1,2218182.00,2023-01-31 17:00:00,CÔNG TY TNHH MỘT THÀNH VIÊN HUY VŨ,CÔNG TY TRÁCH NHIỆM HỮU HẠN MỘT THÀNH VIÊN XĂNG DẦU BẮC TÂY NGUYÊN
54,banra,1,4636364.00,2023-01-31 17:00:00,CÔNG TY TNHH MỘT THÀNH VIÊN HUY VŨ,TRƯỜNG THCS IAKA
53,banra,1,4345455.00,2023-01-31 17:00:00,CÔNG TY TNHH MỘT THÀNH VIÊN HUY VŨ,CÔNG TY TNHH MTV ĐỒNG TÂN CHƯ SÊ
340,banra,1,6254545.00,2023-03-30 17:00:00,CÔNG TY TNHH MỘT THÀNH VIÊN HUY VŨ,MÁY VĂN PHÒNG PHƯƠNG NAM
339,banra,1,70000000.00,2023-03-30 17:00:00,CÔNG TY TNHH MỘT THÀNH VIÊN HUY VŨ,CÔNG TY TNHH THƯƠNG MẠI & DỊCH VỤ HÀ VŨ
338,banra,1,109090909.00,2023-03-30 17:00:00,CÔNG TY TNHH MỘT THÀNH VIÊN HUY VŨ,CÔNG TY TNHH THƯƠNG MẠI & DỊCH VỤ HÀ VŨ
337,banra,1,7272727.00,2023-03-30 17:00:00,CÔNG TY TNHH MỘT THÀNH VIÊN HUY VŨ,LỮ ĐOÀN 132 - BINH CHỦNG THÔNG TIN LIÊN LẠC
336,banra,1,3718182.00,2023-03-30 17:00:00,CÔNG TY TNHH MỘT THÀNH VIÊN HUY VŨ,TRUNG TÂM DỊCH VỤ TIN HỌC NGUYÊN HẬU
335,banra,1,10909091.00,2023-03-30 17:00:00,CÔNG TY TNHH MỘT THÀNH VIÊN HUY VŨ,LỮ ĐOÀN 132 - BINH CHỦNG THÔNG TIN LIÊN LẠC
334,banra,1,600000.00,2023-03-30 17:00:00,CÔNG TY TNHH MỘT THÀNH VIÊN HUY VŨ,HỘ KINH DOANH ĐẠI PHÚ
333,banra,1,1409091.00,2023-03-30 17:00:00,CÔNG TY TNHH MỘT THÀNH VIÊN HUY VŨ,TỔNG CÔNG TY XÂY DỰNG TRƯỜNG SƠN
332,banra,1,27072727.00,2023-03-30 17:00:00,CÔNG TY TNHH MỘT THÀNH VIÊN HUY VŨ,CÔNG TY THUỶ ĐIỆN IA LY (CHI NHÁNH THUỘC TẬP ĐOÀN ĐIỆN LỰC VIỆT NAM)
331,banra,1,17272727.00,2023-03-30 17:00:00,CÔNG TY TNHH MỘT THÀNH VIÊN HUY VŨ,CÔNG TY CỔ PHẦN HOÀNG ANH GIA LAI
330,banra,1,2045454.00,2023-03-30 17:00:00,CÔNG TY TNHH MỘT THÀNH VIÊN HUY VŨ,SỞ GIÁO DỤC VÀ ĐÀO TẠO TỈNH GIA LAI
329,banra,1,9609091.00,2023-03-30 17:00:00,CÔNG TY TNHH MỘT THÀNH VIÊN HUY VŨ,CÔNG TY TNHH VĨNH HIỆP
328,banra,1,118182.00,2023-03-29 17:00:00,CÔNG TY TNHH MỘT THÀNH VIÊN HUY VŨ,CHI NHÁNH GIA LAI - CÔNG TY CỔ PHẦN DỊCH VỤ THƯƠNG MẠI TỔNG HỢP WINCOMMERCE
327,banra,1,164545455.00,2023-03-29 17:00:00,CÔNG TY TNHH MỘT THÀNH VIÊN HUY VŨ,CÔNG TY TNHH THƯƠNG MẠI & DỊCH VỤ HÀ VŨ
326,banra,1,67545455.00,2023-03-29 17:00:00,CÔNG TY TNHH MỘT THÀNH VIÊN HUY VŨ,CÔNG TY TNHH VĨNH HIỆP
325,banra,1,5500000.00,2023-03-29 17:00:00,CÔNG TY TNHH MỘT THÀNH VIÊN HUY VŨ,CÔNG TY TNHH MỘT THÀNH VIÊN NHƯ HÀ - GIA LAI
324,banra,1,2454545.00,2023-03-29 17:00:00,CÔNG TY TNHH MỘT THÀNH VIÊN HUY VŨ,TRUNG TÂM GIA NINH
323,banra,1,21545455.00,2023-03-29 17:00:00,CÔNG TY TNHH MỘT THÀNH VIÊN HUY VŨ,HỘ KINH DOANH ĐẠI PHÚ
322,banra,1,400000.00,2023-03-29 17:00:00,CÔNG TY TNHH MỘT THÀNH VIÊN HUY VŨ,QUỸ TÍN DỤNG NHÂN DÂN THỊ TRẤN  IAKHA
321,banra,1,4545455.00,2023-03-29 17:00:00,CÔNG TY TNHH MỘT THÀNH VIÊN HUY VŨ,LỮ ĐOÀN 132 - BINH CHỦNG THÔNG TIN LIÊN LẠC
320,banra,1,3627273.00,2023-03-29 17:00:00,CÔNG TY TNHH MỘT THÀNH VIÊN HUY VŨ,CHI NHÁNH CÔNG TY CỔ PHẦN SÓNG VIỆT TẠI GIA LAI
319,banra,1,6359091.00,2023-03-29 17:00:00,CÔNG TY TNHH MỘT THÀNH VIÊN HUY VŨ,CÔNG TY CỔ PHẦN TƯ VẤN XÂY DỰNG GIAO THÔNG AN BÌNH
318,banra,1,581818.00,2023-03-29 17:00:00,CÔNG TY TNHH MỘT THÀNH VIÊN HUY VŨ,ĐẢNG ỦY  PHƯỜNG HỘI THƯƠNG
317,banra,1,400000.00,2023-03-29 17:00:00,CÔNG TY TNHH MỘT THÀNH VIÊN HUY VŨ,TRƯỜNG TIỂU HỌC VÀ THCS BÙI THỊ XUÂN
316,banra,1,23363636.00,2023-03-28 17:00:00,CÔNG TY TNHH MỘT THÀNH VIÊN HUY VŨ,CÔNG TY TNHH VĨNH HIỆP
315,banra,1,6181818.00,2023-03-28 17:00:00,CÔNG TY TNHH MỘT THÀNH VIÊN HUY VŨ,CÔNG TY CỔ PHẦN BỆNH VIỆN ĐẠI HỌC Y DƯỢC - HOÀNG ANH GIA LAI
314,banra,1,863636.00,2023-03-28 17:00:00,CÔNG TY TNHH MỘT THÀNH VIÊN HUY VŨ,TỔNG CÔNG TY XÂY DỰNG TRƯỜNG SƠN
313,banra,1,4431818.00,2023-03-28 17:00:00,CÔNG TY TNHH MỘT THÀNH VIÊN HUY VŨ,CÔNG TY CỔ PHẦN QUANG MINH PHÁT - GIA LAI
312,banra,1,17409091.00,2023-03-28 17:00:00,CÔNG TY TNHH MỘT THÀNH VIÊN HUY VŨ,CÔNG TY CỔ PHẦN TƯ VẤN XÂY DỰNG GIAO THÔNG AN BÌNH
311,banra,1,181818.00,2023-03-28 17:00:00,CÔNG TY TNHH MỘT THÀNH VIÊN HUY VŨ,CÔNG TY CỔ PHẦN TẬP ĐOÀN BOSSCO
310,banra,1,127273.00,2023-03-27 17:00:00,CÔNG TY TNHH MỘT THÀNH VIÊN HUY VŨ,CÔNG TY TRÁCH NHIỆM HỮU HẠN MỘT THÀNH VIÊN TRIỆU HẢI GIA LAI
309,banra,1,136364.00,2023-03-27 17:00:00,CÔNG TY TNHH MỘT THÀNH VIÊN HUY VŨ,TRUNG TÂM HỖ TRỢ SÁNG KIẾN PHÁT TRIỂN CỘNG ĐỒNG
794,banra,1,14900000.00,2023-08-03 17:00:00,CÔNG TY TNHH MỘT THÀNH VIÊN HUY VŨ,
308,banra,1,12718182.00,2023-03-26 17:00:00,CÔNG TY TNHH MỘT THÀNH VIÊN HUY VŨ,TRUNG TÂM DỊCH VỤ TIN HỌC NGUYÊN HẬU
307,banra,1,954545.00,2023-03-26 17:00:00,CÔNG TY TNHH MỘT THÀNH VIÊN HUY VŨ,CÔNG TY BẢO MINH GIA LAI
306,banra,1,17681818.00,2023-03-26 17:00:00,CÔNG TY TNHH MỘT THÀNH VIÊN HUY VŨ,CÔNG TY CỔ PHẦN TƯ VẤN XÂY DỰNG GIAO THÔNG AN BÌNH
305,banra,1,7981818.00,2023-03-26 17:00:00,CÔNG TY TNHH MỘT THÀNH VIÊN HUY VŨ,CÔNG TY CỔ PHẦN DU LỊCH GIA LAI
304,banra,1,345455.00,2023-03-26 17:00:00,CÔNG TY TNHH MỘT THÀNH VIÊN HUY VŨ,CHI NHÁNH CÔNG TY TNHH OLAM TẠI PLEIKU
303,banra,1,2500000.00,2023-03-26 17:00:00,CÔNG TY TNHH MỘT THÀNH VIÊN HUY VŨ,CÔNG TY BẢO HIỂM BSH GIA LAI
302,banra,1,490909.00,2023-03-26 17:00:00,CÔNG TY TNHH MỘT THÀNH VIÊN HUY VŨ,KHO BẠC NHÀ NƯỚC GIA LAI
301,banra,1,236363.00,2023-03-26 17:00:00,CÔNG TY TNHH MỘT THÀNH VIÊN HUY VŨ,CÔNG TY CỔ PHẦN QUANG MINH PHÁT - GIA LAI
300,banra,1,818182.00,2023-03-26 17:00:00,CÔNG TY TNHH MỘT THÀNH VIÊN HUY VŨ,CHI NHÁNH CÔNG TY CỔ PHẦN THUỶ ĐIỆN CẦN ĐƠN-NHÀ MÁY THỦY ĐIỆN RY NINH II
299,banra,1,890909.00,2023-03-26 17:00:00,CÔNG TY TNHH MỘT THÀNH VIÊN HUY VŨ,CÔNG TY CỔ PHẦN HOÀNG ANH GIA LAI
298,banra,1,17981818.00,2023-03-25 17:00:00,CÔNG TY TNHH MỘT THÀNH VIÊN HUY VŨ,CÔNG TY CỔ PHẦN TƯ VẤN XÂY DỰNG GIAO THÔNG AN BÌNH
297,banra,1,77000000.00,2023-03-25 17:00:00,CÔNG TY TNHH MỘT THÀNH VIÊN HUY VŨ,CÔNG TY TNHH ĐIỆN TỬ TIN HỌC KIM PHÁT
296,banra,1,21300000.00,2023-03-24 17:00:00,CÔNG TY TNHH MỘT THÀNH VIÊN HUY VŨ,NGÂN HÀNG THƯƠNG MẠI CỔ PHẦN ĐẦU TƯ VÀ PHÁT TRIỂN VIỆT NAM - CHI NHÁNH NAM GIA LAI
295,banra,1,6545455.00,2023-03-24 17:00:00,CÔNG TY TNHH MỘT THÀNH VIÊN HUY VŨ,CÔNG TY TNHH NHẤT LÊ GIA LAI
294,banra,1,727273.00,2023-03-24 17:00:00,CÔNG TY TNHH MỘT THÀNH VIÊN HUY VŨ,BAN QUẢN LÝ RỪNG PHÒNG HỘ HÀ RA
262,banra,1,3627273.00,2023-03-20 17:00:00,CÔNG TY TNHH MỘT THÀNH VIÊN HUY VŨ,CÔNG TY CỔ PHẦN CHANH LEO HAPACO
293,banra,1,3627273.00,2023-03-23 17:00:00,CÔNG TY TNHH MỘT THÀNH VIÊN HUY VŨ,CÔNG TY TNHH MỘT THÀNH VIÊN HOÀNG LÊ GIA GIA LAI
292,banra,1,954545.00,2023-03-23 17:00:00,CÔNG TY TNHH MỘT THÀNH VIÊN HUY VŨ,CÔNG TY CỔ PHẦN CÀ PHÊ GIA LAI
291,banra,1,1181818.00,2023-03-23 17:00:00,CÔNG TY TNHH MỘT THÀNH VIÊN HUY VŨ,CỤC THỐNG KÊ TỈNH GIA LAI
290,banra,1,13518182.00,2023-03-23 17:00:00,CÔNG TY TNHH MỘT THÀNH VIÊN HUY VŨ,CÔNG TY TNHH MỘT THÀNH VIÊN THƯƠNG MẠI HÒA TRANG
289,banra,1,17572727.00,2023-03-23 17:00:00,CÔNG TY TNHH MỘT THÀNH VIÊN HUY VŨ,CÔNG TY CỔ PHẦN TẬP ĐOÀN BOSSCO
288,banra,1,4545455.00,2023-03-22 17:00:00,CÔNG TY TNHH MỘT THÀNH VIÊN HUY VŨ,LỮ ĐOÀN 132 - BINH CHỦNG THÔNG TIN LIÊN LẠC
287,banra,1,3636364.00,2023-03-22 17:00:00,CÔNG TY TNHH MỘT THÀNH VIÊN HUY VŨ,LỮ ĐOÀN 132 - BINH CHỦNG THÔNG TIN LIÊN LẠC
286,banra,1,4545455.00,2023-03-22 17:00:00,CÔNG TY TNHH MỘT THÀNH VIÊN HUY VŨ,LỮ ĐOÀN 132 - BINH CHỦNG THÔNG TIN LIÊN LẠC
285,banra,1,1868182.00,2023-03-22 17:00:00,CÔNG TY TNHH MỘT THÀNH VIÊN HUY VŨ,CÔNG TY TNHH MỘT THÀNH VIÊN T.K TECHNOLOGY GIA LAI
284,banra,1,2209091.00,2023-03-22 17:00:00,CÔNG TY TNHH MỘT THÀNH VIÊN HUY VŨ,CÔNG TY TRÁCH NHIỆM HỮU HẠN TƯ VẤN THIẾT KẾ VÀ XÂY DỰNG TRỌNG KHÔI - GIA LAI
283,banra,1,16809091.00,2023-03-22 17:00:00,CÔNG TY TNHH MỘT THÀNH VIÊN HUY VŨ,CÔNG TY CỔ PHẦN TỔNG HỢP DƯƠNG MINH TÂY NGUYÊN
282,banra,1,2650000.00,2023-03-22 17:00:00,CÔNG TY TNHH MỘT THÀNH VIÊN HUY VŨ,CÔNG TY CỔ PHẦN NĂNG LƯỢNG MỚI THIÊN VŨ VIỆT NAM
281,banra,1,1363636.00,2023-03-22 17:00:00,CÔNG TY TNHH MỘT THÀNH VIÊN HUY VŨ,CÔNG TY CỔ PHẦN ĐIỆN GIA LAI
280,banra,1,172727.00,2023-03-22 17:00:00,CÔNG TY TNHH MỘT THÀNH VIÊN HUY VŨ,TRUNG TÂM NGHIÊN CỨU & CHUYỂN GIAO KỸ THUẬT TÂY NGUYÊN
279,banra,1,16781818.00,2023-03-22 17:00:00,CÔNG TY TNHH MỘT THÀNH VIÊN HUY VŨ,CÔNG TY CỔ PHẦN TẬP ĐOÀN BOSSCO
253,muavao,1,864872.00,2023-01-02 17:00:00,Ngân hàng TMCP Sài Gòn Thương Tín - Chi nhánh Gia Lai,CONG TY TNHH MTV HUY VU
278,banra,1,354546.00,2023-03-22 17:00:00,CÔNG TY TNHH MỘT THÀNH VIÊN HUY VŨ,CÔNG TY TNHH MTV TỔNG CÔNG TY 15
277,banra,1,636364.00,2023-03-22 17:00:00,CÔNG TY TNHH MỘT THÀNH VIÊN HUY VŨ,KHO 896
276,banra,1,754545.00,2023-03-22 17:00:00,CÔNG TY TNHH MỘT THÀNH VIÊN HUY VŨ,CHI NHÁNH GIA LAI - CÔNG TY CỔ PHẦN THỰC PHẨM XUẤT KHẨU ĐỒNG GIAO
275,banra,1,9090909.00,2023-03-21 17:00:00,CÔNG TY TNHH MỘT THÀNH VIÊN HUY VŨ,LỮ ĐOÀN 132 - BINH CHỦNG THÔNG TIN LIÊN LẠC
274,banra,1,454545.00,2023-03-21 17:00:00,CÔNG TY TNHH MỘT THÀNH VIÊN HUY VŨ,TRƯỜNG TIỂU HỌC NGUYỄN VIẾT XUÂN
273,banra,1,454545.00,2023-03-21 17:00:00,CÔNG TY TNHH MỘT THÀNH VIÊN HUY VŨ,TRƯỜNG TIỂU HỌC NGUYỄN VIẾT XUÂN
272,banra,1,272727.00,2023-03-21 17:00:00,CÔNG TY TNHH MỘT THÀNH VIÊN HUY VŨ,TRƯỜNG TIỂU HỌC NGUYỄN VIẾT XUÂN
271,banra,1,454545.00,2023-03-21 17:00:00,CÔNG TY TNHH MỘT THÀNH VIÊN HUY VŨ,TRƯỜNG TIỂU HỌC NGUYỄN VIẾT XUÂN
270,banra,1,454545.00,2023-03-21 17:00:00,CÔNG TY TNHH MỘT THÀNH VIÊN HUY VŨ,TRƯỜNG TIỂU HỌC NGUYỄN VIẾT XUÂN
269,banra,1,381818.00,2023-03-21 17:00:00,CÔNG TY TNHH MỘT THÀNH VIÊN HUY VŨ,CHI NHÁNH GIA LAI - CÔNG TY CỔ PHẦN DỊCH VỤ THƯƠNG MẠI TỔNG HỢP WINCOMMERCE
268,banra,1,28272728.00,2023-03-21 17:00:00,CÔNG TY TNHH MỘT THÀNH VIÊN HUY VŨ,CÔNG TY CỔ PHẦN THỦY ĐIỆN HOÀNG ANH TÔNA
267,banra,1,13218182.00,2023-03-21 17:00:00,CÔNG TY TNHH MỘT THÀNH VIÊN HUY VŨ,CÔNG TY AJINOMOTO VIỆT NAM
266,banra,1,17681818.00,2023-03-21 17:00:00,CÔNG TY TNHH MỘT THÀNH VIÊN HUY VŨ,CÔNG TY CỔ PHẦN TƯ VẤN XÂY DỰNG GIAO THÔNG AN BÌNH
265,banra,1,16781818.00,2023-03-21 17:00:00,CÔNG TY TNHH MỘT THÀNH VIÊN HUY VŨ,CÔNG TY CỔ PHẦN TẬP ĐOÀN BOSSCO
264,banra,1,7800000.00,2023-03-20 17:00:00,CÔNG TY TNHH MỘT THÀNH VIÊN HUY VŨ,CÔNG TY THUỶ ĐIỆN IA LY (CHI NHÁNH THUỘC TẬP ĐOÀN ĐIỆN LỰC VIỆT NAM)
263,banra,1,3345455.00,2023-03-20 17:00:00,CÔNG TY TNHH MỘT THÀNH VIÊN HUY VŨ,CÔNG TY TNHH MỘT THÀNH VIÊN THƯƠNG MẠI DỊCH VỤ DIỆP NGUYỄN GIA LAI
261,banra,1,272727.00,2023-03-20 17:00:00,CÔNG TY TNHH MỘT THÀNH VIÊN HUY VŨ,TRƯỜNG TIỂU HỌC NGUYỄN VIẾT XUÂN
260,banra,1,16781818.00,2023-03-20 17:00:00,CÔNG TY TNHH MỘT THÀNH VIÊN HUY VŨ,CÔNG TY CỔ PHẦN TẬP ĐOÀN BOSSCO
259,banra,1,2990909.00,2023-03-20 17:00:00,CÔNG TY TNHH MỘT THÀNH VIÊN HUY VŨ,CÔNG TY CỔ PHẦN QUANG MINH PHÁT - GIA LAI
258,banra,1,409091.00,2023-03-20 17:00:00,CÔNG TY TNHH MỘT THÀNH VIÊN HUY VŨ,DOANH NGHIỆP TƯ NHÂN LÊ HẬU
257,banra,1,9627273.00,2023-03-20 17:00:00,CÔNG TY TNHH MỘT THÀNH VIÊN HUY VŨ,CÔNG TY TRÁCH NHIỆM HỮU HẠN MỘT THÀNH VIÊN 72
256,banra,1,909091.00,2023-03-20 17:00:00,CÔNG TY TNHH MỘT THÀNH VIÊN HUY VŨ,CÔNG TY TNHH MỘT THÀNH VIÊN ĐẠI LÝ BẢO HIỂM ĐỨC GIA THỊNH
255,banra,1,4990909.00,2023-03-20 17:00:00,CÔNG TY TNHH MỘT THÀNH VIÊN HUY VŨ,CHI NHÁNH TỔNG CÔNG TY THƯƠNG MẠI KỸ THUẬT VÀ ĐẦU TƯ - CÔNG TY CỔ PHẦN TẠI BÌNH ĐỊNH
254,banra,1,1136364.00,2023-03-19 17:00:00,CÔNG TY TNHH MỘT THÀNH VIÊN HUY VŨ,CÔNG TY CỔ PHẦN TRƯỜNG PHỔ THÔNG NGUYỄN VĂN LINH GIA LAI
253,banra,1,17363636.00,2023-03-18 17:00:00,CÔNG TY TNHH MỘT THÀNH VIÊN HUY VŨ,CÔNG TY CỔ PHẦN TƯ VẤN XÂY DỰNG GIAO THÔNG AN BÌNH
252,banra,1,709091.00,2023-03-17 17:00:00,CÔNG TY TNHH MỘT THÀNH VIÊN HUY VŨ,CÔNG TY TNHH MỘT THÀNH VIÊN 78
251,banra,1,4272727.00,2023-03-16 17:00:00,CÔNG TY TNHH MỘT THÀNH VIÊN HUY VŨ,CÔNG TY CỔ PHẦN TƯ VẤN XÂY DỰNG GIAO THÔNG AN BÌNH
250,banra,1,909091.00,2023-03-16 17:00:00,CÔNG TY TNHH MỘT THÀNH VIÊN HUY VŨ,CỤM 2287 - BTM - QUÂN KHU 5
249,banra,1,5072727.00,2023-03-16 17:00:00,CÔNG TY TNHH MỘT THÀNH VIÊN HUY VŨ,CÔNG TY TRÁCH NHIỆM HỮU HẠN HOÀNG VIỆT
248,banra,1,1136364.00,2023-03-16 17:00:00,CÔNG TY TNHH MỘT THÀNH VIÊN HUY VŨ,CÔNG TY CỔ PHẦN TRƯỜNG PHỔ THÔNG NGUYỄN VĂN LINH GIA LAI
247,banra,1,836364.00,2023-03-16 17:00:00,CÔNG TY TNHH MỘT THÀNH VIÊN HUY VŨ,CÔNG TY CỔ PHẦN ĐẦU TƯ VÀ XÂY DỰNG TRƯỜNG THỊNH
1167,banra,1,1409091.00,2023-10-26 17:00:00,CÔNG TY TNHH MỘT THÀNH VIÊN HUY VŨ,THÀNH ĐOÀN PLEIKU
246,banra,1,17809091.00,2023-03-16 17:00:00,CÔNG TY TNHH MỘT THÀNH VIÊN HUY VŨ,CÔNG TY TNHH MỘT THÀNH VIÊN LÂM NGHIỆP TRẠM LẬP
245,banra,1,17936364.00,2023-03-16 17:00:00,CÔNG TY TNHH MỘT THÀNH VIÊN HUY VŨ,CÔNG TY TNHH NHẤT LÊ GIA LAI
244,banra,1,6945455.00,2023-03-16 17:00:00,CÔNG TY TNHH MỘT THÀNH VIÊN HUY VŨ,MÁY VĂN PHÒNG PHƯƠNG NAM
243,banra,1,8818182.00,2023-03-16 17:00:00,CÔNG TY TNHH MỘT THÀNH VIÊN HUY VŨ,TRƯỜNG TRUNG HỌC CƠ SỞ TRẦN PHÚ
242,banra,1,5718182.00,2023-03-15 17:00:00,CÔNG TY TNHH MỘT THÀNH VIÊN HUY VŨ,CÔNG TY TRÁCH NHIỆM HỮU HẠN MỘT THÀNH VIÊN LÂM NGHIỆP ĐĂK ROONG
241,banra,1,9045455.00,2023-03-15 17:00:00,CÔNG TY TNHH MỘT THÀNH VIÊN HUY VŨ,UBND XÃ HÀ ĐÔNG
240,banra,1,2609091.00,2023-03-14 17:00:00,CÔNG TY TNHH MỘT THÀNH VIÊN HUY VŨ,ỦY BAN NHÂN DÂN XÃ IA GA
239,banra,1,33636363.00,2023-03-14 17:00:00,CÔNG TY TNHH MỘT THÀNH VIÊN HUY VŨ,CÔNG TY TNHH ĐIỆN TỬ TIN HỌC KIM PHÁT
238,banra,1,15781818.00,2023-03-14 17:00:00,CÔNG TY TNHH MỘT THÀNH VIÊN HUY VŨ,CÔNG TY TNHH TÔN KHẢI HOÀN
237,banra,1,418182.00,2023-03-14 17:00:00,CÔNG TY TNHH MỘT THÀNH VIÊN HUY VŨ,PHÒNG CẢNH SÁT CƠ ĐỘNG - CÔNG AN TỈNH GIA LAI
236,banra,1,3800000.00,2023-03-14 17:00:00,CÔNG TY TNHH MỘT THÀNH VIÊN HUY VŨ,TRƯỜNG MẪU GIÁO SAO MAI
235,banra,1,4354545.00,2023-03-14 17:00:00,CÔNG TY TNHH MỘT THÀNH VIÊN HUY VŨ,CÔNG TY TRÁCH NHIỆM HỮU HẠN DƯỢC PHẨM PHÚ VINH GIA LAI
234,banra,1,3800000.00,2023-03-14 17:00:00,CÔNG TY TNHH MỘT THÀNH VIÊN HUY VŨ,TRƯỜNG MẪU GIÁO SAO MAI
233,banra,1,336364.00,2023-03-14 17:00:00,CÔNG TY TNHH MỘT THÀNH VIÊN HUY VŨ,BINH ĐOÀN 15
232,banra,1,2910000.00,2023-03-13 17:00:00,CÔNG TY TNHH MỘT THÀNH VIÊN HUY VŨ,KHO  K897
231,banra,1,4209091.00,2023-03-13 17:00:00,CÔNG TY TNHH MỘT THÀNH VIÊN HUY VŨ,CÔNG TY TRÁCH NHIỆM HỮU HẠN MỘT THÀNH VIÊN XĂNG DẦU BẮC TÂY NGUYÊN
230,banra,1,363636.00,2023-03-13 17:00:00,CÔNG TY TNHH MỘT THÀNH VIÊN HUY VŨ,TRƯỜNG TIỂU HỌC NGUYỄN VIẾT XUÂN
229,banra,1,2272727.00,2023-03-13 17:00:00,CÔNG TY TNHH MỘT THÀNH VIÊN HUY VŨ,CÔNG TY TNHH PHÁT TRIỂN DU LỊCH LA MIA
228,banra,1,418182.00,2023-03-13 17:00:00,CÔNG TY TNHH MỘT THÀNH VIÊN HUY VŨ,PHÒNG CẢNH SÁT CƠ ĐỘNG - CÔNG AN TỈNH GIA LAI
227,banra,1,609091.00,2023-03-13 17:00:00,CÔNG TY TNHH MỘT THÀNH VIÊN HUY VŨ,NHÀ KHÁCH NỘI BỘ CÔNG ĐOÀN TỈNH GIA LAI
226,banra,1,3427273.00,2023-03-13 17:00:00,CÔNG TY TNHH MỘT THÀNH VIÊN HUY VŨ,ĐẢNG ỦY XÃ IA GA
225,banra,1,2636364.00,2023-03-13 17:00:00,CÔNG TY TNHH MỘT THÀNH VIÊN HUY VŨ,TRƯỜNG THPT PLEIME
224,banra,1,17836364.00,2023-03-13 17:00:00,CÔNG TY TNHH MỘT THÀNH VIÊN HUY VŨ,CÔNG TY TNHH QUICORNAC
223,banra,1,6090909.00,2023-03-13 17:00:00,CÔNG TY TNHH MỘT THÀNH VIÊN HUY VŨ,CHI NHÁNH CÔNG TY TNHH ĐỨC DUNG
222,banra,1,2718182.00,2023-03-13 17:00:00,CÔNG TY TNHH MỘT THÀNH VIÊN HUY VŨ,CÔNG TY CỔ PHẦN TƯ VẤN THIẾT KẾ THÀNH AN GIA LAI
221,banra,1,300000.00,2023-03-13 17:00:00,CÔNG TY TNHH MỘT THÀNH VIÊN HUY VŨ,CHI NHÁNH CÔNG TY CỔ PHẦN TỔNG CÔNG TY SÔNG GIANH TẠI GIA LAI
220,banra,1,236364.00,2023-03-12 17:00:00,CÔNG TY TNHH MỘT THÀNH VIÊN HUY VŨ,CÔNG TY CỔ PHẦN DƯỢC PHẨM TV.PHARM
219,banra,1,27095454.00,2023-03-12 17:00:00,CÔNG TY TNHH MỘT THÀNH VIÊN HUY VŨ,CÔNG TY THUỶ ĐIỆN IA LY (CHI NHÁNH THUỘC TẬP ĐOÀN ĐIỆN LỰC VIỆT NAM)
218,banra,1,163636.00,2023-03-12 17:00:00,CÔNG TY TNHH MỘT THÀNH VIÊN HUY VŨ,CÔNG TY TNHH DỊCH VỤ BẢO VỆ AN NINH NHÂN VIỆT TC
217,banra,1,13127273.00,2023-03-12 17:00:00,CÔNG TY TNHH MỘT THÀNH VIÊN HUY VŨ,QUỸ HỖ TRỢ PHỤ NỮ PHÁT TRIỂN TỈNH GIA LAI
216,banra,1,15454545.00,2023-03-12 17:00:00,CÔNG TY TNHH MỘT THÀNH VIÊN HUY VŨ,BAN ĐIỀU HÀNH DỰ ÁN THỦY ĐIỆN ĐỒNG NAI 5 TỔNG CÔNG TY SÔNG ĐÀ
215,banra,1,718182.00,2023-03-12 17:00:00,CÔNG TY TNHH MỘT THÀNH VIÊN HUY VŨ,CÔNG TY TNHH ĐẦU TƯ XÂY DỰNG KHAI THÁC KHOÁNG SẢN THÁI SƠN
214,banra,1,13445455.00,2023-03-12 17:00:00,CÔNG TY TNHH MỘT THÀNH VIÊN HUY VŨ,CÔNG TY TNHH ĐẦU TƯ XÂY DỰNG KHAI THÁC KHOÁNG SẢN THÁI SƠN
213,banra,1,863636.00,2023-03-12 17:00:00,CÔNG TY TNHH MỘT THÀNH VIÊN HUY VŨ,CÔNG TY CỔ PHẦN THIÊN LONG CÁT GIA LAI
212,banra,1,15009091.00,2023-03-12 17:00:00,CÔNG TY TNHH MỘT THÀNH VIÊN HUY VŨ,CÔNG TY TNHH TƯ VẤN VÀ XÂY DỰNG DQT
211,banra,1,290909.00,2023-03-12 17:00:00,CÔNG TY TNHH MỘT THÀNH VIÊN HUY VŨ,CHI NHÁNH CÔNG TY TNHH THƯƠNG PHẨM ATLANTIC VIỆT NAM TẠI TỈNH GIA LAI
210,banra,1,2318182.00,2023-03-10 17:00:00,CÔNG TY TNHH MỘT THÀNH VIÊN HUY VŨ,CÔNG TY TNHH TƯ VẤN XÂY DỰNG KHẢI HOÀNG
209,banra,1,14836364.00,2023-03-10 17:00:00,CÔNG TY TNHH MỘT THÀNH VIÊN HUY VŨ,CÔNG TY TNHH MỘT THÀNH VIÊN LÂM NGHIỆP KRÔNG PA
208,banra,1,2545455.00,2023-03-09 17:00:00,CÔNG TY TNHH MỘT THÀNH VIÊN HUY VŨ,CÔNG TY TNHH MỘT THÀNH VIÊN LONG THÀNH ĐẠT GIA LAI
207,banra,1,3627273.00,2023-03-09 17:00:00,CÔNG TY TNHH MỘT THÀNH VIÊN HUY VŨ,BAN CHỈ HUY QUÂN SỰ HUYỆN IA PA
206,banra,1,13536364.00,2023-03-08 17:00:00,CÔNG TY TNHH MỘT THÀNH VIÊN HUY VŨ,TRƯỜNG TIỂU HỌC VÕ VĂN KIỆT
205,banra,1,5354545.00,2023-03-08 17:00:00,CÔNG TY TNHH MỘT THÀNH VIÊN HUY VŨ,CÔNG TY TNHH NHẤT LÊ GIA LAI
204,banra,1,590909.00,2023-03-08 17:00:00,CÔNG TY TNHH MỘT THÀNH VIÊN HUY VŨ,CÔNG TY TNHH MỘT THÀNH VIÊN VIỆT LÀO SOLAR
203,banra,1,181818.00,2023-03-08 17:00:00,CÔNG TY TNHH MỘT THÀNH VIÊN HUY VŨ,CHI NHÁNH XĂNG DẦU QUÂN ĐỘI KHU VỰC TÂY NGUYÊN - CÔNG TY TNHH MỘT THÀNH VIÊN TỔNG CÔNG TY XĂNG DẦU QUÂN ĐỘI
202,banra,1,272727.00,2023-03-08 17:00:00,CÔNG TY TNHH MỘT THÀNH VIÊN HUY VŨ,CÔNG TY CỔ PHẦN TÂY AN GROUP
201,banra,1,28363636.00,2023-03-05 17:00:00,CÔNG TY TNHH MỘT THÀNH VIÊN HUY VŨ,CÔNG TY TNHH ĐIỆN TỬ TIN HỌC KIM PHÁT
200,banra,1,3181818.00,2023-03-05 17:00:00,CÔNG TY TNHH MỘT THÀNH VIÊN HUY VŨ,CỤM 2287 - BTM - QUÂN KHU 5
199,banra,1,1881818.00,2023-03-04 17:00:00,CÔNG TY TNHH MỘT THÀNH VIÊN HUY VŨ,CÔNG TY CỔ PHẦN CHÈ BIỂN HỒ
198,banra,1,15636364.00,2023-03-04 17:00:00,CÔNG TY TNHH MỘT THÀNH VIÊN HUY VŨ,CÔNG TY CỔ PHẦN GIÁO DỤC ĐỨC BẢN
197,banra,1,2700000.00,2023-03-04 17:00:00,CÔNG TY TNHH MỘT THÀNH VIÊN HUY VŨ,CHI NHÁNH GIA LAI - CÔNG TY CỔ PHẦN THỰC PHẨM XUẤT KHẨU ĐỒNG GIAO
196,banra,1,90909091.00,2023-03-03 17:00:00,CÔNG TY TNHH MỘT THÀNH VIÊN HUY VŨ,CÔNG TY TNHH VĨNH HIỆP
195,banra,1,27736364.00,2023-03-02 17:00:00,CÔNG TY TNHH MỘT THÀNH VIÊN HUY VŨ,TRƯỜNG THPT A SANH
194,banra,1,18181818.00,2023-03-02 17:00:00,CÔNG TY TNHH MỘT THÀNH VIÊN HUY VŨ,TRUNG TÂM LÂM NGHIỆP NHIỆT ĐỚI
193,banra,1,9454545.00,2023-03-02 17:00:00,CÔNG TY TNHH MỘT THÀNH VIÊN HUY VŨ,CÔNG TY TRÁCH NHIỆM HỮU HẠN HƯNG CƯỜNG
192,banra,1,136364.00,2023-03-02 17:00:00,CÔNG TY TNHH MỘT THÀNH VIÊN HUY VŨ,CÔNG TY TNHH THƯƠNG MẠI NGỌC HOA
191,banra,1,90909.00,2023-03-02 17:00:00,CÔNG TY TNHH MỘT THÀNH VIÊN HUY VŨ,CHI NHÁNH CÔNG TY TNHH OLAM TẠI TỈNH GIA LAI
190,banra,1,4154545.00,2023-03-01 17:00:00,CÔNG TY TNHH MỘT THÀNH VIÊN HUY VŨ,TRƯỜNG TIỂU HỌC & THCS PHAN ĐÌNH PHÙNG
189,banra,1,7000000.00,2023-03-01 17:00:00,CÔNG TY TNHH MỘT THÀNH VIÊN HUY VŨ,CÔNG TY CỔ PHẦN CHÈ BIỂN HỒ
188,banra,1,2000000.00,2023-03-01 17:00:00,CÔNG TY TNHH MỘT THÀNH VIÊN HUY VŨ,PHÂN HIỆU TRƯỜNG ĐẠI HỌC LÂM NGHIỆP TẠI TỈNH GIA LAI
187,banra,1,7200000.00,2023-03-01 17:00:00,CÔNG TY TNHH MỘT THÀNH VIÊN HUY VŨ,PHÂN HIỆU TRƯỜNG ĐẠI HỌC LÂM NGHIỆP TẠI TỈNH GIA LAI
186,banra,1,8181819.00,2023-02-28 17:00:00,CÔNG TY TNHH MỘT THÀNH VIÊN HUY VŨ,CÔNG TY TNHH ĐIỆN TỬ TIN HỌC KIM PHÁT
185,banra,1,133636363.00,2023-02-28 17:00:00,CÔNG TY TNHH MỘT THÀNH VIÊN HUY VŨ,CÔNG TY TNHH ĐIỆN TỬ TIN HỌC KIM PHÁT
184,banra,1,13536364.00,2023-02-28 17:00:00,CÔNG TY TNHH MỘT THÀNH VIÊN HUY VŨ,CÔNG TY TNHH MỘT THÀNH VIÊN TRUYỀN THÔNG MẶT TRỜI GIA LAI
183,banra,1,454545.00,2023-02-28 17:00:00,CÔNG TY TNHH MỘT THÀNH VIÊN HUY VŨ,BAN CHỈ HUY QUÂN SỰ HUYỆN ĐAK ĐOA
182,banra,1,4009091.00,2023-02-28 17:00:00,CÔNG TY TNHH MỘT THÀNH VIÊN HUY VŨ,MÁY VĂN PHÒNG PHƯƠNG NAM
181,banra,1,263636.00,2023-02-28 17:00:00,CÔNG TY TNHH MỘT THÀNH VIÊN HUY VŨ,CÔNG TY TNHH MỘT THÀNH VIÊN TƯ VẤN XÂY DỰNG NHÂN ANH
457,banra,1,381818.00,2023-04-29 17:00:00,CÔNG TY TNHH MỘT THÀNH VIÊN HUY VŨ,VPP PHÚ QUÝ
456,banra,1,900000.00,2023-04-29 17:00:00,CÔNG TY TNHH MỘT THÀNH VIÊN HUY VŨ,BAN QUẢN LÝ RỪNG PHÒNG HỘ ĐAK ĐOA
455,banra,1,1290909.00,2023-04-27 17:00:00,CÔNG TY TNHH MỘT THÀNH VIÊN HUY VŨ,CÔNG TY TNHH MỘT THÀNH VIÊN XÂY DỰNG PHONG HẢI GIA LAI
454,banra,1,13627273.00,2023-04-26 17:00:00,CÔNG TY TNHH MỘT THÀNH VIÊN HUY VŨ,CÔNG TY CỔ PHẦN DU LỊCH GIA LAI
453,banra,1,536364.00,2023-04-26 17:00:00,CÔNG TY TNHH MỘT THÀNH VIÊN HUY VŨ,CÔNG TY CỔ PHẦN CẤP NƯỚC SÀI GÒN - PLEIKU
452,banra,1,563636.00,2023-04-26 17:00:00,CÔNG TY TNHH MỘT THÀNH VIÊN HUY VŨ,XƯỞNG CÔNG BINH 340- BỘ THAM MƯU QK5
451,banra,1,280000.00,2023-04-26 17:00:00,CÔNG TY TNHH MỘT THÀNH VIÊN HUY VŨ,XƯỞNG CÔNG BINH 340- BỘ THAM MƯU QK5
450,banra,1,227273.00,2023-04-25 17:00:00,CÔNG TY TNHH MỘT THÀNH VIÊN HUY VŨ,CÔNG TY TNHH MTV Ô TÔ GIA LAI
449,banra,1,13218182.00,2023-04-25 17:00:00,CÔNG TY TNHH MỘT THÀNH VIÊN HUY VŨ,CÔNG TY TRÁCH NHIỆM HỮU HẠN MỘT THÀNH VIÊN XĂNG DẦU BẮC TÂY NGUYÊN
448,banra,1,272727.00,2023-04-25 17:00:00,CÔNG TY TNHH MỘT THÀNH VIÊN HUY VŨ,CÔNG TY CỔ PHẦN TƯ VẤN - ĐẦU TƯ XÂY DỰNG HOÀNG PHÚC
447,banra,1,5909091.00,2023-04-25 17:00:00,CÔNG TY TNHH MỘT THÀNH VIÊN HUY VŨ,CÔNG TY CỔ PHẦN CHỨNG KHOÁN PHÚ HƯNG
446,banra,1,3409091.00,2023-04-25 17:00:00,CÔNG TY TNHH MỘT THÀNH VIÊN HUY VŨ,TRƯỜNG THCS  IALY
445,banra,1,2363636.00,2023-04-24 17:00:00,CÔNG TY TNHH MỘT THÀNH VIÊN HUY VŨ,CÔNG TY CỔ PHẦN CHIẾN THẮNG
444,banra,1,4081818.00,2023-04-24 17:00:00,CÔNG TY TNHH MỘT THÀNH VIÊN HUY VŨ,TRƯỜNG TIỂU HỌC IANHIN
443,banra,1,5909091.00,2023-04-24 17:00:00,CÔNG TY TNHH MỘT THÀNH VIÊN HUY VŨ,UỶ BAN NHÂN DÂN XÃ KON GANG
442,banra,1,10136364.00,2023-04-24 17:00:00,CÔNG TY TNHH MỘT THÀNH VIÊN HUY VŨ,UỶ BAN NHÂN DÂN XÃ ĐĂK JƠ TA
441,banra,1,454545.00,2023-04-24 17:00:00,CÔNG TY TNHH MỘT THÀNH VIÊN HUY VŨ,CÔNG TY TNHH TƯ VẤN XÂY DỰNG PHÚ VIỆT
440,banra,1,2909091.00,2023-04-24 17:00:00,CÔNG TY TNHH MỘT THÀNH VIÊN HUY VŨ,TRUNG TÂM GIÁO DỤC NGHỀ NGHIỆP -GIÁO DỤC THƯỜNG XUYÊN HUYỆN ĐAK ĐOA
439,banra,1,1172727.00,2023-04-24 17:00:00,CÔNG TY TNHH MỘT THÀNH VIÊN HUY VŨ,CÔNG TY CỔ PHẦN CHÈ BIỂN HỒ
438,banra,1,5550000.00,2023-04-23 17:00:00,CÔNG TY TNHH MỘT THÀNH VIÊN HUY VŨ,CÔNG TY PHÁT TRIỂN THỦY ĐIỆN SÊ SAN - CHI NHÁNH TẬP ĐOÀN ĐIỆN LỰC VIỆT NAM
437,banra,1,263636.00,2023-04-23 17:00:00,CÔNG TY TNHH MỘT THÀNH VIÊN HUY VŨ,UBND  PHƯỜNG HỘI THƯƠNG
436,banra,1,2363636.00,2023-04-23 17:00:00,CÔNG TY TNHH MỘT THÀNH VIÊN HUY VŨ,BAN CHỈ HUY QUÂN SỰ HUYỆN KRÔNG PA
435,banra,1,15900000.00,2023-04-23 17:00:00,CÔNG TY TNHH MỘT THÀNH VIÊN HUY VŨ,CHI NHÁNH CÔNG TY CỔ PHẦN ĐẦU TƯ VÀ PHÁT TRIỂN CÔNG NGHỆ QUỐC GIA ADG TẠI ĐÀ NẴNG
434,banra,1,32363637.00,2023-04-23 17:00:00,CÔNG TY TNHH MỘT THÀNH VIÊN HUY VŨ,NGÂN HÀNG THƯƠNG MẠI CỔ PHẦN ĐẦU TƯ VÀ PHÁT TRIỂN VIỆT NAM - CHI NHÁNH NAM GIA LAI
433,banra,1,10509091.00,2023-04-23 17:00:00,CÔNG TY TNHH MỘT THÀNH VIÊN HUY VŨ,TRUNG TÂM KINH DOANH VNPT - GIA LAI
432,banra,1,209091.00,2023-04-23 17:00:00,CÔNG TY TNHH MỘT THÀNH VIÊN HUY VŨ,CÔNG TY TNHH SX - TM GIA KHANG
431,banra,1,9981818.00,2023-04-21 17:00:00,CÔNG TY TNHH MỘT THÀNH VIÊN HUY VŨ,CÔNG TY TNHH MỘT THÀNH VIÊN DUY PHÚC
430,banra,1,6854545.00,2023-04-21 17:00:00,CÔNG TY TNHH MỘT THÀNH VIÊN HUY VŨ,TRUNG TÂM DỊCH VỤ NÔNG NGHIỆP HUYỆN IAGRAI
429,banra,1,818182.00,2023-04-21 17:00:00,CÔNG TY TNHH MỘT THÀNH VIÊN HUY VŨ,TRƯỜNG TRUNG HỌC SƠ SỞ VÕ THỊ SÁU
428,banra,1,1236364.00,2023-04-21 17:00:00,CÔNG TY TNHH MỘT THÀNH VIÊN HUY VŨ,TRUNG TÂM Y TẾ THÀNH PHỐ PLEIKU
427,banra,1,7400000.00,2023-04-21 17:00:00,CÔNG TY TNHH MỘT THÀNH VIÊN HUY VŨ,MÁY VĂN PHÒNG PHƯƠNG NAM
426,banra,1,3181818.00,2023-04-21 17:00:00,CÔNG TY TNHH MỘT THÀNH VIÊN HUY VŨ,CÔNG TY TNHH MỘT THÀNH VIÊN KHN MEDIA
425,banra,1,963636.00,2023-04-20 17:00:00,CÔNG TY TNHH MỘT THÀNH VIÊN HUY VŨ,CÔNG TY TNHH TƯ VẤN XÂY DỰNG PHÚ VIỆT
424,banra,1,818182.00,2023-04-20 17:00:00,CÔNG TY TNHH MỘT THÀNH VIÊN HUY VŨ,CÔNG TY TNHH MỘT THÀNH VIÊN TCD ĐẠI NAM
423,banra,1,1354545.00,2023-04-19 17:00:00,CÔNG TY TNHH MỘT THÀNH VIÊN HUY VŨ,CÔNG TY TNHH MỘT THÀNH VIÊN NHẤT TÂM GIA LAI
422,banra,1,454545.00,2023-04-19 17:00:00,CÔNG TY TNHH MỘT THÀNH VIÊN HUY VŨ,VIỆN VỆ SINH DỊCH TỄ TÂY NGUYÊN
421,banra,1,12063636.00,2023-04-19 17:00:00,CÔNG TY TNHH MỘT THÀNH VIÊN HUY VŨ,CÔNG TY TRÁCH NHIỆM HỮU HẠN DƯỢC PHẨM PHÚ VINH GIA LAI
420,banra,1,870000.00,2023-04-19 17:00:00,CÔNG TY TNHH MỘT THÀNH VIÊN HUY VŨ,CÔNG TY TNHH MỘT THÀNH VIÊN TCD ĐẠI NAM
419,banra,1,163636.00,2023-04-19 17:00:00,CÔNG TY TNHH MỘT THÀNH VIÊN HUY VŨ,CÔNG TY TNHH MỘT THÀNH VIÊN TCD ĐẠI NAM
418,banra,1,1827273.00,2023-04-19 17:00:00,CÔNG TY TNHH MỘT THÀNH VIÊN HUY VŨ,CHI NHÁNH GIA LAI - CÔNG TY CỔ PHẦN THỰC PHẨM XUẤT KHẨU ĐỒNG GIAO
417,banra,1,136364.00,2023-04-19 17:00:00,CÔNG TY TNHH MỘT THÀNH VIÊN HUY VŨ,TRUNG TÂM HỖ TRỢ SÁNG KIẾN PHÁT TRIỂN CỘNG ĐỒNG
416,banra,1,1272727.00,2023-04-19 17:00:00,CÔNG TY TNHH MỘT THÀNH VIÊN HUY VŨ,CÔNG TY CỔ PHẦN XUẤT NHẬP KHẨU Y TẾ GIA LAI
415,banra,1,1472727.00,2023-04-19 17:00:00,CÔNG TY TNHH MỘT THÀNH VIÊN HUY VŨ,CÔNG TY TNHH GOLDWIND INTERNATIONAL VIỆT NAM
414,banra,1,5536364.00,2023-04-19 17:00:00,CÔNG TY TNHH MỘT THÀNH VIÊN HUY VŨ,CÔNG TY TNHH MỘT THÀNH VIÊN TƯ VẤN VÀ CHUYỂN GIAO CÔNG NGHỆ H.A.I
413,banra,1,2990909.00,2023-04-18 17:00:00,CÔNG TY TNHH MỘT THÀNH VIÊN HUY VŨ,CÔNG TY CỔ PHẦN CHANH LEO NAFOODS
412,banra,1,1909091.00,2023-04-18 17:00:00,CÔNG TY TNHH MỘT THÀNH VIÊN HUY VŨ,TRƯỜNG THCS LÊ LỢI
411,banra,1,1845455.00,2023-04-18 17:00:00,CÔNG TY TNHH MỘT THÀNH VIÊN HUY VŨ,CÔNG TY BẢO VIỆT GIA LAI
410,banra,1,2727273.00,2023-04-18 17:00:00,CÔNG TY TNHH MỘT THÀNH VIÊN HUY VŨ,CÔNG TY TNHH NĂNG LƯỢNG SẠCH CAO NGUYÊN
409,banra,1,7709091.00,2023-04-17 17:00:00,CÔNG TY TNHH MỘT THÀNH VIÊN HUY VŨ,TRƯỜNG TRUNG HỌC PHỔ THÔNG NGUYỄN HUỆ
408,banra,1,99545455.00,2023-04-17 17:00:00,CÔNG TY TNHH MỘT THÀNH VIÊN HUY VŨ,CÔNG TY TNHH ĐIỆN TỬ TIN HỌC KIM PHÁT
407,banra,1,9363636.00,2023-04-17 17:00:00,CÔNG TY TNHH MỘT THÀNH VIÊN HUY VŨ,CÔNG TY CỔ PHẦN XÂY DỰNG THIÊN QUÂN GIA LAI
406,banra,1,209091.00,2023-04-17 17:00:00,CÔNG TY TNHH MỘT THÀNH VIÊN HUY VŨ,CÔNG TY TNHH SX - TM GIA KHANG
405,banra,1,6900000.00,2023-04-17 17:00:00,CÔNG TY TNHH MỘT THÀNH VIÊN HUY VŨ,PHÒNG NÔNG NGHIỆP VÀ PTNT HUYỆN IA GRAI
404,banra,1,17945455.00,2023-04-17 17:00:00,CÔNG TY TNHH MỘT THÀNH VIÊN HUY VŨ,CHI NHÁNH CÔNG TY CỔ PHẦN TỔNG CÔNG TY SÔNG GIANH TẠI GIA LAI
403,banra,1,3472727.00,2023-04-17 17:00:00,CÔNG TY TNHH MỘT THÀNH VIÊN HUY VŨ,CÔNG TY TNHH MỘT THÀNH VIÊN LONG THÀNH ĐẠT GIA LAI
402,banra,1,2800000.00,2023-04-16 17:00:00,CÔNG TY TNHH MỘT THÀNH VIÊN HUY VŨ,PHÒNG CẢNH SÁT HÌNH SỰ CÔNG AN TỈNH GIA LAI
401,banra,1,18209091.00,2023-04-16 17:00:00,CÔNG TY TNHH MỘT THÀNH VIÊN HUY VŨ,QUỸ TÍN DỤNG NHÂN DÂN TRÀ BÁ
400,banra,1,1363636.00,2023-04-16 17:00:00,CÔNG TY TNHH MỘT THÀNH VIÊN HUY VŨ,CÔNG TY TRÁCH NHIỆM HỮU HẠN MỘT THÀNH VIÊN XĂNG DẦU BẮC TÂY NGUYÊN
399,banra,1,690909.00,2023-04-16 17:00:00,CÔNG TY TNHH MỘT THÀNH VIÊN HUY VŨ,LIÊN ĐOÀN LAO ĐỘNG HUYỆN CHƯ PRÔNG
398,banra,1,6909091.00,2023-04-16 17:00:00,CÔNG TY TNHH MỘT THÀNH VIÊN HUY VŨ,CÔNG TY TNHH XÂY DỰNG CÔNG NÔNG NGHIỆP THADICO
397,banra,1,500000.00,2023-04-13 17:00:00,CÔNG TY TNHH MỘT THÀNH VIÊN HUY VŨ,CÔNG TY TNHH TƯ VẤN XÂY DỰNG TIẾN MINH
396,banra,1,2454545.00,2023-04-13 17:00:00,CÔNG TY TNHH MỘT THÀNH VIÊN HUY VŨ,TRUNG TÂM GIA NINH
395,banra,1,354545.00,2023-04-13 17:00:00,CÔNG TY TNHH MỘT THÀNH VIÊN HUY VŨ,TIỂU ĐOÀN 29 BỘ THAM MƯU QUÂN ĐOÀN 3
394,banra,1,209091.00,2023-04-13 17:00:00,CÔNG TY TNHH MỘT THÀNH VIÊN HUY VŨ,CÔNG TY TNHH SX - TM GIA KHANG
393,banra,1,1281818.00,2023-04-13 17:00:00,CÔNG TY TNHH MỘT THÀNH VIÊN HUY VŨ,CÔNG TY CỔ PHẦN BỆNH VIỆN ĐẠI HỌC Y DƯỢC - HOÀNG ANH GIA LAI
392,banra,1,254545.00,2023-04-13 17:00:00,CÔNG TY TNHH MỘT THÀNH VIÊN HUY VŨ,CÔNG TY TNHH MỘT THÀNH VIÊN TIẾN MINH GIA LAI
391,banra,1,1763636.00,2023-04-13 17:00:00,CÔNG TY TNHH MỘT THÀNH VIÊN HUY VŨ,NGÂN HÀNG THƯƠNG MẠI CỔ PHẦN ĐẦU TƯ VÀ PHÁT TRIỂN VIỆT NAM - CHI NHÁNH NAM GIA LAI
390,banra,1,136364.00,2023-04-13 17:00:00,CÔNG TY TNHH MỘT THÀNH VIÊN HUY VŨ,CÔNG TY TNHH MỘT THÀNH VIÊN LÊ ĐẠO GIA LAI
389,banra,1,700000.00,2023-04-12 17:00:00,CÔNG TY TNHH MỘT THÀNH VIÊN HUY VŨ,ĐỘI CÔNG TRÌNH ĐÔ THỊ HUYỆN ĐAK ĐOA
388,banra,1,3018182.00,2023-04-12 17:00:00,CÔNG TY TNHH MỘT THÀNH VIÊN HUY VŨ,CÔNG TY TNHH THIẾT BỊ GIÁO DỤC VÀ ĐỒ CHƠI TRÀNG AN
387,banra,1,5172727.00,2023-04-12 17:00:00,CÔNG TY TNHH MỘT THÀNH VIÊN HUY VŨ,CÔNG TY CỔ PHẦN DỊCH VỤ PLEIKU TOURIST
386,banra,1,47245454.00,2023-04-12 17:00:00,CÔNG TY TNHH MỘT THÀNH VIÊN HUY VŨ,TRUNG TÂM HỖ TRỢ SÁNG KIẾN PHÁT TRIỂN CỘNG ĐỒNG
385,banra,1,3809091.00,2023-04-12 17:00:00,CÔNG TY TNHH MỘT THÀNH VIÊN HUY VŨ,LIÊN ĐOÀN LAO ĐỘNG HUYỆN CHƯ PRÔNG
384,banra,1,29272727.00,2023-04-12 17:00:00,CÔNG TY TNHH MỘT THÀNH VIÊN HUY VŨ,CHI CỤC THI HÀNH ÁN DÂN SỰ HUYỆN ĐAK ĐOA
383,banra,1,181818.00,2023-04-12 17:00:00,CÔNG TY TNHH MỘT THÀNH VIÊN HUY VŨ,CHI NHÁNH CÔNG TY TNHH OLAM TẠI TỈNH GIA LAI
382,banra,1,409091.00,2023-04-11 17:00:00,CÔNG TY TNHH MỘT THÀNH VIÊN HUY VŨ,VĂN PHÒNG LUẬT SƯ HỨA HOÀNG GIA
381,banra,1,1227273.00,2023-04-11 17:00:00,CÔNG TY TNHH MỘT THÀNH VIÊN HUY VŨ,CHI NHÁNH CÔNG TY CỔ PHẦN TỔNG CÔNG TY SÔNG GIANH TẠI GIA LAI
252,muavao,1,1418712.00,2023-01-02 17:00:00,Ngân hàng TMCP Sài Gòn Thương Tín - Chi nhánh Gia Lai,CONG TY TNHH MTV HUY VU
380,banra,1,12431818.00,2023-04-11 17:00:00,CÔNG TY TNHH MỘT THÀNH VIÊN HUY VŨ,TRUNG TÂM DỊCH VỤ TIN HỌC NGUYÊN HẬU
379,banra,1,118182.00,2023-04-11 17:00:00,CÔNG TY TNHH MỘT THÀNH VIÊN HUY VŨ,CÔNG TY TRÁCH NHIỆM HỮU HẠN MỘT THÀNH VIÊN TRIỆU HẢI GIA LAI
378,banra,1,1590909.00,2023-04-11 17:00:00,CÔNG TY TNHH MỘT THÀNH VIÊN HUY VŨ,CÔNG TY CỔ PHẦN TRƯỜNG SƠN 145
377,banra,1,6390909.00,2023-04-11 17:00:00,CÔNG TY TNHH MỘT THÀNH VIÊN HUY VŨ,CÔNG TY CỔ PHẦN THUỶ ĐIỆN ĐĂK ĐOA
376,banra,1,14627273.00,2023-04-11 17:00:00,CÔNG TY TNHH MỘT THÀNH VIÊN HUY VŨ,CÔNG TY TNHH TOYOTA GIA LAI
375,banra,1,4545455.00,2023-04-10 17:00:00,CÔNG TY TNHH MỘT THÀNH VIÊN HUY VŨ,LỮ ĐOÀN 132 - BINH CHỦNG THÔNG TIN LIÊN LẠC
374,banra,1,1772727.00,2023-04-10 17:00:00,CÔNG TY TNHH MỘT THÀNH VIÊN HUY VŨ,CÔNG TY TNHH MỘT THÀNH VIÊN ĐẠI LÝ BẢO HIỂM ĐỨC GIA THỊNH
373,banra,1,636364.00,2023-04-10 17:00:00,CÔNG TY TNHH MỘT THÀNH VIÊN HUY VŨ,CÔNG TY BẢO VIỆT GIA LAI
372,banra,1,1818182.00,2023-04-09 17:00:00,CÔNG TY TNHH MỘT THÀNH VIÊN HUY VŨ,LỮ ĐOÀN 132 - BINH CHỦNG THÔNG TIN LIÊN LẠC
371,banra,1,881818.00,2023-04-09 17:00:00,CÔNG TY TNHH MỘT THÀNH VIÊN HUY VŨ,VPP PHÚ QUÝ
370,banra,1,681818.00,2023-04-09 17:00:00,CÔNG TY TNHH MỘT THÀNH VIÊN HUY VŨ,CÔNG TY TNHH MTV Ô TÔ GIA LAI
369,banra,1,61827273.00,2023-04-09 17:00:00,CÔNG TY TNHH MỘT THÀNH VIÊN HUY VŨ,CÔNG TY CỔ PHẦN XÂY DỰNG THIÊN QUÂN GIA LAI
368,banra,1,14545455.00,2023-04-09 17:00:00,CÔNG TY TNHH MỘT THÀNH VIÊN HUY VŨ,BAN CHỈ HUY QUÂN SỰ HUYỆN ĐAK ĐOA
367,banra,1,1263636.00,2023-04-09 17:00:00,CÔNG TY TNHH MỘT THÀNH VIÊN HUY VŨ,BAN QUẢN LÝ RỪNG PHÒNG HỘ ĐÔNG BẮC CHƯ PĂH
366,banra,1,290909.00,2023-04-09 17:00:00,CÔNG TY TNHH MỘT THÀNH VIÊN HUY VŨ,CÔNG TY TNHH HỒ TIÊU NGŨ SẮC
365,banra,1,9045455.00,2023-04-07 17:00:00,CÔNG TY TNHH MỘT THÀNH VIÊN HUY VŨ,TRUNG TÂM GIÁO DỤC NGHỀ NGHIỆP -GIÁO DỤC THƯỜNG XUYÊN HUYỆN ĐAK ĐOA
364,banra,1,15545455.00,2023-04-06 17:00:00,CÔNG TY TNHH MỘT THÀNH VIÊN HUY VŨ,CÔNG TY TNHH VI TÍNH ĐẠI TÀI LỘC
363,banra,1,48454545.00,2023-04-06 17:00:00,CÔNG TY TNHH MỘT THÀNH VIÊN HUY VŨ,CÔNG TY TNHH ĐIỆN TỬ TIN HỌC KIM PHÁT
362,banra,1,27927273.00,2023-04-05 17:00:00,CÔNG TY TNHH MỘT THÀNH VIÊN HUY VŨ,CÔNG TY CỔ PHẦN THƯƠNG MẠI HƯNG PHÁT
361,banra,1,481818.00,2023-04-05 17:00:00,CÔNG TY TNHH MỘT THÀNH VIÊN HUY VŨ,CÔNG TY CỔ PHẦN THUỶ ĐIỆN ĐĂK ĐOA
360,banra,1,1200000.00,2023-04-05 17:00:00,CÔNG TY TNHH MỘT THÀNH VIÊN HUY VŨ,CHI NHÁNH GIA LAI - CÔNG TY CỔ PHẦN THỰC PHẨM XUẤT KHẨU ĐỒNG GIAO
359,banra,1,18054545.00,2023-04-05 17:00:00,CÔNG TY TNHH MỘT THÀNH VIÊN HUY VŨ,CHI NHÁNH TỔNG CÔNG TY CÀ PHÊ VIỆT NAM - CÔNG TY CÀ PHÊ IA SAO I
358,banra,1,118182.00,2023-04-04 17:00:00,CÔNG TY TNHH MỘT THÀNH VIÊN HUY VŨ,CÔNG TY CỔ PHẦN DƯỢC PHẨM TV.PHARM
357,banra,1,590909.00,2023-04-04 17:00:00,CÔNG TY TNHH MỘT THÀNH VIÊN HUY VŨ,PHÒNG QUẢN LÝ ĐÔ THỊ THÀNH PHỐ PLEIKU
356,banra,1,118182.00,2023-04-04 17:00:00,CÔNG TY TNHH MỘT THÀNH VIÊN HUY VŨ,CHI NHÁNH CÔNG TY TNHH LOTTERIA VIỆT NAM TẠI TỈNH GIA LAI
355,banra,1,10881818.00,2023-04-04 17:00:00,CÔNG TY TNHH MỘT THÀNH VIÊN HUY VŨ,BAN TỔ CHỨC HUYỆN ỦY MANG YANG
354,banra,1,18000000.00,2023-04-04 17:00:00,CÔNG TY TNHH MỘT THÀNH VIÊN HUY VŨ,CHI NHÁNH TỔNG CÔNG TY CÀ PHÊ VIỆT NAM - CÔNG TY CÀ PHÊ IA SAO I
353,banra,1,2636364.00,2023-04-04 17:00:00,CÔNG TY TNHH MỘT THÀNH VIÊN HUY VŨ,TRƯỜNG THPT PLEIME
352,banra,1,1627273.00,2023-04-04 17:00:00,CÔNG TY TNHH MỘT THÀNH VIÊN HUY VŨ,CÔNG TY CỔ PHẦN CẤP NƯỚC SÀI GÒN - PLEIKU
351,banra,1,3790909.00,2023-04-03 17:00:00,CÔNG TY TNHH MỘT THÀNH VIÊN HUY VŨ,CÔNG TY TNHH ĐIỆN TỬ TIN HỌC KIM PHÁT
350,banra,1,147272727.00,2023-04-03 17:00:00,CÔNG TY TNHH MỘT THÀNH VIÊN HUY VŨ,CÔNG TY TNHH ĐIỆN TỬ TIN HỌC KIM PHÁT
251,muavao,1,707952.00,2023-01-02 17:00:00,Ngân hàng TMCP Sài Gòn Thương Tín - Chi nhánh Gia Lai,CONG TY TNHH MTV HUY VU
349,banra,1,15163636.00,2023-04-03 17:00:00,CÔNG TY TNHH MỘT THÀNH VIÊN HUY VŨ,TRƯỜNG TIỂU HỌC IA KHƯƠL
348,banra,1,1363636.00,2023-04-03 17:00:00,CÔNG TY TNHH MỘT THÀNH VIÊN HUY VŨ,CÔNG TY TNHH VĨNH HIỆP
347,banra,1,2545455.00,2023-04-03 17:00:00,CÔNG TY TNHH MỘT THÀNH VIÊN HUY VŨ,CÔNG TY CỔ PHẦN PHÁT TRIỂN RƯỢU VIỆT
346,banra,1,1163636.00,2023-04-03 17:00:00,CÔNG TY TNHH MỘT THÀNH VIÊN HUY VŨ,CHI NHÁNH TỔNG CÔNG TY CÀ PHÊ VIỆT NAM - CÔNG TY CÀ PHÊ 706
345,banra,1,6309091.00,2023-04-02 17:00:00,CÔNG TY TNHH MỘT THÀNH VIÊN HUY VŨ,QUỸ TÍN DỤNG NHÂN DÂN THỊ TRẤN  IAKHA
344,banra,1,18072727.00,2023-04-02 17:00:00,CÔNG TY TNHH MỘT THÀNH VIÊN HUY VŨ,CÔNG TY CỔ PHẦN PHÁT TRIỂN RƯỢU VIỆT
343,banra,1,3627273.00,2023-04-02 17:00:00,CÔNG TY TNHH MỘT THÀNH VIÊN HUY VŨ,CÔNG TY TNHH THỊNH PHÁT DANH TRÀ
342,banra,1,14081818.00,2023-04-01 17:00:00,CÔNG TY TNHH MỘT THÀNH VIÊN HUY VŨ,CÔNG TY TNHH MỘT THÀNH VIÊN TƯ VẤN XÂY DỰNG TIẾN CƯỜNG GIA LAI
341,banra,1,12881818.00,2023-04-01 17:00:00,CÔNG TY TNHH MỘT THÀNH VIÊN HUY VŨ,CÔNG TY TNHH MỘT THÀNH VIÊN TỔNG CÔNG TY 15 - CHI NHÁNH 710
566,banra,1,5054546.00,2023-05-30 17:00:00,CÔNG TY TNHH MỘT THÀNH VIÊN HUY VŨ,CÔNG TY CỔ PHẦN ĐAKSRÔNG
565,banra,1,545455.00,2023-05-30 17:00:00,CÔNG TY TNHH MỘT THÀNH VIÊN HUY VŨ,CÔNG TY TRÁCH NHIỆM HỮU HẠN MỘT THÀNH VIÊN XĂNG DẦU BẮC TÂY NGUYÊN
564,banra,1,1072728.00,2023-05-30 17:00:00,CÔNG TY TNHH MỘT THÀNH VIÊN HUY VŨ,CÔNG TY CỔ PHẦN HOÀNG ANH GIA LAI
563,banra,1,8451818.00,2023-05-30 17:00:00,CÔNG TY TNHH MỘT THÀNH VIÊN HUY VŨ,CÔNG TY TNHH TƯ VẤN THIẾT KẾ VÀ XÂY DỰNG QUỐC KHÁNH
562,banra,1,1090909.00,2023-05-30 17:00:00,CÔNG TY TNHH MỘT THÀNH VIÊN HUY VŨ,XƯỞNG 340 QUÂN KHU 5
561,banra,1,1590909.00,2023-05-30 17:00:00,CÔNG TY TNHH MỘT THÀNH VIÊN HUY VŨ,HỘI LIÊN HIỆP PHỤ NỮ TỈNH GIA LAI
560,banra,1,1136364.00,2023-05-30 17:00:00,CÔNG TY TNHH MỘT THÀNH VIÊN HUY VŨ,TRƯỜNG THCS NGUYỄN TRÃI
559,banra,1,16409090.00,2023-05-30 17:00:00,CÔNG TY TNHH MỘT THÀNH VIÊN HUY VŨ,HỘ KINH DOANH ĐẠI PHÚ
558,banra,1,202645455.00,2023-05-30 17:00:00,CÔNG TY TNHH MỘT THÀNH VIÊN HUY VŨ,CÔNG TY TNHH VI TÍNH QUI NHƠN
557,banra,1,13618182.00,2023-05-30 17:00:00,CÔNG TY TNHH MỘT THÀNH VIÊN HUY VŨ,CÔNG TY TRÁCH NHIỆM HỮU HẠN MỘT THÀNH VIÊN XĂNG DẦU BẮC TÂY NGUYÊN
556,banra,1,409091.00,2023-05-29 17:00:00,CÔNG TY TNHH MỘT THÀNH VIÊN HUY VŨ,CÔNG TY CỔ PHẦN CHANH LEO NAFOODS
555,banra,1,318182.00,2023-05-29 17:00:00,CÔNG TY TNHH MỘT THÀNH VIÊN HUY VŨ,CÔNG TY CỔ PHẦN BOT VÀ BT ĐỨC LONG GIA LAI
554,banra,1,5727273.00,2023-05-29 17:00:00,CÔNG TY TNHH MỘT THÀNH VIÊN HUY VŨ,CÔNG TY TNHH TƯ VẤN HOÀNG SƠN LAWFIRM
553,banra,1,4790909.00,2023-05-29 17:00:00,CÔNG TY TNHH MỘT THÀNH VIÊN HUY VŨ,CHI NHÁNH CÔNG TY TNHH OLAM TẠI TỈNH GIA LAI
552,banra,1,372727.00,2023-05-29 17:00:00,CÔNG TY TNHH MỘT THÀNH VIÊN HUY VŨ,NGÂN HÀNG THƯƠNG MẠI CỔ PHẦN ĐẦU TƯ VÀ PHÁT TRIỂN VIỆT NAM - CHI NHÁNH NAM GIA LAI
551,banra,1,372727.00,2023-05-29 17:00:00,CÔNG TY TNHH MỘT THÀNH VIÊN HUY VŨ,CÔNG TY CỔ PHẦN TƯ VẤN THIẾT KẾ THÀNH AN GIA LAI
550,banra,1,954545.00,2023-05-29 17:00:00,CÔNG TY TNHH MỘT THÀNH VIÊN HUY VŨ,BAN QUẢN LÝ RỪNG PHÒNG HỘ IA MEUR
549,banra,1,1172727.00,2023-05-29 17:00:00,CÔNG TY TNHH MỘT THÀNH VIÊN HUY VŨ,CHI NHÁNH CÔNG TY CỔ PHẦN SUN TAXI TẠI GIA LAI
548,banra,1,5500000.00,2023-05-29 17:00:00,CÔNG TY TNHH MỘT THÀNH VIÊN HUY VŨ,CÔNG TY CỔ PHẦN BỆNH VIỆN ĐẠI HỌC Y DƯỢC - HOÀNG ANH GIA LAI
547,banra,1,15445455.00,2023-05-29 17:00:00,CÔNG TY TNHH MỘT THÀNH VIÊN HUY VŨ,CÔNG TY TNHH MỘT THÀNH VIÊN TM&DV THẮNG AN GIA LAI
546,banra,1,3627273.00,2023-05-28 17:00:00,CÔNG TY TNHH MỘT THÀNH VIÊN HUY VŨ,BAN CHỈ HUY QUÂN SỰ HUYỆN  IA GRAI
545,banra,1,1000000.00,2023-05-27 17:00:00,CÔNG TY TNHH MỘT THÀNH VIÊN HUY VŨ,CÔNG TY TNHH DỊCH VỤ THUẾ - KẾ TOÁN TFC GIA LAI
250,muavao,1,740536.00,2023-01-02 17:00:00,Ngân hàng TMCP Sài Gòn Thương Tín - Chi nhánh Gia Lai,CONG TY TNHH MTV HUY VU
544,banra,1,15145455.00,2023-05-27 17:00:00,CÔNG TY TNHH MỘT THÀNH VIÊN HUY VŨ,CÔNG TY TNHH THƯƠNG MẠI DƯỢC PHẨM NGHINH PHONG
543,banra,1,2590909.00,2023-05-27 17:00:00,CÔNG TY TNHH MỘT THÀNH VIÊN HUY VŨ,CÔNG TY TRÁCH NHIỆM HỮU HẠN MỘT THÀNH VIÊN XĂNG DẦU BẮC TÂY NGUYÊN
542,banra,1,90909.00,2023-05-26 17:00:00,CÔNG TY TNHH MỘT THÀNH VIÊN HUY VŨ,TRƯỜNG TRUNG HỌC CƠ SỞ TRƯNG VƯƠNG
541,banra,1,5900000.00,2023-05-26 17:00:00,CÔNG TY TNHH MỘT THÀNH VIÊN HUY VŨ,"Phòng Chính trị, Cục Hậu cần, Quân đoàn 3"
540,banra,1,17390909.00,2023-05-26 17:00:00,CÔNG TY TNHH MỘT THÀNH VIÊN HUY VŨ,BAN CHỈ HUY QUÂN SỰ HUYỆN  IA GRAI
539,banra,1,2845455.00,2023-05-25 17:00:00,CÔNG TY TNHH MỘT THÀNH VIÊN HUY VŨ,CÔNG TY CỔ PHẦN BỆNH VIỆN ĐẠI HỌC Y DƯỢC - HOÀNG ANH GIA LAI
538,banra,1,754545.00,2023-05-25 17:00:00,CÔNG TY TNHH MỘT THÀNH VIÊN HUY VŨ,CÔNG TY TNHH MỘT THÀNH VIÊN XI MĂNG  ELECEM
537,banra,1,1818182.00,2023-05-25 17:00:00,CÔNG TY TNHH MỘT THÀNH VIÊN HUY VŨ,CÔNG TY TRÁCH NHIỆM HỮU HẠN MỘT THÀNH VIÊN CÀ PHÊ 705
536,banra,1,13363636.00,2023-05-25 17:00:00,CÔNG TY TNHH MỘT THÀNH VIÊN HUY VŨ,CÔNG TY CỔ PHẦN BỆNH VIỆN ĐẠI HỌC Y DƯỢC - HOÀNG ANH GIA LAI
535,banra,1,35136364.00,2023-05-24 17:00:00,CÔNG TY TNHH MỘT THÀNH VIÊN HUY VŨ,CÔNG TY TNHH ĐIỆN TỬ TIN HỌC KIM PHÁT
534,banra,1,3627273.00,2023-05-23 17:00:00,CÔNG TY TNHH MỘT THÀNH VIÊN HUY VŨ,CÔNG TY TNHH MỘT THÀNH VIÊN PHƯƠNG BẢO TÂY NGUYÊN
533,banra,1,1818182.00,2023-05-23 17:00:00,CÔNG TY TNHH MỘT THÀNH VIÊN HUY VŨ,BAN QUẢN LÝ RỪNG PHÒNG HỘ BẮC AN KHÊ
532,banra,1,16990909.00,2023-05-23 17:00:00,CÔNG TY TNHH MỘT THÀNH VIÊN HUY VŨ,CÔNG TY TRÁCH NHIỆM HỮU HẠN 30-4 GIA LAI
531,banra,1,136364.00,2023-05-23 17:00:00,CÔNG TY TNHH MỘT THÀNH VIÊN HUY VŨ,CÔNG TY TNHH THƯƠNG MẠI NGỌC HOA
530,banra,1,654545.00,2023-05-23 17:00:00,CÔNG TY TNHH MỘT THÀNH VIÊN HUY VŨ,TRUNG TÂM Y TẾ THÀNH PHỐ PLEIKU
529,banra,1,300000.00,2023-05-23 17:00:00,CÔNG TY TNHH MỘT THÀNH VIÊN HUY VŨ,PHÂN HIỆU TRƯỜNG ĐẠI HỌC LÂM NGHIỆP TẠI TỈNH GIA LAI
528,banra,1,11818182.00,2023-05-23 17:00:00,CÔNG TY TNHH MỘT THÀNH VIÊN HUY VŨ,CÔNG TY CỔ PHẦN CHÈ BIỂN HỒ
527,banra,1,272727.00,2023-05-23 17:00:00,CÔNG TY TNHH MỘT THÀNH VIÊN HUY VŨ,TRUNG TÂM Y TẾ THÀNH PHỐ PLEIKU
526,banra,1,1136364.00,2023-05-23 17:00:00,CÔNG TY TNHH MỘT THÀNH VIÊN HUY VŨ,CÔNG TY TNHH MỘT THÀNH VIÊN SƠN SOLAR GIA LAI
525,banra,1,709091.00,2023-05-22 17:00:00,CÔNG TY TNHH MỘT THÀNH VIÊN HUY VŨ,CÔNG TY CỔ PHẦN ĐẦU TƯ EMI
524,banra,1,445455.00,2023-05-22 17:00:00,CÔNG TY TNHH MỘT THÀNH VIÊN HUY VŨ,Ngân hàng Chính sách xã hội huyện Ia Grai
523,banra,1,18072727.00,2023-05-22 17:00:00,CÔNG TY TNHH MỘT THÀNH VIÊN HUY VŨ,BỆNH VIỆN QUÂN Y 15
522,banra,1,28163636.00,2023-05-22 17:00:00,CÔNG TY TNHH MỘT THÀNH VIÊN HUY VŨ,CÔNG TY TRÁCH NHIỆM HỮU HẠN THỦY ĐIỆN TÂY NGUYÊN
521,banra,1,4218182.00,2023-05-22 17:00:00,CÔNG TY TNHH MỘT THÀNH VIÊN HUY VŨ,TRƯỜNG TIỂU HỌC VÀ TRUNG HỌC CƠ SỞ NGUYỄN DU
520,banra,1,300000.00,2023-05-22 17:00:00,CÔNG TY TNHH MỘT THÀNH VIÊN HUY VŨ,CÔNG TY TNHH DỊCH VỤ BẢO VỆ AN NINH NHÂN VIỆT TC
519,banra,1,23336363.00,2023-05-22 17:00:00,CÔNG TY TNHH MỘT THÀNH VIÊN HUY VŨ,CẢNG HÀNG KHÔNG PLEIKU - CHI NHÁNH TỔNG CÔNG TY CẢNG HÀNG KHÔNG VIỆT NAM - CTCP
518,banra,1,4536364.00,2023-05-21 17:00:00,CÔNG TY TNHH MỘT THÀNH VIÊN HUY VŨ,TRƯỜNG TIỂU HỌC LƠ PANG
517,banra,1,3500000.00,2023-05-20 17:00:00,CÔNG TY TNHH MỘT THÀNH VIÊN HUY VŨ,MÁY VĂN PHÒNG PHƯƠNG NAM
516,banra,1,1136364.00,2023-05-19 17:00:00,CÔNG TY TNHH MỘT THÀNH VIÊN HUY VŨ,CÔNG TY CỔ PHẦN TRƯỜNG PHỔ THÔNG NGUYỄN VĂN LINH GIA LAI
515,banra,1,1318182.00,2023-05-19 17:00:00,CÔNG TY TNHH MỘT THÀNH VIÊN HUY VŨ,CHI NHÁNH CÔNG TY TNHH MỘT THÀNH VIÊN CAO SU CHƯ PRÔNG - TRUNG TÂM Y TẾ
514,banra,1,336364.00,2023-05-18 17:00:00,CÔNG TY TNHH MỘT THÀNH VIÊN HUY VŨ,MẶT TRẬN TỔ QUỐC HUYỆN CHƯ PĂH
513,banra,1,1309091.00,2023-05-18 17:00:00,CÔNG TY TNHH MỘT THÀNH VIÊN HUY VŨ,PHÒNG CẢNH SÁT KINH TẾ - CÔNG AN TỈNH GIA LAI
512,banra,1,9172727.00,2023-05-18 17:00:00,CÔNG TY TNHH MỘT THÀNH VIÊN HUY VŨ,XÍ NGHIỆP KHẢO SÁT THIẾT KẾ - CHI NHÁNH TỔNG CÔNG TY 15
511,banra,1,15763636.00,2023-05-18 17:00:00,CÔNG TY TNHH MỘT THÀNH VIÊN HUY VŨ,CÔNG TY CỔ PHẦN BỆNH VIỆN ĐẠI HỌC Y DƯỢC - HOÀNG ANH GIA LAI
970,banra,1,409091.00,2023-09-18 17:00:00,CÔNG TY TNHH MỘT THÀNH VIÊN HUY VŨ,Đại đội Tiểu đoàn 29 Bộ tham mưu Quân Đoàn 3
510,banra,1,19336364.00,2023-05-17 17:00:00,CÔNG TY TNHH MỘT THÀNH VIÊN HUY VŨ,CÔNG TY THUỶ ĐIỆN IA LY (CHI NHÁNH THUỘC TẬP ĐOÀN ĐIỆN LỰC VIỆT NAM)
509,banra,1,1145454.00,2023-05-17 17:00:00,CÔNG TY TNHH MỘT THÀNH VIÊN HUY VŨ,CÔNG TY TRÁCH NHIỆM HỮU HẠN THIÊN ÂN AUTO GIA LAI
508,banra,1,500000.00,2023-05-17 17:00:00,CÔNG TY TNHH MỘT THÀNH VIÊN HUY VŨ,CÔNG TY CỔ PHẦN DƯỢC PHẨM TV.PHARM
507,banra,1,8363636.00,2023-05-17 17:00:00,CÔNG TY TNHH MỘT THÀNH VIÊN HUY VŨ,CÔNG TY TNHH MỘT THÀNH VIÊN MY LINH GIA LAI
506,banra,1,3627273.00,2023-05-17 17:00:00,CÔNG TY TNHH MỘT THÀNH VIÊN HUY VŨ,CHI NHÁNH 716 THUỘC TỔNG CÔNG TY 15
505,banra,1,681818.00,2023-05-17 17:00:00,CÔNG TY TNHH MỘT THÀNH VIÊN HUY VŨ,CÔNG TY CỔ PHẦN THỂ THAO HOÀNG ANH GIA LAI
504,banra,1,12663636.00,2023-05-16 17:00:00,CÔNG TY TNHH MỘT THÀNH VIÊN HUY VŨ,CTY TNHH PHƯƠNG TÙNG GIA LAI
503,banra,1,772727.00,2023-05-16 17:00:00,CÔNG TY TNHH MỘT THÀNH VIÊN HUY VŨ,CÔNG TY CỔ PHẦN HƯNG THẮNG LỢI GIA LAI
502,banra,1,2545455.00,2023-05-15 17:00:00,CÔNG TY TNHH MỘT THÀNH VIÊN HUY VŨ,CỬA HÀNG XUÂN ANH COMPUTER
501,banra,1,6172727.00,2023-05-15 17:00:00,CÔNG TY TNHH MỘT THÀNH VIÊN HUY VŨ,CHI NHÁNH CÔNG TY CỔ PHẦN XĂNG DẦU DẦU KHÍ PVOIL MIỀN TRUNG TẠI GIA LAI
500,banra,1,772727.00,2023-05-15 17:00:00,CÔNG TY TNHH MỘT THÀNH VIÊN HUY VŨ,TRUNG TÂM GIA NINH
499,banra,1,500000.00,2023-05-14 17:00:00,CÔNG TY TNHH MỘT THÀNH VIÊN HUY VŨ,CÔNG TY BẢO HIỂM BSH GIA LAI
498,banra,1,763636.00,2023-05-14 17:00:00,CÔNG TY TNHH MỘT THÀNH VIÊN HUY VŨ,VPP PHÚ QUÝ
497,banra,1,1363636.00,2023-05-14 17:00:00,CÔNG TY TNHH MỘT THÀNH VIÊN HUY VŨ,CÔNG TY TRÁCH NHIỆM HỮU HẠN ITF GIA LAI
496,banra,1,7363636.00,2023-05-13 17:00:00,CÔNG TY TNHH MỘT THÀNH VIÊN HUY VŨ,CÔNG TY TNHH MỘT THÀNH VIÊN ĐIỆN MÁY HIỆP PHÁT GIA LAI
495,banra,1,9981818.00,2023-05-12 17:00:00,CÔNG TY TNHH MỘT THÀNH VIÊN HUY VŨ,CÔNG TY TRÁCH NHIỆM HỮU HẠN THƯƠNG MẠI DỊCH VỤ KỸ THUẬT VI TÍNH THUẬN PHÁT GIA LAI
494,banra,1,4722727.00,2023-05-11 17:00:00,CÔNG TY TNHH MỘT THÀNH VIÊN HUY VŨ,MÁY VĂN PHÒNG PHƯƠNG NAM
493,banra,1,2954545.00,2023-05-11 17:00:00,CÔNG TY TNHH MỘT THÀNH VIÊN HUY VŨ,CÔNG TY CỔ PHẦN THƯƠNG MẠI HƯNG PHÁT
492,banra,1,3681818.00,2023-05-11 17:00:00,CÔNG TY TNHH MỘT THÀNH VIÊN HUY VŨ,CÔNG TY TRÁCH NHIỆM HỮU HẠN MỘT THÀNH VIÊN XĂNG DẦU BẮC TÂY NGUYÊN
491,banra,1,12727273.00,2023-05-11 17:00:00,CÔNG TY TNHH MỘT THÀNH VIÊN HUY VŨ,CÔNG TY TRÁCH NHIỆM HỮU HẠN THƯƠNG MẠI DỊCH VỤ KỸ THUẬT VI TÍNH THUẬN PHÁT GIA LAI
490,banra,1,3345455.00,2023-05-10 17:00:00,CÔNG TY TNHH MỘT THÀNH VIÊN HUY VŨ,CÔNG TY CỔ PHẦN CHIẾN THẮNG
489,banra,1,14181818.00,2023-05-10 17:00:00,CÔNG TY TNHH MỘT THÀNH VIÊN HUY VŨ,CÔNG TY TNHH ĐIỆN TỬ TIN HỌC KIM PHÁT
488,banra,1,13436364.00,2023-05-10 17:00:00,CÔNG TY TNHH MỘT THÀNH VIÊN HUY VŨ,CÔNG TY CỔ PHẦN CHIẾN THẮNG
487,banra,1,15263636.00,2023-05-10 17:00:00,CÔNG TY TNHH MỘT THÀNH VIÊN HUY VŨ,CÔNG TY CỔ PHẦN HOÀNG ANH GIA LAI
486,banra,1,4090909.00,2023-05-09 17:00:00,CÔNG TY TNHH MỘT THÀNH VIÊN HUY VŨ,CÔNG TY TRÁCH NHIỆM HỮU HẠN THƯƠNG MẠI DỊCH VỤ KỸ THUẬT VI TÍNH THUẬN PHÁT GIA LAI
485,banra,1,25454545.00,2023-05-09 17:00:00,CÔNG TY TNHH MỘT THÀNH VIÊN HUY VŨ,CÔNG TY CỔ PHẦN HOÀNG ANH GIA LAI
484,banra,1,454545.00,2023-05-09 17:00:00,CÔNG TY TNHH MỘT THÀNH VIÊN HUY VŨ,CÔNG TY BẢO HIỂM BSH GIA LAI
483,banra,1,236364.00,2023-05-09 17:00:00,CÔNG TY TNHH MỘT THÀNH VIÊN HUY VŨ,CÔNG TY CỔ PHẦN DƯỢC PHẨM TV.PHARM
482,banra,1,3590000.00,2023-05-09 17:00:00,CÔNG TY TNHH MỘT THÀNH VIÊN HUY VŨ,BAN QUẢN LÝ RỪNG PHÒNG HỘ IA GRAI
481,banra,1,700000.00,2023-05-09 17:00:00,CÔNG TY TNHH MỘT THÀNH VIÊN HUY VŨ,BAN QUẢN LÝ RỪNG PHÒNG HỘ IA GRAI
480,banra,1,3272727.00,2023-05-09 17:00:00,CÔNG TY TNHH MỘT THÀNH VIÊN HUY VŨ,HỘ KINH DOANH ĐẠI PHÚ
479,banra,1,818182.00,2023-05-09 17:00:00,CÔNG TY TNHH MỘT THÀNH VIÊN HUY VŨ,TRƯỜNG THPT PLEIME
478,banra,1,263636.00,2023-05-08 17:00:00,CÔNG TY TNHH MỘT THÀNH VIÊN HUY VŨ,CHI NHÁNH CÔNG TY TNHH OLAM TẠI TỈNH GIA LAI
477,banra,1,5272727.00,2023-05-08 17:00:00,CÔNG TY TNHH MỘT THÀNH VIÊN HUY VŨ,CÔNG TY TNHH MỘT THÀNH VIÊN ĐỨC DUNG CHƯ SÊ
476,banra,1,7254546.00,2023-05-08 17:00:00,CÔNG TY TNHH MỘT THÀNH VIÊN HUY VŨ,CÔNG TY CỔ PHẦN THƯƠNG MẠI HƯNG PHÁT
475,banra,1,3409091.00,2023-05-08 17:00:00,CÔNG TY TNHH MỘT THÀNH VIÊN HUY VŨ,CÔNG TY CỔ PHẦN TRƯỜNG PHỔ THÔNG NGUYỄN VĂN LINH GIA LAI
474,banra,1,3618182.00,2023-05-08 17:00:00,CÔNG TY TNHH MỘT THÀNH VIÊN HUY VŨ,AGRIBANK  CHI NHÁNH THÀNH PHỐ PLEIKU GIA LAI
473,banra,1,19490909.00,2023-05-07 17:00:00,CÔNG TY TNHH MỘT THÀNH VIÊN HUY VŨ,CÔNG TY THUỶ ĐIỆN IA LY (CHI NHÁNH THUỘC TẬP ĐOÀN ĐIỆN LỰC VIỆT NAM)
472,banra,1,372727.00,2023-05-07 17:00:00,CÔNG TY TNHH MỘT THÀNH VIÊN HUY VŨ,PHÂN HIỆU TRƯỜNG ĐẠI HỌC LÂM NGHIỆP TẠI TỈNH GIA LAI
471,banra,1,436364.00,2023-05-07 17:00:00,CÔNG TY TNHH MỘT THÀNH VIÊN HUY VŨ,CÔNG TY CỔ PHẦN CHÈ BIỂN HỒ
470,banra,1,13809091.00,2023-05-07 17:00:00,CÔNG TY TNHH MỘT THÀNH VIÊN HUY VŨ,CÔNG TY TRÁCH NHIỆM HỮU HẠN MỘT THÀNH VIÊN CÀ PHÊ 705
469,banra,1,13445455.00,2023-05-06 17:00:00,CÔNG TY TNHH MỘT THÀNH VIÊN HUY VŨ,CÔNG TY TNHH THƯƠNG MẠI DƯƠNG PHÚ GIA
468,banra,1,236364.00,2023-05-06 17:00:00,CÔNG TY TNHH MỘT THÀNH VIÊN HUY VŨ,CÔNG TY TRÁCH NHIỆM HỮU HẠN ĐỨC CHÂU GIA LAI
467,banra,1,1136364.00,2023-05-05 17:00:00,CÔNG TY TNHH MỘT THÀNH VIÊN HUY VŨ,CÔNG TY TNHH MỘT THÀNH VIÊN TƯỜNG NGUYÊN GIA LAI
466,banra,1,7800000.00,2023-05-05 17:00:00,CÔNG TY TNHH MỘT THÀNH VIÊN HUY VŨ,CÔNG TY TNHH THƯƠNG MẠI DƯƠNG PHÚ GIA
675,banra,1,3863636.00,2023-06-29 17:00:00,CÔNG TY TNHH MỘT THÀNH VIÊN HUY VŨ,MÁY VĂN PHÒNG PHƯƠNG NAM
465,banra,1,5509091.00,2023-05-04 17:00:00,CÔNG TY TNHH MỘT THÀNH VIÊN HUY VŨ,NGÂN HÀNG THƯƠNG MẠI CỔ PHẦN ĐẦU TƯ VÀ PHÁT TRIỂN VIỆT NAM - CHI NHÁNH NAM GIA LAI
464,banra,1,17527273.00,2023-05-04 17:00:00,CÔNG TY TNHH MỘT THÀNH VIÊN HUY VŨ,CHI CỤC THI HÀNH ÁN DÂN SỰ THÀNH PHỐ PLEIKU
463,banra,1,6309091.00,2023-05-03 17:00:00,CÔNG TY TNHH MỘT THÀNH VIÊN HUY VŨ,BAN QUẢN LÝ DỰ ÁN QUÂN ĐOÀN 3
462,banra,1,2072727.00,2023-05-03 17:00:00,CÔNG TY TNHH MỘT THÀNH VIÊN HUY VŨ,CÔNG TY CỔ PHẦN CHÈ BIỂN HỒ
461,banra,1,15954545.00,2023-05-03 17:00:00,CÔNG TY TNHH MỘT THÀNH VIÊN HUY VŨ,CÔNG TY TNHH MỘT THÀNH VIÊN NHƯ HÀ - GIA LAI
460,banra,1,545455.00,2023-05-02 17:00:00,CÔNG TY TNHH MỘT THÀNH VIÊN HUY VŨ,CÔNG TY TNHH NÉT VIỆT
459,banra,1,12036364.00,2023-05-02 17:00:00,CÔNG TY TNHH MỘT THÀNH VIÊN HUY VŨ,CÔNG TY TNHH MỘT THÀNH VIÊN K-G TÂY NGUYÊN
458,banra,1,436364.00,2023-05-01 17:00:00,CÔNG TY TNHH MỘT THÀNH VIÊN HUY VŨ,CÔNG TY TNHH BỆNH VIỆN MẮT CAO NGUYÊN
682,banra,1,154545.00,2023-06-29 17:00:00,CÔNG TY TNHH MỘT THÀNH VIÊN HUY VŨ,CÔNG TY TNHH PHÁT TRIỂN GIÁO DỤC THẮNG AN
681,banra,1,3700000.00,2023-06-29 17:00:00,CÔNG TY TNHH MỘT THÀNH VIÊN HUY VŨ,CÔNG TY TNHH CHIẾU XẠ TOÀN PHÁT
680,banra,1,12981818.00,2023-06-29 17:00:00,CÔNG TY TNHH MỘT THÀNH VIÊN HUY VŨ,CÔNG TY TNHH CHIẾU XẠ TOÀN PHÁT
679,banra,1,101259091.00,2023-06-29 17:00:00,CÔNG TY TNHH MỘT THÀNH VIÊN HUY VŨ,CÔNG TY TNHH MỘT THÀNH VIÊN ĐẦU TƯ VÀ PHÁT TRIỂN GIÁO DỤC VIỆT - ANH
678,banra,1,1118182.00,2023-06-29 17:00:00,CÔNG TY TNHH MỘT THÀNH VIÊN HUY VŨ,CÔNG TY THUỶ ĐIỆN IA LY (CHI NHÁNH THUỘC TẬP ĐOÀN ĐIỆN LỰC VIỆT NAM)
677,banra,1,7818182.00,2023-06-29 17:00:00,CÔNG TY TNHH MỘT THÀNH VIÊN HUY VŨ,CÔNG TY CỔ PHẦN ĐẦU TƯ VÀ XÂY DỰNG TRƯỜNG THỊNH
676,banra,1,3272727.00,2023-06-29 17:00:00,CÔNG TY TNHH MỘT THÀNH VIÊN HUY VŨ,TRƯỜNG MẦM NON IA KHƯƠL
249,muavao,1,740536.00,2023-01-02 17:00:00,Ngân hàng TMCP Sài Gòn Thương Tín - Chi nhánh Gia Lai,CONG TY TNHH MTV HUY VU
674,banra,1,18136364.00,2023-06-29 17:00:00,CÔNG TY TNHH MỘT THÀNH VIÊN HUY VŨ,CÔNG TY CỔ PHẦN TƯ VẤN XÂY DỰNG GIAO THÔNG AN BÌNH
673,banra,1,14409091.00,2023-06-28 17:00:00,CÔNG TY TNHH MỘT THÀNH VIÊN HUY VŨ,CÔNG TY TNHH ĐIỆN XEKAMAN 1
672,banra,1,5281818.00,2023-06-28 17:00:00,CÔNG TY TNHH MỘT THÀNH VIÊN HUY VŨ,CÔNG TY TNHH MTV THƯƠNG MẠI THÁI ANH
671,banra,1,500000.00,2023-06-28 17:00:00,CÔNG TY TNHH MỘT THÀNH VIÊN HUY VŨ,CÔNG TY TNHH DỊCH VỤ NÔNG NGHIỆP TÂY NGUYÊN
670,banra,1,490909.00,2023-06-28 17:00:00,CÔNG TY TNHH MỘT THÀNH VIÊN HUY VŨ,CÔNG TY CỔ PHẦN NĂNG LƯỢNG KHOA VIỆT
669,banra,1,66818182.00,2023-06-27 17:00:00,CÔNG TY TNHH MỘT THÀNH VIÊN HUY VŨ,LỮ ĐOÀN 132 - BINH CHỦNG THÔNG TIN LIÊN LẠC
668,banra,1,18154545.00,2023-06-27 17:00:00,CÔNG TY TNHH MỘT THÀNH VIÊN HUY VŨ,CÔNG TY CỔ PHẦN TƯ VẤN XÂY DỰNG GIAO THÔNG AN BÌNH
667,banra,1,15445455.00,2023-06-27 17:00:00,CÔNG TY TNHH MỘT THÀNH VIÊN HUY VŨ,CHI NHÁNH CÔNG TY CỔ PHẦN THUỶ ĐIỆN CẦN ĐƠN-NHÀ MÁY THỦY ĐIỆN RY NINH II
666,banra,1,30536364.00,2023-06-27 17:00:00,CÔNG TY TNHH MỘT THÀNH VIÊN HUY VŨ,BAN CHỈ HUY QUÂN SỰ HUYỆN CHƯ PĂH
665,banra,1,12000000.00,2023-06-27 17:00:00,CÔNG TY TNHH MỘT THÀNH VIÊN HUY VŨ,CÔNG TY TNHH THƯƠNG MẠI & DỊCH VỤ HÀ VŨ
664,banra,1,10900000.00,2023-06-27 17:00:00,CÔNG TY TNHH MỘT THÀNH VIÊN HUY VŨ,CÔNG TY CỔ PHẦN NĂNG LƯỢNG MỚI THIÊN VŨ VIỆT NAM
663,banra,1,16890909.00,2023-06-27 17:00:00,CÔNG TY TNHH MỘT THÀNH VIÊN HUY VŨ,CÔNG TY CỔ PHẦN TÍN THÀNH ĐẠT
662,banra,1,2109091.00,2023-06-27 17:00:00,CÔNG TY TNHH MỘT THÀNH VIÊN HUY VŨ,VNPT - NET 3
661,banra,1,18172727.00,2023-06-26 17:00:00,CÔNG TY TNHH MỘT THÀNH VIÊN HUY VŨ,CÔNG TY CỔ PHẦN TƯ VẤN XÂY DỰNG GIAO THÔNG AN BÌNH
660,banra,1,10900000.00,2023-06-26 17:00:00,CÔNG TY TNHH MỘT THÀNH VIÊN HUY VŨ,CÔNG TY CỔ PHẦN NĂNG LƯỢNG MỚI THIÊN VŨ VIỆT NAM
33062,muavao,1,125000.00,2023-02-27 17:00:00,Ngân hàng TMCP Sài Gòn Thương Tín - Chi nhánh Gia Lai,CONG TY TNHH MTV HUY VU
659,banra,1,1090909.00,2023-06-26 17:00:00,CÔNG TY TNHH MỘT THÀNH VIÊN HUY VŨ,BAN QUẢN LÝ RỪNG PHÒNG HỘ IA MEUR
658,banra,1,172727.00,2023-06-26 17:00:00,CÔNG TY TNHH MỘT THÀNH VIÊN HUY VŨ,TRUNG TÂM NGHIÊN CỨU & CHUYỂN GIAO KỸ THUẬT TÂY NGUYÊN
657,banra,1,3636364.00,2023-06-26 17:00:00,CÔNG TY TNHH MỘT THÀNH VIÊN HUY VŨ,PHÒNG PA03 CÔNG AN TỈNH GIA LAI
656,banra,1,945455.00,2023-06-26 17:00:00,CÔNG TY TNHH MỘT THÀNH VIÊN HUY VŨ,PHÒNG CẢNH SÁT KINH TẾ - CÔNG AN TỈNH GIA LAI
655,banra,1,2545455.00,2023-06-26 17:00:00,CÔNG TY TNHH MỘT THÀNH VIÊN HUY VŨ,CÔNG TY TNHH MTV LÂM NGHIỆP KONG H'DE
654,banra,1,18154545.00,2023-06-25 17:00:00,CÔNG TY TNHH MỘT THÀNH VIÊN HUY VŨ,CÔNG TY CỔ PHẦN TƯ VẤN XÂY DỰNG GIAO THÔNG AN BÌNH
653,banra,1,227273.00,2023-06-25 17:00:00,CÔNG TY TNHH MỘT THÀNH VIÊN HUY VŨ,CHI NHÁNH CÔNG TY TNHH OLAM TẠI PLEIKU
652,banra,1,4545455.00,2023-06-25 17:00:00,CÔNG TY TNHH MỘT THÀNH VIÊN HUY VŨ,PHÒNG CHÍNH TRỊ - SƯ ĐOÀN 320
651,banra,1,381818.00,2023-06-25 17:00:00,CÔNG TY TNHH MỘT THÀNH VIÊN HUY VŨ,CÔNG TY TNHH THƯƠNG MẠI DỊCH VỤ GIẢI PHÁP NGUYỄN KHẢI
650,banra,1,18136364.00,2023-06-24 17:00:00,CÔNG TY TNHH MỘT THÀNH VIÊN HUY VŨ,CÔNG TY CỔ PHẦN TƯ VẤN XÂY DỰNG GIAO THÔNG AN BÌNH
649,banra,1,81818.00,2023-06-24 17:00:00,CÔNG TY TNHH MỘT THÀNH VIÊN HUY VŨ,TRUNG TÂM NGHIÊN CỨU & CHUYỂN GIAO KỸ THUẬT TÂY NGUYÊN
648,banra,1,227273.00,2023-06-24 17:00:00,CÔNG TY TNHH MỘT THÀNH VIÊN HUY VŨ,CHI NHÁNH CÔNG TY TNHH OLAM TẠI TỈNH GIA LAI
647,banra,1,18100000.00,2023-06-23 17:00:00,CÔNG TY TNHH MỘT THÀNH VIÊN HUY VŨ,CÔNG TY CỔ PHẦN TƯ VẤN XÂY DỰNG GIAO THÔNG AN BÌNH
646,banra,1,2681818.00,2023-06-23 17:00:00,CÔNG TY TNHH MỘT THÀNH VIÊN HUY VŨ,CÔNG TY TNHH MTV ĐỒNG TÂN CHƯ SÊ
645,banra,1,454545.00,2023-06-23 17:00:00,CÔNG TY TNHH MỘT THÀNH VIÊN HUY VŨ,CÔNG TY CỔ PHẦN BỆNH VIỆN ĐẠI HỌC Y DƯỢC - HOÀNG ANH GIA LAI
644,banra,1,18145455.00,2023-06-22 17:00:00,CÔNG TY TNHH MỘT THÀNH VIÊN HUY VŨ,CÔNG TY CỔ PHẦN TƯ VẤN XÂY DỰNG GIAO THÔNG AN BÌNH
643,banra,1,1554545.00,2023-06-22 17:00:00,CÔNG TY TNHH MỘT THÀNH VIÊN HUY VŨ,CÔNG TY TNHH MTV ĐỒNG TÂN CHƯ SÊ
642,banra,1,272727.00,2023-06-22 17:00:00,CÔNG TY TNHH MỘT THÀNH VIÊN HUY VŨ,CÔNG TY CỔ PHẦN THỦY ĐIỆN ĐĂKRƠSA
641,banra,1,2472727.00,2023-06-22 17:00:00,CÔNG TY TNHH MỘT THÀNH VIÊN HUY VŨ,BAN QUẢN LÝ RỪNG PHÒNG HỘ ĐÔNG BẮC CHƯ PĂH
640,banra,1,245455.00,2023-06-22 17:00:00,CÔNG TY TNHH MỘT THÀNH VIÊN HUY VŨ,CÔNG TY TNHH DỊCH VỤ BẢO VỆ AN NINH NHÂN VIỆT TC
639,banra,1,200000.00,2023-06-22 17:00:00,CÔNG TY TNHH MỘT THÀNH VIÊN HUY VŨ,CHI NHÁNH CÔNG TY CỔ PHẦN SÔNG ĐÀ 406
638,banra,1,18136364.00,2023-06-21 17:00:00,CÔNG TY TNHH MỘT THÀNH VIÊN HUY VŨ,CÔNG TY CỔ PHẦN TƯ VẤN XÂY DỰNG GIAO THÔNG AN BÌNH
637,banra,1,1263636.00,2023-06-21 17:00:00,CÔNG TY TNHH MỘT THÀNH VIÊN HUY VŨ,CÔNG TY TRÁCH NHIỆM HỮU HẠN T.M.G
636,banra,1,954545.00,2023-06-21 17:00:00,CÔNG TY TNHH MỘT THÀNH VIÊN HUY VŨ,CÔNG TY CỔ PHẦN TƯ VẤN THIẾT KẾ THÀNH AN GIA LAI
635,banra,1,16894545.00,2023-06-20 17:00:00,CÔNG TY TNHH MỘT THÀNH VIÊN HUY VŨ,CÔNG TY TRÁCH NHIỆM HỮU HẠN ĐỨC DUNG
634,banra,1,263636.00,2023-06-20 17:00:00,CÔNG TY TNHH MỘT THÀNH VIÊN HUY VŨ,CHI CỤC KIỂM LÂM TỈNH GIA LAI
633,banra,1,1272727.00,2023-06-20 17:00:00,CÔNG TY TNHH MỘT THÀNH VIÊN HUY VŨ,BÁO GIA LAI
632,banra,1,163636.00,2023-06-19 17:00:00,CÔNG TY TNHH MỘT THÀNH VIÊN HUY VŨ,CÔNG TY TNHH MTV HALO BEAUTY
631,banra,1,8918182.00,2023-06-18 17:00:00,CÔNG TY TNHH MỘT THÀNH VIÊN HUY VŨ,CHƯ  SÊ  COMPUTER
630,banra,1,23772727.00,2023-06-18 17:00:00,CÔNG TY TNHH MỘT THÀNH VIÊN HUY VŨ,TRƯỜNG TIỂU HỌC TRƯNG VƯƠNG
629,banra,1,8754545.00,2023-06-16 17:00:00,CÔNG TY TNHH MỘT THÀNH VIÊN HUY VŨ,CÔNG TY CỔ PHẦN BỆNH VIỆN ĐẠI HỌC Y DƯỢC - HOÀNG ANH GIA LAI
628,banra,1,36272727.00,2023-06-15 17:00:00,CÔNG TY TNHH MỘT THÀNH VIÊN HUY VŨ,HỘ KINH DOANH ĐẠI PHÚ
627,banra,1,700000.00,2023-06-15 17:00:00,CÔNG TY TNHH MỘT THÀNH VIÊN HUY VŨ,CÔNG TY CỔ PHẦN TECCOM
626,banra,1,6990909.00,2023-06-15 17:00:00,CÔNG TY TNHH MỘT THÀNH VIÊN HUY VŨ,CÔNG TY TNHH GOLDWIND INTERNATIONAL VIỆT NAM
625,banra,1,23411818.00,2023-06-15 17:00:00,CÔNG TY TNHH MỘT THÀNH VIÊN HUY VŨ,CÔNG TY THUỶ ĐIỆN IA LY (CHI NHÁNH THUỘC TẬP ĐOÀN ĐIỆN LỰC VIỆT NAM)
624,banra,1,863636.00,2023-06-15 17:00:00,CÔNG TY TNHH MỘT THÀNH VIÊN HUY VŨ,CÔNG TY TNHH MỘT THÀNH VIÊN LONG THÀNH ĐẠT GIA LAI
623,banra,1,290909.00,2023-06-14 17:00:00,CÔNG TY TNHH MỘT THÀNH VIÊN HUY VŨ,TRUNG TÂM ĐIỆN TỬ TIN HỌC-MÁY TÍNH TOÀN THẮNG
622,banra,1,37254545.00,2023-06-14 17:00:00,CÔNG TY TNHH MỘT THÀNH VIÊN HUY VŨ,CÔNG TY TNHH MỘT THÀNH VIÊN LÂM NGHIỆP SƠ PAI
621,banra,1,14181818.00,2023-06-14 17:00:00,CÔNG TY TNHH MỘT THÀNH VIÊN HUY VŨ,CHƯ  SÊ  COMPUTER
620,banra,1,909091.00,2023-06-13 17:00:00,CÔNG TY TNHH MỘT THÀNH VIÊN HUY VŨ,LỮ ĐOÀN 234
619,banra,1,12272727.00,2023-06-13 17:00:00,CÔNG TY TNHH MỘT THÀNH VIÊN HUY VŨ,CÔNG TY TRÁCH NHIỆM HỮU HẠN MỘT THÀNH VIÊN XĂNG DẦU BẮC TÂY NGUYÊN
618,banra,1,2681818.00,2023-06-13 17:00:00,CÔNG TY TNHH MỘT THÀNH VIÊN HUY VŨ,THƯ VIỆN TỈNH GIA LAI
617,banra,1,4481818.00,2023-06-13 17:00:00,CÔNG TY TNHH MỘT THÀNH VIÊN HUY VŨ,ĐỒN BIÊN PHÒNG CỬA KHẨU LỆ THANH
616,banra,1,16363636.00,2023-06-13 17:00:00,CÔNG TY TNHH MỘT THÀNH VIÊN HUY VŨ,CÔNG TY CỔ PHẦN LOGISTICS NÔNG SẢN XUẤT KHẨU TÂY NGUYÊN
615,banra,1,9336364.00,2023-06-13 17:00:00,CÔNG TY TNHH MỘT THÀNH VIÊN HUY VŨ,CÔNG TY TNHH MỘT THÀNH VIÊN XÂY DỰNG - QUẢNG CÁO ANH MINH
614,banra,1,1181818.00,2023-06-12 17:00:00,CÔNG TY TNHH MỘT THÀNH VIÊN HUY VŨ,Trần Văn Tuy
613,banra,1,7754545.00,2023-06-12 17:00:00,CÔNG TY TNHH MỘT THÀNH VIÊN HUY VŨ,ĐÀI KHÍ TƯỢNG THUỶ VĂN KHU VỰC TÂY NGUYÊN
612,banra,1,12263636.00,2023-06-12 17:00:00,CÔNG TY TNHH MỘT THÀNH VIÊN HUY VŨ,CÔNG TY TRÁCH NHIỆM HỮU HẠN NHÂN THÀNH - 10B
611,banra,1,3627273.00,2023-06-12 17:00:00,CÔNG TY TNHH MỘT THÀNH VIÊN HUY VŨ,CÔNG TY CỔ PHẦN CHIẾN THẮNG
610,banra,1,18181818.00,2023-06-12 17:00:00,CÔNG TY TNHH MỘT THÀNH VIÊN HUY VŨ,LỮ ĐOÀN 234
609,banra,1,772727.00,2023-06-12 17:00:00,CÔNG TY TNHH MỘT THÀNH VIÊN HUY VŨ,CÔNG TY TNHH XÂY DỰNG CÔNG NÔNG NGHIỆP THADICO
608,banra,1,1181818.00,2023-06-12 17:00:00,CÔNG TY TNHH MỘT THÀNH VIÊN HUY VŨ,CÔNG TY TNHH THƯƠNG MẠI SÀI GÒN – GIA LAI
607,banra,1,2727273.00,2023-06-12 17:00:00,CÔNG TY TNHH MỘT THÀNH VIÊN HUY VŨ,LỮ ĐOÀN 132 - BINH CHỦNG THÔNG TIN LIÊN LẠC
606,banra,1,590909.00,2023-06-12 17:00:00,CÔNG TY TNHH MỘT THÀNH VIÊN HUY VŨ,CÔNG TY CỔ PHẦN  IAPACCO
605,banra,1,3727273.00,2023-06-12 17:00:00,CÔNG TY TNHH MỘT THÀNH VIÊN HUY VŨ,ỦY BAN NHÂN DÂN XÃ IA PHÍ
604,banra,1,1618182.00,2023-06-12 17:00:00,CÔNG TY TNHH MỘT THÀNH VIÊN HUY VŨ,CÔNG TY CỔ PHẦN TRƯỜNG SƠN 145
603,banra,1,19363636.00,2023-06-12 17:00:00,CÔNG TY TNHH MỘT THÀNH VIÊN HUY VŨ,CÔNG TY TNHH QUICORNAC
602,banra,1,500000.00,2023-06-12 17:00:00,CÔNG TY TNHH MỘT THÀNH VIÊN HUY VŨ,BƯU ĐIỆN TỈNH GIA LAI
601,banra,1,590909.00,2023-06-12 17:00:00,CÔNG TY TNHH MỘT THÀNH VIÊN HUY VŨ,CÔNG TY TNHH MỘT THÀNH VIÊN BEVERLY EDUCATION
600,banra,1,245455.00,2023-06-12 17:00:00,CÔNG TY TNHH MỘT THÀNH VIÊN HUY VŨ,CÔNG TY BẢO HIỂM PVI GIA LAI
599,banra,1,13636364.00,2023-06-11 17:00:00,CÔNG TY TNHH MỘT THÀNH VIÊN HUY VŨ,LIÊN ĐOÀN LAO ĐỘNG HUYỆN MANG YANG
598,banra,1,7045455.00,2023-06-11 17:00:00,CÔNG TY TNHH MỘT THÀNH VIÊN HUY VŨ,MÁY VĂN PHÒNG PHƯƠNG NAM
597,banra,1,5863636.00,2023-06-10 17:00:00,CÔNG TY TNHH MỘT THÀNH VIÊN HUY VŨ,CÔNG TY TNHH MỘT THÀNH VIÊN SÀI GÒN - CHƯ SÊ
596,banra,1,300000.00,2023-06-10 17:00:00,CÔNG TY TNHH MỘT THÀNH VIÊN HUY VŨ,BAN QUẢN LÝ RỪNG PHÒNG HỘ HÀ RA
595,banra,1,2681818.00,2023-06-08 17:00:00,CÔNG TY TNHH MỘT THÀNH VIÊN HUY VŨ,CÔNG TY TNHH PHÁT TRIỂN GIÁO DỤC THẮNG AN
594,banra,1,540909.00,2023-06-08 17:00:00,CÔNG TY TNHH MỘT THÀNH VIÊN HUY VŨ,TRƯỜNG TRUNG HỌC CƠ SỞ ANH HÙNG WỪU
593,banra,1,409091.00,2023-06-08 17:00:00,CÔNG TY TNHH MỘT THÀNH VIÊN HUY VŨ,HỘI NÔNG DÂN HUYỆN MANG YANG
592,banra,1,13536364.00,2023-06-08 17:00:00,CÔNG TY TNHH MỘT THÀNH VIÊN HUY VŨ,CÔNG TY TNHH THƯƠNG MẠI & DỊCH VỤ MỘC AN KHANG GL
591,banra,1,436364.00,2023-06-07 17:00:00,CÔNG TY TNHH MỘT THÀNH VIÊN HUY VŨ,CÔNG TY TNHH PHÁT TRIỂN DU LỊCH LA MIA
590,banra,1,5000000.00,2023-06-07 17:00:00,CÔNG TY TNHH MỘT THÀNH VIÊN HUY VŨ,NGÂN HÀNG THƯƠNG MẠI CỔ PHẦN ĐẦU TƯ VÀ PHÁT TRIỂN VIỆT NAM - CHI NHÁNH NAM GIA LAI
589,banra,1,20490909.00,2023-06-07 17:00:00,CÔNG TY TNHH MỘT THÀNH VIÊN HUY VŨ,CÔNG TY TNHH TOYOTA GIA LAI
588,banra,1,1136364.00,2023-06-07 17:00:00,CÔNG TY TNHH MỘT THÀNH VIÊN HUY VŨ,TRƯỜNG THCS NGUYỄN TRÃI
587,banra,1,3627273.00,2023-06-07 17:00:00,CÔNG TY TNHH MỘT THÀNH VIÊN HUY VŨ,CÔNG TY TNHH MỘT THÀNH VIÊN BÌNH DƯƠNG
586,banra,1,1863636.00,2023-06-06 17:00:00,CÔNG TY TNHH MỘT THÀNH VIÊN HUY VŨ,CÔNG TY TNHH ĐẠI TIẾN
585,banra,1,472727.00,2023-06-06 17:00:00,CÔNG TY TNHH MỘT THÀNH VIÊN HUY VŨ,TRUNG TÂM KỸ THUẬT TIÊU CHUẨN ĐO LƯỜNG CHẤT LƯỢNG
584,banra,1,818182.00,2023-06-06 17:00:00,CÔNG TY TNHH MỘT THÀNH VIÊN HUY VŨ,CÔNG TY CỔ PHẦN VIỆT TINH ANH
583,banra,1,1409091.00,2023-06-06 17:00:00,CÔNG TY TNHH MỘT THÀNH VIÊN HUY VŨ,CÔNG TY TNHH MỘT THÀNH VIÊN SÀI GÒN - CHƯ SÊ
582,banra,1,163636.00,2023-06-05 17:00:00,CÔNG TY TNHH MỘT THÀNH VIÊN HUY VŨ,ỦY BAN NHÂN DÂN XÃ IAPHÍ
581,banra,1,2772727.00,2023-06-05 17:00:00,CÔNG TY TNHH MỘT THÀNH VIÊN HUY VŨ,ĐÀI KHÍ TƯỢNG THUỶ VĂN KHU VỰC TÂY NGUYÊN
580,banra,1,7627273.00,2023-06-05 17:00:00,CÔNG TY TNHH MỘT THÀNH VIÊN HUY VŨ,CÔNG TY CỔ PHẦN XUẤT NHẬP KHẨU Y TẾ GIA LAI
579,banra,1,881818.00,2023-06-05 17:00:00,CÔNG TY TNHH MỘT THÀNH VIÊN HUY VŨ,CÔNG TY BẢO VIỆT GIA LAI
578,banra,1,181818.00,2023-06-05 17:00:00,CÔNG TY TNHH MỘT THÀNH VIÊN HUY VŨ,CHI NHÁNH CÔNG TY CỔ PHẦN SUN TAXI TẠI GIA LAI
577,banra,1,18818182.00,2023-06-04 17:00:00,CÔNG TY TNHH MỘT THÀNH VIÊN HUY VŨ,
576,banra,1,18818182.00,2023-06-04 17:00:00,CÔNG TY TNHH MỘT THÀNH VIÊN HUY VŨ,
575,banra,1,14090909.00,2023-06-03 17:00:00,CÔNG TY TNHH MỘT THÀNH VIÊN HUY VŨ,
574,banra,1,14090909.00,2023-06-03 17:00:00,CÔNG TY TNHH MỘT THÀNH VIÊN HUY VŨ,
573,banra,1,14090909.00,2023-06-03 17:00:00,CÔNG TY TNHH MỘT THÀNH VIÊN HUY VŨ,
572,banra,1,14090909.00,2023-06-03 17:00:00,CÔNG TY TNHH MỘT THÀNH VIÊN HUY VŨ,
571,banra,1,1136364.00,2023-06-02 17:00:00,CÔNG TY TNHH MỘT THÀNH VIÊN HUY VŨ,CÔNG TY TNHH NÔNG NGHIỆP HOÀNG MINH
570,banra,1,409091.00,2023-05-31 17:00:00,CÔNG TY TNHH MỘT THÀNH VIÊN HUY VŨ,CHI NHÁNH CÔNG TY CỔ PHẦN TỔNG CÔNG TY SÔNG GIANH TẠI GIA LAI
569,banra,1,5136364.00,2023-05-31 17:00:00,CÔNG TY TNHH MỘT THÀNH VIÊN HUY VŨ,CHI NHÁNH GIA LAI - CÔNG TY CỔ PHẦN THỰC PHẨM XUẤT KHẨU ĐỒNG GIAO
568,banra,1,2445455.00,2023-05-31 17:00:00,CÔNG TY TNHH MỘT THÀNH VIÊN HUY VŨ,CHI NHÁNH CÔNG TY CỔ PHẦN XĂNG DẦU DẦU KHÍ PVOIL MIỀN TRUNG TẠI GIA LAI
567,banra,1,454545.00,2023-05-31 17:00:00,CÔNG TY TNHH MỘT THÀNH VIÊN HUY VŨ,CÔNG TY CỔ PHẦN BỆNH VIỆN ĐẠI HỌC Y DƯỢC - HOÀNG ANH GIA LAI
780,banra,1,209090908.00,2023-07-30 17:00:00,CÔNG TY TNHH MỘT THÀNH VIÊN HUY VŨ,CÔNG TY TNHH THƯƠNG MẠI & DỊCH VỤ HÀ VŨ
779,banra,1,1681818.00,2023-07-30 17:00:00,CÔNG TY TNHH MỘT THÀNH VIÊN HUY VŨ,CÔNG TY TRÁCH NHIỆM HỮU HẠN MỘT THÀNH VIÊN XĂNG DẦU BẮC TÂY NGUYÊN
778,banra,1,14363636.00,2023-07-30 17:00:00,CÔNG TY TNHH MỘT THÀNH VIÊN HUY VŨ,CÔNG TY TRÁCH NHIỆM HỮU HẠN MỘT THÀNH VIÊN XĂNG DẦU BẮC TÂY NGUYÊN
360292,muavao,1,2486182.00,2023-02-22 17:00:00,TỔNG CÔNG TY HÀNG KHÔNG VIỆT NAM  - CTCP,Công ty tnhh mtv huy vũ
777,banra,1,818182.00,2023-07-30 17:00:00,CÔNG TY TNHH MỘT THÀNH VIÊN HUY VŨ,BAN QUẢN LÝ RỪNG PHÒNG HỘ IA GRAI
776,banra,1,13263636.00,2023-07-30 17:00:00,CÔNG TY TNHH MỘT THÀNH VIÊN HUY VŨ,CÔNG TY TNHH MỘT THÀNH VIÊN NHA KHOA ANH DŨNG GIA LAI
775,banra,1,836364.00,2023-07-30 17:00:00,CÔNG TY TNHH MỘT THÀNH VIÊN HUY VŨ,CÔNG TY TRÁCH NHIỆM HỮU HẠN MỘT THÀNH VIÊN ĐẦU TƯ XÂY DỰNG ĐIỆN PHAN VŨ
774,banra,1,2159091.00,2023-07-30 17:00:00,CÔNG TY TNHH MỘT THÀNH VIÊN HUY VŨ,Hội Cựu Chiến Binh Tỉnh Gia Lai
773,banra,1,3263636.00,2023-07-30 17:00:00,CÔNG TY TNHH MỘT THÀNH VIÊN HUY VŨ,CÔNG TY TNHH TOYOTA GIA LAI
772,banra,1,136364.00,2023-07-29 17:00:00,CÔNG TY TNHH MỘT THÀNH VIÊN HUY VŨ,HỘ KINH DOANH : NGUYỄN THỊ THU SIM
771,banra,1,1950000.00,2023-07-29 17:00:00,CÔNG TY TNHH MỘT THÀNH VIÊN HUY VŨ,CÔNG TY PHÁT TRIỂN THỦY ĐIỆN SÊ SAN - CHI NHÁNH TẬP ĐOÀN ĐIỆN LỰC VIỆT NAM
770,banra,1,24400000.00,2023-07-29 17:00:00,CÔNG TY TNHH MỘT THÀNH VIÊN HUY VŨ,CÔNG TY PHÁT TRIỂN THỦY ĐIỆN SÊ SAN - CHI NHÁNH TẬP ĐOÀN ĐIỆN LỰC VIỆT NAM
769,banra,1,17954545.00,2023-07-29 17:00:00,CÔNG TY TNHH MỘT THÀNH VIÊN HUY VŨ,CÔNG TY TNHH MỘT THÀNH VIÊN BÌNH DƯƠNG
768,banra,1,5100000.00,2023-07-28 17:00:00,CÔNG TY TNHH MỘT THÀNH VIÊN HUY VŨ,CÔNG TY CỔ PHẦN BỆNH VIỆN ĐẠI HỌC Y DƯỢC - HOÀNG ANH GIA LAI
767,banra,1,1527272.00,2023-07-28 17:00:00,CÔNG TY TNHH MỘT THÀNH VIÊN HUY VŨ,CÔNG TY CỔ PHẦN BỆNH VIỆN ĐẠI HỌC Y DƯỢC - HOÀNG ANH GIA LAI
766,banra,1,11590909.00,2023-07-26 17:00:00,CÔNG TY TNHH MỘT THÀNH VIÊN HUY VŨ,XÍ NGHIỆP KHẢO SÁT THIẾT KẾ - CHI NHÁNH TỔNG CÔNG TY 15
765,banra,1,2636364.00,2023-07-26 17:00:00,CÔNG TY TNHH MỘT THÀNH VIÊN HUY VŨ,CÔNG TY CỔ PHẦN DU LỊCH GIA LAI
764,banra,1,354545.00,2023-07-26 17:00:00,CÔNG TY TNHH MỘT THÀNH VIÊN HUY VŨ,Trần Văn Tuy
763,banra,1,2263636.00,2023-07-26 17:00:00,CÔNG TY TNHH MỘT THÀNH VIÊN HUY VŨ,CÔNG TY TNHH MỘT THÀNH VIÊN KHOA TRẦN
747,banra,1,809091.00,2023-07-19 17:00:00,CÔNG TY TNHH MỘT THÀNH VIÊN HUY VŨ,CÔNG TY TNHH MỘT THÀNH VIÊN T.K TECHNOLOGY GIA LAI
762,banra,1,700000.00,2023-07-26 17:00:00,CÔNG TY TNHH MỘT THÀNH VIÊN HUY VŨ,CHI NHÁNH XĂNG DẦU QUÂN ĐỘI KHU VỰC TÂY NGUYÊN - CÔNG TY TNHH MỘT THÀNH VIÊN TỔNG CÔNG TY XĂNG DẦU QUÂN ĐỘI
761,banra,1,818182.00,2023-07-25 17:00:00,CÔNG TY TNHH MỘT THÀNH VIÊN HUY VŨ,CÔNG TY CỔ PHẦN PHÁT TRIỂN ĐÔ THỊ TÂY NGUYÊN
760,banra,1,4990909.00,2023-07-25 17:00:00,CÔNG TY TNHH MỘT THÀNH VIÊN HUY VŨ,CÔNG TY TNHH MỘT THÀNH VIÊN NGUYÊN CHƯƠNG
759,banra,1,118182.00,2023-07-25 17:00:00,CÔNG TY TNHH MỘT THÀNH VIÊN HUY VŨ,CHI NHÁNH GIA LAI - CÔNG TY CỔ PHẦN DỊCH VỤ THƯƠNG MẠI TỔNG HỢP WINCOMMERCE
758,banra,1,300000.00,2023-07-25 17:00:00,CÔNG TY TNHH MỘT THÀNH VIÊN HUY VŨ,CÔNG TY TRÁCH NHIỆM HỮU HẠN MỘT THÀNH VIÊN CAO SU CHƯ PĂH
757,banra,1,14081818.00,2023-07-25 17:00:00,CÔNG TY TNHH MỘT THÀNH VIÊN HUY VŨ,CÔNG TY TRÁCH NHIỆM HỮU HẠN MỘT THÀNH VIÊN CAO SU CHƯ PĂH
756,banra,1,1045455.00,2023-07-25 17:00:00,CÔNG TY TNHH MỘT THÀNH VIÊN HUY VŨ,CÔNG TY CỔ PHẦN CÀ PHÊ GIA LAI
755,banra,1,627272.00,2023-07-25 17:00:00,CÔNG TY TNHH MỘT THÀNH VIÊN HUY VŨ,CÔNG TY CỔ PHẦN QUỐC TẾ ANH VĂN HỘI VIỆT MỸ
754,banra,1,1318182.00,2023-07-24 17:00:00,CÔNG TY TNHH MỘT THÀNH VIÊN HUY VŨ,VĂN PHÒNG CÔNG CHỨNG TRẦN XUÂN HIỆP
753,banra,1,418182.00,2023-07-23 17:00:00,CÔNG TY TNHH MỘT THÀNH VIÊN HUY VŨ,CHI NHÁNH 716 THUỘC TỔNG CÔNG TY 15
752,banra,1,15345455.00,2023-07-23 17:00:00,CÔNG TY TNHH MỘT THÀNH VIÊN HUY VŨ,CÔNG TY CỔ PHẦN CHĂN NUÔI HƯNG THÀNH PHÁT
751,banra,1,1900000.00,2023-07-23 17:00:00,CÔNG TY TNHH MỘT THÀNH VIÊN HUY VŨ,BAN QUẢN LÝ DỰ ÁN ĐIỆN 2
750,banra,1,13727273.00,2023-07-20 17:00:00,CÔNG TY TNHH MỘT THÀNH VIÊN HUY VŨ,XÍ NGHIỆP KHẢO SÁT THIẾT KẾ - CHI NHÁNH TỔNG CÔNG TY 15
749,banra,1,200000.00,2023-07-20 17:00:00,CÔNG TY TNHH MỘT THÀNH VIÊN HUY VŨ,"ĐỒN BIÊN PHÒNG IA O , BĐBP GIA LAI"
748,banra,1,1454545.00,2023-07-19 17:00:00,CÔNG TY TNHH MỘT THÀNH VIÊN HUY VŨ,CÔNG TY TNHH MỘT THÀNH VIÊN CAO SU CHƯMOMRAY
1246,muavao,1,26183.00,2023-02-22 17:00:00,Ngân hàng TMCP Sài Gòn Thương Tín - Chi nhánh Gia Lai,CONG TY TNHH MTV HUY VU
746,banra,1,18818182.00,2023-07-19 17:00:00,CÔNG TY TNHH MỘT THÀNH VIÊN HUY VŨ,CÔNG TY TNHH ĐIỆN TỬ TIN HỌC KIM PHÁT
745,banra,1,363636.00,2023-07-19 17:00:00,CÔNG TY TNHH MỘT THÀNH VIÊN HUY VŨ,CÔNG TY CỔ PHẦN  IAPACCO
744,banra,1,3627273.00,2023-07-18 17:00:00,CÔNG TY TNHH MỘT THÀNH VIÊN HUY VŨ,CÔNG TY TRÁCH NHIỆM HỮU HẠN MỘT THÀNH VIÊN XĂNG DẦU BẮC TÂY NGUYÊN
743,banra,1,609091.00,2023-07-17 17:00:00,CÔNG TY TNHH MỘT THÀNH VIÊN HUY VŨ,VĂN PHÒNG CÔNG CHỨNG TRẦN XUÂN HIỆP
742,banra,1,1572727.00,2023-07-17 17:00:00,CÔNG TY TNHH MỘT THÀNH VIÊN HUY VŨ,CÔNG TY CỔ PHẦN CÀ PHÊ GIA LAI
741,banra,1,9045455.00,2023-07-17 17:00:00,CÔNG TY TNHH MỘT THÀNH VIÊN HUY VŨ,CÔNG TY CỔ PHẦN PHÁT TRIỂN ĐÔ THỊ TÂY NGUYÊN
740,banra,1,318182.00,2023-07-17 17:00:00,CÔNG TY TNHH MỘT THÀNH VIÊN HUY VŨ,UBND  PHƯỜNG HỘI THƯƠNG
739,banra,1,1227273.00,2023-07-17 17:00:00,CÔNG TY TNHH MỘT THÀNH VIÊN HUY VŨ,TRƯỜNG TRUNG HỌC CƠ SỞ LÊ LỢI
738,banra,1,900000.00,2023-07-17 17:00:00,CÔNG TY TNHH MỘT THÀNH VIÊN HUY VŨ,BỘ CHỈ HUY BỘ ĐỘI BIÊN PHÒNG TỈNH GIA LAI
737,banra,1,3627273.00,2023-07-17 17:00:00,CÔNG TY TNHH MỘT THÀNH VIÊN HUY VŨ,CÔNG TY TNHH MỘT THÀNH VIÊN TCD ĐẠI NAM
736,banra,1,90863636.00,2023-07-17 17:00:00,CÔNG TY TNHH MỘT THÀNH VIÊN HUY VŨ,CÔNG TY TNHH THƯƠNG MẠI & DỊCH VỤ HÀ VŨ
735,banra,1,11609091.00,2023-07-16 17:00:00,CÔNG TY TNHH MỘT THÀNH VIÊN HUY VŨ,CÔNG TY TNHH MỘT THÀNH VIÊN TƯ VẤN XÂY DỰNG HOÀNG UYÊN GIA LAI
734,banra,1,1363636.00,2023-07-16 17:00:00,CÔNG TY TNHH MỘT THÀNH VIÊN HUY VŨ,CÔNG TY TNHH SX - TM GIA KHANG
733,banra,1,14663636.00,2023-07-15 17:00:00,CÔNG TY TNHH MỘT THÀNH VIÊN HUY VŨ,CÔNG TY TRÁCH NHIỆM HỮU HẠN XÂY DỰNG THƯƠNG MẠI VÀ DỊCH VỤ AN PHÚ
732,banra,1,207131820.00,2023-07-15 17:00:00,CÔNG TY TNHH MỘT THÀNH VIÊN HUY VŨ,CÔNG TY TNHH VI TÍNH QUI NHƠN
685,banra,1,436364.00,2023-07-01 17:00:00,CÔNG TY TNHH MỘT THÀNH VIÊN HUY VŨ,TIỂU ĐOÀN 1
731,banra,1,863636.00,2023-07-13 17:00:00,CÔNG TY TNHH MỘT THÀNH VIÊN HUY VŨ,CÔNG TY CỔ PHẦN GIÁM ĐỊNH CÀ PHÊ VÀ HÀNG HÓA XUẤT NHẬP KHẨU
730,banra,1,18000000.00,2023-07-13 17:00:00,CÔNG TY TNHH MỘT THÀNH VIÊN HUY VŨ,
729,banra,1,18000000.00,2023-07-13 17:00:00,CÔNG TY TNHH MỘT THÀNH VIÊN HUY VŨ,
728,banra,1,15909091.00,2023-07-13 17:00:00,CÔNG TY TNHH MỘT THÀNH VIÊN HUY VŨ,
727,banra,1,4120000.00,2023-07-13 17:00:00,CÔNG TY TNHH MỘT THÀNH VIÊN HUY VŨ,SỞ CHỈ HUY TIỀN PHƯƠNG QUÂN KHU 5
726,banra,1,20354545.00,2023-07-13 17:00:00,CÔNG TY TNHH MỘT THÀNH VIÊN HUY VŨ,CÔNG TY CỔ PHẦN MAY GIA LAI
725,banra,1,7227273.00,2023-07-12 17:00:00,CÔNG TY TNHH MỘT THÀNH VIÊN HUY VŨ,CÔNG TY TNHH MỘT THÀNH VIÊN SÔNG ĐÀ 10.1
724,banra,1,3954545.00,2023-07-12 17:00:00,CÔNG TY TNHH MỘT THÀNH VIÊN HUY VŨ,UỶ BAN NHÂN DÂN XÃ ĐĂK JƠ TA
723,banra,1,590909.00,2023-07-12 17:00:00,CÔNG TY TNHH MỘT THÀNH VIÊN HUY VŨ,CÔNG TY TNHH PHÁT TRIỂN DU LỊCH LA MIA
722,banra,1,1954545.00,2023-07-11 17:00:00,CÔNG TY TNHH MỘT THÀNH VIÊN HUY VŨ,CÔNG AN PHƯỜNG HỘI THƯƠNG
721,banra,1,781818.00,2023-07-10 17:00:00,CÔNG TY TNHH MỘT THÀNH VIÊN HUY VŨ,CẢNG HÀNG KHÔNG PLEIKU - CHI NHÁNH TỔNG CÔNG TY CẢNG HÀNG KHÔNG VIỆT NAM - CTCP
720,banra,1,663636.00,2023-07-10 17:00:00,CÔNG TY TNHH MỘT THÀNH VIÊN HUY VŨ,CÔNG TY TRÁCH NHIỆM HỮU HẠN MỘT THÀNH VIÊN CAO SU CHƯ PĂH
719,banra,1,136364.00,2023-07-10 17:00:00,CÔNG TY TNHH MỘT THÀNH VIÊN HUY VŨ,TRUNG TÂM HỖ TRỢ SÁNG KIẾN PHÁT TRIỂN CỘNG ĐỒNG
718,banra,1,500000.00,2023-07-10 17:00:00,CÔNG TY TNHH MỘT THÀNH VIÊN HUY VŨ,CHI NHÁNH GIA LAI - CÔNG TY CỔ PHẦN THỰC PHẨM XUẤT KHẨU ĐỒNG GIAO
717,banra,1,3836364.00,2023-07-10 17:00:00,CÔNG TY TNHH MỘT THÀNH VIÊN HUY VŨ,CÔNG TY TNHH MỘT THÀNH VIÊN CAO SU CHƯMOMRAY
716,banra,1,2636364.00,2023-07-10 17:00:00,CÔNG TY TNHH MỘT THÀNH VIÊN HUY VŨ,CÔNG TY TNHH XÂY DỰNG QUỐC ANH GIA LAI
715,banra,1,11363636.00,2023-07-10 17:00:00,CÔNG TY TNHH MỘT THÀNH VIÊN HUY VŨ,CÔNG TY TRÁCH NHIỆM HỮU HẠN MỘT THÀNH VIÊN CAO SU CHƯ PĂH
714,banra,1,16595455.00,2023-07-10 17:00:00,CÔNG TY TNHH MỘT THÀNH VIÊN HUY VŨ,CHI NHÁNH CÔNG TY TNHH TIN HỌC QUANG ANH
713,banra,1,3027273.00,2023-07-10 17:00:00,CÔNG TY TNHH MỘT THÀNH VIÊN HUY VŨ,CÔNG TY TNHH DUY TÍN TRAVEL
712,banra,1,545454.00,2023-07-10 17:00:00,CÔNG TY TNHH MỘT THÀNH VIÊN HUY VŨ,CÔNG TY TNHH MTV TỔNG CÔNG TY 15
711,banra,1,3541818.00,2023-07-09 17:00:00,CÔNG TY TNHH MỘT THÀNH VIÊN HUY VŨ,CÔNG TY CỔ PHẦN THƯƠNG MẠI PLEIKU CENTER
710,banra,1,3263636.00,2023-07-09 17:00:00,CÔNG TY TNHH MỘT THÀNH VIÊN HUY VŨ,CHI NHÁNH CÔNG TY CỔ PHẦN SUN TAXI TẠI GIA LAI
709,banra,1,1327273.00,2023-07-08 17:00:00,CÔNG TY TNHH MỘT THÀNH VIÊN HUY VŨ,CÔNG TY TRÁCH NHIỆM HỮU HẠN MỘT THÀNH VIÊN 74
708,banra,1,309091.00,2023-07-08 17:00:00,CÔNG TY TNHH MỘT THÀNH VIÊN HUY VŨ,CÔNG TY TNHH MỘT THÀNH VIÊN LÊ THÚY GIA LAI
707,banra,1,418182.00,2023-07-07 17:00:00,CÔNG TY TNHH MỘT THÀNH VIÊN HUY VŨ,CHI NHÁNH CÔNG TY CỔ PHẦN SUN TAXI TẠI GIA LAI
706,banra,1,2136364.00,2023-07-06 17:00:00,CÔNG TY TNHH MỘT THÀNH VIÊN HUY VŨ,CÔNG TY TNHH PHÁT TRIỂN DU LỊCH LA MIA
705,banra,1,50036364.00,2023-07-06 17:00:00,CÔNG TY TNHH MỘT THÀNH VIÊN HUY VŨ,CÔNG TY TNHH VĨNH HIỆP
704,banra,1,427273.00,2023-07-05 17:00:00,CÔNG TY TNHH MỘT THÀNH VIÊN HUY VŨ,CHI NHÁNH KINH DOANH MIỀN NAM CÔNG TY CỔ PHẦN TỔNG CÔNG TY SÔNG GIANH
703,banra,1,80727273.00,2023-07-05 17:00:00,CÔNG TY TNHH MỘT THÀNH VIÊN HUY VŨ,CÔNG TY TNHH ĐIỆN TỬ TIN HỌC KIM PHÁT
702,banra,1,11809091.00,2023-07-05 17:00:00,CÔNG TY TNHH MỘT THÀNH VIÊN HUY VŨ,CHI NHÁNH KINH DOANH MIỀN NAM CÔNG TY CỔ PHẦN TỔNG CÔNG TY SÔNG GIANH
701,banra,1,14990909.00,2023-07-05 17:00:00,CÔNG TY TNHH MỘT THÀNH VIÊN HUY VŨ,CHI NHÁNH CÔNG TY CỔ PHẦN THƯƠNG MẠI BIA SÀI GÒN TÂY NGUYÊN TẠI GIA LAI
700,banra,1,27272727.00,2023-07-05 17:00:00,CÔNG TY TNHH MỘT THÀNH VIÊN HUY VŨ,BỘ TƯ LỆNH QUÂN ĐOÀN 3
699,banra,1,859091.00,2023-07-04 17:00:00,CÔNG TY TNHH MỘT THÀNH VIÊN HUY VŨ,PHÂN HIỆU TRƯỜNG ĐẠI HỌC LÂM NGHIỆP TẠI TỈNH GIA LAI
698,banra,1,900000.00,2023-07-04 17:00:00,CÔNG TY TNHH MỘT THÀNH VIÊN HUY VŨ,CÔNG TY TNHH NUTS FARM GL
697,banra,1,218182.00,2023-07-04 17:00:00,CÔNG TY TNHH MỘT THÀNH VIÊN HUY VŨ,CÔNG TY TNHH MỘT THÀNH VIÊN ĐẦU TƯ VÀ PHÁT TRIỂN GIÁO DỤC VIỆT - ANH
696,banra,1,3636364.00,2023-07-04 17:00:00,CÔNG TY TNHH MỘT THÀNH VIÊN HUY VŨ,CÔNG TY TNHH MỘT THÀNH VIÊN XÂY DỰNG - QUẢNG CÁO ANH MINH
695,banra,1,3300000.00,2023-07-03 17:00:00,CÔNG TY TNHH MỘT THÀNH VIÊN HUY VŨ,CÔNG TY TNHH MỘT THÀNH VIÊN ĐẦU TƯ VÀ PHÁT TRIỂN GIÁO DỤC VIỆT - ANH
694,banra,1,2718182.00,2023-07-03 17:00:00,CÔNG TY TNHH MỘT THÀNH VIÊN HUY VŨ,CÔNG TY TNHH QUỐC DUY GIA LAI
693,banra,1,13909091.00,2023-07-03 17:00:00,CÔNG TY TNHH MỘT THÀNH VIÊN HUY VŨ,CÔNG TY TNHH MỘT THÀNH VIÊN XÂY DỰNG - QUẢNG CÁO ANH MINH
692,banra,1,6181818.00,2023-07-03 17:00:00,CÔNG TY TNHH MỘT THÀNH VIÊN HUY VŨ,CÔNG TY TNHH MỘT THÀNH VIÊN LÊ ĐẠO GIA LAI
691,banra,1,500000.00,2023-07-03 17:00:00,CÔNG TY TNHH MỘT THÀNH VIÊN HUY VŨ,CÔNG TY CỔ PHẦN THUỶ ĐIỆN ĐĂK ĐOA
690,banra,1,18100000.00,2023-07-03 17:00:00,CÔNG TY TNHH MỘT THÀNH VIÊN HUY VŨ,CÔNG TY CỔ PHẦN TƯ VẤN XÂY DỰNG GIAO THÔNG AN BÌNH
689,banra,1,1227273.00,2023-07-03 17:00:00,CÔNG TY TNHH MỘT THÀNH VIÊN HUY VŨ,CÔNG TY CỔ PHẦN MAY GIA LAI
688,banra,1,745455.00,2023-07-02 17:00:00,CÔNG TY TNHH MỘT THÀNH VIÊN HUY VŨ,CÔNG TY CỔ PHẦN TẬP ĐOÀN VISIMEX
687,banra,1,1718182.00,2023-07-02 17:00:00,CÔNG TY TNHH MỘT THÀNH VIÊN HUY VŨ,CÔNG TY TNHH PHÁT TRIỂN DU LỊCH LA MIA
686,banra,1,2318182.00,2023-07-01 17:00:00,CÔNG TY TNHH MỘT THÀNH VIÊN HUY VŨ,CÔNG TY TNHH MỘT THÀNH VIÊN TM DV XNK PHẠM GIA KHANG
1245,muavao,1,15000.00,2023-02-22 17:00:00,Ngân hàng TMCP Sài Gòn Thương Tín - Chi nhánh Gia Lai,CONG TY TNHH MTV HUY VU
684,banra,1,15672727.00,2023-07-01 17:00:00,CÔNG TY TNHH MỘT THÀNH VIÊN HUY VŨ,CÔNG TY TNHH CHIẾU XẠ TOÀN PHÁT
683,banra,1,18100000.00,2023-06-30 17:00:00,CÔNG TY TNHH MỘT THÀNH VIÊN HUY VŨ,CÔNG TY CỔ PHẦN TƯ VẤN XÂY DỰNG GIAO THÔNG AN BÌNH
903,banra,1,233072727.00,2023-08-30 17:00:00,CÔNG TY TNHH MỘT THÀNH VIÊN HUY VŨ,CÔNG TY TNHH THƯƠNG MẠI & DỊCH VỤ HÀ VŨ
901,banra,1,2909091.00,2023-08-30 17:00:00,CÔNG TY TNHH MỘT THÀNH VIÊN HUY VŨ,TRUNG TÂM CÔNG NGHỆ THÔNG TIN & TRUYỀN THÔNG TỈNH GIA LAI
900,banra,1,4072727.00,2023-08-30 17:00:00,CÔNG TY TNHH MỘT THÀNH VIÊN HUY VŨ,NGÂN HÀNG THƯƠNG MẠI CỔ PHẦN ĐẦU TƯ VÀ PHÁT TRIỂN VIỆT NAM - CHI NHÁNH NAM GIA LAI
899,banra,1,4036364.00,2023-08-30 17:00:00,CÔNG TY TNHH MỘT THÀNH VIÊN HUY VŨ,TRƯỜNG THCS NGUYỄN ĐÌNH CHIỂU
898,banra,1,10009091.00,2023-08-30 17:00:00,CÔNG TY TNHH MỘT THÀNH VIÊN HUY VŨ,MÁY VĂN PHÒNG PHƯƠNG NAM
897,banra,1,245455.00,2023-08-30 17:00:00,CÔNG TY TNHH MỘT THÀNH VIÊN HUY VŨ,CÔNG TY CỔ PHẦN  IAPACCO
896,banra,1,1290909.00,2023-08-30 17:00:00,CÔNG TY TNHH MỘT THÀNH VIÊN HUY VŨ,CÔNG TY CỔ PHẦN TƯ VẤN XÂY DỰNG GIAO THÔNG AN BÌNH
895,banra,1,609091.00,2023-08-29 17:00:00,CÔNG TY TNHH MỘT THÀNH VIÊN HUY VŨ,"ĐỒN BIÊN PHÒNG IA O , BĐBP GIA LAI"
894,banra,1,15900000.00,2023-08-29 17:00:00,CÔNG TY TNHH MỘT THÀNH VIÊN HUY VŨ,TRƯỜNG TIỂU HỌC LÊ QUÝ ĐÔN
893,banra,1,24545455.00,2023-08-29 17:00:00,CÔNG TY TNHH MỘT THÀNH VIÊN HUY VŨ,HỘ KINH DOANH ĐẠI PHÚ
892,banra,1,14500000.00,2023-08-29 17:00:00,CÔNG TY TNHH MỘT THÀNH VIÊN HUY VŨ,HỘ KINH DOANH ĐẠI PHÚ
891,banra,1,163636.00,2023-08-29 17:00:00,CÔNG TY TNHH MỘT THÀNH VIÊN HUY VŨ,TRUNG TÂM NGHIÊN CỨU & CHUYỂN GIAO KỸ THUẬT TÂY NGUYÊN
890,banra,1,10000000.00,2023-08-29 17:00:00,CÔNG TY TNHH MỘT THÀNH VIÊN HUY VŨ,TRUNG TÂM DỊCH VỤ TIN HỌC NGUYÊN HẬU
889,banra,1,3618182.00,2023-08-29 17:00:00,CÔNG TY TNHH MỘT THÀNH VIÊN HUY VŨ,CÔNG TY TNHH ANDRITZ VIỆT NAM
888,banra,1,972222.00,2023-08-28 17:00:00,CÔNG TY TNHH MỘT THÀNH VIÊN HUY VŨ,CÔNG TY CỔ PHẦN SHINEC GIA LAI
887,banra,1,15418182.00,2023-08-28 17:00:00,CÔNG TY TNHH MỘT THÀNH VIÊN HUY VŨ,CÔNG TY CỔ PHẦN SHINEC GIA LAI
886,banra,1,200000.00,2023-08-28 17:00:00,CÔNG TY TNHH MỘT THÀNH VIÊN HUY VŨ,CHI NHÁNH CÔNG TY CỔ PHẦN SUN TAXI TẠI GIA LAI
885,banra,1,395455.00,2023-08-28 17:00:00,CÔNG TY TNHH MỘT THÀNH VIÊN HUY VŨ,CÔNG TY TRÁCH NHIỆM HỮU HẠN MỘT THÀNH VIÊN TRIỆU HẢI GIA LAI
884,banra,1,409091.00,2023-08-28 17:00:00,CÔNG TY TNHH MỘT THÀNH VIÊN HUY VŨ,CHI NHÁNH CÔNG TY TNHH OLAM TẠI PLEIKU
883,banra,1,8045455.00,2023-08-27 17:00:00,CÔNG TY TNHH MỘT THÀNH VIÊN HUY VŨ,CÔNG TY CỔ PHẦN TRƯỜNG PHỔ THÔNG NGUYỄN VĂN LINH GIA LAI
882,banra,1,36481818.00,2023-08-27 17:00:00,CÔNG TY TNHH MỘT THÀNH VIÊN HUY VŨ,CÔNG TY TNHH MỘT THÀNH VIÊN THÁI BÌNH GIA LAI
881,banra,1,17390909.00,2023-08-27 17:00:00,CÔNG TY TNHH MỘT THÀNH VIÊN HUY VŨ,BAN CHỈ HUY QUÂN SỰ HUYỆN IA GRAI
880,banra,1,3627273.00,2023-08-25 17:00:00,CÔNG TY TNHH MỘT THÀNH VIÊN HUY VŨ,BAN CHỈ HUY QUÂN SỰ HUYỆN IA GRAI
879,banra,1,3281818.00,2023-08-25 17:00:00,CÔNG TY TNHH MỘT THÀNH VIÊN HUY VŨ,CÔNG TY TNHH MỘT THÀNH VIÊN T.K TECHNOLOGY GIA LAI
878,banra,1,10218182.00,2023-08-25 17:00:00,CÔNG TY TNHH MỘT THÀNH VIÊN HUY VŨ,TRUNG TÂM DỊCH VỤ TIN HỌC NGUYÊN HẬU
877,banra,1,8900000.00,2023-08-24 17:00:00,CÔNG TY TNHH MỘT THÀNH VIÊN HUY VŨ,CÔNG TY TRUYỀN TẢI ĐIỆN 3 - TRUYỀN TẢI ĐIỆN GIA LAI
876,banra,1,1727273.00,2023-08-24 17:00:00,CÔNG TY TNHH MỘT THÀNH VIÊN HUY VŨ,CÔNG TY CỔ PHẦN TRƯỜNG PHỔ THÔNG NGUYỄN VĂN LINH GIA LAI
875,banra,1,7818182.00,2023-08-24 17:00:00,CÔNG TY TNHH MỘT THÀNH VIÊN HUY VŨ,CHI NHÁNH GIA LAI CÔNG TY TNHH NEUMANN GRUPPE VIỆT NAM
9473346,muavao,1,7032329.00,2023-02-09 17:00:00,NGÂN HÀNG TMCP Á CHÂU,CTY TNHH MTV HUY VU
874,banra,1,3718182.00,2023-08-24 17:00:00,CÔNG TY TNHH MỘT THÀNH VIÊN HUY VŨ,CÔNG TY CỔ PHẦN DU LỊCH GIA LAI
873,banra,1,3781818.00,2023-08-24 17:00:00,CÔNG TY TNHH MỘT THÀNH VIÊN HUY VŨ,AGRIBANK  CHI NHÁNH THÀNH PHỐ PLEIKU GIA LAI
872,banra,1,9272727.00,2023-08-24 17:00:00,CÔNG TY TNHH MỘT THÀNH VIÊN HUY VŨ,CÔNG TY TRUYỀN TẢI ĐIỆN 3 - TRUYỀN TẢI ĐIỆN GIA LAI
871,banra,1,13490909.00,2023-08-24 17:00:00,CÔNG TY TNHH MỘT THÀNH VIÊN HUY VŨ,CÔNG TY PHÁT TRIỂN THỦY ĐIỆN SÊ SAN - CHI NHÁNH TẬP ĐOÀN ĐIỆN LỰC VIỆT NAM
870,banra,1,590909.00,2023-08-23 17:00:00,CÔNG TY TNHH MỘT THÀNH VIÊN HUY VŨ,CÔNG TY CỔ PHẦN XÂY DỰNG VÀ VẬN TẢI GIA LAI
869,banra,1,2172727.00,2023-08-23 17:00:00,CÔNG TY TNHH MỘT THÀNH VIÊN HUY VŨ,CÔNG TY TRÁCH NHIỆM HỮU HẠN MỘT THÀNH VIÊN XĂNG DẦU BẮC TÂY NGUYÊN
868,banra,1,73636364.00,2023-08-22 17:00:00,CÔNG TY TNHH MỘT THÀNH VIÊN HUY VŨ,CÔNG TY TNHH ĐIỆN TỬ TIN HỌC KIM PHÁT
867,banra,1,14909091.00,2023-08-22 17:00:00,CÔNG TY TNHH MỘT THÀNH VIÊN HUY VŨ,CÔNG TY TNHH ĐIỆN TỬ TIN HỌC KIM PHÁT
866,banra,1,1145455.00,2023-08-22 17:00:00,CÔNG TY TNHH MỘT THÀNH VIÊN HUY VŨ,CÔNG TY CỔ PHẦN BỆNH VIỆN ĐẠI HỌC Y DƯỢC - HOÀNG ANH GIA LAI
865,banra,1,10000000.00,2023-08-21 17:00:00,CÔNG TY TNHH MỘT THÀNH VIÊN HUY VŨ,TRƯỜNG THCS HÙNG VƯƠNG
864,banra,1,3488889.00,2023-08-21 17:00:00,CÔNG TY TNHH MỘT THÀNH VIÊN HUY VŨ,CÔNG TY TNHH ĐIỆN XEKAMAN 1
863,banra,1,103363636.00,2023-08-21 17:00:00,CÔNG TY TNHH MỘT THÀNH VIÊN HUY VŨ,CÔNG TY TNHH ĐIỆN XEKAMAN 1
862,banra,1,27175926.00,2023-08-21 17:00:00,CÔNG TY TNHH MỘT THÀNH VIÊN HUY VŨ,CÔNG TY TNHH ĐIỆN XEKAMAN 1
861,banra,1,4930000.00,2023-08-21 17:00:00,CÔNG TY TNHH MỘT THÀNH VIÊN HUY VŨ,CÔNG TY TNHH ĐIỆN XEKAMAN 1
860,banra,1,3090909.00,2023-08-21 17:00:00,CÔNG TY TNHH MỘT THÀNH VIÊN HUY VŨ,CÔNG TY TNHH MỘT THÀNH VIÊN SẢN XUẤT THƯƠNG MẠI VÀ DỊCH VỤ LÂM GIA
827,banra,1,790909.00,2023-08-11 17:00:00,CÔNG TY TNHH MỘT THÀNH VIÊN HUY VŨ,PHÒNG CẢNH SÁT KINH TẾ - CÔNG AN TỈNH GIA LAI
859,banra,1,25000000.00,2023-08-21 17:00:00,CÔNG TY TNHH MỘT THÀNH VIÊN HUY VŨ,CHI NHÁNH CÔNG TY CỔ PHẦN XĂNG DẦU DẦU KHÍ PVOIL MIỀN TRUNG TẠI GIA LAI
858,banra,1,118182.00,2023-08-21 17:00:00,CÔNG TY TNHH MỘT THÀNH VIÊN HUY VŨ,CÔNG TY CỔ PHẦN HỌC VIỆN CAFE VIỆT NAM VCA
857,banra,1,480000.00,2023-08-21 17:00:00,CÔNG TY TNHH MỘT THÀNH VIÊN HUY VŨ,CÔNG TY CỔ PHẦN ĐẦU TƯ VÀ PHÁT TRIỂN ĐIỆN SÊ SAN 3A
856,banra,1,1111111.00,2023-08-21 17:00:00,CÔNG TY TNHH MỘT THÀNH VIÊN HUY VŨ,CÔNG TY CỔ PHẦN ĐẦU TƯ VÀ PHÁT TRIỂN ĐIỆN SÊ SAN 3A
855,banra,1,3472727.00,2023-08-21 17:00:00,CÔNG TY TNHH MỘT THÀNH VIÊN HUY VŨ,CÔNG TY TNHH LƯƠNG PHÚC GIA LAI
854,banra,1,14545455.00,2023-08-20 17:00:00,CÔNG TY TNHH MỘT THÀNH VIÊN HUY VŨ,CHI NHÁNH TỔNG CÔNG TY THƯƠNG MẠI KỸ THUẬT VÀ ĐẦU TƯ - CÔNG TY CỔ PHẦN TẠI TỈNH GIA LAI
853,banra,1,592593.00,2023-08-20 17:00:00,CÔNG TY TNHH MỘT THÀNH VIÊN HUY VŨ,CÔNG TY TNHH QUICORNAC
852,banra,1,2445455.00,2023-08-20 17:00:00,CÔNG TY TNHH MỘT THÀNH VIÊN HUY VŨ,CÔNG TY TNHH QUICORNAC
851,banra,1,2636364.00,2023-08-20 17:00:00,CÔNG TY TNHH MỘT THÀNH VIÊN HUY VŨ,CÔNG TY CỔ PHẦN HỌC VIỆN CAFE VIỆT NAM VCA
850,banra,1,26818182.00,2023-08-20 17:00:00,CÔNG TY TNHH MỘT THÀNH VIÊN HUY VŨ,CÔNG TY TNHH MỘT THÀNH VIÊN TỔNG CÔNG TY 15 - CHI NHÁNH CÔNG TY 75
849,banra,1,3627273.00,2023-08-20 17:00:00,CÔNG TY TNHH MỘT THÀNH VIÊN HUY VŨ,XƯỞNG 340 QUÂN KHU 5
848,banra,1,17172727.00,2023-08-20 17:00:00,CÔNG TY TNHH MỘT THÀNH VIÊN HUY VŨ,CÔNG TY TNHH MỘT THÀNH VIÊN THIẾT KẾ VÀ XÂY DỰNG MỸ THUẬT LINH GIA
847,banra,1,345455.00,2023-08-20 17:00:00,CÔNG TY TNHH MỘT THÀNH VIÊN HUY VŨ,BAN QUẢN LÝ RỪNG PHÒNG HỘ IA MEUR
846,banra,1,350000.00,2023-08-20 17:00:00,CÔNG TY TNHH MỘT THÀNH VIÊN HUY VŨ,BỆNH VIỆN QUÂN Y 15
845,banra,1,28581818.00,2023-08-20 17:00:00,CÔNG TY TNHH MỘT THÀNH VIÊN HUY VŨ,BỆNH VIỆN QUÂN Y 15
844,banra,1,2636364.00,2023-08-20 17:00:00,CÔNG TY TNHH MỘT THÀNH VIÊN HUY VŨ,CÔNG TY TNHH ĐIỆN XEKAMAN 1
843,banra,1,363636.00,2023-08-19 17:00:00,CÔNG TY TNHH MỘT THÀNH VIÊN HUY VŨ,CÔNG TY TNHH MTV ĐỒNG TÂN CHƯ SÊ
842,banra,1,681818.00,2023-08-19 17:00:00,CÔNG TY TNHH MỘT THÀNH VIÊN HUY VŨ,TRƯỜNG TIỂU HỌC VÀ TRUNG HỌC CƠ SỞ NGUYỄN DU
841,banra,1,15004545.00,2023-08-17 17:00:00,CÔNG TY TNHH MỘT THÀNH VIÊN HUY VŨ,CHƯ  SÊ  COMPUTER
840,banra,1,5272727.00,2023-08-16 17:00:00,CÔNG TY TNHH MỘT THÀNH VIÊN HUY VŨ,CÔNG TY CỔ PHẦN TÍN THÀNH ĐẠT
839,banra,1,4990909.00,2023-08-16 17:00:00,CÔNG TY TNHH MỘT THÀNH VIÊN HUY VŨ,CÔNG TY TNHH MỘT THÀNH VIÊN XUÂN VẤN
838,banra,1,5254545.00,2023-08-16 17:00:00,CÔNG TY TNHH MỘT THÀNH VIÊN HUY VŨ,TRUNG TÂM DỊCH VỤ TIN HỌC NGUYÊN HẬU
837,banra,1,27272727.00,2023-08-16 17:00:00,CÔNG TY TNHH MỘT THÀNH VIÊN HUY VŨ,BAN DÂN TỘC TỈNH GIA LAI
836,banra,1,13636364.00,2023-08-15 17:00:00,CÔNG TY TNHH MỘT THÀNH VIÊN HUY VŨ,Hội Liên hiệp Phụ nữ Thành phố Hồ Chí Minh
835,banra,1,618182.00,2023-08-15 17:00:00,CÔNG TY TNHH MỘT THÀNH VIÊN HUY VŨ,BAN QUẢN LÝ RỪNG PHÒNG HỘ BẮC BIỂN HỒ
834,banra,1,1990741.00,2023-08-15 17:00:00,CÔNG TY TNHH MỘT THÀNH VIÊN HUY VŨ,CÔNG TY TNHH QUICORNAC
833,banra,1,290909.00,2023-08-15 17:00:00,CÔNG TY TNHH MỘT THÀNH VIÊN HUY VŨ,CÔNG TY CỔ PHẦN QUANG MINH PHÁT - GIA LAI
832,banra,1,2727273.00,2023-08-15 17:00:00,CÔNG TY TNHH MỘT THÀNH VIÊN HUY VŨ,LỮ ĐOÀN 132 - BINH CHỦNG THÔNG TIN LIÊN LẠC
831,banra,1,918182.00,2023-08-14 17:00:00,CÔNG TY TNHH MỘT THÀNH VIÊN HUY VŨ,CÔNG TY TNHH VĨNH HIỆP
830,banra,1,13480000.00,2023-08-14 17:00:00,CÔNG TY TNHH MỘT THÀNH VIÊN HUY VŨ,CHI NHÁNH CÔNG TY CỔ PHẦN XĂNG DẦU DẦU KHÍ PVOIL MIỀN TRUNG TẠI GIA LAI
829,banra,1,2136364.00,2023-08-14 17:00:00,CÔNG TY TNHH MỘT THÀNH VIÊN HUY VŨ,VƯỜN QUỐC GIA KON KA KINH
828,banra,1,1425926.00,2023-08-13 17:00:00,CÔNG TY TNHH MỘT THÀNH VIÊN HUY VŨ,CÔNG TY TNHH MỘT THÀNH VIÊN GIA KHẢI TIẾN
9473339,muavao,1,2802740.00,2023-02-09 17:00:00,NGÂN HÀNG TMCP Á CHÂU,CTY TNHH MTV HUY VU
826,banra,1,6990909.00,2023-08-11 17:00:00,CÔNG TY TNHH MỘT THÀNH VIÊN HUY VŨ,CÔNG TY TRÁCH NHIỆM HỮU HẠN PHÚ GIA KON TUM
825,banra,1,863636.00,2023-08-10 17:00:00,CÔNG TY TNHH MỘT THÀNH VIÊN HUY VŨ,CÔNG TY CỔ PHẦN CÀ PHÊ GIA LAI
824,banra,1,11954545.00,2023-08-09 17:00:00,CÔNG TY TNHH MỘT THÀNH VIÊN HUY VŨ,CÔNG TY CỔ PHẦN CHIẾN THẮNG
823,banra,1,654545.00,2023-08-09 17:00:00,CÔNG TY TNHH MỘT THÀNH VIÊN HUY VŨ,TRUNG TÂM NGHIÊN CỨU & CHUYỂN GIAO KỸ THUẬT TÂY NGUYÊN
822,banra,1,445455.00,2023-08-09 17:00:00,CÔNG TY TNHH MỘT THÀNH VIÊN HUY VŨ,CÔNG TY CỔ PHẦN BỆNH VIỆN ĐẠI HỌC Y DƯỢC - HOÀNG ANH GIA LAI
821,banra,1,1363636.00,2023-08-08 17:00:00,CÔNG TY TNHH MỘT THÀNH VIÊN HUY VŨ,BAN QUẢN LÝ RỪNG PHÒNG HỘ HÀ RA
820,banra,1,7500000.00,2023-08-07 17:00:00,CÔNG TY TNHH MỘT THÀNH VIÊN HUY VŨ,MÁY VĂN PHÒNG PHƯƠNG NAM
819,banra,1,580000.00,2023-08-07 17:00:00,CÔNG TY TNHH MỘT THÀNH VIÊN HUY VŨ,CÔNG TY TNHH MỘT THÀNH VIÊN T.K TECHNOLOGY GIA LAI
818,banra,1,4000000.00,2023-08-07 17:00:00,CÔNG TY TNHH MỘT THÀNH VIÊN HUY VŨ,MÁY VĂN PHÒNG PHƯƠNG NAM
817,banra,1,16890909.00,2023-08-07 17:00:00,CÔNG TY TNHH MỘT THÀNH VIÊN HUY VŨ,KHO  K897 / CỤC QUÂN KHÍ / TCKT
816,banra,1,8454545.00,2023-08-07 17:00:00,CÔNG TY TNHH MỘT THÀNH VIÊN HUY VŨ,CÔNG TY TRÁCH NHIỆM HỮU HẠN ĐỨC DUNG
815,banra,1,1109091.00,2023-08-07 17:00:00,CÔNG TY TNHH MỘT THÀNH VIÊN HUY VŨ,CÔNG TY CỔ PHẦN ĐẦU TƯ VÀ XÂY DỰNG TRƯỜNG THỊNH
814,banra,1,5036364.00,2023-08-07 17:00:00,CÔNG TY TNHH MỘT THÀNH VIÊN HUY VŨ,CÔNG TY CỔ PHẦN QUANG MINH PHÁT - GIA LAI
813,banra,1,18181818.00,2023-08-07 17:00:00,CÔNG TY TNHH MỘT THÀNH VIÊN HUY VŨ,BINH ĐOÀN 15
812,banra,1,1136364.00,2023-08-07 17:00:00,CÔNG TY TNHH MỘT THÀNH VIÊN HUY VŨ,CÔNG TY CỔ PHẦN TRƯỜNG PHỔ THÔNG NGUYỄN VĂN LINH GIA LAI
811,banra,1,1090909.00,2023-08-07 17:00:00,CÔNG TY TNHH MỘT THÀNH VIÊN HUY VŨ,CỤC QUẢN LÝ THỊ TRƯỜNG TỈNH GIA LAI
810,banra,1,14909091.00,2023-08-06 17:00:00,CÔNG TY TNHH MỘT THÀNH VIÊN HUY VŨ,XƯỞNG 340 - QUÂN KHU 5
809,banra,1,3718182.00,2023-08-06 17:00:00,CÔNG TY TNHH MỘT THÀNH VIÊN HUY VŨ,CÔNG TY TNHH THƯƠNG MẠI VÀ DỊCH VỤ ĐỨC THANH GIA LAI
808,banra,1,1954545.00,2023-08-06 17:00:00,CÔNG TY TNHH MỘT THÀNH VIÊN HUY VŨ,TRUNG TÂM HỖ TRỢ SÁNG KIẾN PHÁT TRIỂN CỘNG ĐỒNG
807,banra,1,10409090.00,2023-08-05 17:00:00,CÔNG TY TNHH MỘT THÀNH VIÊN HUY VŨ,CÔNG TY TNHH MTV THƯƠNG MẠI THIÊN NGÂN KON TUM
806,banra,6,14909091.00,2023-08-05 17:00:00,CÔNG TY TNHH MỘT THÀNH VIÊN HUY VŨ,CÔNG TY TNHH ĐIỆN TỬ TIN HỌC KIM PHÁT
805,banra,1,281818.00,2023-08-05 17:00:00,CÔNG TY TNHH MỘT THÀNH VIÊN HUY VŨ,CÔNG TY TNHH THỜI TRANG ELISE
804,banra,1,309091.00,2023-08-04 17:00:00,CÔNG TY TNHH MỘT THÀNH VIÊN HUY VŨ,CÔNG TY CỔ PHẦN THỦY ĐIỆN ĐĂKRƠSA
803,banra,1,763636.00,2023-08-04 17:00:00,CÔNG TY TNHH MỘT THÀNH VIÊN HUY VŨ,BAN QUẢN LÝ RỪNG PHÒNG HỘ HÀ RA
802,banra,1,1590909.00,2023-08-04 17:00:00,CÔNG TY TNHH MỘT THÀNH VIÊN HUY VŨ,CÔNG TY TNHH SAO VIỆT GIA LAI
801,banra,1,17672727.00,2023-08-04 17:00:00,CÔNG TY TNHH MỘT THÀNH VIÊN HUY VŨ,CÔNG TY TNHH MỘT THÀNH VIÊN THƯƠNG MẠI VÀ DỊCH VỤ NGỌC THƠM GIA LAI
800,banra,1,14927273.00,2023-08-04 17:00:00,CÔNG TY TNHH MỘT THÀNH VIÊN HUY VŨ,CÔNG TY CỔ PHẦN DU LỊCH GIA LAI
799,banra,1,90909.00,2023-08-04 17:00:00,CÔNG TY TNHH MỘT THÀNH VIÊN HUY VŨ,CÔNG TY TNHH THỜI TRANG ELISE
798,banra,1,681818.00,2023-08-04 17:00:00,CÔNG TY TNHH MỘT THÀNH VIÊN HUY VŨ,CÔNG TY TNHH XÂY DỰNG VÀ THƯƠNG MẠI TÍN THÀNH GIA LAI
797,banra,1,17727273.00,2023-08-03 17:00:00,CÔNG TY TNHH MỘT THÀNH VIÊN HUY VŨ,ĐỒN BIÊN PHÒNG CỬA KHẨU LỆ THANH
796,banra,1,545455.00,2023-08-03 17:00:00,CÔNG TY TNHH MỘT THÀNH VIÊN HUY VŨ,UBND XÃ HÀ ĐÔNG
795,banra,1,3600000.00,2023-08-03 17:00:00,CÔNG TY TNHH MỘT THÀNH VIÊN HUY VŨ,CÔNG TY CỔ PHẦN QUANG MINH PHÁT - GIA LAI
793,banra,1,1727273.00,2023-08-02 17:00:00,CÔNG TY TNHH MỘT THÀNH VIÊN HUY VŨ,CÔNG TY TNHH XÂY DỰNG CÔNG NÔNG NGHIỆP THADICO
792,banra,1,227273.00,2023-08-02 17:00:00,CÔNG TY TNHH MỘT THÀNH VIÊN HUY VŨ,CÔNG TY TNHH DỊCH VỤ BẢO VỆ AN NINH NHÂN VIỆT TC
791,banra,1,2727273.00,2023-08-02 17:00:00,CÔNG TY TNHH MỘT THÀNH VIÊN HUY VŨ,LỮ ĐOÀN 234 QUÂN ĐOÀN 3
790,banra,1,463636.00,2023-08-02 17:00:00,CÔNG TY TNHH MỘT THÀNH VIÊN HUY VŨ,CÔNG TY TNHH VICO BÌNH PHÁT
789,banra,1,772727.00,2023-08-01 17:00:00,CÔNG TY TNHH MỘT THÀNH VIÊN HUY VŨ,CÔNG TY CỔ PHẦN SẢN XUẤT NHÔM KÍNH THẦN CHÂU
788,banra,1,5490000.00,2023-08-01 17:00:00,CÔNG TY TNHH MỘT THÀNH VIÊN HUY VŨ,BAN CHỈ HUY QUÂN SỰ HUYỆN ĐAK ĐOA
787,banra,1,300000.00,2023-08-01 17:00:00,CÔNG TY TNHH MỘT THÀNH VIÊN HUY VŨ,CHI NHÁNH CÔNG TY CỔ PHẦN SUN TAXI TẠI GIA LAI
786,banra,1,2250909.00,2023-08-01 17:00:00,CÔNG TY TNHH MỘT THÀNH VIÊN HUY VŨ,KHO  K897 / CỤC QUÂN KHÍ / TCKT
785,banra,1,5136364.00,2023-08-01 17:00:00,CÔNG TY TNHH MỘT THÀNH VIÊN HUY VŨ,CÔNG TY LUẬT TNHH  HỒNG PHÁT
784,banra,1,1881818.00,2023-07-31 17:00:00,CÔNG TY TNHH MỘT THÀNH VIÊN HUY VŨ,CÔNG TY CỔ PHẦN TƯ VẤN GIAO THÔNG KHẢI NGUYÊN
783,banra,1,18000000.00,2023-07-31 17:00:00,CÔNG TY TNHH MỘT THÀNH VIÊN HUY VŨ,CÔNG TY THUỶ ĐIỆN IA LY (CHI NHÁNH THUỘC TẬP ĐOÀN ĐIỆN LỰC VIỆT NAM)
782,banra,1,6945455.00,2023-07-31 17:00:00,CÔNG TY TNHH MỘT THÀNH VIÊN HUY VŨ,TRUNG TÂM DỊCH VỤ TIN HỌC NGUYÊN HẬU
781,banra,1,236364.00,2023-07-31 17:00:00,CÔNG TY TNHH MỘT THÀNH VIÊN HUY VŨ,TRƯỜNG TRUNG HỌC CƠ SỞ ANH HÙNG WỪU
1038,banra,1,13909091.00,2023-09-29 17:00:00,CÔNG TY TNHH MỘT THÀNH VIÊN HUY VŨ,HỘ KINH DOANH ĐẠI PHÚ
1037,banra,1,126181818.00,2023-09-29 17:00:00,CÔNG TY TNHH MỘT THÀNH VIÊN HUY VŨ,CÔNG TY TNHH THƯƠNG MẠI & DỊCH VỤ HÀ VŨ
1036,banra,1,1327273.00,2023-09-29 17:00:00,CÔNG TY TNHH MỘT THÀNH VIÊN HUY VŨ,CÔNG TY TNHH THIẾT BỊ PHÒNG CHÁY CHỮA CHÁY 4-10 GIA LAI
1035,banra,1,7772727.00,2023-09-29 17:00:00,CÔNG TY TNHH MỘT THÀNH VIÊN HUY VŨ,CÔNG TY CỔ PHẦN BỆNH VIỆN ĐẠI HỌC Y DƯỢC - HOÀNG ANH GIA LAI
1034,banra,1,445455.00,2023-09-29 17:00:00,CÔNG TY TNHH MỘT THÀNH VIÊN HUY VŨ,CÔNG TY CỔ PHẦN BỆNH VIỆN ĐẠI HỌC Y DƯỢC - HOÀNG ANH GIA LAI
1033,banra,1,14454546.00,2023-09-29 17:00:00,CÔNG TY TNHH MỘT THÀNH VIÊN HUY VŨ,CÔNG TY CỔ PHẦN BỆNH VIỆN ĐẠI HỌC Y DƯỢC - HOÀNG ANH GIA LAI
1032,banra,1,454546.00,2023-09-27 17:00:00,CÔNG TY TNHH MỘT THÀNH VIÊN HUY VŨ,CÔNG TY CỔ PHẦN KINH DOANH KHÍ MIỀN NAM - CHI NHÁNH NAM TRUNG BỘ
1031,banra,1,1036364.00,2023-09-27 17:00:00,CÔNG TY TNHH MỘT THÀNH VIÊN HUY VŨ,CÔNG TY TNHH THỦY ĐIỆN ĐAK ROBAYE
1030,banra,1,2409091.00,2023-09-27 17:00:00,CÔNG TY TNHH MỘT THÀNH VIÊN HUY VŨ,ĐÀI KHÍ TƯỢNG THUỶ VĂN KHU VỰC TÂY NGUYÊN
1029,banra,1,16272727.00,2023-09-27 17:00:00,CÔNG TY TNHH MỘT THÀNH VIÊN HUY VŨ,CÔNG TY TNHH MỘT THÀNH VIÊN PHƯƠNG GIANG GIA LAI
1028,banra,1,6636364.00,2023-09-27 17:00:00,CÔNG TY TNHH MỘT THÀNH VIÊN HUY VŨ,CÔNG TY CỔ PHẦN CHÈ BIỂN HỒ
1027,banra,1,545455.00,2023-09-27 17:00:00,CÔNG TY TNHH MỘT THÀNH VIÊN HUY VŨ,PHÒNG QUẢN LÝ ĐÔ THỊ THÀNH PHỐ PLEIKU
1026,banra,1,2636364.00,2023-09-26 17:00:00,CÔNG TY TNHH MỘT THÀNH VIÊN HUY VŨ,CÔNG TY TNHH MỘT THÀNH VIÊN PHƯƠNG GIANG GIA LAI
1025,banra,1,9254545.00,2023-09-26 17:00:00,CÔNG TY TNHH MỘT THÀNH VIÊN HUY VŨ,UỶ BAN NHÂN DÂN XÃ IA GRĂNG
1024,banra,1,10454545.00,2023-09-25 17:00:00,CÔNG TY TNHH MỘT THÀNH VIÊN HUY VŨ,CHI NHÁNH CÔNG TY TNHH TIN HỌC QUANG ANH
1023,banra,1,2200000.00,2023-09-25 17:00:00,CÔNG TY TNHH MỘT THÀNH VIÊN HUY VŨ,CÔNG TY TNHH TIN HỌC QUANG ANH GL
1022,banra,1,2627273.00,2023-09-25 17:00:00,CÔNG TY TNHH MỘT THÀNH VIÊN HUY VŨ,CÔNG TY CỔ PHẦN CÀ PHÊ GIA LAI
1021,banra,1,5118182.00,2023-09-25 17:00:00,CÔNG TY TNHH MỘT THÀNH VIÊN HUY VŨ,CÔNG TY TNHH MỘT THÀNH VIÊN T.K TECHNOLOGY GIA LAI
1020,banra,1,3990000.00,2023-09-25 17:00:00,CÔNG TY TNHH MỘT THÀNH VIÊN HUY VŨ,CHI NHÁNH CÔNG TY CỔ PHẦN XĂNG DẦU DẦU KHÍ PVOIL MIỀN TRUNG TẠI GIA LAI
1019,banra,1,13909091.00,2023-09-25 17:00:00,CÔNG TY TNHH MỘT THÀNH VIÊN HUY VŨ,HỘ KINH DOANH ĐẠI PHÚ
1018,banra,1,581818.00,2023-09-25 17:00:00,CÔNG TY TNHH MỘT THÀNH VIÊN HUY VŨ,PHÒNG AN NINH MẠNG VÀ PCTP SỬ DỤNG CÔNG NGHỆ CAO - CÔNG AN TỈNH GIA LAI
1017,banra,1,30227273.00,2023-09-24 17:00:00,CÔNG TY TNHH MỘT THÀNH VIÊN HUY VŨ,CÔNG TY TNHH ĐIỆN TỬ TIN HỌC KIM PHÁT
1016,banra,1,1981818.00,2023-09-24 17:00:00,CÔNG TY TNHH MỘT THÀNH VIÊN HUY VŨ,CÔNG TY TNHH MỘT THÀNH VIÊN THIẾT KẾ VÀ XÂY DỰNG MỸ THUẬT LINH GIA
1015,banra,1,10372727.00,2023-09-24 17:00:00,CÔNG TY TNHH MỘT THÀNH VIÊN HUY VŨ,CÔNG TY TNHH ĐIỆN TỬ TIN HỌC KIM PHÁT
1014,banra,1,5136364.00,2023-09-24 17:00:00,CÔNG TY TNHH MỘT THÀNH VIÊN HUY VŨ,CÔNG TY CỔ PHẦN THỰC PHẨM XUẤT KHẨU ĐỒNG GIAO
1013,banra,1,108687273.00,2023-09-24 17:00:00,CÔNG TY TNHH MỘT THÀNH VIÊN HUY VŨ,CÔNG TY TNHH ĐIỆN TỬ TIN HỌC KIM PHÁT
1012,banra,1,2818182.00,2023-09-24 17:00:00,CÔNG TY TNHH MỘT THÀNH VIÊN HUY VŨ,Trường  Tiểu học thị trấn Phú Hòa
1011,banra,1,8590909.00,2023-09-24 17:00:00,CÔNG TY TNHH MỘT THÀNH VIÊN HUY VŨ,CÔNG TY TNHH NHẤT LÊ GIA LAI
1010,banra,1,870000.00,2023-09-23 17:00:00,CÔNG TY TNHH MỘT THÀNH VIÊN HUY VŨ,CÔNG TY TNHH MỘT THÀNH VIÊN T.K TECHNOLOGY GIA LAI
1009,banra,1,709091.00,2023-09-22 17:00:00,CÔNG TY TNHH MỘT THÀNH VIÊN HUY VŨ,UBND XÃ HÀ ĐÔNG
1008,banra,1,4545455.00,2023-09-21 17:00:00,CÔNG TY TNHH MỘT THÀNH VIÊN HUY VŨ,PHÒNG HẬU CẦN - SƯ ĐOÀN 320
1007,banra,1,863636.00,2023-09-21 17:00:00,CÔNG TY TNHH MỘT THÀNH VIÊN HUY VŨ,CÔNG TY CỔ PHẦN TRƯỜNG PHỔ THÔNG NGUYỄN VĂN LINH GIA LAI
1006,banra,1,20000000.00,2023-09-21 17:00:00,CÔNG TY TNHH MỘT THÀNH VIÊN HUY VŨ,PHÒNG HẬU CẦN - SƯ ĐOÀN 320
1005,banra,1,15000000.00,2023-09-21 17:00:00,CÔNG TY TNHH MỘT THÀNH VIÊN HUY VŨ,TRUNG TÂM DỊCH VỤ TIN HỌC NGUYÊN HẬU
1004,banra,1,13181818.00,2023-09-21 17:00:00,CÔNG TY TNHH MỘT THÀNH VIÊN HUY VŨ,CÔNG TY CỔ PHẦN XÂY DỰNG THIÊN QUÂN GIA LAI
1003,banra,1,6772727.00,2023-09-21 17:00:00,CÔNG TY TNHH MỘT THÀNH VIÊN HUY VŨ,CÔNG TY TNHH ĐẦU TƯ VÀ THƯƠNG MẠI PHÚ LỘC THỊNH
1002,banra,1,7227273.00,2023-09-21 17:00:00,CÔNG TY TNHH MỘT THÀNH VIÊN HUY VŨ,CÔNG TY CỔ PHẦN BỆNH VIỆN ĐẠI HỌC Y DƯỢC - HOÀNG ANH GIA LAI
1001,banra,1,818182.00,2023-09-21 17:00:00,CÔNG TY TNHH MỘT THÀNH VIÊN HUY VŨ,CÔNG TY CỔ PHẦN BỆNH VIỆN ĐẠI HỌC Y DƯỢC - HOÀNG ANH GIA LAI
1000,banra,5,7045455.00,2023-09-21 17:00:00,CÔNG TY TNHH MỘT THÀNH VIÊN HUY VŨ,VƯỜN QUỐC GIA KON KA KINH
999,banra,1,318182.00,2023-09-21 17:00:00,CÔNG TY TNHH MỘT THÀNH VIÊN HUY VŨ,CÔNG TY CỔ PHẦN CÀ PHÊ GIA LAI
998,banra,1,3590909.00,2023-09-21 17:00:00,CÔNG TY TNHH MỘT THÀNH VIÊN HUY VŨ,KHO  K896/CQK/TCKT
997,banra,1,163636.00,2023-09-20 17:00:00,CÔNG TY TNHH MỘT THÀNH VIÊN HUY VŨ,CÔNG TY TRÁCH NHIỆM HỮU HẠN ĐỨC CHÂU GIA LAI
996,banra,1,618182.00,2023-09-20 17:00:00,CÔNG TY TNHH MỘT THÀNH VIÊN HUY VŨ,TRUNG TÂM KINH DOANH VNPT - GIA LAI
995,banra,1,12109091.00,2023-09-20 17:00:00,CÔNG TY TNHH MỘT THÀNH VIÊN HUY VŨ,LỮ ĐOÀN 132 - BINH CHỦNG THÔNG TIN LIÊN LẠC
994,banra,1,9227273.00,2023-09-20 17:00:00,CÔNG TY TNHH MỘT THÀNH VIÊN HUY VŨ,CÔNG TY TNHH MỘT THÀNH VIÊN HOÀNG TIẾN DŨNG GIA LAI
993,banra,1,1157407.00,2023-09-20 17:00:00,CÔNG TY TNHH MỘT THÀNH VIÊN HUY VŨ,CÔNG TY TRÁCH NHIỆM HỮU HẠN MỘT THÀNH VIÊN CÀ PHÊ IA GRAI
992,banra,1,13227273.00,2023-09-20 17:00:00,CÔNG TY TNHH MỘT THÀNH VIÊN HUY VŨ,CÔNG TY TRÁCH NHIỆM HỮU HẠN MỘT THÀNH VIÊN CÀ PHÊ IA GRAI
991,banra,1,1909091.00,2023-09-20 17:00:00,CÔNG TY TNHH MỘT THÀNH VIÊN HUY VŨ,TRƯỜNG TIỂU HỌC NGUYỄN BÁ NGỌC
990,banra,1,290909.00,2023-09-20 17:00:00,CÔNG TY TNHH MỘT THÀNH VIÊN HUY VŨ,CÔNG TY CỔ PHẦN GIA SÚC LƠ PANG
989,banra,1,138500000.00,2023-09-20 17:00:00,CÔNG TY TNHH MỘT THÀNH VIÊN HUY VŨ,CÔNG TY TNHH THƯƠNG MẠI & DỊCH VỤ HÀ VŨ
988,banra,1,2850000.00,2023-09-20 17:00:00,CÔNG TY TNHH MỘT THÀNH VIÊN HUY VŨ,CÔNG TY CỔ PHẦN XÂY DỰNG ĐIỆN VNECO1
987,banra,1,11254545.00,2023-09-20 17:00:00,CÔNG TY TNHH MỘT THÀNH VIÊN HUY VŨ,CÔNG TY CỔ PHẦN XÂY DỰNG ĐIỆN VNECO1
986,banra,1,409091.00,2023-09-20 17:00:00,CÔNG TY TNHH MỘT THÀNH VIÊN HUY VŨ,CÔNG TY CỔ PHẦN BOT VÀ BT ĐỨC LONG GIA LAI
985,banra,1,1136364.00,2023-09-19 17:00:00,CÔNG TY TNHH MỘT THÀNH VIÊN HUY VŨ,CÔNG TY TNHH SUITE CLOUD
984,banra,1,10000000.00,2023-09-19 17:00:00,CÔNG TY TNHH MỘT THÀNH VIÊN HUY VŨ,TRƯỜNG THPT A SANH
983,banra,1,2636364.00,2023-09-19 17:00:00,CÔNG TY TNHH MỘT THÀNH VIÊN HUY VŨ,CÔNG TY TRÁCH NHIỆM HỮU HẠN BAKA
982,banra,1,881818.00,2023-09-19 17:00:00,CÔNG TY TNHH MỘT THÀNH VIÊN HUY VŨ,VPP PHÚ QUÝ
981,banra,1,10704545.00,2023-09-19 17:00:00,CÔNG TY TNHH MỘT THÀNH VIÊN HUY VŨ,MÁY VĂN PHÒNG PHƯƠNG NAM
980,banra,1,3818182.00,2023-09-19 17:00:00,CÔNG TY TNHH MỘT THÀNH VIÊN HUY VŨ,TRƯỜNG TIỂU HỌC IANHIN
979,banra,1,1363636.00,2023-09-19 17:00:00,CÔNG TY TNHH MỘT THÀNH VIÊN HUY VŨ,PHÒNG NÔNG NGHIỆP VÀ PHÁT TRIỂN NÔNG THÔN CHƯ PĂH
978,banra,1,73636364.00,2023-09-19 17:00:00,CÔNG TY TNHH MỘT THÀNH VIÊN HUY VŨ,CÔNG TY TNHH ĐẦU TƯ VÀ PHÁT TRIỂN CÔNG NGHỆ MINH QUÂN
977,banra,1,500000.00,2023-09-18 17:00:00,CÔNG TY TNHH MỘT THÀNH VIÊN HUY VŨ,TRƯỜNG TIỂU HỌC NGUYỄN DU
976,banra,1,1545454.00,2023-09-18 17:00:00,CÔNG TY TNHH MỘT THÀNH VIÊN HUY VŨ,CÔNG TY TRÁCH NHIỆM HỮU HẠN MỘT THÀNH VIÊN ĐẦU TƯ XÂY DỰNG ĐIỆN PHAN VŨ
975,banra,1,13909091.00,2023-09-18 17:00:00,CÔNG TY TNHH MỘT THÀNH VIÊN HUY VŨ,HỘ KINH DOANH ĐẠI PHÚ
974,banra,1,40000000.00,2023-09-18 17:00:00,CÔNG TY TNHH MỘT THÀNH VIÊN HUY VŨ,CÔNG TY TNHH ĐIỆN TỬ TIN HỌC KIM PHÁT
973,banra,1,1868182.00,2023-09-18 17:00:00,CÔNG TY TNHH MỘT THÀNH VIÊN HUY VŨ,CHI NHÁNH CÔNG TY CỔ PHẦN THUỶ ĐIỆN CẦN ĐƠN-NHÀ MÁY THỦY ĐIỆN RY NINH II
972,banra,1,2409091.00,2023-09-18 17:00:00,CÔNG TY TNHH MỘT THÀNH VIÊN HUY VŨ,ĐÀI KHÍ TƯỢNG THUỶ VĂN KHU VỰC TÂY NGUYÊN
969,banra,1,3281818.00,2023-09-17 17:00:00,CÔNG TY TNHH MỘT THÀNH VIÊN HUY VŨ,CÔNG TY TRUYỀN TẢI ĐIỆN 3 - TRUYỀN TẢI ĐIỆN GIA LAI
968,banra,1,1200000.00,2023-09-17 17:00:00,CÔNG TY TNHH MỘT THÀNH VIÊN HUY VŨ,CÔNG TY CỔ PHẦN ĐẦU TƯ VÀ XÂY DỰNG TRƯỜNG THỊNH
967,banra,1,1622727.00,2023-09-17 17:00:00,CÔNG TY TNHH MỘT THÀNH VIÊN HUY VŨ,CÔNG TY TRUYỀN TẢI ĐIỆN 3 - TRUYỀN TẢI ĐIỆN GIA LAI
966,banra,1,13181818.00,2023-09-17 17:00:00,CÔNG TY TNHH MỘT THÀNH VIÊN HUY VŨ,CÔNG TY CỔ PHẦN XÂY DỰNG THIÊN QUÂN GIA LAI
965,banra,1,17490909.00,2023-09-17 17:00:00,CÔNG TY TNHH MỘT THÀNH VIÊN HUY VŨ,CÔNG TY CỔ PHẦN PHÁT TRIỂN ĐÔ THỊ TÂY NGUYÊN
964,banra,1,300000.00,2023-09-17 17:00:00,CÔNG TY TNHH MỘT THÀNH VIÊN HUY VŨ,BINH ĐOÀN 15
963,banra,1,15772727.00,2023-09-17 17:00:00,CÔNG TY TNHH MỘT THÀNH VIÊN HUY VŨ,BINH ĐOÀN 15
962,banra,1,1772727.00,2023-09-17 17:00:00,CÔNG TY TNHH MỘT THÀNH VIÊN HUY VŨ,CÔNG TY CỔ PHẦN ĐẦU TƯ VÀ XÂY DỰNG TRƯỜNG THỊNH
961,banra,1,1272727.00,2023-09-17 17:00:00,CÔNG TY TNHH MỘT THÀNH VIÊN HUY VŨ,BAN DÂN VẬN TỈNH ỦY GIA LAI
960,banra,1,12563636.00,2023-09-17 17:00:00,CÔNG TY TNHH MỘT THÀNH VIÊN HUY VŨ,CÔNG TY CỔ PHẦN TƯ VẤN XÂY DỰNG GIAO THÔNG AN BÌNH
959,banra,1,6681818.00,2023-09-17 17:00:00,CÔNG TY TNHH MỘT THÀNH VIÊN HUY VŨ,Công an huyện Mang Yang
958,banra,1,981818.00,2023-09-16 17:00:00,CÔNG TY TNHH MỘT THÀNH VIÊN HUY VŨ,CÔNG TY CỔ PHẦN GIA SÚC LƠ PANG
957,banra,1,12709091.00,2023-09-16 17:00:00,CÔNG TY TNHH MỘT THÀNH VIÊN HUY VŨ,CÔNG TY CỔ PHẦN THỰC PHẨM XUẤT KHẨU ĐỒNG GIAO
956,banra,1,14000000.00,2023-09-16 17:00:00,CÔNG TY TNHH MỘT THÀNH VIÊN HUY VŨ,CÔNG TY CỔ PHẦN TƯ VẤN XÂY DỰNG GIAO THÔNG AN BÌNH
955,banra,1,172727.00,2023-09-15 17:00:00,CÔNG TY TNHH MỘT THÀNH VIÊN HUY VŨ,CHI NHÁNH TẠI TỈNH GIA LAI – CÔNG TY TNHH DỰ TÀI
954,banra,1,27136364.00,2023-09-14 17:00:00,CÔNG TY TNHH MỘT THÀNH VIÊN HUY VŨ,CÔNG TY THUỶ ĐIỆN IA LY (CHI NHÁNH THUỘC TẬP ĐOÀN ĐIỆN LỰC VIỆT NAM)
953,banra,1,5000000.00,2023-09-14 17:00:00,CÔNG TY TNHH MỘT THÀNH VIÊN HUY VŨ,BAN CHỈ HUY QUÂN SỰ HUYỆN KBANG
952,banra,1,15554545.00,2023-09-14 17:00:00,CÔNG TY TNHH MỘT THÀNH VIÊN HUY VŨ,BAN CHỈ HUY QUÂN SỰ HUYỆN MANG YANG
951,banra,1,1203704.00,2023-09-14 17:00:00,CÔNG TY TNHH MỘT THÀNH VIÊN HUY VŨ,BAN CHỈ HUY QUÂN SỰ HUYỆN MANG YANG
950,banra,1,3046296.00,2023-09-14 17:00:00,CÔNG TY TNHH MỘT THÀNH VIÊN HUY VŨ,CÔNG TY CP CHĂN NUÔI GIA LAI
949,banra,1,454545.00,2023-09-14 17:00:00,CÔNG TY TNHH MỘT THÀNH VIÊN HUY VŨ,CÔNG TY CP CHĂN NUÔI GIA LAI
948,banra,1,3590909.00,2023-09-13 17:00:00,CÔNG TY TNHH MỘT THÀNH VIÊN HUY VŨ,CÔNG TY TNHH MỘT THÀNH VIÊN CHÂU THẠCH GIA LAI
947,banra,1,13927273.00,2023-09-13 17:00:00,CÔNG TY TNHH MỘT THÀNH VIÊN HUY VŨ,BỆNH VIỆN QUÂN Y 15
946,banra,1,136364.00,2023-09-12 17:00:00,CÔNG TY TNHH MỘT THÀNH VIÊN HUY VŨ,TRUNG TÂM HỖ TRỢ SÁNG KIẾN PHÁT TRIỂN CỘNG ĐỒNG
945,banra,1,1018182.00,2023-09-12 17:00:00,CÔNG TY TNHH MỘT THÀNH VIÊN HUY VŨ,CÔNG TY TNHH MỘT THÀNH VIÊN TÍN DỤNG GIA LAI
944,banra,1,15890909.00,2023-09-12 17:00:00,CÔNG TY TNHH MỘT THÀNH VIÊN HUY VŨ,XÍ NGHIỆP KHẢO SÁT THIẾT KẾ - CHI NHÁNH TỔNG CÔNG TY 15
943,banra,1,5454545.00,2023-09-12 17:00:00,CÔNG TY TNHH MỘT THÀNH VIÊN HUY VŨ,UBND XÃ IA KRENG
942,banra,1,2636364.00,2023-09-11 17:00:00,CÔNG TY TNHH MỘT THÀNH VIÊN HUY VŨ,CÔNG TY TNHH MỘT THÀNH VIÊN NGỌC NHÂN
941,banra,1,12672728.00,2023-09-11 17:00:00,CÔNG TY TNHH MỘT THÀNH VIÊN HUY VŨ,TRƯỜNG TIỂU HỌC ĐAKSƠMEI
940,banra,1,2727273.00,2023-09-11 17:00:00,CÔNG TY TNHH MỘT THÀNH VIÊN HUY VŨ,CÔNG TY TNHH MỘT THÀNH VIÊN TƯ VẤN VÀ THIẾT KẾ XÂY DỰNG PHÚ QUANG VINH PHÁT
939,banra,1,14263636.00,2023-09-10 17:00:00,CÔNG TY TNHH MỘT THÀNH VIÊN HUY VŨ,ĐÀI KHÍ TƯỢNG THUỶ VĂN KHU VỰC TÂY NGUYÊN
938,banra,1,3590909.00,2023-09-10 17:00:00,CÔNG TY TNHH MỘT THÀNH VIÊN HUY VŨ,LỮ ĐOÀN 273 - QUÂN ĐOÀN 3
937,banra,1,290909.00,2023-09-10 17:00:00,CÔNG TY TNHH MỘT THÀNH VIÊN HUY VŨ,TRƯỜNG TRUNG HỌC CƠ SỞ  THỊ TRẤN PHÚ HÒA
936,banra,1,6945455.00,2023-09-10 17:00:00,CÔNG TY TNHH MỘT THÀNH VIÊN HUY VŨ,TRUNG TÂM DỊCH VỤ TIN HỌC NGUYÊN HẬU
935,banra,1,14963636.00,2023-09-10 17:00:00,CÔNG TY TNHH MỘT THÀNH VIÊN HUY VŨ,CÔNG TY CỔ PHẦN TƯ VẤN XÂY DỰNG GIAO THÔNG AN BÌNH
934,banra,1,1100000.00,2023-09-09 17:00:00,CÔNG TY TNHH MỘT THÀNH VIÊN HUY VŨ,CHI NHÁNH CÔNG TY CỔ PHẦN TỔNG CÔNG TY SÔNG GIANH TẠI GIA LAI
933,banra,1,1227273.00,2023-09-08 17:00:00,CÔNG TY TNHH MỘT THÀNH VIÊN HUY VŨ,CÔNG TY TNHH SUNGROW POWER (VIỆT NAM)
932,banra,1,15781818.00,2023-09-08 17:00:00,CÔNG TY TNHH MỘT THÀNH VIÊN HUY VŨ,CÔNG TY CỔ PHẦN TƯ VẤN XÂY DỰNG GIAO THÔNG AN BÌNH
931,banra,1,1118182.00,2023-09-08 17:00:00,CÔNG TY TNHH MỘT THÀNH VIÊN HUY VŨ,"ĐỒN BIÊN PHÒNG IA O , BĐBP GIA LAI"
930,banra,1,1181818.00,2023-09-07 17:00:00,CÔNG TY TNHH MỘT THÀNH VIÊN HUY VŨ,CÔNG TY CỔ PHẦN NĂNG LƯỢNG MỚI THIÊN VŨ VIỆT NAM
929,banra,1,836364.00,2023-09-07 17:00:00,CÔNG TY TNHH MỘT THÀNH VIÊN HUY VŨ,CÔNG TY CỔ PHẦN CHẾ BIẾN THỨC ĂN GIA SÚC ĐÔNG GIA LAI
928,banra,1,654545.00,2023-09-07 17:00:00,CÔNG TY TNHH MỘT THÀNH VIÊN HUY VŨ,CÔNG TY CỔ PHẦN BỆNH VIỆN ĐẠI HỌC Y DƯỢC - HOÀNG ANH GIA LAI
927,banra,1,24427273.00,2023-09-07 17:00:00,CÔNG TY TNHH MỘT THÀNH VIÊN HUY VŨ,CÔNG TY TNHH MEDLATEC ĐẮK LẮK
926,banra,1,1545455.00,2023-09-07 17:00:00,CÔNG TY TNHH MỘT THÀNH VIÊN HUY VŨ,CÔNG TY TRÁCH NHIỆM HỮU HẠN MỘT THÀNH VIÊN XĂNG DẦU BẮC TÂY NGUYÊN
925,banra,1,4990909.00,2023-09-07 17:00:00,CÔNG TY TNHH MỘT THÀNH VIÊN HUY VŨ,AGRIBANK  CHI NHÁNH THÀNH PHỐ PLEIKU GIA LAI
21120,muavao,1,285333.00,2023-02-09 17:00:00,Ngân hàng TMCP Sài Gòn Thương Tín - Chi nhánh Gia Lai,CONG TY TNHH MTV HUY VU
924,banra,1,1300000.00,2023-09-06 17:00:00,CÔNG TY TNHH MỘT THÀNH VIÊN HUY VŨ,CÔNG TY TNHH MTV ĐỒNG TÂN CHƯ SÊ
923,banra,1,3563636.00,2023-09-06 17:00:00,CÔNG TY TNHH MỘT THÀNH VIÊN HUY VŨ,Trường tiểu học Kim Đồng
922,banra,1,1636364.00,2023-09-06 17:00:00,CÔNG TY TNHH MỘT THÀNH VIÊN HUY VŨ,CÔNG TY CỔ PHẦN TRƯỜNG SƠN 145
921,banra,1,2636364.00,2023-09-06 17:00:00,CÔNG TY TNHH MỘT THÀNH VIÊN HUY VŨ,CÔNG TY TNHH MỘT THÀNH VIÊN TRẦN HUY GIA LAI
920,banra,1,16954545.00,2023-09-06 17:00:00,CÔNG TY TNHH MỘT THÀNH VIÊN HUY VŨ,CÔNG TY CỔ PHẦN TƯ VẤN XÂY DỰNG GIAO THÔNG AN BÌNH
919,banra,1,3727273.00,2023-09-06 17:00:00,CÔNG TY TNHH MỘT THÀNH VIÊN HUY VŨ,TRƯỜNG TRUNG HỌC CƠ SỞ TRẦN PHÚ
918,banra,1,1000000.00,2023-09-06 17:00:00,CÔNG TY TNHH MỘT THÀNH VIÊN HUY VŨ,CÔNG TY CỔ PHẦN TRƯỜNG SƠN 145
917,banra,1,772727.00,2023-09-06 17:00:00,CÔNG TY TNHH MỘT THÀNH VIÊN HUY VŨ,Trung tâm Dịch vụ nông nghiệp huyện Ia Grai
916,banra,1,10181818.00,2023-09-05 17:00:00,CÔNG TY TNHH MỘT THÀNH VIÊN HUY VŨ,CÔNG TY CỔ PHẦN TRƯỜNG SƠN 145
915,banra,1,3590909.00,2023-09-05 17:00:00,CÔNG TY TNHH MỘT THÀNH VIÊN HUY VŨ,TRƯỜNG TIỂU HỌC TRẦN ĐẠI NGHĨA
914,banra,1,2590909.00,2023-09-05 17:00:00,CÔNG TY TNHH MỘT THÀNH VIÊN HUY VŨ,TRƯỜNG THCS NGUYỄN ĐÌNH CHIỂU
913,banra,1,1681818.00,2023-09-05 17:00:00,CÔNG TY TNHH MỘT THÀNH VIÊN HUY VŨ,CÔNG TY CỔ PHẦN TRƯỜNG SƠN 145
912,banra,1,26818182.00,2023-09-05 17:00:00,CÔNG TY TNHH MỘT THÀNH VIÊN HUY VŨ,CÔNG TY TNHH ĐIỆN TỬ TIN HỌC KIM PHÁT
911,banra,1,101852.00,2023-09-04 17:00:00,CÔNG TY TNHH MỘT THÀNH VIÊN HUY VŨ,CÔNG TY TNHH NÉT VIỆT
910,banra,1,14990909.00,2023-09-04 17:00:00,CÔNG TY TNHH MỘT THÀNH VIÊN HUY VŨ,HỢP TÁC XÃ XÂY DỰNG - THƯƠNG MẠI DỊCH VỤ NAM GIA LAI
909,banra,1,16618182.00,2023-09-04 17:00:00,CÔNG TY TNHH MỘT THÀNH VIÊN HUY VŨ,XƯỞNG 340 QUÂN KHU 5
908,banra,1,17190909.00,2023-09-04 17:00:00,CÔNG TY TNHH MỘT THÀNH VIÊN HUY VŨ,CÔNG TY CỔ PHẦN TƯ VẤN XÂY DỰNG GIAO THÔNG AN BÌNH
907,banra,1,636364.00,2023-09-04 17:00:00,CÔNG TY TNHH MỘT THÀNH VIÊN HUY VŨ,TRƯỜNG TIỂU HỌC NGUYỄN DU
906,banra,1,3590909.00,2023-09-03 17:00:00,CÔNG TY TNHH MỘT THÀNH VIÊN HUY VŨ,CÔNG TY CỔ PHẦN ĐẦU TƯ VÀ PHÁT TRIỂN ĐIỆN NĂNG ĐỨC LONG GIA LAI
905,banra,1,381818.00,2023-09-03 17:00:00,CÔNG TY TNHH MỘT THÀNH VIÊN HUY VŨ,TRƯỜNG TIỂU HỌC NGUYỄN DU
904,banra,1,1068182.00,2023-08-31 17:00:00,CÔNG TY TNHH MỘT THÀNH VIÊN HUY VŨ,VPP PHÚ QUÝ
1211,banra,1,15000000.00,2023-10-30 17:00:00,CÔNG TY TNHH MỘT THÀNH VIÊN HUY VŨ,CÔNG TY TNHH ĐIỆN TỬ TIN HỌC KIM PHÁT
1210,banra,1,800000.00,2023-10-30 17:00:00,CÔNG TY TNHH MỘT THÀNH VIÊN HUY VŨ,CHI NHÁNH CÔNG TY TNHH OLAM TẠI PLEIKU
1209,banra,1,1342593.00,2023-10-30 17:00:00,CÔNG TY TNHH MỘT THÀNH VIÊN HUY VŨ,Trường THCS Hùng Vương Ia Grai
1208,banra,1,10290909.00,2023-10-30 17:00:00,CÔNG TY TNHH MỘT THÀNH VIÊN HUY VŨ,Trường THCS Hùng Vương Ia Grai
1207,banra,1,309091.00,2023-10-30 17:00:00,CÔNG TY TNHH MỘT THÀNH VIÊN HUY VŨ,CÔNG TY TNHH SX - TM GIA KHANG
1206,banra,1,13181818.00,2023-10-30 17:00:00,CÔNG TY TNHH MỘT THÀNH VIÊN HUY VŨ,CÔNG TY CỔ PHẦN AN THỊNH PHÁT GIA LAI
1205,banra,1,5272727.00,2023-10-30 17:00:00,CÔNG TY TNHH MỘT THÀNH VIÊN HUY VŨ,CÔNG TY TNHH MTV TƯ VẤN THIẾT KẾ VÀ THI CÔNG DANACON
1204,banra,1,86218182.00,2023-10-30 17:00:00,CÔNG TY TNHH MỘT THÀNH VIÊN HUY VŨ,PHÒNG HẬU CẦN CÔNG AN TỈNH GIA LAI
1203,banra,1,12727273.00,2023-10-29 17:00:00,CÔNG TY TNHH MỘT THÀNH VIÊN HUY VŨ,CÔNG TY CỔ PHẦN AN THỊNH PHÁT GIA LAI
1202,banra,1,736364.00,2023-10-29 17:00:00,CÔNG TY TNHH MỘT THÀNH VIÊN HUY VŨ,CÔNG TY CỔ PHẦN KỸ NGHỆ GAMMA
1201,banra,1,1081818.00,2023-10-29 17:00:00,CÔNG TY TNHH MỘT THÀNH VIÊN HUY VŨ,CÔNG TY TNHH MỘT THÀNH VIÊN SƠN SOLAR GIA LAI
1200,banra,1,2900000.00,2023-10-29 17:00:00,CÔNG TY TNHH MỘT THÀNH VIÊN HUY VŨ,CÔNG TY TNHH XỔ SỐ KIẾN THIẾT TỈNH GIA LAI
1199,banra,1,1090909.00,2023-10-29 17:00:00,CÔNG TY TNHH MỘT THÀNH VIÊN HUY VŨ,CHI NHÁNH VẬN TẢI VÀ THI CÔNG CƠ GIỚI - TỔNG CÔNG TY XÂY DỰNG LŨNG LÔ
1198,banra,1,14172727.00,2023-10-29 17:00:00,CÔNG TY TNHH MỘT THÀNH VIÊN HUY VŨ,CÔNG TY TRÁCH NHIỆM HỮU HẠN 30-4 GIA LAI
1197,banra,1,927273.00,2023-10-29 17:00:00,CÔNG TY TNHH MỘT THÀNH VIÊN HUY VŨ,CÔNG TY TRÁCH NHIỆM HỮU HẠN TÂY SƠN
1196,banra,1,2636364.00,2023-10-29 17:00:00,CÔNG TY TNHH MỘT THÀNH VIÊN HUY VŨ,CÔNG TY TNHH LV 68
1195,banra,1,3845455.00,2023-10-29 17:00:00,CÔNG TY TNHH MỘT THÀNH VIÊN HUY VŨ,CHI NHÁNH TỔNG CÔNG TY CÀ PHÊ VIỆT NAM - CÔNG TY CÀ PHÊ IA SAO I
1194,banra,1,7263636.00,2023-10-29 17:00:00,CÔNG TY TNHH MỘT THÀNH VIÊN HUY VŨ,CHI NHÁNH TỔNG CÔNG TY CÀ PHÊ VIỆT NAM - CÔNG TY CÀ PHÊ IA SAO I
1193,banra,1,1681818.00,2023-10-28 17:00:00,CÔNG TY TNHH MỘT THÀNH VIÊN HUY VŨ,VĂN PHÒNG ĐĂNG KÝ ĐẤT ĐAI TỈNH GIA LAI-CHI NHÁNH HUYỆN MANG YANG
1192,banra,1,11818182.00,2023-10-27 17:00:00,CÔNG TY TNHH MỘT THÀNH VIÊN HUY VŨ,
1191,banra,1,10000000.00,2023-10-27 17:00:00,CÔNG TY TNHH MỘT THÀNH VIÊN HUY VŨ,
1190,banra,1,12272727.00,2023-10-27 17:00:00,CÔNG TY TNHH MỘT THÀNH VIÊN HUY VŨ,
1189,banra,1,12272727.00,2023-10-27 17:00:00,CÔNG TY TNHH MỘT THÀNH VIÊN HUY VŨ,
1188,banra,1,12272727.00,2023-10-27 17:00:00,CÔNG TY TNHH MỘT THÀNH VIÊN HUY VŨ,
1187,banra,1,12909091.00,2023-10-27 17:00:00,CÔNG TY TNHH MỘT THÀNH VIÊN HUY VŨ,
1186,banra,1,12909091.00,2023-10-27 17:00:00,CÔNG TY TNHH MỘT THÀNH VIÊN HUY VŨ,
1185,banra,1,12909091.00,2023-10-27 17:00:00,CÔNG TY TNHH MỘT THÀNH VIÊN HUY VŨ,
1184,banra,1,12909091.00,2023-10-27 17:00:00,CÔNG TY TNHH MỘT THÀNH VIÊN HUY VŨ,
1183,banra,1,12909091.00,2023-10-27 17:00:00,CÔNG TY TNHH MỘT THÀNH VIÊN HUY VŨ,CÔNG TY CỔ PHẦN AN THỊNH PHÁT GIA LAI
1182,banra,1,10545455.00,2023-10-27 17:00:00,CÔNG TY TNHH MỘT THÀNH VIÊN HUY VŨ,CÔNG TY TNHH MỘT THÀNH VIÊN TƯ VẤN XÂY DỰNG HOÀNG UYÊN GIA LAI
1181,banra,1,13636364.00,2023-10-27 17:00:00,CÔNG TY TNHH MỘT THÀNH VIÊN HUY VŨ,CÔNG TY TNHH MỘT THÀNH VIÊN ĐỨC DUNG CHƯ SÊ
1180,banra,1,13636364.00,2023-10-27 17:00:00,CÔNG TY TNHH MỘT THÀNH VIÊN HUY VŨ,CÔNG TY TRÁCH NHIỆM HỮU HẠN ĐỨC DUNG
1179,banra,1,13636364.00,2023-10-27 17:00:00,CÔNG TY TNHH MỘT THÀNH VIÊN HUY VŨ,
1178,banra,1,2445455.00,2023-10-27 17:00:00,CÔNG TY TNHH MỘT THÀNH VIÊN HUY VŨ,CÔNG TY TNHH MỘT THÀNH VIÊN THƯƠNG VIỆT GIA LAI
1177,banra,1,13636364.00,2023-10-27 17:00:00,CÔNG TY TNHH MỘT THÀNH VIÊN HUY VŨ,
1176,banra,1,114772727.00,2023-10-27 17:00:00,CÔNG TY TNHH MỘT THÀNH VIÊN HUY VŨ,CÔNG TY TNHH VI TÍNH QUI NHƠN
1175,banra,1,13636364.00,2023-10-27 17:00:00,CÔNG TY TNHH MỘT THÀNH VIÊN HUY VŨ,CÔNG TY TNHH VĨNH HIỆP
1174,banra,1,10545455.00,2023-10-26 17:00:00,CÔNG TY TNHH MỘT THÀNH VIÊN HUY VŨ,CÔNG TY CỔ PHẦN FIDITOUR
1173,banra,1,12727273.00,2023-10-26 17:00:00,CÔNG TY TNHH MỘT THÀNH VIÊN HUY VŨ,CÔNG TY CỔ PHẦN FIDITOUR
1172,banra,1,12727273.00,2023-10-26 17:00:00,CÔNG TY TNHH MỘT THÀNH VIÊN HUY VŨ,CÔNG TY TNHH VĨNH HIỆP
1171,banra,1,18636364.00,2023-10-26 17:00:00,CÔNG TY TNHH MỘT THÀNH VIÊN HUY VŨ,CÔNG TY CỔ PHẦN FIDITOUR
1170,banra,1,9436364.00,2023-10-26 17:00:00,CÔNG TY TNHH MỘT THÀNH VIÊN HUY VŨ,XƯỞNG 340 QUÂN KHU 5
1169,banra,1,20727273.00,2023-10-26 17:00:00,CÔNG TY TNHH MỘT THÀNH VIÊN HUY VŨ,CÔNG TY CỔ PHẦN XÂY DỰNG DỊCH VỤ VÀ THƯƠNG MẠI 68
1168,banra,1,2953704.00,2023-10-26 17:00:00,CÔNG TY TNHH MỘT THÀNH VIÊN HUY VŨ,CÔNG TY TNHH THUẦN LÝ
1166,banra,1,354546.00,2023-10-26 17:00:00,CÔNG TY TNHH MỘT THÀNH VIÊN HUY VŨ,CÔNG TY CỔ PHẦN QUỐC TẾ ANH VĂN HỘI VIỆT MỸ
1165,banra,1,17927273.00,2023-10-26 17:00:00,CÔNG TY TNHH MỘT THÀNH VIÊN HUY VŨ,CÔNG TY CỔ PHẦN TƯ VẤN XÂY DỰNG GIAO THÔNG AN BÌNH
1164,banra,1,7500000.00,2023-10-26 17:00:00,CÔNG TY TNHH MỘT THÀNH VIÊN HUY VŨ,CÔNG TY TNHH MTV THƯƠNG MẠI THIÊN NGÂN KON TUM
1163,banra,1,2181818.00,2023-10-26 17:00:00,CÔNG TY TNHH MỘT THÀNH VIÊN HUY VŨ,CÔNG TY TNHH MTV ĐỒNG TÂN CHƯ SÊ
1162,banra,1,900000.00,2023-10-26 17:00:00,CÔNG TY TNHH MỘT THÀNH VIÊN HUY VŨ,XƯỞNG 340 QUÂN KHU 5
1161,banra,1,5181818.00,2023-10-26 17:00:00,CÔNG TY TNHH MỘT THÀNH VIÊN HUY VŨ,HỘ KINH DOANH : NGUYỄN THỊ THU SIM
1160,banra,1,500000.00,2023-10-26 17:00:00,CÔNG TY TNHH MỘT THÀNH VIÊN HUY VŨ,CÔNG TY TRÁCH NHIỆM HỮU HẠN THỦY ĐIỆN TÂY NGUYÊN
1159,banra,1,63636.00,2023-10-26 17:00:00,CÔNG TY TNHH MỘT THÀNH VIÊN HUY VŨ,CÔNG TY TRÁCH NHIỆM HỮU HẠN THỦY ĐIỆN TÂY NGUYÊN
1158,banra,1,1090909.00,2023-10-25 17:00:00,CÔNG TY TNHH MỘT THÀNH VIÊN HUY VŨ,CỤC QUẢN LÝ THỊ TRƯỜNG TỈNH GIA LAI
1157,banra,1,1227273.00,2023-10-25 17:00:00,CÔNG TY TNHH MỘT THÀNH VIÊN HUY VŨ,CHI NHÁNH CÔNG TY TNHH OLAM TẠI TỈNH GIA LAI
1156,banra,1,1045455.00,2023-10-25 17:00:00,CÔNG TY TNHH MỘT THÀNH VIÊN HUY VŨ,CÔNG TY CỔ PHẦN TRƯỜNG PHỔ THÔNG NGUYỄN VĂN LINH GIA LAI
1155,banra,1,17609091.00,2023-10-25 17:00:00,CÔNG TY TNHH MỘT THÀNH VIÊN HUY VŨ,CÔNG TY CỔ PHẦN TƯ VẤN XÂY DỰNG GIAO THÔNG AN BÌNH
1154,banra,1,1136364.00,2023-10-25 17:00:00,CÔNG TY TNHH MỘT THÀNH VIÊN HUY VŨ,CÔNG TY TNHH MỘT THÀNH VIÊN XÂY DỰNG PHONG HẢI GIA LAI
1153,banra,1,1545455.00,2023-10-24 17:00:00,CÔNG TY TNHH MỘT THÀNH VIÊN HUY VŨ,Đảng ủy phường Chi Lăng
1152,banra,1,409091.00,2023-10-24 17:00:00,CÔNG TY TNHH MỘT THÀNH VIÊN HUY VŨ,TRƯỜNG TRUNG HỌC CƠ SỞ ANH HÙNG WỪU
15905,muavao,1,1155701.00,2023-01-31 17:00:00,Ngân hàng TMCP Sài Gòn Thương Tín - Chi nhánh Gia Lai,CONG TY TNHH MTV HUY VU
1151,banra,1,4563636.00,2023-10-24 17:00:00,CÔNG TY TNHH MỘT THÀNH VIÊN HUY VŨ,CHI NHÁNH CÔNG TY CỔ PHẦN TƯ VẤN SÔNG ĐÀ - TRUNG TÂM THÍ NGHIỆM XÂY DỰNG SÔNG ĐÀ
1150,banra,1,863636.00,2023-10-24 17:00:00,CÔNG TY TNHH MỘT THÀNH VIÊN HUY VŨ,CÔNG TY TNHH XÂY DỰNG CÔNG NÔNG NGHIỆP THADICO
1149,banra,1,954545.00,2023-10-24 17:00:00,CÔNG TY TNHH MỘT THÀNH VIÊN HUY VŨ,CÔNG TY TNHH XÂY DỰNG CÔNG NÔNG NGHIỆP THADICO
1148,banra,1,4045455.00,2023-10-24 17:00:00,CÔNG TY TNHH MỘT THÀNH VIÊN HUY VŨ,CÔNG TY TRUYỀN TẢI ĐIỆN 3
1147,banra,1,2245455.00,2023-10-24 17:00:00,CÔNG TY TNHH MỘT THÀNH VIÊN HUY VŨ,UBND PHƯỜNG HỘI THƯƠNG
1146,banra,1,9900000.00,2023-10-24 17:00:00,CÔNG TY TNHH MỘT THÀNH VIÊN HUY VŨ,CÔNG TY CỔ PHẦN THUỶ ĐIỆN ĐĂK ĐOA
1145,banra,1,3350000.00,2023-10-24 17:00:00,CÔNG TY TNHH MỘT THÀNH VIÊN HUY VŨ,CÔNG TY CỔ PHẦN TƯ VẤN XÂY DỰNG GIAO THÔNG AN BÌNH
1144,banra,1,3818182.00,2023-10-23 17:00:00,CÔNG TY TNHH MỘT THÀNH VIÊN HUY VŨ,TRƯỜNG THCS NGUYỄN BỈNH KHIÊM
1143,banra,1,936364.00,2023-10-22 17:00:00,CÔNG TY TNHH MỘT THÀNH VIÊN HUY VŨ,CÔNG TY TNHH MỘT THÀNH VIÊN T.K TECHNOLOGY GIA LAI
1142,banra,1,1363636.00,2023-10-22 17:00:00,CÔNG TY TNHH MỘT THÀNH VIÊN HUY VŨ,LÀNG TRẺ EM SOS PLEIKU
1141,banra,1,15163636.00,2023-10-22 17:00:00,CÔNG TY TNHH MỘT THÀNH VIÊN HUY VŨ,LÀNG TRẺ EM SOS PLEIKU
1140,banra,1,20428182.00,2023-10-22 17:00:00,CÔNG TY TNHH MỘT THÀNH VIÊN HUY VŨ,CÔNG TY THUỶ ĐIỆN IA LY (CHI NHÁNH THUỘC TẬP ĐOÀN ĐIỆN LỰC VIỆT NAM)
1139,banra,1,2727273.00,2023-10-22 17:00:00,CÔNG TY TNHH MỘT THÀNH VIÊN HUY VŨ,TRƯỜNG THCS CHU VĂN AN
1138,banra,1,2704545.00,2023-10-21 17:00:00,CÔNG TY TNHH MỘT THÀNH VIÊN HUY VŨ,CÔNG TY TNHH ĐIỆN TỬ TIN HỌC KIM PHÁT
1137,banra,1,790909.00,2023-10-21 17:00:00,CÔNG TY TNHH MỘT THÀNH VIÊN HUY VŨ,CÔNG TY TNHH MỘT THÀNH VIÊN T.K TECHNOLOGY GIA LAI
1104,banra,1,418182.00,2023-10-16 17:00:00,CÔNG TY TNHH MỘT THÀNH VIÊN HUY VŨ,CÔNG TY BẢO VIỆT GIA LAI
1136,banra,1,11536364.00,2023-10-21 17:00:00,CÔNG TY TNHH MỘT THÀNH VIÊN HUY VŨ,CÔNG TY CỔ PHẦN TƯ VẤN ĐẦU TƯ VÀ XÂY DỰNG ANH KIỆT
1135,banra,1,800000.00,2023-10-20 17:00:00,CÔNG TY TNHH MỘT THÀNH VIÊN HUY VŨ,CỤM 2287 - BTM - QUÂN KHU 5
1134,banra,1,500000.00,2023-10-20 17:00:00,CÔNG TY TNHH MỘT THÀNH VIÊN HUY VŨ,CÔNG TY TNHH MỘT THÀNH VIÊN HẬU CẦN 28 SANG AN GIA LAI
1133,banra,1,2181818.00,2023-10-20 17:00:00,CÔNG TY TNHH MỘT THÀNH VIÊN HUY VŨ,CÔNG TY CỔ PHẦN NICOTEX GIA LAI
1132,banra,1,500000.00,2023-10-20 17:00:00,CÔNG TY TNHH MỘT THÀNH VIÊN HUY VŨ,BAN QUẢN LÝ RỪNG PHÒNG HỘ IA MEUR
1131,banra,1,833333.00,2023-10-20 17:00:00,CÔNG TY TNHH MỘT THÀNH VIÊN HUY VŨ,CÔNG TY TNHH NÉT VIỆT
1130,banra,1,13454545.00,2023-10-20 17:00:00,CÔNG TY TNHH MỘT THÀNH VIÊN HUY VŨ,LIÊN ĐOÀN LAO ĐỘNG TỈNH GIA LAI
1129,banra,1,1090909.00,2023-10-20 17:00:00,CÔNG TY TNHH MỘT THÀNH VIÊN HUY VŨ,CÔNG TY TRUYỀN TẢI ĐIỆN 3
1128,banra,1,17800000.00,2023-10-19 17:00:00,CÔNG TY TNHH MỘT THÀNH VIÊN HUY VŨ,CÔNG TY CỔ PHẦN TRƯỜNG SƠN 145
1127,banra,1,1318182.00,2023-10-19 17:00:00,CÔNG TY TNHH MỘT THÀNH VIÊN HUY VŨ,NGÂN HÀNG NÔNG NGHIỆP VÀ PHÁT TRIỂN NÔNG THÔN VIỆT NAM - CHI NHÁNH TỈNH GIA LAI
1126,banra,1,136364.00,2023-10-19 17:00:00,CÔNG TY TNHH MỘT THÀNH VIÊN HUY VŨ,CÔNG TY TNHH PHÁT TRIỂN GIÁO DỤC THẮNG AN
1125,banra,1,1245455.00,2023-10-18 17:00:00,CÔNG TY TNHH MỘT THÀNH VIÊN HUY VŨ,KHO  K897 / CỤC QUÂN KHÍ / TCKT
1124,banra,1,472727.00,2023-10-18 17:00:00,CÔNG TY TNHH MỘT THÀNH VIÊN HUY VŨ,TRUNG TÂM KỸ THUẬT TIÊU CHUẨN ĐO LƯỜNG CHẤT LƯỢNG
1123,banra,1,409091.00,2023-10-18 17:00:00,CÔNG TY TNHH MỘT THÀNH VIÊN HUY VŨ,CÔNG TY CỔ PHẦN CHANH LEO NAFOODS
1122,banra,1,14027273.00,2023-10-18 17:00:00,CÔNG TY TNHH MỘT THÀNH VIÊN HUY VŨ,CÔNG TY TNHH MỘT THÀNH VIÊN CÀ PHÊ  IA CHÂM
1121,banra,1,2354545.00,2023-10-18 17:00:00,CÔNG TY TNHH MỘT THÀNH VIÊN HUY VŨ,CÔNG TY TNHH VINA CONSU
1120,banra,1,3272727.00,2023-10-18 17:00:00,CÔNG TY TNHH MỘT THÀNH VIÊN HUY VŨ,CÔNG TY TRÁCH NHIỆM HỮU HẠN THƯƠNG MẠI DỊCH VỤ KỸ THUẬT VI TÍNH THUẬN PHÁT GIA LAI
1119,banra,1,3590909.00,2023-10-18 17:00:00,CÔNG TY TNHH MỘT THÀNH VIÊN HUY VŨ,CÔNG TY TRÁCH NHIỆM HỮU HẠN DƯỢC PHẨM PHÚ VINH GIA LAI
1118,banra,1,6945455.00,2023-10-18 17:00:00,CÔNG TY TNHH MỘT THÀNH VIÊN HUY VŨ,TRUNG TÂM DỊCH VỤ TIN HỌC NGUYÊN HẬU
1117,banra,1,209091.00,2023-10-17 17:00:00,CÔNG TY TNHH MỘT THÀNH VIÊN HUY VŨ,CÔNG TY CỔ PHẦN BỆNH VIỆN ĐẠI HỌC Y DƯỢC - HOÀNG ANH GIA LAI
1116,banra,1,972222.00,2023-10-17 17:00:00,CÔNG TY TNHH MỘT THÀNH VIÊN HUY VŨ,CÔNG TY CP NAFOODS GROUP
1115,banra,1,254545.00,2023-10-17 17:00:00,CÔNG TY TNHH MỘT THÀNH VIÊN HUY VŨ,CÔNG TY CP NAFOODS GROUP
1114,banra,1,500000.00,2023-10-17 17:00:00,CÔNG TY TNHH MỘT THÀNH VIÊN HUY VŨ,CÔNG TY CỔ PHẦN ĐẦU TƯ VÀ XÂY DỰNG TRƯỜNG THỊNH
1113,banra,1,7636364.00,2023-10-17 17:00:00,CÔNG TY TNHH MỘT THÀNH VIÊN HUY VŨ,BAN QUẢN LÝ RỪNG PHÒNG HỘ IA MEUR
1112,banra,1,1750000.00,2023-10-17 17:00:00,CÔNG TY TNHH MỘT THÀNH VIÊN HUY VŨ,CÔNG TY TNHH QUICORNAC
1111,banra,1,1700000.00,2023-10-17 17:00:00,CÔNG TY TNHH MỘT THÀNH VIÊN HUY VŨ,TRƯỜNG TIỂU HỌC TRẦN QUÝ CÁP
1110,banra,1,10945455.00,2023-10-17 17:00:00,CÔNG TY TNHH MỘT THÀNH VIÊN HUY VŨ,CÔNG TY CỔ PHẦN PHÚ BÌNH GIA LAI
1109,banra,1,3390909.00,2023-10-16 17:00:00,CÔNG TY TNHH MỘT THÀNH VIÊN HUY VŨ,MÁY VĂN PHÒNG PHƯƠNG NAM
1108,banra,1,1000000.00,2023-10-16 17:00:00,CÔNG TY TNHH MỘT THÀNH VIÊN HUY VŨ,BAN CHỈ HUY QUÂN SỰ HUYỆN MANG YANG
1107,banra,1,63118183.00,2023-10-16 17:00:00,CÔNG TY TNHH MỘT THÀNH VIÊN HUY VŨ,BAN CHỈ HUY QUÂN SỰ HUYỆN MANG YANG
1106,banra,1,345455.00,2023-10-16 17:00:00,CÔNG TY TNHH MỘT THÀNH VIÊN HUY VŨ,CÔNG TY TNHH THANH LONG TÂY NGUYÊN
1105,banra,1,8090909.00,2023-10-16 17:00:00,CÔNG TY TNHH MỘT THÀNH VIÊN HUY VŨ,BỆNH VIỆN QUÂN Y 15
1103,banra,1,13800000.00,2023-10-16 17:00:00,CÔNG TY TNHH MỘT THÀNH VIÊN HUY VŨ,CÔNG TY TNHH MỘT THÀNH VIÊN ĐỊA CHÍNH MƯỜI THÁNG BA
1102,banra,1,3600000.00,2023-10-16 17:00:00,CÔNG TY TNHH MỘT THÀNH VIÊN HUY VŨ,PHÒNG PA03 CÔNG AN TỈNH GIA LAI
1101,banra,1,2027273.00,2023-10-15 17:00:00,CÔNG TY TNHH MỘT THÀNH VIÊN HUY VŨ,CÔNG TY CỔ PHẦN QUANG MINH PHÁT - GIA LAI
1100,banra,1,12490909.00,2023-10-15 17:00:00,CÔNG TY TNHH MỘT THÀNH VIÊN HUY VŨ,CÔNG TY TRÁCH NHIỆM HỮU HẠN THỦY ĐIỆN TÂY NGUYÊN
1099,banra,1,954546.00,2023-10-15 17:00:00,CÔNG TY TNHH MỘT THÀNH VIÊN HUY VŨ,XƯỞNG 340 QUÂN KHU 5
1098,banra,1,12490909.00,2023-10-15 17:00:00,CÔNG TY TNHH MỘT THÀNH VIÊN HUY VŨ,CÔNG TY CỔ PHẦN THỦY ĐIỆN HOÀNG ANH TÔNA
1097,banra,1,19045455.00,2023-10-15 17:00:00,CÔNG TY TNHH MỘT THÀNH VIÊN HUY VŨ,CÔNG TY TRUYỀN TẢI ĐIỆN 3
1096,banra,1,763636.00,2023-10-15 17:00:00,CÔNG TY TNHH MỘT THÀNH VIÊN HUY VŨ,Phòng Doanh trại - Cục Hậu cần - Quân đoàn 3
1095,banra,1,3136364.00,2023-10-14 17:00:00,CÔNG TY TNHH MỘT THÀNH VIÊN HUY VŨ,HỘI LHPN HUYỆN IA GRAI
1094,banra,1,1363636.00,2023-10-14 17:00:00,CÔNG TY TNHH MỘT THÀNH VIÊN HUY VŨ,BAN QUẢN LÝ RỪNG PHÒNG HỘ HÀ RA
1093,banra,1,2000000.00,2023-10-13 17:00:00,CÔNG TY TNHH MỘT THÀNH VIÊN HUY VŨ,CÔNG TY CỔ PHẦN HOÀNG ANH GIA LAI
1092,banra,1,327273.00,2023-10-12 17:00:00,CÔNG TY TNHH MỘT THÀNH VIÊN HUY VŨ,HỘ KINH DOANH TRUNG TÂM GIA NINH
1091,banra,1,24950000.00,2023-10-11 17:00:00,CÔNG TY TNHH MỘT THÀNH VIÊN HUY VŨ,CÔNG TY PHÁT TRIỂN THỦY ĐIỆN SÊ SAN - CHI NHÁNH TẬP ĐOÀN ĐIỆN LỰC VIỆT NAM
1090,banra,1,445455.00,2023-10-11 17:00:00,CÔNG TY TNHH MỘT THÀNH VIÊN HUY VŨ,CÔNG TY TNHH THƯƠNG MẠI NGỌC HOA
1089,banra,1,1045455.00,2023-10-11 17:00:00,CÔNG TY TNHH MỘT THÀNH VIÊN HUY VŨ,CHI NHÁNH CÔNG TY CỔ PHẦN HÒA VIỆT TẠI GIA LAI
1088,banra,1,53181818.00,2023-10-11 17:00:00,CÔNG TY TNHH MỘT THÀNH VIÊN HUY VŨ,BỆNH VIỆN QUÂN Y 15
1087,banra,1,2363636.00,2023-10-11 17:00:00,CÔNG TY TNHH MỘT THÀNH VIÊN HUY VŨ,BAN QUẢN LÝ RỪNG PHÒNG HỘ HÀ RA
1086,banra,1,718181.00,2023-10-11 17:00:00,CÔNG TY TNHH MỘT THÀNH VIÊN HUY VŨ,CÔNG TY TNHH GOLDWIND INTERNATIONAL VIỆT NAM
1085,banra,1,10909091.00,2023-10-10 17:00:00,CÔNG TY TNHH MỘT THÀNH VIÊN HUY VŨ,CÔNG TY TNHH MỘT THÀNH VIÊN TỔNG CÔNG TY 15 - CHI NHÁNH CÔNG TY 75
1084,banra,1,972222.00,2023-10-10 17:00:00,CÔNG TY TNHH MỘT THÀNH VIÊN HUY VŨ,CHI NHÁNH CÔNG TY CỔ PHẦN HÒA VIỆT TẠI GIA LAI
1083,banra,1,16445455.00,2023-10-10 17:00:00,CÔNG TY TNHH MỘT THÀNH VIÊN HUY VŨ,CHI NHÁNH CÔNG TY CỔ PHẦN HÒA VIỆT TẠI GIA LAI
1082,banra,1,318182.00,2023-10-09 17:00:00,CÔNG TY TNHH MỘT THÀNH VIÊN HUY VŨ,VNPT GIA LAI
1081,banra,1,1454545.00,2023-10-09 17:00:00,CÔNG TY TNHH MỘT THÀNH VIÊN HUY VŨ,CÔNG TY TRÁCH NHIỆM HỮU HẠN MỘT THÀNH VIÊN XĂNG DẦU BẮC TÂY NGUYÊN
1080,banra,1,3000000.00,2023-10-09 17:00:00,CÔNG TY TNHH MỘT THÀNH VIÊN HUY VŨ,CÔNG TY CỔ PHẦN TƯ VẤN XÂY DỰNG GIAO THÔNG AN BÌNH
1079,banra,1,78272727.00,2023-10-09 17:00:00,CÔNG TY TNHH MỘT THÀNH VIÊN HUY VŨ,CÔNG TY CỔ PHẦN FIDITOUR
1078,banra,1,1236364.00,2023-10-09 17:00:00,CÔNG TY TNHH MỘT THÀNH VIÊN HUY VŨ,HIỆP HỘI DOANH NGHIỆP TỈNH GIA LAI
1077,banra,1,1136364.00,2023-10-09 17:00:00,CÔNG TY TNHH MỘT THÀNH VIÊN HUY VŨ,TRƯỜNG TIỂU HỌC TRẦN QUỐC TOẢN
1076,banra,1,909091.00,2023-10-08 17:00:00,CÔNG TY TNHH MỘT THÀNH VIÊN HUY VŨ,Ban chỉ huy quân sự huyện Ia Grai
1075,banra,1,16545455.00,2023-10-08 17:00:00,CÔNG TY TNHH MỘT THÀNH VIÊN HUY VŨ,XÍ NGHIỆP KHẢO SÁT THIẾT KẾ - CHI NHÁNH TỔNG CÔNG TY 15
1074,banra,1,8954545.00,2023-10-08 17:00:00,CÔNG TY TNHH MỘT THÀNH VIÊN HUY VŨ,MÁY VĂN PHÒNG PHƯƠNG NAM
1073,banra,1,25454545.00,2023-10-08 17:00:00,CÔNG TY TNHH MỘT THÀNH VIÊN HUY VŨ,PHÒNG TÀI NGUYÊN VÀ MÔI TRƯỜNG HUYỆN CHƯ PRÔNG
1072,banra,1,863636.00,2023-10-08 17:00:00,CÔNG TY TNHH MỘT THÀNH VIÊN HUY VŨ,CÔNG TY CỔ PHẦN TRƯỜNG PHỔ THÔNG NGUYỄN VĂN LINH GIA LAI
1071,banra,1,4805556.00,2023-10-08 17:00:00,CÔNG TY TNHH MỘT THÀNH VIÊN HUY VŨ,CÔNG TY CỔ PHẦN KINH DOANH KHÍ MIỀN NAM - CHI NHÁNH NAM TRUNG BỘ
1070,banra,1,1318182.00,2023-10-08 17:00:00,CÔNG TY TNHH MỘT THÀNH VIÊN HUY VŨ,CÔNG TY CỔ PHẦN NQM TÂY NGUYÊN
1069,banra,1,11072727.00,2023-10-08 17:00:00,CÔNG TY TNHH MỘT THÀNH VIÊN HUY VŨ,CÔNG TY TNHH MỘT THÀNH VIÊN ĐỨC DUNG CHƯ SÊ
1068,banra,1,1500000.00,2023-10-07 17:00:00,CÔNG TY TNHH MỘT THÀNH VIÊN HUY VŨ,CÔNG TY TNHH THIẾT BỊ VÀ DỊCH VỤ CÔNG NGHỆ NHÂN TRÍ
1067,banra,1,2636364.00,2023-10-07 17:00:00,CÔNG TY TNHH MỘT THÀNH VIÊN HUY VŨ,CÔNG TY TNHH TEKKO VINA
1066,banra,1,17981818.00,2023-10-07 17:00:00,CÔNG TY TNHH MỘT THÀNH VIÊN HUY VŨ,XÍ NGHIỆP KHẢO SÁT THIẾT KẾ - CHI NHÁNH TỔNG CÔNG TY 15
1064,banra,1,2636364.00,2023-10-06 17:00:00,CÔNG TY TNHH MỘT THÀNH VIÊN HUY VŨ,CÔNG TY TNHH TƯ VẤN THIẾT KẾ VÀ XÂY DỰNG PHƯƠNG TIẾN PHÁT GIA LAI
1063,banra,1,8454545.00,2023-10-06 17:00:00,CÔNG TY TNHH MỘT THÀNH VIÊN HUY VŨ,CÔNG TY TRUYỀN TẢI ĐIỆN 3
1062,banra,1,8636364.00,2023-10-06 17:00:00,CÔNG TY TNHH MỘT THÀNH VIÊN HUY VŨ,CHI NHÁNH 716 THUỘC TỔNG CÔNG TY 15
1061,banra,1,45545455.00,2023-10-05 17:00:00,CÔNG TY TNHH MỘT THÀNH VIÊN HUY VŨ,CÔNG TY TNHH ĐIỆN TỬ TIN HỌC KIM PHÁT
1060,banra,1,2363636.00,2023-10-05 17:00:00,CÔNG TY TNHH MỘT THÀNH VIÊN HUY VŨ,CÔNG TY TNHH TEKKO VINA
1059,banra,1,4990909.00,2023-10-05 17:00:00,CÔNG TY TNHH MỘT THÀNH VIÊN HUY VŨ,"Phòng Dân quân tự vệ , Sở chỉ huy tiền phương quân khu 5"
1058,banra,1,3818182.00,2023-10-04 17:00:00,CÔNG TY TNHH MỘT THÀNH VIÊN HUY VŨ,CÔNG TY TNHH MỘT THÀNH VIÊN HỢP TÁC KINH TẾ 385
1057,banra,1,3227273.00,2023-10-04 17:00:00,CÔNG TY TNHH MỘT THÀNH VIÊN HUY VŨ,CÔNG TY TRÁCH NHIỆM HỮU HẠN MỘT THÀNH VIÊN XĂNG DẦU BẮC TÂY NGUYÊN
15904,muavao,1,540940.00,2023-01-31 17:00:00,Ngân hàng TMCP Sài Gòn Thương Tín - Chi nhánh Gia Lai,CONG TY TNHH MTV HUY VU
1056,banra,1,263636.00,2023-10-04 17:00:00,CÔNG TY TNHH MỘT THÀNH VIÊN HUY VŨ,CÔNG TY TRÁCH NHIỆM HỮU HẠN MỘT THÀNH VIÊN ĐẦU TƯ XÂY DỰNG ĐIỆN PHAN VŨ
497962,muavao,1,9090909.00,2023-12-21 17:00:00,CÔNG TY CỔ PHẦN THẾ GIỚI SỐ,Công Ty TNHH MTV Huy Vũ
1055,banra,1,454545.00,2023-10-04 17:00:00,CÔNG TY TNHH MỘT THÀNH VIÊN HUY VŨ,CÔNG TY CỔ PHẦN BỆNH VIỆN ĐẠI HỌC Y DƯỢC - HOÀNG ANH GIA LAI
1054,banra,1,1681818.00,2023-10-03 17:00:00,CÔNG TY TNHH MỘT THÀNH VIÊN HUY VŨ,CÔNG TY CỔ PHẦN LAM SƠN
1053,banra,1,14054546.00,2023-10-03 17:00:00,CÔNG TY TNHH MỘT THÀNH VIÊN HUY VŨ,CÔNG TY TNHH ĐIỆN TỬ TIN HỌC KIM PHÁT
1052,banra,1,15181818.00,2023-10-02 17:00:00,CÔNG TY TNHH MỘT THÀNH VIÊN HUY VŨ,CÔNG TY TNHH MỘT THÀNH VIÊN TOÀN TRUNG - CHI NHÁNH QUY NHƠN
1051,banra,1,490909.00,2023-10-02 17:00:00,CÔNG TY TNHH MỘT THÀNH VIÊN HUY VŨ,CHI NHÁNH CÔNG TY TRÁCH NHIỆM HỮU HẠN ĐỨC DUNG - IAGRAI
1050,banra,1,1354545.00,2023-10-02 17:00:00,CÔNG TY TNHH MỘT THÀNH VIÊN HUY VŨ,CÔNG TY CỔ PHẦN BỆNH VIỆN ĐẠI HỌC Y DƯỢC - HOÀNG ANH GIA LAI
1049,banra,1,872727.00,2023-10-02 17:00:00,CÔNG TY TNHH MỘT THÀNH VIÊN HUY VŨ,CHI NHÁNH GIA LAI - CÔNG TY CỔ PHẦN THỰC PHẨM XUẤT KHẨU ĐỒNG GIAO
1048,banra,1,290000.00,2023-10-02 17:00:00,CÔNG TY TNHH MỘT THÀNH VIÊN HUY VŨ,CÔNG TY TNHH MỘT THÀNH VIÊN T.K TECHNOLOGY GIA LAI
1047,banra,1,1227273.00,2023-10-02 17:00:00,CÔNG TY TNHH MỘT THÀNH VIÊN HUY VŨ,TRƯỜNG TIỂU HỌC VÕ THỊ SÁU
1046,banra,1,8218182.00,2023-10-02 17:00:00,CÔNG TY TNHH MỘT THÀNH VIÊN HUY VŨ,CÔNG TY TNHH NÔNG NGHIỆP HOÀNG MINH
1045,banra,1,3190909.00,2023-10-01 17:00:00,CÔNG TY TNHH MỘT THÀNH VIÊN HUY VŨ,CÔNG TY TNHH MỘT THÀNH VIÊN GAS HẢI LƯU GIA LAI
1044,banra,1,4309091.00,2023-10-01 17:00:00,CÔNG TY TNHH MỘT THÀNH VIÊN HUY VŨ,CÔNG TY CỔ PHẦN TƯ VẤN XÂY DỰNG GIAO THÔNG AN BÌNH
1043,banra,1,7336364.00,2023-10-01 17:00:00,CÔNG TY TNHH MỘT THÀNH VIÊN HUY VŨ,CÔNG TY CỔ PHẦN THỦY ĐIỆN ĐỨC NHÂN - ĐĂKPSI
1042,banra,1,2172727.00,2023-10-01 17:00:00,CÔNG TY TNHH MỘT THÀNH VIÊN HUY VŨ,CÔNG TY TNHH MỘT THÀNH VIÊN MẠNH THẮNG GLC
1041,banra,1,14363636.00,2023-10-01 17:00:00,CÔNG TY TNHH MỘT THÀNH VIÊN HUY VŨ,CÔNG TY TRÁCH NHIỆM HỮU HẠN MỘT THÀNH VIÊN XĂNG DẦU BẮC TÂY NGUYÊN
1040,banra,1,1363636.00,2023-09-30 17:00:00,CÔNG TY TNHH MỘT THÀNH VIÊN HUY VŨ,VPP PHÚ QUÝ
1039,banra,1,1363636.00,2023-09-30 17:00:00,CÔNG TY TNHH MỘT THÀNH VIÊN HUY VŨ,TRẠI GIAM GIA TRUNG
1361,banra,1,209091.00,2023-11-29 17:00:00,CÔNG TY TNHH MỘT THÀNH VIÊN HUY VŨ,CÔNG TY CỔ PHẦN BỆNH VIỆN ĐẠI HỌC Y DƯỢC - HOÀNG ANH GIA LAI
1360,banra,1,1045455.00,2023-11-29 17:00:00,CÔNG TY TNHH MỘT THÀNH VIÊN HUY VŨ,TRUNG TÂM THIẾT BỊ MÁY VĂN PHÒNG TÂN MINH
1359,banra,1,5563636.00,2023-11-28 17:00:00,CÔNG TY TNHH MỘT THÀNH VIÊN HUY VŨ,CÔNG TY TNHH NAMVIN
1358,banra,1,2453704.00,2023-11-28 17:00:00,CÔNG TY TNHH MỘT THÀNH VIÊN HUY VŨ,CÔNG TY TNHH NGUYỄN QUANG
1357,banra,1,218182.00,2023-11-28 17:00:00,CÔNG TY TNHH MỘT THÀNH VIÊN HUY VŨ,CÔNG TY CỔ PHẦN CẤP NƯỚC SÀI GÒN - PLEIKU
1356,banra,1,4545455.00,2023-11-28 17:00:00,CÔNG TY TNHH MỘT THÀNH VIÊN HUY VŨ,ĐỒN BIÊN PHÒNG CỬA KHẨU LỆ THANH
1355,banra,1,15227273.00,2023-11-27 17:00:00,CÔNG TY TNHH MỘT THÀNH VIÊN HUY VŨ,CÔNG TY TNHH ĐIỆN TỬ TIN HỌC KIM PHÁT
1354,banra,1,8536364.00,2023-11-27 17:00:00,CÔNG TY TNHH MỘT THÀNH VIÊN HUY VŨ,CÔNG TY TNHH MỘT THÀNH VIÊN NHƯ HÀ - GIA LAI
1353,banra,1,247272727.00,2023-11-27 17:00:00,CÔNG TY TNHH MỘT THÀNH VIÊN HUY VŨ,CÔNG TY TNHH ĐIỆN TỬ TIN HỌC KIM PHÁT
1352,banra,1,4190000.00,2023-11-27 17:00:00,CÔNG TY TNHH MỘT THÀNH VIÊN HUY VŨ,CÔNG TY TNHH MỘT THÀNH VIÊN NHƯ HÀ - GIA LAI
1351,banra,1,1354545.00,2023-11-26 17:00:00,CÔNG TY TNHH MỘT THÀNH VIÊN HUY VŨ,ĐÀI PHÁT THANH -TRUYỀN HÌNH GIA LAI
1350,banra,1,3590909.00,2023-11-26 17:00:00,CÔNG TY TNHH MỘT THÀNH VIÊN HUY VŨ,CÔNG TY CỔ PHẦN TRƯỜNG PHỔ THÔNG NGUYỄN VĂN LINH GIA LAI
1349,banra,1,15172727.00,2023-11-26 17:00:00,CÔNG TY TNHH MỘT THÀNH VIÊN HUY VŨ,CỤC QUẢN LÝ THỊ TRƯỜNG TỈNH GIA LAI
1348,banra,1,436364.00,2023-11-26 17:00:00,CÔNG TY TNHH MỘT THÀNH VIÊN HUY VŨ,TRUNG TÂM KINH DOANH VNPT - GIA LAI CHI NHÁNH TỔNG CÔNG TY DỊCH VỤ VIỄN THÔNG
1347,banra,1,2563636.00,2023-11-26 17:00:00,CÔNG TY TNHH MỘT THÀNH VIÊN HUY VŨ,QUỸ TÍN DỤNG NHÂN DÂN THỊ TRẤN  IAKHA
1346,banra,1,2636364.00,2023-11-26 17:00:00,CÔNG TY TNHH MỘT THÀNH VIÊN HUY VŨ,"HỘI TRUYỀN THỐNG TRƯỜNG SƠN - ĐƯỜNG HỒ CHÍ MINH THÀNH PHỐ PLEIKU, TỈNH GIA LAI"
1345,banra,1,11363636.00,2023-11-26 17:00:00,CÔNG TY TNHH MỘT THÀNH VIÊN HUY VŨ,CÔNG TY THUỶ ĐIỆN IA LY (CHI NHÁNH THUỘC TẬP ĐOÀN ĐIỆN LỰC VIỆT NAM)
1344,banra,1,15272727.00,2023-11-25 17:00:00,CÔNG TY TNHH MỘT THÀNH VIÊN HUY VŨ,CÔNG TY TRÁCH NHIỆM HỮU HẠN MỘT THÀNH VIÊN XĂNG DẦU BẮC TÂY NGUYÊN
1343,banra,1,7336364.00,2023-11-25 17:00:00,CÔNG TY TNHH MỘT THÀNH VIÊN HUY VŨ,HỘ KINH DOANH PHAN VĂN MINH
1342,banra,1,800000.00,2023-11-24 17:00:00,CÔNG TY TNHH MỘT THÀNH VIÊN HUY VŨ,CÔNG TY CỔ PHẦN ĐẦU TƯ VÀ XÂY DỰNG TRƯỜNG THỊNH
1341,banra,1,25540909.00,2023-11-23 17:00:00,CÔNG TY TNHH MỘT THÀNH VIÊN HUY VŨ,CÔNG TY THUỶ ĐIỆN IA LY (CHI NHÁNH THUỘC TẬP ĐOÀN ĐIỆN LỰC VIỆT NAM)
1340,banra,1,136364.00,2023-11-23 17:00:00,CÔNG TY TNHH MỘT THÀNH VIÊN HUY VŨ,TRUNG TÂM HỖ TRỢ SÁNG KIẾN PHÁT TRIỂN CỘNG ĐỒNG
1339,banra,1,5036364.00,2023-11-23 17:00:00,CÔNG TY TNHH MỘT THÀNH VIÊN HUY VŨ,CÔNG TY TNHH MỘT THÀNH VIÊN TM DV XNK PHẠM GIA KHANG
1338,banra,1,590909.00,2023-11-23 17:00:00,CÔNG TY TNHH MỘT THÀNH VIÊN HUY VŨ,CHI NHÁNH CÔNG TY TNHH CAO PHONG TẠI GIA LAI - SIÊU THỊ ĐIỆN MÁY NỘI THẤT CHỢ LỚN
1337,banra,1,17818182.00,2023-11-23 17:00:00,CÔNG TY TNHH MỘT THÀNH VIÊN HUY VŨ,QUỸ TÍN DỤNG NHÂN DÂN THỊ TRẤN  IAKHA
1336,banra,1,24269091.00,2023-11-22 17:00:00,CÔNG TY TNHH MỘT THÀNH VIÊN HUY VŨ,CÔNG TY TNHH MỘT THÀNH VIÊN TỔNG CÔNG TY 15 - CHI NHÁNH 710
1335,banra,1,5036364.00,2023-11-22 17:00:00,CÔNG TY TNHH MỘT THÀNH VIÊN HUY VŨ,CÔNG TY TNHH MỘT THÀNH VIÊN TM DV XNK PHẠM GIA KHANG
1334,banra,1,12727273.00,2023-11-22 17:00:00,CÔNG TY TNHH MỘT THÀNH VIÊN HUY VŨ,TRƯỜNG MẪU GIÁO 20-10 HUYỆN IA GRAI
1333,banra,1,4545455.00,2023-11-22 17:00:00,CÔNG TY TNHH MỘT THÀNH VIÊN HUY VŨ,TRƯỜNG MẪU GIÁO 20-10 HUYỆN IA GRAI
1332,banra,1,10809091.00,2023-11-22 17:00:00,CÔNG TY TNHH MỘT THÀNH VIÊN HUY VŨ,MÁY VĂN PHÒNG PHƯƠNG NAM
1331,banra,1,6363637.00,2023-11-22 17:00:00,CÔNG TY TNHH MỘT THÀNH VIÊN HUY VŨ,CÔNG TY TNHH TƯ VẤN THIẾT KẾ VÀ XÂY DỰNG QUỐC KHÁNH
1330,banra,1,10909091.00,2023-11-22 17:00:00,CÔNG TY TNHH MỘT THÀNH VIÊN HUY VŨ,TRƯỜNG TRUNG HỌC CƠ SỞ ANH HÙNG WỪU
1329,banra,1,318182.00,2023-11-22 17:00:00,CÔNG TY TNHH MỘT THÀNH VIÊN HUY VŨ,CÔNG TY CỔ PHẦN THUỶ ĐIỆN ĐĂK ĐOA
1328,banra,1,15081818.00,2023-11-22 17:00:00,CÔNG TY TNHH MỘT THÀNH VIÊN HUY VŨ,CÔNG TY TNHH TÂN GIA BĂNG
1327,banra,1,35454545.00,2023-11-22 17:00:00,CÔNG TY TNHH MỘT THÀNH VIÊN HUY VŨ,CÔNG TY TNHH MỘT THÀNH VIÊN PHAN QUANG
1326,banra,1,1009259.00,2023-11-22 17:00:00,CÔNG TY TNHH MỘT THÀNH VIÊN HUY VŨ,CÔNG TY TNHH MỘT THÀNH VIÊN ĐẠI LÝ BẢO HIỂM ĐỨC GIA THỊNH
1325,banra,1,181818.00,2023-11-21 17:00:00,CÔNG TY TNHH MỘT THÀNH VIÊN HUY VŨ,CÔNG TY CỔ PHẦN CÔNG NGHỆ TƯỚI KHANG THỊNH
1324,banra,1,2636364.00,2023-11-21 17:00:00,CÔNG TY TNHH MỘT THÀNH VIÊN HUY VŨ,BỆNH VIỆN Y DƯỢC CỔ TRUYỀN & PHCN  GIA LAI
1323,banra,1,6618182.00,2023-11-21 17:00:00,CÔNG TY TNHH MỘT THÀNH VIÊN HUY VŨ,BƯU ĐIỆN TỈNH GIA LAI
1322,banra,1,681818.00,2023-11-20 17:00:00,CÔNG TY TNHH MỘT THÀNH VIÊN HUY VŨ,CÔNG TY TNHH PC GIA LAI
1321,banra,1,1400000.00,2023-11-20 17:00:00,CÔNG TY TNHH MỘT THÀNH VIÊN HUY VŨ,TRƯỜNG TIỂU HỌC LÝ TỰ TRỌNG
1320,banra,1,2890909.00,2023-11-20 17:00:00,CÔNG TY TNHH MỘT THÀNH VIÊN HUY VŨ,CÔNG TY CỔ PHẦN BỆNH VIỆN ĐẠI HỌC Y DƯỢC - HOÀNG ANH GIA LAI
1319,banra,1,3590909.00,2023-11-20 17:00:00,CÔNG TY TNHH MỘT THÀNH VIÊN HUY VŨ,CÔNG TY TRÁCH NHIỆM HỮU HẠN MỘT THÀNH VIÊN XĂNG DẦU BẮC TÂY NGUYÊN
1318,banra,1,172727.00,2023-11-20 17:00:00,CÔNG TY TNHH MỘT THÀNH VIÊN HUY VŨ,CÔNG TY BẢO VIỆT GIA LAI
1317,banra,1,11900000.00,2023-11-20 17:00:00,CÔNG TY TNHH MỘT THÀNH VIÊN HUY VŨ,CÔNG TY TNHH ĐỨC PHÚ GIA SÀI GÒN
1316,banra,1,372728.00,2023-11-20 17:00:00,CÔNG TY TNHH MỘT THÀNH VIÊN HUY VŨ,CÔNG TY TNHH MTV TỔNG CÔNG TY 15
1315,banra,1,2790909.00,2023-11-19 17:00:00,CÔNG TY TNHH MỘT THÀNH VIÊN HUY VŨ,CÔNG TY CỔ PHẦN CẤP NƯỚC SÀI GÒN - PLEIKU
1314,banra,1,2354545.00,2023-11-19 17:00:00,CÔNG TY TNHH MỘT THÀNH VIÊN HUY VŨ,CÔNG TY CP XÂY DỰNG - ĐẦU TƯ NGUYÊN HẢI GIA LAI
1313,banra,1,33636364.00,2023-11-19 17:00:00,CÔNG TY TNHH MỘT THÀNH VIÊN HUY VŨ,CÔNG TY CỔ PHẦN BỆNH VIỆN ĐẠI HỌC Y DƯỢC - HOÀNG ANH GIA LAI
1312,banra,1,17500000.00,2023-11-19 17:00:00,CÔNG TY TNHH MỘT THÀNH VIÊN HUY VŨ,CÔNG TY TNHH VĨNH TÍN
1311,banra,1,27809091.00,2023-11-19 17:00:00,CÔNG TY TNHH MỘT THÀNH VIÊN HUY VŨ,CÔNG TY TNHH MỘT THÀNH VIÊN NHƯ HÀ - GIA LAI
1310,banra,1,15272727.00,2023-11-18 17:00:00,CÔNG TY TNHH MỘT THÀNH VIÊN HUY VŨ,CÔNG TY CỔ PHẦN TƯ VẤN XÂY DỰNG GIAO THÔNG AN BÌNH
1309,banra,1,1563636.00,2023-11-18 17:00:00,CÔNG TY TNHH MỘT THÀNH VIÊN HUY VŨ,CÔNG TY CỔ PHẦN TƯ VẤN XÂY DỰNG GIAO THÔNG AN BÌNH
1308,banra,1,2090909.00,2023-11-18 17:00:00,CÔNG TY TNHH MỘT THÀNH VIÊN HUY VŨ,HỘ KINH DOANH : NGUYỄN THỊ THU SIM
1307,banra,1,16554545.00,2023-11-17 17:00:00,CÔNG TY TNHH MỘT THÀNH VIÊN HUY VŨ,CÔNG TY CỔ PHẦN TƯ VẤN XÂY DỰNG GIAO THÔNG AN BÌNH
1306,banra,1,11609091.00,2023-11-17 17:00:00,CÔNG TY TNHH MỘT THÀNH VIÊN HUY VŨ,CÔNG TY CỔ PHẦN CÔNG NGHỆ TƯỚI KHANG THỊNH
1305,banra,1,336364.00,2023-11-17 17:00:00,CÔNG TY TNHH MỘT THÀNH VIÊN HUY VŨ,CÔNG TY CỔ PHẦN XÂY LẮP ĐIỆN 4 - MIỀN TRUNG
1304,banra,1,7127273.00,2023-11-17 17:00:00,CÔNG TY TNHH MỘT THÀNH VIÊN HUY VŨ,CÔNG TY CỔ PHẦN KINH DOANH VÀ PHÁT TRIỂN MIỀN NÚI GIA LAI
1303,banra,1,60109091.00,2023-11-17 17:00:00,CÔNG TY TNHH MỘT THÀNH VIÊN HUY VŨ,CHI NHÁNH CÔNG TY TNHH MỘT THÀNH VIÊN CAO SU CHƯ PRÔNG - TRUNG TÂM Y TẾ
15903,muavao,1,504175.00,2023-01-31 17:00:00,Ngân hàng TMCP Sài Gòn Thương Tín - Chi nhánh Gia Lai,CONG TY TNHH MTV HUY VU
1302,banra,1,16181818.00,2023-11-16 17:00:00,CÔNG TY TNHH MỘT THÀNH VIÊN HUY VŨ,XÍ NGHIỆP KHẢO SÁT THIẾT KẾ - CHI NHÁNH TỔNG CÔNG TY 15
1301,banra,1,16727273.00,2023-11-16 17:00:00,CÔNG TY TNHH MỘT THÀNH VIÊN HUY VŨ,CÔNG TY CỔ PHẦN TƯ VẤN XÂY DỰNG GIAO THÔNG AN BÌNH
1300,banra,1,2927273.00,2023-11-16 17:00:00,CÔNG TY TNHH MỘT THÀNH VIÊN HUY VŨ,CÔNG TY CỔ PHẦN TÍN THÀNH ĐẠT
1299,banra,1,3590909.00,2023-11-16 17:00:00,CÔNG TY TNHH MỘT THÀNH VIÊN HUY VŨ,DOANH NGHIỆP TƯ NHÂN THƯƠNG MẠI PHƯỚC LỢI
1298,banra,1,218182.00,2023-11-16 17:00:00,CÔNG TY TNHH MỘT THÀNH VIÊN HUY VŨ,CÔNG TY TNHH DỊCH VỤ BẢO VỆ AN NINH NHÂN VIỆT TC
1297,banra,1,15909091.00,2023-11-16 17:00:00,CÔNG TY TNHH MỘT THÀNH VIÊN HUY VŨ,CÔNG TY THUỶ ĐIỆN IA LY (CHI NHÁNH THUỘC TẬP ĐOÀN ĐIỆN LỰC VIỆT NAM)
1296,banra,1,350000.00,2023-11-15 17:00:00,CÔNG TY TNHH MỘT THÀNH VIÊN HUY VŨ,CHI CỤC THỐNG KÊ KHU VỰC MANG YANG - ĐAK ĐOA
1295,banra,1,2727273.00,2023-11-15 17:00:00,CÔNG TY TNHH MỘT THÀNH VIÊN HUY VŨ,CHI CỤC THỐNG KÊ KHU VỰC MANG YANG - ĐAK ĐOA
1294,banra,1,6809091.00,2023-11-15 17:00:00,CÔNG TY TNHH MỘT THÀNH VIÊN HUY VŨ,BỆNH VIỆN Y DƯỢC CỔ TRUYỀN & PHCN  GIA LAI
1293,banra,1,1527778.00,2023-11-15 17:00:00,CÔNG TY TNHH MỘT THÀNH VIÊN HUY VŨ,THƯ VIỆN TỈNH GIA LAI
1292,banra,1,90909091.00,2023-11-14 17:00:00,CÔNG TY TNHH MỘT THÀNH VIÊN HUY VŨ,CÔNG TY TNHH ĐIỆN TỬ TIN HỌC KIM PHÁT
1291,banra,1,6636364.00,2023-11-14 17:00:00,CÔNG TY TNHH MỘT THÀNH VIÊN HUY VŨ,CHI NHÁNH CÔNG TY TNHH ĐỨC DUNG
1290,banra,1,16700000.00,2023-11-14 17:00:00,CÔNG TY TNHH MỘT THÀNH VIÊN HUY VŨ,CÔNG TY CỔ PHẦN TƯ VẤN XÂY DỰNG GIAO THÔNG AN BÌNH
1289,banra,1,418182.00,2023-11-14 17:00:00,CÔNG TY TNHH MỘT THÀNH VIÊN HUY VŨ,CÔNG TY TNHH PHÁT TRIỂN DU LỊCH LA MIA
1288,banra,1,536364.00,2023-11-14 17:00:00,CÔNG TY TNHH MỘT THÀNH VIÊN HUY VŨ,CÔNG TY TRÁCH NHIỆM HỮU HẠN ĐỨC DUNG
15902,muavao,1,455780.00,2023-01-31 17:00:00,Ngân hàng TMCP Sài Gòn Thương Tín - Chi nhánh Gia Lai,CONG TY TNHH MTV HUY VU
1287,banra,1,2636364.00,2023-11-14 17:00:00,CÔNG TY TNHH MỘT THÀNH VIÊN HUY VŨ,CÔNG TY TNHH MỘT THÀNH VIÊN THƯƠNG MẠI XÂY DỰNG VŨ TIẾN
1286,banra,1,545455.00,2023-11-14 17:00:00,CÔNG TY TNHH MỘT THÀNH VIÊN HUY VŨ,CÔNG TY TNHH MỘT THÀNH VIÊN TCD ĐẠI NAM
1285,banra,1,16518182.00,2023-11-13 17:00:00,CÔNG TY TNHH MỘT THÀNH VIÊN HUY VŨ,CÔNG TY TRUYỀN TẢI ĐIỆN 3
1284,banra,1,254546.00,2023-11-12 17:00:00,CÔNG TY TNHH MỘT THÀNH VIÊN HUY VŨ,CÔNG TY BẢO HIỂM BSH GIA LAI
1283,banra,1,1045455.00,2023-11-12 17:00:00,CÔNG TY TNHH MỘT THÀNH VIÊN HUY VŨ,CHI NHÁNH 716 THUỘC TỔNG CÔNG TY 15
1282,banra,1,600000.00,2023-11-12 17:00:00,CÔNG TY TNHH MỘT THÀNH VIÊN HUY VŨ,BAN QUẢN LÝ RỪNG PHÒNG HỘ HÀ RA
1281,banra,1,845455.00,2023-11-11 17:00:00,CÔNG TY TNHH MỘT THÀNH VIÊN HUY VŨ,CÔNG TY TNHH MỘT THÀNH VIÊN PHÚ TOÀN TÂY NGUYÊN
1280,banra,1,14072728.00,2023-11-10 17:00:00,CÔNG TY TNHH MỘT THÀNH VIÊN HUY VŨ,CÔNG TY CỔ PHẦN TƯ VẤN XÂY DỰNG GIAO THÔNG AN BÌNH
1279,banra,1,390909.00,2023-11-10 17:00:00,CÔNG TY TNHH MỘT THÀNH VIÊN HUY VŨ,TRƯỜNG TRUNG HỌC CƠ SỞ ANH HÙNG WỪU
1278,banra,1,15354545.00,2023-11-10 17:00:00,CÔNG TY TNHH MỘT THÀNH VIÊN HUY VŨ,CÔNG TY TNHH TƯ VẤN TÀI NGUYÊN VÀ MÔI TRƯỜNG QUANG MINH
1277,banra,1,890909.00,2023-11-10 17:00:00,CÔNG TY TNHH MỘT THÀNH VIÊN HUY VŨ,CÔNG TY TNHH ATYCO
1276,banra,1,336364.00,2023-11-10 17:00:00,CÔNG TY TNHH MỘT THÀNH VIÊN HUY VŨ,CÔNG TY CỔ PHẦN ĐẦU TƯ PHÁT TRIỂN NHẬT QUANG MINH
1275,banra,1,3136364.00,2023-11-10 17:00:00,CÔNG TY TNHH MỘT THÀNH VIÊN HUY VŨ,CÔNG TY TNHH MỘT THÀNH VIÊN HOÀNG QUANG
1274,banra,1,4281818.00,2023-11-10 17:00:00,CÔNG TY TNHH MỘT THÀNH VIÊN HUY VŨ,CÔNG TY TNHH PHƯƠNG ANH THỊNH
1273,banra,1,18045455.00,2023-11-09 17:00:00,CÔNG TY TNHH MỘT THÀNH VIÊN HUY VŨ,CÔNG TY CỔ PHẦN TƯ VẤN XÂY DỰNG GIAO THÔNG AN BÌNH
1272,banra,1,650000.00,2023-11-09 17:00:00,CÔNG TY TNHH MỘT THÀNH VIÊN HUY VŨ,CHI NHÁNH CÔNG TY CỔ PHẦN TÀI CHÍNH VÀ PHÁT TRIỂN DOANH NGHIỆP TẠI GIA LAI
497888,muavao,1,48636360.00,2023-12-21 17:00:00,CÔNG TY CỔ PHẦN THẾ GIỚI SỐ,Công Ty TNHH MTV Huy Vũ
1271,banra,1,2436364.00,2023-11-09 17:00:00,CÔNG TY TNHH MỘT THÀNH VIÊN HUY VŨ,CHI NHÁNH CÔNG TY CỔ PHẦN TÀI CHÍNH VÀ PHÁT TRIỂN DOANH NGHIỆP TẠI GIA LAI
1270,banra,1,627273.00,2023-11-09 17:00:00,CÔNG TY TNHH MỘT THÀNH VIÊN HUY VŨ,CÔNG TY CỔ PHẦN GỖ HOÀNG ANH GIA LAI
1269,banra,1,33636364.00,2023-11-08 17:00:00,CÔNG TY TNHH MỘT THÀNH VIÊN HUY VŨ,CÔNG TY CỔ PHẦN BỆNH VIỆN ĐẠI HỌC Y DƯỢC - HOÀNG ANH GIA LAI
1268,banra,1,11763636.00,2023-11-08 17:00:00,CÔNG TY TNHH MỘT THÀNH VIÊN HUY VŨ,CÔNG TY TRÁCH NHIỆM HỮU HẠN THÀNH KHẢI GIA LAI
1267,banra,1,18000000.00,2023-11-08 17:00:00,CÔNG TY TNHH MỘT THÀNH VIÊN HUY VŨ,HỘ KINH DOANH ĐẠI PHÚ
1266,banra,1,40772730.00,2023-11-08 17:00:00,CÔNG TY TNHH MỘT THÀNH VIÊN HUY VŨ,CÔNG TY TNHH ĐIỆN TỬ TIN HỌC KIM PHÁT
1265,banra,1,15636364.00,2023-11-08 17:00:00,CÔNG TY TNHH MỘT THÀNH VIÊN HUY VŨ,CHI CỤC THI HÀNH ÁN DÂN SỰ HUYỆN ĐAK ĐOA
1264,banra,1,536364.00,2023-11-08 17:00:00,CÔNG TY TNHH MỘT THÀNH VIÊN HUY VŨ,CÔNG TY CỔ PHẦN IN - ĐẦU TƯ PHÁT TRIỂN GIÁO DỤC GIA LAI
1263,banra,1,1081818.00,2023-11-08 17:00:00,CÔNG TY TNHH MỘT THÀNH VIÊN HUY VŨ,CÔNG TY CỔ PHẦN IN - ĐẦU TƯ PHÁT TRIỂN GIÁO DỤC GIA LAI
1262,banra,1,19545455.00,2023-11-08 17:00:00,CÔNG TY TNHH MỘT THÀNH VIÊN HUY VŨ,TRƯỜNG THPT PLEIKU
1261,banra,1,7272727.00,2023-11-07 17:00:00,CÔNG TY TNHH MỘT THÀNH VIÊN HUY VŨ,PHÒNG PA03 CÔNG AN TỈNH GIA LAI
1260,banra,1,1436364.00,2023-11-07 17:00:00,CÔNG TY TNHH MỘT THÀNH VIÊN HUY VŨ,CÔNG TY TNHH VĨNH HIỆP
1259,banra,1,21145455.00,2023-11-07 17:00:00,CÔNG TY TNHH MỘT THÀNH VIÊN HUY VŨ,CÔNG TY TRÁCH NHIỆM HỮU HẠN MỘT THÀNH VIÊN XĂNG DẦU BẮC TÂY NGUYÊN
1258,banra,1,7272727.00,2023-11-07 17:00:00,CÔNG TY TNHH MỘT THÀNH VIÊN HUY VŨ,ĐỒN BIÊN PHÒNG CỬA KHẨU LỆ THANH
1257,banra,1,1445455.00,2023-11-07 17:00:00,CÔNG TY TNHH MỘT THÀNH VIÊN HUY VŨ,CÔNG TY CỔ PHẦN KỸ THUẬT ĐẠI CƠ VIỆT NAM
1477,banra,1,36938182.00,2023-12-20 17:00:00,CÔNG TY TNHH MỘT THÀNH VIÊN HUY VŨ,TRƯỜNG THPT A SANH
1256,banra,1,1818182.00,2023-11-06 17:00:00,CÔNG TY TNHH MỘT THÀNH VIÊN HUY VŨ,CÔNG TY CỔ PHẦN XÂY DỰNG 711
1255,banra,1,277778.00,2023-11-06 17:00:00,CÔNG TY TNHH MỘT THÀNH VIÊN HUY VŨ,CÔNG TY TNHH NÉT VIỆT
1254,banra,1,1527273.00,2023-11-06 17:00:00,CÔNG TY TNHH MỘT THÀNH VIÊN HUY VŨ,CÔNG TY TNHH SX - TM GIA KHANG
1253,banra,1,1550000.00,2023-11-06 17:00:00,CÔNG TY TNHH MỘT THÀNH VIÊN HUY VŨ,CÔNG TY TNHH MỘT THÀNH VIÊN TCD ĐẠI NAM
1252,banra,1,1118182.00,2023-11-06 17:00:00,CÔNG TY TNHH MỘT THÀNH VIÊN HUY VŨ,TRUNG TÂM DỊCH VỤ NÔNG NGHIỆP HUYỆN IA GRAI
1251,banra,1,200000.00,2023-11-06 17:00:00,CÔNG TY TNHH MỘT THÀNH VIÊN HUY VŨ,TRUNG TÂM DỊCH VỤ NÔNG NGHIỆP HUYỆN IA GRAI
1250,banra,1,16818182.00,2023-11-06 17:00:00,CÔNG TY TNHH MỘT THÀNH VIÊN HUY VŨ,CÔNG TY CỔ PHẦN TƯ VẤN XÂY DỰNG GIAO THÔNG AN BÌNH
1249,banra,1,1780909.00,2023-11-06 17:00:00,CÔNG TY TNHH MỘT THÀNH VIÊN HUY VŨ,CÔNG TY CỔ PHẦN ĐẦU TƯ VÀ XÂY DỰNG TRƯỜNG THỊNH
1248,banra,1,1481818.00,2023-11-05 17:00:00,CÔNG TY TNHH MỘT THÀNH VIÊN HUY VŨ,CHI NHÁNH CÔNG TY CỔ PHẦN THUỶ ĐIỆN CẦN ĐƠN-NHÀ MÁY THỦY ĐIỆN RY NINH II
1247,banra,1,14618182.00,2023-11-05 17:00:00,CÔNG TY TNHH MỘT THÀNH VIÊN HUY VŨ,BỆNH VIỆN QUÂN Y 15
1246,banra,1,2209091.00,2023-11-05 17:00:00,CÔNG TY TNHH MỘT THÀNH VIÊN HUY VŨ,BAN QUẢN LÝ RỪNG PHÒNG HỘ HÀ RA
1245,banra,1,38272727.00,2023-11-05 17:00:00,CÔNG TY TNHH MỘT THÀNH VIÊN HUY VŨ,SỞ THÔNG TIN VÀ TRUYỀN THÔNG TỈNH GIA LAI
1244,banra,1,118182.00,2023-11-05 17:00:00,CÔNG TY TNHH MỘT THÀNH VIÊN HUY VŨ,CÔNG TY TRÁCH NHIỆM HỮU HẠN MỘT THÀNH VIÊN TRIỆU HẢI GIA LAI
1243,banra,1,2081818.00,2023-11-05 17:00:00,CÔNG TY TNHH MỘT THÀNH VIÊN HUY VŨ,CÔNG TY CỔ PHẦN THƯƠNG MẠI HƯNG PHÁT
1242,banra,1,718182.00,2023-11-05 17:00:00,CÔNG TY TNHH MỘT THÀNH VIÊN HUY VŨ,CÔNG TY TNHH THƯƠNG MẠI VÀ XÂY LẮP ĐIỆN LỘC PHÁT GIA LAI
1241,banra,1,1909091.00,2023-11-05 17:00:00,CÔNG TY TNHH MỘT THÀNH VIÊN HUY VŨ,CÔNG TY TNHH MTV LÂM NGHIỆP KONG H'DE
1240,banra,1,1672728.00,2023-11-05 17:00:00,CÔNG TY TNHH MỘT THÀNH VIÊN HUY VŨ,CÔNG TY TRUYỀN TẢI ĐIỆN 3
1239,banra,1,13090909.00,2023-11-05 17:00:00,CÔNG TY TNHH MỘT THÀNH VIÊN HUY VŨ,CÔNG TY TRUYỀN TẢI ĐIỆN 3
1238,banra,1,1800000.00,2023-11-05 17:00:00,CÔNG TY TNHH MỘT THÀNH VIÊN HUY VŨ,VĂN PHÒNG ĐĂNG KÝ ĐẤT ĐAI TỈNH GIA LAI - CHI NHÁNH HUYỆN MANG YANG
1237,banra,1,8277273.00,2023-11-04 17:00:00,CÔNG TY TNHH MỘT THÀNH VIÊN HUY VŨ,MÁY VĂN PHÒNG PHƯƠNG NAM
1236,banra,1,3045455.00,2023-11-03 17:00:00,CÔNG TY TNHH MỘT THÀNH VIÊN HUY VŨ,CÔNG TY TRÁCH NHIỆM HỮU HẠN TƯ VẤN THIẾT KẾ VÀ XÂY DỰNG TRỌNG KHÔI GIA LAI
1235,banra,1,4727273.00,2023-11-03 17:00:00,CÔNG TY TNHH MỘT THÀNH VIÊN HUY VŨ,ĐỒN BIÊN PHÒNG CỬA KHẨU LỆ THANH
1234,banra,1,4531819.00,2023-11-03 17:00:00,CÔNG TY TNHH MỘT THÀNH VIÊN HUY VŨ,CÔNG TY CỔ PHẦN ĐẦU TƯ XÂY DỰNG THỦY ĐIỆN QUỐC CƯỜNG
1233,banra,1,636364.00,2023-11-03 17:00:00,CÔNG TY TNHH MỘT THÀNH VIÊN HUY VŨ,CÔNG TY CỔ PHẦN TRƯỜNG SƠN 145
1232,banra,1,11809091.00,2023-11-03 17:00:00,CÔNG TY TNHH MỘT THÀNH VIÊN HUY VŨ,CÔNG TY CỔ PHẦN QUỐC CƯỜNG  GIA LAI
1231,banra,1,3818182.00,2023-11-03 17:00:00,CÔNG TY TNHH MỘT THÀNH VIÊN HUY VŨ,CÔNG TY TNHH MỘT THÀNH VIÊN HỢP TÁC KINH TẾ 385
1230,banra,1,3727273.00,2023-11-02 17:00:00,CÔNG TY TNHH MỘT THÀNH VIÊN HUY VŨ,CÔNG TY CỔ PHẦN ĐỒNG NHÂN GROUP
1229,banra,1,7272728.00,2023-11-02 17:00:00,CÔNG TY TNHH MỘT THÀNH VIÊN HUY VŨ,TRUNG TÂM DỊCH VỤ NÔNG NGHIỆP HUYỆN IA GRAI
1228,banra,1,3500000.00,2023-11-01 17:00:00,CÔNG TY TNHH MỘT THÀNH VIÊN HUY VŨ,HỘ KINH DOANH PHAN VĂN MINH
1227,banra,1,3590909.00,2023-11-01 17:00:00,CÔNG TY TNHH MỘT THÀNH VIÊN HUY VŨ,TIỂU ĐOÀN 28 BỘ THAM MƯU QUÂN ĐOÀN 3
1226,banra,1,3681818.00,2023-11-01 17:00:00,CÔNG TY TNHH MỘT THÀNH VIÊN HUY VŨ,CỬA HÀNG VI TÍNH CHƯƠNG TÙNG
1225,banra,1,736364.00,2023-11-01 17:00:00,CÔNG TY TNHH MỘT THÀNH VIÊN HUY VŨ,CÔNG TY TRÁCH NHIỆM HỮU HẠN THƯƠNG MẠI DỊCH VỤ KỸ THUẬT VI TÍNH THUẬN PHÁT GIA LAI
1224,banra,1,1172727.00,2023-11-01 17:00:00,CÔNG TY TNHH MỘT THÀNH VIÊN HUY VŨ,CÔNG TY CỔ PHẦN XUẤT NHẬP KHẨU Y TẾ GIA LAI
1223,banra,1,3590909.00,2023-11-01 17:00:00,CÔNG TY TNHH MỘT THÀNH VIÊN HUY VŨ,CÔNG TY TRÁCH NHIỆM HỮU HẠN MỘT THÀNH VIÊN XĂNG DẦU BẮC TÂY NGUYÊN
1222,banra,1,14545455.00,2023-11-01 17:00:00,CÔNG TY TNHH MỘT THÀNH VIÊN HUY VŨ,CÔNG TY TNHH ĐIỆN TỬ TIN HỌC KIM PHÁT
1221,banra,1,172727.00,2023-11-01 17:00:00,CÔNG TY TNHH MỘT THÀNH VIÊN HUY VŨ,CÔNG TY TNHH MỘT THÀNH VIÊN PHẠM HUYỀN GIA LAI
1220,banra,1,12272727.00,2023-11-01 17:00:00,CÔNG TY TNHH MỘT THÀNH VIÊN HUY VŨ,Trường THCS Phạm Hồng Thái
1219,banra,1,490909.00,2023-10-31 17:00:00,CÔNG TY TNHH MỘT THÀNH VIÊN HUY VŨ,CÔNG TY TNHH TƯ VẤN XÂY DỰNG PHÚ VIỆT
1218,banra,1,18090909.00,2023-10-31 17:00:00,CÔNG TY TNHH MỘT THÀNH VIÊN HUY VŨ,CÔNG TY CỔ PHẦN TƯ VẤN XÂY DỰNG GIAO THÔNG AN BÌNH
1217,banra,1,3900000.00,2023-10-31 17:00:00,CÔNG TY TNHH MỘT THÀNH VIÊN HUY VŨ,TRƯỜNG CAO ĐẲNG GIA LAI
1216,banra,1,16627273.00,2023-10-31 17:00:00,CÔNG TY TNHH MỘT THÀNH VIÊN HUY VŨ,CÔNG TY THUỶ ĐIỆN IA LY (CHI NHÁNH THUỘC TẬP ĐOÀN ĐIỆN LỰC VIỆT NAM)
1215,banra,1,1545455.00,2023-10-31 17:00:00,CÔNG TY TNHH MỘT THÀNH VIÊN HUY VŨ,CÔNG TY TRÁCH NHIỆM HỮU HẠN MỘT THÀNH VIÊN LÂM NGHIỆP ĐĂK ROONG
1214,banra,1,818182.00,2023-10-31 17:00:00,CÔNG TY TNHH MỘT THÀNH VIÊN HUY VŨ,CÔNG TY TNHH MỘT THÀNH VIÊN LONG THÀNH ĐẠT GIA LAI
1213,banra,1,1890909.00,2023-10-31 17:00:00,CÔNG TY TNHH MỘT THÀNH VIÊN HUY VŨ,CHI NHÁNH CÔNG TY CỔ PHẦN TÀI CHÍNH VÀ PHÁT TRIỂN DOANH NGHIỆP TẠI GIA LAI
1212,banra,1,60000000.00,2023-10-31 17:00:00,CÔNG TY TNHH MỘT THÀNH VIÊN HUY VŨ,Trường THCS Phạm Hồng Thái
1587,banra,1,327273.00,2023-12-30 17:00:00,CÔNG TY TNHH MỘT THÀNH VIÊN HUY VŨ,BAN QUẢN LÝ RỪNG PHÒNG HỘ HÀ RA
1586,banra,1,14409091.00,2023-12-30 17:00:00,CÔNG TY TNHH MỘT THÀNH VIÊN HUY VŨ,CÔNG TY TNHH TƯ VẤN THIẾT KẾ ĐẦU TƯ VÀ XÂY DỰNG PHÚ THỊNH GIA
15901,muavao,1,1312552.00,2023-01-31 17:00:00,Ngân hàng TMCP Sài Gòn Thương Tín - Chi nhánh Gia Lai,CONG TY TNHH MTV HUY VU
1585,banra,1,13080000.00,2023-12-30 17:00:00,CÔNG TY TNHH MỘT THÀNH VIÊN HUY VŨ,CHI NHÁNH CÔNG TY TNHH TIN HỌC QUANG ANH
1584,banra,1,4490741.00,2023-12-30 17:00:00,CÔNG TY TNHH MỘT THÀNH VIÊN HUY VŨ,CHI NHÁNH CÔNG TY TNHH TIN HỌC QUANG ANH
1583,banra,1,2763636.00,2023-12-29 17:00:00,CÔNG TY TNHH MỘT THÀNH VIÊN HUY VŨ,XÍ NGHIỆP KHẢO SÁT THIẾT KẾ - CHI NHÁNH TỔNG CÔNG TY 15
1582,banra,1,14390909.00,2023-12-29 17:00:00,CÔNG TY TNHH MỘT THÀNH VIÊN HUY VŨ,CÔNG TY TNHH TƯ VẤN THIẾT KẾ ĐẦU TƯ VÀ XÂY DỰNG PHÚ THỊNH GIA
1581,banra,1,1900000.00,2023-12-29 17:00:00,CÔNG TY TNHH MỘT THÀNH VIÊN HUY VŨ,XÍ NGHIỆP KHẢO SÁT THIẾT KẾ - CHI NHÁNH TỔNG CÔNG TY 15
1580,banra,1,43465455.00,2023-12-29 17:00:00,CÔNG TY TNHH MỘT THÀNH VIÊN HUY VŨ,TRƯỜNG CAO ĐẲNG NGHỀ SỐ 21 - BQP
1579,banra,1,818182.00,2023-12-29 17:00:00,CÔNG TY TNHH MỘT THÀNH VIÊN HUY VŨ,CỬA HÀNG CÔNG NGHỆ KHOA HỌC KỸ THUẬT PHAN ANH
1578,banra,1,3409091.00,2023-12-29 17:00:00,CÔNG TY TNHH MỘT THÀNH VIÊN HUY VŨ,CÔNG TY CỔ PHẦN BỆNH VIỆN ĐẠI HỌC Y DƯỢC - HOÀNG ANH GIA LAI
1577,banra,1,45454545.00,2023-12-29 17:00:00,CÔNG TY TNHH MỘT THÀNH VIÊN HUY VŨ,CÔNG TY TNHH ĐIỆN TỬ TIN HỌC KIM PHÁT
1576,banra,1,7545455.00,2023-12-29 17:00:00,CÔNG TY TNHH MỘT THÀNH VIÊN HUY VŨ,HỘ KINH DOANH ĐẠI PHÚ
1575,banra,1,1718182.00,2023-12-29 17:00:00,CÔNG TY TNHH MỘT THÀNH VIÊN HUY VŨ,CÔNG TY TNHH MỘT THÀNH VIÊN PCCC NGỌC MINH
1574,banra,1,1318182.00,2023-12-29 17:00:00,CÔNG TY TNHH MỘT THÀNH VIÊN HUY VŨ,CÔNG TY TNHH MỘT THÀNH VIÊN PHƯƠNG TIẾN DŨNG
1573,banra,1,14131818.00,2023-12-28 17:00:00,CÔNG TY TNHH MỘT THÀNH VIÊN HUY VŨ,CÔNG TY TNHH MỘT THÀNH VIÊN ĐẠI LÝ BẢO HIỂM ĐỨC GIA THỊNH
1572,banra,1,84627273.00,2023-12-28 17:00:00,CÔNG TY TNHH MỘT THÀNH VIÊN HUY VŨ,TRƯỜNG CAO ĐẲNG NGHỀ SỐ 21 - BQP
1571,banra,1,7772727.00,2023-12-28 17:00:00,CÔNG TY TNHH MỘT THÀNH VIÊN HUY VŨ,CHI NHÁNH 716 THUỘC TỔNG CÔNG TY 15
1570,banra,1,7263636.00,2023-12-28 17:00:00,CÔNG TY TNHH MỘT THÀNH VIÊN HUY VŨ,UỶ BAN NHÂN DÂN XÃ KON GANG
1569,banra,1,3840000.00,2023-12-28 17:00:00,CÔNG TY TNHH MỘT THÀNH VIÊN HUY VŨ,CÔNG TY CỔ PHẦN ĐẦU TƯ VÀ PHÁT TRIỂN ĐIỆN SÊ SAN 3A
1568,banra,1,2945455.00,2023-12-28 17:00:00,CÔNG TY TNHH MỘT THÀNH VIÊN HUY VŨ,CÔNG TY TRÁCH NHIỆM HỮU HẠN MỘT THÀNH VIÊN CÀ PHÊ IA GRAI
1567,banra,1,38889091.00,2023-12-28 17:00:00,CÔNG TY TNHH MỘT THÀNH VIÊN HUY VŨ,CÔNG TY CỔ PHẦN TRƯỜNG PHỔ THÔNG NGUYỄN VĂN LINH GIA LAI
1566,banra,1,15454545.00,2023-12-28 17:00:00,CÔNG TY TNHH MỘT THÀNH VIÊN HUY VŨ,BINH ĐOÀN 15   - CÔNG TY TNHH MTV TỔNG CÔNG TY 15
1565,banra,1,5136364.00,2023-12-28 17:00:00,CÔNG TY TNHH MỘT THÀNH VIÊN HUY VŨ,CÔNG TY CỔ PHẦN DU LỊCH GIA LAI
1564,banra,1,5136364.00,2023-12-28 17:00:00,CÔNG TY TNHH MỘT THÀNH VIÊN HUY VŨ,CÔNG TY TRÁCH NHIỆM HỮU HẠN MỘT THÀNH VIÊN HOÀNG CHẤT GIA LAI
1563,banra,1,193586363.00,2023-12-28 17:00:00,CÔNG TY TNHH MỘT THÀNH VIÊN HUY VŨ,CÔNG TY TNHH VI TÍNH QUI NHƠN
1562,banra,1,1227273.00,2023-12-28 17:00:00,CÔNG TY TNHH MỘT THÀNH VIÊN HUY VŨ,CÔNG TY TNHH CÔNG NGHỆ - THƯƠNG MẠI VÀ DỊCH VỤ PHÚC THỊNH SOLAR
1561,banra,1,14096364.00,2023-12-28 17:00:00,CÔNG TY TNHH MỘT THÀNH VIÊN HUY VŨ,CÔNG TY TNHH TƯ VẤN THIẾT KẾ ĐẦU TƯ VÀ XÂY DỰNG PHÚ THỊNH GIA
1560,banra,1,818182.00,2023-12-28 17:00:00,CÔNG TY TNHH MỘT THÀNH VIÊN HUY VŨ,BAN QUẢN LÝ DỰ ÁN ĐẦU TƯ XÂY DỰNG THÀNH PHỐ PLEIKU
1559,banra,1,40420000.00,2023-12-27 17:00:00,CÔNG TY TNHH MỘT THÀNH VIÊN HUY VŨ,CÔNG TY TNHH TIN HỌC QUANG ANH GL
1558,banra,1,8872727.00,2023-12-27 17:00:00,CÔNG TY TNHH MỘT THÀNH VIÊN HUY VŨ,BINH ĐOÀN 15  - CÔNG TY TNHH MTV TỔNG CÔNG TY 15
1557,banra,1,4177273.00,2023-12-27 17:00:00,CÔNG TY TNHH MỘT THÀNH VIÊN HUY VŨ,TRƯỜNG TIỂU HỌC VÀ TRUNG HỌC CƠ SỞ NGUYỄN ĐÌNH CHIỂU
1556,banra,1,6000000.00,2023-12-27 17:00:00,CÔNG TY TNHH MỘT THÀNH VIÊN HUY VŨ,HOÀNG THỊ HỒNG MINH - CỬA HÀNG THƯƠNG MẠI VÀ DỊCH VỤ THIẾT BỊ VĂN PHÒNG MINH PHÁT
1555,banra,1,17736364.00,2023-12-27 17:00:00,CÔNG TY TNHH MỘT THÀNH VIÊN HUY VŨ,CÔNG TY TNHH MỘT THÀNH VIÊN ĐẠI LÝ BẢO HIỂM ĐỨC GIA THỊNH
15900,muavao,1,442507.00,2023-01-31 17:00:00,Ngân hàng TMCP Sài Gòn Thương Tín - Chi nhánh Gia Lai,CONG TY TNHH MTV HUY VU
1554,banra,1,9000000.00,2023-12-27 17:00:00,CÔNG TY TNHH MỘT THÀNH VIÊN HUY VŨ,BINH ĐOÀN 15 - CÔNG TY TNHH MTV TỔNG CÔNG TY 15
1553,banra,1,5454545.00,2023-12-27 17:00:00,CÔNG TY TNHH MỘT THÀNH VIÊN HUY VŨ,CÔNG TY CỔ PHẦN CÀ PHÊ GIA LAI
1552,banra,1,117727273.00,2023-12-27 17:00:00,CÔNG TY TNHH MỘT THÀNH VIÊN HUY VŨ,CÔNG TY TNHH ĐIỆN TỬ TIN HỌC KIM PHÁT
1551,banra,1,3690000.00,2023-12-27 17:00:00,CÔNG TY TNHH MỘT THÀNH VIÊN HUY VŨ,CHI NHÁNH CÔNG TY CỔ PHẦN XĂNG DẦU DẦU KHÍ PVOIL MIỀN TRUNG TẠI GIA LAI
1550,banra,1,87927273.00,2023-12-27 17:00:00,CÔNG TY TNHH MỘT THÀNH VIÊN HUY VŨ,TRƯỜNG CAO ĐẲNG NGHỀ SỐ 21 - BQP
1549,banra,1,26936364.00,2023-12-27 17:00:00,CÔNG TY TNHH MỘT THÀNH VIÊN HUY VŨ,CÔNG TY THUỶ ĐIỆN IA LY (CHI NHÁNH THUỘC TẬP ĐOÀN ĐIỆN LỰC VIỆT NAM)
1548,banra,1,4772727.00,2023-12-26 17:00:00,CÔNG TY TNHH MỘT THÀNH VIÊN HUY VŨ,CẢNG HÀNG KHÔNG PLEIKU - CHI NHÁNH TỔNG CÔNG TY CẢNG HÀNG KHÔNG VIỆT NAM - CTCP
1547,banra,1,712963.00,2023-12-26 17:00:00,CÔNG TY TNHH MỘT THÀNH VIÊN HUY VŨ,ĐỘI CÔNG TRÌNH ĐÔ THỊ HUYỆN ĐAK ĐOA
1546,banra,1,4881818.00,2023-12-26 17:00:00,CÔNG TY TNHH MỘT THÀNH VIÊN HUY VŨ,CẢNG HÀNG KHÔNG PLEIKU - CHI NHÁNH TỔNG CÔNG TY CẢNG HÀNG KHÔNG VIỆT NAM - CTCP
1545,banra,1,8627273.00,2023-12-26 17:00:00,CÔNG TY TNHH MỘT THÀNH VIÊN HUY VŨ,UỶ BAN NHÂN DÂN XÃ YANG BẮC
1544,banra,1,1545455.00,2023-12-26 17:00:00,CÔNG TY TNHH MỘT THÀNH VIÊN HUY VŨ,CÔNG TY CỔ PHẦN TRƯỜNG PHỔ THÔNG NGUYỄN VĂN LINH GIA LAI
1543,banra,1,456000000.00,2023-12-26 17:00:00,CÔNG TY TNHH MỘT THÀNH VIÊN HUY VŨ,CÔNG TY TRÁCH NHIỆM HỮU HẠN MỘT THÀNH VIÊN XĂNG DẦU BẮC TÂY NGUYÊN
1542,banra,1,7592593.00,2023-12-26 17:00:00,CÔNG TY TNHH MỘT THÀNH VIÊN HUY VŨ,HOÀNG THỊ HỒNG MINH - CỬA HÀNG THƯƠNG MẠI VÀ DỊCH VỤ THIẾT BỊ VĂN PHÒNG MINH PHÁT
1541,banra,1,5272728.00,2023-12-26 17:00:00,CÔNG TY TNHH MỘT THÀNH VIÊN HUY VŨ,UỶ BAN NHÂN DÂN XÃ YANG BẮC
1540,banra,1,1445455.00,2023-12-26 17:00:00,CÔNG TY TNHH MỘT THÀNH VIÊN HUY VŨ,ĐIỆN MÁY TỔNG HỢP KIM THỊNH
1539,banra,1,87927273.00,2023-12-26 17:00:00,CÔNG TY TNHH MỘT THÀNH VIÊN HUY VŨ,TRƯỜNG CAO ĐẲNG NGHỀ SỐ 21 - BQP
1538,banra,1,636364.00,2023-12-26 17:00:00,CÔNG TY TNHH MỘT THÀNH VIÊN HUY VŨ,TRƯỜNG TRUNG HỌC CƠ SỞ NGUYỄN VĂN CỪ
1537,banra,1,5181818.00,2023-12-26 17:00:00,CÔNG TY TNHH MỘT THÀNH VIÊN HUY VŨ,QUẢNG CÁO TIN HỌC ĐẠI LỢI
1536,banra,1,4990909.00,2023-12-26 17:00:00,CÔNG TY TNHH MỘT THÀNH VIÊN HUY VŨ,TRƯỜNG TRUNG HỌC CƠ SỞ NGUYỄN VĂN CỪ
1535,banra,1,25636364.00,2023-12-26 17:00:00,CÔNG TY TNHH MỘT THÀNH VIÊN HUY VŨ,CỤC THỐNG KÊ TỈNH GIA LAI
1534,banra,1,65200000.00,2023-12-26 17:00:00,CÔNG TY TNHH MỘT THÀNH VIÊN HUY VŨ,PHÂN HIỆU TRƯỜNG ĐẠI HỌC LÂM NGHIỆP TẠI TỈNH GIA LAI
1533,banra,1,700000.00,2023-12-26 17:00:00,CÔNG TY TNHH MỘT THÀNH VIÊN HUY VŨ,QUỸ TÍN DỤNG NHÂN DÂN THỊ TRẤN  IAKHA
1532,banra,1,2772728.00,2023-12-26 17:00:00,CÔNG TY TNHH MỘT THÀNH VIÊN HUY VŨ,HỘ KINH DOANH PHAN VĂN MINH
1531,banra,1,4209091.00,2023-12-26 17:00:00,CÔNG TY TNHH MỘT THÀNH VIÊN HUY VŨ,CÔNG TY CỔ PHẦN BỆNH VIỆN ĐẠI HỌC Y DƯỢC - HOÀNG ANH GIA LAI
1530,banra,1,1436364.00,2023-12-25 17:00:00,CÔNG TY TNHH MỘT THÀNH VIÊN HUY VŨ,TRƯỜNG TIỂU HỌC TRẦN QUÝ CÁP
1529,banra,1,9090909.00,2023-12-25 17:00:00,CÔNG TY TNHH MỘT THÀNH VIÊN HUY VŨ,CÔNG TY TNHH MỘT THÀNH VIÊN TƯ VẤN VÀ THIẾT KẾ XÂY DỰNG PHÚ QUANG VINH PHÁT
1528,banra,1,87927273.00,2023-12-25 17:00:00,CÔNG TY TNHH MỘT THÀNH VIÊN HUY VŨ,TRƯỜNG CAO ĐẲNG NGHỀ SỐ 21 - BQP
1527,banra,1,4409091.00,2023-12-25 17:00:00,CÔNG TY TNHH MỘT THÀNH VIÊN HUY VŨ,CÔNG TY TNHH MỘT THÀNH VIÊN TƯ VẤN VÀ THIẾT KẾ XÂY DỰNG PHÚ QUANG VINH PHÁT
1526,banra,1,5263636.00,2023-12-25 17:00:00,CÔNG TY TNHH MỘT THÀNH VIÊN HUY VŨ,CÔNG TY TRÁCH NHIỆM HỮU HẠN MỘT THÀNH VIÊN XĂNG DẦU BẮC TÂY NGUYÊN
1525,banra,1,190954546.00,2023-12-25 17:00:00,CÔNG TY TNHH MỘT THÀNH VIÊN HUY VŨ,CÔNG TY TNHH VI TÍNH QUI NHƠN
1524,banra,1,15280000.00,2023-12-25 17:00:00,CÔNG TY TNHH MỘT THÀNH VIÊN HUY VŨ,CHI NHÁNH CÔNG TY CỔ PHẦN XĂNG DẦU DẦU KHÍ PVOIL MIỀN TRUNG TẠI GIA LAI
1523,banra,1,909091.00,2023-12-25 17:00:00,CÔNG TY TNHH MỘT THÀNH VIÊN HUY VŨ,BỘ CHỈ HUY QUÂN SỰ TỈNH GIA LAI
1522,banra,1,1372727.00,2023-12-25 17:00:00,CÔNG TY TNHH MỘT THÀNH VIÊN HUY VŨ,CÔNG TY CỔ PHẦN ĐẦU TƯ EMI
1521,banra,1,15227273.00,2023-12-25 17:00:00,CÔNG TY TNHH MỘT THÀNH VIÊN HUY VŨ,CÔNG TY TNHH ĐIỆN TỬ TIN HỌC KIM PHÁT
1520,banra,1,17927273.00,2023-12-24 17:00:00,CÔNG TY TNHH MỘT THÀNH VIÊN HUY VŨ,CÔNG TY CỔ PHẦN TƯ VẤN XÂY DỰNG GIAO THÔNG AN BÌNH
1519,banra,1,1727273.00,2023-12-24 17:00:00,CÔNG TY TNHH MỘT THÀNH VIÊN HUY VŨ,CÔNG TY CỔ PHẦN ĐẦU TƯ VÀ PHÁT TRIỂN ĐIỆN SÊ SAN 3A
1518,banra,1,563636.00,2023-12-24 17:00:00,CÔNG TY TNHH MỘT THÀNH VIÊN HUY VŨ,CÔNG TY TNHH VĨNH HIỆP
1517,banra,1,336364.00,2023-12-24 17:00:00,CÔNG TY TNHH MỘT THÀNH VIÊN HUY VŨ,CÔNG TY BẢO HIỂM HÀNG KHÔNG TÂY NGUYÊN
1516,banra,1,13272728.00,2023-12-24 17:00:00,CÔNG TY TNHH MỘT THÀNH VIÊN HUY VŨ,CÔNG TY CỔ PHẦN BỆNH VIỆN ĐẠI HỌC Y DƯỢC - HOÀNG ANH GIA LAI
1515,banra,1,2245454.00,2023-12-24 17:00:00,CÔNG TY TNHH MỘT THÀNH VIÊN HUY VŨ,CÔNG TY TNHH MỘT THÀNH VIÊN TOÀN TRUNG
1514,banra,1,25454545.00,2023-12-24 17:00:00,CÔNG TY TNHH MỘT THÀNH VIÊN HUY VŨ,CÔNG TY TNHH VĨNH HIỆP
1513,banra,1,8954545.00,2023-12-24 17:00:00,CÔNG TY TNHH MỘT THÀNH VIÊN HUY VŨ,CÔNG TY TRUYỀN TẢI ĐIỆN 3 - TRUYỀN TẢI ĐIỆN GIA LAI
1512,banra,1,8136364.00,2023-12-24 17:00:00,CÔNG TY TNHH MỘT THÀNH VIÊN HUY VŨ,ỦY BAN NHÂN DÂN XÃ IA VÊ
1511,banra,1,17318182.00,2023-12-23 17:00:00,CÔNG TY TNHH MỘT THÀNH VIÊN HUY VŨ,CÔNG TY TNHH MTV HELLO CHÀO
1510,banra,1,1618182.00,2023-12-23 17:00:00,CÔNG TY TNHH MỘT THÀNH VIÊN HUY VŨ,CÔNG TY CỔ PHẦN GIÁO DỤC ĐỨC BẢN
1509,banra,1,2518182.00,2023-12-23 17:00:00,CÔNG TY TNHH MỘT THÀNH VIÊN HUY VŨ,TỔNG CÔNG TY XÂY DỰNG TRƯỜNG SƠN
15899,muavao,1,3824012.00,2023-01-31 17:00:00,Ngân hàng TMCP Sài Gòn Thương Tín - Chi nhánh Gia Lai,CONG TY TNHH MTV HUY VU
1508,banra,1,15863636.00,2023-12-23 17:00:00,CÔNG TY TNHH MỘT THÀNH VIÊN HUY VŨ,CÔNG TY TNHH MTV TỔNG CÔNG TY 15
1507,banra,1,4545455.00,2023-12-23 17:00:00,CÔNG TY TNHH MỘT THÀNH VIÊN HUY VŨ,LỮ ĐOÀN 132 - BINH CHỦNG THÔNG TIN LIÊN LẠC
1506,banra,1,2727273.00,2023-12-23 17:00:00,CÔNG TY TNHH MỘT THÀNH VIÊN HUY VŨ,LỮ ĐOÀN 132 - BINH CHỦNG THÔNG TIN LIÊN LẠC
1505,banra,1,10650000.00,2023-12-23 17:00:00,CÔNG TY TNHH MỘT THÀNH VIÊN HUY VŨ,LỮ ĐOÀN 132 - BINH CHỦNG THÔNG TIN LIÊN LẠC
1504,banra,1,3318182.00,2023-12-22 17:00:00,CÔNG TY TNHH MỘT THÀNH VIÊN HUY VŨ,CÔNG TY TNHH MỘT THÀNH VIÊN PHẠM GIA THƯ
1503,banra,1,136364.00,2023-12-22 17:00:00,CÔNG TY TNHH MỘT THÀNH VIÊN HUY VŨ,TRUNG TÂM HỖ TRỢ SÁNG KIẾN PHÁT TRIỂN CỘNG ĐỒNG
1502,banra,1,18154545.00,2023-12-22 17:00:00,CÔNG TY TNHH MỘT THÀNH VIÊN HUY VŨ,CÔNG TY CỔ PHẦN TƯ VẤN XÂY DỰNG GIAO THÔNG AN BÌNH
1501,banra,1,10854545.00,2023-12-22 17:00:00,CÔNG TY TNHH MỘT THÀNH VIÊN HUY VŨ,CÔNG TY TNHH VĨNH HIỆP
1500,banra,1,3809091.00,2023-12-22 17:00:00,CÔNG TY TNHH MỘT THÀNH VIÊN HUY VŨ,CÔNG TY TNHH VĨNH HIỆP
1499,banra,1,18700000.00,2023-12-21 17:00:00,CÔNG TY TNHH MỘT THÀNH VIÊN HUY VŨ,CHI NHÁNH 716 THUỘC TỔNG CÔNG TY 15
1498,banra,1,36000000.00,2023-12-21 17:00:00,CÔNG TY TNHH MỘT THÀNH VIÊN HUY VŨ,KHO  K897
1497,banra,1,16536364.00,2023-12-21 17:00:00,CÔNG TY TNHH MỘT THÀNH VIÊN HUY VŨ,CÔNG TY CỔ PHẦN ĐẦU TƯ VÀ PHÁT TRIỂN Y TẾ TRUNG THỊNH PHÁT
1496,banra,1,327273.00,2023-12-21 17:00:00,CÔNG TY TNHH MỘT THÀNH VIÊN HUY VŨ,CÔNG TY CỔ PHẦN ENTERTAINMENT 2020
1495,banra,1,409091.00,2023-12-21 17:00:00,CÔNG TY TNHH MỘT THÀNH VIÊN HUY VŨ,CÔNG TY CỔ PHẦN ENTERTAINMENT 2020
1494,banra,1,1101852.00,2023-12-21 17:00:00,CÔNG TY TNHH MỘT THÀNH VIÊN HUY VŨ,CÔNG TY TNHH MỘT THÀNH VIÊN TM DV XNK PHẠM GIA KHANG
1493,banra,1,863636.00,2023-12-21 17:00:00,CÔNG TY TNHH MỘT THÀNH VIÊN HUY VŨ,CÔNG TY CỔ PHẦN ENTERTAINMENT 2020
1492,banra,1,14618182.00,2023-12-21 17:00:00,CÔNG TY TNHH MỘT THÀNH VIÊN HUY VŨ,CÔNG TY TNHH MỘT THÀNH VIÊN TM DV XNK PHẠM GIA KHANG
1491,banra,1,3445455.00,2023-12-21 17:00:00,CÔNG TY TNHH MỘT THÀNH VIÊN HUY VŨ,CHI NHÁNH CÔNG TY CỔ PHẦN TƯ VẤN SÔNG ĐÀ - TRUNG TÂM THÍ NGHIỆM XÂY DỰNG SÔNG ĐÀ
1490,banra,1,900000.00,2023-12-21 17:00:00,CÔNG TY TNHH MỘT THÀNH VIÊN HUY VŨ,CÔNG TY CỔ PHẦN BỆNH VIỆN ĐẠI HỌC Y DƯỢC - HOÀNG ANH GIA LAI
1489,banra,1,154545.00,2023-12-21 17:00:00,CÔNG TY TNHH MỘT THÀNH VIÊN HUY VŨ,CÔNG TY TNHH MỘT THÀNH VIÊN PHƯƠNG GIANG GIA LAI
1488,banra,1,5272728.00,2023-12-21 17:00:00,CÔNG TY TNHH MỘT THÀNH VIÊN HUY VŨ,PHÒNG VĂN HÓA THÔNG TIN HUYỆN CHƯ PĂH TỈNH GIA LAI
1487,banra,1,8363636.00,2023-12-20 17:00:00,CÔNG TY TNHH MỘT THÀNH VIÊN HUY VŨ,HỘ KINH DOANH ĐẠI PHÚ
1486,banra,1,4890909.00,2023-12-20 17:00:00,CÔNG TY TNHH MỘT THÀNH VIÊN HUY VŨ,CÔNG TY TNHH THIẾT BỊ Y TẾ TẤT THÀNH
1485,banra,1,9272727.00,2023-12-20 17:00:00,CÔNG TY TNHH MỘT THÀNH VIÊN HUY VŨ,CHƯ  SÊ  COMPUTER
1484,banra,1,318182.00,2023-12-20 17:00:00,CÔNG TY TNHH MỘT THÀNH VIÊN HUY VŨ,CÔNG TY THUỶ ĐIỆN IA LY (CHI NHÁNH THUỘC TẬP ĐOÀN ĐIỆN LỰC VIỆT NAM)
1483,banra,1,7545455.00,2023-12-20 17:00:00,CÔNG TY TNHH MỘT THÀNH VIÊN HUY VŨ,HỘ KINH DOANH ĐẠI PHÚ
1482,banra,1,4900000.00,2023-12-20 17:00:00,CÔNG TY TNHH MỘT THÀNH VIÊN HUY VŨ,BAN QUẢN LÝ RỪNG PHÒNG HỘ ĐÔNG BẮC CHƯ PĂH
1481,banra,1,12000000.00,2023-12-20 17:00:00,CÔNG TY TNHH MỘT THÀNH VIÊN HUY VŨ,TRUNG TÂM DỊCH VỤ SỬA CHỮA EVN - CHI NHÁNH TẬP ĐOÀN ĐIỆN LỰC VIỆT NAM
1480,banra,1,4027272.00,2023-12-20 17:00:00,CÔNG TY TNHH MỘT THÀNH VIÊN HUY VŨ,CÔNG TY TNHH MỘT THÀNH VIÊN TOÀN TRUNG
1479,banra,1,181818.00,2023-12-20 17:00:00,CÔNG TY TNHH MỘT THÀNH VIÊN HUY VŨ,CÔNG TY TNHH XÂY DỰNG CÔNG NÔNG NGHIỆP THADICO
1478,banra,1,18163636.00,2023-12-20 17:00:00,CÔNG TY TNHH MỘT THÀNH VIÊN HUY VŨ,CÔNG TY CỔ PHẦN TƯ VẤN XÂY DỰNG GIAO THÔNG AN BÌNH
15898,muavao,1,764803.00,2023-01-31 17:00:00,Ngân hàng TMCP Sài Gòn Thương Tín - Chi nhánh Gia Lai,CONG TY TNHH MTV HUY VU
1476,banra,1,3590909.00,2023-12-20 17:00:00,CÔNG TY TNHH MỘT THÀNH VIÊN HUY VŨ,CÔNG TY TNHH MỘT THÀNH VIÊN TƯ VẤN VÀ XÂY DỰNG THIÊN NAM GIA LAI
1475,banra,1,4172727.00,2023-12-19 17:00:00,CÔNG TY TNHH MỘT THÀNH VIÊN HUY VŨ,CÔNG TY TNHH THƯƠNG MẠI SÀI GÒN – GIA LAI
1474,banra,1,139913636.00,2023-12-19 17:00:00,CÔNG TY TNHH MỘT THÀNH VIÊN HUY VŨ,CÔNG TY TNHH MỘT THÀNH VIÊN ĐIỆN TỬ TIN HỌC NGUYỄN DƯƠNG
1473,banra,1,23809091.00,2023-12-19 17:00:00,CÔNG TY TNHH MỘT THÀNH VIÊN HUY VŨ,CÔNG TY THUỶ ĐIỆN IA LY (CHI NHÁNH THUỘC TẬP ĐOÀN ĐIỆN LỰC VIỆT NAM)
1472,banra,1,17818182.00,2023-12-19 17:00:00,CÔNG TY TNHH MỘT THÀNH VIÊN HUY VŨ,CÔNG TY TNHH MỘT THÀNH VIÊN TƯ VẤN VÀ XÂY DỰNG THIÊN NAM GIA LAI
1471,banra,1,409091.00,2023-12-19 17:00:00,CÔNG TY TNHH MỘT THÀNH VIÊN HUY VŨ,CÔNG TY TNHH TÂY BẮC GIA LAI
1470,banra,1,2454545.00,2023-12-19 17:00:00,CÔNG TY TNHH MỘT THÀNH VIÊN HUY VŨ,UBND THỊ TRẤN KongChro
1469,banra,1,354546.00,2023-12-19 17:00:00,CÔNG TY TNHH MỘT THÀNH VIÊN HUY VŨ,CÔNG TY DỊCH VỤ ĐIỆN LỰC MIỀN TRUNG
1468,banra,1,1045455.00,2023-12-19 17:00:00,CÔNG TY TNHH MỘT THÀNH VIÊN HUY VŨ,CÔNG TY TNHH MỘT THÀNH VIÊN XUÂN VẤN
1467,banra,1,1000000.00,2023-12-19 17:00:00,CÔNG TY TNHH MỘT THÀNH VIÊN HUY VŨ,MÁY VĂN PHÒNG PHƯƠNG NAM
1466,banra,1,16204545.00,2023-12-19 17:00:00,CÔNG TY TNHH MỘT THÀNH VIÊN HUY VŨ,MÁY VĂN PHÒNG PHƯƠNG NAM
1465,banra,1,3416667.00,2023-12-19 17:00:00,CÔNG TY TNHH MỘT THÀNH VIÊN HUY VŨ,CÔNG TY TNHH MỘT THÀNH VIÊN CAO SU MANG YANG
1464,banra,1,17727273.00,2023-12-18 17:00:00,CÔNG TY TNHH MỘT THÀNH VIÊN HUY VŨ,CÔNG TY CỔ PHẦN TƯ VẤN XÂY DỰNG GIAO THÔNG AN BÌNH
1463,banra,1,840000.00,2023-12-18 17:00:00,CÔNG TY TNHH MỘT THÀNH VIÊN HUY VŨ,CỬA HÀNG MÁY VĂN PHÒNG HBT
1462,banra,1,1227273.00,2023-12-18 17:00:00,CÔNG TY TNHH MỘT THÀNH VIÊN HUY VŨ,PHÂN HIỆU TRƯỜNG PT DTNT TỈNH TẠI HUYỆN IA H'DRAI
1400,banra,1,1790909.00,2023-12-08 17:00:00,CÔNG TY TNHH MỘT THÀNH VIÊN HUY VŨ,CÔNG TY CỔ PHẦN SHINEC GIA LAI
1461,banra,1,200000.00,2023-12-18 17:00:00,CÔNG TY TNHH MỘT THÀNH VIÊN HUY VŨ,TRUNG TÂM HỖ TRỢ SÁNG KIẾN PHÁT TRIỂN CỘNG ĐỒNG
1460,banra,1,263636.00,2023-12-18 17:00:00,CÔNG TY TNHH MỘT THÀNH VIÊN HUY VŨ,CHI NHÁNH CÔNG TY CỔ PHẦN SÓNG VIỆT TẠI GIA LAI
1459,banra,1,140404545.00,2023-12-18 17:00:00,CÔNG TY TNHH MỘT THÀNH VIÊN HUY VŨ,CÔNG TY TNHH MỘT THÀNH VIÊN VƯƠNG HÀ MY
1458,banra,1,1181818.00,2023-12-18 17:00:00,CÔNG TY TNHH MỘT THÀNH VIÊN HUY VŨ,CÔNG TY TNHH MỘT THÀNH VIÊN XÂY DỰNG PHONG HẢI GIA LAI
1457,banra,1,12818182.00,2023-12-17 17:00:00,CÔNG TY TNHH MỘT THÀNH VIÊN HUY VŨ,CÔNG TY TNHH TƯ VẤN THIẾT KẾ ĐẦU TƯ VÀ XÂY DỰNG PHÚ THỊNH GIA
1456,banra,1,1681818.00,2023-12-17 17:00:00,CÔNG TY TNHH MỘT THÀNH VIÊN HUY VŨ,CÔNG TY TNHH MỘT THÀNH VIÊN KHÁNH BẢO
1455,banra,1,809091.00,2023-12-17 17:00:00,CÔNG TY TNHH MỘT THÀNH VIÊN HUY VŨ,CÔNG TY TNHH MỘT THÀNH VIÊN PHÁT THÀNH LỘC GIA LAI
1454,banra,1,16763636.00,2023-12-17 17:00:00,CÔNG TY TNHH MỘT THÀNH VIÊN HUY VŨ,CÔNG TY CỔ PHẦN TƯ VẤN XÂY DỰNG GIAO THÔNG AN BÌNH
1453,banra,1,227273.00,2023-12-17 17:00:00,CÔNG TY TNHH MỘT THÀNH VIÊN HUY VŨ,CHI NHÁNH GIA LAI - CÔNG TY CỔ PHẦN DỊCH VỤ THƯƠNG MẠI TỔNG HỢP WINCOMMERCE
1452,banra,1,236364.00,2023-12-17 17:00:00,CÔNG TY TNHH MỘT THÀNH VIÊN HUY VŨ,CÔNG TY CỔ PHẦN PHÁT TRIỂN NHÀ VK LAND
1451,banra,1,1436364.00,2023-12-17 17:00:00,CÔNG TY TNHH MỘT THÀNH VIÊN HUY VŨ,CÔNG TY CỔ PHẦN ĐỒNG TÂM RBD GIA LAI
1450,banra,1,254545.00,2023-12-17 17:00:00,CÔNG TY TNHH MỘT THÀNH VIÊN HUY VŨ,TRUNG TÂM NGHIÊN CỨU & CHUYỂN GIAO KỸ THUẬT TÂY NGUYÊN
1449,banra,1,6636364.00,2023-12-17 17:00:00,CÔNG TY TNHH MỘT THÀNH VIÊN HUY VŨ,CÔNG TY TNHH PHƯƠNG ANH THỊNH
1448,banra,1,9072727.00,2023-12-17 17:00:00,CÔNG TY TNHH MỘT THÀNH VIÊN HUY VŨ,QUỸ TÍN DỤNG NHÂN DÂN THỊ TRẤN ĐAK ĐOA
1447,banra,1,581818.00,2023-12-15 17:00:00,CÔNG TY TNHH MỘT THÀNH VIÊN HUY VŨ,CÔNG TY TNHH MỘT THÀNH VIÊN 78
1446,banra,1,3590909.00,2023-12-15 17:00:00,CÔNG TY TNHH MỘT THÀNH VIÊN HUY VŨ,CÔNG TY CỔ PHẦN XÂY LẮP - ĐẦU TƯ VÀ KINH DOANH NHÀ GIA LAI
1445,banra,1,15272727.00,2023-12-14 17:00:00,CÔNG TY TNHH MỘT THÀNH VIÊN HUY VŨ,CÔNG TY TNHH MỘT THÀNH VIÊN 715
1444,banra,1,1363636.00,2023-12-14 17:00:00,CÔNG TY TNHH MỘT THÀNH VIÊN HUY VŨ,TỔNG CÔNG TY XÂY DỰNG TRƯỜNG SƠN
1443,banra,1,12845455.00,2023-12-14 17:00:00,CÔNG TY TNHH MỘT THÀNH VIÊN HUY VŨ,QUỸ TÍN DỤNG NHÂN DÂN THỊ TRẤN ĐAK ĐOA
1442,banra,1,15181818.00,2023-12-14 17:00:00,CÔNG TY TNHH MỘT THÀNH VIÊN HUY VŨ,CÔNG TY TNHH TƯ VẤN THIẾT KẾ ĐẦU TƯ VÀ XÂY DỰNG PHÚ THỊNH GIA
1441,banra,1,13527273.00,2023-12-14 17:00:00,CÔNG TY TNHH MỘT THÀNH VIÊN HUY VŨ,CÔNG TY TNHH MỘT THÀNH VIÊN TM DV XNK PHẠM GIA KHANG
1440,banra,1,954545.00,2023-12-14 17:00:00,CÔNG TY TNHH MỘT THÀNH VIÊN HUY VŨ,CÔNG TY TNHH XÂY DỰNG CÔNG NÔNG NGHIỆP THADICO
1439,banra,1,3703704.00,2023-12-14 17:00:00,CÔNG TY TNHH MỘT THÀNH VIÊN HUY VŨ,BỆNH VIỆN QUÂN Y 211
1438,banra,1,17709091.00,2023-12-14 17:00:00,CÔNG TY TNHH MỘT THÀNH VIÊN HUY VŨ,CÔNG TY CỔ PHẦN TƯ VẤN XÂY DỰNG GIAO THÔNG AN BÌNH
1437,banra,1,3645455.00,2023-12-14 17:00:00,CÔNG TY TNHH MỘT THÀNH VIÊN HUY VŨ,PHÒNG CHÍNH TRỊ - CỤC HẬU CẦN - QUÂN ĐOÀN 3
1436,banra,1,2445455.00,2023-12-14 17:00:00,CÔNG TY TNHH MỘT THÀNH VIÊN HUY VŨ,CÔNG TY TNHH NĂNG LƯỢNG SẠCH CAO NGUYÊN
1435,banra,1,3818182.00,2023-12-13 17:00:00,CÔNG TY TNHH MỘT THÀNH VIÊN HUY VŨ,PHÒNG CẢNH SÁT KINH TẾ - CÔNG AN TỈNH GIA LAI
1434,banra,1,7363636.00,2023-12-13 17:00:00,CÔNG TY TNHH MỘT THÀNH VIÊN HUY VŨ,BAN QUẢN LÝ RỪNG PHÒNG HỘ ĐÔNG BẮC CHƯ PĂH
1433,banra,1,10527273.00,2023-12-13 17:00:00,CÔNG TY TNHH MỘT THÀNH VIÊN HUY VŨ,CÔNG TY TRÁCH NHIỆM HỮU HẠN MỘT THÀNH VIÊN XĂNG DẦU BẮC TÂY NGUYÊN
1432,banra,1,9218182.00,2023-12-13 17:00:00,CÔNG TY TNHH MỘT THÀNH VIÊN HUY VŨ,CÔNG TY TNHH MỘT THÀNH VIÊN TM DV XNK PHẠM GIA KHANG
1431,banra,1,7272727.00,2023-12-13 17:00:00,CÔNG TY TNHH MỘT THÀNH VIÊN HUY VŨ,PHÒNG CHÍNH TRỊ - SƯ ĐOÀN 320
1430,banra,1,324074.00,2023-12-13 17:00:00,CÔNG TY TNHH MỘT THÀNH VIÊN HUY VŨ,CÔNG TY TNHH MỘT THÀNH VIÊN THƯƠNG MẠI PHÚ HIỂN PLEIKU
1429,banra,1,18054545.00,2023-12-12 17:00:00,CÔNG TY TNHH MỘT THÀNH VIÊN HUY VŨ,CÔNG TY CỔ PHẦN TƯ VẤN XÂY DỰNG GIAO THÔNG AN BÌNH
1428,banra,1,2200000.00,2023-12-12 17:00:00,CÔNG TY TNHH MỘT THÀNH VIÊN HUY VŨ,CÔNG TY TNHH THƯƠNG MẠI DỊCH VỤ V&T NHA TRANG
1427,banra,1,4609091.00,2023-12-12 17:00:00,CÔNG TY TNHH MỘT THÀNH VIÊN HUY VŨ,TRUNG TÂM KIỂM ĐỊNH ĐẠN DƯỢC T265
1426,banra,1,16627273.00,2023-12-12 17:00:00,CÔNG TY TNHH MỘT THÀNH VIÊN HUY VŨ,CÔNG TY TNHH LÂM NGHIỆP NHẬT AN GIA LAI
1425,banra,1,1090909.00,2023-12-12 17:00:00,CÔNG TY TNHH MỘT THÀNH VIÊN HUY VŨ,CÔNG TY TRÁCH NHIỆM HỮU HẠN TƯ VẤN AN NHIÊN GIA LAI
1424,banra,1,254545.00,2023-12-12 17:00:00,CÔNG TY TNHH MỘT THÀNH VIÊN HUY VŨ,CÔNG TY TNHH SẢN XUẤT THƯƠNG MẠI DỊCH VỤ HẢI THIÊN SƠN
1423,banra,1,2172727.00,2023-12-12 17:00:00,CÔNG TY TNHH MỘT THÀNH VIÊN HUY VŨ,CÔNG TY CỔ PHẦN LAM SƠN
1422,banra,1,17118182.00,2023-12-11 17:00:00,CÔNG TY TNHH MỘT THÀNH VIÊN HUY VŨ,CÔNG TY TNHH TƯ VẤN THIẾT KẾ ĐẦU TƯ VÀ XÂY DỰNG PHÚ THỊNH GIA
1421,banra,1,2636364.00,2023-12-11 17:00:00,CÔNG TY TNHH MỘT THÀNH VIÊN HUY VŨ,CÔNG TY CỔ PHẦN TẬP ĐOÀN LEANGROUP
1420,banra,1,272728.00,2023-12-11 17:00:00,CÔNG TY TNHH MỘT THÀNH VIÊN HUY VŨ,UBND  PHƯỜNG HỘI THƯƠNG
1419,banra,1,318182.00,2023-12-10 17:00:00,CÔNG TY TNHH MỘT THÀNH VIÊN HUY VŨ,ĐẠI ĐỘI 1 - TIỂU ĐOÀN 29 BỘ THAM MƯU QUÂN ĐOÀN 3
1418,banra,1,3686364.00,2023-12-10 17:00:00,CÔNG TY TNHH MỘT THÀNH VIÊN HUY VŨ,CÔNG TY TNHH CÔNG NGHỆ NHONHO
1417,banra,1,12618182.00,2023-12-10 17:00:00,CÔNG TY TNHH MỘT THÀNH VIÊN HUY VŨ,THANH TRA HUYỆN MANG YANG
1416,banra,1,290909.00,2023-12-10 17:00:00,CÔNG TY TNHH MỘT THÀNH VIÊN HUY VŨ,CÔNG TY TRÁCH NHIỆM HỮU HẠN MỘT THÀNH VIÊN XĂNG DẦU BẮC TÂY NGUYÊN
15897,muavao,1,1081170.00,2023-01-31 17:00:00,Ngân hàng TMCP Sài Gòn Thương Tín - Chi nhánh Gia Lai,CONG TY TNHH MTV HUY VU
1415,banra,1,272727.00,2023-12-10 17:00:00,CÔNG TY TNHH MỘT THÀNH VIÊN HUY VŨ,CÔNG TY CỔ PHẦN BOT VÀ BT ĐỨC LONG GIA LAI
1414,banra,1,336364.00,2023-12-10 17:00:00,CÔNG TY TNHH MỘT THÀNH VIÊN HUY VŨ,CÔNG TY BẢO VIỆT GIA LAI
1413,banra,1,8709091.00,2023-12-10 17:00:00,CÔNG TY TNHH MỘT THÀNH VIÊN HUY VŨ,CÔNG TY TNHH NÔNG NGHIỆP HOÀNG MINH
1412,banra,1,200000.00,2023-12-10 17:00:00,CÔNG TY TNHH MỘT THÀNH VIÊN HUY VŨ,NGÂN HÀNG THƯƠNG MẠI CỔ PHẦN PHÁT TRIỂN THÀNH PHỐ HỒ CHÍ MINH
1411,banra,1,7227273.00,2023-12-10 17:00:00,CÔNG TY TNHH MỘT THÀNH VIÊN HUY VŨ,CÔNG TY CỔ PHẦN THỦY ĐIỆN SÔNG ĐÀ 3 - ĐAK LÔ
1410,banra,1,5263636.00,2023-12-10 17:00:00,CÔNG TY TNHH MỘT THÀNH VIÊN HUY VŨ,CÔNG TY TRÁCH NHIỆM HỮU HẠN MỘT THÀNH VIÊN CAO SU CHƯ PĂH
1409,banra,1,218182.00,2023-12-10 17:00:00,CÔNG TY TNHH MỘT THÀNH VIÊN HUY VŨ,CÔNG TY TNHH NHẤT HƯNG GIA LAI
1408,banra,1,15681818.00,2023-12-10 17:00:00,CÔNG TY TNHH MỘT THÀNH VIÊN HUY VŨ,CHI NHÁNH 716 THUỘC TỔNG CÔNG TY 15
1407,banra,1,2636364.00,2023-12-10 17:00:00,CÔNG TY TNHH MỘT THÀNH VIÊN HUY VŨ,CÔNG TY TRÁCH NHIỆM HỮU HẠN MỘT THÀNH VIÊN LÂM NGHIỆP ĐĂK ROONG
1406,banra,1,1227273.00,2023-12-09 17:00:00,CÔNG TY TNHH MỘT THÀNH VIÊN HUY VŨ,CÔNG TY CỔ PHẦN TẬP ĐOÀN HOA SEN - CHI NHÁNH TỈNH GIA LAI
1405,banra,1,1000000.00,2023-12-09 17:00:00,CÔNG TY TNHH MỘT THÀNH VIÊN HUY VŨ,CÔNG TY TNHH MỘT THÀNH VIÊN HẬU CẦN 28 SANG AN GIA LAI
1404,banra,1,418182.00,2023-12-09 17:00:00,CÔNG TY TNHH MỘT THÀNH VIÊN HUY VŨ,CÔNG TY TNHH PHÁT TRIỂN DU LỊCH LA MIA
1403,banra,1,18136364.00,2023-12-09 17:00:00,CÔNG TY TNHH MỘT THÀNH VIÊN HUY VŨ,CÔNG TY CỔ PHẦN TƯ VẤN XÂY DỰNG GIAO THÔNG AN BÌNH
1402,banra,1,290909.00,2023-12-09 17:00:00,CÔNG TY TNHH MỘT THÀNH VIÊN HUY VŨ,CÔNG TY CỔ PHẦN TƯ VẤN THIẾT KẾ THÀNH AN GIA LAI
1401,banra,1,15818182.00,2023-12-08 17:00:00,CÔNG TY TNHH MỘT THÀNH VIÊN HUY VŨ,TRUNG TÂM KIỂM ĐỊNH ĐẠN DƯỢC T265
15896,muavao,1,764803.00,2023-01-31 17:00:00,Ngân hàng TMCP Sài Gòn Thương Tín - Chi nhánh Gia Lai,CONG TY TNHH MTV HUY VU
1399,banra,1,27136364.00,2023-12-07 17:00:00,CÔNG TY TNHH MỘT THÀNH VIÊN HUY VŨ,CÔNG TY THUỶ ĐIỆN IA LY (CHI NHÁNH THUỘC TẬP ĐOÀN ĐIỆN LỰC VIỆT NAM)
1398,banra,1,1063636.00,2023-12-06 17:00:00,CÔNG TY TNHH MỘT THÀNH VIÊN HUY VŨ,CÔNG TY TRÁCH NHIỆM HỮU HẠN ĐÌNH PHÚC
1397,banra,1,1318182.00,2023-12-06 17:00:00,CÔNG TY TNHH MỘT THÀNH VIÊN HUY VŨ,CÔNG TY TNHH THƯƠNG MẠI SÀI GÒN – GIA LAI
1396,banra,1,500000.00,2023-12-06 17:00:00,CÔNG TY TNHH MỘT THÀNH VIÊN HUY VŨ,CÔNG TY TNHH MỘT THÀNH VIÊN THƯƠNG MẠI & DỊCH VỤ ĐÔNG HUY
1395,banra,1,35254546.00,2023-12-06 17:00:00,CÔNG TY TNHH MỘT THÀNH VIÊN HUY VŨ,BAN DÂN TỘC TỈNH GIA LAI
1394,banra,1,6990909.00,2023-12-06 17:00:00,CÔNG TY TNHH MỘT THÀNH VIÊN HUY VŨ,"TRUNG TÂM VĂN HÓA, THÔNG TIN VÀ THỂ THAO THÀNH PHỐ PLEIKU"
1393,banra,1,17627273.00,2023-12-05 17:00:00,CÔNG TY TNHH MỘT THÀNH VIÊN HUY VŨ,CÔNG TY CỔ PHẦN TƯ VẤN XÂY DỰNG GIAO THÔNG AN BÌNH
1392,banra,1,1000000.00,2023-12-05 17:00:00,CÔNG TY TNHH MỘT THÀNH VIÊN HUY VŨ,CÔNG TY TRÁCH NHIỆM HỮU HẠN MỘT THÀNH VIÊN THIÊN THANH G.A
1391,banra,1,10009091.00,2023-12-05 17:00:00,CÔNG TY TNHH MỘT THÀNH VIÊN HUY VŨ,CÔNG TY TNHH DUY TÍN TRAVEL
1390,banra,1,6690909.00,2023-12-05 17:00:00,CÔNG TY TNHH MỘT THÀNH VIÊN HUY VŨ,AGRIBANK  CHI NHÁNH THÀNH PHỐ PLEIKU GIA LAI
1389,banra,1,5227273.00,2023-12-05 17:00:00,CÔNG TY TNHH MỘT THÀNH VIÊN HUY VŨ,CÔNG TY TNHH KÍNH DIÊN HỒNG GIA LAI
1388,banra,1,3727273.00,2023-12-05 17:00:00,CÔNG TY TNHH MỘT THÀNH VIÊN HUY VŨ,AGRIBANK  CHI NHÁNH THÀNH PHỐ PLEIKU GIA LAI
1387,banra,3,0.00,2023-12-05 17:00:00,CÔNG TY TNHH MỘT THÀNH VIÊN HUY VŨ,VƯỜN QUỐC GIA KON KA KINH
1386,banra,1,17454545.00,2023-12-04 17:00:00,CÔNG TY TNHH MỘT THÀNH VIÊN HUY VŨ,CÔNG TY CỔ PHẦN TƯ VẤN XÂY DỰNG GIAO THÔNG AN BÌNH
1385,banra,1,2509259.00,2023-12-04 17:00:00,CÔNG TY TNHH MỘT THÀNH VIÊN HUY VŨ,CÔNG TY TNHH NGUYỄN QUANG
1368,banra,1,10681818.00,2023-11-30 17:00:00,CÔNG TY TNHH MỘT THÀNH VIÊN HUY VŨ,CÔNG TY TNHH TÂN GIA BĂNG
1384,banra,1,472727.00,2023-12-04 17:00:00,CÔNG TY TNHH MỘT THÀNH VIÊN HUY VŨ,CÔNG TY TNHH TOYOTA GIA LAI
1383,banra,1,12727273.00,2023-12-04 17:00:00,CÔNG TY TNHH MỘT THÀNH VIÊN HUY VŨ,BINH ĐOÀN 15 - CÔNG TY TNHH MTV TỔNG CÔNG TY 15
1382,banra,1,1409091.00,2023-12-04 17:00:00,CÔNG TY TNHH MỘT THÀNH VIÊN HUY VŨ,CÔNG TY CỔ PHẦN CHÈ BÀU CẠN
1381,banra,1,4045455.00,2023-12-04 17:00:00,CÔNG TY TNHH MỘT THÀNH VIÊN HUY VŨ,CÔNG TY TNHH KINH DOANH QUANG NGUYÊN GIA LAI
1380,banra,1,11427273.00,2023-12-04 17:00:00,CÔNG TY TNHH MỘT THÀNH VIÊN HUY VŨ,THANH TRA HUYỆN MANG YANG
1379,banra,1,1454545.00,2023-12-04 17:00:00,CÔNG TY TNHH MỘT THÀNH VIÊN HUY VŨ,BINH ĐOÀN 15 - CÔNG TY TNHH MTV TỔNG CÔNG TY 15
1378,banra,1,909091.00,2023-12-04 17:00:00,CÔNG TY TNHH MỘT THÀNH VIÊN HUY VŨ,CÔNG TY TNHH MỘT THÀNH VIÊN BÌNH DƯƠNG
1377,banra,1,2805556.00,2023-12-03 17:00:00,CÔNG TY TNHH MỘT THÀNH VIÊN HUY VŨ,CÔNG TY TNHH TH GLOBAL VIỆT NAM
1376,banra,1,17681818.00,2023-12-03 17:00:00,CÔNG TY TNHH MỘT THÀNH VIÊN HUY VŨ,CÔNG TY CỔ PHẦN TƯ VẤN XÂY DỰNG GIAO THÔNG AN BÌNH
1375,banra,1,425926.00,2023-12-03 17:00:00,CÔNG TY TNHH MỘT THÀNH VIÊN HUY VŨ,CÔNG TY TNHH MỘT THÀNH VIÊN TM DV XNK PHẠM GIA KHANG
1374,banra,1,900000.00,2023-12-03 17:00:00,CÔNG TY TNHH MỘT THÀNH VIÊN HUY VŨ,UBND XÃ HÒA PHÚ
1373,banra,1,2818182.00,2023-12-03 17:00:00,CÔNG TY TNHH MỘT THÀNH VIÊN HUY VŨ,UBND XÃ HÒA PHÚ
1372,banra,1,3590909.00,2023-12-02 17:00:00,CÔNG TY TNHH MỘT THÀNH VIÊN HUY VŨ,CÔNG TY TRÁCH NHIỆM HỮU HẠN MỘT THÀNH VIÊN XĂNG DẦU BẮC TÂY NGUYÊN
1371,banra,1,1572727.00,2023-12-02 17:00:00,CÔNG TY TNHH MỘT THÀNH VIÊN HUY VŨ,CÔNG TY CỔ PHẦN HỢP THÀNH PHÁT TÂY NGUYÊN
1370,banra,1,5636364.00,2023-12-01 17:00:00,CÔNG TY TNHH MỘT THÀNH VIÊN HUY VŨ,CÔNG TY TNHH MỘT THÀNH VIÊN TM DV XNK PHẠM GIA KHANG
1369,banra,1,1818182.00,2023-11-30 17:00:00,CÔNG TY TNHH MỘT THÀNH VIÊN HUY VŨ,CÔNG TY TNHH KỸ THUẬT TIN HỌC NLT
1367,banra,1,1045455.00,2023-11-30 17:00:00,CÔNG TY TNHH MỘT THÀNH VIÊN HUY VŨ,CÔNG TY CỔ PHẦN TRƯỜNG PHỔ THÔNG NGUYỄN VĂN LINH GIA LAI
1366,banra,1,1081818.00,2023-11-30 17:00:00,CÔNG TY TNHH MỘT THÀNH VIÊN HUY VŨ,CÔNG TY TNHH MỘT THÀNH VIÊN CAO SU CHƯ PRÔNG
1365,banra,1,1318182.00,2023-11-30 17:00:00,CÔNG TY TNHH MỘT THÀNH VIÊN HUY VŨ,CÔNG TY TRÁCH NHIỆM HỮU HẠN T.M.G
1364,banra,1,7309091.00,2023-11-30 17:00:00,CÔNG TY TNHH MỘT THÀNH VIÊN HUY VŨ,BỆNH VIỆN QUÂN Y 15
1363,banra,1,2481482.00,2023-11-30 17:00:00,CÔNG TY TNHH MỘT THÀNH VIÊN HUY VŨ,CÔNG TY TNHH NHƯ HOA TÂY NGUYÊN
1362,banra,1,2909091.00,2023-11-30 17:00:00,CÔNG TY TNHH MỘT THÀNH VIÊN HUY VŨ,PHÒNG AN NINH MẠNG VÀ PCTP SỬ DỤNG CÔNG NGHỆ CAO - CÔNG AN TỈNH GIA LAI
2388,muavao,1,234858773.00,2023-01-30 17:00:00,CÔNG TY TNHH MỘT THÀNH VIÊN CÔNG NGHỆ TIN HỌC VIỄN SƠN,CÔNG TY TNHH MỘT THÀNH VIÊN HUY VŨ
1495,muavao,1,49.00,2023-01-30 17:00:00,CÔNG TY CỔ PHẦN CÔNG NGHỆ VI MÔ,CÔNG TY TNHH MỘT THÀNH VIÊN HUY VŨ
1061,muavao,1,30000.00,2023-01-30 17:00:00,Ngân hàng Thương mại Cổ phần Đầu tư và Phát triển Việt Nam - Chi nhánh Gia Lai,CONG TY TNHH MTV HUY VU
56,muavao,1,275481818.00,2023-01-30 17:00:00,CHI NHÁNH CÔNG TY CỔ PHẦN ĐẦU TƯ VÀ PHÁT TRIỂN CÔNG NGHỆ QUỐC GIA ADG TẠI ĐÀ NẴNG,Công Ty TNHH Một Thành Viên Huy Vũ
24,muavao,1,8600000.00,2023-01-30 17:00:00,CÔNG TY TNHH ĐIỆN TỬ TIN HỌC KIM PHÁT,Công Ty Trách Nhiệm Hữu Hạn một thành viên Huy Vũ
13635,muavao,1,125000.00,2023-01-29 17:00:00,Ngân hàng TMCP Sài Gòn Thương Tín - Chi nhánh Gia Lai,CONG TY TNHH MTV HUY VU
13346,muavao,1,481.00,2023-01-29 17:00:00,Ngân hàng TMCP Sài Gòn Thương Tín - Chi nhánh Gia Lai,CONG TY TNHH MTV HUY VU
3229,muavao,1,1188000.00,2023-01-19 17:00:00,Công ty Cổ phần Mắt Bão,Công ty TNHH Một Thành Viên Huy Vũ
22621,muavao,1,1363636.00,2023-01-18 17:00:00,CÔNG TY TNHH MTV XĂNG DẦU BẮC TÂY NGUYÊN,CÔNG TY TNHH MỘT THÀNH VIÊN HUY VŨ
11424,muavao,1,524093.00,2023-01-18 17:00:00,Ngân hàng TMCP Sài Gòn Thương Tín - Chi nhánh Gia Lai,CONG TY TNHH MTV HUY VU
672,muavao,1,15000.00,2023-01-18 17:00:00,Ngân hàng TMCP Sài Gòn Thương Tín - Chi nhánh Gia Lai,CONG TY TNHH MTV HUY VU
671,muavao,1,28000.00,2023-01-18 17:00:00,Ngân hàng TMCP Sài Gòn Thương Tín - Chi nhánh Gia Lai,CONG TY TNHH MTV HUY VU
11033,muavao,1,23000.00,2023-01-17 17:00:00,Ngân hàng TMCP Sài Gòn Thương Tín - Chi nhánh Gia Lai,CONG TY TNHH MTV HUY VU
58,muavao,1,19636364.00,2023-01-17 17:00:00,CÔNG TY TNHH XUẤT NHẬP KHẨU LÊ TRẦN GIA,CÔNG TY TNHH MTV HUY VŨ
43,muavao,6,279572727.00,2023-01-17 17:00:00,CHI NHÁNH CÔNG TY CỔ PHẦN ĐẦU TƯ VÀ PHÁT TRIỂN CÔNG NGHỆ QUỐC GIA ADG TẠI ĐÀ NẴNG,Công Ty TNHH Một Thành Viên Huy Vũ
9697,muavao,1,23000.00,2023-01-16 17:00:00,Ngân hàng TMCP Sài Gòn Thương Tín - Chi nhánh Gia Lai,CONG TY TNHH MTV HUY VU
8318,muavao,1,23000.00,2023-01-15 17:00:00,Ngân hàng TMCP Sài Gòn Thương Tín - Chi nhánh Gia Lai,CONG TY TNHH MTV HUY VU
21,muavao,1,7590909.00,2023-01-15 17:00:00,CÔNG TY TNHH ĐIỆN TỬ TIN HỌC KIM PHÁT,Công Ty Trách Nhiệm Hữu Hạn một thành viên Huy Vũ
3664,muavao,1,4931820.00,2023-01-11 17:00:00,Công ty TNHH Phân phối Synnex FPT,Công ty TNHH MTV Huy Vũ
653,muavao,1,19700000.00,2023-01-11 17:00:00,CÔNG TY TNHH VI TÍNH ĐẠI TÀI LỘC,CÔNG TY TNHH MỘT THÀNH VIÊN HUY VŨ
471,muavao,1,26800000.00,2023-01-11 17:00:00,CÔNG TY TNHH MỘT THÀNH VIÊN CÔNG NGHỆ TIN HỌC VIỄN SƠN,CÔNG TY TNHH MỘT THÀNH VIÊN HUY VŨ
374,muavao,1,36000.00,2023-01-11 17:00:00,Ngân hàng TMCP Sài Gòn Thương Tín - Chi nhánh Gia Lai,CONG TY TNHH MTV HUY VU
5177,muavao,1,23000.00,2023-01-10 17:00:00,Ngân hàng TMCP Sài Gòn Thương Tín - Chi nhánh Gia Lai,CONG TY TNHH MTV HUY VU
76,muavao,1,2217000.00,2023-01-10 17:00:00,CHI NHÁNH CÔNG TY TNHH THƯƠNG MẠI - ĐẦU TƯ VÀ PHÁT TRIỂN,Công Ty TNHH MTV Huy Vũ
68,muavao,1,0.00,2023-01-10 17:00:00,CÔNG TY TNHH THƯƠNG MẠI KỸ THUẬT DIỆP KHÁNH,Công ty TNHH MTV Huy Vũ
15,muavao,1,7627272.00,2023-01-10 17:00:00,CÔNG TY TNHH ĐIỆN TỬ TIN HỌC KIM PHÁT,Công Ty Trách Nhiệm Hữu Hạn một thành viên Huy Vũ
14,muavao,1,3127272.00,2023-01-10 17:00:00,CÔNG TY TNHH ĐIỆN TỬ TIN HỌC KIM PHÁT,Công Ty Trách Nhiệm Hữu Hạn một thành viên Huy Vũ
3039252,muavao,1,11140822.00,2023-01-09 17:00:00,NGÂN HÀNG TMCP Á CHÂU,CTY TNHH MTV HUY VU
3023013,muavao,1,1084932.00,2023-01-09 17:00:00,NGÂN HÀNG TMCP Á CHÂU,CTY TNHH MTV HUY VU
3000275,muavao,1,663014.00,2023-01-09 17:00:00,NGÂN HÀNG TMCP Á CHÂU,CTY TNHH MTV HUY VU
11,muavao,1,17181818.00,2023-01-09 17:00:00,CÔNG TY TNHH ĐIỆN TỬ TIN HỌC KIM PHÁT,Công Ty Trách Nhiệm Hữu Hạn một thành viên Huy Vũ
110,muavao,1,3760000.00,2023-01-08 17:00:00,CÔNG TY TNHH ĐẦU TƯ CÔNG NGHỆ ÂM THANH TRIỆU GIA,CÔNG TY TNHH MỘT THÀNH VIÊN HUY VŨ
57,muavao,1,21194546.00,2023-01-08 17:00:00,Chi nhánh Công ty Cổ phần thương mại Tin học Hưng Long,CÔNG TY TNHH MỘT THÀNH VIÊN  HUY VŨ
1929293,muavao,1,18182.00,2023-01-06 17:00:00,NGÂN HÀNG TMCP Á CHÂU,CTY TNHH MTV HUY VU
1967,muavao,1,23000.00,2023-01-05 17:00:00,Ngân hàng TMCP Sài Gòn Thương Tín - Chi nhánh Gia Lai,CONG TY TNHH MTV HUY VU
1845,muavao,1,14090908.00,2023-01-05 17:00:00,Công ty TNHH Phân phối Synnex FPT,Công ty TNHH MTV Huy Vũ
88,muavao,1,11081818.00,2023-01-05 17:00:00,Công ty TNHH Tin Học Kim Thiên Bảo,CÔNG TY TNHH MỘT THÀNH VIÊN HUY VŨ
5,muavao,1,1345454.00,2023-01-03 17:00:00,CÔNG TY TNHH ĐIỆN TỬ TIN HỌC KIM PHÁT,Công Ty Trách Nhiệm Hữu Hạn một thành viên Huy Vũ
2,muavao,1,3359100.00,2023-01-03 17:00:00,Công Ty TNHH Công Nghệ Và Thương Mại Mai Khanh,Công Ty TNHH MTV Huy Vũ
273,muavao,1,1423057.00,2023-01-02 17:00:00,Ngân hàng TMCP Sài Gòn Thương Tín - Chi nhánh Gia Lai,CONG TY TNHH MTV HUY VU
272,muavao,1,614371.00,2023-01-02 17:00:00,Ngân hàng TMCP Sài Gòn Thương Tín - Chi nhánh Gia Lai,CONG TY TNHH MTV HUY VU
271,muavao,1,371091.00,2023-01-02 17:00:00,Ngân hàng TMCP Sài Gòn Thương Tín - Chi nhánh Gia Lai,CONG TY TNHH MTV HUY VU
270,muavao,1,436259.00,2023-01-02 17:00:00,Ngân hàng TMCP Sài Gòn Thương Tín - Chi nhánh Gia Lai,CONG TY TNHH MTV HUY VU
269,muavao,1,219418.00,2023-01-02 17:00:00,Ngân hàng TMCP Sài Gòn Thương Tín - Chi nhánh Gia Lai,CONG TY TNHH MTV HUY VU
268,muavao,1,287987.00,2023-01-02 17:00:00,Ngân hàng TMCP Sài Gòn Thương Tín - Chi nhánh Gia Lai,CONG TY TNHH MTV HUY VU
267,muavao,1,937365.00,2023-01-02 17:00:00,Ngân hàng TMCP Sài Gòn Thương Tín - Chi nhánh Gia Lai,CONG TY TNHH MTV HUY VU
266,muavao,1,1398792.00,2023-01-02 17:00:00,Ngân hàng TMCP Sài Gòn Thương Tín - Chi nhánh Gia Lai,CONG TY TNHH MTV HUY VU
265,muavao,1,778197.00,2023-01-02 17:00:00,Ngân hàng TMCP Sài Gòn Thương Tín - Chi nhánh Gia Lai,CONG TY TNHH MTV HUY VU
264,muavao,1,1119032.00,2023-01-02 17:00:00,Ngân hàng TMCP Sài Gòn Thương Tín - Chi nhánh Gia Lai,CONG TY TNHH MTV HUY VU
263,muavao,1,523778.00,2023-01-02 17:00:00,Ngân hàng TMCP Sài Gòn Thương Tín - Chi nhánh Gia Lai,CONG TY TNHH MTV HUY VU
262,muavao,1,488178.00,2023-01-02 17:00:00,Ngân hàng TMCP Sài Gòn Thương Tín - Chi nhánh Gia Lai,CONG TY TNHH MTV HUY VU
261,muavao,1,441320.00,2023-01-02 17:00:00,Ngân hàng TMCP Sài Gòn Thương Tín - Chi nhánh Gia Lai,CONG TY TNHH MTV HUY VU
260,muavao,1,1270908.00,2023-01-02 17:00:00,Ngân hàng TMCP Sài Gòn Thương Tín - Chi nhánh Gia Lai,CONG TY TNHH MTV HUY VU
259,muavao,1,428468.00,2023-01-02 17:00:00,Ngân hàng TMCP Sài Gòn Thương Tín - Chi nhánh Gia Lai,CONG TY TNHH MTV HUY VU
258,muavao,1,3702684.00,2023-01-02 17:00:00,Ngân hàng TMCP Sài Gòn Thương Tín - Chi nhánh Gia Lai,CONG TY TNHH MTV HUY VU
257,muavao,1,740536.00,2023-01-02 17:00:00,Ngân hàng TMCP Sài Gòn Thương Tín - Chi nhánh Gia Lai,CONG TY TNHH MTV HUY VU
255,muavao,1,1046867.00,2023-01-02 17:00:00,Ngân hàng TMCP Sài Gòn Thương Tín - Chi nhánh Gia Lai,CONG TY TNHH MTV HUY VU
254,muavao,1,738603.00,2023-01-02 17:00:00,Ngân hàng TMCP Sài Gòn Thương Tín - Chi nhánh Gia Lai,CONG TY TNHH MTV HUY VU
41,muavao,1,8730000.00,2023-01-02 17:00:00,CÔNG TY TNHH MỘT THÀNH VIÊN CÔNG NGHỆ TIN HỌC VIỄN SƠN,CÔNG TY TNHH MỘT THÀNH VIÊN HUY VŨ
32,muavao,1,440632545.00,2023-01-02 17:00:00,CÔNG TY TNHH MỘT THÀNH VIÊN CÔNG NGHỆ TIN HỌC VIỄN SƠN,CÔNG TY TNHH MỘT THÀNH VIÊN HUY VŨ
25,muavao,1,8610000.00,2023-01-02 17:00:00,CÔNG TY TNHH CÔNG NGHỆ SONG PHÁT,CÔNG TY TNHH MỘT THÀNH VIÊN HUY VŨ
8,muavao,1,9000000.00,2023-01-02 17:00:00,Công ty cổ phần đầu tư & thương mại Đại Phát,CÔNG TY TNHH MỘT THÀNH VIÊN HUY VŨ
2,muavao,1,381818.00,2023-01-02 17:00:00,CÔNG TY TNHH ĐIỆN TỬ TIN HỌC KIM PHÁT,Công Ty Trách Nhiệm Hữu Hạn một thành viên Huy Vũ
49876,muavao,1,42850000.00,2023-02-27 17:00:00,CÔNG TY CỔ PHẦN THẾ GIỚI SỐ,Công Ty TNHH MTV Huy Vũ
49874,muavao,1,85700000.00,2023-02-27 17:00:00,CÔNG TY CỔ PHẦN THẾ GIỚI SỐ,Công Ty TNHH MTV Huy Vũ
49870,muavao,1,85700000.00,2023-02-27 17:00:00,CÔNG TY CỔ PHẦN THẾ GIỚI SỐ,Công Ty TNHH MTV Huy Vũ
21007,muavao,1,-8181818.00,2023-02-27 17:00:00,Công ty TNHH Phân phối Synnex FPT,Công ty TNHH MTV Huy Vũ
13151,muavao,1,1250000.00,2023-02-27 17:00:00,CÔNG TY CỔ PHẦN DỊCH VỤ PHÂN PHỐI TỔNG HỢP DẦU KHÍ,Công ty TNHH  Một Thành Viên Huy Vũ
12830,muavao,1,60000.00,2023-02-27 17:00:00,NGAN HANG TMCP PHAT TRIEN THANH PHO HO CHI MINH,CONG TY TNHH MOT THANH VIEN HUY VU
12829,muavao,1,9797385.00,2023-02-27 17:00:00,NGAN HANG TMCP PHAT TRIEN THANH PHO HO CHI MINH,CONG TY TNHH MOT THANH VIEN HUY VU
9841,muavao,1,54181818.00,2023-02-27 17:00:00,CÔNG TY TNHH MỘT THÀNH VIÊN CÔNG NGHỆ TIN HỌC VIỄN SƠN,CÔNG TY TNHH MỘT THÀNH VIÊN HUY VŨ
3815,muavao,1,23295454.00,2023-02-27 17:00:00,CÔNG TY TNHH VI TÍNH ĐẠI TÀI LỘC,CÔNG TY TNHH MỘT THÀNH VIÊN HUY VŨ
3772,muavao,1,18059091.00,2023-02-27 17:00:00,CÔNG TY TNHH VI TÍNH ĐẠI TÀI LỘC,CÔNG TY TNHH MỘT THÀNH VIÊN HUY VŨ
3342,muavao,1,74754545.00,2023-02-27 17:00:00,CÔNG TY CỔ PHẦN MÁY TÍNH VĨNH XUÂN - CHI NHÁNH THÀNH PHỐ HỒ CHÍ MINH,CÔNG TY TNHH MỘT THÀNH VIÊN HUY VŨ
2991,muavao,1,30000.00,2023-02-27 17:00:00,Ngân hàng Thương mại Cổ phần Đầu tư và Phát triển Việt Nam - Chi nhánh Gia Lai,CONG TY TNHH MTV HUY VU
1339,muavao,1,40000.00,2023-02-27 17:00:00,Ngân hàng TMCP Sài Gòn Thương Tín - Chi nhánh Gia Lai,CONG TY TNHH MTV HUY VU
1338,muavao,1,40000.00,2023-02-27 17:00:00,Ngân hàng TMCP Sài Gòn Thương Tín - Chi nhánh Gia Lai,CONG TY TNHH MTV HUY VU
1337,muavao,1,40000.00,2023-02-27 17:00:00,Ngân hàng TMCP Sài Gòn Thương Tín - Chi nhánh Gia Lai,CONG TY TNHH MTV HUY VU
1015,muavao,1,0.00,2023-02-27 17:00:00,CHI NHÁNH CÔNG TY CỔ PHẦN KỸ THUẬT CÔNG NGHỆ NAM THÀNH,Công ty TNHH  Một Thành Viên Huy Vũ
722,muavao,1,206873.00,2023-02-27 17:00:00,CÔNG TY DỊCH VỤ MOBIFONE KHU VỰC 1 - CHI NHÁNH TỔNG CÔNG TY VIỄN THÔNG MOBIFONE,CÔNG TY TNHH MỘT THÀNH VIÊN HUY VŨ
704,muavao,1,13527323.00,2023-02-26 17:00:00,CÔNG TY TNHH PHÂN PHỐI PHƯƠNG VIỆT,CÔNG TY TNHH MỘT THÀNH VIÊN HUY VŨ
54,muavao,1,1445454.00,2023-02-26 17:00:00,CÔNG TY TNHH ĐIỆN TỬ TIN HỌC KIM PHÁT,Công Ty Trách Nhiệm Hữu Hạn một thành viên Huy Vũ
3477,muavao,1,9909091.00,2023-02-23 17:00:00,CÔNG TY CỔ PHẦN MÁY TÍNH VĨNH XUÂN,CÔNG TY TNHH MỘT THÀNH VIÊN HUY VŨ
1071,muavao,1,5818182.00,2023-02-22 17:00:00,CÔNG TY TNHH PHƯƠNG KHANG COMPUTER,CÔNG TY TNHH MỘT THÀNH VIÊN HUY VŨ
1008,muavao,1,14500000.00,2023-02-22 17:00:00,Công ty TNHH Tin Học Kim Thiên Bảo,CÔNG TY TNHH MỘT THÀNH VIÊN HUY VŨ
926,muavao,1,18400000.00,2023-02-22 17:00:00,CHI NHÁNH CÔNG TY CỔ PHẦN KỸ THUẬT CÔNG NGHỆ NAM THÀNH,Công ty TNHH  Một Thành Viên Huy Vũ
111,muavao,1,5290000.00,2023-02-22 17:00:00,CÔNG TY TNHH THƯƠNG MẠI VÀ PHÁT TRIỂN CÔNG NGHỆ ĐỨC PHÁP,CÔNG TY TRÁCH NHIỆM HỮU HẠN MTV HUY VŨ
29772,muavao,1,304666.00,2023-02-21 17:00:00,Ngân hàng TMCP Sài Gòn Thương Tín - Chi nhánh Gia Lai,CONG TY TNHH MTV HUY VU
1161,muavao,1,6409091.00,2023-02-21 17:00:00,CÔNG TY TNHH THƯƠNG MẠI DỊCH VỤ TIN HỌC ANH PHƯƠNG A.P.C.O.M,CÔNG TY TNHH MỘT THÀNH VIÊN HUY VŨ
45189,muavao,1,49050000.00,2023-02-20 17:00:00,CÔNG TY CỔ PHẦN THẾ GIỚI SỐ,Công Ty TNHH MTV Huy Vũ
27273,muavao,1,23000.00,2023-02-20 17:00:00,Ngân hàng TMCP Sài Gòn Thương Tín - Chi nhánh Gia Lai,CONG TY TNHH MTV HUY VU
8337,muavao,1,44636364.00,2023-02-20 17:00:00,CÔNG TY TNHH MỘT THÀNH VIÊN CÔNG NGHỆ TIN HỌC VIỄN SƠN,CÔNG TY TNHH MỘT THÀNH VIÊN HUY VŨ
1190,muavao,1,40000.00,2023-02-20 17:00:00,Ngân hàng TMCP Sài Gòn Thương Tín - Chi nhánh Gia Lai,CONG TY TNHH MTV HUY VU
1189,muavao,1,40000.00,2023-02-20 17:00:00,Ngân hàng TMCP Sài Gòn Thương Tín - Chi nhánh Gia Lai,CONG TY TNHH MTV HUY VU
49,muavao,1,22854546.00,2023-02-20 17:00:00,CÔNG TY TNHH ĐIỆN TỬ TIN HỌC KIM PHÁT,Công Ty Trách Nhiệm Hữu Hạn một thành viên Huy Vũ
26686,muavao,1,828785.00,2023-02-19 17:00:00,Ngân hàng TMCP Sài Gòn Thương Tín - Chi nhánh Gia Lai,CONG TY TNHH MTV HUY VU
1152,muavao,1,40000.00,2023-02-19 17:00:00,Ngân hàng TMCP Sài Gòn Thương Tín - Chi nhánh Gia Lai,CONG TY TNHH MTV HUY VU
1151,muavao,1,40000.00,2023-02-19 17:00:00,Ngân hàng TMCP Sài Gòn Thương Tín - Chi nhánh Gia Lai,CONG TY TNHH MTV HUY VU
127,muavao,1,3400000.00,2023-02-19 17:00:00,Công ty cổ phần đầu tư & thương mại Đại Phát,CÔNG TY TNHH MỘT THÀNH VIÊN HUY VŨ
177,muavao,1,23545455.00,2023-02-17 17:00:00,CÔNG TY TNHH XUẤT NHẬP KHẨU LÊ TRẦN GIA,CÔNG TY TNHH MTV HUY VŨ
15895,muavao,1,893213.00,2023-01-31 17:00:00,Ngân hàng TMCP Sài Gòn Thương Tín - Chi nhánh Gia Lai,CONG TY TNHH MTV HUY VU
47,muavao,1,3286603.00,2023-02-17 17:00:00,CÔNG TY TNHH ĐIỆN TỬ TIN HỌC KIM PHÁT,Công Ty Trách Nhiệm Hữu Hạn một thành viên Huy Vũ
1109,muavao,1,28633.00,2023-02-16 17:00:00,Ngân hàng TMCP Sài Gòn Thương Tín - Chi nhánh Gia Lai,CONG TY TNHH MTV HUY VU
826,muavao,1,39936364.00,2023-02-16 17:00:00,CHI NHÁNH CÔNG TY CỔ PHẦN KỸ THUẬT CÔNG NGHỆ NAM THÀNH,Công ty TNHH  Một Thành Viên Huy Vũ
7126,muavao,1,1278837.00,2023-02-15 17:00:00,CÔNG TY TNHH MỘT THÀNH VIÊN CÔNG NGHỆ TIN HỌC VIỄN SƠN,CÔNG TY TNHH MỘT THÀNH VIÊN HUY VŨ
7125,muavao,1,5102450.00,2023-02-15 17:00:00,CÔNG TY TNHH MỘT THÀNH VIÊN CÔNG NGHỆ TIN HỌC VIỄN SƠN,CÔNG TY TNHH MỘT THÀNH VIÊN HUY VŨ
167,muavao,1,39090909.00,2023-02-14 17:00:00,CHI NHÁNH CÔNG TY CỔ PHẦN HUETRONICS (TỈNH THỪA THIÊN HUẾ),CÔNG TY TNHH MỘT THÀNH VIÊN HUY VŨ
44,muavao,1,47399989.00,2023-02-14 17:00:00,CÔNG TY TNHH ĐIỆN TỬ TIN HỌC KIM PHÁT,Công Ty Trách Nhiệm Hữu Hạn một thành viên Huy Vũ
36776,muavao,1,85700000.00,2023-02-13 17:00:00,CÔNG TY CỔ PHẦN THẾ GIỚI SỐ,Công Ty TNHH MTV Huy Vũ
36709,muavao,1,23731818.00,2023-02-13 17:00:00,CÔNG TY CỔ PHẦN THẾ GIỚI SỐ,Công Ty TNHH MTV Huy Vũ
23811,muavao,1,220418.00,2023-02-13 17:00:00,Ngân hàng TMCP Sài Gòn Thương Tín - Chi nhánh Gia Lai,CONG TY TNHH MTV HUY VU
23810,muavao,1,535929.00,2023-02-13 17:00:00,Ngân hàng TMCP Sài Gòn Thương Tín - Chi nhánh Gia Lai,CONG TY TNHH MTV HUY VU
2617,muavao,1,46836356.00,2023-02-13 17:00:00,CÔNG TY CỔ PHẦN TIN HỌC VIẾT SƠN,CÔNG TY TNHH MỘT THÀNH VIÊN  HUY VŨ
1037,muavao,1,24776.00,2023-02-13 17:00:00,Ngân hàng TMCP Sài Gòn Thương Tín - Chi nhánh Gia Lai,CONG TY TNHH MTV HUY VU
550,muavao,1,6081818.00,2023-02-13 17:00:00,CÔNG TY CỔ PHẦN ĐẦU TƯ PHÁT TRIỂN CÔNG NGHỆ ROBO,CÔNG TY TNHH MỘT THÀNH VIÊN HUY VŨ
21801,muavao,1,501506.00,2023-02-12 17:00:00,Ngân hàng TMCP Sài Gòn Thương Tín - Chi nhánh Gia Lai,CONG TY TNHH MTV HUY VU
21799,muavao,1,227567.00,2023-02-12 17:00:00,Ngân hàng TMCP Sài Gòn Thương Tín - Chi nhánh Gia Lai,CONG TY TNHH MTV HUY VU
21797,muavao,1,244162.00,2023-02-12 17:00:00,Ngân hàng TMCP Sài Gòn Thương Tín - Chi nhánh Gia Lai,CONG TY TNHH MTV HUY VU
15894,muavao,1,1465199.00,2023-01-31 17:00:00,Ngân hàng TMCP Sài Gòn Thương Tín - Chi nhánh Gia Lai,CONG TY TNHH MTV HUY VU
7890,muavao,1,27954545.00,2023-02-12 17:00:00,CÔNG TY CỔ PHẦN DỊCH VỤ PHÂN PHỐI TỔNG HỢP DẦU KHÍ,Công ty TNHH  Một Thành Viên Huy Vũ
5677,muavao,1,94205409.00,2023-02-12 17:00:00,CÔNG TY TNHH MỘT THÀNH VIÊN CÔNG NGHỆ TIN HỌC VIỄN SƠN,CÔNG TY TNHH MỘT THÀNH VIÊN HUY VŨ
2423,muavao,1,24127273.00,2023-02-12 17:00:00,CÔNG TY TNHH MỘT THÀNH VIÊN CÔNG NGHỆ TIN HỌC VIỄN SƠN,CÔNG TY TNHH MỘT THÀNH VIÊN HUY VŨ
988,muavao,1,23000.00,2023-02-12 17:00:00,Ngân hàng TMCP Sài Gòn Thương Tín - Chi nhánh Gia Lai,CONG TY TNHH MTV HUY VU
987,muavao,1,60000.00,2023-02-12 17:00:00,Ngân hàng TMCP Sài Gòn Thương Tín - Chi nhánh Gia Lai,CONG TY TNHH MTV HUY VU
986,muavao,1,40000.00,2023-02-12 17:00:00,Ngân hàng TMCP Sài Gòn Thương Tín - Chi nhánh Gia Lai,CONG TY TNHH MTV HUY VU
983,muavao,1,23000.00,2023-02-12 17:00:00,Ngân hàng TMCP Sài Gòn Thương Tín - Chi nhánh Gia Lai,CONG TY TNHH MTV HUY VU
673,muavao,1,67045455.00,2023-02-12 17:00:00,CÔNG TY TNHH PHƯƠNG KHANG COMPUTER,CÔNG TY TNHH MỘT THÀNH VIÊN HUY VŨ
622,muavao,1,10359086.00,2023-02-12 17:00:00,CÔNG TY TNHH THƯƠNG MẠI DỊCH VỤ QUỐC VIỆT,Công Ty TNHH Một Thành Viên Huy Vũ
475,muavao,1,13730700.00,2023-02-12 17:00:00,CÔNG TY TNHH PHÂN PHỐI PHƯƠNG VIỆT,CÔNG TY TNHH MỘT THÀNH VIÊN HUY VŨ
42,muavao,1,20281835.00,2023-02-12 17:00:00,CÔNG TY TNHH ĐIỆN TỬ TIN HỌC KIM PHÁT,Công Ty Trách Nhiệm Hữu Hạn một thành viên Huy Vũ
34,muavao,1,3280000.00,2023-02-12 17:00:00,CÔNG TY TNHH FINTECS,CÔNG TY TNHH MỘT THÀNH VIÊN HUY VŨ
10185604,muavao,1,18182.00,2023-02-10 17:00:00,NGÂN HÀNG TMCP Á CHÂU,CTY TNHH MTV HUY VU
7784,muavao,1,53863636.00,2023-02-10 17:00:00,CÔNG TY CỔ PHẦN DỊCH VỤ PHÂN PHỐI TỔNG HỢP DẦU KHÍ,Công ty TNHH  Một Thành Viên Huy Vũ
7695,muavao,1,38454545.00,2023-02-10 17:00:00,CÔNG TY CỔ PHẦN DỊCH VỤ PHÂN PHỐI TỔNG HỢP DẦU KHÍ,Công ty TNHH  Một Thành Viên Huy Vũ
362,muavao,1,17772727.00,2023-02-10 17:00:00,Chi nhánh Công ty Cổ phần thương mại Tin học Hưng Long,CÔNG TY TNHH MỘT THÀNH VIÊN  HUY VŨ
9473353,muavao,1,1868493.00,2023-02-09 17:00:00,NGÂN HÀNG TMCP Á CHÂU,CTY TNHH MTV HUY VU
7605,muavao,1,33636364.00,2023-02-09 17:00:00,CÔNG TY CỔ PHẦN DỊCH VỤ PHÂN PHỐI TỔNG HỢP DẦU KHÍ,Công ty TNHH  Một Thành Viên Huy Vũ
7574,muavao,1,22727273.00,2023-02-09 17:00:00,CÔNG TY CỔ PHẦN DỊCH VỤ PHÂN PHỐI TỔNG HỢP DẦU KHÍ,Công ty TNHH  Một Thành Viên Huy Vũ
2279,muavao,1,27272727.00,2023-02-09 17:00:00,CÔNG TY TNHH MỘT THÀNH VIÊN CÔNG NGHỆ TIN HỌC VIỄN SƠN,CÔNG TY TNHH MỘT THÀNH VIÊN HUY VŨ
20883,muavao,1,226605.00,2023-02-08 17:00:00,Ngân hàng TMCP Sài Gòn Thương Tín - Chi nhánh Gia Lai,CONG TY TNHH MTV HUY VU
8835,muavao,1,1513636.00,2023-02-08 17:00:00,Công ty TNHH TP-Link Technologies Việt Nam,CÔNG TY TNHH MỘT THÀNH VIÊN HUY VŨ
20520,muavao,1,23000.00,2023-02-07 17:00:00,Ngân hàng TMCP Sài Gòn Thương Tín - Chi nhánh Gia Lai,CONG TY TNHH MTV HUY VU
20519,muavao,1,23000.00,2023-02-07 17:00:00,Ngân hàng TMCP Sài Gòn Thương Tín - Chi nhánh Gia Lai,CONG TY TNHH MTV HUY VU
4488,muavao,1,19181818.00,2023-02-07 17:00:00,CÔNG TY TNHH MỘT THÀNH VIÊN CÔNG NGHỆ TIN HỌC VIỄN SƠN,CÔNG TY TNHH MỘT THÀNH VIÊN HUY VŨ
547,muavao,1,18036364.00,2023-02-07 17:00:00,CÔNG TY TNHH PHƯƠNG KHANG COMPUTER,CÔNG TY TNHH MỘT THÀNH VIÊN HUY VŨ
492,muavao,1,454545.00,2023-02-07 17:00:00,CÔNG TY TNHH ĐẦU TƯ CÔNG NGHỆ ÂM THANH TRIỆU GIA,CÔNG TY TNHH MỘT THÀNH VIÊN HUY VŨ
28949,muavao,1,12590906.00,2023-02-06 17:00:00,CÔNG TY CỔ PHẦN THẾ GIỚI SỐ,Công Ty TNHH MTV Huy Vũ
28876,muavao,1,22216364.00,2023-02-06 17:00:00,CÔNG TY CỔ PHẦN THẾ GIỚI SỐ,Công Ty TNHH MTV Huy Vũ
20315,muavao,1,333060.00,2023-02-06 17:00:00,Ngân hàng TMCP Sài Gòn Thương Tín - Chi nhánh Gia Lai,CONG TY TNHH MTV HUY VU
409,muavao,1,10609091.00,2023-02-06 17:00:00,CÔNG TY TNHH ĐẦU TƯ CÔNG NGHỆ ÂM THANH TRIỆU GIA,CÔNG TY TNHH MỘT THÀNH VIÊN HUY VŨ
341,muavao,1,3363491.00,2023-02-06 17:00:00,CÔNG TY CỔ PHẦN THƯƠNG MẠI - DỊCH VỤ SAO NAM AN,Công Ty TNHH Một Thành Viên Huy Vũ
19,muavao,1,1663636.00,2023-02-06 17:00:00,CÔNG TY TNHH THƯƠNG MẠI & DỊCH VỤ ĐẠI SƠN,CÔNG TY TNHH MỘT THÀNH VIÊN HUY VŨ
15893,muavao,1,731151.00,2023-01-31 17:00:00,Ngân hàng TMCP Sài Gòn Thương Tín - Chi nhánh Gia Lai,CONG TY TNHH MTV HUY VU
18,muavao,1,5100000.00,2023-02-06 17:00:00,CÔNG TY TNHH THƯƠNG MẠI VÀ DỊCH VỤ CÔNG NGHỆ VTECH,CÔNG TY TNHH MỘT THÀNH VIÊN HUY VŨ
83499,muavao,1,236818.00,2023-02-05 17:00:00,CÔNG TY DỊCH VỤ MOBIFONE KHU VỰC 7 - CHI NHÁNH TỔNG CÔNG TY VIỄN THÔNG MOBIFONE,Công ty TNHH MTV Huy Vũ
17934,muavao,1,183287.00,2023-02-05 17:00:00,Ngân hàng TMCP Sài Gòn Thương Tín - Chi nhánh Gia Lai,CONG TY TNHH MTV HUY VU
1790,muavao,1,15454545.00,2023-02-05 17:00:00,CÔNG TY CỔ PHẦN MÁY TÍNH VĨNH XUÂN,CÔNG TY TNHH MỘT THÀNH VIÊN HUY VŨ
1673,muavao,1,10072727.00,2023-02-05 17:00:00,CÔNG TY TNHH VI TÍNH ĐẠI TÀI LỘC,CÔNG TY TNHH MỘT THÀNH VIÊN HUY VŨ
152,muavao,1,5458650.00,2023-02-05 17:00:00,CÔNG TY TNHH THƯƠNG MẠI DỊCH VỤ SẢN XUẤT XUẤT NHẬP KHẨU MỰC IN VIỆT NHẬT,CÔNG TY TNHH MỘT THÀNH VIÊN HUY VŨ
100,muavao,1,19636364.00,2023-02-05 17:00:00,CÔNG TY TNHH XUẤT NHẬP KHẨU LÊ TRẦN GIA,CÔNG TY TNHH MTV HUY VŨ
62,muavao,1,6730800.00,2023-02-05 17:00:00,CÔNG TY CỔ PHẦN THIẾT BỊ VĂN PHÒNG SIÊU THANH - CHI NHÁNH ĐẮK LẮK,CÔNG TY TNHH MỘT THÀNH VIÊN HUY VŨ
33,muavao,1,13545455.00,2023-02-05 17:00:00,CÔNG TY TNHH ĐIỆN TỬ TIN HỌC KIM PHÁT,Công Ty Trách Nhiệm Hữu Hạn một thành viên Huy Vũ
17575,muavao,1,86904.00,2023-02-02 17:00:00,Ngân hàng TMCP Sài Gòn Thương Tín - Chi nhánh Gia Lai,CONG TY TNHH MTV HUY VU
2996,muavao,1,9854618.00,2023-02-02 17:00:00,CÔNG TY TNHH MỘT THÀNH VIÊN CÔNG NGHỆ TIN HỌC VIỄN SƠN,CÔNG TY TNHH MỘT THÀNH VIÊN HUY VŨ
2924,muavao,1,38297273.00,2023-02-02 17:00:00,CÔNG TY TNHH MỘT THÀNH VIÊN CÔNG NGHỆ TIN HỌC VIỄN SƠN,CÔNG TY TNHH MỘT THÀNH VIÊN HUY VŨ
2922,muavao,1,103314545.00,2023-02-02 17:00:00,CÔNG TY TNHH MỘT THÀNH VIÊN CÔNG NGHỆ TIN HỌC VIỄN SƠN,CÔNG TY TNHH MỘT THÀNH VIÊN HUY VŨ
1403,muavao,1,7583636.00,2023-02-02 17:00:00,CÔNG TY TNHH VI TÍNH ĐẠI TÀI LỘC,CÔNG TY TNHH MỘT THÀNH VIÊN HUY VŨ
816,muavao,1,23000.00,2023-02-02 17:00:00,Ngân hàng TMCP Sài Gòn Thương Tín - Chi nhánh Gia Lai,CONG TY TNHH MTV HUY VU
815,muavao,1,40000.00,2023-02-02 17:00:00,Ngân hàng TMCP Sài Gòn Thương Tín - Chi nhánh Gia Lai,CONG TY TNHH MTV HUY VU
396,muavao,1,19211820.00,2023-02-01 17:00:00,CÔNG TY TNHH THƯƠNG MẠI DỊCH VỤ QUỐC VIỆT,Công Ty TNHH Một Thành Viên Huy Vũ
214,muavao,1,18836364.00,2023-02-01 17:00:00,Chi nhánh Công ty Cổ phần thương mại Tin học Hưng Long,CÔNG TY TNHH MỘT THÀNH VIÊN  HUY VŨ
165,muavao,1,8090909.00,2023-02-01 17:00:00,CÔNG TY CỔ PHẦN RIOTECH,CÔNG TY TNHH MỘT THÀNH VIÊN HUY VŨ
25965907,muavao,1,350000.00,2023-01-31 17:00:00,Tập đoàn Công nghiệp - Viễn thông Quân đội,Công Ty Tnhh Huy Vũ
106678,muavao,1,374218.00,2023-01-31 17:00:00,TRUNG TÂM KINH DOANH VNPT - GIA LAI - CHI NHÁNH TỔNG CÔNG TY DỊCH VỤ VIỄN THÔNG,Công Ty TNHH MTV Huy Vũ
106580,muavao,1,234510.00,2023-01-31 17:00:00,TRUNG TÂM KINH DOANH VNPT - GIA LAI - CHI NHÁNH TỔNG CÔNG TY DỊCH VỤ VIỄN THÔNG,Công Ty TNHH MTV Huy Vũ
106579,muavao,1,359374.00,2023-01-31 17:00:00,TRUNG TÂM KINH DOANH VNPT - GIA LAI - CHI NHÁNH TỔNG CÔNG TY DỊCH VỤ VIỄN THÔNG,Công Ty TNHH MTV Huy Vũ
90977,muavao,1,249636.00,2023-01-31 17:00:00,TRUNG TÂM KINH DOANH VNPT - GIA LAI - CHI NHÁNH TỔNG CÔNG TY DỊCH VỤ VIỄN THÔNG,Công Ty TNHH MTV Huy Vũ
60191,muavao,1,274000.00,2023-01-31 17:00:00,TRUNG TÂM KINH DOANH VNPT - GIA LAI - CHI NHÁNH TỔNG CÔNG TY DỊCH VỤ VIỄN THÔNG,Công Ty TNHH MTV Huy Vũ
60146,muavao,1,20000.00,2023-01-31 17:00:00,TRUNG TÂM KINH DOANH VNPT - GIA LAI - CHI NHÁNH TỔNG CÔNG TY DỊCH VỤ VIỄN THÔNG,Công Ty TNHH MTV Huy Vũ
60093,muavao,1,24545.00,2023-01-31 17:00:00,TRUNG TÂM KINH DOANH VNPT - GIA LAI - CHI NHÁNH TỔNG CÔNG TY DỊCH VỤ VIỄN THÔNG,Công Ty  TNHH MTV Huy Vũ
60092,muavao,1,25400.00,2023-01-31 17:00:00,TRUNG TÂM KINH DOANH VNPT - GIA LAI - CHI NHÁNH TỔNG CÔNG TY DỊCH VỤ VIỄN THÔNG,Công Ty TNHH MTV  Huy Vũ
59893,muavao,1,213636.00,2023-01-31 17:00:00,TRUNG TÂM KINH DOANH VNPT - GIA LAI - CHI NHÁNH TỔNG CÔNG TY DỊCH VỤ VIỄN THÔNG,Cửa Hàng Máy Tình Trường Sơn
16320,muavao,1,61698.00,2023-01-31 17:00:00,Ngân hàng TMCP Sài Gòn Thương Tín - Chi nhánh Gia Lai,CONG TY TNHH MTV HUY VU
15927,muavao,1,1216718.00,2023-01-31 17:00:00,Ngân hàng TMCP Sài Gòn Thương Tín - Chi nhánh Gia Lai,CONG TY TNHH MTV HUY VU
15925,muavao,1,1045230.00,2023-01-31 17:00:00,Ngân hàng TMCP Sài Gòn Thương Tín - Chi nhánh Gia Lai,CONG TY TNHH MTV HUY VU
15920,muavao,1,1228783.00,2023-01-31 17:00:00,Ngân hàng TMCP Sài Gòn Thương Tín - Chi nhánh Gia Lai,CONG TY TNHH MTV HUY VU
15918,muavao,1,849780.00,2023-01-31 17:00:00,Ngân hàng TMCP Sài Gòn Thương Tín - Chi nhánh Gia Lai,CONG TY TNHH MTV HUY VU
15914,muavao,1,1274671.00,2023-01-31 17:00:00,Ngân hàng TMCP Sài Gòn Thương Tín - Chi nhánh Gia Lai,CONG TY TNHH MTV HUY VU
15912,muavao,1,399190.00,2023-01-31 17:00:00,Ngân hàng TMCP Sài Gòn Thương Tín - Chi nhánh Gia Lai,CONG TY TNHH MTV HUY VU
15911,muavao,1,325657.00,2023-01-31 17:00:00,Ngân hàng TMCP Sài Gòn Thương Tín - Chi nhánh Gia Lai,CONG TY TNHH MTV HUY VU
15907,muavao,1,1444627.00,2023-01-31 17:00:00,Ngân hàng TMCP Sài Gòn Thương Tín - Chi nhánh Gia Lai,CONG TY TNHH MTV HUY VU
15906,muavao,1,803696.00,2023-01-31 17:00:00,Ngân hàng TMCP Sài Gòn Thương Tín - Chi nhánh Gia Lai,CONG TY TNHH MTV HUY VU
15892,muavao,1,764803.00,2023-01-31 17:00:00,Ngân hàng TMCP Sài Gòn Thương Tín - Chi nhánh Gia Lai,CONG TY TNHH MTV HUY VU
15891,muavao,1,764803.00,2023-01-31 17:00:00,Ngân hàng TMCP Sài Gòn Thương Tín - Chi nhánh Gia Lai,CONG TY TNHH MTV HUY VU
8651,muavao,1,17000000.00,2023-01-31 17:00:00,Công ty TNHH Phân phối Synnex FPT,Công ty TNHH MTV Huy Vũ
746,muavao,1,80000.00,2023-01-31 17:00:00,Ngân hàng TMCP Sài Gòn Thương Tín - Chi nhánh Gia Lai,CONG TY TNHH MTV HUY VU
23,muavao,1,3280000.00,2023-01-31 17:00:00,CÔNG TY TNHH FINTECS,CÔNG TY TNHH MỘT THÀNH VIÊN HUY VŨ
99458,muavao,1,85700000.00,2023-03-30 17:00:00,CÔNG TY CỔ PHẦN THẾ GIỚI SỐ,Công Ty TNHH MTV Huy Vũ
51220,muavao,1,1849822.00,2023-03-30 17:00:00,Ngân hàng TMCP Sài Gòn Thương Tín - Chi nhánh Gia Lai,CONG TY TNHH MTV HUY VU
16617,muavao,1,9466010.00,2023-03-30 17:00:00,NGAN HANG TMCP PHAT TRIEN THANH PHO HO CHI MINH,CONG TY TNHH MOT THANH VIEN HUY VU
5917,muavao,1,184000.00,2023-03-30 17:00:00,Ngân hàng Thương mại Cổ phần Đầu tư và Phát triển Việt Nam - Chi nhánh Gia Lai,CONG TY TNHH MTV HUY VU
5698,muavao,1,61881818.00,2023-03-30 17:00:00,CÔNG TY CỔ PHẦN MÁY TÍNH VĨNH XUÂN - CHI NHÁNH THÀNH PHỐ HỒ CHÍ MINH,CÔNG TY TNHH MỘT THÀNH VIÊN HUY VŨ
5559,muavao,1,2236364.00,2023-03-30 17:00:00,CÔNG TY CỔ PHẦN MÁY TÍNH VĨNH XUÂN - CHI NHÁNH THÀNH PHỐ HỒ CHÍ MINH,CÔNG TY TNHH MỘT THÀNH VIÊN HUY VŨ
191226,muavao,1,31644.00,2023-12-21 17:00:00,Ngân hàng TMCP Sài Gòn Thương Tín - Chi nhánh Gia Lai,CONG TY TNHH MTV HUY VU
5508,muavao,1,16745455.00,2023-03-30 17:00:00,CÔNG TY CỔ PHẦN MÁY TÍNH VĨNH XUÂN,CÔNG TY TNHH MỘT THÀNH VIÊN HUY VŨ
2190,muavao,1,23000.00,2023-03-30 17:00:00,Ngân hàng TMCP Sài Gòn Thương Tín - Chi nhánh Gia Lai,CONG TY TNHH MTV HUY VU
2189,muavao,1,23000.00,2023-03-30 17:00:00,Ngân hàng TMCP Sài Gòn Thương Tín - Chi nhánh Gia Lai,CONG TY TNHH MTV HUY VU
2168,muavao,1,14618182.00,2023-03-30 17:00:00,CÔNG TY TNHH PHƯƠNG KHANG COMPUTER,CÔNG TY TNHH MỘT THÀNH VIÊN HUY VŨ
1607,muavao,1,29127273.00,2023-03-30 17:00:00,CÔNG TY CỔ PHẦN MÁY TÍNH VĨNH XUÂN - CHI NHÁNH ĐÀ NẴNG,CÔNG TY TNHH MỘT THÀNH VIÊN HUY VŨ
1264,muavao,1,115436.00,2023-03-30 17:00:00,CÔNG TY DỊCH VỤ MOBIFONE KHU VỰC 1 - CHI NHÁNH TỔNG CÔNG TY VIỄN THÔNG MOBIFONE,CÔNG TY TNHH MỘT THÀNH VIÊN HUY VŨ
1210,muavao,1,13551746.00,2023-03-30 17:00:00,CÔNG TY TNHH PHÂN PHỐI PHƯƠNG VIỆT,CÔNG TY TNHH MỘT THÀNH VIÊN HUY VŨ
1563,muavao,1,23846364.00,2023-03-29 17:00:00,CHI NHÁNH CÔNG TY CỔ PHẦN KỸ THUẬT CÔNG NGHỆ NAM THÀNH,Công ty TNHH  Một Thành Viên Huy Vũ
664,muavao,1,11454545.00,2023-03-29 17:00:00,CHI NHÁNH CÔNG TY TNHH CÔNG NGHỆ VÀ THƯƠNG MẠI Á MỸ,CÔNG TY TNHH MỘT THÀNH VIÊN HUY VŨ
281,muavao,1,65454545.00,2023-03-29 17:00:00,CHI NHÁNH CÔNG TY CỔ PHẦN ĐẦU TƯ VÀ PHÁT TRIỂN CÔNG NGHỆ QUỐC GIA ADG TẠI ĐÀ NẴNG,Công Ty TNHH Một Thành Viên Huy Vũ
259,muavao,1,21800000.00,2023-03-29 17:00:00,Công ty cổ phần đầu tư & thương mại Đại Phát,CÔNG TY TNHH MỘT THÀNH VIÊN HUY VŨ
49839,muavao,1,125000.00,2023-03-28 17:00:00,Ngân hàng TMCP Sài Gòn Thương Tín - Chi nhánh Gia Lai,CONG TY TNHH MTV HUY VU
2112,muavao,1,23000.00,2023-03-28 17:00:00,Ngân hàng TMCP Sài Gòn Thương Tín - Chi nhánh Gia Lai,CONG TY TNHH MTV HUY VU
66,muavao,1,6560000.00,2023-03-28 17:00:00,CÔNG TY TNHH FINTECS,CÔNG TY TNHH MỘT THÀNH VIÊN HUY VŨ
20949776,muavao,1,1084932.00,2023-03-27 17:00:00,NGÂN HÀNG TMCP Á CHÂU,CTY TNHH MTV HUY VU
20948699,muavao,1,1627397.00,2023-03-27 17:00:00,NGÂN HÀNG TMCP Á CHÂU,CTY TNHH MTV HUY VU
268,muavao,1,9090909.00,2023-03-27 17:00:00,CHI NHÁNH CÔNG TY CỔ PHẦN ĐẦU TƯ VÀ PHÁT TRIỂN CÔNG NGHỆ QUỐC GIA ADG TẠI ĐÀ NẴNG,Công Ty TNHH Một Thành Viên Huy Vũ
191225,muavao,1,265219.00,2023-12-21 17:00:00,Ngân hàng TMCP Sài Gòn Thương Tín - Chi nhánh Gia Lai,CONG TY TNHH MTV HUY VU
99766,muavao,1,454545.00,2023-03-26 17:00:00,CÔNG TY TNHH MTV XĂNG DẦU BẮC TÂY NGUYÊN,Cty TNHH MTV Huy Vũ
34194,muavao,1,0.00,2023-03-26 17:00:00,Công ty TNHH Phân phối Synnex FPT,Công ty TNHH MTV Huy Vũ
34177,muavao,1,15454545.00,2023-03-26 17:00:00,Công ty TNHH Phân phối Synnex FPT,Công ty TNHH MTV Huy Vũ
9954,muavao,1,718182.00,2023-03-26 17:00:00,CÔNG TY TNHH MỘT THÀNH VIÊN NGUYỄN KIM BÌNH DƯƠNG,CÔNG TY TNHH MỘT THÀNH VIÊN HUY VŨ
2009,muavao,1,40000.00,2023-03-26 17:00:00,Ngân hàng TMCP Sài Gòn Thương Tín - Chi nhánh Gia Lai,CONG TY TNHH MTV HUY VU
261,muavao,1,26800000.00,2023-03-26 17:00:00,CHI NHÁNH CÔNG TY CỔ PHẦN ĐẦU TƯ VÀ PHÁT TRIỂN CÔNG NGHỆ QUỐC GIA ADG TẠI ĐÀ NẴNG,Công Ty TNHH Một Thành Viên Huy Vũ
2065,muavao,1,10603644.00,2023-03-21 17:00:00,CÔNG TY TNHH THƯƠNG MẠI DỊCH VỤ TIN HỌC ANH PHƯƠNG A.P.C.O.M,CÔNG TY TNHH MỘT THÀNH VIÊN HUY VŨ
467,muavao,1,1360000.00,2023-03-24 17:00:00,CÔNG TY TNHH THƯƠNG MẠI DỊCH VỤ SẢN XUẤT XUẤT NHẬP KHẨU MỰC IN VIỆT NHẬT,CÔNG TY TNHH MỘT THÀNH VIÊN HUY VŨ
430,muavao,1,3136365.00,2023-03-24 17:00:00,CÔNG TY TNHH VĨNH TÍN,CÔNG TY TNHH MTV HUY VŨ
361,muavao,6,10363636.00,2023-03-24 17:00:00,CÔNG TY TNHH XUẤT NHẬP KHẨU LÊ TRẦN GIA,CÔNG TY TNHH MTV HUY VŨ
47118,muavao,1,590169.00,2023-03-23 17:00:00,Ngân hàng TMCP Sài Gòn Thương Tín - Chi nhánh Gia Lai,CONG TY TNHH MTV HUY VU
14405,muavao,1,45634091.00,2023-03-23 17:00:00,CÔNG TY TNHH MỘT THÀNH VIÊN CÔNG NGHỆ TIN HỌC VIỄN SƠN,CÔNG TY TNHH MỘT THÀNH VIÊN HUY VŨ
1971,muavao,1,28000.00,2023-03-23 17:00:00,Ngân hàng TMCP Sài Gòn Thương Tín - Chi nhánh Gia Lai,CONG TY TNHH MTV HUY VU
153,muavao,1,23363636.00,2023-03-23 17:00:00,CÔNG TY TNHH TM - DV MINH PHÁT,CÔNG TY TNHH MỘT THÀNH VIÊN HUY VŨ
46772,muavao,1,525303.00,2023-03-22 17:00:00,Ngân hàng TMCP Sài Gòn Thương Tín - Chi nhánh Gia Lai,CONG TY TNHH MTV HUY VU
20110,muavao,1,48636363.00,2023-03-22 17:00:00,CÔNG TY CỔ PHẦN DỊCH VỤ PHÂN PHỐI TỔNG HỢP DẦU KHÍ,Công ty TNHH  Một Thành Viên Huy Vũ
191224,muavao,1,413501.00,2023-12-21 17:00:00,Ngân hàng TMCP Sài Gòn Thương Tín - Chi nhánh Gia Lai,CONG TY TNHH MTV HUY VU
13978,muavao,1,45454545.00,2023-03-22 17:00:00,CÔNG TY TNHH MỘT THÀNH VIÊN CÔNG NGHỆ TIN HỌC VIỄN SƠN,CÔNG TY TNHH MỘT THÀNH VIÊN HUY VŨ
6221,muavao,1,16818200.00,2023-03-22 17:00:00,CÔNG TY CỔ PHẦN TIN HỌC VIẾT SƠN,CÔNG TY TNHH MỘT THÀNH VIÊN  HUY VŨ
6216,muavao,1,3000000.00,2023-03-22 17:00:00,CÔNG TY CỔ PHẦN TIN HỌC VIẾT SƠN,CÔNG TY TNHH MỘT THÀNH VIÊN  HUY VŨ
5001,muavao,1,32036364.00,2023-03-22 17:00:00,CÔNG TY CỔ PHẦN MÁY TÍNH VĨNH XUÂN - CHI NHÁNH THÀNH PHỐ HỒ CHÍ MINH,CÔNG TY TNHH MỘT THÀNH VIÊN HUY VŨ
1906,muavao,1,19000.00,2023-03-22 17:00:00,Ngân hàng TMCP Sài Gòn Thương Tín - Chi nhánh Gia Lai,CONG TY TNHH MTV HUY VU
82729,muavao,1,8570000.00,2023-03-21 17:00:00,CÔNG TY CỔ PHẦN THẾ GIỚI SỐ,Công Ty TNHH MTV Huy Vũ
19314,muavao,1,62000000.00,2023-03-21 17:00:00,CÔNG TY CỔ PHẦN DỊCH VỤ PHÂN PHỐI TỔNG HỢP DẦU KHÍ,Công ty TNHH  Một Thành Viên Huy Vũ
36042,muavao,1,217603.00,2023-03-06 17:00:00,Ngân hàng TMCP Sài Gòn Thương Tín - Chi nhánh Gia Lai,CONG TY TNHH MTV HUY VU
1887,muavao,1,5181818.00,2023-03-21 17:00:00,CÔNG TY TNHH PHƯƠNG KHANG COMPUTER,CÔNG TY TNHH MỘT THÀNH VIÊN HUY VŨ
1452,muavao,1,0.00,2023-03-21 17:00:00,CHI NHÁNH CÔNG TY CỔ PHẦN KỸ THUẬT CÔNG NGHỆ NAM THÀNH,Công ty TNHH  Một Thành Viên Huy Vũ
1377,muavao,1,5554546.00,2023-03-21 17:00:00,CÔNG TY CỔ PHẦN MÁY TÍNH VĨNH XUÂN - CHI NHÁNH ĐÀ NẴNG,CÔNG TY TNHH MỘT THÀNH VIÊN HUY VŨ
236,muavao,1,2800000.00,2023-03-21 17:00:00,CÔNG TY CỔ PHẦN PHÂN PHỐI ĐIỆN TỬ JVS,CÔNG TY TNHH MỘT THÀNH VIÊN HUY VŨ
229,muavao,1,8700000.00,2023-03-21 17:00:00,Công ty cổ phần đầu tư & thương mại Đại Phát,CÔNG TY TNHH MỘT THÀNH VIÊN HUY VŨ
85,muavao,1,2964544.00,2023-03-21 17:00:00,CÔNG TY TNHH ĐIỆN TỬ TIN HỌC KIM PHÁT,Công Ty Trách Nhiệm Hữu Hạn một thành viên Huy Vũ
1350,muavao,1,11454546.00,2023-03-20 17:00:00,CÔNG TY CỔ PHẦN MÁY TÍNH VĨNH XUÂN - CHI NHÁNH ĐÀ NẴNG,CÔNG TY TNHH MỘT THÀNH VIÊN HUY VŨ
44665,muavao,1,591781.00,2023-03-19 17:00:00,Ngân hàng TMCP Sài Gòn Thương Tín - Chi nhánh Gia Lai,CONG TY TNHH MTV HUY VU
44661,muavao,1,400305.00,2023-03-19 17:00:00,Ngân hàng TMCP Sài Gòn Thương Tín - Chi nhánh Gia Lai,CONG TY TNHH MTV HUY VU
1760,muavao,1,5072728.00,2023-03-19 17:00:00,CÔNG TY CỔ PHẦN MÁY TÍNH VINH HIỂN LỘC TÀI,CÔNG TY TNHH MỘT THÀNH VIÊN HUY VŨ
1460,muavao,1,5063635.00,2023-03-19 17:00:00,CÔNG TY TNHH THƯƠNG MẠI DỊCH VỤ QUỐC VIỆT,Công Ty TNHH Một Thành Viên Huy Vũ
572,muavao,1,4609091.00,2023-03-19 17:00:00,CÔNG TY TNHH THƯƠNG MẠI KỸ THUẬT DIỆP KHÁNH,Công ty TNHH MTV Huy Vũ
81,muavao,1,8863636.00,2023-03-19 17:00:00,CÔNG TY TNHH ĐIỆN TỬ TIN HỌC KIM PHÁT,Công Ty Trách Nhiệm Hữu Hạn một thành viên Huy Vũ
29390,muavao,1,6238182.00,2023-03-16 17:00:00,Công ty TNHH Phân phối Synnex FPT,Công ty TNHH MTV Huy Vũ
4566,muavao,1,7163637.00,2023-03-16 17:00:00,CÔNG TY CỔ PHẦN MÁY TÍNH VĨNH XUÂN - CHI NHÁNH THÀNH PHỐ HỒ CHÍ MINH,CÔNG TY TNHH MỘT THÀNH VIÊN HUY VŨ
34460,muavao,1,648957.00,2023-02-28 17:00:00,Ngân hàng TMCP Sài Gòn Thương Tín - Chi nhánh Gia Lai,CONG TY TNHH MTV HUY VU
1924,muavao,1,2654545.00,2023-03-16 17:00:00,CÔNG TY TNHH THƯƠNG MẠI DỊCH VỤ TIN HỌC ANH PHƯƠNG A.P.C.O.M,CÔNG TY TNHH MỘT THÀNH VIÊN HUY VŨ
1283,muavao,1,5272727.00,2023-03-16 17:00:00,CÔNG TY CỔ PHẦN MÁY TÍNH VĨNH XUÂN - CHI NHÁNH ĐÀ NẴNG,CÔNG TY TNHH MỘT THÀNH VIÊN HUY VŨ
222,muavao,1,22345455.00,2023-03-16 17:00:00,CHI NHÁNH CÔNG TY CỔ PHẦN ĐẦU TƯ VÀ PHÁT TRIỂN CÔNG NGHỆ QUỐC GIA ADG TẠI ĐÀ NẴNG,Công Ty TNHH Một Thành Viên Huy Vũ
42344,muavao,1,716482.00,2023-03-15 17:00:00,Ngân hàng TMCP Sài Gòn Thương Tín - Chi nhánh Gia Lai,CONG TY TNHH MTV HUY VU
28993,muavao,1,17603634.00,2023-03-15 17:00:00,Công ty TNHH Phân phối Synnex FPT,Công ty TNHH MTV Huy Vũ
5593,muavao,1,35290905.00,2023-03-15 17:00:00,CÔNG TY CỔ PHẦN TIN HỌC VIẾT SƠN,CÔNG TY TNHH MỘT THÀNH VIÊN  HUY VŨ
1739,muavao,1,40000.00,2023-03-15 17:00:00,Ngân hàng TMCP Sài Gòn Thương Tín - Chi nhánh Gia Lai,CONG TY TNHH MTV HUY VU
1731,muavao,1,19000.00,2023-03-15 17:00:00,Ngân hàng TMCP Sài Gòn Thương Tín - Chi nhánh Gia Lai,CONG TY TNHH MTV HUY VU
1730,muavao,1,19000.00,2023-03-15 17:00:00,Ngân hàng TMCP Sài Gòn Thương Tín - Chi nhánh Gia Lai,CONG TY TNHH MTV HUY VU
1694,muavao,1,24018182.00,2023-03-15 17:00:00,CÔNG TY TNHH PHƯƠNG KHANG COMPUTER,CÔNG TY TNHH MỘT THÀNH VIÊN HUY VŨ
206,muavao,1,44690909.00,2023-03-14 17:00:00,CHI NHÁNH CÔNG TY CỔ PHẦN ĐẦU TƯ VÀ PHÁT TRIỂN CÔNG NGHỆ QUỐC GIA ADG TẠI ĐÀ NẴNG,Công Ty TNHH Một Thành Viên Huy Vũ
73,muavao,1,4990911.00,2023-03-14 17:00:00,CÔNG TY TNHH ĐIỆN TỬ TIN HỌC KIM PHÁT,Công Ty Trách Nhiệm Hữu Hạn một thành viên Huy Vũ
41409,muavao,1,379785.00,2023-03-13 17:00:00,Ngân hàng TMCP Sài Gòn Thương Tín - Chi nhánh Gia Lai,CONG TY TNHH MTV HUY VU
1686,muavao,1,15000.00,2023-03-13 17:00:00,Ngân hàng TMCP Sài Gòn Thương Tín - Chi nhánh Gia Lai,CONG TY TNHH MTV HUY VU
1067,muavao,1,13340000.00,2023-03-13 17:00:00,CÔNG TY TNHH ĐẦU TƯ CÔNG NGHỆ ÂM THANH TRIỆU GIA,CÔNG TY TNHH MỘT THÀNH VIÊN HUY VŨ
39753,muavao,1,288493.00,2023-03-12 17:00:00,Ngân hàng TMCP Sài Gòn Thương Tín - Chi nhánh Gia Lai,CONG TY TNHH MTV HUY VU
39746,muavao,1,195062.00,2023-03-12 17:00:00,Ngân hàng TMCP Sài Gòn Thương Tín - Chi nhánh Gia Lai,CONG TY TNHH MTV HUY VU
498,muavao,1,5527273.00,2023-03-02 17:00:00,CHI NHÁNH CÔNG TY TNHH CÔNG NGHỆ VÀ THƯƠNG MẠI Á MỸ,CÔNG TY TNHH MỘT THÀNH VIÊN HUY VŨ
16779,muavao,1,25909091.00,2023-03-12 17:00:00,CÔNG TY CỔ PHẦN DỊCH VỤ PHÂN PHỐI TỔNG HỢP DẦU KHÍ,Công ty TNHH  Một Thành Viên Huy Vũ
16763463,muavao,1,18182.00,2023-03-10 17:00:00,NGÂN HÀNG TMCP Á CHÂU,CTY TNHH MTV HUY VU
2521,muavao,1,161909092.00,2023-03-10 17:00:00,CÔNG TY CỔ PHẦN CÔNG NGHỆ ELITE,CÔNG TY TNHH MTV HUY VŨ
69,muavao,1,9000000.00,2023-03-10 17:00:00,CÔNG TY TNHH ĐIỆN TỬ TIN HỌC KIM PHÁT,Công Ty Trách Nhiệm Hữu Hạn một thành viên Huy Vũ
68,muavao,1,31900000.00,2023-03-10 17:00:00,CÔNG TY TNHH ĐIỆN TỬ TIN HỌC KIM PHÁT,Công Ty Trách Nhiệm Hữu Hạn một thành viên Huy Vũ
16225375,muavao,1,2531507.00,2023-03-09 17:00:00,NGÂN HÀNG TMCP Á CHÂU,CTY TNHH MTV HUY VU
16225366,muavao,1,1687671.00,2023-03-09 17:00:00,NGÂN HÀNG TMCP Á CHÂU,CTY TNHH MTV HUY VU
16225362,muavao,1,8837260.00,2023-03-09 17:00:00,NGÂN HÀNG TMCP Á CHÂU,CTY TNHH MTV HUY VU
1596,muavao,1,50000.00,2023-03-09 17:00:00,Ngân hàng TMCP Sài Gòn Thương Tín - Chi nhánh Gia Lai,CONG TY TNHH MTV HUY VU
191223,muavao,1,412819.00,2023-12-21 17:00:00,Ngân hàng TMCP Sài Gòn Thương Tín - Chi nhánh Gia Lai,CONG TY TNHH MTV HUY VU
1135,muavao,1,1600000.00,2023-03-09 17:00:00,CÔNG TY CỔ PHẦN MÁY TÍNH VĨNH XUÂN - CHI NHÁNH ĐÀ NẴNG,CÔNG TY TNHH MỘT THÀNH VIÊN HUY VŨ
1134,muavao,1,35800000.00,2023-03-09 17:00:00,CÔNG TY CỔ PHẦN MÁY TÍNH VĨNH XUÂN - CHI NHÁNH ĐÀ NẴNG,CÔNG TY TNHH MỘT THÀNH VIÊN HUY VŨ
15579,muavao,1,39454545.00,2023-03-08 17:00:00,CÔNG TY CỔ PHẦN DỊCH VỤ PHÂN PHỐI TỔNG HỢP DẦU KHÍ,Công ty TNHH  Một Thành Viên Huy Vũ
1988,muavao,1,4818182.00,2023-03-07 17:00:00,CÔNG TY CỔ PHẦN THIẾT BỊ VĂN PHÒNG NGUYỄN ĐỨC,CÔNG TY TNHH MTV HUY VŨ
1987,muavao,1,9909091.00,2023-03-07 17:00:00,CÔNG TY CỔ PHẦN THIẾT BỊ VĂN PHÒNG NGUYỄN ĐỨC,CÔNG TY TNHH MTV HUY VŨ
1069,muavao,1,5772727.00,2023-03-07 17:00:00,CÔNG TY CỔ PHẦN MÁY TÍNH VĨNH XUÂN - CHI NHÁNH ĐÀ NẴNG,CÔNG TY TNHH MỘT THÀNH VIÊN HUY VŨ
361,muavao,1,2598000.00,2023-03-07 17:00:00,CÔNG TY TNHH THƯƠNG MẠI DỊCH VỤ SẢN XUẤT XUẤT NHẬP KHẨU MỰC IN VIỆT NHẬT,CÔNG TY TNHH MỘT THÀNH VIÊN HUY VŨ
181034,muavao,1,248182.00,2023-03-06 17:00:00,CÔNG TY DỊCH VỤ MOBIFONE KHU VỰC 7 - CHI NHÁNH TỔNG CÔNG TY VIỄN THÔNG MOBIFONE,Công ty TNHH MTV Huy Vũ
14621,muavao,1,28181818.00,2023-03-06 17:00:00,CÔNG TY CỔ PHẦN DỊCH VỤ PHÂN PHỐI TỔNG HỢP DẦU KHÍ,Công ty TNHH  Một Thành Viên Huy Vũ
4384,muavao,1,8350000.00,2023-03-06 17:00:00,CÔNG TY TNHH VI TÍNH ĐẠI TÀI LỘC,CÔNG TY TNHH MỘT THÀNH VIÊN HUY VŨ
2845,muavao,1,789045.00,2023-03-06 17:00:00,CÔNG TY CỔ PHẦN ĐẦU TƯ THƯƠNG MẠI PHÁT TRIỂN NHẤT TÍN,CÔNG TY TNHH MỘT THÀNH VIÊN HUY VŨ
1924,muavao,1,3409091.00,2023-03-06 17:00:00,CÔNG TY CỔ PHẦN THIẾT BỊ VĂN PHÒNG NGUYỄN ĐỨC,CÔNG TY TNHH MTV HUY VŨ
960,muavao,1,5290909.00,2023-03-06 17:00:00,CÔNG TY CỔ PHẦN ĐẦU TƯ PHÁT TRIỂN CÔNG NGHỆ ROBO,CÔNG TY TNHH MỘT THÀNH VIÊN HUY VŨ
64,muavao,1,2545460.00,2023-03-06 17:00:00,CÔNG TY TNHH ĐIỆN TỬ TIN HỌC KIM PHÁT,Công Ty Trách Nhiệm Hữu Hạn một thành viên Huy Vũ
64026,muavao,1,49050000.00,2023-03-05 17:00:00,CÔNG TY CỔ PHẦN THẾ GIỚI SỐ,Công Ty TNHH MTV Huy Vũ
1472,muavao,1,19884.00,2023-03-05 17:00:00,Ngân hàng TMCP Sài Gòn Thương Tín - Chi nhánh Gia Lai,CONG TY TNHH MTV HUY VU
1471,muavao,1,20000.00,2023-03-05 17:00:00,Ngân hàng TMCP Sài Gòn Thương Tín - Chi nhánh Gia Lai,CONG TY TNHH MTV HUY VU
1386,muavao,1,22272727.00,2023-03-05 17:00:00,CÔNG TY TNHH PHƯƠNG KHANG COMPUTER,CÔNG TY TNHH MỘT THÀNH VIÊN HUY VŨ
1034,muavao,1,4336364.00,2023-03-05 17:00:00,CÔNG TY CỔ PHẦN MÁY TÍNH VĨNH XUÂN - CHI NHÁNH ĐÀ NẴNG,CÔNG TY TNHH MỘT THÀNH VIÊN HUY VŨ
181,muavao,1,43636364.00,2023-03-05 17:00:00,CHI NHÁNH CÔNG TY CỔ PHẦN ĐẦU TƯ VÀ PHÁT TRIỂN CÔNG NGHỆ QUỐC GIA ADG TẠI ĐÀ NẴNG,Công Ty TNHH Một Thành Viên Huy Vũ
833663,muavao,1,6364.00,2023-03-02 17:00:00,CÔNG TY TNHH TI KI,CÔNG TY TNHH MTV HUY VŨ
35341,muavao,1,53661.00,2023-03-02 17:00:00,Ngân hàng TMCP Sài Gòn Thương Tín - Chi nhánh Gia Lai,CONG TY TNHH MTV HUY VU
35340,muavao,1,513.00,2023-03-02 17:00:00,Ngân hàng TMCP Sài Gòn Thương Tín - Chi nhánh Gia Lai,CONG TY TNHH MTV HUY VU
35227,muavao,1,25000.00,2023-03-02 17:00:00,Ngân hàng TMCP Sài Gòn Thương Tín - Chi nhánh Gia Lai,CONG TY TNHH MTV HUY VU
1143,muavao,1,5618178.00,2023-03-02 17:00:00,CÔNG TY TNHH THƯƠNG MẠI DỊCH VỤ QUỐC VIỆT,Công Ty TNHH Một Thành Viên Huy Vũ
3957,muavao,1,5272727.00,2023-03-01 17:00:00,CÔNG TY CỔ PHẦN MÁY TÍNH VĨNH XUÂN,CÔNG TY TNHH MỘT THÀNH VIÊN HUY VŨ
961,muavao,1,26945455.00,2023-03-01 17:00:00,CÔNG TY CỔ PHẦN MÁY TÍNH VĨNH XUÂN - CHI NHÁNH ĐÀ NẴNG,CÔNG TY TNHH MỘT THÀNH VIÊN HUY VŨ
46369397,muavao,1,350000.00,2023-02-28 17:00:00,Tập đoàn Công nghiệp - Viễn thông Quân đội,Công Ty Tnhh Huy Vũ
165249,muavao,1,369576.00,2023-02-28 17:00:00,TRUNG TÂM KINH DOANH VNPT - GIA LAI - CHI NHÁNH TỔNG CÔNG TY DỊCH VỤ VIỄN THÔNG,Công Ty TNHH MTV Huy Vũ
165151,muavao,1,210789.00,2023-02-28 17:00:00,TRUNG TÂM KINH DOANH VNPT - GIA LAI - CHI NHÁNH TỔNG CÔNG TY DỊCH VỤ VIỄN THÔNG,Công Ty TNHH MTV Huy Vũ
165150,muavao,1,432037.00,2023-02-28 17:00:00,TRUNG TÂM KINH DOANH VNPT - GIA LAI - CHI NHÁNH TỔNG CÔNG TY DỊCH VỤ VIỄN THÔNG,Công Ty TNHH MTV Huy Vũ
149479,muavao,1,249636.00,2023-02-28 17:00:00,TRUNG TÂM KINH DOANH VNPT - GIA LAI - CHI NHÁNH TỔNG CÔNG TY DỊCH VỤ VIỄN THÔNG,Công Ty TNHH MTV Huy Vũ
118898,muavao,1,274000.00,2023-02-28 17:00:00,TRUNG TÂM KINH DOANH VNPT - GIA LAI - CHI NHÁNH TỔNG CÔNG TY DỊCH VỤ VIỄN THÔNG,Công Ty TNHH MTV Huy Vũ
118855,muavao,1,20000.00,2023-02-28 17:00:00,TRUNG TÂM KINH DOANH VNPT - GIA LAI - CHI NHÁNH TỔNG CÔNG TY DỊCH VỤ VIỄN THÔNG,Công Ty TNHH MTV Huy Vũ
118804,muavao,1,24545.00,2023-02-28 17:00:00,TRUNG TÂM KINH DOANH VNPT - GIA LAI - CHI NHÁNH TỔNG CÔNG TY DỊCH VỤ VIỄN THÔNG,Công Ty  TNHH MTV Huy Vũ
118803,muavao,1,27000.00,2023-02-28 17:00:00,TRUNG TÂM KINH DOANH VNPT - GIA LAI - CHI NHÁNH TỔNG CÔNG TY DỊCH VỤ VIỄN THÔNG,Công Ty TNHH MTV  Huy Vũ
118606,muavao,1,213636.00,2023-02-28 17:00:00,TRUNG TÂM KINH DOANH VNPT - GIA LAI - CHI NHÁNH TỔNG CÔNG TY DỊCH VỤ VIỄN THÔNG,Cửa Hàng Máy Tình Trường Sơn
76313,muavao,1,718182.00,2023-02-28 17:00:00,CHI NHÁNH CÔNG TY CỔ PHẦN THẾ GIỚI DI ĐỘNG TẠI TỈNH GIA LAI,CÔNG TY TNHH MỘT THÀNH VIÊN HUY VŨ
34480,muavao,1,643738.00,2023-02-28 17:00:00,Ngân hàng TMCP Sài Gòn Thương Tín - Chi nhánh Gia Lai,CONG TY TNHH MTV HUY VU
34478,muavao,1,858317.00,2023-02-28 17:00:00,Ngân hàng TMCP Sài Gòn Thương Tín - Chi nhánh Gia Lai,CONG TY TNHH MTV HUY VU
34476,muavao,1,1997807.00,2023-02-28 17:00:00,Ngân hàng TMCP Sài Gòn Thương Tín - Chi nhánh Gia Lai,CONG TY TNHH MTV HUY VU
34474,muavao,1,1541518.00,2023-02-28 17:00:00,Ngân hàng TMCP Sài Gòn Thương Tín - Chi nhánh Gia Lai,CONG TY TNHH MTV HUY VU
34471,muavao,1,1085229.00,2023-02-28 17:00:00,Ngân hàng TMCP Sài Gòn Thương Tín - Chi nhánh Gia Lai,CONG TY TNHH MTV HUY VU
34468,muavao,1,517950.00,2023-02-28 17:00:00,Ngân hàng TMCP Sài Gòn Thương Tín - Chi nhánh Gia Lai,CONG TY TNHH MTV HUY VU
34464,muavao,1,615301.00,2023-02-28 17:00:00,Ngân hàng TMCP Sài Gòn Thương Tín - Chi nhánh Gia Lai,CONG TY TNHH MTV HUY VU
34462,muavao,1,1307879.00,2023-02-28 17:00:00,Ngân hàng TMCP Sài Gòn Thương Tín - Chi nhánh Gia Lai,CONG TY TNHH MTV HUY VU
34458,muavao,1,474363.00,2023-02-28 17:00:00,Ngân hàng TMCP Sài Gòn Thương Tín - Chi nhánh Gia Lai,CONG TY TNHH MTV HUY VU
34456,muavao,1,187733.00,2023-02-28 17:00:00,Ngân hàng TMCP Sài Gòn Thương Tín - Chi nhánh Gia Lai,CONG TY TNHH MTV HUY VU
34445,muavao,1,3314220.00,2023-02-28 17:00:00,Ngân hàng TMCP Sài Gòn Thương Tín - Chi nhánh Gia Lai,CONG TY TNHH MTV HUY VU
34444,muavao,1,708492.00,2023-02-28 17:00:00,Ngân hàng TMCP Sài Gòn Thương Tín - Chi nhánh Gia Lai,CONG TY TNHH MTV HUY VU
34443,muavao,1,1011141.00,2023-02-28 17:00:00,Ngân hàng TMCP Sài Gòn Thương Tín - Chi nhánh Gia Lai,CONG TY TNHH MTV HUY VU
34440,muavao,1,715264.00,2023-02-28 17:00:00,Ngân hàng TMCP Sài Gòn Thương Tín - Chi nhánh Gia Lai,CONG TY TNHH MTV HUY VU
34437,muavao,1,835357.00,2023-02-28 17:00:00,Ngân hàng TMCP Sài Gòn Thương Tín - Chi nhánh Gia Lai,CONG TY TNHH MTV HUY VU
34435,muavao,1,1370294.00,2023-02-28 17:00:00,Ngân hàng TMCP Sài Gòn Thương Tín - Chi nhánh Gia Lai,CONG TY TNHH MTV HUY VU
34433,muavao,1,683792.00,2023-02-28 17:00:00,Ngân hàng TMCP Sài Gòn Thương Tín - Chi nhánh Gia Lai,CONG TY TNHH MTV HUY VU
34430,muavao,1,715264.00,2023-02-28 17:00:00,Ngân hàng TMCP Sài Gòn Thương Tín - Chi nhánh Gia Lai,CONG TY TNHH MTV HUY VU
34428,muavao,1,715264.00,2023-02-28 17:00:00,Ngân hàng TMCP Sài Gòn Thương Tín - Chi nhánh Gia Lai,CONG TY TNHH MTV HUY VU
3312,muavao,1,1872727.00,2023-02-28 17:00:00,CÔNG TY CỔ PHẦN MÁY TÍNH VĨNH XUÂN - CHI NHÁNH THÀNH PHỐ HỒ CHÍ MINH,CÔNG TY TNHH MỘT THÀNH VIÊN HUY VŨ
1436,muavao,1,5600000.00,2023-02-28 17:00:00,CÔNG TY CỔ PHẦN GIẢI PHÁP TIN HỌC ÁNH DƯƠNG,CÔNG TY TNHH MỘT THÀNH VIÊN HUY VŨ
1071,muavao,1,5618178.00,2023-02-28 17:00:00,CÔNG TY TNHH THƯƠNG MẠI DỊCH VỤ QUỐC VIỆT,Công Ty TNHH Một Thành Viên Huy Vũ
1040,muavao,1,11346364.00,2023-02-28 17:00:00,CHI NHÁNH CÔNG TY CỔ PHẦN KỸ THUẬT CÔNG NGHỆ NAM THÀNH,Công ty TNHH  Một Thành Viên Huy Vũ
924,muavao,1,7136363.00,2023-02-28 17:00:00,CÔNG TY CỔ PHẦN MÁY TÍNH VĨNH XUÂN - CHI NHÁNH ĐÀ NẴNG,CÔNG TY TNHH MỘT THÀNH VIÊN HUY VŨ
367,muavao,1,11727272.00,2023-02-28 17:00:00,CÔNG TY CỔ PHẦN RIOTECH,CÔNG TY TNHH MỘT THÀNH VIÊN HUY VŨ
26182,muavao,1,180000.00,2023-04-29 17:00:00,NGAN HANG TMCP PHAT TRIEN THANH PHO HO CHI MINH,CONG TY TNHH MOT THANH VIEN HUY VU
26181,muavao,1,10536172.00,2023-04-29 17:00:00,NGAN HANG TMCP PHAT TRIEN THANH PHO HO CHI MINH,CONG TY TNHH MOT THANH VIEN HUY VU
8343,muavao,1,10000.00,2023-04-29 17:00:00,Ngân hàng Thương mại Cổ phần Đầu tư và Phát triển Việt Nam - Chi nhánh Gia Lai,CONG TY TNHH MTV HUY VU
1575,muavao,1,115436.00,2023-04-29 17:00:00,CÔNG TY DỊCH VỤ MOBIFONE KHU VỰC 1 - CHI NHÁNH TỔNG CÔNG TY VIỄN THÔNG MOBIFONE,CÔNG TY TNHH MỘT THÀNH VIÊN HUY VŨ
69003,muavao,1,3981818.00,2023-04-27 17:00:00,Chi nhánh Công ty TNHH phân phối Synnex FPT,Công ty TNHH MTV Huy Vũ
8911,muavao,1,6468181.00,2023-04-27 17:00:00,CÔNG TY CỔ PHẦN TIN HỌC VIẾT SƠN,CÔNG TY TNHH MỘT THÀNH VIÊN  HUY VŨ
1629,muavao,1,7090909.00,2023-04-27 17:00:00,CÔNG TY TNHH PHÂN PHỐI PHƯƠNG VIỆT,CÔNG TY TNHH MỘT THÀNH VIÊN HUY VŨ
64153,muavao,1,125000.00,2023-04-26 17:00:00,Ngân hàng TMCP Sài Gòn Thương Tín - Chi nhánh Gia Lai,CONG TY TNHH MTV HUY VU
55240,muavao,1,7037273.00,2023-04-26 17:00:00,Công ty TNHH Phân phối Synnex FPT,Công ty TNHH MTV Huy Vũ
54907,muavao,1,7912910.00,2023-04-26 17:00:00,Công ty TNHH Phân phối Synnex FPT,Công ty TNHH MTV Huy Vũ
1609,muavao,1,11072185.00,2023-04-26 17:00:00,CÔNG TY TNHH PHÂN PHỐI PHƯƠNG VIỆT,CÔNG TY TNHH MỘT THÀNH VIÊN HUY VŨ
5753,muavao,1,227273.00,2023-04-24 17:00:00,CÔNG TY CỔ PHẦN THƯƠNG MẠI DỊCH VỤ TỔNG HỢP XUÂN TÙNG,Công Ty TNHH MTV Huy Vũ
2862,muavao,1,15000.00,2023-04-24 17:00:00,Ngân hàng TMCP Sài Gòn Thương Tín - Chi nhánh Gia Lai,CONG TY TNHH MTV HUY VU
2861,muavao,1,23000.00,2023-04-24 17:00:00,Ngân hàng TMCP Sài Gòn Thương Tín - Chi nhánh Gia Lai,CONG TY TNHH MTV HUY VU
2860,muavao,1,40000.00,2023-04-24 17:00:00,Ngân hàng TMCP Sài Gòn Thương Tín - Chi nhánh Gia Lai,CONG TY TNHH MTV HUY VU
2821,muavao,1,15000.00,2023-04-23 17:00:00,Ngân hàng TMCP Sài Gòn Thương Tín - Chi nhánh Gia Lai,CONG TY TNHH MTV HUY VU
2820,muavao,1,40000.00,2023-04-23 17:00:00,Ngân hàng TMCP Sài Gòn Thương Tín - Chi nhánh Gia Lai,CONG TY TNHH MTV HUY VU
2388,muavao,1,9454547.00,2023-04-23 17:00:00,CÔNG TY TNHH THƯƠNG MẠI DỊCH VỤ QUỐC VIỆT,Công Ty TNHH Một Thành Viên Huy Vũ
500,muavao,1,5363636.00,2023-04-23 17:00:00,CÔNG TY TNHH XUẤT NHẬP KHẨU LÊ TRẦN GIA,CÔNG TY TNHH MỘT THÀNH VIÊN HUY VŨ
498,muavao,1,21600000.00,2023-04-23 17:00:00,CÔNG TY TNHH XUẤT NHẬP KHẨU LÊ TRẦN GIA,CÔNG TY TNHH MỘT THÀNH VIÊN HUY VŨ
108,muavao,1,6227275.00,2023-04-23 17:00:00,CÔNG TY TNHH THƯƠNG MẠI & DỊCH VỤ ĐẠI SƠN,CÔNG TY TNHH MỘT THÀNH VIÊN HUY VŨ
8434,muavao,1,36704554.00,2023-04-21 17:00:00,CÔNG TY CỔ PHẦN TIN HỌC VIẾT SƠN,CÔNG TY TNHH MỘT THÀNH VIÊN  HUY VŨ
2776,muavao,1,23000.00,2023-04-20 17:00:00,Ngân hàng TMCP Sài Gòn Thương Tín - Chi nhánh Gia Lai,CONG TY TNHH MTV HUY VU
2775,muavao,1,24248.00,2023-04-20 17:00:00,Ngân hàng TMCP Sài Gòn Thương Tín - Chi nhánh Gia Lai,CONG TY TNHH MTV HUY VU
2774,muavao,1,23000.00,2023-04-20 17:00:00,Ngân hàng TMCP Sài Gòn Thương Tín - Chi nhánh Gia Lai,CONG TY TNHH MTV HUY VU
882,muavao,1,2268000.00,2023-04-20 17:00:00,CHI NHÁNH CÔNG TY TNHH THƯƠNG MẠI - ĐẦU TƯ VÀ PHÁT TRIỂN,Công Ty TNHH MTV Huy Vũ
134,muavao,1,12327274.00,2023-04-20 17:00:00,CÔNG TY TNHH ĐIỆN TỬ TIN HỌC KIM PHÁT,Công Ty Trách Nhiệm Hữu Hạn một thành viên Huy Vũ
3538,muavao,1,4090909.00,2023-04-19 17:00:00,CÔNG TY CỔ PHẦN THIẾT BỊ VĂN PHÒNG NGUYỄN ĐỨC,CÔNG TY TNHH MTV HUY VŨ
2747,muavao,1,78000.00,2023-04-19 17:00:00,Ngân hàng TMCP Sài Gòn Thương Tín - Chi nhánh Gia Lai,CONG TY TNHH MTV HUY VU
2702,muavao,1,6363636.00,2023-04-19 17:00:00,CÔNG TY TNHH PHƯƠNG KHANG COMPUTER,CÔNG TY TNHH MỘT THÀNH VIÊN HUY VŨ
60606,muavao,1,558740.00,2023-04-18 17:00:00,Ngân hàng TMCP Sài Gòn Thương Tín - Chi nhánh Gia Lai,CONG TY TNHH MTV HUY VU
60603,muavao,1,331386.00,2023-04-18 17:00:00,Ngân hàng TMCP Sài Gòn Thương Tín - Chi nhánh Gia Lai,CONG TY TNHH MTV HUY VU
2727,muavao,1,23000.00,2023-04-18 17:00:00,Ngân hàng TMCP Sài Gòn Thương Tín - Chi nhánh Gia Lai,CONG TY TNHH MTV HUY VU
2577,muavao,1,6190911.00,2023-04-17 17:00:00,Công Ty TNHH Công Nghệ Thông Tin An Phát,CÔNG TY TNHH MỘT THÀNH VIÊN HUY VŨ
1477,muavao,1,8288000.00,2023-04-17 17:00:00,CÔNG TY TNHH PHÂN PHỐI PHƯƠNG VIỆT,CÔNG TY TNHH MỘT THÀNH VIÊN HUY VŨ
129,muavao,1,8095454.00,2023-04-17 17:00:00,CÔNG TY TNHH ĐIỆN TỬ TIN HỌC KIM PHÁT,Công Ty Trách Nhiệm Hữu Hạn một thành viên Huy Vũ
2654,muavao,1,40000.00,2023-04-16 17:00:00,Ngân hàng TMCP Sài Gòn Thương Tín - Chi nhánh Gia Lai,CONG TY TNHH MTV HUY VU
2653,muavao,1,23000.00,2023-04-16 17:00:00,Ngân hàng TMCP Sài Gòn Thương Tín - Chi nhánh Gia Lai,CONG TY TNHH MTV HUY VU
2652,muavao,1,23000.00,2023-04-16 17:00:00,Ngân hàng TMCP Sài Gòn Thương Tín - Chi nhánh Gia Lai,CONG TY TNHH MTV HUY VU
941,muavao,1,3300000.00,2023-04-16 17:00:00,CÔNG TY TNHH GIẢI PHÁP FINGERTAS,CÔNG TY TNHH MỘT THÀNH VIÊN HUY VŨ
2449,muavao,1,33363636.00,2023-04-13 17:00:00,Công Ty TNHH Công Nghệ Thông Tin An Phát,CÔNG TY TNHH MỘT THÀNH VIÊN HUY VŨ
657,muavao,1,4954545.00,2023-04-13 17:00:00,CÔNG TY CỔ PHẦN RIOTECH,CÔNG TY TNHH MỘT THÀNH VIÊN HUY VŨ
605,muavao,1,350000.00,2023-04-13 17:00:00,CÔNG TY TNHH THƯƠNG MẠI DỊCH VỤ SẢN XUẤT XUẤT NHẬP KHẨU MỰC IN VIỆT NHẬT,CÔNG TY TNHH MỘT THÀNH VIÊN HUY VŨ
598,muavao,1,627273.00,2023-04-13 17:00:00,CÔNG TY TNHH VĨNH TÍN,CÔNG TY TNHH MTV HUY VŨ
121400,muavao,1,454545.00,2023-04-12 17:00:00,CÔNG TY TNHH MTV XĂNG DẦU BẮC TÂY NGUYÊN,CÔNG TY TNHH MỘT THÀNH VIÊN HUY VŨ
2551,muavao,1,15000.00,2023-04-12 17:00:00,Ngân hàng TMCP Sài Gòn Thương Tín - Chi nhánh Gia Lai,CONG TY TNHH MTV HUY VU
358,muavao,1,13636364.00,2023-04-12 17:00:00,CÔNG TY TNHH THƯƠNG MẠI LONG CƯỜNG PHÁT,CÔNG TY TNHH MỘT THÀNH VIÊN HUY VŨ
216,muavao,1,16818182.00,2023-04-12 17:00:00,CÔNG TY TNHH TM - DV MINH PHÁT,CÔNG TY TNHH MỘT THÀNH VIÊN HUY VŨ
52,muavao,1,430000.00,2023-04-12 17:00:00,CÔNG TY TNHH THƯƠNG MẠI VÀ DỊCH VỤ CÔNG NGHỆ VTECH,CÔNG TY TNHH MỘT THÀNH VIÊN HUY VŨ
57479,muavao,1,428504.00,2023-04-11 17:00:00,Ngân hàng TMCP Sài Gòn Thương Tín - Chi nhánh Gia Lai,CONG TY TNHH MTV HUY VU
2522,muavao,1,40000.00,2023-04-11 17:00:00,Ngân hàng TMCP Sài Gòn Thương Tín - Chi nhánh Gia Lai,CONG TY TNHH MTV HUY VU
1401,muavao,1,17757965.00,2023-04-11 17:00:00,CÔNG TY TNHH PHÂN PHỐI PHƯƠNG VIỆT,CÔNG TY TNHH MỘT THÀNH VIÊN HUY VŨ
24588060,muavao,1,3008219.00,2023-04-10 17:00:00,NGÂN HÀNG TMCP Á CHÂU,CTY TNHH MTV HUY VU
24390307,muavao,1,9784110.00,2023-04-09 17:00:00,NGÂN HÀNG TMCP Á CHÂU,CTY TNHH MTV HUY VU
2371,muavao,1,12545455.00,2023-04-09 17:00:00,CÔNG TY CỔ PHẦN MÁY TÍNH VINH HIỂN LỘC TÀI,CÔNG TY TNHH MỘT THÀNH VIÊN HUY VŨ
1387,muavao,1,4913637.00,2023-04-09 17:00:00,CÔNG TY TNHH PHÂN PHỐI PHƯƠNG VIỆT,CÔNG TY TNHH MỘT THÀNH VIÊN HUY VŨ
390,muavao,1,14000000.00,2023-04-09 17:00:00,CÔNG TY TNHH THƯƠNG MẠI DỊCH VỤ ALOHA VINA,CÔNG TY TNHH MỘT THÀNH VIÊN HUY VŨ
51570,muavao,1,1391765.00,2023-04-02 17:00:00,Ngân hàng TMCP Sài Gòn Thương Tín - Chi nhánh Gia Lai,CONG TY TNHH MTV HUY VU
237,muavao,1,5470000.00,2023-04-09 17:00:00,CÔNG TY TNHH THƯƠNG MẠI VÀ PHÁT TRIỂN CÔNG NGHỆ ĐỨC PHÁP,CÔNG TY TRÁCH NHIỆM HỮU HẠN MTV HUY VŨ
115,muavao,1,9895445.00,2023-04-09 17:00:00,CÔNG TY TNHH ĐIỆN TỬ TIN HỌC KIM PHÁT,Công Ty Trách Nhiệm Hữu Hạn một thành viên Huy Vũ
23453389,muavao,1,54545.00,2023-04-07 17:00:00,NGÂN HÀNG TMCP Á CHÂU,CTY TNHH MTV HUY VU
2387,muavao,1,15000.00,2023-04-06 17:00:00,Ngân hàng TMCP Sài Gòn Thương Tín - Chi nhánh Gia Lai,CONG TY TNHH MTV HUY VU
606,muavao,1,15200000.00,2023-04-06 17:00:00,CÔNG TY CỔ PHẦN RIOTECH,CÔNG TY TNHH MỘT THÀNH VIÊN HUY VŨ
520,muavao,1,10400000.00,2023-04-06 17:00:00,CÔNG TY TNHH MỘT THÀNH VIÊN DỊCH VỤ THƯƠNG MẠI MẠNH TÀI,CÔNG TY TNHH MỘT THÀNH VIÊN HUY VŨ
4636,muavao,1,263636.00,2023-04-05 17:00:00,CÔNG TY CỔ PHẦN THƯƠNG MẠI DỊCH VỤ TỔNG HỢP XUÂN TÙNG,Công Ty TNHH MTV Huy Vũ
2348,muavao,1,40000.00,2023-04-05 17:00:00,Ngân hàng TMCP Sài Gòn Thương Tín - Chi nhánh Gia Lai,CONG TY TNHH MTV HUY VU
691,muavao,1,242727.00,2023-04-05 17:00:00,CÔNG TY DỊCH VỤ MOBIFONE KHU VỰC 7 - CHI NHÁNH TỔNG CÔNG TY VIỄN THÔNG MOBIFONE,Công ty TNHH MTV Huy Vũ
40959,muavao,1,15454545.00,2023-04-04 17:00:00,Công ty TNHH Phân phối Synnex FPT,Công ty TNHH MTV Huy Vũ
2301,muavao,1,23000.00,2023-04-04 17:00:00,Ngân hàng TMCP Sài Gòn Thương Tín - Chi nhánh Gia Lai,CONG TY TNHH MTV HUY VU
2279,muavao,1,40000.00,2023-04-04 17:00:00,Ngân hàng TMCP Sài Gòn Thương Tín - Chi nhánh Gia Lai,CONG TY TNHH MTV HUY VU
51826,muavao,1,240460.00,2023-04-03 17:00:00,Ngân hàng TMCP Sài Gòn Thương Tín - Chi nhánh Gia Lai,CONG TY TNHH MTV HUY VU
51824,muavao,1,19621.00,2023-04-03 17:00:00,Ngân hàng TMCP Sài Gòn Thương Tín - Chi nhánh Gia Lai,CONG TY TNHH MTV HUY VU
2272,muavao,1,23000.00,2023-04-03 17:00:00,Ngân hàng TMCP Sài Gòn Thương Tín - Chi nhánh Gia Lai,CONG TY TNHH MTV HUY VU
51579,muavao,1,2023340.00,2023-04-02 17:00:00,Ngân hàng TMCP Sài Gòn Thương Tín - Chi nhánh Gia Lai,CONG TY TNHH MTV HUY VU
51577,muavao,1,1481074.00,2023-04-02 17:00:00,Ngân hàng TMCP Sài Gòn Thương Tín - Chi nhánh Gia Lai,CONG TY TNHH MTV HUY VU
51575,muavao,1,740536.00,2023-04-02 17:00:00,Ngân hàng TMCP Sài Gòn Thương Tín - Chi nhánh Gia Lai,CONG TY TNHH MTV HUY VU
51572,muavao,1,972324.00,2023-04-02 17:00:00,Ngân hàng TMCP Sài Gòn Thương Tín - Chi nhánh Gia Lai,CONG TY TNHH MTV HUY VU
51571,muavao,1,2617908.00,2023-04-02 17:00:00,Ngân hàng TMCP Sài Gòn Thương Tín - Chi nhánh Gia Lai,CONG TY TNHH MTV HUY VU
32872496,muavao,1,109091.00,2023-05-17 17:00:00,NGÂN HÀNG TMCP Á CHÂU,CTY TNHH MTV HUY VU
51569,muavao,1,1186884.00,2023-04-02 17:00:00,Ngân hàng TMCP Sài Gòn Thương Tín - Chi nhánh Gia Lai,CONG TY TNHH MTV HUY VU
51568,muavao,1,512420.00,2023-04-02 17:00:00,Ngân hàng TMCP Sài Gòn Thương Tín - Chi nhánh Gia Lai,CONG TY TNHH MTV HUY VU
51567,muavao,1,1813493.00,2023-04-02 17:00:00,Ngân hàng TMCP Sài Gòn Thương Tín - Chi nhánh Gia Lai,CONG TY TNHH MTV HUY VU
51566,muavao,1,1765768.00,2023-04-02 17:00:00,Ngân hàng TMCP Sài Gòn Thương Tín - Chi nhánh Gia Lai,CONG TY TNHH MTV HUY VU
51565,muavao,1,964260.00,2023-04-02 17:00:00,Ngân hàng TMCP Sài Gòn Thương Tín - Chi nhánh Gia Lai,CONG TY TNHH MTV HUY VU
51564,muavao,1,2098186.00,2023-04-02 17:00:00,Ngân hàng TMCP Sài Gòn Thương Tín - Chi nhánh Gia Lai,CONG TY TNHH MTV HUY VU
51563,muavao,1,1142042.00,2023-04-02 17:00:00,Ngân hàng TMCP Sài Gòn Thương Tín - Chi nhánh Gia Lai,CONG TY TNHH MTV HUY VU
51562,muavao,1,381788.00,2023-04-02 17:00:00,Ngân hàng TMCP Sài Gòn Thương Tín - Chi nhánh Gia Lai,CONG TY TNHH MTV HUY VU
51561,muavao,1,266070.00,2023-04-02 17:00:00,Ngân hàng TMCP Sài Gòn Thương Tín - Chi nhánh Gia Lai,CONG TY TNHH MTV HUY VU
51560,muavao,1,326385.00,2023-04-02 17:00:00,Ngân hàng TMCP Sài Gòn Thương Tín - Chi nhánh Gia Lai,CONG TY TNHH MTV HUY VU
51559,muavao,1,81597.00,2023-04-02 17:00:00,Ngân hàng TMCP Sài Gòn Thương Tín - Chi nhánh Gia Lai,CONG TY TNHH MTV HUY VU
51558,muavao,1,139880.00,2023-04-02 17:00:00,Ngân hàng TMCP Sài Gòn Thương Tín - Chi nhánh Gia Lai,CONG TY TNHH MTV HUY VU
16168,muavao,1,384085000.00,2023-04-02 17:00:00,CÔNG TY TNHH MỘT THÀNH VIÊN CÔNG NGHỆ TIN HỌC VIỄN SƠN,CÔNG TY TNHH MỘT THÀNH VIÊN HUY VŨ
2234,muavao,1,80000.00,2023-04-02 17:00:00,Ngân hàng TMCP Sài Gòn Thương Tín - Chi nhánh Gia Lai,CONG TY TNHH MTV HUY VU
1332,muavao,1,3720000.00,2023-04-02 17:00:00,CÔNG TY TNHH ĐẦU TƯ CÔNG NGHỆ ÂM THANH TRIỆU GIA,CÔNG TY TNHH MỘT THÀNH VIÊN HUY VŨ
783,muavao,1,10139997.00,2023-04-02 17:00:00,CÔNG TY TNHH XÂY DỰNG THƯƠNG MẠI VÀ TƯ VẤN TRÍ VIỄN,CÔNG TY TNHH MỘT THÀNH VIÊN HUY VŨ
397,muavao,6,19636364.00,2023-04-02 17:00:00,CÔNG TY TNHH XUẤT NHẬP KHẨU LÊ TRẦN GIA,CÔNG TY TNHH MỘT THÀNH VIÊN HUY VŨ
224002,muavao,1,377812.00,2023-04-01 17:00:00,TRUNG TÂM KINH DOANH VNPT - GIA LAI - CHI NHÁNH TỔNG CÔNG TY DỊCH VỤ VIỄN THÔNG,Công Ty TNHH MTV Huy Vũ
223907,muavao,1,272859.00,2023-04-01 17:00:00,TRUNG TÂM KINH DOANH VNPT - GIA LAI - CHI NHÁNH TỔNG CÔNG TY DỊCH VỤ VIỄN THÔNG,Công Ty TNHH MTV Huy Vũ
223906,muavao,1,470352.00,2023-04-01 17:00:00,TRUNG TÂM KINH DOANH VNPT - GIA LAI - CHI NHÁNH TỔNG CÔNG TY DỊCH VỤ VIỄN THÔNG,Công Ty TNHH MTV Huy Vũ
207657,muavao,1,249636.00,2023-04-01 17:00:00,TRUNG TÂM KINH DOANH VNPT - GIA LAI - CHI NHÁNH TỔNG CÔNG TY DỊCH VỤ VIỄN THÔNG,Công Ty TNHH MTV Huy Vũ
177470,muavao,1,274000.00,2023-04-01 17:00:00,TRUNG TÂM KINH DOANH VNPT - GIA LAI - CHI NHÁNH TỔNG CÔNG TY DỊCH VỤ VIỄN THÔNG,Công Ty TNHH MTV Huy Vũ
177427,muavao,1,20000.00,2023-04-01 17:00:00,TRUNG TÂM KINH DOANH VNPT - GIA LAI - CHI NHÁNH TỔNG CÔNG TY DỊCH VỤ VIỄN THÔNG,Công Ty TNHH MTV Huy Vũ
177378,muavao,1,24545.00,2023-04-01 17:00:00,TRUNG TÂM KINH DOANH VNPT - GIA LAI - CHI NHÁNH TỔNG CÔNG TY DỊCH VỤ VIỄN THÔNG,Công Ty  TNHH MTV Huy Vũ
177377,muavao,1,31000.00,2023-04-01 17:00:00,TRUNG TÂM KINH DOANH VNPT - GIA LAI - CHI NHÁNH TỔNG CÔNG TY DỊCH VỤ VIỄN THÔNG,Công Ty TNHH MTV  Huy Vũ
177181,muavao,1,213636.00,2023-04-01 17:00:00,TRUNG TÂM KINH DOANH VNPT - GIA LAI - CHI NHÁNH TỔNG CÔNG TY DỊCH VỤ VIỄN THÔNG,Cửa Hàng Máy Tình Trường Sơn
67202949,muavao,1,350000.00,2023-03-31 17:00:00,Tập đoàn Công nghiệp - Viễn thông Quân đội,Công Ty Tnhh Huy Vũ
2193,muavao,1,6363636.00,2023-03-31 17:00:00,CÔNG TY TNHH PHƯƠNG KHANG COMPUTER,CÔNG TY TNHH MỘT THÀNH VIÊN HUY VŨ
85470,muavao,1,9090910.00,2023-05-30 17:00:00,Chi nhánh Công ty TNHH phân phối Synnex FPT,Công ty TNHH MTV Huy Vũ
82589,muavao,1,9021.00,2023-05-30 17:00:00,Ngân hàng TMCP Sài Gòn Thương Tín - Chi nhánh Gia Lai,CONG TY TNHH MTV HUY VU
82574,muavao,1,722116.00,2023-05-30 17:00:00,Ngân hàng TMCP Sài Gòn Thương Tín - Chi nhánh Gia Lai,CONG TY TNHH MTV HUY VU
82573,muavao,1,548805.00,2023-05-30 17:00:00,Ngân hàng TMCP Sài Gòn Thương Tín - Chi nhánh Gia Lai,CONG TY TNHH MTV HUY VU
68093,muavao,1,7220909.00,2023-05-30 17:00:00,Công ty TNHH Phân phối Synnex FPT,Công ty TNHH MTV Huy Vũ
44619,muavao,1,22000000.00,2023-05-30 17:00:00,CÔNG TY CỔ PHẦN DỊCH VỤ PHÂN PHỐI TỔNG HỢP DẦU KHÍ,Công ty TNHH  Một Thành Viên Huy Vũ
43787,muavao,1,4772727.00,2023-05-30 17:00:00,CÔNG TY CỔ PHẦN DỊCH VỤ PHÂN PHỐI TỔNG HỢP DẦU KHÍ,Công ty TNHH  Một Thành Viên Huy Vũ
32807,muavao,1,60000.00,2023-05-30 17:00:00,NGAN HANG TMCP PHAT TRIEN THANH PHO HO CHI MINH,CONG TY TNHH MOT THANH VIEN HUY VU
32806,muavao,1,9747477.00,2023-05-30 17:00:00,NGAN HANG TMCP PHAT TRIEN THANH PHO HO CHI MINH,CONG TY TNHH MOT THANH VIEN HUY VU
75836,muavao,1,522882.00,2023-05-17 17:00:00,Ngân hàng TMCP Sài Gòn Thương Tín - Chi nhánh Gia Lai,CONG TY TNHH MTV HUY VU
5039,muavao,1,9718182.00,2023-05-30 17:00:00,CÔNG TY CỔ PHẦN THIẾT BỊ VĂN PHÒNG NGUYỄN ĐỨC,CÔNG TY TNHH MTV HUY VŨ
3705,muavao,1,1000000.00,2023-05-30 17:00:00,Ngân hàng TMCP Sài Gòn Thương Tín - Chi nhánh Gia Lai,CONG TY TNHH MTV HUY VU
2753,muavao,1,272727.00,2023-05-30 17:00:00,CÔNG TY CỔ PHẦN MÁY TÍNH VĨNH XUÂN - CHI NHÁNH ĐÀ NẴNG,CÔNG TY TNHH MỘT THÀNH VIÊN HUY VŨ
2744,muavao,1,3954545.00,2023-05-30 17:00:00,CÔNG TY CỔ PHẦN MÁY TÍNH VĨNH XUÂN - CHI NHÁNH ĐÀ NẴNG,CÔNG TY TNHH MỘT THÀNH VIÊN HUY VŨ
1943,muavao,1,122973.00,2023-05-30 17:00:00,CÔNG TY DỊCH VỤ MOBIFONE KHU VỰC 1 - CHI NHÁNH TỔNG CÔNG TY VIỄN THÔNG MOBIFONE,CÔNG TY TNHH MỘT THÀNH VIÊN HUY VŨ
9099,muavao,1,3727273.00,2023-05-29 17:00:00,CÔNG TY CỔ PHẦN MÁY TÍNH VĨNH XUÂN - CHI NHÁNH THÀNH PHỐ HỒ CHÍ MINH,CÔNG TY TNHH MỘT THÀNH VIÊN HUY VŨ
1939,muavao,1,2954545.00,2023-05-29 17:00:00,CÔNG TY TNHH MỘT THÀNH VIÊN THIẾT BỊ TIN HỌC AN PHÚ,CÔNG TY TNHH MỘT THÀNH VIÊN HUY VŨ
501,muavao,1,5560150.00,2023-05-29 17:00:00,CHI NHÁNH CÔNG TY CỔ PHẦN ĐẦU TƯ VÀ PHÁT TRIỂN CÔNG NGHỆ QUỐC GIA ADG TẠI ĐÀ NẴNG,Công Ty TNHH Một Thành Viên Huy Vũ
3691,muavao,1,4418184.00,2023-05-28 17:00:00,Công Ty TNHH Công Nghệ Thông Tin An Phát,CÔNG TY TNHH MỘT THÀNH VIÊN HUY VŨ
3647,muavao,1,15000.00,2023-05-28 17:00:00,Ngân hàng TMCP Sài Gòn Thương Tín - Chi nhánh Gia Lai,CONG TY TNHH MTV HUY VU
3646,muavao,1,23000.00,2023-05-28 17:00:00,Ngân hàng TMCP Sài Gòn Thương Tín - Chi nhánh Gia Lai,CONG TY TNHH MTV HUY VU
2697,muavao,1,13409091.00,2023-05-28 17:00:00,CÔNG TY CỔ PHẦN MÁY TÍNH VĨNH XUÂN - CHI NHÁNH ĐÀ NẴNG,CÔNG TY TNHH MỘT THÀNH VIÊN HUY VŨ
2530,muavao,1,6409091.00,2023-05-28 17:00:00,CÔNG TY CỔ PHẦN ĐẦU TƯ PHÁT TRIỂN CÔNG NGHỆ ROBO,CÔNG TY TNHH MỘT THÀNH VIÊN HUY VŨ
1921,muavao,1,1945454.00,2023-05-28 17:00:00,CÔNG TY TNHH MỘT THÀNH VIÊN THIẾT BỊ TIN HỌC AN PHÚ,CÔNG TY TNHH MỘT THÀNH VIÊN HUY VŨ
1920,muavao,1,17195453.00,2023-05-28 17:00:00,CÔNG TY TNHH MỘT THÀNH VIÊN THIẾT BỊ TIN HỌC AN PHÚ,CÔNG TY TNHH MỘT THÀNH VIÊN HUY VŨ
150,muavao,1,4909091.00,2023-05-28 17:00:00,CÔNG TY TNHH MỘT THÀNH VIÊN NGUYỄN HỮU ĐẠT,CÔNG TY TNHH MỘT THÀNH VIÊN HUY VŨ
1159,muavao,1,2454200.00,2023-05-26 17:00:00,CHI NHÁNH CÔNG TY TNHH THƯƠNG MẠI - ĐẦU TƯ VÀ PHÁT TRIỂN,Công Ty TNHH MTV Huy Vũ
185,muavao,1,3600000.00,2023-05-26 17:00:00,CÔNG TY TNHH ĐIỆN TỬ TIN HỌC KIM PHÁT,Công Ty Trách Nhiệm Hữu Hạn một thành viên Huy Vũ
80459,muavao,1,635133.00,2023-05-25 17:00:00,Ngân hàng TMCP Sài Gòn Thương Tín - Chi nhánh Gia Lai,CONG TY TNHH MTV HUY VU
80458,muavao,1,1151215.00,2023-05-25 17:00:00,Ngân hàng TMCP Sài Gòn Thương Tín - Chi nhánh Gia Lai,CONG TY TNHH MTV HUY VU
79916,muavao,1,125000.00,2023-05-25 17:00:00,Ngân hàng TMCP Sài Gòn Thương Tín - Chi nhánh Gia Lai,CONG TY TNHH MTV HUY VU
3610,muavao,1,40000.00,2023-05-25 17:00:00,Ngân hàng TMCP Sài Gòn Thương Tín - Chi nhánh Gia Lai,CONG TY TNHH MTV HUY VU
909,muavao,1,4453640.00,2023-05-25 17:00:00,CÔNG TY TNHH THƯƠNG MẠI DỊCH VỤ SẢN XUẤT XUẤT NHẬP KHẨU MỰC IN VIỆT NHẬT,CÔNG TY TNHH MỘT THÀNH VIÊN HUY VŨ
182,muavao,1,39665273.00,2023-05-25 17:00:00,CÔNG TY TNHH ĐIỆN TỬ TIN HỌC KIM PHÁT,Công Ty Trách Nhiệm Hữu Hạn một thành viên Huy Vũ
133,muavao,1,1909091.00,2023-05-25 17:00:00,CÔNG TY TNHH MỘT THÀNH VIÊN THẾ HỆ MỚI GIA LAI,Công Ty TNHH Một Thành Viên Huy Vũ
3570,muavao,1,29744.00,2023-05-24 17:00:00,Ngân hàng TMCP Sài Gòn Thương Tín - Chi nhánh Gia Lai,CONG TY TNHH MTV HUY VU
3565,muavao,1,20000.00,2023-05-24 17:00:00,Ngân hàng TMCP Sài Gòn Thương Tín - Chi nhánh Gia Lai,CONG TY TNHH MTV HUY VU
191222,muavao,1,748052.00,2023-12-21 17:00:00,Ngân hàng TMCP Sài Gòn Thương Tín - Chi nhánh Gia Lai,CONG TY TNHH MTV HUY VU
414,muavao,1,1727273.00,2023-05-24 17:00:00,CÔNG TY CỔ PHẦN ĐẦU TƯ & THƯƠNG MẠI ĐẠI PHÁT,CÔNG TY TNHH MỘT THÀNH VIÊN HUY VŨ
179009,muavao,1,33818184.00,2023-05-23 17:00:00,CÔNG TY CỔ PHẦN THẾ GIỚI SỐ,Công Ty TNHH MTV Huy Vũ
3535,muavao,1,23000.00,2023-05-23 17:00:00,Ngân hàng TMCP Sài Gòn Thương Tín - Chi nhánh Gia Lai,CONG TY TNHH MTV HUY VU
3534,muavao,1,24000.00,2023-05-23 17:00:00,Ngân hàng TMCP Sài Gòn Thương Tín - Chi nhánh Gia Lai,CONG TY TNHH MTV HUY VU
178099,muavao,1,42850000.00,2023-05-22 17:00:00,CÔNG TY CỔ PHẦN THẾ GIỚI SỐ,Công Ty TNHH MTV Huy Vũ
4751,muavao,1,1090909.00,2023-05-22 17:00:00,CÔNG TY CỔ PHẦN THIẾT BỊ VĂN PHÒNG NGUYỄN ĐỨC,CÔNG TY TNHH MTV HUY VŨ
3503,muavao,1,69000.00,2023-05-22 17:00:00,Ngân hàng TMCP Sài Gòn Thương Tín - Chi nhánh Gia Lai,CONG TY TNHH MTV HUY VU
30591488,muavao,1,9471087.00,2023-05-10 17:00:00,NGÂN HÀNG TMCP Á CHÂU,CTY TNHH MTV HUY VU
1240,muavao,1,3200000.00,2023-05-22 17:00:00,CÔNG TY TNHH GIẢI PHÁP FINGERTAS,CÔNG TY TNHH MỘT THÀNH VIÊN HUY VŨ
714,muavao,1,18546090.00,2023-05-22 17:00:00,CHI NHÁNH CÔNG TY CỔ PHẦN HUETRONICS (TỈNH THỪA THIÊN HUẾ),CÔNG TY TNHH MỘT THÀNH VIÊN HUY VŨ
76910,muavao,1,1400807.00,2023-05-21 17:00:00,Ngân hàng TMCP Sài Gòn Thương Tín - Chi nhánh Gia Lai,CONG TY TNHH MTV HUY VU
63399,muavao,1,7222362.00,2023-05-21 17:00:00,Công ty TNHH Phân phối Synnex FPT,Công ty TNHH MTV Huy Vũ
3493,muavao,1,1172727.00,2023-05-21 17:00:00,Công Ty TNHH Công Nghệ Thông Tin An Phát,CÔNG TY TNHH MỘT THÀNH VIÊN HUY VŨ
1895,muavao,1,16361818.00,2023-05-21 17:00:00,CÔNG TY TNHH PHÂN PHỐI PHƯƠNG VIỆT,CÔNG TY TNHH MỘT THÀNH VIÊN HUY VŨ
1082,muavao,1,3318182.00,2023-05-21 17:00:00,CHI NHÁNH CÔNG TY TNHH CÔNG NGHỆ VÀ THƯƠNG MẠI Á MỸ,CÔNG TY TNHH MỘT THÀNH VIÊN HUY VŨ
47,muavao,1,11850000.00,2023-05-21 17:00:00,CÔNG TY CỔ PHẦN KATALYST,CÔNG TY TNHH MỘT THÀNH VIÊN HUY VŨ
1072,muavao,1,4000000.00,2023-05-19 17:00:00,CHI NHÁNH CÔNG TY TNHH CÔNG NGHỆ VÀ THƯƠNG MẠI Á MỸ,CÔNG TY TNHH MỘT THÀNH VIÊN HUY VŨ
63133,muavao,1,4690908.00,2023-05-18 17:00:00,Công ty TNHH Phân phối Synnex FPT,Công ty TNHH MTV Huy Vũ
27029,muavao,1,7582835.00,2023-05-18 17:00:00,CÔNG TY TNHH MỘT THÀNH VIÊN CÔNG NGHỆ TIN HỌC VIỄN SƠN,CÔNG TY TNHH MỘT THÀNH VIÊN HUY VŨ
27028,muavao,1,27167101.00,2023-05-18 17:00:00,CÔNG TY TNHH MỘT THÀNH VIÊN CÔNG NGHỆ TIN HỌC VIỄN SƠN,CÔNG TY TNHH MỘT THÀNH VIÊN HUY VŨ
22462,muavao,1,13954545.00,2023-05-18 17:00:00,CÔNG TY TNHH VI TÍNH NGUYÊN KIM,CÔNG TY TNHH MỘT THÀNH VIÊN HUY VŨ
3429,muavao,1,23000.00,2023-05-18 17:00:00,Ngân hàng TMCP Sài Gòn Thương Tín - Chi nhánh Gia Lai,CONG TY TNHH MTV HUY VU
2587,muavao,1,599000.00,2023-05-18 17:00:00,CÔNG TY TNHH DỊCH VỤ ĂN UỐNG HOÀNG TÂM,CÔNG TY TNHH MỘT THÀNH VIÊN HUY VŨ
2324,muavao,1,7845454.00,2023-05-18 17:00:00,CÔNG TY CỔ PHẦN ĐẦU TƯ PHÁT TRIỂN CÔNG NGHỆ ROBO,CÔNG TY TNHH MỘT THÀNH VIÊN HUY VŨ
75824,muavao,1,905753.00,2023-05-17 17:00:00,Ngân hàng TMCP Sài Gòn Thương Tín - Chi nhánh Gia Lai,CONG TY TNHH MTV HUY VU
75807,muavao,1,637264.00,2023-05-17 17:00:00,Ngân hàng TMCP Sài Gòn Thương Tín - Chi nhánh Gia Lai,CONG TY TNHH MTV HUY VU
11317,muavao,1,14361818.00,2023-05-17 17:00:00,CÔNG TY TNHH VI TÍNH ĐẠI TÀI LỘC,CÔNG TY TNHH MỘT THÀNH VIÊN HUY VŨ
1199,muavao,1,3200000.00,2023-05-17 17:00:00,CÔNG TY TNHH GIẢI PHÁP FINGERTAS,CÔNG TY TNHH MỘT THÀNH VIÊN HUY VŨ
62566,muavao,1,13976914.00,2023-05-16 17:00:00,Công ty TNHH Phân phối Synnex FPT,Công ty TNHH MTV Huy Vũ
4046,muavao,1,810000.00,2023-05-16 17:00:00,CÔNG TY TNHH HAI DI LAO VIET NAM HOLDINGS - CHI NHÁNH THÀNH PHỐ HỒ CHÍ MINH,CÔNG TY TNHH MỘT THÀNH VIÊN HUY VŨ
25794,muavao,1,1882000.00,2023-05-15 17:00:00,CÔNG TY CỔ PHẦN TAKAHIRO,CÔNG TY TNHH MỘT THÀNH VIÊN HUY VŨ
4479,muavao,1,1090909.00,2023-05-15 17:00:00,CÔNG TY CỔ PHẦN THIẾT BỊ VĂN PHÒNG NGUYỄN ĐỨC,CÔNG TY TNHH MTV HUY VŨ
4470,muavao,1,5354545.00,2023-05-15 17:00:00,CÔNG TY CỔ PHẦN THIẾT BỊ VĂN PHÒNG NGUYỄN ĐỨC,CÔNG TY TNHH MTV HUY VŨ
4445,muavao,1,6363636.00,2023-05-15 17:00:00,CÔNG TY CỔ PHẦN THIẾT BỊ VĂN PHÒNG NGUYỄN ĐỨC,CÔNG TY TNHH MTV HUY VŨ
159,muavao,1,5590905.00,2023-05-15 17:00:00,CÔNG TY TNHH ĐIỆN TỬ TIN HỌC KIM PHÁT,Công Ty Trách Nhiệm Hữu Hạn một thành viên Huy Vũ
158,muavao,1,25127274.00,2023-05-15 17:00:00,CÔNG TY TNHH ĐIỆN TỬ TIN HỌC KIM PHÁT,Công Ty Trách Nhiệm Hữu Hạn một thành viên Huy Vũ
3284,muavao,1,23000.00,2023-05-14 17:00:00,Ngân hàng TMCP Sài Gòn Thương Tín - Chi nhánh Gia Lai,CONG TY TNHH MTV HUY VU
3283,muavao,1,40000.00,2023-05-14 17:00:00,Ngân hàng TMCP Sài Gòn Thương Tín - Chi nhánh Gia Lai,CONG TY TNHH MTV HUY VU
31519221,muavao,1,54545.00,2023-05-12 17:00:00,NGÂN HÀNG TMCP Á CHÂU,CTY TNHH MTV HUY VU
560,muavao,1,15545455.00,2023-05-12 17:00:00,CÔNG TY TNHH XUẤT NHẬP KHẨU LÊ TRẦN GIA,CÔNG TY TNHH MỘT THÀNH VIÊN HUY VŨ
166275,muavao,1,14318180.00,2023-05-11 17:00:00,CÔNG TY CỔ PHẦN THẾ GIỚI SỐ,Công Ty TNHH MTV Huy Vũ
3209,muavao,1,15000.00,2023-05-10 17:00:00,Ngân hàng TMCP Sài Gòn Thương Tín - Chi nhánh Gia Lai,CONG TY TNHH MTV HUY VU
3208,muavao,1,23000.00,2023-05-10 17:00:00,Ngân hàng TMCP Sài Gòn Thương Tín - Chi nhánh Gia Lai,CONG TY TNHH MTV HUY VU
2221,muavao,1,0.00,2023-05-10 17:00:00,CHI NHÁNH CÔNG TY CỔ PHẦN KỸ THUẬT CÔNG NGHỆ NAM THÀNH,Công ty TNHH  Một Thành Viên Huy Vũ
59512,muavao,1,6818181.00,2023-05-09 17:00:00,Công ty TNHH Phân phối Synnex FPT,Công ty TNHH MTV Huy Vũ
3200,muavao,1,14116905.00,2023-05-09 17:00:00,Công Ty TNHH Công Nghệ Thông Tin An Phát,CÔNG TY TNHH MỘT THÀNH VIÊN HUY VŨ
68707,muavao,1,19000.00,2023-05-08 17:00:00,Ngân hàng TMCP Sài Gòn Thương Tín - Chi nhánh Gia Lai,CONG TY TNHH MTV HUY VU
1846,muavao,1,4386400.00,2023-05-08 17:00:00,CHI NHÁNH CÔNG TY CỔ PHẦN TRUYỀN THÔNG VÀ DỮ LIỆU THANH TOÁN AN DU TẠI ĐÀ NẴNG,CÔNG TY TNHH MỘT THÀNH VIÊN HUY VŨ
428,muavao,1,23881818.00,2023-05-08 17:00:00,CHI NHÁNH CÔNG TY CỔ PHẦN ĐẦU TƯ VÀ PHÁT TRIỂN CÔNG NGHỆ QUỐC GIA ADG TẠI ĐÀ NẴNG,Công Ty TNHH Một Thành Viên Huy Vũ
68622,muavao,1,150551.00,2023-05-07 17:00:00,Ngân hàng TMCP Sài Gòn Thương Tín - Chi nhánh Gia Lai,CONG TY TNHH MTV HUY VU
68602,muavao,1,2346.00,2023-05-07 17:00:00,Ngân hàng TMCP Sài Gòn Thương Tín - Chi nhánh Gia Lai,CONG TY TNHH MTV HUY VU
68601,muavao,1,1243.00,2023-05-07 17:00:00,Ngân hàng TMCP Sài Gòn Thương Tín - Chi nhánh Gia Lai,CONG TY TNHH MTV HUY VU
68597,muavao,1,153558.00,2023-05-07 17:00:00,Ngân hàng TMCP Sài Gòn Thương Tín - Chi nhánh Gia Lai,CONG TY TNHH MTV HUY VU
3344,muavao,1,15872742.00,2023-05-07 17:00:00,CÔNG TY TNHH THƯƠNG MẠI DỊCH VỤ TIN HỌC ANH PHƯƠNG A.P.C.O.M,CÔNG TY TNHH MỘT THÀNH VIÊN HUY VŨ
3109,muavao,1,23000.00,2023-05-07 17:00:00,Ngân hàng TMCP Sài Gòn Thương Tín - Chi nhánh Gia Lai,CONG TY TNHH MTV HUY VU
3108,muavao,1,40000.00,2023-05-07 17:00:00,Ngân hàng TMCP Sài Gòn Thương Tín - Chi nhánh Gia Lai,CONG TY TNHH MTV HUY VU
3088,muavao,1,1000000.00,2023-05-07 17:00:00,Ngân hàng TMCP Sài Gòn Thương Tín - Chi nhánh Gia Lai,CONG TY TNHH MTV HUY VU
684,muavao,1,10400000.00,2023-05-07 17:00:00,CÔNG TY TNHH MỘT THÀNH VIÊN DỊCH VỤ THƯƠNG MẠI MẠNH TÀI,CÔNG TY TNHH MỘT THÀNH VIÊN HUY VŨ
299101,muavao,1,96363.00,2023-05-05 17:00:00,CÔNG TY DỊCH VỤ MOBIFONE KHU VỰC 7 - CHI NHÁNH TỔNG CÔNG TY VIỄN THÔNG MOBIFONE,Công ty TNHH MTV Huy Vũ
4028,muavao,1,4090909.00,2023-05-04 17:00:00,CÔNG TY CỔ PHẦN THIẾT BỊ VĂN PHÒNG NGUYỄN ĐỨC,CÔNG TY TNHH MTV HUY VŨ
2586,muavao,1,3563638.00,2023-05-04 17:00:00,CÔNG TY TNHH THƯƠNG MẠI DỊCH VỤ QUỐC VIỆT,Công Ty TNHH Một Thành Viên Huy Vũ
67094,muavao,1,512561.00,2023-05-03 17:00:00,Ngân hàng TMCP Sài Gòn Thương Tín - Chi nhánh Gia Lai,CONG TY TNHH MTV HUY VU
67047,muavao,1,233196.00,2023-05-03 17:00:00,Ngân hàng TMCP Sài Gòn Thương Tín - Chi nhánh Gia Lai,CONG TY TNHH MTV HUY VU
67045,muavao,1,320168.00,2023-05-03 17:00:00,Ngân hàng TMCP Sài Gòn Thương Tín - Chi nhánh Gia Lai,CONG TY TNHH MTV HUY VU
67043,muavao,1,464595.00,2023-05-03 17:00:00,Ngân hàng TMCP Sài Gòn Thương Tín - Chi nhánh Gia Lai,CONG TY TNHH MTV HUY VU
67042,muavao,1,307818.00,2023-05-03 17:00:00,Ngân hàng TMCP Sài Gòn Thương Tín - Chi nhánh Gia Lai,CONG TY TNHH MTV HUY VU
67041,muavao,1,3497936.00,2023-05-03 17:00:00,Ngân hàng TMCP Sài Gòn Thương Tín - Chi nhánh Gia Lai,CONG TY TNHH MTV HUY VU
67040,muavao,1,699587.00,2023-05-03 17:00:00,Ngân hàng TMCP Sài Gòn Thương Tín - Chi nhánh Gia Lai,CONG TY TNHH MTV HUY VU
67039,muavao,1,489711.00,2023-05-03 17:00:00,Ngân hàng TMCP Sài Gòn Thương Tín - Chi nhánh Gia Lai,CONG TY TNHH MTV HUY VU
67037,muavao,1,699587.00,2023-05-03 17:00:00,Ngân hàng TMCP Sài Gòn Thương Tín - Chi nhánh Gia Lai,CONG TY TNHH MTV HUY VU
67035,muavao,1,349793.00,2023-05-03 17:00:00,Ngân hàng TMCP Sài Gòn Thương Tín - Chi nhánh Gia Lai,CONG TY TNHH MTV HUY VU
67033,muavao,1,699587.00,2023-05-03 17:00:00,Ngân hàng TMCP Sài Gòn Thương Tín - Chi nhánh Gia Lai,CONG TY TNHH MTV HUY VU
66904,muavao,1,570303.00,2023-05-03 17:00:00,Ngân hàng TMCP Sài Gòn Thương Tín - Chi nhánh Gia Lai,CONG TY TNHH MTV HUY VU
66903,muavao,1,716048.00,2023-05-03 17:00:00,Ngân hàng TMCP Sài Gòn Thương Tín - Chi nhánh Gia Lai,CONG TY TNHH MTV HUY VU
66902,muavao,1,1427943.00,2023-05-03 17:00:00,Ngân hàng TMCP Sài Gòn Thương Tín - Chi nhánh Gia Lai,CONG TY TNHH MTV HUY VU
66898,muavao,1,2098761.00,2023-05-03 17:00:00,Ngân hàng TMCP Sài Gòn Thương Tín - Chi nhánh Gia Lai,CONG TY TNHH MTV HUY VU
66896,muavao,1,826735.00,2023-05-03 17:00:00,Ngân hàng TMCP Sài Gòn Thương Tín - Chi nhánh Gia Lai,CONG TY TNHH MTV HUY VU
66895,muavao,1,1432096.00,2023-05-03 17:00:00,Ngân hàng TMCP Sài Gòn Thương Tín - Chi nhánh Gia Lai,CONG TY TNHH MTV HUY VU
66894,muavao,1,1432096.00,2023-05-03 17:00:00,Ngân hàng TMCP Sài Gòn Thương Tín - Chi nhánh Gia Lai,CONG TY TNHH MTV HUY VU
66893,muavao,1,132468.00,2023-05-03 17:00:00,Ngân hàng TMCP Sài Gòn Thương Tín - Chi nhánh Gia Lai,CONG TY TNHH MTV HUY VU
66892,muavao,1,615709.00,2023-05-03 17:00:00,Ngân hàng TMCP Sài Gòn Thương Tín - Chi nhánh Gia Lai,CONG TY TNHH MTV HUY VU
66891,muavao,1,465881.00,2023-05-03 17:00:00,Ngân hàng TMCP Sài Gòn Thương Tín - Chi nhánh Gia Lai,CONG TY TNHH MTV HUY VU
66890,muavao,1,489175.00,2023-05-03 17:00:00,Ngân hàng TMCP Sài Gòn Thương Tín - Chi nhánh Gia Lai,CONG TY TNHH MTV HUY VU
66889,muavao,1,605645.00,2023-05-03 17:00:00,Ngân hàng TMCP Sài Gòn Thương Tín - Chi nhánh Gia Lai,CONG TY TNHH MTV HUY VU
66888,muavao,1,628939.00,2023-05-03 17:00:00,Ngân hàng TMCP Sài Gòn Thương Tín - Chi nhánh Gia Lai,CONG TY TNHH MTV HUY VU
66887,muavao,1,326116.00,2023-05-03 17:00:00,Ngân hàng TMCP Sài Gòn Thương Tín - Chi nhánh Gia Lai,CONG TY TNHH MTV HUY VU
66886,muavao,1,382687.00,2023-05-03 17:00:00,Ngân hàng TMCP Sài Gòn Thương Tín - Chi nhánh Gia Lai,CONG TY TNHH MTV HUY VU
66885,muavao,1,1397643.00,2023-05-03 17:00:00,Ngân hàng TMCP Sài Gòn Thương Tín - Chi nhánh Gia Lai,CONG TY TNHH MTV HUY VU
66884,muavao,1,503315.00,2023-05-03 17:00:00,Ngân hàng TMCP Sài Gòn Thương Tín - Chi nhánh Gia Lai,CONG TY TNHH MTV HUY VU
66841,muavao,1,1105611.00,2023-05-03 17:00:00,Ngân hàng TMCP Sài Gòn Thương Tín - Chi nhánh Gia Lai,CONG TY TNHH MTV HUY VU
66839,muavao,1,1172537.00,2023-05-03 17:00:00,Ngân hàng TMCP Sài Gòn Thương Tín - Chi nhánh Gia Lai,CONG TY TNHH MTV HUY VU
66838,muavao,1,1851636.00,2023-05-03 17:00:00,Ngân hàng TMCP Sài Gòn Thương Tín - Chi nhánh Gia Lai,CONG TY TNHH MTV HUY VU
56188,muavao,1,2345454.00,2023-05-03 17:00:00,Công ty TNHH Phân phối Synnex FPT,Công ty TNHH MTV Huy Vũ
283093,muavao,1,375514.00,2023-05-02 17:00:00,TRUNG TÂM KINH DOANH VNPT - GIA LAI - CHI NHÁNH TỔNG CÔNG TY DỊCH VỤ VIỄN THÔNG,Công Ty TNHH MTV Huy Vũ
282997,muavao,1,235651.00,2023-05-02 17:00:00,TRUNG TÂM KINH DOANH VNPT - GIA LAI - CHI NHÁNH TỔNG CÔNG TY DỊCH VỤ VIỄN THÔNG,Công Ty TNHH MTV Huy Vũ
282996,muavao,1,507256.00,2023-05-02 17:00:00,TRUNG TÂM KINH DOANH VNPT - GIA LAI - CHI NHÁNH TỔNG CÔNG TY DỊCH VỤ VIỄN THÔNG,Công Ty TNHH MTV Huy Vũ
265949,muavao,1,249636.00,2023-05-02 17:00:00,TRUNG TÂM KINH DOANH VNPT - GIA LAI - CHI NHÁNH TỔNG CÔNG TY DỊCH VỤ VIỄN THÔNG,Công Ty TNHH MTV Huy Vũ
236018,muavao,1,274000.00,2023-05-02 17:00:00,TRUNG TÂM KINH DOANH VNPT - GIA LAI - CHI NHÁNH TỔNG CÔNG TY DỊCH VỤ VIỄN THÔNG,Công Ty TNHH MTV Huy Vũ
235975,muavao,1,20000.00,2023-05-02 17:00:00,TRUNG TÂM KINH DOANH VNPT - GIA LAI - CHI NHÁNH TỔNG CÔNG TY DỊCH VỤ VIỄN THÔNG,Công Ty TNHH MTV Huy Vũ
235926,muavao,1,24545.00,2023-05-02 17:00:00,TRUNG TÂM KINH DOANH VNPT - GIA LAI - CHI NHÁNH TỔNG CÔNG TY DỊCH VỤ VIỄN THÔNG,Công Ty  TNHH MTV Huy Vũ
235925,muavao,1,25600.00,2023-05-02 17:00:00,TRUNG TÂM KINH DOANH VNPT - GIA LAI - CHI NHÁNH TỔNG CÔNG TY DỊCH VỤ VIỄN THÔNG,Công Ty TNHH MTV  Huy Vũ
235732,muavao,1,213636.00,2023-05-02 17:00:00,TRUNG TÂM KINH DOANH VNPT - GIA LAI - CHI NHÁNH TỔNG CÔNG TY DỊCH VỤ VIỄN THÔNG,Cửa Hàng Máy Tình Trường Sơn
2947,muavao,1,18372727.00,2023-05-02 17:00:00,CÔNG TY TNHH PHƯƠNG KHANG COMPUTER,CÔNG TY TNHH MỘT THÀNH VIÊN HUY VŨ
87265303,muavao,1,350000.00,2023-05-01 17:00:00,Tập đoàn Công nghiệp - Viễn thông Quân đội,Công Ty Tnhh Huy Vũ
114122,muavao,1,6218179.00,2023-06-29 17:00:00,Chi nhánh Công ty TNHH phân phối Synnex FPT,Công ty TNHH MTV Huy Vũ
88821,muavao,1,11448197.00,2023-06-29 17:00:00,Công ty TNHH Phân phối Synnex FPT,Công ty TNHH MTV Huy Vũ
39387,muavao,1,419860.00,2023-06-29 17:00:00,NGAN HANG TMCP PHAT TRIEN THANH PHO HO CHI MINH,CONG TY TNHH MOT THANH VIEN HUY VU
39386,muavao,1,3047670.00,2023-06-29 17:00:00,NGAN HANG TMCP PHAT TRIEN THANH PHO HO CHI MINH,CONG TY TNHH MOT THANH VIEN HUY VU
39278,muavao,1,2500000.00,2023-06-29 17:00:00,CÔNG TY TNHH MỘT THÀNH VIÊN CÔNG NGHỆ TIN HỌC VIỄN SƠN,CÔNG TY TNHH MỘT THÀNH VIÊN HUY VŨ
13469,muavao,1,160000.00,2023-06-29 17:00:00,Ngân hàng Thương mại Cổ phần Đầu tư và Phát triển Việt Nam - Chi nhánh Gia Lai,CONG TY TNHH MTV HUY VU
4687,muavao,1,10418184.00,2023-06-29 17:00:00,Công Ty TNHH Công Nghệ Thông Tin An Phát,CÔNG TY TNHH MỘT THÀNH VIÊN HUY VŨ
4536,muavao,1,50000.00,2023-06-29 17:00:00,Ngân hàng TMCP Sài Gòn Thương Tín - Chi nhánh Gia Lai,CONG TY TNHH MTV HUY VU
2313,muavao,1,115436.00,2023-06-29 17:00:00,CÔNG TY DỊCH VỤ MOBIFONE KHU VỰC 1 - CHI NHÁNH TỔNG CÔNG TY VIỄN THÔNG MOBIFONE,CÔNG TY TNHH MỘT THÀNH VIÊN HUY VŨ
1374,muavao,1,6000000.00,2023-06-29 17:00:00,CHI NHÁNH CÔNG TY TNHH CÔNG NGHỆ VÀ THƯƠNG MẠI Á MỸ,CÔNG TY TNHH MỘT THÀNH VIÊN HUY VŨ
1311,muavao,1,0.00,2023-06-29 17:00:00,CÔNG TY TNHH BROTHER INTERNATIONAL (VIỆT NAM),CÔNG TY TNHH MỘT THÀNH VIÊN HUY VŨ
810,muavao,1,17727273.00,2023-06-29 17:00:00,CÔNG TY TNHH XUẤT NHẬP KHẨU LÊ TRẦN GIA,CÔNG TY TNHH MỘT THÀNH VIÊN HUY VŨ
212,muavao,1,5918185.00,2023-06-29 17:00:00,CÔNG TY TNHH ĐIỆN TỬ TIN HỌC KIM PHÁT,Công Ty Trách Nhiệm Hữu Hạn một thành viên Huy Vũ
97797,muavao,1,23000.00,2023-06-28 17:00:00,Ngân hàng TMCP Sài Gòn Thương Tín - Chi nhánh Gia Lai,CONG TY TNHH MTV HUY VU
11069,muavao,1,62727.00,2023-06-28 17:00:00,CÔNG TY CỔ PHẦN MÁY TÍNH VĨNH XUÂN - CHI NHÁNH THÀNH PHỐ HỒ CHÍ MINH,CÔNG TY TNHH MỘT THÀNH VIÊN HUY VŨ
97286,muavao,1,23000.00,2023-06-27 17:00:00,Ngân hàng TMCP Sài Gòn Thương Tín - Chi nhánh Gia Lai,CONG TY TNHH MTV HUY VU
87103,muavao,1,8077275.00,2023-06-27 17:00:00,Công ty TNHH Phân phối Synnex FPT,Công ty TNHH MTV Huy Vũ
516,muavao,1,13500000.00,2023-06-27 17:00:00,CÔNG TY CỔ PHẦN ĐẦU TƯ & THƯƠNG MẠI ĐẠI PHÁT,CÔNG TY TNHH MỘT THÀNH VIÊN HUY VŨ
96212,muavao,1,125000.00,2023-06-26 17:00:00,Ngân hàng TMCP Sài Gòn Thương Tín - Chi nhánh Gia Lai,CONG TY TNHH MTV HUY VU
10947,muavao,1,9409091.00,2023-06-26 17:00:00,CÔNG TY CỔ PHẦN MÁY TÍNH VĨNH XUÂN - CHI NHÁNH THÀNH PHỐ HỒ CHÍ MINH,CÔNG TY TNHH MỘT THÀNH VIÊN HUY VŨ
4779,muavao,1,48281818.00,2023-06-26 17:00:00,CÔNG TY TNHH PHƯƠNG KHANG COMPUTER,CÔNG TY TNHH MỘT THÀNH VIÊN HUY VŨ
905,muavao,1,10682273.00,2023-06-26 17:00:00,CHI NHÁNH CÔNG TY CỔ PHẦN HUETRONICS (TỈNH THỪA THIÊN HUẾ),CÔNG TY TNHH MỘT THÀNH VIÊN HUY VŨ
316,muavao,1,11650001.00,2023-06-26 17:00:00,CÔNG TY TNHH TM DV XUẤT NHẬP KHẨU PHÚC THỊNH USA CHOICE,CÔNG TY TNHH MỘT THÀNH VIÊN HUY VŨ
37649,muavao,1,16909091.00,2023-06-25 17:00:00,CÔNG TY TNHH MỘT THÀNH VIÊN CÔNG NGHỆ TIN HỌC VIỄN SƠN,CÔNG TY TNHH MỘT THÀNH VIÊN HUY VŨ
37634,muavao,1,8036364.00,2023-06-25 17:00:00,CÔNG TY TNHH MỘT THÀNH VIÊN CÔNG NGHỆ TIN HỌC VIỄN SƠN,CÔNG TY TNHH MỘT THÀNH VIÊN HUY VŨ
5946,muavao,1,6545455.00,2023-06-25 17:00:00,CÔNG TY CỔ PHẦN THIẾT BỊ VĂN PHÒNG NGUYỄN ĐỨC,CÔNG TY TNHH MTV HUY VŨ
5740,muavao,1,2780000.00,2023-06-25 17:00:00,CÔNG TY CỔ PHẦN GIẢI PHÁP TIN HỌC ÁNH DƯƠNG,CÔNG TY TNHH MỘT THÀNH VIÊN HUY VŨ
37284,muavao,1,2222727.00,2023-06-23 17:00:00,CÔNG TY TNHH MỘT THÀNH VIÊN CÔNG NGHỆ TIN HỌC VIỄN SƠN,CÔNG TY TNHH MỘT THÀNH VIÊN HUY VŨ
3969,muavao,1,1590000.00,2023-06-23 17:00:00,CHI NHÁNH CÔNG TY CỔ PHẦN THƯƠNG MẠI NGUYỄN KIM - TRUNG TÂM MUA SẮM NGUYỄN KIM GIA LAI,CÔNG TY TNHH MỘT THÀNH VIÊN HUY VŨ
2455,muavao,1,19018880.00,2023-06-23 17:00:00,CÔNG TY TNHH PHÂN PHỐI PHƯƠNG VIỆT,CÔNG TY TNHH MỘT THÀNH VIÊN HUY VŨ
386,muavao,1,11220000.00,2023-06-22 17:00:00,CÔNG TY TNHH ĐẦU TƯ CÔNG NGHỆ ÂM THANH TRIỆU GIA,CÔNG TY TNHH MỘT THÀNH VIÊN HUY VŨ
40698024,muavao,1,15041096.00,2023-06-21 17:00:00,NGÂN HÀNG TMCP Á CHÂU,CTY TNHH MTV HUY VU
94188,muavao,1,524708.00,2023-06-21 17:00:00,Ngân hàng TMCP Sài Gòn Thương Tín - Chi nhánh Gia Lai,CONG TY TNHH MTV HUY VU
4342,muavao,1,37636364.00,2023-06-21 17:00:00,CÔNG TY CỔ PHẦN HỘI TỤ THÔNG MINH,Công ty TNHH MTV Huy Vũ
4316,muavao,1,46000.00,2023-06-21 17:00:00,Ngân hàng TMCP Sài Gòn Thương Tín - Chi nhánh Gia Lai,CONG TY TNHH MTV HUY VU
208,muavao,1,10604545.00,2023-06-21 17:00:00,CÔNG TY TNHH ĐIỆN TỬ TIN HỌC KIM PHÁT,Công Ty Trách Nhiệm Hữu Hạn một thành viên Huy Vũ
92828,muavao,1,490947.00,2023-06-20 17:00:00,Ngân hàng TMCP Sài Gòn Thương Tín - Chi nhánh Gia Lai,CONG TY TNHH MTV HUY VU
36518,muavao,1,10454545.00,2023-06-20 17:00:00,CÔNG TY TNHH MỘT THÀNH VIÊN CÔNG NGHỆ TIN HỌC VIỄN SƠN,CÔNG TY TNHH MỘT THÀNH VIÊN HUY VŨ
35801,muavao,1,36054545.00,2023-06-20 17:00:00,CÔNG TY TNHH MỘT THÀNH VIÊN CÔNG NGHỆ TIN HỌC VIỄN SƠN,CÔNG TY TNHH MỘT THÀNH VIÊN HUY VŨ
4275,muavao,1,23000.00,2023-06-20 17:00:00,Ngân hàng TMCP Sài Gòn Thương Tín - Chi nhánh Gia Lai,CONG TY TNHH MTV HUY VU
4274,muavao,1,23000.00,2023-06-20 17:00:00,Ngân hàng TMCP Sài Gòn Thương Tín - Chi nhánh Gia Lai,CONG TY TNHH MTV HUY VU
1683,muavao,1,5580000.00,2023-06-20 17:00:00,Chi nhánh Công ty Cổ phần thương mại Tin học Hưng Long,CÔNG TY TNHH MỘT THÀNH VIÊN  HUY VŨ
4367,muavao,1,2540909.00,2023-06-19 17:00:00,Công Ty TNHH Công Nghệ Thông Tin An Phát,CÔNG TY TNHH MỘT THÀNH VIÊN HUY VŨ
4229,muavao,1,40000.00,2023-06-19 17:00:00,Ngân hàng TMCP Sài Gòn Thương Tín - Chi nhánh Gia Lai,CONG TY TNHH MTV HUY VU
4228,muavao,1,23000.00,2023-06-19 17:00:00,Ngân hàng TMCP Sài Gòn Thương Tín - Chi nhánh Gia Lai,CONG TY TNHH MTV HUY VU
3171,muavao,1,14181818.00,2023-06-18 17:00:00,CÔNG TY CỔ PHẦN MÁY TÍNH VĨNH XUÂN - CHI NHÁNH ĐÀ NẴNG,CÔNG TY TNHH MỘT THÀNH VIÊN HUY VŨ
218289,muavao,1,32572725.00,2023-06-16 17:00:00,CÔNG TY CỔ PHẦN THẾ GIỚI SỐ,Công Ty TNHH MTV Huy Vũ
218279,muavao,1,12531795.00,2023-06-16 17:00:00,CÔNG TY CỔ PHẦN THẾ GIỚI SỐ,Công Ty TNHH MTV Huy Vũ
39591721,muavao,1,7520548.00,2023-06-15 17:00:00,NGÂN HÀNG TMCP Á CHÂU,CTY TNHH MTV HUY VU
90159,muavao,1,386957.00,2023-06-15 17:00:00,Ngân hàng TMCP Sài Gòn Thương Tín - Chi nhánh Gia Lai,CONG TY TNHH MTV HUY VU
5664,muavao,1,6545455.00,2023-06-15 17:00:00,CÔNG TY CỔ PHẦN THIẾT BỊ VĂN PHÒNG NGUYỄN ĐỨC,CÔNG TY TNHH MTV HUY VŨ
4170,muavao,1,50000.00,2023-06-15 17:00:00,Ngân hàng TMCP Sài Gòn Thương Tín - Chi nhánh Gia Lai,CONG TY TNHH MTV HUY VU
83284,muavao,1,30740.00,2023-06-01 17:00:00,Ngân hàng TMCP Sài Gòn Thương Tín - Chi nhánh Gia Lai,CONG TY TNHH MTV HUY VU
200237,muavao,1,454545.00,2023-06-14 17:00:00,CÔNG TY TNHH MTV XĂNG DẦU BẮC TÂY NGUYÊN,CÔNG TY TNHH MỘT THÀNH VIÊN HUY VŨ
89714,muavao,1,359011.00,2023-06-14 17:00:00,Ngân hàng TMCP Sài Gòn Thương Tín - Chi nhánh Gia Lai,CONG TY TNHH MTV HUY VU
4140,muavao,1,32000.00,2023-06-14 17:00:00,Ngân hàng TMCP Sài Gòn Thương Tín - Chi nhánh Gia Lai,CONG TY TNHH MTV HUY VU
89172,muavao,1,164920.00,2023-06-13 17:00:00,Ngân hàng TMCP Sài Gòn Thương Tín - Chi nhánh Gia Lai,CONG TY TNHH MTV HUY VU
34053,muavao,1,8372727.00,2023-06-13 17:00:00,CÔNG TY TNHH MỘT THÀNH VIÊN CÔNG NGHỆ TIN HỌC VIỄN SƠN,CÔNG TY TNHH MỘT THÀNH VIÊN HUY VŨ
34015,muavao,1,20959091.00,2023-06-13 17:00:00,CÔNG TY TNHH MỘT THÀNH VIÊN CÔNG NGHỆ TIN HỌC VIỄN SƠN,CÔNG TY TNHH MỘT THÀNH VIÊN HUY VŨ
5590,muavao,1,3000000.00,2023-06-13 17:00:00,CÔNG TY CỔ PHẦN THIẾT BỊ VĂN PHÒNG NGUYỄN ĐỨC,CÔNG TY TNHH MTV HUY VŨ
4332,muavao,1,16781818.00,2023-06-13 17:00:00,CÔNG TY TNHH PHƯƠNG KHANG COMPUTER,CÔNG TY TNHH MỘT THÀNH VIÊN HUY VŨ
4091,muavao,1,40000.00,2023-06-13 17:00:00,Ngân hàng TMCP Sài Gòn Thương Tín - Chi nhánh Gia Lai,CONG TY TNHH MTV HUY VU
3059,muavao,1,2472727.00,2023-06-13 17:00:00,CÔNG TY CỔ PHẦN MÁY TÍNH VĨNH XUÂN - CHI NHÁNH ĐÀ NẴNG,CÔNG TY TNHH MỘT THÀNH VIÊN HUY VŨ
38914995,muavao,1,3904577.00,2023-06-12 17:00:00,NGÂN HÀNG TMCP Á CHÂU,CTY TNHH MTV HUY VU
3506,muavao,1,5313636.00,2023-06-12 17:00:00,CÔNG TY TNHH THƯƠNG MẠI DỊCH VỤ QUỐC VIỆT,Công Ty TNHH Một Thành Viên Huy Vũ
2263,muavao,1,7829455.00,2023-06-12 17:00:00,CÔNG TY TNHH PHÂN PHỐI PHƯƠNG VIỆT,CÔNG TY TNHH MỘT THÀNH VIÊN HUY VŨ
2256,muavao,1,23197747.00,2023-06-12 17:00:00,CÔNG TY TNHH PHÂN PHỐI PHƯƠNG VIỆT,CÔNG TY TNHH MỘT THÀNH VIÊN HUY VŨ
1245,muavao,1,4000000.00,2023-06-12 17:00:00,CHI NHÁNH CÔNG TY TNHH CÔNG NGHỆ VÀ THƯƠNG MẠI Á MỸ,CÔNG TY TNHH MỘT THÀNH VIÊN HUY VŨ
109,muavao,1,5360000.00,2023-06-12 17:00:00,CÔNG TY TNHH FINTECS,CÔNG TY TNHH MỘT THÀNH VIÊN HUY VŨ
38843892,muavao,1,9789471.00,2023-06-11 17:00:00,NGÂN HÀNG TMCP Á CHÂU,CTY TNHH MTV HUY VU
38843867,muavao,1,3366776.00,2023-06-11 17:00:00,NGÂN HÀNG TMCP Á CHÂU,CTY TNHH MTV HUY VU
3182,muavao,1,10236364.00,2023-06-11 17:00:00,Công ty TNHH Tin Học Kim Thiên Bảo,CÔNG TY TNHH MỘT THÀNH VIÊN HUY VŨ
1195,muavao,1,12000000.00,2023-06-11 17:00:00,CÔNG TY TNHH THƯƠNG MẠI KỸ THUẬT DIỆP KHÁNH,Công ty TNHH MTV Huy Vũ
37933113,muavao,1,54545.00,2023-06-09 17:00:00,NGÂN HÀNG TMCP Á CHÂU,CTY TNHH MTV HUY VU
1167,muavao,1,10227273.00,2023-06-09 17:00:00,CÔNG TY CỔ PHẦN RIOTECH,CÔNG TY TNHH MỘT THÀNH VIÊN HUY VŨ
86530,muavao,1,131925.00,2023-06-08 17:00:00,Ngân hàng TMCP Sài Gòn Thương Tín - Chi nhánh Gia Lai,CONG TY TNHH MTV HUY VU
86528,muavao,1,385402.00,2023-06-08 17:00:00,Ngân hàng TMCP Sài Gòn Thương Tín - Chi nhánh Gia Lai,CONG TY TNHH MTV HUY VU
4277,muavao,1,2036364.00,2023-06-08 17:00:00,CÔNG TY TNHH THƯƠNG MẠI DỊCH VỤ TIN HỌC ANH PHƯƠNG A.P.C.O.M,CÔNG TY TNHH MỘT THÀNH VIÊN HUY VŨ
3972,muavao,1,50000.00,2023-06-08 17:00:00,Ngân hàng TMCP Sài Gòn Thương Tín - Chi nhánh Gia Lai,CONG TY TNHH MTV HUY VU
1556,muavao,1,2345454.00,2023-06-08 17:00:00,Chi nhánh Công ty Cổ phần thương mại Tin học Hưng Long,CÔNG TY TNHH MỘT THÀNH VIÊN  HUY VŨ
89,muavao,1,3300000.00,2023-06-08 17:00:00,CÔNG TY TNHH THƯƠNG MẠI VÀ DỊCH VỤ CÔNG NGHỆ VTECH,CÔNG TY TNHH MỘT THÀNH VIÊN HUY VŨ
84,muavao,1,1772727.00,2023-06-08 17:00:00,CÔNG TY TNHH MỘT THÀNH VIÊN THƯƠNG MẠI PHƯỚC THỌ,CÔNG TY TNHH MỘT THÀNH VIÊN HUY VŨ
2189,muavao,1,12280622.00,2023-06-07 17:00:00,CÔNG TY TNHH PHÂN PHỐI PHƯƠNG VIỆT,CÔNG TY TNHH MỘT THÀNH VIÊN HUY VŨ
384,muavao,1,4510000.00,2023-06-07 17:00:00,CÔNG TY TNHH THƯƠNG MẠI VÀ PHÁT TRIỂN CÔNG NGHỆ ĐỨC PHÁP,CÔNG TY TRÁCH NHIỆM HỮU HẠN MTV HUY VŨ
73813,muavao,1,6796363.00,2023-06-06 17:00:00,Công ty TNHH Phân phối Synnex FPT,Công ty TNHH MTV Huy Vũ
4002,muavao,1,5072727.00,2023-06-06 17:00:00,Công Ty TNHH Công Nghệ Thông Tin An Phát,CÔNG TY TNHH MỘT THÀNH VIÊN HUY VŨ
4001,muavao,6,5072727.00,2023-06-06 17:00:00,Công Ty TNHH Công Nghệ Thông Tin An Phát,CÔNG TY TNHH MỘT THÀNH VIÊN HUY VŨ
198,muavao,1,11063636.00,2023-06-06 17:00:00,CÔNG TY TNHH ĐIỆN TỬ TIN HỌC KIM PHÁT,Công Ty Trách Nhiệm Hữu Hạn một thành viên Huy Vũ
174,muavao,1,1636364.00,2023-06-06 17:00:00,CÔNG TY TNHH THƯƠNG MẠI & DỊCH VỤ ĐẠI SƠN,CÔNG TY TNHH MỘT THÀNH VIÊN HUY VŨ
88,muavao,1,4109090.00,2023-06-06 17:00:00,CÔNG TY TNHH THƯƠNG MẠI VÀ DỊCH VỤ CÔNG NGHỆ VTECH,CÔNG TY TNHH MỘT THÀNH VIÊN HUY VŨ
84457,muavao,1,80587.00,2023-06-05 17:00:00,Ngân hàng TMCP Sài Gòn Thương Tín - Chi nhánh Gia Lai,CONG TY TNHH MTV HUY VU
60865,muavao,1,249907.00,2023-06-05 17:00:00,CÔNG TY DỊCH VỤ MOBIFONE KHU VỰC 7 - CHI NHÁNH TỔNG CÔNG TY VIỄN THÔNG MOBIFONE,Công ty TNHH MTV Huy Vũ
9605,muavao,1,9318182.00,2023-06-05 17:00:00,CÔNG TY CỔ PHẦN MÁY TÍNH VĨNH XUÂN - CHI NHÁNH THÀNH PHỐ HỒ CHÍ MINH,CÔNG TY TNHH MỘT THÀNH VIÊN HUY VŨ
13070,muavao,1,1250000.00,2023-06-04 17:00:00,CÔNG TY TNHH VI TÍNH ĐẠI TÀI LỘC,CÔNG TY TNHH MỘT THÀNH VIÊN HUY VŨ
978,muavao,1,15500000.00,2023-06-04 17:00:00,CÔNG TY TNHH THƯƠNG MẠI THIẾT BỊ VĂN PHÒNG THANH HÀ,CÔNG TY TNHH MỘT THÀNH VIÊN HUY VŨ
792,muavao,1,0.00,2023-06-04 17:00:00,CHI NHÁNH CÔNG TY CỔ PHẦN HUETRONICS (TỈNH THỪA THIÊN HUẾ),CÔNG TY TNHH MỘT THÀNH VIÊN HUY VŨ
191219,muavao,1,419462.00,2023-12-21 17:00:00,Ngân hàng TMCP Sài Gòn Thương Tín - Chi nhánh Gia Lai,CONG TY TNHH MTV HUY VU
71432,muavao,1,4218185.00,2023-06-02 17:00:00,Công ty TNHH Phân phối Synnex FPT,Công ty TNHH MTV Huy Vũ
9858,muavao,1,545455.00,2023-06-02 17:00:00,CÔNG TY CỔ PHẦN MÁY TÍNH VĨNH XUÂN,CÔNG TY TNHH MỘT THÀNH VIÊN HUY VŨ
9376,muavao,1,8727273.00,2023-06-02 17:00:00,CÔNG TY CỔ PHẦN MÁY TÍNH VĨNH XUÂN - CHI NHÁNH THÀNH PHỐ HỒ CHÍ MINH,CÔNG TY TNHH MỘT THÀNH VIÊN HUY VŨ
2826,muavao,1,18500000.00,2023-06-02 17:00:00,CÔNG TY CỔ PHẦN MÁY TÍNH VĨNH XUÂN - CHI NHÁNH ĐÀ NẴNG,CÔNG TY TNHH MỘT THÀNH VIÊN HUY VŨ
994,muavao,1,1740000.00,2023-06-02 17:00:00,CÔNG TY TNHH THƯƠNG MẠI DỊCH VỤ SẢN XUẤT XUẤT NHẬP KHẨU MỰC IN VIỆT NHẬT,CÔNG TY TNHH MỘT THÀNH VIÊN HUY VŨ
194,muavao,1,15090909.00,2023-06-02 17:00:00,CÔNG TY TNHH ĐIỆN TỬ TIN HỌC KIM PHÁT,Công Ty Trách Nhiệm Hữu Hạn một thành viên Huy Vũ
7537166,muavao,1,350000.00,2023-06-01 17:00:00,Tập đoàn Công nghiệp - Viễn thông Quân đội,Công Ty Tnhh Huy Vũ
83287,muavao,1,48904.00,2023-06-01 17:00:00,Ngân hàng TMCP Sài Gòn Thương Tín - Chi nhánh Gia Lai,CONG TY TNHH MTV HUY VU
83282,muavao,1,349315.00,2023-06-01 17:00:00,Ngân hàng TMCP Sài Gòn Thương Tín - Chi nhánh Gia Lai,CONG TY TNHH MTV HUY VU
83281,muavao,1,69863.00,2023-06-01 17:00:00,Ngân hàng TMCP Sài Gòn Thương Tín - Chi nhánh Gia Lai,CONG TY TNHH MTV HUY VU
83279,muavao,1,69863.00,2023-06-01 17:00:00,Ngân hàng TMCP Sài Gòn Thương Tín - Chi nhánh Gia Lai,CONG TY TNHH MTV HUY VU
83274,muavao,1,34932.00,2023-06-01 17:00:00,Ngân hàng TMCP Sài Gòn Thương Tín - Chi nhánh Gia Lai,CONG TY TNHH MTV HUY VU
83273,muavao,1,41330.00,2023-06-01 17:00:00,Ngân hàng TMCP Sài Gòn Thương Tín - Chi nhánh Gia Lai,CONG TY TNHH MTV HUY VU
83267,muavao,1,44398.00,2023-06-01 17:00:00,Ngân hàng TMCP Sài Gòn Thương Tín - Chi nhánh Gia Lai,CONG TY TNHH MTV HUY VU
45602,muavao,1,49090909.00,2023-06-01 17:00:00,CÔNG TY CỔ PHẦN DỊCH VỤ PHÂN PHỐI TỔNG HỢP DẦU KHÍ,Công ty TNHH  Một Thành Viên Huy Vũ
3787,muavao,1,23000.00,2023-06-01 17:00:00,Ngân hàng TMCP Sài Gòn Thương Tín - Chi nhánh Gia Lai,CONG TY TNHH MTV HUY VU
3786,muavao,1,23000.00,2023-06-01 17:00:00,Ngân hàng TMCP Sài Gòn Thương Tín - Chi nhánh Gia Lai,CONG TY TNHH MTV HUY VU
3785,muavao,1,27240.00,2023-06-01 17:00:00,Ngân hàng TMCP Sài Gòn Thương Tín - Chi nhánh Gia Lai,CONG TY TNHH MTV HUY VU
35667435,muavao,1,13636.00,2023-05-31 17:00:00,NGÂN HÀNG TMCP Á CHÂU,CTY TNHH MTV HUY VU
342896,muavao,1,387864.00,2023-05-31 17:00:00,TRUNG TÂM KINH DOANH VNPT - GIA LAI - CHI NHÁNH TỔNG CÔNG TY DỊCH VỤ VIỄN THÔNG,Công Ty TNHH MTV Huy Vũ
342800,muavao,1,240925.00,2023-05-31 17:00:00,TRUNG TÂM KINH DOANH VNPT - GIA LAI - CHI NHÁNH TỔNG CÔNG TY DỊCH VỤ VIỄN THÔNG,Công Ty TNHH MTV Huy Vũ
342799,muavao,1,411267.00,2023-05-31 17:00:00,TRUNG TÂM KINH DOANH VNPT - GIA LAI - CHI NHÁNH TỔNG CÔNG TY DỊCH VỤ VIỄN THÔNG,Công Ty TNHH MTV Huy Vũ
324627,muavao,1,249636.00,2023-05-31 17:00:00,TRUNG TÂM KINH DOANH VNPT - GIA LAI - CHI NHÁNH TỔNG CÔNG TY DỊCH VỤ VIỄN THÔNG,Công Ty TNHH MTV Huy Vũ
294956,muavao,1,274000.00,2023-05-31 17:00:00,TRUNG TÂM KINH DOANH VNPT - GIA LAI - CHI NHÁNH TỔNG CÔNG TY DỊCH VỤ VIỄN THÔNG,Công Ty TNHH MTV Huy Vũ
294914,muavao,1,20000.00,2023-05-31 17:00:00,TRUNG TÂM KINH DOANH VNPT - GIA LAI - CHI NHÁNH TỔNG CÔNG TY DỊCH VỤ VIỄN THÔNG,Công Ty TNHH MTV Huy Vũ
294866,muavao,1,24545.00,2023-05-31 17:00:00,TRUNG TÂM KINH DOANH VNPT - GIA LAI - CHI NHÁNH TỔNG CÔNG TY DỊCH VỤ VIỄN THÔNG,Công Ty  TNHH MTV Huy Vũ
294865,muavao,1,26200.00,2023-05-31 17:00:00,TRUNG TÂM KINH DOANH VNPT - GIA LAI - CHI NHÁNH TỔNG CÔNG TY DỊCH VỤ VIỄN THÔNG,Công Ty TNHH MTV  Huy Vũ
294670,muavao,1,213636.00,2023-05-31 17:00:00,TRUNG TÂM KINH DOANH VNPT - GIA LAI - CHI NHÁNH TỔNG CÔNG TY DỊCH VỤ VIỄN THÔNG,Cửa Hàng Máy Tình Trường Sơn
82797,muavao,1,361157.00,2023-05-31 17:00:00,Ngân hàng TMCP Sài Gòn Thương Tín - Chi nhánh Gia Lai,CONG TY TNHH MTV HUY VU
82796,muavao,1,722314.00,2023-05-31 17:00:00,Ngân hàng TMCP Sài Gòn Thương Tín - Chi nhánh Gia Lai,CONG TY TNHH MTV HUY VU
82795,muavao,1,505619.00,2023-05-31 17:00:00,Ngân hàng TMCP Sài Gòn Thương Tín - Chi nhánh Gia Lai,CONG TY TNHH MTV HUY VU
82794,muavao,1,722314.00,2023-05-31 17:00:00,Ngân hàng TMCP Sài Gòn Thương Tín - Chi nhánh Gia Lai,CONG TY TNHH MTV HUY VU
82793,muavao,1,3611567.00,2023-05-31 17:00:00,Ngân hàng TMCP Sài Gòn Thương Tín - Chi nhánh Gia Lai,CONG TY TNHH MTV HUY VU
82792,muavao,1,317818.00,2023-05-31 17:00:00,Ngân hàng TMCP Sài Gòn Thương Tín - Chi nhánh Gia Lai,CONG TY TNHH MTV HUY VU
82791,muavao,1,399801.00,2023-05-31 17:00:00,Ngân hàng TMCP Sài Gòn Thương Tín - Chi nhánh Gia Lai,CONG TY TNHH MTV HUY VU
82790,muavao,1,496230.00,2023-05-31 17:00:00,Ngân hàng TMCP Sài Gòn Thương Tín - Chi nhánh Gia Lai,CONG TY TNHH MTV HUY VU
82789,muavao,1,1258223.00,2023-05-31 17:00:00,Ngân hàng TMCP Sài Gòn Thương Tín - Chi nhánh Gia Lai,CONG TY TNHH MTV HUY VU
82788,muavao,1,356392.00,2023-05-31 17:00:00,Ngân hàng TMCP Sài Gòn Thương Tín - Chi nhánh Gia Lai,CONG TY TNHH MTV HUY VU
82787,muavao,1,314556.00,2023-05-31 17:00:00,Ngân hàng TMCP Sài Gòn Thương Tín - Chi nhánh Gia Lai,CONG TY TNHH MTV HUY VU
82786,muavao,1,629112.00,2023-05-31 17:00:00,Ngân hàng TMCP Sài Gòn Thương Tín - Chi nhánh Gia Lai,CONG TY TNHH MTV HUY VU
82785,muavao,1,629112.00,2023-05-31 17:00:00,Ngân hàng TMCP Sài Gòn Thương Tín - Chi nhánh Gia Lai,CONG TY TNHH MTV HUY VU
82784,muavao,1,629112.00,2023-05-31 17:00:00,Ngân hàng TMCP Sài Gòn Thương Tín - Chi nhánh Gia Lai,CONG TY TNHH MTV HUY VU
82779,muavao,1,629112.00,2023-05-31 17:00:00,Ngân hàng TMCP Sài Gòn Thương Tín - Chi nhánh Gia Lai,CONG TY TNHH MTV HUY VU
82777,muavao,1,1039292.00,2023-05-31 17:00:00,Ngân hàng TMCP Sài Gòn Thương Tín - Chi nhánh Gia Lai,CONG TY TNHH MTV HUY VU
82775,muavao,1,255545.00,2023-05-31 17:00:00,Ngân hàng TMCP Sài Gòn Thương Tín - Chi nhánh Gia Lai,CONG TY TNHH MTV HUY VU
82774,muavao,1,1239634.00,2023-05-31 17:00:00,Ngân hàng TMCP Sài Gòn Thương Tín - Chi nhánh Gia Lai,CONG TY TNHH MTV HUY VU
82772,muavao,1,1341123.00,2023-05-31 17:00:00,Ngân hàng TMCP Sài Gòn Thương Tín - Chi nhánh Gia Lai,CONG TY TNHH MTV HUY VU
82770,muavao,1,1805784.00,2023-05-31 17:00:00,Ngân hàng TMCP Sài Gòn Thương Tín - Chi nhánh Gia Lai,CONG TY TNHH MTV HUY VU
82768,muavao,1,2563048.00,2023-05-31 17:00:00,Ngân hàng TMCP Sài Gòn Thương Tín - Chi nhánh Gia Lai,CONG TY TNHH MTV HUY VU
82765,muavao,1,1025219.00,2023-05-31 17:00:00,Ngân hàng TMCP Sài Gòn Thương Tín - Chi nhánh Gia Lai,CONG TY TNHH MTV HUY VU
82763,muavao,1,354299.00,2023-05-31 17:00:00,Ngân hàng TMCP Sài Gòn Thương Tín - Chi nhánh Gia Lai,CONG TY TNHH MTV HUY VU
82762,muavao,1,290342.00,2023-05-31 17:00:00,Ngân hàng TMCP Sài Gòn Thương Tín - Chi nhánh Gia Lai,CONG TY TNHH MTV HUY VU
82760,muavao,1,205314.00,2023-05-31 17:00:00,Ngân hàng TMCP Sài Gòn Thương Tín - Chi nhánh Gia Lai,CONG TY TNHH MTV HUY VU
82759,muavao,1,150274.00,2023-05-31 17:00:00,Ngân hàng TMCP Sài Gòn Thương Tín - Chi nhánh Gia Lai,CONG TY TNHH MTV HUY VU
82758,muavao,1,86631.00,2023-05-31 17:00:00,Ngân hàng TMCP Sài Gòn Thương Tín - Chi nhánh Gia Lai,CONG TY TNHH MTV HUY VU
82754,muavao,1,34951.00,2023-05-31 17:00:00,Ngân hàng TMCP Sài Gòn Thương Tín - Chi nhánh Gia Lai,CONG TY TNHH MTV HUY VU
11398,muavao,1,24404544.00,2023-05-31 17:00:00,CÔNG TY CỔ PHẦN TIN HỌC VIẾT SƠN,CÔNG TY TNHH MỘT THÀNH VIÊN  HUY VŨ
1125,muavao,1,7654545.00,2023-05-31 17:00:00,CÔNG TY TNHH THƯƠNG MẠI KỸ THUẬT DIỆP KHÁNH,Công ty TNHH MTV Huy Vũ
34,muavao,1,1838182.00,2023-05-31 17:00:00,CÔNG TY TNHH ĐẦU TƯ CÔNG NGHỆ TRUNG ĐÔNG,CÔNG TY TNHH MỘT THÀNH VIÊN HUY VŨ
49185081,muavao,1,727273.00,2023-07-30 17:00:00,NGÂN HÀNG TMCP Á CHÂU,CTY TNHH MTV HUY VU
50286,muavao,1,40909091.00,2023-07-30 17:00:00,CÔNG TY TNHH MỘT THÀNH VIÊN CÔNG NGHỆ TIN HỌC VIỄN SƠN,CÔNG TY TNHH MỘT THÀNH VIÊN HUY VŨ
46165,muavao,1,120000.00,2023-07-30 17:00:00,NGAN HANG TMCP PHAT TRIEN THANH PHO HO CHI MINH,CONG TY TNHH MOT THANH VIEN HUY VU
26529,muavao,1,389675.00,2023-07-30 17:00:00,CÔNG TY CỔ PHẦN CÔNG NGHỆ VI MÔ,CÔNG TY TNHH MỘT THÀNH VIÊN HUY VŨ
15840,muavao,1,2000.00,2023-07-30 17:00:00,Ngân hàng Thương mại Cổ phần Đầu tư và Phát triển Việt Nam - Chi nhánh Gia Lai,CONG TY TNHH MTV HUY VU
5235,muavao,1,46000.00,2023-07-30 17:00:00,Ngân hàng TMCP Sài Gòn Thương Tín - Chi nhánh Gia Lai,CONG TY TNHH MTV HUY VU
3950,muavao,1,20445455.00,2023-07-30 17:00:00,CÔNG TY CỔ PHẦN MÁY TÍNH VĨNH XUÂN - CHI NHÁNH ĐÀ NẴNG,CÔNG TY TNHH MỘT THÀNH VIÊN HUY VŨ
3949,muavao,1,6654546.00,2023-07-30 17:00:00,CÔNG TY CỔ PHẦN MÁY TÍNH VĨNH XUÂN - CHI NHÁNH ĐÀ NẴNG,CÔNG TY TNHH MỘT THÀNH VIÊN HUY VŨ
2698,muavao,1,214873.00,2023-07-30 17:00:00,CÔNG TY DỊCH VỤ MOBIFONE KHU VỰC 1-CHI NHÁNH TỔNG CÔNG TY VIỄN THÔNG MOBIFONE,CÔNG TY TNHH MỘT THÀNH VIÊN HUY VŨ
758,muavao,1,14873636.00,2023-07-30 17:00:00,CHI NHÁNH CÔNG TY CỔ PHẦN ĐẦU TƯ VÀ PHÁT TRIỂN CÔNG NGHỆ QUỐC GIA ADG TẠI ĐÀ NẴNG,Công Ty TNHH Một Thành Viên Huy Vũ
642,muavao,1,12500000.00,2023-07-30 17:00:00,CÔNG TY CỔ PHẦN ĐẦU TƯ & THƯƠNG MẠI ĐẠI PHÁT,CÔNG TY TNHH MỘT THÀNH VIÊN HUY VŨ
48729416,muavao,1,1500000.00,2023-07-27 17:00:00,NGÂN HÀNG TMCP Á CHÂU,CTY TNHH MTV HUY VU
112762,muavao,1,125000.00,2023-07-27 17:00:00,Ngân hàng TMCP Sài Gòn Thương Tín - Chi nhánh Gia Lai,CONG TY TNHH MTV HUY VU
13332,muavao,1,6181818.00,2023-07-27 17:00:00,CÔNG TY CỔ PHẦN MÁY TÍNH VĨNH XUÂN - CHI NHÁNH THÀNH PHỐ HỒ CHÍ MINH,CÔNG TY TNHH MỘT THÀNH VIÊN HUY VŨ
3899,muavao,1,16000000.00,2023-07-27 17:00:00,CÔNG TY CỔ PHẦN MÁY TÍNH VĨNH XUÂN - CHI NHÁNH ĐÀ NẴNG,CÔNG TY TNHH MỘT THÀNH VIÊN HUY VŨ
247,muavao,1,1000000.00,2023-07-27 17:00:00,CÔNG TY TNHH THƯƠNG MẠI & DỊCH VỤ ĐẠI SƠN,CÔNG TY TNHH MỘT THÀNH VIÊN HUY VŨ
112711,muavao,1,453250.00,2023-07-26 17:00:00,Ngân hàng TMCP Sài Gòn Thương Tín - Chi nhánh Gia Lai,CONG TY TNHH MTV HUY VU
5165,muavao,1,23000.00,2023-07-26 17:00:00,Ngân hàng TMCP Sài Gòn Thương Tín - Chi nhánh Gia Lai,CONG TY TNHH MTV HUY VU
5164,muavao,1,23000.00,2023-07-26 17:00:00,Ngân hàng TMCP Sài Gòn Thương Tín - Chi nhánh Gia Lai,CONG TY TNHH MTV HUY VU
4158,muavao,1,10887273.00,2023-07-26 17:00:00,CHI NHÁNH CÔNG TY CỔ PHẦN KỸ THUẬT CÔNG NGHỆ NAM THÀNH,Công ty TNHH  Một Thành Viên Huy Vũ
3622,muavao,1,9345454.00,2023-07-26 17:00:00,CÔNG TY CỔ PHẦN ĐẦU TƯ PHÁT TRIỂN CÔNG NGHỆ ROBO,CÔNG TY TNHH MỘT THÀNH VIÊN HUY VŨ
191217,muavao,1,928219.00,2023-12-21 17:00:00,Ngân hàng TMCP Sài Gòn Thương Tín - Chi nhánh Gia Lai,CONG TY TNHH MTV HUY VU
747,muavao,1,20000000.00,2023-07-26 17:00:00,CHI NHÁNH CÔNG TY CỔ PHẦN ĐẦU TƯ VÀ PHÁT TRIỂN CÔNG NGHỆ QUỐC GIA ADG TẠI ĐÀ NẴNG,Công Ty TNHH Một Thành Viên Huy Vũ
48517,muavao,1,17940909.00,2023-07-25 17:00:00,CÔNG TY TNHH MỘT THÀNH VIÊN CÔNG NGHỆ TIN HỌC VIỄN SƠN,CÔNG TY TNHH MỘT THÀNH VIÊN HUY VŨ
741,muavao,1,29747273.00,2023-07-25 17:00:00,CHI NHÁNH CÔNG TY CỔ PHẦN ĐẦU TƯ VÀ PHÁT TRIỂN CÔNG NGHỆ QUỐC GIA ADG TẠI ĐÀ NẴNG,Công Ty TNHH Một Thành Viên Huy Vũ
242,muavao,1,879630.00,2023-07-25 17:00:00,CÔNG TY TNHH ĐIỆN TỬ TIN HỌC KIM PHÁT,Công Ty Trách Nhiệm Hữu Hạn một thành viên Huy Vũ
241,muavao,1,3700000.00,2023-07-25 17:00:00,CÔNG TY TNHH ĐIỆN TỬ TIN HỌC KIM PHÁT,Công Ty Trách Nhiệm Hữu Hạn một thành viên Huy Vũ
110801,muavao,1,1005460.00,2023-07-24 17:00:00,Ngân hàng TMCP Sài Gòn Thương Tín - Chi nhánh Gia Lai,CONG TY TNHH MTV HUY VU
16524,muavao,1,29204545.00,2023-07-24 17:00:00,CÔNG TY CỔ PHẦN TIN HỌC VIẾT SƠN,CÔNG TY TNHH MỘT THÀNH VIÊN  HUY VŨ
5092,muavao,1,23000.00,2023-07-24 17:00:00,Ngân hàng TMCP Sài Gòn Thương Tín - Chi nhánh Gia Lai,CONG TY TNHH MTV HUY VU
5091,muavao,1,23000.00,2023-07-24 17:00:00,Ngân hàng TMCP Sài Gòn Thương Tín - Chi nhánh Gia Lai,CONG TY TNHH MTV HUY VU
238,muavao,1,3700000.00,2023-07-24 17:00:00,CÔNG TY TNHH ĐIỆN TỬ TIN HỌC KIM PHÁT,Công Ty Trách Nhiệm Hữu Hạn một thành viên Huy Vũ
48038030,muavao,1,163636.00,2023-07-23 17:00:00,NGÂN HÀNG TMCP Á CHÂU,CTY TNHH MTV HUY VU
48034953,muavao,1,163636.00,2023-07-23 17:00:00,NGÂN HÀNG TMCP Á CHÂU,CTY TNHH MTV HUY VU
48032848,muavao,1,2658082.00,2023-07-23 17:00:00,NGÂN HÀNG TMCP Á CHÂU,CTY TNHH MTV HUY VU
34793,muavao,1,21363636.00,2023-07-23 17:00:00,CÔNG TY TNHH VI TÍNH NGUYÊN KIM,CÔNG TY TNHH MỘT THÀNH VIÊN HUY VŨ
5059,muavao,1,15000.00,2023-07-23 17:00:00,Ngân hàng TMCP Sài Gòn Thương Tín - Chi nhánh Gia Lai,CONG TY TNHH MTV HUY VU
5058,muavao,1,23000.00,2023-07-23 17:00:00,Ngân hàng TMCP Sài Gòn Thương Tín - Chi nhánh Gia Lai,CONG TY TNHH MTV HUY VU
5057,muavao,1,23000.00,2023-07-23 17:00:00,Ngân hàng TMCP Sài Gòn Thương Tín - Chi nhánh Gia Lai,CONG TY TNHH MTV HUY VU
5056,muavao,1,23000.00,2023-07-23 17:00:00,Ngân hàng TMCP Sài Gòn Thương Tín - Chi nhánh Gia Lai,CONG TY TNHH MTV HUY VU
191211,muavao,1,649753.00,2023-12-21 17:00:00,Ngân hàng TMCP Sài Gòn Thương Tín - Chi nhánh Gia Lai,CONG TY TNHH MTV HUY VU
3823,muavao,1,7750000.00,2023-07-23 17:00:00,CÔNG TY CỔ PHẦN MÁY TÍNH VĨNH XUÂN - CHI NHÁNH ĐÀ NẴNG,CÔNG TY TNHH MỘT THÀNH VIÊN HUY VŨ
1367,muavao,1,4451820.00,2023-07-23 17:00:00,CÔNG TY TNHH THƯƠNG MẠI DỊCH VỤ SẢN XUẤT XUẤT NHẬP KHẨU MỰC IN VIỆT NHẬT,CÔNG TY TNHH MỘT THÀNH VIÊN HUY VŨ
277360,muavao,1,12181818.00,2023-07-20 17:00:00,CÔNG TY CỔ PHẦN THẾ GIỚI SỐ,Công Ty TNHH MTV Huy Vũ
5401,muavao,1,4254546.00,2023-07-20 17:00:00,Công Ty TNHH Công Nghệ Thông Tin An Phát,CÔNG TY TNHH MỘT THÀNH VIÊN HUY VŨ
2911,muavao,1,13636365.00,2023-07-20 17:00:00,CHI NHÁNH CÔNG TY CỔ PHẦN THẾ GIỚI SỐ TẠI ĐÀ NẴNG,Công Ty TNHH MTV Huy Vũ
108206,muavao,1,2050800.00,2023-07-19 17:00:00,Ngân hàng TMCP Sài Gòn Thương Tín - Chi nhánh Gia Lai,CONG TY TNHH MTV HUY VU
100154,muavao,1,4440911.00,2023-07-19 17:00:00,Công ty TNHH Phân phối Synnex FPT,Công ty TNHH MTV Huy Vũ
4998,muavao,1,23000.00,2023-07-19 17:00:00,Ngân hàng TMCP Sài Gòn Thương Tín - Chi nhánh Gia Lai,CONG TY TNHH MTV HUY VU
4997,muavao,1,23000.00,2023-07-19 17:00:00,Ngân hàng TMCP Sài Gòn Thương Tín - Chi nhánh Gia Lai,CONG TY TNHH MTV HUY VU
99823,muavao,1,3886366.00,2023-07-18 17:00:00,Công ty TNHH Phân phối Synnex FPT,Công ty TNHH MTV Huy Vũ
46484,muavao,1,17727273.00,2023-07-18 17:00:00,CÔNG TY TNHH MỘT THÀNH VIÊN CÔNG NGHỆ TIN HỌC VIỄN SƠN,CÔNG TY TNHH MỘT THÀNH VIÊN HUY VŨ
46221,muavao,1,10527273.00,2023-07-18 17:00:00,CÔNG TY TNHH MỘT THÀNH VIÊN CÔNG NGHỆ TIN HỌC VIỄN SƠN,CÔNG TY TNHH MỘT THÀNH VIÊN HUY VŨ
66798,muavao,1,26909091.00,2023-07-17 17:00:00,CÔNG TY CỔ PHẦN DỊCH VỤ PHÂN PHỐI TỔNG HỢP DẦU KHÍ,Công ty TNHH  Một Thành Viên Huy Vũ
235,muavao,1,1434545.00,2023-07-17 17:00:00,CÔNG TY TNHH ĐIỆN TỬ TIN HỌC KIM PHÁT,Công Ty Trách Nhiệm Hữu Hạn một thành viên Huy Vũ
16,muavao,1,2650000.00,2023-07-17 17:00:00,CÔNG TY TNHH KỸ THUẬT CÔNG NGHỆ HẢI SƠN,CÔNG TY TNHH MỘT THÀNH VIÊN HUY VŨ
33354,muavao,1,21363636.00,2023-07-16 17:00:00,CÔNG TY TNHH VI TÍNH NGUYÊN KIM,CÔNG TY TNHH MỘT THÀNH VIÊN HUY VŨ
4909,muavao,1,23000.00,2023-07-16 17:00:00,Ngân hàng TMCP Sài Gòn Thương Tín - Chi nhánh Gia Lai,CONG TY TNHH MTV HUY VU
4908,muavao,1,15000.00,2023-07-16 17:00:00,Ngân hàng TMCP Sài Gòn Thương Tín - Chi nhánh Gia Lai,CONG TY TNHH MTV HUY VU
589,muavao,1,10800000.00,2023-07-16 17:00:00,CÔNG TY CỔ PHẦN ĐẦU TƯ & THƯƠNG MẠI ĐẠI PHÁT,CÔNG TY TNHH MỘT THÀNH VIÊN HUY VŨ
105178,muavao,1,722944.00,2023-07-13 17:00:00,Ngân hàng TMCP Sài Gòn Thương Tín - Chi nhánh Gia Lai,CONG TY TNHH MTV HUY VU
4874,muavao,1,23000.00,2023-07-13 17:00:00,Ngân hàng TMCP Sài Gòn Thương Tín - Chi nhánh Gia Lai,CONG TY TNHH MTV HUY VU
4873,muavao,1,23000.00,2023-07-13 17:00:00,Ngân hàng TMCP Sài Gòn Thương Tín - Chi nhánh Gia Lai,CONG TY TNHH MTV HUY VU
265235,muavao,1,3430000.00,2023-07-12 17:00:00,CÔNG TY CỔ PHẦN THẾ GIỚI SỐ,Công Ty TNHH MTV Huy Vũ
265234,muavao,6,18545454.00,2023-07-12 17:00:00,CÔNG TY CỔ PHẦN THẾ GIỚI SỐ,Công Ty TNHH MTV Huy Vũ
104717,muavao,1,269463.00,2023-07-12 17:00:00,Ngân hàng TMCP Sài Gòn Thương Tín - Chi nhánh Gia Lai,CONG TY TNHH MTV HUY VU
4831,muavao,1,23000.00,2023-07-12 17:00:00,Ngân hàng TMCP Sài Gòn Thương Tín - Chi nhánh Gia Lai,CONG TY TNHH MTV HUY VU
12176,muavao,1,23172727.00,2023-07-11 17:00:00,CÔNG TY CỔ PHẦN MÁY TÍNH VĨNH XUÂN - CHI NHÁNH THÀNH PHỐ HỒ CHÍ MINH,CÔNG TY TNHH MỘT THÀNH VIÊN HUY VŨ
5296,muavao,1,6436364.00,2023-07-11 17:00:00,CÔNG TY TNHH THƯƠNG MẠI DỊCH VỤ TIN HỌC ANH PHƯƠNG A.P.C.O.M,CÔNG TY TNHH MỘT THÀNH VIÊN HUY VŨ
12174,muavao,1,9809091.00,2023-07-10 17:00:00,CÔNG TY CỔ PHẦN MÁY TÍNH VĨNH XUÂN - CHI NHÁNH THÀNH PHỐ HỒ CHÍ MINH,CÔNG TY TNHH MỘT THÀNH VIÊN HUY VŨ
45239351,muavao,1,315616.00,2023-07-09 17:00:00,NGÂN HÀNG TMCP Á CHÂU,CTY TNHH MTV HUY VU
45100081,muavao,1,9152877.00,2023-07-09 17:00:00,NGÂN HÀNG TMCP Á CHÂU,CTY TNHH MTV HUY VU
45078638,muavao,1,632877.00,2023-07-09 17:00:00,NGÂN HÀNG TMCP Á CHÂU,CTY TNHH MTV HUY VU
45063899,muavao,1,11704110.00,2023-07-09 17:00:00,NGÂN HÀNG TMCP Á CHÂU,CTY TNHH MTV HUY VU
44972903,muavao,1,4389040.00,2023-07-09 17:00:00,NGÂN HÀNG TMCP Á CHÂU,CTY TNHH MTV HUY VU
260240,muavao,1,42545454.00,2023-07-09 17:00:00,CÔNG TY CỔ PHẦN THẾ GIỚI SỐ,Công Ty TNHH MTV Huy Vũ
260238,muavao,1,24545450.00,2023-07-09 17:00:00,CÔNG TY CỔ PHẦN THẾ GIỚI SỐ,Công Ty TNHH MTV Huy Vũ
4735,muavao,1,33734.00,2023-07-09 17:00:00,Ngân hàng TMCP Sài Gòn Thương Tín - Chi nhánh Gia Lai,CONG TY TNHH MTV HUY VU
1914,muavao,1,6237272.00,2023-07-09 17:00:00,Chi nhánh Công ty Cổ phần thương mại Tin học Hưng Long,CÔNG TY TNHH MỘT THÀNH VIÊN  HUY VŨ
221,muavao,1,3609091.00,2023-07-09 17:00:00,CÔNG TY TNHH ĐIỆN TỬ TIN HỌC KIM PHÁT,Công Ty Trách Nhiệm Hữu Hạn một thành viên Huy Vũ
44461651,muavao,1,54545.00,2023-07-07 17:00:00,NGÂN HÀNG TMCP Á CHÂU,CTY TNHH MTV HUY VU
4702,muavao,1,23000.00,2023-07-06 17:00:00,Ngân hàng TMCP Sài Gòn Thương Tín - Chi nhánh Gia Lai,CONG TY TNHH MTV HUY VU
4701,muavao,1,23000.00,2023-07-06 17:00:00,Ngân hàng TMCP Sài Gòn Thương Tín - Chi nhánh Gia Lai,CONG TY TNHH MTV HUY VU
119561,muavao,1,241816.00,2023-07-05 17:00:00,CÔNG TY DỊCH VỤ MOBIFONE KHU VỰC 7 - CHI NHÁNH TỔNG CÔNG TY VIỄN THÔNG MOBIFONE,Công ty TNHH MTV Huy Vũ
100235,muavao,1,197562.00,2023-07-05 17:00:00,Ngân hàng TMCP Sài Gòn Thương Tín - Chi nhánh Gia Lai,CONG TY TNHH MTV HUY VU
1452,muavao,1,2954545.00,2023-07-05 17:00:00,CHI NHÁNH CÔNG TY TNHH CÔNG NGHỆ VÀ THƯƠNG MẠI Á MỸ,CÔNG TY TNHH MỘT THÀNH VIÊN HUY VŨ
553,muavao,1,10800000.00,2023-07-05 17:00:00,CÔNG TY CỔ PHẦN ĐẦU TƯ & THƯƠNG MẠI ĐẠI PHÁT,CÔNG TY TNHH MỘT THÀNH VIÊN HUY VŨ
217,muavao,1,845455.00,2023-07-05 17:00:00,CÔNG TY TNHH THƯƠNG MẠI & DỊCH VỤ ĐẠI SƠN,CÔNG TY TNHH MỘT THÀNH VIÊN HUY VŨ
61116,muavao,1,82181818.00,2023-07-04 17:00:00,CÔNG TY CỔ PHẦN DỊCH VỤ PHÂN PHỐI TỔNG HỢP DẦU KHÍ,Công ty TNHH  Một Thành Viên Huy Vũ
3638,muavao,1,14081818.00,2023-07-04 17:00:00,Công ty TNHH Tin Học Kim Thiên Bảo,CÔNG TY TNHH MỘT THÀNH VIÊN HUY VŨ
1443,muavao,1,7181818.00,2023-07-04 17:00:00,CHI NHÁNH CÔNG TY TNHH CÔNG NGHỆ VÀ THƯƠNG MẠI Á MỸ,CÔNG TY TNHH MỘT THÀNH VIÊN HUY VŨ
671,muavao,1,131300000.00,2023-07-04 17:00:00,CHI NHÁNH CÔNG TY CỔ PHẦN ĐẦU TƯ VÀ PHÁT TRIỂN CÔNG NGHỆ QUỐC GIA ADG TẠI ĐÀ NẴNG,Công Ty TNHH Một Thành Viên Huy Vũ
218,muavao,1,3870911.00,2023-07-04 17:00:00,CÔNG TY TNHH ĐIỆN TỬ TIN HỌC KIM PHÁT,Công Ty Trách Nhiệm Hữu Hạn một thành viên Huy Vũ
191210,muavao,1,590204.00,2023-12-21 17:00:00,Ngân hàng TMCP Sài Gòn Thương Tín - Chi nhánh Gia Lai,CONG TY TNHH MTV HUY VU
91268,muavao,1,17909091.00,2023-07-03 17:00:00,Công ty TNHH Phân phối Synnex FPT,Công ty TNHH MTV Huy Vũ
3577,muavao,1,4072728.00,2023-07-03 17:00:00,CHI NHÁNH CÔNG TY CỔ PHẦN KỸ THUẬT CÔNG NGHỆ NAM THÀNH,Công ty TNHH  Một Thành Viên Huy Vũ
665,muavao,1,20500000.00,2023-07-03 17:00:00,CHI NHÁNH CÔNG TY CỔ PHẦN ĐẦU TƯ VÀ PHÁT TRIỂN CÔNG NGHỆ QUỐC GIA ADG TẠI ĐÀ NẴNG,Công Ty TNHH Một Thành Viên Huy Vũ
99034,muavao,1,28378.00,2023-07-02 17:00:00,Ngân hàng TMCP Sài Gòn Thương Tín - Chi nhánh Gia Lai,CONG TY TNHH MTV HUY VU
99032,muavao,1,36264.00,2023-07-02 17:00:00,Ngân hàng TMCP Sài Gòn Thương Tín - Chi nhánh Gia Lai,CONG TY TNHH MTV HUY VU
99007,muavao,1,155596.00,2023-07-02 17:00:00,Ngân hàng TMCP Sài Gòn Thương Tín - Chi nhánh Gia Lai,CONG TY TNHH MTV HUY VU
99006,muavao,1,174102.00,2023-07-02 17:00:00,Ngân hàng TMCP Sài Gòn Thương Tín - Chi nhánh Gia Lai,CONG TY TNHH MTV HUY VU
99005,muavao,1,299446.00,2023-07-02 17:00:00,Ngân hàng TMCP Sài Gòn Thương Tín - Chi nhánh Gia Lai,CONG TY TNHH MTV HUY VU
99004,muavao,1,372909.00,2023-07-02 17:00:00,Ngân hàng TMCP Sài Gòn Thương Tín - Chi nhánh Gia Lai,CONG TY TNHH MTV HUY VU
99003,muavao,1,1097005.00,2023-07-02 17:00:00,Ngân hàng TMCP Sài Gòn Thương Tín - Chi nhánh Gia Lai,CONG TY TNHH MTV HUY VU
99002,muavao,1,1083767.00,2023-07-02 17:00:00,Ngân hàng TMCP Sài Gòn Thương Tín - Chi nhánh Gia Lai,CONG TY TNHH MTV HUY VU
99001,muavao,1,815738.00,2023-07-02 17:00:00,Ngân hàng TMCP Sài Gòn Thương Tín - Chi nhánh Gia Lai,CONG TY TNHH MTV HUY VU
98999,muavao,1,537259.00,2023-07-02 17:00:00,Ngân hàng TMCP Sài Gòn Thương Tín - Chi nhánh Gia Lai,CONG TY TNHH MTV HUY VU
98998,muavao,1,776627.00,2023-07-02 17:00:00,Ngân hàng TMCP Sài Gòn Thương Tín - Chi nhánh Gia Lai,CONG TY TNHH MTV HUY VU
98997,muavao,1,909497.00,2023-07-02 17:00:00,Ngân hàng TMCP Sài Gòn Thương Tín - Chi nhánh Gia Lai,CONG TY TNHH MTV HUY VU
98996,muavao,1,818460.00,2023-07-02 17:00:00,Ngân hàng TMCP Sài Gòn Thương Tín - Chi nhánh Gia Lai,CONG TY TNHH MTV HUY VU
98995,muavao,1,1929804.00,2023-07-02 17:00:00,Ngân hàng TMCP Sài Gòn Thương Tín - Chi nhánh Gia Lai,CONG TY TNHH MTV HUY VU
98994,muavao,1,578226.00,2023-07-02 17:00:00,Ngân hàng TMCP Sài Gòn Thương Tín - Chi nhánh Gia Lai,CONG TY TNHH MTV HUY VU
98993,muavao,1,1445023.00,2023-07-02 17:00:00,Ngân hàng TMCP Sài Gòn Thương Tín - Chi nhánh Gia Lai,CONG TY TNHH MTV HUY VU
98992,muavao,1,3612556.00,2023-07-02 17:00:00,Ngân hàng TMCP Sài Gòn Thương Tín - Chi nhánh Gia Lai,CONG TY TNHH MTV HUY VU
98991,muavao,1,1806278.00,2023-07-02 17:00:00,Ngân hàng TMCP Sài Gòn Thương Tín - Chi nhánh Gia Lai,CONG TY TNHH MTV HUY VU
98989,muavao,1,1155172.00,2023-07-02 17:00:00,Ngân hàng TMCP Sài Gòn Thương Tín - Chi nhánh Gia Lai,CONG TY TNHH MTV HUY VU
98988,muavao,1,1239973.00,2023-07-02 17:00:00,Ngân hàng TMCP Sài Gòn Thương Tín - Chi nhánh Gia Lai,CONG TY TNHH MTV HUY VU
98987,muavao,1,293484.00,2023-07-02 17:00:00,Ngân hàng TMCP Sài Gòn Thương Tín - Chi nhánh Gia Lai,CONG TY TNHH MTV HUY VU
98986,muavao,1,1001693.00,2023-07-02 17:00:00,Ngân hàng TMCP Sài Gòn Thương Tín - Chi nhánh Gia Lai,CONG TY TNHH MTV HUY VU
98985,muavao,1,279682.00,2023-07-02 17:00:00,Ngân hàng TMCP Sài Gòn Thương Tín - Chi nhánh Gia Lai,CONG TY TNHH MTV HUY VU
4580,muavao,1,23000.00,2023-07-02 17:00:00,Ngân hàng TMCP Sài Gòn Thương Tín - Chi nhánh Gia Lai,CONG TY TNHH MTV HUY VU
4579,muavao,1,23000.00,2023-07-02 17:00:00,Ngân hàng TMCP Sài Gòn Thương Tín - Chi nhánh Gia Lai,CONG TY TNHH MTV HUY VU
4578,muavao,1,23000.00,2023-07-02 17:00:00,Ngân hàng TMCP Sài Gòn Thương Tín - Chi nhánh Gia Lai,CONG TY TNHH MTV HUY VU
4577,muavao,1,23000.00,2023-07-02 17:00:00,Ngân hàng TMCP Sài Gòn Thương Tín - Chi nhánh Gia Lai,CONG TY TNHH MTV HUY VU
659,muavao,1,41227273.00,2023-07-02 17:00:00,CHI NHÁNH CÔNG TY CỔ PHẦN ĐẦU TƯ VÀ PHÁT TRIỂN CÔNG NGHỆ QUỐC GIA ADG TẠI ĐÀ NẴNG,Công Ty TNHH Một Thành Viên Huy Vũ
215,muavao,1,1568170.00,2023-07-02 17:00:00,CÔNG TY TNHH ĐIỆN TỬ TIN HỌC KIM PHÁT,Công Ty Trách Nhiệm Hữu Hạn một thành viên Huy Vũ
214,muavao,6,1368170.00,2023-07-02 17:00:00,CÔNG TY TNHH ĐIỆN TỬ TIN HỌC KIM PHÁT,Công Ty Trách Nhiệm Hữu Hạn một thành viên Huy Vũ
28258023,muavao,1,350000.00,2023-07-01 17:00:00,Tập đoàn Công nghiệp - Viễn thông Quân đội,Công Ty Tnhh Huy Vũ
403952,muavao,1,415758.00,2023-06-30 17:00:00,TRUNG TÂM KINH DOANH VNPT - GIA LAI - CHI NHÁNH TỔNG CÔNG TY DỊCH VỤ VIỄN THÔNG,Công Ty TNHH MTV Huy Vũ
403856,muavao,1,258066.00,2023-06-30 17:00:00,TRUNG TÂM KINH DOANH VNPT - GIA LAI - CHI NHÁNH TỔNG CÔNG TY DỊCH VỤ VIỄN THÔNG,Công Ty TNHH MTV Huy Vũ
403855,muavao,1,420607.00,2023-06-30 17:00:00,TRUNG TÂM KINH DOANH VNPT - GIA LAI - CHI NHÁNH TỔNG CÔNG TY DỊCH VỤ VIỄN THÔNG,Công Ty TNHH MTV Huy Vũ
384099,muavao,1,249636.00,2023-06-30 17:00:00,TRUNG TÂM KINH DOANH VNPT - GIA LAI - CHI NHÁNH TỔNG CÔNG TY DỊCH VỤ VIỄN THÔNG,Công Ty TNHH MTV Huy Vũ
354633,muavao,1,274000.00,2023-06-30 17:00:00,TRUNG TÂM KINH DOANH VNPT - GIA LAI - CHI NHÁNH TỔNG CÔNG TY DỊCH VỤ VIỄN THÔNG,Công Ty TNHH MTV Huy Vũ
354591,muavao,1,20000.00,2023-06-30 17:00:00,TRUNG TÂM KINH DOANH VNPT - GIA LAI - CHI NHÁNH TỔNG CÔNG TY DỊCH VỤ VIỄN THÔNG,Công Ty TNHH MTV Huy Vũ
354543,muavao,1,24545.00,2023-06-30 17:00:00,TRUNG TÂM KINH DOANH VNPT - GIA LAI - CHI NHÁNH TỔNG CÔNG TY DỊCH VỤ VIỄN THÔNG,Công Ty  TNHH MTV Huy Vũ
354542,muavao,1,24600.00,2023-06-30 17:00:00,TRUNG TÂM KINH DOANH VNPT - GIA LAI - CHI NHÁNH TỔNG CÔNG TY DỊCH VỤ VIỄN THÔNG,Công Ty TNHH MTV  Huy Vũ
354351,muavao,1,213636.00,2023-06-30 17:00:00,TRUNG TÂM KINH DOANH VNPT - GIA LAI - CHI NHÁNH TỔNG CÔNG TY DỊCH VỤ VIỄN THÔNG,Cửa Hàng Máy Tình Trường Sơn
6115,muavao,1,2227273.00,2023-06-30 17:00:00,CÔNG TY CỔ PHẦN THIẾT BỊ VĂN PHÒNG NGUYỄN ĐỨC,CÔNG TY TNHH MTV HUY VŨ
3970,muavao,1,5913638.00,2023-06-30 17:00:00,CÔNG TY TNHH THƯƠNG MẠI DỊCH VỤ QUỐC VIỆT,Công Ty TNHH Một Thành Viên Huy Vũ
348274,muavao,1,8181819.00,2023-08-30 17:00:00,CÔNG TY CỔ PHẦN THẾ GIỚI SỐ,Công Ty TNHH MTV Huy Vũ
348273,muavao,1,19090911.00,2023-08-30 17:00:00,CÔNG TY CỔ PHẦN THẾ GIỚI SỐ,Công Ty TNHH MTV Huy Vũ
347615,muavao,1,26818200.00,2023-08-30 17:00:00,CÔNG TY CỔ PHẦN THẾ GIỚI SỐ,Công Ty TNHH MTV Huy Vũ
347573,muavao,1,26818200.00,2023-08-30 17:00:00,CÔNG TY CỔ PHẦN THẾ GIỚI SỐ,Công Ty TNHH MTV Huy Vũ
129804,muavao,1,13055.00,2023-08-30 17:00:00,Ngân hàng TMCP Sài Gòn Thương Tín - Chi nhánh Gia Lai,CONG TY TNHH MTV HUY VU
129748,muavao,1,58694.00,2023-08-30 17:00:00,Ngân hàng TMCP Sài Gòn Thương Tín - Chi nhánh Gia Lai,CONG TY TNHH MTV HUY VU
129747,muavao,1,63305.00,2023-08-30 17:00:00,Ngân hàng TMCP Sài Gòn Thương Tín - Chi nhánh Gia Lai,CONG TY TNHH MTV HUY VU
129746,muavao,1,124164.00,2023-08-30 17:00:00,Ngân hàng TMCP Sài Gòn Thương Tín - Chi nhánh Gia Lai,CONG TY TNHH MTV HUY VU
129745,muavao,1,230747.00,2023-08-30 17:00:00,Ngân hàng TMCP Sài Gòn Thương Tín - Chi nhánh Gia Lai,CONG TY TNHH MTV HUY VU
129744,muavao,1,377551.00,2023-08-30 17:00:00,Ngân hàng TMCP Sài Gòn Thương Tín - Chi nhánh Gia Lai,CONG TY TNHH MTV HUY VU
129743,muavao,1,506440.00,2023-08-30 17:00:00,Ngân hàng TMCP Sài Gòn Thương Tín - Chi nhánh Gia Lai,CONG TY TNHH MTV HUY VU
129742,muavao,1,590446.00,2023-08-30 17:00:00,Ngân hàng TMCP Sài Gòn Thương Tín - Chi nhánh Gia Lai,CONG TY TNHH MTV HUY VU
129741,muavao,1,384050.00,2023-08-30 17:00:00,Ngân hàng TMCP Sài Gòn Thương Tín - Chi nhánh Gia Lai,CONG TY TNHH MTV HUY VU
129740,muavao,1,275499.00,2023-08-30 17:00:00,Ngân hàng TMCP Sài Gòn Thương Tín - Chi nhánh Gia Lai,CONG TY TNHH MTV HUY VU
129739,muavao,1,633050.00,2023-08-30 17:00:00,Ngân hàng TMCP Sài Gòn Thương Tín - Chi nhánh Gia Lai,CONG TY TNHH MTV HUY VU
129738,muavao,1,295824.00,2023-08-30 17:00:00,Ngân hàng TMCP Sài Gòn Thương Tín - Chi nhánh Gia Lai,CONG TY TNHH MTV HUY VU
129737,muavao,1,263435.00,2023-08-30 17:00:00,Ngân hàng TMCP Sài Gòn Thương Tín - Chi nhánh Gia Lai,CONG TY TNHH MTV HUY VU
129736,muavao,1,1042317.00,2023-08-30 17:00:00,Ngân hàng TMCP Sài Gòn Thương Tín - Chi nhánh Gia Lai,CONG TY TNHH MTV HUY VU
129735,muavao,1,865169.00,2023-08-30 17:00:00,Ngân hàng TMCP Sài Gòn Thương Tín - Chi nhánh Gia Lai,CONG TY TNHH MTV HUY VU
129734,muavao,1,4431351.00,2023-08-30 17:00:00,Ngân hàng TMCP Sài Gòn Thương Tín - Chi nhánh Gia Lai,CONG TY TNHH MTV HUY VU
129733,muavao,1,275376.00,2023-08-30 17:00:00,Ngân hàng TMCP Sài Gòn Thương Tín - Chi nhánh Gia Lai,CONG TY TNHH MTV HUY VU
129732,muavao,1,633050.00,2023-08-30 17:00:00,Ngân hàng TMCP Sài Gòn Thương Tín - Chi nhánh Gia Lai,CONG TY TNHH MTV HUY VU
129731,muavao,1,508307.00,2023-08-30 17:00:00,Ngân hàng TMCP Sài Gòn Thương Tín - Chi nhánh Gia Lai,CONG TY TNHH MTV HUY VU
129730,muavao,1,798998.00,2023-08-30 17:00:00,Ngân hàng TMCP Sài Gòn Thương Tín - Chi nhánh Gia Lai,CONG TY TNHH MTV HUY VU
129729,muavao,1,387881.00,2023-08-30 17:00:00,Ngân hàng TMCP Sài Gòn Thương Tín - Chi nhánh Gia Lai,CONG TY TNHH MTV HUY VU
129728,muavao,1,1069071.00,2023-08-30 17:00:00,Ngân hàng TMCP Sài Gòn Thương Tín - Chi nhánh Gia Lai,CONG TY TNHH MTV HUY VU
129727,muavao,1,583167.00,2023-08-30 17:00:00,Ngân hàng TMCP Sài Gòn Thương Tín - Chi nhánh Gia Lai,CONG TY TNHH MTV HUY VU
129726,muavao,1,580022.00,2023-08-30 17:00:00,Ngân hàng TMCP Sài Gòn Thương Tín - Chi nhánh Gia Lai,CONG TY TNHH MTV HUY VU
129725,muavao,1,897846.00,2023-08-30 17:00:00,Ngân hàng TMCP Sài Gòn Thương Tín - Chi nhánh Gia Lai,CONG TY TNHH MTV HUY VU
129724,muavao,1,559057.00,2023-08-30 17:00:00,Ngân hàng TMCP Sài Gòn Thương Tín - Chi nhánh Gia Lai,CONG TY TNHH MTV HUY VU
128977,muavao,1,4840910.00,2023-08-30 17:00:00,Công ty TNHH Phân phối Synnex FPT,Công ty TNHH MTV Huy Vũ
52821,muavao,1,60000.00,2023-08-30 17:00:00,NGAN HANG TMCP PHAT TRIEN THANH PHO HO CHI MINH,CONG TY TNHH MOT THANH VIEN HUY VU
7502,muavao,1,14154546.00,2023-08-30 17:00:00,CÔNG TY TNHH PHƯƠNG KHANG COMPUTER,CÔNG TY TNHH MỘT THÀNH VIÊN HUY VŨ
6758,muavao,1,1759091.00,2023-08-30 17:00:00,CÔNG TY CỔ PHẦN XUẤT NHẬP KHẨU KỸ NGHỆ Á ĐÔNG,CÔNG TY TNHH MỘT THÀNH VIÊN HUY VŨ
5996,muavao,1,23000.00,2023-08-30 17:00:00,Ngân hàng TMCP Sài Gòn Thương Tín - Chi nhánh Gia Lai,CONG TY TNHH MTV HUY VU
5995,muavao,1,23000.00,2023-08-30 17:00:00,Ngân hàng TMCP Sài Gòn Thương Tín - Chi nhánh Gia Lai,CONG TY TNHH MTV HUY VU
3090,muavao,1,138545.00,2023-08-30 17:00:00,CÔNG TY DỊCH VỤ MOBIFONE KHU VỰC 1 - CHI NHÁNH TỔNG CÔNG TY VIỄN THÔNG MOBIFONE,CÔNG TY TNHH MỘT THÀNH VIÊN HUY VŨ
859,muavao,1,28909091.00,2023-08-30 17:00:00,CHI NHÁNH CÔNG TY CỔ PHẦN ĐẦU TƯ VÀ PHÁT TRIỂN CÔNG NGHỆ QUỐC GIA ADG TẠI ĐÀ NẴNG,Công Ty TNHH Một Thành Viên Huy Vũ
344927,muavao,1,84545454.00,2023-08-29 17:00:00,CÔNG TY CỔ PHẦN THẾ GIỚI SỐ,Công Ty TNHH MTV Huy Vũ
129586,muavao,1,689096.00,2023-08-29 17:00:00,Ngân hàng TMCP Sài Gòn Thương Tín - Chi nhánh Gia Lai,CONG TY TNHH MTV HUY VU
127549,muavao,1,12728181.00,2023-08-29 17:00:00,Công ty TNHH Phân phối Synnex FPT,Công ty TNHH MTV Huy Vũ
127464,muavao,1,12272727.00,2023-08-29 17:00:00,Công ty TNHH Phân phối Synnex FPT,Công ty TNHH MTV Huy Vũ
89337,muavao,1,97272727.00,2023-08-29 17:00:00,CÔNG TY CỔ PHẦN DỊCH VỤ PHÂN PHỐI TỔNG HỢP DẦU KHÍ,Công ty TNHH  Một Thành Viên Huy Vũ
62935,muavao,1,104363636.00,2023-08-29 17:00:00,CÔNG TY TNHH MỘT THÀNH VIÊN CÔNG NGHỆ TIN HỌC VIỄN SƠN,CÔNG TY TNHH MỘT THÀNH VIÊN HUY VŨ
13686,muavao,1,13090910.00,2023-08-29 17:00:00,CÔNG TY CỔ PHẦN CÔNG NGHỆ ELITE,CÔNG TY TNHH MTV HUY VŨ
5951,muavao,1,23000.00,2023-08-29 17:00:00,Ngân hàng TMCP Sài Gòn Thương Tín - Chi nhánh Gia Lai,CONG TY TNHH MTV HUY VU
5950,muavao,1,23000.00,2023-08-29 17:00:00,Ngân hàng TMCP Sài Gòn Thương Tín - Chi nhánh Gia Lai,CONG TY TNHH MTV HUY VU
1689,muavao,1,989100.00,2023-08-29 17:00:00,CÔNG TY TNHH THƯƠNG MẠI DỊCH VỤ SẢN XUẤT XUẤT NHẬP KHẨU MỰC IN VIỆT NHẬT,CÔNG TY TNHH MỘT THÀNH VIÊN HUY VŨ
263,muavao,1,618182.00,2023-08-29 17:00:00,CÔNG TY TNHH ĐIỆN TỬ TIN HỌC KIM PHÁT,Công Ty Trách Nhiệm Hữu Hạn một thành viên Huy Vũ
129006,muavao,1,986309.00,2023-08-28 17:00:00,Ngân hàng TMCP Sài Gòn Thương Tín - Chi nhánh Gia Lai,CONG TY TNHH MTV HUY VU
127993,muavao,1,125000.00,2023-08-28 17:00:00,Ngân hàng TMCP Sài Gòn Thương Tín - Chi nhánh Gia Lai,CONG TY TNHH MTV HUY VU
15740,muavao,1,9272727.00,2023-08-28 17:00:00,CÔNG TY CỔ PHẦN MÁY TÍNH VĨNH XUÂN - CHI NHÁNH THÀNH PHỐ HỒ CHÍ MINH,CÔNG TY TNHH MỘT THÀNH VIÊN HUY VŨ
5917,muavao,1,23000.00,2023-08-28 17:00:00,Ngân hàng TMCP Sài Gòn Thương Tín - Chi nhánh Gia Lai,CONG TY TNHH MTV HUY VU
1889,muavao,1,3636364.00,2023-08-28 17:00:00,CHI NHÁNH CÔNG TY TNHH CÔNG NGHỆ VÀ THƯƠNG MẠI Á MỸ,CÔNG TY TNHH MỘT THÀNH VIÊN HUY VŨ
1314,muavao,1,8170000.00,2023-08-28 17:00:00,CÔNG TY TNHH ĐẦU TƯ CÔNG NGHỆ ÂM THANH TRIỆU GIA,CÔNG TY TNHH MỘT THÀNH VIÊN HUY VŨ
1220,muavao,1,91604545.00,2023-08-28 17:00:00,CÔNG TY CỔ PHẦN MICROSUN,CÔNG TY TNHH MỘT THÀNH VIÊN HUY VŨ
190563,muavao,1,19000.00,2023-12-21 17:00:00,Ngân hàng TMCP Sài Gòn Thương Tín - Chi nhánh Gia Lai,CONG TY TNHH MTV HUY VU
787,muavao,1,13500000.00,2023-08-28 17:00:00,CÔNG TY CỔ PHẦN ĐẦU TƯ & THƯƠNG MẠI ĐẠI PHÁT,CÔNG TY TNHH MỘT THÀNH VIÊN HUY VŨ
61698,muavao,1,25100000.00,2023-08-27 17:00:00,CÔNG TY TNHH MỘT THÀNH VIÊN CÔNG NGHỆ TIN HỌC VIỄN SƠN,CÔNG TY TNHH MỘT THÀNH VIÊN HUY VŨ
61597,muavao,1,40909091.00,2023-08-27 17:00:00,CÔNG TY TNHH MỘT THÀNH VIÊN CÔNG NGHỆ TIN HỌC VIỄN SƠN,CÔNG TY TNHH MỘT THÀNH VIÊN HUY VŨ
3538,muavao,1,14319037.00,2023-08-27 17:00:00,CÔNG TY TNHH PHÂN PHỐI PHƯƠNG VIỆT,CÔNG TY TNHH MỘT THÀNH VIÊN HUY VŨ
849,muavao,1,29747273.00,2023-08-27 17:00:00,CHI NHÁNH CÔNG TY CỔ PHẦN ĐẦU TƯ VÀ PHÁT TRIỂN CÔNG NGHỆ QUỐC GIA ADG TẠI ĐÀ NẴNG,Công Ty TNHH Một Thành Viên Huy Vũ
272,muavao,1,681818.00,2023-08-27 17:00:00,CÔNG TY TNHH THƯƠNG MẠI & DỊCH VỤ ĐẠI SƠN,CÔNG TY TNHH MỘT THÀNH VIÊN HUY VŨ
261,muavao,1,33665454.00,2023-08-27 17:00:00,CÔNG TY TNHH ĐIỆN TỬ TIN HỌC KIM PHÁT,Công Ty Trách Nhiệm Hữu Hạn một thành viên Huy Vũ
13435,muavao,1,13090910.00,2023-08-24 17:00:00,CÔNG TY CỔ PHẦN CÔNG NGHỆ ELITE,CÔNG TY TNHH MTV HUY VŨ
5855,muavao,1,23000.00,2023-08-24 17:00:00,Ngân hàng TMCP Sài Gòn Thương Tín - Chi nhánh Gia Lai,CONG TY TNHH MTV HUY VU
5854,muavao,1,23000.00,2023-08-24 17:00:00,Ngân hàng TMCP Sài Gòn Thương Tín - Chi nhánh Gia Lai,CONG TY TNHH MTV HUY VU
1856,muavao,1,240741.00,2023-08-24 17:00:00,CHI NHÁNH CÔNG TY TNHH CÔNG NGHỆ VÀ THƯƠNG MẠI Á MỸ,CÔNG TY TNHH MỘT THÀNH VIÊN HUY VŨ
1855,muavao,1,2627273.00,2023-08-24 17:00:00,CHI NHÁNH CÔNG TY TNHH CÔNG NGHỆ VÀ THƯƠNG MẠI Á MỸ,CÔNG TY TNHH MỘT THÀNH VIÊN HUY VŨ
336749,muavao,1,94149090.00,2023-08-23 17:00:00,CÔNG TY CỔ PHẦN THẾ GIỚI SỐ,Công Ty TNHH MTV Huy Vũ
125733,muavao,1,745233.00,2023-08-23 17:00:00,Ngân hàng TMCP Sài Gòn Thương Tín - Chi nhánh Gia Lai,CONG TY TNHH MTV HUY VU
67893,muavao,1,8000000.00,2023-08-23 17:00:00,CÔNG TY TNHH KỸ NGHỆ PHÚC ANH,CÔNG TY TNHH MTV HUY VŨ
8021,muavao,1,7136364.00,2023-08-23 17:00:00,CÔNG TY CỔ PHẦN THIẾT BỊ VĂN PHÒNG NGUYỄN ĐỨC,CÔNG TY TNHH MTV HUY VŨ
5817,muavao,1,23000.00,2023-08-23 17:00:00,Ngân hàng TMCP Sài Gòn Thương Tín - Chi nhánh Gia Lai,CONG TY TNHH MTV HUY VU
3501,muavao,1,15283999.00,2023-08-23 17:00:00,CÔNG TY TNHH PHÂN PHỐI PHƯƠNG VIỆT,CÔNG TY TNHH MỘT THÀNH VIÊN HUY VŨ
123472,muavao,1,2516366.00,2023-08-22 17:00:00,Công ty TNHH Phân phối Synnex FPT,Công ty TNHH MTV Huy Vũ
84462,muavao,1,10281818.00,2023-08-22 17:00:00,CÔNG TY CỔ PHẦN DỊCH VỤ PHÂN PHỐI TỔNG HỢP DẦU KHÍ,Công ty TNHH  Một Thành Viên Huy Vũ
40918,muavao,1,4181818.00,2023-08-22 17:00:00,CÔNG TY TNHH VI TÍNH NGUYÊN KIM,CÔNG TY TNHH MỘT THÀNH VIÊN HUY VŨ
7089,muavao,1,9454545.00,2023-08-22 17:00:00,CÔNG TY TNHH PHƯƠNG KHANG COMPUTER,CÔNG TY TNHH MỘT THÀNH VIÊN HUY VŨ
253,muavao,1,16290908.00,2023-08-22 17:00:00,CÔNG TY TNHH ĐIỆN TỬ TIN HỌC KIM PHÁT,Công Ty Trách Nhiệm Hữu Hạn một thành viên Huy Vũ
331569,muavao,1,33472725.00,2023-08-21 17:00:00,CÔNG TY CỔ PHẦN THẾ GIỚI SỐ,Công Ty TNHH MTV Huy Vũ
329840,muavao,1,47074545.00,2023-08-21 17:00:00,CÔNG TY CỔ PHẦN THẾ GIỚI SỐ,Công Ty TNHH MTV Huy Vũ
329674,muavao,6,36818182.00,2023-08-21 17:00:00,CÔNG TY CỔ PHẦN THẾ GIỚI SỐ,Công Ty TNHH MTV Huy Vũ
7939,muavao,1,3254545.00,2023-08-21 17:00:00,CÔNG TY CỔ PHẦN THIẾT BỊ VĂN PHÒNG NGUYỄN ĐỨC,CÔNG TY TNHH MTV HUY VŨ
7004,muavao,1,6681818.00,2023-08-21 17:00:00,CÔNG TY TNHH PHƯƠNG KHANG COMPUTER,CÔNG TY TNHH MỘT THÀNH VIÊN HUY VŨ
5747,muavao,1,23000.00,2023-08-21 17:00:00,Ngân hàng TMCP Sài Gòn Thương Tín - Chi nhánh Gia Lai,CONG TY TNHH MTV HUY VU
5746,muavao,1,23000.00,2023-08-21 17:00:00,Ngân hàng TMCP Sài Gòn Thương Tín - Chi nhánh Gia Lai,CONG TY TNHH MTV HUY VU
3442,muavao,1,14360000.00,2023-08-21 17:00:00,CÔNG TY TNHH PHÂN PHỐI PHƯƠNG VIỆT,CÔNG TY TNHH MỘT THÀNH VIÊN HUY VŨ
1744,muavao,1,4545455.00,2023-08-21 17:00:00,CÔNG TY TNHH THƯƠNG MẠI KỸ THUẬT DIỆP KHÁNH,Công ty TNHH MTV Huy Vũ
123854,muavao,1,378993.00,2023-08-20 17:00:00,Ngân hàng TMCP Sài Gòn Thương Tín - Chi nhánh Gia Lai,CONG TY TNHH MTV HUY VU
121308,muavao,1,4934551.00,2023-08-20 17:00:00,Công ty TNHH Phân phối Synnex FPT,Công ty TNHH MTV Huy Vũ
5709,muavao,1,69000.00,2023-08-20 17:00:00,Ngân hàng TMCP Sài Gòn Thương Tín - Chi nhánh Gia Lai,CONG TY TNHH MTV HUY VU
99,muavao,1,24610000.00,2023-08-20 17:00:00,CÔNG TY TNHH TRUYỀN THÔNG MÁY TÍNH VIỆT ĐÔNG,CÔNG TY TNHH MỘT THÀNH VIÊN HUY VŨ
3406,muavao,1,6051368.00,2023-08-18 17:00:00,CÔNG TY TNHH PHÂN PHỐI PHƯƠNG VIỆT,CÔNG TY TNHH MỘT THÀNH VIÊN HUY VŨ
4294,muavao,1,7545455.00,2023-08-17 17:00:00,CÔNG TY CỔ PHẦN MÁY TÍNH VĨNH XUÂN - CHI NHÁNH ĐÀ NẴNG,CÔNG TY TNHH MỘT THÀNH VIÊN HUY VŨ
58072,muavao,1,38181818.00,2023-08-15 17:00:00,CÔNG TY TNHH MỘT THÀNH VIÊN CÔNG NGHỆ TIN HỌC VIỄN SƠN,CÔNG TY TNHH MỘT THÀNH VIÊN HUY VŨ
57886,muavao,1,27272727.00,2023-08-15 17:00:00,CÔNG TY TNHH MỘT THÀNH VIÊN CÔNG NGHỆ TIN HỌC VIỄN SƠN,CÔNG TY TNHH MỘT THÀNH VIÊN HUY VŨ
20595,muavao,1,4527273.00,2023-08-15 17:00:00,CÔNG TY TNHH VI TÍNH ĐẠI TÀI LỘC,CÔNG TY TNHH MỘT THÀNH VIÊN HUY VŨ
5495,muavao,1,23000.00,2023-08-09 17:00:00,Ngân hàng TMCP Sài Gòn Thương Tín - Chi nhánh Gia Lai,CONG TY TNHH MTV HUY VU
14650,muavao,1,13990909.00,2023-08-15 17:00:00,CÔNG TY CỔ PHẦN MÁY TÍNH VĨNH XUÂN - CHI NHÁNH THÀNH PHỐ HỒ CHÍ MINH,CÔNG TY TNHH MỘT THÀNH VIÊN HUY VŨ
6744,muavao,1,9727273.00,2023-08-15 17:00:00,CÔNG TY TNHH PHƯƠNG KHANG COMPUTER,CÔNG TY TNHH MỘT THÀNH VIÊN HUY VŨ
5204,muavao,1,10990912.00,2023-08-15 17:00:00,CÔNG TY TNHH THƯƠNG MẠI DỊCH VỤ QUỐC VIỆT,Công Ty TNHH Một Thành Viên Huy Vũ
4256,muavao,1,5368182.00,2023-08-15 17:00:00,CÔNG TY CỔ PHẦN MÁY TÍNH VĨNH XUÂN - CHI NHÁNH ĐÀ NẴNG,CÔNG TY TNHH MỘT THÀNH VIÊN HUY VŨ
4240,muavao,1,5363636.00,2023-08-15 17:00:00,CÔNG TY CỔ PHẦN MÁY TÍNH VĨNH XUÂN - CHI NHÁNH ĐÀ NẴNG,CÔNG TY TNHH MỘT THÀNH VIÊN HUY VŨ
434,muavao,1,4449091.00,2023-08-15 17:00:00,CÔNG TY CỔ PHẦN NEWMAX,CÔNG TY TNHH MỘT THÀNH VIÊN HUY VŨ
316423,muavao,1,18636370.00,2023-08-14 17:00:00,CÔNG TY CỔ PHẦN THẾ GIỚI SỐ,Công Ty TNHH MTV Huy Vũ
120808,muavao,1,251870.00,2023-08-14 17:00:00,Ngân hàng TMCP Sài Gòn Thương Tín - Chi nhánh Gia Lai,CONG TY TNHH MTV HUY VU
5598,muavao,1,23000.00,2023-08-14 17:00:00,Ngân hàng TMCP Sài Gòn Thương Tín - Chi nhánh Gia Lai,CONG TY TNHH MTV HUY VU
5597,muavao,1,23000.00,2023-08-14 17:00:00,Ngân hàng TMCP Sài Gòn Thương Tín - Chi nhánh Gia Lai,CONG TY TNHH MTV HUY VU
5595,muavao,1,23000.00,2023-08-14 17:00:00,Ngân hàng TMCP Sài Gòn Thương Tín - Chi nhánh Gia Lai,CONG TY TNHH MTV HUY VU
810,muavao,1,100000000.00,2023-08-14 17:00:00,CHI NHÁNH CÔNG TY CỔ PHẦN ĐẦU TƯ VÀ PHÁT TRIỂN CÔNG NGHỆ QUỐC GIA ADG TẠI ĐÀ NẴNG,Công Ty TNHH Một Thành Viên Huy Vũ
154329,muavao,1,3236362.00,2023-08-13 17:00:00,Chi nhánh Công ty TNHH phân phối Synnex FPT,Công ty TNHH MTV Huy Vũ
120282,muavao,1,350447.00,2023-08-13 17:00:00,Ngân hàng TMCP Sài Gòn Thương Tín - Chi nhánh Gia Lai,CONG TY TNHH MTV HUY VU
120281,muavao,1,301221.00,2023-08-13 17:00:00,Ngân hàng TMCP Sài Gòn Thương Tín - Chi nhánh Gia Lai,CONG TY TNHH MTV HUY VU
115328,muavao,1,7009092.00,2023-08-13 17:00:00,Công ty TNHH Phân phối Synnex FPT,Công ty TNHH MTV Huy Vũ
57088,muavao,1,8990909.00,2023-08-13 17:00:00,CÔNG TY TNHH MỘT THÀNH VIÊN CÔNG NGHỆ TIN HỌC VIỄN SƠN,CÔNG TY TNHH MỘT THÀNH VIÊN HUY VŨ
7672,muavao,1,2090909.00,2023-08-13 17:00:00,CÔNG TY CỔ PHẦN THIẾT BỊ VĂN PHÒNG NGUYỄN ĐỨC,CÔNG TY TNHH MTV HUY VŨ
5564,muavao,1,23000.00,2023-08-13 17:00:00,Ngân hàng TMCP Sài Gòn Thương Tín - Chi nhánh Gia Lai,CONG TY TNHH MTV HUY VU
5563,muavao,1,40000.00,2023-08-13 17:00:00,Ngân hàng TMCP Sài Gòn Thương Tín - Chi nhánh Gia Lai,CONG TY TNHH MTV HUY VU
4834,muavao,1,4540909.00,2023-08-13 17:00:00,CHI NHÁNH CÔNG TY CỔ PHẦN KỸ THUẬT CÔNG NGHỆ NAM THÀNH,Công ty TNHH  Một Thành Viên Huy Vũ
1758,muavao,1,581818.00,2023-08-13 17:00:00,CHI NHÁNH CÔNG TY TNHH CÔNG NGHỆ VÀ THƯƠNG MẠI Á MỸ,CÔNG TY TNHH MỘT THÀNH VIÊN HUY VŨ
1757,muavao,1,388889.00,2023-08-13 17:00:00,CHI NHÁNH CÔNG TY TNHH CÔNG NGHỆ VÀ THƯƠNG MẠI Á MỸ,CÔNG TY TNHH MỘT THÀNH VIÊN HUY VŨ
1675,muavao,1,14490909.00,2023-08-13 17:00:00,CÔNG TY TNHH THƯƠNG MẠI KỸ THUẬT DIỆP KHÁNH,Công ty TNHH MTV Huy Vũ
1529,muavao,1,5843310.00,2023-08-13 17:00:00,CÔNG TY TNHH THƯƠNG MẠI DỊCH VỤ SẢN XUẤT XUẤT NHẬP KHẨU MỰC IN VIỆT NHẬT,CÔNG TY TNHH MỘT THÀNH VIÊN HUY VŨ
141,muavao,1,3992592.00,2023-08-13 17:00:00,CÔNG TY TNHH THƯƠNG MẠI VÀ PHÁT TRIỂN CÔNG NGHỆ ĐỨC PHÁP,CÔNG TY TNHH MỘT THÀNH VIÊN HUY VŨ
51973278,muavao,1,54545.00,2023-08-11 17:00:00,NGÂN HÀNG TMCP Á CHÂU,CTY TNHH MTV HUY VU
313055,muavao,1,47074545.00,2023-08-11 17:00:00,CÔNG TY CỔ PHẦN THẾ GIỚI SỐ,Công Ty TNHH MTV Huy Vũ
18329,muavao,1,20227272.00,2023-08-11 17:00:00,CÔNG TY CỔ PHẦN TIN HỌC VIẾT SƠN,CÔNG TY TNHH MỘT THÀNH VIÊN  HUY VŨ
51202426,muavao,1,6731433.00,2023-08-10 17:00:00,NGÂN HÀNG TMCP Á CHÂU,CTY TNHH MTV HUY VU
312380,muavao,1,18829818.00,2023-08-10 17:00:00,CÔNG TY CỔ PHẦN THẾ GIỚI SỐ,Công Ty TNHH MTV Huy Vũ
312379,muavao,1,28244727.00,2023-08-10 17:00:00,CÔNG TY CỔ PHẦN THẾ GIỚI SỐ,Công Ty TNHH MTV Huy Vũ
116884,muavao,1,127644.00,2023-08-09 17:00:00,Ngân hàng TMCP Sài Gòn Thương Tín - Chi nhánh Gia Lai,CONG TY TNHH MTV HUY VU
114012,muavao,1,12909092.00,2023-08-09 17:00:00,Công ty TNHH Phân phối Synnex FPT,Công ty TNHH MTV Huy Vũ
308876,muavao,1,19620000.00,2023-08-08 17:00:00,CÔNG TY CỔ PHẦN THẾ GIỚI SỐ,Công Ty TNHH MTV Huy Vũ
6462,muavao,1,13163636.00,2023-08-08 17:00:00,CÔNG TY TNHH PHƯƠNG KHANG COMPUTER,CÔNG TY TNHH MỘT THÀNH VIÊN HUY VŨ
4800,muavao,1,5909091.00,2023-08-08 17:00:00,CÔNG TY TNHH PHÂN PHỐI CÔNG NGHỆ VÀ DỊCH VỤ MỚI RỒNG VIỆT,CÔNG TY TNHH MỘT THÀNH VIÊN HUY VŨ
265026,muavao,1,454545.00,2023-08-07 17:00:00,CÔNG TY TNHH MTV XĂNG DẦU BẮC TÂY NGUYÊN,CÔNG TY TNHH MỘT THÀNH VIÊN HUY VŨ
115867,muavao,1,19000.00,2023-08-07 17:00:00,Ngân hàng TMCP Sài Gòn Thương Tín - Chi nhánh Gia Lai,CONG TY TNHH MTV HUY VU
786,muavao,1,42381818.00,2023-08-07 17:00:00,CHI NHÁNH CÔNG TY CỔ PHẦN ĐẦU TƯ VÀ PHÁT TRIỂN CÔNG NGHỆ QUỐC GIA ADG TẠI ĐÀ NẴNG,Công Ty TNHH Một Thành Viên Huy Vũ
437484,muavao,1,245451.00,2023-08-06 17:00:00,CÔNG TY DỊCH VỤ MOBIFONE KHU VỰC 7 - CHI NHÁNH TỔNG CÔNG TY VIỄN THÔNG MOBIFONE,Công ty TNHH MTV Huy Vũ
7474,muavao,1,3700000.00,2023-08-06 17:00:00,CÔNG TY CỔ PHẦN GIẢI PHÁP TIN HỌC ÁNH DƯƠNG,CÔNG TY TNHH MỘT THÀNH VIÊN HUY VŨ
4717,muavao,1,5909091.00,2023-08-06 17:00:00,CÔNG TY TNHH PHÂN PHỐI CÔNG NGHỆ VÀ DỊCH VỤ MỚI RỒNG VIỆT,CÔNG TY TNHH MỘT THÀNH VIÊN HUY VŨ
1700,muavao,1,3090909.00,2023-08-06 17:00:00,CHI NHÁNH CÔNG TY TNHH CÔNG NGHỆ VÀ THƯƠNG MẠI Á MỸ,CÔNG TY TNHH MỘT THÀNH VIÊN HUY VŨ
1059,muavao,1,9590909.00,2023-08-06 17:00:00,CÔNG TY TNHH XUẤT NHẬP KHẨU LÊ TRẦN GIA,CÔNG TY TNHH MỘT THÀNH VIÊN HUY VŨ
4666,muavao,1,5909091.00,2023-08-04 17:00:00,CÔNG TY TNHH PHÂN PHỐI CÔNG NGHỆ VÀ DỊCH VỤ MỚI RỒNG VIỆT,CÔNG TY TNHH MỘT THÀNH VIÊN HUY VŨ
1463,muavao,1,10363637.00,2023-08-04 17:00:00,CÔNG TY CỔ PHẦN RIOTECH,CÔNG TY TNHH MỘT THÀNH VIÊN HUY VŨ
76,muavao,1,3963889.00,2023-08-04 17:00:00,CÔNG TY TNHH ĐẦU TƯ CÔNG NGHỆ TRUNG ĐÔNG,CÔNG TY TNHH MỘT THÀNH VIÊN HUY VŨ
6277,muavao,1,15772728.00,2023-08-03 17:00:00,CÔNG TY TNHH PHƯƠNG KHANG COMPUTER,CÔNG TY TNHH MỘT THÀNH VIÊN HUY VŨ
5369,muavao,1,28000.00,2023-08-03 17:00:00,Ngân hàng TMCP Sài Gòn Thương Tín - Chi nhánh Gia Lai,CONG TY TNHH MTV HUY VU
667,muavao,1,13500000.00,2023-08-03 17:00:00,CÔNG TY CỔ PHẦN ĐẦU TƯ & THƯƠNG MẠI ĐẠI PHÁT,CÔNG TY TNHH MỘT THÀNH VIÊN HUY VŨ
301301,muavao,1,27602544.00,2023-08-02 17:00:00,CÔNG TY CỔ PHẦN THẾ GIỚI SỐ,Công Ty TNHH MTV Huy Vũ
5468,muavao,1,4663636.00,2023-08-02 17:00:00,CÔNG TY CỔ PHẦN HỘI TỤ THÔNG MINH,Công ty TNHH MTV Huy Vũ
5467,muavao,1,37636364.00,2023-08-02 17:00:00,CÔNG TY CỔ PHẦN HỘI TỤ THÔNG MINH,Công ty TNHH MTV Huy Vũ
49192990,muavao,1,350000.00,2023-08-01 17:00:00,Tập đoàn Công nghiệp - Viễn thông Quân đội,Công Ty Tnhh Huy Vũ
465797,muavao,1,410215.00,2023-08-01 17:00:00,TRUNG TÂM KINH DOANH VNPT - GIA LAI - CHI NHÁNH TỔNG CÔNG TY DỊCH VỤ VIỄN THÔNG,Công Ty TNHH MTV Huy Vũ
465703,muavao,1,234626.00,2023-08-01 17:00:00,TRUNG TÂM KINH DOANH VNPT - GIA LAI - CHI NHÁNH TỔNG CÔNG TY DỊCH VỤ VIỄN THÔNG,Công Ty TNHH MTV Huy Vũ
465702,muavao,1,491260.00,2023-08-01 17:00:00,TRUNG TÂM KINH DOANH VNPT - GIA LAI - CHI NHÁNH TỔNG CÔNG TY DỊCH VỤ VIỄN THÔNG,Công Ty TNHH MTV Huy Vũ
444832,muavao,1,249636.00,2023-08-01 17:00:00,TRUNG TÂM KINH DOANH VNPT - GIA LAI - CHI NHÁNH TỔNG CÔNG TY DỊCH VỤ VIỄN THÔNG,Công Ty TNHH MTV Huy Vũ
114697,muavao,1,11381.00,2023-08-01 17:00:00,Ngân hàng TMCP Sài Gòn Thương Tín - Chi nhánh Gia Lai,CONG TY TNHH MTV HUY VU
114640,muavao,1,39454.00,2023-08-01 17:00:00,Ngân hàng TMCP Sài Gòn Thương Tín - Chi nhánh Gia Lai,CONG TY TNHH MTV HUY VU
114639,muavao,1,128544.00,2023-08-01 17:00:00,Ngân hàng TMCP Sài Gòn Thương Tín - Chi nhánh Gia Lai,CONG TY TNHH MTV HUY VU
114638,muavao,1,358826.00,2023-08-01 17:00:00,Ngân hàng TMCP Sài Gòn Thương Tín - Chi nhánh Gia Lai,CONG TY TNHH MTV HUY VU
114637,muavao,1,305069.00,2023-08-01 17:00:00,Ngân hàng TMCP Sài Gòn Thương Tín - Chi nhánh Gia Lai,CONG TY TNHH MTV HUY VU
114636,muavao,1,559451.00,2023-08-01 17:00:00,Ngân hàng TMCP Sài Gòn Thương Tín - Chi nhánh Gia Lai,CONG TY TNHH MTV HUY VU
114635,muavao,1,310390.00,2023-08-01 17:00:00,Ngân hàng TMCP Sài Gòn Thương Tín - Chi nhánh Gia Lai,CONG TY TNHH MTV HUY VU
114634,muavao,1,998072.00,2023-08-01 17:00:00,Ngân hàng TMCP Sài Gòn Thương Tín - Chi nhánh Gia Lai,CONG TY TNHH MTV HUY VU
114633,muavao,1,602770.00,2023-08-01 17:00:00,Ngân hàng TMCP Sài Gòn Thương Tín - Chi nhánh Gia Lai,CONG TY TNHH MTV HUY VU
114632,muavao,1,599520.00,2023-08-01 17:00:00,Ngân hàng TMCP Sài Gòn Thương Tín - Chi nhánh Gia Lai,CONG TY TNHH MTV HUY VU
114631,muavao,1,928028.00,2023-08-01 17:00:00,Ngân hàng TMCP Sài Gòn Thương Tín - Chi nhánh Gia Lai,CONG TY TNHH MTV HUY VU
114630,muavao,1,577850.00,2023-08-01 17:00:00,Ngân hàng TMCP Sài Gòn Thương Tín - Chi nhánh Gia Lai,CONG TY TNHH MTV HUY VU
114629,muavao,1,722314.00,2023-08-01 17:00:00,Ngân hàng TMCP Sài Gòn Thương Tín - Chi nhánh Gia Lai,CONG TY TNHH MTV HUY VU
114628,muavao,1,1214208.00,2023-08-01 17:00:00,Ngân hàng TMCP Sài Gòn Thương Tín - Chi nhánh Gia Lai,CONG TY TNHH MTV HUY VU
114627,muavao,1,1083471.00,2023-08-01 17:00:00,Ngân hàng TMCP Sài Gòn Thương Tín - Chi nhánh Gia Lai,CONG TY TNHH MTV HUY VU
114626,muavao,1,722314.00,2023-08-01 17:00:00,Ngân hàng TMCP Sài Gòn Thương Tín - Chi nhánh Gia Lai,CONG TY TNHH MTV HUY VU
114625,muavao,1,537112.00,2023-08-01 17:00:00,Ngân hàng TMCP Sài Gòn Thương Tín - Chi nhánh Gia Lai,CONG TY TNHH MTV HUY VU
114624,muavao,1,776415.00,2023-08-01 17:00:00,Ngân hàng TMCP Sài Gòn Thương Tín - Chi nhánh Gia Lai,CONG TY TNHH MTV HUY VU
114623,muavao,1,909248.00,2023-08-01 17:00:00,Ngân hàng TMCP Sài Gòn Thương Tín - Chi nhánh Gia Lai,CONG TY TNHH MTV HUY VU
114622,muavao,1,818236.00,2023-08-01 17:00:00,Ngân hàng TMCP Sài Gòn Thương Tín - Chi nhánh Gia Lai,CONG TY TNHH MTV HUY VU
114621,muavao,1,1244246.00,2023-08-01 17:00:00,Ngân hàng TMCP Sài Gòn Thương Tín - Chi nhánh Gia Lai,CONG TY TNHH MTV HUY VU
17275,muavao,1,9681819.00,2023-08-01 17:00:00,CÔNG TY CỔ PHẦN TIN HỌC VIẾT SƠN,CÔNG TY TNHH MỘT THÀNH VIÊN  HUY VŨ
127,muavao,1,860000.00,2023-08-01 17:00:00,CÔNG TY TNHH THƯƠNG MẠI VÀ DỊCH VỤ CÔNG NGHỆ VTECH,CÔNG TY TNHH MỘT THÀNH VIÊN HUY VŨ
49415554,muavao,1,3218630.00,2023-07-31 17:00:00,NGÂN HÀNG TMCP Á CHÂU,CTY TNHH MTV HUY VU
49414943,muavao,1,1518904.00,2023-07-31 17:00:00,NGÂN HÀNG TMCP Á CHÂU,CTY TNHH MTV HUY VU
49414573,muavao,1,8583014.00,2023-07-31 17:00:00,NGÂN HÀNG TMCP Á CHÂU,CTY TNHH MTV HUY VU
415558,muavao,1,274000.00,2023-07-31 17:00:00,TRUNG TÂM KINH DOANH VNPT - GIA LAI - CHI NHÁNH TỔNG CÔNG TY DỊCH VỤ VIỄN THÔNG,Công Ty TNHH MTV Huy Vũ
415516,muavao,1,20000.00,2023-07-31 17:00:00,TRUNG TÂM KINH DOANH VNPT - GIA LAI - CHI NHÁNH TỔNG CÔNG TY DỊCH VỤ VIỄN THÔNG,Công Ty TNHH MTV Huy Vũ
415468,muavao,1,24545.00,2023-07-31 17:00:00,TRUNG TÂM KINH DOANH VNPT - GIA LAI - CHI NHÁNH TỔNG CÔNG TY DỊCH VỤ VIỄN THÔNG,Công Ty  TNHH MTV Huy Vũ
415467,muavao,1,22800.00,2023-07-31 17:00:00,TRUNG TÂM KINH DOANH VNPT - GIA LAI - CHI NHÁNH TỔNG CÔNG TY DỊCH VỤ VIỄN THÔNG,Công Ty TNHH MTV  Huy Vũ
415279,muavao,1,213636.00,2023-07-31 17:00:00,TRUNG TÂM KINH DOANH VNPT - GIA LAI - CHI NHÁNH TỔNG CÔNG TY DỊCH VỤ VIỄN THÔNG,Cửa Hàng Máy Tình Trường Sơn
6102,muavao,1,21399999.00,2023-07-31 17:00:00,CÔNG TY TNHH PHƯƠNG KHANG COMPUTER,CÔNG TY TNHH MỘT THÀNH VIÊN HUY VŨ
5275,muavao,1,23000.00,2023-07-31 17:00:00,Ngân hàng TMCP Sài Gòn Thương Tín - Chi nhánh Gia Lai,CONG TY TNHH MTV HUY VU
6512,muavao,1,23000.00,2023-09-24 17:00:00,Ngân hàng TMCP Sài Gòn Thương Tín - Chi nhánh Gia Lai,CONG TY TNHH MTV HUY VU
763,muavao,1,74545455.00,2023-07-31 17:00:00,CHI NHÁNH CÔNG TY CỔ PHẦN ĐẦU TƯ VÀ PHÁT TRIỂN CÔNG NGHỆ QUỐC GIA ADG TẠI ĐÀ NẴNG,Công Ty TNHH Một Thành Viên Huy Vũ
390913,muavao,1,84354544.00,2023-09-29 17:00:00,CÔNG TY CỔ PHẦN THẾ GIỚI SỐ,Công Ty TNHH MTV Huy Vũ
146096,muavao,1,588651.00,2023-09-29 17:00:00,Ngân hàng TMCP Sài Gòn Thương Tín - Chi nhánh Gia Lai,CONG TY TNHH MTV HUY VU
36316,muavao,1,189736.00,2023-09-29 17:00:00,CÔNG TY CỔ PHẦN CÔNG NGHỆ VI MÔ,CÔNG TY TNHH MỘT THÀNH VIÊN HUY VŨ
22233,muavao,1,160000.00,2023-09-29 17:00:00,Ngân hàng Thương mại Cổ phần Đầu tư và Phát triển Việt Nam - Chi nhánh Gia Lai,CONG TY TNHH MTV HUY VU
18427,muavao,1,15127273.00,2023-09-29 17:00:00,CÔNG TY CỔ PHẦN MÁY TÍNH VĨNH XUÂN - CHI NHÁNH THÀNH PHỐ HỒ CHÍ MINH,CÔNG TY TNHH MỘT THÀNH VIÊN HUY VŨ
3865,muavao,1,153618.00,2023-09-29 17:00:00,CÔNG TY DỊCH VỤ MOBIFONE KHU VỰC 1 - CHI NHÁNH TỔNG CÔNG TY VIỄN THÔNG MOBIFONE,CÔNG TY TNHH MỘT THÀNH VIÊN HUY VŨ
146984,muavao,1,12679091.00,2023-09-28 17:00:00,Công ty TNHH Phân phối Synnex FPT,Công ty TNHH MTV Huy Vũ
146983,muavao,1,6545454.00,2023-09-28 17:00:00,Công ty TNHH Phân phối Synnex FPT,Công ty TNHH MTV Huy Vũ
15630,muavao,1,73800000.00,2023-09-28 17:00:00,CÔNG TY CỔ PHẦN ĐẦU TƯ LBM,CÔNG TY TNHH MỘT THÀNH VIÊN HUY VŨ
6648,muavao,1,40000.00,2023-09-28 17:00:00,Ngân hàng TMCP Sài Gòn Thương Tín - Chi nhánh Gia Lai,CONG TY TNHH MTV HUY VU
1912,muavao,1,15500000.00,2023-09-28 17:00:00,CÔNG TY TNHH THƯƠNG MẠI THIẾT BỊ VĂN PHÒNG THANH HÀ,CÔNG TY TNHH MỘT THÀNH VIÊN HUY VŨ
5361,muavao,1,13727273.00,2023-09-27 17:00:00,Công ty TNHH Tin Học Kim Thiên Bảo,CÔNG TY TNHH MỘT THÀNH VIÊN HUY VŨ
2083,muavao,1,7624544.00,2023-09-27 17:00:00,CÔNG TY TNHH XÂY DỰNG THƯƠNG MẠI VÀ TƯ VẤN TRÍ VIỄN,CÔNG TY TNHH MỘT THÀNH VIÊN HUY VŨ
1737,muavao,1,10930000.00,2023-09-27 17:00:00,CÔNG TY TNHH ĐẦU TƯ CÔNG NGHỆ ÂM THANH TRIỆU GIA,CÔNG TY TNHH MỘT THÀNH VIÊN HUY VŨ
945,muavao,1,122717272.00,2023-09-27 17:00:00,CHI NHÁNH CÔNG TY CỔ PHẦN ĐẦU TƯ VÀ PHÁT TRIỂN CÔNG NGHỆ QUỐC GIA ADG TẠI ĐÀ NẴNG,Công Ty TNHH Một Thành Viên Huy Vũ
944,muavao,6,124836363.00,2023-09-27 17:00:00,CHI NHÁNH CÔNG TY CỔ PHẦN ĐẦU TƯ VÀ PHÁT TRIỂN CÔNG NGHỆ QUỐC GIA ADG TẠI ĐÀ NẴNG,Công Ty TNHH Một Thành Viên Huy Vũ
386459,muavao,1,64590888.00,2023-09-26 17:00:00,CÔNG TY CỔ PHẦN THẾ GIỚI SỐ,Công Ty TNHH MTV Huy Vũ
386050,muavao,1,10818182.00,2023-09-26 17:00:00,CÔNG TY CỔ PHẦN THẾ GIỚI SỐ,Công Ty TNHH MTV Huy Vũ
143813,muavao,1,125000.00,2023-09-26 17:00:00,Ngân hàng TMCP Sài Gòn Thương Tín - Chi nhánh Gia Lai,CONG TY TNHH MTV HUY VU
100179,muavao,1,6854545.00,2023-09-26 17:00:00,CÔNG TY CỔ PHẦN DỊCH VỤ PHÂN PHỐI TỔNG HỢP DẦU KHÍ,Công ty TNHH  Một Thành Viên Huy Vũ
100102,muavao,6,17127272.00,2023-09-26 17:00:00,CÔNG TY CỔ PHẦN DỊCH VỤ PHÂN PHỐI TỔNG HỢP DẦU KHÍ,Công ty TNHH  Một Thành Viên Huy Vũ
6586,muavao,1,40000.00,2023-09-26 17:00:00,Ngân hàng TMCP Sài Gòn Thương Tín - Chi nhánh Gia Lai,CONG TY TNHH MTV HUY VU
385539,muavao,1,131409060.00,2023-09-25 17:00:00,CÔNG TY CỔ PHẦN THẾ GIỚI SỐ,Công Ty TNHH MTV Huy Vũ
100009,muavao,1,30272728.00,2023-09-25 17:00:00,CÔNG TY CỔ PHẦN DỊCH VỤ PHÂN PHỐI TỔNG HỢP DẦU KHÍ,Công ty TNHH  Một Thành Viên Huy Vũ
100003,muavao,1,18181818.00,2023-09-25 17:00:00,CÔNG TY CỔ PHẦN DỊCH VỤ PHÂN PHỐI TỔNG HỢP DẦU KHÍ,Công ty TNHH  Một Thành Viên Huy Vũ
1412,muavao,1,4681818.00,2023-09-25 17:00:00,CÔNG TY TNHH XUẤT NHẬP KHẨU LÊ TRẦN GIA,CÔNG TY TNHH MỘT THÀNH VIÊN HUY VŨ
287,muavao,1,6106364.00,2023-09-25 17:00:00,CÔNG TY TNHH ĐIỆN TỬ TIN HỌC KIM PHÁT,Công Ty Trách Nhiệm Hữu Hạn một thành viên Huy Vũ
384342,muavao,1,56489454.00,2023-09-24 17:00:00,CÔNG TY CỔ PHẦN THẾ GIỚI SỐ,Công Ty TNHH MTV Huy Vũ
383920,muavao,1,106232715.00,2023-09-24 17:00:00,CÔNG TY CỔ PHẦN THẾ GIỚI SỐ,Công Ty TNHH MTV Huy Vũ
141969,muavao,1,19000.00,2023-09-24 17:00:00,Ngân hàng TMCP Sài Gòn Thương Tín - Chi nhánh Gia Lai,CONG TY TNHH MTV HUY VU
7642,muavao,1,6272727.00,2023-09-24 17:00:00,CÔNG TY TNHH THƯƠNG MẠI DỊCH VỤ TIN HỌC ANH PHƯƠNG A.P.C.O.M,CÔNG TY TNHH MỘT THÀNH VIÊN HUY VŨ
6511,muavao,1,60000.00,2023-09-24 17:00:00,Ngân hàng TMCP Sài Gòn Thương Tín - Chi nhánh Gia Lai,CONG TY TNHH MTV HUY VU
8531,muavao,1,11200000.00,2023-09-22 17:00:00,CÔNG TY TNHH PHƯƠNG KHANG COMPUTER,CÔNG TY TNHH MỘT THÀNH VIÊN HUY VŨ
382485,muavao,1,30227270.00,2023-09-21 17:00:00,CÔNG TY CỔ PHẦN THẾ GIỚI SỐ,Công Ty TNHH MTV Huy Vũ
382484,muavao,1,30227270.00,2023-09-21 17:00:00,CÔNG TY CỔ PHẦN THẾ GIỚI SỐ,Công Ty TNHH MTV Huy Vũ
1706,muavao,1,9090909.00,2023-09-21 17:00:00,CÔNG TY CỔ PHẦN RIOTECH,CÔNG TY TNHH MỘT THÀNH VIÊN HUY VŨ
920,muavao,1,62418182.00,2023-09-21 17:00:00,CHI NHÁNH CÔNG TY CỔ PHẦN ĐẦU TƯ VÀ PHÁT TRIỂN CÔNG NGHỆ QUỐC GIA ADG TẠI ĐÀ NẴNG,Công Ty TNHH Một Thành Viên Huy Vũ
142290,muavao,1,10790911.00,2023-09-20 17:00:00,Công ty TNHH Phân phối Synnex FPT,Công ty TNHH MTV Huy Vũ
142289,muavao,1,4918182.00,2023-09-20 17:00:00,Công ty TNHH Phân phối Synnex FPT,Công ty TNHH MTV Huy Vũ
140211,muavao,1,200570.00,2023-09-20 17:00:00,Ngân hàng TMCP Sài Gòn Thương Tín - Chi nhánh Gia Lai,CONG TY TNHH MTV HUY VU
6458,muavao,1,23000.00,2023-09-20 17:00:00,Ngân hàng TMCP Sài Gòn Thương Tín - Chi nhánh Gia Lai,CONG TY TNHH MTV HUY VU
6457,muavao,1,23000.00,2023-09-20 17:00:00,Ngân hàng TMCP Sài Gòn Thương Tín - Chi nhánh Gia Lai,CONG TY TNHH MTV HUY VU
6456,muavao,1,23000.00,2023-09-20 17:00:00,Ngân hàng TMCP Sài Gòn Thương Tín - Chi nhánh Gia Lai,CONG TY TNHH MTV HUY VU
2064,muavao,1,3250000.00,2023-09-20 17:00:00,CHI NHÁNH CÔNG TY TNHH CÔNG NGHỆ VÀ THƯƠNG MẠI Á MỸ,CÔNG TY TNHH MỘT THÀNH VIÊN HUY VŨ
2063,muavao,1,1259259.00,2023-09-20 17:00:00,CHI NHÁNH CÔNG TY TNHH CÔNG NGHỆ VÀ THƯƠNG MẠI Á MỸ,CÔNG TY TNHH MỘT THÀNH VIÊN HUY VŨ
80210,muavao,1,6263636.00,2023-09-19 17:00:00,CÔNG TY TNHH KỸ NGHỆ PHÚC ANH,CÔNG TY TNHH MTV HUY VŨ
1815,muavao,1,12000000.00,2023-09-19 17:00:00,CÔNG TY TNHH THƯƠNG MẠI THIẾT BỊ VĂN PHÒNG THANH HÀ,CÔNG TY TNHH MỘT THÀNH VIÊN HUY VŨ
26,muavao,1,2600000.00,2023-09-19 17:00:00,CÔNG TY TNHH KỸ THUẬT CÔNG NGHỆ HẢI SƠN,CÔNG TY TNHH MỘT THÀNH VIÊN HUY VŨ
139161,muavao,1,421918.00,2023-09-18 17:00:00,Ngân hàng TMCP Sài Gòn Thương Tín - Chi nhánh Gia Lai,CONG TY TNHH MTV HUY VU
139160,muavao,1,338779.00,2023-09-18 17:00:00,Ngân hàng TMCP Sài Gòn Thương Tín - Chi nhánh Gia Lai,CONG TY TNHH MTV HUY VU
139159,muavao,1,254787.00,2023-09-18 17:00:00,Ngân hàng TMCP Sài Gòn Thương Tín - Chi nhánh Gia Lai,CONG TY TNHH MTV HUY VU
139152,muavao,1,532519.00,2023-09-18 17:00:00,Ngân hàng TMCP Sài Gòn Thương Tín - Chi nhánh Gia Lai,CONG TY TNHH MTV HUY VU
6810,muavao,1,7690909.00,2023-09-18 17:00:00,CÔNG TY CỔ PHẦN HỘI TỤ THÔNG MINH,Công ty TNHH MTV Huy Vũ
6397,muavao,1,23000.00,2023-09-18 17:00:00,Ngân hàng TMCP Sài Gòn Thương Tín - Chi nhánh Gia Lai,CONG TY TNHH MTV HUY VU
6396,muavao,1,15000.00,2023-09-18 17:00:00,Ngân hàng TMCP Sài Gòn Thương Tín - Chi nhánh Gia Lai,CONG TY TNHH MTV HUY VU
6395,muavao,1,23000.00,2023-09-18 17:00:00,Ngân hàng TMCP Sài Gòn Thương Tín - Chi nhánh Gia Lai,CONG TY TNHH MTV HUY VU
6385,muavao,1,20000.00,2023-09-18 17:00:00,Ngân hàng TMCP Sài Gòn Thương Tín - Chi nhánh Gia Lai,CONG TY TNHH MTV HUY VU
5955,muavao,1,8231818.00,2023-09-18 17:00:00,CÔNG TY TNHH PHÂN PHỐI CÔNG NGHỆ VÀ DỊCH VỤ MỚI RỒNG VIỆT,CÔNG TY TNHH MỘT THÀNH VIÊN HUY VŨ
2052,muavao,1,2690909.00,2023-09-18 17:00:00,CHI NHÁNH CÔNG TY TNHH CÔNG NGHỆ VÀ THƯƠNG MẠI Á MỸ,CÔNG TY TNHH MỘT THÀNH VIÊN HUY VŨ
1483,muavao,1,97272727.00,2023-09-18 17:00:00,CÔNG TY TNHH ĐẦU TƯ VÀ PHÁT TRIỂN CÔNG NGHỆ MINH QUÂN,CÔNG TY TNHH MỘT THÀNH VIÊN HUY VŨ
157,muavao,1,4320000.00,2023-09-18 17:00:00,CÔNG TY TNHH FINTECS,CÔNG TY TNHH MỘT THÀNH VIÊN HUY VŨ
6359,muavao,1,40000.00,2023-09-17 17:00:00,Ngân hàng TMCP Sài Gòn Thương Tín - Chi nhánh Gia Lai,CONG TY TNHH MTV HUY VU
6358,muavao,1,23000.00,2023-09-17 17:00:00,Ngân hàng TMCP Sài Gòn Thương Tín - Chi nhánh Gia Lai,CONG TY TNHH MTV HUY VU
6357,muavao,1,40000.00,2023-09-17 17:00:00,Ngân hàng TMCP Sài Gòn Thương Tín - Chi nhánh Gia Lai,CONG TY TNHH MTV HUY VU
3961,muavao,1,11618122.00,2023-09-17 17:00:00,CÔNG TY TNHH PHÂN PHỐI PHƯƠNG VIỆT,CÔNG TY TNHH MỘT THÀNH VIÊN HUY VŨ
305,muavao,1,668182.00,2023-09-17 17:00:00,CÔNG TY TNHH THƯƠNG MẠI & DỊCH VỤ ĐẠI SƠN,CÔNG TY TNHH MỘT THÀNH VIÊN HUY VŨ
311610,muavao,1,454545.00,2023-09-15 17:00:00,CÔNG TY TNHH MTV XĂNG DẦU BẮC TÂY NGUYÊN,CÔNG TY TNHH MỘT THÀNH VIÊN HUY VŨ
15228,muavao,1,13090910.00,2023-09-14 17:00:00,CÔNG TY CỔ PHẦN CÔNG NGHỆ ELITE,CÔNG TY TNHH MTV HUY VŨ
9286,muavao,1,185000.00,2023-09-14 17:00:00,CÔNG TY CỔ PHẦN GIẢI PHÁP TIN HỌC ÁNH DƯƠNG,CÔNG TY TNHH MỘT THÀNH VIÊN HUY VŨ
5045,muavao,1,5318182.00,2023-09-13 17:00:00,Công ty TNHH Tin Học Kim Thiên Bảo,CÔNG TY TNHH MỘT THÀNH VIÊN HUY VŨ
2423,muavao,1,3200000.00,2023-09-13 17:00:00,CÔNG TY TNHH GIẢI PHÁP FINGERTAS,CÔNG TY TNHH MỘT THÀNH VIÊN HUY VŨ
878,muavao,1,13500000.00,2023-09-13 17:00:00,CÔNG TY CỔ PHẦN ĐẦU TƯ & THƯƠNG MẠI ĐẠI PHÁT,CÔNG TY TNHH MỘT THÀNH VIÊN HUY VŨ
290,muavao,1,18090909.00,2023-09-13 17:00:00,CÔNG TY TNHH MỘT THÀNH VIÊN NGUYỄN HỮU ĐẠT,CÔNG TY TNHH MỘT THÀNH VIÊN HUY VŨ
361258,muavao,1,110540908.00,2023-09-12 17:00:00,CÔNG TY CỔ PHẦN THẾ GIỚI SỐ,Công Ty TNHH MTV Huy Vũ
8034,muavao,1,17681819.00,2023-09-12 17:00:00,CÔNG TY TNHH PHƯƠNG KHANG COMPUTER,CÔNG TY TNHH MỘT THÀNH VIÊN HUY VŨ
275,muavao,1,2489999.00,2023-09-12 17:00:00,CÔNG TY TNHH ĐIỆN TỬ TIN HỌC KIM PHÁT,Công Ty Trách Nhiệm Hữu Hạn một thành viên Huy Vũ
7920,muavao,1,1263636.00,2023-09-11 17:00:00,CÔNG TY TNHH PHƯƠNG KHANG COMPUTER,CÔNG TY TNHH MỘT THÀNH VIÊN HUY VŨ
2010,muavao,1,694444.00,2023-09-11 17:00:00,CHI NHÁNH CÔNG TY TNHH CÔNG NGHỆ VÀ THƯƠNG MẠI Á MỸ,CÔNG TY TNHH MỘT THÀNH VIÊN HUY VŨ
1292,muavao,1,4636364.00,2023-09-11 17:00:00,CÔNG TY TNHH XUẤT NHẬP KHẨU LÊ TRẦN GIA,CÔNG TY TNHH MỘT THÀNH VIÊN HUY VŨ
875,muavao,1,2315741.00,2023-09-11 17:00:00,Công Ty TNHH Công Nghệ Và Thương Mại Mai Khanh,Công Ty TNHH MTV Huy Vũ
58889004,muavao,1,20273151.00,2023-09-10 17:00:00,NGÂN HÀNG TMCP Á CHÂU,CTY TNHH MTV HUY VU
133902,muavao,1,352776.00,2023-09-10 17:00:00,Ngân hàng TMCP Sài Gòn Thương Tín - Chi nhánh Gia Lai,CONG TY TNHH MTV HUY VU
6430,muavao,1,32931818.00,2023-09-10 17:00:00,CÔNG TY CỔ PHẦN HỘI TỤ THÔNG MINH,Công ty TNHH MTV Huy Vũ
6139,muavao,1,19000.00,2023-09-10 17:00:00,Ngân hàng TMCP Sài Gòn Thương Tín - Chi nhánh Gia Lai,CONG TY TNHH MTV HUY VU
6138,muavao,1,19000.00,2023-09-10 17:00:00,Ngân hàng TMCP Sài Gòn Thương Tín - Chi nhánh Gia Lai,CONG TY TNHH MTV HUY VU
1994,muavao,1,1872728.00,2023-09-10 17:00:00,CHI NHÁNH CÔNG TY TNHH CÔNG NGHỆ VÀ THƯƠNG MẠI Á MỸ,CÔNG TY TNHH MỘT THÀNH VIÊN HUY VŨ
881,muavao,1,29747273.00,2023-09-10 17:00:00,CHI NHÁNH CÔNG TY CỔ PHẦN ĐẦU TƯ VÀ PHÁT TRIỂN CÔNG NGHỆ QUỐC GIA ADG TẠI ĐÀ NẴNG,Công Ty TNHH Một Thành Viên Huy Vũ
58056452,muavao,1,54545.00,2023-09-08 17:00:00,NGÂN HÀNG TMCP Á CHÂU,CTY TNHH MTV HUY VU
20691,muavao,1,20454540.00,2023-09-08 17:00:00,CÔNG TY CỔ PHẦN TIN HỌC VIẾT SƠN,CÔNG TY TNHH MỘT THÀNH VIÊN  HUY VŨ
1234,muavao,1,13636364.00,2023-09-08 17:00:00,CHI NHÁNH CÔNG TY CỔ PHẦN HUETRONICS (TỈNH THỪA THIÊN HUẾ),CÔNG TY TNHH MỘT THÀNH VIÊN HUY VŨ
8449,muavao,1,6409091.00,2023-09-07 17:00:00,CÔNG TY CỔ PHẦN THIẾT BỊ VĂN PHÒNG NGUYỄN ĐỨC,CÔNG TY TNHH MTV HUY VŨ
7810,muavao,1,7500000.00,2023-09-07 17:00:00,CÔNG TY TNHH PHƯƠNG KHANG COMPUTER,CÔNG TY TNHH MỘT THÀNH VIÊN HUY VŨ
6124,muavao,1,69000.00,2023-09-07 17:00:00,Ngân hàng TMCP Sài Gòn Thương Tín - Chi nhánh Gia Lai,CONG TY TNHH MTV HUY VU
270,muavao,1,1018182.00,2023-09-07 17:00:00,CÔNG TY TNHH ĐIỆN TỬ TIN HỌC KIM PHÁT,Công Ty Trách Nhiệm Hữu Hạn một thành viên Huy Vũ
132995,muavao,1,155468.00,2023-09-06 17:00:00,Ngân hàng TMCP Sài Gòn Thương Tín - Chi nhánh Gia Lai,CONG TY TNHH MTV HUY VU
132993,muavao,1,137620.00,2023-09-06 17:00:00,Ngân hàng TMCP Sài Gòn Thương Tín - Chi nhánh Gia Lai,CONG TY TNHH MTV HUY VU
6084,muavao,1,23000.00,2023-09-06 17:00:00,Ngân hàng TMCP Sài Gòn Thương Tín - Chi nhánh Gia Lai,CONG TY TNHH MTV HUY VU
6083,muavao,1,23000.00,2023-09-06 17:00:00,Ngân hàng TMCP Sài Gòn Thương Tín - Chi nhánh Gia Lai,CONG TY TNHH MTV HUY VU
6082,muavao,1,23000.00,2023-09-06 17:00:00,Ngân hàng TMCP Sài Gòn Thương Tín - Chi nhánh Gia Lai,CONG TY TNHH MTV HUY VU
1751,muavao,1,1500000.00,2023-09-06 17:00:00,CÔNG TY TNHH THƯƠNG MẠI DỊCH VỤ SẢN XUẤT XUẤT NHẬP KHẨU MỰC IN VIỆT NHẬT,CÔNG TY TNHH MỘT THÀNH VIÊN HUY VŨ
1268,muavao,1,9272727.00,2023-09-06 17:00:00,CÔNG TY TNHH XUẤT NHẬP KHẨU LÊ TRẦN GIA,CÔNG TY TNHH MỘT THÀNH VIÊN HUY VŨ
1225,muavao,1,6363636.00,2023-09-06 17:00:00,CHI NHÁNH CÔNG TY CỔ PHẦN HUETRONICS (TỈNH THỪA THIÊN HUẾ),CÔNG TY TNHH MỘT THÀNH VIÊN HUY VŨ
872,muavao,1,28909091.00,2023-09-06 17:00:00,CHI NHÁNH CÔNG TY CỔ PHẦN ĐẦU TƯ VÀ PHÁT TRIỂN CÔNG NGHỆ QUỐC GIA ADG TẠI ĐÀ NẴNG,Công Ty TNHH Một Thành Viên Huy Vũ
283,muavao,1,636364.00,2023-09-06 17:00:00,CÔNG TY TNHH THƯƠNG MẠI & DỊCH VỤ ĐẠI SƠN,CÔNG TY TNHH MỘT THÀNH VIÊN HUY VŨ
526716,muavao,1,234545.00,2023-09-05 17:00:00,CÔNG TY DỊCH VỤ MOBIFONE KHU VỰC 7 - CHI NHÁNH TỔNG CÔNG TY VIỄN THÔNG MOBIFONE,Công ty TNHH MTV Huy Vũ
350930,muavao,1,977270.00,2023-09-05 17:00:00,CÔNG TY CỔ PHẦN THẾ GIỚI SỐ,Công Ty TNHH MTV Huy Vũ
350837,muavao,1,24436275.00,2023-09-05 17:00:00,CÔNG TY CỔ PHẦN THẾ GIỚI SỐ,Công Ty TNHH MTV Huy Vũ
1257,muavao,6,9272727.00,2023-09-05 17:00:00,CÔNG TY TNHH XUẤT NHẬP KHẨU LÊ TRẦN GIA,CÔNG TY TNHH MỘT THÀNH VIÊN HUY VŨ
870,muavao,1,29747273.00,2023-09-05 17:00:00,CHI NHÁNH CÔNG TY CỔ PHẦN ĐẦU TƯ VÀ PHÁT TRIỂN CÔNG NGHỆ QUỐC GIA ADG TẠI ĐÀ NẴNG,Công Ty TNHH Một Thành Viên Huy Vũ
130700,muavao,1,151643.00,2023-09-04 17:00:00,Ngân hàng TMCP Sài Gòn Thương Tín - Chi nhánh Gia Lai,CONG TY TNHH MTV HUY VU
6023,muavao,1,69000.00,2023-09-04 17:00:00,Ngân hàng TMCP Sài Gòn Thương Tín - Chi nhánh Gia Lai,CONG TY TNHH MTV HUY VU
862,muavao,1,14873636.00,2023-09-04 17:00:00,CHI NHÁNH CÔNG TY CỔ PHẦN ĐẦU TƯ VÀ PHÁT TRIỂN CÔNG NGHỆ QUỐC GIA ADG TẠI ĐÀ NẴNG,Công Ty TNHH Một Thành Viên Huy Vũ
2338,muavao,1,3769091.00,2023-09-03 17:00:00,CÔNG TY TRÁCH NHIỆM HỮU HẠN MỘT THÀNH VIÊN THIÊN THANH G.A,CÔNG TY TNHH MỘT THÀNH VIÊN HUY VŨ
69480497,muavao,1,350000.00,2023-09-01 17:00:00,Tập đoàn Công nghiệp - Viễn thông Quân đội,Công Ty Tnhh Huy Vũ
529255,muavao,1,408634.00,2023-08-31 17:00:00,TRUNG TÂM KINH DOANH VNPT - GIA LAI - CHI NHÁNH TỔNG CÔNG TY DỊCH VỤ VIỄN THÔNG,Công Ty TNHH MTV Huy Vũ
529161,muavao,1,246021.00,2023-08-31 17:00:00,TRUNG TÂM KINH DOANH VNPT - GIA LAI - CHI NHÁNH TỔNG CÔNG TY DỊCH VỤ VIỄN THÔNG,Công Ty TNHH MTV Huy Vũ
529160,muavao,1,496989.00,2023-08-31 17:00:00,TRUNG TÂM KINH DOANH VNPT - GIA LAI - CHI NHÁNH TỔNG CÔNG TY DỊCH VỤ VIỄN THÔNG,Công Ty TNHH MTV Huy Vũ
506618,muavao,1,249636.00,2023-08-31 17:00:00,TRUNG TÂM KINH DOANH VNPT - GIA LAI - CHI NHÁNH TỔNG CÔNG TY DỊCH VỤ VIỄN THÔNG,Công Ty TNHH MTV Huy Vũ
7366,muavao,1,23000.00,2023-10-29 17:00:00,Ngân hàng TMCP Sài Gòn Thương Tín - Chi nhánh Gia Lai,CONG TY TNHH MTV HUY VU
477559,muavao,1,274000.00,2023-08-31 17:00:00,TRUNG TÂM KINH DOANH VNPT - GIA LAI - CHI NHÁNH TỔNG CÔNG TY DỊCH VỤ VIỄN THÔNG,Công Ty TNHH MTV Huy Vũ
477518,muavao,1,20000.00,2023-08-31 17:00:00,TRUNG TÂM KINH DOANH VNPT - GIA LAI - CHI NHÁNH TỔNG CÔNG TY DỊCH VỤ VIỄN THÔNG,Công Ty TNHH MTV Huy Vũ
477470,muavao,1,24545.00,2023-08-31 17:00:00,TRUNG TÂM KINH DOANH VNPT - GIA LAI - CHI NHÁNH TỔNG CÔNG TY DỊCH VỤ VIỄN THÔNG,Công Ty  TNHH MTV Huy Vũ
477469,muavao,1,23600.00,2023-08-31 17:00:00,TRUNG TÂM KINH DOANH VNPT - GIA LAI - CHI NHÁNH TỔNG CÔNG TY DỊCH VỤ VIỄN THÔNG,Công Ty TNHH MTV  Huy Vũ
477287,muavao,1,213636.00,2023-08-31 17:00:00,TRUNG TÂM KINH DOANH VNPT - GIA LAI - CHI NHÁNH TỔNG CÔNG TY DỊCH VỤ VIỄN THÔNG,Cửa Hàng Máy Tình Trường Sơn
163148,muavao,1,6463636.00,2023-10-30 17:00:00,Công ty TNHH Phân phối Synnex FPT,Công ty TNHH MTV Huy Vũ
118937,muavao,1,14230909.00,2023-10-30 17:00:00,CHI NHÁNH CÔNG TY CỔ PHẦN THẾ GIỚI SỐ,Công Ty TNHH MTV Huy Vũ
111309,muavao,1,15000000.00,2023-10-30 17:00:00,CÔNG TY CỔ PHẦN DỊCH VỤ PHÂN PHỐI TỔNG HỢP DẦU KHÍ,Công ty TNHH  Một Thành Viên Huy Vũ
26681,muavao,1,8000.00,2023-10-30 17:00:00,Ngân hàng Thương mại Cổ phần Đầu tư và Phát triển Việt Nam - Chi nhánh Gia Lai,CONG TY TNHH MTV HUY VU
4636,muavao,1,53150000.00,2023-10-30 17:00:00,CHI NHÁNH CÔNG TY CỔ PHẦN THẾ GIỚI SỐ TẠI ĐÀ NẴNG,Công Ty TNHH MTV Huy Vũ
4286,muavao,1,169155.00,2023-10-30 17:00:00,CÔNG TY DỊCH VỤ MOBIFONE KHU VỰC 1 - CHI NHÁNH TỔNG CÔNG TY VIỄN THÔNG MOBIFONE,CÔNG TY TNHH MỘT THÀNH VIÊN HUY VŨ
4285,muavao,1,153618.00,2023-10-30 17:00:00,CÔNG TY DỊCH VỤ MOBIFONE KHU VỰC 1 - CHI NHÁNH TỔNG CÔNG TY VIỄN THÔNG MOBIFONE,CÔNG TY TNHH MỘT THÀNH VIÊN HUY VŨ
1155,muavao,1,7500000.00,2023-10-30 17:00:00,CÔNG TY CỔ PHẦN ĐẦU TƯ & THƯƠNG MẠI ĐẠI PHÁT,CÔNG TY TNHH MỘT THÀNH VIÊN HUY VŨ
162856,muavao,1,840479.00,2023-10-29 17:00:00,Ngân hàng TMCP Sài Gòn Thương Tín - Chi nhánh Gia Lai,CONG TY TNHH MTV HUY VU
162750,muavao,1,888048.00,2023-10-29 17:00:00,Ngân hàng TMCP Sài Gòn Thương Tín - Chi nhánh Gia Lai,CONG TY TNHH MTV HUY VU
10177,muavao,1,3181818.00,2023-10-29 17:00:00,CÔNG TY CỔ PHẦN THIẾT BỊ VĂN PHÒNG NGUYỄN ĐỨC,CÔNG TY TNHH MTV HUY VŨ
10149,muavao,1,15381818.00,2023-10-29 17:00:00,CÔNG TY TNHH PHƯƠNG KHANG COMPUTER,CÔNG TY TNHH MỘT THÀNH VIÊN HUY VŨ
7368,muavao,1,23000.00,2023-10-29 17:00:00,Ngân hàng TMCP Sài Gòn Thương Tín - Chi nhánh Gia Lai,CONG TY TNHH MTV HUY VU
7367,muavao,1,23000.00,2023-10-29 17:00:00,Ngân hàng TMCP Sài Gòn Thương Tín - Chi nhánh Gia Lai,CONG TY TNHH MTV HUY VU
1091,muavao,6,0.00,2023-10-29 17:00:00,Công Ty TNHH Công Nghệ Và Thương Mại Mai Khanh,Công Ty TNHH MTV Huy Vũ
320,muavao,1,3327273.00,2023-10-27 17:00:00,CÔNG TY TNHH ĐIỆN TỬ TIN HỌC KIM PHÁT,Công Ty Trách Nhiệm Hữu Hạn một thành viên Huy Vũ
161570,muavao,1,125000.00,2023-10-26 17:00:00,Ngân hàng TMCP Sài Gòn Thương Tín - Chi nhánh Gia Lai,CONG TY TNHH MTV HUY VU
1925,muavao,1,1909091.00,2023-10-26 17:00:00,CÔNG TY CỔ PHẦN RIOTECH,CÔNG TY TNHH MỘT THÀNH VIÊN HUY VŨ
1922,muavao,1,10727273.00,2023-10-26 17:00:00,CÔNG TY CỔ PHẦN RIOTECH,CÔNG TY TNHH MỘT THÀNH VIÊN HUY VŨ
160336,muavao,1,688246.00,2023-10-25 17:00:00,Ngân hàng TMCP Sài Gòn Thương Tín - Chi nhánh Gia Lai,CONG TY TNHH MTV HUY VU
11302,muavao,1,370000.00,2023-10-25 17:00:00,CÔNG TY CỔ PHẦN GIẢI PHÁP TIN HỌC ÁNH DƯƠNG,CÔNG TY TNHH MỘT THÀNH VIÊN HUY VŨ
9976,muavao,1,19000000.00,2023-10-25 17:00:00,CÔNG TY TNHH PHƯƠNG KHANG COMPUTER,CÔNG TY TNHH MỘT THÀNH VIÊN HUY VŨ
7285,muavao,1,23000.00,2023-10-25 17:00:00,Ngân hàng TMCP Sài Gòn Thương Tín - Chi nhánh Gia Lai,CONG TY TNHH MTV HUY VU
7284,muavao,1,23000.00,2023-10-25 17:00:00,Ngân hàng TMCP Sài Gòn Thương Tín - Chi nhánh Gia Lai,CONG TY TNHH MTV HUY VU
2877,muavao,1,3450000.00,2023-10-25 17:00:00,CÔNG TY TNHH GIẢI PHÁP FINGERTAS,CÔNG TY TNHH MỘT THÀNH VIÊN HUY VŨ
19703,muavao,1,0.00,2023-10-24 17:00:00,CÔNG TY CỔ PHẦN MÁY TÍNH VĨNH XUÂN - CHI NHÁNH THÀNH PHỐ HỒ CHÍ MINH,CÔNG TY TNHH MỘT THÀNH VIÊN HUY VŨ
2404,muavao,1,7354545.00,2023-10-24 17:00:00,CHI NHÁNH CÔNG TY TNHH CÔNG NGHỆ VÀ THƯƠNG MẠI Á MỸ,CÔNG TY TNHH MỘT THÀNH VIÊN HUY VŨ
1584,muavao,1,9272727.00,2023-10-24 17:00:00,CÔNG TY TNHH XUẤT NHẬP KHẨU LÊ TRẦN GIA,CÔNG TY TNHH MỘT THÀNH VIÊN HUY VŨ
1114,muavao,1,8300000.00,2023-10-24 17:00:00,CÔNG TY CỔ PHẦN ĐẦU TƯ & THƯƠNG MẠI ĐẠI PHÁT,CÔNG TY TNHH MỘT THÀNH VIÊN HUY VŨ
357578,muavao,1,454545.00,2023-10-23 17:00:00,CÔNG TY TNHH MTV XĂNG DẦU BẮC TÂY NGUYÊN,CÔNG TY TNHH MỘT THÀNH VIÊN HUY VŨ
146757,muavao,1,458031.00,2023-10-01 17:00:00,Ngân hàng TMCP Sài Gòn Thương Tín - Chi nhánh Gia Lai,CONG TY TNHH MTV HUY VU
9888,muavao,1,1345455.00,2023-10-23 17:00:00,CÔNG TY TNHH PHƯƠNG KHANG COMPUTER,CÔNG TY TNHH MỘT THÀNH VIÊN HUY VŨ
5409,muavao,1,31481818.00,2023-10-23 17:00:00,CÔNG TY CỔ PHẦN MÁY TÍNH VĨNH XUÂN - CHI NHÁNH ĐÀ NẴNG,CÔNG TY TNHH MỘT THÀNH VIÊN HUY VŨ
4485,muavao,1,53150000.00,2023-10-23 17:00:00,CHI NHÁNH CÔNG TY CỔ PHẦN THẾ GIỚI SỐ TẠI ĐÀ NẴNG,Công Ty TNHH MTV Huy Vũ
2366,muavao,1,15354546.00,2023-10-23 17:00:00,CÔNG TY TNHH THƯƠNG MẠI KỸ THUẬT DIỆP KHÁNH,Công ty TNHH MTV Huy Vũ
1050,muavao,1,53959091.00,2023-10-23 17:00:00,CHI NHÁNH CÔNG TY CỔ PHẦN ĐẦU TƯ VÀ PHÁT TRIỂN CÔNG NGHỆ QUỐC GIA ADG TẠI ĐÀ NẴNG,Công Ty TNHH Một Thành Viên Huy Vũ
181,muavao,1,3440727.00,2023-10-23 17:00:00,CÔNG TY TNHH FINTECS,CÔNG TY TNHH MỘT THÀNH VIÊN HUY VŨ
17480,muavao,1,73800000.00,2023-10-22 17:00:00,CÔNG TY CỔ PHẦN ĐẦU TƯ LBM,CÔNG TY TNHH MỘT THÀNH VIÊN HUY VŨ
8756,muavao,1,4418184.00,2023-10-22 17:00:00,Công Ty TNHH Công Nghệ Thông Tin An Phát,CÔNG TY TNHH MỘT THÀNH VIÊN HUY VŨ
7203,muavao,1,40000.00,2023-10-22 17:00:00,Ngân hàng TMCP Sài Gòn Thương Tín - Chi nhánh Gia Lai,CONG TY TNHH MTV HUY VU
2183,muavao,1,504546.00,2023-10-22 17:00:00,CÔNG TY TNHH THƯƠNG MẠI DỊCH VỤ SẢN XUẤT XUẤT NHẬP KHẨU MỰC IN VIỆT NHẬT,CÔNG TY TNHH MỘT THÀNH VIÊN HUY VŨ
215136,muavao,1,1900000.00,2023-10-20 17:00:00,Chi nhánh Công ty TNHH phân phối Synnex FPT,Công ty TNHH MTV Huy Vũ
215042,muavao,1,16179090.00,2023-10-19 17:00:00,Chi nhánh Công ty TNHH phân phối Synnex FPT,Công ty TNHH MTV Huy Vũ
159009,muavao,1,4309092.00,2023-10-19 17:00:00,Công ty TNHH Phân phối Synnex FPT,Công ty TNHH MTV Huy Vũ
157033,muavao,1,295342.00,2023-10-19 17:00:00,Ngân hàng TMCP Sài Gòn Thương Tín - Chi nhánh Gia Lai,CONG TY TNHH MTV HUY VU
157030,muavao,1,181297.00,2023-10-19 17:00:00,Ngân hàng TMCP Sài Gòn Thương Tín - Chi nhánh Gia Lai,CONG TY TNHH MTV HUY VU
108499,muavao,1,4909091.00,2023-10-19 17:00:00,CÔNG TY CỔ PHẦN DỊCH VỤ PHÂN PHỐI TỔNG HỢP DẦU KHÍ,Công ty TNHH  Một Thành Viên Huy Vũ
19408,muavao,1,13857273.00,2023-10-19 17:00:00,CÔNG TY CỔ PHẦN MÁY TÍNH VĨNH XUÂN - CHI NHÁNH THÀNH PHỐ HỒ CHÍ MINH,CÔNG TY TNHH MỘT THÀNH VIÊN HUY VŨ
8683,muavao,1,5836362.00,2023-10-19 17:00:00,Công Ty TNHH Công Nghệ Thông Tin An Phát,CÔNG TY TNHH MỘT THÀNH VIÊN HUY VŨ
7155,muavao,1,23000.00,2023-10-19 17:00:00,Ngân hàng TMCP Sài Gòn Thương Tín - Chi nhánh Gia Lai,CONG TY TNHH MTV HUY VU
7154,muavao,1,23000.00,2023-10-19 17:00:00,Ngân hàng TMCP Sài Gòn Thương Tín - Chi nhánh Gia Lai,CONG TY TNHH MTV HUY VU
7153,muavao,1,23000.00,2023-10-19 17:00:00,Ngân hàng TMCP Sài Gòn Thương Tín - Chi nhánh Gia Lai,CONG TY TNHH MTV HUY VU
5333,muavao,1,5372727.00,2023-10-19 17:00:00,CÔNG TY CỔ PHẦN ĐẦU TƯ PHÁT TRIỂN CÔNG NGHỆ ROBO,CÔNG TY TNHH MỘT THÀNH VIÊN HUY VŨ
1032,muavao,1,8650000.00,2023-10-19 17:00:00,CHI NHÁNH CÔNG TY CỔ PHẦN ĐẦU TƯ VÀ PHÁT TRIỂN CÔNG NGHỆ QUỐC GIA ADG TẠI ĐÀ NẴNG,Công Ty TNHH Một Thành Viên Huy Vũ
1031,muavao,1,8650000.00,2023-10-19 17:00:00,CHI NHÁNH CÔNG TY CỔ PHẦN ĐẦU TƯ VÀ PHÁT TRIỂN CÔNG NGHỆ QUỐC GIA ADG TẠI ĐÀ NẴNG,Công Ty TNHH Một Thành Viên Huy Vũ
108310,muavao,1,6272727.00,2023-10-18 17:00:00,CÔNG TY CỔ PHẦN DỊCH VỤ PHÂN PHỐI TỔNG HỢP DẦU KHÍ,Công ty TNHH  Một Thành Viên Huy Vũ
77381,muavao,1,13727273.00,2023-10-18 17:00:00,CÔNG TY TNHH MỘT THÀNH VIÊN CÔNG NGHỆ TIN HỌC VIỄN SƠN,CÔNG TY TNHH MỘT THÀNH VIÊN HUY VŨ
19546,muavao,1,8954545.00,2023-10-18 17:00:00,CÔNG TY CỔ PHẦN MÁY TÍNH VĨNH XUÂN - CHI NHÁNH THÀNH PHỐ HỒ CHÍ MINH,CÔNG TY TNHH MỘT THÀNH VIÊN HUY VŨ
18722,muavao,1,3572727.00,2023-10-18 17:00:00,CÔNG TY CỔ PHẦN MÁY TÍNH VĨNH XUÂN,CÔNG TY TNHH MỘT THÀNH VIÊN HUY VŨ
5336,muavao,1,2318182.00,2023-10-18 17:00:00,CÔNG TY CỔ PHẦN MÁY TÍNH VĨNH XUÂN - CHI NHÁNH ĐÀ NẴNG,CÔNG TY TNHH MỘT THÀNH VIÊN HUY VŨ
312,muavao,1,1999091.00,2023-10-18 17:00:00,CÔNG TY TNHH ĐIỆN TỬ TIN HỌC KIM PHÁT,Công Ty Trách Nhiệm Hữu Hạn một thành viên Huy Vũ
308,muavao,1,5559092.00,2023-10-17 17:00:00,CÔNG TY TNHH ĐIỆN TỬ TIN HỌC KIM PHÁT,Công Ty Trách Nhiệm Hữu Hạn một thành viên Huy Vũ
146756,muavao,1,294580.00,2023-10-01 17:00:00,Ngân hàng TMCP Sài Gòn Thương Tín - Chi nhánh Gia Lai,CONG TY TNHH MTV HUY VU
76992,muavao,1,6318182.00,2023-10-16 17:00:00,CÔNG TY TNHH MỘT THÀNH VIÊN CÔNG NGHỆ TIN HỌC VIỄN SƠN,CÔNG TY TNHH MỘT THÀNH VIÊN HUY VŨ
9633,muavao,1,13890910.00,2023-10-16 17:00:00,CÔNG TY TNHH PHƯƠNG KHANG COMPUTER,CÔNG TY TNHH MỘT THÀNH VIÊN HUY VŨ
153707,muavao,1,337534.00,2023-10-15 17:00:00,Ngân hàng TMCP Sài Gòn Thương Tín - Chi nhánh Gia Lai,CONG TY TNHH MTV HUY VU
153706,muavao,1,150050.00,2023-10-15 17:00:00,Ngân hàng TMCP Sài Gòn Thương Tín - Chi nhánh Gia Lai,CONG TY TNHH MTV HUY VU
8217,muavao,1,4272727.00,2023-10-15 17:00:00,CÔNG TY CỔ PHẦN XUẤT NHẬP KHẨU KỸ NGHỆ Á ĐÔNG,CÔNG TY TNHH MỘT THÀNH VIÊN HUY VŨ
7033,muavao,1,92000.00,2023-10-15 17:00:00,Ngân hàng TMCP Sài Gòn Thương Tín - Chi nhánh Gia Lai,CONG TY TNHH MTV HUY VU
154499,muavao,1,2963636.00,2023-10-12 17:00:00,Công ty TNHH Phân phối Synnex FPT,Công ty TNHH MTV Huy Vũ
153053,muavao,1,19000.00,2023-10-12 17:00:00,Ngân hàng TMCP Sài Gòn Thương Tín - Chi nhánh Gia Lai,CONG TY TNHH MTV HUY VU
5715,muavao,1,6781818.00,2023-10-12 17:00:00,Công ty TNHH Tin Học Kim Thiên Bảo,CÔNG TY TNHH MỘT THÀNH VIÊN HUY VŨ
65514940,muavao,1,6118418.00,2023-10-11 17:00:00,NGÂN HÀNG TMCP Á CHÂU,CTY TNHH MTV HUY VU
2161,muavao,1,1772727.00,2023-10-11 17:00:00,CÔNG TY TNHH VIỄN THÔNG HOÀN PHÁT,CÔNG TY TNHH MỘT THÀNH VIÊN HUY VŨ
820,muavao,1,10878855.00,2023-10-11 17:00:00,CÔNG TY TNHH THƯƠNG MẠI VÀ PHÁT TRIỂN CÔNG NGHỆ ĐỨC PHÁP,CÔNG TY TNHH MỘT THÀNH VIÊN HUY VŨ
306,muavao,1,2884545.00,2023-10-11 17:00:00,CÔNG TY TNHH ĐIỆN TỬ TIN HỌC KIM PHÁT,Công Ty Trách Nhiệm Hữu Hạn một thành viên Huy Vũ
151586,muavao,1,80472.00,2023-10-10 17:00:00,Ngân hàng TMCP Sài Gòn Thương Tín - Chi nhánh Gia Lai,CONG TY TNHH MTV HUY VU
151582,muavao,1,223141.00,2023-10-10 17:00:00,Ngân hàng TMCP Sài Gòn Thương Tín - Chi nhánh Gia Lai,CONG TY TNHH MTV HUY VU
88240,muavao,1,16000000.00,2023-10-10 17:00:00,CÔNG TY TNHH KỸ NGHỆ PHÚC ANH,CÔNG TY TNHH MTV HUY VŨ
75485,muavao,1,6838475.00,2023-10-10 17:00:00,CÔNG TY TNHH MỘT THÀNH VIÊN CÔNG NGHỆ TIN HỌC VIỄN SƠN,CÔNG TY TNHH MỘT THÀNH VIÊN HUY VŨ
146755,muavao,1,654331.00,2023-10-01 17:00:00,Ngân hàng TMCP Sài Gòn Thương Tín - Chi nhánh Gia Lai,CONG TY TNHH MTV HUY VU
75484,muavao,1,4888078.00,2023-10-10 17:00:00,CÔNG TY TNHH MỘT THÀNH VIÊN CÔNG NGHỆ TIN HỌC VIỄN SƠN,CÔNG TY TNHH MỘT THÀNH VIÊN HUY VŨ
6634,muavao,1,8231819.00,2023-10-10 17:00:00,CÔNG TY TNHH PHÂN PHỐI CÔNG NGHỆ VÀ DỊCH VỤ MỚI RỒNG VIỆT,CÔNG TY TNHH MỘT THÀNH VIÊN HUY VŨ
5224,muavao,1,2227273.00,2023-10-10 17:00:00,CÔNG TY CỔ PHẦN MÁY TÍNH VĨNH XUÂN - CHI NHÁNH ĐÀ NẴNG,CÔNG TY TNHH MỘT THÀNH VIÊN HUY VŨ
1155,muavao,1,5210000.00,2023-10-10 17:00:00,CÔNG TY TNHH THƯƠNG MẠI LONG CƯỜNG PHÁT,CÔNG TY TNHH MỘT THÀNH VIÊN HUY VŨ
339,muavao,1,12136364.00,2023-10-10 17:00:00,CHI NHÁNH TẠI ĐÀ NẴNG - CÔNG TY TNHH THƯƠNG MẠI DỊCH VỤ ETERNAL ASIA VIỆT NAM,Công Ty TNHH MTV Huy Vũ
65115150,muavao,1,14429590.00,2023-10-09 17:00:00,NGÂN HÀNG TMCP Á CHÂU,CTY TNHH MTV HUY VU
413705,muavao,1,32727300.00,2023-10-09 17:00:00,CÔNG TY CỔ PHẦN THẾ GIỚI SỐ,Công Ty TNHH MTV Huy Vũ
5631,muavao,1,2454545.00,2023-10-09 17:00:00,Công ty TNHH Tin Học Kim Thiên Bảo,CÔNG TY TNHH MỘT THÀNH VIÊN HUY VŨ
5625,muavao,1,6054545.00,2023-10-09 17:00:00,Công ty TNHH Tin Học Kim Thiên Bảo,CÔNG TY TNHH MỘT THÀNH VIÊN HUY VŨ
1503,muavao,1,9272727.00,2023-10-09 17:00:00,CÔNG TY TNHH XUẤT NHẬP KHẨU LÊ TRẦN GIA,CÔNG TY TNHH MỘT THÀNH VIÊN HUY VŨ
18807,muavao,1,1909091.00,2023-10-08 17:00:00,CÔNG TY CỔ PHẦN MÁY TÍNH VĨNH XUÂN - CHI NHÁNH THÀNH PHỐ HỒ CHÍ MINH,CÔNG TY TNHH MỘT THÀNH VIÊN HUY VŨ
5185,muavao,1,8878181.00,2023-10-08 17:00:00,CÔNG TY CỔ PHẦN MÁY TÍNH VĨNH XUÂN - CHI NHÁNH ĐÀ NẴNG,CÔNG TY TNHH MỘT THÀNH VIÊN HUY VŨ
2221,muavao,1,3345455.00,2023-10-08 17:00:00,CHI NHÁNH CÔNG TY TNHH CÔNG NGHỆ VÀ THƯƠNG MẠI Á MỸ,CÔNG TY TNHH MỘT THÀNH VIÊN HUY VŨ
1390,muavao,1,33091000.00,2023-10-08 17:00:00,CHI NHÁNH CÔNG TY CỔ PHẦN HUETRONICS (TỈNH THỪA THIÊN HUẾ),CÔNG TY TNHH MỘT THÀNH VIÊN HUY VŨ
64241861,muavao,1,54545.00,2023-10-06 17:00:00,NGÂN HÀNG TMCP Á CHÂU,CTY TNHH MTV HUY VU
146754,muavao,1,305769.00,2023-10-01 17:00:00,Ngân hàng TMCP Sài Gòn Thương Tín - Chi nhánh Gia Lai,CONG TY TNHH MTV HUY VU
4391,muavao,1,4258182.00,2023-10-06 17:00:00,CÔNG TY TNHH PHÂN PHỐI PHƯƠNG VIỆT,CÔNG TY TNHH MỘT THÀNH VIÊN HUY VŨ
1139,muavao,1,13272726.00,2023-10-06 17:00:00,CÔNG TY TNHH THƯƠNG MẠI LONG CƯỜNG PHÁT,CÔNG TY TNHH MỘT THÀNH VIÊN HUY VŨ
298,muavao,1,3796296.00,2023-10-06 17:00:00,CÔNG TY TNHH ĐIỆN TỬ TIN HỌC KIM PHÁT,Công Ty Trách Nhiệm Hữu Hạn một thành viên Huy Vũ
49628,muavao,1,17818182.00,2023-10-05 17:00:00,CÔNG TY TNHH VI TÍNH NGUYÊN KIM,CÔNG TY TNHH MỘT THÀNH VIÊN HUY VŨ
16283,muavao,1,260000.00,2023-10-05 17:00:00,CÔNG TY CỔ PHẦN ĐẦU TƯ LBM,CÔNG TY TNHH MỘT THÀNH VIÊN HUY VŨ
16282,muavao,1,250000.00,2023-10-05 17:00:00,CÔNG TY CỔ PHẦN ĐẦU TƯ LBM,CÔNG TY TNHH MỘT THÀNH VIÊN HUY VŨ
6791,muavao,1,15000.00,2023-10-05 17:00:00,Ngân hàng TMCP Sài Gòn Thương Tín - Chi nhánh Gia Lai,CONG TY TNHH MTV HUY VU
607410,muavao,1,243635.00,2023-10-04 17:00:00,CÔNG TY DỊCH VỤ MOBIFONE KHU VỰC 7 - CHI NHÁNH TỔNG CÔNG TY VIỄN THÔNG MOBIFONE,Công ty TNHH MTV Huy Vũ
148260,muavao,1,105479.00,2023-10-04 17:00:00,Ngân hàng TMCP Sài Gòn Thương Tín - Chi nhánh Gia Lai,CONG TY TNHH MTV HUY VU
148259,muavao,1,109742.00,2023-10-04 17:00:00,Ngân hàng TMCP Sài Gòn Thương Tín - Chi nhánh Gia Lai,CONG TY TNHH MTV HUY VU
74676,muavao,1,14090909.00,2023-10-04 17:00:00,CÔNG TY TNHH MỘT THÀNH VIÊN CÔNG NGHỆ TIN HỌC VIỄN SƠN,CÔNG TY TNHH MỘT THÀNH VIÊN HUY VŨ
22956,muavao,1,36409083.00,2023-10-04 17:00:00,CÔNG TY CỔ PHẦN TIN HỌC VIẾT SƠN,CÔNG TY TNHH MỘT THÀNH VIÊN  HUY VŨ
13998,muavao,1,263636.00,2023-10-04 17:00:00,CÔNG TY CỔ PHẦN THƯƠNG MẠI DỊCH VỤ TỔNG HỢP XUÂN TÙNG,CÔNG TY TNHH MỘT THÀNH VIÊN HUY VŨ
9389,muavao,1,4636364.00,2023-10-04 17:00:00,CÔNG TY CỔ PHẦN THIẾT BỊ VĂN PHÒNG NGUYỄN ĐỨC,CÔNG TY TNHH MTV HUY VŨ
6764,muavao,1,60000.00,2023-10-04 17:00:00,Ngân hàng TMCP Sài Gòn Thương Tín - Chi nhánh Gia Lai,CONG TY TNHH MTV HUY VU
6763,muavao,1,23000.00,2023-10-04 17:00:00,Ngân hàng TMCP Sài Gòn Thương Tín - Chi nhánh Gia Lai,CONG TY TNHH MTV HUY VU
6762,muavao,1,23000.00,2023-10-04 17:00:00,Ngân hàng TMCP Sài Gòn Thương Tín - Chi nhánh Gia Lai,CONG TY TNHH MTV HUY VU
6761,muavao,1,23000.00,2023-10-04 17:00:00,Ngân hàng TMCP Sài Gòn Thương Tín - Chi nhánh Gia Lai,CONG TY TNHH MTV HUY VU
5129,muavao,1,14090909.00,2023-10-03 17:00:00,CÔNG TY CỔ PHẦN MÁY TÍNH VĨNH XUÂN - CHI NHÁNH ĐÀ NẴNG,CÔNG TY TNHH MỘT THÀNH VIÊN HUY VŨ
4287,muavao,1,8211819.00,2023-10-02 17:00:00,CÔNG TY TNHH PHÂN PHỐI PHƯƠNG VIỆT,CÔNG TY TNHH MỘT THÀNH VIÊN HUY VŨ
1001,muavao,1,13500000.00,2023-10-02 17:00:00,CÔNG TY CỔ PHẦN ĐẦU TƯ & THƯƠNG MẠI ĐẠI PHÁT,CÔNG TY TNHH MỘT THÀNH VIÊN HUY VŨ
89025010,muavao,1,350000.00,2023-10-01 17:00:00,Tập đoàn Công nghiệp - Viễn thông Quân đội,Công Ty Tnhh Huy Vũ
146775,muavao,1,63322.00,2023-10-01 17:00:00,Ngân hàng TMCP Sài Gòn Thương Tín - Chi nhánh Gia Lai,CONG TY TNHH MTV HUY VU
146774,muavao,1,211075.00,2023-10-01 17:00:00,Ngân hàng TMCP Sài Gòn Thương Tín - Chi nhánh Gia Lai,CONG TY TNHH MTV HUY VU
146773,muavao,1,145012.00,2023-10-01 17:00:00,Ngân hàng TMCP Sài Gòn Thương Tín - Chi nhánh Gia Lai,CONG TY TNHH MTV HUY VU
146772,muavao,1,275662.00,2023-10-01 17:00:00,Ngân hàng TMCP Sài Gòn Thương Tín - Chi nhánh Gia Lai,CONG TY TNHH MTV HUY VU
146771,muavao,1,219370.00,2023-10-01 17:00:00,Ngân hàng TMCP Sài Gòn Thương Tín - Chi nhánh Gia Lai,CONG TY TNHH MTV HUY VU
146770,muavao,1,372480.00,2023-10-01 17:00:00,Ngân hàng TMCP Sài Gòn Thương Tín - Chi nhánh Gia Lai,CONG TY TNHH MTV HUY VU
146769,muavao,1,728206.00,2023-10-01 17:00:00,Ngân hàng TMCP Sài Gòn Thương Tín - Chi nhánh Gia Lai,CONG TY TNHH MTV HUY VU
146768,muavao,1,744355.00,2023-10-01 17:00:00,Ngân hàng TMCP Sài Gòn Thương Tín - Chi nhánh Gia Lai,CONG TY TNHH MTV HUY VU
146767,muavao,1,506579.00,2023-10-01 17:00:00,Ngân hàng TMCP Sài Gòn Thương Tín - Chi nhánh Gia Lai,CONG TY TNHH MTV HUY VU
146766,muavao,1,543095.00,2023-10-01 17:00:00,Ngân hàng TMCP Sài Gòn Thương Tín - Chi nhánh Gia Lai,CONG TY TNHH MTV HUY VU
146765,muavao,1,537649.00,2023-10-01 17:00:00,Ngân hàng TMCP Sài Gòn Thương Tín - Chi nhánh Gia Lai,CONG TY TNHH MTV HUY VU
146764,muavao,1,364005.00,2023-10-01 17:00:00,Ngân hàng TMCP Sài Gòn Thương Tín - Chi nhánh Gia Lai,CONG TY TNHH MTV HUY VU
146763,muavao,1,327166.00,2023-10-01 17:00:00,Ngân hàng TMCP Sài Gòn Thương Tín - Chi nhánh Gia Lai,CONG TY TNHH MTV HUY VU
146762,muavao,1,481267.00,2023-10-01 17:00:00,Ngân hàng TMCP Sài Gòn Thương Tín - Chi nhánh Gia Lai,CONG TY TNHH MTV HUY VU
146761,muavao,1,795013.00,2023-10-01 17:00:00,Ngân hàng TMCP Sài Gòn Thương Tín - Chi nhánh Gia Lai,CONG TY TNHH MTV HUY VU
146760,muavao,1,780487.00,2023-10-01 17:00:00,Ngân hàng TMCP Sài Gòn Thương Tín - Chi nhánh Gia Lai,CONG TY TNHH MTV HUY VU
146759,muavao,1,981497.00,2023-10-01 17:00:00,Ngân hàng TMCP Sài Gòn Thương Tín - Chi nhánh Gia Lai,CONG TY TNHH MTV HUY VU
146758,muavao,1,915442.00,2023-10-01 17:00:00,Ngân hàng TMCP Sài Gòn Thương Tín - Chi nhánh Gia Lai,CONG TY TNHH MTV HUY VU
146753,muavao,1,226909.00,2023-10-01 17:00:00,Ngân hàng TMCP Sài Gòn Thương Tín - Chi nhánh Gia Lai,CONG TY TNHH MTV HUY VU
146752,muavao,1,873531.00,2023-10-01 17:00:00,Ngân hàng TMCP Sài Gòn Thương Tín - Chi nhánh Gia Lai,CONG TY TNHH MTV HUY VU
146751,muavao,1,654331.00,2023-10-01 17:00:00,Ngân hàng TMCP Sài Gòn Thương Tín - Chi nhánh Gia Lai,CONG TY TNHH MTV HUY VU
146750,muavao,1,2928948.00,2023-10-01 17:00:00,Ngân hàng TMCP Sài Gòn Thương Tín - Chi nhánh Gia Lai,CONG TY TNHH MTV HUY VU
103315,muavao,1,20454545.00,2023-10-01 17:00:00,CÔNG TY CỔ PHẦN DỊCH VỤ PHÂN PHỐI TỔNG HỢP DẦU KHÍ,Công ty TNHH  Một Thành Viên Huy Vũ
521,muavao,1,4449091.00,2023-10-01 17:00:00,CÔNG TY CỔ PHẦN NEWMAX,CÔNG TY TNHH MỘT THÀNH VIÊN HUY VŨ
593847,muavao,1,451905.00,2023-09-30 17:00:00,TRUNG TÂM KINH DOANH VNPT - GIA LAI - CHI NHÁNH TỔNG CÔNG TY DỊCH VỤ VIỄN THÔNG,Công Ty TNHH MTV Huy Vũ
593753,muavao,1,219242.00,2023-09-30 17:00:00,TRUNG TÂM KINH DOANH VNPT - GIA LAI - CHI NHÁNH TỔNG CÔNG TY DỊCH VỤ VIỄN THÔNG,Công Ty TNHH MTV Huy Vũ
593752,muavao,1,507485.00,2023-09-30 17:00:00,TRUNG TÂM KINH DOANH VNPT - GIA LAI - CHI NHÁNH TỔNG CÔNG TY DỊCH VỤ VIỄN THÔNG,Công Ty TNHH MTV Huy Vũ
568912,muavao,1,249636.00,2023-09-30 17:00:00,TRUNG TÂM KINH DOANH VNPT - GIA LAI - CHI NHÁNH TỔNG CÔNG TY DỊCH VỤ VIỄN THÔNG,Công Ty TNHH MTV Huy Vũ
540755,muavao,1,274000.00,2023-09-30 17:00:00,TRUNG TÂM KINH DOANH VNPT - GIA LAI - CHI NHÁNH TỔNG CÔNG TY DỊCH VỤ VIỄN THÔNG,Công Ty TNHH MTV Huy Vũ
540714,muavao,1,20000.00,2023-09-30 17:00:00,TRUNG TÂM KINH DOANH VNPT - GIA LAI - CHI NHÁNH TỔNG CÔNG TY DỊCH VỤ VIỄN THÔNG,Công Ty TNHH MTV Huy Vũ
540665,muavao,1,24545.00,2023-09-30 17:00:00,TRUNG TÂM KINH DOANH VNPT - GIA LAI - CHI NHÁNH TỔNG CÔNG TY DỊCH VỤ VIỄN THÔNG,Công Ty  TNHH MTV Huy Vũ
540664,muavao,1,22800.00,2023-09-30 17:00:00,TRUNG TÂM KINH DOANH VNPT - GIA LAI - CHI NHÁNH TỔNG CÔNG TY DỊCH VỤ VIỄN THÔNG,Công Ty TNHH MTV  Huy Vũ
540482,muavao,1,213636.00,2023-09-30 17:00:00,TRUNG TÂM KINH DOANH VNPT - GIA LAI - CHI NHÁNH TỔNG CÔNG TY DỊCH VỤ VIỄN THÔNG,Cửa Hàng Máy Tình Trường Sơn
179488,muavao,1,776442.00,2023-11-29 17:00:00,Ngân hàng TMCP Sài Gòn Thương Tín - Chi nhánh Gia Lai,CONG TY TNHH MTV HUY VU
179487,muavao,1,1162308.00,2023-11-29 17:00:00,Ngân hàng TMCP Sài Gòn Thương Tín - Chi nhánh Gia Lai,CONG TY TNHH MTV HUY VU
179256,muavao,1,19000.00,2023-11-29 17:00:00,Ngân hàng TMCP Sài Gòn Thương Tín - Chi nhánh Gia Lai,CONG TY TNHH MTV HUY VU
64931,muavao,1,120000.00,2023-11-29 17:00:00,NGAN HANG TMCP PHAT TRIEN THANH PHO HO CHI MINH,CONG TY TNHH MOT THANH VIEN HUY VU
12504,muavao,1,34900000.00,2023-11-29 17:00:00,CÔNG TY CỔ PHẦN A CHI SON,CÔNG TY TNHH MỘT THÀNH VIÊN HUY VŨ
8150,muavao,1,23000.00,2023-11-29 17:00:00,Ngân hàng TMCP Sài Gòn Thương Tín - Chi nhánh Gia Lai,CONG TY TNHH MTV HUY VU
8149,muavao,1,23000.00,2023-11-29 17:00:00,Ngân hàng TMCP Sài Gòn Thương Tín - Chi nhánh Gia Lai,CONG TY TNHH MTV HUY VU
8148,muavao,1,32472.00,2023-11-29 17:00:00,Ngân hàng TMCP Sài Gòn Thương Tín - Chi nhánh Gia Lai,CONG TY TNHH MTV HUY VU
3270,muavao,1,3900000.00,2023-11-29 17:00:00,CÔNG TY TNHH GIẢI PHÁP FINGERTAS,CÔNG TY TNHH MỘT THÀNH VIÊN HUY VŨ
177966,muavao,1,125000.00,2023-11-28 17:00:00,Ngân hàng TMCP Sài Gòn Thương Tín - Chi nhánh Gia Lai,CONG TY TNHH MTV HUY VU
5056,muavao,1,17075529.00,2023-11-28 17:00:00,CÔNG TY CỔ PHẦN THƯƠNG MẠI - DỊCH VỤ SAO NAM AN,Công Ty TNHH Một Thành Viên Huy Vũ
2572,muavao,1,11780000.00,2023-11-28 17:00:00,CÔNG TY TNHH ĐẦU TƯ CÔNG NGHỆ ÂM THANH TRIỆU GIA,CÔNG TY TNHH MỘT THÀNH VIÊN HUY VŨ
177304,muavao,1,19000.00,2023-11-27 17:00:00,Ngân hàng TMCP Sài Gòn Thương Tín - Chi nhánh Gia Lai,CONG TY TNHH MTV HUY VU
21869,muavao,1,10909091.00,2023-11-27 17:00:00,CÔNG TY CỔ PHẦN MÁY TÍNH VĨNH XUÂN - CHI NHÁNH THÀNH PHỐ HỒ CHÍ MINH,CÔNG TY TNHH MỘT THÀNH VIÊN HUY VŨ
8071,muavao,1,15000.00,2023-11-27 17:00:00,Ngân hàng TMCP Sài Gòn Thương Tín - Chi nhánh Gia Lai,CONG TY TNHH MTV HUY VU
373,muavao,1,3800000.00,2023-11-27 17:00:00,CÔNG TY TNHH ĐIỆN TỬ TIN HỌC KIM PHÁT,Công Ty Trách Nhiệm Hữu Hạn một thành viên Huy Vũ
21741,muavao,1,11090909.00,2023-11-26 17:00:00,CÔNG TY CỔ PHẦN MÁY TÍNH VĨNH XUÂN - CHI NHÁNH THÀNH PHỐ HỒ CHÍ MINH,CÔNG TY TNHH MỘT THÀNH VIÊN HUY VŨ
10077,muavao,1,10254546.00,2023-11-26 17:00:00,Công Ty TNHH Công Nghệ Thông Tin An Phát,CÔNG TY TNHH MỘT THÀNH VIÊN HUY VŨ
9632,muavao,1,3536364.00,2023-11-26 17:00:00,CÔNG TY TNHH THƯƠNG MẠI DỊCH VỤ TIN HỌC ANH PHƯƠNG A.P.C.O.M,CÔNG TY TNHH MỘT THÀNH VIÊN HUY VŨ
5933,muavao,1,0.00,2023-11-26 17:00:00,CÔNG TY CỔ PHẦN MÁY TÍNH VĨNH XUÂN - CHI NHÁNH ĐÀ NẴNG,CÔNG TY TNHH MỘT THÀNH VIÊN HUY VŨ
1301,muavao,1,26600000.00,2023-11-26 17:00:00,CÔNG TY CỔ PHẦN ĐẦU TƯ & THƯƠNG MẠI ĐẠI PHÁT,CÔNG TY TNHH MỘT THÀNH VIÊN HUY VŨ
369,muavao,1,2995456.00,2023-11-26 17:00:00,CÔNG TY TNHH ĐIỆN TỬ TIN HỌC KIM PHÁT,Công Ty Trách Nhiệm Hữu Hạn một thành viên Huy Vũ
10039,muavao,1,2718182.00,2023-11-24 17:00:00,Công Ty TNHH Công Nghệ Thông Tin An Phát,CÔNG TY TNHH MỘT THÀNH VIÊN HUY VŨ
5920,muavao,1,80909091.00,2023-11-24 17:00:00,CÔNG TY CỔ PHẦN MÁY TÍNH VĨNH XUÂN - CHI NHÁNH ĐÀ NẴNG,CÔNG TY TNHH MỘT THÀNH VIÊN HUY VŨ
468182,muavao,1,66000002.00,2023-11-23 17:00:00,CÔNG TY CỔ PHẦN THẾ GIỚI SỐ,Công Ty TNHH MTV Huy Vũ
468165,muavao,1,20909090.00,2023-11-23 17:00:00,CÔNG TY CỔ PHẦN THẾ GIỚI SỐ,Công Ty TNHH MTV Huy Vũ
7998,muavao,1,23000.00,2023-11-23 17:00:00,Ngân hàng TMCP Sài Gòn Thương Tín - Chi nhánh Gia Lai,CONG TY TNHH MTV HUY VU
7997,muavao,1,23000.00,2023-11-23 17:00:00,Ngân hàng TMCP Sài Gòn Thương Tín - Chi nhánh Gia Lai,CONG TY TNHH MTV HUY VU
7996,muavao,1,23000.00,2023-11-23 17:00:00,Ngân hàng TMCP Sài Gòn Thương Tín - Chi nhánh Gia Lai,CONG TY TNHH MTV HUY VU
1517,muavao,1,15909091.00,2023-11-23 17:00:00,CÔNG TY CỔ PHẦN VPS MIỀN TRUNG,CÔNG TY TNHH MỘT THÀNH VIÊN HUY VŨ
367,muavao,1,1399091.00,2023-11-23 17:00:00,CÔNG TY TNHH ĐIỆN TỬ TIN HỌC KIM PHÁT,Công Ty Trách Nhiệm Hữu Hạn một thành viên Huy Vũ
392589,muavao,1,454545.00,2023-11-21 17:00:00,CÔNG TY TNHH MTV XĂNG DẦU BẮC TÂY NGUYÊN,CÔNG TY TNHH MỘT THÀNH VIÊN HUY VŨ
9492,muavao,1,5772727.00,2023-11-21 17:00:00,CÔNG TY TNHH THƯƠNG MẠI DỊCH VỤ TIN HỌC ANH PHƯƠNG A.P.C.O.M,CÔNG TY TNHH MỘT THÀNH VIÊN HUY VŨ
1150,muavao,1,252763637.00,2023-11-21 17:00:00,CHI NHÁNH CÔNG TY CỔ PHẦN ĐẦU TƯ VÀ PHÁT TRIỂN CÔNG NGHỆ QUỐC GIA ADG TẠI ĐÀ NẴNG,Công Ty TNHH Một Thành Viên Huy Vũ
464717,muavao,1,20909090.00,2023-11-20 17:00:00,CÔNG TY CỔ PHẦN THẾ GIỚI SỐ,Công Ty TNHH MTV Huy Vũ
173882,muavao,1,318765.00,2023-11-20 17:00:00,Ngân hàng TMCP Sài Gòn Thương Tín - Chi nhánh Gia Lai,CONG TY TNHH MTV HUY VU
173862,muavao,1,253868.00,2023-11-20 17:00:00,Ngân hàng TMCP Sài Gòn Thương Tín - Chi nhánh Gia Lai,CONG TY TNHH MTV HUY VU
116942,muavao,1,19000000.00,2023-11-20 17:00:00,CÔNG TY CỔ PHẦN DỊCH VỤ PHÂN PHỐI TỔNG HỢP DẦU KHÍ,Công ty TNHH  Một Thành Viên Huy Vũ
9425,muavao,1,2909091.00,2023-11-20 17:00:00,CÔNG TY TNHH THƯƠNG MẠI DỊCH VỤ TIN HỌC ANH PHƯƠNG A.P.C.O.M,CÔNG TY TNHH MỘT THÀNH VIÊN HUY VŨ
8223,muavao,1,6859092.00,2023-11-20 17:00:00,CHI NHÁNH CÔNG TY CỔ PHẦN KỸ THUẬT CÔNG NGHỆ NAM THÀNH,Công ty TNHH  Một Thành Viên Huy Vũ
7892,muavao,1,80000.00,2023-11-20 17:00:00,Ngân hàng TMCP Sài Gòn Thương Tín - Chi nhánh Gia Lai,CONG TY TNHH MTV HUY VU
5382,muavao,1,46791817.00,2023-11-20 17:00:00,CÔNG TY TNHH PHÂN PHỐI PHƯƠNG VIỆT,CÔNG TY TNHH MỘT THÀNH VIÊN HUY VŨ
357,muavao,1,5472726.00,2023-11-20 17:00:00,CÔNG TY TNHH ĐIỆN TỬ TIN HỌC KIM PHÁT,Công Ty Trách Nhiệm Hữu Hạn một thành viên Huy Vũ
464151,muavao,1,11590909.00,2023-11-19 17:00:00,CÔNG TY CỔ PHẦN THẾ GIỚI SỐ,Công Ty TNHH MTV Huy Vũ
27678,muavao,1,4000.00,2023-11-19 17:00:00,Ngân hàng Thương mại Cổ phần Đầu tư và Phát triển Việt Nam - Chi nhánh Gia Lai,CONG TY TNHH MTV HUY VU
11000,muavao,1,18363636.00,2023-11-19 17:00:00,CÔNG TY TNHH PHƯƠNG KHANG COMPUTER,CÔNG TY TNHH MỘT THÀNH VIÊN HUY VŨ
2655,muavao,1,4390909.00,2023-11-19 17:00:00,CHI NHÁNH CÔNG TY TNHH CÔNG NGHỆ VÀ THƯƠNG MẠI Á MỸ,CÔNG TY TNHH MỘT THÀNH VIÊN HUY VŨ
389553,muavao,1,454545.00,2023-11-18 17:00:00,CÔNG TY TNHH MTV XĂNG DẦU BẮC TÂY NGUYÊN,CÔNG TY TNHH MỘT THÀNH VIÊN HUY VŨ
463686,muavao,1,280000.00,2023-11-17 17:00:00,CÔNG TY CỔ PHẦN THẾ GIỚI SỐ,Công Ty TNHH MTV Huy Vũ
463681,muavao,6,20909090.00,2023-11-17 17:00:00,CÔNG TY CỔ PHẦN THẾ GIỚI SỐ,Công Ty TNHH MTV Huy Vũ
386762,muavao,1,454545.00,2023-11-16 17:00:00,CÔNG TY TNHH MTV XĂNG DẦU BẮC TÂY NGUYÊN,CÔNG TY TNHH MỘT THÀNH VIÊN HUY VŨ
173431,muavao,1,14363636.00,2023-11-16 17:00:00,Công ty TNHH Phân phối Synnex FPT,Công ty TNHH MTV Huy Vũ
172426,muavao,1,554084.00,2023-11-16 17:00:00,Ngân hàng TMCP Sài Gòn Thương Tín - Chi nhánh Gia Lai,CONG TY TNHH MTV HUY VU
172425,muavao,1,488081.00,2023-11-16 17:00:00,Ngân hàng TMCP Sài Gòn Thương Tín - Chi nhánh Gia Lai,CONG TY TNHH MTV HUY VU
58154,muavao,1,2727273.00,2023-11-16 17:00:00,CÔNG TY TNHH VI TÍNH NGUYÊN KIM,CÔNG TY TNHH MỘT THÀNH VIÊN HUY VŨ
7830,muavao,1,23000.00,2023-11-16 17:00:00,Ngân hàng TMCP Sài Gòn Thương Tín - Chi nhánh Gia Lai,CONG TY TNHH MTV HUY VU
7829,muavao,1,40000.00,2023-11-16 17:00:00,Ngân hàng TMCP Sài Gòn Thương Tín - Chi nhánh Gia Lai,CONG TY TNHH MTV HUY VU
7817,muavao,1,55000.00,2023-11-16 17:00:00,Ngân hàng TMCP Sài Gòn Thương Tín - Chi nhánh Gia Lai,CONG TY TNHH MTV HUY VU
5899,muavao,1,5400000.00,2023-11-16 17:00:00,CÔNG TY CỔ PHẦN ĐẦU TƯ PHÁT TRIỂN CÔNG NGHỆ ROBO,CÔNG TY TNHH MỘT THÀNH VIÊN HUY VŨ
2987,muavao,1,30909091.00,2023-11-16 17:00:00,Công Ty TNHH Thương Mại LOGICO,CÔNG TY TNHH MỘT THÀNH VIÊN  HUY VŨ
349,muavao,1,1449999.00,2023-11-16 17:00:00,CÔNG TY TNHH ĐIỆN TỬ TIN HỌC KIM PHÁT,Công Ty Trách Nhiệm Hữu Hạn một thành viên Huy Vũ
348,muavao,1,16111111.00,2023-11-16 17:00:00,CÔNG TY TNHH ĐIỆN TỬ TIN HỌC KIM PHÁT,Công Ty Trách Nhiệm Hữu Hạn một thành viên Huy Vũ
12274,muavao,1,3350000.00,2023-11-15 17:00:00,CÔNG TY CỔ PHẦN GIẢI PHÁP TIN HỌC ÁNH DƯƠNG,CÔNG TY TNHH MỘT THÀNH VIÊN HUY VŨ
9313,muavao,1,6136364.00,2023-11-15 17:00:00,CÔNG TY TNHH THƯƠNG MẠI DỊCH VỤ TIN HỌC ANH PHƯƠNG A.P.C.O.M,CÔNG TY TNHH MỘT THÀNH VIÊN HUY VŨ
7774,muavao,1,40000.00,2023-11-15 17:00:00,Ngân hàng TMCP Sài Gòn Thương Tín - Chi nhánh Gia Lai,CONG TY TNHH MTV HUY VU
461536,muavao,1,280000.00,2023-11-14 17:00:00,CÔNG TY CỔ PHẦN THẾ GIỚI SỐ,Công Ty TNHH MTV Huy Vũ
461535,muavao,1,25454545.00,2023-11-14 17:00:00,CÔNG TY CỔ PHẦN THẾ GIỚI SỐ,Công Ty TNHH MTV Huy Vũ
169980,muavao,1,257202.00,2023-11-14 17:00:00,Ngân hàng TMCP Sài Gòn Thương Tín - Chi nhánh Gia Lai,CONG TY TNHH MTV HUY VU
115653,muavao,1,15000000.00,2023-11-14 17:00:00,CÔNG TY CỔ PHẦN DỊCH VỤ PHÂN PHỐI TỔNG HỢP DẦU KHÍ,Công ty TNHH  Một Thành Viên Huy Vũ
19277,muavao,1,73700000.00,2023-11-14 17:00:00,CÔNG TY CỔ PHẦN ĐẦU TƯ LBM,CÔNG TY TNHH MỘT THÀNH VIÊN HUY VŨ
7730,muavao,1,15000.00,2023-11-14 17:00:00,Ngân hàng TMCP Sài Gòn Thương Tín - Chi nhánh Gia Lai,CONG TY TNHH MTV HUY VU
7729,muavao,1,15000.00,2023-11-14 17:00:00,Ngân hàng TMCP Sài Gòn Thương Tín - Chi nhánh Gia Lai,CONG TY TNHH MTV HUY VU
172850,muavao,1,46808765.00,2023-11-13 17:00:00,Công ty TNHH Phân phối Synnex FPT,Công ty TNHH MTV Huy Vũ
169767,muavao,1,257600.00,2023-11-13 17:00:00,Ngân hàng TMCP Sài Gòn Thương Tín - Chi nhánh Gia Lai,CONG TY TNHH MTV HUY VU
169694,muavao,1,19000.00,2023-11-13 17:00:00,Ngân hàng TMCP Sài Gòn Thương Tín - Chi nhánh Gia Lai,CONG TY TNHH MTV HUY VU
169693,muavao,1,20000.00,2023-11-13 17:00:00,Ngân hàng TMCP Sài Gòn Thương Tín - Chi nhánh Gia Lai,CONG TY TNHH MTV HUY VU
115117,muavao,1,15118182.00,2023-11-13 17:00:00,CÔNG TY CỔ PHẦN DỊCH VỤ PHÂN PHỐI TỔNG HỢP DẦU KHÍ,Công ty TNHH  Một Thành Viên Huy Vũ
10662,muavao,1,1175926.00,2023-11-13 17:00:00,CÔNG TY CỔ PHẦN THIẾT BỊ VĂN PHÒNG NGUYỄN ĐỨC,CÔNG TY TNHH MTV HUY VŨ
9213,muavao,1,6136364.00,2023-11-13 17:00:00,CÔNG TY TNHH THƯƠNG MẠI DỊCH VỤ TIN HỌC ANH PHƯƠNG A.P.C.O.M,CÔNG TY TNHH MỘT THÀNH VIÊN HUY VŨ
1130,muavao,1,24363636.00,2023-11-13 17:00:00,CHI NHÁNH CÔNG TY CỔ PHẦN ĐẦU TƯ VÀ PHÁT TRIỂN CÔNG NGHỆ QUỐC GIA ADG TẠI ĐÀ NẴNG,Công Ty TNHH Một Thành Viên Huy Vũ
172151,muavao,1,9745453.00,2023-11-12 17:00:00,Công ty TNHH Phân phối Synnex FPT,Công ty TNHH MTV Huy Vũ
171997,muavao,1,16363636.00,2023-11-12 17:00:00,Công ty TNHH Phân phối Synnex FPT,Công ty TNHH MTV Huy Vũ
168643,muavao,1,189941.00,2023-11-12 17:00:00,Ngân hàng TMCP Sài Gòn Thương Tín - Chi nhánh Gia Lai,CONG TY TNHH MTV HUY VU
10725,muavao,1,29218182.00,2023-11-12 17:00:00,CÔNG TY TNHH PHƯƠNG KHANG COMPUTER,CÔNG TY TNHH MỘT THÀNH VIÊN HUY VŨ
10650,muavao,1,3181818.00,2023-11-12 17:00:00,CÔNG TY CỔ PHẦN THIẾT BỊ VĂN PHÒNG NGUYỄN ĐỨC,CÔNG TY TNHH MTV HUY VŨ
8024,muavao,1,10114546.00,2023-11-12 17:00:00,CHI NHÁNH CÔNG TY CỔ PHẦN KỸ THUẬT CÔNG NGHỆ NAM THÀNH,Công ty TNHH  Một Thành Viên Huy Vũ
7878,muavao,1,8372728.00,2023-11-12 17:00:00,CÔNG TY TNHH PHÂN PHỐI CÔNG NGHỆ VÀ DỊCH VỤ MỚI RỒNG VIỆT,CÔNG TY TNHH MỘT THÀNH VIÊN HUY VŨ
6436,muavao,1,6054546.00,2023-11-12 17:00:00,Công ty TNHH Tin Học Kim Thiên Bảo,CÔNG TY TNHH MỘT THÀNH VIÊN HUY VŨ
3126,muavao,1,1095000.00,2023-11-12 17:00:00,CÔNG TY TNHH MTV Ô TÔ GIA LAI,CÔNG TY TNHH MỘT THÀNH VIÊN HUY VŨ
1197,muavao,1,13500000.00,2023-11-12 17:00:00,CÔNG TY CỔ PHẦN ĐẦU TƯ & THƯƠNG MẠI ĐẠI PHÁT,CÔNG TY TNHH MỘT THÀNH VIÊN HUY VŨ
71783242,muavao,1,5814195.00,2023-11-10 17:00:00,NGÂN HÀNG TMCP Á CHÂU,CTY TNHH MTV HUY VU
204,muavao,1,1160000.00,2023-11-10 17:00:00,CÔNG TY TNHH THƯƠNG MẠI VÀ DỊCH VỤ CÔNG NGHỆ VTECH,CÔNG TY TNHH MỘT THÀNH VIÊN HUY VŨ
453012,muavao,1,89090880.00,2023-11-09 17:00:00,CÔNG TY CỔ PHẦN THẾ GIỚI SỐ,Công Ty TNHH MTV Huy Vũ
7642,muavao,1,23000.00,2023-11-09 17:00:00,Ngân hàng TMCP Sài Gòn Thương Tín - Chi nhánh Gia Lai,CONG TY TNHH MTV HUY VU
2488,muavao,1,2227273.00,2023-11-09 17:00:00,CÔNG TY TNHH VIỄN THÔNG HOÀN PHÁT,CÔNG TY TNHH MỘT THÀNH VIÊN HUY VŨ
345,muavao,1,3260000.00,2023-11-09 17:00:00,CÔNG TY TNHH ĐIỆN TỬ TIN HỌC KIM PHÁT,Công Ty Trách Nhiệm Hữu Hạn một thành viên Huy Vũ
344,muavao,1,3870370.00,2023-11-09 17:00:00,CÔNG TY TNHH ĐIỆN TỬ TIN HỌC KIM PHÁT,Công Ty Trách Nhiệm Hữu Hạn một thành viên Huy Vũ
167434,muavao,1,114308.00,2023-11-08 17:00:00,Ngân hàng TMCP Sài Gòn Thương Tín - Chi nhánh Gia Lai,CONG TY TNHH MTV HUY VU
7613,muavao,1,46000.00,2023-11-08 17:00:00,Ngân hàng TMCP Sài Gòn Thương Tín - Chi nhánh Gia Lai,CONG TY TNHH MTV HUY VU
2570,muavao,1,3890909.00,2023-11-08 17:00:00,CHI NHÁNH CÔNG TY TNHH CÔNG NGHỆ VÀ THƯƠNG MẠI Á MỸ,CÔNG TY TNHH MỘT THÀNH VIÊN HUY VŨ
2003,muavao,1,2435004.00,2023-11-08 17:00:00,CÔNG TY BẢO HIỂM BƯU ĐIỆN GIA LAI,Công Ty TNHH MTV Huy Vũ
167000,muavao,1,94932.00,2023-11-07 17:00:00,Ngân hàng TMCP Sài Gòn Thương Tín - Chi nhánh Gia Lai,CONG TY TNHH MTV HUY VU
166999,muavao,1,139646.00,2023-11-07 17:00:00,Ngân hàng TMCP Sài Gòn Thương Tín - Chi nhánh Gia Lai,CONG TY TNHH MTV HUY VU
166998,muavao,1,168859.00,2023-11-07 17:00:00,Ngân hàng TMCP Sài Gòn Thương Tín - Chi nhánh Gia Lai,CONG TY TNHH MTV HUY VU
19704,muavao,1,32709091.00,2023-11-07 17:00:00,CÔNG TY CỔ PHẦN MÁY TÍNH VĨNH XUÂN,CÔNG TY TNHH MỘT THÀNH VIÊN HUY VŨ
9383,muavao,1,800000.00,2023-11-07 17:00:00,Công Ty TNHH Công Nghệ Thông Tin An Phát,CÔNG TY TNHH MỘT THÀNH VIÊN HUY VŨ
9363,muavao,1,12327273.00,2023-11-07 17:00:00,Công Ty TNHH Công Nghệ Thông Tin An Phát,CÔNG TY TNHH MỘT THÀNH VIÊN HUY VŨ
7869,muavao,1,6636364.00,2023-11-07 17:00:00,CHI NHÁNH CÔNG TY CỔ PHẦN KỸ THUẬT CÔNG NGHỆ NAM THÀNH,Công ty TNHH  Một Thành Viên Huy Vũ
7578,muavao,1,46000.00,2023-11-07 17:00:00,Ngân hàng TMCP Sài Gòn Thương Tín - Chi nhánh Gia Lai,CONG TY TNHH MTV HUY VU
5076,muavao,1,14607271.00,2023-11-07 17:00:00,CÔNG TY TNHH PHÂN PHỐI PHƯƠNG VIỆT,CÔNG TY TNHH MỘT THÀNH VIÊN HUY VŨ
194,muavao,1,3600000.00,2023-11-07 17:00:00,CÔNG TY TNHH FINTECS,CÔNG TY TNHH MỘT THÀNH VIÊN HUY VŨ
165568,muavao,1,19000.00,2023-11-06 17:00:00,Ngân hàng TMCP Sài Gòn Thương Tín - Chi nhánh Gia Lai,CONG TY TNHH MTV HUY VU
81024,muavao,1,29581818.00,2023-11-06 17:00:00,CÔNG TY TNHH MỘT THÀNH VIÊN CÔNG NGHỆ TIN HỌC VIỄN SƠN,CÔNG TY TNHH MỘT THÀNH VIÊN HUY VŨ
7537,muavao,1,15000.00,2023-11-06 17:00:00,Ngân hàng TMCP Sài Gòn Thương Tín - Chi nhánh Gia Lai,CONG TY TNHH MTV HUY VU
7536,muavao,1,19000.00,2023-11-06 17:00:00,Ngân hàng TMCP Sài Gòn Thương Tín - Chi nhánh Gia Lai,CONG TY TNHH MTV HUY VU
5061,muavao,1,15725545.00,2023-11-06 17:00:00,CÔNG TY TNHH PHÂN PHỐI PHƯƠNG VIỆT,CÔNG TY TNHH MỘT THÀNH VIÊN HUY VŨ
694464,muavao,1,234545.00,2023-11-05 17:00:00,CÔNG TY DỊCH VỤ MOBIFONE KHU VỰC 7 - CHI NHÁNH TỔNG CÔNG TY VIỄN THÔNG MOBIFONE,Công ty TNHH MTV Huy Vũ
112632,muavao,1,8545455.00,2023-11-05 17:00:00,CÔNG TY CỔ PHẦN DỊCH VỤ PHÂN PHỐI TỔNG HỢP DẦU KHÍ,Công ty TNHH  Một Thành Viên Huy Vũ
55736,muavao,1,17900000.00,2023-11-05 17:00:00,CÔNG TY TNHH VI TÍNH NGUYÊN KIM,CÔNG TY TNHH MỘT THÀNH VIÊN HUY VŨ
5585,muavao,1,8129091.00,2023-11-05 17:00:00,CÔNG TY CỔ PHẦN MÁY TÍNH VĨNH XUÂN - CHI NHÁNH ĐÀ NẴNG,CÔNG TY TNHH MỘT THÀNH VIÊN HUY VŨ
2929,muavao,1,3254600.00,2023-11-05 17:00:00,CHI NHÁNH CÔNG TY TNHH THƯƠNG MẠI - ĐẦU TƯ VÀ PHÁT TRIỂN,Công Ty TNHH MTV Huy Vũ
2544,muavao,1,954545.00,2023-11-05 17:00:00,CHI NHÁNH CÔNG TY TNHH CÔNG NGHỆ VÀ THƯƠNG MẠI Á MỸ,CÔNG TY TNHH MỘT THÀNH VIÊN HUY VŨ
2542,muavao,1,1000000.00,2023-11-05 17:00:00,CHI NHÁNH CÔNG TY TNHH CÔNG NGHỆ VÀ THƯƠNG MẠI Á MỸ,CÔNG TY TNHH MỘT THÀNH VIÊN HUY VŨ
2540,muavao,1,6281818.00,2023-11-05 17:00:00,CHI NHÁNH CÔNG TY TNHH CÔNG NGHỆ VÀ THƯƠNG MẠI Á MỸ,CÔNG TY TNHH MỘT THÀNH VIÊN HUY VŨ
1505,muavao,1,9916364.00,2023-11-05 17:00:00,CHI NHÁNH CÔNG TY CỔ PHẦN HUETRONICS (TỈNH THỪA THIÊN HUẾ),CÔNG TY TNHH MỘT THÀNH VIÊN HUY VŨ
20298,muavao,1,1000000.00,2023-11-03 17:00:00,CÔNG TY CỔ PHẦN MÁY TÍNH VĨNH XUÂN - CHI NHÁNH THÀNH PHỐ HỒ CHÍ MINH,CÔNG TY TNHH MỘT THÀNH VIÊN HUY VŨ
5553,muavao,1,1636365.00,2023-11-03 17:00:00,CÔNG TY CỔ PHẦN MÁY TÍNH VĨNH XUÂN - CHI NHÁNH ĐÀ NẴNG,CÔNG TY TNHH MỘT THÀNH VIÊN HUY VŨ
2865,muavao,1,30909091.00,2023-11-03 17:00:00,Công Ty TNHH Thương Mại LOGICO,CÔNG TY TNHH MỘT THÀNH VIÊN  HUY VŨ
164413,muavao,1,59513.00,2023-11-02 17:00:00,Ngân hàng TMCP Sài Gòn Thương Tín - Chi nhánh Gia Lai,CONG TY TNHH MTV HUY VU
112335,muavao,1,43272727.00,2023-11-02 17:00:00,CÔNG TY CỔ PHẦN DỊCH VỤ PHÂN PHỐI TỔNG HỢP DẦU KHÍ,Công ty TNHH  Một Thành Viên Huy Vũ
7483,muavao,1,23000.00,2023-11-02 17:00:00,Ngân hàng TMCP Sài Gòn Thương Tín - Chi nhánh Gia Lai,CONG TY TNHH MTV HUY VU
7482,muavao,1,23000.00,2023-11-02 17:00:00,Ngân hàng TMCP Sài Gòn Thương Tín - Chi nhánh Gia Lai,CONG TY TNHH MTV HUY VU
7481,muavao,1,23000.00,2023-11-02 17:00:00,Ngân hàng TMCP Sài Gòn Thương Tín - Chi nhánh Gia Lai,CONG TY TNHH MTV HUY VU
1646,muavao,1,13909091.00,2023-11-02 17:00:00,CÔNG TY TNHH XUẤT NHẬP KHẨU LÊ TRẦN GIA,CÔNG TY TNHH MỘT THÀNH VIÊN HUY VŨ
69223686,muavao,1,13670137.00,2023-11-01 17:00:00,NGÂN HÀNG TMCP Á CHÂU,CTY TNHH MTV HUY VU
6851249,muavao,1,350000.00,2023-11-01 17:00:00,Tập đoàn Công nghiệp - Viễn thông Quân đội,Công Ty Tnhh Huy Vũ
368312,muavao,1,454545.00,2023-11-01 17:00:00,CÔNG TY TNHH MTV XĂNG DẦU BẮC TÂY NGUYÊN,CÔNG TY TNHH MỘT THÀNH VIÊN HUY VŨ
661333,muavao,1,548916.00,2023-10-31 17:00:00,TRUNG TÂM KINH DOANH VNPT - GIA LAI - CHI NHÁNH TỔNG CÔNG TY DỊCH VỤ VIỄN THÔNG,Công Ty TNHH MTV Huy Vũ
661239,muavao,1,254344.00,2023-10-31 17:00:00,TRUNG TÂM KINH DOANH VNPT - GIA LAI - CHI NHÁNH TỔNG CÔNG TY DỊCH VỤ VIỄN THÔNG,Công Ty TNHH MTV Huy Vũ
661238,muavao,1,541967.00,2023-10-31 17:00:00,TRUNG TÂM KINH DOANH VNPT - GIA LAI - CHI NHÁNH TỔNG CÔNG TY DỊCH VỤ VIỄN THÔNG,Công Ty TNHH MTV Huy Vũ
634869,muavao,1,249636.00,2023-10-31 17:00:00,TRUNG TÂM KINH DOANH VNPT - GIA LAI - CHI NHÁNH TỔNG CÔNG TY DỊCH VỤ VIỄN THÔNG,Công Ty TNHH MTV Huy Vũ
606778,muavao,1,274000.00,2023-10-31 17:00:00,TRUNG TÂM KINH DOANH VNPT - GIA LAI - CHI NHÁNH TỔNG CÔNG TY DỊCH VỤ VIỄN THÔNG,Công Ty TNHH MTV Huy Vũ
606736,muavao,1,20000.00,2023-10-31 17:00:00,TRUNG TÂM KINH DOANH VNPT - GIA LAI - CHI NHÁNH TỔNG CÔNG TY DỊCH VỤ VIỄN THÔNG,Công Ty TNHH MTV Huy Vũ
606688,muavao,1,24545.00,2023-10-31 17:00:00,TRUNG TÂM KINH DOANH VNPT - GIA LAI - CHI NHÁNH TỔNG CÔNG TY DỊCH VỤ VIỄN THÔNG,Công Ty  TNHH MTV Huy Vũ
606687,muavao,1,23800.00,2023-10-31 17:00:00,TRUNG TÂM KINH DOANH VNPT - GIA LAI - CHI NHÁNH TỔNG CÔNG TY DỊCH VỤ VIỄN THÔNG,Công Ty TNHH MTV  Huy Vũ
606509,muavao,1,233636.00,2023-10-31 17:00:00,TRUNG TÂM KINH DOANH VNPT - GIA LAI - CHI NHÁNH TỔNG CÔNG TY DỊCH VỤ VIỄN THÔNG,Cửa Hàng Máy Tình Trường Sơn
222189,muavao,1,9875454.00,2023-10-31 17:00:00,Chi nhánh Công ty TNHH phân phối Synnex FPT,Công ty TNHH MTV Huy Vũ
163597,muavao,1,84430.00,2023-10-31 17:00:00,Ngân hàng TMCP Sài Gòn Thương Tín - Chi nhánh Gia Lai,CONG TY TNHH MTV HUY VU
163596,muavao,1,147752.00,2023-10-31 17:00:00,Ngân hàng TMCP Sài Gòn Thương Tín - Chi nhánh Gia Lai,CONG TY TNHH MTV HUY VU
163595,muavao,1,247549.00,2023-10-31 17:00:00,Ngân hàng TMCP Sài Gòn Thương Tín - Chi nhánh Gia Lai,CONG TY TNHH MTV HUY VU
163594,muavao,1,442370.00,2023-10-31 17:00:00,Ngân hàng TMCP Sài Gòn Thương Tín - Chi nhánh Gia Lai,CONG TY TNHH MTV HUY VU
163593,muavao,1,542039.00,2023-10-31 17:00:00,Ngân hàng TMCP Sài Gòn Thương Tín - Chi nhánh Gia Lai,CONG TY TNHH MTV HUY VU
163592,muavao,1,1226871.00,2023-10-31 17:00:00,Ngân hàng TMCP Sài Gòn Thương Tín - Chi nhánh Gia Lai,CONG TY TNHH MTV HUY VU
163591,muavao,1,654331.00,2023-10-31 17:00:00,Ngân hàng TMCP Sài Gòn Thương Tín - Chi nhánh Gia Lai,CONG TY TNHH MTV HUY VU
163590,muavao,1,633224.00,2023-10-31 17:00:00,Ngân hàng TMCP Sài Gòn Thương Tín - Chi nhánh Gia Lai,CONG TY TNHH MTV HUY VU
163589,muavao,1,1266447.00,2023-10-31 17:00:00,Ngân hàng TMCP Sài Gòn Thương Tín - Chi nhánh Gia Lai,CONG TY TNHH MTV HUY VU
163588,muavao,1,483371.00,2023-10-31 17:00:00,Ngân hàng TMCP Sài Gòn Thương Tín - Chi nhánh Gia Lai,CONG TY TNHH MTV HUY VU
163587,muavao,1,751808.00,2023-10-31 17:00:00,Ngân hàng TMCP Sài Gòn Thương Tín - Chi nhánh Gia Lai,CONG TY TNHH MTV HUY VU
163586,muavao,1,631495.00,2023-10-31 17:00:00,Ngân hàng TMCP Sài Gòn Thương Tín - Chi nhánh Gia Lai,CONG TY TNHH MTV HUY VU
163585,muavao,1,346374.00,2023-10-31 17:00:00,Ngân hàng TMCP Sài Gòn Thương Tín - Chi nhánh Gia Lai,CONG TY TNHH MTV HUY VU
163584,muavao,1,507927.00,2023-10-31 17:00:00,Ngân hàng TMCP Sài Gòn Thương Tín - Chi nhánh Gia Lai,CONG TY TNHH MTV HUY VU
163583,muavao,1,949835.00,2023-10-31 17:00:00,Ngân hàng TMCP Sài Gòn Thương Tín - Chi nhánh Gia Lai,CONG TY TNHH MTV HUY VU
163582,muavao,1,893225.00,2023-10-31 17:00:00,Ngân hàng TMCP Sài Gòn Thương Tín - Chi nhánh Gia Lai,CONG TY TNHH MTV HUY VU
163581,muavao,1,506578.00,2023-10-31 17:00:00,Ngân hàng TMCP Sài Gòn Thương Tín - Chi nhánh Gia Lai,CONG TY TNHH MTV HUY VU
163580,muavao,1,525576.00,2023-10-31 17:00:00,Ngân hàng TMCP Sài Gòn Thương Tín - Chi nhánh Gia Lai,CONG TY TNHH MTV HUY VU
163579,muavao,1,504046.00,2023-10-31 17:00:00,Ngân hàng TMCP Sài Gòn Thương Tín - Chi nhánh Gia Lai,CONG TY TNHH MTV HUY VU
163578,muavao,1,352262.00,2023-10-31 17:00:00,Ngân hàng TMCP Sài Gòn Thương Tín - Chi nhánh Gia Lai,CONG TY TNHH MTV HUY VU
163577,muavao,1,316611.00,2023-10-31 17:00:00,Ngân hàng TMCP Sài Gòn Thương Tín - Chi nhánh Gia Lai,CONG TY TNHH MTV HUY VU
163576,muavao,1,465742.00,2023-10-31 17:00:00,Ngân hàng TMCP Sài Gòn Thương Tín - Chi nhánh Gia Lai,CONG TY TNHH MTV HUY VU
163575,muavao,1,769366.00,2023-10-31 17:00:00,Ngân hàng TMCP Sài Gòn Thương Tín - Chi nhánh Gia Lai,CONG TY TNHH MTV HUY VU
163574,muavao,1,755309.00,2023-10-31 17:00:00,Ngân hàng TMCP Sài Gòn Thương Tín - Chi nhánh Gia Lai,CONG TY TNHH MTV HUY VU
80169,muavao,1,29579091.00,2023-10-31 17:00:00,CÔNG TY TNHH MỘT THÀNH VIÊN CÔNG NGHỆ TIN HỌC VIỄN SƠN,CÔNG TY TNHH MỘT THÀNH VIÊN HUY VŨ
7421,muavao,1,25000.00,2023-10-31 17:00:00,Ngân hàng TMCP Sài Gòn Thương Tín - Chi nhánh Gia Lai,CONG TY TNHH MTV HUY VU
2951,muavao,1,2700000.00,2023-10-31 17:00:00,CÔNG TY TNHH GIẢI PHÁP FINGERTAS,CÔNG TY TNHH MỘT THÀNH VIÊN HUY VŨ
1077,muavao,1,28909091.00,2023-10-31 17:00:00,CHI NHÁNH CÔNG TY CỔ PHẦN ĐẦU TƯ VÀ PHÁT TRIỂN CÔNG NGHỆ QUỐC GIA ADG TẠI ĐÀ NẴNG,Công Ty TNHH Một Thành Viên Huy Vũ
1076,muavao,1,14454545.00,2023-10-31 17:00:00,CHI NHÁNH CÔNG TY CỔ PHẦN ĐẦU TƯ VÀ PHÁT TRIỂN CÔNG NGHỆ QUỐC GIA ADG TẠI ĐÀ NẴNG,Công Ty TNHH Một Thành Viên Huy Vũ
69422,muavao,1,120000.00,2023-12-30 17:00:00,NGAN HANG TMCP PHAT TRIEN THANH PHO HO CHI MINH,CONG TY TNHH MOT THANH VIEN HUY VU
442810,muavao,1,454545.00,2023-12-29 17:00:00,CÔNG TY TNHH MTV XĂNG DẦU BẮC TÂY NGUYÊN,CÔNG TY TNHH MỘT THÀNH VIÊN HUY VŨ
131337,muavao,1,4704545.00,2023-12-29 17:00:00,CÔNG TY CỔ PHẦN DỊCH VỤ PHÂN PHỐI TỔNG HỢP DẦU KHÍ,Công ty TNHH  Một Thành Viên Huy Vũ
131197,muavao,1,10000000.00,2023-12-29 17:00:00,CÔNG TY CỔ PHẦN DỊCH VỤ PHÂN PHỐI TỔNG HỢP DẦU KHÍ,Công ty TNHH  Một Thành Viên Huy Vũ
32665,muavao,1,180000.00,2023-12-29 17:00:00,Ngân hàng Thương mại Cổ phần Đầu tư và Phát triển Việt Nam - Chi nhánh Gia Lai,CONG TY TNHH MTV HUY VU
4635,muavao,1,1118000.00,2023-12-29 17:00:00,CÔNG TY TNHH MTV Ô TÔ GIA LAI,CÔNG TY TNHH MỘT THÀNH VIÊN HUY VŨ
4210,muavao,1,19601853.00,2023-12-29 17:00:00,Chi nhánh Công ty Cổ phần thương mại Tin học Hưng Long,CÔNG TY TNHH MỘT THÀNH VIÊN  HUY VŨ
194903,muavao,1,23000.00,2023-12-28 17:00:00,Ngân hàng TMCP Sài Gòn Thương Tín - Chi nhánh Gia Lai,CONG TY TNHH MTV HUY VU
194902,muavao,1,23000.00,2023-12-28 17:00:00,Ngân hàng TMCP Sài Gòn Thương Tín - Chi nhánh Gia Lai,CONG TY TNHH MTV HUY VU
194896,muavao,1,19000.00,2023-12-28 17:00:00,Ngân hàng TMCP Sài Gòn Thương Tín - Chi nhánh Gia Lai,CONG TY TNHH MTV HUY VU
194832,muavao,1,20000.00,2023-12-28 17:00:00,Ngân hàng TMCP Sài Gòn Thương Tín - Chi nhánh Gia Lai,CONG TY TNHH MTV HUY VU
51771,muavao,1,964498.00,2023-12-28 17:00:00,CÔNG TY CỔ PHẦN CÔNG NGHỆ VI MÔ,CÔNG TY TNHH MỘT THÀNH VIÊN HUY VŨ
22627,muavao,1,173500000.00,2023-12-28 17:00:00,CÔNG TY CỔ PHẦN ĐẦU TƯ LBM,CÔNG TY TNHH MỘT THÀNH VIÊN HUY VŨ
10650,muavao,1,10109091.00,2023-12-28 17:00:00,CÔNG TY TNHH THƯƠNG MẠI DỊCH VỤ TIN HỌC ANH PHƯƠNG A.P.C.O.M,CÔNG TY TNHH MỘT THÀNH VIÊN HUY VŨ
8911,muavao,1,950000.00,2023-12-28 17:00:00,Ngân hàng TMCP Sài Gòn Thương Tín - Chi nhánh Gia Lai,CONG TY TNHH MTV HUY VU
6442,muavao,1,272728.00,2023-12-28 17:00:00,CÔNG TY CỔ PHẦN MÁY TÍNH VĨNH XUÂN - CHI NHÁNH ĐÀ NẴNG,CÔNG TY TNHH MỘT THÀNH VIÊN HUY VŨ
4194,muavao,1,2704545.00,2023-12-28 17:00:00,Chi nhánh Công ty Cổ phần thương mại Tin học Hưng Long,CÔNG TY TNHH MỘT THÀNH VIÊN  HUY VŨ
4193,muavao,1,5684259.00,2023-12-28 17:00:00,Chi nhánh Công ty Cổ phần thương mại Tin học Hưng Long,CÔNG TY TNHH MỘT THÀNH VIÊN  HUY VŨ
3617,muavao,1,4750000.00,2023-12-28 17:00:00,CÔNG TY TNHH GIẢI PHÁP FINGERTAS,CÔNG TY TNHH MỘT THÀNH VIÊN HUY VŨ
421,muavao,1,44713634.00,2023-12-28 17:00:00,CÔNG TY TNHH ĐIỆN TỬ TIN HỌC KIM PHÁT,Công Ty Trách Nhiệm Hữu Hạn một thành viên Huy Vũ
502340,muavao,1,1851860.00,2023-12-27 17:00:00,CÔNG TY CỔ PHẦN THẾ GIỚI SỐ,Công Ty TNHH MTV Huy Vũ
194493,muavao,1,19000.00,2023-12-27 17:00:00,Ngân hàng TMCP Sài Gòn Thương Tín - Chi nhánh Gia Lai,CONG TY TNHH MTV HUY VU
194492,muavao,1,19000.00,2023-12-27 17:00:00,Ngân hàng TMCP Sài Gòn Thương Tín - Chi nhánh Gia Lai,CONG TY TNHH MTV HUY VU
130556,muavao,1,38454545.00,2023-12-27 17:00:00,CÔNG TY CỔ PHẦN DỊCH VỤ PHÂN PHỐI TỔNG HỢP DẦU KHÍ,Công ty TNHH  Một Thành Viên Huy Vũ
130549,muavao,1,25636364.00,2023-12-27 17:00:00,CÔNG TY CỔ PHẦN DỊCH VỤ PHÂN PHỐI TỔNG HỢP DẦU KHÍ,Công ty TNHH  Một Thành Viên Huy Vũ
130479,muavao,1,4545455.00,2023-12-27 17:00:00,CÔNG TY CỔ PHẦN DỊCH VỤ PHÂN PHỐI TỔNG HỢP DẦU KHÍ,Công ty TNHH  Một Thành Viên Huy Vũ
130432,muavao,1,57909091.00,2023-12-27 17:00:00,CÔNG TY CỔ PHẦN DỊCH VỤ PHÂN PHỐI TỔNG HỢP DẦU KHÍ,Công ty TNHH  Một Thành Viên Huy Vũ
66916,muavao,1,5363636.00,2023-12-27 17:00:00,CÔNG TY TNHH VI TÍNH NGUYÊN KIM,CÔNG TY TNHH MỘT THÀNH VIÊN HUY VŨ
6261,muavao,1,32465454.00,2023-12-27 17:00:00,CÔNG TY TNHH PHÂN PHỐI PHƯƠNG VIỆT,CÔNG TY TNHH MỘT THÀNH VIÊN HUY VŨ
2992,muavao,1,18100000.00,2023-12-27 17:00:00,CÔNG TY TNHH THƯƠNG MẠI KỸ THUẬT DIỆP KHÁNH,Công ty TNHH MTV Huy Vũ
1529,muavao,1,13300000.00,2023-12-27 17:00:00,CÔNG TY CỔ PHẦN ĐẦU TƯ & THƯƠNG MẠI ĐẠI PHÁT,CÔNG TY TNHH MỘT THÀNH VIÊN HUY VŨ
1396,muavao,1,3528705.00,2023-12-27 17:00:00,Công Ty TNHH Công Nghệ Và Thương Mại Mai Khanh,Công Ty TNHH Một Thành Viên Huy Vũ
502291,muavao,1,14090909.00,2023-12-26 17:00:00,CÔNG TY CỔ PHẦN THẾ GIỚI SỐ,Công Ty TNHH MTV Huy Vũ
502163,muavao,1,42400000.00,2023-12-26 17:00:00,CÔNG TY CỔ PHẦN THẾ GIỚI SỐ,Công Ty TNHH MTV Huy Vũ
501362,muavao,1,5754544.00,2023-12-26 17:00:00,CÔNG TY CỔ PHẦN THẾ GIỚI SỐ,Công Ty TNHH MTV Huy Vũ
251558,muavao,1,44411375.00,2023-12-26 17:00:00,Chi nhánh Công ty TNHH phân phối Synnex FPT,Công ty TNHH MTV Huy Vũ
194151,muavao,1,19000.00,2023-12-26 17:00:00,Ngân hàng TMCP Sài Gòn Thương Tín - Chi nhánh Gia Lai,CONG TY TNHH MTV HUY VU
193833,muavao,1,125000.00,2023-12-26 17:00:00,Ngân hàng TMCP Sài Gòn Thương Tín - Chi nhánh Gia Lai,CONG TY TNHH MTV HUY VU
193264,muavao,1,19000.00,2023-12-26 17:00:00,Ngân hàng TMCP Sài Gòn Thương Tín - Chi nhánh Gia Lai,CONG TY TNHH MTV HUY VU
193263,muavao,1,19000.00,2023-12-26 17:00:00,Ngân hàng TMCP Sài Gòn Thương Tín - Chi nhánh Gia Lai,CONG TY TNHH MTV HUY VU
190520,muavao,1,10474541.00,2023-12-26 17:00:00,Công ty TNHH Phân phối Synnex FPT,Công ty TNHH MTV Huy Vũ
90771,muavao,1,-6154545.00,2023-12-26 17:00:00,CÔNG TY TNHH MỘT THÀNH VIÊN CÔNG NGHỆ TIN HỌC VIỄN SƠN,CÔNG TY TNHH MỘT THÀNH VIÊN HUY VŨ
8659,muavao,1,40000.00,2023-12-20 17:00:00,Ngân hàng TMCP Sài Gòn Thương Tín - Chi nhánh Gia Lai,CONG TY TNHH MTV HUY VU
90770,muavao,1,127877273.00,2023-12-26 17:00:00,CÔNG TY TNHH MỘT THÀNH VIÊN CÔNG NGHỆ TIN HỌC VIỄN SƠN,CÔNG TY TNHH MỘT THÀNH VIÊN HUY VŨ
12145,muavao,1,9545455.00,2023-12-26 17:00:00,CÔNG TY CỔ PHẦN THIẾT BỊ VĂN PHÒNG NGUYỄN ĐỨC,CÔNG TY TNHH MTV HUY VŨ
8795,muavao,1,15000.00,2023-12-26 17:00:00,Ngân hàng TMCP Sài Gòn Thương Tín - Chi nhánh Gia Lai,CONG TY TNHH MTV HUY VU
6890,muavao,1,3409091.00,2023-12-26 17:00:00,CÔNG TY CỔ PHẦN ĐẦU TƯ PHÁT TRIỂN CÔNG NGHỆ ROBO,CÔNG TY TNHH MỘT THÀNH VIÊN HUY VŨ
3550,muavao,1,7500000.00,2023-12-26 17:00:00,CÔNG TY TNHH A.B.M,CÔNG TY TNHH MỘT THÀNH VIÊN HUY VŨ
3395,muavao,1,410060.00,2023-12-26 17:00:00,CÔNG TY TNHH TM DV VĂN PHÒNG PHẨM SƠN THỦY,CÔNG TY TNHH MTV HUY VŨ
2845,muavao,1,1530000.00,2023-12-26 17:00:00,CÔNG TY TNHH THƯƠNG MẠI DỊCH VỤ SẢN XUẤT XUẤT NHẬP KHẨU MỰC IN VIỆT NHẬT,CÔNG TY TNHH MỘT THÀNH VIÊN HUY VŨ
500706,muavao,1,0.00,2023-12-25 17:00:00,CÔNG TY CỔ PHẦN THẾ GIỚI SỐ,Công Ty TNHH MTV Huy Vũ
500682,muavao,1,75711455.00,2023-12-25 17:00:00,CÔNG TY CỔ PHẦN THẾ GIỚI SỐ,Công Ty TNHH MTV Huy Vũ
129945,muavao,5,25454546.00,2023-12-25 17:00:00,CÔNG TY CỔ PHẦN DỊCH VỤ PHÂN PHỐI TỔNG HỢP DẦU KHÍ,Công ty TNHH  Một Thành Viên Huy Vũ
28300,muavao,1,15810909.00,2023-12-25 17:00:00,CÔNG TY CỔ PHẦN TIN HỌC VIẾT SƠN,CÔNG TY TNHH MỘT THÀNH VIÊN  HUY VŨ
9997,muavao,1,6336364.00,2023-12-25 17:00:00,CÔNG TY TNHH PHÂN PHỐI CÔNG NGHỆ VÀ DỊCH VỤ MỚI RỒNG VIỆT,CÔNG TY TNHH MỘT THÀNH VIÊN HUY VŨ
2956,muavao,1,6895455.00,2023-12-24 17:00:00,CHI NHÁNH CÔNG TY TNHH CÔNG NGHỆ VÀ THƯƠNG MẠI Á MỸ,CÔNG TY TNHH MỘT THÀNH VIÊN HUY VŨ
410,muavao,1,9254546.00,2023-12-24 17:00:00,CÔNG TY TNHH ĐIỆN TỬ TIN HỌC KIM PHÁT,Công Ty Trách Nhiệm Hữu Hạn một thành viên Huy Vũ
28158,muavao,1,2954545.00,2023-12-22 17:00:00,CÔNG TY CỔ PHẦN TIN HỌC VIẾT SƠN,CÔNG TY TNHH MỘT THÀNH VIÊN  HUY VŨ
129015,muavao,1,40068180.00,2023-12-21 17:00:00,CÔNG TY CỔ PHẦN DỊCH VỤ PHÂN PHỐI TỔNG HỢP DẦU KHÍ,Công ty TNHH  Một Thành Viên Huy Vũ
91343,muavao,1,1541816.00,2023-12-21 17:00:00,Công ty TNHH TP-Link Technologies Việt Nam,CÔNG TY TNHH MỘT THÀNH VIÊN HUY VŨ
247543,muavao,1,30000000.00,2023-12-20 17:00:00,Chi nhánh Công ty TNHH phân phối Synnex FPT,Công ty TNHH MTV Huy Vũ
189916,muavao,1,449215.00,2023-12-20 17:00:00,Ngân hàng TMCP Sài Gòn Thương Tín - Chi nhánh Gia Lai,CONG TY TNHH MTV HUY VU
89585,muavao,1,15363636.00,2023-12-20 17:00:00,CÔNG TY TNHH MỘT THÀNH VIÊN CÔNG NGHỆ TIN HỌC VIỄN SƠN,CÔNG TY TNHH MỘT THÀNH VIÊN HUY VŨ
14043,muavao,1,2603000.00,2023-12-20 17:00:00,CÔNG TY CỔ PHẦN GIẢI PHÁP TIN HỌC ÁNH DƯƠNG,CÔNG TY TNHH MỘT THÀNH VIÊN HUY VŨ
14019,muavao,1,11775000.00,2023-12-20 17:00:00,CÔNG TY CỔ PHẦN GIẢI PHÁP TIN HỌC ÁNH DƯƠNG,CÔNG TY TNHH MỘT THÀNH VIÊN HUY VŨ
8658,muavao,1,23000.00,2023-12-20 17:00:00,Ngân hàng TMCP Sài Gòn Thương Tín - Chi nhánh Gia Lai,CONG TY TNHH MTV HUY VU
3426,muavao,1,0.00,2023-12-20 17:00:00,CÔNG TY TNHH BROTHER INTERNATIONAL (VIỆT NAM),CÔNG TY TNHH MỘT THÀNH VIÊN HUY VŨ
211,muavao,1,4500000.00,2023-12-20 17:00:00,CÔNG TY TNHH FINTECS,CÔNG TY TNHH MỘT THÀNH VIÊN HUY VŨ
494848,muavao,1,3422713.00,2023-12-19 17:00:00,CÔNG TY CỔ PHẦN THẾ GIỚI SỐ,Công Ty TNHH MTV Huy Vũ
494469,muavao,1,108339998.00,2023-12-19 17:00:00,CÔNG TY CỔ PHẦN THẾ GIỚI SỐ,Công Ty TNHH MTV Huy Vũ
27932,muavao,1,26199996.00,2023-12-19 17:00:00,CÔNG TY CỔ PHẦN TIN HỌC VIẾT SƠN,CÔNG TY TNHH MỘT THÀNH VIÊN  HUY VŨ
11886,muavao,1,4636364.00,2023-12-19 17:00:00,CÔNG TY CỔ PHẦN THIẾT BỊ VĂN PHÒNG NGUYỄN ĐỨC,CÔNG TY TNHH MTV HUY VŨ
5383,muavao,1,24465454.00,2023-12-19 17:00:00,CHI NHÁNH CÔNG TY CỔ PHẦN THẾ GIỚI SỐ TẠI ĐÀ NẴNG,Công Ty TNHH MTV Huy Vũ
2012,muavao,1,9272727.00,2023-12-19 17:00:00,CÔNG TY TNHH XUẤT NHẬP KHẨU LÊ TRẦN GIA,CÔNG TY TNHH MỘT THÀNH VIÊN HUY VŨ
493445,muavao,1,54712725.00,2023-12-18 17:00:00,CÔNG TY CỔ PHẦN THẾ GIỚI SỐ,Công Ty TNHH MTV Huy Vũ
427543,muavao,1,454643.00,2023-12-18 17:00:00,CÔNG TY TNHH MTV XĂNG DẦU BẮC TÂY NGUYÊN,CÔNG TY TNHH MỘT THÀNH VIÊN HUY VŨ
188781,muavao,1,19000.00,2023-12-18 17:00:00,Ngân hàng TMCP Sài Gòn Thương Tín - Chi nhánh Gia Lai,CONG TY TNHH MTV HUY VU
184636,muavao,1,32363636.00,2023-12-18 17:00:00,Công ty TNHH Phân phối Synnex FPT,Công ty TNHH MTV Huy Vũ
127198,muavao,5,21090909.00,2023-12-18 17:00:00,CÔNG TY CỔ PHẦN DỊCH VỤ PHÂN PHỐI TỔNG HỢP DẦU KHÍ,Công ty TNHH  Một Thành Viên Huy Vũ
89061,muavao,1,30772727.00,2023-12-18 17:00:00,CÔNG TY TNHH MỘT THÀNH VIÊN CÔNG NGHỆ TIN HỌC VIỄN SƠN,CÔNG TY TNHH MỘT THÀNH VIÊN HUY VŨ
21424,muavao,1,69400000.00,2023-12-18 17:00:00,CÔNG TY CỔ PHẦN ĐẦU TƯ LBM,CÔNG TY TNHH MỘT THÀNH VIÊN HUY VŨ
11845,muavao,1,5592593.00,2023-12-18 17:00:00,CÔNG TY CỔ PHẦN THIẾT BỊ VĂN PHÒNG NGUYỄN ĐỨC,CÔNG TY TNHH MTV HUY VŨ
6684,muavao,1,3409091.00,2023-12-18 17:00:00,CÔNG TY CỔ PHẦN ĐẦU TƯ PHÁT TRIỂN CÔNG NGHỆ ROBO,CÔNG TY TNHH MỘT THÀNH VIÊN HUY VŨ
2221,muavao,1,11072727.00,2023-12-18 17:00:00,CÔNG TY CỔ PHẦN RIOTECH,CÔNG TY TNHH MỘT THÀNH VIÊN HUY VŨ
1677,muavao,1,21818182.00,2023-12-18 17:00:00,CHI NHÁNH CÔNG TY CỔ PHẦN HUETRONICS (TỈNH THỪA THIÊN HUẾ),CÔNG TY TNHH MỘT THÀNH VIÊN HUY VŨ
188245,muavao,1,455242.00,2023-12-17 17:00:00,Ngân hàng TMCP Sài Gòn Thương Tín - Chi nhánh Gia Lai,CONG TY TNHH MTV HUY VU
188243,muavao,1,189863.00,2023-12-17 17:00:00,Ngân hàng TMCP Sài Gòn Thương Tín - Chi nhánh Gia Lai,CONG TY TNHH MTV HUY VU
188241,muavao,1,359544.00,2023-12-17 17:00:00,Ngân hàng TMCP Sài Gòn Thương Tín - Chi nhánh Gia Lai,CONG TY TNHH MTV HUY VU
188238,muavao,1,341943.00,2023-12-17 17:00:00,Ngân hàng TMCP Sài Gòn Thương Tín - Chi nhánh Gia Lai,CONG TY TNHH MTV HUY VU
188237,muavao,1,420888.00,2023-12-17 17:00:00,Ngân hàng TMCP Sài Gòn Thương Tín - Chi nhánh Gia Lai,CONG TY TNHH MTV HUY VU
188235,muavao,1,395447.00,2023-12-17 17:00:00,Ngân hàng TMCP Sài Gòn Thương Tín - Chi nhánh Gia Lai,CONG TY TNHH MTV HUY VU
188232,muavao,1,189863.00,2023-12-17 17:00:00,Ngân hàng TMCP Sài Gòn Thương Tín - Chi nhánh Gia Lai,CONG TY TNHH MTV HUY VU
188230,muavao,1,384081.00,2023-12-17 17:00:00,Ngân hàng TMCP Sài Gòn Thương Tín - Chi nhánh Gia Lai,CONG TY TNHH MTV HUY VU
188229,muavao,1,379726.00,2023-12-17 17:00:00,Ngân hàng TMCP Sài Gòn Thương Tín - Chi nhánh Gia Lai,CONG TY TNHH MTV HUY VU
188227,muavao,1,379726.00,2023-12-17 17:00:00,Ngân hàng TMCP Sài Gòn Thương Tín - Chi nhánh Gia Lai,CONG TY TNHH MTV HUY VU
188226,muavao,1,445343.00,2023-12-17 17:00:00,Ngân hàng TMCP Sài Gòn Thương Tín - Chi nhánh Gia Lai,CONG TY TNHH MTV HUY VU
188225,muavao,1,568450.00,2023-12-17 17:00:00,Ngân hàng TMCP Sài Gòn Thương Tín - Chi nhánh Gia Lai,CONG TY TNHH MTV HUY VU
188223,muavao,1,406307.00,2023-12-17 17:00:00,Ngân hàng TMCP Sài Gòn Thương Tín - Chi nhánh Gia Lai,CONG TY TNHH MTV HUY VU
188221,muavao,1,855529.00,2023-12-17 17:00:00,Ngân hàng TMCP Sài Gòn Thương Tín - Chi nhánh Gia Lai,CONG TY TNHH MTV HUY VU
187811,muavao,1,19000.00,2023-12-17 17:00:00,Ngân hàng TMCP Sài Gòn Thương Tín - Chi nhánh Gia Lai,CONG TY TNHH MTV HUY VU
187783,muavao,1,19000.00,2023-12-17 17:00:00,Ngân hàng TMCP Sài Gòn Thương Tín - Chi nhánh Gia Lai,CONG TY TNHH MTV HUY VU
126545,muavao,1,5590909.00,2023-12-17 17:00:00,CÔNG TY CỔ PHẦN DỊCH VỤ PHÂN PHỐI TỔNG HỢP DẦU KHÍ,Công ty TNHH  Một Thành Viên Huy Vũ
22979,muavao,1,6131819.00,2023-12-17 17:00:00,CÔNG TY CỔ PHẦN MÁY TÍNH VĨNH XUÂN - CHI NHÁNH THÀNH PHỐ HỒ CHÍ MINH,CÔNG TY TNHH MỘT THÀNH VIÊN HUY VŨ
10268,muavao,1,5727273.00,2023-12-17 17:00:00,CÔNG TY TNHH THƯƠNG MẠI DỊCH VỤ TIN HỌC ANH PHƯƠNG A.P.C.O.M,CÔNG TY TNHH MỘT THÀNH VIÊN HUY VŨ
8037,muavao,1,10077267.00,2023-12-17 17:00:00,CÔNG TY TNHH THƯƠNG MẠI DỊCH VỤ QUỐC VIỆT,Công Ty TNHH Một Thành Viên Huy Vũ
7336,muavao,1,263181818.00,2023-12-17 17:00:00,Công ty TNHH Tin Học Kim Thiên Bảo,CÔNG TY TNHH MỘT THÀNH VIÊN HUY VŨ
6237,muavao,1,2381818.00,2023-12-17 17:00:00,CÔNG TY CỔ PHẦN MÁY TÍNH VĨNH XUÂN - CHI NHÁNH ĐÀ NẴNG,CÔNG TY TNHH MỘT THÀNH VIÊN HUY VŨ
6010,muavao,1,14882726.00,2023-12-17 17:00:00,CÔNG TY TNHH PHÂN PHỐI PHƯƠNG VIỆT,CÔNG TY TNHH MỘT THÀNH VIÊN HUY VŨ
1251,muavao,1,60000000.00,2023-12-17 17:00:00,CHI NHÁNH CÔNG TY CỔ PHẦN ĐẦU TƯ VÀ PHÁT TRIỂN CÔNG NGHỆ QUỐC GIA ADG TẠI ĐÀ NẴNG,Công Ty TNHH Một Thành Viên Huy Vũ
404,muavao,1,55228183.00,2023-12-17 17:00:00,CÔNG TY TNHH ĐIỆN TỬ TIN HỌC KIM PHÁT,Công Ty Trách Nhiệm Hữu Hạn một thành viên Huy Vũ
184345,muavao,1,20674546.00,2023-12-15 17:00:00,Công ty TNHH Phân phối Synnex FPT,Công ty TNHH MTV Huy Vũ
3391,muavao,1,2363000.00,2023-12-15 17:00:00,CHI NHÁNH CÔNG TY TNHH THƯƠNG MẠI - ĐẦU TƯ VÀ PHÁT TRIỂN,Công Ty TNHH MTV Huy Vũ
186634,muavao,1,316438.00,2023-12-14 17:00:00,Ngân hàng TMCP Sài Gòn Thương Tín - Chi nhánh Gia Lai,CONG TY TNHH MTV HUY VU
186631,muavao,1,276194.00,2023-12-14 17:00:00,Ngân hàng TMCP Sài Gòn Thương Tín - Chi nhánh Gia Lai,CONG TY TNHH MTV HUY VU
22900,muavao,1,9145455.00,2023-12-14 17:00:00,CÔNG TY CỔ PHẦN MÁY TÍNH VĨNH XUÂN - CHI NHÁNH THÀNH PHỐ HỒ CHÍ MINH,CÔNG TY TNHH MỘT THÀNH VIÊN HUY VŨ
8539,muavao,1,23000.00,2023-12-14 17:00:00,Ngân hàng TMCP Sài Gòn Thương Tín - Chi nhánh Gia Lai,CONG TY TNHH MTV HUY VU
8538,muavao,1,23000.00,2023-12-14 17:00:00,Ngân hàng TMCP Sài Gòn Thương Tín - Chi nhánh Gia Lai,CONG TY TNHH MTV HUY VU
8537,muavao,1,23000.00,2023-12-14 17:00:00,Ngân hàng TMCP Sài Gòn Thương Tín - Chi nhánh Gia Lai,CONG TY TNHH MTV HUY VU
8536,muavao,1,23000.00,2023-12-14 17:00:00,Ngân hàng TMCP Sài Gòn Thương Tín - Chi nhánh Gia Lai,CONG TY TNHH MTV HUY VU
12072,muavao,1,14581817.00,2023-12-13 17:00:00,CÔNG TY TNHH PHƯƠNG KHANG COMPUTER,CÔNG TY TNHH MỘT THÀNH VIÊN HUY VŨ
6589,muavao,1,2818182.00,2023-12-13 17:00:00,CÔNG TY CỔ PHẦN ĐẦU TƯ PHÁT TRIỂN CÔNG NGHỆ ROBO,CÔNG TY TNHH MỘT THÀNH VIÊN HUY VŨ
487780,muavao,1,24735445.00,2023-12-12 17:00:00,CÔNG TY CỔ PHẦN THẾ GIỚI SỐ,Công Ty TNHH MTV Huy Vũ
88227,muavao,1,15181818.00,2023-12-12 17:00:00,CÔNG TY TNHH MỘT THÀNH VIÊN CÔNG NGHỆ TIN HỌC VIỄN SƠN,CÔNG TY TNHH MỘT THÀNH VIÊN HUY VŨ
88220,muavao,1,22354545.00,2023-12-12 17:00:00,CÔNG TY TNHH MỘT THÀNH VIÊN CÔNG NGHỆ TIN HỌC VIỄN SƠN,CÔNG TY TNHH MỘT THÀNH VIÊN HUY VŨ
6204,muavao,1,24318181.00,2023-12-12 17:00:00,CÔNG TY CỔ PHẦN MÁY TÍNH VĨNH XUÂN - CHI NHÁNH ĐÀ NẴNG,CÔNG TY TNHH MỘT THÀNH VIÊN HUY VŨ
78232887,muavao,1,17335521.00,2023-12-11 17:00:00,NGÂN HÀNG TMCP Á CHÂU,CTY TNHH MTV HUY VU
487626,muavao,1,42000000.00,2023-12-11 17:00:00,CÔNG TY CỔ PHẦN THẾ GIỚI SỐ,Công Ty TNHH MTV Huy Vũ
487586,muavao,1,29792727.00,2023-12-11 17:00:00,CÔNG TY CỔ PHẦN THẾ GIỚI SỐ,Công Ty TNHH MTV Huy Vũ
184666,muavao,1,406507.00,2023-12-11 17:00:00,Ngân hàng TMCP Sài Gòn Thương Tín - Chi nhánh Gia Lai,CONG TY TNHH MTV HUY VU
184577,muavao,1,19000.00,2023-12-11 17:00:00,Ngân hàng TMCP Sài Gòn Thương Tín - Chi nhánh Gia Lai,CONG TY TNHH MTV HUY VU
184526,muavao,1,19000.00,2023-12-11 17:00:00,Ngân hàng TMCP Sài Gòn Thương Tín - Chi nhánh Gia Lai,CONG TY TNHH MTV HUY VU
184517,muavao,1,19000.00,2023-12-11 17:00:00,Ngân hàng TMCP Sài Gòn Thương Tín - Chi nhánh Gia Lai,CONG TY TNHH MTV HUY VU
181836,muavao,1,28085259.00,2023-12-11 17:00:00,Công ty TNHH Phân phối Synnex FPT,Công ty TNHH MTV Huy Vũ
181835,muavao,1,5345456.00,2023-12-11 17:00:00,Công ty TNHH Phân phối Synnex FPT,Công ty TNHH MTV Huy Vũ
8872,muavao,1,15440001.00,2023-12-11 17:00:00,CHI NHÁNH CÔNG TY CỔ PHẦN KỸ THUẬT CÔNG NGHỆ NAM THÀNH,Công ty TNHH  Một Thành Viên Huy Vũ
8425,muavao,1,38404.00,2023-12-11 17:00:00,Ngân hàng TMCP Sài Gòn Thương Tín - Chi nhánh Gia Lai,CONG TY TNHH MTV HUY VU
8424,muavao,1,40000.00,2023-12-11 17:00:00,Ngân hàng TMCP Sài Gòn Thương Tín - Chi nhánh Gia Lai,CONG TY TNHH MTV HUY VU
186,muavao,1,1063635.00,2023-12-11 17:00:00,CÔNG TY CỔ PHẦN ĐẦU TƯ CÔNG NGHỆ ANH NGUYÊN,CÔNG TY TNHH MỘT THÀNH VIÊN HUY VŨ
125212,muavao,1,60000000.00,2023-12-10 17:00:00,CÔNG TY CỔ PHẦN DỊCH VỤ PHÂN PHỐI TỔNG HỢP DẦU KHÍ,Công ty TNHH  Một Thành Viên Huy Vũ
125161,muavao,1,11181818.00,2023-12-10 17:00:00,CÔNG TY CỔ PHẦN DỊCH VỤ PHÂN PHỐI TỔNG HỢP DẦU KHÍ,Công ty TNHH  Một Thành Viên Huy Vũ
11569,muavao,1,2796296.00,2023-12-10 17:00:00,CÔNG TY CỔ PHẦN THIẾT BỊ VĂN PHÒNG NGUYỄN ĐỨC,CÔNG TY TNHH MTV HUY VŨ
11568,muavao,1,5727273.00,2023-12-10 17:00:00,CÔNG TY CỔ PHẦN THIẾT BỊ VĂN PHÒNG NGUYỄN ĐỨC,CÔNG TY TNHH MTV HUY VŨ
3330,muavao,1,4724000.00,2023-12-10 17:00:00,CHI NHÁNH CÔNG TY TNHH THƯƠNG MẠI - ĐẦU TƯ VÀ PHÁT TRIỂN,Công Ty TNHH MTV Huy Vũ
77386806,muavao,1,54545.00,2023-12-08 17:00:00,NGÂN HÀNG TMCP Á CHÂU,CTY TNHH MTV HUY VU
414447,muavao,1,454545.00,2023-12-08 17:00:00,CÔNG TY TNHH MTV XĂNG DẦU BẮC TÂY NGUYÊN,CÔNG TY TNHH MỘT THÀNH VIÊN HUY VŨ
3372,muavao,1,1600000.00,2023-12-08 17:00:00,CÔNG TY TNHH GIẢI PHÁP FINGERTAS,CÔNG TY TNHH MỘT THÀNH VIÊN HUY VŨ
1917,muavao,1,9363636.00,2023-12-08 17:00:00,CÔNG TY TNHH XUẤT NHẬP KHẨU LÊ TRẦN GIA,CÔNG TY TNHH MỘT THÀNH VIÊN HUY VŨ
2829,muavao,1,2464814.00,2023-12-07 17:00:00,CHI NHÁNH CÔNG TY TNHH CÔNG NGHỆ VÀ THƯƠNG MẠI Á MỸ,CÔNG TY TNHH MỘT THÀNH VIÊN HUY VŨ
2828,muavao,1,3027273.00,2023-12-07 17:00:00,CHI NHÁNH CÔNG TY TNHH CÔNG NGHỆ VÀ THƯƠNG MẠI Á MỸ,CÔNG TY TNHH MỘT THÀNH VIÊN HUY VŨ
3649,muavao,1,7406000.00,2023-12-06 17:00:00,CÔNG TY TNHH MTV Ô TÔ GIA LAI,CÔNG TY TNHH MỘT THÀNH VIÊN HUY VŨ
11414,muavao,1,28909091.00,2023-12-05 17:00:00,CÔNG TY CỔ PHẦN THIẾT BỊ VĂN PHÒNG NGUYỄN ĐỨC,CÔNG TY TNHH MTV HUY VŨ
2777,muavao,1,654546.00,2023-12-05 17:00:00,CÔNG TY TNHH VIỄN THÔNG HOÀN PHÁT,CÔNG TY TNHH MỘT THÀNH VIÊN HUY VŨ
700584,muavao,1,249636.00,2023-11-30 17:00:00,TRUNG TÂM KINH DOANH VNPT - GIA LAI - CHI NHÁNH TỔNG CÔNG TY DỊCH VỤ VIỄN THÔNG,Công Ty TNHH MTV Huy Vũ
1882,muavao,1,14045455.00,2023-12-05 17:00:00,CÔNG TY TNHH XUẤT NHẬP KHẨU LÊ TRẦN GIA,CÔNG TY TNHH MỘT THÀNH VIÊN HUY VŨ
1629,muavao,1,14045455.00,2023-12-05 17:00:00,CHI NHÁNH CÔNG TY CỔ PHẦN HUETRONICS (TỈNH THỪA THIÊN HUẾ),CÔNG TY TNHH MỘT THÀNH VIÊN HUY VŨ
390,muavao,1,6563636.00,2023-12-05 17:00:00,CÔNG TY TNHH ĐIỆN TỬ TIN HỌC KIM PHÁT,Công Ty Trách Nhiệm Hữu Hạn một thành viên Huy Vũ
780395,muavao,1,235909.00,2023-12-04 17:00:00,CÔNG TY DỊCH VỤ MOBIFONE KHU VỰC 7 - CHI NHÁNH TỔNG CÔNG TY VIỄN THÔNG MOBIFONE,Công ty TNHH MTV Huy Vũ
477022,muavao,1,49255454.00,2023-12-04 17:00:00,CÔNG TY CỔ PHẦN THẾ GIỚI SỐ,Công Ty TNHH MTV Huy Vũ
181147,muavao,1,50135.00,2023-12-04 17:00:00,Ngân hàng TMCP Sài Gòn Thương Tín - Chi nhánh Gia Lai,CONG TY TNHH MTV HUY VU
8628,muavao,1,9652728.00,2023-12-04 17:00:00,CHI NHÁNH CÔNG TY CỔ PHẦN KỸ THUẬT CÔNG NGHỆ NAM THÀNH,Công ty TNHH  Một Thành Viên Huy Vũ
8257,muavao,1,23000.00,2023-12-04 17:00:00,Ngân hàng TMCP Sài Gòn Thương Tín - Chi nhánh Gia Lai,CONG TY TNHH MTV HUY VU
8256,muavao,1,23000.00,2023-12-04 17:00:00,Ngân hàng TMCP Sài Gòn Thương Tín - Chi nhánh Gia Lai,CONG TY TNHH MTV HUY VU
8255,muavao,1,23000.00,2023-12-04 17:00:00,Ngân hàng TMCP Sài Gòn Thương Tín - Chi nhánh Gia Lai,CONG TY TNHH MTV HUY VU
2131,muavao,1,8072727.00,2023-12-04 17:00:00,CÔNG TY CỔ PHẦN RIOTECH,CÔNG TY TNHH MỘT THÀNH VIÊN HUY VŨ
180303,muavao,1,19000.00,2023-12-03 17:00:00,Ngân hàng TMCP Sài Gòn Thương Tín - Chi nhánh Gia Lai,CONG TY TNHH MTV HUY VU
22251,muavao,1,10322727.00,2023-12-03 17:00:00,CÔNG TY CỔ PHẦN MÁY TÍNH VĨNH XUÂN - CHI NHÁNH THÀNH PHỐ HỒ CHÍ MINH,CÔNG TY TNHH MỘT THÀNH VIÊN HUY VŨ
9854,muavao,1,3545455.00,2023-12-03 17:00:00,CÔNG TY TNHH THƯƠNG MẠI DỊCH VỤ TIN HỌC ANH PHƯƠNG A.P.C.O.M,CÔNG TY TNHH MỘT THÀNH VIÊN HUY VŨ
8215,muavao,1,15000.00,2023-12-03 17:00:00,Ngân hàng TMCP Sài Gòn Thương Tín - Chi nhánh Gia Lai,CONG TY TNHH MTV HUY VU
24736342,muavao,1,350000.00,2023-12-01 17:00:00,Tập đoàn Công nghiệp - Viễn thông Quân đội,Công Ty Tnhh Huy Vũ
728296,muavao,1,864378.00,2023-12-01 17:00:00,TRUNG TÂM KINH DOANH VNPT - GIA LAI - CHI NHÁNH TỔNG CÔNG TY DỊCH VỤ VIỄN THÔNG,Công Ty TNHH MTV Huy Vũ
728203,muavao,1,249523.00,2023-12-01 17:00:00,TRUNG TÂM KINH DOANH VNPT - GIA LAI - CHI NHÁNH TỔNG CÔNG TY DỊCH VỤ VIỄN THÔNG,Công Ty TNHH MTV Huy Vũ
728202,muavao,1,503916.00,2023-12-01 17:00:00,TRUNG TÂM KINH DOANH VNPT - GIA LAI - CHI NHÁNH TỔNG CÔNG TY DỊCH VỤ VIỄN THÔNG,Công Ty TNHH MTV Huy Vũ
672644,muavao,1,274000.00,2023-11-30 17:00:00,TRUNG TÂM KINH DOANH VNPT - GIA LAI - CHI NHÁNH TỔNG CÔNG TY DỊCH VỤ VIỄN THÔNG,Công Ty TNHH MTV Huy Vũ
672603,muavao,1,20000.00,2023-11-30 17:00:00,TRUNG TÂM KINH DOANH VNPT - GIA LAI - CHI NHÁNH TỔNG CÔNG TY DỊCH VỤ VIỄN THÔNG,Công Ty TNHH MTV Huy Vũ
672555,muavao,1,24545.00,2023-11-30 17:00:00,TRUNG TÂM KINH DOANH VNPT - GIA LAI - CHI NHÁNH TỔNG CÔNG TY DỊCH VỤ VIỄN THÔNG,Công Ty  TNHH MTV Huy Vũ
672554,muavao,1,23200.00,2023-11-30 17:00:00,TRUNG TÂM KINH DOANH VNPT - GIA LAI - CHI NHÁNH TỔNG CÔNG TY DỊCH VỤ VIỄN THÔNG,Công Ty TNHH MTV  Huy Vũ
672380,muavao,1,233636.00,2023-11-30 17:00:00,TRUNG TÂM KINH DOANH VNPT - GIA LAI - CHI NHÁNH TỔNG CÔNG TY DỊCH VỤ VIỄN THÔNG,Cửa Hàng Máy Tình Trường Sơn
179887,muavao,1,114430.00,2023-11-30 17:00:00,Ngân hàng TMCP Sài Gòn Thương Tín - Chi nhánh Gia Lai,CONG TY TNHH MTV HUY VU
179886,muavao,1,379830.00,2023-11-30 17:00:00,Ngân hàng TMCP Sài Gòn Thương Tín - Chi nhánh Gia Lai,CONG TY TNHH MTV HUY VU
179885,muavao,1,384050.00,2023-11-30 17:00:00,Ngân hàng TMCP Sài Gòn Thương Tín - Chi nhánh Gia Lai,CONG TY TNHH MTV HUY VU
179884,muavao,1,384050.00,2023-11-30 17:00:00,Ngân hàng TMCP Sài Gòn Thương Tín - Chi nhánh Gia Lai,CONG TY TNHH MTV HUY VU
179883,muavao,1,328173.00,2023-11-30 17:00:00,Ngân hàng TMCP Sài Gòn Thương Tín - Chi nhánh Gia Lai,CONG TY TNHH MTV HUY VU
179882,muavao,1,404771.00,2023-11-30 17:00:00,Ngân hàng TMCP Sài Gòn Thương Tín - Chi nhánh Gia Lai,CONG TY TNHH MTV HUY VU
179881,muavao,1,211017.00,2023-11-30 17:00:00,Ngân hàng TMCP Sài Gòn Thương Tín - Chi nhánh Gia Lai,CONG TY TNHH MTV HUY VU
179880,muavao,1,419583.00,2023-11-30 17:00:00,Ngân hàng TMCP Sài Gòn Thương Tín - Chi nhánh Gia Lai,CONG TY TNHH MTV HUY VU
179879,muavao,1,418046.00,2023-11-30 17:00:00,Ngân hàng TMCP Sài Gòn Thương Tín - Chi nhánh Gia Lai,CONG TY TNHH MTV HUY VU
179878,muavao,1,537949.00,2023-11-30 17:00:00,Ngân hàng TMCP Sài Gòn Thương Tín - Chi nhánh Gia Lai,CONG TY TNHH MTV HUY VU
179877,muavao,1,593333.00,2023-11-30 17:00:00,Ngân hàng TMCP Sài Gòn Thương Tín - Chi nhánh Gia Lai,CONG TY TNHH MTV HUY VU
179876,muavao,1,305974.00,2023-11-30 17:00:00,Ngân hàng TMCP Sài Gòn Thương Tín - Chi nhánh Gia Lai,CONG TY TNHH MTV HUY VU
179875,muavao,1,661655.00,2023-11-30 17:00:00,Ngân hàng TMCP Sài Gòn Thương Tín - Chi nhánh Gia Lai,CONG TY TNHH MTV HUY VU
179874,muavao,1,654152.00,2023-11-30 17:00:00,Ngân hàng TMCP Sài Gòn Thương Tín - Chi nhánh Gia Lai,CONG TY TNHH MTV HUY VU
179873,muavao,1,654152.00,2023-11-30 17:00:00,Ngân hàng TMCP Sài Gòn Thương Tín - Chi nhánh Gia Lai,CONG TY TNHH MTV HUY VU
179872,muavao,1,767189.00,2023-11-30 17:00:00,Ngân hàng TMCP Sài Gòn Thương Tín - Chi nhánh Gia Lai,CONG TY TNHH MTV HUY VU
179871,muavao,1,979265.00,2023-11-30 17:00:00,Ngân hàng TMCP Sài Gòn Thương Tín - Chi nhánh Gia Lai,CONG TY TNHH MTV HUY VU
179870,muavao,1,699943.00,2023-11-30 17:00:00,Ngân hàng TMCP Sài Gòn Thương Tín - Chi nhánh Gia Lai,CONG TY TNHH MTV HUY VU
179869,muavao,1,1520903.00,2023-11-30 17:00:00,Ngân hàng TMCP Sài Gòn Thương Tín - Chi nhánh Gia Lai,CONG TY TNHH MTV HUY VU
179868,muavao,1,654152.00,2023-11-30 17:00:00,Ngân hàng TMCP Sài Gòn Thương Tín - Chi nhánh Gia Lai,CONG TY TNHH MTV HUY VU
179867,muavao,1,654152.00,2023-11-30 17:00:00,Ngân hàng TMCP Sài Gòn Thương Tín - Chi nhánh Gia Lai,CONG TY TNHH MTV HUY VU
179866,muavao,1,1308303.00,2023-11-30 17:00:00,Ngân hàng TMCP Sài Gòn Thương Tín - Chi nhánh Gia Lai,CONG TY TNHH MTV HUY VU
179865,muavao,1,499347.00,2023-11-30 17:00:00,Ngân hàng TMCP Sài Gòn Thương Tín - Chi nhánh Gia Lai,CONG TY TNHH MTV HUY VU
179860,muavao,1,23000.00,2023-11-30 17:00:00,Ngân hàng TMCP Sài Gòn Thương Tín - Chi nhánh Gia Lai,CONG TY TNHH MTV HUY VU
178593,muavao,1,16363636.00,2023-11-30 17:00:00,Công ty TNHH Phân phối Synnex FPT,Công ty TNHH MTV Huy Vũ
