Ngày,Số HĐ,Diễn giải,TK Đ/Ứ,Nợ,Có
2023-01-02,249,THU LAI VAY QUA HAN PDLD2229700440,6422,0.0,740536.0
2023-01-02,8,Máy chiếu đa năng ViewSonic PA503XE,6422,0.0,9000000.0
2023-01-02,254,THU LAI VAY QUA HAN PDLD2228500483,6422,0.0,738603.0
2023-01-02,2,Bộ chuyển đổi mini Displayport sang VGA + HDMI màu trắng Ugreen ( 10427),6422,0.0,290909.0
2023-01-02,2,"Cáp dữ liệu nối mạng CAT6 UTP, truyền dữ liệu giữa các máy tính, dài 10M Ugreen ( 11205)",6422,0.0,90909.0
2023-01-02,25,Máy in bill Epson TM-T82 III,6422,0.0,8610000.0
2023-01-02,32,Máy in laser Brother HL-L2321D,6422,0.0,260363638.0
2023-01-02,32,Máy in đa chức năng Brother MFC-L2701D,6422,0.0,9450909.0
2023-01-02,32,Máy in phun đa năng Brother DCP-T220,6422,0.0,25198836.0
2023-01-02,32,Máy in phun đa năng Brother DCP-T226 (màu trắng),6422,0.0,25198836.0
2023-01-02,32,Máy in phun đa năng Brother MFC-T920DW,6422,0.0,6596236.0
2023-01-02,32,Máy in laser Brother DCP-B7535DW,6422,0.0,29301818.0
2023-01-02,32,Mực in Brother TN-2385,6422,0.0,52380000.0
2023-01-02,32,Mực in Brother TN-B022,6422,0.0,4365000.0
2023-01-02,32,Trống từ Brother DR-2385,6422,0.0,11110909.0
2023-01-02,32,Trống từ Brother DR-B022,6422,0.0,5555455.0
2023-01-02,32,Mực in phun Brother BTD60BK BH17 ASA,6422,0.0,3492000.0
2023-01-02,32,Mực in phun Brother BT5000C,6422,0.0,2539636.0
2023-01-02,32,Mực in phun Brother BT5000M,6422,0.0,2539636.0
2023-01-02,32,Mực in phun Brother BT5000Y,6422,0.0,2539636.0
2023-01-02,263,THU LAI VAY QUA HAN PDLD2227000299,6422,0.0,523778.0
2023-01-02,262,THU LAI VAY QUA HAN PDLD2227200389,6422,0.0,488178.0
2023-01-02,261,THU LAI VAY QUA HAN PDLD2227300451,6422,0.0,441320.0
2023-01-02,260,THU LAI VAY QUA HAN PDLD2227700350,6422,0.0,1270908.0
2023-01-02,259,THU LAI VAY QUA HAN PDLD2228000535,6422,0.0,428468.0
2023-01-02,258,THU LAI VAY QUA HAN PDLD2228300453,6422,0.0,3702684.0
2023-01-02,257,THU LAI VAY QUA HAN PDLD2228400092,6422,0.0,740536.0
2023-01-02,250,THU LAI VAY QUA HAN PDLD2229700340,6422,0.0,740536.0
2023-01-02,251,THU LAI VAY QUA HAN PDLD2229200450,6422,0.0,707952.0
2023-01-02,41,Mực in Brother TN-2385,6422,0.0,8730000.0
2023-01-02,253,THU LAI VAY QUA HAN PDLD2228600465,6422,0.0,864872.0
2023-01-02,255,THU LAI VAY QUA HAN PDLD2228500024,6422,0.0,1046867.0
2023-01-02,273,THU LAI VAY QUA HAN PDLD2234700421,6422,0.0,1423057.0
2023-01-02,272,THU LAI VAY QUA HAN PDLD2235000387,6422,0.0,614371.0
2023-01-02,271,THU LAI VAY QUA HAN PDLD2235300287,6422,0.0,371091.0
2023-01-02,252,THU LAI VAY QUA HAN PDLD2229000275,6422,0.0,1418712.0
2023-01-02,269,THU LAI VAY QUA HAN PDLD2235600430,6422,0.0,219418.0
2023-01-02,268,THU LAI VAY QUA HAN PDLD2235700402,6422,0.0,287987.0
2023-01-02,267,THU LAI VAY QUA HAN PDLD2225700570,6422,0.0,937365.0
2023-01-02,266,THU LAI VAY QUA HAN PDLD2226300522,6422,0.0,1398792.0
2023-01-02,265,THU LAI VAY QUA HAN PDLD2226400456,6422,0.0,778197.0
2023-01-02,270,THU LAI VAY QUA HAN PDLD2235300450,6422,0.0,436259.0
2023-01-02,264,THU LAI VAY QUA HAN PDLD2226900375,6422,0.0,1119032.0
2023-01-03,5,Bộ chuyển đổi mini Displayport sang VGA + HDMI màu trắng Ugreen ( 10427),6422,0.0,290909.0
2023-01-03,2,Pin Alkaline AA Philips LR6P2B/97,6422,0.0,1592760.0
2023-01-03,5,"cáp dữ liệu nối mạng CAT6 UTP truyền dữ liệu giữa các máy tính, dài 10M Ugreen ( 11205)",6422,0.0,90909.0
2023-01-03,5,Cáp dữ liệu VIDEO HDMI 1.4 truyền âm thanh hình ảnh dài 25M có chipset Ugreen ( 10113),6422,0.0,963636.0
2023-01-03,2,Pin minicell Philips CR2025/01B,6422,0.0,130000.0
2023-01-03,2,Bộ chia cổng Cliptec RZH201,6422,0.0,818170.0
2023-01-03,2,Bộ chia cổng Cliptec RZH209,6422,0.0,818170.0
2023-01-05,88,"MÁY TÍNH ĐỂ BÀN HP 280 Pro G9 SFF (i5-12500 (6*3.0),8GB DDR4,256GB SSD,WL,BT,KB,M,W11SL_72K92PA)",6422,0.0,11081818.0
2023-01-05,1324,Thuế GTGT: Cước dịch vụ viễn thông trả sau (Dịch vụ chịu thuế),1331,0.0,23909.0
2023-01-05,1324,Cước dịch vụ viễn thông trả sau (Dịch vụ chịu thuế),6422,0.0,239090.0
2023-01-05,1845,"Máy tính để bàn Lenovo ThinkCentre neo 50s Gen 3, i3-12100, 4GB, 1TB, Intel UHD Graphics 730, ac+BT, KB, M, No OS, 1Y WTY_11T000ARVA",6422,0.0,14090908.0
2023-01-06,1929293,Thuế GTGT:  Thu Phi SMS thay doi so du thang  12/2022,1331,0.0,1818.0
2023-01-06,1929293,Thu Phi SMS thay doi so du thang  12/2022,6422,0.0,18182.0
2023-01-08,110,Tai nghe SoundMax AH314,6422,0.0,1800000.0
2023-01-08,110,Tai nghe SoundMax AH304,6422,0.0,1150000.0
2023-01-08,110,Loa SoundMax AS-6,6422,0.0,810000.0
2023-01-08,57,Ghế xoay Midnight EGC205  - E-Dra,6422,0.0,8704464.0
2023-01-08,57,Ghế xoay Citizen EGC200 - E-Dra,6422,0.0,12490082.0
2023-01-09,3000275,Trich thu Tien vay - Lai : 663014 - Acct vay 383583749,6422,0.0,663014.0
2023-01-09,11,Máy quét HP Scanjet Pro 3000 S4 Sheet-feed - WTY_6FW07A,6422,0.0,17181818.0
2023-01-09,3039252,Trich thu Tien vay - Lai : 11140822 - Acct vay 377993869,6422,0.0,11140822.0
2023-01-09,3023013,Trich thu Tien vay - Lai : 1084932 - Acct vay 383484139,6422,0.0,1084932.0
2023-01-10,14,"Thanh ram G.Skill F3-1600C11S-8GIS, 8GB",6422,0.0,500000.0
2023-01-10,15,"Thanh ram G.Skill F3-1600C11S-8GIS, 8GB",6422,0.0,5000000.0
2023-01-10,15,Nguồn máy tính Corsair RM850e/CP,6422,0.0,2627272.0
2023-01-10,14,Nguồn máy tính Corsair RM850e/CP,6422,0.0,2627272.0
2023-01-10,76,Điện thoại có dây Panasonic KXTS500,6422,0.0,2217000.0
2023-01-11,471,Bộ nhớ máy tính xách tay Kingmax 16GB DDR4-3200,6422,0.0,2209091.0
2023-01-11,471,Bộ vi xử lý vi tính Intel Core i3-10105 (BX8070110105SRH3P) + Quạt,6422,0.0,12272728.0
2023-01-11,471,Bộ vi xử lý vi tính Intel Core i3-12100 (BX8071512100SRL62) + Quạt,6422,0.0,2954545.0
2023-01-11,471,Ổ đĩa cứng của máy vi tính hiệu Gigabyte GP-GSTFS31240GNTD 240GB (Sata 3),6422,0.0,409091.0
2023-01-11,471,Mạch chính vi tính Gigabyte H610M S2H DDR4,6422,0.0,8954545.0
2023-01-11,653,"Camera kỹ thuật số có chức năng ghi EZVIZ CS-C6N(4MP,W1)",6422,0.0,2950000.0
2023-01-11,653,Camera kỹ thuật số có chức năng ghi hiệu EZVIZ mã CS-C3TN (1080P COLOR) 2.8 MM- hỗ trợ thẻ nhớ trong,6422,0.0,3550000.0
2023-01-11,653,Camera quan sát CS-C6N (1080P),6422,0.0,13200000.0
2023-01-11,7249,THU LAI VAY LD2234700421,6422,0.0,105841.0
2023-01-11,3664,"Bộ định tuyến có chức năng  thu phát vô tuyến TP-LINK, 2,4 GHz/ W-CDMA FDD/ GSM_TL-MR6400",6422,0.0,4931820.0
2023-01-11,374,THU PHI CK CTY CN QUOC GIA ADG TAI DN,6422,0.0,36000.0
2023-01-11,374,Thuế GTGT: THU PHI CK CTY CN QUOC GIA ADG TAI DN,1331,0.0,3600.0
2023-01-15,21,Máy quét canon DR-F120,6422,0.0,7590909.0
2023-01-17,58,MÁY IN HP LASERJET PRO M404DN (W1A53A),6422,0.0,9818182.0
2023-01-17,58,MÁY IN LASER ĐƠN NĂNG CANON I-SENSYS LBP226DW (3516C007AAME),6422,0.0,9818182.0
2023-01-17,43,Máy tính bàn Lenovo ThinkCentre M70s Gen 3 - i3-12100 ( 4.3 GHZ) - 4GB RAM - 256GB SSD - Wireless & Bluetooth - None -1Yr; P/n 11TC000PVA,6422,0.0,118922727.0
2023-01-17,43,Máy tính bàn Lenovo ThinkCentre M70s Gen 3 i5-12400 (4.4GHZ)- 8GB RAM - 512 SSD - Wireless & Bluetooth - None - 1Yr; P/n11TC000TVA,6422,0.0,160650000.0
2023-01-18,671,THU PHI CK CTY THE GIOI SO,6422,0.0,28000.0
2023-01-18,22621,DO 0.001S-V,6422,0.0,1363636.0
2023-01-18,671,Thuế GTGT: THU PHI CK CTY THE GIOI SO,1331,0.0,2800.0
2023-01-18,672,THU PHI CK CTY PP TONG HOP DAU KHI,6422,0.0,15000.0
2023-01-18,672,Thuế GTGT: THU PHI CK CTY PP TONG HOP DAU KHI,1331,0.0,1500.0
2023-01-18,11424,THU LAI VAY LD2225700570,6422,0.0,524093.0
2023-01-19,3229,Nâng cấp Premium Cloud Hosting - Thiết yếu (Essential) (huyvugialai.com),6422,0.0,1188000.0
2023-01-29,13346,THU LAI VAY LD2301200655,6422,0.0,481.0
2023-01-29,13635,"PHI T01/2023-040019911911-ALERT,IB,OTP,QLTK",6422,0.0,125000.0
2023-01-29,13635,"Thuế GTGT: PHI T01/2023-040019911911-ALERT,IB,OTP,QLTK",1331,0.0,12500.0
2023-01-30,2388,Máy in đa chức năng Brother MFC-L2701D,6422,0.0,24354545.0
2023-01-30,24,Chíp vi xử lý intel Comet Lake core i5-10400 2.9Ghz + Quạ,6422,0.0,6000000.0
2023-01-30,24,Bảng mạch chính Asus EX - B365M - V,6422,0.0,2600000.0
2023-01-30,2388,Mực in Brother TN-2385,6422,0.0,13531500.0
2023-01-30,2388,Máy in laser Brother DCP-B7535DW,6422,0.0,24781818.0
2023-01-30,6637,Thuế GTGT: Không có tên,1331,0.0,22000.0
2023-01-30,2388,Máy in laser Brother HL-L2321D,6422,0.0,172190910.0
2023-01-30,6636,Không có tên,6422,0.0,7301990.0
2023-01-30,1495,Phí dịch vụ thanh toán trên vimo.vn tháng 01/2023 theo hợp đồng số ĐL00424/08062022,6422,0.0,49.0
2023-01-30,56,Máy tính bàn Lenovo ThinkCentre M70s Gen 3 - i3-12100 ( 4.3 GHZ) - 4GB RAM - 256GB SSD - Wireless & Bluetooth - None -1Yr; P/n 11TC000PVA,6422,0.0,118922727.0
2023-01-30,56,Máy tính bàn Lenovo ThinkCentre M70s Gen 3 i5-12400 (4.4GHZ)- 8GB RAM - 256 SSD- Wireless & Bluetooth - None - 1Yr; P/n11TC000TVA,6422,0.0,156559091.0
2023-01-30,6637,Không có tên,6422,0.0,220000.0
2023-01-31,25965907,Thuế GTGT: Không có tên,1331,0.0,35000.0
2023-01-31,25965907,Không có tên,6422,0.0,350000.0
2023-01-31,15901,THU LAI VAY QUA HAN PDLD2227700350,6422,0.0,1312552.0
2023-01-31,15893,THU LAI VAY QUA HAN PDLD2229200450,6422,0.0,731151.0
2023-01-31,15894,THU LAI VAY QUA HAN PDLD2229000275,6422,0.0,1465199.0
2023-01-31,15900,THU LAI VAY QUA HAN PDLD2228000535,6422,0.0,442507.0
2023-01-31,15895,THU LAI VAY QUA HAN PDLD2228600465,6422,0.0,893213.0
2023-01-31,15898,THU LAI VAY QUA HAN PDLD2228400092,6422,0.0,764803.0
2023-01-31,15897,THU LAI VAY QUA HAN PDLD2228500024,6422,0.0,1081170.0
2023-01-31,15896,THU LAI VAY QUA HAN PDLD2228500483,6422,0.0,764803.0
2023-01-31,8651,"Máy tính để bàn HP AIO 24-cb1011d,Core i5-1235U,8GB RAM,512GB SSD,Intel Graphics,23.8""FHD Touch,Wlan ac+BT,USB Keyboard & Mouse,Win11 Home 64,Starry White,1Y WTY_6K7G6PA",6422,0.0,17000000.0
2023-01-31,15904,THU LAI VAY QUA HAN PDLD2227000299,6422,0.0,540940.0
2023-01-31,106579,Cước dịch vụ Viễn thông-Công nghệ thông tin tháng 01 năm 2023,6422,0.0,359374.0
2023-01-31,15899,THU LAI VAY QUA HAN PDLD2228300453,6422,0.0,3824012.0
2023-01-31,106579,Thuế GTGT: Cước dịch vụ Viễn thông-Công nghệ thông tin tháng 01 năm 2023,1331,0.0,35937.0
2023-01-31,60191,Cước dịch vụ Viễn thông-Công nghệ thông tin tháng 01 năm 2023,6422,0.0,274000.0
2023-01-31,106580,Thuế GTGT: Cước dịch vụ Viễn thông-Công nghệ thông tin tháng 01 năm 2023,1331,0.0,23451.0
2023-01-31,90977,Thuế GTGT: Cước dịch vụ Viễn thông-Công nghệ thông tin tháng 01 năm 2023,1331,0.0,24964.0
2023-01-31,90977,Cước dịch vụ Viễn thông-Công nghệ thông tin tháng 01 năm 2023,6422,0.0,249636.0
2023-01-31,60191,Thuế GTGT: Cước dịch vụ Viễn thông-Công nghệ thông tin tháng 01 năm 2023,1331,0.0,27400.0
2023-01-31,60146,Thuế GTGT: Cước dịch vụ Viễn thông-Công nghệ thông tin tháng 01 năm 2023,1331,0.0,2000.0
2023-01-31,60146,Cước dịch vụ Viễn thông-Công nghệ thông tin tháng 01 năm 2023,6422,0.0,20000.0
2023-01-31,106580,Cước dịch vụ Viễn thông-Công nghệ thông tin tháng 01 năm 2023,6422,0.0,234510.0
2023-01-31,60093,Thuế GTGT: Cước dịch vụ Viễn thông-Công nghệ thông tin tháng 01 năm 2023,1331,0.0,2455.0
2023-01-31,60092,Thuế GTGT: Cước dịch vụ Viễn thông-Công nghệ thông tin tháng 01 năm 2023,1331,0.0,2540.0
2023-01-31,60092,Cước dịch vụ Viễn thông-Công nghệ thông tin tháng 01 năm 2023,6422,0.0,25400.0
2023-01-31,59893,Thuế GTGT: Cước dịch vụ Viễn thông-Công nghệ thông tin tháng 01 năm 2023,1331,0.0,21364.0
2023-01-31,59893,Cước dịch vụ Viễn thông-Công nghệ thông tin tháng 01 năm 2023,6422,0.0,213636.0
2023-01-31,106678,Thuế GTGT: Cước dịch vụ Viễn thông-Công nghệ thông tin tháng 01 năm 2023,1331,0.0,37422.0
2023-01-31,106678,Cước dịch vụ Viễn thông-Công nghệ thông tin tháng 01 năm 2023,6422,0.0,374218.0
2023-01-31,60093,Cước dịch vụ Viễn thông-Công nghệ thông tin tháng 01 năm 2023,6422,0.0,24545.0
2023-01-31,15902,THU LAI VAY QUA HAN PDLD2227300451,6422,0.0,455780.0
2023-01-31,16320,THU LAI VAY LD2235000387,6422,0.0,61698.0
2023-01-31,15892,THU LAI VAY QUA HAN PDLD2229700340,6422,0.0,764803.0
2023-01-31,15906,THU LAI VAY QUA HAN PDLD2226400456,6422,0.0,803696.0
2023-01-31,15907,THU LAI VAY QUA HAN PDLD2226300522,6422,0.0,1444627.0
2023-01-31,15912,THU LAI VAY QUA HAN PDLD2301200655,6422,0.0,399190.0
2023-01-31,15914,THU LAI VAY QUA HAN PDLD2235700402,6422,0.0,1274671.0
2023-01-31,15918,THU LAI VAY QUA HAN PDLD2235600430,6422,0.0,849780.0
2023-01-31,15920,THU LAI VAY QUA HAN PDLD2235300450,6422,0.0,1228783.0
2023-01-31,15925,THU LAI VAY QUA HAN PDLD2235300287,6422,0.0,1045230.0
2023-01-31,15927,THU LAI VAY QUA HAN PDLD2235000387,6422,0.0,1216718.0
2023-01-31,746,TP CK CTY TH VIEN SON,6422,0.0,80000.0
2023-01-31,746,Thuế GTGT: TP CK CTY TH VIEN SON,1331,0.0,8000.0
2023-01-31,23,Hộp mực in iziNet 12A/303/FX9 Universal,6422,0.0,2400000.0
2023-01-31,23,Hộp mực in EcoPlus 12A/303/FX9 Universal,6422,0.0,880000.0
2023-01-31,15911,THU LAI VAY QUA HAN PDLD2301900242,6422,0.0,325657.0
2023-01-31,15903,THU LAI VAY QUA HAN PDLD2227200389,6422,0.0,504175.0
2023-01-31,15891,THU LAI VAY QUA HAN PDLD2229700440,6422,0.0,764803.0
2023-01-31,15905,THU LAI VAY QUA HAN PDLD2226900375,6422,0.0,1155701.0
2023-02-01,396,Chuột Logitech M170,6422,0.0,981816.0
2023-02-01,396,Thiết bị ghi hình Logitech C920E,6422,0.0,1500000.0
2023-02-01,396,Bàn Phím Bluetooth Logitech K380 Xám Đậm,6422,0.0,1072728.0
2023-02-01,396,Bàn Phím+Chuột Logitech MK240 đen,6422,0.0,1545456.0
2023-02-01,396,Tay Game Logitech F710,6422,0.0,1536364.0
2023-02-01,396,Chuột Logitech M350 đen,6422,0.0,1909090.0
2023-02-01,165,Máy tính tiền DT-W9,6422,0.0,8090909.0
2023-02-01,396,Tay Game Logitech F310,6422,0.0,1977275.0
2023-02-01,396,Chuột Logitech M187 Đen,6422,0.0,890908.0
2023-02-01,396,Thiết bị ghi hình Logitech C270 (Webcam),6422,0.0,1886365.0
2023-02-01,396,Chuột Logitech M187 Xanh,6422,0.0,668181.0
2023-02-01,396,Chuột Logitech M221 Xanh,6422,0.0,627273.0
2023-02-01,396,Chuột Logitech M185 Đỏ,6422,0.0,360000.0
2023-02-01,396,Chuột Logitech M185 Xám,6422,0.0,360000.0
2023-02-01,396,Chuột Logitech M185 Xanh,6422,0.0,360000.0
2023-02-01,214,Ghế xoay Midnight EGC205  - E-Dra,6422,0.0,18836364.0
2023-02-01,396,Chuột Logitech M221 Xám,6422,0.0,836364.0
2023-02-01,396,Chuột Logitech M221 Đỏ,6422,0.0,627273.0
2023-02-01,396,Chuột logitech Pop Emoji tím (910_006515),6422,0.0,468182.0
2023-02-01,396,Chuột Logitech Pop Emoji hồng (910-006516),6422,0.0,468182.0
2023-02-01,396,Chuột Logitech Pop Emoji vàng (910-006514),6422,0.0,468182.0
2023-02-01,396,Chuột Logitech M187 Đỏ,6422,0.0,668181.0
2023-02-02,816,THU PHI CK CTY VINH XUAN,6422,0.0,23000.0
2023-02-02,816,Thuế GTGT: THU PHI CK CTY VINH XUAN,1331,0.0,2300.0
2023-02-02,815,THU PHI CK CTY VIEN SON,6422,0.0,40000.0
2023-02-02,17575,THU LAI VAY LD2235300287,6422,0.0,86904.0
2023-02-02,815,Thuế GTGT: THU PHI CK CTY VIEN SON,1331,0.0,4000.0
2023-02-02,2922,Máy in laser Brother HL-L2321D,6422,0.0,103314545.0
2023-02-02,1403,"Camera quan sát CS-C1C 1080P, H.265 (E0-1E2WF)",6422,0.0,1600000.0
2023-02-02,1403,Camera kỹ thuật số có chức năng ghi hiệu EZVIZ mã CS-C3TN (1080P COLOR) 2.8 MM- hỗ trợ thẻ nhớ trong,6422,0.0,4320000.0
2023-02-02,1403,Camera quan sát kỹ thuật số có chức năng ghi hiệu EZVIZ mã CS-H8C - hỗ trợ thẻ nhớ trong,6422,0.0,1663636.0
2023-02-02,2924,Máy in đa chức năng Brother MFC-L2701D,6422,0.0,9741818.0
2023-02-02,2924,Mực in Brother TN-2385,6422,0.0,8730000.0
2023-02-02,2924,Máy in laser Brother DCP-B7535DW,6422,0.0,19825455.0
2023-02-02,2996,Máy in phun đơn năng Brother HL-T4000DW,6422,0.0,9854618.0
2023-02-05,152,Hộp mực in tương thích HP SK 93A (CZ192A),6422,0.0,550000.0
2023-02-05,152,Hộp mực in tương thích HP S-C4092A,6422,0.0,185000.0
2023-02-05,152,Mực laser đen Brother 2240,6422,0.0,1363650.0
2023-02-05,152,Trống máy in HP 1010/1020,6422,0.0,600000.0
2023-02-05,62,MỰC IN MÀU ĐỎ IM C2500H,6422,0.0,3459120.0
2023-02-05,62,MỰC IN MÀU ĐEN IM C2500H,6422,0.0,3271680.0
2023-02-05,100,MÁY IN LASER ĐƠN NĂNG CANON I-SENSYS LBP226DW (3516C007AAME),6422,0.0,19636364.0
2023-02-05,33,Máy in HP Laser Pro M706N,6422,0.0,13545455.0
2023-02-05,1790,Chiết khấu giảm giá hàng hóa,6422,0.0,15454545.0
2023-02-05,83499,Cước dịch vụ viễn thông trả sau (Dịch vụ chịu thuế),6422,0.0,236818.0
2023-02-05,83499,Thuế GTGT: Cước dịch vụ viễn thông trả sau (Dịch vụ chịu thuế),1331,0.0,23682.0
2023-02-05,17934,THU LAI VAY LD2235300450,6422,0.0,183287.0
2023-02-05,1673,Camera quan sát CS-C6N (1080P),6422,0.0,8800000.0
2023-02-05,1673,"Camera quan sát CS-C8PF (2MP,W1)",6422,0.0,1272727.0
2023-02-06,28876,MÁY TÍNH XÁCH TAY (NB) HP Pavilion X360 14-ek0132TU i7-1255U/16GD4/512GSSD/14.0FHDT/PEN/FP/WLax/BT5.2/3C43/W11SL/VÀNG(7C0W4PA),6422,0.0,22216364.0
2023-02-06,18,ĐẦU ĐỌC MÃ VẠCH OD7200,6422,0.0,2200000.0
2023-02-06,18,Máy in mã vạch GODEX G500,6422,0.0,2900000.0
2023-02-06,20315,THU LAI VAY LD2226300522,6422,0.0,333060.0
2023-02-06,409,Tai nghe SoundMax AH336,6422,0.0,760000.0
2023-02-06,409,Loa SoundMax A130/2.0,6422,0.0,1300000.0
2023-02-06,409,Loa SoundMax A828/2.1,6422,0.0,940000.0
2023-02-06,409,Loa SoundMax A2126/2.1,6422,0.0,2100000.0
2023-02-06,409,Loa SoundMax A2130/2.1,6422,0.0,1140000.0
2023-02-06,409,Loa SoundMax A2140/2.1,6422,0.0,1220000.0
2023-02-06,409,Loa SoundMax R-200/1.0,6422,0.0,270000.0
2023-02-06,409,Loa SoundMax R-300/1.0,6422,0.0,300000.0
2023-02-06,409,Tai nghe SoundMax AH314,6422,0.0,900000.0
2023-02-06,409,Tai nghe SoundMax AH315,6422,0.0,600000.0
2023-02-06,409,Tai nghe SoundMax AH326,6422,0.0,309091.0
2023-02-06,409,Tai nghe SoundMax AH713,6422,0.0,420000.0
2023-02-06,409,Tai nghe SoundMax AH328,6422,0.0,350000.0
2023-02-06,19,Đầu ghi hình DH - XVR 4116HS -  I,6422,0.0,1663636.0
2023-02-06,341,Máy in laser Brother HL-L2366DW,6422,0.0,3363491.0
2023-02-06,28949,CHUỘT VI TÍNH (MOUSE) LOGITECH G402 WIRED/USB/OPTICAL/ĐEN (BLACK)(910-004070),6422,0.0,2681820.0
2023-02-06,28949,CHUỘT VI TÍNH (MOUSE) LOGITECH G304 LIGHTSPEED WIRELESS GAMING MOUSE(910-005284),6422,0.0,3272725.0
2023-02-06,28949,CHUỘT VI TÍNH (MOUSE) LOGITECH G502 HERO GAMING – ĐEN (BLACK)(910-005472),6422,0.0,827273.0
2023-02-06,28949,CHUỘT VI TÍNH (MOUSE) LOGITECH G102 GEN2 LIGHTSYNC GAMING - ĐEN (BLACK)(910-005802),6422,0.0,2654544.0
2023-02-06,28949,CHUỘT VI TÍNH (MOUSE) LOGITECH G102 GEN2 LIGHTSYNC GAMING – TRẮNG (WHITE)(910-005803),6422,0.0,663636.0
2023-02-06,28949,TAI NGHE (HEADSET) LOGITECH G331 WIRED GAMING - ĐEN (BLACK)(981-000759),6422,0.0,1490908.0
2023-02-06,28949,TAI NGHE (HEADSET) LOGITECH G431 7.1 SURROUND GAMING - ĐEN (BLACK)(981-000774),6422,0.0,1000000.0
2023-02-07,547,CHIP VI XỬ LÝ INTEL CORE I5 11400F - 2.60GHZ ( BX8070811400F SRKP1 ) + QUẠT,6422,0.0,2863636.0
2023-02-07,547,Bộ vi xử lý vi tính Intel Core i3-12100 (BX8071512100SRL62) + Quạt,6422,0.0,3045455.0
2023-02-07,547,"Bộ Vi xử lý Intel Core i3-10105 Processor 3.70GHz 6M Cache, Sockets FCLGA1200-BX8070110105",6422,0.0,4945455.0
2023-02-07,492,Chill Cocktail Light Thùng 24 lon mix (4 thùng 6 lon mix 6 vị) TẾT (Hàng cho biếu tặng không thu tiền),1111,454545.0,454545.0
2023-02-07,4488,"Máy tính xách tay MSI GF63 Thin 11UC-1228VN (i7-11800H; 8GB; 512GB SSD; RTX3050/4GB; 15.6"" FHD; Win11; Đen)",6422,0.0,19181818.0
2023-02-07,547,CHÍP VI XỬ LÝ INTEL CORE I5-12400 - 2.50GHZ + QUẠT,6422,0.0,4318182.0
2023-02-08,20883,THU LAI VAY LD2226400456,6422,0.0,226605.0
2023-02-08,8835,"Thiết bị thu phát vô tuyến, TP-LINK, 2,4GHz/5GHz, Archer T2U",6422,0.0,200000.0
2023-02-08,8835,"Thiết bị định tuyến băng tần 2,4/5 GHz, TP-LINK, Deco E4(2-pack)",6422,0.0,1163636.0
2023-02-08,8835,"Thiết bị thu phát vô tuyến TP-LINK 150M, TL-WN722N",6422,0.0,150000.0
2023-02-09,9473346,Trich thu Tien vay - Lai : 7032329 - Acct vay 377993869,6422,0.0,7032329.0
2023-02-09,7574,"Màn Hình ViewSonic VA3209-2K-MHD / 31.5"" LCD",6422,0.0,22727273.0
2023-02-09,2279,Ổ đĩa cứng máy tính Kingmax SMV32 120GB (Sata 3),6422,0.0,27272727.0
2023-02-09,9473353,Trich thu Tien vay - Lai : 1868493 - Acct vay 383583749,6422,0.0,1868493.0
2023-02-09,7605,Chiết khấu theo biên bản thỏa thuận và quyết toán số 00470-2022-05-HTG-ASUS-HVU09-PSD kí ngày 11/5/2022,6422,0.0,9454545.0
2023-02-09,9473339,Trich thu Tien vay - Lai : 2802740 - Acct vay 383484139,6422,0.0,2802740.0
2023-02-09,21120,THU LAI VAY LD2235600430,6422,0.0,285333.0
2023-02-09,7605,Màn hình VIEWSONIC VA1903A/19'' LCD MONITOR,6422,0.0,43090909.0
2023-02-10,10185604,Thuế GTGT:  Thu Phi SMS thay doi so du thang  01/2023,1331,0.0,1818.0
2023-02-10,7695,Màn hình LCD VIEWSONIC VX2718-PC-MHD/27'' LCD MONITOR,6422,0.0,38454545.0
2023-02-10,7784,Màn hình LCD VIEWSONIC VA2732-H,6422,0.0,13863636.0
2023-02-10,7784,"Màn hình máy tính  Viewsonic VX3276-MHD-3/32 inch, Full HD, IPS, 75Hz",6422,0.0,40000000.0
2023-02-10,362,Chuột không dây dùng cho máy tính EM6102W ; hiệu E-dra,6422,0.0,8083636.0
2023-02-10,362,Chuột máy tính EM6102 E-Dra,6422,0.0,9689091.0
2023-02-10,10185604,Thu Phi SMS thay doi so du thang  01/2023,6422,0.0,18182.0
2023-02-12,34,Hộp mực in EcoPlus 12A/303/FX9 Universal,6422,0.0,880000.0
2023-02-12,34,Hộp mực in iziNet 12A/303/FX9 Universal,6422,0.0,2400000.0
2023-02-12,987,Thuế GTGT: THU PHI CK CTY VIEN SON,1331,0.0,6000.0
2023-02-12,42,"Bộ nhớ Ram dùng cho máy tính để bàn hiệu Silicon DDR4-2666, UDIMM, 8GBx1",6422,0.0,17454560.0
2023-02-12,42,Bộ chuyển đổi DVI-D sang VGA active từ máy tính nối ra máy chiếu/màn hình Ugreen ( 40259),6422,0.0,418182.0
2023-02-12,42,Cáp dữ liệu VIDEO HDMI 1.4 truyền âm thanh hình ảnh dài 5M Ugreen ( 10109),6422,0.0,636365.0
2023-02-12,42,Cáp dữ liệu VIDEO HDMI 1.4 truyền âm thanh hình ảnh dài 1.5M Ugreen ( 60820),6422,0.0,386365.0
2023-02-12,42,"Bộ chuyển đổi có chipset USB 3.0 sang SATA, nguồn 12v-2A Ugreen (60561)",6422,0.0,663636.0
2023-02-12,986,THU PHI CK CTY THE GIOI SO,6422,0.0,40000.0
2023-02-12,986,Thuế GTGT: THU PHI CK CTY THE GIOI SO,1331,0.0,4000.0
2023-02-12,983,THU PHI CK CTY VINH XUAN,6422,0.0,23000.0
2023-02-12,983,Thuế GTGT: THU PHI CK CTY VINH XUAN,1331,0.0,2300.0
2023-02-12,21801,THU LAI VAY LD2235700402,6422,0.0,501506.0
2023-02-12,21799,THU LAI VAY LD2227200389,6422,0.0,227567.0
2023-02-12,21797,THU LAI VAY LD2227000299,6422,0.0,244162.0
2023-02-12,987,THU PHI CK CTY VIEN SON,6422,0.0,60000.0
2023-02-12,42,Dây chuyển đổi có chipset USB sang cổng COM RS-232 dài 1.5M Ugreen ( 20211),6422,0.0,477273.0
2023-02-12,988,Thuế GTGT: THU PHI CK CTY VIET SON,1331,0.0,2300.0
2023-02-12,42,Cáp dữ liệu VIDEO DVI 24+1 male sang HDMI female truyền hình ảnh dài 25cM Ugreen ( 20118),6422,0.0,245454.0
2023-02-12,5677,Mực in Brother TN-2385,6422,0.0,5674500.0
2023-02-12,622,Thiết bị ghi hình Logitech C270 (Webcam),6422,0.0,3590910.0
2023-02-12,622,Bàn Phím Bluetooth Logitech K380 Xám Đậm,6422,0.0,1018182.0
2023-02-12,622,Chuột Logitech M220 đen,6422,0.0,1068180.0
2023-02-12,622,Bàn Phím+Chuột Logitech MK240 đen,6422,0.0,745454.0
2023-02-12,622,Chuột Logitech M185 Xám,6422,0.0,1800000.0
2023-02-12,622,Chuột Logitech M221 Xám,6422,0.0,2136360.0
2023-02-12,673,Bộ vi xử lý vi tính Intel Core I5-10400 + Quạt,6422,0.0,5909091.0
2023-02-12,988,THU PHI CK CTY VIET SON,6422,0.0,23000.0
2023-02-12,673,BỘ VI XỬ LÝ VI TÍNH INTEL CORE i7-10700F (BX8070110700FSRH70) + QUẠT,6422,0.0,5227273.0
2023-02-12,475,Camera quan sát DS-2CE17D0T-LFS,6422,0.0,1465200.0
2023-02-12,475,Camera quan sát DS-2CE12DF0T-F,6422,0.0,1073000.0
2023-02-12,475,Camera quan sát DS-2CD2935FWD-IS,6422,0.0,8088200.0
2023-02-12,673,CHÍP VI XỬ LÝ INTEL PENTIUM G6405 - 4.1GHZ + QUẠT,6422,0.0,55909091.0
2023-02-12,475,Camera quan sát DS-2CD1123G0E-I (L),6422,0.0,1110000.0
2023-02-12,475,Đầu ghi hình DS-7216HGHI-K1,6422,0.0,1402300.0
2023-02-12,5677,Máy in laser Brother DCP-B7535DW,6422,0.0,9912727.0
2023-02-12,5677,Máy in đa chức năng Brother MFC-L2701D,6422,0.0,9741818.0
2023-02-12,5677,Máy in laser Brother HL-L2321D,6422,0.0,68876364.0
2023-02-12,2423,Ổ đĩa cứng máy tính Kingmax SA3080 256GB (M.2 Sata 3),6422,0.0,1554545.0
2023-02-12,2423,Ổ đĩa cứng máy tính Kingmax SA3080 128GB (M.2 Sata 3),6422,0.0,1818182.0
2023-02-12,2423,Bộ nhớ máy vi tính Kingmax 4GB DDR4-2666,6422,0.0,7954546.0
2023-02-12,2423,Bộ nhớ máy tính xách tay Kingmax 8GB DDR4-3200,6422,0.0,2890909.0
2023-02-12,2423,Bộ nhớ máy vi tính Kingmax 8GB DDR4-3200 (KM-LD4-3200-8GS),6422,0.0,4818182.0
2023-02-12,2423,Bộ nhớ máy vi tính Kingmax 8GB DDR4-3200 HEATSINK (Zeus),6422,0.0,5090909.0
2023-02-12,7890,"Màn hình vi tính Dell LCD-U2422H-23.8""WHD-3Y",6422,0.0,27954545.0
2023-02-12,475,Camera quan sát DS-2CE56D0T-IR(C),6422,0.0,592000.0
2023-02-13,36709,Chiết khấu thương mại S2023-00292 07/01/2023,6422,0.0,104818182.0
2023-02-13,2617,Bộ nhớ trong của máy vi tính KINGSTON 16G D4 - 3200S22 1Rx8 SODIMM    ( KVR32S22S8/16 ),6422,0.0,2918181.0
2023-02-13,36776,MÁY VI TÍNH ĐỂ BÀN (PC) LENOVO ThinkCentre neo 50t Gen 3 i3-12100(4*3.3)/4GD4/256GSSD/WL/BT/KB/M/nOS/ĐEN(11SC001LVA),6422,0.0,85700000.0
2023-02-13,36709,MÁY VI TÍNH ĐỂ BÀN (PC) LENOVO ThinkCentre neo 50t Gen 3 i3-12100(4*3.3)/4GD4/256GSSD/WL/BT/KB/M/nOS/ĐEN(11SC001LVA),6422,0.0,128550000.0
2023-02-13,2617,Bảng mạch chính của máy vi tính hiệu ASUS EX -  B660M -V5 D4,6422,0.0,2109091.0
2023-02-13,23811,THU LAI VAY LD2227300451,6422,0.0,220418.0
2023-02-13,2617,Bảng mạch chính của máy vi tính hiệu ASUS PRIME B660M -K D4,6422,0.0,2163636.0
2023-02-13,23810,THU LAI VAY LD2226900375,6422,0.0,535929.0
2023-02-13,2617,Bảng mạch chính của máy vi tính hiệu ASUS PRIME B660M -A D4 - CSM,6422,0.0,2418182.0
2023-02-13,2617,CARD VGA của máy vi tính hiệu ASUS GT730 - SL - 2GD5 - BRK,6422,0.0,5863635.0
2023-02-13,550,Bộ lưu điện Santak - Mã hàng TG1000,6422,0.0,6081818.0
2023-02-13,1037,TP CK GN CTY HUETRONICS,6422,0.0,24776.0
2023-02-13,2617,Bảng mạch chính của máy vi tính hiệu ASUS TUF GAMING  B660M - E D4,6422,0.0,2909091.0
2023-02-13,2617,Bảng mạch chính của máy vi tính hiêu ASUS PRIME H510M - K,6422,0.0,28454540.0
2023-02-13,1037,Thuế GTGT: TP CK GN CTY HUETRONICS,1331,0.0,2478.0
2023-02-14,44,"Cáp cat6 4UTP, 23AWG, CM (305m/thùng)",6422,0.0,7881819.0
2023-02-14,44,"Thiết bị chuyển mạch Catalyst 1000 24port GE, 4x1G SFP/C1000­24T­4G­L",6422,0.0,28000000.0
2023-02-14,44,"Bộ chuyển đổi quang điện 1 sợi quang Netlink GS­03A/B 10/100/1000M, 20Km",6422,0.0,909090.0
2023-02-14,44,"Đầu mạng cáp 6 Commscope, AMP",6422,0.0,500000.0
2023-02-14,44,Bộ nhớ Ram Silicon 4GB DDR4- 2666,6422,0.0,10109080.0
2023-02-14,167,Vỏ thùng máy tính Jetek EN22,6422,0.0,19090909.0
2023-02-14,167,Vỏ thùng máy tính Jetek EN15,6422,0.0,20000000.0
2023-02-16,826,"Thiết bị định tuyến TP-Link, 300M,2.4GHz, TL-WR841N",6422,0.0,4963636.0
2023-02-16,826,"Thiết bị định tuyến băng tần 2,4 GHz, W-CDMA FDD/E-UTRA FDD, TP-LINK, TL-MR100",6422,0.0,2555455.0
2023-02-16,826,"Thiết bị thu phát vô tuyến TP-LINK, 2,4 GHz/ W-CDMA FDD/ E-UTRA FDD, TL-MR6400",6422,0.0,4909091.0
2023-02-16,826,"Thiết bị đầu cuối  W-CDMA FDD/E-UTRA FDD, 2.4GHz, TP-Link, M7000",6422,0.0,3700000.0
2023-02-16,826,"Thiết bị đầu cuối GSM/W-CDMA FDD/E-UTRA FDD, 2.4GHz, TP-Link, M7350",6422,0.0,6077273.0
2023-02-16,826,"USB hỗ trợ kết nối bluetooth, Tp-Link, UB500",6422,0.0,881818.0
2023-02-16,826,"Thiết bị thu phát vô tuyếnTP-Link 150M, TL-WN722N",6422,0.0,1390909.0
2023-02-16,826,"Thiết bị định tuyến băng tần 2,4/5 GHz, TP-LINK, Deco E4(2-pack)",6422,0.0,2276364.0
2023-02-16,826,"Thiết bị định tuyến băng tần 2,4/5GHz, TP-Link, Deco M5 (2-pack)",6422,0.0,4636364.0
2023-02-16,1109,TP CK CTY KT CN NAM THANH,6422,0.0,28633.0
2023-02-16,1109,Thuế GTGT: TP CK CTY KT CN NAM THANH,1331,0.0,2863.0
2023-02-16,826,"Thiết bị thu phát vô tuyến, TP-LINK, 2.4GHz/5GHz, Archer C24",6422,0.0,1663636.0
2023-02-16,826,"Thiết bị định tuyến TP-Link, 2.4GHz/5GHz Archer C50",6422,0.0,5890909.0
2023-02-16,826,"Thiết bị thu phát vô tuyến TP-Link, TL-WN725N",6422,0.0,990909.0
2023-02-17,47,Tủ Rack 6U,6422,0.0,650000.0
2023-02-17,47,"Dây mạng FTP CAT6E Cu 0,5mm Cường lực HDPE",6422,0.0,2054785.0
2023-02-17,47,"Chuyển đổi quang điện 2 sợi quang, BT­950 GS­20 (10/100/1000M)",6422,0.0,581818.0
2023-02-17,177,MÁY IN LASER ĐƠN NĂNG CANON I-SENSYS LBP226DW (3516C007AAME),6422,0.0,14727273.0
2023-02-17,177,"Máy quét HP ScanJet Pro 3000S4 Sheet-feed Scanner, 1Y WTY_6FW07A",6422,0.0,8818182.0
2023-02-19,1152,Thuế GTGT: THU PHI CK CTY CN ADG TAI DN,1331,0.0,4000.0
2023-02-19,1151,Thuế GTGT: THU PHI CK CTY CP TG SO,1331,0.0,4000.0
2023-02-19,1151,THU PHI CK CTY CP TG SO,6422,0.0,40000.0
2023-02-19,127,"Máy chấm công vân tay RJ-3030. Hiệu: Ronald jack, nhà sản xuất:zkteco, điện áp: 5V.Mới 100%",6422,0.0,3400000.0
2023-02-19,26686,THU LAI VAY LD2227700350,6422,0.0,828785.0
2023-02-19,1152,THU PHI CK CTY CN ADG TAI DN,6422,0.0,40000.0
2023-02-20,1190,Thuế GTGT: THU PHI CK CTY VIEN SON,1331,0.0,4000.0
2023-02-20,45189,MÁY TÍNH ĐỂ BÀN (PC) LENOVO ThinkCentre neo 50s Gen 3 i5-12400(6*2.5)/4GD4/256GSSD/WL/BT/KB/M/NoOS/ĐEN(11T000AXVA),6422,0.0,49050000.0
2023-02-20,8337,"Máy tính xách tay MSI Modern 14 C11M-011VN (i3-1115G4; 8GB; 512GB SSD; UMA; 14"" FHD; Win11; Black)",6422,0.0,11545455.0
2023-02-20,8337,"Máy tính xách tay MSI GF63 Thin 11SC-664VN (i5-11400H; 8GB; 512GB SSD; GTX 1650/4GB; 15.6"" FHD 144Hz; Win11; Đen)",6422,0.0,15545455.0
2023-02-20,8337,"Máy tính xách tay MSI GF63 Thin 11UC-1230VN (i5-11400H; 8GB; 512GB SSD; RTX3050/4GB; 15.6"" FHD; Win11; Đen)",6422,0.0,17545454.0
2023-02-20,49,"Đầu mạng cáp 6 Commscope, AMP",6422,0.0,500000.0
2023-02-20,49,"ổ cứng GN WD Elements 2.5"" 4TB",6422,0.0,3000000.0
2023-02-20,49,Máy in đa chức năng HP LaserJet Pro MFP 4103fdn,6422,0.0,15090910.0
2023-02-20,49,CHUỘT TRÌNH CHIẾU (PRESENTER) LOGITECH R800 (910-001358),6422,0.0,3354546.0
2023-02-20,1190,THU PHI CK CTY VIEN SON,6422,0.0,40000.0
2023-02-20,49,"Bộ chuyển đổi quang điện 1 sợi quang Netlink GS­03A+B 10/100/1000M, 20Km bộ gồm 2 con ko nguồn",6422,0.0,909090.0
2023-02-20,1189,Thuế GTGT: THU PHI CK CTY DIEP KHANH,1331,0.0,4000.0
2023-02-20,1189,THU PHI CK CTY DIEP KHANH,6422,0.0,40000.0
2023-02-21,1161,Bộ lưu điện Santak-mã hàng C1K-LCD,6422,0.0,6409091.0
2023-02-21,29772,THU LAI VAY LD2228000535,6422,0.0,304666.0
2023-02-22,1008,CHUỘT QUANG VI TÍNH DELL MS116,6422,0.0,3909091.0
2023-02-22,1008,CHUỘT QUANG DELL WIRELESS WM118,6422,0.0,4090909.0
2023-02-22,360292,Không có tên,6422,0.0,2266182.0
2023-02-22,360292,Thuế GTGT: Không có tên,1331,0.0,226818.0
2023-02-22,360292,Không có tên,6422,0.0,220000.0
2023-02-22,1008,BÀN PHÍM DELL MULTIMEDIA KB216,6422,0.0,6500000.0
2023-02-22,1246,THU PHI CK CTY MAY TINH VINH XUAN,6422,0.0,26183.0
2023-02-22,1246,Thuế GTGT: THU PHI CK CTY MAY TINH VINH XUAN,1331,0.0,2618.0
2023-02-22,926,Bàn phím multimode không dây Blue Switch Rapoo V500PRO-87 màu đen,6422,0.0,1418182.0
2023-02-22,926,Bàn phím gaming Rapoo V530 màu đen,6422,0.0,1254545.0
2023-02-22,926,Bàn phím chơi game có đèn nền màu đen Rapoo V500L,6422,0.0,2500000.0
2023-02-22,1245,THU PHI CK CTY HOI TU THONG MINH,6422,0.0,15000.0
2023-02-22,1245,Thuế GTGT: THU PHI CK CTY HOI TU THONG MINH,1331,0.0,1500.0
2023-02-22,111,Màn chiếu chân P70TS,6422,0.0,1740000.0
2023-02-22,111,Màn chiếu treo P84WS,6422,0.0,2520000.0
2023-02-22,111,Giá treo máy chiếu MS65,6422,0.0,150000.0
2023-02-22,111,Giá treo máy chiếu MS12,6422,0.0,220000.0
2023-02-22,1071,Bộ vi xử lý vi tính Intel Core I5-10400 + Quạt,6422,0.0,5818182.0
2023-02-22,926,Bàn phím cơ gaming có dây Rapoo V500pro màu vàng xanh,6422,0.0,3068182.0
2023-02-22,926,Bàn phím  gaming  Rapoo V500pro màu  xanh lơ,6422,0.0,3068182.0
2023-02-22,926,Bàn phím gaming Blue switch Rapoo V500Alloy màu đen,6422,0.0,3272727.0
2023-02-22,926,Bàn phím chơi game có đèn nền màu đen Rapoo V500SE,6422,0.0,2500000.0
2023-02-22,926,Bàn phím gaming có dây Rapoo V50S màu đen,6422,0.0,1318182.0
2023-02-22,111,Giá treo máy chiếu MS18,6422,0.0,660000.0
2023-02-23,3477,"Máy tính xách tay MSI Modern 14 B11MOU-1030VN/i3-1115G4/256GB SSD/8GB/UHD Graphics/14""FHD/60Hz/WIN 11/màu xám",6422,0.0,9909091.0
2023-02-26,54,"Chuyển đổi quang điện 2 sợi quang, BT-950 GS-20(10/100/1000M)",6422,0.0,581818.0
2023-02-26,54,"Dây 4 lõi có thép treo vỏ nhựa PVC, chuẩn cat 3 (300m)",6422,0.0,863636.0
2023-02-26,704,Camera quan sát DS-2CE16D0T-LFS,6422,0.0,5639250.0
2023-02-26,704,Đầu ghi hình DS-7208HGHI-K1,6422,0.0,777450.0
2023-02-26,704,"Ổ cứng lưu trữ dữ liệu ST4000VX000,4T,5900RPM,3.5'',SATA,SEAGATE",6422,0.0,5727273.0
2023-02-26,704,Đầu ghi hình DS-7216HGHI-K1,6422,0.0,1383350.0
2023-02-27,21007,Chiết khấu thương mại theo Số lượng Máy tính để bàn Lenovo từ 10/12/2022 đến 25/12/2022 (MKT-LNV-VJFD-2022-05520),6422,0.0,8181818.0
2023-02-27,1339,THU PHI CK CTY DIEP KHANH,6422,0.0,40000.0
2023-02-27,49876,MÁY VI TÍNH ĐỂ BÀN (PC) LENOVO ThinkCentre neo 50t Gen 3 i3-12100(4*3.3)/4GD4/256GSSD/WL/BT/KB/M/nOS/ĐEN(11SC001LVA),6422,0.0,42850000.0
2023-02-27,49874,MÁY VI TÍNH ĐỂ BÀN (PC) LENOVO ThinkCentre neo 50t Gen 3 i3-12100(4*3.3)/4GD4/256GSSD/WL/BT/KB/M/nOS/ĐEN(11SC001LVA),6422,0.0,85700000.0
2023-02-27,49870,MÁY VI TÍNH ĐỂ BÀN (PC) LENOVO ThinkCentre neo 50t Gen 3 i3-12100(4*3.3)/4GD4/256GSSD/WL/BT/KB/M/nOS/ĐEN(11SC001LVA),6422,0.0,85700000.0
2023-02-27,1339,Thuế GTGT: THU PHI CK CTY DIEP KHANH,1331,0.0,4000.0
2023-02-27,1338,THU PHI CK CTY CP TG SO,6422,0.0,40000.0
2023-02-27,1338,Thuế GTGT: THU PHI CK CTY CP TG SO,1331,0.0,4000.0
2023-02-27,12830,Không có tên,6422,0.0,60000.0
2023-02-27,12830,Thuế GTGT: Không có tên,1331,0.0,6000.0
2023-02-27,12829,Không có tên,6422,0.0,9797385.0
2023-02-27,3342,"Máy tính xách tay MSI Katana GF66 12UCK-815VN/Alder Lake i5-12450H/512GB SSD/DDR4 8GB (3200MHz)/RTX3050 GDDR6 4GB/15.6"" FHD/WIN11/màu đen/ ba lô",6422,0.0,39163636.0
2023-02-27,1337,THU PHI CK CTY VIEN SON,6422,0.0,40000.0
2023-02-27,1337,Thuế GTGT: THU PHI CK CTY VIEN SON,1331,0.0,4000.0
2023-02-27,3815,Camera quan sát kỹ thuật số có chức năng ghi hiệu EZVIZ mã CS-H8C - hỗ trợ thẻ nhớ trong,6422,0.0,1663636.0
2023-02-27,3815,"Camera quan sát CS-C1C 1080P, H.265 (E0-1E2WF)",6422,0.0,3272727.0
2023-02-27,3815,Camera kỹ thuật số có chức năng ghi hiệu EZVIZ mã CS-C3TN (1080P COLOR) 2.8 MM- hỗ trợ thẻ nhớ trong,6422,0.0,3500000.0
2023-02-27,3815,"Camera quan sát CS-C3TN (3MP,2.8MM)",6422,0.0,4181818.0
2023-02-27,3815,"Camera quan sát CS-C3W (4MP, 2.8MM,H.265)",6422,0.0,4200000.0
2023-02-27,3815,Camera quan sát CS-C6N (1080P),6422,0.0,6477273.0
2023-02-27,3772,Camera quan sát kỹ thuật số có chức năng ghi hiệu EZVIZ mã CS-H8C - hỗ trợ thẻ nhớ trong,6422,0.0,3309091.0
2023-02-27,3772,Camera quan sát CS-CV310 (A0-1B2WFR),6422,0.0,3200000.0
2023-02-27,3772,Camera quan sát CS-C6N (1080P),6422,0.0,8600000.0
2023-02-27,3772,"Camera kỹ thuật số có chức năng ghi EZVIZ CS-C6N(4MP,W1)",6422,0.0,2950000.0
2023-02-27,33062,"PHI T02/2023-040019911911-ALERT,IB,OTP,QLTK",6422,0.0,125000.0
2023-02-27,13151,Bộ phát Wifi6 Asus RT-AX53U,6422,0.0,1250000.0
2023-02-27,9841,"Máy tính xách tay MSI GF63 Thin 11SC-664VN (i5-11400H; 8GB; 512GB SSD; GTX 1650/4GB; 15.6"" FHD 144Hz; Win11; Đen)",6422,0.0,31090909.0
2023-02-27,9841,"Máy tính xách tay MSI Modern 14 C11M-011VN (i3-1115G4; 8GB; 512GB SSD; UMA; 14"" FHD; Win11; Black)",6422,0.0,23090909.0
2023-02-27,3342,"ổ cứng lắp trong Western Digital 4TB 3.5"" Sata 3, màu xanh(Blue)(WD40EZAZ)",6422,0.0,1954545.0
2023-02-27,3342,"Máy tính xách tay MSI GF63 Thin 11UD-473VN/i5-11400H/512GB SSD/8GB/RTX3050 Ti Max-Q 4GB/15.6""FHD/60Hz/WIN 11/màu đen",6422,0.0,34545455.0
2023-02-27,722,Thuế GTGT: Dịch vụ SMS Brandname CSKH,1331,0.0,20687.0
2023-02-27,722,Dịch vụ SMS Brandname CSKH,6422,0.0,206873.0
2023-02-27,33062,"Thuế GTGT: PHI T02/2023-040019911911-ALERT,IB,OTP,QLTK",1331,0.0,12500.0
2023-02-27,3342,Chiết khấu giảm giá,6422,0.0,909091.0
2023-02-28,46369397,Thuế GTGT: Không có tên,1331,0.0,35000.0
2023-02-28,118803,Thuế GTGT: Cước dịch vụ Viễn thông-Công nghệ thông tin tháng 02 năm 2023,1331,0.0,2700.0
2023-02-28,118803,Cước dịch vụ Viễn thông-Công nghệ thông tin tháng 02 năm 2023,6422,0.0,27000.0
2023-02-28,34480,THU LAI VAY QUA HAN PDLD2301200655,6422,0.0,643738.0
2023-02-28,34478,THU LAI VAY QUA HAN PDLD2301900242,6422,0.0,858317.0
2023-02-28,34476,THU LAI VAY QUA HAN PDLD2303200329,6422,0.0,1997807.0
2023-02-28,34474,THU LAI VAY QUA HAN PDLD2303400378,6422,0.0,1541518.0
2023-02-28,34471,THU LAI VAY QUA HAN PDLD2303700342,6422,0.0,1085229.0
2023-02-28,46369397,Không có tên,6422,0.0,350000.0
2023-02-28,149479,Cước dịch vụ Viễn thông-Công nghệ thông tin tháng 02 năm 2023,6422,0.0,249636.0
2023-02-28,118855,Cước dịch vụ Viễn thông-Công nghệ thông tin tháng 02 năm 2023,6422,0.0,20000.0
2023-02-28,118898,Thuế GTGT: Cước dịch vụ Viễn thông-Công nghệ thông tin tháng 02 năm 2023,1331,0.0,27400.0
2023-02-28,118898,Cước dịch vụ Viễn thông-Công nghệ thông tin tháng 02 năm 2023,6422,0.0,274000.0
2023-02-28,149479,Thuế GTGT: Cước dịch vụ Viễn thông-Công nghệ thông tin tháng 02 năm 2023,1331,0.0,24964.0
2023-02-28,1040,"Thiết bị thu phát vô tuyếnTP-Link,TL-WA850RE",6422,0.0,1909091.0
2023-02-28,165150,Thuế GTGT: Cước dịch vụ Viễn thông-Công nghệ thông tin tháng 02 năm 2023,1331,0.0,43204.0
2023-02-28,165150,Cước dịch vụ Viễn thông-Công nghệ thông tin tháng 02 năm 2023,6422,0.0,432037.0
2023-02-28,165151,Thuế GTGT: Cước dịch vụ Viễn thông-Công nghệ thông tin tháng 02 năm 2023,1331,0.0,21079.0
2023-02-28,165151,Cước dịch vụ Viễn thông-Công nghệ thông tin tháng 02 năm 2023,6422,0.0,210789.0
2023-02-28,118855,Thuế GTGT: Cước dịch vụ Viễn thông-Công nghệ thông tin tháng 02 năm 2023,1331,0.0,2000.0
2023-02-28,1040,"Thiết bị thu phát vô tuyến băng tần 2.4GHz, Tp-Link, TL-WN781ND",6422,0.0,677273.0
2023-02-28,367,Máy in mã vạch XP-420B,6422,0.0,6363636.0
2023-02-28,1040,"Thiết bị chuyển mạch Tp-Link,TL-SG1005D",6422,0.0,2018182.0
2023-02-28,34468,THU LAI VAY QUA HAN PDLD2303800419,6422,0.0,517950.0
2023-02-28,3312,Chuột không dây Logitech  M190 màu xanh (910-005914),6422,0.0,872727.0
2023-02-28,3312,Tai nghe Logitech G431 7.1 Surround (981-000774),6422,0.0,1000000.0
2023-02-28,118606,Thuế GTGT: Cước dịch vụ Viễn thông-Công nghệ thông tin tháng 02 năm 2023,1331,0.0,21364.0
2023-02-28,118606,Cước dịch vụ Viễn thông-Công nghệ thông tin tháng 02 năm 2023,6422,0.0,213636.0
2023-02-28,76313,Nokia 105 4G DS Xanh,6422,0.0,718182.0
2023-02-28,34460,THU LAI VAY QUA HAN PDLD2304500443,6422,0.0,648957.0
2023-02-28,165249,Thuế GTGT: Cước dịch vụ Viễn thông-Công nghệ thông tin tháng 02 năm 2023,1331,0.0,36958.0
2023-02-28,924,Bàn phím Logitech G610 ORION BLUE (920-008005),6422,0.0,1363636.0
2023-02-28,924,Tai nghe Logitech Gaming G335 màu đen (981-000979),6422,0.0,1027273.0
2023-02-28,924,Tai nghe Logitech G331 Stereo (981-000759),6422,0.0,1490909.0
2023-02-28,924,Chuột Logitech G502 HERO High Performance Gaming(910-005472),6422,0.0,1654545.0
2023-02-28,924,Chuột Logitech G403 HERO (910-005634),6422,0.0,1600000.0
2023-02-28,367,Máy đọc mã vạch WNL-6000G,6422,0.0,590909.0
2023-02-28,367,Máy in hóa đơn XP-Q801L,6422,0.0,4772727.0
2023-02-28,34464,THU LAI VAY QUA HAN PDLD2304000227,6422,0.0,615301.0
2023-02-28,1436,"Bản quyền phần mềm Kaspersky Ksos 5 for DT+MD+FS SEA 5 - MD; 5-DT ,1-FS; 5USER 1Y BsRP",6422,0.0,5600000.0
2023-02-28,1071,Chuột Logitech M170,6422,0.0,1636360.0
2023-02-28,1071,Thiết bị ghi hình Logitech C930E (Webcam),6422,0.0,3981818.0
2023-02-28,1040,"Bộ định tuyến TP-Link, 2.4GHz/5GHz W-CDMA FDD/E-UTRA FDD, Archer MR200",6422,0.0,6741818.0
2023-02-28,34462,THU LAI VAY QUA HAN PDLD2304400277,6422,0.0,1307879.0
2023-02-28,165249,Cước dịch vụ Viễn thông-Công nghệ thông tin tháng 02 năm 2023,6422,0.0,369576.0
2023-02-28,118804,Cước dịch vụ Viễn thông-Công nghệ thông tin tháng 02 năm 2023,6422,0.0,24545.0
2023-02-28,118804,Thuế GTGT: Cước dịch vụ Viễn thông-Công nghệ thông tin tháng 02 năm 2023,1331,0.0,2455.0
2023-02-28,34458,THU LAI VAY QUA HAN PDLD2304700471,6422,0.0,474363.0
2023-02-28,34456,THU LAI VAY QUA HAN PDLD2304800307,6422,0.0,187733.0
2023-02-28,34445,THU LAI VAY QUA HAN PDLD2228300453,6422,0.0,3314220.0
2023-02-28,34444,THU LAI VAY QUA HAN PDLD2228400092,6422,0.0,708492.0
2023-02-28,34443,THU LAI VAY QUA HAN PDLD2228500024,6422,0.0,1011141.0
2023-02-28,34437,THU LAI VAY QUA HAN PDLD2228600465,6422,0.0,835357.0
2023-02-28,34428,THU LAI VAY QUA HAN PDLD2229700440,6422,0.0,715264.0
2023-02-28,34430,THU LAI VAY QUA HAN PDLD2229700340,6422,0.0,715264.0
2023-02-28,34433,THU LAI VAY QUA HAN PDLD2229200450,6422,0.0,683792.0
2023-02-28,34435,THU LAI VAY QUA HAN PDLD2229000275,6422,0.0,1370294.0
2023-02-28,34440,THU LAI VAY QUA HAN PDLD2228500483,6422,0.0,715264.0
2023-03-01,3957,Bộ nhớ trong Kingston Fury 16GB D4-3600U C17 Beast RGB Kit/2 (KF436C17BBAK2/16),6422,0.0,5272727.0
2023-03-01,961,Bảng mạch chính Asus PRIME H510M-K,6422,0.0,26945455.0
2023-03-02,1143,Chuột Logitech M170,6422,0.0,1636360.0
2023-03-02,1143,Thiết bị ghi hình Logitech C930E (Webcam),6422,0.0,3981818.0
2023-03-02,35340,THU LAI VAY LD2228300453,6422,0.0,513.0
2023-03-02,498,Mực nạp đổ XP12 - 140,6422,0.0,4000000.0
2023-03-02,498,"Màn chiếu ba chân 84 x 84, hiệu ECO SCREEN",6422,0.0,1527273.0
2023-03-02,35341,THU LAI VAY LD2228400092,6422,0.0,53661.0
2023-03-02,833663,Phí vận chuyển [922055842],6422,0.0,6364.0
2023-03-05,64026,MÁY TÍNH ĐỂ BÀN (PC) LENOVO ThinkCentre neo 50s Gen 3 i5-12400(6*2.5)/4GD4/256GSSD/WL/BT/KB/M/NoOS/ĐEN(11T000AXVA),6422,0.0,49050000.0
2023-03-05,1471,THU PHI CK CTY THE GIOI SO,6422,0.0,20000.0
2023-03-05,1471,Thuế GTGT: THU PHI CK CTY THE GIOI SO,1331,0.0,2000.0
2023-03-05,1472,THU PHI CK CTY THUAT DIEP KHANH,6422,0.0,19884.0
2023-03-05,1472,Thuế GTGT: THU PHI CK CTY THUAT DIEP KHANH,1331,0.0,1988.0
2023-03-05,1034,Chuột Logitech G502 HERO High Performance Gaming(910-005472),6422,0.0,827273.0
2023-03-05,1386,Chíp vi xử lý INTEL CORE I3 10105F - 3 .70 GHZ (BX8070110105F S RH 8 V) + Quạt,6422,0.0,3181818.0
2023-03-05,1386,CHIP VI XỬ LÝ INTEL CORE I5 - 10400F 2.90 GHZ + QUẠT,6422,0.0,4454545.0
2023-03-05,1386,BỘ VI XỬ LÝ VI TÍNH INTEL CORE i7-10700F (BX8070110700FSRH70) + QUẠT,6422,0.0,5227273.0
2023-03-05,1386,Chíp vi xử lý INTEL CORE I5 12400F - 2.50GHZ (BX8071512400F S RL4W)+Quạt,6422,0.0,3681818.0
2023-03-05,1386,Bộ vi xử lý vi tính Intel Core I5-10400 + Quạt,6422,0.0,5727273.0
2023-03-05,1034,Bàn phím Logitech G610 ORION BLUE (920-008005),6422,0.0,1363636.0
2023-03-05,1034,Chuột Logitech G402 Hyperion Fury (910-004070),6422,0.0,2145455.0
2023-03-05,181,"Màn hình máy tính Lenovo H20215FE0 - ""E22-28 (H20215FE0) 21.5 inch Monitor-HDMI, Linecord, 3YR WTYWarrantyCode: 3years limited"", P/N:62B9MAR4WW",6422,0.0,43636364.0
2023-03-06,2845,CPN Vận đơn số  BO426585589 từ Gia Lai đến TP. Hồ Chí Minh,6422,0.0,15600.0
2023-03-06,2845,CPN Vận đơn số  BO428283936 từ Gia Lai đến Đà Nẵng,6422,0.0,15600.0
2023-03-06,2845,CPN Vận đơn số  BO429645066 từ Gia Lai đến TP. Hồ Chí Minh,6422,0.0,15600.0
2023-03-06,2845,CPN Vận đơn số  BO427201507 từ Gia Lai đến TP. Hồ Chí Minh,6422,0.0,15600.0
2023-03-06,2845,CPN Vận đơn số  BO426588225 từ Gia Lai đến TP. Hồ Chí Minh,6422,0.0,15600.0
2023-03-06,2845,Đường bộ Vận đơn số  BO426587420 từ Gia Lai đến Hà Nội,6422,0.0,27273.0
2023-03-06,2845,Đường bộ Vận đơn số  BO426586936 từ Gia Lai đến TP. Hồ Chí Minh,6422,0.0,32500.0
2023-03-06,2845,CPN Vận đơn số  BO426586180 từ Gia Lai đến TP. Hồ Chí Minh,6422,0.0,15600.0
2023-03-06,2845,CPN Vận đơn số  BO428284206 từ Gia Lai đến Đà Nẵng,6422,0.0,15600.0
2023-03-06,2845,CPN Vận đơn số  BO426026143 từ Gia Lai đến TP. Hồ Chí Minh,6422,0.0,15600.0
2023-03-06,2845,Đường bộ Vận đơn số  BO426022167 từ Gia Lai đến TP. Hồ Chí Minh,6422,0.0,38999.0
2023-03-06,2845,CPN Vận đơn số  BO424601776 từ Gia Lai đến TP. Hồ Chí Minh,6422,0.0,15600.0
2023-03-06,2845,Đường bộ Vận đơn số  BO422815355 từ Gia Lai đến TP. Hồ Chí Minh,6422,0.0,32500.0
2023-03-06,2845,Đường bộ Vận đơn số  BO433631595 từ Gia Lai đến TP. Hồ Chí Minh,6422,0.0,32500.0
2023-03-06,2845,CPN Vận đơn số  BO433629540 từ Gia Lai đến TP. Hồ Chí Minh,6422,0.0,15600.0
2023-03-06,14621,"Màn hình vi tính Dell LCD-U2422H-23.8""WHD-3Y",6422,0.0,28181818.0
2023-03-06,36042,THU LAI VAY LD2228500024,6422,0.0,217603.0
2023-03-06,4384,"Camera quan sát CS-C1C 1080P, H.265 (E0-1E2WF)",6422,0.0,4050000.0
2023-03-06,4384,Camera quan sát kỹ thuật số có chức năng ghi hiệu EZVIZ mã CS-H8C - hỗ trợ thẻ nhớ trong,6422,0.0,4300000.0
2023-03-06,64,Cáp dữ liệu VIDEO HDMI 1.4 truyền âm thanh hình ảnh dài 5M Ugreen ( 10109),6422,0.0,2545460.0
2023-03-06,2845,CPN Vận đơn số  BO429645173 từ Gia Lai đến TP. Hồ Chí Minh,6422,0.0,15600.0
2023-03-06,2845,CPN Vận đơn số  BO424603065 từ Gia Lai đến TP. Hồ Chí Minh,6422,0.0,22100.0
2023-03-06,2845,Đường bộ Vận đơn số  BO429645280 từ Gia Lai đến TP. Hồ Chí Minh,6422,0.0,32500.0
2023-03-06,2845,Đường bộ Vận đơn số  BO437546827 từ Gia Lai đến TP. Hồ Chí Minh,6422,0.0,32500.0
2023-03-06,2845,CPN Vận đơn số  BO426019735 từ Gia Lai đến TP. Hồ Chí Minh,6422,0.0,15600.0
2023-03-06,2845,Đường bộ Vận đơn số  BO430218410 từ Gia Lai đến TP. Hồ Chí Minh,6422,0.0,32500.0
2023-03-06,181034,Cước dịch vụ viễn thông trả sau (Dịch vụ chịu thuế),6422,0.0,248182.0
2023-03-06,181034,Thuế GTGT: Cước dịch vụ viễn thông trả sau (Dịch vụ chịu thuế),1331,0.0,24818.0
2023-03-06,960,Bộ lưu điện Santak - Mã hàng TG500,6422,0.0,5290909.0
2023-03-06,1924,Mực in HP W2090A,6422,0.0,3409090.91
2023-03-06,2845,Đường bộ Vận đơn số  BO438331252 từ Gia Lai đến Đà Nẵng,6422,0.0,27273.0
2023-03-06,2845,CPN Vận đơn số  BO438330768 từ Gia Lai đến TP. Hồ Chí Minh,6422,0.0,15600.0
2023-03-06,2845,CPN Vận đơn số  BO438330554 từ Gia Lai đến Đà Nẵng,6422,0.0,15600.0
2023-03-06,2845,CPN Vận đơn số  BO438330233 từ Gia Lai đến Đà Nẵng,6422,0.0,15600.0
2023-03-06,2845,CPN Vận đơn số  BO438329732 từ Gia Lai đến TP. Hồ Chí Minh,6422,0.0,15600.0
2023-03-06,2845,Đường bộ Vận đơn số  BO437546285 từ Gia Lai đến TP. Hồ Chí Minh,6422,0.0,32500.0
2023-03-06,2845,CPN Vận đơn số  BO431121800 từ Gia Lai đến TP. Hồ Chí Minh,6422,0.0,15600.0
2023-03-06,2845,CPN Vận đơn số  BO431121793 từ Gia Lai đến Đà Nẵng,6422,0.0,15600.0
2023-03-06,2845,CPN Vận đơn số  BO426582211 từ Gia Lai đến TP. Hồ Chí Minh,6422,0.0,15600.0
2023-03-06,2845,CPN Vận đơn số  BO434635043 từ Gia Lai đến TP. Hồ Chí Minh,6422,0.0,15600.0
2023-03-06,2845,CPN Vận đơn số  BO426584142 từ Gia Lai đến TP. Hồ Chí Minh,6422,0.0,15600.0
2023-03-06,2845,CPN Vận đơn số  BO426583337 từ Gia Lai đến Đà Nẵng,6422,0.0,15600.0
2023-03-06,2845,Đường bộ Vận đơn số  BO431630241 từ Gia Lai đến TP. Hồ Chí Minh,6422,0.0,39000.0
2023-03-06,2845,CPN Vận đơn số  BO426024854 từ Gia Lai đến TP. Hồ Chí Minh,6422,0.0,15600.0
2023-03-06,2845,CPN Vận đơn số  BO431121579 từ Gia Lai đến Thừa Thiên Huế,6422,0.0,16900.0
2023-03-06,2845,CPN Vận đơn số  BO426023407 từ Gia Lai đến Đà Nẵng,6422,0.0,15600.0
2023-03-06,2845,CPN Vận đơn số  BO435615036 từ Gia Lai đến Đà Nẵng,6422,0.0,15600.0
2023-03-07,1987,Mực in HP W2093A,6422,0.0,2272727.27
2023-03-07,1069,"ổ cứng lắp trong Western Digital 2TB 3.5"" Sata 3,màu xanh(Blue)(WD20EZBX)",6422,0.0,5772727.0
2023-03-07,1987,Mực in HP W2092A,6422,0.0,2272727.27
2023-03-07,1987,Mực in HP CF-230A,6422,0.0,3090909.09
2023-03-07,361,Ruy băng máy in vi tính LQ310,6422,0.0,198000.0
2023-03-07,1988,Máy in laser Brother DCP B7535DW,6422,0.0,4818181.82
2023-03-07,1987,Mực in HP W2091A,6422,0.0,2272727.27
2023-03-08,15579,"Máy tính xách tay Dell Inspiron 16 5620 Intel Core i7-1255U /16.0""FHD+/ 1x8G/ 512GB SSD PCIe NVMe/ 4 Cell-54Whr/ Win 11 Microsoft Office Home and Student 2021/ N6I7110W1-Silver",6422,0.0,39454545.0
2023-03-09,1135,Chuột Logitech G403 HERO (910-005634),6422,0.0,1600000.0
2023-03-09,16225366,Trich thu Tien vay - Lai : 1687671 - Acct vay 383583749,6422,0.0,1687671.0
2023-03-09,1134,"Máy tính xách tay MSI Modern 14 B11SBU-668VN/i5-1155G7/512GB SSD/8GB/MX450 2GB/14""FHD/60Hz/WIN 10/màu xám",6422,0.0,31890909.0
2023-03-09,1596,Thuế GTGT: THU PHI BAO CO USD CTY HUY VU,1331,0.0,5000.0
2023-03-09,1596,THU PHI BAO CO USD CTY HUY VU,6422,0.0,50000.0
2023-03-09,16225375,Trich thu Tien vay - Lai : 2531507 - Acct vay 383484139,6422,0.0,2531507.0
2023-03-09,1134,"ổ cứng lắp trong Western Digital 4TB 3.5"" Sata 3, màu xanh(Blue)(WD40EZAZ)",6422,0.0,3909091.0
2023-03-09,16225362,Trich thu Tien vay - Lai : 8837260 - Acct vay 377993869,6422,0.0,8837260.0
2023-03-10,69,Ổ cứng gắn ngoài SanDisk SDSSDE61-4T00-G25 USB 3.2 Type C & Type A,6422,0.0,9000000.0
2023-03-10,68,Máy in HP Laserjet Pro M404DN,6422,0.0,10000000.0
2023-03-10,68,Máy in Canon LBP 226dw,6422,0.0,5000000.0
2023-03-10,2521,4K0Z7PA: Máy tính xách tay HP 14s-fq1080AU - AMD Ryzen 3 5300U / 4GB DDR4-3200/ SSD 256GB / Radeon Vega Graphics/ 14” HD/ Windows 11 Home/ Natural Silver/ 1Y,6422,0.0,135000000.0
2023-03-10,2521,6R9M6PA: Máy tính xách tay HP 14s-dq5053TU - Intel Core i5-1235U - U15 / 8GB DDR4 2DM 3200/ SSD 512Gb / Intel Iris Xe/ 14 Inch HD/ Win 11 home/ Natural Silver/ 1Y,6422,0.0,26909092.0
2023-03-10,16763463,Thu Phi SMS thay doi so du thang  02/2023,6422,0.0,18182.0
2023-03-10,16763463,Thuế GTGT:  Thu Phi SMS thay doi so du thang  02/2023,1331,0.0,1818.0
2023-03-12,39746,THU LAI VAY LD2228500483,6422,0.0,195062.0
2023-03-12,16779,Màn hình LCD VIEWSONIC VX3276-2K-MHD-2 32'',6422,0.0,25909091.0
2023-03-12,39753,THU LAI VAY LD2301200655,6422,0.0,288493.0
2023-03-13,1067,Tai nghe SoundMax BT200,6422,0.0,720000.0
2023-03-13,1067,Tai nghe SoundMax AH713,6422,0.0,840000.0
2023-03-13,1067,Tai nghe SoundMax AH712,6422,0.0,880000.0
2023-03-13,1067,Tai nghe SoundMax AH336,6422,0.0,380000.0
2023-03-13,1067,Tai nghe SoundMax AH327,6422,0.0,350000.0
2023-03-13,1067,Tai nghe SoundMax AH304,6422,0.0,1150000.0
2023-03-13,1067,Loa SoundMax A927/2.1,6422,0.0,1360000.0
2023-03-13,1067,Loa SoundMax A926/2.1,6422,0.0,1360000.0
2023-03-13,1067,Loa SoundMax A828/2.1,6422,0.0,940000.0
2023-03-13,1067,Loa SoundMax A600/2.1,6422,0.0,620000.0
2023-03-13,1067,Loa SoundMax A150/2.0,6422,0.0,1200000.0
2023-03-13,1067,Loa SoundMax A130/2.0,6422,0.0,2600000.0
2023-03-13,1686,Thuế GTGT: THU PHI CK CTY LBM,1331,0.0,1500.0
2023-03-13,1686,THU PHI CK CTY LBM,6422,0.0,15000.0
2023-03-13,41409,THU LAI VAY LD2228600465,6422,0.0,379785.0
2023-03-13,1067,Loa SoundMax A827/2.1,6422,0.0,940000.0
2023-03-14,73,Bộ chuyển đổi DVI-D sang VGA active từ máy tính nối ra máy chiếu/màn hình Ugreen (40259),6422,0.0,400000.0
2023-03-14,73,"Đầu nối HDMI âm tường bằng nhựa bẻ góc 90 độ, màu đen Ugreen ( 20318)",6422,0.0,572730.0
2023-03-14,73,Cáp dữ liệu VIDEO HDMI 1.4 truyền âm thanh hình ảnh dài 5M Ugreen ( 10109),6422,0.0,636365.0
2023-03-14,73,Bộ nhớ trong của máy vi tính 16GB hiệu G - SKILL F4 - 3200C16S - 16GIS,6422,0.0,2536362.0
2023-03-14,73,Bộ nhớ trong của máy vi tính 16GB hiệu G - SKILL F4 - 3200C16S - 16GVK,6422,0.0,845454.0
2023-03-14,206,"Máy tính xách tay Lenovo S14 G3 IAP CLOUD_GREY/14"" FHD/I3-1215U/8Gb/256Gb/UHD/Fingerprint/No Office/No OS",6422,0.0,44690909.0
2023-03-15,1694,Chíp vi xử lý INTEL CORE I5 12400F - 2.50GHZ (BX8071512400F S RL4W)+Quạt,6422,0.0,21818182.0
2023-03-15,5593,Bảng mạch chính của máy vi tính hiệu ASUS PRIME H610M - K D4,6422,0.0,6654544.0
2023-03-15,5593,Ổ đĩa SDRW-08D2S-U LITE hiệu ASUS,6422,0.0,2472728.0
2023-03-15,5593,Bộ nhớ trong của máy vi tính KINGSTON 16GB D4 - 3600U CL18  Beast  Black  ( KF436C18BB/16 ),6422,0.0,4072728.0
2023-03-15,5593,Bảng mạch chính của máy vi tính hiệu ASUS PRIME B660M -K D4,6422,0.0,10818180.0
2023-03-15,1694,Chíp vi xử lý INTEL CORE I3-12100F - 3.30GHZ + Quạt,6422,0.0,2200000.0
2023-03-15,1731,Thuế GTGT: THU PHI CK CTY TIN HOC VIET SON,1331,0.0,1900.0
2023-03-15,42344,THU LAI VAY LD2229000275,6422,0.0,716482.0
2023-03-15,1730,THU PHI CK CTY MAY TINH VINH XUAN,6422,0.0,19000.0
2023-03-15,1730,Thuế GTGT: THU PHI CK CTY MAY TINH VINH XUAN,1331,0.0,1900.0
2023-03-15,1731,THU PHI CK CTY TIN HOC VIET SON,6422,0.0,19000.0
2023-03-15,5593,Chíp vi xử lý INTEL CORE I3 10105 - 3.70 GHZ (BX8070110105   S RH3P) + Quạt,6422,0.0,11272725.0
2023-03-15,28993,Card đồ họa ASUS PH-GT1030-O2G_90YV0AU0-M0NA00,6422,0.0,4032726.0
2023-03-15,1739,THU PHI CK CTY CN TIN HOC VIEN SON,6422,0.0,40000.0
2023-03-15,1739,Thuế GTGT: THU PHI CK CTY CN TIN HOC VIEN SON,1331,0.0,4000.0
2023-03-15,28993,Card đồ hoạ ASUS TUF-GTX1650-O4GD6-P-V2-GAMING_90YV0GX2-M0NA00,6422,0.0,13570908.0
2023-03-16,4566,Chuột quang USB Logitech B100 (910-006605),6422,0.0,2727273.0
2023-03-16,4566,Bàn phím Logitech Gaming G413 TKL SE (920-010448),6422,0.0,4436364.0
2023-03-16,1283,Ổ cứng SSD Samsung 980 1TB M.2 NVMe(MZ-V8V1T0BW),6422,0.0,1954545.0
2023-03-16,1283,Chuột Logitech Gaming G102 Gen 2 màu đen(910-005802),6422,0.0,3318182.0
2023-03-16,222,"Máy tính xách tay Lenovo S14 G3 IAP CLOUD_GREY/14"" FHD/I3-1215U/8Gb/256Gb/UHD/Fingerprint/No Office/No OS",6422,0.0,22345455.0
2023-03-16,29390,Card đồ hoạ ASUS PH-GTX1650-O4GD6_90YV0EH2-M0NA00,6422,0.0,6238182.0
2023-03-16,1924,Máy in phun đa năng màu Canon G2010,6422,0.0,2654545.0
2023-03-19,1460,Thiết bị trình chiếu logitech R400,6422,0.0,1363635.0
2023-03-19,1760,Màn hình máy tính Dell 22 Monitor - E2223HN powercord/ 36mths Advanced Exchange Service,6422,0.0,5072728.0
2023-03-19,44665,THU LAI VAY LD2301900242,6422,0.0,591781.0
2023-03-19,1460,Tai Nghe Logitech H370,6422,0.0,2000000.0
2023-03-19,572,Bút trình chiếu LP15 A4tech (Trắng),6422,0.0,840909.0
2023-03-19,81,Máy quét HP Scanjet Pro 3000 S4 Sheet-feed - WTY_6FW07A,6422,0.0,8863636.0
2023-03-19,572,Bút trình chiếu LP15 A4tech (Đen),6422,0.0,840909.0
2023-03-19,572,ổ cứng gắn trong 120GB SSD820S M.2 2280 SATA3 Transcend,6422,0.0,1590909.0
2023-03-19,572,ổ cứng gắn trong 250GB SSD 825S M.2 Transcend,6422,0.0,1336364.0
2023-03-19,44661,THU LAI VAY LD2229200450,6422,0.0,400305.0
2023-03-19,1460,Chuột Logitech M185 Xám,6422,0.0,1700000.0
2023-03-20,1350,ổ cứng 1000GB Kingston SSD NV2 M.2 2280 NVMe (SNV2S/1000G),6422,0.0,2545455.0
2023-03-20,1350,Cạc màn hình Asus TUF-GTX1660S-O6G-GAMING,6422,0.0,8909091.0
2023-03-21,229,Máy chiếu đa năng ViewSonic PA503XB,6422,0.0,8700000.0
2023-03-21,1377,Nguồn máy tính Corsair CV550/CP-9020210-NA,6422,0.0,1927273.0
2023-03-21,1377,Nguồn máy tính Corsair CV650/CP-9020236-NA,6422,0.0,2290909.0
2023-03-21,1377,Nguồn máy tính Corsair CV750 - 80 Plus Bronze/CP-9020237-NA,6422,0.0,1336364.0
2023-03-21,19314,"Máy tính xách tay Dell Inspiron 16 5620 Intel Core i7-1255U, 16.0""FHD+, 1x8G, 512GB SSD PCIe NVMe, 4 Cell-54Whr, Win 11 Microsoft Office Home and Student 2021, N6I7110W1-Silver",6422,0.0,19727273.0
2023-03-21,19314,"Máy tính xách tay Dell Inspiron 15 3520 Intel Core i5-1235U, 15.6""FHD, 1x8G, 256GB SSD PCIe NVMe, 3 Cell-41Whr, Win 11 Microsoft Office Home and Student 2021, N5I5122W1-Black",6422,0.0,42272727.0
2023-03-21,236,Máy hủy giấy hiệu Magitech DM-120M,6422,0.0,2800000.0
2023-03-21,1887,CHIP VI XỬ LÝ INTEL CORE I5 - 10400F 2.90 GHZ + QUẠT,6422,0.0,2227273.0
2023-03-21,1887,Bộ vi xử lý vi tính Intel Core i3-12100 (BX8071512100SRL62) + Quạt,6422,0.0,2954545.0
2023-03-21,85,Khung HDMI âm tường màu trắng chất liệu nhựa ugreen (20316),6422,0.0,250908.0
2023-03-21,82729,MÁY VI TÍNH ĐỂ BÀN (PC) LENOVO ThinkCentre neo 50t Gen 3 i3-12100(4*3.3)/4GD4/256GSSD/WL/BT/KB/M/nOS/ĐEN(11SC001LVA),6422,0.0,8570000.0
2023-03-21,85,Cáp dữ liệu VIDEO HDMI 1.4 truyền âm thanh hình ảnh dài 15M Ugreen (10111),6422,0.0,1781816.0
2023-03-21,85,Cáp dữ liệu VIDEO HDMI 1.4 truyền âm thanh hình ảnh dài 3M Ugreen (10108),6422,0.0,477275.0
2023-03-21,2065,Bộ lưu điện Santak-mã hàng TG500,6422,0.0,10603644.0
2023-03-21,85,Cáp dữ liệu USB 2.0 cho máy in truyền dữ liệu từ máy tính ra máy in dài 5m Ugreen (10329),6422,0.0,454545.0
2023-03-22,46772,THU LAI VAY LD2229700340,6422,0.0,525303.0
2023-03-22,20110,Chiết khấu theo BB thỏa thuận và quyết toán số 00090-2023-01-HTG-DELL-HVU09-PSD kí ngày 07/01/2023,6422,0.0,3636364.0
2023-03-22,20110,"Máy tính xách tay Dell Latitude 3420, CTO Intel Core i3-1115G4 (2 Core, 6M cache, base 3.0GHz, up to 4.10), MH 14 inch HD (1920 x 1080), RAM 8GB, 256GB SSD, Intel® UHD Graphics, Ubuntu",6422,0.0,52272727.0
2023-03-22,13978,"Máy tính xách tay MSI Modern 14 C11M-011VN (i3-1115G4; 8GB; 512GB SSD; UMA; 14"" FHD; Win11; Black)",6422,0.0,45454545.0
2023-03-22,6216,ổ đĩa cứng gắn trong máy vi tính 480GB  hiệu KINGSTON 480GB A400 SATA3 2.5 SSD (SA400S37/480G),6422,0.0,3000000.0
2023-03-22,1906,Thuế GTGT: TP CK CTY TH VIEN SON,1331,0.0,1900.0
2023-03-22,1906,TP CK CTY TH VIEN SON,6422,0.0,19000.0
2023-03-22,6221,"Ổ đĩa cứng gắn trong máy vi tính 240GB hiệu KINGSTON 240GB A400  SATA3 2.5"" SSD (SA400S37/240G)",6422,0.0,16818200.0
2023-03-22,5001,"Máy tính xách tay MSI Cyborg 15 A12VE-240VN/i7-12650H/512GB SSD/DDR5 8GB/RTX 4050 GDDR6 6GB/15.6"" FHD 144Hz/Win11/màu đen, ba lô",6422,0.0,22490909.0
2023-03-22,5001,"ổ cứng Western SSD 240GB Sata3, màu xanh - green (WDS240G3G0A)",6422,0.0,9545455.0
2023-03-23,47118,THU LAI VAY LD2229700440,6422,0.0,590169.0
2023-03-23,1971,THU PHI CK CTY MAY TINH VINH XUAN,6422,0.0,28000.0
2023-03-23,1971,Thuế GTGT: THU PHI CK CTY MAY TINH VINH XUAN,1331,0.0,2800.0
2023-03-23,14405,Trống từ Brother DR-2385,6422,0.0,2777727.0
2023-03-23,14405,Mực in Brother TN-2385,6422,0.0,21825001.0
2023-03-23,14405,Mực in Brother TN-B022,6422,0.0,4365000.0
2023-03-23,14405,Mực in phun Brother BTD60BK BH17 ASA,6422,0.0,3492000.0
2023-03-23,14405,Mực in phun Brother BT5000C,6422,0.0,2539636.0
2023-03-23,14405,Trống từ Brother DR-B022,6422,0.0,5555455.0
2023-03-23,14405,Mực in phun Brother BT5000Y,6422,0.0,2539636.0
2023-03-23,14405,Mực in phun Brother BT5000M,6422,0.0,2539636.0
2023-03-24,361,MÁY IN SỔ OLIVETTI PASSBOOK PRINTER PR2 PLUS,6422,0.0,10363636.0
2023-03-24,430,MÁY TÍNH CASIO JS20,6422,0.0,3136365.0
2023-03-26,261,Màn hình máy tính Dell 22 Monitor - E2223HN powercord/ 36mths Advanced Exchange Service,6422,0.0,26800000.0
2023-03-26,2009,THU PHI CK CTY CP THE GIOI SO,6422,0.0,40000.0
2023-03-26,2009,Thuế GTGT: THU PHI CK CTY CP THE GIOI SO,1331,0.0,4000.0
2023-03-26,9954,NỒI CƠM ĐIỆN SUPOR CFXB40FC33VN-75,6422,0.0,718182.0
2023-03-26,99766,DO 0.05S-II,6422,0.0,454545.0
2023-03-26,34177,"Máy tính xách tay Lenovo ThinkPad E14 Gen 4, i5-1235U, 8GB, 512GB SSD, Intel Iris Xe Graphics, 14"" FHD, 3C 45Wh, ax+BT, FP, No OS, Đen (Black), 2Y WTY_21E300DPVA",6422,0.0,15454545.0
2023-03-27,20948699,THANH LY,6422,0.0,1627397.0
2023-03-27,20949776,THANH LY,6422,0.0,1084932.0
2023-03-27,268,"Máy tính xách tay Lenovo Notebook ThinkPad NBLN TP L13 Clam G3 T (gồm i7-1255U (4.7G) - 16GB RAM - 512GB SSD - WF+BL, Fingerprint - 13.3'' WUXGA - Thunder Black - Dos -P/N: 21B3005YVA",6422,0.0,9090909.0
2023-03-28,2112,Thuế GTGT: THU PHI CK CTY CN NAM THANH,1331,0.0,2300.0
2023-03-28,49839,"PHI T03/2023-040019911911-ALERT,IB,OTP,QLTK",6422,0.0,125000.0
2023-03-28,49839,"Thuế GTGT: PHI T03/2023-040019911911-ALERT,IB,OTP,QLTK",1331,0.0,12500.0
2023-03-28,2112,THU PHI CK CTY CN NAM THANH,6422,0.0,23000.0
2023-03-28,66,Hộp mực in iziNet 12A/303/FX9 Universal,6422,0.0,4800000.0
2023-03-28,66,Hộp mực in EcoPlus 12A/303/FX9 Universal,6422,0.0,1760000.0
2023-03-29,1563,"Thiết bị thu phát vô tuyến băng tần 2.4GHz, Tp-Link, TL-WN881ND",6422,0.0,1040909.0
2023-03-29,664,Mực nạp đổ XP12 - 140,6422,0.0,4000000.0
2023-03-29,664,L3250 Máy in phun màu đa năng khổ A4 hiệu Epson,6422,0.0,4363636.0
2023-03-29,664,L1210 Máy in phun hiệu epson,6422,0.0,3090909.0
2023-03-29,1563,"Thiết bị định tuyến băng tần 2,4 GHz, W-CDMA FDD/E-UTRA FDD, TP-LINK, TL-MR100",6422,0.0,1705455.0
2023-03-29,1563,"Thiết bị định tuyến TP-Link, 2.4GHz/5GHz Archer C50",6422,0.0,5890909.0
2023-03-29,1563,"Thiết bị thu phát vô tuyến TP-LINK, 2,4 GHz/ W-CDMA FDD/ E-UTRA FDD, TL-MR6400",6422,0.0,9818182.0
2023-03-29,1563,"Thiết bị thu phát vô tuyến băng tần 2.4GHz, Tp-Link, TL-WN781ND",6422,0.0,681818.0
2023-03-29,1563,"Thiết bị chuyển mạch Tp-Link,TL-SG1005D",6422,0.0,1009091.0
2023-03-29,259,Máy chiếu đa năng ViewSonic PA503W,6422,0.0,21800000.0
2023-03-29,281,"Màn hình máy tính Lenovo H20215FE0 - ""E22-28 (H20215FE0) 21.5 inch Monitor-HDMI, Linecord, 3YR WTYWarrantyCode: 3years limited"", P/N:62B9MAR4WW",6422,0.0,65454545.0
2023-03-29,1563,"Thiết bị đầu cuối  W-CDMA FDD/E-UTRA FDD, 2.4GHz, TP-Link, M7000",6422,0.0,3700000.0
2023-03-30,1607,Cạc màn hình Asus GT710-SL-2GD3-BRK-EVO,6422,0.0,4090909.0
2023-03-30,5508,Cạc màn hình Asus TUF-GTX1650-O4GD6-GAMING,6422,0.0,16745455.0
2023-03-30,5559,Tai nghe Logitech G331 Stereo (981-000759),6422,0.0,2236364.0
2023-03-30,1607,Bảng mạch chính Asus PRIME H510M-F,6422,0.0,20727273.0
2023-03-30,1607,Bộ nhớ trong Kingston Fury 32GB D4-3600U CL18 Beast RGB Kit/2 (KF436C18BBAK2/32),6422,0.0,4309091.0
2023-03-30,2190,Thuế GTGT: TP CK CTY HUETRONICS,1331,0.0,2300.0
2023-03-30,2168,CARD VGA của máy vi tính hiệu ASUS GT730 - SL - 2GD5 - BRK,6422,0.0,2363636.0
2023-03-30,5698,"Máy tính xách tay MSI Katana GF66 12UDK-814VN/Alder Lake i7-12650H/512GB SSD/DDR4 8GB*2 (3200MHz)/RTX3050Ti GDDR6 4GB/15.6"" FHD/WIN11/màu đen/ ba lô",6422,0.0,23627273.0
2023-03-30,5698,"Máy tính xách tay MSI Katana GF66 12UCK-699VN/Alder Lake i5-12450H/512GB SSD/DDR4 8GB (3200MHz)/RTX3050 GDDR6 4GB/15.6"" FHD/WIN 11/màu đen/ba lô",6422,0.0,38254545.0
2023-03-30,16617,Không có tên,6422,0.0,9466010.0
2023-03-30,51220,THU LAI VAY QUA HAN PDLD2303400378,6422,0.0,1849822.0
2023-03-30,99458,MÁY VI TÍNH ĐỂ BÀN (PC) LENOVO ThinkCentre neo 50t Gen 3 i3-12100(4*3.3)/4GD4/256GSSD/WL/BT/KB/M/nOS/ĐEN(11SC001LVA),6422,0.0,85700000.0
2023-03-30,1264,Thuế GTGT: Dịch vụ SMS Brandname CSKH,1331,0.0,11544.0
2023-03-30,2168,Chíp vi xử lý INTEL CORE I5 12400F - 2.50GHZ (BX8071512400F S RL4W)+Quạt,6422,0.0,3436364.0
2023-03-30,1264,Dịch vụ SMS Brandname CSKH,6422,0.0,115436.0
2023-03-30,2189,TP CK CTY MINH PHAT,6422,0.0,23000.0
2023-03-30,2190,TP CK CTY HUETRONICS,6422,0.0,23000.0
2023-03-30,1210,Đầu ghi hình DS-7216HGHI-K1,6422,0.0,1364400.0
2023-03-30,1210,Camera quan sát DS-2CE16D0T-LFS,6422,0.0,5932800.0
2023-03-30,1210,"Camera quan sát CS-C8PF (2MP,W1)",6422,0.0,1236364.0
2023-03-30,1210,"Camera quan sát CS-H8C (3MP,4MM)",6422,0.0,2618182.0
2023-03-30,1210,Camera quan sát CS-H8C (1080P),6422,0.0,2400000.0
2023-03-30,2189,Thuế GTGT: TP CK CTY MINH PHAT,1331,0.0,2300.0
2023-03-30,2168,CHÍP VI XỬ LÝ INTEL CORE I5-12400 - 2.50GHZ + QUẠT,6422,0.0,8818182.0
2023-03-31,67202949,Thuế GTGT: Không có tên,1331,0.0,35000.0
2023-03-31,2193,Chíp vi xử lý Intel PENTIUM G6400 - 4.00 GHZ (BX80701G6400 S RH3Y) + quạt,6422,0.0,6363636.0
2023-03-31,67202949,Không có tên,6422,0.0,350000.0
2023-04-01,224002,Thuế GTGT: Cước dịch vụ Viễn thông-Công nghệ thông tin tháng 03 năm 2023,1331,0.0,37781.0
2023-04-01,224002,Cước dịch vụ Viễn thông-Công nghệ thông tin tháng 03 năm 2023,6422,0.0,377812.0
2023-04-01,177181,Thuế GTGT: Cước dịch vụ Viễn thông-Công nghệ thông tin tháng 03 năm 2023,1331,0.0,21364.0
2023-04-01,177181,Cước dịch vụ Viễn thông-Công nghệ thông tin tháng 03 năm 2023,6422,0.0,213636.0
2023-04-01,177378,Thuế GTGT: Cước dịch vụ Viễn thông-Công nghệ thông tin tháng 03 năm 2023,1331,0.0,2455.0
2023-04-01,177378,Cước dịch vụ Viễn thông-Công nghệ thông tin tháng 03 năm 2023,6422,0.0,24545.0
2023-04-01,207657,Thuế GTGT: Cước dịch vụ Viễn thông-Công nghệ thông tin tháng 03 năm 2023,1331,0.0,24964.0
2023-04-01,177427,Thuế GTGT: Cước dịch vụ Viễn thông-Công nghệ thông tin tháng 03 năm 2023,1331,0.0,2000.0
2023-04-01,177470,Thuế GTGT: Cước dịch vụ Viễn thông-Công nghệ thông tin tháng 03 năm 2023,1331,0.0,27400.0
2023-04-01,177470,Cước dịch vụ Viễn thông-Công nghệ thông tin tháng 03 năm 2023,6422,0.0,274000.0
2023-04-01,207657,Cước dịch vụ Viễn thông-Công nghệ thông tin tháng 03 năm 2023,6422,0.0,249636.0
2023-04-01,177427,Cước dịch vụ Viễn thông-Công nghệ thông tin tháng 03 năm 2023,6422,0.0,20000.0
2023-04-01,177377,Cước dịch vụ Viễn thông-Công nghệ thông tin tháng 03 năm 2023,6422,0.0,31000.0
2023-04-01,177377,Thuế GTGT: Cước dịch vụ Viễn thông-Công nghệ thông tin tháng 03 năm 2023,1331,0.0,3100.0
2023-04-01,223907,Cước dịch vụ Viễn thông-Công nghệ thông tin tháng 03 năm 2023,6422,0.0,272859.0
2023-04-01,223907,Thuế GTGT: Cước dịch vụ Viễn thông-Công nghệ thông tin tháng 03 năm 2023,1331,0.0,27286.0
2023-04-01,223906,Cước dịch vụ Viễn thông-Công nghệ thông tin tháng 03 năm 2023,6422,0.0,470352.0
2023-04-01,223906,Thuế GTGT: Cước dịch vụ Viễn thông-Công nghệ thông tin tháng 03 năm 2023,1331,0.0,47035.0
2023-04-02,51555,THU LAI VAY QUA HAN PDLD2308700259,6422,0.0,233133.0
2023-04-02,51554,THU LAI VAY QUA HAN PDLD2308800587,6422,0.0,10259.0
2023-04-02,51556,THU LAI VAY QUA HAN PDLD2308600588,6422,0.0,69939.0
2023-04-02,51557,THU LAI VAY QUA HAN PDLD2308300580,6422,0.0,97916.0
2023-04-02,16168,Mực in phun Brother BT5000Y,6422,0.0,3174545.0
2023-04-02,16168,Mực in phun Brother BT5000M,6422,0.0,3174545.0
2023-04-02,16168,Mực in phun Brother BTD60BK BH17 ASA,6422,0.0,4365000.0
2023-04-02,16168,Trống từ Brother DR-B022,6422,0.0,5555455.0
2023-04-02,16168,Trống từ Brother DR-2385,6422,0.0,13888636.0
2023-04-02,16168,Mực in Brother TN-B022,6422,0.0,10912500.0
2023-04-02,16168,Mực in Brother TN-2385,6422,0.0,63292500.0
2023-04-02,16168,Máy in phun đa năng Brother MFC-T920DW,6422,0.0,13192473.0
2023-04-02,16168,Máy in laser Brother DCP-B7535DW,6422,0.0,24418182.0
2023-04-02,16168,Mực in phun Brother BT5000C,6422,0.0,3174545.0
2023-04-02,51570,THU LAI VAY QUA HAN PDLD2304500443,6422,0.0,1391765.0
2023-04-02,51558,THU LAI VAY QUA HAN PDLD2308300426,6422,0.0,139880.0
2023-04-02,51559,THU LAI VAY QUA HAN PDLD2308200255,6422,0.0,81597.0
2023-04-02,16168,Máy in phun đa năng Brother DCP-T226,6422,0.0,28348691.0
2023-04-02,16168,Máy in phun đa năng Brother DCP-T220,6422,0.0,25198836.0
2023-04-02,16168,Máy in laser Brother HL-L2321D,6422,0.0,157036365.0
2023-04-02,16168,Máy in đa chức năng Brother MFC-L2701D,6422,0.0,28352727.0
2023-04-02,51560,THU LAI VAY QUA HAN PDLD2307500658,6422,0.0,326385.0
2023-04-02,51561,THU LAI VAY QUA HAN PDLD2307500316,6422,0.0,266070.0
2023-04-02,51562,THU LAI VAY QUA HAN PDLD2307300692,6422,0.0,381788.0
2023-04-02,51563,THU LAI VAY QUA HAN PDLD2306500370,6422,0.0,1142042.0
2023-04-02,51564,THU LAI VAY QUA HAN PDLD2305900592,6422,0.0,2098186.0
2023-04-02,51565,THU LAI VAY QUA HAN PDLD2305400571,6422,0.0,964260.0
2023-04-02,51566,THU LAI VAY QUA HAN PDLD2305200454,6422,0.0,1765768.0
2023-04-02,51567,THU LAI VAY QUA HAN PDLD2305100452,6422,0.0,1813493.0
2023-04-02,51568,THU LAI VAY QUA HAN PDLD2304800307,6422,0.0,512420.0
2023-04-02,51572,THU LAI VAY QUA HAN PDLD2304000227,6422,0.0,972324.0
2023-04-02,51575,THU LAI VAY QUA HAN PDLD2303800419,6422,0.0,740536.0
2023-04-02,51577,THU LAI VAY QUA HAN PDLD2303700342,6422,0.0,1481074.0
2023-04-02,51579,THU LAI VAY QUA HAN PDLD2303200329,6422,0.0,2023340.0
2023-04-02,1332,Loa SoundMax A2130/2.1,6422,0.0,1140000.0
2023-04-02,51571,THU LAI VAY QUA HAN PDLD2304400277,6422,0.0,2617908.0
2023-04-02,1332,Loa SoundMax A828/2.1,6422,0.0,940000.0
2023-04-02,2234,Thuế GTGT: THU PHI CK CTY TIN HOC VIEN SON,1331,0.0,8000.0
2023-04-02,1332,Loa SoundMax A2140/2.1,6422,0.0,1220000.0
2023-04-02,51569,THU LAI VAY QUA HAN PDLD2304700471,6422,0.0,1186884.0
2023-04-02,397,MÁY IN LASER ĐƠN NĂNG CANON I-SENSYS LBP226DW (3516C007AAME),6422,0.0,19636364.0
2023-04-02,783,Loa vi tính Microlab M- 300BT/2.1,6422,0.0,1718182.0
2023-04-02,783,Loa vi tính Microlab M-108BT,6422,0.0,987272.0
2023-04-02,783,Loa vi tính Microlab M-108/2.1,6422,0.0,818182.0
2023-04-02,2234,THU PHI CK CTY TIN HOC VIEN SON,6422,0.0,80000.0
2023-04-02,783,Loa vi tính Microlab M-600BT/2.1,6422,0.0,2309090.0
2023-04-02,783,Loa vi tính Microlab M - 280BT,6422,0.0,1509090.0
2023-04-02,783,Loa vi tính Microlab B-26,6422,0.0,954545.0
2023-04-02,783,Loa vi tính microlab BP11,6422,0.0,909090.0
2023-04-02,1332,Tai nghe SoundMax BT300,6422,0.0,420000.0
2023-04-02,783,Loa vi tính Microlab M-106BT/2.1,6422,0.0,934546.0
2023-04-03,2272,THU PHI CK CTY LE TRAN GIA,6422,0.0,23000.0
2023-04-03,51824,THU LAI VAY LD2303200329,6422,0.0,19621.0
2023-04-03,51826,THU LAI VAY LD2303400378,6422,0.0,240460.0
2023-04-03,2272,Thuế GTGT: THU PHI CK CTY LE TRAN GIA,1331,0.0,2300.0
2023-04-04,2301,TP CK CTY VINH XUAN,6422,0.0,23000.0
2023-04-04,2301,Thuế GTGT: TP CK CTY VINH XUAN,1331,0.0,2300.0
2023-04-04,2279,THU PHI BS BCNN FT23055MHZR3 NG24.2.23,6422,0.0,40000.0
2023-04-04,2279,Thuế GTGT: THU PHI BS BCNN FT23055MHZR3 NG24.2.23,1331,0.0,4000.0
2023-04-04,40959,"Máy tính xách tay Lenovo ThinkPad E14 Gen 4, i5-1235U, 8GB, 512GB SSD, Intel Iris Xe Graphics, 14"" FHD, 3C 45Wh, ax+BT, FP, No OS, Đen (Black), 2Y WTY_21E300DPVA",6422,0.0,15454545.0
2023-04-05,4636,Kiểm định xe Tải đến 2T (BĐK: 81C-064.95),6422,0.0,263636.0
2023-04-05,2348,THU PHI CK CTY PTCNQG ADG DA NANG,6422,0.0,40000.0
2023-04-05,2348,Thuế GTGT: THU PHI CK CTY PTCNQG ADG DA NANG,1331,0.0,4000.0
2023-04-05,691,Cước dịch vụ viễn thông trả sau (Dịch vụ chịu thuế),6422,0.0,242727.0
2023-04-05,691,Thuế GTGT: Cước dịch vụ viễn thông trả sau (Dịch vụ chịu thuế),1331,0.0,24273.0
2023-04-06,606,Máy đọc mã vạch WAI-5780,6422,0.0,909091.0
2023-04-06,606,Máy đọc mã vạch WNI - 6710G,6422,0.0,836364.0
2023-04-06,606,Máy in mã vạch XP-350BM,6422,0.0,6363636.0
2023-04-06,606,Máy in hóa đơn XP-T80L,6422,0.0,7090909.0
2023-04-06,2387,THU PHI CK CTY LBM,6422,0.0,15000.0
2023-04-06,2387,Thuế GTGT: THU PHI CK CTY LBM,1331,0.0,1500.0
2023-04-06,520,Máy in phun màu khổ A4 Epson L805,6422,0.0,10400000.0
2023-04-07,23453389,Thu Phi SMS thay doi so du thang  03/2023,6422,0.0,54545.0
2023-04-07,23453389,Thuế GTGT:  Thu Phi SMS thay doi so du thang  03/2023,1331,0.0,5455.0
2023-04-09,237,Màn chiếu điện P84ES,6422,0.0,1200000.0
2023-04-09,390,Máy bộ đàm VX6868,6422,0.0,14000000.0
2023-04-09,115,Đầu nối micro HDMI sang HDMI ugreen (20106),6422,0.0,77273.0
2023-04-09,115,Cáp dữ liệu HDMI 1.4 truyền âm thanh hình ảnh dài 35M Ugreen (80729),6422,0.0,5745452.0
2023-04-09,115,Cáp dữ liệu VIDEO HDMI 1.4 truyền âm thanh hình ảnh dài 5M Ugreen (10109),6422,0.0,1227270.0
2023-04-09,237,Màn chiếu chân P84TS,6422,0.0,780000.0
2023-04-09,115,Dây chuyển đổi có chipset USB sang cổng COM RS-232 dài 1.5M Ugreen (20211),6422,0.0,618180.0
2023-04-09,237,Màn chiếu treo P84WS,6422,0.0,1890000.0
2023-04-09,237,Màn chiếu chân P70TS,6422,0.0,1160000.0
2023-04-09,237,Giá treo máy chiếu MS12,6422,0.0,440000.0
2023-04-09,2371,"Máy tính xách tay Asus B1500C i5-1135G7/ 8GB/ 512GBSSD/ UMA/ 15.6""FHD/ FP/ Chuột/ Win 11/ Đen/ 2YW_B1500CEAE-EJ2362W",6422,0.0,12545455.0
2023-04-09,1387,"Camera quan sát CS-C6N (4MP,W1)",6422,0.0,2840910.0
2023-04-09,1387,Camera kỹ thuật số có chức năng ghi hiệu EZVIZ mã CS-C3TN (1080P COLOR) 2.8 MM- hỗ trợ thẻ nhớ trong,6422,0.0,2072727.0
2023-04-09,115,Cáp dữ liệu VIDEO HDMI 1.4 truyền âm thanh hình ảnh dài 15M Ugreen (10111),6422,0.0,2227270.0
2023-04-09,24390307,Trich thu Tien vay - Lai : 9784110 - Acct vay 377993869,6422,0.0,9784110.0
2023-04-10,24588060,Thu phi Phat hanh Bao lanh thanh toan- So BLTT.GIL.12580.110423,6422,0.0,3008219.0
2023-04-11,1401,Camera quan sát CS-H8C (1080P),6422,0.0,2386365.0
2023-04-11,1401,Camera quan sát DS-2CE16D0T-LFS,6422,0.0,422300.0
2023-04-11,1401,Đầu ghi hình DS-7208HGHI-K1,6422,0.0,873300.0
2023-04-11,1401,Camera quan sát DS-2CE10DF0T-FS,6422,0.0,1476000.0
2023-04-11,1401,Camera quan sát CS-C6N (1080P),6422,0.0,12600000.0
2023-04-11,2522,THU PHI CK CTY CN TH VIEN SON,6422,0.0,40000.0
2023-04-11,2522,Thuế GTGT: THU PHI CK CTY CN TH VIEN SON,1331,0.0,4000.0
2023-04-11,57479,THU LAI VAY LD2303700342,6422,0.0,428504.0
2023-04-12,358,L805 Máy in phun màu khổ A4 Epson,6422,0.0,13636364.0
2023-04-12,52,Giấy nhiệt 57-45 (TPNT-K7002 K),6422,0.0,430000.0
2023-04-12,2551,TP CK CTY CP DAU TU LBM,6422,0.0,15000.0
2023-04-12,2551,Thuế GTGT: TP CK CTY CP DAU TU LBM,1331,0.0,1500.0
2023-04-12,121400,DO 0.001S-V,6422,0.0,454545.0
2023-04-13,598,Máy tính casio JS20,6422,0.0,627273.0
2023-04-13,657,Máy in hóa đơn XP-K200L,6422,0.0,1909091.0
2023-04-13,657,Máy in hóa đơn XP-K200W,6422,0.0,2454545.0
2023-04-13,657,Ngăn kéo đựng tiền JJ410,6422,0.0,590909.0
2023-04-13,2449,"Bộ định tuyến Vigor3910, Hiệu Draytek",6422,0.0,33363636.0
2023-04-16,2652,THU PHI CK CTY AN PHAT,6422,0.0,23000.0
2023-04-16,2654,THU PHI CK CTY THE GIOI SO,6422,0.0,40000.0
2023-04-16,2654,Thuế GTGT: THU PHI CK CTY THE GIOI SO,1331,0.0,4000.0
2023-04-16,2653,THU PHI CK CTY LOGICO,6422,0.0,23000.0
2023-04-16,2653,Thuế GTGT: THU PHI CK CTY LOGICO,1331,0.0,2300.0
2023-04-16,2652,Thuế GTGT: THU PHI CK CTY AN PHAT,1331,0.0,2300.0
2023-04-16,941,Máy chấm công bằng dấu vân tay DG600BID,6422,0.0,3300000.0
2023-04-17,1477,Camera quan sát DS-2CD1123G0E-I (L),6422,0.0,4800000.0
2023-04-17,2577,"Cáp mạng Cat 5e UTP 305m/thùng, Hiệu Aptek",6422,0.0,4418184.0
2023-04-17,1477,Đầu ghi hình DS-7616NI-K1,6422,0.0,1688000.0
2023-04-17,1477,Camera quan sát DS-2CD1023G0E-I(L),6422,0.0,1800000.0
2023-04-17,129,"Máy quét ảnh, tài liệu HP Pro 2000 S2",6422,0.0,6818182.0
2023-04-17,129,"Bộ chuyển đổi có chipset USB 3.0 sang SATA, nguồn 12v-2A Ugreen (60561)",6422,0.0,304545.0
2023-04-17,129,Cáp dữ liệu VIDEO DVI 24+1 male sang HDMI female truyền hình ảnh dài 25cm Ugreen (20118),6422,0.0,163636.0
2023-04-17,129,ổ cứng Western 1TB (Blue),6422,0.0,809091.0
2023-04-17,2577,"Thiết bị chuyển mạch SF1163P, hiệu Aptek",6422,0.0,1772727.0
2023-04-18,60606,THU LAI VAY LD2304000227,6422,0.0,558740.0
2023-04-18,2727,Thuế GTGT: THU PHI CK CTY PHUONG KHANG COMPUTER,1331,0.0,2300.0
2023-04-18,2727,THU PHI CK CTY PHUONG KHANG COMPUTER,6422,0.0,23000.0
2023-04-18,60603,THU LAI VAY LD2303800419,6422,0.0,331386.0
2023-04-19,3538,Máy in laser Canon LBP 6230DN,6422,0.0,4090909.09
2023-04-19,2702,Bảng mạch chính của máy vi tính hiệu ASROCK Z690 PRO RS,6422,0.0,3554545.0
2023-04-19,2702,Bộ vi xử lý vi tính Intel Core I5-10400 + Quạt,6422,0.0,2809091.0
2023-04-19,2747,THU PHI RTM CTY HUY VU,6422,0.0,78000.0
2023-04-19,2747,Thuế GTGT: THU PHI RTM CTY HUY VU,1331,0.0,7800.0
2023-04-20,134,Máy đếm tiền XD BC - 35F,6422,0.0,4500000.0
2023-04-20,134,Bộ nhớ ram G.Skill 8GB-1600 GIS,6422,0.0,3090910.0
2023-04-20,134,Tủ Rack 6U,6422,0.0,636364.0
2023-04-20,134,"Dây cáp mạng U/UTP CAT6, 24AWG, lõi đồng đặc, 4 đôi, vỏ PVC, CMX, màu xanh",6422,0.0,2200000.0
2023-04-20,882,Điện thoại có dây Panasonic KXTS500,6422,0.0,2268000.0
2023-04-20,2776,Thuế GTGT: TP CK CTY VINH XUAN,1331,0.0,2300.0
2023-04-20,2775,TP CK CTY VIET SON,6422,0.0,24248.0
2023-04-20,2775,Thuế GTGT: TP CK CTY VIET SON,1331,0.0,2425.0
2023-04-20,2776,TP CK CTY VINH XUAN,6422,0.0,23000.0
2023-04-20,134,Máy đếm tiền Mazsan MS - 5600C,6422,0.0,1900000.0
2023-04-20,2774,Thuế GTGT: TP CK CTY HUNG LONG,1331,0.0,2300.0
2023-04-20,2774,TP CK CTY HUNG LONG,6422,0.0,23000.0
2023-04-21,8434,Bảng mạch chính của máy vi tính hiệu ASUS TUF GAMING  B660M - PLUS D4,6422,0.0,2818182.0
2023-04-21,8434,Bảng mạch chính của máy vi tính hiệu ASUS TUF GAMING  B660M - PLUS WIFI D4,6422,0.0,3177273.0
2023-04-21,8434,Bảng mạch chính của máy vi tính hiệu ASUS TUF GAMING  B660M - E D4,6422,0.0,5672728.0
2023-04-21,8434,Bộ nhớ trong của máy vi tính KINGSTON 8G D4 - 2666U 19 1RX8 UDIMM (KVR26N19S8/8),6422,0.0,12818190.0
2023-04-21,8434,Bảng mạch chính của máy vi tính hiệu ASUS PROART B660 - CREATOR D4,6422,0.0,3627273.0
2023-04-21,8434,ổ đĩa cứng gắn trong máy vi tính  hiệu KINGSTON 1000G NV2 M.2 2280 NVME SSD ( SNV2S/1000G ),6422,0.0,2345454.0
2023-04-21,8434,ổ đĩa cứng gắn trong máy vi tính  hiệu KINGSTON 250G NV2 M.2 2280 NVME SSD ( SNV2S/250G ),6422,0.0,2409090.0
2023-04-21,8434,Bảng mạch chính của máy vi tính hiệu ASUS ROG  STRIX B660 - G GAMING WIFI,6422,0.0,3836364.0
2023-04-23,2388,Bàn Phím+Chuột Logitech MK270r,6422,0.0,1563636.0
2023-04-23,2821,THU PHI CK CTY CP HOI TU THONG MINH,6422,0.0,15000.0
2023-04-23,2821,Thuế GTGT: THU PHI CK CTY CP HOI TU THONG MINH,1331,0.0,1500.0
2023-04-23,2388,Thiết bị ghi hình Logitech C270 (Webcam),6422,0.0,1750000.0
2023-04-23,498,MÁY IN LASER ĐƠN NĂNG CANON I-SENSYS LBP226DW (3516C007AAME),6422,0.0,21600000.0
2023-04-23,2388,Chuột Logitech M350 đen,6422,0.0,1795455.0
2023-04-23,2388,Tai Nghe Logitech A10 xanh,6422,0.0,740909.0
2023-04-23,2388,Chuột Logitech M557 Đen,6422,0.0,772728.0
2023-04-23,2388,Chuột Logitech M720,6422,0.0,718182.0
2023-04-23,2388,Chuột logitech MX Anywhere 2S đen (910-006285),6422,0.0,981818.0
2023-04-23,2388,Thiết bị ghi hình Logitech C310 (Webcam),6422,0.0,1131819.0
2023-04-23,108,"Camera quan sát (DH-HAC-HFW1500CMP-A-S2), phụ kiện",6422,0.0,545455.0
2023-04-23,108,"Camera quan sát (DH-HAC-HDW1500TMQPA-S2), phụ kiện",6422,0.0,3181820.0
2023-04-23,500,MÁY IN ĐƠN NĂNG HP LASERJET PRO M404DW -W1A56A,6422,0.0,5363636.0
2023-04-23,108,"Đầu ghi hình KTS 8 kênh (DH-XVR5108HS-4KL-I3), phụ kiện",6422,0.0,2500000.0
2023-04-23,2820,THU PHI CK CTY CP TG SO,6422,0.0,40000.0
2023-04-23,2820,Thuế GTGT: THU PHI CK CTY CP TG SO,1331,0.0,4000.0
2023-04-24,2862,Thuế GTGT: THU PHI CK CTY LBM,1331,0.0,1500.0
2023-04-24,2860,Thuế GTGT: THU PHI CK CTY VIEN SON,1331,0.0,4000.0
2023-04-24,2861,THU PHI CK CTY DT VA PT CN QUOC GIA ADG TAI DA NANG,6422,0.0,23000.0
2023-04-24,2861,Thuế GTGT: THU PHI CK CTY DT VA PT CN QUOC GIA ADG TAI DA NANG,1331,0.0,2300.0
2023-04-24,5753,"Kiểm định xe   tô dưới 10 ghế, CThg (BĐK: 81A-002.83)",6422,0.0,227273.0
2023-04-24,2860,THU PHI CK CTY VIEN SON,6422,0.0,40000.0
2023-04-24,2862,THU PHI CK CTY LBM,6422,0.0,15000.0
2023-04-26,54907,Thiết bị thu phát vô tuyến TP-LINK_TL-WN725N,6422,0.0,972000.0
2023-04-26,54907,"Bộ định tuyến TP-LINK, 2,4GHz/5GHz/ W-CDMA FDD/ E-UTRA FDD_Archer MR200",6422,0.0,2236364.0
2023-04-26,54907,Thiết bị chuyển mạch TP-LINK_TL-SF1005D,6422,0.0,1109090.0
2023-04-26,54907,Thiết bị thu phát vô tuyến TP-LINK 150M_TL-WN722N,6422,0.0,677275.0
2023-04-26,1609,"Camera quan sát CS-H3C (1080P,4MM,COLOR)",6422,0.0,1330000.0
2023-04-26,54907,"Bộ định tuyến có chức năng  thu phát vô tuyến TP-LINK, 2,4 GHz/ W-CDMA FDD/ GSM_TL-MR6400",6422,0.0,2918181.0
2023-04-26,1609,"Camera kỹ thuật số có chức năng ghi hiệu EZVIZ mã CS-C1C(1080P,H.265) - Hỗ trợ thẻ nhớ trong",6422,0.0,2768185.0
2023-04-26,64153,"Thuế GTGT: PHI T04/2023-040019911911-ALERT,IB,OTP,QLTK",1331,0.0,12500.0
2023-04-26,1609,Camera quan sát CS-H8C (1080P),6422,0.0,5010000.0
2023-04-26,55240,Card đồ họa ASUS DUAL-RTX3060-8G_90YV0GB6-M0NA00,6422,0.0,7037273.0
2023-04-26,64153,"PHI T04/2023-040019911911-ALERT,IB,OTP,QLTK",6422,0.0,125000.0
2023-04-26,1609,"Camera quan sát CS-H8C (4MP,4MM)",6422,0.0,1964000.0
2023-04-27,8911,Bộ nhớ trong của máy vi tính KINGSTON 16GB D4 - 3200U C16  Beast  Black  ( KF432C16BBA/16 ),6422,0.0,1909090.0
2023-04-27,69003,Card đồ họa ASUS PH-GT1030-O2G_90YV0AU0-M0NA00,6422,0.0,3981818.0
2023-04-27,8911,Bộ nhớ trong của máy vi tính KINGSTON 16GB D4 - 3200U C16  Beast  Black  ( KF432C16BB/16 ),6422,0.0,3236364.0
2023-04-27,8911,Bộ nhớ trong của máy vi tính KINGSTON 16GB D5- 4800 38 -38 -38 DIMM FURY BEAST BLK ( KF548C38BB - 16 ),6422,0.0,1322727.0
2023-04-27,1629,"Bộ định tuyến có chức năng thu phát sóng băng tần 2.4GHz/5GHz hiệu RUIJIE mã RG-EW3200GX PRO - hãng sx: RUIJIE NETWORKS CO.,LTD",6422,0.0,7090909.0
2023-04-29,1575,Thuế GTGT: Dịch vụ SMS Brandname CSKH,1331,0.0,11544.0
2023-04-29,26181,Không có tên,6422,0.0,10536172.0
2023-04-29,26182,Thuế GTGT: Không có tên,1331,0.0,18000.0
2023-04-29,26182,Không có tên,6422,0.0,180000.0
2023-04-29,1575,Dịch vụ SMS Brandname CSKH,6422,0.0,115436.0
2023-05-01,87265303,Không có tên,6422,0.0,350000.0
2023-05-01,87265303,Thuế GTGT: Không có tên,1331,0.0,35000.0
2023-05-02,235925,Cước dịch vụ Viễn thông-Công nghệ thông tin tháng 04 năm 2023,6422,0.0,25600.0
2023-05-02,283093,Thuế GTGT: Cước dịch vụ Viễn thông-Công nghệ thông tin tháng 04 năm 2023,1331,0.0,37551.0
2023-05-02,283093,Cước dịch vụ Viễn thông-Công nghệ thông tin tháng 04 năm 2023,6422,0.0,375514.0
2023-05-02,235926,Thuế GTGT: Cước dịch vụ Viễn thông-Công nghệ thông tin tháng 04 năm 2023,1331,0.0,2455.0
2023-05-02,235926,Cước dịch vụ Viễn thông-Công nghệ thông tin tháng 04 năm 2023,6422,0.0,24545.0
2023-05-02,235975,Thuế GTGT: Cước dịch vụ Viễn thông-Công nghệ thông tin tháng 04 năm 2023,1331,0.0,2000.0
2023-05-02,235975,Cước dịch vụ Viễn thông-Công nghệ thông tin tháng 04 năm 2023,6422,0.0,20000.0
2023-05-02,236018,Thuế GTGT: Cước dịch vụ Viễn thông-Công nghệ thông tin tháng 04 năm 2023,1331,0.0,27400.0
2023-05-02,236018,Cước dịch vụ Viễn thông-Công nghệ thông tin tháng 04 năm 2023,6422,0.0,274000.0
2023-05-02,265949,Thuế GTGT: Cước dịch vụ Viễn thông-Công nghệ thông tin tháng 04 năm 2023,1331,0.0,24964.0
2023-05-02,265949,Cước dịch vụ Viễn thông-Công nghệ thông tin tháng 04 năm 2023,6422,0.0,249636.0
2023-05-02,235925,Thuế GTGT: Cước dịch vụ Viễn thông-Công nghệ thông tin tháng 04 năm 2023,1331,0.0,2560.0
2023-05-02,235732,Thuế GTGT: Cước dịch vụ Viễn thông-Công nghệ thông tin tháng 04 năm 2023,1331,0.0,21364.0
2023-05-02,282997,Cước dịch vụ Viễn thông-Công nghệ thông tin tháng 04 năm 2023,6422,0.0,235651.0
2023-05-02,282997,Thuế GTGT: Cước dịch vụ Viễn thông-Công nghệ thông tin tháng 04 năm 2023,1331,0.0,23565.0
2023-05-02,282996,Thuế GTGT: Cước dịch vụ Viễn thông-Công nghệ thông tin tháng 04 năm 2023,1331,0.0,50726.0
2023-05-02,282996,Cước dịch vụ Viễn thông-Công nghệ thông tin tháng 04 năm 2023,6422,0.0,507256.0
2023-05-02,2947,Bộ vi xử lý vi tính Intel Core I5-10400 + Quạt,6422,0.0,2809091.0
2023-05-02,2947,Chíp vi xử lý INTEL CORE I3 10105F - 3 .70 GHZ (BX8070110105F S RH 8 V) + Quạt,6422,0.0,3000000.0
2023-05-02,2947,CHIP VI XỬ LÝ INTEL CORE I5 - 10400F 2.90 GHZ + QUẠT,6422,0.0,4454545.0
2023-05-02,2947,CHIP VI XỬ LÝ INTEL CORE I5 11400 - 2.60GHZ + QUẠT,6422,0.0,3336364.0
2023-05-02,235732,Cước dịch vụ Viễn thông-Công nghệ thông tin tháng 04 năm 2023,6422,0.0,213636.0
2023-05-02,2947,Màn hình vi tính Samsung LS32AM501NEXXV,6422,0.0,4772727.0
2023-05-03,67037,THU LAI VAY QUA HAN PDLD2307500658,6422,0.0,699587.0
2023-05-03,67094,THU LAI VAY QUA HAN PDLD2304800307,6422,0.0,512561.0
2023-05-03,67047,THU LAI VAY QUA HAN PDLD2311500655,6422,0.0,233196.0
2023-05-03,67045,THU LAI VAY QUA HAN PDLD2311100495,6422,0.0,320168.0
2023-05-03,67043,THU LAI VAY QUA HAN PDLD2309000506,6422,0.0,464595.0
2023-05-03,67042,THU LAI VAY QUA HAN PDLD2308800587,6422,0.0,307818.0
2023-05-03,67040,THU LAI VAY QUA HAN PDLD2308600588,6422,0.0,699587.0
2023-05-03,67039,THU LAI VAY QUA HAN PDLD2308300580,6422,0.0,489711.0
2023-05-03,67035,THU LAI VAY QUA HAN PDLD2308200255,6422,0.0,349793.0
2023-05-03,66904,THU LAI VAY QUA HAN PDLD2307500316,6422,0.0,570303.0
2023-05-03,66903,THU LAI VAY QUA HAN PDLD2307300692,6422,0.0,716048.0
2023-05-03,66896,THU LAI VAY QUA HAN PDLD2305400571,6422,0.0,826735.0
2023-05-03,66895,THU LAI VAY QUA HAN PDLD2305200454,6422,0.0,1432096.0
2023-05-03,67033,THU LAI VAY QUA HAN PDLD2308300426,6422,0.0,699587.0
2023-05-03,67041,THU LAI VAY QUA HAN PDLD2308700259,6422,0.0,3497936.0
2023-05-03,66889,THU LAI VAY QUA HAN PDLD2309700661,6422,0.0,605645.0
2023-05-03,66898,THU LAI VAY QUA HAN PDLD2305900592,6422,0.0,2098761.0
2023-05-03,66892,THU LAI VAY QUA HAN PDLD2310700630,6422,0.0,615709.0
2023-05-03,66838,THU LAI VAY QUA HAN PDLD2304400277,6422,0.0,1851636.0
2023-05-03,66902,THU LAI VAY QUA HAN PDLD2306500370,6422,0.0,1427943.0
2023-05-03,56188,Card đồ họa ASUS GT730-SL-2GD5-BRK_90YV06N2-M0NA00,6422,0.0,2345454.0
2023-05-03,66891,THU LAI VAY QUA HAN PDLD2310300519,6422,0.0,465881.0
2023-05-03,66893,THU LAI VAY QUA HAN PDLD2310900580,6422,0.0,132468.0
2023-05-03,66894,THU LAI VAY QUA HAN PDLD2305100452,6422,0.0,1432096.0
2023-05-03,66888,THU LAI VAY QUA HAN PDLD2309600714,6422,0.0,628939.0
2023-05-03,66887,THU LAI VAY QUA HAN PDLD2309500589,6422,0.0,326116.0
2023-05-03,66886,THU LAI VAY QUA HAN PDLD2309400481,6422,0.0,382687.0
2023-05-03,66885,THU LAI VAY QUA HAN PDLD2309300604,6422,0.0,1397643.0
2023-05-03,66884,THU LAI VAY QUA HAN PDLD2308900493,6422,0.0,503315.0
2023-05-03,66841,THU LAI VAY QUA HAN PDLD2304700471,6422,0.0,1105611.0
2023-05-03,66839,THU LAI VAY QUA HAN PDLD2304500443,6422,0.0,1172537.0
2023-05-03,66890,THU LAI VAY QUA HAN PDLD2310200658,6422,0.0,489175.0
2023-05-04,4028,Máy in Epson LX310,6422,0.0,4090909.09
2023-05-04,2586,Chuột Logitech M171 Xám đen,6422,0.0,945455.0
2023-05-04,2586,Bàn Phím Bluetooth Logitech K380 Xám Đậm,6422,0.0,1431819.0
2023-05-04,2586,Bàn phím +chuột Logitech MK295 đen,6422,0.0,468182.0
2023-05-04,2586,Chuột Logitech M720,6422,0.0,718182.0
2023-05-05,299101,Cước dịch vụ viễn thông trả sau (Dịch vụ chịu thuế),6422,0.0,96363.0
2023-05-05,299101,Thuế GTGT: Cước dịch vụ viễn thông trả sau (Dịch vụ chịu thuế),1331,0.0,9636.0
2023-05-07,68597,THU LAI VAY LD2304800307,6422,0.0,153558.0
2023-05-07,68622,THU LAI VAY LD2304700471,6422,0.0,150551.0
2023-05-07,3088,THU PHI CAM KET RUT VON LD2312800507- CTY TNHH MTV HUY VU,6422,0.0,1000000.0
2023-05-07,3108,Thuế GTGT: THU PHI CK CTY THE GIOI SO,1331,0.0,4000.0
2023-05-07,3108,THU PHI CK CTY THE GIOI SO,6422,0.0,40000.0
2023-05-07,3109,Thuế GTGT: THU PHI CK CTY VINH XUAN,1331,0.0,2300.0
2023-05-07,3109,THU PHI CK CTY VINH XUAN,6422,0.0,23000.0
2023-05-07,684,Máy in phun màu khổ A4 Epson L805,6422,0.0,10400000.0
2023-05-07,68601,THU LAI VAY LD2304400277,6422,0.0,1243.0
2023-05-07,3344,Bộ lưu điện Santak-mã hàng TG500,6422,0.0,15872742.0
2023-05-07,68602,THU LAI VAY LD2304500443,6422,0.0,2346.0
2023-05-08,428,"Máy tính xách tay Lenovo Notebook ThinkPad NBLN TP L13 Clam G3 T (gồm i7-1255U (4.7G) - 16GB RAM - 512GB SSD - WF+BL, Fingerprint - 13.3'' WUXGA - Thunder Black - Dos -P/N: 21B3005YVA",6422,0.0,23881818.0
2023-05-08,1846,LÕI LỌC CỦA BỘ LỌC NHỚT,6422,0.0,742000.0
2023-05-08,1846,CÔNG THỰC HIỆN BẢO DƯỠNG,6422,0.0,750000.0
2023-05-09,59512,"Màn hình máy tính Dell 24 Touch Monitor - P2418HT,Power Cord,3Yrs",6422,0.0,6818181.0
2023-05-09,3200,"Cáp mạng Cat 6 UTP copper 305m/thùng , Hiệu Aptek",6422,0.0,2136000.0
2023-05-09,3200,"Thiết bị thu phát vô tuyến WI-AP217-Lite, hiệu Wi-Tek",6422,0.0,9490905.0
2023-05-09,3200,"Thiết bị chuyển mạch SG1080P, Hiệu APTEK",6422,0.0,2490000.0
2023-05-10,3209,Thuế GTGT: THU PHI CK CTY LBM,1331,0.0,1500.0
2023-05-10,3208,Thuế GTGT: THU PHI CK CTY LE TRAN GIA,1331,0.0,2300.0
2023-05-10,3209,THU PHI CK CTY LBM,6422,0.0,15000.0
2023-05-10,3208,THU PHI CK CTY LE TRAN GIA,6422,0.0,23000.0
2023-05-10,30591488,Trich thu Tien vay - Lai : 9468493 - Phat : 2594 - Acct vay 377993869,6422,0.0,9471087.0
2023-05-11,166275,MÀN HÌNH VI TÍNH (LCD) LENOVO ThinkVision S27e-20 27.0INCH/1920x1080/IPS/WLED/VGA/HDMI/ĐEN/3Y(62AFKAR2WW),6422,0.0,14318180.0
2023-05-12,31519221,Thuế GTGT:  Thu Phi SMS thay doi so du thang  04/2023,1331,0.0,5455.0
2023-05-12,560,MÁY IN HP LASERJET PRO M404DN (W1A53A),6422,0.0,15545455.0
2023-05-12,31519221,Thu Phi SMS thay doi so du thang  04/2023,6422,0.0,54545.0
2023-05-14,3284,Thuế GTGT: THU PHI CK CTY PHUONG KHANG COMPUTER,1331,0.0,2300.0
2023-05-14,3284,THU PHI CK CTY PHUONG KHANG COMPUTER,6422,0.0,23000.0
2023-05-14,3283,Thuế GTGT: THU PHI CK CTY TG SO,1331,0.0,4000.0
2023-05-14,3283,THU PHI CK CTY TG SO,6422,0.0,40000.0
2023-05-15,25794,Sushi Cuộn Sò Điệp Nướng - Grilled Hotate Roll,6422,0.0,121000.0
2023-05-15,25794,Sushi Cuộn Sò Điệp Phô Mai - Hotate Cheese Roll,6422,0.0,149000.0
2023-05-15,25794,Tôm Chiên  - Ebi Tempura,6422,0.0,178000.0
2023-05-15,25794,Tổng Hợp 5 Loại Đặc Biệt - Goshumori Special,6422,0.0,390000.0
2023-05-15,25794,Xà Lách Rong Biển - Kaisou Salad,6422,0.0,125000.0
2023-05-15,159,Bộ nhớ trong RAM DESKTOP LEXAR U-DIMM DDR4 8GB_LD4AU008G-B3200GSST,6422,0.0,5590905.0
2023-05-15,25794,Sushi Cuộn Lươn - Unagi Roll,6422,0.0,131000.0
2023-05-15,25794,Sashimi Hàu - Kaki Sashimi,6422,0.0,141000.0
2023-05-15,25794,Lá Rong Biển Khô - Nori,6422,0.0,60000.0
2023-05-15,158,Bộ vi xử lý vi tính Intel Core i3-10105 (BX8070110105SRH3P) + Quạt,6422,0.0,11454545.0
2023-05-15,158,Bộ vi xử lý vi tính Intel Core i3-10105 (BX8070110105SRH3P) + Quạt,6422,0.0,11636364.0
2023-05-15,158,Bộ nhớ máy xách tay Kingmax 4GB-2400,6422,0.0,1590910.0
2023-05-15,158,Bộ nhớ máy tính xách tay Kingston 8G D4-3200,6422,0.0,445455.0
2023-05-15,4445,Máy quét HP Scanjet Pro 2600F1 (20G05A),6422,0.0,6363636.36
2023-05-15,25794,Nước Lựu Và Đào - Pomegranate Mocktail,6422,0.0,255000.0
2023-05-15,4470,Máy in mã vạch Godex G500,6422,0.0,2900000.0
2023-05-15,4470,Máy quét mã vạch Zebra DS9308-SR,6422,0.0,2454545.45
2023-05-15,25794,Cá Tai Sốt Ponzu - Tai Kobujime Ponzu,6422,0.0,139000.0
2023-05-15,25794,Cá Thu Nướng Phô Mai & Sốt Đậu Tương - Sawara Cheese Misoyaki,6422,0.0,118000.0
2023-05-15,25794,Guava Herbal Tea,6422,0.0,75000.0
2023-05-15,4479,Máy ép nhựa Plastic YT 320,6422,0.0,1090909.09
2023-05-16,62566,"Thiết bị thu phát vô tuyến băng tần 2.4GHz, hiệu TP-LINK_TL-WA854RE",6422,0.0,936365.0
2023-05-16,4046,Lẩu Thái,6422,0.0,170000.0
2023-05-16,4046,Rau bó xôi,6422,0.0,40000.0
2023-05-16,4046,Ếch (con),6422,0.0,60000.0
2023-05-16,4046,Chân gà rút xương,6422,0.0,100000.0
2023-05-16,4046,Tôm viên phô mai,6422,0.0,80000.0
2023-05-16,4046,Mực Nang,6422,0.0,90000.0
2023-05-16,4046,Múa mì,6422,0.0,80000.0
2023-05-16,4046,Đồ uống tự chọn,6422,0.0,30000.0
2023-05-16,62566,Thiết bị thu phát vô tuyến TP-LINK_TL-WA850RE,6422,0.0,954545.0
2023-05-16,4046,Tần ô,6422,0.0,40000.0
2023-05-16,4046,Gia vị tự chọn,6422,0.0,120000.0
2023-05-16,62566,"USB hỗ trợ kết nối bluetooth, hiệu TP-LINK_UB500",6422,0.0,445455.0
2023-05-16,62566,Thiết bị chuyển mạch TP-LINK_TL-SF1005D,6422,0.0,554545.0
2023-05-16,62566,Thiết bị thu phát vô tuyến TP-LINK_TL-WN725N,6422,0.0,486000.0
2023-05-16,62566,Thiết bị chuyển mạch TP-LINK_TL-SG108,6422,0.0,4600002.0
2023-05-16,62566,"Bộ định tuyến TP-LINK, 2,4GHz/5GHz_Archer C50",6422,0.0,3881820.0
2023-05-16,62566,Thiết bị chuyển mạch TP-LINK_TL-SG1016D,6422,0.0,2118182.0
2023-05-17,75836,THU LAI VAY LD2305400571,6422,0.0,522882.0
2023-05-17,11317,"Camera quan sát CS-H3C (1080P,4MM,COLOR)",6422,0.0,3930000.0
2023-05-17,1199,Máy chấm công bằng dấu vân tay DG600BID,6422,0.0,3200000.0
2023-05-17,11317,"Camera quan sát kỹ thuật số có chức năng ghi hiệu EZVIZ mã CS-H8 (5MP,4MM)",6422,0.0,4781818.0
2023-05-17,11317,"Camera kỹ thuật số có chức năng ghi EZVIZ CS-C6N(4MP,W1)",6422,0.0,5650000.0
2023-05-17,32872496,"Thuế GTGT: 608_16393635_Thu phi chuyen tien ngoai he thong_600,000,000 VND * 0.02%,Min 100,000/Max 1,000,000/Phi CD 0.",1331,0.0,10909.0
2023-05-17,75824,THU LAI VAY LD2305200454,6422,0.0,905753.0
2023-05-17,75807,THU LAI VAY LD2305100452,6422,0.0,637264.0
2023-05-17,32872496,"608_16393635_Thu phi chuyen tien ngoai he thong_600,000,000 VND * 0.02%,Min 100,000/Max 1,000,000/Phi CD 0.",6422,0.0,109091.0
2023-05-18,2324,Bộ lưu điện Santak - Mã hàng TG1000,6422,0.0,6081818.0
2023-05-18,2587,Khai vị tổng hợp nướng,6422,0.0,485000.0
2023-05-18,2587,Nước ép cóc xanh,6422,0.0,49000.0
2023-05-18,2587,Cóc ép xí muội,6422,0.0,59000.0
2023-05-18,2587,Khăn lạnh,6422,0.0,6000.0
2023-05-18,2324,Bộ lưu điện Santak - Mã hàng TG500,6422,0.0,1763636.0
2023-05-18,3429,Thuế GTGT: THU PHI CK CTY VINH XUAN,1331,0.0,2300.0
2023-05-18,3429,THU PHI CK CTY VINH XUAN,6422,0.0,23000.0
2023-05-18,63133,Card đồ họa ASUS GT730-SL-2GD5-BRK_90YV06N2-M0NA00,6422,0.0,4690908.0
2023-05-18,22462,"Máy tính xách tay HP Pavilion 14-dv2075TU,Core i5-1235U,8GB RAM,512GB SSD,Intel Graphics,14""FHD,Webcam,3 Cell,Wlan ax+BT,Win11 Home 64,Natural Silver,1Y WTY_7C0W2PA",6422,0.0,13954545.0
2023-05-19,1072,Mực nạp đổ XP12 - 140,6422,0.0,4000000.0
2023-05-21,3493,"Thiết bị chuyển mạch SG1080, Hiệu APTEK",6422,0.0,1172727.0
2023-05-21,76910,THU LAI VAY LD2305900592,6422,0.0,1400807.0
2023-05-21,1895,Camera quan sát DS-2CD1023G0E-I(L),6422,0.0,600000.0
2023-05-21,1895,Camera quan sát DS-2CD2023G2-IU,6422,0.0,1532000.0
2023-05-21,1895,"Camera kỹ thuật số có chức năng ghi hiệu EZVIZ mã CS-C8C (1080P,6MM) - hỗ trợ thẻ nhớ trong",6422,0.0,7690909.0
2023-05-21,1895,"Ổ cứng gắn trong Seagate SkyHawk 2TB 5900rpm SATA 3.5""_ST2000VX015",6422,0.0,1090909.0
2023-05-21,1895,Camera quan sát DS-2CD1023G0-IUF(C),6422,0.0,3760000.0
2023-05-21,1895,Đầu ghi hình DS-7616NI-K1,6422,0.0,1688000.0
2023-05-21,63399,"Bộ định tuyến có chức năng  thu phát vô tuyến TP-LINK, 2,4 GHz/ W-CDMA FDD/ GSM_TL-MR6400",6422,0.0,4863635.0
2023-05-21,1082,L1250 Máy in phun màu hiệu epson,6422,0.0,3318182.0
2023-05-21,63399,Thiết bị thu phát vô tuyến TP-LINK_TL-WN725N,6422,0.0,486000.0
2023-05-21,47,"Ổ cứng máy tính chủ 300Gb 10K SAS 2.5""6Gbps",6422,0.0,11850000.0
2023-05-21,63399,"Thiết bị thu phát vô tuyến, TP-LINK, 2,4GHz/5GHz_Archer AX73",6422,0.0,1872727.0
2023-05-22,714,Vỏ thùng máy tính Jetek Squid Game X1 Black,6422,0.0,2473636.0
2023-05-22,714,Vỏ thùng máy tính Jetek Squid Game R3 Black,6422,0.0,3957818.0
2023-05-22,714,Vỏ thùng máy tính Jetek Squid Game X1 White,6422,0.0,2746364.0
2023-05-22,714,Vỏ thùng máy tính Jetek Squid Game R1,6422,0.0,2473636.0
2023-05-22,714,Vỏ thùng máy tính Jetek Squid Game R3 White,6422,0.0,4466909.0
2023-05-22,4751,Máy ép nhựa Plastic YT 320,6422,0.0,1090909.09
2023-05-22,3503,THU PHI CK CTY ADG+CTY VIEN SON+ CTY TM DAI PHAT,6422,0.0,69000.0
2023-05-22,3503,Thuế GTGT: THU PHI CK CTY ADG+CTY VIEN SON+ CTY TM DAI PHAT,1331,0.0,6900.0
2023-05-22,178099,MÁY VI TÍNH ĐỂ BÀN (PC) LENOVO ThinkCentre neo 50t Gen 3 i3-12100(4*3.3)/4GD4/256GSSD/WL/BT/KB/M/nOS/ĐEN(11SC001LVA),6422,0.0,42850000.0
2023-05-22,714,Vỏ thùng máy tính Jetek Squid Game R6,6422,0.0,2427727.0
2023-05-22,1240,Máy chấm công bằng dấu vân tay DG600BID,6422,0.0,3200000.0
2023-05-23,3534,THU PHI CK CTY CN ELITE,6422,0.0,24000.0
2023-05-23,3534,Thuế GTGT: THU PHI CK CTY CN ELITE,1331,0.0,2400.0
2023-05-23,3535,THU PHI CK CTY VIET SON,6422,0.0,23000.0
2023-05-23,179009,MÁY TÍNH ĐỂ BÀN (PC) DELL VOS3910MT i5-12400(6*2.5)/8GD4/256SSD/WLn/BT/KB/M/W11SL+OFICE HOME ST/ProSup/ĐEN(9M2DD1),6422,0.0,33818184.0
2023-05-23,3535,Thuế GTGT: THU PHI CK CTY VIET SON,1331,0.0,2300.0
2023-05-24,3570,Thuế GTGT: TP CK CTY VINH XUAN,1331,0.0,2974.0
2023-05-24,3570,TP CK CTY VINH XUAN,6422,0.0,29744.0
2023-05-24,3565,Thuế GTGT: THU PHI RTM CTY HUY VU,1331,0.0,2000.0
2023-05-24,414,"Máy chấm công vân tay RJ-3030. Hiệu: Ronald jack, nhà sản xuất:zkteco, điện áp: 5V.Mới 100%",6422,0.0,1727273.0
2023-05-24,3565,THU PHI RTM CTY HUY VU,6422,0.0,20000.0
2023-05-25,79916,"PHI T05/2023-040019911911-ALERT,IB,OTP,QLTK",6422,0.0,125000.0
2023-05-25,79916,"Thuế GTGT: PHI T05/2023-040019911911-ALERT,IB,OTP,QLTK",1331,0.0,12500.0
2023-05-25,80458,THU LAI VAY LD2306500370,6422,0.0,1151215.0
2023-05-25,133,Ổ cứng gắn trong Toshiba 4000gb,6422,0.0,1909091.0
2023-05-25,182,Cáp dữ liệu VIDEO HDMI 1.4 truyền âm thanh hình ảnh dài 30M có chipset Ugreen (10114),6422,0.0,1127273.0
2023-05-25,182,Bộ đàm Kenwood NX 1200D-M3,6422,0.0,26122500.0
2023-05-25,80459,THU LAI VAY LD2307300692,6422,0.0,635133.0
2023-05-25,3610,THU PHI CK CTY CP TG SO,6422,0.0,40000.0
2023-05-25,3610,Thuế GTGT: THU PHI CK CTY CP TG SO,1331,0.0,4000.0
2023-05-25,909,Gạt mực 35A/P1005/1006,6422,0.0,59090.0
2023-05-25,909,Trống máy in HP 1010/1020,6422,0.0,618200.0
2023-05-25,182,Anten Kenwood KRA 26,6422,0.0,2515500.0
2023-05-25,182,Bình ắc quy 12V-100Ah,6422,0.0,9900000.0
2023-05-26,1159,Điện thoại có dây Panasonic KXTS500,6422,0.0,1136000.0
2023-05-26,185,Bình đun nước điện Panasonic NC-K101WRA,6422,0.0,3600000.0
2023-05-26,1159,Điện thoại có dây Panasonic KXTSC11,6422,0.0,1318200.0
2023-05-28,3647,Thuế GTGT: TP CK CTY DT LBM,1331,0.0,1500.0
2023-05-28,3691,"Cáp mạng Cat 5e UTP 305m/thùng, Hiệu Aptek",6422,0.0,4418184.0
2023-05-28,3646,TP CK CTY CN ELITE,6422,0.0,23000.0
2023-05-28,1921,Vỏ Máy Vi Tính SAMA LUX,6422,0.0,600000.0
2023-05-28,1921,Vỏ Máy Vi Tính SAMA 338B,6422,0.0,654545.0
2023-05-28,1921,Vỏ Máy Vi Tính SAMA 338W,6422,0.0,690909.0
2023-05-28,2697,"ổ cứng lắp trong Western Digital 2TB 3.5"" Sata 3,màu xanh(Blue)(WD20EZBX)",6422,0.0,5681818.0
2023-05-28,3646,Thuế GTGT: TP CK CTY CN ELITE,1331,0.0,2300.0
2023-05-28,2530,BỘ LƯU ĐIỆN SANTAK - MÃ HÀNG C1K-LCD,6422,0.0,6409091.0
2023-05-28,2697,"ổ cứng lắp trong Western Digital 1TB 3.5"" Sata, màu xanh (Blue) (WD10EZEX)",6422,0.0,7727273.0
2023-05-28,3647,TP CK CTY DT LBM,6422,0.0,15000.0
2023-05-28,1920,KEO CPU CryoFuze,6422,0.0,313636.0
2023-05-28,1920,Đế Giải Nhiệt Cho Laptop C3,6422,0.0,772727.0
2023-05-28,150,Quạt đứng LV16-RA CY-GY,6422,0.0,1818182.0
2023-05-28,150,Lõi PP có nắp bịt 10 ĐV,6422,0.0,872727.24
2023-05-28,150,Lõi OCB 10 Đại Việt,6422,0.0,872727.24
2023-05-28,150,Lõi UDF OCB 10 Đại Việt,6422,0.0,436363.62
2023-05-28,1920,Nguồn Máy Vi Tính CM PC600 Elite V3,6422,0.0,3863636.0
2023-05-28,1920,Nguồn Máy Vi Tính CM PC700 Elite V3,6422,0.0,4454545.0
2023-05-28,1920,KEO CPU Grease High Performance,6422,0.0,454545.0
2023-05-28,1920,KEO CPU CryoFuze Violet,6422,0.0,245455.0
2023-05-28,1920,Nguồn Máy Vi Tính CM PC500 Elite V3,6422,0.0,7090909.0
2023-05-29,1939,Nguồn Máy Vi Tính CM P400 BULK ELITE V3,6422,0.0,2954545.0
2023-05-29,9099,"ổ cứng lắp trong Western Digital 4TB 3.5"" Sata 3, màu xanh(Blue)(WD40EZAX)",6422,0.0,3727273.0
2023-05-29,501,"Sạc dự phòng Lenovo Go USB-C Power Bank; P/n 40ALLG2WWW (Hàng tặng khuyến mãi, không thu tiền)",1111,2388137.0,2388137.0
2023-05-29,501,"Ba lô Lenovo CASE_BO TP Professional BP; P/n 4X40Q26383 (Hàng tặng khuyến mãi, không thu tiền)",1111,1177745.0,1177745.0
2023-05-29,501,"Chuột máy tính Lenovo MICE_BO ThinkBook Wireless Media Mouse; P/n: 4Y50V81591 (Hàng tặng khuyến mãi, không thu tiền)",1111,1994268.0,1994268.0
2023-05-30,3705,THU PHI RTM CTY HUY VU,6422,0.0,1000000.0
2023-05-30,3705,Thuế GTGT: THU PHI RTM CTY HUY VU,1331,0.0,100000.0
2023-05-30,2753,Bộ nhớ trong Kingston 8G D4-3200S22 1Rx8 SODIMM(KVR32S22S8/8),6422,0.0,2090909.0
2023-05-30,32807,Không có tên,6422,0.0,60000.0
2023-05-30,82573,THU LAI VAY QUA HAN PDLD2307500316,6422,0.0,548805.0
2023-05-30,82574,THU LAI VAY QUA HAN PDLD2307500658,6422,0.0,722116.0
2023-05-30,2753,Chiết khấu giảm giá,6422,0.0,1818182.0
2023-05-30,32807,Thuế GTGT: Không có tên,1331,0.0,6000.0
2023-05-30,32806,Không có tên,6422,0.0,9747477.0
2023-05-30,68093,"Bộ định tuyến có chức năng  thu phát vô tuyến TP-LINK, 2,4 GHz/ W-CDMA FDD/ GSM_TL-MR6400",6422,0.0,2912727.0
2023-05-30,5039,Mực in HP W2090A,6422,0.0,2218181.82
2023-05-30,5039,Mực in HP CF-230A,6422,0.0,7500000.0
2023-05-30,44619,"Máy tính xách tay Dell Vostro 3520 Intel Core i3-1215U, 15.6""FHD, 1x8G, 256GB SSD PCIe NVMe, 3 Cell-41Whr, Win 11, Office H&S 2021, V5I3614W1-Gray",6422,0.0,22000000.0
2023-05-30,85470,Card đồ họa ASUS PH-GT1030-O2G_90YV0AU0-M0NA00,6422,0.0,9090910.0
2023-05-30,2744,Nguồn máy tính Corsair CV750 - 80 Plus Bronze/CP-9020237-NA,6422,0.0,3954545.0
2023-05-30,82589,THU LAI VAY LD2307500316,6422,0.0,9021.0
2023-05-30,1943,Thuế GTGT: Dịch vụ SMS Brandname CSKH,1331,0.0,12297.0
2023-05-30,1943,Dịch vụ SMS Brandname CSKH,6422,0.0,122973.0
2023-05-30,68093,Thiết bị chuyển mạch TP-LINK_TL-SG1016D,6422,0.0,2112728.0
2023-05-30,68093,"Thiết bị đầu cuối GSM/ W-CDMA FDD/E-UTRA FDD, 2,4 GHz, TP-LINK_M7000",6422,0.0,2195454.0
2023-05-30,43787,Chiết khấu theo BB thỏa thuận và quyết toán số 00432-2022-05-HTG-DELL-HVU09-PSD kí ngày 11/05/2022,6422,0.0,12318182.0
2023-05-30,43787,Chiết khấu theo BB thỏa thuận và quyết toán số 00661-2022-06-HTG-DELL-HVU09-PSD kí ngày 14/06/2022,6422,0.0,1363636.0
2023-05-30,43787,Chiết khấu theo BB thỏa thuận và quyết toán số 00698-2023-04-HTG-DELL-HVU09-PSD kí ngày 11/04/2023,6422,0.0,2636364.0
2023-05-30,43787,"Máy tính xách tay Dell Vostro 3520 Intel Core i3-1215U, 15.6""FHD, 1x8G, 256GB SSD PCIe NVMe, 3 Cell-41Whr, Win 11, Office H&S 2021, V5I3614W1-Gray",6422,0.0,22000000.0
2023-05-30,43787,Chiết khấu theo BB thỏa thuận và quyết toán số 00094-2023-01-HTG-DELL-HVU09-PSD kí ngày 07/01/2023,6422,0.0,909091.0
2023-05-31,34,Nút ấn khẩn,6422,0.0,290000.0
2023-05-31,34,Chuông 12V,6422,0.0,290000.0
2023-05-31,34,Đầu dò khói kèm đế,6422,0.0,910908.0
2023-05-31,82758,THU LAI VAY QUA HAN PDLD2314500499,6422,0.0,86631.0
2023-05-31,35667435,Thuế GTGT: THU PHI SEC CTY TNHH MTV HUY VU,1331,0.0,1364.0
2023-05-31,35667435,THU PHI SEC CTY TNHH MTV HUY VU,6422,0.0,13636.0
2023-05-31,294866,Thuế GTGT: Cước dịch vụ Viễn thông-Công nghệ thông tin tháng 05 năm 2023,1331,0.0,2455.0
2023-05-31,294956,Thuế GTGT: Cước dịch vụ Viễn thông-Công nghệ thông tin tháng 05 năm 2023,1331,0.0,27400.0
2023-05-31,294914,Thuế GTGT: Cước dịch vụ Viễn thông-Công nghệ thông tin tháng 05 năm 2023,1331,0.0,2000.0
2023-05-31,294914,Cước dịch vụ Viễn thông-Công nghệ thông tin tháng 05 năm 2023,6422,0.0,20000.0
2023-05-31,294956,Cước dịch vụ Viễn thông-Công nghệ thông tin tháng 05 năm 2023,6422,0.0,274000.0
2023-05-31,324627,Thuế GTGT: Cước dịch vụ Viễn thông-Công nghệ thông tin tháng 05 năm 2023,1331,0.0,24964.0
2023-05-31,34,Bình ắc quy Globe WP7.5-12,6422,0.0,347274.0
2023-05-31,324627,Cước dịch vụ Viễn thông-Công nghệ thông tin tháng 05 năm 2023,6422,0.0,249636.0
2023-05-31,294866,Cước dịch vụ Viễn thông-Công nghệ thông tin tháng 05 năm 2023,6422,0.0,24545.0
2023-05-31,82792,THU LAI VAY QUA HAN PDLD2308800587,6422,0.0,317818.0
2023-05-31,82775,THU LAI VAY QUA HAN PDLD2310900580,6422,0.0,255545.0
2023-05-31,82790,THU LAI VAY QUA HAN PDLD2309000506,6422,0.0,496230.0
2023-05-31,342799,Thuế GTGT: Cước dịch vụ Viễn thông-Công nghệ thông tin tháng 05 năm 2023,1331,0.0,41127.0
2023-05-31,1125,ổ cứng gắn ngoài 1TB SSD ESD310C USB 10Gbps Type C/A Transcend,6422,0.0,3000000.0
2023-05-31,1125,ổ cứng gắn ngoài 256GB SSD ESD310C USB 10Gbps Type C/A Transcend,6422,0.0,1381818.0
2023-05-31,1125,Bút trình chiếu LP15 A4tech (Đen),6422,0.0,2454545.0
2023-05-31,1125,Bút trình chiếu LP15 A4tech (Trắng),6422,0.0,818182.0
2023-05-31,82777,THU LAI VAY QUA HAN PDLD2310700630,6422,0.0,1039292.0
2023-05-31,82774,THU LAI VAY QUA HAN PDLD2311100495,6422,0.0,1239634.0
2023-05-31,82772,THU LAI VAY QUA HAN PDLD2311400659,6422,0.0,1341123.0
2023-05-31,82770,THU LAI VAY QUA HAN PDLD2311500655,6422,0.0,1805784.0
2023-05-31,82768,THU LAI VAY QUA HAN PDLD2312800507,6422,0.0,2563048.0
2023-05-31,82765,THU LAI VAY QUA HAN PDLD2312800516,6422,0.0,1025219.0
2023-05-31,82793,THU LAI VAY QUA HAN PDLD2308700259,6422,0.0,3611567.0
2023-05-31,82787,THU LAI VAY QUA HAN PDLD2309500589,6422,0.0,314556.0
2023-05-31,82788,THU LAI VAY QUA HAN PDLD2309400481,6422,0.0,356392.0
2023-05-31,82789,THU LAI VAY QUA HAN PDLD2309300604,6422,0.0,1258223.0
2023-05-31,82791,THU LAI VAY QUA HAN PDLD2308900493,6422,0.0,399801.0
2023-05-31,342799,Cước dịch vụ Viễn thông-Công nghệ thông tin tháng 05 năm 2023,6422,0.0,411267.0
2023-05-31,82759,THU LAI VAY QUA HAN PDLD2314400467,6422,0.0,150274.0
2023-05-31,342800,Thuế GTGT: Cước dịch vụ Viễn thông-Công nghệ thông tin tháng 05 năm 2023,1331,0.0,24093.0
2023-05-31,11398,Chíp vi xử lý INTEL CORE I5 12400F - 2.50GHZ (BX8071512400F  S RL4W)+Quạt,6422,0.0,3345455.0
2023-05-31,11398,Bảng mạch chính của máy vi tính hiệu ASUS PRIME H510M - K R2.0-CSM-SI,6422,0.0,8127270.0
2023-05-31,11398,Bảng mạch chính của máy vi tính hiệu ASUS PRIME B760M -K  D4,6422,0.0,2244545.0
2023-05-31,11398,Bảng mạch chính của máy vi tính hiệu ASUS PRIME B760M -A  D4,6422,0.0,2633636.0
2023-05-31,11398,Bảng mạch chính của máy vi tính hiệu ASUS TUF GAMING  B660M - PLUS WIFI D4,6422,0.0,3177273.0
2023-05-31,11398,Bảng mạch chính của máy vi tính hiệu ASUS PRIME  H610M - F D4,6422,0.0,4876365.0
2023-05-31,82754,THU LAI VAY QUA HAN PDLD2314900522,6422,0.0,34951.0
2023-05-31,294670,Cước dịch vụ Viễn thông-Công nghệ thông tin tháng 05 năm 2023,6422,0.0,213636.0
2023-05-31,82762,THU LAI VAY QUA HAN PDLD2313900450,6422,0.0,290342.0
2023-05-31,82763,THU LAI VAY QUA HAN PDLD2313100510,6422,0.0,354299.0
2023-05-31,294670,Thuế GTGT: Cước dịch vụ Viễn thông-Công nghệ thông tin tháng 05 năm 2023,1331,0.0,21364.0
2023-05-31,342800,Cước dịch vụ Viễn thông-Công nghệ thông tin tháng 05 năm 2023,6422,0.0,240925.0
2023-05-31,342896,Thuế GTGT: Cước dịch vụ Viễn thông-Công nghệ thông tin tháng 05 năm 2023,1331,0.0,38786.0
2023-05-31,342896,Cước dịch vụ Viễn thông-Công nghệ thông tin tháng 05 năm 2023,6422,0.0,387864.0
2023-05-31,82784,THU LAI VAY QUA HAN PDLD2310200658,6422,0.0,629112.0
2023-05-31,82786,THU LAI VAY QUA HAN PDLD2309600714,6422,0.0,629112.0
2023-05-31,82760,THU LAI VAY QUA HAN PDLD2314300534,6422,0.0,205314.0
2023-05-31,82785,THU LAI VAY QUA HAN PDLD2309700661,6422,0.0,629112.0
2023-05-31,294865,Thuế GTGT: Cước dịch vụ Viễn thông-Công nghệ thông tin tháng 05 năm 2023,1331,0.0,2620.0
2023-05-31,294865,Cước dịch vụ Viễn thông-Công nghệ thông tin tháng 05 năm 2023,6422,0.0,26200.0
2023-05-31,82797,THU LAI VAY QUA HAN PDLD2308200255,6422,0.0,361157.0
2023-05-31,82796,THU LAI VAY QUA HAN PDLD2308300426,6422,0.0,722314.0
2023-05-31,82795,THU LAI VAY QUA HAN PDLD2308300580,6422,0.0,505619.0
2023-05-31,82794,THU LAI VAY QUA HAN PDLD2308600588,6422,0.0,722314.0
2023-05-31,82779,THU LAI VAY QUA HAN PDLD2310300519,6422,0.0,629112.0
2023-06-01,7537166,Không có tên,6422,0.0,350000.0
2023-06-01,83267,THU LAI VAY LD2308900493,6422,0.0,44398.0
2023-06-01,83273,THU LAI VAY LD2307500658,6422,0.0,41330.0
2023-06-01,83274,THU LAI VAY LD2308200255,6422,0.0,34932.0
2023-06-01,83279,THU LAI VAY LD2308600588,6422,0.0,69863.0
2023-06-01,83281,THU LAI VAY LD2308300426,6422,0.0,69863.0
2023-06-01,7537166,Thuế GTGT: Không có tên,1331,0.0,35000.0
2023-06-01,3785,Thuế GTGT: THU PHI CK CTY CN ELITE,1331,0.0,2724.0
2023-06-01,83282,THU LAI VAY LD2308700259,6422,0.0,349315.0
2023-06-01,83287,THU LAI VAY LD2308300580,6422,0.0,48904.0
2023-06-01,83284,THU LAI VAY LD2308800587,6422,0.0,30740.0
2023-06-01,3786,Thuế GTGT: THU PHI CK CTY VIEN SON,1331,0.0,2300.0
2023-06-01,3786,THU PHI CK CTY VIEN SON,6422,0.0,23000.0
2023-06-01,3787,Thuế GTGT: THU PHI CK CTY DT VA PT CN QUOC GIA ADG TAI DA NANG,1331,0.0,2300.0
2023-06-01,3787,THU PHI CK CTY DT VA PT CN QUOC GIA ADG TAI DA NANG,6422,0.0,23000.0
2023-06-01,45602,Máy tính xách tay Asus ExpertBook model L1400CDA-EK0942W 14.0-inch FHD/ AMD R5-3500U/ DDR4 8GB/ 512G PCIEG3+TPM/ WIN11/ LED KB+WL mouse/ Wifi 6/ 2Y PUR,6422,0.0,49090909.0
2023-06-01,3785,THU PHI CK CTY CN ELITE,6422,0.0,27240.0
2023-06-02,9376,"ổ cứng lắp trong Western Digital 6TB 3.5"" Sata3, màu tím(Purple) (WD64PURZ)",6422,0.0,3318182.0
2023-06-02,9376,"ổ cứng Western SSD 240GB SN350 NVME, màu xanh - green (WDS240G2G0C)",6422,0.0,2227273.0
2023-06-02,9376,"ổ cứng Western SSD 240GB Sata3, màu xanh - green (WDS240G3G0A)",6422,0.0,3181818.0
2023-06-02,9858,Tai nghe USB Logitech H390 (981-000485),6422,0.0,545455.0
2023-06-02,194,Máy tính xách tay Lenovo Yoga 7 14ACN6-82N7008VVN (AMD Ryzen 7 5800U),6422,0.0,15090909.0
2023-06-02,71432,Thiết bị thu phát vô tuyến TP-LINK 150M_TL-WN722N,6422,0.0,2763640.0
2023-06-02,71432,Thiết bị thu phát vô tuyến TP-LINK_TL-WN822N,6422,0.0,968180.0
2023-06-02,71432,Thiết bị thu phát vô tuyến TP-LINK_TL-WN725N,6422,0.0,486365.0
2023-06-02,2826,Chuột Gaming không dây Logitech G304 màu trắng(910-005293),6422,0.0,1309091.0
2023-06-02,2826,Tai nghe PC Logitech H110 (981-000459),6422,0.0,659091.0
2023-06-02,2826,"Tai nghe PC Logitech Stereo H151, màu đen - BLACK (981-000587)",6422,0.0,854545.0
2023-06-02,2826,Tai nghe USB Logitech H540 (981-000482),6422,0.0,681818.0
2023-06-02,2826,Chuột quang USB Logitech B100 (910-006605),6422,0.0,2636364.0
2023-06-02,2826,Bàn phím Logitech K120 (920-002582),6422,0.0,5818182.0
2023-06-02,2826,"Chuột gaming có dây Logitech G203, màu tím lilac (910-005853)",6422,0.0,1636364.0
2023-06-02,2826,Chuột Logitech Gaming G102 Gen 2 màu đen(910-005802),6422,0.0,1659091.0
2023-06-02,2826,Chuột không dây Logitech M221 màu đen (910-004882),6422,0.0,1954545.0
2023-06-02,2826,"Chuột không dây Logitech M185, màu đỏ (910-002503)",6422,0.0,872727.0
2023-06-02,2826,"Chuột không dây Logitech M185, màu xám (910-002255)",6422,0.0,872727.0
2023-06-02,2826,Chiết khấu giảm giá,6422,0.0,454545.0
2023-06-04,978,Máy chiếu Panasonic PT-LB426 ( kèm dây HDMI 1.5m),6422,0.0,15500000.0
2023-06-04,13070,Máy hút bụi cầm tay Baseus A3 Car Vacuum Cleaner,6422,0.0,1250000.0
2023-06-05,9605,"ổ cứng lắp trong Western Digital 4TB 3.5"" Sata 3, màu xanh(Blue)(WD40EZAX)",6422,0.0,9318182.0
2023-06-05,60865,Thuế GTGT: Cước dịch vụ viễn thông trả sau (Dịch vụ chịu thuế),1331,0.0,24991.0
2023-06-05,60865,Cước dịch vụ viễn thông trả sau (Dịch vụ chịu thuế),6422,0.0,249907.0
2023-06-05,84457,THU LAI VAY LD2309000506,6422,0.0,80587.0
2023-06-06,88,ĐẦU ĐỌC MÃ VẠCH OD7200,6422,0.0,2200000.0
2023-06-06,88,ĐẦU ĐỌC MÃ VẠCH EC331,6422,0.0,1000000.0
2023-06-06,88,Nguồn máy in,6422,0.0,363635.0
2023-06-06,174,"Đầu ghi hình KTS 16 kênh  (DH - NVR 4116HS - I), phụ kiện",6422,0.0,1636364.0
2023-06-06,88,Nguồn máy in nhiệt,6422,0.0,545455.0
2023-06-06,4002,"Thiết bị chuyển mạch SF1163P, hiệu Aptek",6422,0.0,5072727.0
2023-06-06,198,Ổ RULO QT30-3-15A,6422,0.0,1781818.0
2023-06-06,198,Ổ cắm 4D+6S dây 5mX2,6422,0.0,200000.0
2023-06-06,198,"Dây cáp mạng U/UTP CAT6, 24AWG, lõi đồng đặc, 4 đôi, vỏ PVC, CMX, màu xanh",6422,0.0,6681818.0
2023-06-06,198,Tủ Rack 6U,6422,0.0,2400000.0
2023-06-06,73813,"Bộ định tuyến có chức năng  thu phát vô tuyến TP-LINK, 2,4 GHz/ W-CDMA FDD/ GSM_TL-MR6400",6422,0.0,6796363.0
2023-06-06,4001,Thiết bị định tuyến mạng không dây APTEK A196GU,6422,0.0,5072727.0
2023-06-07,384,Màn chiếu điện APW150ES,6422,0.0,1800000.0
2023-06-07,2189,"Bộ định tuyến có chức năng thu phát sóng băng tần 2.4GHz/5GHz hiệu RUIJIE mã RG-EW3200GX PRO - hãng sx: RUIJIE NETWORKS CO.,LTD",6422,0.0,7018200.0
2023-06-07,2189,Đầu ghi hình DS-7616NI-K1,6422,0.0,3080602.0
2023-06-07,2189,Camera quan sát DS-2CD1023G0E-I(L),6422,0.0,2181820.0
2023-06-07,384,Giá treo máy chiếu MS12,6422,0.0,220000.0
2023-06-07,384,Giá treo máy chiếu MS65,6422,0.0,150000.0
2023-06-07,384,Màn chiếu chân P84TS,6422,0.0,2340000.0
2023-06-08,84,Ghế xoay SG130,6422,0.0,1772727.0
2023-06-08,86528,THU LAI VAY LD2309300604,6422,0.0,385402.0
2023-06-08,4277,Máy in phun màu Canon G1010,6422,0.0,2036364.0
2023-06-08,3972,THU PHI BAO CO USD CTY HUY VU,6422,0.0,50000.0
2023-06-08,89,ĐẦU ĐỌC MÃ VẠCH OD7200,6422,0.0,3300000.0
2023-06-08,3972,Thuế GTGT: THU PHI BAO CO USD CTY HUY VU,1331,0.0,5000.0
2023-06-08,86530,THU LAI VAY LD2309400481,6422,0.0,131925.0
2023-06-08,1556,case máy tính Mirage2000 - Forgame,6422,0.0,981818.0
2023-06-08,1556,NGUỒN MT ĐỂ BÀN RX-1200AE-B 950W,6422,0.0,1363636.0
2023-06-09,1167,Máy in hóa đơn XP-T80L,6422,0.0,10227273.0
2023-06-09,37933113,Thuế GTGT:  Thu Phi SMS thay doi so du thang  05/2023,1331,0.0,5455.0
2023-06-09,37933113,Thu Phi SMS thay doi so du thang  05/2023,6422,0.0,54545.0
2023-06-11,3182,BÀN PHÍM DELL MULTIMEDIA KB216,6422,0.0,2600000.0
2023-06-11,3182,CHUỘT QUANG VI TÍNH DELL MS116,6422,0.0,7636364.0
2023-06-11,1195,"ổ cứng gắn ngoài 2TB StoreJet 2.5"" H3P Transcend",6422,0.0,1772727.0
2023-06-11,1195,"ổ cứng gắn ngoài 2TB StoreJet 2.5"" H3B Transcend",6422,0.0,1772727.0
2023-06-11,1195,"ổ cứng gắn ngoài 2TB Slim StoreJet 2.5"" M3G Transcend",6422,0.0,1772727.0
2023-06-11,1195,"ổ cứng gắn ngoài 2TB Slim StoreJet 2.5"" M3S Transcend",6422,0.0,1772727.0
2023-06-11,1195,"ổ cứng gắn ngoài 1TB StoreJet 2.5"" H3P Transcend",6422,0.0,1227273.0
2023-06-11,1195,"ổ cứng gắn ngoài 1TB StoreJet 2.5"" H3B Transcend",6422,0.0,1227273.0
2023-06-11,1195,"ổ cứng gắn ngoài 1TB Slim StoreJet 2.5"" M3G Transcend",6422,0.0,1227273.0
2023-06-11,38843892,Trich thu Tien vay - Lai : 9784110 - Phat : 5361 - Acct vay 377993869,6422,0.0,9789471.0
2023-06-11,38843867,Trich thu Tien vay - Lai : 3364932 - Phat : 1844 - Acct vay 397841389,6422,0.0,3366776.0
2023-06-11,1195,"ổ cứng gắn ngoài 1TB Slim StoreJet 2.5"" M3S Transcend",6422,0.0,1227273.0
2023-06-12,109,Hộp mực in EcoPlus 12A/303/FX9 Universal,6422,0.0,1760000.0
2023-06-12,109,Hộp mực in iziNet 12A/303/FX9 Universal,6422,0.0,3600000.0
2023-06-12,2263,Đầu ghi hình DS-7216HGHI-K1,6422,0.0,3445455.0
2023-06-12,2263,Camera quan sát DS-2CE17D0T-IT5(C),6422,0.0,4384000.0
2023-06-12,2256,Camera quan sát DS-2CD1023G0-IUF(C),6422,0.0,2058600.0
2023-06-12,2256,"Camera kỹ thuật số có chức năng ghi hiệu EZVIZ mã CS-C1C(1080P,H.265) - Hỗ trợ thẻ nhớ trong",6422,0.0,1977270.0
2023-06-12,2256,Camera quan sát DS-2CD1123G0-IUF(C),6422,0.0,4803400.0
2023-06-12,2256,Camera quan sát CS-H8C (1080P),6422,0.0,1554546.0
2023-06-12,2256,"Camera kỹ thuật số có chức năng ghi hiệu EZVIZ mã CS-C3TN (3MP,2.8MM)- hỗ trợ thẻ nhớ trong",6422,0.0,2468181.0
2023-06-12,2256,Đầu ghi hình DS-7616NI-K1,6422,0.0,1540300.0
2023-06-12,38914995,THU LAI VAY,6422,0.0,3904577.0
2023-06-12,2256,"Camera quan sát CS-C6N (4MP,W1)",6422,0.0,2727275.0
2023-06-12,2256,Camera quan sát CS-C6N (1080P),6422,0.0,6068175.0
2023-06-12,1245,Mực nạp đổ XP12 - 140,6422,0.0,4000000.0
2023-06-12,3506,Chuột Logitech M557 Đen,6422,0.0,1131819.0
2023-06-12,3506,Bàn Phím Bluetooth Logitech K380 Xám Đậm,6422,0.0,945454.0
2023-06-12,3506,Chuột Logitech M350 đen,6422,0.0,1763635.0
2023-06-12,3506,Tay Game Logitech F310,6422,0.0,772728.0
2023-06-12,3506,Bàn Phím+Chuột Logitech MK240 đen,6422,0.0,700000.0
2023-06-13,34015,Ổ đĩa cứng máy tính Kingmax SA3080 128GB (M.2 Sata 3),6422,0.0,2954545.0
2023-06-13,4332,Bộ vi xử lý vi tính Intel Core I5-10400 + Quạt,6422,0.0,8509091.0
2023-06-13,4332,CHIP VI XỬ LÝ INTEL CORE I5 11400F - 2.60GHZ ( BX8070811400F SRKP1 ) + QUẠT,6422,0.0,2390909.0
2023-06-13,34015,Bộ vi xử lý vi tính Intel Core i5-10400 (BX8070110400SRH3C) + Quạt,6422,0.0,5581819.0
2023-06-13,34015,Ổ đĩa cứng máy tính Kingmax SA3080 256GB (M.2 Sata 3),6422,0.0,4136364.0
2023-06-13,34015,Mạch chính vi tính Gigabyte H610M H V2 DDR4,6422,0.0,3309091.0
2023-06-13,34015,Ổ đĩa cứng máy tính Kingmax PQ3480 512GB (Zeus M.2 PCIe - Gen3x4),6422,0.0,3022727.0
2023-06-13,4332,CHIP VI XỬ LÝ INTEL CORE I5 - 10400F 2.90 GHZ + QUẠT,6422,0.0,2200000.0
2023-06-13,34015,Bộ nhớ máy vi tính Kingmax 8GB DDR4-3200 (KM-LD4-3200-8GS),6422,0.0,1954545.0
2023-06-13,4332,CHÍP VI XỬ LÝ INTEL CORE I5-12400 - 2.50GHZ + QUẠT,6422,0.0,3681818.0
2023-06-13,34053,Bộ vi xử lý vi tính Intel Core i5-10400 (BX8070110400SRH3C) + Quạt,6422,0.0,8372727.0
2023-06-13,5590,Mực in Canon 333,6422,0.0,3000000.0
2023-06-13,89172,THU LAI VAY LD2309500589,6422,0.0,164920.0
2023-06-13,3059,"Chuột không dây Logitech Bluetooth MX Anywhere 3S, màu than chì (910-006932)",6422,0.0,2472727.0
2023-06-13,4091,THU PHI CK CTY VIEN SON,6422,0.0,40000.0
2023-06-13,4091,Thuế GTGT: THU PHI CK CTY VIEN SON,1331,0.0,4000.0
2023-06-14,200237,DO 0.001S-V,6422,0.0,454545.0
2023-06-14,4140,Thuế GTGT: THU PHI CK CN CTY CP DAU TU VA PT CONG NGHE QUOC GIA ADG TAI DN,1331,0.0,3200.0
2023-06-14,4140,THU PHI CK CN CTY CP DAU TU VA PT CONG NGHE QUOC GIA ADG TAI DN,6422,0.0,32000.0
2023-06-14,89714,THU LAI VAY LD2309600714,6422,0.0,359011.0
2023-06-15,90159,THU LAI VAY LD2309700661,6422,0.0,386957.0
2023-06-15,39591721,Thu phi Phat hanh Bao lanh thanh toan- So BLTT.GIL.22182.160623,6422,0.0,7520548.0
2023-06-15,4170,Thuế GTGT: THU PHI BAO CO USD CTY HUY VU,1331,0.0,5000.0
2023-06-15,4170,THU PHI BAO CO USD CTY HUY VU,6422,0.0,50000.0
2023-06-15,5664,Máy Scan HP 2000S2 (6FW06A),6422,0.0,6545454.55
2023-06-16,218289,"Ổ CỨNG DI ĐỘNG (HDD) SEAGATE ONE TOUCH 1TB 2.5"" USB 3.0 - BẠC (SILVER)(STKY1000401)",6422,0.0,2405454.0
2023-06-16,218289,"Ổ CỨNG DI ĐỘNG (HDD) SEAGATE ONE TOUCH 1TB 2.5"" USB 3.0 - XÁM (GREY)(STKY1000404)",6422,0.0,2405454.0
2023-06-16,218279,ÁO MƯA CÁNH DƠI VẢI NHỰA(AOMUA_SEAGATE),6422,0.0,927260.0
2023-06-16,218289,"Ổ CỨNG DI ĐỘNG (HDD) SEAGATE EXPANSION PORTABLE 2TB 2.5"" USB 3.0(STKM2000400)",6422,0.0,8727275.0
2023-06-16,218289,"Ổ CỨNG DI ĐỘNG (HDD) SEAGATE EXPANSION PORTABLE 1TB 2.5"" USB 3.0(STKM1000400)",6422,0.0,11818180.0
2023-06-16,218279,CHUỘT VI TÍNH (MOUSE) LOGITECH B100 USB/ ĐEN( BLACK)(910-006605-KMSEAGATE),6422,0.0,1581810.0
2023-06-16,218279,"Ổ CỨNG DI ĐỘNG (HDD) SEAGATE ONE TOUCH 2TB 2.5"" USB 3.0 - BẠC (SILVER)(STKY2000401)",6422,0.0,4009090.0
2023-06-16,218279,"Ổ CỨNG DI ĐỘNG (HDD) SEAGATE ONE TOUCH 2TB 2.5"" USB 3.0 - ĐEN (BLACK)(STKY2000400)",6422,0.0,6013635.0
2023-06-16,218289,"Ổ CỨNG DI ĐỘNG (HDD) SEAGATE ONE TOUCH 1TB 2.5"" USB 3.0 - ĐEN (BLACK)(STKY1000400)",6422,0.0,7216362.0
2023-06-18,3171,Bảng mạch chính Asus PRIME H510M-K R2.0,6422,0.0,14181818.0
2023-06-19,4367,"Cáp mạng Cat 6 UTP copper 305m/thùng , Hiệu Aptek",6422,0.0,2150000.0
2023-06-19,4367,"Thiết bị chuyển mạch SG1080, Hiệu APTEK",6422,0.0,390909.0
2023-06-19,4228,THU PHI CK CTY PP SYNNEX FPT,6422,0.0,23000.0
2023-06-19,4229,Thuế GTGT: THU PHI CK CTY VIEN SON,1331,0.0,4000.0
2023-06-19,4229,THU PHI CK CTY VIEN SON,6422,0.0,40000.0
2023-06-19,4228,Thuế GTGT: THU PHI CK CTY PP SYNNEX FPT,1331,0.0,2300.0
2023-06-20,35801,Mạch chính vi tính Gigabyte H510M H,6422,0.0,6977273.0
2023-06-20,4275,Thuế GTGT: TP CK CTY CN QUOC GIA ADG,1331,0.0,2300.0
2023-06-20,1683,Bàn gỗ dành cho máy tính mã EGT1460 A  hiệu e-dra,6422,0.0,5580000.0
2023-06-20,92828,THU LAI VAY LD2310200658,6422,0.0,490947.0
2023-06-20,4274,TP CK CTY CN NAM THANH,6422,0.0,23000.0
2023-06-20,4274,Thuế GTGT: TP CK CTY CN NAM THANH,1331,0.0,2300.0
2023-06-20,36518,Bộ tản nhiệt cho CPU của máy vi tính Deepcool AG400 LED,6422,0.0,2636364.0
2023-06-20,4275,TP CK CTY CN QUOC GIA ADG,6422,0.0,23000.0
2023-06-20,35801,Bộ nhớ máy vi tính Kingmax 16GB DDR4-3200 (KM-LD4-3200-16GS),6422,0.0,3704545.0
2023-06-20,36518,Bộ tản nhiệt cho CPU của máy vi tính Deepcool AG400 ARGB,6422,0.0,1545455.0
2023-06-20,35801,Bộ nhớ máy vi tính Kingmax 8GB DDR4-2400,6422,0.0,1863636.0
2023-06-20,35801,Bộ nhớ máy tính xách tay Kingmax 8GB DDR4-3200,6422,0.0,1909091.0
2023-06-20,35801,Bộ nhớ máy vi tính Kingmax 8GB DDR4-3200 (KM-LD4-3200-8GS),6422,0.0,3818182.0
2023-06-20,35801,Bộ nhớ máy vi tính Kingmax 4GB DDR4-2400,6422,0.0,1318182.0
2023-06-20,35801,Bộ vi xử lý vi tính Intel Core i3-12100 (BX8071512100SRL62) + Quạt,6422,0.0,7718182.0
2023-06-20,35801,Bộ vi xử lý vi tính Intel Core i3-10105F (BX8070110105FSRH8V) + Quạt,6422,0.0,1563636.0
2023-06-20,35801,Mạch chính vi tính Gigabyte H610M H V2 DDR4,6422,0.0,3272727.0
2023-06-20,36518,Bộ tản nhiệt cho CPU của máy vi tính Deepcool AG620 ARGB,6422,0.0,6272726.0
2023-06-20,35801,Bộ vi xử lý vi tính Intel Core i5-12400 (BX8071512400SRL5Y)  + Quạt,6422,0.0,3909091.0
2023-06-21,94188,THU LAI VAY LD2310300519,6422,0.0,524708.0
2023-06-21,208,Máy định vị GPSMAP 79s,6422,0.0,6818182.0
2023-06-21,4316,THU PHI CK CTY ADG+CTY VIEN SON,6422,0.0,46000.0
2023-06-21,4342,"Chuột vi tính hiệu Rapoo mới 100%. Item no: 18823, Model: M20, Wireless Optical Mouse BLACK",6422,0.0,37636364.0
2023-06-21,208,Đầu đọc thẻ USB 2.0 hỗ trợ thẻ TF và DS màu đen Ugreen (60721),6422,0.0,1090909.0
2023-06-21,208,Cáp dữ liệu VIDEO HDMI 1.4 truyền âm thanh hình ảnh dài 20M Ugreen (10112),6422,0.0,2263636.0
2023-06-21,208,Cáp dữ liệu USB 2.0 cho máy in truyền dữ liệu từ máy tính ra máy in dài 5m Ugreen (10329),6422,0.0,431818.0
2023-06-21,40698024,Thu phi Phat hanh Bao lanh thanh toan- So BLTT.GIL.23046.220623,6422,0.0,15041096.0
2023-06-21,4316,Thuế GTGT: THU PHI CK CTY ADG+CTY VIEN SON,1331,0.0,4600.0
2023-06-22,386,Tai nghe SoundMax AH327,6422,0.0,350000.0
2023-06-22,386,Tai nghe SoundMax AH315,6422,0.0,1000000.0
2023-06-22,386,Loa SoundMax A2129/2.1,6422,0.0,2660000.0
2023-06-22,386,Loa SoundMax R-300/1.0,6422,0.0,600000.0
2023-06-22,386,Loa SoundMax R-200/1.0,6422,0.0,540000.0
2023-06-22,386,Tai nghe SoundMax BT200,6422,0.0,720000.0
2023-06-22,386,Tai nghe SoundMax AH314,6422,0.0,900000.0
2023-06-22,386,Tai nghe SoundMax BT300,6422,0.0,420000.0
2023-06-22,386,Loa SoundMax A827/2.1,6422,0.0,470000.0
2023-06-22,386,Loa SoundMax A600/2.1,6422,0.0,310000.0
2023-06-22,386,Loa SoundMax A130/2.0,6422,0.0,1300000.0
2023-06-22,386,Loa SoundMax A150/2.0,6422,0.0,1200000.0
2023-06-22,386,Loa SoundMax A120/2.0,6422,0.0,750000.0
2023-06-23,3969,NỒI CHIÊN KHÔNG DẦU TEFAL EY401D15,6422,0.0,1590000.0
2023-06-23,37284,Bộ nhớ máy tính xách tay Kingmax 16GB DDR4-3200,6422,0.0,2222727.0
2023-06-23,2455,Camera quan sát DS-2CD1027G0-LUF C,6422,0.0,3441600.0
2023-06-23,2455,Camera quan sát DS-2CD1023G0-IUF(C),6422,0.0,1290910.0
2023-06-23,2455,Đầu ghi hình DS-7108NI-Q1/M,6422,0.0,1900000.0
2023-06-23,2455,"Camera quan sát CS-H3C (1080P,4MM,COLOR)",6422,0.0,9477270.0
2023-06-25,37634,Ổ đĩa cứng máy tính Kingmax SMQ32 240GB  (Sata 3),6422,0.0,8036364.0
2023-06-25,37649,"Màn hình LCD của máy vi tính hiệu PHILIPS 221V8 21.5""(LED),cáp,mới 100%.",6422,0.0,16909091.0
2023-06-25,5740,Phần mềm Win 11 Pro 64bit Eng lntl 1pk DSP OEi DVD (FQC-10528),6422,0.0,2780000.0
2023-06-25,5946,Máy Scan HP 2000S2 (6FW06A),6422,0.0,6545454.55
2023-06-26,316,"Bộ lưu điện (UPS) APC Easy Back-ups 700VA,230V,AVR,USB charging Universal sockets(BVX700LUI-MS)",6422,0.0,11650001.0
2023-06-26,10947,"ổ cứng Western SSD 240GB Sata3, màu xanh - green (WDS240G3G0A)",6422,0.0,9409091.0
2023-06-26,96212,"PHI T06/2023-040019911911-ALERT,IB,OTP,QLTK",6422,0.0,125000.0
2023-06-26,96212,"Thuế GTGT: PHI T06/2023-040019911911-ALERT,IB,OTP,QLTK",1331,0.0,12500.0
2023-06-26,4779,"Bộ Vi xử lý Intel Core i3-10105 Processor 3.70GHz 6M Cache, Sockets FCLGA1200-BX8070110105",6422,0.0,33681818.0
2023-06-26,4779,BO MẠCH CHÍNH MÁY VI TÍNH (Main Board) MSI H510M PLUS V3(H510MPLUSV3),6422,0.0,14600000.0
2023-06-26,905,Nguồn Jetek Model 350 ELITE V2,6422,0.0,7175000.0
2023-06-26,905,Nguồn Jetek Model 400 ELITE V2,6422,0.0,3507273.0
2023-06-27,87103,Cạc (card) mạng PCI Gigabit TP-LINK_TG-3468,6422,0.0,736365.0
2023-06-27,87103,"Thiết bị đầu cuối GSM/ W-CDMA FDD/E-UTRA FDD, 2,4 GHz, TP-LINK_M7000",6422,0.0,3650000.0
2023-06-27,87103,Thiết bị chuyển mạch TP-LINK_TL-SF1005D,6422,0.0,1109090.0
2023-06-27,87103,Thiết bị chuyển mạch TP-LINK_TL-SG1008D,6422,0.0,1636365.0
2023-06-27,87103,Thiết bị thu phát vô tuyến TP-LINK_TL-WA850RE,6422,0.0,945455.0
2023-06-27,516,Máy chiếu đa năng ViewSonic LS500WHE,6422,0.0,13500000.0
2023-06-28,11069,Tai nghe HyperX Cloud Stinger II Core(683L9AA),6422,0.0,7100000.0
2023-06-28,11069,Chiết khấu giảm giá,6422,0.0,8546364.0
2023-06-28,11069,Bộ nhớ trong Kingston Fury 16GB D4-3200U C16 Beast Black (KF432C16BB/16),6422,0.0,1509091.0
2023-06-29,4687,"Cáp mạng Cat 6 FTP 305m/thùng, Hiệu Aptek",6422,0.0,6000000.0
2023-06-29,4687,"Cáp mạng Cat 5e UTP 305m/thùng, Hiệu Aptek",6422,0.0,4418184.0
2023-06-29,39386,Không có tên,6422,0.0,3047670.0
2023-06-29,1374,Mực nạp đổ XP12 - 140,6422,0.0,6000000.0
2023-06-29,2313,Thuế GTGT: Dịch vụ SMS Brandname CSKH,1331,0.0,11544.0
2023-06-29,2313,Dịch vụ SMS Brandname CSKH,6422,0.0,115436.0
2023-06-29,810,MÁY IN LASER ĐƠN NĂNG TRẮNG ĐEN - CANON PRINTER I-SENSYS LBP236DW,6422,0.0,4636364.0
2023-06-29,39387,Thuế GTGT: Không có tên,1331,0.0,41986.0
2023-06-29,39387,Không có tên,6422,0.0,419860.0
2023-06-29,114122,"Bộ định tuyến có chức năng  thu phát vô tuyến TP-LINK, 2,4 GHz/ W-CDMA FDD/ GSM_TL-MR6400",6422,0.0,1945454.0
2023-06-29,114122,Thiết bị định tuyến 2G/3G/4G băng tần 2.4 GHz TP-LINK_TL-MR100,6422,0.0,4272725.0
2023-06-29,88821,Thiết bị thu phát vô tuyến TP-LINK_TL-WA850RE,6422,0.0,954545.0
2023-06-29,88821,Thiết bị thu phát vô tuyến TP-LINK 150M_TL-WN722N,6422,0.0,2709100.0
2023-06-29,88821,Thiết bị thu phát vô tuyến TP-LINK_TL-WN725N,6422,0.0,972730.0
2023-06-29,88821,"Bộ định tuyến TP-LINK, 2,4GHz/5GHz_Archer C50",6422,0.0,5822730.0
2023-06-29,88821,"Bộ định tuyến TP-LINK 300M, 2.4GHz_TL-WR841N",6422,0.0,989092.0
2023-06-29,810,"MÁY IN ĐA CHỨC NĂNG HP LASERJET M440DN MFP PRNTR, 1Y WTY_8AF47A",6422,0.0,13090909.0
2023-06-29,39278,Ổ đĩa cứng máy tính Kingmax SMV32 120GB (Sata 3),6422,0.0,2500000.0
2023-06-29,4536,Thuế GTGT: THU PHI BAO CO USD CTY HUY VU,1331,0.0,5000.0
2023-06-29,4536,THU PHI BAO CO USD CTY HUY VU,6422,0.0,50000.0
2023-06-29,212,Cáp dữ liệu VIDEO HDMI 1.4 truyền âm thanh hình ảnh dài 10M Ugreen (10110),6422,0.0,1272725.0
2023-06-29,212,Cáp dữ liệu VIDEO HDMI 1.4 truyền âm thanh hình ảnh dài 3M Ugreen (10108),6422,0.0,500000.0
2023-06-29,212,Bộ nhớ trong RAM DESKTOP LEXAR U-DIMM DDR4 8GB_LD4AU008G-B3200GSST,6422,0.0,4145460.0
2023-06-30,354351,Thuế GTGT: Cước dịch vụ Viễn thông-Công nghệ thông tin tháng 06 năm 2023,1331,0.0,21364.0
2023-06-30,354542,Cước dịch vụ Viễn thông-Công nghệ thông tin tháng 06 năm 2023,6422,0.0,24600.0
2023-06-30,354542,Thuế GTGT: Cước dịch vụ Viễn thông-Công nghệ thông tin tháng 06 năm 2023,1331,0.0,2460.0
2023-06-30,403856,Cước dịch vụ Viễn thông-Công nghệ thông tin tháng 06 năm 2023,6422,0.0,258066.0
2023-06-30,403856,Thuế GTGT: Cước dịch vụ Viễn thông-Công nghệ thông tin tháng 06 năm 2023,1331,0.0,25807.0
2023-06-30,6115,Mực in HP W1510A,6422,0.0,2227272.73
2023-06-30,354351,Cước dịch vụ Viễn thông-Công nghệ thông tin tháng 06 năm 2023,6422,0.0,213636.0
2023-06-30,403952,Cước dịch vụ Viễn thông-Công nghệ thông tin tháng 06 năm 2023,6422,0.0,415758.0
2023-06-30,3970,Chuột Logitech M331 Đen,6422,0.0,1281820.0
2023-06-30,384099,Cước dịch vụ Viễn thông-Công nghệ thông tin tháng 06 năm 2023,6422,0.0,249636.0
2023-06-30,384099,Thuế GTGT: Cước dịch vụ Viễn thông-Công nghệ thông tin tháng 06 năm 2023,1331,0.0,24964.0
2023-06-30,403855,Cước dịch vụ Viễn thông-Công nghệ thông tin tháng 06 năm 2023,6422,0.0,420607.0
2023-06-30,403855,Thuế GTGT: Cước dịch vụ Viễn thông-Công nghệ thông tin tháng 06 năm 2023,1331,0.0,42061.0
2023-06-30,3970,Chuột Logitech M185 Xanh,6422,0.0,845455.0
2023-06-30,3970,Chuột Logitech M190 xanh,6422,0.0,1113635.0
2023-06-30,3970,Chuột Logitech M171 Xám đen,6422,0.0,931820.0
2023-06-30,3970,Bàn Phím Bluetooth Logitech K380 Xám Đậm,6422,0.0,472727.0
2023-06-30,3970,Thiết bị trình chiếu logitech R400,6422,0.0,1268181.0
2023-06-30,403952,Thuế GTGT: Cước dịch vụ Viễn thông-Công nghệ thông tin tháng 06 năm 2023,1331,0.0,41576.0
2023-06-30,354633,Cước dịch vụ Viễn thông-Công nghệ thông tin tháng 06 năm 2023,6422,0.0,274000.0
2023-06-30,354633,Thuế GTGT: Cước dịch vụ Viễn thông-Công nghệ thông tin tháng 06 năm 2023,1331,0.0,27400.0
2023-06-30,354543,Cước dịch vụ Viễn thông-Công nghệ thông tin tháng 06 năm 2023,6422,0.0,24545.0
2023-06-30,354543,Thuế GTGT: Cước dịch vụ Viễn thông-Công nghệ thông tin tháng 06 năm 2023,1331,0.0,2455.0
2023-06-30,354591,Cước dịch vụ Viễn thông-Công nghệ thông tin tháng 06 năm 2023,6422,0.0,20000.0
2023-06-30,354591,Thuế GTGT: Cước dịch vụ Viễn thông-Công nghệ thông tin tháng 06 năm 2023,1331,0.0,2000.0
2023-07-01,28258023,Thuế GTGT: Không có tên,1331,0.0,35000.0
2023-07-01,28258023,Không có tên,6422,0.0,350000.0
2023-07-02,4578,Thuế GTGT: THU PHI CK CN CTY CP DAU TU VA PT CONG NGHE QUOC GIA ADG TAI DN,1331,0.0,2300.0
2023-07-02,4579,THU PHI CK CTY LE TRAN GIA,6422,0.0,23000.0
2023-07-02,214,dây cáp máy in mạ vàng 3m ( 10351 ),6422,0.0,477270.0
2023-07-02,99005,THU LAI VAY QUA HAN PDLD2317100469,6422,0.0,299446.0
2023-07-02,659,Máy tính bàn Lenovo ThinkCentre M70s Gen 3 i3-12100 ( 4.3 GHZ) - 8GB RAM - 256GB SSD - Wireless & Bluetooth - None -1Yr; P/n 11TC000QVA,6422,0.0,41227273.0
2023-07-02,4580,THU PHI CK CTY NAM THANH,6422,0.0,23000.0
2023-07-02,4580,Thuế GTGT: THU PHI CK CTY NAM THANH,1331,0.0,2300.0
2023-07-02,4577,THU PHI CK CTY VIEN SON,6422,0.0,23000.0
2023-07-02,4577,Thuế GTGT: THU PHI CK CTY VIEN SON,1331,0.0,2300.0
2023-07-02,98987,THU LAI VAY QUA HAN PDLD2310900580,6422,0.0,293484.0
2023-07-02,98986,THU LAI VAY QUA HAN PDLD2310700630,6422,0.0,1001693.0
2023-07-02,99034,THU LAI VAY LD2310900580,6422,0.0,28378.0
2023-07-02,99032,THU LAI VAY LD2310700630,6422,0.0,36264.0
2023-07-02,99007,THU LAI VAY QUA HAN PDLD2317300516,6422,0.0,155596.0
2023-07-02,99006,THU LAI VAY QUA HAN PDLD2317200524,6422,0.0,174102.0
2023-07-02,98985,THU LAI VAY QUA HAN PDLD2316600563,6422,0.0,279682.0
2023-07-02,214,Cáp dữ liệu video HDMI 1.4 truyền âm thanh,6422,0.0,690900.0
2023-07-02,214,cáp dữ liệu USB 2.0 nối dài truyền dữ liệu,6422,0.0,200000.0
2023-07-02,4578,THU PHI CK CN CTY CP DAU TU VA PT CONG NGHE QUOC GIA ADG TAI DN,6422,0.0,23000.0
2023-07-02,98988,THU LAI VAY QUA HAN PDLD2311100495,6422,0.0,1239973.0
2023-07-02,98989,THU LAI VAY QUA HAN PDLD2311400659,6422,0.0,1155172.0
2023-07-02,4579,Thuế GTGT: THU PHI CK CTY LE TRAN GIA,1331,0.0,2300.0
2023-07-02,98992,THU LAI VAY QUA HAN PDLD2312800507,6422,0.0,3612556.0
2023-07-02,98991,THU LAI VAY QUA HAN PDLD2311500655,6422,0.0,1806278.0
2023-07-02,215,Cáp dữ liệu video HDMI 1.4 truyền âm thanh,6422,0.0,690900.0
2023-07-02,215,cáp dữ liệu USB 2.0 nối dài truyền dữ liệu,6422,0.0,400000.0
2023-07-02,215,dây cáp máy in mạ vàng 3m ( 10351 ),6422,0.0,477270.0
2023-07-02,99004,THU LAI VAY QUA HAN PDLD2316500549,6422,0.0,372909.0
2023-07-02,99002,THU LAI VAY QUA HAN PDLD2314900522,6422,0.0,1083767.0
2023-07-02,99001,THU LAI VAY QUA HAN PDLD2314600430,6422,0.0,815738.0
2023-07-02,98999,THU LAI VAY QUA HAN PDLD2314500499,6422,0.0,537259.0
2023-07-02,98998,THU LAI VAY QUA HAN PDLD2314400467,6422,0.0,776627.0
2023-07-02,98997,THU LAI VAY QUA HAN PDLD2314300534,6422,0.0,909497.0
2023-07-02,98996,THU LAI VAY QUA HAN PDLD2313900450,6422,0.0,818460.0
2023-07-02,98995,THU LAI VAY QUA HAN PDLD2313500594,6422,0.0,1929804.0
2023-07-02,98994,THU LAI VAY QUA HAN PDLD2313100510,6422,0.0,578226.0
2023-07-02,98993,THU LAI VAY QUA HAN PDLD2312800516,6422,0.0,1445023.0
2023-07-02,99003,THU LAI VAY QUA HAN PDLD2315300483,6422,0.0,1097005.0
2023-07-03,665,Máy tính bàn Dell Inspiron 3020 Core i3-13100 3.4GHz/ 8GB Ram/256GB SSD/ Win 11home/ Office Home & Student 2021/ Wireless Bluetooth/ Mouse/ Keyboard/ 12mths Pre,6422,0.0,20500000.0
2023-07-03,3577,"Bộ chuyển đổi quang điện TP-Link, MC111CS",6422,0.0,305455.0
2023-07-03,3577,"Thiết bị thu phát vô tuyến 2,4/5GHz, TP-LINK, Archer T2UB Nano",6422,0.0,638182.0
2023-07-03,3577,"Thiết bị chuyển mạch TP-Link, TL-SG1024D",6422,0.0,2823636.0
2023-07-03,91268,"Máy tính xách tay Lenovo ThinkPad E15 Gen 4, i7-1255U, 8GB, 512GB SSD, Intel Iris Xe Graphics, 15.6"" FHD, 3C 45Wh, ax+BT, FP, No OS, Đen (Black), 2Y WTY_21E600CMVA",6422,0.0,17909091.0
2023-07-03,3577,"Bộ chuyển đổi quang điện TP-Link, MC112CS",6422,0.0,305455.0
2023-07-04,3638,"MÁY TÍNH XÁCH TAY HP Pavilion 15-eg2083TU (i5-1240P,8GD4,512GB SSD,15.6FHD,Wlax,BT5,3C41WHr_7C0W9PA)",6422,0.0,14081818.0
2023-07-04,1443,L805 Máy in phun màu khổ A4 Epson,6422,0.0,7181818.0
2023-07-04,671,Máy tính bàn Dell Inspiron 3020 Core i3-13100 3.4GHz/ 8GB Ram/256GB SSD/ Win 11home/ Office Home & Student 2021/ Wireless Bluetooth/ Mouse/ Keyboard/ 12mths Pre,6422,0.0,102500000.0
2023-07-04,671,Màn hình máy tính Dell 22 Monitor - E2223HN powercord/ 36mths Advanced Exchange Service,6422,0.0,4800000.0
2023-07-04,671,Màn hình máy tính Dell 22 Monitor - E2223HN powercord/ 36mths Advanced Exchange Service,6422,0.0,24000000.0
2023-07-04,61116,"Máy tính xách tay Dell Latitude 3420, CTO Intel Core i3-1115G4 (2 Core, 6M cache, base 3.0GHz, up to 4.10), MH 14 inch HD (1366 x 768), RAM 8GB, 256GB SSD, Intel® UHD Graphics, Ubuntu",6422,0.0,82181818.0
2023-07-04,218,Bộ chuyển đổi DVI-D sang VGA active từ máy tính nối ra máy chiếu/màn hình Ugreen (40259),6422,0.0,405455.0
2023-07-04,218,Cáp dữ liệu VIDEO HDMI 1.4 truyền âm thanh hình ảnh dài 50M có chipset Ugreen (50765),6422,0.0,2410909.0
2023-07-04,218,Cáp dữ liệu VIDEO HDMI 1.4 truyền âm thanh hình ảnh dài 5M Ugreen (10109),6422,0.0,636365.0
2023-07-04,218,Bộ tuốc nơ vít gồm 38 cái/bộ chất liệu hợp kim ugreen (80459),6422,0.0,418182.0
2023-07-05,217,Bộ ghi hình DS 7208 HGHI -K1,6422,0.0,845455.0
2023-07-05,1452,L1210 Máy in phun hiệu epson,6422,0.0,2954545.0
2023-07-05,553,Máy chiếu đa năng ViewSonic PA503W,6422,0.0,10800000.0
2023-07-05,100235,THU LAI VAY LD2311100495,6422,0.0,197562.0
2023-07-05,119561,Cước dịch vụ viễn thông trả sau (Dịch vụ chịu thuế),6422,0.0,241816.0
2023-07-05,119561,Thuế GTGT: Cước dịch vụ viễn thông trả sau (Dịch vụ chịu thuế),1331,0.0,24182.0
2023-07-06,4701,TP CK CTY TH AN PHU,6422,0.0,23000.0
2023-07-06,4701,Thuế GTGT: TP CK CTY TH AN PHU,1331,0.0,2300.0
2023-07-06,4702,Thuế GTGT: TP CK CTY VINH XUAN,1331,0.0,2300.0
2023-07-06,4702,TP CK CTY VINH XUAN,6422,0.0,23000.0
2023-07-07,44461651,Thuế GTGT:  Thu Phi SMS thay doi so du thang  06/2023,1331,0.0,5455.0
2023-07-07,44461651,Thu Phi SMS thay doi so du thang  06/2023,6422,0.0,54545.0
2023-07-09,45063899,Trich thu Tien vay - Lai : 11704110 - Acct vay 399045849,6422,0.0,11704110.0
2023-07-09,4735,THU PHI CK CTY CP TG SO,6422,0.0,33734.0
2023-07-09,4735,Thuế GTGT: THU PHI CK CTY CP TG SO,1331,0.0,3373.0
2023-07-09,260238,MÀN HÌNH VI TÍNH (LCD) LENOVO ThinkVision S24e-20 23.8INCH/1920x1080/WLED/VGA/HDMI/ĐEN/3Y(62AEKAR2WW),6422,0.0,24545450.0
2023-07-09,260240,MÁY TÍNH XÁCH TAY (NB) DELL VOS15 3520 i5-1235U/8GD4/512SSD/15.6FHD/120Hz/3C41WHr/W11SL+OFFICE HOME_ST/ProSup/XÁM(5M2TT2),6422,0.0,42545454.0
2023-07-09,44972903,Trich thu Tien vay - Lai : 4389040 - Acct vay 397841389,6422,0.0,4389040.0
2023-07-09,45100081,Trich thu Tien vay - Von : 900000000 - Lai : 9152877 - Acct vay 377993869,6422,0.0,9152877.0
2023-07-09,45239351,THANH LY,6422,0.0,315616.0
2023-07-09,45078638,Trich thu Tien vay - Lai : 632877 - Acct vay 403046149,6422,0.0,632877.0
2023-07-09,221,Giá treo màn hình máy tính đa năng F80,6422,0.0,1527273.0
2023-07-09,1914,Bàn phím máy tính EK384 E-Dra,6422,0.0,671818.0
2023-07-09,1914,Bàn phím máy tính EK503 E-dra,6422,0.0,972727.0
2023-07-09,1914,Bàn phím máy tính EK701 E-Dra,6422,0.0,1431818.0
2023-07-09,1914,"Bàn phím dùng cho máy tính EK313 ,hiệu E-dra",6422,0.0,780000.0
2023-07-09,1914,Bàn phím Edra EK308RGB Plus,6422,0.0,1709091.0
2023-07-09,221,Cáp dữ liệu VIDEO HDMI 1.4 truyền âm thanh hình ảnh dài 1.5M Ugreen (60820),6422,0.0,340909.0
2023-07-09,221,Cáp dữ liệu VIDEO HDMI 1.4 truyền âm thanh hình ảnh dài 30M có chipset Ugreen (10114),6422,0.0,1127273.0
2023-07-09,221,Cáp dữ liệu VIDEO HDMI 1.4 truyền âm thanh hình ảnh dài 5M Ugreen (10109),6422,0.0,613636.0
2023-07-09,1914,"Bàn phím EK384 Triple Mode (Beta), hiệu E-Dra",6422,0.0,671818.0
2023-07-10,12174,"ổ cứng lắp trong Western Digital 4TB 3.5"" Sata 3, màu xanh(Blue)(WD40EZAX)",6422,0.0,5863636.0
2023-07-10,12174,"ổ cứng lắp trong Western Digital 4TB 3.5"" Sata3, màu tím(Purple) (WD43PURZ)",6422,0.0,3945455.0
2023-07-11,12176,"Máy tính xách tay MSI Alpha 17 B5EEK-031VN/Ryzen 7 5800H/512GB SSD/8GB/RX6600M 8GB/17.3""FHD/144Hz/WIN 11/màu đen, ba lô",6422,0.0,23172727.0
2023-07-11,5296,MÁY QUÉT ẢNH HOẶC TÀI LIỆU HP SCAN JET PRO 2000 S2 SCANNER (6FW06A) (s/n:CN34HB20NW),6422,0.0,6436364.0
2023-07-12,265234,MÁY TÍNH ĐỂ BÀN (PC) DELL INS 3020 i7-13700(16*2.1)/16GD4/512GSSD/WLn/SD/BTKB/M/W11SL+OFFICE/Pro/ĐEN(4VGWP7),6422,0.0,18545454.0
2023-07-12,265235,MÀN HÌNH VI TÍNH (LCD) LENOVO ThinkVision S27e-20 27.0INCH/1920x1080/IPS/WLED/VGA/HDMI/ĐEN/3Y(62AFKAR2WW),6422,0.0,3430000.0
2023-07-12,4831,Thuế GTGT: THU PHI CK CTY TIN HOC VIET SON,1331,0.0,2300.0
2023-07-12,104717,THU LAI VAY LD2311400659,6422,0.0,269463.0
2023-07-12,4831,THU PHI CK CTY TIN HOC VIET SON,6422,0.0,23000.0
2023-07-13,4874,Thuế GTGT: THU PHI CK CTY VIEN SON,1331,0.0,2300.0
2023-07-13,4874,THU PHI CK CTY VIEN SON,6422,0.0,23000.0
2023-07-13,105178,THU LAI VAY LD2311500655,6422,0.0,722944.0
2023-07-13,4873,THU PHI CK CTY DT VA PT CN QG ADG TAI DA NANG,6422,0.0,23000.0
2023-07-13,4873,Thuế GTGT: THU PHI CK CTY DT VA PT CN QG ADG TAI DA NANG,1331,0.0,2300.0
2023-07-16,33354,"Máy tính xách tay Dell Vostro 3430 (i7-1355U, 16GB, 512GB SSD, 14.0"" FHD, NV-MX550/2GB, Win11,Office HS 21, Xám, P152G008)(V3430-i7U165W11GRD2)",6422,0.0,21363636.0
2023-07-16,4908,TP CK CTY NGUYEN KIM,6422,0.0,15000.0
2023-07-16,589,Máy chiếu đa năng ViewSonic PA503W,6422,0.0,10800000.0
2023-07-16,4909,Thuế GTGT: TP CL CTY VINH XUAN,1331,0.0,2300.0
2023-07-16,4909,TP CL CTY VINH XUAN,6422,0.0,23000.0
2023-07-16,4908,Thuế GTGT: TP CK CTY NGUYEN KIM,1331,0.0,1500.0
2023-07-17,16,Phần mềm Win Pro 11 64Bit Eng Intl 1pk DSP OEI DVD (FQC-10528),6422,0.0,2650000.0
2023-07-17,235,Tủ Rack 6U­D400,6422,0.0,1272727.0
2023-07-17,235,Cáp dữ liệu VIDEO DVI 24+1 male sang HDMI female truyền hình ảnh dài 25cm Ugreen (20118),6422,0.0,161818.0
2023-07-17,66798,"Máy tính xách tay Asus model B1400CBA-EB0641W 14"" IPS/ I5-1235U/ 8GB/ 512GB/ Win 11/ LED KB/ 2Y PUR",6422,0.0,26909091.0
2023-07-18,46221,Bộ nhớ máy vi tính Kingmax 16GB DDR4-3200 (KM-LD4-3200-16GS),6422,0.0,2490909.0
2023-07-18,46221,Ổ đĩa cứng máy tính Kingmax SMQ32 240GB  (Sata 3),6422,0.0,8036364.0
2023-07-18,46484,Máy scan tài liệu Brother ADS-3100,6422,0.0,17727273.0
2023-07-18,99823,"USB hỗ trợ kết nối bluetooth, hiệu TP-LINK_UB500",6422,0.0,445455.0
2023-07-18,99823,Thiết bị chuyển mạch TP-LINK_TL-SG1024D,6422,0.0,2763636.0
2023-07-18,99823,Thiết bị chuyển mạch TP-LINK_TL-SF1008D,6422,0.0,677275.0
2023-07-19,100154,"USB hỗ trợ kết nối bluetooth, hiệu TP-LINK_UB500",6422,0.0,445455.0
2023-07-19,100154,Thiết bị chuyển mạch TP-LINK_TL-SF1008D,6422,0.0,677275.0
2023-07-19,100154,Thiết bị chuyển mạch TP-LINK_TL-SF1005D,6422,0.0,554545.0
2023-07-19,100154,Thiết bị chuyển mạch TP-LINK_TL-SG1024D,6422,0.0,2763636.0
2023-07-19,4998,Thuế GTGT: TP CK CTY TH VIEN SON,1331,0.0,2300.0
2023-07-19,4998,TP CK CTY TH VIEN SON,6422,0.0,23000.0
2023-07-19,4997,Thuế GTGT: TP CK CTY QG ADG TAI DN,1331,0.0,2300.0
2023-07-19,4997,TP CK CTY QG ADG TAI DN,6422,0.0,23000.0
2023-07-19,108206,THU LAI VAY LD2312800507,6422,0.0,2050800.0
2023-07-20,5401,"Thanh phân phối cổng mạng cat 6, 24 Port, loại 1402-04011, hiệu Dintek",6422,0.0,4254546.0
2023-07-20,2911,MÀN HÌNH VI TÍNH (LCD) LENOVO ThinkVision S27e-20 27.0INCH/1920x1080/IPS/WLED/VGA/HDMI/ĐEN/3Y(62AFKAR2WW),6422,0.0,13636365.0
2023-07-20,277360,MÁY TÍNH ĐỂ BÀN (PC) HP AIO 22-dd2005d i3-1215U/4GD4/256GSSD/21.5FHD/Wlac/BT5/KB/M /W11SL/TRẮNG(6K7G4PA),6422,0.0,12181818.0
2023-07-23,1367,Trục từ 26A,6422,0.0,181820.0
2023-07-23,3823,Thiết bị truyền hình ảnh Webcam Logitech HD C270 (960-000584),6422,0.0,1590909.0
2023-07-23,3823,"Bộ bàn phím + chuột không dây Logitech MK240 Nano, màu đen (920-008202)",6422,0.0,1145455.0
2023-07-23,3823,Bàn phím Logitech Gaming G413 TKL SE (920-010448),6422,0.0,2163636.0
2023-07-23,3823,"Chuột bluetooth Logitech M650L, màu đen (910-006247)",6422,0.0,1000000.0
2023-07-23,3823,Thiết bị truyền hình ảnh Webcam Logitech C310 (960-000588),6422,0.0,909091.0
2023-07-23,3823,Bộ bàn phím + chuột không dây Logitech MK220 (920-003235),6422,0.0,940909.0
2023-07-23,5056,THU PHI CK CTY VIEN SON,6422,0.0,23000.0
2023-07-23,34793,"Máy tính xách tay Dell Vostro 3430 (i7-1355U, 16GB, 512GB SSD, 14.0"" FHD, NV-MX550/2GB, Win11,Office HS 21, Xám, P152G008)(V3430-i7U165W11GRD2)",6422,0.0,21363636.0
2023-07-23,48038030,Thu phi dich vu chuyen tien nhanh 180000 VND_920518,642,0.0,163636.0
2023-07-23,48038030,Thuế GTGT: Thu phi dich vu chuyen tien nhanh 180000 VND_920518,1331,0.0,16364.0
2023-07-23,48034953,Thu phi dich vu chuyen tien nhanh 180000 VND_920357,642,0.0,163636.0
2023-07-23,5056,Thuế GTGT: THU PHI CK CTY VIEN SON,1331,0.0,2300.0
2023-07-23,48032848,THANH LY,6422,0.0,2658082.0
2023-07-23,5059,THU PHI CK CTY NGUYEN KIM,6422,0.0,15000.0
2023-07-23,5059,Thuế GTGT: THU PHI CK CTY NGUYEN KIM,1331,0.0,1500.0
2023-07-23,5058,THU PHI CK CTY PHUONG VIET,6422,0.0,23000.0
2023-07-23,5058,Thuế GTGT: THU PHI CK CTY PHUONG VIET,1331,0.0,2300.0
2023-07-23,5057,THU PHI CK CTY PHUONG KHANG COMPUTER,6422,0.0,23000.0
2023-07-23,5057,Thuế GTGT: THU PHI CK CTY PHUONG KHANG COMPUTER,1331,0.0,2300.0
2023-07-23,48034953,Thuế GTGT: Thu phi dich vu chuyen tien nhanh 180000 VND_920357,1331,0.0,16364.0
2023-07-24,5092,Thuế GTGT: TP CK CTY PHAN PHOI SYNNEX FPT,1331,0.0,2300.0
2023-07-24,5091,Thuế GTGT: TP CK CTY KY THUAT DIEP KHANH,1331,0.0,2300.0
2023-07-24,5091,TP CK CTY KY THUAT DIEP KHANH,6422,0.0,23000.0
2023-07-24,110801,THU LAI VAY LD2312800516,6422,0.0,1005460.0
2023-07-24,5092,TP CK CTY PHAN PHOI SYNNEX FPT,6422,0.0,23000.0
2023-07-24,16524,Bảng mạch chính của máy vi tính hiệu ASUS PRIME H510M - K R2.0-CSM-SI,6422,0.0,20250000.0
2023-07-24,238,Máy đếm tiền XD BC - 35,6422,0.0,3700000.0
2023-07-24,16524,Bảng mạch chính của máy vi tính hiệu ASUS PRIME  H610M - E D4,6422,0.0,8954545.0
2023-07-25,241,Máy đếm tiền XD BC - 35,6422,0.0,3700000.0
2023-07-25,242,Túi Xách TUCANO Svolta 15.6' (Blue),6422,0.0,879630.0
2023-07-25,48517,Bộ nhớ máy tính xách tay Kingmax 16GB DDR4-3200,6422,0.0,3113636.0
2023-07-25,48517,Bộ nhớ máy tính xách tay Kingmax 8GB DDR4-3200,6422,0.0,4254545.0
2023-07-25,48517,Bộ nhớ máy vi tính Kingmax 8GB DDR4-3200 (KM-LD4-3200-8GS),6422,0.0,1772727.0
2023-07-25,48517,Mạch chính vi tính Gigabyte H610M H V2 DDR4,6422,0.0,8318183.0
2023-07-25,741,"Máy tính xách tay Lenovo V14 G4 IRU - Intel Core i7-1355U (5.00GHz) - 8GB RAM - 512GB SSD - WF+BL - 14"" FHD - NOS -2YR Premium NBD,P/n 83A0000NVN",6422,0.0,29747273.0
2023-07-25,48517,Bộ nhớ máy tính xách tay Kingmax 4GB DDR4-2400,6422,0.0,481818.0
2023-07-26,747,"Máy tính xách tay Lenovo V15 G4 IRU - Intel Core i3-1315U (4.50 GHz) - 8GB RAM - 512GB SSD - WF+BL - 15.6FHD 60Hz - NOS - 2YR Premium NBD,P/n 83A10007VN",6422,0.0,20000000.0
2023-07-26,3622,Bộ lưu điện Santak - Mã hàng TG1000,6422,0.0,4054545.0
2023-07-26,3622,Bộ lưu điện Santak - Mã hàng TG500,6422,0.0,5290909.0
2023-07-26,5165,Thuế GTGT: THU PHI CK CTY LE TRAN GIA,1331,0.0,2300.0
2023-07-26,5165,THU PHI CK CTY LE TRAN GIA,6422,0.0,23000.0
2023-07-26,5164,Thuế GTGT: THU PHI CK CTY DAI PHAT,1331,0.0,2300.0
2023-07-26,5164,THU PHI CK CTY DAI PHAT,6422,0.0,23000.0
2023-07-26,112711,THU LAI VAY LD2313100510,6422,0.0,453250.0
2023-07-26,4158,"Bộ định tuyến TP-Link, 2.4GHz/5GHz W-CDMA FDD/E-UTRA FDD, Archer MR200",6422,0.0,3354545.0
2023-07-26,4158,"Thiết bị thu phát vô tuyến TP-LINK, 2,4 GHz/ W-CDMA FDD/ E-UTRA FDD, TL-MR6400",6422,0.0,5836364.0
2023-07-26,4158,"Thiết bị định tuyến băng tần 2,4 GHz, W-CDMA FDD/E-UTRA FDD, TP-LINK, TL-MR100",6422,0.0,1696364.0
2023-07-27,13332,"ổ cứng Western SSD 240GB Sata3, màu xanh - green (WDS240G3G0A)",6422,0.0,6181818.0
2023-07-27,112762,"Thuế GTGT: PHI T07/2023-040019911911-ALERT,IB,OTP,QLTK",1331,0.0,12500.0
2023-07-27,112762,"PHI T07/2023-040019911911-ALERT,IB,OTP,QLTK",6422,0.0,125000.0
2023-07-27,3899,"ổ cứng lắp trong Western Digital 1TB 3.5"" Sata, màu xanh (Blue) (WD10EZEX)",6422,0.0,16000000.0
2023-07-27,247,Camera DH - HAC - HFW 1200DP - S5,6422,0.0,1000000.0
2023-07-27,48729416,Thu phi Phat hanh Bao lanh thanh toan- So BLTT.GIL.28885.280723,6422,0.0,1500000.0
2023-07-30,49185081,"Thuế GTGT: 608_16598291_Thu phi chuyen tien ngoai he thong_4,000,000,000 VND * 0.02%,Min 100,000/Max 1,000,000/Phi CD 0.",1331,0.0,72727.0
2023-07-30,49185081,"608_16598291_Thu phi chuyen tien ngoai he thong_4,000,000,000 VND * 0.02%,Min 100,000/Max 1,000,000/Phi CD 0.",6422,0.0,727273.0
2023-07-30,5235,Thuế GTGT: THU PHI CK CTY ADG+CTY VIEN SON,1331,0.0,4600.0
2023-07-30,5235,THU PHI CK CTY ADG+CTY VIEN SON,6422,0.0,46000.0
2023-07-30,2698,Dịch vụ SMS Brandname CSKH,6422,0.0,214873.0
2023-07-30,642,Máy chiếu đa năng ViewSonic PS501X,6422,0.0,12500000.0
2023-07-30,3950,"Máy tính xách tay MSI Cyborg 15 A12VE-412VN/i5-12450H/512GB SSD/DDR5 8GB/RTX 4050,GDDR6 6GB/15.6"" FHD 144Hz/Win11/màu đen,ba lô",6422,0.0,20445455.0
2023-07-30,46165,Thuế GTGT: Không có tên,1331,0.0,12000.0
2023-07-30,46165,Không có tên,6422,0.0,120000.0
2023-07-30,26529,Phí dịch vụ thanh toán trên vimo.vn tháng 07/2023 theo hợp đồng số ĐL00424/08062022,6422,0.0,389675.0
2023-07-30,758,"Máy tính xách tay Lenovo V14 G4 IRU - Intel Core i7-1355U (5.00 GHz) - 8GB RAM - 512GB SSD - WF+BL - 14"" FHD - NOS - 2YR Premium NBD,P/n 83A0000NVN",6422,0.0,14873636.0
2023-07-30,2698,Thuế GTGT: Dịch vụ SMS Brandname CSKH,1331,0.0,21487.0
2023-07-30,3949,ổ cứng 1000GB Kingston SSD NV2 M.2 2280 NVMe (SNV2S/1000G),6422,0.0,2036364.0
2023-07-30,3949,Cạc màn hình Asus GT730-SL-2GD5-BRK,6422,0.0,4618182.0
2023-07-30,50286,"Máy tính xách tay Dell Inspiron 15 3520 (i5-1235U, 8GB, 512GB SSD, 15.6"" FHD, UMA, Win11, Office HS 21, Đen, P112F007) (N3520-i5U085W11BLU)",6422,0.0,40909091.0
2023-07-31,6102,CHIP VI XỬ LÝ INTEL CORE I5 - 10400F 2.90 GHZ + QUẠT,6422,0.0,4454545.0
2023-07-31,6102,Bộ vi xử lý vi tính Intel Core i3-12100 (BX8071512100SRL62) + Quạt,6422,0.0,5254545.0
2023-07-31,6102,Chíp vi xử lý INTEL CORE I3-12100F - 3.30GHZ + Quạt,6422,0.0,4181818.0
2023-07-31,415279,Cước dịch vụ Viễn thông-Công nghệ thông tin tháng 07 năm 2023,6422,0.0,213636.0
2023-07-31,415279,Thuế GTGT: Cước dịch vụ Viễn thông-Công nghệ thông tin tháng 07 năm 2023,1331,0.0,21364.0
2023-07-31,49414573,THANH LY,6422,0.0,8583014.0
2023-07-31,49415554,THANH LY,6422,0.0,3218630.0
2023-07-31,49414943,THANH LY,6422,0.0,1518904.0
2023-07-31,6102,"Bộ Vi xử lý Intel Core i3-10105 Processor 3.70GHz 6M Cache, Sockets FCLGA1200-BX8070110105",6422,0.0,4545455.0
2023-07-31,763,"Máy tính xách tay Lenovo ThinkPad E15 Gen 4-I5-1235U(4.4G)-8Gb RAM - 512GB SSD - WF+BL,Fingerprint -15.6'' FHD - Dos - 2Yrs; P/N 21E600CFVA",6422,0.0,74545455.0
2023-07-31,6102,CHÍP VI XỬ LÝ INTEL PENTIUM G6405 - 4.1GHZ + QUẠT,6422,0.0,2963636.0
2023-07-31,415467,Cước dịch vụ Viễn thông-Công nghệ thông tin tháng 07 năm 2023,6422,0.0,22800.0
2023-07-31,415467,Thuế GTGT: Cước dịch vụ Viễn thông-Công nghệ thông tin tháng 07 năm 2023,1331,0.0,2280.0
2023-07-31,5275,THU PHI CK CTY PHUONG KHANG COMPUTER,6422,0.0,23000.0
2023-07-31,415558,Cước dịch vụ Viễn thông-Công nghệ thông tin tháng 07 năm 2023,6422,0.0,274000.0
2023-07-31,415558,Thuế GTGT: Cước dịch vụ Viễn thông-Công nghệ thông tin tháng 07 năm 2023,1331,0.0,27400.0
2023-07-31,5275,Thuế GTGT: THU PHI CK CTY PHUONG KHANG COMPUTER,1331,0.0,2300.0
2023-07-31,415516,Cước dịch vụ Viễn thông-Công nghệ thông tin tháng 07 năm 2023,6422,0.0,20000.0
2023-07-31,415516,Thuế GTGT: Cước dịch vụ Viễn thông-Công nghệ thông tin tháng 07 năm 2023,1331,0.0,2000.0
2023-07-31,415468,Cước dịch vụ Viễn thông-Công nghệ thông tin tháng 07 năm 2023,6422,0.0,24545.0
2023-07-31,415468,Thuế GTGT: Cước dịch vụ Viễn thông-Công nghệ thông tin tháng 07 năm 2023,1331,0.0,2455.0
2023-08-01,444832,Cước dịch vụ Viễn thông-Công nghệ thông tin tháng 07 năm 2023,6422,0.0,249636.0
2023-08-01,127,Giấy nhiệt - Khổ 57x45mm,6422,0.0,860000.0
2023-08-01,114640,THU LAI VAY QUA HAN PDLD2320800425,6422,0.0,39454.0
2023-08-01,114639,THU LAI VAY QUA HAN PDLD2319800504,6422,0.0,128544.0
2023-08-01,114638,THU LAI VAY QUA HAN PDLD2319500514,6422,0.0,358826.0
2023-08-01,444832,Thuế GTGT: Cước dịch vụ Viễn thông-Công nghệ thông tin tháng 07 năm 2023,1331,0.0,24964.0
2023-08-01,114697,THU LAI VAY LD2313500594,6422,0.0,11381.0
2023-08-01,17275,CARD VGA của máy vi tính hiêu ASUS TUF  - GTX1650 - O4GD6 - GAMING,6422,0.0,9681819.0
2023-08-01,114637,THU LAI VAY QUA HAN PDLD2319400601,6422,0.0,305069.0
2023-08-01,114634,THU LAI VAY QUA HAN PDLD2318400577,6422,0.0,998072.0
2023-08-01,114635,THU LAI VAY QUA HAN PDLD2318800574,6422,0.0,310390.0
2023-08-01,465702,Cước dịch vụ Viễn thông-Công nghệ thông tin tháng 07 năm 2023,6422,0.0,491260.0
2023-08-01,465702,Thuế GTGT: Cước dịch vụ Viễn thông-Công nghệ thông tin tháng 07 năm 2023,1331,0.0,49126.0
2023-08-01,49192990,Không có tên,6422,0.0,350000.0
2023-08-01,49192990,Thuế GTGT: Không có tên,1331,0.0,35000.0
2023-08-01,465703,Cước dịch vụ Viễn thông-Công nghệ thông tin tháng 07 năm 2023,6422,0.0,234626.0
2023-08-01,114636,THU LAI VAY QUA HAN PDLD2319100675,6422,0.0,559451.0
2023-08-01,465797,Cước dịch vụ Viễn thông-Công nghệ thông tin tháng 07 năm 2023,6422,0.0,410215.0
2023-08-01,465797,Thuế GTGT: Cước dịch vụ Viễn thông-Công nghệ thông tin tháng 07 năm 2023,1331,0.0,41022.0
2023-08-01,114621,THU LAI VAY QUA HAN PDLD2313500594,6422,0.0,1244246.0
2023-08-01,114622,THU LAI VAY QUA HAN PDLD2313900450,6422,0.0,818236.0
2023-08-01,465703,Thuế GTGT: Cước dịch vụ Viễn thông-Công nghệ thông tin tháng 07 năm 2023,1331,0.0,23463.0
2023-08-01,114624,THU LAI VAY QUA HAN PDLD2314400467,6422,0.0,776415.0
2023-08-01,114625,THU LAI VAY QUA HAN PDLD2314500499,6422,0.0,537112.0
2023-08-01,114626,THU LAI VAY QUA HAN PDLD2314600430,6422,0.0,722314.0
2023-08-01,114627,THU LAI VAY QUA HAN PDLD2314900522,6422,0.0,1083471.0
2023-08-01,114628,THU LAI VAY QUA HAN PDLD2315300483,6422,0.0,1214208.0
2023-08-01,114629,THU LAI VAY QUA HAN PDLD2316500549,6422,0.0,722314.0
2023-08-01,114630,THU LAI VAY QUA HAN PDLD2316600563,6422,0.0,577850.0
2023-08-01,114631,THU LAI VAY QUA HAN PDLD2317100469,6422,0.0,928028.0
2023-08-01,114632,THU LAI VAY QUA HAN PDLD2317200524,6422,0.0,599520.0
2023-08-01,114633,THU LAI VAY QUA HAN PDLD2317300516,6422,0.0,602770.0
2023-08-01,114623,THU LAI VAY QUA HAN PDLD2314300534,6422,0.0,909248.0
2023-08-02,5468,"Bộ điều khiển Gamepad hiệu Rapoo, V600S Wireless Vibration Gamepad Space Grey",6422,0.0,1081818.0
2023-08-02,5468,"Bộ điều khiển Gamepad hiệu Rapoo, V600S Wireless Vibration Gamepad Sierra Blue",6422,0.0,1081818.0
2023-08-02,5468,"Bộ điều khiển Gamepad hiệu Rapoo, V600S Wireless Vibration Gamepad Starry Silver",6422,0.0,1081818.0
2023-08-02,5468,Bộ điều khiển Gamepad V600 E-sports vibration gamepad BLACK,6422,0.0,1418182.0
2023-08-02,301301,Chiết khấu thương mại S2023-00900 26/05/2023,6422,0.0,92455636.0
2023-08-02,5467,"Chuột vi tính hiệu Rapoo mới 100%. Item no: 18823, Model: M20, Wireless Optical Mouse BLACK",6422,0.0,37636364.0
2023-08-02,301301,MÁY TÍNH XÁCH TAY (NB) LENOVO V14 G3 IAP i3-1215U/8GD4/256GSSD/14.0FHD/IPS/WL/BT/2C38/NoOS/ĐEN(82TS0060VN),6422,0.0,94149090.0
2023-08-02,301301,MÀN HÌNH VI TÍNH (LCD) LENOVO ThinkVision S24e-20 23.8INCH/1920x1080/WLED/VGA/HDMI/ĐEN/3Y(62AEKAR2WW),6422,0.0,12272725.0
2023-08-02,301301,MÀN HÌNH VI TÍNH (LCD) LENOVO ThinkVision S27e-20 27.0INCH/1920x1080/IPS/WLED/VGA/HDMI/ĐEN/3Y(62AFKAR2WW),6422,0.0,13636365.0
2023-08-03,667,Máy chiếu đa năng ViewSonic LS500WHE,6422,0.0,13500000.0
2023-08-03,6277,"Bộ Vi xử lý Intel Core i3-10105 Processor 3.70GHz 6M Cache, Sockets FCLGA1200-BX8070110105",6422,0.0,4818182.0
2023-08-03,6277,Bộ vi xử lý vi tính Intel Core I5-10400 + Quạt,6422,0.0,5727273.0
2023-08-03,6277,BỘ VI XỬ LÝ VI TÍNH INTEL CORE I7-11700F + QUẠT,6422,0.0,5227273.0
2023-08-03,5369,Thuế GTGT: THU PHI CK CTY VIEN SON,1331,0.0,2800.0
2023-08-03,5369,THU PHI CK CTY VIEN SON,6422,0.0,28000.0
2023-08-04,4666,Thẻ nhớ Patriot 64GB MicroSDXC V30 P/N PEF64GEP31MCX,6422,0.0,5909091.0
2023-08-04,1463,Máy in hóa đơn XP-T80L,6422,0.0,6818182.0
2023-08-04,1463,Máy in tem nhãn XP-D464B USB+WIFI,6422,0.0,1227273.0
2023-08-04,1463,Máy in mã vạch XP-TT426B,6422,0.0,2318182.0
2023-08-04,76,Đầu dò khói kèm đế,6422,0.0,3037037.0
2023-08-04,76,Nút ấn khẩn,6422,0.0,289814.82
2023-08-04,76,Bình ắc quy Globe WP7.5-12,6422,0.0,347222.0
2023-08-04,76,Chuông 12V,6422,0.0,289814.82
2023-08-06,7474,Phần mềm diệt virus Bkav Pro Internet Security Al,642,0.0,3700000.0
2023-08-06,1059,MÁY IN LASER ĐƠN NĂNG TRẮNG ĐEN - CANON PRINTER I-SENSYS LBP236DW,6422,0.0,4681818.0
2023-08-06,1059,MÁY IN LASER ĐƠN NĂNG CANON I-SENSYS LBP226DW (3516C007AAME),6422,0.0,4909091.0
2023-08-06,4717,Thẻ nhớ Patriot 64GB MicroSDXC V30 P/N PEF64GEP31MCX,6422,0.0,5909091.0
2023-08-06,1700,Mực nạp đổ XP 17A,6422,0.0,545455.0
2023-08-06,1700,"Hộp mực (cartridge) đã có mực in dùng cho máy in laser, loại 2612A/C-P303/FX9/FX10, hiệu LPT",6422,0.0,636363.0
2023-08-06,1700,"Hộp mực (cartridge) đã có mực in dùng cho máy in laser, loại LH2612A (HP1010/1012/3050/FX9) , hiệu Maetone",6422,0.0,1090909.0
2023-08-06,1700,"Hộp mực (Cartridge) đã có mực in dùng cho máy in laser, loại LH2612A ( HP1010/1012/CN2900), hiệu Premium",6422,0.0,818182.0
2023-08-06,437484,Thuế GTGT: Cước dịch vụ viễn thông trả sau (Dịch vụ chịu thuế),1331,0.0,24545.0
2023-08-06,437484,Cước dịch vụ viễn thông trả sau (Dịch vụ chịu thuế),6422,0.0,245451.0
2023-08-07,265026,DO 0.001S-V,6422,0.0,454545.0
2023-08-07,786,"Màn hình máy tính Lenovo H20215FE0 - ""E22-28 (H20215FE0) 21.5 inch Monitor-HDMI, Linecord, 3YR WTYWarrantyCode: 3years limited"", P/N:62B9MAR4WW",6422,0.0,42381818.0
2023-08-08,4800,Thẻ nhớ Patriot 64GB MicroSDXC V30 P/N PEF64GEP31MCX,6422,0.0,5909091.0
2023-08-08,6462,CHIP VI XỬ LÝ INTEL CORE I5 - 10400F 2.90 GHZ + QUẠT,6422,0.0,4454545.0
2023-08-08,6462,"Bộ Vi xử lý Intel Core i3-10105 Processor 3.70GHz 6M Cache, Sockets FCLGA1200-BX8070110105",6422,0.0,7227273.0
2023-08-08,308876,MÁY TÍNH ĐỂ BÀN (PC) LENOVO ThinkCentre neo 50s Gen 3 i5-12400(6*2.5)/4GD4/256GSSD/WL/BT/KB/M/NoOS/ĐEN(11T000AXVA),6422,0.0,19620000.0
2023-08-08,6462,CHÍP VI XỬ LÝ INTEL PENTIUM G6405 - 4.1GHZ + QUẠT,6422,0.0,1481818.0
2023-08-09,114012,Card đồ hoạ ASUS TUF-GTX1650-O4GD6-GAMING_90YV0EH0-M0NA00,6422,0.0,12909092.0
2023-08-09,5495,Thuế GTGT: TP CK CTY QG ADG TAI DN,1331,0.0,2300.0
2023-08-09,5495,TP CK CTY QG ADG TAI DN,6422,0.0,23000.0
2023-08-09,116884,THU LAI VAY LD2313900450,6422,0.0,127644.0
2023-08-10,312380,MÁY TÍNH XÁCH TAY (NB) LENOVO V14 G3 IAP i3-1215U/8GD4/256GSSD/14.0FHD/IPS/WL/BT/2C38/NoOS/ĐEN(82TS0060VN),6422,0.0,18829818.0
2023-08-10,312379,MÁY TÍNH XÁCH TAY (NB) LENOVO V14 G3 IAP i3-1215U/8GD4/256GSSD/14.0FHD/IPS/WL/BT/2C38/NoOS/ĐEN(82TS0060VN),6422,0.0,28244727.0
2023-08-10,51202426,Trich thu Tien vay - Lai : 6729589 - Phat : 1844 - Acct vay 405331329,6422,0.0,6731433.0
2023-08-11,51973278,Thuế GTGT:  Thu Phi SMS thay doi so du thang  07/2023,1331,0.0,5455.0
2023-08-11,51973278,Thu Phi SMS thay doi so du thang  07/2023,6422,0.0,54545.0
2023-08-11,313055,MÁY TÍNH XÁCH TAY (NB) LENOVO V14 G3 IAP i3-1215U/8GD4/256GSSD/14.0FHD/IPS/WL/BT/2C38/NoOS/ĐEN(82TS0060VN),6422,0.0,47074545.0
2023-08-11,18329,Bảng mạch chính của máy vi tính hiệu ASUS TUF GAMING  B660 -  PLUS WIFI D4,6422,0.0,6727272.0
2023-08-11,18329,Bảng mạch chính của máy vi tính hiệu ASUS PRIME H510M - K R2.0-CSM-SI,6422,0.0,13500000.0
2023-08-13,1675,ổ cứng gắn ngoài 1TB SSD ESD310C USB 10Gbps Type C/A Transcend,6422,0.0,3000000.0
2023-08-13,1675,ổ cứng gắn ngoài 512GB SSD ESD310S USB 10Gbps Type C/A Transcend,6422,0.0,1927272.0
2023-08-13,1675,ổ cứng gắn ngoài 1TB SSD ESD310S USB 10Gbps Type C/A Transcend,6422,0.0,3000000.0
2023-08-13,7672,Trống Mực HP CF232A,6422,0.0,2090909.09
2023-08-13,57088,Bộ nhớ máy tính xách tay Kingmax 8GB DDR5-4800 (KM-SD5-4800-08GS),6422,0.0,536364.0
2023-08-13,57088,Ổ đĩa cứng máy tính Kingmax SMQ32 240GB  (Sata 3),6422,0.0,8454545.0
2023-08-13,5564,THU PHI CK CTY THE GIOI SO,6422,0.0,23000.0
2023-08-13,5564,Thuế GTGT: THU PHI CK CTY THE GIOI SO,1331,0.0,2300.0
2023-08-13,120282,THU LAI VAY LD2314400467,6422,0.0,350447.0
2023-08-13,5563,Thuế GTGT: THU PHI CK CTY VIEN SON,1331,0.0,4000.0
2023-08-13,120281,THU LAI VAY LD2314300534,6422,0.0,301221.0
2023-08-13,4834,"Thiết bị định tuyến có thu phát vô tuyến TP-Link ,2.4/5 GHz,Archer C58HP",6422,0.0,4540909.0
2023-08-13,154329,Thiết bị định tuyến 2G/3G/4G băng tần 2.4 GHz TP-LINK_TL-MR100,6422,0.0,1709090.0
2023-08-13,154329,Thiết bị thu phát vô tuyến TP-LINK_TL-WA850RE,6422,0.0,1527272.0
2023-08-13,115328,"Thiết bị đầu cuối GSM/ W-CDMA FDD/E-UTRA FDD, 2,4 GHz TP-LINK_M7350",6422,0.0,4800000.0
2023-08-13,115328,"Thiết bị đầu cuối GSM/ W-CDMA FDD/E-UTRA FDD, 2,4 GHz, TP-LINK_M7000",6422,0.0,2209092.0
2023-08-13,1675,ổ cứng gắn ngoài 512GB SSD ESD310C USB 10Gbps Type C/A Transcend,6422,0.0,1927272.0
2023-08-13,5563,THU PHI CK CTY VIEN SON,6422,0.0,40000.0
2023-08-13,1675,ổ cứng di động 128GB U301 USB 3.2 Gen 1 Kioxia - Đen,6422,0.0,1545455.0
2023-08-13,141,Màn chiếu chân P84TS,6422,0.0,1588888.0
2023-08-13,1675,ổ cứng di động 128GB U301 USB 3.2 Gen 1 Kioxia - Trắng,6422,0.0,1545455.0
2023-08-13,1675,ổ cứng di động 128GB U301 USB 3.2 Gen 1 Kioxia - Xanh nhạt,6422,0.0,1545455.0
2023-08-13,1758,Trống nhãn hiệu Hanp loại DMHP1010PG11-1-100/DMHP1010(Canon2900/12A),6422,0.0,581818.0
2023-08-13,1757,S015639 Ruy băng máy in kim Epson,6422,0.0,388889.0
2023-08-13,1529,Mực laser đen Brother 2240,6422,0.0,1361500.0
2023-08-13,1529,"Hộp mực in, tương thích HP 1000a/1200w - W1104A,Hàng mới 100%",6422,0.0,127270.0
2023-08-13,1529,Hộp mực in epson EPU-M0001L( 1 Liter/bot),6422,0.0,127270.0
2023-08-13,1529,Hộp mực in epson EPU-K0001L( 1 Liter/bot),6422,0.0,127270.0
2023-08-13,1529,Trống máy in brother HL2240/dr420/2200/Xerox 235,6422,0.0,772730.0
2023-08-13,141,Màn chiếu chân P70TS,6422,0.0,1181482.0
2023-08-13,141,Màn chiếu điện AP96ES,6422,0.0,1222222.0
2023-08-13,1529,Hộp mực in epson EPU-LC0001L( 1 Liter/bot),6422,0.0,127270.0
2023-08-14,810,"Máy tính xách tay Lenovo V15 G4 IRU - Intel Core i3-1315U (4.50 GHz) - 8GB RAM - 512GB SSD - WF+BL - 15.6FHD 60Hz - NOS - 2YR Premium NBD,P/n 83A10007VN",6422,0.0,100000000.0
2023-08-14,5595,Thuế GTGT: TP CK CTY VIET SON,1331,0.0,2300.0
2023-08-14,120808,THU LAI VAY LD2314500499,6422,0.0,251870.0
2023-08-14,5597,TP CK CTY CN QUOC GIA ADG,6422,0.0,23000.0
2023-08-14,5597,Thuế GTGT: TP CK CTY CN QUOC GIA ADG,1331,0.0,2300.0
2023-08-14,5598,TP CK CTY VINH XUAN,6422,0.0,23000.0
2023-08-14,5598,Thuế GTGT: TP CK CTY VINH XUAN,1331,0.0,2300.0
2023-08-14,5595,TP CK CTY VIET SON,6422,0.0,23000.0
2023-08-14,316423,CHUỘT VI TÍNH (MOUSE) LOGITECH M331 WIRELESS/OPTICAL/ĐỎ (RED)(910-004916),6422,0.0,514546.0
2023-08-14,316423,CHUỘT VI TÍNH (MOUSE) LOGITECH G102 GEN2 LIGHTSYNC GAMING - ĐEN (BLACK)(910-005802),6422,0.0,5163632.0
2023-08-14,316423,"Ổ CỨNG DI ĐỘNG (USB) Lexar JumpDrive S60 USB 2.0, 64GB(LJDS060064G-BNBNG)",6422,0.0,2318200.0
2023-08-14,316423,CHUỘT VI TÍNH (MOUSE) LOGITECH M221 WIRELESS/OPTICAL/ĐEN (CHARCOAL)(910-004882),6422,0.0,1172724.0
2023-08-14,316423,CHUỘT VI TÍNH (MOUSE) LOGITECH M221 WIRELESS/OPTICAL/XANH DƯƠNG (BLUE)(910-004883),6422,0.0,390908.0
2023-08-14,316423,CHUỘT VI TÍNH (MOUSE) LOGITECH M221 WIRELESS/OPTICAL/ĐỎ (RED)(910-004884),6422,0.0,390908.0
2023-08-14,316423,CHUỘT VI TÍNH (MOUSE) LOGITECH M185 WIRELESS/OPTICAL/AA/XÁM (SWIFT GRAY)/NB(910-002255),6422,0.0,1047270.0
2023-08-14,316423,CHUỘT VI TÍNH (MOUSE) LOGITECH M185 WIRELESS/OPTICAL/AA/XANH DƯƠNG (BLUE)/NB(910-002502),6422,0.0,349090.0
2023-08-14,316423,CHUỘT VI TÍNH (MOUSE) LOGITECH G102 GEN2 LIGHTSYNC GAMING – TRẮNG (WHITE)(910-005803),6422,0.0,1290908.0
2023-08-14,316423,CHUỘT VI TÍNH (MOUSE) LOGITECH M331 WIRELESS/OPTICAL/ĐEN (BLACK)(910-004914),6422,0.0,1543638.0
2023-08-14,316423,CHUỘT VI TÍNH (MOUSE) LOGITECH M331 WIRELESS/OPTICAL/XANH DƯƠNG (BLUE)(910-004915),6422,0.0,514546.0
2023-08-14,316423,CHUỘT VI TÍNH (MOUSE) LOGITECH PEBBLE M350/WIRELESS/BLUETOOTH/TRẮNG (WHITE)(910-005600),6422,0.0,359091.0
2023-08-14,316423,CHUỘT VI TÍNH (MOUSE) LOGITECH PEBBLE M350/WIRELESS/BLUETOOTH/HỒNG (ROSE)(910-005601),6422,0.0,1077273.0
2023-08-14,316423,CHUỘT VI TÍNH (MOUSE) LOGITECH PEBBLE M350/WIRELESS/BLUETOOTH/ĐEN (GRAPHITE)(910-005602),6422,0.0,1436364.0
2023-08-14,316423,CHUỘT VI TÍNH (MOUSE) LOGITECH PEBBLE M350/WIRELESS/BLUETOOTH/XÁM (ALMOND MILK)(910-006665),6422,0.0,718182.0
2023-08-14,316423,CHUỘT VI TÍNH (MOUSE) LOGITECH M185 WIRELESS/OPTICAL/AA/ĐỎ (RED)/NB(910-002503),6422,0.0,349090.0
2023-08-15,58072,"Máy tính xách tay Dell Vostro 3510 (i5-1135G7, 8GB, 512GB SSD, 15.6"" FHD, NV-MX350/2GB, Win11, Office HS 21, Đen, P112F002) (P112F002BBL)",6422,0.0,38181818.0
2023-08-15,20595,Dây cáp mạng (cáp xoắn) để truyền tín hiệu và kết nối internet Ensoho EN-U6CA24 UTP cat6 (305m/hộp),642,0.0,4527273.0
2023-08-15,4256,Chuột Logitech G402 Hyperion Fury (910-004070),6422,0.0,2072727.0
2023-08-15,6744,Màn hình máy tính IPS LG 29WQ600-W.ATV,6422,0.0,4636364.0
2023-08-15,434,Dây cáp mạng Golden Link SFTP Cat 6 Platinum TAIWAN 305m/cuộn (Xanh lá) - TW1104-1,6422,0.0,4449091.0
2023-08-15,4256,Chuột Gaming không dây Logitech G304 màu đen (910-005284),6422,0.0,1309091.0
2023-08-15,4256,Ổ cứng gắn ngoài Samsung SSD T7 Portable 1TB Blue(MU-PC1T0H/WW),6422,0.0,1986364.0
2023-08-15,4240,"ổ cứng Western SSD 240GB Sata3, màu xanh - green (WDS240G3G0A)",6422,0.0,9000000.0
2023-08-15,4240,Chiết khấu giảm giá,6422,0.0,3636364.0
2023-08-15,6744,ổ đĩa cứng gắn trong máy vi tính hiệu LEXAR  2.5 inch SSD  240GB (LNQ100X240G - RNNNG),6422,0.0,5090909.0
2023-08-15,14650,"Máy tính xách tay MSI Katana GF66 11UC-676VN/i5-11400H/512GB SSD/8GB/RTX3050 4GB/15.6""FHD/144Hz/WIN 10/màu đen,ba lô",6422,0.0,13990909.0
2023-08-15,5204,Tai Nghe Logitech H110,6422,0.0,659090.0
2023-08-15,5204,Tai Nghe Logitech A10 xanh,6422,0.0,1600000.0
2023-08-15,5204,Tai Nghe Logitech H390 đen,6422,0.0,2795455.0
2023-08-15,5204,Tai Nghe Logitech H340,6422,0.0,1931820.0
2023-08-15,5204,Tay Game Logitech F310,6422,0.0,1172727.0
2023-08-15,5204,Tai Nghe Logitech H151 Đen,6422,0.0,1127275.0
2023-08-15,57886,"Máy tính xách tay Dell Inspiron 15 3520 (i5-1235U, 8GB, 512GB SSD, 15.6"" FHD, UMA, Win11, Office HS 21, Đen, P112F007) (N3520-i5U085W11BLU)",6422,0.0,27272727.0
2023-08-15,5204,Thiết bị ghi hình Logitech C270 (Webcam),6422,0.0,1704545.0
2023-08-17,4294,"ổ cứng lắp trong Western Digital 2TB 3.5"" Sata 3,màu xanh(Blue)(WD20EZBX)",6422,0.0,4727273.0
2023-08-17,4294,"ổ cứng Western SSD 500GB/2.5"" 7mm Sata3 màu xanh_Blue(WDS500G3B0A)",6422,0.0,836364.0
2023-08-17,4294,"ổ cứng Western SSD 480GB Sata3, màu xanh - green (WDS480G3G0A)",6422,0.0,1981818.0
2023-08-18,3406,Camera quan sát DS-2CD1123G0-IUF(C),6422,0.0,686200.0
2023-08-18,3406,Camera quan sát CS-C3N (A0-3G2WFL1),6422,0.0,2800000.0
2023-08-18,3406,Thiết bị thu phát vô tuyến RG-EW1200G Pro,6422,0.0,1181818.0
2023-08-18,3406,Đầu ghi hình DS-7216HGHI-K1,6422,0.0,1383350.0
2023-08-20,121308,Cạc (card) mạng PCI adapter TP-Link_TL-WN881ND,6422,0.0,1036365.0
2023-08-20,121308,Cạc (card) mạng PCI Gigabit TP-LINK_TG-3468,6422,0.0,736365.0
2023-08-20,121308,Thiết bị chuyển mạch TP-LINK_TL-SF1016D,6422,0.0,654546.0
2023-08-20,121308,Thiết bị chuyển mạch TP-LINK_TL-SF1024D,6422,0.0,1494546.0
2023-08-20,121308,Thiết bị chuyển mạch TP-LINK 5port_TL-SG1005D,6422,0.0,745456.0
2023-08-20,123854,THU LAI VAY LD2314600430,6422,0.0,378993.0
2023-08-20,99,"Máy tính xách tay Dell Inspiron 14 Plus 7420 Core i 7 12700 Ram 16Gb ,SSD 512 ,RTX 3050 14 inch 2,2 k Windows 11",6422,0.0,24610000.0
2023-08-20,5709,THU PHI CK CTY TG SO+CTY VIEN SON+ CTY PHUONG VIET,6422,0.0,69000.0
2023-08-20,5709,Thuế GTGT: THU PHI CK CTY TG SO+CTY VIEN SON+ CTY PHUONG VIET,1331,0.0,6900.0
2023-08-20,121308,"USB hỗ trợ kết nối bluetooth, hiệu TP-LINK_UB500",6422,0.0,267273.0
2023-08-21,5747,Thuế GTGT: THU PHI CK CTY CP HUETRONICS,1331,0.0,2300.0
2023-08-21,3442,"Camera kỹ thuật số có chức năng ghi hiệu EZVIZ mã CS-C1C(1080P,H.265) - Hỗ trợ thẻ nhớ trong",6422,0.0,2460000.0
2023-08-21,3442,"Camera quan sát CS-C6N (4MP,W1)",6422,0.0,3360000.0
2023-08-21,1744,ổ cứng di động 64GB U301 USB 3.2 Gen 1 Kioxia - Xanh nhạt,6422,0.0,1818182.0
2023-08-21,1744,ổ cứng di động 64GB U301 USB 3.2 Gen 1 Kioxia - Trắng,6422,0.0,1818182.0
2023-08-21,331569,MÀN HÌNH VI TÍNH (LCD) LENOVO ThinkVision S24i-30 23.8INCH/1920x1080/100Hz/IPS/WLED/VGA/HDMI/3Y/ĐEN(63DEKAR3WW),6422,0.0,21200000.0
2023-08-21,3442,Camera quan sát CS-C6N (1080P),6422,0.0,6150000.0
2023-08-21,331569,MÀN HÌNH VI TÍNH (LCD) LENOVO ThinkVision S24e-20 23.8INCH/1920x1080/WLED/VGA/HDMI/ĐEN/3Y(62AEKAR2WW),6422,0.0,12272725.0
2023-08-21,329674,MÀN HÌNH VI TÍNH (LCD) LENOVO ThinkVision S24e-20 23.8INCH/1920x1080/WLED/VGA/HDMI/ĐEN/3Y(62AEKAR2WW),6422,0.0,36818182.0
2023-08-21,5747,THU PHI CK CTY CP HUETRONICS,6422,0.0,23000.0
2023-08-21,5746,Thuế GTGT: THU PHI CK CTY HOI TU THONG MINH,1331,0.0,2300.0
2023-08-21,5746,THU PHI CK CTY HOI TU THONG MINH,6422,0.0,23000.0
2023-08-21,329840,MÁY TÍNH XÁCH TAY (NB) LENOVO V14 G3 IAP i3-1215U/8GD4/256GSSD/14.0FHD/IPS/WL/BT/2C38/NoOS/ĐEN(82TS0060VN),6422,0.0,47074545.0
2023-08-21,3442,"Camera kỹ thuật số có chức năng ghi hiệu EZVIZ mã CS-C3TN (3MP,2.8MM)- hỗ trợ thẻ nhớ trong",6422,0.0,810000.0
2023-08-21,1744,ổ cứng di động 64GB U301 USB 3.2 Gen 1 Kioxia  - Đen,6422,0.0,909091.0
2023-08-21,7004,Màn hình LCD Samsung S22F350,6422,0.0,2000000.0
2023-08-21,3442,Camera quan sát CS-H8C (1080P),6422,0.0,1580000.0
2023-08-21,7939,Máy in laser Brother HL-L2366DW,6422,0.0,3254545.45
2023-08-21,7004,Chíp vi xử lý INTEL CORE I3 10105F - 3 .70 GHZ (BX8070110105F S RH 8 V) + Quạt,6422,0.0,1454545.0
2023-08-21,7004,Chíp vi xử lý INTEL CORE I5 12400F - 2.50GHZ (BX8071512400F S RL4W)+Quạt,6422,0.0,3227273.0
2023-08-22,123472,Thiết bị chuyển mạch TP-LINK_TL-SF1005D,6422,0.0,1072730.0
2023-08-22,40918,Màn hình vi tính Dell LCD-E2222H-21.5''WHD-3Y,6422,0.0,4181818.0
2023-08-22,123472,Thiết bị chuyển mạch TP-LINK_TL-SG108,6422,0.0,1443636.0
2023-08-22,84462,Màn hình LCD ASUS PA279CV AS PA279CV BK/5MS/AP-JP//DP+HDMI+TYPEC+USB+SPEAKER,6422,0.0,10281818.0
2023-08-22,253,Cáp dữ liệu VIDEO HDMI 1.4 truyền âm thanh hình ảnh dài 10M Ugreen (10110),6422,0.0,763636.0
2023-08-22,253,Cáp dữ liệu VIDEO HDMI 1.4 truyền âm thanh hình ảnh dài 5M Ugreen (10109),6422,0.0,613636.0
2023-08-22,253,Cáp dữ liệu VIDEO HDMI 1.4 truyền âm thanh hình ảnh dài 3M Ugreen (10108),6422,0.0,300000.0
2023-08-22,253,Cáp dữ liệu VIDEO HDMI 1.4 truyền âm thanh hình ảnh dài 10M Ugreen (10110),6422,0.0,250000.0
2023-08-22,253,Cáp dữ liệu VIDEO HDMI 1.4 truyền âm thanh hình ảnh dài 25m có chipset ugreen (10113),6422,0.0,1900000.0
2023-08-22,253,Ổ cứng Western Digital 2TB Purple,6422,0.0,3409091.0
2023-08-22,253,"ổ cứng SSD Western loại WDS500G3B0A,500GB",6422,0.0,872727.0
2023-08-22,7089,"Bộ Vi xử lý Intel Core i3-10105 Processor 3.70GHz 6M Cache, Sockets FCLGA1200-BX8070110105",6422,0.0,9454545.0
2023-08-22,253,Máy in laser đen trắng HP LJ Pro MFP 4103fdw- Prin ter_2Z629A,6422,0.0,8181818.0
2023-08-23,8021,Máy in HP 4103FDN (2Z628A),6422,0.0,7136363.64
2023-08-23,5817,THU PHI CK CTY ADG TAI DN,6422,0.0,23000.0
2023-08-23,125733,THU LAI VAY LD2314900522,6422,0.0,745233.0
2023-08-23,5817,Thuế GTGT: THU PHI CK CTY ADG TAI DN,1331,0.0,2300.0
2023-08-23,3501,Thiết bị thu phát vô tuyến Reyee RG-EG105GW(T),6422,0.0,1409090.0
2023-08-23,3501,Thiết bị thu phát vô tuyến RG-EW1200G Pro,6422,0.0,4009089.0
2023-08-23,3501,"Camera quan sát CS-H8C (4MP,4MM)",6422,0.0,1964000.0
2023-08-23,3501,"Camera kỹ thuật số có chức năng ghi hiệu EZVIZ mã CS-C1C(1080P,H.265) - Hỗ trợ thẻ nhớ trong",6422,0.0,1581820.0
2023-08-23,3501,Camera quan sát CS-H8C (1080P),6422,0.0,6320000.0
2023-08-23,67893,Máy quét Canon DR F-120,6422,0.0,8000000.0
2023-08-23,336749,MÁY TÍNH XÁCH TAY (NB) LENOVO V14 G3 IAP i3-1215U/8GD4/256GSSD/14.0FHD/IPS/WL/BT/2C38/NoOS/ĐEN(82TS0060VN),6422,0.0,94149090.0
2023-08-24,5854,Thuế GTGT: THU PHI CK CTY CP THE GIOI SO,1331,0.0,2300.0
2023-08-24,1855,"Hộp mực (Catridge) đã có mực in dùng cho máy in laser loại 12a,nhãn hiệu Xppro",6422,0.0,654546.0
2023-08-24,1856,Ruy băng LQ310 (N653BK),6422,0.0,240741.0
2023-08-24,1855,"Hộp mực (Catridge) đã có mực in dùng cho máy in laser loại 35A,nhãn hiệu Xppro",6422,0.0,654545.0
2023-08-24,1855,"Hộp mực máy in laser,loại CB435A, hiệu LPT",6422,0.0,518182.0
2023-08-24,1855,"Hộp mực (cartridge) đã có mực in dùng cho máy in laser, loại PTH-F226A",6422,0.0,363636.0
2023-08-24,1855,"Hộp mực (Catridge) đã có mực in dùng cho máy in laser loại 83A,nhãn hiệu Xppro",6422,0.0,436364.0
2023-08-24,5854,THU PHI CK CTY CP THE GIOI SO,6422,0.0,23000.0
2023-08-24,13435,4K0Z7PA: Máy tính xách tay HP 14s-fq1080AU - AMD Ryzen 3 5300U / 4GB DDR4-3200/ SSD 256GB / Radeon Vega Graphics/ 14” HD/ Windows 11 Home/ Natural Silver/ 1Y,6422,0.0,13090910.0
2023-08-24,5855,THU PHI CK CTY DAI PHAT,6422,0.0,23000.0
2023-08-24,5855,Thuế GTGT: THU PHI CK CTY DAI PHAT,1331,0.0,2300.0
2023-08-27,272,"Đầu ghi hình KTS 4 kênh (KX-7104AI), phụ kiện",6422,0.0,681818.0
2023-08-27,61698,Bộ nhớ máy vi tính Kingmax 8GB DDR4-2400,6422,0.0,350000.0
2023-08-27,61698,Bộ nhớ máy vi tính Kingmax 16GB DDR4-3200 (KM-LD4-3200-16GS),6422,0.0,3113636.0
2023-08-27,61698,Mạch chính vi tính Gigabyte H510M H V2,6422,0.0,7045455.0
2023-08-27,61698,Cạc màn hình Gigabyte 4GB GV-N1656WF2OC-4GD,6422,0.0,3240909.0
2023-08-27,61698,Cạc màn hình Gigabyte 6GB GV-N166SD6-6GD,6422,0.0,4350000.0
2023-08-27,3538,Bộ chuyển đổi nguồn dùng cho camera DS-3E0109P-E/M(B),6422,0.0,1320000.0
2023-08-27,3538,Đầu ghi hình DS-7616NI-K1,6422,0.0,1540300.0
2023-08-27,3538,Camera quan sát DS-2CD1123G0-IUF(C),6422,0.0,5489600.0
2023-08-27,61698,Bộ nhớ máy vi tính Kingmax 8GB DDR4-3200 (KM-LD4-3200-8GS),6422,0.0,7000000.0
2023-08-27,3538,Camera quan sát DS-2CE76D0T-LMFS,6422,0.0,1483200.0
2023-08-27,3538,"Bộ định tuyến có chức năng thu phát sóng băng tần 2.4GHz/5GHz hiệu RUIJIE mã RG-EW3200GX PRO - hãng sx: RUIJIE NETWORKS CO.,LTD",6422,0.0,1790909.0
2023-08-27,849,"Máy tính xách tay Lenovo V14 G4 IRU - Intel Core i7-1355U (5.00 GHz) - 8GB RAM - 512GB SSD - WF+BL - 14"" FHD - NOS - 2YR Premium NBD,P/n 83A0000NVN",6422,0.0,29747273.0
2023-08-27,261,Cáp dữ liệu VIDEO HDMI 1.4 truyền âm thanh hình ảnh dài 1.5M Ugreen (60820),6422,0.0,363636.0
2023-08-27,261,Cáp dữ liệu VIDEO HDMI 1.4 truyền âm thanh hình ảnh dài 10M Ugreen (10110),6422,0.0,254545.0
2023-08-27,61597,"Máy tính xách tay Dell Inspiron 15 3520 (i5-1235U, 8GB, 512GB SSD, 15.6"" FHD, UMA, Win11, Office HS 21, Đen, P112F007) (N3520-i5U085W11BLU)",6422,0.0,40909091.0
2023-08-27,261,Máy tính xách tay Dell XPS 13 core i7 1.8Ghz 512Gb SSD 16Gb 13.3'' FHD (1920x1080) Webcam Silver,6422,0.0,29283636.0
2023-08-27,261,Loa hội nghị Jabra Speak 510 MS,6422,0.0,3318182.0
2023-08-27,3538,"Camera quan sát CS-H8 (5MP,4MM)",6422,0.0,2272728.0
2023-08-27,3538,Camera quan sát DS-2CE16D0T-LFS,6422,0.0,422300.0
2023-08-27,261,Cáp dữ liệu VIDEO HDMI 1.4 truyền âm thanh hình ảnh dài 15M Ugreen (10111),6422,0.0,445455.0
2023-08-28,5917,THU PHI CK CTY VIEN SON,6422,0.0,23000.0
2023-08-28,5917,Thuế GTGT: THU PHI CK CTY VIEN SON,1331,0.0,2300.0
2023-08-28,787,Máy chiếu đa năng ViewSonic LS500WHE,6422,0.0,13500000.0
2023-08-28,15740,"ổ cứng Western SSD 240GB Sata3, màu xanh - green (WDS240G3G0A)",6422,0.0,9272727.0
2023-08-28,1314,Tai nghe SoundMax AH315,6422,0.0,1000000.0
2023-08-28,1314,Loa SoundMax R-300/1.0,6422,0.0,300000.0
2023-08-28,1889,Mực nạp đổ XP NPG 6,6422,0.0,2000000.0
2023-08-28,1889,Mực nạp đổ XP Brother 2240,6422,0.0,1363636.0
2023-08-28,1889,"Hộp mực máy in laser,loại 111S",6422,0.0,272728.0
2023-08-28,127993,"PHI T08/2023-040019911911-ALERT,IB,OTP,QLTK",6422,0.0,125000.0
2023-08-28,127993,"Thuế GTGT: PHI T08/2023-040019911911-ALERT,IB,OTP,QLTK",1331,0.0,12500.0
2023-08-28,129006,THU LAI VAY LD2315300483,6422,0.0,986309.0
2023-08-28,1220,Thiết bị định tuyến có thu phát vô tuyến hiệu Tenda model AC10 băng tần 2.4/5Ghz,6422,0.0,29454545.0
2023-08-28,1220,Thiết bị thu phát vô tuyến hiệu TENDA model TX2 Pro băng tần 2.4Ghz,6422,0.0,22363636.0
2023-08-28,1314,Tai nghe SoundMax AH304,6422,0.0,690000.0
2023-08-28,1314,Loa SoundMax A120/2.0,6422,0.0,750000.0
2023-08-28,1314,Loa SoundMax A130/2.0,6422,0.0,1300000.0
2023-08-28,1314,Loa SoundMax A2128/2.1,6422,0.0,2360000.0
2023-08-28,1314,Loa SoundMax A4000/4.1,6422,0.0,1500000.0
2023-08-28,1314,Loa SoundMax R-200/1.0,6422,0.0,270000.0
2023-08-29,5951,THU PHI CK CTY DT VA PT CONG NGHE QUOC GIA ADG TAI DA NANG,6422,0.0,23000.0
2023-08-29,5951,Thuế GTGT: THU PHI CK CTY DT VA PT CONG NGHE QUOC GIA ADG TAI DA NANG,1331,0.0,2300.0
2023-08-29,62935,"Máy tính xách tay MSI GF63 12VE-460VN (i5-12450H; 8GB; 512GB SSD; RTX 4050/6GB; 15.6"" FHD 144Hz; Win11; Black)",6422,0.0,36727273.0
2023-08-29,62935,"Máy tính xách tay MSI GF63 Thin 11UC-1228VN (i7-11800H; 8GB; 512GB SSD; RTX3050/4GB; 15.6"" FHD; Win11; Đen)",6422,0.0,67636363.0
2023-08-29,127464,"Máy tính xách tay Lenovo IdeaPad Slim 5 14IAH8, i5-12450H, 16GB, 512GB SSD, Intel UHD Graphics, 14"" WUXGA, 3C 56.6Wh, ax+BT, W11H 64, Xám (Cloud Grey), 3Y WTY_83BF002NVN",6422,0.0,12272727.0
2023-08-29,263,Cáp dữ liệu VIDEO VGA truyền hình ảnh dài 10M Ugreen (11633),6422,0.0,254546.0
2023-08-29,263,Cáp dữ liệu VIDEO VGA truyền hình ảnh dài 15m màu đen Ugreen (11634),6422,0.0,363636.0
2023-08-29,5950,Thuế GTGT: THU PHI CK CTY VINH XUAN,1331,0.0,2300.0
2023-08-29,344927,MÁY TÍNH XÁCH TAY (NB) DELL VOS15 3520 i5-1235U/8GD4/512SSD/15.6FHD/120Hz/3C41WHr/W11SL+OFFICE HOME_ST/ProSup/XÁM(5M2TT2),6422,0.0,84545454.0
2023-08-29,13686,4K0Z7PA: Máy tính xách tay HP 14s-fq1080AU - AMD Ryzen 3 5300U / 4GB DDR4-3200/ SSD 256GB / Radeon Vega Graphics/ 14” HD/ Windows 11 Home/ Natural Silver/ 1Y,6422,0.0,13090910.0
2023-08-29,129586,THU LAI VAY LD2316500549,6422,0.0,689096.0
2023-08-29,5950,THU PHI CK CTY VINH XUAN,6422,0.0,23000.0
2023-08-29,89337,"Máy tính xách tay Dell Inspiron 16 5620 Intel Core i7-1255U, 16.0""FHD+, 1x8G, 512GB SSD PCIe NVMe, 4 Cell-54Whr, Win 11 Microsoft Office Home and Student 2021, N6I7110W1-Silver",6422,0.0,37272727.0
2023-08-29,89337,"Máy tính xách tay Dell Vostro 5620 Intel Core i5-1240P, 16.0""FHD+, 1x8G, 512GB SSD, NVIDIA(R) GeForce(R) MX570/570A 2GB GDDR6, 4 Cell-54Whr, Win 11, Office H&S 2021, BH 12 tháng, V6I5405W1-Gray",6422,0.0,33636364.0
2023-08-29,89337,"Máy tính xách tay Dell Inspiron 15 3520 Intel Core i5-1235U, 15.6""FHD, 1x8G, 256GB SSD PCIe NVMe, 3 Cell-41Whr, Win 11 Microsoft Office Home and Student 2021, N5I5122W1-Black",6422,0.0,26363636.0
2023-08-29,1689,Gạt mực HP1010(12a)/15A/05A,6422,0.0,127280.0
2023-08-29,1689,"Gạt nhỏ 15A,13A,24A,49a,53A",6422,0.0,81820.0
2023-08-29,127549,Card đồ hoạ ASUS TUF-GTX1660S-O6G-GAMING_90YV0DT2-M0NA00,6422,0.0,12728181.0
2023-08-30,129732,THU LAI VAY QUA HAN PDLD2319500514,6422,0.0,633050.0
2023-08-30,129739,THU LAI VAY QUA HAN PDLD2321200468,6422,0.0,633050.0
2023-08-30,129736,THU LAI VAY QUA HAN PDLD2320500438,6422,0.0,1042317.0
2023-08-30,3090,Thuế GTGT: Dịch vụ SMS Brandname CSKH,1331,0.0,13855.0
2023-08-30,3090,Dịch vụ SMS Brandname CSKH,6422,0.0,138545.0
2023-08-30,859,"Máy tính xách tay Lenovo ThinkPad E15 Gen 4 - I5-1235U (4.4G) - 8Gb RAM - 256GB SSD - WF+BL, Fingerprint - 15.6' FHD - Dos - 2Yrs,P/N:21E600CGVA",6422,0.0,28909091.0
2023-08-30,129738,THU LAI VAY QUA HAN PDLD2320800425,6422,0.0,295824.0
2023-08-30,129740,THU LAI VAY QUA HAN PDLD2321300332,6422,0.0,275499.0
2023-08-30,129733,THU LAI VAY QUA HAN PDLD2319800504,6422,0.0,275376.0
2023-08-30,129734,THU LAI VAY QUA HAN PDLD2320000435,6422,0.0,4431351.0
2023-08-30,129735,THU LAI VAY QUA HAN PDLD2320100378,6422,0.0,865169.0
2023-08-30,6758,Cáp PISEN Fast ZY Lightning 1000mm,6422,0.0,636364.0
2023-08-30,7502,Vỏ máy tính MIK LV07 - WHITE,6422,0.0,1281818.0
2023-08-30,7502,Vỏ máy tính MIK LV12 - BLACK,6422,0.0,1263636.0
2023-08-30,7502,EN0822_ Vỏ máy tính Xigmatek Aqua III Arctic,6422,0.0,945455.0
2023-08-30,7502,EN40061_ Vỏ máy tính Xigmatek Aqua M,6422,0.0,1345455.0
2023-08-30,7502,Bộ vi xử lý vi tính Intel Core I5-10400 + Quạt,6422,0.0,6272727.0
2023-08-30,7502,Chíp vi xử lý INTEL CORE I5 12400F - 2.50GHZ (BX8071512400F S RL4W)+Quạt,6422,0.0,3045455.0
2023-08-30,129737,THU LAI VAY QUA HAN PDLD2320600397,6422,0.0,263435.0
2023-08-30,5996,Thuế GTGT: TP CK CTY PP PHUONG VIET,1331,0.0,2300.0
2023-08-30,5996,TP CK CTY PP PHUONG VIET,6422,0.0,23000.0
2023-08-30,5995,Thuế GTGT: TP CK CTY TH VIEN SON,1331,0.0,2300.0
2023-08-30,5995,TP CK CTY TH VIEN SON,6422,0.0,23000.0
2023-08-30,6758,Cáp PISEN 3-in-1 (Lightning/ Type-C/ Micro ) 3A backlight 1800mm,6422,0.0,327272.0
2023-08-30,6758,Cáp PISEN 2-in-1 (Lightning/Type-C) 3A Aluminum Alloy braided 1000mm.,6422,0.0,795455.0
2023-08-30,129741,THU LAI VAY QUA HAN PDLD2321600371,6422,0.0,384050.0
2023-08-30,129742,THU LAI VAY QUA HAN PDLD2322200527,6422,0.0,590446.0
2023-08-30,129743,THU LAI VAY QUA HAN PDLD2322600492,6422,0.0,506440.0
2023-08-30,129744,THU LAI VAY QUA HAN PDLD2322700569,6422,0.0,377551.0
2023-08-30,129745,THU LAI VAY QUA HAN PDLD2323300631,6422,0.0,230747.0
2023-08-30,129746,THU LAI VAY QUA HAN PDLD2323400576,6422,0.0,124164.0
2023-08-30,129747,THU LAI VAY QUA HAN PDLD2323600583,6422,0.0,63305.0
2023-08-30,129748,THU LAI VAY QUA HAN PDLD2323700486,6422,0.0,58694.0
2023-08-30,129804,THU LAI VAY LD2316600563,6422,0.0,13055.0
2023-08-30,347573,Ổ CỨNG VI TÍNH ( SSD ) Lexar SSD NS100 256GB Sata III 6Gbs (  LNS100-256RB )(LNS100-256RB),6422,0.0,26818200.0
2023-08-30,347615,Ổ CỨNG VI TÍNH ( SSD ) Lexar SSD NS100 256GB Sata III 6Gbs (  LNS100-256RB )(LNS100-256RB),6422,0.0,26818200.0
2023-08-30,348273,MÀN HÌNH VI TÍNH (LCD) LENOVO ThinkVision S27e-20 27.0INCH/1920x1080/IPS/WLED/VGA/HDMI/ĐEN/3Y(62AFKAR2WW),6422,0.0,19090911.0
2023-08-30,128977,Thiết bị chuyển mạch TP-LINK_TL-SG1016D,6422,0.0,4840910.0
2023-08-30,52821,Thuế GTGT: Không có tên,1331,0.0,6000.0
2023-08-30,52821,Không có tên,6422,0.0,60000.0
2023-08-30,129724,THU LAI VAY QUA HAN PDLD2316600563,6422,0.0,559057.0
2023-08-30,129725,THU LAI VAY QUA HAN PDLD2317100469,6422,0.0,897846.0
2023-08-30,129728,THU LAI VAY QUA HAN PDLD2318400577,6422,0.0,1069071.0
2023-08-30,129729,THU LAI VAY QUA HAN PDLD2318800574,6422,0.0,387881.0
2023-08-30,129730,THU LAI VAY QUA HAN PDLD2319100675,6422,0.0,798998.0
2023-08-30,129731,THU LAI VAY QUA HAN PDLD2319400601,6422,0.0,508307.0
2023-08-30,129726,THU LAI VAY QUA HAN PDLD2317200524,6422,0.0,580022.0
2023-08-30,348274,MÀN HÌNH VI TÍNH (LCD) LENOVO ThinkVision S27e-20 27.0INCH/1920x1080/IPS/WLED/VGA/HDMI/ĐEN/3Y(62AFKAR2WW),6422,0.0,8181819.0
2023-08-30,129727,THU LAI VAY QUA HAN PDLD2317300516,6422,0.0,583167.0
2023-08-31,477469,Cước dịch vụ Viễn thông-Công nghệ thông tin tháng 08 năm 2023,6422,0.0,23600.0
2023-08-31,477469,Thuế GTGT: Cước dịch vụ Viễn thông-Công nghệ thông tin tháng 08 năm 2023,1331,0.0,2360.0
2023-08-31,529255,Cước dịch vụ Viễn thông-Công nghệ thông tin tháng 08 năm 2023,6422,0.0,408634.0
2023-08-31,529255,Thuế GTGT: Cước dịch vụ Viễn thông-Công nghệ thông tin tháng 08 năm 2023,1331,0.0,40863.0
2023-08-31,529161,Thuế GTGT: Cước dịch vụ Viễn thông-Công nghệ thông tin tháng 08 năm 2023,1331,0.0,24602.0
2023-08-31,477518,Cước dịch vụ Viễn thông-Công nghệ thông tin tháng 08 năm 2023,6422,0.0,20000.0
2023-08-31,477518,Thuế GTGT: Cước dịch vụ Viễn thông-Công nghệ thông tin tháng 08 năm 2023,1331,0.0,2000.0
2023-08-31,477287,Cước dịch vụ Viễn thông-Công nghệ thông tin tháng 08 năm 2023,6422,0.0,213636.0
2023-08-31,477287,Thuế GTGT: Cước dịch vụ Viễn thông-Công nghệ thông tin tháng 08 năm 2023,1331,0.0,21364.0
2023-08-31,477559,Thuế GTGT: Cước dịch vụ Viễn thông-Công nghệ thông tin tháng 08 năm 2023,1331,0.0,27400.0
2023-08-31,529161,Cước dịch vụ Viễn thông-Công nghệ thông tin tháng 08 năm 2023,6422,0.0,246021.0
2023-08-31,477559,Cước dịch vụ Viễn thông-Công nghệ thông tin tháng 08 năm 2023,6422,0.0,274000.0
2023-08-31,477470,Cước dịch vụ Viễn thông-Công nghệ thông tin tháng 08 năm 2023,6422,0.0,24545.0
2023-08-31,506618,Cước dịch vụ Viễn thông-Công nghệ thông tin tháng 08 năm 2023,6422,0.0,249636.0
2023-08-31,506618,Thuế GTGT: Cước dịch vụ Viễn thông-Công nghệ thông tin tháng 08 năm 2023,1331,0.0,24964.0
2023-08-31,477470,Thuế GTGT: Cước dịch vụ Viễn thông-Công nghệ thông tin tháng 08 năm 2023,1331,0.0,2455.0
2023-08-31,529160,Thuế GTGT: Cước dịch vụ Viễn thông-Công nghệ thông tin tháng 08 năm 2023,1331,0.0,49699.0
2023-08-31,529160,Cước dịch vụ Viễn thông-Công nghệ thông tin tháng 08 năm 2023,6422,0.0,496989.0
2023-09-01,69480497,Không có tên,6422,0.0,350000.0
2023-09-01,69480497,Thuế GTGT: Không có tên,1331,0.0,35000.0
2023-09-03,2338,"Thức ăn, thức uống",6422,0.0,3769090.91
2023-09-04,862,"Máy tính xách tay Lenovo V14 G4 IRU - Intel Core i7-1355U (5.00 GHz) - 8GB RAM - 512GB SSD - WF+BL - 14"" FHD - NOS - 2YR Premium NBD,P/n 83A0000NVN",6422,0.0,14873636.0
2023-09-04,130700,THU LAI VAY LD2317100469,6422,0.0,151643.0
2023-09-04,6023,Thuế GTGT: THU PHI CK CTY PHUONG KHANG COMPUTER+CTY CP TG SO+CTY ADG,1331,0.0,6900.0
2023-09-04,6023,THU PHI CK CTY PHUONG KHANG COMPUTER+CTY CP TG SO+CTY ADG,6422,0.0,69000.0
2023-09-05,350930,CHUỘT VI TÍNH (MOUSE) LOGITECH M221 WIRELESS/OPTICAL/ĐỎ (RED)(910-004884),6422,0.0,977270.0
2023-09-05,1257,MÁY IN LASER ĐƠN NĂNG TRẮNG ĐEN - CANON PRINTER I-SENSYS LBP236DW,6422,0.0,9272727.0
2023-09-05,350837,CHUỘT VI TÍNH (MOUSE) LOGITECH M185 WIRELESS/OPTICAL/AA/ĐỎ (RED)/NB(910-002503),6422,0.0,872725.0
2023-09-05,350837,CHUỘT VI TÍNH (MOUSE) LOGITECH M185 WIRELESS/OPTICAL/AA/XÁM (SWIFT GRAY)/NB(910-002255),6422,0.0,1745450.0
2023-09-05,350837,CHUỘT VI TÍNH (MOUSE) LOGITECH M185 WIRELESS/OPTICAL/AA/XANH DƯƠNG (BLUE)/NB(910-002502),6422,0.0,872725.0
2023-09-05,526716,Cước dịch vụ viễn thông trả sau (Dịch vụ chịu thuế),6422,0.0,234545.0
2023-09-05,526716,Thuế GTGT: Cước dịch vụ viễn thông trả sau (Dịch vụ chịu thuế),1331,0.0,23454.0
2023-09-05,870,"Máy tính xách tay Lenovo V14 G4 IRU - Intel Core i7-1355U (5.00 GHz) - 8GB RAM - 512GB SSD - WF+BL - 14"" FHD - NOS - 2YR Premium NBD,P/n 83A0000NVN",6422,0.0,29747273.0
2023-09-05,350837,BÀN PHÍM (KEYBOARD) LOGITECH K120(920-002582),6422,0.0,11454500.0
2023-09-05,350837,CHUỘT VI TÍNH (MOUSE) LOGITECH M221 WIRELESS/OPTICAL/XANH DƯƠNG (BLUE)(910-004883),6422,0.0,1954540.0
2023-09-05,350837,CHUỘT VI TÍNH (MOUSE) LOGITECH M221 WIRELESS/OPTICAL/ĐỎ (RED)(910-004884),6422,0.0,977270.0
2023-09-05,350837,CHUỘT VI TÍNH (MOUSE) LOGITECH M331 WIRELESS/OPTICAL/ĐEN (BLACK)(910-004914),6422,0.0,1286365.0
2023-09-05,350837,CHUỘT VI TÍNH (MOUSE) LOGITECH B100 USB/ĐEN (BLACK)(910-006605),6422,0.0,5272700.0
2023-09-06,1225,Nguồn Jetek Model 400 ELITE V2,6422,0.0,6363636.0
2023-09-06,6082,Thuế GTGT: TP CK CTY TN VIEN SON,1331,0.0,2300.0
2023-09-06,872,"Máy tính xách tay Lenovo ThinkPad E15 Gen 4 - I5-1235U (4.4G) - 8Gb RAM - 256GB SSD - WF+BL, Fingerprint - 15.6' FHD - Dos - 2Yrs,P/N:21E600CGVA",6422,0.0,28909091.0
2023-09-06,132993,THU LAI VAY LD2317200524,6422,0.0,137620.0
2023-09-06,132995,THU LAI VAY LD2317300516,6422,0.0,155468.0
2023-09-06,6082,TP CK CTY TN VIEN SON,6422,0.0,23000.0
2023-09-06,6083,TP CK CTY TG SO,6422,0.0,23000.0
2023-09-06,6083,Thuế GTGT: TP CK CTY TG SO,1331,0.0,2300.0
2023-09-06,6084,TP CK CTY PT CN QG ADG TAI DA NANG,6422,0.0,23000.0
2023-09-06,6084,Thuế GTGT: TP CK CTY PT CN QG ADG TAI DA NANG,1331,0.0,2300.0
2023-09-06,1268,MÁY IN LASER ĐƠN NĂNG TRẮNG ĐEN - CANON PRINTER I-SENSYS LBP236DW,6422,0.0,9272727.0
2023-09-06,283,Đầu ghi hình DS-7204HGHI-K1,6422,0.0,636364.0
2023-09-07,270,Cáp dữ liệu VIDEO HDMI 1.4 truyền âm thanh hình ảnh dài 10M Ugreen (10110),6422,0.0,1018182.0
2023-09-07,8449,Máy Scan HP 2000S2 (6FW06A),6422,0.0,6409090.91
2023-09-07,6124,Thuế GTGT: THU PHI CK CTY VIET SON+CTY VINH XUAN+CTY PP SYNNEX FPT,1331,0.0,6900.0
2023-09-07,7810,"Bộ Vi xử lý Intel Core i3-10105 Processor 3.70GHz 6M Cache, Sockets FCLGA1200-BX8070110105",6422,0.0,7500000.0
2023-09-07,6124,THU PHI CK CTY VIET SON+CTY VINH XUAN+CTY PP SYNNEX FPT,6422,0.0,69000.0
2023-09-08,58056452,Thuế GTGT:  Thu Phi SMS thay doi so du thang  08/2023,1331,0.0,5455.0
2023-09-08,58056452,Thu Phi SMS thay doi so du thang  08/2023,6422,0.0,54545.0
2023-09-08,1234,Nguồn Jetek Model 350 ELITE V2,6422,0.0,13636364.0
2023-09-08,20691,Bảng mạch chính của máy vi tính hiệu ASUS PRIME H510M - K R2.0-CSM-SI,6422,0.0,20454540.0
2023-09-10,1994,"Hộp mực ( Cartridge) đã có mực in dùng cho máy in laser, loại LHCF230A (HP laserJet M203/MFP 227/Ultra M206/230), hiệu XP PRO",6422,0.0,418182.0
2023-09-10,1994,"Hộp mực (cartridge) đã có mực in dùng cho máy in laser, loại 2612A/C-P303/FX9/FX10, hiệu LPT",6422,0.0,636364.0
2023-09-10,1994,"Hộp mực (Cartridge) đã có mực in dùng cho máy in laser, loại LH2612A ( HP1010/1012/CN2900), hiệu Premium",6422,0.0,818182.0
2023-09-10,881,"Máy tính xách tay Lenovo V14 G4 IRU - Intel Core i7-1355U (5.00 GHz) - 8GB RAM - 512GB SSD - WF+BL - 14"" FHD - NOS - 2YR Premium NBD,P/n 83A0000NVN",6422,0.0,29747273.0
2023-09-10,133902,THU LAI VAY LD2318400577,6422,0.0,352776.0
2023-09-10,6139,Thuế GTGT: THU PHI CK CTY LE TRAN GIA,1331,0.0,1900.0
2023-09-10,6139,THU PHI CK CTY LE TRAN GIA,6422,0.0,19000.0
2023-09-10,58889004,Trich thu Tien vay - Lai : 20273151 - Acct vay 405331329,6422,0.0,20273151.0
2023-09-10,6430,"Chuột vi tính hiệu Rapoo mới 100%. Item no: 18823, Model: M20, Wireless Optical Mouse BLACK",6422,0.0,32931818.0
2023-09-10,6138,THU PHI CK CTY DAI PHAT,6422,0.0,19000.0
2023-09-10,6138,Thuế GTGT: THU PHI CK CTY DAI PHAT,1331,0.0,1900.0
2023-09-11,7920,BỘ TẢN NHIỆT NƯỚC ID-COOLING ZOOMFLOW 240-XT ELITE SNOW,6422,0.0,1263636.0
2023-09-11,2010,Màn chiếu treo tường kéo tay kích thước 84x84 (213x213 cm) hiệu ECO SCREEN,6422,0.0,694444.0
2023-09-11,875,Ổ cắm điện Mpower MP-265S 5m,6422,0.0,207406.0
2023-09-11,875,Pin carbon AAA Philips R03L10S,6422,0.0,275000.0
2023-09-11,875,Pin carbon AA Philips R6L10S,6422,0.0,583340.0
2023-09-11,1292,MÁY IN LASER ĐƠN NĂNG TRẮNG ĐEN - CANON PRINTER I-SENSYS LBP236DW,6422,0.0,4636364.0
2023-09-11,875,Ổ cắm điện Mpower MP-153 3m,6422,0.0,183334.0
2023-09-11,875,Ổ cắm điện Mpower MP-155 5m,6422,0.0,216666.0
2023-09-11,875,Ổ cắm điện Mpower MP-243S 3m,6422,0.0,283334.0
2023-09-11,875,Ổ cắm điện Mpower MP-245S 5m,6422,0.0,169443.0
2023-09-11,875,Pin minicell Philips CR2032P5B vỉ 5,6422,0.0,397218.0
2023-09-12,361258,MÁY TÍNH XÁCH TAY (NB) HP Pavilion 15-eg3094TU i5-1335U/8GD4/512GSSD/15.6FHD/WLax/BT5/3C41WHr/ALUp/W11SL/VÀNG(8C5L5PA),6422,0.0,16168182.0
2023-09-12,361258,MÁY TÍNH XÁCH TAY (NB) HP Pavilion 15-eg3098TU i3-1315U/8GD4/256GSSD/15.6FHD/WLax/BT5/3C41WHr/ALUp/W11SL/VÀNG(8C5L9PA),6422,0.0,12372727.0
2023-09-12,361258,MÁY TÍNH XÁCH TAY (NB) HP Pavilion 15-eg3099TU i3-1315U/8GD4/256GSSD/15.6FHD/WLax/BT5/3C41WHr/ALUp/W11SL/BẠC(8C5M0PA),6422,0.0,12372727.0
2023-09-12,361258,MÁY TÍNH XÁCH TAY (NB) HP Pavilion 15-eg3092TU i7-1355U/8GD4/512GSSD/15.6FHD/WLax/BT5/3C41WHr/ALUp/W11SL/VÀNG(8C5L3PA),6422,0.0,19409091.0
2023-09-12,361258,MÁY TÍNH XÁCH TAY (NB) HP Pavilion X360 14-ek1046TU i3-1315U/8G/256GSSD/14.0FHDT/PEN/WL/BT/3C/W11SL/BẠC(80R24PA),6422,0.0,13986364.0
2023-09-12,361258,MÁY TÍNH XÁCH TAY (NB) HP 240 G10 i3-1315U/8G/256GSSD/14.0FHD/WL/BT/3C/W11SL/BẠC(8F129PA),6422,0.0,21027272.0
2023-09-12,8034,Bộ vi xử lý vi tính Intel Core I5-10400 + Quạt,6422,0.0,16136364.0
2023-09-12,8034,BỘ TẢN NHIỆT NƯỚC ID-COOLING ZOOMFLOW 360-XT SNOW,6422,0.0,1545455.0
2023-09-12,361258,MÁY TÍNH XÁCH TAY (NB) HP 14-ep0128TU i5-1335U/8GD4/512GSSD/14.0FHD/Wlax/BT5/3C41WHr/W11SL/BẠC(8U6L5PA),6422,0.0,15204545.0
2023-09-12,275,Cáp dữ liệu VIDEO HDMI 1.4 truyền âm thanh hình ảnh dài 1.5M Ugreen (60820),6422,0.0,363636.0
2023-09-12,275,Cáp dữ liệu VIDEO HDMI 1.4 truyền âm thanh hình ảnh dài 3M Ugreen (10108),6422,0.0,613636.0
2023-09-12,275,Cáp dữ liệu VIDEO HDMI 1.4 truyền âm thanh hình ảnh dài 5M Ugreen (10109),6422,0.0,286364.0
2023-09-12,275,Đầu nối DVI 24+1 male sang HDMI female Ugreen (20124),6422,0.0,171818.0
2023-09-12,275,"Dây Com RS-232 màu đen, dài 1.5m (20153)",6422,0.0,204545.0
2023-09-12,275,"Dây cáp Com RS-232 màu đen, dài 1.5m (20149)",6422,0.0,68182.0
2023-09-12,275,Vi mạch điện tử 7504 Unitek,6422,0.0,781818.0
2023-09-13,290,Tivi Samsung UA75BU8000,6422,0.0,18090909.0
2023-09-13,5045,Camera kỹ thuật số có chức năng ghi hiệu EZVIZ mã CS-C6N (B0-1G2WF) (1080P),6422,0.0,5318182.0
2023-09-13,2423,Máy chấm công bằng dấu vân tay DG600BID,6422,0.0,3200000.0
2023-09-13,878,Máy chiếu đa năng ViewSonic LS500WHE,6422,0.0,13500000.0
2023-09-14,15228,4K0Z7PA: Máy tính xách tay HP 14s-fq1080AU - AMD Ryzen 3 5300U / 4GB DDR4-3200/ SSD 256GB / Radeon Vega Graphics/ 14” HD/ Windows 11 Home/ Natural Silver/ 1Y,6422,0.0,13090910.0
2023-09-14,9286,Phần mềm diệt virus Bkav Pro Internet Security Al,642,0.0,185000.0
2023-09-15,311610,DO 0.001S-V,6422,0.0,454545.0
2023-09-17,305,"Đầu ghi hình KTS 4 kênh  (DH - XVR 1B04 - I), phụ kiện",6422,0.0,668182.0
2023-09-17,3961,Camera quan sát DS-2CE72DF3T-FS,6422,0.0,2008800.0
2023-09-17,3961,Đầu ghi hình DS-7204HGHI-K1,6422,0.0,609322.0
2023-09-17,3961,Camera quan sát CS-H8C (1080P),6422,0.0,7300000.0
2023-09-17,3961,"Camera quan sát CS-H8C (4MP,4MM)",6422,0.0,1700000.0
2023-09-17,6359,THU PHI CK CTY THE GIOI SO,6422,0.0,40000.0
2023-09-17,6359,Thuế GTGT: THU PHI CK CTY THE GIOI SO,1331,0.0,4000.0
2023-09-17,6358,THU PHI CK CTY CTY PHUONG KHANG,6422,0.0,23000.0
2023-09-17,6358,Thuế GTGT: THU PHI CK CTY CTY PHUONG KHANG,1331,0.0,2300.0
2023-09-17,6357,THU PHI CK CTY ADG TAI DA NANG,6422,0.0,40000.0
2023-09-17,6357,Thuế GTGT: THU PHI CK CTY ADG TAI DA NANG,1331,0.0,4000.0
2023-09-18,6396,THU PHI CK CTY HOI TU THONG MINH,6422,0.0,15000.0
2023-09-18,157,Hộp mực in iziNet 12A/303/FX9 Universal,6422,0.0,2560000.0
2023-09-18,157,Hộp mực in EcoPlus 12A/303/FX9 Universal,6422,0.0,1760000.0
2023-09-18,1483,"Laptop Lenovo V15 G3 82TT00N9VN I5 1235U 8Gb SSD512GB Intel Iris Xe 15.6"" FHD Win11 Xám",6422,0.0,97272727.0
2023-09-18,2052,"Hộp mực (cartridge) đã có mực in dùng cho máy laser, loại LH435A/436A/285A/278A (HP P1002/1003/1004/1005/1006/1009), hiệu Maetone",6422,0.0,236364.0
2023-09-18,6385,TP RTM CTY HUY VU,6422,0.0,20000.0
2023-09-18,2052,"Hộp mực (Catridge) đã có mực in dùng cho máy in laser loại 35A,nhãn hiệu Xppro",6422,0.0,381818.0
2023-09-18,2052,"Hộp mực (Catridge) đã có mực in dùng cho máy in laser loại 12a,nhãn hiệu Xppro",6422,0.0,490909.0
2023-09-18,6396,Thuế GTGT: THU PHI CK CTY HOI TU THONG MINH,1331,0.0,1500.0
2023-09-18,6385,Thuế GTGT: TP RTM CTY HUY VU,1331,0.0,2000.0
2023-09-18,6810,Chuột máy tính N100 BLACK - Optical Mouse,6422,0.0,7690909.0
2023-09-18,6395,THU PHI CK CTY SYNNEX FPT,6422,0.0,23000.0
2023-09-18,6395,Thuế GTGT: THU PHI CK CTY SYNNEX FPT,1331,0.0,2300.0
2023-09-18,6397,THU PHI CK CTY VIEN SON,6422,0.0,23000.0
2023-09-18,6397,Thuế GTGT: THU PHI CK CTY VIEN SON,1331,0.0,2300.0
2023-09-18,139161,THU LAI VAY LD2319500514,6422,0.0,421918.0
2023-09-18,139160,THU LAI VAY LD2319400601,6422,0.0,338779.0
2023-09-18,139159,THU LAI VAY LD2318800574,6422,0.0,254787.0
2023-09-18,2052,"Hộp mực (cartridge) đã có mực in dùng cho máy in laser, loại LH2612A (HP1010/1012/3050/FX9) , hiệu Maetone",6422,0.0,272727.0
2023-09-18,139152,THU LAI VAY LD2319100675,6422,0.0,532519.0
2023-09-18,2052,Mực nạp đổ XP NPG 6,6422,0.0,172727.0
2023-09-18,5955,Thẻ nhớ Patriot 32GB MicroSDHC C10 P/N PSF32GMDC10,6422,0.0,1854545.0
2023-09-18,2052,"Máy in nhiệt 8350 màu đen + USB+ LAN, hiệu Ecoprint",6422,0.0,1136364.0
2023-09-18,5955,Thẻ nhớ Patriot VX Series 64GB MICRO SDXC V30 P/N 7FCNB6JPUVI-64G,6422,0.0,3327273.0
2023-09-18,5955,Thẻ nhớ Patriot VX Series 128GB MICRO SDXC V30 P/N 7FCNB6KPUVI-128G,6422,0.0,1463636.0
2023-09-18,5955,Thẻ nhớ Patriot 256GB Micro SDXC V30 P/N PEF256GEP31MCX,6422,0.0,1586364.0
2023-09-19,80210,Máy quét HP ScanJet Pro 2000 S2 Sheet-feed (6FW06A),6422,0.0,6263636.0
2023-09-19,26,Phần mềm Win Pro 11 64Bit Eng Intl 1pk DSP OEI DVD (FQC-10528),6422,0.0,2600000.0
2023-09-19,1815,Máy chiếu Panasonic PT-LB306 ( kèm dây HDMI 1.5m),6422,0.0,12000000.0
2023-09-20,142290,Thiết bị thu phát vô tuyến TP-LINK_TL-WA850RE,6422,0.0,1909090.0
2023-09-20,6456,Thuế GTGT: TP CK CTY DIEP KHANH,1331,0.0,2300.0
2023-09-20,6456,TP CK CTY DIEP KHANH,6422,0.0,23000.0
2023-09-20,140211,THU LAI VAY LD2319800504,6422,0.0,200570.0
2023-09-20,142290,"Bộ định tuyến có chức năng  thu phát vô tuyến TP-LINK, 2,4 GHz/ W-CDMA FDD/ GSM_TL-MR6400",6422,0.0,2918181.0
2023-09-20,142290,Thiết bị chuyển mạch TP-LINK_TL-SG108,6422,0.0,1804545.0
2023-09-20,142290,"USB hỗ trợ kết nối bluetooth, hiệu TP-LINK_UB500",6422,0.0,445455.0
2023-09-20,142290,Thiết bị thu phát vô tuyến TP-LINK_TL-WN725N,6422,0.0,1945460.0
2023-09-20,142290,"Bộ định tuyến TP-LINK, 2,4GHz/5GHz_Archer C50",6422,0.0,1768180.0
2023-09-20,142289,"Thiết bị đầu cuối GSM/ W-CDMA FDD/E-UTRA FDD, 2,4 GHz TP-LINK_M7350",6422,0.0,2400000.0
2023-09-20,2064,"Thanh từ (linh kiện của hộp mực (cartridge) dùng cho máy in laser), loại MR 35A/36A/78A/85A",6422,0.0,90909.0
2023-09-20,142289,"Thiết bị thu phát vô tuyến 2,4/5GHz, TP-LINK_Archer T2UB Nano",6422,0.0,418182.0
2023-09-20,2064,"Hộp mực (cartridge) đã có mực in dùng cho máy in laser, loại LH2612A (HP1010/1012/3050/FX9) , hiệu Maetone",6422,0.0,1000000.0
2023-09-20,2064,"Hộp mực (Cartridge) đã có mực in dùng cho máy in laser, loại LH2612A ( HP1010/1012/CN2900), hiệu Premium",6422,0.0,818182.0
2023-09-20,2064,"Hộp mực (cartridge) đã có mực in dùng cho máy in laser, loại LHCF226A (HP 402/402DN), hiệu XPPRO",6422,0.0,454546.0
2023-09-20,6457,TP CK CTY VINH XUAN,6422,0.0,23000.0
2023-09-20,2064,Thanh từ MR 05/2035/2055,6422,0.0,113636.0
2023-09-20,2064,"Lô sấy 1200, hiệu Chunghsin",6422,0.0,272727.0
2023-09-20,2064,Lô sấy loại 1200 hiệu NINGBO lòng vàng,6422,0.0,181818.0
2023-09-20,142289,Thiết bị định tuyến 2G/3G/4G băng tần 2.4 GHz TP-LINK_TL-MR100,6422,0.0,2100000.0
2023-09-20,6457,Thuế GTGT: TP CK CTY VINH XUAN,1331,0.0,2300.0
2023-09-20,6458,Thuế GTGT: TP CK CTY NGUYEN HUU DAT,1331,0.0,2300.0
2023-09-20,2063,"Màn chiếu ba chân 70x70, hiệu ECO SCREEN",6422,0.0,1259259.0
2023-09-20,6458,TP CK CTY NGUYEN HUU DAT,6422,0.0,23000.0
2023-09-20,2064,"Trống (Linh kiện cho máy in vi tính), nhãn hiệu Gantech, loại CF226A, màu Green",6422,0.0,318182.0
2023-09-21,1706,Máy in hóa đơn XP-T80L,6422,0.0,6636364.0
2023-09-21,1706,Máy in tem nhãn XP-D464B USB+WIFI,6422,0.0,2454545.0
2023-09-21,382485,MÀN HÌNH VI TÍNH (LCD) PHILIPS 271V8LA/74 /27 INCH/VA-LCD/W-LED/75Hz/4ms/250cd/m2/3000:1/VGA/HDMI/ĐEN(BLACK)(271V8LA/74),6422,0.0,20909090.0
2023-09-21,382485,MÀN HÌNH VI TÍNH (LCD) PHILIPS 243V7QDSB/74 /23.8 INCH/  IPS/ VGA/ DVI-D/ HDMI/ HDMI AUDIO OUT/ ĐEN (BLACK)(243V7QDSB/74),6422,0.0,9318180.0
2023-09-21,920,Máy tính bàn Lenovo ThinkCentre M70s Gen 3 i3-12100 ( 4.3 GHZ) - 8GB RAM - 256GB SSD - Wireless & Bluetooth - None -1Yr; P/n 11TC000QVA,6422,0.0,41227273.0
2023-09-21,920,"Màn hình máy tính Lenovo H20215FE0 - ""E22-28 (H20215FE0) 21.5 inch Monitor-HDMI, Linecord, 3YR WTYWarrantyCode: 3years limited"", P/N:62B9MAR4WW",6422,0.0,21190909.0
2023-09-21,382484,MÀN HÌNH VI TÍNH (LCD) PHILIPS 243V7QDSB/74 /23.8 INCH/  IPS/ VGA/ DVI-D/ HDMI/ HDMI AUDIO OUT/ ĐEN (BLACK)(243V7QDSB/74),6422,0.0,9318180.0
2023-09-21,382484,MÀN HÌNH VI TÍNH (LCD) PHILIPS 271V8LA/74 /27 INCH/VA-LCD/W-LED/75Hz/4ms/250cd/m2/3000:1/VGA/HDMI/ĐEN(BLACK)(271V8LA/74),6422,0.0,20909090.0
2023-09-22,8531,"Bộ Vi xử lý Intel Core i3-10105 Processor 3.70GHz 6M Cache, Sockets FCLGA1200-BX8070110105",6422,0.0,9745455.0
2023-09-22,8531,Chíp vi xử lý INTEL CORE I3 10105F - 3 .70 GHZ (BX8070110105F S RH 8 V) + Quạt,6422,0.0,1454545.0
2023-09-24,383920,MÁY TÍNH BẢNG (TAB) LENOVO Tab M10 Gen 3 Unisoc T610/4GB/64GB/10.1WUXGAT/IPS/5MP/8MP/4G/WL/BT/5000mAh/2Y/XÁM(ZAAF0009VN),6422,0.0,106232715.0
2023-09-24,6512,THU PHI CK CTY CN QG ADG,6422,0.0,23000.0
2023-09-24,6512,Thuế GTGT: THU PHI CK CTY CN QG ADG,1331,0.0,2300.0
2023-09-24,384342,MÁY TÍNH XÁCH TAY (NB) LENOVO V14 G3 IAP i3-1215U/8GD4/256GSSD/14.0FHD/IPS/WL/BT/2C38/NoOS/ĐEN(82TS0060VN),6422,0.0,56489454.0
2023-09-24,6511,THU PHI CK CTY CP TG SO,6422,0.0,60000.0
2023-09-24,7642,MÁY QUÉT ẢNH HOẶC TÀI LIỆU HP SCAN JET PRO 2000 S2 SCANNER (6FW06A),6422,0.0,6272727.0
2023-09-24,6511,Thuế GTGT: THU PHI CK CTY CP TG SO,1331,0.0,6000.0
2023-09-25,287,Cáp dữ liệu VIDEO HDMI 1.4 truyền âm thanh hình ảnh dài 5M Ugreen (10109),6422,0.0,752727.0
2023-09-25,287,"Thanh ram G.Skill F4-2666C19S-16GIS, 16GB",6422,0.0,590909.0
2023-09-25,287,Cáp dữ liệu USB 2.0 cho máy in truyền dữ liệu từ máy tính ra máy in dài 5m Ugreen (10329),6422,0.0,267273.0
2023-09-25,287,Cáp dữ liệu USB 2.0 cho máy in truyền dữ liệu từ máy tính ra máy in dài 3m Ugreen (10328),6422,0.0,177273.0
2023-09-25,287,Dây chuyển đổi có chipset USB sang cổng COM RS-232 dài 1.5M Ugreen (20211),6422,0.0,600000.0
2023-09-25,287,Dây chuyển đổi có chipset USB sang cổng COM RS-232 màu xám dài 1.5M Ugreen (20201),6422,0.0,290909.0
2023-09-25,287,Bo mạch chính máy vi tính hiệu Asus loại Prime H310M-K,6422,0.0,2527273.0
2023-09-25,1412,MÁY IN LASER ĐƠN NĂNG TRẮNG ĐEN - CANON PRINTER I-SENSYS LBP236DW,6422,0.0,4681818.0
2023-09-25,287,Ổ CỨNG(SSD) Lexar SSDNS100 1TBSata III6Gb/s (LNS100-1TRB)(LNS100-1TRB),6422,0.0,900000.0
2023-09-25,100009,"Máy tính xách tay Dell Vostro 3520 Intel Core i3-1215U, 15.6""FHD, 1x8G, 256GB SSD PCIe NVMe, 3 Cell-41Whr, Win 11, Office H&S 2021, V5I3614W1-Gray",6422,0.0,10545455.0
2023-09-25,100009,"Máy tính xách tay Dell Inspiron 14 2-in-1 7430 Intel Core i5-1335U, 14.0""FHDT+, 1x8G, 512GB SSD, 4 Cell-54Whr, Win 11, Office H&S 2021, Pen, BH 12 tháng, N7430I58W1-Silver",6422,0.0,19727273.0
2023-09-25,385539,Ổ CỨNG (SSD) Lexar SSD NS100 1TB Sata III 6Gb/s (LNS100-1TRB)(LNS100-1TRB),6422,0.0,4318180.0
2023-09-25,385539,Ổ CỨNG VI TÍNH ( SSD ) Lexar SSD NS100 256GB Sata III 6Gbs (  LNS100-256RB )(LNS100-256RB),6422,0.0,116363600.0
2023-09-25,100003,Màn hình vi tính Dell LCD-E2222H-21.5''WHD-3Y,6422,0.0,6272727.0
2023-09-25,100003,Màn hình vi tính DELL LCD-E2423H-23.8-WHD-3Y,6422,0.0,5181818.0
2023-09-25,100003,Màn hình vi tính DELL LCD-E2723H-27.0-WHD-3Y,6422,0.0,6727273.0
2023-09-25,385539,Ổ CỨNG VI TÍNH ( SSD ) Lexar SSD NS100 512GB Sata III 6Gbs (  LNS100-512RB )(LNS100-512RB),6422,0.0,10727280.0
2023-09-26,100179,Màn hình LCD VIEWSONIC VX3276-2K-MHD-2 32'',6422,0.0,15000000.0
2023-09-26,100179,Chiết khấu theo BB thỏa thuận và quyết toán số 00507-2023-03-HTG-VIEWSONIC-HVU09-PSD kí ngày 13/03/2023,6422,0.0,8145455.0
2023-09-26,386459,"MÀN HÌNH VI TÍNH (LCD) MSI PRO MP251 24.5"" INCH/FHD/IPS/300cd/m2/100Hz/HDMI/VGA/AUDIO/SPEAKER/ĐEN (BLACK) (3PC2)(PROMP251)",6422,0.0,64590888.0
2023-09-26,143813,"Thuế GTGT: PHI T09/2023-040019911911-ALERT(291),IB,OTP,QLTK",1331,0.0,12500.0
2023-09-26,143813,"PHI T09/2023-040019911911-ALERT(291),IB,OTP,QLTK",6422,0.0,125000.0
2023-09-26,6586,Thuế GTGT: THU PHI CK CTY CP THE GIOI SO,1331,0.0,4000.0
2023-09-26,6586,THU PHI CK CTY CP THE GIOI SO,6422,0.0,40000.0
2023-09-26,100102,Chiết khấu theo BB thỏa thuận và quyết toán số 00507-2023-03-HTG-VIEWSONIC-HVU09-PSD kí ngày 13/03/2023,6422,0.0,8145455.0
2023-09-26,100102,Màn hình LCD VIEWSONIC VX3276-2K-MHD-2 32'',6422,0.0,15000000.0
2023-09-26,100102,"Màn hình ViewSonic VX2780-2K/27"" Monitor",6422,0.0,10272727.0
2023-09-26,386050,MÁY TÍNH XÁCH TAY (NB) HP 14s-dq5121TU i3-1215U/8GD4/512GSSD/14.0FHD/Wlac/BT5/3C41WHr/W11SL/BẠC(8W355PA),6422,0.0,10818182.0
2023-09-27,1737,Loa SoundMax A150/2.0,6422,0.0,1200000.0
2023-09-27,1737,Tai nghe SoundMax BT300,6422,0.0,420000.0
2023-09-27,1737,Tai nghe SoundMax AH304,6422,0.0,460000.0
2023-09-27,1737,Loa SoundMax A2140/2.1,6422,0.0,1220000.0
2023-09-27,1737,Loa SoundMax A600/2.1,6422,0.0,620000.0
2023-09-27,1737,Loa SoundMax SB201/2.0,6422,0.0,300000.0
2023-09-27,1737,Loa SoundMax A700/2.1,6422,0.0,620000.0
2023-09-27,1737,Tai nghe SoundMax AH328,6422,0.0,350000.0
2023-09-27,1737,Loa SoundMax A2130/2.1,6422,0.0,1140000.0
2023-09-27,1737,Tai nghe SoundMax AH336,6422,0.0,380000.0
2023-09-27,2083,Loa vi tính Microlab M-108/2.1,6422,0.0,821818.0
2023-09-27,2083,Loa vi tính Microlab U210,6422,0.0,527272.0
2023-09-27,2083,Loa vi tính Microlab M-200BT,6422,0.0,1689090.0
2023-09-27,2083,Loa vi tính Microlab M-106BT/2.1,6422,0.0,976364.0
2023-09-27,2083,Loa vi tính Microlab M-108BT,6422,0.0,1040000.0
2023-09-27,5361,"Camera quan sát CS-H3C (1080P,2.8MM,COLOR)",6422,0.0,5818182.0
2023-09-27,2083,Loa vi tính Microlab M-300/2.1,6422,0.0,731818.0
2023-09-27,2083,Loa vi tính Microlab M- 300BT/2.1,6422,0.0,965454.0
2023-09-27,5361,Camera kỹ thuật số có chức năng ghi hiệu EZVIZ mã CS-C6N (B0-1G2WF) (1080P),6422,0.0,5318182.0
2023-09-27,5361,"Camera kỹ thuật số có chức năng ghi hiệu EZVIZ mã CS-C6N(4MP,W1)",6422,0.0,2590909.0
2023-09-27,2083,Loa vi tính Microlab B-26,6422,0.0,872728.0
2023-09-27,1737,Loa SoundMax A130/2.0,6422,0.0,2600000.0
2023-09-27,1737,Loa SoundMax A828/2.1,6422,0.0,470000.0
2023-09-27,944,Máy tính bàn Lenovo ThinkCentre M70s Gen 3 i3-12100 ( 4.3 GHZ) - 8GB RAM - 256GB SSD - Wireless & Bluetooth - None -1Yr; P/n 11TC000QVA,6422,0.0,82454545.0
2023-09-27,1737,Loa SoundMax A926/2.1,6422,0.0,680000.0
2023-09-27,944,"Màn hình máy tính Lenovo H20215FE0 - ""E22-28 (H20215FE0) 21.5 inch Monitor-HDMI, Linecord, 3YR WTYWarrantyCode: 3years limited"", P/N:62B9MAR4WW",6422,0.0,42381818.0
2023-09-27,945,"Màn hình máy tính Lenovo H20215FE0 - ""E22-28 (H20215FE0) 21.5 inch Monitor-HDMI, Linecord, 3YR WTYWarrantyCode: 3years limited"", P/N:62B9MAR4WW",6422,0.0,40262727.0
2023-09-27,945,Máy tính bàn Lenovo ThinkCentre M70s Gen 3 i3-12100 ( 4.3 GHZ) - 8GB RAM - 256GB SSD - Wireless & Bluetooth - None -1Yr; P/n 11TC000QVA,6422,0.0,82454545.0
2023-09-27,1737,Loa SoundMax A827/2.1,6422,0.0,470000.0
2023-09-28,146984,Cạc (card) mạng PCI Gigabit TP-LINK_TG-3468,6422,0.0,736365.0
2023-09-28,6648,Thuế GTGT: TP CK CTY THE GIOI SO,1331,0.0,4000.0
2023-09-28,6648,TP CK CTY THE GIOI SO,6422,0.0,40000.0
2023-09-28,146984,"Bộ định tuyến TP-LINK, 2,4GHz/5GHz_Archer C50",6422,0.0,1060908.0
2023-09-28,146984,"Thiết bị thu phát vô tuyến, TP-LINK, 2,4GHz/5GHz_Archer C24",6422,0.0,1568180.0
2023-09-28,146984,"Thiết bị thu phát vô tuyến 2,4/5GHz, TP-LINK_Archer T2UB Nano",6422,0.0,627273.0
2023-09-28,146984,"Bộ định tuyến có chức năng  thu phát vô tuyến TP-LINK, 2,4 GHz/ W-CDMA FDD/ GSM_TL-MR6400",6422,0.0,3890908.0
2023-09-28,146984,Thiết bị thu phát vô tuyến TP-LINK_TL-WA850RE,6422,0.0,1909090.0
2023-09-28,15630,Máy in laser Canon LBP2900,6422,0.0,69400000.0
2023-09-28,146984,"Thiết bị đầu cuối GSM/ W-CDMA FDD/E-UTRA FDD, 2,4 GHz, TP-LINK_M7000",6422,0.0,2209092.0
2023-09-28,15630,Máy in phun màu Canon G1010,6422,0.0,4400000.0
2023-09-28,146984,Thiết bị thu phát vô tuyến TP-LINK 150M_TL-WN722N,6422,0.0,677275.0
2023-09-28,1912,Máy chiếu Panasonic PT-LB426 ( kèm dây HDMI 1.5m),6422,0.0,15500000.0
2023-09-28,146983,"Thiết bị thu phát vô tuyến băng tần 2,4/5GHz, hiệu TP-LINK_Archer AX23",6422,0.0,1545454.0
2023-09-28,146983,Thiết bị định tuyến 2G/3G/4G băng tần 2.4 GHz TP-LINK_TL-MR100,6422,0.0,1400000.0
2023-09-28,146983,"Thiết bị đầu cuối GSM/ W-CDMA FDD/E-UTRA FDD, 2,4 GHz TP-LINK_M7350",6422,0.0,3600000.0
2023-09-29,18427,"Máy tính xách tay MSI Bravo 15 B7ED-010VN/Ryzen 5 7535HS/512GB SSD/DDR5 16GB(8GB*2)/Radeon RX 6550M,GDDR6 4GB/15.6"" FHD 144Hz/Win11/Màu đen",6422,0.0,15127273.0
2023-09-29,36316,Phí dịch vụ thanh toán trên vimo.vn tháng 09/2023 theo hợp đồng số ĐL00424/08062022,6422,0.0,189736.0
2023-09-29,146096,THU LAI VAY LD2326100547,6422,0.0,588651.0
2023-09-29,390913,MÁY TÍNH XÁCH TAY (NB) HP Pavilion X360 14-ek0130TU i3-1215U/8GD4/256GSSD/14.0FHDT/FP/WLax/BT5.2/3C43WHr/W11SL/VÀNG(7C0P5PA),6422,0.0,13181818.0
2023-09-29,390913,MÁY TÍNH XÁCH TAY (NB) HP Pavilion 15-eg2062TX i5-1235U/8GD4/512GSSD/15.6FHD/WLax/BT5/3C41WHr/ALUp/W11SL/2G_MX550/VÀNG(7C0W7PA),6422,0.0,30000000.0
2023-09-29,390913,MÁY TÍNH XÁCH TAY (NB) HP 14-ep0128TU i5-1335U/8GD4/512GSSD/14.0FHD/Wlax/BT5/3C41WHr/W11SL/BẠC(8U6L5PA),6422,0.0,15204545.0
2023-09-29,390913,MÁY TÍNH XÁCH TAY (NB) HP 240 G10 i3-1315U/8G/256GSSD/14.0FHD/WL/BT/3C/W11SL/BẠC(8F129PA),6422,0.0,10513636.0
2023-09-29,3865,Dịch vụ SMS Brandname CSKH,6422,0.0,153618.0
2023-09-29,3865,Thuế GTGT: Dịch vụ SMS Brandname CSKH,1331,0.0,15362.0
2023-09-29,390913,MÁY TÍNH XÁCH TAY (NB) HP 15s-fq5147TU i7-1255U/8GD4/512GSSD/15.6FHD/Wlac/BT5/3C41WHr/W11SL/BẠC(7C133PA),6422,0.0,15454545.0
2023-09-30,593752,Thuế GTGT: Cước dịch vụ Viễn thông-Công nghệ thông tin tháng 09 năm 2023,1331,0.0,50749.0
2023-09-30,540664,Cước dịch vụ Viễn thông-Công nghệ thông tin tháng 09 năm 2023,6422,0.0,22800.0
2023-09-30,540664,Thuế GTGT: Cước dịch vụ Viễn thông-Công nghệ thông tin tháng 09 năm 2023,1331,0.0,2280.0
2023-09-30,568912,Cước dịch vụ Viễn thông-Công nghệ thông tin tháng 09 năm 2023,6422,0.0,249636.0
2023-09-30,540755,Cước dịch vụ Viễn thông-Công nghệ thông tin tháng 09 năm 2023,6422,0.0,274000.0
2023-09-30,540755,Thuế GTGT: Cước dịch vụ Viễn thông-Công nghệ thông tin tháng 09 năm 2023,1331,0.0,27400.0
2023-09-30,593752,Cước dịch vụ Viễn thông-Công nghệ thông tin tháng 09 năm 2023,6422,0.0,507485.0
2023-09-30,568912,Thuế GTGT: Cước dịch vụ Viễn thông-Công nghệ thông tin tháng 09 năm 2023,1331,0.0,24964.0
2023-09-30,540665,Thuế GTGT: Cước dịch vụ Viễn thông-Công nghệ thông tin tháng 09 năm 2023,1331,0.0,2455.0
2023-09-30,593847,Thuế GTGT: Cước dịch vụ Viễn thông-Công nghệ thông tin tháng 09 năm 2023,1331,0.0,45191.0
2023-09-30,540714,Thuế GTGT: Cước dịch vụ Viễn thông-Công nghệ thông tin tháng 09 năm 2023,1331,0.0,2000.0
2023-09-30,540714,Cước dịch vụ Viễn thông-Công nghệ thông tin tháng 09 năm 2023,6422,0.0,20000.0
2023-09-30,540482,Thuế GTGT: Cước dịch vụ Viễn thông-Công nghệ thông tin tháng 09 năm 2023,1331,0.0,21364.0
2023-09-30,540482,Cước dịch vụ Viễn thông-Công nghệ thông tin tháng 09 năm 2023,6422,0.0,213636.0
2023-09-30,593753,Thuế GTGT: Cước dịch vụ Viễn thông-Công nghệ thông tin tháng 09 năm 2023,1331,0.0,21924.0
2023-09-30,593753,Cước dịch vụ Viễn thông-Công nghệ thông tin tháng 09 năm 2023,6422,0.0,219242.0
2023-09-30,593847,Cước dịch vụ Viễn thông-Công nghệ thông tin tháng 09 năm 2023,6422,0.0,451905.0
2023-09-30,540665,Cước dịch vụ Viễn thông-Công nghệ thông tin tháng 09 năm 2023,6422,0.0,24545.0
2023-10-01,146757,THU LAI VAY QUA HAN PDLD2321600371,6422,0.0,458031.0
2023-10-01,521,Dây cáp mạng Golden Link SFTP Cat 6 Platinum TAIWAN 305m/cuộn (Xanh lá) - TW1104-1,6422,0.0,4449091.0
2023-10-01,89025010,Thuế GTGT: Không có tên,1331,0.0,35000.0
2023-10-01,89025010,Không có tên,6422,0.0,350000.0
2023-10-01,146755,THU LAI VAY QUA HAN PDLD2321200468,6422,0.0,654331.0
2023-10-01,146758,THU LAI VAY QUA HAN PDLD2322200527,6422,0.0,915442.0
2023-10-01,146756,THU LAI VAY QUA HAN PDLD2321300332,6422,0.0,294580.0
2023-10-01,146750,THU LAI VAY QUA HAN PDLD2320000435,6422,0.0,2928948.0
2023-10-01,146771,THU LAI VAY QUA HAN PDLD2325400412,6422,0.0,219370.0
2023-10-01,146774,THU LAI VAY QUA HAN PDLD2326800590,6422,0.0,211075.0
2023-10-01,146773,THU LAI VAY QUA HAN PDLD2326400516,6422,0.0,145012.0
2023-10-01,146772,THU LAI VAY QUA HAN PDLD2326200685,6422,0.0,275662.0
2023-10-01,146770,THU LAI VAY QUA HAN PDLD2325100585,6422,0.0,372480.0
2023-10-01,146769,THU LAI VAY QUA HAN PDLD2325000643,6422,0.0,728206.0
2023-10-01,146768,THU LAI VAY QUA HAN PDLD2324800531,6422,0.0,744355.0
2023-10-01,146767,THU LAI VAY QUA HAN PDLD2324300537,6422,0.0,506579.0
2023-10-01,146766,THU LAI VAY QUA HAN PDLD2324200476,6422,0.0,543095.0
2023-10-01,146765,THU LAI VAY QUA HAN PDLD2324100602,6422,0.0,537649.0
2023-10-01,146764,THU LAI VAY QUA HAN PDLD2323700486,6422,0.0,364005.0
2023-10-01,103315,Màn hình vi tính Dell LCD-E2222H-21.5''WHD-3Y,6422,0.0,6272727.0
2023-10-01,146775,THU LAI VAY QUA HAN PDLD2327000523,6422,0.0,63322.0
2023-10-01,103315,"Máy tính xách tay Dell Vostro 3530 Intel Core i5-1335U, 15.6""FHD, 1x8G, 256GB SSD, 3 Cell-41Whr, Win 11, Office H&S 2021, BH 12 tháng, V5I5267W1-Gray",6422,0.0,14181818.0
2023-10-01,146762,THU LAI VAY QUA HAN PDLD2323400576,6422,0.0,481267.0
2023-10-01,146761,THU LAI VAY QUA HAN PDLD2323300631,6422,0.0,795013.0
2023-10-01,146754,THU LAI VAY QUA HAN PDLD2320800425,6422,0.0,305769.0
2023-10-01,146751,THU LAI VAY QUA HAN PDLD2320100378,6422,0.0,654331.0
2023-10-01,146753,THU LAI VAY QUA HAN PDLD2320600397,6422,0.0,226909.0
2023-10-01,146759,THU LAI VAY QUA HAN PDLD2322600492,6422,0.0,981497.0
2023-10-01,146760,THU LAI VAY QUA HAN PDLD2322700569,6422,0.0,780487.0
2023-10-01,146763,THU LAI VAY QUA HAN PDLD2323600583,6422,0.0,327166.0
2023-10-01,146752,THU LAI VAY QUA HAN PDLD2320500438,6422,0.0,873531.0
2023-10-02,4287,Camera quan sát CS- H1C (1080P),6422,0.0,981819.0
2023-10-02,1001,Máy chiếu đa năng ViewSonic LS500WHE,6422,0.0,13500000.0
2023-10-02,4287,Camera quan sát CS-H8C (1080P),6422,0.0,3650000.0
2023-10-02,4287,"Camera kỹ thuật số có chức năng ghi hiệu EZVIZ mã CS-C1C(1080P,H.265) - Hỗ trợ thẻ nhớ trong",6422,0.0,820000.0
2023-10-02,4287,Camera quan sát DS-2CD1123G0-IUF(C),6422,0.0,2760000.0
2023-10-03,5129,Bảng mạch chính Asus PRIME H510M-K R2.0,6422,0.0,14090909.0
2023-10-04,6763,Thuế GTGT: TP CK CTY PHUONG KHANG,1331,0.0,2300.0
2023-10-04,74676,Mạch chính vi tính Gigabyte H510M H V2,6422,0.0,14090909.0
2023-10-04,6764,TP CK CTY TG SO,6422,0.0,60000.0
2023-10-04,6764,Thuế GTGT: TP CK CTY TG SO,1331,0.0,6000.0
2023-10-04,6763,TP CK CTY PHUONG KHANG,6422,0.0,23000.0
2023-10-04,6762,TP CK CTY VIET SON,6422,0.0,23000.0
2023-10-04,6761,TP CK CTY VIEN SON,6422,0.0,23000.0
2023-10-04,6761,Thuế GTGT: TP CK CTY VIEN SON,1331,0.0,2300.0
2023-10-04,148260,THU LAI VAY LD2320100378,6422,0.0,105479.0
2023-10-04,148259,THU LAI VAY LD2320000435,6422,0.0,109742.0
2023-10-04,607410,Cước dịch vụ viễn thông trả sau (Dịch vụ chịu thuế),6422,0.0,243635.0
2023-10-04,607410,Thuế GTGT: Cước dịch vụ viễn thông trả sau (Dịch vụ chịu thuế),1331,0.0,24364.0
2023-10-04,22956,CARD VGA của máy vi tính hiêu ASUS GT710 - SL - 2GD3 - BRK - EVO,6422,0.0,2440908.0
2023-10-04,6762,Thuế GTGT: TP CK CTY VIET SON,1331,0.0,2300.0
2023-10-04,22956,CARD VGA của máy vi tính hiệu ASUS GT730 - SL - 2GD5 - BRK,6422,0.0,2396364.0
2023-10-04,22956,Bảng mạch chính của máy vi tính hiệu ASUS PRIME H510M - K R2.0-CSM-SI,6422,0.0,27272720.0
2023-10-04,22956,Card VGA của máy vi tính hiệu ASUS  TUF - GTX1660S - O6G - GAMING,6422,0.0,4299091.0
2023-10-04,13998,Kiểm định xe Tải đến 2T (BĐK: 81C-064.95),6422,0.0,263636.0
2023-10-04,9389,Máy in Epson LQ-310,6422,0.0,4636363.64
2023-10-05,49628,MÁY TÍNH XÁCH TAY (NB) HP Probook 450G9  i7-1255U/8GD4/512GSSD/15.6FHD/WL/BT/FP/3C45WHr/ALU/W11SL/LED_KB/BẠC(6M0Z8PA),6422,0.0,17818182.0
2023-10-05,6791,THU PHI CK CTY PP TH DAU KHI,6422,0.0,15000.0
2023-10-05,16283,Hộp mực Canon MC-G02,6422,0.0,260000.0
2023-10-05,6791,Thuế GTGT: THU PHI CK CTY PP TH DAU KHI,1331,0.0,1500.0
2023-10-05,16282,Phí sửa chữa,6422,0.0,250000.0
2023-10-06,64241861,Thu Phi SMS thay doi so du thang  09/2023,6422,0.0,54545.0
2023-10-06,1139,L805 MÁY IN HIỆU EPSON,6422,0.0,7454545.0
2023-10-06,64241861,Thuế GTGT:  Thu Phi SMS thay doi so du thang  09/2023,1331,0.0,5455.0
2023-10-06,4391,Bộ chuyển đổi nguồn dùng cho camera DS-3E1309P-EI,6422,0.0,880000.0
2023-10-06,4391,Camera quan sát DS-2CD1123G0-IUF(C),6422,0.0,2760000.0
2023-10-06,4391,Thiết bị thu phát vô tuyến RG-EW1200G Pro,6422,0.0,618182.0
2023-10-06,298,Máy đếm tiền XD BC - 35,6422,0.0,3796296.0
2023-10-06,1139,L8050 Máy in hiệu Epson,6422,0.0,5818181.0
2023-10-08,5185,Tai nghe PC Logitech H110 (981-000459),6422,0.0,790909.0
2023-10-08,5185,"Thiết bị truyền hình ảnh Webcam Logitech HD Brio 100, màu hồng (960-001624)",6422,0.0,554545.0
2023-10-08,5185,"Thiết bị truyền hình ảnh Webcam Logitech HD Brio 100, màu trắng (960-001618)",6422,0.0,554545.0
2023-10-08,5185,"Thiết bị truyền hình ảnh Webcam Logitech HD Brio 100, màu than chì (960-001587)",6422,0.0,554545.0
2023-10-08,2221,"Hộp mực (Catridge) đã có mực in dùng cho máy in laser loại Q5949A,nhãn hiệu Xppro",6422,0.0,400000.0
2023-10-08,1390,Vỏ thùng máy tính Jetek Game V12A,6422,0.0,2272727.0
2023-10-08,2221,Mực nạp đổ XP Brother 2240,6422,0.0,2545455.0
2023-10-08,5185,"Bàn phím Logitech không dây Bluetooth K380s, màu than chì (920-011753)",6422,0.0,1218182.0
2023-10-08,1390,Nguồn Jetek model MAXWATT 750,6422,0.0,6847273.0
2023-10-08,1390,Nguồn Jetek model MAXWATT 650,6422,0.0,5846364.0
2023-10-08,1390,Nguồn Jetek model MAXWATT 550,6422,0.0,4391818.0
2023-10-08,2221,"Hộp mực (Catridge) đã có mực in dùng cho máy in laser loại CE505A,nhãn hiệu Xppro",6422,0.0,400000.0
2023-10-08,5185,Bộ bàn phím + chuột không dây Logitech MK220 (920-003235),6422,0.0,1613636.0
2023-10-08,5185,Chiết khấu giảm giá,6422,0.0,2708182.0
2023-10-08,5185,"Chuột không dây Logitech M185, màu xám (910-002255)",6422,0.0,2727273.0
2023-10-08,5185,Chuột không dây Logitech M221 màu đen (910-004882),6422,0.0,2045455.0
2023-10-08,18807,"Máy tính xách tay MSI Cyborg 15 A12UC-621VN/i5-12450H/512GB SSD/DDR5 8GB/RTX 3050,GDDR6 4GB/15.6"" FHD 144Hz/Win11/Màu đen/Ba lô",6422,0.0,16354545.0
2023-10-08,18807,"ổ cứng lắp trong Western Digital 2TB 3.5"" Sata 3,màu xanh(Blue)(WD20EZBX)",6422,0.0,3736364.0
2023-10-08,18807,Chiết khấu giảm giá,6422,0.0,18181818.0
2023-10-08,1390,Nguồn Jetek model MAXWATT 500,6422,0.0,4028182.0
2023-10-08,5185,"Bộ bàn phím + chuột không dây Logitech MK240 Nano, màu đen (920-008202)",6422,0.0,1527273.0
2023-10-08,1390,Nguồn Jetek model 600 ELITE V5,6422,0.0,5573636.0
2023-10-08,1390,Nguồn Jetek Model 450 ELITE V2,6422,0.0,4131000.0
2023-10-09,5625,BÀN PHÍM DELL MULTIMEDIA KB216,6422,0.0,3845454.0
2023-10-09,5631,CHUỘT QUANG DELL WIRELESS WM118,6422,0.0,2454545.0
2023-10-09,1503,MÁY IN LASER ĐƠN NĂNG TRẮNG ĐEN - CANON PRINTER I-SENSYS LBP236DW,6422,0.0,9272727.0
2023-10-09,5625,CHUỘT QUANG VI TÍNH DELL MS116,6422,0.0,2209091.0
2023-10-09,65115150,THU LAI,6422,0.0,14429590.0
2023-10-09,413705,LINH KIỆN VI TÍNH (RAM PC) Lexar 8GB DDR4 3200 U-DIMM CL22(LD4AU008G-B3200GSST),6422,0.0,32727300.0
2023-10-10,88240,Máy quét Canon DR F-120,6422,0.0,16000000.0
2023-10-10,6634,Thẻ nhớ Patriot 256GB Micro SDXC V30 P/N PEF256GEP31MCX,6422,0.0,1586364.0
2023-10-10,6634,Thẻ nhớ Patriot VX Series 128GB MICRO SDXC V30 P/N 7FCNB6KPUVI-128G,6422,0.0,1463636.0
2023-10-10,6634,Thẻ nhớ Patriot VX Series 64GB MICRO SDXC V30 P/N 7FCNB6JPUVI-64G,6422,0.0,3327273.0
2023-10-10,6634,Thẻ nhớ Patriot 32GB MicroSDHC C10 P/N PSF32GMDC10,6422,0.0,1854546.0
2023-10-10,151582,THU LAI VAY LD2320500438,6422,0.0,223141.0
2023-10-10,339,"Ổ cứng GN WD My Passport 2.5'' 5TB USB 3.2 - WDBPKJ0050BBK-WESN, màu đen",6422,0.0,12136364.0
2023-10-10,151586,THU LAI VAY LD2320600397,6422,0.0,80472.0
2023-10-10,5224,"Tai nghe PC Logitech Stereo H151, màu đen - BLACK (981-000587)",6422,0.0,2227273.0
2023-10-10,1155,L805 Máy in phun màu khổ A4 Epson,6422,0.0,5210000.0
2023-10-11,820,Màn chiếu treo P96WS,6422,0.0,814815.0
2023-10-11,65514940,THU LAI,6422,0.0,6118418.0
2023-10-11,306,Cáp dữ liệu VIDEO HDMI 1.4 truyền âm thanh hìnhảnh dài 10M Ugreen (10110),6422,0.0,1489091.0
2023-10-11,306,"Hộp ổ cứng 3.5"" USB 3.0, ORICO 3139U3-CRCáp dữ liệu VIDEO HDMI 1.4 truyềnâm thanh hình ảnh dài 5M Ugreen(10109)",6422,0.0,613636.0
2023-10-11,306,Vi mạch điện tử 7504 Unitek,6422,0.0,781818.0
2023-10-11,820,Màn chiếu chân P70TS,6422,0.0,1772222.0
2023-10-11,820,Giá treo máy chiếu MS12,6422,0.0,660000.0
2023-10-11,820,"Máy chiếu đa năng, công suất chiếu 30-300inch. Hiệu: Viewsonic, Model: PA503S-3",6422,0.0,7181818.0
2023-10-11,820,Giá treo máy chiếu MS65,6422,0.0,450000.0
2023-10-11,2161,Bộ chuyển đổi tín hiệu quang sang Video BT-HD4V1DF-T/R,6422,0.0,1772727.0
2023-10-12,5715,Camera kỹ thuật số có chức năng ghi hiệu EZVIZ mã CS-C6N (B0-1G2WF) (1080P),6422,0.0,1418182.0
2023-10-12,5715,"Camera kỹ thuật số có chức năng ghi hiệu EZVIZ mã CS-C6N(4MP,W1)",6422,0.0,5363636.0
2023-10-12,154499,"Thiết bị đầu cuối GSM/ W-CDMA FDD/E-UTRA FDD, 2,4 GHz, TP-LINK_M7000",6422,0.0,2963636.0
2023-10-15,153706,THU LAI VAY LD2320800425,6422,0.0,150050.0
2023-10-15,153707,THU LAI VAY LD2321200468,6422,0.0,337534.0
2023-10-15,8217,Bút trình chiếu Newmen P012,6422,0.0,2409091.0
2023-10-15,8217,Bút trình chiếu Newmen P-026,6422,0.0,1863636.0
2023-10-15,7033,THU PHI CK CTY ADG+CTY TG SO+CTY DAI PHAT+CTY LE TRAN GIA,6422,0.0,92000.0
2023-10-15,7033,Thuế GTGT: THU PHI CK CTY ADG+CTY TG SO+CTY DAI PHAT+CTY LE TRAN GIA,1331,0.0,9200.0
2023-10-16,9633,"Bộ Vi xử lý Intel Core i3-10105 Processor 3.70GHz 6M Cache, Sockets FCLGA1200-BX8070110105",6422,0.0,9745455.0
2023-10-16,76992,"Máy tính cá nhân để bàn - Bộ Mini PC Kit INTEL NUC11TN (BNUC11TNKI30000): Gồm mạch chính, CPU Intel Core i3-1115G4 (4.10 GHz), Adaptor. Không có ổ cứng, RAM và màn hình",6422,0.0,6318182.0
2023-10-16,9633,CHIP VI XỬ LÝ INTEL CORE I5 - 10400F 2.90 GHZ + QUẠT,6422,0.0,4145455.0
2023-10-17,308,Máy in Brother HL L2366DW,6422,0.0,3418182.0
2023-10-17,308,Cáp dữ liệu VIDEO HDMI 1.4 truyềnâm thanh hình ảnh dài 1.5M Ugreen(60820),6422,0.0,359091.0
2023-10-17,308,Cáp dữ liệu VIDEO HDMI 1.4 truyềnâm thanh hình ảnh dài 5M Ugreen(10109),6422,0.0,1236364.0
2023-10-17,308,Cáp dữ liệu VIDEO VGA truyền hìnhảnh dài 3m màu đen Ugreen (11631),6422,0.0,245455.0
2023-10-17,308,Dây chuyển đổi có chipset USB sangcổng COM RS-232 dài 1.5M Ugreen(20211),6422,0.0,300000.0
2023-10-18,312,Cáp dữ liệu USB 2.0 cho máy intruyền dữ liệu từ máy tính ra máy indài 5m Ugreen (10329),6422,0.0,253636.0
2023-10-18,312,Cáp dữ liệu VIDEO HDMI 1.4 truyềnâm thanh hình ảnh dài 10M Ugreen(10110),6422,0.0,509091.0
2023-10-18,312,Cáp dữ liệu VIDEO HDMI 1.4 truyềnâm thanh hình ảnh dài 5M Ugreen(10109),6422,0.0,1236364.0
2023-10-18,18722,"ổ cứng lắp trong Western Digital 4TB 3.5""Sata3 ,màu vàng(Gold)  ( WD4003FRYZ )",6422,0.0,3572727.0
2023-10-18,19546,"Bộ nhớ trong Corsair DDR5, 5600MHz 64GB 2x32GB DIMM,DOMINATOR PLATINUM RGB Black Heatspreader,RGB LED,C40,1.25V/CMT64GX5M2B5600C40",6422,0.0,5181818.0
2023-10-18,19546,Nguồn máy tính Corsair RM1000e ATX 3.0/CP-9020264-NA,6422,0.0,3772727.0
2023-10-18,108310,Màn hình vi tính Dell LCD-E2222H-21.5''WHD-3Y,6422,0.0,6272727.0
2023-10-18,5336,Ổ cứng SSD Samsung 990 PRO 1TB M.2 NVMe (MZ-V9P1T0BW),6422,0.0,2318182.0
2023-10-19,159009,Thiết bị định tuyến 2G/3G/4G băng tần 2.4 GHz TP-LINK_TL-MR100,6422,0.0,2100000.0
2023-10-19,159009,"Thiết bị đầu cuối GSM/ W-CDMA FDD/E-UTRA FDD, 2,4 GHz, TP-LINK_M7000",6422,0.0,2209092.0
2023-10-19,19408,Bảng mạch chính Asus ROG MAXIMUS Z790 HERO,6422,0.0,13857273.0
2023-10-19,215042,Card đồ hoạ ASUS TUF-RTX4070-O12G-GAMING_90YV0IZ0-M0NA00,6422,0.0,16179090.0
2023-10-19,157030,THU LAI VAY LD2321300332,6422,0.0,181297.0
2023-10-19,7153,Thuế GTGT: THU PHI CK CTY SYNNEX FPT,1331,0.0,2300.0
2023-10-19,157033,THU LAI VAY LD2321600371,6422,0.0,295342.0
2023-10-19,7154,THU PHI CK CTY DT VA PT CONG NGHE QUOC GIA ADG TAI DA NANG,6422,0.0,23000.0
2023-10-19,1032,Màn hình máy tính Dell 27 Monitor - U2722D powercord/ 36mths Pre,6422,0.0,8650000.0
2023-10-19,1031,Màn hình máy tính Dell 27 Monitor - U2722D powercord/ 36mths Pre,6422,0.0,8650000.0
2023-10-19,7154,Thuế GTGT: THU PHI CK CTY DT VA PT CONG NGHE QUOC GIA ADG TAI DA NANG,1331,0.0,2300.0
2023-10-19,5333,Bộ lưu điện Santak - Mã hàng TG500,6422,0.0,5372727.0
2023-10-19,8683,"Cáp mạng Cat 6 FTP 305m/thùng, Hiệu Aptek",6422,0.0,5836362.0
2023-10-19,108499,Màn hình vi tính DELL LCD-E2423H-23.8-WHD-3Y,6422,0.0,4909091.0
2023-10-19,7155,THU PHI CK CTY VIEN SON,6422,0.0,23000.0
2023-10-19,7155,Thuế GTGT: THU PHI CK CTY VIEN SON,1331,0.0,2300.0
2023-10-19,7153,THU PHI CK CTY SYNNEX FPT,6422,0.0,23000.0
2023-10-20,215136,Thiết bị thu phát vô tuyến TP-LINK_TL-WN822N,6422,0.0,1900000.0
2023-10-22,2183,Hộp mực in HP MFP M150a/M178NW/M179NW BK,6422,0.0,168182.0
2023-10-22,2183,Hộp mực in HP MFP M150a/M178NW/M179NW M,6422,0.0,168182.0
2023-10-22,8756,"Cáp mạng Cat 5e UTP 305m/thùng, Hiệu Aptek",6422,0.0,4418184.0
2023-10-22,17480,Máy in phun màu Canon G1010,6422,0.0,4400000.0
2023-10-22,17480,Máy in laser Canon LBP2900,6422,0.0,69400000.0
2023-10-22,7203,TP CK CTY TG SO,6422,0.0,40000.0
2023-10-22,7203,Thuế GTGT: TP CK CTY TG SO,1331,0.0,4000.0
2023-10-22,2183,Hộp mực in HP MFP M150a/M178NW/M179NW C,6422,0.0,168182.0
2023-10-23,2366,ổ cứng gắn ngoài 500GB SSD ESD270C USB 3.1 Gen 2 type C Transcend,6422,0.0,1890909.0
2023-10-23,181,Hộp mực in iziNet 12A/303/FX9 Universal,6422,0.0,3440727.0
2023-10-23,4485,MÁY TÍNH XÁCH TAY (NB) LENOVO V14 G3 IAP i5-1235U/8GD4/512GSSD/14.0FHD/IPS/WL/BT/2C38/WIN11/1Y/XÁM(82TS00AXVN),6422,0.0,53150000.0
2023-10-23,2366,ổ cứng di động 16GB U301 USB 3.2 Gen 1 Kioxia - Trắng,6422,0.0,3863636.0
2023-10-23,2366,"ổ cứng gắn ngoài 1TB StoreJet 2.5"" H3B Transcend",6422,0.0,2636364.0
2023-10-23,2366,"ổ cứng gắn ngoài 1TB StoreJet 2.5"" H3P Transcend",6422,0.0,1318182.0
2023-10-23,2366,"ổ cứng gắn ngoài 1TB Slim StoreJet 2.5"" M3S Transcend",6422,0.0,1309091.0
2023-10-23,2366,ổ cứng gắn ngoài 1TB SSD ESD310S USB 10Gbps Type C/A Transcend,6422,0.0,1545455.0
2023-10-23,2366,"ổ cứng gắn ngoài 1TB Slim StoreJet 2.5"" M3G Transcend",6422,0.0,1309091.0
2023-10-23,1050,"Máy tính bàn Lenovo ThinkCentre Neo 50t Gen 4 - Intel Corei5-13400 (4.60 GHz) - 8GB RAM - 512GB SSD - Wifi & BL -UHD Graphics 730 - NOS - 1YR Premier NBD,P/n 12JB001HVA",6422,0.0,53959091.0
2023-10-23,5409,"Máy tính xách tay MSI Bravo 15 B7ED-010VN/Ryzen 5 7535HS/512GB SSD/DDR5 16GB(8GB*2)/Radeon RX 6550M,GDDR6 4GB/15.6"" FHD 144Hz/Win11/Màu đen",6422,0.0,15127273.0
2023-10-23,5409,"Máy tính xách tay MSI Cyborg 15 A12UC-621VN/i5-12450H/512GB SSD/DDR5 8GB/RTX 3050,GDDR6 4GB/15.6"" FHD 144Hz/Win11/Màu đen/Ba lô",6422,0.0,16354545.0
2023-10-23,357578,DO 0.001S-V,6422,0.0,454545.0
2023-10-23,9888,Vỏ máy tính MIK LV07 - BLACK,6422,0.0,1345455.0
2023-10-23,2366,ổ cứng gắn ngoài 1TB SSD ESD300C USB 10Gbps Type C Transcend,6422,0.0,1481818.0
2023-10-24,2404,"Mực nước dùng cho máy in Epson loại Dyeink 003,màu đỏ 70ml,nhãn hiệu Inxmo",6422,0.0,63636.0
2023-10-24,2404,"Mực nước dùng cho máy in Epson loại Dyeink 003,màu vàng 70ml,nhãn hiệu Inxmo",6422,0.0,63636.0
2023-10-24,2404,"Mực nước dùng cho máy in Epson loại Dyeink 003,màu lục lam 70ml,nhãn hiệu Inxmo",6422,0.0,63636.0
2023-10-24,2404,"Mực nước dùng cho máy in Epson loại Dyeink 003,màu đen 70ml,nhãn hiệu Inxmo",6422,0.0,63636.0
2023-10-24,1584,MÁY IN LASER ĐƠN NĂNG TRẮNG ĐEN - CANON PRINTER I-SENSYS LBP236DW,6422,0.0,9272727.0
2023-10-24,2404,"Mực nước dùng cho máy in loại dye ink  L110/L310 màu vàng, 70ml",6422,0.0,45455.0
2023-10-24,2404,"Mực nước dùng cho máy in loại dye ink  L110/L310 màu đỏ tươi, 70ml",6422,0.0,45455.0
2023-10-24,2404,"Mực nước dùng cho máy in loại dye ink  L110/L310 màu lục lam sáng, 70ml",6422,0.0,45455.0
2023-10-24,2404,"Mực nước dùng cho máy in loại dye ink  L110/L310 màu lục lam, 70ml",6422,0.0,45455.0
2023-10-24,2404,"Mực nước dùng cho máy in loại dye ink  L110/L310 màu đen, 70ml",6422,0.0,45455.0
2023-10-24,2404,"Hộp mực (cartridge) đã có mực in dùng cho máy in laser, loại 2612A/C-P303/FX9/FX10, hiệu LPT",6422,0.0,254545.0
2023-10-24,2404,"Hộp mực (Catridge) đã có mực in dùng cho máy in laser loại 192A,nhãn hiệu Xppro",6422,0.0,1036363.0
2023-10-24,2404,"Hộp mực (Catridge) đã có mực in dùng cho máy in laser loại 83A,nhãn hiệu Xppro",6422,0.0,3054545.0
2023-10-24,2404,"Mực nước dùng cho máy in loại dye ink  L110/L310 màu đỏ sáng, 70ml",6422,0.0,45455.0
2023-10-24,2404,"Hộp mực (Cartridge) đã có mực in dùng cho máy in laser, loại LH2612A ( HP1010/1012/CN2900), hiệu Premium",6422,0.0,1227273.0
2023-10-24,1114,Máy chiếu đa năng ViewSonic PA503XB,6422,0.0,8300000.0
2023-10-24,2404,"Hộp mực(Cartridge) đã có mực in dùng cho máy in Laser loại 230A , nhãn hiệu XPPRO",6422,0.0,1254545.0
2023-10-25,11302,Phần mềm diệt virus Bkav Pro Internet Security Al,642,0.0,370000.0
2023-10-25,7284,TP CK CTY PTCN QG ADG TAI DN,6422,0.0,23000.0
2023-10-25,7285,Thuế GTGT: TP CK CTY VIEN SON,1331,0.0,2300.0
2023-10-25,7285,TP CK CTY VIEN SON,6422,0.0,23000.0
2023-10-25,2877,Máy chấm công bằng khuôn mặt FA110,6422,0.0,1850000.0
2023-10-25,2877,Máy chấm công bằng dấu vân tay DG600BID,6422,0.0,1600000.0
2023-10-25,9976,"Bộ Vi xử lý Intel Core i3-10105 Processor 3.70GHz 6M Cache, Sockets FCLGA1200-BX8070110105",6422,0.0,12272727.0
2023-10-25,160336,THU LAI VAY LD2322200527,6422,0.0,688246.0
2023-10-25,7284,Thuế GTGT: TP CK CTY PTCN QG ADG TAI DN,1331,0.0,2300.0
2023-10-25,9976,Bộ vi xử lý vi tính Intel Core I5-10400 + Quạt,6422,0.0,6727273.0
2023-10-26,1922,Máy in mã vạch XP-TT426B,6422,0.0,6000000.0
2023-10-26,1922,Máy in mã vạch XP-350BM,6422,0.0,1227273.0
2023-10-26,1922,Máy in tem nhãn XP-D464B USB+WIFI,6422,0.0,1227273.0
2023-10-26,1922,Máy in tem nhãn XP-D464B USB+BT,6422,0.0,2272727.0
2023-10-26,1925,Máy in hóa đơn XP-58IIB,6422,0.0,1909091.0
2023-10-26,161570,"PHI T10/2023-040019911911-ALERT(255),IB,OTP,QLTK",6422,0.0,125000.0
2023-10-26,161570,"Thuế GTGT: PHI T10/2023-040019911911-ALERT(255),IB,OTP,QLTK",1331,0.0,12500.0
2023-10-27,320,Cáp dữ liệu VIDEO HDMI 1.4 truyềnâm thanh hình ảnh dài 10M Ugreen(10110),6422,0.0,2545455.0
2023-10-27,320,Vi mạch điện tử 7504 Unitek,6422,0.0,781818.0
2023-10-29,7367,THU PHI CK CTY PHUONG KHANG COMPUTER,6422,0.0,23000.0
2023-10-29,7367,Thuế GTGT: THU PHI CK CTY PHUONG KHANG COMPUTER,1331,0.0,2300.0
2023-10-29,7368,THU PHI CK CTY THE GIOI SO,6422,0.0,23000.0
2023-10-29,7368,Thuế GTGT: THU PHI CK CTY THE GIOI SO,1331,0.0,2300.0
2023-10-29,10149,BỘ TẢN NHIỆT NƯỚC ID-COOLING ZOOMFLOW 240-XT ELITE SNOW,6422,0.0,1290909.0
2023-10-29,10149,"Bộ Vi xử lý Intel Core i3-10105 Processor 3.70GHz 6M Cache, Sockets FCLGA1200-BX8070110105",6422,0.0,7363636.0
2023-10-29,10149,Chíp vi xử lý INTEL CORE I5 12400F - 2.50GHZ (BX8071512400F S RL4W)+Quạt,6422,0.0,6727273.0
2023-10-29,10177,Máy in Epson L3210,6422,0.0,3181818.18
2023-10-29,162856,THU LAI VAY LD2326100547,6422,0.0,840479.0
2023-10-29,162750,THU LAI VAY LD2322600492,6422,0.0,888048.0
2023-10-29,7366,THU PHI CK CTY SYNNEX FPT,6422,0.0,23000.0
2023-10-29,7366,Thuế GTGT: THU PHI CK CTY SYNNEX FPT,1331,0.0,2300.0
2023-10-30,4286,Thuế GTGT: Dịch vụ SMS Brandname CSKH,1331,0.0,16915.0
2023-10-30,4286,Dịch vụ SMS Brandname CSKH,6422,0.0,169155.0
2023-10-30,1155,Máy chiếu đa năng ViewSonic PA503SB,6422,0.0,7500000.0
2023-10-30,111309,Chuột máy tính N100.BLACK - Optical Mouse,6422,0.0,4545455.0
2023-10-30,111309,Bàn phím máy tính NK2500 Wired Keyboard US_BLACK,6422,0.0,10454545.0
2023-10-30,118937,MÁY TÍNH ĐỂ BÀN (PC) LENOVO ThinkCentre neo 50s Gen 3 i7-12700(12*2.1)/8GD4/512GSSD/WL/BT/KB/M/NoOS/ĐEN(11T0005BVA),6422,0.0,14230909.0
2023-10-30,163148,Card đồ hoạ ASUS DUAL-RTX3060-O12G-WHITE_90YV0GB9-M0NA00,6422,0.0,6463636.0
2023-10-30,4636,MÁY TÍNH XÁCH TAY (NB) LENOVO V14 G3 IAP i5-1235U/8GD4/512GSSD/14.0FHD/IPS/WL/BT/2C38/WIN11/1Y/XÁM(82TS00AXVN),6422,0.0,53150000.0
2023-10-30,4285,Thuế GTGT: Dịch vụ SMS Brandname CSKH,1331,0.0,15362.0
2023-10-30,4285,Dịch vụ SMS Brandname CSKH,6422,0.0,153618.0
2023-10-31,163574,THU LAI VAY QUA HAN PDLD2322700569,6422,0.0,755309.0
2023-10-31,163596,THU LAI VAY QUA HAN PDLD2329600441,6422,0.0,147752.0
2023-10-31,163597,THU LAI VAY QUA HAN PDLD2329900438,6422,0.0,84430.0
2023-10-31,606509,Thuế GTGT: Cước dịch vụ Viễn thông-Công nghệ thông tin tháng 10 năm 2023,1331,0.0,23364.0
2023-10-31,606509,Cước dịch vụ Viễn thông-Công nghệ thông tin tháng 10 năm 2023,6422,0.0,233636.0
2023-10-31,163575,THU LAI VAY QUA HAN PDLD2323300631,6422,0.0,769366.0
2023-10-31,80169,Bộ nhớ máy tính xách tay Kingmax 8GB DDR4-3200,6422,0.0,1977273.0
2023-10-31,7421,Thuế GTGT: THU PHI CK CTY DTPT CN QUOC GIA ADG TAI DA NANG,1331,0.0,2500.0
2023-10-31,7421,THU PHI CK CTY DTPT CN QUOC GIA ADG TAI DA NANG,6422,0.0,25000.0
2023-10-31,80169,Bộ nhớ máy vi tính Kingmax 2x16GB DDR4-3200 Zeus RGB (KM-LD4A-3200-16GDRT16),6422,0.0,2909091.0
2023-10-31,80169,Bộ nhớ máy vi tính Kingmax 16GB DDR4-3200 Zeus RGB,6422,0.0,727273.0
2023-10-31,80169,Bộ nhớ máy tính xách tay Kingmax 4GB DDR4-2400,6422,0.0,695455.0
2023-10-31,80169,Bộ nhớ máy vi tính Kingmax 16GB DDR4-3200 (KM-LD4-3200-16GS),6422,0.0,3477273.0
2023-10-31,163576,THU LAI VAY QUA HAN PDLD2323400576,6422,0.0,465742.0
2023-10-31,222189,Card đồ hoạ ASUS TUF-GTX1650-O4GD6-P-V2-GAMING_90YV0GX2-M0NA00,6422,0.0,9875454.0
2023-10-31,1076,"Máy tính xách tay Lenovo ThinkPad E15 Gen 4 - I5-1235U (4.4G) - 8Gb RAM - 256GB SSD - WF+BL, Fingerprint - 15.6' FHD - Dos - 2Yrs,P/N:21E600CGVA",6422,0.0,14454545.0
2023-10-31,80169,Ổ đĩa cứng máy tính Kingmax PQ3480 512GB (Zeus M.2 PCIe - Gen3x4),6422,0.0,16474544.0
2023-10-31,80169,Cạc màn hình Gigabyte 4GB GV-N1656WF2OC-4GD,6422,0.0,3318182.0
2023-10-31,606688,Cước dịch vụ Viễn thông-Công nghệ thông tin tháng 10 năm 2023,6422,0.0,24545.0
2023-10-31,1077,"Máy tính xách tay Lenovo ThinkPad E15 Gen 4 - I5-1235U (4.4G) - 8Gb RAM - 256GB SSD - WF+BL, Fingerprint - 15.6' FHD - Dos - 2Yrs,P/N:21E600CGVA",6422,0.0,28909091.0
2023-10-31,163582,THU LAI VAY QUA HAN PDLD2324800531,6422,0.0,893225.0
2023-10-31,163583,THU LAI VAY QUA HAN PDLD2325000643,6422,0.0,949835.0
2023-10-31,163584,THU LAI VAY QUA HAN PDLD2325100585,6422,0.0,507927.0
2023-10-31,163585,THU LAI VAY QUA HAN PDLD2325400412,6422,0.0,346374.0
2023-10-31,163586,THU LAI VAY QUA HAN PDLD2326100547,6422,0.0,631495.0
2023-10-31,163587,THU LAI VAY QUA HAN PDLD2326200685,6422,0.0,751808.0
2023-10-31,2951,Máy chấm công bằng dấu vân tay K14 Pro,6422,0.0,2700000.0
2023-10-31,163581,THU LAI VAY QUA HAN PDLD2324300537,6422,0.0,506578.0
2023-10-31,163589,THU LAI VAY QUA HAN PDLD2326800590,6422,0.0,1266447.0
2023-10-31,163591,THU LAI VAY QUA HAN PDLD2327200487,6422,0.0,654331.0
2023-10-31,163592,THU LAI VAY QUA HAN PDLD2327800665,6422,0.0,1226871.0
2023-10-31,163593,THU LAI VAY QUA HAN PDLD2327900347,6422,0.0,542039.0
2023-10-31,163594,THU LAI VAY QUA HAN PDLD2328900516,6422,0.0,442370.0
2023-10-31,163595,THU LAI VAY QUA HAN PDLD2329300421,6422,0.0,247549.0
2023-10-31,163590,THU LAI VAY QUA HAN PDLD2327000523,6422,0.0,633224.0
2023-10-31,163580,THU LAI VAY QUA HAN PDLD2324200476,6422,0.0,525576.0
2023-10-31,163588,THU LAI VAY QUA HAN PDLD2326400516,6422,0.0,483371.0
2023-10-31,163578,THU LAI VAY QUA HAN PDLD2323700486,6422,0.0,352262.0
2023-10-31,163579,THU LAI VAY QUA HAN PDLD2324100602,6422,0.0,504046.0
2023-10-31,606687,Thuế GTGT: Cước dịch vụ Viễn thông-Công nghệ thông tin tháng 10 năm 2023,1331,0.0,2380.0
2023-10-31,606687,Cước dịch vụ Viễn thông-Công nghệ thông tin tháng 10 năm 2023,6422,0.0,23800.0
2023-10-31,606688,Thuế GTGT: Cước dịch vụ Viễn thông-Công nghệ thông tin tháng 10 năm 2023,1331,0.0,2455.0
2023-10-31,606736,Cước dịch vụ Viễn thông-Công nghệ thông tin tháng 10 năm 2023,6422,0.0,20000.0
2023-10-31,606778,Thuế GTGT: Cước dịch vụ Viễn thông-Công nghệ thông tin tháng 10 năm 2023,1331,0.0,27400.0
2023-10-31,606778,Cước dịch vụ Viễn thông-Công nghệ thông tin tháng 10 năm 2023,6422,0.0,274000.0
2023-10-31,634869,Thuế GTGT: Cước dịch vụ Viễn thông-Công nghệ thông tin tháng 10 năm 2023,1331,0.0,24964.0
2023-10-31,606736,Thuế GTGT: Cước dịch vụ Viễn thông-Công nghệ thông tin tháng 10 năm 2023,1331,0.0,2000.0
2023-10-31,661238,Thuế GTGT: Cước dịch vụ Viễn thông-Công nghệ thông tin tháng 10 năm 2023,1331,0.0,54197.0
2023-10-31,634869,Cước dịch vụ Viễn thông-Công nghệ thông tin tháng 10 năm 2023,6422,0.0,249636.0
2023-10-31,661333,Cước dịch vụ Viễn thông-Công nghệ thông tin tháng 10 năm 2023,6422,0.0,548916.0
2023-10-31,661333,Thuế GTGT: Cước dịch vụ Viễn thông-Công nghệ thông tin tháng 10 năm 2023,1331,0.0,54892.0
2023-10-31,661239,Cước dịch vụ Viễn thông-Công nghệ thông tin tháng 10 năm 2023,6422,0.0,254344.0
2023-10-31,163577,THU LAI VAY QUA HAN PDLD2323600583,6422,0.0,316611.0
2023-10-31,661239,Thuế GTGT: Cước dịch vụ Viễn thông-Công nghệ thông tin tháng 10 năm 2023,1331,0.0,25434.0
2023-10-31,661238,Cước dịch vụ Viễn thông-Công nghệ thông tin tháng 10 năm 2023,6422,0.0,541967.0
2023-11-01,368312,DO 0.001S-V,6422,0.0,454545.0
2023-11-01,6851249,Không có tên,6422,0.0,350000.0
2023-11-01,69223686,THANH LY,6422,0.0,13670137.0
2023-11-01,6851249,Thuế GTGT: Không có tên,1331,0.0,35000.0
2023-11-02,112335,"Máy tính để bàn Dell Vostro 3020 SFF, Core i3-13100 (3.4GHz to 4.5GHz), 1x8GB 3200MHz, 512GB M.2 PCIe NVMe SSD, Non DVD, Chuột, Bàn phím, Win 11, BH 12 tháng, SFFI32004W1-8G-512G",6422,0.0,18909091.0
2023-11-02,112335,"Máy tính để bàn Dell Inspiron 3020, Core i5-13400 (2.5GHz to 4.6GHz), 1x8GB 3200MHz, 512GB M.2 PCIe NVMe SSD, Non DVD, Chuột, Bàn phím, Win 11, BH 12 tháng, MTI51012W1-8G-512G",6422,0.0,24363636.0
2023-11-02,1646,MÁY IN LASER ĐƠN NĂNG TRẮNG ĐEN - CANON PRINTER I-SENSYS LBP236DW,6422,0.0,13909091.0
2023-11-02,7483,TP CK CTY HUETRONICS,6422,0.0,23000.0
2023-11-02,7482,Thuế GTGT: TP CK CTY VINH XUAN,1331,0.0,2300.0
2023-11-02,7482,TP CK CTY VINH XUAN,6422,0.0,23000.0
2023-11-02,7481,Thuế GTGT: TP CK CTY CP TG SO,1331,0.0,2300.0
2023-11-02,7481,TP CK CTY CP TG SO,6422,0.0,23000.0
2023-11-02,164413,THU LAI VAY LD2322700569,6422,0.0,59513.0
2023-11-02,7483,Thuế GTGT: TP CK CTY HUETRONICS,1331,0.0,2300.0
2023-11-03,2865,Máy chiếu Epson EB-FH52,6422,0.0,30909091.0
2023-11-03,5553,"Chuột không dây Logitech M185, màu xanh (910-002502)",6422,0.0,545455.0
2023-11-03,5553,"Chuột không dây Logitech M185, màu xám (910-002255)",6422,0.0,545455.0
2023-11-03,5553,"Chuột không dây Logitech M185, màu đỏ (910-002503)",6422,0.0,545455.0
2023-11-03,20298,Tai nghe Logitech Gaming G335 màu đen (981-000979),6422,0.0,1000000.0
2023-11-05,5585,Chuột quang USB Logitech B100 (910-006605),6422,0.0,2874545.0
2023-11-05,2929,Điện thoại có dây Panasonic KXTSC11,6422,0.0,1833200.0
2023-11-05,2929,Điện thoại có dây Panasonic KXTS500,6422,0.0,1421400.0
2023-11-05,5585,Chuột Gaming không dây Logitech G304 màu đen (910-005284),6422,0.0,1936364.0
2023-11-05,5585,Chuột Logitech Gaming G102 Gen 2 màu đen(910-005802),6422,0.0,3318182.0
2023-11-05,694464,Thuế GTGT: Cước dịch vụ viễn thông trả sau (Dịch vụ chịu thuế),1331,0.0,23454.0
2023-11-05,2540,Mực nạp đổ XP12 - 140,6422,0.0,3818182.0
2023-11-05,2540,"Hộp mực (cartridge) đã có mực in dùng cho máy in laser, loại LHCF226A (HP 402/402DN), hiệu XPPRO",6422,0.0,454545.0
2023-11-05,2540,Mực nạp đổ XP NPG 6,6422,0.0,954546.0
2023-11-05,2540,"Mực nước dùng cho máy in Canon,loại G series Dyeink,màu đen 70ml",6422,0.0,81818.0
2023-11-05,2540,"Mực nước dùng cho máy in Canon,loại G series Dyeink,màu lục lam 70ml",6422,0.0,81818.0
2023-11-05,2540,"Mực nước dùng cho máy in Canon,loại G series Dyeink,màu đỏ tươi 70ml",6422,0.0,81818.0
2023-11-05,2540,"Mực nước dùng cho máy in Canon,loại G series Dyeink,màu vàng 70ml",6422,0.0,81818.0
2023-11-05,2540,"Trống máy in tương thích Brother HL2385 (PAD-DR630-1), mới 100%",6422,0.0,727273.0
2023-11-05,2544,"Hộp mực (Catridge) đã có mực in dùng cho máy in laser loại 35A,nhãn hiệu Xppro",6422,0.0,954545.0
2023-11-05,55736,"Máy quét HP ScanJet Enterprise Flow 7000 s3 Sheet-feed Scanner, 1Y WTY_L2757A",6422,0.0,17900000.0
2023-11-05,112632,Màn hình VIEWSONIC VA1903A/19'' LCD MONITOR,6422,0.0,8545455.0
2023-11-05,1505,Nguồn Jetek Model 400 ELITE V2,6422,0.0,9916364.0
2023-11-05,694464,Cước dịch vụ viễn thông trả sau (Dịch vụ chịu thuế),6422,0.0,234545.0
2023-11-05,2542,"Hộp mực (cartridge) đã có mực in dùng cho máy in laser, loại LH2612A (HP1010/1012/3050/FX9) , hiệu Maetone",6422,0.0,1000000.0
2023-11-06,5061,Bộ chuyển đổi nguồn dùng cho camera DS-3E1309P-EI,6422,0.0,870000.0
2023-11-06,81024,Mạch chính vi tính Gigabyte H510M H V2,6422,0.0,14090908.0
2023-11-06,81024,Ổ đĩa cứng máy tính Kingmax PQ3480 1TB (Zeus M.2 PCIe - Gen3x4),6422,0.0,2036364.0
2023-11-06,81024,Ổ đĩa cứng máy tính Kingmax SA3080 256GB (M.2 Sata 3),6422,0.0,4090909.0
2023-11-06,81024,Bộ nhớ máy tính xách tay Kingmax 8GB DDR5-4800 (KM-SD5-4800-08GS),6422,0.0,2727273.0
2023-11-06,7536,TP CK CTY VIEN SON,6422,0.0,19000.0
2023-11-06,7536,Thuế GTGT: TP CK CTY VIEN SON,1331,0.0,1900.0
2023-11-06,7537,TP CK CTY TH DAU KHI,6422,0.0,15000.0
2023-11-06,7537,Thuế GTGT: TP CK CTY TH DAU KHI,1331,0.0,1500.0
2023-11-06,5061,"Camera quan sát Ezviz CS-H6C (4MP,W1)",6422,0.0,2536365.0
2023-11-06,5061,Camera quan sát DS-2CD2T43G2-2I,6422,0.0,8541000.0
2023-11-06,81024,Mạch chính vi tính Gigabyte B760M G X AX DDR4,6422,0.0,6636364.0
2023-11-06,5061,Thẻ nhớ 64GB Sandisk,6422,0.0,418180.0
2023-11-06,5061,"Camera quan sát CS-H8C (4MP,4MM)",6422,0.0,3360000.0
2023-11-07,5076,"Camera quan sát CS-H8C (4MP,4MM)",6422,0.0,3360000.0
2023-11-07,5076,"Camera kỹ thuật số có chức năng ghi hiệu EZVIZ mã CS-C1C(1080P,H.265) - Hỗ trợ thẻ nhớ trong",6422,0.0,763636.0
2023-11-07,5076,"Camera quan sát CS-H3C (1080P,4MM,COLOR)",6422,0.0,2863635.0
2023-11-07,5076,Camera quan sát CS-H8C (1080P),6422,0.0,6900000.0
2023-11-07,194,Hộp mực in iziNet 12A/303/FX9 Universal,6422,0.0,3600000.0
2023-11-07,9383,"Thiết bị chuyển mạch SG1083P, hiệu APTEK",6422,0.0,800000.0
2023-11-07,5076,Camera quan sát CS- H1C (1080P),6422,0.0,720000.0
2023-11-07,19704,"Máy tính xách tay MSI Cyborg 15 A12UC-621VN/i5-12450H/512GB SSD/DDR5 8GB/RTX 3050,GDDR6 4GB/15.6"" FHD 144Hz/Win11/Màu đen/Ba lô",6422,0.0,32709091.0
2023-11-07,7578,Thuế GTGT: THU PHI CK CTY CP TG SO+ CTY TIN HOC VIET SON,1331,0.0,4600.0
2023-11-07,167000,THU LAI VAY LD2323600583,6422,0.0,94932.0
2023-11-07,166999,THU LAI VAY LD2323400576,6422,0.0,139646.0
2023-11-07,166998,THU LAI VAY LD2323300631,6422,0.0,168859.0
2023-11-07,7869,"Thiết bị thu phát vô tuyến 2.4 GHz/5GHz, TP-Link , EAP245",6422,0.0,6636364.0
2023-11-07,9363,"Bộ định tuyến Vigor1000B, Hiệu Draytek",6422,0.0,9636364.0
2023-11-07,9363,"Bộ định tuyến Vigor2926 Plus, hiệu Draytek",6422,0.0,2690909.0
2023-11-07,7578,THU PHI CK CTY CP TG SO+ CTY TIN HOC VIET SON,6422,0.0,46000.0
2023-11-08,7613,Thuế GTGT: THU PHI CK CTY CP HT THONG MINH+ CTY DT PT QG ADG TAI DN,1331,0.0,4600.0
2023-11-08,7613,THU PHI CK CTY CP HT THONG MINH+ CTY DT PT QG ADG TAI DN,6422,0.0,46000.0
2023-11-08,2570,"Hộp mực (Catridge) đã có mực in dùng cho máy in laser loại 35A,nhãn hiệu Xppro",6422,0.0,954545.0
2023-11-08,167434,THU LAI VAY LD2323700486,6422,0.0,114308.0
2023-11-08,2570,Gạt mực (Linh kiện của hộp mực (Cartridge) dùng cho máy in Laser)  loại WB 12A,6422,0.0,190909.0
2023-11-08,2570,"Mực nước dùng cho máy in Canon,loại G series Dyeink,màu đen 70ml",6422,0.0,136364.0
2023-11-08,2570,"Hộp mực (Catridge) đã có mực in dùng cho máy in laser loại 49A, nhãn hiệu Xppro",6422,0.0,1000000.0
2023-11-08,2570,"Hộp mực (Catridge) đã có mực in dùng cho máy in laser loại CE505A,nhãn hiệu Xppro",6422,0.0,200000.0
2023-11-08,2570,Hộp mực (Cartridge) đã có mực in dùng cho máy in Laser loại LHW1106A ( HP 135/137/107),6422,0.0,454545.0
2023-11-08,2003,Phí bảo hiểm của Hợp đồng 0000118/HD/035-PTKD/PHH.TS.3.2/2023,6422,0.0,2435004.0
2023-11-08,2570,"Hộp mực (Catridge) đã có mực in dùng cho máy in laser loại 83A,nhãn hiệu Xppro",6422,0.0,954546.0
2023-11-09,344,Máy đếm tiền XD BC - 35,6422,0.0,3870370.0
2023-11-09,7642,Thuế GTGT: THU PHI CK CTY VIEN SON,1331,0.0,2300.0
2023-11-09,7642,THU PHI CK CTY VIEN SON,6422,0.0,23000.0
2023-11-09,345,Cáp dữ liệu VIDEO HDMI 1.4 truyềnâm thanh hình ảnh dài 5M Ugreen(10109),6422,0.0,254545.0
2023-11-09,345,Cáp dữ liệu VIDEO VGA truyền hìnhảnh dài 20m màu đen Ugreen (11635),6422,0.0,460000.0
2023-11-09,345,Dây chuyển đổi có chipset USB sangcổng COM RS-232 dài 1.5M Ugreen(20211),6422,0.0,290909.0
2023-11-09,453012,"MÀN HÌNH VI TÍNH (LCD) MSI PRO MP251 24.5"" INCH/FHD/IPS/300cd/m2/100Hz/HDMI/VGA/AUDIO/SPEAKER/ĐEN (BLACK) (3PC2)(PROMP251)",6422,0.0,89090880.0
2023-11-09,2488,"Bộ chuyển đổi quang sang HDMI + USB, Mã hàng: HDMI-A-USB",6422,0.0,2227273.0
2023-11-09,345,Cáp dữ liệu VIDEO HDMI 1.4 truyềnâm thanh hình ảnh dài 30M cóchipset Ugreen (10114),6422,0.0,2254546.0
2023-11-10,71783242,Trich thu Tien vay - Lai : 5812603 - Phat : 1592 - Acct vay 414931889,6422,0.0,5814195.0
2023-11-10,71491000,Thu Phi SMS thay doi so du thang  10/2023,6422,0.0,54545.0
2023-11-10,71491000,Thuế GTGT:  Thu Phi SMS thay doi so du thang  10/2023,1331,0.0,5455.0
2023-11-10,204,ĐẦU ĐỌC MÃ VẠCH EC331,6422,0.0,1160000.0
2023-11-12,7878,Thẻ nhớ Patriot VX Series 128GB MICRO SDXC V30 P/N 7FCNB6KPUVI-128G,6422,0.0,1500000.0
2023-11-12,1197,Máy chiếu đa năng ViewSonic LS500WHE,6422,0.0,13500000.0
2023-11-12,8024,"Thiết bị thu phát vô tuyến, TP-LINK, 2.4GHz/5GHz, Archer C24",6422,0.0,3090909.0
2023-11-12,8024,"Thiết bị thu phát vô tuyến TP-Link, 2.4GHz/5GHz,RE200",6422,0.0,618182.0
2023-11-12,8024,"Thiết bị thu phát vô tuyến 2.4GHz TP-Link ,TL-WA860RE",6422,0.0,1063636.0
2023-11-12,8024,"Thiết bị thu phát vô tuyến băng tần 2.4GHz, Tp-Link, TL-WN781ND",6422,0.0,409091.0
2023-11-12,8024,"Thiết bị chuyển mạch TP-Link, TL-SG1024D",6422,0.0,1404545.0
2023-11-12,8024,"Thiết bị chuyển mạch TP-Link, TL-SF1024D",6422,0.0,755455.0
2023-11-12,8024,"Thiết bị thu phát vô tuyến TP-Link, TL-WN725N",6422,0.0,972727.0
2023-11-12,8024,"Thiết bị thu phát vô tuyếnTP-Link 150M, TL-WN722N",6422,0.0,1354546.0
2023-11-12,172151,"Bộ định tuyến TP-LINK, 2,4GHz/5GHz/ W-CDMA FDD/ E-UTRA FDD_Archer MR200",6422,0.0,2263636.0
2023-11-12,172151,Thiết bị định tuyến 2G/3G/4G băng tần 2.4 GHz TP-LINK_TL-MR100,6422,0.0,3500000.0
2023-11-12,172151,"Thiết bị đầu cuối GSM/ W-CDMA FDD/E-UTRA FDD, 2,4 GHz, TP-LINK_M7000",6422,0.0,2209092.0
2023-11-12,172151,"Bộ định tuyến TP-LINK, 2,4GHz/5GHz_Archer C50",6422,0.0,1772725.0
2023-11-12,8024,"USB hỗ trợ kết nối bluetooth, Tp-Link, UB500",6422,0.0,445455.0
2023-11-12,7878,Thẻ nhớ Patriot VX Series 64GB MICRO SDXC V30 P/N 7FCNB6JPUVI-64G,6422,0.0,4327273.0
2023-11-12,10725,BỘ TẢN NHIỆT NƯỚC IDCOOLING ZOOMFLOW 240- XT SNOW,6422,0.0,1290909.0
2023-11-12,168643,THU LAI VAY LD2324100602,6422,0.0,189941.0
2023-11-12,171997,"Máy tính xách tay Dell Inspiron 15 3530, i7-1355U, 8GB, 512GB SSD, Intel Iris Xe Graphics, 15.6"" FHD, 4C 54Wh, ax+BT, OfficeHS21, McAfee MDS, Win 11, Đen (Carbon Black), 1Y WTY",6422,0.0,16363636.0
2023-11-12,3126,Dầu máy,6422,0.0,1002000.0
2023-11-12,3126,Gioăng lỗ xả dầu,6422,0.0,13000.0
2023-11-12,3126,Công sửa chữa,6422,0.0,80000.0
2023-11-12,10725,Bộ vi xử lý vi tính Intel Core i3-12100 (BX8071512100SRL62) + Quạt,6422,0.0,5418182.0
2023-11-12,10725,Bộ vi xử lý vi tính Intel Core I5-10400 + Quạt,6422,0.0,10090909.0
2023-11-12,10725,CHIP VI XỬ LÝ INTEL CORE I5 - 10400F 2.90 GHZ + QUẠT,6422,0.0,4145455.0
2023-11-12,10725,Chíp vi xử lý INTEL CORE I5 12400F - 2.50GHZ (BX8071512400F S RL4W)+Quạt,6422,0.0,3363636.0
2023-11-12,10725,"Bộ Vi xử lý Intel Core i3-10105 Processor 3.70GHz 6M Cache, Sockets FCLGA1200-BX8070110105",6422,0.0,4909091.0
2023-11-12,6436,BÀN PHÍM DELL MULTIMEDIA KB216,6422,0.0,3845455.0
2023-11-12,6436,CHUỘT QUANG VI TÍNH DELL MS116,6422,0.0,2209091.0
2023-11-12,10650,Máy in Epson L3210,6422,0.0,3181818.18
2023-11-13,10662,Máy Ép Nhựa Plastic YT 320,6422,0.0,1175925.93
2023-11-13,169694,THU PHI CT TPBank,6422,0.0,19000.0
2023-11-13,169694,Thuế GTGT: THU PHI CT TPBank,1331,0.0,1900.0
2023-11-13,172850,"Máy tính xách tay Lenovo V15 G3 IAP, i5-1235U, 8GB, 512GB SSD, Intel Iris Xe Graphics, 15.6"" FHD, 2C 38Wh, ac+BT, W11H 64, Xám (Iron Grey), 1Y WTY_82TT00N9VN",6422,0.0,46808765.0
2023-11-13,115117,Màn hình LCD VIEWSONIC VA2732-H,6422,0.0,6109091.0
2023-11-13,115117,"Màn hình máy tính ViewSonic VA2432-H-W/24 inch, Full HD, IPS, 100Hz, 1ms, 104% sRGB, màu trắng",6422,0.0,3600000.0
2023-11-13,115117,"Màn hình ViewSonic VA2215-H/21.5"" LCD Monitor",6422,0.0,5409091.0
2023-11-13,9213,MÁY QUÉT ẢNH HOẶC TÀI LIỆU HP SCAN JET PRO 2000 S2 SCANNER (6FW06A),6422,0.0,6136364.0
2023-11-13,169767,THU LAI VAY LD2324200476,6422,0.0,257600.0
2023-11-14,461536,CHUỘT MÁY TÍNH (MOUSE) Dell Wireless Mouse WM118/1000DPI/ĐEN(WM118),6422,0.0,280000.0
2023-11-14,19277,Máy in laser Canon LBP2900,6422,0.0,52050000.0
2023-11-14,19277,Máy in phun màu Canon G1010,6422,0.0,11000000.0
2023-11-14,19277,Máy quét Canon Lide 300,6422,0.0,4350000.0
2023-11-14,19277,Máy quét Canon Lide 400,6422,0.0,6300000.0
2023-11-14,115653,Chuột máy tính N100.BLACK - Optical Mouse,6422,0.0,4545455.0
2023-11-14,115653,Bàn phím máy tính NK2600 US_BLACK,6422,0.0,10454545.0
2023-11-14,461535,MÁY TÍNH XÁCH TAY (NB) DELL VOS15 3530 i5-1335U/8GD4/512SSD/15.6FHD/120Hz/3C41WHr/W11SL+OFFICE HOME_ST/ProSup/XÁM(80GG9),6422,0.0,28181818.0
2023-11-14,7730,Thuế GTGT: THU PHI CK CTY LBM,1331,0.0,1500.0
2023-11-14,461535,Chiết khấu thương mại S2023-01461 09/10/2023,6422,0.0,2727273.0
2023-11-14,7729,Thuế GTGT: THU PHI CK CTY DAU KHI,1331,0.0,1500.0
2023-11-14,7729,THU PHI CK CTY DAU KHI,6422,0.0,15000.0
2023-11-14,169980,THU LAI VAY LD2324300537,6422,0.0,257202.0
2023-11-14,7730,THU PHI CK CTY LBM,6422,0.0,15000.0
2023-11-15,9313,MÁY QUÉT ẢNH HOẶC TÀI LIỆU HP SCAN JET PRO 2000 S2 SCANNER (6FW06A),6422,0.0,6136364.0
2023-11-15,7774,THU PHI CK CTY ADG TAI DN,6422,0.0,40000.0
2023-11-15,12274,"Bản quyền phần mềm Kaspersky Ksos 5 for DT+MD+FS SEA 10 - MD; 10-Dt ,1-FS; 10Us",6422,0.0,3350000.0
2023-11-15,7774,Thuế GTGT: THU PHI CK CTY ADG TAI DN,1331,0.0,4000.0
2023-11-16,349,Vi mạch điện tử 7504 Unitek,6422,0.0,390909.0
2023-11-16,349,Dây chuyển đổi có chipset USB sangcổng COM RS-232 dài 1.5M Ugreen(20211),6422,0.0,290908.0
2023-11-16,172426,THU LAI VAY LD2325000643,6422,0.0,554084.0
2023-11-16,7817,TP BCNN 948.18USD LENOVO SINGAPORE) PTE LTD-0900003182,6422,0.0,55000.0
2023-11-16,349,Cáp dữ liệu VIDEO HDMI 1.4 truyềnâm thanh hình ảnh dài 1.5M Ugreen(60820),6422,0.0,363636.0
2023-11-16,7817,Thuế GTGT: TP BCNN 948.18USD LENOVO SINGAPORE) PTE LTD-0900003182,1331,0.0,5500.0
2023-11-16,349,Cáp dữ liệu USB 2.0 cho máy intruyền dữ liệu từ máy tính ra máy incó chip dài 10m ugreen (10374),6422,0.0,227273.0
2023-11-16,2987,Máy chiếu Epson EB-FH52,6422,0.0,30909091.0
2023-11-16,348,Máy đếm tiền GL - 8086,6422,0.0,16111111.0
2023-11-16,349,Cáp dữ liệu USB 2.0 cho máy intruyền dữ liệu từ máy tính ra máy indài 3m Ugreen (10328),6422,0.0,177273.0
2023-11-16,7829,TP CK CTY TG SO,6422,0.0,40000.0
2023-11-16,7830,TP CK CTY TH VIEN SON,6422,0.0,23000.0
2023-11-16,7830,Thuế GTGT: TP CK CTY TH VIEN SON,1331,0.0,2300.0
2023-11-16,172425,THU LAI VAY LD2324800531,6422,0.0,488081.0
2023-11-16,173431,"Máy tính xách tay Dell Vostro 3430, i5-1335U, 8GB, 512GB SSD, Intel Iris Xe Graphics, 14"" FHD, 3C 41Wh, ac+BT, OfficeHS21, McAfee MDS, Win 11, Xám (Titan Gray), 1Y WTY",6422,0.0,14363636.0
2023-11-16,5899,Bộ lưu điện Santak - Mã hàng TG500,6422,0.0,5400000.0
2023-11-16,58154,Bộ nhớ ram Dell EMC 16GB DDR4 3200 UDIMM,6422,0.0,2727273.0
2023-11-16,386762,DO 0.001S-V,6422,0.0,454545.0
2023-11-16,7829,Thuế GTGT: TP CK CTY TG SO,1331,0.0,4000.0
2023-11-17,463681,MÁY TÍNH XÁCH TAY (NB) DELL VOS15 3530 i3-1305U/8GD4/256SSD/15.6FHD/120Hz/41WHr/W11SL+OFFICE HOME_ST/Pro/XÁM(80GG92),6422,0.0,20909090.0
2023-11-17,463686,CHUỘT MÁY TÍNH (MOUSE) Dell Wireless Mouse WM118/1000DPI/ĐEN(WM118),6422,0.0,280000.0
2023-11-18,389553,DO 0.05S-II,6422,0.0,454545.0
2023-11-19,2655,Trống (Linh kiện cho máy in vi tính) neo loại DR1110/1000,6422,0.0,127273.0
2023-11-19,2655,"Thanh từ (linh kiện của hộp mực (cartridge) dùng cho máy in laser), loại MR 35A/36A/78A/85A",6422,0.0,363636.0
2023-11-19,2655,Trống nhãn hiệu Hanp loại DMHP1010PG11-1-100/DMHP1010(Canon2900/12A),6422,0.0,900000.0
2023-11-19,2655,Hộp mực (Cartridge) đã có mực in dùng cho máy in Laser loại LHW1106A/NN ( Without Chip),6422,0.0,454545.0
2023-11-19,464151,Chiết khấu thương mại S2023-01398 20/09/2023,6422,0.0,1590909.0
2023-11-19,11000,"Bộ Vi xử lý Intel Core i3-10105 Processor 3.70GHz 6M Cache, Sockets FCLGA1200-BX8070110105",6422,0.0,4909091.0
2023-11-19,11000,Bộ vi xử lý vi tính Intel Core I5-10400 + Quạt,6422,0.0,13454545.0
2023-11-19,464151,MÁY TÍNH ĐỂ BÀN (PC) HP ProOne 240 G9 AIO i3-1215U/8GD4/512GSSD/23.8FHD/IPS/WL/BT/KB/M/W11SL/ĐEN(6M3T0PA),6422,0.0,13181818.0
2023-11-19,2655,Mực nạp đổ XP Brother 2240,6422,0.0,2545455.0
2023-11-20,8223,"Thiết bị chuyển mạch Tp-Link, TL-SG1005LP",6422,0.0,945455.0
2023-11-20,8223,"Thiết bị chuyển mạch TP-Link, TL-SF1005D",6422,0.0,545455.0
2023-11-20,8223,"Thiết bị chuyển mạch TP-Link, TL-SG1024D",6422,0.0,1386364.0
2023-11-20,8223,"Thiết bị thu phát vô tuyến 2.4 GHz/5GHz, TP-Link , EAP245",6422,0.0,3981818.0
2023-11-20,173862,THU LAI VAY LD2325400412,6422,0.0,253868.0
2023-11-20,7892,THU PHI CK CTY TG SO+CTY ADG DN,6422,0.0,80000.0
2023-11-20,7892,Thuế GTGT: THU PHI CK CTY TG SO+CTY ADG DN,1331,0.0,8000.0
2023-11-20,464717,MÁY TÍNH XÁCH TAY (NB) DELL VOS15 3530 i3-1305U/8GD4/256SSD/15.6FHD/120Hz/41WHr/W11SL+OFFICE HOME_ST/Pro/XÁM(80GG92),6422,0.0,20909090.0
2023-11-20,173882,THU LAI VAY LD2325100585,6422,0.0,318765.0
2023-11-20,9425,C11CJ68501: Máy in Epson L3210 STD,6422,0.0,2909091.0
2023-11-20,116942,"Máy tính xách tay Dell Inspiron 14 5430 Intel Core i5-1340P, 14.0""FHD+, 2x8G, 512GB SSD, 4 Cell-54Whr, Win 11, Office H&S 2021, BH 12 tháng, N4I5497W1-Silver",6422,0.0,19000000.0
2023-11-20,5382,"Camera quan sát CS-H3C (1080P,4MM,COLOR)",6422,0.0,2840910.0
2023-11-20,5382,"Camera kỹ thuật số có chức năng ghi hiệu EZVIZ mã CS-C1C(1080P,H.265) - Hỗ trợ thẻ nhớ trong",6422,0.0,745454.0
2023-11-20,5382,Đầu ghi hình DS-7632NXI-K2,6422,0.0,3850000.0
2023-11-20,5382,Camera quan sát CS-C6N (1080P),6422,0.0,12300000.0
2023-11-20,5382,Camera quan sát CS- H1C (1080P),6422,0.0,1418180.0
2023-11-20,5382,"Camera quan sát CS-H8C (4MP,4MM)",6422,0.0,15960000.0
2023-11-20,5382,Bộ chuyển đổi nguồn dùng cho camera DS-3E1309P-EI,6422,0.0,870000.0
2023-11-20,5382,Camera quan sát DS-2CD1043G0-IUF(C),6422,0.0,7280000.0
2023-11-20,357,Cáp dữ liệu VIDEO HDMI 1.4 truyềnâm thanh hình ảnh dài 15M Ugreen(10111),6422,0.0,1309091.0
2023-11-20,357,Cáp dữ liệu VIDEO HDMI 1.4 truyềnâm thanh hình ảnh dài 10M Ugreen(10110),6422,0.0,1018180.0
2023-11-20,357,Cáp dữ liệu VIDEO HDMI 1.4 truyềnâm thanh hình ảnh dài 5M Ugreen (10109),6422,0.0,618182.0
2023-11-20,357,Bo mạch chính máy vi tính hiệu Asus loại PrimeH310M-K,6422,0.0,2527273.0
2023-11-20,5382,Đầu ghi hình Hikvision DS-7616NXI-K1,6422,0.0,1527273.0
2023-11-21,1150,"Màn hình máy tính Lenovo H20215FE0 - ""E22-28 (H20215FE0) 21.5 inch Monitor-HDMI, Linecord, 3YR , P/N:62B9MAR4WW",6422,0.0,36927273.0
2023-11-21,1150,"Máy tính bàn Lenovo ThinkCentre Neo 50t Gen 4 - Intel Corei5-13400 (4.60 GHz) - 8GB RAM - 512GB SSD - Wifi & BL -UHD Graphics 730 - NOS - 1YR Premier NBD,P/n 12JB001HVA",6422,0.0,215836364.0
2023-11-21,9492,L8050 Máy in Epson,6422,0.0,5772727.0
2023-11-21,392589,DO 0.05S-II,6422,0.0,454545.0
2023-11-23,468165,MÁY TÍNH XÁCH TAY (NB) DELL VOS15 3530 i3-1305U/8GD4/256SSD/15.6FHD/120Hz/41WHr/W11SL+OFFICE HOME_ST/Pro/XÁM(80GG92),6422,0.0,20909090.0
2023-11-23,7998,THU PHI CK CTY LE TRAN GIA,6422,0.0,23000.0
2023-11-23,7998,Thuế GTGT: THU PHI CK CTY LE TRAN GIA,1331,0.0,2300.0
2023-11-23,7996,THU PHI CK CTY DAI PHAT,6422,0.0,23000.0
2023-11-23,468182,MÁY TÍNH XÁCH TAY (NB) DELL VOS15 3530 i5-1335U/8GD4/512SSD/15.6FHD/120Hz/3C41WHr/W11SL+OFFICE HOME_ST/ProSup/XÁM(80GG9),6422,0.0,28181820.0
2023-11-23,468182,MÁY TÍNH XÁCH TAY (NB) DELL VOS15 3530 i7-1355U/8GD4/512SSD/15.6FHD/120Hz/54W/W11SL+OFFICE HOME_ST/2GD6_MX550/Pro/XÁM(80GG911),6422,0.0,37818182.0
2023-11-23,1517,"Máy Photocopy đa chức năng đen trắng hiệu FUJIFILM Apeos 2150 NDA (copy, in, scan) tốc độ 21 trang A4/Phút khổ lớn nhất A3 với khay giấy 1 ngăn - TL200716",6422,0.0,15909091.0
2023-11-23,7996,Thuế GTGT: THU PHI CK CTY DAI PHAT,1331,0.0,2300.0
2023-11-23,7997,THU PHI CK CTY VINH XUAN,6422,0.0,23000.0
2023-11-23,367,Ổ cứng SSD Samsung 870 EVOSATA III 2.5'' SSD 250G,6422,0.0,786364.0
2023-11-23,367,Cáp dữ liệu VIDEO HDMI 1.4 truyềnâm thanh hình ảnh dài 3M Ugreen(10108),6422,0.0,454545.0
2023-11-23,367,Cáp dữ liệu USB 2.0 cho máy in dài2m ugreen (10327),6422,0.0,158182.0
2023-11-23,7997,Thuế GTGT: THU PHI CK CTY VINH XUAN,1331,0.0,2300.0
2023-11-24,5920,Chiết khấu giảm giá,6422,0.0,3636364.0
2023-11-24,5920,"Máy tính xách tay MSI Bravo 15 B7ED-010VN/Ryzen 5 7535HS/512GB SSD/DDR5 16GB(8GB*2)/Radeon RX 6550M,GDDR6 4GB/15.6"" FHD 144Hz/Win11/Màu đen",6422,0.0,29890909.0
2023-11-24,5920,"Máy tính xách tay MSI Cyborg 15 A12UC-621VN/i5-12450H/512GB SSD/DDR5 8GB/RTX 3050,GDDR6 4GB/15.6"" FHD 144Hz/Win11/Màu đen/Ba lô",6422,0.0,32345455.0
2023-11-24,10039,"Bộ định tuyến Vigor2926 Plus, hiệu Draytek",6422,0.0,2718182.0
2023-11-24,5920,"Máy tính xách tay MSI Cyborg 15 A12VE-240VN/i7-12650H/512GB SSD/DDR5 8GB/RTX 4050 GDDR6 6GB/15.6"" FHD 144Hz/Win11/màu đen, ba lô",6422,0.0,22309091.0
2023-11-26,10077,"Cáp mạng Cat 6 FTP 305m/thùng, Hiệu Aptek",6422,0.0,5836362.0
2023-11-26,369,ổ cứng SSD Samsung 980 1TB M.2 NVMe(MZ-V8V1T0BW),6422,0.0,1909091.0
2023-11-26,369,Cáp dữ liệu VIDEO HDMI 1.4 truyềnâm thanh hình ảnh dài 15M Ugreen(10111),6422,0.0,890910.0
2023-11-26,369,Bộ chuyển đổi PCI express sang cổngM.2 NVME và M.2 SATA Ugreen(70504),6422,0.0,195455.0
2023-11-26,1301,Máy chiếu đa năng ViewSonic LS500WHE,6422,0.0,26600000.0
2023-11-26,10077,"Cáp mạng Cat 5e UTP 305m/thùng, Hiệu Aptek",6422,0.0,4418184.0
2023-11-26,9632,C11CJ67503: Máy in Epson L3250 STD,6422,0.0,3536364.0
2023-11-27,21869,"ổ cứng lắp trong Western Digital 2TB 3.5"" Sata 3,màu xanh(Blue)(WD20EZBX)",6422,0.0,6272727.0
2023-11-27,21869,"ổ cứng lắp trong Western Digital 1TB 3.5"" Sata, màu xanh (Blue) (WD10EZEX)",6422,0.0,4636364.0
2023-11-27,373,Máy đếm tiền XD BC - 35,6422,0.0,3800000.0
2023-11-27,8071,THU PHI CK CTY TONG HOP DAU KHI,6422,0.0,15000.0
2023-11-27,8071,Thuế GTGT: THU PHI CK CTY TONG HOP DAU KHI,1331,0.0,1500.0
2023-11-28,2572,Loa SoundMax A2129/2.1,6422,0.0,1330000.0
2023-11-28,2572,Loa SoundMax A150/2.0,6422,0.0,960000.0
2023-11-28,2572,Loa SoundMax A160/2.0,6422,0.0,800000.0
2023-11-28,2572,Loa SoundMax A828/2.1,6422,0.0,470000.0
2023-11-28,2572,Tai nghe SoundMax BT300,6422,0.0,840000.0
2023-11-28,2572,Tai nghe SoundMax AH712,6422,0.0,440000.0
2023-11-28,2572,Loa SoundMax A4000/4.1,6422,0.0,750000.0
2023-11-28,2572,Tai nghe SoundMax AH304,6422,0.0,1150000.0
2023-11-28,2572,Tai nghe SoundMax AH314,6422,0.0,540000.0
2023-11-28,2572,Tai nghe SoundMax AH315,6422,0.0,1000000.0
2023-11-28,2572,Tai nghe SoundMax AH713,6422,0.0,420000.0
2023-11-28,2572,Tai nghe SoundMax BT200,6422,0.0,720000.0
2023-11-28,2572,Loa SoundMax A2140/2.1,6422,0.0,1220000.0
2023-11-28,2572,Loa SoundMax A2130/2.1,6422,0.0,1140000.0
2023-11-28,177966,"PHI T11/2023-040019911911-ALERT(387),IB,OTP,QLTK",6422,0.0,125000.0
2023-11-28,177966,"Thuế GTGT: PHI T11/2023-040019911911-ALERT(387),IB,OTP,QLTK",1331,0.0,12500.0
2023-11-28,5056,Máy in trắng đen đa năng Brother DCP-B7620DW,6422,0.0,4807673.0
2023-11-28,5056,Máy in trắng đen đơn năng Brother HL-B2100D,6422,0.0,12267856.0
2023-11-29,8150,TP CK CTY TG SO,6422,0.0,23000.0
2023-11-29,3270,Máy chấm công bằng dấu vân tay K14 Pro,6422,0.0,3900000.0
2023-11-29,12504,Điện Thoại Di Động (IPHONE) APPLE 15 PRO MAX 512GB A3106-VIE/TỰ NHIÊN (NATURAL)(MU7E3VN/A),6422,0.0,34900000.0
2023-11-29,8150,Thuế GTGT: TP CK CTY TG SO,1331,0.0,2300.0
2023-11-29,8149,TP CK CTY PHUONG KHANG COMPUTER,6422,0.0,23000.0
2023-11-29,64931,Thuế GTGT: Không có tên,1331,0.0,12000.0
2023-11-29,64931,Không có tên,6422,0.0,120000.0
2023-11-29,179487,THU LAI VAY LD2326100547,6422,0.0,1162308.0
2023-11-29,179488,THU LAI VAY LD2326200685,6422,0.0,776442.0
2023-11-29,8148,Thuế GTGT: TP CK CTY DAU TU LBM,1331,0.0,3247.0
2023-11-29,8148,TP CK CTY DAU TU LBM,6422,0.0,32472.0
2023-11-29,8149,Thuế GTGT: TP CK CTY PHUONG KHANG COMPUTER,1331,0.0,2300.0
2023-11-30,700584,Cước dịch vụ Viễn thông-Công nghệ thông tin tháng 11 năm 2023,6422,0.0,249636.0
2023-11-30,179884,THU LAI VAY QUA HAN PDLD2332000457,6422,0.0,384050.0
2023-11-30,672380,Thuế GTGT: Cước dịch vụ Viễn thông-Công nghệ thông tin tháng 11 năm 2023,1331,0.0,23364.0
2023-11-30,672380,Cước dịch vụ Viễn thông-Công nghệ thông tin tháng 11 năm 2023,6422,0.0,233636.0
2023-11-30,672554,Thuế GTGT: Cước dịch vụ Viễn thông-Công nghệ thông tin tháng 11 năm 2023,1331,0.0,2320.0
2023-11-30,672603,Thuế GTGT: Cước dịch vụ Viễn thông-Công nghệ thông tin tháng 11 năm 2023,1331,0.0,2000.0
2023-11-30,672555,Thuế GTGT: Cước dịch vụ Viễn thông-Công nghệ thông tin tháng 11 năm 2023,1331,0.0,2455.0
2023-11-30,672555,Cước dịch vụ Viễn thông-Công nghệ thông tin tháng 11 năm 2023,6422,0.0,24545.0
2023-11-30,700584,Thuế GTGT: Cước dịch vụ Viễn thông-Công nghệ thông tin tháng 11 năm 2023,1331,0.0,24964.0
2023-11-30,672603,Cước dịch vụ Viễn thông-Công nghệ thông tin tháng 11 năm 2023,6422,0.0,20000.0
2023-11-30,672644,Thuế GTGT: Cước dịch vụ Viễn thông-Công nghệ thông tin tháng 11 năm 2023,1331,0.0,27400.0
2023-11-30,672554,Cước dịch vụ Viễn thông-Công nghệ thông tin tháng 11 năm 2023,6422,0.0,23200.0
2023-11-30,179877,THU LAI VAY QUA HAN PDLD2330700434,6422,0.0,593333.0
2023-11-30,179879,THU LAI VAY QUA HAN PDLD2331200460,6422,0.0,418046.0
2023-11-30,179880,THU LAI VAY QUA HAN PDLD2331300532,6422,0.0,419583.0
2023-11-30,672644,Cước dịch vụ Viễn thông-Công nghệ thông tin tháng 11 năm 2023,6422,0.0,274000.0
2023-11-30,179878,THU LAI VAY QUA HAN PDLD2331100368,6422,0.0,537949.0
2023-11-30,178593,"Máy tính xách tay Dell Inspiron 15 3530, i7-1355U, 8GB, 512GB SSD, Intel Iris Xe Graphics, 15.6"" FHD, 4C 54Wh, ax+BT, OfficeHS21, McAfee MDS, Win 11, Đen (Carbon Black), 1Y WTY",6422,0.0,16363636.0
2023-11-30,179887,THU LAI VAY QUA HAN PDLD2332800445,6422,0.0,114430.0
2023-11-30,179865,THU LAI VAY QUA HAN PDLD2326400516,6422,0.0,499347.0
2023-11-30,179874,THU LAI VAY QUA HAN PDLD2329900438,6422,0.0,654152.0
2023-11-30,179875,THU LAI VAY QUA HAN PDLD2330300460,6422,0.0,661655.0
2023-11-30,179883,THU LAI VAY QUA HAN PDLD2331900242,6422,0.0,328173.0
2023-11-30,179882,THU LAI VAY QUA HAN PDLD2331800487,6422,0.0,404771.0
2023-11-30,179881,THU LAI VAY QUA HAN PDLD2331400487,6422,0.0,211017.0
2023-11-30,179885,THU LAI VAY QUA HAN PDLD2332100479,6422,0.0,384050.0
2023-11-30,179866,THU LAI VAY QUA HAN PDLD2326800590,6422,0.0,1308303.0
2023-11-30,179867,THU LAI VAY QUA HAN PDLD2327000523,6422,0.0,654152.0
2023-11-30,179868,THU LAI VAY QUA HAN PDLD2327200487,6422,0.0,654152.0
2023-11-30,179876,THU LAI VAY QUA HAN PDLD2330500416,6422,0.0,305974.0
2023-11-30,179870,THU LAI VAY QUA HAN PDLD2327900347,6422,0.0,699943.0
2023-11-30,179886,THU LAI VAY QUA HAN PDLD2332500639,6422,0.0,379830.0
2023-11-30,179873,THU LAI VAY QUA HAN PDLD2329600441,6422,0.0,654152.0
2023-11-30,179872,THU LAI VAY QUA HAN PDLD2329300421,6422,0.0,767189.0
2023-11-30,179871,THU LAI VAY QUA HAN PDLD2328900516,6422,0.0,979265.0
2023-11-30,179869,THU LAI VAY QUA HAN PDLD2327800665,6422,0.0,1520903.0
2023-12-01,728296,Thuế GTGT: Cước dịch vụ Viễn thông-Công nghệ thông tin tháng 11 năm 2023,1331,0.0,86438.0
2023-12-01,728296,Cước dịch vụ Viễn thông-Công nghệ thông tin tháng 11 năm 2023,6422,0.0,864378.0
2023-12-01,728202,Thuế GTGT: Cước dịch vụ Viễn thông-Công nghệ thông tin tháng 11 năm 2023,1331,0.0,50392.0
2023-12-01,24736342,Không có tên,6422,0.0,350000.0
2023-12-01,728202,Cước dịch vụ Viễn thông-Công nghệ thông tin tháng 11 năm 2023,6422,0.0,503916.0
2023-12-01,728203,Thuế GTGT: Cước dịch vụ Viễn thông-Công nghệ thông tin tháng 11 năm 2023,1331,0.0,24952.0
2023-12-01,728203,Cước dịch vụ Viễn thông-Công nghệ thông tin tháng 11 năm 2023,6422,0.0,249523.0
2023-12-01,24736342,Thuế GTGT: Không có tên,1331,0.0,35000.0
2023-12-03,9854,C11CJ67503: Máy in Epson L3250 STD,6422,0.0,3545455.0
2023-12-03,8215,Thuế GTGT: THU PHI CK CTY CP DV PP TH DAU KHI,1331,0.0,1500.0
2023-12-03,8215,THU PHI CK CTY CP DV PP TH DAU KHI,6422,0.0,15000.0
2023-12-03,22251,"Chuột Logitech không dây Bluetooth M350s, màu than chì (910-006988)",6422,0.0,1527273.0
2023-12-03,22251,"Thiết bị truyền hình ảnh Webcam Logitech HD Brio 100, màu than chì (960-001587)",6422,0.0,1663636.0
2023-12-03,22251,Chuột Gaming không dây Logitech G304 màu đen (910-005284),6422,0.0,2618182.0
2023-12-03,22251,Tai nghe Logitech H370 USB (981-000710),6422,0.0,2113636.0
2023-12-03,22251,Tai nghe Logitech H150 màu xanh (981-000454),6422,0.0,1104545.0
2023-12-03,22251,Tai nghe PC Logitech H111 Stereo (981-000588),6422,0.0,636364.0
2023-12-03,22251,Tai nghe PC Logitech H110 (981-000459),6422,0.0,659091.0
2023-12-04,477022,MÁY TÍNH XÁCH TAY (NB) HP 14-ep0128TU i5-1335U/8GD4/512GSSD/14.0FHD/Wlax/BT5/3C41WHr/W11SL/BẠC(8U6L5PA),6422,0.0,30063636.0
2023-12-04,2131,Máy in hóa đơn XP-T80L,6422,0.0,8072727.0
2023-12-04,477022,MÁY TÍNH XÁCH TAY (NB) HP Pavilion 15-eg3092TU i7-1355U/8GD4/512GSSD/15.6FHD/WLax/BT5/3C41WHr/ALUp/W11SL/VÀNG(8C5L3PA),6422,0.0,19191818.0
2023-12-04,8257,THU PHI CK CTY AN PHAT,6422,0.0,23000.0
2023-12-04,8257,Thuế GTGT: THU PHI CK CTY AN PHAT,1331,0.0,2300.0
2023-12-04,8256,THU PHI CK CTY CP DT VA PT CONG NGHE QUOC GIA ADG TAI DA NANG,6422,0.0,23000.0
2023-12-04,8256,Thuế GTGT: THU PHI CK CTY CP DT VA PT CONG NGHE QUOC GIA ADG TAI DA NANG,1331,0.0,2300.0
2023-12-04,8255,THU PHI CK CTY HUETRONICS,6422,0.0,23000.0
2023-12-04,181147,THU LAI VAY LD2326400516,6422,0.0,50135.0
2023-12-04,8255,Thuế GTGT: THU PHI CK CTY HUETRONICS,1331,0.0,2300.0
2023-12-04,8628,"Thiết bị định tuyến TP-Link, 2.4GHz/5GHz Archer C50",6422,0.0,1772727.0
2023-12-04,8628,"Thiết bị thu phát vô tuyến, TP-LINK, 2.4GHz/5GHz, Archer C24",6422,0.0,3090909.0
2023-12-04,8628,"Thiết bị định tuyến TP-Link, 2.4/5GHz, Archer C6",6422,0.0,2136364.0
2023-12-04,8628,"Thiết bị chuyển mạch TP-Link, TL-SF1016D",6422,0.0,656364.0
2023-12-04,8628,"Thiết bị chuyển mạch TP-Link, TL-SG1008D",6422,0.0,965455.0
2023-12-04,8628,"Thiết bị thu phát vô tuyến băng tần 2.4GHz, Tp-Link, TL-WN781ND",6422,0.0,406364.0
2023-12-04,8628,"Thiết bị thu phát vô tuyến băng tần 2.4GHz, Tp-Link, TL-WN881ND",6422,0.0,624545.0
2023-12-04,780395,Cước dịch vụ viễn thông trả sau (Dịch vụ chịu thuế),6422,0.0,235909.0
2023-12-04,780395,Thuế GTGT: Cước dịch vụ viễn thông trả sau (Dịch vụ chịu thuế),1331,0.0,23591.0
2023-12-05,11414,Máy in laser Canon MF 3010AE,6422,0.0,20000000.0
2023-12-05,11414,Máy in Epson LQ-310,6422,0.0,8909090.91
2023-12-05,390,Máy in phun đa năng Brother MFC-T920DW,6422,0.0,6563636.0
2023-12-05,2777,"Bộ chuyển đổi quang điện AP1113-20A, hiệu Aptek",6422,0.0,327273.0
2023-12-05,1629,Nguồn Jetek Model 350 ELITE V2,6422,0.0,14045455.0
2023-12-05,2777,"Bộ chuyển đổi quang điện AP1115-20B, hiệu Aptek",6422,0.0,327273.0
2023-12-05,1882,MÁY IN LASER ĐƠN NĂNG TRẮNG ĐEN - CANON PRINTER I-SENSYS LBP236DW,6422,0.0,14045455.0
2023-12-06,3649,Xy lanh tổng côn,6422,0.0,980000.0
2023-12-06,3649,Công sửa chữa,6422,0.0,1400000.0
2023-12-06,3649,Vệ sinh phanh,6422,0.0,60000.0
2023-12-06,3649,Lọc nhiên liệu tinh,6422,0.0,525000.0
2023-12-06,3649,Ống dầu sau máy phát,6422,0.0,586000.0
2023-12-06,3649,Bình GS 12V90AH,6422,0.0,2500000.0
2023-12-06,3649,Dầu phanh DOT3 (1L/1 Chai),6422,0.0,290000.0
2023-12-06,3649,Nắp két nước,6422,0.0,185000.0
2023-12-06,3649,Xy-lanh tổng côn,6422,0.0,880000.0
2023-12-07,2829,"Màn chiếu ba chân 70x70, hiệu ECO SCREEN",6422,0.0,1181481.0
2023-12-07,2828,"Hộp mực (Catridge) đã có mực in dùng cho máy in laser loại 83A,nhãn hiệu Xppro",6422,0.0,572727.0
2023-12-07,2828,Mực nạp đổ XP12 - 140,6422,0.0,1909091.0
2023-12-07,2828,"Hộp mực (Catridge) đã có mực in dùng cho máy in laser loại 214, nhãn hiệu Xppro",6422,0.0,545455.0
2023-12-07,2829,Màn chiếu treo 84,6422,0.0,1283333.0
2023-12-08,3372,Máy chấm công bằng dấu vân tay DG600BID,6422,0.0,1600000.0
2023-12-08,414447,DO 0.001S-V,6422,0.0,454545.0
2023-12-08,1917,MÁY IN LASER ĐƠN NĂNG TRẮNG ĐEN - CANON PRINTER I-SENSYS LBP236DW,6422,0.0,9363636.0
2023-12-08,77386806,Thuế GTGT:  Thu Phi SMS thay doi so du thang  11/2023,1331,0.0,5455.0
2023-12-08,77386806,Thu Phi SMS thay doi so du thang  11/2023,6422,0.0,54545.0
2023-12-10,125161,Màn hình VIEWSONIC VA1903A/19'' LCD MONITOR,6422,0.0,11181818.0
2023-12-10,3330,Điện thoại có dây Panasonic KXTS500,6422,0.0,4724000.0
2023-12-10,125212,Bàn phím máy tính NK2600 US_BLACK,6422,0.0,41818182.0
2023-12-10,125212,Chuột máy tính N100.BLACK - Optical Mouse,6422,0.0,18181818.0
2023-12-10,11568,Máy in Epson L8050,6422,0.0,5727272.73
2023-12-10,11569,Máy hủy giấy Magitech DM-120C,6422,0.0,2796296.3
2023-12-11,8872,"Thiết bị chuyển mạch TP-Link, TL-SF1005D",6422,0.0,536364.0
2023-12-11,186,Bàn phím Coolerplus CPK-FC122,6422,0.0,81818.0
2023-12-11,8872,"Thiết bị thu phát vô tuyếnTP-Link,TL-WA850RE",6422,0.0,945455.0
2023-12-11,8872,"Thiết bị định tuyến băng tần 2,4 GHz, W-CDMA FDD/E-UTRA FDD, TP-LINK, TL-MR100",6422,0.0,3500000.0
2023-12-11,186,Vỏ case Proone CPC-G315,6422,0.0,363636.0
2023-12-11,186,Chuột Coolerplus CPM-FC122,6422,0.0,54545.0
2023-12-11,186,Tai nghe Coolerplus CPH-FH450s,6422,0.0,181818.0
2023-12-11,186,Nguồn Coolerplus GX650,6422,0.0,381818.0
2023-12-11,181836,"Máy tính xách tay Lenovo V15 G3 IAP, i5-1235U, 8GB, 512GB SSD, Intel Iris Xe Graphics, 15.6"" FHD, 2C 38Wh, ac+BT, W11H 64, Xám (Iron Grey), 1Y WTY_82TT00N9VN",6422,0.0,28085259.0
2023-12-11,8872,"Thiết bị thu phát vô tuyến 2.4 GHz/5GHz, TP-Link , EAP245",6422,0.0,10458182.0
2023-12-11,181835,"USB hỗ trợ kết nối bluetooth, hiệu TP-LINK_UB500",6422,0.0,900000.0
2023-12-11,181835,"Thiết bị thu phát vô tuyến TP-LINK 2,4GHz/5GHz_EAP245",6422,0.0,3954546.0
2023-12-11,8424,Thuế GTGT: TP CK CTY THE GIOI SO,1331,0.0,4000.0
2023-12-11,181835,Thiết bị thu phát vô tuyến TP-LINK_TL-WN725N,6422,0.0,490910.0
2023-12-11,8425,TP CK CTY PP SYNNEX FPT,6422,0.0,38404.0
2023-12-11,8425,Thuế GTGT: TP CK CTY PP SYNNEX FPT,1331,0.0,3840.0
2023-12-11,8424,TP CK CTY THE GIOI SO,6422,0.0,40000.0
2023-12-11,184666,THU LAI VAY LD2326800590,6422,0.0,406507.0
2023-12-11,487626,MÁY TÍNH XÁCH TAY (NB) DELL VOS15 3530 i5-1335U/8GD4/512SSD/15.6FHD/120Hz/3C41WHr/W11SL+OFFICE HOME_ST/ProSup/XÁM(80GG9),6422,0.0,42000000.0
2023-12-11,487586,Chiết khấu thương mại S2023-01681 22/11/2023,6422,0.0,29792727.0
2023-12-11,78232887,Trich thu Tien vay - Lai : 17326027 - Phat : 9494 - Acct vay 414931889,6422,0.0,17335521.0
2023-12-12,6204,Bảng mạch chính Asus PRIME H510M-K R2.0,6422,0.0,20863636.0
2023-12-12,6204,Chiết khấu giảm giá,6422,0.0,909091.0
2023-12-12,6204,Bộ nhớ trong Kingston Fury 16GB D4-3200U C16 Beast Black (KF432C16BB/16),6422,0.0,4363636.0
2023-12-12,487780,Chiết khấu thương mại S2023-01769 05/12/2023,6422,0.0,3360000.0
2023-12-12,487780,"Ổ CỨNG DI ĐỘNG (HDD) SEAGATE EXPANSION PORTABLE 1TB 2.5"" USB 3.0(STKM1000400)",6422,0.0,18354540.0
2023-12-12,487780,"Ổ CỨNG DI ĐỘNG (HDD) SEAGATE EXPANSION PORTABLE 2TB 2.5"" USB 3.0(STKM2000400)",6422,0.0,9740905.0
2023-12-12,88227,Bộ nhớ RAM của máy vi tính hiệu TeamGroup Vulcan Z Gray 16GB DDR4-3200,6422,0.0,6545455.0
2023-12-12,88227,Bộ nhớ RAM của máy vi tính hiệu TeamGroup Vulcan Z Red 16GB DDR4-3200,6422,0.0,6545454.0
2023-12-12,88227,Bộ nhớ RAM của máy vi tính xách tay Teamgroup Elite 8GB DDR5-4800,6422,0.0,2090909.0
2023-12-12,88220,Bộ nhớ máy vi tính Kingmax 8GB DDR5-5600 HEATSINK Horizon,6422,0.0,1272727.0
2023-12-12,88220,Bộ vi xử lý vi tính Intel Core i3-10105 (BX8070110105SRH3P) + Quạt,6422,0.0,7404545.0
2023-12-12,88220,Mạch chính vi tính Gigabyte H510M H V2,6422,0.0,7040909.0
2023-12-12,88220,Cạc màn hình Gigabyte 4GB GV-N1656WF2OC-4GD,6422,0.0,6636364.0
2023-12-13,12072,Bộ vi xử lý vi tính Intel Core I5-10400 + Quạt,6422,0.0,9954545.0
2023-12-13,12072,"Màn hình ViewSonic VA2215-H/21.5"" LCD Monitor",6422,0.0,1354545.0
2023-12-13,12072,ổ cứng SSD Samsung 980 1TB M.2 NVMe(MZ-V8V1T0BW),6422,0.0,3272727.0
2023-12-13,6589,BỘ LƯU ĐIỆN SANTAK - MÃ HÀNG BLAZER-1200 PRO,6422,0.0,2818182.0
2023-12-14,22900,Chuột không dây Logitech M331 màu đen (910-004914),6422,0.0,2572727.0
2023-12-14,22900,Chuột không dây Logitech M331 màu xanh (910-004915),6422,0.0,1286364.0
2023-12-14,22900,Chuột không dây Logitech M331 màu đỏ (910-004916),6422,0.0,1286364.0
2023-12-14,22900,Chuột không dây Logitech M221 màu đen (910-004882),6422,0.0,4000000.0
2023-12-14,8539,THU PHI CK CTY VINH XUAN,6422,0.0,23000.0
2023-12-14,8539,Thuế GTGT: THU PHI CK CTY VINH XUAN,1331,0.0,2300.0
2023-12-14,8538,THU PHI CK CTY DAI PHAT,6422,0.0,23000.0
2023-12-14,8538,Thuế GTGT: THU PHI CK CTY DAI PHAT,1331,0.0,2300.0
2023-12-14,8537,THU PHI CK CTY PP TONG HOP DAU KHI,6422,0.0,23000.0
2023-12-14,8537,Thuế GTGT: THU PHI CK CTY PP TONG HOP DAU KHI,1331,0.0,2300.0
2023-12-14,8536,THU PHI CK CTY VIEN SON,6422,0.0,23000.0
2023-12-14,8536,Thuế GTGT: THU PHI CK CTY VIEN SON,1331,0.0,2300.0
2023-12-14,186631,THU LAI VAY LD2327000523,6422,0.0,276194.0
2023-12-14,186634,THU LAI VAY LD2327200487,6422,0.0,316438.0
2023-12-15,184345,"Máy tính xách tay Lenovo V15 G4 IAH, i5-12500H, 16GB, 512GB SSD, Intel Iris Xe Graphics, 15.6"" FHD, 2C 38Wh, ax+BT, FP, W11H, Xám (Iron Grey), 1Y WTY_83FS0032VN",6422,0.0,20674546.0
2023-12-15,3391,Điện thoại có dây Panasonic KXTS500,6422,0.0,2363000.0
2023-12-17,6237,"Bàn phím Logitech không dây Bluetooth K380s, màu than chì (920-011753)",6422,0.0,2381818.0
2023-12-17,404,Dây chuyển đổi có chipset USB sangcổng COM RS-232 dài 1.5M Ugreen(20211),6422,0.0,300000.0
2023-12-17,404,Cáp dữ liệu VIDEO HDMI 1.4 truyềnâm thanh hình ảnh dài 20M Ugreen(10112),6422,0.0,1496364.0
2023-12-17,404,Màn hình máy tính Dell 22 MonitorE2223HN,6422,0.0,4018182.0
2023-12-17,404,Laptop Lenovo V15 G3 82TT00N9VN-I5/1235U 8gb/SSD512,6422,0.0,20090909.0
2023-12-17,404,Cáp dữ liệu VIDEO HDMI 1.4 truyềnâm thanh hình ảnh dài 1.5M Ugreen(60820),6422,0.0,363636.0
2023-12-17,22979,Chuột Logitech Gaming G102 Gen 2 màu đen(910-005802),6422,0.0,3318182.0
2023-12-17,22979,"Bàn phím Logitech không dây Bluetooth K380s, màu trắng (920-011754)",6422,0.0,595455.0
2023-12-17,22979,"Thiết bị truyền hình ảnh Webcam Logitech HD Brio 100, màu than chì (960-001587)",6422,0.0,2218182.0
2023-12-17,404,Cáp dữ liệu VIDEO VGA truyền hìnhảnh dài 10M Ugreen (11633),6422,0.0,250000.0
2023-12-17,404,Màn hình vi tính Philips 271V8LA/74/27INCH/VA-LCD,6422,0.0,4200000.0
2023-12-17,404,Cáp dữ liệu USB 2.0 cho máy intruyền dữ liệu từ máy tính ra máy indài 3m Ugreen (10328),6422,0.0,318182.0
2023-12-17,404,Màn hình vi tính Dell S2421H,6422,0.0,2663636.0
2023-12-17,8037,Bàn Phím Logitech K400 (Plus) Đen,6422,0.0,1109090.0
2023-12-17,8037,Chuột Logitech Pebble Mouse 2 M350S trắng,6422,0.0,372727.0
2023-12-17,8037,Chuột Logitech Pebble Mouse 2 M350S hồng,6422,0.0,372727.0
2023-12-17,8037,Chuột Logitech Pebble Mouse 2 M350S đen,6422,0.0,372727.0
2023-12-17,8037,Chuột Logitech M187 Đen,6422,0.0,930908.0
2023-12-17,8037,Chuột Logitech M187 Đỏ,6422,0.0,698181.0
2023-12-17,8037,Chuột Logitech M187 Xanh,6422,0.0,698181.0
2023-12-17,8037,Bàn Phím+Chuột Logitech MK270r,6422,0.0,854546.0
2023-12-17,8037,Thiết bị ghi hình Logitech C270 (Webcam),6422,0.0,1659090.0
2023-12-17,8037,Thiết bị ghi hình Logitech C310 (Webcam),6422,0.0,1140000.0
2023-12-17,8037,Bàn Phím+Chuột Logitech MK235,6422,0.0,760000.0
2023-12-17,1251,Màn hình máy tính Dell 22 Monitor - E2223HN powercord/ 36mths Advanced Exchange Service,6422,0.0,60000000.0
2023-12-17,188243,THU LAI VAY LD2331400487,6422,0.0,189863.0
2023-12-17,188241,THU LAI VAY LD2331300532,6422,0.0,359544.0
2023-12-17,188238,THU LAI VAY LD2331200460,6422,0.0,341943.0
2023-12-17,188237,THU LAI VAY LD2331100368,6422,0.0,420888.0
2023-12-17,188235,THU LAI VAY LD2330700434,6422,0.0,395447.0
2023-12-17,188232,THU LAI VAY LD2330500416,6422,0.0,189863.0
2023-12-17,404,Bộ vi xử lý vi tính Intel Core I3-10105,6422,0.0,20072728.0
2023-12-17,188245,THU LAI VAY LD2331800487,6422,0.0,455242.0
2023-12-17,8037,Thiết bị ghi hình Logitech Brio 100 hồng,6422,0.0,554545.0
2023-12-17,8037,Thiết bị ghi hình Logitech Brio 100 trắng,6422,0.0,554545.0
2023-12-17,404,Vi mạch điện tử 7504 Unitek,6422,0.0,390909.0
2023-12-17,404,Cáp dữ liệu VIDEO HDMI 1.4 truyềnâm thanh hình ảnh dài 5M Ugreen(10109),6422,0.0,618182.0
2023-12-17,6010,"Camera quan sát CS-H8C (4MP,4MM)",6422,0.0,3360000.0
2023-12-17,6010,"Camera quan sát CS-H3C (1080P,4MM,COLOR)",6422,0.0,2800000.0
2023-12-17,6010,"Camera kỹ thuật số có chức năng ghi hiệu EZVIZ mã CS-C1C(1080P,H.265) - Hỗ trợ thẻ nhớ trong",6422,0.0,1118181.0
2023-12-17,6010,"Camera kỹ thuật số có chức năng ghi hiệu EZVIZ mã CS-C3TN (3MP,2.8MM)- hỗ trợ thẻ nhớ trong",6422,0.0,4050000.0
2023-12-17,6010,Đầu ghi hình DS-7216HGHI-K1,6422,0.0,1327273.0
2023-12-17,6010,"Camera quan sát CS-H8 (5MP,4MM)",6422,0.0,2227272.0
2023-12-17,7336,"MÁY TÍNH ĐỂ BÀN DELL INS 3020 (i3-13100,8GD4,256GB SSD,SD,WLn,BT,KB,M,W11S,Pro)",6422,0.0,263181818.0
2023-12-17,126545,Màn hình VIEWSONIC VA1903A/19'' LCD MONITOR,6422,0.0,5590909.0
2023-12-17,404,Cáp dữ liệu VIDEO HDMI 1.4 truyềnâm thanh hình ảnh dài 15M Ugreen(10111),6422,0.0,445455.0
2023-12-17,188230,THU LAI VAY LD2330300460,6422,0.0,384081.0
2023-12-17,10268,L8050 Máy in Epson,6422,0.0,5727273.0
2023-12-17,188221,THU LAI VAY LD2327800665,6422,0.0,855529.0
2023-12-17,188223,THU LAI VAY LD2327900347,6422,0.0,406307.0
2023-12-17,188226,THU LAI VAY LD2329300421,6422,0.0,445343.0
2023-12-17,188227,THU LAI VAY LD2329600441,6422,0.0,379726.0
2023-12-17,188229,THU LAI VAY LD2329900438,6422,0.0,379726.0
2023-12-17,188225,THU LAI VAY LD2328900516,6422,0.0,568450.0
2023-12-18,127198,"Bàn phím vi tính hiệu Rapoo mới 100%. Item no: 19778, Model: V500SE, BLACK_LS Switch Red",6422,0.0,3636364.0
2023-12-18,127198,"Bàn phím vi tính hiệu Rapoo mới 100%. Item no: 19776, Model: V500SE, Backlit Mechanical Gaming Keyboard US_BLACK_LS",6422,0.0,3181818.0
2023-12-18,127198,"Bộ điều khiển Gamepad hiệu Rapoo, V600S Wireless Vibration Gamepad Space Grey",6422,0.0,2636364.0
2023-12-18,21424,Máy in laser Canon LBP2900,6422,0.0,69400000.0
2023-12-18,2221,Máy in hóa đơn XP-T80L,6422,0.0,8072727.0
2023-12-18,2221,Máy in mã vạch XP-350B,6422,0.0,3000000.0
2023-12-18,184636,"Máy tính xách tay Dell Inspiron 15 3530, i7-1355U, 8GB, 512GB SSD, Intel Iris Xe Graphics, 15.6"" FHD, 4C 54Wh, ax+BT, OfficeHS21, McAfee MDS, Win 11, Đen (Carbon Black), 1Y WTY",6422,0.0,32363636.0
2023-12-18,427543,DO 0.05S-II,6422,0.0,454643.0
2023-12-18,1677,Vỏ thùng máy tính Jetek Game V12A,6422,0.0,21818182.0
2023-12-18,11845,Máy hủy giấy Magitech DM-120C,6422,0.0,5592592.59
2023-12-18,127198,Tai nghe khung choàng đầu (có dây) hiệu Rapoo VH500C Gaming BLACK,6422,0.0,3272727.0
2023-12-18,127198,Bộ điều khiển Gamepad V600 E-sports vibration gamepad BLACK,6422,0.0,1750000.0
2023-12-18,6684,BỘ LƯU ĐIỆN SANTAK - MÃ HÀNG BLAZER-2200 PRO,6422,0.0,3409091.0
2023-12-18,127198,"Bộ bàn phím, chuột máy vi tính hiệu Rapoo 8000M Multi-mode Wireless Keyboard & Mouse US_WHITE",6422,0.0,1386364.0
2023-12-18,127198,"Chuột vi tính hiệu Rapoo mới 100%. Item no: 19846, Model: VT200, IR Optical Gaming Mouse BLACK",6422,0.0,1590909.0
2023-12-18,493445,MÁY TÍNH XÁCH TAY (NB) DELL VOS 14 3430 i5-1335U/8GD4/512SSD/14.0FHD/3C41WHr/W11SL+OFFICE HOME_ST/2GD6_MX550/ProS/XÁM(60YGM),6422,0.0,31636362.0
2023-12-18,493445,MÁY TÍNH ĐỂ BÀN (PC) DELL VOS 3020T i5-13400(10*2.5)/8GD4/512GSSD/SD/WLn/BT5.2/KB/M/W11SL/Pro/ĐEN(6FM7X11),6422,0.0,24181818.0
2023-12-18,89061,Bộ vi xử lý vi tính Intel Core i3-10105 (BX8070110105SRH3P) + Quạt,6422,0.0,24681817.0
2023-12-18,89061,Bộ nhớ máy vi tính Kingmax 4GB DDR4-2666,6422,0.0,2318182.0
2023-12-18,89061,Bộ nhớ máy vi tính Kingmax 8GB DDR4-2400,6422,0.0,1886364.0
2023-12-18,89061,Bộ nhớ máy tính xách tay Kingmax 8GB DDR4-2666,6422,0.0,1886364.0
2023-12-18,127198,"Chuột vi tính V16RGB màu đen, hiệu Rapoo, mới 100%",6422,0.0,1672727.0
2023-12-18,127198,"Bàn phím vi tính V50S màu đen, hiệu Rapoo, mới 100%.",6422,0.0,1963636.0
2023-12-18,493445,Chiết khấu thương mại S2023-01814 18/12/2023,6422,0.0,1105455.0
2023-12-19,494469,MÁY TÍNH XÁCH TAY (NB) HP 14s-dq5122TU i3-1215U/8GD4/256GSSD/14.0FHD/Wlac/BT5/3C41WHr/W11SL/BẠC(8W356PA),6422,0.0,9591818.0
2023-12-19,494469,MÁY TÍNH XÁCH TAY (NB) HP 240 G10 i3-1315U/8G/256GSSD/14.0FHD/WL/BT/3C/W11SL/BẠC(8F129PA),6422,0.0,20785454.0
2023-12-19,494469,MÁY TÍNH XÁCH TAY (NB) HP Pavilion X360 14-ek1048TU i5-1335U/8G/512GSSD/14.0FHDT/PEN/FP/WL/BT/3C/W11SL/VÀNG(80R26PA),6422,0.0,18312727.0
2023-12-19,494469,MÁY TÍNH XÁCH TAY (NB) HP Pavilion 15-eg3092TU i7-1355U/8GD4/512GSSD/15.6FHD/WLax/BT5/3C41WHr/ALUp/W11SL/VÀNG(8C5L3PA),6422,0.0,19192727.0
2023-12-19,494469,MÁY TÍNH XÁCH TAY (NB) HP Pavilion 15-eg3033TX i5-1335U/16GD4/512GSSD/15.6FHD/WL/BT/3C41WHr/ALUp/W11SL/2G_MX550/VÀNG(8U6L6PA),6422,0.0,17832727.0
2023-12-19,494469,MÁY TÍNH XÁCH TAY (NB) HP Pavilion 15-eg3099TU i3-1315U/8GD4/256GSSD/15.6FHD/WLax/BT5/3C41WHr/ALUp/W11SL/BẠC(8C5M0PA),6422,0.0,12232727.0
2023-12-19,494469,MÁY TÍNH XÁCH TAY (NB) HP 14s-dq5121TU i3-1215U/8GD4/512GSSD/14.0FHD/Wlac/BT5/3C41WHr/W11SL/BẠC(8W355PA),6422,0.0,10391818.0
2023-12-19,494848,Chiết khấu thương mại S2023-01701 24/11/2023,6422,0.0,3213637.0
2023-12-19,494848,CHUỘT VI TÍNH (MOUSE) LOGITECH B175 WIRELESS/OPTICAL/AA/ĐEN (BLACK)/NB(910-002635),6422,0.0,6636350.0
2023-12-19,5383,MÁY TÍNH XÁCH TAY (NB) HP Pavilion 15-eg3098TU i3-1315U/8GD4/256GSSD/15.6FHD/WLax/BT5/3C41WHr/ALUp/W11SL/VÀNG(8C5L9PA),6422,0.0,24465454.0
2023-12-19,27932,Chíp vi xử lý INTEL CORE I5 12400 - 2.50GHZ (BX8071512400   S RL5Y)+Quạt,6422,0.0,3772727.0
2023-12-19,27932,Bộ nhớ trong của máy vi tính KINGSTON 16G D4 - 3200U22 1RX8 UDIMM   (KVR32N22S8/16),6422,0.0,7045450.0
2023-12-19,27932,Chíp vi xử lý INTEL CORE I3 10105 - 3.70 GHZ (BX8070110105   S RH3P) + Quạt,6422,0.0,7445454.0
2023-12-19,2012,MÁY IN LASER ĐEN TRẮNG ĐƠN NĂNG CANON I-SENSYS LBP233DW (5162C008BA),6422,0.0,9272727.0
2023-12-19,11886,Máy in Canon LBP 233DW,6422,0.0,4636363.64
2023-12-19,27932,Bảng mạch chính của máy vi tính hiệu ASUS PRIME  H610M -K D4 - SI,6422,0.0,7936365.0
2023-12-20,211,Hộp mực in iziNet 12A/303/FX9 Universal,6422,0.0,4500000.0
2023-12-20,14043,bản quyền phần mềm kaspersky dùng cho máy tính Kaspersky Plus SEA 1-Dvc 1Y BsRP ( KL 10424UAFS ),6422,0.0,248000.0
2023-12-20,14043,bản quyền phần mềm kaspersky dùng cho máy tính Kaspersky Plus SEA 5-Dvc 1Y BsRP ( KL 10424UEFS ),6422,0.0,2355000.0
2023-12-20,8659,Thuế GTGT: TP CK CTY TG SO,1331,0.0,4000.0
2023-12-20,8659,TP CK CTY TG SO,6422,0.0,40000.0
2023-12-20,14019,bản quyền phần mềm kaspersky dùng cho máy tính Kaspersky Plus SEA 5-Dvc 1Y BsRP ( KL 10424UEFS ),6422,0.0,11775000.0
2023-12-20,89585,"Máy tính xách tay MSI GF63 12UC-887VN (i7-12650H; 8GB; 512GB SSD; RTX3050/4GB; 15.6"" FHD 144Hz; Win11; Đen)",6422,0.0,17045454.0
2023-12-20,8658,Thuế GTGT: TP CK CTY MICROSUN,1331,0.0,2300.0
2023-12-20,8658,TP CK CTY MICROSUN,6422,0.0,23000.0
2023-12-20,189916,THU LAI VAY LD2331900242,6422,0.0,449215.0
2023-12-20,89585,"Con chuột của máy vi tính hiệu MSI model M99, mới 100%",6422,0.0,136364.0
2023-12-20,247543,"Máy tính xách tay Lenovo ThinkPad E14 Gen 5, i5-1335U, 8GB, 512GB SSD, Intel Iris Xe Graphics, 14"" WUXGA IPS, 3C 47Wh, ax+BT, FP, No OS, Đen (Black), 2Y WTY_21JK006QVA",6422,0.0,30000000.0
2023-12-21,191226,THU LAI VAY LD2335500531,6422,0.0,31644.0
2023-12-21,191225,THU LAI VAY LD2334900621,6422,0.0,265219.0
2023-12-21,191219,THU LAI VAY LD2332800445,6422,0.0,419462.0
2023-12-21,191222,THU LAI VAY LD2333400522,6422,0.0,748052.0
2023-12-21,191223,THU LAI VAY LD2333900651,6422,0.0,412819.0
2023-12-21,129015,"Chuột vi tính hiệu Rapoo mới 100%. Item no: 18823, Model: M20, Wireless Optical Mouse BLACK",6422,0.0,5227273.0
2023-12-21,129015,"Chuột vi tính V16RGB màu đen, hiệu Rapoo, mới 100%",6422,0.0,4181818.0
2023-12-21,129015,"Bàn phím vi tính V50S màu đen, hiệu Rapoo, mới 100%.",6422,0.0,4909091.0
2023-12-21,129015,"Chuột vi tính hiệu Rapoo mới 100%. Item no: 19846, Model: VT200, IR Optical Gaming Mouse BLACK",6422,0.0,1590909.0
2023-12-21,129015,Bộ điều khiển Gamepad V600 E-sports vibration gamepad BLACK,6422,0.0,2450000.0
2023-12-21,129015,Tai nghe khung choàng đầu (có dây) hiệu Rapoo VH500C Gaming BLACK,6422,0.0,2863636.0
2023-12-21,129015,"Bộ điều khiển Gamepad hiệu Rapoo, V600S Wireless Vibration Gamepad Space Grey",6422,0.0,1054545.0
2023-12-21,129015,"Bộ điều khiển Gamepad hiệu Rapoo, V600S Wireless Vibration Gamepad Sierra Blue",6422,0.0,1054545.0
2023-12-21,129015,"Bộ điều khiển Gamepad hiệu Rapoo, V600S Wireless Vibration Gamepad Starry Silver",6422,0.0,1054545.0
2023-12-21,497962,MÁY TÍNH XÁCH TAY (NB) DELL VOS15 3530 i3-1305U/8GD4/256SSD/15.6FHD/120Hz/41WHr/W11SL+OFFICE HOME_ST/Pro/XÁM(80GG92),6422,0.0,9090909.0
2023-12-21,497888,MÁY TÍNH XÁCH TAY (NB) DELL VOS15 3530 i3-1305U/8GD4/256SSD/15.6FHD/120Hz/41WHr/W11SL+OFFICE HOME_ST/Pro/XÁM(80GG92),6422,0.0,48636360.0
2023-12-21,191217,THU LAI VAY LD2332500639,6422,0.0,928219.0
2023-12-21,191224,THU LAI VAY LD2334600483,6422,0.0,413501.0
2023-12-21,91343,"Thiết bị thu phát vô tuyến TP-LINK, TL-WA850RE",6422,0.0,1541816.0
2023-12-21,191211,THU LAI VAY LD2332100479,6422,0.0,649753.0
2023-12-21,191210,THU LAI VAY LD2332000457,6422,0.0,590204.0
2023-12-21,129015,"Chuột vi tính M22 Silent màu đen, hiệu Rapoo, mới 100%.",6422,0.0,15681818.0
2023-12-22,28158,Ổ đĩa SDRW-08D2S-U LITE hiệu ASUS,6422,0.0,2954545.0
2023-12-24,2956,"Hộp mực (Cartridge) đã có mực in dùng cho máy in laser, loại LH2612A ( HP1010/1012/CN2900), hiệu Premium",6422,0.0,818182.0
2023-12-24,2956,"Hộp mực (Catridge) đã có mực in dùng cho máy in laser loại 49A, nhãn hiệu Xppro",6422,0.0,600000.0
2023-12-24,2956,"Hộp mực (Catridge) đã có mực in dùng cho máy in laser loại 35A,nhãn hiệu Xppro",6422,0.0,381818.0
2023-12-24,2956,"Mực nước dùng cho máy in loại dye ink  L110/L310 màu vàng, 70ml",6422,0.0,22727.0
2023-12-24,2956,"Mực nước dùng cho máy in loại dye ink  L110/L310 màu đỏ tươi, 70ml",6422,0.0,45455.0
2023-12-24,2956,"Mực nước dùng cho máy in Epson loại Dyeink 003,màu vàng 70ml,nhãn hiệu Inxmo",6422,0.0,31818.0
2023-12-24,2956,"Mực nước dùng cho máy in Epson loại Dyeink 003,màu đỏ 70ml,nhãn hiệu Inxmo",6422,0.0,31818.0
2023-12-24,2956,"Mực nước dùng cho máy in Epson loại Dyeink 003,màu lục lam 70ml,nhãn hiệu Inxmo",6422,0.0,31818.0
2023-12-24,2956,"Mực nước dùng cho máy in Epson loại Dyeink 003,màu đen 70ml,nhãn hiệu Inxmo",6422,0.0,31818.0
2023-12-24,410,Máy in trắng đen đơn năng HL- B2180DW,6422,0.0,4027273.0
2023-12-24,2956,"Trống (Linh kiện cho máy in vi tính), nhãn hiệu Gantech, loại CF226A, màu OEM",6422,0.0,136364.0
2023-12-24,2956,"Thanh từ (linh kiện của hộp mực (Cartridge) dùng cho máy in laser, loại MR12A/1010",6422,0.0,272727.0
2023-12-24,2956,Mực nạp đổ XP Brother 2240,6422,0.0,1272728.0
2023-12-24,2956,Mực nạp đổ XP12 - 140,6422,0.0,1909091.0
2023-12-24,2956,"Hộp mực ( Cartridge) đã có mực in dùng cho máy in laser, loại LHCF276A (HP M404/M428), hiệu XP PRO",6422,0.0,454546.0
2023-12-24,2956,"Hộp mực (Catridge) đã có mực in dùng cho máy in laser loại CE505A,nhãn hiệu Xppro",6422,0.0,200000.0
2023-12-24,2956,"Trống ( linh kiện cho máy in vi tính), nhãn hiệu Gantech, loại 17A/CF216, màu OEM",6422,0.0,272727.0
2023-12-24,2956,"Hộp mực (Catridge) đã có mực in dùng cho máy in laser loại 83A,nhãn hiệu Xppro",6422,0.0,381818.0
2023-12-25,28300,Bảng mạch chính của máy vi tính hiệu ASUS TUF GAMING B760M-PLUS WIFI D4,6422,0.0,3363636.0
2023-12-25,28300,Bảng mạch chính của máy vi tính hiệu ASUS PRIME  H610M -K D4 - SI,6422,0.0,3174546.0
2023-12-25,28300,Chíp vi xử lý INTEL CORE I5 10400 - 2.90 GHZ (BX8070110400   S RH3C) + Quạt,6422,0.0,9272727.0
2023-12-25,500706,Chiết khấu thương mại S2023-01535 26/10/2023,6422,0.0,93240000.0
2023-12-25,500706,MÁY TÍNH XÁCH TAY (NB) LENOVO V14 G3 IAP i3-1215U/8GD4/256GSSD/14.0FHD/IPS/WL/BT/2C38/NoOS/ĐEN(82TS0060VN),6422,0.0,93240000.0
2023-12-25,500682,Chiết khấu thương mại S2023-01535 26/10/2023,6422,0.0,17528545.0
2023-12-25,500682,MÁY TÍNH XÁCH TAY (NB) LENOVO V14 G3 IAP i3-1215U/8GD4/256GSSD/14.0FHD/IPS/WL/BT/2C38/NoOS/ĐEN(82TS0060VN),6422,0.0,93240000.0
2023-12-25,9997,Thẻ nhớ Patriot VX Series 64GB MICRO SDXC V30 P/N 7FCNB6JPUVI-64G,6422,0.0,4645455.0
2023-12-25,129945,Chuột máy tính N100.BLACK - Optical Mouse,6422,0.0,4545455.0
2023-12-25,129945,Bàn phím máy tính NK2600 US_BLACK,6422,0.0,20909091.0
2023-12-26,193833,"PHI T12/2023-040019911911-ALERT(334),IB,OTP,QLTK",6422,0.0,125000.0
2023-12-26,193833,"Thuế GTGT: PHI T12/2023-040019911911-ALERT(334),IB,OTP,QLTK",1331,0.0,12500.0
2023-12-26,251558,"Màn hình máy tính Lenovo ThinkVision S22e-20, 21.5"" FHD, 3Y WTY_62C6KAR1WW",6422,0.0,44411375.0
2023-12-26,190520,Thiết bị chuyển mạch TP-LINK_LS1008G,6422,0.0,1504545.0
2023-12-26,190520,Thiết bị chuyển mạch TP-LINK_TL-SG108,6422,0.0,720000.0
2023-12-26,190520,Thiết bị chuyển mạch gigabit 5 port hiệu TP-LINK_TL-SG105,6422,0.0,1263635.0
2023-12-26,190520,Cạc (card) mạng PCI adapter TP-Link_TL-WN881ND,6422,0.0,1045455.0
2023-12-26,190520,Cạc (card) mạng PCI adapter TP-LINK_TL-WN781ND,6422,0.0,690910.0
2023-12-26,190520,"Bộ định tuyến TP-LINK, 2,4GHz/5GHz_Archer C50",6422,0.0,1772725.0
2023-12-26,190520,"Thiết bị đầu cuối GSM/ W-CDMA FDD/E-UTRA FDD, 2,4 GHz, TP-LINK_M7000",6422,0.0,2222727.0
2023-12-26,190520,"Thiết bị thu phát vô tuyến, TP-LINK, 2,4GHz/5GHz_Archer C24",6422,0.0,1254544.0
2023-12-26,12145,Máy in Canon LBP 233DW,6422,0.0,9545454.55
2023-12-26,8795,Thuế GTGT: THU PHI CK CTY PP TH DAU KHI,1331,0.0,1500.0
2023-12-26,2845,"Hộp mực đã có mực in, tương thích xerox C-XD2065, 10K",6422,0.0,1250000.0
2023-12-26,3550,"Máy hủy giấy hiệu Ziba model PC-415CD ,hoạt động bằng điện",6422,0.0,7500000.0
2023-12-26,90770,Bộ vi xử lý vi tính Intel Core i5-10400 (BX8070110400SRH3C) + Quạt,6422,0.0,76818182.0
2023-12-26,90770,Mạch chính vi tính Gigabyte H510M H V2,6422,0.0,34886364.0
2023-12-26,90771,Giảm giá hàng bán Máy in Brother theo văn bản số 1516 ngày 07/12/2023,6422,0.0,6154545.0
2023-12-26,502291,Chiết khấu thương mại S2023-01868 22/12/2023,6422,0.0,38636363.0
2023-12-26,502291,MÁY TÍNH XÁCH TAY (NB) HP Pavilion 15-eg2081TU i5-1240P/16GD4/512GSSD/15.6FHD/Wlac/BT5/3C41WHr/ALUp/W11SL/VÀNG(7C0Q4PA),6422,0.0,30909090.0
2023-12-26,502291,MÁY TÍNH XÁCH TAY (NB) HP Pavilion X360 14-ek1047TU i7-1355U/16G/512GSSD/14.0FHDT/PEN/FP/WL/BT/3C/W11SL/VÀNG(80R25PA),6422,0.0,21818182.0
2023-12-26,502163,MÀN HÌNH VI TÍNH (LCD) LENOVO ThinkVision S24i-30 23.8INCH/1920x1080/100Hz/IPS/WLED/VGA/HDMI/3Y/ĐEN(63DEKAR3WW),6422,0.0,42400000.0
2023-12-26,501362,BÀN PHÍM (KEYBOARD) LOGITECH G213 WIRED/USB/ĐEN (BLACK)(920-008096),6422,0.0,1509090.0
2023-12-26,501362,CHUỘT VI TÍNH (MOUSE) LOGITECH M650 WIRELESS/BLUETOOTH/HỒNG (ROSE)(910-006263),6422,0.0,490909.0
2023-12-26,501362,CHUỘT VI TÍNH (MOUSE) LOGITECH M650 WIRELESS/BLUETOOTH/TRẮNG (OFF-WHITE)(910-006264),6422,0.0,490909.0
2023-12-26,501362,CHUỘT VI TÍNH (MOUSE) LOGITECH M650 WIRELESS/BLUETOOTH/ĐEN (GRAPHITE)(910-006262),6422,0.0,1963636.0
2023-12-26,501362,CHUỘT VI TÍNH (MOUSE) LOGITECH G304 LIGHTSPEED WIRELESS GAMING – TRẮNG (WHITE)(910-005293),6422,0.0,1300000.0
2023-12-26,6890,BỘ LƯU ĐIỆN SANTAK - MÃ HÀNG BLAZER-2200 PRO,6422,0.0,3409091.0
2023-12-26,3395,Giấy in BILL  K57x38,6422,0.0,410060.0
2023-12-26,8795,THU PHI CK CTY PP TH DAU KHI,6422,0.0,15000.0
2023-12-27,1529,Máy chiếu đa năng ViewSonic LS500WHE,6422,0.0,13300000.0
2023-12-27,1396,Vòi tưới cây CMN 0584011,6422,0.0,149074.0
2023-12-27,1396,Ổ cắm điện Mpower MP-265S 5m,6422,0.0,407408.0
2023-12-27,1396,Ổ cắm điện Mpower MP-243S 3m,6422,0.0,283334.0
2023-12-27,1396,Ổ cắm điện Mpower MP-153 3m,6422,0.0,183334.0
2023-12-27,1396,Ổ cắm điện Philips SPN1248WC/74 - 5m,6422,0.0,722223.0
2023-12-27,1396,Ổ cắm điện Philips SPN1248WB/74 - 3m,6422,0.0,379628.0
2023-12-27,1396,Pin carbon AAA Philips R03L10S,6422,0.0,274960.0
2023-12-27,1396,Pin carbon AA Philips R6L2B,6422,0.0,731520.0
2023-12-27,1396,Pin minicell Philips CR2032P5B vỉ 5,6422,0.0,397224.0
2023-12-27,2992,ổ cứng gắn ngoài 1TB SSD ESD310C USB 10Gbps Type C/A Transcend,6422,0.0,3436364.0
2023-12-27,6261,Thiết bị chuyển mạch DS-3E1318P-EI/M,6422,0.0,4545454.0
2023-12-27,130549,"Máy tính xách tay Dell Vostro 3530 Intel Core i5-1335U, 15.6""FHD, 1x8G, 256GB SSD, 3 Cell-41Whr, Win 11, Office H&S 2021, BH 12 tháng, V5I5267W1-Gray",6422,0.0,25636364.0
2023-12-27,130556,"Máy tính xách tay Dell Vostro 3530 Intel Core i5-1335U, 15.6""FHD, 1x8G, 256GB SSD, 3 Cell-41Whr, Win 11, Office H&S 2021, BH 12 tháng, V5I5267W1-Gray",6422,0.0,38454545.0
2023-12-27,66916,MÀN HÌNH VI TÍNH (LCD) DELL S2421H 23.8INCH/1920x1080@75Hz/SP/2HDM I/LED/IPS/BẠC(70X9V1),6422,0.0,5363636.0
2023-12-27,2992,ổ cứng gắn ngoài 2TB SSD ESD310C USB 10Gbps Type C/A Transcend,6422,0.0,3363636.0
2023-12-27,2992,ổ cứng gắn ngoài 2TB SSD ESD270C USB 3.1 Gen 2 type C Transcend,6422,0.0,3000000.0
2023-12-27,2992,ổ cứng gắn ngoài 1TB SSD ESD310S USB 10Gbps Type C/A Transcend,6422,0.0,1718182.0
2023-12-27,2992,ổ cứng gắn ngoài  1TB SSD ESD270C USB 3.1 Gen 2 type C Transcend,6422,0.0,3363636.0
2023-12-27,2992,ổ cứng gắn ngoài 512GB SSD ESD310S USB 10Gbps Type C/A Transcend,6422,0.0,1072727.0
2023-12-27,2992,ổ cứng gắn ngoài 512GB SSD ESD310C USB 10Gbps Type C/A Transcend,6422,0.0,2145455.0
2023-12-27,130432,Chiết khấu theo BB thỏa thuận và quyết toán số 02104-2023-08-HTG-DELL-HVU09-PSD kí ngày 14/08/2023,6422,0.0,5090909.0
2023-12-27,130432,Giảm giá theo BB thỏa thuận và quyết toán số 01218-2023-05-BVG-DELL-HVU09-PSD kí ngày 16/05/2023,6422,0.0,1090909.0
2023-12-27,130432,"Máy tính xách tay Dell Vostro 3530 Intel Core i5-1335U, 15.6""FHD, 1x8G, 256GB SSD, 3 Cell-41Whr, Win 11, Office H&S 2021, BH 12 tháng, V5I5267W1-Gray",6422,0.0,64090909.0
2023-12-27,6261,Camera quan sát DS-2CD1023G0-IUF(C),6422,0.0,19320000.0
2023-12-27,6261,Thiết bị thu phát vô tuyến RG-EW1200G Pro,6422,0.0,636364.0
2023-12-27,6261,Đầu ghi hình DS-7632NXI-K2,6422,0.0,3863636.0
2023-12-27,6261,Camera quan sát CS-C6N (1080P),6422,0.0,4100000.0
2023-12-27,502340,BALO LENOVO(BALOLNV),6422,0.0,1851860.0
2023-12-27,130479,Chuột máy tính N100.BLACK - Optical Mouse,6422,0.0,4545455.0
2023-12-28,421,Cáp dữ liệu VIDEO HDMI 1.4 truyềnâm thanh hình ảnh dài 5M Ugreen(10109),6422,0.0,618180.0
2023-12-28,4194,Bàn phím EK312 Black E-DRA,6422,0.0,2032727.0
2023-12-28,51771,Phí dịch vụ thanh toán trên vimo.vn tháng 12/2023 theo hợp đồng số ĐL00424/08062022,6422,0.0,964498.0
2023-12-28,421,Cáp dữ liệu VIDEO HDMI sang DVItruyền hình ảnh dài 1.5M Ugreen(11150),6422,0.0,113636.0
2023-12-28,421,Màn hình vi tính Philips 271V8LA/74/27INCH/VA-LCD,6422,0.0,6300000.0
2023-12-28,4193,Ghế xoay Yummy EGC232 - E-Dra,6422,0.0,3750000.0
2023-12-28,4193,Ghế xoay Citizen EGC200 - E-Dra,6422,0.0,1934259.0
2023-12-28,421,Dây chuyển đổi có chipset USB sangcổng COM RS-232 dài 1.5M Ugreen(20211),6422,0.0,145455.0
2023-12-28,6442,Thiết bị truyền hình ảnh Webcam Logitech HD C270 (960-000584),6422,0.0,2545455.0
2023-12-28,4194,Bàn phím máy tính EK384 E-Dra,6422,0.0,671818.0
2023-12-28,6442,Chiết khấu giảm giá,6422,0.0,2272727.0
2023-12-28,421,Máy in Canon MF264DW (s/n: 4LG18802),6422,0.0,5545455.0
2023-12-28,421,Cáp dữ liệu VIDEO HDMI 1.4 truyềnâm thanh hình ảnh dài 5M Ugreen(10109),6422,0.0,618180.0
2023-12-28,421,Máy in sổ Olivetti PR2 Plus (seri: 8315444),6422,0.0,9636364.0
2023-12-28,8911,THU PHI CK HOANG THE ANH,6422,0.0,950000.0
2023-12-28,8911,Thuế GTGT: THU PHI CK HOANG THE ANH,1331,0.0,95000.0
2023-12-28,10650,Máy in Laser đa năng Canon  MF 3010,6422,0.0,4000000.0
2023-12-28,10650,6FW06A: Máy quét ảnh hoặc tài liệu HP ScanJetPro 2000 S2 Sheet-feed- Scanner,6422,0.0,6109091.0
2023-12-28,22627,Máy in laser Canon LBP2900,6422,0.0,173500000.0
2023-12-28,3617,Máy chấm công bằng dấu vân tay DG600BID,6422,0.0,1600000.0
2023-12-28,3617,Máy chấm công bằng khuôn mặt FA110,6422,0.0,1850000.0
2023-12-28,421,"ổ cứng lắp trong Western Digital 4TB 3.5"" Sata3,màu tím(Purple) (WD43PURZ)",6422,0.0,2009091.0
2023-12-28,421,Cáp dữ liệu VIDEO HDMI 1.4 truyềnâm thanh hình ảnh dài 3M Ugreen(10108),6422,0.0,454545.0
2023-12-28,421,MÁY IN CANON LBP 233DW (s/n: NYHA243766/NYHA243773/ NYHA244028/ NYHA244017),6422,0.0,19272728.0
2023-12-28,3617,Máy chấm công bằng dấu vân tay K14 Pro,6422,0.0,1300000.0
2023-12-29,4210,Ghế xoay Citizen EGC200 - E-Dra,6422,0.0,12308923.0
2023-12-29,4210,Ghế xoay Apollo EGC227 Plus Fabric - E-Dra,6422,0.0,7292930.0
2023-12-29,131197,Màn hình vi tính Dell LCD-E2222H-21.5''WHD-3Y,6422,0.0,10000000.0
2023-12-29,131337,Bàn phím máy tính NK2600 US_BLACK,6422,0.0,2090909.0
2023-12-29,131337,"Chuột vi tính hiệu Rapoo mới 100%. Item no: 18823, Model: M20, Wireless Optical Mouse BLACK",6422,0.0,2613636.0
2023-12-29,442810,DO 0.001S-V,6422,0.0,454545.0
2023-12-29,4635,Dầu hộp số,6422,0.0,828000.0
2023-12-29,4635,Xăng vệ sinh,6422,0.0,200000.0
2023-12-29,4635,Keo dán roan Gasket,6422,0.0,90000.0
2023-12-30,69422,Không có tên,6422,0.0,120000.0
2023-12-30,69422,Thuế GTGT: Không có tên,1331,0.0,12000.0
2023-12-31,2060,Thuế GTGT: Cước dịch vụ Viễn thông-Công nghệ thông tin tháng 12 năm 2023,1331,0.0,2667.0
2023-12-31,2109,Thuế GTGT: Cước dịch vụ Viễn thông-Công nghệ thông tin tháng 12 năm 2023,1331,0.0,2000.0
2023-12-31,2109,Cước dịch vụ Viễn thông-Công nghệ thông tin tháng 12 năm 2023,6422,0.0,20000.0
2023-12-31,1887,Thuế GTGT: Cước dịch vụ Viễn thông-Công nghệ thông tin tháng 12 năm 2023,1331,0.0,23364.0
2023-12-31,1887,Cước dịch vụ Viễn thông-Công nghệ thông tin tháng 12 năm 2023,6422,0.0,233636.0
2023-12-31,2149,Thuế GTGT: Cước dịch vụ Viễn thông-Công nghệ thông tin tháng 12 năm 2023,1331,0.0,27400.0
2023-12-31,2149,Cước dịch vụ Viễn thông-Công nghệ thông tin tháng 12 năm 2023,6422,0.0,274000.0
2023-12-31,2060,Cước dịch vụ Viễn thông-Công nghệ thông tin tháng 12 năm 2023,6422,0.0,26671.0
2023-12-31,57638,Cước dịch vụ Viễn thông-Công nghệ thông tin tháng 12 năm 2023,6422,0.0,375826.0
2023-12-31,2061,Cước dịch vụ Viễn thông-Công nghệ thông tin tháng 12 năm 2023,6422,0.0,24545.0
2023-12-31,57731,Thuế GTGT: Cước dịch vụ Viễn thông-Công nghệ thông tin tháng 12 năm 2023,1331,0.0,47253.0
2023-12-31,57731,Cước dịch vụ Viễn thông-Công nghệ thông tin tháng 12 năm 2023,6422,0.0,472531.0
2023-12-31,57638,Thuế GTGT: Cước dịch vụ Viễn thông-Công nghệ thông tin tháng 12 năm 2023,1331,0.0,37583.0
2023-12-31,57637,Thuế GTGT: Cước dịch vụ Viễn thông-Công nghệ thông tin tháng 12 năm 2023,1331,0.0,43797.0
2023-12-31,57637,Cước dịch vụ Viễn thông-Công nghệ thông tin tháng 12 năm 2023,6422,0.0,437970.0
2023-12-31,29331,Cước dịch vụ Viễn thông-Công nghệ thông tin tháng 12 năm 2023,6422,0.0,249636.0
2023-12-31,2061,Thuế GTGT: Cước dịch vụ Viễn thông-Công nghệ thông tin tháng 12 năm 2023,1331,0.0,2455.0
2023-12-31,29331,Thuế GTGT: Cước dịch vụ Viễn thông-Công nghệ thông tin tháng 12 năm 2023,1331,0.0,24964.0
