Ngày,Số HĐ,Diễn giải,TK Đ/Ứ,Nợ,Có
2023-01-02,5,Phần mềm Kaspersky KL1941MCCFS,131,0,650000.0
2023-01-02,6,Hộp mực in Ecoplus 12A,131,0,109091.0
2023-01-02,2,Máy in laser Brother HL-L2321D,131,0,73090909.0
2023-01-02,2,MÀN HÌNH VI TÍNH (LCD) LENOVO C22-20 21.5INCH/1920 x 1080/75Hz/VGA/HDMI/ĐEN/3Y(62A7KAR1WW),131,0,54545454.0
2023-01-02,1,"Máy tính bàn Lenovo Desktop ThinkCentre M70a Gen 3 -i3-12100 ( 4.3 GHZ) - 8GB RAM - 256GB SSD - 21.5 inch FHD -1Yr, P/n 11VL0000VA",131,0,13536364.0
2023-01-02,3,Máy in đa chức năng Brother MFCL2701D,131,0,23318182.0
2023-01-02,4,Máy đếm tiền Mazsan MS - 5700C,131,0,2731482.0
2023-01-02,2,MÁY TÍNH ĐỂ BÀN (PC) LENOVO ThinkCentre neo 50s Gen 3 i5- 12400(6*2.5)/8GD4/256GSSD/WL/BT/KB/M/W11/ĐEN( 11T0004UVN),131,0,10272727.0
2023-01-02,3,Máy in laser Brother HL-L2321D,131,0,48727273.0
2023-01-03,7,Máy in bill Epson TM-T82 III,131,0,10063636.0
2023-01-03,8,Bộ máy vi tính,131,0,15136364.0
2023-01-04,9,Loa SoundMax A130,131,0,109091.0
2023-01-04,9,Chuột máy tính  Logitech B100,131,0,63636.0
2023-01-04,9,Bàn phím Logitech K120,131,0,136364.0
2023-01-04,12,"Màn hình LCD Dell P3421W 34""",131,0,12718182.0
2023-01-04,11,Chuột vi tính có dây Rapoo N100,131,0,318182.0
2023-01-04,11,Bàn phím Keyboard NK2500,131,0,700000.0
2023-01-04,11,Loa SoundMax A710/2.1,131,0,1090909.0
2023-01-04,11,Máy  in Brother HL-L2321D,131,0,2436364.0
2023-01-04,10,Bộ chuyển đổi mini Displayport sang VGA + HDMI màu trắng Ugreen ( 10427),131,0,381818.0
2023-01-05,13,Hộp mực in Izinet 12A,131,0,336364.0
2023-01-05,15,Hộp mực  in Ecoplus 12A,131,0,118182.0
2023-01-05,14,Hộp mực in Izinet 12A,131,0,636364.0
2023-01-05,14,Mực Laser TN-2385 Brother,131,0,509091.0
2023-01-06,16,"Thiết bị định tuyến TP-Link 450M,2.4GHz,TL-WR940N",131,0,390909.0
2023-01-06,16,"Thiết bị thu phát vô tuyến băng tần  2,4/5 Ghz , TPLINK  ARCHER AX23",131,0,1227273.0
2023-01-08,21,MÁY TÍNH BỘ PC DELL INSPIRON 3910 CORE I5,131,0,16000000.0
2023-01-08,20,Bàn phím Keyboard NK2500,131,0,1090910.0
2023-01-08,20,Chuột vi tính có dây  Rapoo N100,131,0,1000000.0
2023-01-08,20,Thẻ nhớ Micro SD+Adaptor Hikvision HS-TF-C1/32GB,131,0,581820.0
2023-01-08,17,Máy  In Canon Laser LBP-2900,131,0,3627273.0
2023-01-08,20,Vỏ thùng máy tính  Jetek A30,131,0,1363635.0
2023-01-08,19,Máy  in Brother DCP-B7535DW,131,0,5072727.0
2023-01-08,18,Dây USB 3.0 nối dài 1.5m Ugreen (30126),131,0,118182.0
2023-01-08,18,Bàn phím  Keyboard NK2500,131,0,254545.0
2023-01-09,24,Hộp mực  in Ecoplus 12A,131,0,236364.0
2023-01-09,26,"Thiết bị chuyển mạch TP-Link,TL-SF1024D",131,0,800000.0
2023-01-09,22,"Ổ cứng  Seagate Expansion 1TB 2.5""",131,0,1136364.0
2023-01-09,23,MÁY TÍNH ĐỂ BÀN HP 280 PRO G9 SFF 72K92PA  -Intel Core i5-12500,131,0,12400000.0
2023-01-09,25,Mực  in phun Brother BT5000Y,131,0,168182.0
2023-01-09,27,Máy in phun đa năng Brother DCPT226 (màu trắng),131,0,3445455.0
2023-01-09,25,Mực  in phun Brother BT5000M,131,0,168182.0
2023-01-10,28,MÀN HÌNH LCD 23.8 Inch LENOVO THINKVISION S24e-20 (62AEKAR2WW),131,0,11818182.0
2023-01-10,28,MÁY TÍNH ĐỂ BÀN (PC) LENOVO ThinkCentre neo 50sGen 3 i5- 12400(6*2.5)/4GD4/256GSSD/WL/BT/KB/M/NoOS/ĐEN(11T000AXVA),131,0,18909091.0
2023-01-10,29,"Máy tính bàn Lenovo Desktop ThinkCentre M70a Gen 3 -i3-12100 ( 4.3 GHZ) - 8GB RAM - 256GB SSD - 21.5 inchFHD -1Yr, P/n 11VL0000VA",131,0,13536364.0
2023-01-10,31,Máy quét HP Scanjet Pro 3000 S4 Sheet-feed - WTY_6FW07A,131,0,9772727.0
2023-01-10,30,Máy quét HP Scanjet Pro 3000 S4 Sheet-feed - WTY_6FW07A,131,0,9772727.0
2023-01-10,32,Chuột máy tính  Dell MS116,131,0,1363636.0
2023-01-10,32,ổ cứng gắn trong 240GB SSD Exceria BiCS FLASH 2.5'' SATA3 Kioxia,131,0,6818182.0
2023-01-10,32,Bộ nhớ trong Kingston 8GD4-2666,131,0,6000000.0
2023-01-10,32,"Thanh ram G.Skill F3-1600C11S-8GIS, 8GB",131,0,7727273.0
2023-01-10,32,Bàn phím Dell Multimedia KB216,131,0,1909091.0
2023-01-11,34,Chuột máy tính Dell MS116,131,0,145455.0
2023-01-11,34,Bàn phím Keyboard NK2500,131,0,218182.0
2023-01-11,34,"Ổ cứng gắn trong 240GB SSD EXCERIA BICS FLASH2.5""SATA3 KIOXIA",131,0,863636.0
2023-01-11,33,Tai nghe Logitech H370,131,0,500000.0
2023-01-11,35,Loa SoundMax A120/2.0,131,0,190909.0
2023-01-12,39,Camera quan sát CS-CV310(A0-1C2WFR),131,0,3900000.0
2023-01-12,39,Camera KTS EZVIZ mã CS-C3N,131,0,579000.0
2023-01-12,39,Camera quan sát DS-2CE56D0T-IT3,131,0,650000.0
2023-01-12,39,Camera quan sát DS-2CE16D0T-IT5(C),131,0,1200000.0
2023-01-12,39,Đầu ghi hình DS-7216HGHI-K2,131,0,2000000.0
2023-01-12,39,Camera quan sát DS-2CE76D0T-ITMFS,131,0,1500000.0
2023-01-12,39,Camera quan sát DS-2CE16D0T-IT3,131,0,16380000.0
2023-01-12,39,Camera quan sát  DS-2CE12DFT-PIRXOF,131,0,2400000.0
2023-01-12,39,Dây cáp mạng Ensoho EN-F5CA24 FTP cat5e,131,0,75000000.0
2023-01-12,39,Ổ điện  12Port có CB,131,0,2000000.0
2023-01-12,39,Hộp ODC 4Fo Full phụ kiện SC/UPC,131,0,709091.0
2023-01-12,39,Đầu ghi hình  DS-7204HUHI-K1/E(S),131,0,1500000.0
2023-01-12,39,"Ổ cứng  GN WD ELEMENTS 1TB 2.5"" USB 3.0",131,0,14300000.0
2023-01-12,41,Thanh ram G.Skill 2400-8GB-8GIS,131,0,1554545.0
2023-01-12,41,Thiết bị truyền ảnh Webcam Logitech C270,131,0,1200000.0
2023-01-12,41,Bàn phím Dell Multimedia KB216,131,0,681818.0
2023-01-12,41,Chuột máy tính Logitech M331,131,0,1290909.0
2023-01-12,39,Bát trên khóa chốt,131,0,700000.0
2023-01-12,41,"Ổ cứng gắn trong 240GB SSD EXCERIA BICS FLASH2.5""SATA3 KIOXIA",131,0,1636364.0
2023-01-12,40,Chuột máy tính Logitech B100,131,0,54545.0
2023-01-12,40,Máy chấm công vân tay RJ-3030. Hiệu: Ronald jack,131,0,2536364.0
2023-01-12,36,Phí Thư BL số MD2116742921 Số seri AA204770 Ngày 16/06/2021 đến 16/06/2022,131,0,13636364.0
2023-01-12,38,Hộp mực  in Ecoplus 12A,131,0,245455.0
2023-01-12,39,Đầu bấm dây cáp mạng  Ensoho EN-RJ45C5 RJ-45 cat5e,131,0,18000000.0
2023-01-12,39,Thiết bị chuyển mạch Cisco Catal C2960X-24TS-L,131,0,37200000.0
2023-01-12,39,Bộ chuyển đổi  tín hiệu BT-HD4V1DF-T/R,131,0,2950000.0
2023-01-12,39,Bát dưới khóa chốt,131,0,318182.0
2023-01-12,39,"Bộ chuyển đổi quang điện  TP-Link,MC112CS",131,0,700000.0
2023-01-12,39,"Bộ chuyển đổi quang điện  TP-Link,MC111CS",131,0,700000.0
2023-01-12,39,Tủ Rack 6U,131,0,9480000.0
2023-01-12,39,Ổ cứng  GT Western 6TB-WD60PURZ,131,0,5300000.0
2023-01-12,39,Bộ chuyển đổi  USB-C sang HUB 3.0+HDMI+RJ45(50538),131,0,900000.0
2023-01-12,39,Bộ chuyển đổi quang điện AP100-20B Aptek,131,0,2550000.0
2023-01-12,39,Bộ chuyển đổi quang điện AP100-20A Aptek,131,0,2550000.0
2023-01-12,39,Đầu ghi hình DS-7632NI-K2,131,0,4500000.0
2023-01-12,39,Camera quan sát DS-2CD2T43G2-2I,131,0,78000000.0
2023-01-12,37,Ru lô sấy,131,0,1409091.0
2023-01-12,39,Bộ chuyển đổi nguồn DS-3E1309P-EI,131,0,17400000.0
2023-01-12,39,Khóa chốt  YB-100+,131,0,900000.0
2023-01-12,39,Khung giá đỡ bằng thép không gỉ  Ruckus(902-0120-0000),131,0,4200000.0
2023-01-12,39,"24Ackipter SC/UPC,24 ống,có nhiệt 60mm",131,0,1000000.0
2023-01-12,39,Bộ nguồn cấp điện Cisco AIR-PWR-C,131,0,2100000.0
2023-01-12,39,Thiết bị chuyển mạch Switch Cisco SB19P-SG95-16,131,0,9600000.0
2023-01-12,39,"Tủ mạng 19""42U D1000-B",131,0,8200000.0
2023-01-12,39,Thiết bị  phát HDMI Dtech DT7060,131,0,3818182.0
2023-01-12,39,"Thiết bị chuyển mạch Switch 24P-LGS124,Linksys",131,0,2200000.0
2023-01-12,39,"Thiết bị chuyển mạch SF1082FP, hiệu  Aptek",131,0,700000.0
2023-01-12,39,"Thiết bị chuyển mạch TP-Link,TL-SG1024D",131,0,7500000.0
2023-01-12,39,"Cáp mạng  Aipoolink RJ45UTP CAT5E,CCA24AWG",131,0,5600000.0
2023-01-12,39,Thiết bị chuyển đổi nguồn điện Ruckus (902-0173-UK00),131,0,1500000.0
2023-01-13,42,Bộ nhớ trong Kingston 16GB-3200U C16,131,0,1363636.0
2023-01-15,43,6R9M6PA: Máy tính xách tay HP 14s-dq5053TU - Intel Corei5-1235U - U15 / 8GB DDR4 2DM 3200/ SSD 512Gb / IntelIris Xe/ 14 Inch HD/ Win 11 home/ Natural Silver/ 1Y,131,0,15445454.0
2023-01-15,44,Máy quét canon DR-F120,131,0,8318182.0
2023-01-15,45,Máy in Brother HL-L2321D,131,0,2681818.0
2023-01-15,43,"Máy tính để bàn Lenovo ThinkCentre neo 50s Gen 3 ,i3-12100, 4GB, 1TB, intel UHD Graphics 730, ac+ BT,KB,M,No OS, 1Y WTY_11T000ARVA - MÀN HÌNH LCD 23.8 Inch LENOVO THINKVISION S24e-20 (62AEKAR2WW)",131,0,22800000.0
2023-01-15,43,Màn chiếu  treo P84WS,131,0,909091.0
2023-01-15,43,Máy chiếu đa năng ViewSonic PA503XE,131,0,10718182.0
2023-01-15,43,Máy In Canon Laser LBP-2900,131,0,3590909.0
2023-01-16,46,Gía treo máy chiếu 1.2m,131,0,409091.0
2023-01-16,46,Dây  HDMI 1.4 đồng 100% 15M,131,0,700000.0
2023-01-17,48,Bộ nhớ trong  Kingston 8GD4-2666,131,0,1181818.0
2023-01-17,48,"Thiết bị thu phát vô tuyến TP-Link,TL-WN822N",131,0,545454.0
2023-01-17,48,Bảng mạch chính Asus Prime H510MF,131,0,2636364.0
2023-01-17,47,Ổ cứng GT Western 1TB,131,0,863636.0
2023-01-17,49,MÀN HÌNH VI TÍNH (LCD) LENOVO C22-2021.5INCH/1920 x 1080/75Hz/VGA/HDMI/ĐEN/3Y(62A7KAR1WW),131,0,2318182.0
2023-01-17,48,Ổ cứng 500GB Kingston SSD NV1 M2 2280(SNVS/500G),131,0,1636364.0
2023-01-27,50,BỘ MÁY VI TÍNH,131,0,16290909.0
2023-01-27,52,"Ổ cứng di động Seagate Expansion 1TB 2.5""",131,0,1318182.0
2023-01-27,51,Hộp mực in Izinet 12A,131,0,336363.0
2023-01-27,51,Máy  In Canon Laser LBP-2900,131,0,3627273.0
2023-01-27,50,Nguồn Jetek Model J400,131,0,536363.0
2023-01-27,50,Máy  In Canon Laser LBP-2900,131,0,3627273.0
2023-01-27,50,"Ổ cứng gắn trong 240GB SSD EXCERIA BICS FLASH2.5""SATA3 KIOXIA",131,0,1254545.0
2023-01-27,50,Điện thoại có dây Panasonic KXTS500,131,0,1236364.0
2023-01-27,50,"Thiết bị chuyển mạch TP-Link,TL-SG1008D",131,0,418182.0
2023-01-27,50,Ram 4GB Kingston,131,0,500000.0
2023-01-31,53,Bộ lưu điện  Santak - TG1000,131,0,4345455.0
2023-01-31,54,Hộp mực  in Izinet 12A,131,0,636364.0
2023-01-31,54,Máy In Canon Laser LBP-2900,131,0,4000000.0
2023-01-31,55,"Ổ cứng gắn trong 240GB SSD EXCERIA BICSFLASH2.5""SATA3 KIOXIA",131,0,854546.0
2023-01-31,56,MÁY TÍNH ĐỂ BÀN (PC) LENOVO ThinkCentre neo 50s Gen 3 i5- 12400(6*2.5)/8GD4/256GSSD/WL/BT/KB/M/W11/ĐEN( 11T0004UVN),131,0,11536363.0
2023-01-31,55,"Ổ cứng SSD Western WDS500G2B0A,500GB,Sata3 2.5""",131,0,1363636.0
2023-01-31,56,Loa SoundMax R-200,131,0,272727.0
2023-01-31,56,MÀN HÌNH VI TÍNH (LCD) LENOVO C22-20 21.5 INCH/1920 x 1080/75Hz/VGA/HDMI/ĐEN/(62A7KAR1WW),131,0,2318182.0
2023-01-31,56,Máy In Canon Laser LBP-2900,131,0,3627273.0
2023-02-01,58,Hộp mực in Ecoplus 12A,131,0,118182.0
2023-02-01,60,Máy  in Brother HL-L2321D,131,0,2681818.0
2023-02-01,69,Hộp mực in,131,0,272727.0
2023-02-01,68,Bộ máy vi tính,131,0,9072727.0
2023-02-01,59,Ổ cứng Gigabyte GP-GSTFS31240GNTD 240GB,131,0,727273.0
2023-02-01,61,USB hiệu Kingston 32GB 3.0DT100G3,131,0,863636.0
2023-02-01,62,Hộp mực in Izinet 12A,131,0,418182.0
2023-02-01,57,"Ổ cứng gắn trong 240GB SSD EXCERIABICSFLASH2.5""SATA3 KIOXIA",131,0,1854545.0
2023-02-01,63,Máy  In Canon Laser LBP-2900,131,0,3627273.0
2023-02-01,64,"Màn hình LCD VIEWSONIC VX2476-SMHD/24""",131,0,3627273.0
2023-02-01,65,Bút trình chiếu hiệu Rapoo Wireless Prensenter Black XR200,131,0,536364.0
2023-02-01,66,Máy  In Canon Laser LBP-2900,131,0,3627273.0
2023-02-01,67,Mực xeroc S1810/S2011,131,0,1054546.0
2023-02-02,70,Bảng mạch chính Asus EX - B365M - V,131,0,1218182.0
2023-02-02,70,Ổ cứng  Gigabyte GP-GSTFS31120GNTD 120GB,131,0,318182.0
2023-02-02,72,MÁY TÍNH XÁCH TAY (NB) LENOVO V14 G3 IAP i3-1215U/4GD4/256GSSD/14.0FHD/WL/BT/2C38/NoOS/ ĐEN(82TS0067VN),131,0,9454545.0
2023-02-02,73,MÁY IN LASER ĐƠN NĂNG CANON I-SENSYS LBP226 DW,131,0,5636364.0
2023-02-02,71,"Ổ cứng Seagate Expansion 1TB 2.5""",131,0,1318182.0
2023-02-02,71,Chuột máy tính Logitech M185,131,0,227273.0
2023-02-02,71,Bàn phím Logitech G213,131,0,681818.0
2023-02-03,74,Máy in laser Brother HL-L2321D,131,0,92713636.0
2023-02-03,75,"Thiết bị định tuyến TP-Link 300M,2.4GHz,TL-WR841N",131,0,218182.0
2023-02-05,81,Điện thoại có dây  Panasonic KXTS500,131,0,309091.0
2023-02-05,82,Ghế xoay Citizen EGC200 E-Dra,131,0,2263636.0
2023-02-05,79,Ổ cứng di động 16GB U202 USB 2.0 KIOXIA,131,0,654545.0
2023-02-05,80,"Màn hình vi tính Dell LCD  E2216Hv - 21.5"" WHD",131,0,2681818.0
2023-02-05,80,"Máy tính để bàn Dell Vostro 3710 STI34010W1-8G-256G Intel Core i3-12100 processor (4-Core, 12M Cache, 3.3GHzto 4.3GHz), 1x8GB, DDR4, 3200MHz, 256GB NVMe M.2 PCIe SSD, Chuột, Bàn Phím, Windows 11 Microsoft Office Home and Student 2021",131,0,10445455.0
2023-02-05,78,Máy in Brother HL-L2321D,131,0,2800000.0
2023-02-05,83,Máy tính xách tay LENOVO ThinkBook 14S G2 ITL I7 1165G7/8GB/512GB SSD/14.0 FHD/FG/W11/LED KB/XÁM (20VA003RVN),131,0,16809091.0
2023-02-05,77,NGUỒN MÁY TÍNH CORSAIR CV550,131,0,863636.0
2023-02-05,84,Hộp mực in tương thích HP SK 93A (CZ192A),131,0,809091.0
2023-02-05,77,MỰC IN MÀU ĐEN IM C2500H,131,0,4181818.0
2023-02-05,77,MỰC IN MÀU ĐỎ IM C2500H,131,0,4045455.0
2023-02-05,77,ĐẦU BẤM DÂY CÁP MẠNG EN-RJ45C5,131,0,181818.0
2023-02-05,77,ĐẦU BẤM DÂY CÁP MẠNG EN-RJ45C6,131,0,227273.0
2023-02-05,77,DÂY CHUYỂN ĐỔI CÓ CHÍP RS-232,131,0,136364.0
2023-02-05,77,BỘ NHỚ TRONG RAM 8GB/3200 KINGSTON,131,0,954545.0
2023-02-05,76,6FW06A: Máy quét ảnh hoặc tài liệu HP ScanJet Pro 2000 s2- Sheet-feed Scanner,131,0,13727273.0
2023-02-06,90,Bàn phím + chuột Logitech MK240,131,0,436364.0
2023-02-06,91,Máy in Brother HL-L2321D,131,0,2681818.0
2023-02-06,92,Bộ vi xử lý  Intel Pentium G6405,131,0,1272727.0
2023-02-06,92,Bộ nhớ trong  Kingmax 4GB DDR4-2666,131,0,727273.0
2023-02-06,87,Máy  in Brother DCP-B7535DW,131,0,5072727.0
2023-02-06,92,Bảng mạch chính Asus Prime H510MK,131,0,2836364.0
2023-02-06,92,Ổ cứng Kingmax PQ3480 128GB(ZeusM2PCIe-Gen3x4),131,0,1527273.0
2023-02-06,89,Ổ cứng Kingmax SSD M2 Sata III 256GB SA3080,131,0,1227273.0
2023-02-06,88,"Ổ cứng GT Western Digital 1TB - 3.5""",131,0,1136364.0
2023-02-06,93,Máy in HP Laser Pro M706N,131,0,18000000.0
2023-02-06,85,Mực  in 308 Number One,131,0,418182.0
2023-02-06,88,"Thiết bị thu phát vô tuyến TP-Link 150M,TL - WN722N",131,0,136363.0
2023-02-06,86,USB hiệu Kingston 32GB 3.0DT100G3,131,0,90909.0
2023-02-06,86,Máy  In Canon Laser LBP-2900,131,0,3627273.0
2023-02-06,86,"Thiết bị chuyển mạch TP-Link,TL-SF1005D",131,0,227273.0
2023-02-06,86,Máy chấm công bằng dấu vân tay RJ3030,131,0,2536363.0
2023-02-08,103,MÁY TÍNH ĐỂ BÀN (PC) LENOVO ThinkCentre neo 50s Gen 3 i5- 12400(6*2.5)/4GD4/256GSSD/WL/BT/KB/M/NoOS/ĐEN(11T000AXVA),131,0,10536364.0
2023-02-08,103,MÀN HÌNH VI TÍNH (LCD) LENOVO C22-20 21.5INCH/1920 x 1080/75Hz/VGA/HDMI/ĐEN(62A7KAR1WW),131,0,2318182.0
2023-02-08,103,Máy In Canon Laser LBP-2900,131,0,3627272.0
2023-02-08,101,Chuột vi tính có dây Rapoo N100,131,0,454545.0
2023-02-08,101,Bàn phím  Keyboard NK2500,131,0,2272727.0
2023-02-08,101,Loa SoundMax A130/2.0,131,0,436364.0
2023-02-08,102,"Ổ cứng di động Seagate Expansion 2TB 2.5""",131,0,2000000.0
2023-02-08,102,Chuột máy tính Logitech M557,131,0,436364.0
2023-02-08,102,Bàn phím Rapoo V500SE,131,0,636363.0
2023-02-08,100,MÁY TÍNH XÁCH TAY (NB) HP Pavilion  X360 14- ek0132TU i7- 1255U/16GD4/512GSSD/14.0FHDT/PEN/FP/WLax/BT5. 2/3C43/W11SL/VÀNG(7C0W4PA),131,0,23809091.0
2023-02-08,101,Bàn phím Rapoo V500SE,131,0,563636.0
2023-02-08,94,Chuột vi tính Rapoo M20,131,0,109091.0
2023-02-08,94,"Máy tính xách tay MSI GF63 Thin 11UD473VN/ i5-11400H/512GB SSD/8GB/RTX3050 Ti Max-Q 4GB/15.6""FHD/60Hz/WIN 11/màu đen",131,0,17700000.0
2023-02-08,95,Máy in laser Brother HL-L2366DW,131,0,3590909.0
2023-02-08,96,"Ổ cứng gắn trong 240GB SSD EXCERIA BICSFLASH2.5""SATA3 KIOXIA",131,0,627273.0
2023-02-08,96,Nguồn Jetek Model J500,131,0,690909.0
2023-02-08,97,Máy  in Brother HL-L2321D,131,0,2954545.0
2023-02-08,98,"Máy tính để bàn HP AIO 24- cb1011d,Core i5-1235U,8GB RAM,512GB SSD,Intel Graphics,23.8""FHD Touch,Wlan ac+BT,USB Keyboard & Mouse,Win11 Home 64,Starry White,1Y WTY_6K7G6PA",131,0,18145455.0
2023-02-08,99,"Máy tính để bàn Dell OptiPlex 3000 Small Form Factor Intel® Core i5-12500 (6 Cores/18MB/12T/3.0GHzto 4.6GHz/65W), 8GB 3200MHz DDR4, 256GB SSD, Intel UHD Graphics , No DVD_RW, Ubuntu,",131,0,13254546.0
2023-02-08,99,"Màn hình vi tính Dell  LCD E2216Hv 21.5"" WHD",131,0,2690909.0
2023-02-08,96,Ram 4GB Kingston,131,0,500000.0
2023-02-09,105,Vỏ thùng máy tính JETEK Squid Game R3 WHITE,131,0,709091.0
2023-02-09,104,"Màn hình LCD VIEWSONIC VX2476 - SMHD/24""",131,0,3872727.0
2023-02-09,105,Nguồn Jetek Model Y500T,131,0,454546.0
2023-02-09,106,Hộp mực  in Ecoplus 12A,131,0,136364.0
2023-02-09,107,Máy In Canon Laser LBP-2900,131,0,7072727.0
2023-02-09,107,Mực in 30A NUmber One,131,0,727273.0
2023-02-09,108,Máy  In Canon Laser LBP-2900,131,0,3818182.0
2023-02-10,109,Ổ cứng di động USB U366 64GB KIOXIA,131,0,200000.0
2023-02-10,110,Máy in Brother HL-L2321D,131,0,2681818.0
2023-02-10,111,Ổ cứng di động 16GB KIOXIA U202,131,0,327273.0
2023-02-10,112,Chuột máy tính Dell WM 126,131,0,181818.0
2023-02-10,113,Máy In Brother HL-L2321D,131,0,2681818.0
2023-02-12,114,Chuột máy tính  Logitech M331,131,0,254545.0
2023-02-12,114,"Ổ cứng di động Seagate Expansion 1TB 2.5""",131,0,1136364.0
2023-02-12,114,Mực Laser TN-2385 Brother,131,0,390909.0
2023-02-12,114,Tai nghe Logitech H370,131,0,400000.0
2023-02-13,116,Ổ cứng Kingmax SSD Sata III 120GB SMV32,131,0,381818.0
2023-02-13,115,Bàn phím + chuột Logitech MK240,131,0,336364.0
2023-02-13,116,Bảng mạch chính Asus Prime H510MF,131,0,1354546.0
2023-02-13,117,Chuột vi tính  Rapoo M20,131,0,109091.0
2023-02-13,117,"Máy tính xách tay Lenovo ThinkBook 14 G4 IAP -I3-1215U(1.2G)-8GB RAM-256GB SSD-WF +BL,Fingerprint-14""FHD- DOS - 2Yr; P/N 21DH00B0VN",131,0,13427273.0
2023-02-13,119,Bàn phím máy tinh Rapoo NK2500,131,0,272727.0
2023-02-13,118,Mực  in 337 Number One,131,0,800000.0
2023-02-14,122,Dây máy in USB 2.0 dài 5M Ugreen,131,0,227273.0
2023-02-14,120,Bộ lưu điện Santak - TG1000,131,0,2700000.0
2023-02-14,121,Mực Laser TN-2385 Brother,131,0,872727.0
2023-02-14,121,"Ổ cứng  GT Western Digital 2TB - 3.5""",131,0,1018182.0
2023-02-14,121,Bộ nhớ trong Kingmax 8GB DDR4-3200,131,0,481818.0
2023-02-15,124,"Thiết bị chuyển mạch TP-Link,LS108G",131,0,500000.0
2023-02-15,124,Đầu bấm dây cáp mạng  Ensoho EN-RJ45C5 RJ-45 cat5e,131,0,76364.0
2023-02-15,7125,Chiết khấu bán hàng Máy in Brother Q4/2022 theo văn bản số 213/12 ngày 05/01/2023,131,0,5102450.0
2023-02-15,123,Bàn phím Dell Multimedia KB216,131,0,172727.0
2023-02-15,123,Chuột máy tính Logitech B100,131,0,90909.0
2023-02-15,7126,Chiết khấu bán hàng Mực in Brother Quý 4/2022 theo văn bản số 214/12 ngày 05/01/2023,131,0,1278837.0
2023-02-16,125,Chuột máy tính Logitech M331,131,0,227273.0
2023-02-16,133,Ổ Cứng SSD 120gb Kingston,131,0,3818182.0
2023-02-16,132,Bộ máy vi tính,131,0,9090909.0
2023-02-16,131,Máy In Canon Laser LBP-2900,131,0,3627273.0
2023-02-16,125,Màn hình vi tính LCD  ASUS PRO ART PA247CV  23.8inch,131,0,5954545.0
2023-02-16,130,MÀN HÌNH LCD 23.8 Inch LENOVO THINKVISION S24e-20 (62AEKAR2WW),131,0,2718182.0
2023-02-16,130,Bộ máy vi tính,131,0,8354545.0
2023-02-16,129,ổ cứng gắn trong 480GB SSD Exceria BiCS FLASH 2.5'' SATA3 Kioxia,131,0,1318182.0
2023-02-16,128,Bộ nguồn cấp điện liên tục Cyber Power BU600E,131,0,1045455.0
2023-02-16,129,Bộ nhớ máy tính xách tay Kingmax 4GB DDR4-2400,131,0,509091.0
2023-02-16,127,MÀN HÌNH VI TÍNH (LCD) LENOVO C22-20 21.5INCH/1920 x 1080/75Hz/VGA/HDMI/ĐEN(62A7KAR1WW),131,0,1990909.0
2023-02-16,127,MÀN HÌNH LCD 23.8 Inch LENOVO THINKVISION S24e-20 (62AEKAR2WW),131,0,2409091.0
2023-02-16,126,Nguồn  Jetek mini A200m,131,0,1200000.0
2023-02-16,134,Thiết bị định tuyến TP-Link 2.4GHz/5GHz Archer C20,131,0,427272.0
2023-02-16,127,MÁY TÍNH XÁCH TAY (NB) LENOVO V14 G3 IAP i5- 1235U/8GD4/256GSSD/14.0FHD/WL/BT/2C38/NoOS/Đ EN(82TS0062VN),131,0,12263636.0
2023-02-16,134,"Thiết bị thu phát vô tuyến TP-Link,TL-WN823N",131,0,627273.0
2023-02-17,136,"Ổ cứng gắn trong 240GB SSD EXCERIABICSFLASH2.5""SATA3 KIOXIA",131,0,1881818.0
2023-02-17,135,"Ổ cứng di động Seagate Expansion 1TB 2.5""",131,0,1190909.0
2023-02-17,135,CPU MÁY TÍNH,131,0,7900000.0
2023-02-17,136,Ram 4GB Kingston,131,0,1000000.0
2023-02-17,138,Màn hình  LCD VIEWSONIC VA1903A,131,0,1727273.0
2023-02-17,136,Điện thoại có dây  Panasonic KXTS500,131,0,618182.0
2023-02-17,137,Thiết bị thu phát vô tuyến TP LINK  ARCHER AX23- AX1800Mbps,131,0,1081818.0
2023-02-17,136,Cạc mạng  PCI Gigabit TP-Link TG 3468,131,0,209091.0
2023-02-17,137,Máy  in Brother HL-L2321D,131,0,2454546.0
2023-02-18,141,Máy  in Brother DCP - B7535DW,131,0,5072727.0
2023-02-18,139,"Ổ cứng gắn trong 240GB SSDEXCERIABICSFLASH2.5""SATA3 KIOXIA",131,0,1500000.0
2023-02-18,140,Phần mềm  Kaspersky KL1941MCCFS,131,0,900000.0
2023-02-19,144,Màn Hình Vi Tính Dell-LCD-E2216HV,131,0,3081818.0
2023-02-19,146,Hộp mực in Eco Plus 12A,131,0,118182.0
2023-02-19,145,Hộp mực in Izinet 12A,131,0,572727.0
2023-02-19,143,Hộp mực in Izinet 12A,131,0,872727.0
2023-02-19,142,MỰC LASER TN-2385 Brother,131,0,500000.0
2023-02-20,147,Mực laser đen Premium,131,0,1818182.0
2023-02-20,147,Mực nạp đổ XP12-140,131,0,3600000.0
2023-02-20,148,"Ổ cứng gắn trong 240GB SSDEXCERIABICSFLASH2.5""SATA3 KIOXIA",131,0,818182.0
2023-02-20,149,Hộp mực in Izinet 12A,131,0,636364.0
2023-02-20,151,Máy in Brother HL-L2321D,131,0,2454545.0
2023-02-20,152,6FW06A: Máy quét ảnh hoặc tài liệu HP ScanJet Pro 2000 s2- Sheet-feed Scanner,131,0,7081818.0
2023-02-20,150,Bộ máy vi tính Pentium G6405,131,0,278545454.0
2023-02-20,148,Bàn phím  NK2500,131,0,118182.0
2023-02-20,148,Bộ nhớ trong  Kingmax 4GB DDR4-2666,131,0,500000.0
2023-02-21,157,Ổ cứng hiệu  Western  4TB,131,0,2000000.0
2023-02-21,157,Bộ nhớ trong Kingmax 8GB DDR4-2666,131,0,545454.0
2023-02-21,157,"Thiết bị thu phát vô tuyến  TP-Link,TL- WN822N",131,0,445455.0
2023-02-21,157,Bàn phím + chuột Logitech MK235,131,0,409091.0
2023-02-21,153,"Ổ cứng di động Seagate One touch 1TB 2.5""",131,0,1318182.0
2023-02-21,155,Mực T5018,131,0,1090909.0
2023-02-21,156,Bộ lưu điện Santak - Mã hàng TG500,131,0,2109091.0
2023-02-21,154,"Ổ cứng GN WD Elements 2.5"" 4TB",131,0,3227273.0
2023-02-22,158,MÁY VI TÍNH ĐỂ BÀN (PC) LENOVO ThinkCentre neo 50t Gen 3 i3- 12100(4*3.3)/4GD4/256GSSD/WL/BT/KB/M/nOS/ĐEN( 11SC001LVA),131,0,105000000.0
2023-02-22,159,BỘ CPU I3.10105,131,0,15800000.0
2023-02-22,158,MÁY TÍNH ĐỂ BÀN (PC) LENOVO ThinkCentre neo 50s Gen 3 i5- 12400(6*2.5)/4GD4/256GSSD/WL/BT/KB/M/NoOS/ĐE N(11T000AXVA),131,0,47272727.0
2023-02-23,162,Mực in 308 Number One,131,0,400000.0
2023-02-23,164,Hộp mực  in Ecoplus 12A,131,0,236364.0
2023-02-23,163,Hộp mực  in Izinet 12A,131,0,309091.0
2023-02-23,162,Mực Laser đen Premium,131,0,290909.0
2023-02-23,161,Nguồn Jetek Model Y500T,131,0,218181.0
2023-02-23,161,Bảng mạch chính Asus Prime H510MF,131,0,1363636.0
2023-02-23,161,Vỏ thùng máy tính  Jetek A30,131,0,236364.0
2023-02-23,161,Bộ nhớ trong  Kingmax 8GB DDR4-2400,131,0,545455.0
2023-02-23,161,Ổ cứng GT Western Digital 2TB,131,0,1090909.0
2023-02-23,160,Phần mềm Kaspersky KL1867MUAFS,131,0,300000.0
2023-02-24,167,Máy in laser Brother HL-L2321D,131,0,5072726.0
2023-02-24,167,MÀN HÌNH VI TÍNH (LCD) LENOVO C22-20 21.5INCH/1920 x 1080/75Hz/VGA/HDMI/ĐEN/(62A7KAR1WW),131,0,4636364.0
2023-02-24,166,Chuột vi tính Rapoo M20,131,0,327273.0
2023-02-24,166,Loa SoundMax A120/2.0,131,0,154545.0
2023-02-24,166,Bàn phím Rapoo NK2500,131,0,200000.0
2023-02-24,167,Nguồn máy tính Corsair CV450,131,0,700000.0
2023-02-24,167,Ổ cứng hiệu Western WD 1TB,131,0,1600000.0
2023-02-24,165,Chuột vi tính Rapoo M20,131,0,436364.0
2023-02-24,165,Nguồn  Jetek Model Y500T,131,0,436364.0
2023-02-24,165,Bàn phím Rapoo NK2500,131,0,400000.0
2023-02-24,167,Bộ nhớ trong DDR4 16GB/3200 KINGSTON,131,0,2072728.0
2023-02-24,167,Bảng mạch chính ASUS TUF  B660M-E D4,131,0,2909091.0
2023-02-26,171,Ổ đĩa SDRW - 08D2S - U lite hiệu Asus,131,0,1618182.0
2023-02-26,170,Mực Laser TN-2385,131,0,772727.0
2023-02-26,169,Chuột máy tính Dell MS116,131,0,81818.0
2023-02-26,168,Phần mềm  Kaspersky KL1941MCCFS,131,0,900000.0
2023-02-26,169,MÀN HÌNH VI TÍNH (LCD) LENOVO C22-20 21.5INCH/1920 x 1080/75Hz/VGA/HDMI/ĐEN/(62A7KAR1WW),131,0,2318182.0
2023-02-26,172,Loa SoundMax A710/2.1,131,0,727273.0
2023-02-26,169,Bàn phím  Dell Multimedia KB216,131,0,154545.0
2023-02-26,172,Bàn phím Dell Multimedia KB216,131,0,436365.0
2023-02-26,174,Bộ lưu điện Santak - mã hàng C1K-LCD,131,0,6900000.0
2023-02-26,174,"Chuyển đổi quang điện 2 sợi quang , BT-950 GS-20 (10/100/1000M)",131,0,1054546.0
2023-02-26,174,Chuột máy tính  Logitech B100,131,0,163636.0
2023-02-26,173,"Ổ cứng lưu trữ dữ liệu ST4000VX000,4T,5900RPM,3.5'',SATA,SEAGATE",131,0,2136364.0
2023-02-26,172,"Thiết bị đầu cuối 2.4GHz TP-Link,M7000",131,0,1454544.0
2023-02-26,172,Nguồn Jetek Model Y500T,131,0,400000.0
2023-02-27,179,Dây cáp mạng Ensoho EN-F6CA24 FTP cat6,131,0,2481818.0
2023-02-27,179,Thiết bị định tuyến TP-Link 2.4GHz/5GHz Archer C50,131,0,3200000.0
2023-02-27,179,Cổng nối mạng TL - SG1005D TP-Link,131,0,836364.0
2023-02-27,178,Máy In Canon Laser LBP226DW,131,0,6454545.0
2023-02-27,177,Máy In Canon Laser LBP-2900,131,0,3536363.0
2023-02-27,179,Đầu bấm dây cáp mạng Ensoho  RJ-45 cat5e,131,0,436364.0
2023-02-27,179,"CÁP CAT6 4UTP,23AWG,CM",131,0,2636364.0
2023-02-27,179,Tủ Rack 6U,131,0,778182.0
2023-02-27,179,THIẾT BỊ CHUYỂN MẠCH CISCO WS-C2960 CG-8TCL,131,0,7227272.0
2023-02-27,177,Màn hình vi tính Asus VP247HAE,131,0,3636364.0
2023-02-27,176,"Ổ cứng GT Western Digital 1TB-3.5""",131,0,681818.0
2023-02-27,175,Bàn phím Dell Multimedia KB216,131,0,181818.0
2023-02-27,180,Hộp mực  in Izinet 12A,131,0,954545.0
2023-02-28,182,Bộ định tuyến TP-Link 2.4GHz-TL-WR840N,131,0,245455.0
2023-02-28,182,Nguồn Jetek Model Y500T,131,0,1090909.0
2023-02-28,182,"Thiết bị thu phát vô tuyến TP-Link,TL-WN821N",131,0,490909.0
2023-02-28,182,"Thiết bị thu phát vô tuyến TP-Link,TL-WN823N",131,0,163636.0
2023-02-28,182,"Thiết bị thu phát vô tuyến TP-Link,TL-WN725N",131,0,709091.0
2023-02-28,182,Chuột vi tính Rapoo M20,131,0,1090909.0
2023-02-28,182,"Bộ định tuyến  TP-Link 2.4GHz,TL-WR820N",131,0,218182.0
2023-02-28,181,"Thiết bị thu phát vô tuyến TP-Link,TL-WA860RE",131,0,263636.0
2023-02-28,183,Điện thoại Panasonic KXTGB110CX,131,0,454545.0
2023-02-28,186,MÀN HÌNH LCD 23.8 Inch LENOVO THINKVISION S24e-20 (62AEKAR2WW),131,0,4545455.0
2023-02-28,186,MÀN HÌNH VI TÍNH (LCD) LENOVO C22-20 21.5INCH/1920 x 1080/75Hz/VGA/HDMI/ĐEN/3Y(62A7KAR1WW),131,0,3636364.0
2023-02-28,185,MÀN HÌNH VI TÍNH (LCD) LENOVO C22-20 21.5INCH/1920 x 1080/75Hz/VGA/HDMI/ĐEN/3Y(62A7KAR1WW),131,0,25454545.0
2023-02-28,185,MÁY VI TÍNH ĐỂ BÀN (PC) LENOVO ThinkCentre neo 50t Gen 3 i3- 12100(4*3.3)/4GD4/256GSSD/WL/BT/KB/M/nOS/ĐEN( 11SC001LVA),131,0,105000000.0
2023-02-28,184,Chuột vi tính Rapoo M20,131,0,118182.0
2023-02-28,184,"Máy tính xách tay Lenovo ThinkBook 14 G4 IAP -I3-1215U(1.2G)-8GB RAM-256GB SSD-WF +BL,Fingerprint-14""FHD- DOS - P/N 21DH00B0VN",131,0,13418182.0
2023-02-28,185,Bộ nhớ máy vi tính Kingmax 4GB DDR4 - 2666,131,0,3181818.0
2023-03-01,188,"Ổ cứng di động Seagate 2TB 2.5""",131,0,2000000.0
2023-03-01,189,MÁY VI TÍNH ĐỂ BÀN (PC) LENOVO ThinkCentre  neo 50t Gen 3 i3- 12100(4*3.3)/4GD4/256GSSD/WL/BT/KB/M/nOS/ĐEN( 11SC001LVA),131,0,7000000.0
2023-03-01,187,"Bản quyền phần mềm Kaspersky Ksos 5 for DT+MD+FS SEA 5 - MD; 5-DT ,1-FS; 5USER 1Y BsRP",131,0,7200000.0
2023-03-01,190,Loa SoundMax A150/2.0,131,0,527273.0
2023-03-01,190,Máy In Canon Laser LBP-2900,131,0,3627272.0
2023-03-02,193,Bộ máy vi tính,131,0,6272727.0
2023-03-02,193,Màn hình LCD VIEWSONIC VA1903A,131,0,3181818.0
2023-03-02,191,Chuột vi tính Rapoo M20,131,0,90909.0
2023-03-02,194,Bộ máy vi tính,131,0,18181818.0
2023-03-02,192,Mực  in  Brother BT5000Y,131,0,136364.0
2023-03-02,195,Đầu bấm dây mạng  Ensoho  RJ-45 cat5e,131,0,309092.0
2023-03-02,195,"Cáp cat6 4UTP, 23AWG, CM (305m/thùng)",131,0,5363636.0
2023-03-02,195,Đầu ghi hình DS-7216HGHI-K1,131,0,2727273.0
2023-03-02,195,Camera quan sát DS-2CE16D0T-LFS,131,0,9363636.0
2023-03-02,195,"Ổ cứng lưu trữ dữ liệu ST4000VX000, 4T ,5900RPM,3.5'',SATA,SEAGATE",131,0,4709092.0
2023-03-02,195,Nguồn 12V 1A ADS-12FG-12N,131,0,727273.0
2023-03-02,195,Cáp dữ liệu HDMI 1.4 dài 15m,131,0,909091.0
2023-03-02,195,"Dây 4 lõi có thép treo vỏ nhựa PVC, chuẩn cat 3 (300m)",131,0,909091.0
2023-03-02,195,"Đầu mạng cáp 6 Commscope, AMP",131,0,500000.0
2023-03-02,195,"Dây mạng FTP CAT6E Cu 0,5mm Cường lực HDPE",131,0,2218180.0
2023-03-03,196,Tiền công,131,0,32727273.0
2023-03-03,196,Bộ định tuyến  Tp-Link 2.4GHz/Archer MR100,131,0,8636364.0
2023-03-03,196,Camera quan sát CS-C6N (1080P),131,0,16363636.0
2023-03-03,196,"Thiết bị chuyển mạch Catalyst 1000 24port GE, 4x1G SFP/C1000­24T­4G­L",131,0,29090909.0
2023-03-03,196,Thẻ nhớ 64GB Micro SDXC Exceria UHS-I C10 U1 100MB/s Kioxia (Không có Adapter),131,0,4090909.0
2023-03-04,198,Bộ máy vi tính,131,0,15636364.0
2023-03-04,199,MÀN HÌNH VI TÍNH (LCD) LENOVO C22-2021.5INCH/1920 x 1080/75Hz/VGA/HDMI/ĐEN(62A7KAR1WW),131,0,1881818.0
2023-03-04,197,"Dây USB 2.0 nối dài có chipset , dài 10m (10321)",131,0,345455.0
2023-03-04,197,Thiết bị ghi hình Logitech C930e,131,0,2354545.0
2023-03-05,200,Bộ nhớ trong  Kingston 8GD4 /2666,131,0,590909.0
2023-03-05,200,Chuột máy tính  Logitech M331,131,0,272727.0
2023-03-05,201,MÁY TÍNH ĐỂ BÀN (PC) LENOVO ThinkCentre neo 50s Gen 3 i5- 12400(6*2.5)/4GD4/256GSSD/WL/BT/KB/M/NoOS/ĐEN(11T000AXVA),131,0,28363636.0
2023-03-05,200,Ổ cứng  GT Western Digital 1TB,131,0,818182.0
2023-03-05,200,Bàn phím Dell Multimedia KB216,131,0,136364.0
2023-03-05,200,Bảng mạch chính Asus Prime H510MF,131,0,1363636.0
2023-03-08,203,"Thiết bị thu phát vô tuyến Tp-Link 150M ,TL-WN722N",131,0,181818.0
2023-03-08,202,Chuột máy tính Dell MS116,131,0,272727.0
2023-03-08,204,Nguồn Jetek Model J500,131,0,590909.0
2023-03-08,205,MÁY IN HP PRINTER LJ PRO400 M404DN,131,0,5354545.0
2023-03-08,206,Máy tinh xách tay Asus ExpertBook B1400CEAE-EK4263 Core i5 -8G/256GB/Numpad/KB LED Backlid,131,0,13536364.0
2023-03-09,208,"MÀN HÌNH VI TÍNH DELL-LCD-E2216HV-21.5""WHD-3Y",131,0,2545455.0
2023-03-09,207,MÁY IN CANON LASER LBP-2900,131,0,3627273.0
2023-03-10,209,Bộ Máy Vi Tính,131,0,14836364.0
2023-03-10,210,MÀN HÌNH VI TÍNH (LCD) LENOVO C22-20 21.5INCH/1920 x 1080/75Hz/VGA/HDMI/ ĐEN/(62A7KAR1WW),131,0,2318182.0
2023-03-12,211,"Bộ chuột,bàn phím máy vi tính X1800s",131,0,290909.0
2023-03-12,219,MÁY TÍNH ĐỂ BÀN DELL OPTIPEX 3000 SMALL FORM FACTOR Intel® Core i5 - 12500,131,0,15772727.0
2023-03-12,217,"MÀN HÌNH VI TÍNH DELL-LCD-E2216HV-21.5""WHD",131,0,2681818.0
2023-03-12,216,Ổ CỨNG DI DỘNG SEAGATE 1TB ONE TOUCH,131,0,1318181.0
2023-03-12,217,"Máy tính để bàn Dell Inspiron 3910 STI56020W1-8G-512G Intel Core i5- 12400 processor (6-Core, 18M Cache, 2.5GHz to 4.4GHz), 1x8GB, DDR4, 3200MHz, 512GB M.2 PCIe NVMe SSD, Intel(R) UHD Graphics 730, Không ổ đĩa, Chuột, Bàn Phím, Windows 11 Microsoft Office Home and Student 2021",131,0,10445455.0
2023-03-12,218,HỘP MỰC ECOPLUS 12A,131,0,163636.0
2023-03-12,219,Ổ cứng gắn ngoài SanDisk SDSSDE61-4T00-G25 USB 3.2 Type C & Type A,131,0,11322727.0
2023-03-12,220,Hộp mực  in Ecoplus 12A,131,0,236364.0
2023-03-12,216,MÀN HÌNH VI TÍNH (LCD) LENOVO C22-20 21.5INCH/1920 x 1080/75Hz/VGA/HDMI/ ĐEN(62A7KAR1WW),131,0,2318182.0
2023-03-12,212,BỘ MÁY VI TÍNH,131,0,15009091.0
2023-03-12,214,MÁY TÍNH XÁCH TAY (NB) LENOVO V14 G3 IAP i5- 1235U/8GD4/256GSSD/14.0FHD/WL/BT/2C38/NoOS/Đ EN(82TS0062VN),131,0,13318182.0
2023-03-12,213,"Ổ cứng gắn trong 240GB SSD Exceria BICS FLASH 2.5"" SATA3 Kioxia",131,0,863636.0
2023-03-12,215,ổ cứng Kingmax SSD M2 SATA III 256GB SA3080,131,0,718182.0
2023-03-12,216,BỘ MÁY VI TÍNH,131,0,8472727.0
2023-03-12,216,MÁY IN ĐA NĂNG BROTHER DCP-T220,131,0,3345455.0
2023-03-12,214,Chuột vi tính Rapoo M20,131,0,127273.0
2023-03-13,226,"Ổ cứng  SSD Western WDS240G2G0A,240GB",131,0,454546.0
2023-03-13,226,Chuột vi tính  Rapoo M20,131,0,109091.0
2023-03-13,226,Bàn phím  Dell Multimedia KB216,131,0,136364.0
2023-03-13,226,Bảng mạch chính Asus Prime H510MF,131,0,1363636.0
2023-03-13,227,Chuột máy tính Logitech M187,131,0,454546.0
2023-03-13,229,Thẻ nhớ 32GB Micro SDHC exceria UHS-I C10 U1 100mb/s Kioxia,131,0,181818.0
2023-03-13,227,Bàn phím Dell Multimedia KB216,131,0,154545.0
2023-03-13,228,"Bộ nhớ ngoài Sandisk 32G SDCZ74-032G-G46,USB",131,0,418182.0
2023-03-13,226,Bộ vi xử lý Intel Pentium G6405,131,0,1363636.0
2023-03-13,225,Cáp dữ liệu VIDEO HDMI 1.4 truyền âm thanh hình ảnh dài 5M Ugreen ( 10109),131,0,2636364.0
2023-03-13,224,Mực in HP W2092A,131,0,2636364.0
2023-03-13,224,Mực in phun Brother BTD60BK,131,0,681818.0
2023-03-13,224,Ruy băng máy in vi tính LQ310,131,0,409091.0
2023-03-13,224,Mực in HP CF-230A,131,0,3490910.0
2023-03-13,224,Mực in HP W2093A,131,0,2636364.0
2023-03-13,224,Mực in HP W2091A,131,0,2636364.0
2023-03-13,224,Mực in HP W2090A,131,0,3954545.0
2023-03-13,224,Mực in phun Brother BT5000C,131,0,463636.0
2023-03-13,224,Mực  in phun Brother BT5000M,131,0,463636.0
2023-03-13,224,Mực  in phun Brother BT5000Y,131,0,463636.0
2023-03-13,229,Camera quan sát CS-CV310 (A0-1B2WFR),131,0,2090909.0
2023-03-13,231,Bảng mạch chính  Asus Prime H510MF,131,0,1772727.0
2023-03-13,230,Bút trình chiếu Rapoo XR200,131,0,363636.0
2023-03-13,221,Phần mềm  Kaspersky KL1867MUAFS,131,0,300000.0
2023-03-13,223,"Màn hình vi tính Dell LCD - E2216Hv - 21.5""WHD",131,0,6090909.0
2023-03-13,222,Máy  in Brother HL-L2321D,131,0,2681818.0
2023-03-13,231,"Ổ cứng gắn trong 240GB SSD EXCERIA BICS FLASH 2.5"" Sata3 Kioxia",131,0,890909.0
2023-03-13,232,Ổ cứng  GT Western Digital 1TB,131,0,778182.0
2023-03-13,232,Bộ nhớ trong  Kingston 8GD4 - 2666,131,0,972727.0
2023-03-13,231,Bộ nhớ trong  Kingston 8GD4 - 3200,131,0,1545455.0
2023-03-13,232,USB hiệu Kingston 64GB 3.0DT100G3,131,0,409091.0
2023-03-13,232,Chuột vi tính Rapoo M20,131,0,340909.0
2023-03-13,232,Bàn phím  Logitech K120,131,0,409091.0
2023-03-13,222,Mực  Laser đen Premium,131,0,36364.0
2023-03-14,238,MÁY VI TÍNH ĐỂ BÀN (PC) LENOVO ThinkCentre neo 50t Gen 3 i3- 12100(4*3.3)/4GD4/256GSSD/WL/BT/KB/M/nOS/ ĐEN( 11SC001LVA),131,0,7990909.0
2023-03-14,238,MÁY IN  Brother DCP-B7535DW,131,0,5072727.0
2023-03-14,239,Bộ nhớ máy vi tính Kingmax 4GB DDR4 - 2666,131,0,6363636.0
2023-03-14,239,MÀN HÌNH VI TÍNH (LCD) LENOVO C22-20 21.5INCH/1920 x 1080/75Hz/VGA/HDMI/ĐEN/3Y(62A7KAR1WW),131,0,27272727.0
2023-03-14,240,Bàn phím Dell Multimedia KB216,131,0,136364.0
2023-03-14,238,MÀN HÌNH LCD 23.8 Inch LENOVO THINKVISION S24e-20 (62AEKAR2WW),131,0,2718182.0
2023-03-14,236,Bàn phím Keyboard NK2500,131,0,272726.0
2023-03-14,237,"Bộ nhớ ngoài Sandisk 32G SDCZ74-032G-G46,USB",131,0,418182.0
2023-03-14,236,"Ổ cứng gắn trong 240GB SSD EXCERIA BICS FLASH2.5""Sata3 Kioxia",131,0,1090910.0
2023-03-14,236,Bảng mạch chính Asus Prime H510M,131,0,1363636.0
2023-03-14,236,Nguồn Jetek Model Y500T,131,0,454546.0
2023-03-14,236,Bộ nhớ trong Kingston 8GB D-2666,131,0,618182.0
2023-03-14,240,"Ổ cứng gắn trong 480GB SSD  EXCERIA BICS FLASH 2.5"" Sata3 KIOXIA",131,0,818182.0
2023-03-14,240,Bộ nhớ trong Kingston 16GB D4 - 3200U,131,0,1000000.0
2023-03-14,235,Máy in hóa đơn XP-Q801L,131,0,1318182.0
2023-03-14,235,Máy in mã vạch XP-350BM,131,0,1590909.0
2023-03-14,235,ĐẦU ĐỌC MÃ VẠCH OD7200,131,0,1445454.0
2023-03-14,234,Bảng mạch chính Asus Prime H510MF,131,0,1363636.0
2023-03-14,240,Chuột máy tính Logitech G304,131,0,654545.0
2023-03-14,233,Mực  in phun Brother BT5000,131,0,336364.0
2023-03-14,234,"Ổ cứng gắn trong 240GB SSD EXCERIA BICS FLASH 2.5""Sata3 Kioxia",131,0,1090910.0
2023-03-14,234,Bộ nhớ trong Kingston 8GB D-2666,131,0,618182.0
2023-03-14,234,Bàn phím Keyboard NK2500,131,0,272726.0
2023-03-14,234,Nguồn Jetek Model Y500T,131,0,454546.0
2023-03-15,242,Máy in HP Laser jet Pro M404DN,131,0,5718182.0
2023-03-15,241,Bộ vi xử lý  Intel Core i3-10105,131,0,2454546.0
2023-03-15,241,Bảng mạch chính Asus Prime B560MK/CSM,131,0,1727273.0
2023-03-15,241,Drum máy photo,131,0,818182.0
2023-03-15,241,Gạt máy photo,131,0,454545.0
2023-03-15,241,Từ,131,0,1090909.0
2023-03-15,241,Bo máy photo,131,0,2045455.0
2023-03-15,241,Mực T2309,131,0,454545.0
2023-03-16,250,Ổ cứng Kingmax SSD Sata III 120GB SMV32,131,0,309091.0
2023-03-16,250,Bàn phím Dell Multimedia KB216,131,0,272728.0
2023-03-16,250,Chuột máy tính Logitech M185,131,0,327272.0
2023-03-16,247,Cáp dữ liệu Video HDMI 1.4 truyền âm thanh hình ảnh dài 10M Ugreen,131,0,436364.0
2023-03-16,247,Mực  in 337 Number One,131,0,400000.0
2023-03-16,245,Bàn phím Dell Multimedia KB216,131,0,281818.0
2023-03-16,245,"Màn hình vi tính Dell LCD  U2422H  23.8"" WHD",131,0,11545454.0
2023-03-16,245,Máy in HP Laser jet Pro M404DN,131,0,5445455.0
2023-03-16,245,Chuột máy tính Dell MS116,131,0,172728.0
2023-03-16,245,Vỏ thùng máy tính  JETEK EN15,131,0,245455.0
2023-03-16,245,Vỏ thùng máy tính  JETEK EN22,131,0,245454.0
2023-03-16,243,Bảng mạch chính Asus Prime H510MF,131,0,2818182.0
2023-03-16,244,LOA SOUNDMAX A827 2.1,131,0,536364.0
2023-03-16,243,Bộ vi xử lý Intel Core i3 /9100,131,0,4400000.0
2023-03-16,251,Chuột vi tính có dây Rapoo N100,131,0,436364.0
2023-03-16,251,Bàn phím Keyboard NK2500,131,0,136363.0
2023-03-16,251,Ổ cứng di động 16GB U366 USB KIOXIA,131,0,272727.0
2023-03-16,251,TAI NGHE SOUNDMAX AH304,131,0,472728.0
2023-03-16,249,Máy in Brother DCP - B7535DW,131,0,5072727.0
2023-03-16,248,Mực T3008,131,0,1136364.0
2023-03-16,251,Màn hình LCD VIEWSONIC VA2732-H,131,0,2954545.0
2023-03-16,244,Vỏ thùng máy tính JETEK Squid Game A1,131,0,527273.0
2023-03-16,243,Ổ cứng GT Western Digital 1TB,131,0,1600000.0
2023-03-16,244,Dây cáp mạng  Ensoho EN - U5CA24 UTP Cat5e,131,0,863636.0
2023-03-16,244,"Ổ cứng  SSD 240GB  EXCERIA BICS FLASH 2.5"" Sata3 KIOXIA",131,0,2863636.0
2023-03-16,244,Đầu bấm dây mạng Ensoho EN-RJ45C5 RJ-45 cat5e,131,0,136364.0
2023-03-16,244,Ổ cứng SSD 120GB SMV32 KINGMAX SATA III,131,0,1636364.0
2023-03-16,244,LOA MICROLAB U210 2.1,131,0,381818.0
2023-03-17,252,Hộp mực  in Izinet 12A,131,0,709091.0
2023-03-18,253,Máy in laser Canon LBP 2900,131,0,17363636.0
2023-03-19,254,Mực T3008,131,0,1136364.0
2023-03-20,261,"Bút trình chiếu hiệu Rapoo mới 100%. Wireless Prensenter BLACK, XR200",131,0,272727.0
2023-03-20,260,Bộ máy vi tính,131,0,14063636.0
2023-03-20,260,MÀN HÌNH LCD 23.8 Inch LENOVO THINKVISION S24e-20 (62AEKAR2WW),131,0,2718182.0
2023-03-20,259,CHUỘT MÁY TÍNH DELL MS116,131,0,545455.0
2023-03-20,259,"Màn hình máy tính Lenovo H20215FE0 - ""E22-28 (H20215FE0) 21.5 inch Monitor-HDMI, Linecord, P/N:62B9MAR4WW",131,0,2445454.0
2023-03-20,258,Ổ cứng Kingmax SSD Sata III 120GB SMV32,131,0,409091.0
2023-03-20,257,Máy quét HP Scanjet Pro 3000 S4 Sheet-feed - WTY_6FW07A,131,0,9627273.0
2023-03-20,256,Chuột máy tính Logitech B100,131,0,63636.0
2023-03-20,256,Mực in 26A Number One,131,0,445455.0
2023-03-20,255,Máy  in Brother DCP-B7535DW,131,0,4990909.0
2023-03-20,263,MÁY IN ĐA NĂNG  Brother DCP-T220,131,0,3345455.0
2023-03-20,262,MÁY IN Canon Laser LBP-2900,131,0,3627273.0
2023-03-20,264,Màn hình máy tính Dell 22 Monitor - E2223HN,131,0,7800000.0
2023-03-20,256,Mực  in 308 Number One,131,0,400000.0
2023-03-21,267,Máy chiếu đa năng ViewSonic PA503XB,131,0,10263636.0
2023-03-21,267,Màn chiếu treo P70WS,131,0,954545.0
2023-03-21,267,Thiết bị trình chiếu Presenter Logitech R400,131,0,590909.0
2023-03-21,266,Loa SoundMax A926/2.1,131,0,636363.0
2023-03-21,266,Bộ định tuyến Tp-Link 2.4GHz/5GHz Archer MR200,131,0,1136364.0
2023-03-21,266,Ổ cứng  Kingmax SSD M2 Sata III 256GB SA3080,131,0,636364.0
2023-03-21,267,Gía treo máy chiếu  MS12,131,0,545456.0
2023-03-21,269,Hộp mực in Ecoplus 12A,131,0,381818.0
2023-03-21,267,Cáp dữ liệu HDMI dài 15m Ugreen,131,0,863636.0
2023-03-21,268,Máy tính bàn LENOVO THINKCENTRE M70S GEN 3  i5-12400 /11TC000TVA,131,0,23727274.0
2023-03-21,268,MÀN HÌNH VI TÍNH (LCD) LENOVO C22-20 21.5INCH/1920 x 1080/75Hz/VGA/HDMI/ĐEN(62A7KAR1WW),131,0,4545454.0
2023-03-21,270,"Bút trình chiếu hiệu Rapoo mới 100%. Wireless Prensenter BLACK, XR200",131,0,272727.0
2023-03-21,270,Cáp chuyển đổi HDMI dài 5M ugreen,131,0,181818.0
2023-03-21,271,Cap chuyển đổi HDMI dài 10M ugreen,131,0,454545.0
2023-03-21,266,MÁY TÍNH XÁCH TAY (NB) LENOVO V14 G3 IAP i5-1235U/8GD4/256GSSD/14.0FHD/WL/BT/2C38/NoOS/ĐEN(82TS0062VN),131,0,12272727.0
2023-03-21,266,Máy in đa năng Brother DCP-T220,131,0,3000000.0
2023-03-21,275,MÁY TÍNH ĐỂ BÀN,131,0,9090909.0
2023-03-21,265,MÀN HÌNH LCD 23.8 Inch LENOVO THINKVISIONS24e-20 (62AEKAR2WW),131,0,2718182.0
2023-03-21,265,Bộ máy vi tính,131,0,14063636.0
2023-03-21,274,Cáp chuyển đổi HDMI dài 5M ugreen,131,0,181818.0
2023-03-21,274,"Bút trình chiếu hiệu Rapoo mới 100%. Wireless Prensenter BLACK, XR200",131,0,272727.0
2023-03-21,273,Cáp chuyển đổi HDMI dài 5M ugreen,131,0,181818.0
2023-03-21,273,"Bút trình chiếu hiệu Rapoo mới 100%. Wireless Prensenter BLACK, XR200",131,0,272727.0
2023-03-21,272,BÚT TRÌNH CHIẾU LP15 A4TECH,131,0,272727.0
2023-03-22,286,Bộ nhớ trong Kingston 16GB D4-3200U,131,0,1000000.0
2023-03-22,287,"Màn hình vi tính Dell  LCD  E2216Hv 21.5"" WHD",131,0,2318182.0
2023-03-22,282,Máy in Brother HL - L2321D,131,0,2650000.0
2023-03-22,287,"Ổ cứng di động  Seagate Expansion 1TB 2.5""",131,0,1318182.0
2023-03-22,277,Trống từ Brother DR-2385,131,0,636364.0
2023-03-22,288,Màn hình  LCD VIEWSONIC VX2476 - SH,131,0,2900000.0
2023-03-22,288,Chuột máy tính Logitech G102,131,0,300000.0
2023-03-22,288,"Ổ cứng SSD Western WDS500G2B0A, 500GB, Sata3 2.5""",131,0,1345455.0
2023-03-22,276,MỰC BROTHER BT5000Y,131,0,118182.0
2023-03-22,276,Trống từ Brother DR-2385,131,0,636363.0
2023-03-22,286,Chuột máy tính Logitech G102,131,0,300000.0
2023-03-22,283,"Máy tính xách tay Asus ExpertBook model B1500CEAE-BQ3284 Intel® Core™ i7-1165G7 /8G DDR4 on board, 512GB M.2 NVMe PCIe 3.0 SSD, Endless, FingerPrint, 15.6-inch, LED Backlit, 250nits, FHD (1920 x 1080)",131,0,16809091.0
2023-03-22,286,Màn hình LCD VIEWSONIC VX2776-SH,131,0,3245455.0
2023-03-22,278,Mực in phun Brother BT5000,131,0,354546.0
2023-03-22,279,Bộ máy vi tính,131,0,14063636.0
2023-03-22,279,MÀN HÌNH LCD 23.8 Inch LENOVOTHINKVISIONS24e-20 (62AEKAR2WW),131,0,2718182.0
2023-03-22,281,BÀN PHÍM RAPOO V500SE,131,0,1000000.0
2023-03-22,281,CHUỘT MÁY TÍNH LOGITECH M185,131,0,363636.0
2023-03-22,284,Camera kỹ thuật số có chức năng ghi hiệu EZVIZ mã CS-C3TN (1080P COLOR),131,0,909091.0
2023-03-22,280,HỘP MỰC ECOPLUS 12A,131,0,172727.0
2023-03-22,284,"Camera quan sát CS-C3TN (3MP,2.8MM)",131,0,954546.0
2023-03-22,285,"Thiết bị thu phát vô tuyến  TP-Link,TL-WN722N",131,0,327273.0
2023-03-22,285,Chuột máy tính Dell MS116,131,0,272727.0
2023-03-22,285,Bàn phím  Dell Multimedia KB216,131,0,450000.0
2023-03-22,285,Vỏ thùng máy tính JETEK EM3,131,0,818182.0
2023-03-22,284,Bàn phím  Logitech K120,131,0,163636.0
2023-03-22,284,Thẻ nhớ 32GB Micro SDHC Exceria UHS -I C10 U1 100MB/s Kioxia,131,0,181818.0
2023-03-23,289,"Card PCIe Adapter TP Link,TL-WN881ND",131,0,790909.0
2023-03-23,291,"Ổ CỨNG MÁY TÍNH SSD Western WDS250G2B0A,250G",131,0,1181818.0
2023-03-23,292,Chuột LOGITECH M170,131,0,154545.0
2023-03-23,292,"Thiết bị thu phát vô tuyến  2.4GHz TP-Link,TL-WA854RE",131,0,181818.0
2023-03-23,292,Bàn phím RAPOO V500 PRO,131,0,618182.0
2023-03-23,289,MÀN HÌNH LCD 23.8 Inch LENOVOTHINKVISIONS24e-20(62AEKAR2WW),131,0,2718182.0
2023-03-23,289,Bộ máy vi tính,131,0,14063636.0
2023-03-23,293,MÁY IN Canon Laser LBP-2900,131,0,3627273.0
2023-03-23,290,MÁY TÍNH ĐỂ BÀN DELL OPTIPEX 3000 SMALL FORMFACTOR Intel® Core i5 - 12500,131,0,13263636.0
2023-03-23,290,"Card PCIe Adapter TP Link,TL-WN881ND",131,0,254546.0
2023-03-24,294,Mực Laser TN-2385 Brother,131,0,727273.0
2023-03-24,296,Máy tính Casio JS20,131,0,3727273.0
2023-03-24,296,Thiết bị định tuyến TP-Link 2.4GHz/5GHz Archer C50,131,0,1054545.0
2023-03-24,295,"ổ cứng Western SSD 240GB Sata3, màuxanh - green (WDS240G3G0A)",131,0,6545455.0
2023-03-24,296,Máy hủy giấy hiệu Magitech DM-120M,131,0,4300000.0
2023-03-24,296,Bộ lưu điện Santak - TG500,131,0,12218182.0
2023-03-25,298,Máy tính bàn LENOVO THINKCENTRE M70S Gen 3 I3 12100/4GB/256GB SSD/WL+BT/K+M/DEN/1Y (11TC000PVA),131,0,7272727.0
2023-03-25,298,TAI NGHE SOUNDMAX AH304,131,0,709091.0
2023-03-25,298,Máy tính bàn LENOVO THINKCENTRE M70S Gen 3 -I5 12400/8GB/256GB SSD/WL+BT/K+M/DEN/1Y (11TC000TVA),131,0,10000000.0
2023-03-25,297,MÁY VI TÍNH ĐỂ BÀN (PC) LENOVO ThinkCentre neo 50tGen 3 i3- 12100(4*3.3)/4GD4/256GSSD/WL/BT/KB/M/nOS/ĐEN( 11SC001LVA),131,0,77000000.0
2023-03-26,308,"Máy tính xách tay HP PAVILION 15 - eg2062TU i3 1215TU/8GB/256GB SSD/15.6"" FHD/W11SL/ALU Vàng ( 6K790PA)",131,0,12590909.0
2023-03-26,308,Chuột vi tính  Rapoo M20,131,0,127273.0
2023-03-26,301,BÀN PHÍM LOGITECH K120,131,0,163636.0
2023-03-26,301,CHUỘT MÁY TÍNH  Logitech B100,131,0,72727.0
2023-03-26,300,MỰC Laser TN-2385 Brother,131,0,500000.0
2023-03-26,300,MỰC LASER ĐEN BROTHER 2240,131,0,136364.0
2023-03-26,307,"Thiết bị chuyến mạch TP-Link,TL-SF1008D",131,0,181818.0
2023-03-26,300,CHUỘT MÁY TÍNH Logitech M185,131,0,181818.0
2023-03-26,299,"Ổ cứng SSD 480GB KIOXIA EXCERIA BICS FLASH 2.5"" Sata3",131,0,890909.0
2023-03-26,302,CHUỘT MÁY TÍNH Logitech M221,131,0,490909.0
2023-03-26,303,Mực  Laser đen Premium,131,0,136364.0
2023-03-26,303,Mực MP2014,131,0,590909.0
2023-03-26,307,Bộ nhớ trong Kingston 4GB/2666,131,0,772727.0
2023-03-26,303,TỪ,131,0,1772727.0
2023-03-26,304,Chuột máy tính Logitech M221,131,0,209091.0
2023-03-26,304,Hộp Mực In EcoPlus 12A,131,0,136364.0
2023-03-26,305,BỘ MÁY VI TÍNH,131,0,7981818.0
2023-03-26,306,"Máy tính xách tay Dell Latitude 3420, CTO Intel Core i3-1115G4 (2 Core,6M cache, base 3.0GHz, up to 4.10), MH 14 inch HD (1920 x 1080), RAM8GB, 256GB SSD, Intel® UHD Graphics, Ubuntu /L3420I3SSHD",131,0,10454545.0
2023-03-26,306,Máy in Brother HL-L2321D,131,0,7227273.0
2023-03-27,309,Mực In Brother BT5000M,131,0,136364.0
2023-03-27,310,CHUỘT MÁY TÍNH LOGITECH B100,131,0,127273.0
2023-03-28,313,TAI NGHE LOGITECH H370,131,0,409091.0
2023-03-28,313,THIẾT BỊ CHUYỂN MẠCH TP-Link TL-SF1008D,131,0,200000.0
2023-03-28,313,CHUỘT MÁY TÍNH LOGITECH B100,131,0,77273.0
2023-03-28,314,Ổ CỨNG SSD 240GB KIOXIA EXCERIA SATA3 BICS FLASH 2.5,131,0,863636.0
2023-03-28,315,Bộ vi xử lý Intel i5 10400-2.90Ghz,131,0,3354545.0
2023-03-28,315,Bộ nhớ trong Ram 8GB - 3200 Kingmax,131,0,681818.0
2023-03-28,315,Nguồn Jetek Model J450,131,0,618182.0
2023-03-28,315,Bo mạch chính Asus Prime H510MK,131,0,1527273.0
2023-03-28,313,BỘ NHỚ TRONG RAM KINGSTON 16GB/3200,131,0,1072727.0
2023-03-28,313,BỘ NHỚ TRONG RAM KINGMAX 8GB/3200,131,0,2672727.0
2023-03-28,311,Chuột máy tính Logitech M185,131,0,181818.0
2023-03-28,312,"Màn hình LCD   VIEWSONIC VA1903A/19""",131,0,2909091.0
2023-03-28,312,Tai nghe SoundMax AH304,131,0,1000000.0
2023-03-28,312,4K0Z7PA: Máy tính xách tay HP 14s-fq1080AU - AMD Ryzen 3 5300U / 4GB DDR4-3200/ SSD 256GB / Radeon Vega Graphics/ 14” HD/ Windows 11 Home/ Natural Silver/ 1Y,131,0,13500000.0
2023-03-28,316,"Máy tính xách tay Apple MacBook Air,M2 8 core CPU/8 core GPU, 8GBmemory, 256GB SSD, 16 core NeuralEngine, 13.6"" Liquid Retina True Tone,Magic Keyboard/Touch ID, 30W USB-CPower Adpt.,macOS, Silver, 1Y WTY_MLXY3SA/A",131,0,23363636.0
2023-03-29,319,"Thiết bị thu phát vô tuyến TP-Link 150M,TL-WN722N",131,0,1409091.0
2023-03-29,319,LOA SOUNDMAX A2126 2.1,131,0,1054545.0
2023-03-29,319,Loa SoundMax A150/2.0,131,0,627273.0
2023-03-29,319,Chuột máy tính Logitech B100,131,0,636364.0
2023-03-29,319,Bàn phím  Logitech K120,131,0,922727.0
2023-03-29,328,Hộp mực in ecoplus 12A,131,0,118182.0
2023-03-29,319,Ổ cứng di động USB KIOXIA 16GB U202 2.0,131,0,300000.0
2023-03-29,319,"Thiết bị chuyển mạch TP-Link,TL-SF1008D",131,0,1409091.0
2023-03-29,321,Máy  In Canon Laser LBP-2900,131,0,3627273.0
2023-03-29,327,"Màn hình vi tính LCD DELL P2719H 27.0""",131,0,11181818.0
2023-03-29,320,Máy  In Canon Laser LBP-2900,131,0,3627273.0
2023-03-29,322,Mực  in 326 Number One,131,0,400000.0
2023-03-29,321,Bộ lưu điện Santak - TG500,131,0,918182.0
2023-03-29,326,"Màn hình LCD VIEWSONIC VA1903A/19""",131,0,7181818.0
2023-03-29,326,Máy in Brother HL- L2321D,131,0,23818182.0
2023-03-29,325,Máy In Canon Laser LBP 226DW,131,0,5500000.0
2023-03-29,324,MÁY IN  Brother HL-L2321D,131,0,2454545.0
2023-03-29,317,Cáp truyền dữ liệu HDMI 10m Ugreen,131,0,400000.0
2023-03-29,318,MỰC LASER ĐEN PREMIUM,131,0,290909.0
2023-03-29,318,HỘP MỰC ECOPLUS 12A,131,0,290909.0
2023-03-29,327,"Màn hình  LCD VIEWSONIC VX3276-MHD-2.31.5""",131,0,16000000.0
2023-03-29,323,4K0Z7PA: Máy tính xách tay HP 14s-fq1080AU - AMD Ryzen3 5300U / 4GB DDR4-3200/ SSD 256GB / Radeon VegaGraphics/ 14” HD/ Windows 11 Home/ Natural Silver/ 1Y,131,0,21545455.0
2023-03-29,326,Bàn phím  Dell Multimedia KB216,131,0,4090909.0
2023-03-29,327,"Màn hình vi tính Dell LCD  U2419H  23.8"" WHD-3Y",131,0,19636364.0
2023-03-29,327,Máy in đa năng Brother MFC - L2701D,131,0,23636364.0
2023-03-29,327,Bộ máy vi tính,131,0,85909091.0
2023-03-29,326,"Thiết bị chuyển mạch  TP-Link,TL-SF1005D",131,0,136363.0
2023-03-29,326,TAI NGHE SOUNDMAX AH314,131,0,1818182.0
2023-03-29,326,Máy In Canon Laser LBP-2900,131,0,13636364.0
2023-03-29,326,"Máy tính xách tay MSI GF63 Thin11SC-664VN (i5-11400H; 8GB;512GB SSD; GTX 1650/4GB; 15.6""FHD 144Hz; Win11; Đen)",131,0,14545455.0
2023-03-29,326,Chuột máy tính  Dell MS116,131,0,2318182.0
2023-03-29,327,"Màn hình vi tính LCD DELL P2722H 27.0""",131,0,8181818.0
2023-03-30,329,"Thiết bị chuyển mạch  TP-Link,TL-SF1008D",131,0,145454.0
2023-03-30,329,"Thiết bị đầu cuối GSM/W-CDMA FDD 2.4GHz TP-Link,M7000",131,0,845454.0
2023-03-30,329,Camera quan sát DS-2CE16D0T-LFS,131,0,3600000.0
2023-03-30,329,Thẻ nhớ 32GB MICRO SDHC Exceria UHS-I C10 U1  KIOXIA,131,0,727273.0
2023-03-30,329,Ổ cứng di động USB KIOXIA 16GB U202 2.0,131,0,436364.0
2023-03-30,329,"Ổ cứng GT Western Digital 2TB - 3.5""",131,0,1318182.0
2023-03-30,329,"Thiết bị thu phát vô tuyến  2.4GHz TP-Link,TL-WA850RE",131,0,600000.0
2023-03-30,329,Đầu ghi hình DS-7208HGHI-K1,131,0,1936364.0
2023-03-30,331,"Máy tính xách tay LenovoThinkPad E14 Gen 4, i5-1235U,8GB, 512GB SSD, Intel Iris XeGraphics, 14"" FHD, 3C 45Wh,ax+BT, FP, No OS, Đen (Black), WTY_21E300DPVA",131,0,17272727.0
2023-03-30,339,Bộ máy vi tính,131,0,70000000.0
2023-03-30,338,Bộ máy vi tính,131,0,109090909.0
2023-03-30,337,MÁY VI TÍNH ĐỂ BÀN,131,0,4863636.0
2023-03-30,337,MÁY IN Brother HL-L2321D,131,0,2409091.0
2023-03-30,336,CARD ĐỒ HỌA ASUS PH-GTX1650-O4GD6-90YV0EH2-M0NA00,131,0,3718182.0
2023-03-30,335,"Máy tính để bàn Dell Vostro 3710 STI34010W1-8G-256G Intel Core i3-12100processor (4-Core, 12M Cache, 3.3GHz to 4.3GHz), 1x8GB, DDR4,3200MHz, 256GB NVMe M.2 PCIe SSD, Chuột, Bàn Phím, Windows 11Microsoft Office Home and Student 2021",131,0,10909091.0
2023-03-30,334,Ổ CỨNG Kingmax PQ3480 256GB(ZeusM2PCIe-Gen3x4),131,0,600000.0
2023-03-30,333,Bộ nhớ trong Ram 16gb/3200 kingston,131,0,1409091.0
2023-03-30,332,"Thiết bị phụ trợ mạng Planet 17"" 8­Port Combo VGA LCD KVM Switch_KVM­210­08M",131,0,27072727.0
2023-03-30,340,Vỏ thùng máy tính  JETEK Squid Game X1 (WHITE),131,0,709091.0
2023-03-30,330,USB hiệu Kingston 16GB 3.0DT100G3,131,0,2045454.0
2023-03-30,340,Thẻ nhớ Micro SD+Adaptor Hikvision HS-TF-C1/32G,131,0,290909.0
2023-03-30,340,Ổ cứng di động USB KIOXIA 16GB U202 2.0,131,0,590909.0
2023-03-30,340,Bàn phím Keyboard NK2500,131,0,654545.0
2023-03-30,340,Nguồn JETEK  Model J450,131,0,1090909.0
2023-03-30,340,Nguồn JETEK  Model J400,131,0,1445455.0
2023-03-30,340,Vỏ thùng máy tính JETEK Squid Game R5,131,0,609091.0
2023-03-30,340,Vỏ thùng máy tính GOLDEN FIELD 241 PLUS,131,0,454545.0
2023-03-30,340,Chuột vi tính có dây Rapoo N100,131,0,409091.0
2023-04-01,341,CPU MÁY TÍNH,131,0,12881818.0
2023-04-01,342,Chuột vi tính Rapoo M20,131,0,118182.0
2023-04-01,342,6R9M6PA: Máy tính xách tay HP 14s-dq5053TU - Intel Core i5-1235U - U15 / 8GB DDR4 2DM 3200/ SSD 512Gb / Intel Iris Xe/ 14 Inch HD/ Win 11 home/ Natural Silver/ 1Y,131,0,13963636.0
2023-04-02,343,Máy in Canon Laser LBP-2900,131,0,3627273.0
2023-04-02,344,Bộ máy vi tính,131,0,8545454.0
2023-04-02,344,Máy  In Canon Laser LBP-2900,131,0,3500000.0
2023-04-02,344,Máy chấm công bằng dấu vân tay  DG600BID,131,0,2990909.0
2023-04-02,344,MÀN HÌNH LCD 23.8 Inch LENOVO THINKVISION S24e-20 (62AEKAR2WW),131,0,2718182.0
2023-04-02,345,Máy In Canon Laser LBP 226DW,131,0,6309091.0
2023-04-02,344,Thiết bị ghi hình webcam RAPOO,131,0,318182.0
2023-04-03,350,Máy in laser Brother HL-L2321D,131,0,147272727.0
2023-04-03,349,BỘ MÁY VI TÍNH,131,0,11536364.0
2023-04-03,349,Máy  In Canon Laser LBP-2900,131,0,3627272.0
2023-04-03,346,Bàn phím RAPOO V500SE,131,0,1000000.0
2023-04-03,346,Chuột máy tính Dell MS116,131,0,163636.0
2023-04-03,351,BỘ NHỚ RAM SILICON 4GB DDR4-2666,131,0,3790909.0
2023-04-03,347,Camera kỹ thuật số có chức năng ghi hiệu EZVIZ mãCS-C3TN (1080P COLOR) 2.8 MM,131,0,881818.0
2023-04-03,347,"Camera quan sát CS-C1C 1080P, H.265 (E0-1E2WF)",131,0,1309091.0
2023-04-03,347,Thẻ nhớ 64GB MICRO SDXC Exceria UHS -I C10 U1 KIOXIA,131,0,354546.0
2023-04-03,348,Máy bộ đàm GP685,131,0,1363636.0
2023-04-04,352,"Ổ cứng Seagate Expansion2TB 2.5""(STEA2000400)",131,0,1627273.0
2023-04-04,353,Chuột Vi Tính  Rapoo M20,131,0,1090909.0
2023-04-04,358,Hộp mực  in Ecoplus 12A,131,0,118182.0
2023-04-04,353,Bàn Phím Dell Multimedia KB216,131,0,1545455.0
2023-04-04,357,"Bút trình chiếu hiệu Rapoo mới 100%. WirelessPrensenter BLACK, XR200",131,0,590909.0
2023-04-04,354,Máy In Canon Laser LBP-2900,131,0,3472727.0
2023-04-04,354,"Máy tính xách tay Dell Inspiron 15 3520 Intel Core i5-1235U, 15.6""FHD, 1x8G,256GB SSD PCIe NVMe, 3 Cell-41Whr, Win 11 Microsoft Office Home andStudent 2021, N5I5122W1-Black",131,0,14090909.0
2023-04-04,354,Chuột máy tính Logitech M221,131,0,436364.0
2023-04-04,355,MÁY IN Canon Laser LBP-2900,131,0,10745455.0
2023-04-04,355,BỘ CHIA CỔNG Cliptec RZH209,131,0,136363.0
2023-04-04,356,Hộp mực  in Ecoplus 12A,131,0,118182.0
2023-04-05,362,Tai nghe SoundMax AH317,131,0,272727.0
2023-04-05,362,Camera quan sát kỹ thuật số có chức năng ghi hiệuEZVIZ mã CS-H8C,131,0,1718182.0
2023-04-05,362,Chuột vi tính Rapoo M20,131,0,836364.0
2023-04-05,362,"Thiết bị định tuyến thu phát vô tuyến TP-Link,2.4Ghz,TL-MR6400",131,0,1063636.0
2023-04-05,359,"Thiết bị định tuyến thu phát vô tuyến  TP-Link,2.4Ghz,TL-MR6400",131,0,1963636.0
2023-04-05,359,MÀN HÌNH LCD 23.8 Inch LENOVO THINKVISION S24e-20 (62AEKAR2WW),131,0,2363636.0
2023-04-05,359,"Máy tính xách tay MSI GF63 Thin11SC - 664VN (i5-11400H;8GB;512GB SSD; GTX 1650/4GB; 15.6""FHD 144Hz; Win11;Đen)",131,0,13727273.0
2023-04-05,362,Loa vi tính  Microlab M108/2.1,131,0,690910.0
2023-04-05,361,Dây cáp mạng Ensoho EN-U5CA24 UTP Cat5e,131,0,481818.0
2023-04-05,362,Camera quan sát CS-H8C (1080P),131,0,1390910.0
2023-04-05,360,"Ổ CỨNG Seagate Expansion1TB 2.5""(STEA1000405)",131,0,1200000.0
2023-04-05,362,Đầu ghi hình DS-7216HGHI-K1,131,0,2318182.0
2023-04-05,362,Camera quan sát CS-C6N (1080P),131,0,1363636.0
2023-04-05,362,Thẻ nhớ 32GB Kioxia,131,0,272727.0
2023-04-05,362,Camera kỹ thuật số có chức năng ghi hiệu EZVIZ mãCS-C3TN (1080P COLOR) 2.8 MM,131,0,954545.0
2023-04-05,362,"Ổ cứng  GT Western Digital 4TB - 3.5""",131,0,2354545.0
2023-04-05,362,Camera quan sát DS-2CE16D0T-LFS,131,0,14690909.0
2023-04-06,364,"Máy tính xách tay LenovoThinkPad E14 Gen 4, i5-1235U,8GB, 512GB SSD, Intel Iris XeGraphics, 14"" FHD, 3C 45Wh,ax+BT, FP, No OS, Đen (Black),2Y WTY_21E300DPVA",131,0,15545455.0
2023-04-06,363,MÁY TÍNH ĐỂ BÀN (PC) LENOVO ThinkCentre neo 50s Gen 3 i5- 12400(6*2.5)/4GD4/256GSSD/WL/BT/KB/M/NoOS/ĐEN(11T000AXVA),131,0,18909091.0
2023-04-06,363,MÀN HÌNH LCD 23.8 Inch LENOVO THINKVISION S24e-20 (62AEKAR2WW),131,0,11363636.0
2023-04-06,363,MÀN HÌNH VI TÍNH (LCD) LENOVO C22-20 21.5INCH/1920 x 1080/75Hz/VGA/HDMI/ĐEN/3Y(62A7KAR1WW),131,0,18181818.0
2023-04-07,365,Máy in phun màu khổ A4 Epson L805,131,0,9045455.0
2023-04-09,366,Hộp mực in Izinet 12A,131,0,290909.0
2023-04-09,367,Ổ đĩa cứng GT Kingston 120GB(SA400S37/120G)km,131,0,1181818.0
2023-04-09,367,Mực laser đen Premium,131,0,81818.0
2023-04-09,371,Mực  in 308 Number One,131,0,381818.0
2023-04-09,372,Bàn phím RAPOO V500SE,131,0,500000.0
2023-04-09,368,MÁY BỘ ĐÀM  VX6868,131,0,14545455.0
2023-04-09,369,Máy chiếu đa năng ViewSonic PA503W,131,0,35972727.0
2023-04-09,369,Máy In Canon Laser LBP-2900,131,0,3590909.0
2023-04-09,369,Gía treo máy chiếu 1.2m,131,0,818182.0
2023-04-09,369,Màn chiếu treo P84WS,131,0,3545455.0
2023-04-09,369,Cáp dữ liệu VIDEO HDMI 1.4 truyền âm thanh hình ảnh dài 15M Ugreen (10111),131,0,2454545.0
2023-04-09,371,"Bộ nhớ ngoài  Sandisk 32G SDCZ50-032G-B35,USB,Cruzer",131,0,500000.0
2023-04-09,372,"Ổ cứng Seagate Expansion 1TB 2.5""",131,0,1318182.0
2023-04-09,370,ổ cứng gắn trong 250GB SSD Exceria NVMe BiCS FLASHM.2 PCIe Kioxia,131,0,681818.0
2023-04-09,369,6R9M6PA: Máy tính xách tay HP 14s-dq5053TU - Intel Core i5-1235U - U15 / 8GB DDR4 2DM 3200/ SSD 512Gb / Intel Iris Xe/ 14 Inch HD/ Win 11 home/ Natural Silver/ 1Y,131,0,15445455.0
2023-04-10,375,Bàn phím  RAPOO V500 PRO,131,0,672727.0
2023-04-10,375,Chuột máy tính Logitech M221,131,0,236364.0
2023-04-10,375,"Ổ cứng  Seagate Expansion 1TB 2.5""",131,0,1318182.0
2023-04-10,375,"Màn hình vi tính  Dell LCD E2216Hv 21.5"" WHD",131,0,2318182.0
2023-04-10,373,Chuột máy tính Dell WM118,131,0,227273.0
2023-04-10,374,"Ổ đĩa cứng GT Kingston 2.5""SSD (SA400S37/240G)",131,0,863636.0
2023-04-10,374,Bàn phím  Keyboard NK2500,131,0,545455.0
2023-04-10,373,Cáp dữ liệu VIDEO HDMI 1.4 truyền âm thanh hình ảnh dài5M Ugreen (10109),131,0,254545.0
2023-04-10,373,Thẻ nhớ 64GB Micro SDXC Exceria UHS-I C10 U1100MB/s Kioxia (Không có Adapter),131,0,154546.0
2023-04-10,374,Thẻ nhớ 32GB Micro SDHC Exceria UHS-I C10 U1100MB/s Kioxia (Không có Adapter),131,0,363636.0
2023-04-11,377,Mực laser đen Brother 2240,131,0,218182.0
2023-04-11,382,Mực Laser TN-2385 Brother,131,0,409091.0
2023-04-11,377,CPU máy vi tính I3/10105,131,0,6172727.0
2023-04-11,381,"THIẾT BỊ ĐẦU CUỐI  GSM/W-CDMA FDD 2.4GHz TP-Link,M7000",131,0,727273.0
2023-04-11,378,CHUỘT MÁY TÍNH LOGITECH M187,131,0,272727.0
2023-04-11,381,BÀN PHÍM RAPOO V500SE,131,0,500000.0
2023-04-11,378,"Ổ cứng Seagate Expansion 1TB 2.5""",131,0,1318182.0
2023-04-11,379,HỘP MỰC  Ecoplus 12A,131,0,118182.0
2023-04-11,376,"Máy tính bàn Lenovo Desktop ThinkCentre M70a Gen 3 -i3-12100 ( 4.3 GHZ) - 8GB RAM - 256GB SSD - 21.5 inchFHD -1Yr, P/n , hdd 1TB , 11VL0000VA",131,0,14627273.0
2023-04-11,380,USB hiệu Kingston 32GB 3.0DT100G3(DT100G3/32GB),131,0,409091.0
2023-04-11,380,BỘ NHỚ NGOÀI Sandisk 32G SDCZ73-032G-G46,131,0,340909.0
2023-04-11,380,"BỘ NHỚ NGOÀI Sandisk 16G SDCZ50-016G-B35,USB,Cruzer",131,0,863636.0
2023-04-11,380,"Máy tính xách tay Dell Latitude 3420, CTO Intel Core i3-1115G4 (2 Core,6M cache, base 3.0GHz, up to 4.10), MH 14 inch HD (1920 x 1080), RAM8GB, 256GB SSD, Intel® UHD Graphics, Ubuntu",131,0,10818182.0
2023-04-12,385,MÁY IN LASER CANON LBP 2900,131,0,3809091.0
2023-04-12,389,Giấy nhiệt 57-45 (TPNT-K7002 K),131,0,700000.0
2023-04-12,387,BỘ MÁY VI TÍNH,131,0,5172727.0
2023-04-12,383,Bàn phím Rapoo NK2500,131,0,118182.0
2023-04-12,383,Chuột máy tính  Logitech B100,131,0,63636.0
2023-04-12,384,"Ổ cứng di động Seagate Expansion 2TB 2.5""",131,0,2227273.0
2023-04-12,384,Máy tính xách tay Asus ExpertBook Model B1400CEAE-EK4263 Core i5 -8G/256GB/ Numpad/ Bàn Phím LED Backlid/No OS,131,0,13454545.0
2023-04-12,388,ổ cứng gắn trong 250GB SSD Exceria NVMe BiCS FLASHM.2 PCIe Kioxia,131,0,3018182.0
2023-04-12,386,"Máy tính xách tay Lenovo S14 G3 IAP CLOUD_GREY/14"" FHD/I3-1215U/8Gb/256Gb/UHD/Fingerprint/No Office/No OS",131,0,24163636.0
2023-04-12,386,Máy in Brother HL - L2321D,131,0,5363636.0
2023-04-12,384,MÁY TÍNH XÁCH TAY (NB) HP Pavilion 15- eg2058TUi5-1240P/8GD4/256GSSD/15.6FHD/Wlax/BT5/3C41WHr/ALUp/W11SL/VÀNG (6K788PA),131,0,13590909.0
2023-04-12,386,"Máy tính xách tay Apple MacBook Air Apple M1 chip with 8-core CPU/7-core GPU, 16-core Neural Engine, 8GB unified memory, 256GB SSD, 13.3-inch Retina, Touch ID, Two Thunderbolt / USB 4 ports, Space Grey, macOS, Wty 1Y_MGN63SA/A",131,0,17718182.0
2023-04-13,393,Cạc mạng  PCI Gigabit TP-Link-TG 3468,131,0,209091.0
2023-04-13,393,"Ổ cứng gắn trong 240GB SSDEXCERIABICSFLASH2.5""SATA3 KIOXIA",131,0,627273.0
2023-04-13,393,Ram 4GB Kingston,131,0,445454.0
2023-04-13,395,Ổ cứng di động USB KIOXIA 128GB U366 3.2,131,0,354545.0
2023-04-13,390,Bàn phím Rapoo NK2500,131,0,136364.0
2023-04-13,392,CỔNG KẾT NỐI MẠNG TL-SG1005D TP-Link,131,0,254545.0
2023-04-13,391,Bộ lưu điện Santak - TG500,131,0,1018182.0
2023-04-13,391,Máy tính Casio JS20,131,0,745454.0
2023-04-13,394,CHUỘT MÁY TÍNH LOGITECH M170,131,0,209091.0
2023-04-13,397,"THIẾT BỊ CHUYỂN MẠCH TP-Link,LS108G",131,0,500000.0
2023-04-13,396,Máy  in Brother HL-L2321D,131,0,2454545.0
2023-04-16,398,Phim sấy mã RM1-0649-FM3,131,0,727273.0
2023-04-16,399,Hộp mực in Izinet 12A,131,0,272727.0
2023-04-16,399,"Ổ đĩa cứng GT Kingston 2.5""SSD (SA400S37/240G)",131,0,418182.0
2023-04-16,398,Mực in 93A Number One,131,0,954546.0
2023-04-16,398,Ru lô dưới (ru lô ép),131,0,1181818.0
2023-04-16,398,Drum máy photo,131,0,818182.0
2023-04-16,398,Gạt máy photo,131,0,590909.0
2023-04-16,398,Bao lụa máy photo,131,0,1681818.0
2023-04-16,400,Cáp dữ liệu VIDEO HDMI 1.4 truyền âm thanh hình ảnh dài5M Ugreen (10109),131,0,363636.0
2023-04-16,398,"Hộp mực in đã có mực in, tương thích HP MG -CF214A",131,0,954545.0
2023-04-16,401,MÁY TÍNH ĐỂ BÀN (PC) DELL VOS 3910MT i5-12400(6*2.5)/8GD4/256SSD/WLn/BT/KB/M/W11SL+OFICEHOMEST/ProSup/ĐEN(9M2DD1),131,0,13581818.0
2023-04-16,401,"Ổ cứng GT Western Digital 1TB- 3.5""",131,0,909091.0
2023-04-16,401,MÀN HÌNH VI TÍNH (LCD)DELL SE2422H23.8INCH,131,0,3718182.0
2023-04-16,402,USB hiệu  Kingston 128GB 3.0DT100G3,131,0,409091.0
2023-04-16,402,"Ổ cứng di động  Seagate 2TB 2.5""",131,0,2227273.0
2023-04-16,402,Bộ chia cổng Cliptec  RZH343,131,0,163636.0
2023-04-16,400,"Ổ cứng gắn trong 240GB SSD EXCERIA BICS FLASH 2.5""SATA3 KIOXIA",131,0,818182.0
2023-04-16,400,Dây chuyển đổi có chipset USB sang cổng COM RS­232 dài1.5M Ugreen (20211),131,0,181818.0
2023-04-17,408,MÀN HÌNH LCD 23.8 Inch LENOVO THINKVISION S24e -20 (62AEKAR2WW),131,0,29545455.0
2023-04-17,409,"Máy quét ảnh, tài liệu HP Pro 2000 S2",131,0,7545455.0
2023-04-17,409,Chuột vi tính Rapoo M20,131,0,163636.0
2023-04-17,408,MÁY VI TÍNH ĐỂ BÀN (PC) LENOVO ThinkCentre neo 50t Gen 3 i3- 12100(4*3.3)/4GD4/256GSSD/WL/BT/KB/M/nOS/ĐEN( 11SC001LVA),131,0,70000000.0
2023-04-17,404,"Máy tính xách tay Dell L3420 I5SSDFB Latitude 3420 - i51135G7-8-256G-UBT-U-1Y(FHD, no FPR)",131,0,15263637.0
2023-04-17,403,Máy In Canon Laser LBP-2900,131,0,3472727.0
2023-04-17,407,Máy in phun màu khổ A4 Epson L805,131,0,9363636.0
2023-04-17,404,Máy  in Brother HL - L2321D,131,0,2681818.0
2023-04-17,405,Bộ vi xử lý Intel i5/10400,131,0,3172727.0
2023-04-17,406,BÀN PHÍM Dell Multimedia KB216,131,0,209091.0
2023-04-17,405,ổ cứng gắn trong 240GB SSD Exceria BiCS FLASH 2.5''SATA3 Kioxia,131,0,636364.0
2023-04-17,405,Bảng mạch chính Asus Prime H510MK,131,0,1518182.0
2023-04-17,405,Vỏ thùng máy tính JETEK EN15,131,0,345454.0
2023-04-17,405,Hộp mực  in Izinet 12A,131,0,500000.0
2023-04-17,405,Bộ nhớ trong Kingmax 8GBD4-3200,131,0,727273.0
2023-04-18,411,"THIẾT BỊ CHUYỂN MẠCH TP-Link,TL-SG1005D",131,0,227273.0
2023-04-18,413,Máy chấm công bằng dấu vân tay DG600BID,131,0,2990909.0
2023-04-18,412,ổ cứng gắn trong 240GB SSD Exceria BiCS FLASH 2.5''SATA3 Kioxia,131,0,1136364.0
2023-04-18,412,Bộ nhớ trong Kingston 8GD4 - 3200,131,0,772727.0
2023-04-18,411,Pin carbon AA Philips R6L10S/97,131,0,27273.0
2023-04-18,411,BỘ NHỚ TRONG Kingston 8G-D4 3200S22 1RX8 (KVR32S22S8/8),131,0,1363636.0
2023-04-18,410,"Thiết bị định tuyến thu phát vô tuyến  TP-Link,2.4Ghz,TL-MR6400",131,0,1136364.0
2023-04-18,410,Dây cáp mạng  Ensoho EN-F6CA24 FTP cat6 (305m/h),131,0,1590909.0
2023-04-18,411,Cáp dữ liệu VIDEO HDMI 1.4 truyền âm thanh hình ảnh dài3M Ugreen,131,0,227273.0
2023-04-19,417,MỰC IN Brother BT5000M,131,0,136364.0
2023-04-19,416,Cáp dữ liệu VIDEO HDMI 1.4 truyền âm thanh hình ảnh dài10M Ugreen,131,0,800000.0
2023-04-19,416,Bộ chuyển đổi  DVI-D to VGA (40387),131,0,163636.0
2023-04-19,416,"Thiết bị chuyển mạch  TP-Link,TL-SF1008D",131,0,172727.0
2023-04-19,415,"THIẾT BỊ THU PHÁT VÔ TUYẾN  TP-Link 2.4Ghz,Archer T2U",131,0,245455.0
2023-04-19,415,THIẾT BỊ THU PHÁT VÔ TUYẾN   TPLINK ARCHER AX23,131,0,1227272.0
2023-04-19,422,THIẾT BỊ TRÌNH CHIẾU  Presenter Logitech R400,131,0,454545.0
2023-04-19,416,Cáp dữ liệu VIDEO HDMI 1.4 truyền âm thanh hình ảnh dài1.5M Ugreen,131,0,136364.0
2023-04-19,423,Máy in hóa đơn XP-K200L,131,0,1263636.0
2023-04-19,423,CHUỘT MÁY TÍNH  Dell MS116,131,0,90909.0
2023-04-19,418,MỰC IN BROTHER TN -2385,131,0,500000.0
2023-04-19,421,ĐẦU ĐỌC MÃ VẠCH OD7200,131,0,1445455.0
2023-04-19,418,BÀN PHÍM Dell Multimedia KB216,131,0,272727.0
2023-04-19,418,CHUỘT LOGITECH M190,131,0,418182.0
2023-04-19,418,TRỐNG TỪ BROTHER DR-2385,131,0,636364.0
2023-04-19,419,CHUỘT MÁY TÍNH  EM6102 E-Dra,131,0,163636.0
2023-04-19,420,PHẦN MỀM Kaspersky KL1941MCCFS,131,0,870000.0
2023-04-19,414,Màn hình LCD VIEWSONIC VX3276-2K-MHD-2 32'',131,0,5536364.0
2023-04-19,421,BỘ MÁY VINH TÍNH,131,0,9354545.0
2023-04-19,421,Máy in hóa đơn XP-Q801L,131,0,1263636.0
2023-04-20,424,"Ổ ĐĨA CỨNG GT Kingston 2.5""SSD(SA400S37/240G)",131,0,818182.0
2023-04-20,425,CHUỘT MÁY TÍNH LOGITECH B100,131,0,90909.0
2023-04-20,425,Ổ ĐĨA CỨNG  GT Kingston 240GB(SA400M8/240G),131,0,445455.0
2023-04-20,425,BỘ NHỚ TRONG RAM 4GB/2400 KINGMAX,131,0,427272.0
2023-04-21,429,Cáp dữ liệu VIDEO HDMI 1.4 truyền âm thanh hình ảnhdài 3M Ugreen,131,0,818182.0
2023-04-21,431,BỘ MÁY VI TÍNH,131,0,9981818.0
2023-04-21,426,Ổ cứng GT Western 1TB,131,0,2363636.0
2023-04-21,426,ổ cứng gắn trong 240GB SSD Exceria BiCS FLASH 2.5''SATA3 Kioxia,131,0,818182.0
2023-04-21,430,Nguồn Jetek Model Y500T,131,0,272727.0
2023-04-21,430,ổ cứng gắn trong 240GB SSD Exceria BiCS FLASH 2.5''SATA3 Kioxia,131,0,636364.0
2023-04-21,427,ổ cứng gắn trong 240GB SSD Exceria BiCS FLASH 2.5''SATA3 Kioxia,131,0,5727273.0
2023-04-21,427,ổ cứng gắn trong 480GB SSD Exceria BiCS FLASH 2.5''SATA3 Kioxia,131,0,1672727.0
2023-04-21,428,Điện thoại có dây Panasonic KXTS500,131,0,1090909.0
2023-04-21,428,Chuột máy tính Logitech  M170,131,0,145455.0
2023-04-21,430,"Màn hình máy tính Lenovo H20215FE0 - ""E22-28 (H20215FE0)21.5 inch Monitor-HDMI, Linecord, WTYWarrantyCode:limited"", P/N:62B9MAR4WW",131,0,2445455.0
2023-04-21,430,Mực  Laser TN-2385 Brother,131,0,454544.0
2023-04-21,430,Bộ vi xử lý Intel Core i3-10105,131,0,2363636.0
2023-04-21,430,Bộ nhớ trong Kingston 4GBD4-3200,131,0,409091.0
2023-04-21,430,Bàn phím  Dell Multimedia KB216,131,0,272728.0
2023-04-23,434,Đầu bấm dây mạng  EN-RJ45C6 RJ-45,131,0,454546.0
2023-04-23,435,"Máy tính xách tay ThinkBook 14 G4 IAP i5-1240P/8Gb/512Gb/UHD/Fingerprint/Off Trial/Win11 H64SL/MINERAL_GREY/14"" FHD, P/N: 21DH00B5VN   (Xuất trả lại hàng theo hóa đơn 750 ngày 27/12/2022 , ký hiệu : 1C22TDN)",131,0,15900000.0
2023-04-23,436,"Ổ cứng di động  Seagate One touch  2TB 2.5""",131,0,2363636.0
2023-04-23,434,Bộ nhớ trong Kingston 8GD4-2666,131,0,11454545.0
2023-04-23,434,"Thanh Ram G.Skill F3-1600C11S-8GIS, 8GB",131,0,7727273.0
2023-04-23,437,Bàn phím Logitech K120,131,0,172727.0
2023-04-23,437,Chuột máy tính Logitech B100,131,0,90909.0
2023-04-23,432,Bàn phím Dell Multimedia KB216,131,0,209091.0
2023-04-23,438,Máy In laser Canon LBP 6230DN,131,0,5550000.0
2023-04-23,434,ổ cứng gắn trong 240GB SSD Exceria BiCS FLASH 2.5''SATA3 Kioxia,131,0,12727273.0
2023-04-24,444,Máy In Canon Laser LBP-2900,131,0,3809091.0
2023-04-24,443,Màn hình  LCD VIEWSONIC VA1903A,131,0,1590909.0
2023-04-24,443,Bàn phím Rapoo NK2500,131,0,136364.0
2023-04-24,443,Chuột Rapoo N100,131,0,72727.0
2023-04-24,444,Chuột máy tính  Logitech M331,131,0,272727.0
2023-04-24,445,ổ cứng gắn trong 250GB SSD Exceria NVMe BiCS FLASHM.2 PCIe Kioxia,131,0,1136364.0
2023-04-24,445,"Ổ cứng  GT Western Digital 1TB - 3.5""",131,0,1227272.0
2023-04-24,443,Vỏ thùng máy tính Jetek EN15,131,0,263636.0
2023-04-24,443,"Ổ đĩa cứng GT Kingston 2.5""SSD (SA400S37/240G)",131,0,363636.0
2023-04-24,443,Nguồn  Jetek Model Y600T,131,0,281818.0
2023-04-24,441,"Ổ cứng GT Kingston 2.5""SSD (SA400S37/240G)",131,0,454545.0
2023-04-24,439,"Thiết bị chuyển mạch TP-Link, TL-SG1016D",131,0,1172727.0
2023-04-24,440,"Màn hình LCD-Dell E2016Hv 19.5""",131,0,2272727.0
2023-04-24,440,Nguồn máy tính Jetek Model G350,131,0,409091.0
2023-04-24,440,Chuột máy tính Logitech M185,131,0,227273.0
2023-04-24,442,Máy quét Canon Lide 300,131,0,2227273.0
2023-04-24,443,Bảng mạch chính Asus Prime H510MK,131,0,1463636.0
2023-04-24,443,Bộ vi xử lý Intel Pentium G6400,131,0,1445456.0
2023-04-24,443,Bộ nhớ trong ram 4GB/2666 Kingmax,131,0,290909.0
2023-04-24,442,Máy In Canon Laser LBP-2900,131,0,7909091.0
2023-04-25,446,Nhông sấy máy photo,131,0,454545.0
2023-04-25,447,MÁY IN ĐƠN NĂNG HP LASERJET PRO M404DW -W1A56A,131,0,5909091.0
2023-04-25,450,Cáp dữ liệu VIDEO HDMI 1.4 truyền âm thanh hình ảnh dài3M Ugreen,131,0,227273.0
2023-04-25,446,Công sửa (bảo dưỡng),131,0,545455.0
2023-04-25,446,Ru lô dưới (ru lô ép),131,0,1272727.0
2023-04-25,448,Bàn phím Keyboard NK2500,131,0,136364.0
2023-04-25,448,Chuột máy tính Dell MS116,131,0,136363.0
2023-04-25,449,Cáp dữ liệu VIDEO HDMI 1.4 truyền âm thanh hình ảnhdài 1.5M Ugreen (10109),131,0,90909.0
2023-04-25,449,"Máy tính để bàn Dell Vostro 3710 STI34010W1-8G-256GIntel Core i3-12100processor (4-Core, 12M Cache, 3.3GHz to4.3GHz), 1x8GB, DDR4,3200MHz, 256GB NVMe M.2 PCIeSSD, Chuột, Bàn Phím, Windows 11Microsoft Office Homeand Student 202",131,0,10445455.0
2023-04-25,449,"Màn hình LCD-Dell E2016Hv 19.5""",131,0,2681818.0
2023-04-25,446,Mực sharp 235,131,0,1136364.0
2023-04-26,453,"Thiết bị định tuyến TP-Link 300M,2.4GHz,TL- WR841N",131,0,300000.0
2023-04-26,453,Tai nghe SoundMax AH314,131,0,236364.0
2023-04-26,454,Bộ máy vi tính,131,0,13627273.0
2023-04-26,452,Nguồn Jetek Model Y500T,131,0,190909.0
2023-04-26,452,Bàn Phím Rapoo V50s,131,0,263636.0
2023-04-26,452,"Thiết bị chuyển mạch  TP-Link,TL-SF1005D",131,0,109091.0
2023-04-26,451,Phần mềm Kaspersky KL1867MUAFS,131,0,280000.0
2023-04-27,455,ổ cứng gắn trong 480GB SSD Exceria BiCS FLASH 2.5''SATA3 Kioxia,131,0,1090909.0
2023-04-27,455,Bàn phím Rapoo NK2500,131,0,200000.0
2023-04-29,457,Mực in 308 Number One,131,0,381818.0
2023-04-29,456,Phần mềm Kaspersky KL1941MCCFS,131,0,900000.0
2023-05-01,458,"Ổ đĩa cứng  GT Kingston 2.5""SSD (SA400S37/240G)",131,0,436364.0
2023-05-02,460,Phí dịch vụ tháng 03 /2023 theo hợp đồng số 64/2015/HĐ_NetViet ký ngày 26/10/2015,131,0,545455.0
2023-05-02,459,Bộ máy vi tính,131,0,12036364.0
2023-05-03,461,Màn hình máy tính Dell 22 Monitor - E2223HN powercord,131,0,2954545.0
2023-05-03,461,"Máy tính để bàn Dell Inspiron 3910 STI56020W1 - 8G -512G Intel Core i5-12400 processor (6-Core, 18M Cache, 2.5GHz to 4.4GHz), 1x8GB, DDR4,3200MHz, 512GB M.2 PCIe NVMe SSD, Intel(R) UHD Graphics 730,Không ổ đĩa, Chuột, Bàn Phím, Windows 11 Microsoft Office Home andStudent 2021",131,0,13000000.0
2023-05-03,463,Màn chiếu chân  P84TS,131,0,1318182.0
2023-05-03,463,Máy  in đa năng Brother MFC-L2701D,131,0,4990909.0
2023-05-03,462,"Bộ định tuyến có chức năng thu phát sóng băng tần 2.4GHz/5GHz hiệu RUIJIE mã RG-EW3200GX PRO - hãng sx: RUIJIE NETWORKS CO.,LTD",131,0,2072727.0
2023-05-04,464,Máy In Canon Laser LBP-2900,131,0,3900000.0
2023-05-04,464,Máy tính xách tay Asus ExpertBook Model B1400CEAE-EK4263 Core i5 -8G/256GB/ Numpad/ Bàn Phím LEDBacklid/No OS,131,0,13627273.0
2023-05-04,465,"Thiết bị định tuyến TP-Link , 2.4GHz/5GHz Archer C50",131,0,3163636.0
2023-05-04,465,Cáp mạng Cat 5e UTP 305m/thùng Hiệu Aptek,131,0,2345455.0
2023-05-05,466,Màn hình  Dell S2421H 23.5inch,131,0,4172727.0
2023-05-05,466,Máy In Canon Laser LBP-2900,131,0,3627273.0
2023-05-05,467,Ổ đĩa cứng GT Kingston 480GB A400(SA400S37/480G),131,0,1136364.0
2023-05-06,468,Mực in  Brother BT5000M,131,0,236364.0
2023-05-06,469,MÁY TÍNH ĐỂ BÀN (PC) DELL VOS 3910MT i5-12400(6*2.5)/8GD4/256SSD/WLn/BT/KB/M/W11SL+OFICEHOMEST/ProSup/ĐEN(9M2DD1),131,0,13354546.0
2023-05-06,469,Ổ cứng di động USB 16GB U202 2.0 KIOXIA,131,0,90909.0
2023-05-07,470,"Máy tính xách tay HP PAVILION 15-eg2058TU i5 1240P/8GB/SSD 256GB/15.6"" FHD/W11SL/Vàng (6K788PA)",131,0,13809091.0
2023-05-07,473,Màn hình máy tính Dell 22 Monitor - E2223HN,131,0,3900000.0
2023-05-07,473,MÁY TÍNH ĐỂ BÀN DELL OPTIPEX 3000 SMALL FORMFACTOR Intel® Core i5 - 12500,131,0,15590909.0
2023-05-07,472,Hộp mực in Izinet 12A/303/FX9,131,0,372727.0
2023-05-07,471,"Ổ đĩa cứng  GT Kingston 2.5""SSD(SA400S37/240G)",131,0,436364.0
2023-05-08,475,Drum máy photo,131,0,772727.0
2023-05-08,475,Mực T3008,131,0,1136364.0
2023-05-08,475,Gạt máy photo,131,0,318182.0
2023-05-08,475,Ru lô dưới (ru lô ép),131,0,863636.0
2023-05-08,475,Nhông máy photo,131,0,318182.0
2023-05-08,476,Máy In Canon Laser LBP-2900,131,0,7254546.0
2023-05-08,477,Máy in Epson LX310,131,0,5272727.0
2023-05-08,474,Mực  Laser đen Premium,131,0,981818.0
2023-05-08,474,Mực  Laser đen Premium,131,0,181818.0
2023-05-08,474,Mực Xeroc V3065/2060,131,0,2272728.0
2023-05-08,474,Mực nạp NB35a,131,0,181818.0
2023-05-08,478,CHUỘT KHÔNG DÂY Logitech M190,131,0,263636.0
2023-05-09,485,"Máy tính xách tay Lenovo Notebook ThinkPad NBLN TP L13Clam G3 T (gồm i7-1255U (4.7G) - 16GB RAM - 512GB SSD -WF+BL, Fingerprint - 13.3'' WUXGA - Thunder Black - Dos -P/N:21B3005YVA",131,0,25454545.0
2023-05-09,484,Mực in 051 Number One,131,0,454545.0
2023-05-09,483,Hộp mực in  Ecoplus 12A/,131,0,236364.0
2023-05-09,482,"Màn hình LCD - Dell E2016Hv 19.5""",131,0,1954545.0
2023-05-09,482,Bộ định tuyến Tp-Link 2.4GHz/5GHz Archer MR200,131,0,1135455.0
2023-05-09,482,Bàn phím RAPOO V500SE,131,0,500000.0
2023-05-09,486,"Màn hình vi tính Dell LCD-E2722H-27""",131,0,4090909.0
2023-05-09,479,Ổ cứng hiệu Western SN350NVME (WDS240G2G0C),131,0,818182.0
2023-05-09,481,Phần mềm Kaspersky KL1941MCCFS,131,0,700000.0
2023-05-09,480,Bàn phím RAPOO NK2500,131,0,1090909.0
2023-05-09,480,Chuột vi tính có dây  Rapoo N100,131,0,454545.0
2023-05-09,480,"Ổ đĩa cứng GT Kingston 2.5"" SSD (SA400S37/240G)",131,0,1727273.0
2023-05-10,489,Bộ lưu điện Santak-mã hàng TG500,131,0,14181818.0
2023-05-10,490,Bàn phím Rapoo  NK2500,131,0,590910.0
2023-05-10,490,Máy in Brother HL - L2321D,131,0,2390909.0
2023-05-10,490,Chuột máy tính  Logitech B100,131,0,363636.0
2023-05-10,488,MÀN HÌNH LCD 23.8 Inch LENOVO THINKVISION S24e-20 (62AEKAR2WW),131,0,2718182.0
2023-05-10,488,Máy tính bàn Lenovo ThinkCentre M70s Gen 3 - i3-12100 ( 4.3GHZ)-1Yr; P/n 11TC000PVA,131,0,10718182.0
2023-05-11,494,Thẻ nhớ 32GB Micro SDHC Exceria UHS-I C10 U1100MB/s Kioxia (Không có Adapter),131,0,1363636.0
2023-05-11,493,Màn hình máy tính Dell 22 Monitor - E2223HN powercord/Advanced Exchange Service,131,0,2954545.0
2023-05-11,494,"Ổ cứng máy tính SSD Western WDS240G2G0A,240GB",131,0,1727273.0
2023-05-11,491,4K0Z7PA: Máy tính xách tay HP 14s-fq1080AU - AMD Ryzen3 5300U / 4GB DDR4-3200/ SSD 256GB / RadeonVegaGraphics/ 14” HD/ Windows 11 Home/ Natural Silver/ 1,131,0,12727273.0
2023-05-11,494,Nguồn Jetek Model Y600T,131,0,1250000.0
2023-05-11,492,Nguồn Jetek Model J450,131,0,1090909.0
2023-05-11,492,ổ cứng gắn trong 240GB SSD Exceria BiCS FLASH 2.5''SATA3 Kioxia,131,0,2590909.0
2023-05-11,494,Bộ chia cổng Cliptec RZH209,131,0,381818.0
2023-05-12,495,Máy in Brother DCP-B7535DW,131,0,9981818.0
2023-05-13,496,Bộ máy vi tính,131,0,7272727.0
2023-05-13,496,ổ cứng di động 32GB U301 USB 3.2 Gen 1 Kioxia - Trắng,131,0,90909.0
2023-05-14,499,Cụm Drum 051 Number one,131,0,500000.0
2023-05-14,498,Mực  in 308 Number One,131,0,763636.0
2023-05-14,497,Ổ đĩa cứng GT Kingston 480GB A400,131,0,818182.0
2023-05-14,497,Bộ nhớ trong Kingston 8GD4-2666U19,131,0,545454.0
2023-05-15,501,CPU MÁY TÍNH,131,0,6172727.0
2023-05-15,502,Máy Quét Canon Lide 400,131,0,2545455.0
2023-05-15,500,Màn chiếu chân P70TS,131,0,772727.0
2023-05-16,503,ổ cứng gắn trong 480GB SSD Exceria BiCS FLASH2.5''SATA3 Kioxia,131,0,772727.0
2023-05-16,504,"Camera kỹ thuật số có chức năng ghi EZVIZ CSC6N(4MP,W1)",131,0,2509091.0
2023-05-16,504,Bộ máy vi tính,131,0,9800000.0
2023-05-16,504,Thẻ nhớ 64GB Micro SDXC Exceria UHS-I C10 U1100MB/s Kioxia (Không có Adapter,131,0,354545.0
2023-05-17,508,Phần mềm Kaspersky KL1941MCCFS,131,0,500000.0
2023-05-17,507,BỘ MÁY VI TÍNH,131,0,8363636.0
2023-05-17,509,Bàn phím Logitech G213,131,0,763636.0
2023-05-17,506,Máy in Canon Laser LBP-2900,131,0,3627273.0
2023-05-17,509,Chuột máy tính Logitech G102,131,0,381818.0
2023-05-17,505,TRỐNG TỪ BROTHER DR-B022,131,0,681818.0
2023-05-17,510,MÁY IN HP LASER JET PRO M404DN (W1A53A),131,0,14772728.0
2023-05-17,510,"Đầu nối HDMI âm tường bằng nhựa bẻ góc 90 độ, màu đen Ugreen ( 20318)",131,0,1581818.0
2023-05-17,510,Cáp dữ liệu VIDEO HDMI 1.4 truyền âm thanh hình ảnh dài 5M Ugreen ( 10109),131,0,2109091.0
2023-05-17,510,Khung HDMI âm tường màu trắng chất liệu nhựa ugreen (20316),131,0,872727.0
2023-05-18,511,Bộ máy vi tính,131,0,6818182.0
2023-05-18,511,Máy in mã vạch Godex G500,131,0,3445454.0
2023-05-18,511,Máy In Canon Laser LBP 226DW,131,0,5500000.0
2023-05-18,514,Hộp mực in Izinet 12A,131,0,336364.0
2023-05-18,27029,Chiết khấu bán hàng Mực in Brother Quý 1/2023 theo văn bản số 65/03 ngày 06/04/2023,131,0,7582835.0
2023-05-18,27028,Chiết khấu bán hàng Máy in Brother Quý 1/2023 theo văn bản số 64/03 ngày 06/04/2023,131,0,27167101.0
2023-05-18,512,Bảng mạch chính Asus Prime H510MF,131,0,2727273.0
2023-05-18,512,ổ cứng gắn trong 480GB SSD Exceria BiCS FLASH 2.5''SATA3 Kioxia,131,0,3127273.0
2023-05-18,512,Vỏ thùng máy tính JETEK Squid Game X1,131,0,600000.0
2023-05-18,512,Nguồn Jetek Model Y600T,131,0,454545.0
2023-05-18,513,Mực Laser TN-2385 Brother,131,0,1309091.0
2023-05-18,512,Bộ vi xử lý  Intel Core i3-10105,131,0,2263636.0
2023-05-19,515,Màn chiếu chân P84TS,131,0,1318182.0
2023-05-19,516,MỰC T3008,131,0,1136364.0
2023-05-20,517,Máy  In Canon Laser LBP-2900,131,0,3500000.0
2023-05-21,518,"Bộ chuột,bàn phím Rapoo 1800s",131,0,818182.0
2023-05-21,518,Ổ cứng di động USB 16GB U202 Kioxia,131,0,90909.0
2023-05-21,518,Máy in  Canon Laser LBP-2900,131,0,3627273.0
2023-05-22,522,"Màn hình máy tính Lenovo H20215FE0 - ""E22-2821.5 inch Monitor -P/N: 62B9MAR4WW",131,0,4545454.0
2023-05-22,520,Mực nạp NB35a,131,0,45454.0
2023-05-22,520,Hộp mực  in Ecoplus 12A,131,0,254546.0
2023-05-22,522,Máy tính bàn LENOVO THINKCENTRE M70S GEN 3 i5-12400 /11TC000TVA,131,0,23618182.0
2023-05-22,521,Hộp mực  in Izinet 12A,131,0,590909.0
2023-05-22,523,BỘ MÁY VI TÍNH ( KHÔNG MÀN HÌNH ),131,0,7290909.0
2023-05-22,523,Máy quét mã vạch Zebra DS9308-SR,131,0,3963636.0
2023-05-22,523,MÁY IN CANON LASER LBP 226DW,131,0,6818182.0
2023-05-22,524,"Ổ cứng máy tính SSD Western WDS240G2G0A,240GB",131,0,445455.0
2023-05-22,525,Mực Laser TN-2385 Brother,131,0,709091.0
2023-05-22,519,Máy in Canon Laser LBP-2900,131,0,7181818.0
2023-05-22,519,Máy quét HP Scanjet Pro 2600F1 (20G05A),131,0,7181818.0
2023-05-22,519,BỘ MÁY VI TÍNH CORE I5-10400,131,0,8972727.0
2023-05-22,521,Máy In Canon Laser LBP-2900,131,0,3627273.0
2023-05-23,528,"Thiết bị chuyển mạch TP-Link, TL-SG108",131,0,2000000.0
2023-05-23,530,Chuột vi tính Rapoo M20,131,0,109091.0
2023-05-23,529,Phần mềm Kaspersky KL1867MUAFS,131,0,300000.0
2023-05-23,528,Bàn phím Dell Multimedia KB216,131,0,172727.0
2023-05-23,528,"Thiết bị thu phát vô tuyến, TPLINK, 2,4GHz/5GHz_ArcherAX73",131,0,2000000.0
2023-05-23,528,"Thiết bị định tuyến TP-Link 300M,2.4GHz, TL-WR841HP",131,0,1218182.0
2023-05-23,528,Dây cáp mạng  Ensoho EN-F6CA24 FTP cat6,131,0,2181818.0
2023-05-23,528,"Bộ định tuyến có chức năng thuphát vô tuyến TP-LINK, 2,4GHz/ W-CDMA FDD/GSM_TL-MR6400",131,0,2918182.0
2023-05-23,528,"Thiết bị chuyển mạch TP-Link, TL - SG1016",131,0,1100000.0
2023-05-23,528,"Thiết bị thu phát vô tuyến  TP-Link 2.4Ghz,Archer T2U",131,0,227273.0
2023-05-23,530,Điện thoại có dây Panasonic KXTS500,131,0,545454.0
2023-05-23,531,Mực in  Brother BT5000M,131,0,136364.0
2023-05-23,527,Điện thoại có dây Panasonic KXTS500,131,0,272727.0
2023-05-23,526,Thẻ nhớ 64GB Micro SDXC Exceria UHS-I C10 U1100MB/s Kioxia (Không có Adapter),131,0,118182.0
2023-05-23,526,Camera quan sát kỹ thuật số có chức năng ghi hiệuEZVIZ mã CS-H8C - hỗ trợ thẻ nhớ trong,131,0,1018182.0
2023-05-23,534,Máy  In Canon Laser LBP-2900,131,0,3627273.0
2023-05-23,533,ổ đĩa cứng hiệu KINGSTON 1000GNV2 M.2 2280 NVME SSD ( SNV2S/1000G ),131,0,1818182.0
2023-05-23,532,"Máy tính xách tay HP PAVILION 15-eg2064TX i5 1235U/8GB/256GB/2GB_MX550/15.6"" FHD/W11SL/(7C0W8PA)",131,0,16872727.0
2023-05-23,532,Chuột máy tính Rapoo M20,131,0,118182.0
2023-05-24,535,MÁY VI TÍNH ĐỂ BÀN (PC) LENOVO ThinkCentre neo 50t Gen 3 i3- 12100(4*3.3)/4GD4/256GSSD/WL/BT/KB/M/nOS/ĐEN( 11SC001LVA),131,0,35136364.0
2023-05-25,539,"Thiết bị chuyển mạch TP-Link,TL-SG1008D",131,0,418182.0
2023-05-25,539,Cạc màn hình Asus GT710 - SL - 2GD3- BRK-EVO,131,0,1081818.0
2023-05-25,536,"Ổ cứng máy tính chủ 300Gb 10K SAS 2.5""6Gbps",131,0,13363636.0
2023-05-25,537,"Thiết bị đầu cuối W-CDMA FDD/E-UTRA FDD, 2.4GHz, TP-Link,M7000",131,0,727273.0
2023-05-25,537,ổ cứng di động 32GB U301 USB 3.2 Gen 1 Kioxia - Trắng,131,0,345455.0
2023-05-25,539,Cáp dữ liệu VIDEO HDMI 1.4 truyền âm thanh hình ảnh dài30M có chipset Ugreen (10114),131,0,1345455.0
2023-05-25,537,"Thiết bị định tuyến TP-Link, 2.4GHz/5GHz, Archer C20",131,0,745454.0
2023-05-25,538,Dây chuyển đổi có chipset USB sang cổng COM RS­232 dài1.5M Ugreen (20211),131,0,318182.0
2023-05-25,538,Chuột Logitech PEBBLE M350,131,0,436363.0
2023-05-26,540,Bộ nhớ trong của máy vi tính KINGSTON 16G D4 -3200S22 1Rx8 SODIMM ( KVR32S22S8/16 ),131,0,1945454.0
2023-05-26,540,Bàn phím  Dell Multimedia KB216,131,0,545455.0
2023-05-26,540,Vỏ thùng máy tính JETEK EN22,131,0,545455.0
2023-05-26,540,CARD VGA của máy vi tính hiệu ASUS GT730 - SL -2GD5 - BRK,131,0,2345454.0
2023-05-26,540,Nguồn Jetek Model Y600T,131,0,736365.0
2023-05-26,542,Mực laser đen premium,131,0,90909.0
2023-05-26,541,"Màn hình vi tính Dell LCD-U2422H-23.8""WHD",131,0,5900000.0
2023-05-26,540,Máy in đa năng Brother DCP-T226,131,0,3445454.0
2023-05-26,540,Chíp xử lý Intel i5 - 10400,131,0,5645454.0
2023-05-26,540,ổ cứng gắn trong 240GB SSD Exceria BiCS FLASH 2.5''SATA3 Kioxia,131,0,2181818.0
2023-05-27,544,Máy in Brother HL-L2321D,131,0,2681818.0
2023-05-27,544,Loa SoundMax A130/2.0,131,0,127273.0
2023-05-27,544,"Card PCIe Adapter TP-Link,TL-WN881ND",131,0,254546.0
2023-05-27,544,"Thiết bị thu phát vô tuyến 2.4GHz TP-Link,TL-WA860RE",131,0,318182.0
2023-05-27,544,Bộ nhớ trong  Kingston 4GD4 2666,131,0,363636.0
2023-05-27,544,"Màn hình  Viewsonic VA2215-H / 21.5""",131,0,2990909.0
2023-05-27,544,Bộ máy vi tính,131,0,8409091.0
2023-05-27,543,ổ cứng gắn trong 240GB SSD Exceria BiCS FLASH 2.5''SATA3 Kioxia,131,0,2590909.0
2023-05-27,545,Chuột máy tính Logitech M185,131,0,181818.0
2023-05-27,545,ổ cứng gắn trong 240GB SSD Exceria BiCS FLASH 2.5''SATA3 Kioxia,131,0,818182.0
2023-05-28,546,Máy In Canon Laser LBP-2900,131,0,3627273.0
2023-05-29,552,Chuột máy tính Logitech M185,131,0,227273.0
2023-05-29,553,Loa SoundMax A828/2.1,131,0,527273.0
2023-05-29,553,Màn hình LCD VIEWSONIC VX2718-PC - MHD/27'' LCD MONITOR,131,0,4000000.0
2023-05-29,553,Cáp dữ liệu VIDEO HDMI 1.4 truyền âm thanh hình ảnh dài3M Ugreen,131,0,263636.0
2023-05-29,547,MÁY TÍNH XÁCH TAY (NB) HP Pavilion 15- eg2056TUi5-1240P/8GD4/512GSSD/15.6FHD/Wlax/BT5/3C41WHr/ALUp/W11SL/VÀNG(6K786PA),131,0,15318182.0
2023-05-29,548,Máy In Canon Laser LBP 226DW,131,0,5500000.0
2023-05-29,547,Chuột vi tính Rapoo M20,131,0,127273.0
2023-05-29,552,ổ cứng di động 32GB U301 USB 3.2 Gen 1 Kioxia,131,0,145454.0
2023-05-29,550,Mực in 051 Number One,131,0,500000.0
2023-05-29,554,Máy in Brother DCP-B7535DW,131,0,5136364.0
2023-05-29,550,Cụm Drum 32A Number One,131,0,454545.0
2023-05-29,554,Điện thoại có dây Panasonic KXTSC11,131,0,590909.0
2023-05-29,549,"Thiết bị chuyển mạch  TP-Link, TL- SG1016D",131,0,1172727.0
2023-05-29,555,Mực Laser đen Premium,131,0,318182.0
2023-05-29,556,Mực Laser đen Brother 2240,131,0,409091.0
2023-05-29,551,Hộp mực  in Izinet 12A,131,0,336364.0
2023-05-29,551,Rum 12A,131,0,36363.0
2023-05-30,562,Bộ lưu điện  Santak - TG500,131,0,1090909.0
2023-05-30,563,Loa SoundMax A828/2.1,131,0,470000.0
2023-05-30,563,Bàn phím Keyboard Rapoo NK2500,131,0,300000.0
2023-05-30,563,Card đồ họa ASUS DUAL-RTX3060-8G_90YV0GB6-M0NA00,131,0,7681818.0
2023-05-30,564,Chuột máy tính Logitech M557,131,0,1072728.0
2023-05-30,565,ổ cứng di động 16GB U202 USB 2.0 Kioxia,131,0,545455.0
2023-05-30,557,Bộ máy vi tính,131,0,10663636.0
2023-05-30,559,"Thiết bị thu phát vô tuyến TP-Link,TL-WN725N",131,0,363636.0
2023-05-30,559,Chuột vi tính có dây  Rapoo N100,131,0,1000000.0
2023-05-30,559,ổ cứng di động 16GB U202 USB 2.0 Kioxia,131,0,681818.0
2023-05-30,559,4K0Z7PA: Máy tính xách tay HP 14s- fq1080AU -AMD Ryzen3 5300U / 4GB DDR4-3200/ SSD 256GB /RadeonVegaGraphics/ 14” HD/ Windows 11 Home/ NaturalSilver,131,0,14363636.0
2023-05-30,560,"Bộ định tuyến có chức năng thuphát vô tuyến TP-LINK, 2,4GHz/ W-CDMA FDD/GSM_TL-MR6400",131,0,1136364.0
2023-05-30,561,Bảng mạch chính của máy vi tính hiệu ASUS PRIMEH610M - K D4,131,0,1590909.0
2023-05-30,558,MÁY TÍNH XÁCH TAY (NB) HP Pavilion 15-eg2062TUi3-1215U/8GD4/256GSSD/15.6FHD/Wlax/BT5/3C41WHr/ALUp/W11SL/VÀNG(6K790PA),131,0,10454545.0
2023-05-30,558,MÁY TÍNH XÁCH TAY (NB) HP Pavilion 15-eg2058TUi5-1240P/8GD4/256GSSD/15.6FHD/Wlax/BT5/3C41WHr/ALUp/W11SL/VÀNG(6K788PA),131,0,12818182.0
2023-05-30,558,"Thiết bị chuyển mạch TP-Link, TL-SF1008D",131,0,2800000.0
2023-05-30,558,"Thiết bị chuyển mạch TP-Link, TL-SF1005D",131,0,2218182.0
2023-05-30,558,"Thiết bị thu phát vô tuyến TP-Link, TL-WN725N",131,0,1945454.0
2023-05-30,558,MÁY TÍNH XÁCH TAY (NB) HP Pavilion x360 14-dy0077TU i5-1135G7/8GD4/512GSSD/14.0FHDT/PEN/WL/BT/3C/W11SL/XANH(46L95PA),131,0,13909091.0
2023-05-30,558,MÁY TÍNH XÁCH TAY (NB) HP Pavilion 15- eg2056TU i5-1240P/8GD4/512GSSD/15.6FHD/Wlax/BT5/3C41WHr/ALUp/W11SL/VÀNG(6K786PA),131,0,27636364.0
2023-05-30,558,"Máy tính xách tay ThinkBook 14 G4 IAP i5-1240P/8Gb/512Gb/UHD/Fingerprint/Off Trial/Win11 H64SL/MINERAL_GREY/14""FHD, P/N: 21DH00B5VN",131,0,13636364.0
2023-05-30,558,"Máy tính xách tay Lenovo S14 G3 IAP - I5-1235U (1.3G) - 8GB- 512GB SSD - WF+BL, Fingerprint - 14"" FHD - Dos - 1Yr; P/n82TW0029VN",131,0,13454545.0
2023-05-30,558,4K0Z7PA: Máy tính xách tay HP 14s- fq1080AU - AMD Ryzen3 5300U / 4GB DDR4-3200/ SSD 256GB / RadeonVegaGraphics/ 14” HD/ Windows 11 Home/ Natural Silver,131,0,31818182.0
2023-05-30,557,Màn hình máy tính Dell 22 Monitor - E2223HN powercord/Advanced Exchange Service,131,0,2954546.0
2023-05-30,558,MÁY TÍNH XÁCH TAY (NB) HP Pavilion 15- eg0513TUi3-1125G4/4GD4/256GSSD/15.6FHD/Wlac/BT5/3C41WHr/ALUp/VÀNG/W11SL(46M12PA),131,0,16909091.0
2023-05-30,558,Camera quan sát CS-C6N (1080P),131,0,15636364.0
2023-05-30,558,ổ cứng di động 32GB U301 USB 3.2 Gen 1 Kioxia - Trắng,131,0,1454545.0
2023-05-30,566,Chuột vi tính Rapoo M20,131,0,236364.0
2023-05-30,566,Bảng mạch chính Asus Prime H510MF,131,0,1390909.0
2023-05-30,566,Hộp mực  in Izinet 12A/303/FX9,131,0,654545.0
2023-05-30,566,Bộ nhớ trong của máy vi tính KINGSTON 8G D4 - 2666U19 1RX8 UDIMM (KVR26N19S8/8),131,0,1281819.0
2023-05-30,566,ổ cứng gắn trong 480GB SSD Exceria BiCS FLASH 2.5''SATA3 Kioxia,131,0,1490909.0
2023-05-30,558,Thẻ nhớ 32GB Micro SDHC Exceria UHS-I C10 U1100MB/s Kioxia (Không có Adapter),131,0,3409091.0
2023-05-30,558,Thẻ nhớ 64GB Micro SDXC Exceria UHS-I C10 U1100MB/s Kioxia (Không có Adapter),131,0,10000000.0
2023-05-30,558,"Máy tính tách tay Asus model B3402FEA-EC0714T 14.0"" Full HD/Touchscreen/INTEL I3-1115G4/ 8GB DDR4/256GB M.2 SSD /Fingerprint/NumberPad/Win 10 home/TPM2.0/WIFI6+BT/50WH/BAG/STYLUS/WIRELESS MOUSE/ 2 YW OSS",131,0,24545455.0
2023-05-31,568,"Màn hình máy tính Lenovo H20215FE0 - ""E22-28 (H20215FE0)21.5 inch Monitor-HDMI, Linecord, 3YR WTYWarranty"", P/N:62B9MAR4WW",131,0,2445455.0
2023-05-31,569,Máy in Brother DCP-B7535DW,131,0,5136364.0
2023-05-31,570,Mực in 308 Number One,131,0,409091.0
2023-05-31,567,Chuột máy tính Logitech B100,131,0,454545.0
2023-06-02,571,"Thiết bị trợ giảng không dây bao gồm:Loa cógắn vi mạch khuếch đại âm tần,tai nghe gắnmic,thắt lưng,cápsạcUSB,pin1200MAH.Model:KFMTG021S,dải tần từ 90hz -20khz,csloa:7W,pin:5V.Hiệu:Kungfu.Mới 100%",131,0,1136364.0
2023-06-03,573,"Máy tính xách tay DELL Vostro 3510 I51135G7/8GB/512GB/15.6"" FHD/NV-MX350 2GB/W11/(P112F002BBL)",131,0,14090909.0
2023-06-03,572,"Máy tính xách tay DELL Vostro 3510 I5 1135G7/8GB/512GB/15.6"" FHD/NV-MX350 2GB/W11/ (P112F002BBL)",131,0,14090909.0
2023-06-03,574,"Máy tính xách tay DELL Vostro 3510 I51135G7/8GB/512GB/15.6"" FHD/NV-MX350 2GB/W11/(P112F002BBL)",131,0,14090909.0
2023-06-03,575,"Máy tính xách tay DELL Vostro 3510 I51135G7/8GB/512GB/15.6"" FHD/NV-MX350 2GB/W11/(P112F002BBL)",131,0,14090909.0
2023-06-04,577,"Máy tính xách DELL INSPIRON 14 I51235U/8GB/512GBSSD/14.0"" FHD TOUCH/W11+OFFice(N4I5021W) bạ",131,0,18818182.0
2023-06-04,576,"Máy tính xách DELL INSPIRON 14 I5 1235U/8GB/512GBSSD/14.0"" FHD TOUCH/W11+OFFice (N4I5021W) bạc",131,0,18818182.0
2023-06-05,579,ổ cứng gắn trong 480GB SSD Exceria BiCS FLASH 2.5''SATA3 Kioxia,131,0,881818.0
2023-06-05,580,BỘ MÁY VI TÍNH,131,0,7627273.0
2023-06-05,581,"MÀN HÌNH  LCD-Dell E2016Hv 19.5""",131,0,2772727.0
2023-06-05,582,Chuột máy tinh Rapoo N100,131,0,54545.0
2023-06-05,582,Bàn phím  Rapoo NK2500,131,0,109091.0
2023-06-05,578,Ổ cứng di động 16GB U202 USB 2.0 Kioxia,131,0,181818.0
2023-06-06,583,Nguồn Máy Vi Tính CM PC700 Elite V3,131,0,1409091.0
2023-06-06,586,"Đầu ghi hình KTS 16 kênh (DH - NVR 4116HS -I), phụ kiện",131,0,1863636.0
2023-06-06,584,"Ổ cứng máy tính SSD Western WDS250G2B0A,250GB",131,0,818182.0
2023-06-06,585,Chuột có dây Rapoo N100,131,0,54545.0
2023-06-06,585,Điện thoại có dây Panasonic KXTS500,131,0,309091.0
2023-06-06,585,Bàn phím Rapoo NK 2500,131,0,109091.0
2023-06-07,590,"ổ cứng lắp trong Western Digital 6TB 3.5""Sata3, màu tím(Purple) (WD64PURZ)",131,0,5000000.0
2023-06-07,591,Thiết bị định tuyến TP-Link 2.4GHz/5GHz Archer C50,131,0,436364.0
2023-06-07,588,"Bộ định tuyến có chức năng thuphát vô tuyến TP-LINK,2,4GHz/ W-CDMA FDD/GSM_TL-MR6400",131,0,1136364.0
2023-06-07,587,Máy in Canon Laser LBP-2900,131,0,3627273.0
2023-06-07,589,Cáp dữ liệu VIDEO HDMI 1.4 truyềnâm thanh hình ảnh dài 15M Ugreen(10111) DVT,131,0,636364.0
2023-06-07,589,Giá treo máy chiếu MS12,131,0,363636.0
2023-06-07,589,Màn chiếu điện APW150ES,131,0,2772727.0
2023-06-07,589,Máy chiếu Panasonic PT-LB426,131,0,16718182.0
2023-06-08,594,Bàn phím máy tính Rapoo NK2500,131,0,104545.0
2023-06-08,594,Hộp mực in Ecoplus 12A,131,0,118182.0
2023-06-08,592,"Máy tính bàn Lenovo Desktop ThinkCentre M70a Gen 3 -i3-12100( 4.3 GHZ) - 8GB RAM - 256GB SSD - 21.5 inch FHD -1Yr, P/n11VL0000VA",131,0,13536364.0
2023-06-08,594,Chuột máy tính Logitech B100,131,0,90909.0
2023-06-08,593,Chuột vi tính Rapoo M20,131,0,109091.0
2023-06-08,593,Ổ đĩa cứng  GT Kingston 240GB(SA400M8/240G),131,0,300000.0
2023-06-08,595,Máy In  Brother HL-L2321D,131,0,2681818.0
2023-06-08,594,Chuột máy tính Logitech M185,131,0,227273.0
2023-06-10,596,Mực in Brother BT5000M,131,0,300000.0
2023-06-10,597,Đầu đọc mã vạch OD7200,131,0,5863636.0
2023-06-11,599,"Máy tính xách tay HP PAVILION 15-eg2056TU I5 1240P/8GB/512GB/15.6"" FHD/ VANG/Windown 11 (6K786PA)",131,0,13636364.0
2023-06-11,598,"Ổ cứng máy tính  SSD Western WDS240G2G0A,240GB",131,0,3545455.0
2023-06-11,598,Máy in Canon Laser LBP-2900,131,0,3500000.0
2023-06-12,612,Đầu ghi hình DS-7216HGHI-K1,131,0,1863636.0
2023-06-12,612,Camera quan sát DS-2CE17D0T-IT5(C),131,0,5236364.0
2023-06-12,612,Dây cáp mạng Ensoho EN-F6CA24 FTP cat6(305m/h),131,0,1590909.0
2023-06-12,612,"Camera kỹ thuật số có chức năng ghi hiệu EZVIZ mãCS-C8C (1080P,6MM)",131,0,1054546.0
2023-06-12,612,Ổ cứng gắn trong Toshiba 4000gb,131,0,2200000.0
2023-06-12,603,Mực in HP CF-230A,131,0,8590909.0
2023-06-12,603,Mực in HP W2090A,131,0,2527272.0
2023-06-12,603,BỘ LƯU ĐIỆN SANTAK - MÃ HÀNGC1K-LCD,131,0,6900000.0
2023-06-12,603,Máy hút bụi cầm tay Baseus A3 Car Vacuum Cleaner,131,0,1345455.0
2023-06-12,612,Thẻ nhớ 128GB Micro SDXC Exceria UHS-I C10 U1100MB/s Kioxia (Không có Adapter),131,0,318181.0
2023-06-12,607,Bàn phím có đèn nền màu đen Rapoo V500SE,131,0,500000.0
2023-06-12,607,"Màn hình máy tính Lenovo H20215FE0 - ""E22-28 (H20215FE0)21.5 inch Monitor-HDMI, Linecord, 3YR WTYWarrantyCode:3years limited"", P/N:62B9MAR4WW",131,0,2227273.0
2023-06-12,608,Chuột máy tính  Dell MS116,131,0,1181818.0
2023-06-12,611,MÁY IN  Canon Laser LBP-2900,131,0,3627273.0
2023-06-12,613,CPU máy tính,131,0,7754545.0
2023-06-12,604,Bộ nhớ trong Kingston 8GBD4-3200U,131,0,727273.0
2023-06-12,602,Bàn phím + chuột Logitech MK270,131,0,500000.0
2023-06-12,601,Điện thoại có dây Panasonic KXTSC11,131,0,590909.0
2023-06-12,610,Bộ nhớ trong của máy vi tính KINGSTON 8G D4 - 2666U19 1RX8 UDIMM (KVR26N19S8/8),131,0,1281819.0
2023-06-12,600,LOA VI TÍNH MICROLAB B26 2.0,131,0,245455.0
2023-06-12,604,ổ cứng gắn trong 250GB SSD Exceria NVMe BiCS FLASHM.2 PCIe Kioxia,131,0,890909.0
2023-06-12,605,ổ cứng gắn trong 240GB SSD Exceria BiCS FLASH 2.5''SATA3 Kioxia,131,0,727273.0
2023-06-12,605,Bảng mạch chính  Asus Prime H510MF,131,0,1500000.0
2023-06-12,614,Máy in hóa đơn XP-T80L,131,0,1181818.0
2023-06-12,610,ổ đĩa cứng gắn trong máy vi tính 480GB hiệu KINGSTON A400 SATA3 2.5 SSD,131,0,1800000.0
2023-06-12,605,Bộ nhớ trong  Kingston 4GD4-2666U19,131,0,327273.0
2023-06-12,610,"Màn hình vi tính Dell LCD E2216Hv - 21.5"" WHD",131,0,2427272.0
2023-06-12,610,Máy In Canon Laser LBP-2900,131,0,3627273.0
2023-06-12,610,"Máy tính xách tay Dell Latitude 3420, CTO Intel Core i3-1115G4 (2 Core,6M cache, base 3.0GHz, up to 4.10), MH 14 inch HD (1920 x 1080), RAM8GB, 256GB SSD, Intel® UHD Graphics, Ubuntu-L3420I3SSHD",131,0,9045454.0
2023-06-12,609,Mực MP 3054/3554/2554,131,0,772727.0
2023-06-12,606,Mực Laser TN-2385 Brother,131,0,409091.0
2023-06-12,606,Chuột máy tính Logitech M185,131,0,181818.0
2023-06-12,605,Bộ vi xử lý lý Intel Pentium G6400,131,0,1172727.0
2023-06-13,616,Bộ nhớ trong Kingston 8GBD4 - 3200U C16,131,0,636364.0
2023-06-13,616,"Máy tính xách tay ThinkBook 14 G4 IAP i5-1240P/8Gb/512Gb/UHD/Fingerprint/Off Trial/Win11 H64SL/MINERAL_GREY/14""FHD, P/N: 21DH00B5VN",131,0,14863636.0
2023-06-13,615,BỘ MÁY VI TÍNH,131,0,9336364.0
2023-06-13,616,ổ đĩa cứng GT Kingston 480GB A400(SA400S37/480G),131,0,863636.0
2023-06-13,617,"Thiết bị thu phát vô tuyến TP-Link 2.4Ghz,Archer T2U",131,0,254546.0
2023-06-13,620,Mực in 8A Number One,131,0,318182.0
2023-06-13,620,Bàn phím máy tính RAPOO V500L,131,0,590909.0
2023-06-13,619,Máy tính bàn Lenovo ThinkCentre M70s Gen 3 - i3-12100 ( 4.3GHZ) - 4GB RAM - 256GB SSD - Wireless & Bluetooth - None-1Yr; P/n 11TC000PVA,131,0,9090909.0
2023-06-13,619,MÀN HÌNH LCD 23.8 Inch LENOVO THINKVISION S24e-20 (62AEKAR2WW),131,0,3181818.0
2023-06-13,617,Bộ nhớ trong của máy vi tính KINGSTON 8G D4 -3200,131,0,500000.0
2023-06-13,617,Bảng mạch chính của máy vi tính hiêu ASUS PRIMEH510M - K,131,0,1422727.0
2023-06-13,617,"Màn hình vi tính  Dell LCD E2216Hv 21.5"" WHD",131,0,2090909.0
2023-06-13,617,Chuột máy tính Logitech M221,131,0,213636.0
2023-06-13,618,MÁY IN BROTHER HL-L2321D,131,0,2681818.0
2023-06-14,621,Bàn phím  Logitech K120,131,0,2690909.0
2023-06-14,621,"Thiết bị thu phát vô tuyến TP-Link,TL-WN722N",131,0,1545455.0
2023-06-14,623,Nguồn máy tính  Jetek mini A200m,131,0,290909.0
2023-06-14,621,Nguồn Jetek Model Y600T,131,0,4909091.0
2023-06-14,622,"Máy tính xách tay Dell Vostro 5620 Intel Core i5-1240P /16.0""FHD+/ 1x8G/256GB SSD PCIe NVMe/ 4 Cell-54Whr/ Win 11 Microsoft Office Home andStudent 2021/ V6I5001W1-Gray",131,0,37254545.0
2023-06-14,621,Ổ cứng 250GB Kingston SSD NV1 M2 2280(SNVS/250G),131,0,490909.0
2023-06-14,621,Vỏ thùng máy tính Jetek EN15,131,0,2272727.0
2023-06-14,621,Vỏ thùng máy tính Jetek  EN22,131,0,2272727.0
2023-06-15,624,Máy in hóa đơn XP-T80L,131,0,863636.0
2023-06-15,625,Máy tính để bàn Dell Inspiron 3910 STI56020W1,131,0,16025454.0
2023-06-15,625,MÁY IN HP LASERJET PRO M404DN (W1A53A),131,0,7386364.0
2023-06-15,626,Máy in phun đa năng Brother MFC - T920DW,131,0,6990909.0
2023-06-15,627,Phần mềm Kaspersky KL1171MCCFS,131,0,700000.0
2023-06-15,628,"Máy tính xách tay Dell Vostro 3520 Intel Core i3-1215U, 15.6""FHD, 1x8G,256GB SSD PCIe NVMe, 3 Cell-41Whr, Win 11, Office H&S 2021,V5I3614W1-Gray",131,0,22363636.0
2023-06-15,628,4K0Z7PA: Máy tính xách tay HP 14s- fq1080AU -AMD Ryzen3 5300U / 4GB DDR4-3200/ SSD 256GB /RadeonVegaGraphics/ 14” HD/ Windows 11 Home/NaturalSilver,131,0,13909091.0
2023-06-16,629,Cạc mạng PCI Gigabit TP-Link TG-3468,131,0,209091.0
2023-06-16,629,Máy in phun màu khổ A4 Epson L805,131,0,8545454.0
2023-06-18,631,Bảng mạch chính của máy vi tính hiệu ASUS PRIMEH510M - K R2.0-CSM-SI,131,0,4227273.0
2023-06-18,630,"Máy tính xách tay Dell Inspiron 15 -3520 Intel Core i5-1235U, 15.6""FHD, 1x8G,256GB SSD PCIe NVMe, 3 Cell-41Whr, Win 11 Microsoft Office Home andStudent 2021, N5I5122W1-Black",131,0,16318182.0
2023-06-18,630,Máy Scan HP 2000S2 (6FW06A),131,0,7454545.0
2023-06-18,631,Bộ vi xử  lý Intel Core i3-10105,131,0,4690909.0
2023-06-19,632,Bàn phím Logitech K120,131,0,163636.0
2023-06-20,635,Bàn phím Rapoo NK2500,131,0,136364.0
2023-06-20,635,Bộ nhớ trong RAM DESKTOP LEXAR U-DIMM DDR4 8GB_LD4AU008G-B3200GSST,131,0,545455.0
2023-06-20,635,ổ cứng gắn trong 240GB SSD Exceria BiCS FLASH 2.5''SATA3 Kioxia,131,0,618182.0
2023-06-20,635,Vỏ thùng máy tính  Jetek EN15,131,0,272727.0
2023-06-20,635,Nguồn Jetek Model J400,131,0,563636.0
2023-06-20,635,"Màn hình vi tính Dell LCD E2216Hv 21.5"" WHD",131,0,2681818.0
2023-06-20,635,Máy In Canon Laser LBP-2900,131,0,3363636.0
2023-06-20,635,Loa SoundMax A130/2.0,131,0,636364.0
2023-06-20,635,Camera quan sát CS-C6N (1080P),131,0,2940000.0
2023-06-20,635,"Thiết bị thu phát vô tuyến TP-Link,TL-WN722N",131,0,704545.0
2023-06-20,635,Thẻ nhớ 32GB Micro SDHC Exceria UHS-I C10 U1100MB/s Kioxia (Không có Adapter),131,0,477273.0
2023-06-20,635,Bộ vi xử lý Intel Core i3-10105,131,0,2363636.0
2023-06-20,635,Chuột vi tính có dây Rapoo N100,131,0,72727.0
2023-06-20,635,Bảng mạch chính Asus Prime H510MK,131,0,1518182.0
2023-06-20,634,Bút trình chiếu LP15 A4tech,131,0,263636.0
2023-06-20,633,"Ổ cứng máy tính  SSD Western WDS240G2G0A,240GB",131,0,727273.0
2023-06-20,633,"Bộ chuột , bàn phím máy vi tính X1800S",131,0,290909.0
2023-06-20,633,Tai nghe SoundMax AH304,131,0,254545.0
2023-06-21,636,Chuột vi tính Rapoo M20,131,0,227273.0
2023-06-21,638,Chuột vi tính hiệu Rapoo M20,131,0,1090909.0
2023-06-21,638,Máy in laser Canon LBP 2900,131,0,17045455.0
2023-06-21,636,"Ổ cứng máy tính SSD Western WDS240G2G0A,240GB",131,0,727272.0
2023-06-21,637,LOA SOUNDMAX  A-2126 2.1,131,0,1263636.0
2023-06-22,639,"Thiết bị chuyển mạch TP-Link,TL-SF1005D",131,0,154545.0
2023-06-22,643,Máy in hóa đơn XP-T80L,131,0,1154545.0
2023-06-22,643,Chuột máy tính Logitech B100,131,0,400000.0
2023-06-22,639,Chuột vi tính có dây Rapoo N100,131,0,45455.0
2023-06-22,640,Hộp mực  in Ecoplus 12A,131,0,245455.0
2023-06-22,641,Mạch chính vi tính Gigabyte H510M-H,131,0,1400000.0
2023-06-22,641,Bộ nhớ máy vi tính Kingmax 8GBDDR4-3200 (KM-LD4-3200-8GS),131,0,763636.0
2023-06-22,641,Chuột máy tính Logitech M185,131,0,172727.0
2023-06-22,641,Bàn phím Dell Multimedia KB216,131,0,136364.0
2023-06-22,644,Loa vi tính Microlab M300BT /2.1,131,0,909091.0
2023-06-22,644,"Máy tính xách tay ASUS ExpertBook model L1400( L1400CDA-EK0942W )Ryzen5 3500U/8GB/512GB/OB/14"" HD/W11/2Y",131,0,16454546.0
2023-06-22,644,Thiết bị định tuyến  TP-Link 2.4GHz/5GHz Archer C50,131,0,781818.0
2023-06-22,642,Chuột máy tính Logitech M331,131,0,272727.0
2023-06-23,646,Máy in Brother HL-L2321D,131,0,2681818.0
2023-06-23,645,Chuột máy tính Logitech B100,131,0,454545.0
2023-06-23,647,Tay Game Logitech F310,131,0,1454545.0
2023-06-23,647,"Thiết bị định tuyến thu phát vô tuyến  TP-Link,2.4Ghz,TL-MR6400",131,0,2918182.0
2023-06-23,647,Máy quét  Canon Lide 400,131,0,4000000.0
2023-06-23,647,Camera quan sát CS-C6N (1080P),131,0,4000000.0
2023-06-23,647,MÀN HÌNH VI TÍNH (LCD) LENOVO ThinkVision S27e-20 27.0 INCH/1920x1080/IPS/WLED/VGA/HDMI/ĐEN/3Y(62AFKAR2WW),131,0,5727273.0
2023-06-24,648,Chuột máy tính Dell WM118,131,0,227273.0
2023-06-24,650,Máy tính bàn Lenovo ThinkCentre M70s Gen 3 i5-12400(4.4GHZ)- 8GB RAM - 256 SSD- Wireless & Bluetooth - None -1Yr; P/n11TC000TVA,131,0,10409091.0
2023-06-24,650,Máy tính bàn Lenovo ThinkCentre M70s Gen 3 - i3-12100 ( 4.3GHZ) - 4GB RAM - 256GB SSD - Wireless & Bluetooth - None-1Yr; P/n 11TC000PVA,131,0,7727273.0
2023-06-24,649,Mực Laser đen Premium,131,0,81818.0
2023-06-25,653,Chuột máy tính  Dell WM118,131,0,227273.0
2023-06-25,652,Cạc VGA ASUS GT730 2GBD5 64BIT,131,0,1136364.0
2023-06-25,652,ổ cứng gắn trong 240GB SSD Exceria BiCS FLASH 2.5''SATA3 Kioxia,131,0,1081818.0
2023-06-25,652,Bảng mạch chính  Asus Prime H510MK,131,0,1418182.0
2023-06-25,652,Nguồn 700W COOLER MASTER ELITE V3-PC700,131,0,909091.0
2023-06-25,654,ổ cứng di động 32GB U301 USB 3.2 Gen 1 Kioxia - Trắng,131,0,81818.0
2023-06-25,651,"Thiết bị thu phát vô tuyến, TP-LINK, 2.4GHz/5GHz, Archer C24",131,0,381818.0
2023-06-25,654,Bộ lưu điện Santak - TG500,131,0,890909.0
2023-06-25,654,Máy tính bàn Lenovo ThinkCentre M70s Gen 3 - i3-12100( 4.3GHZ) - 4GB RAM - 256GB SSD - Wireless & Bluetooth -None-1Yr; P/n 11TC000PVA,131,0,7727272.0
2023-06-25,654,Máy in đa năng Brother MFC-L2701D,131,0,9454546.0
2023-06-26,661,4K0Z7PA: Máy tính xách tay HP 14s- fq1080AU -AMD Ryzen3 5300U / 4GB DDR4-3200/ SSD 256GB /RadeonVegaGraphics/ 14” HD/ Windows 11 Home/NaturalSilver,131,0,6727273.0
2023-06-26,656,Hộp mực in,131,0,945455.0
2023-06-26,661,"Máy tính xách tay ASUS B3402FEA-EC0714T I3 1115G4/8GB/256GB/FG/NP/14""FHD TOUCH/XANH/W10",131,0,10363636.0
2023-06-26,660,Máy tính bàn Lenovo ThinkCentre M70s Gen 3 -i3-12100( 4.3GHZ) - 4GB RAM - 256GB SSD - Wireless &Bluetooth -None-1Yr; P/n 11TC000PV,131,0,8454545.0
2023-06-26,660,"Màn hình máy tính Lenovo H20215FE0 - ""E22-28(H20215FE0)21.5 inch Monitor-HDMI, Linecord, P/N:62B9MAR4WW",131,0,2445455.0
2023-06-26,659,"Ổ cứng di động  Seagate Expansion 1TB 2.5""",131,0,1090909.0
2023-06-26,657,ổ cứng gắn trong 240GB SSD Exceria BiCS FLASH2.5''SATA3 Kioxia,131,0,1081818.0
2023-06-26,661,ổ cứng gắn trong 240GB SSD Exceria BiCS FLASH 2.5'' SATA3 Kioxia,131,0,1081818.0
2023-06-26,657,Bàn phím Dell Multimedia KB216,131,0,272728.0
2023-06-26,657,Nguồn 700W COOLER MASTER ELITE V3-PC70,131,0,900000.0
2023-06-26,658,Chuột máy tính Logitech M185,131,0,172727.0
2023-06-26,655,Mực T2309,131,0,818182.0
2023-06-26,657,Chuột máy tính Dell MS116,131,0,245454.0
2023-06-26,655,"Ổ cứng di động Seagate 2TB 2.5"" ONETOUCH",131,0,1727273.0
2023-06-26,657,Cạc VGA ASUS GT730 2GBD5 64BIT,131,0,1136364.0
2023-06-27,662,ổ cứng gắn trong 240GB SSD Exceria BiCS FLASH 2.5''SATA3 Kioxia,131,0,636364.0
2023-06-27,663,Bút trình chiếu LP15 A4tech (Trắng),131,0,263636.0
2023-06-27,663,Cáp dữ liệu VIDEO HDMI 1.4 truyền âm thanh hình ảnh dài10M Ugreen,131,0,409091.0
2023-06-27,663,Máy chiếu đa năng ViewSonic LS500WHE,131,0,15354546.0
2023-06-27,665,Bộ nguồn cấp điện liên tục Cyber Power BU600E,131,0,12000000.0
2023-06-27,662,Hộp mực  in Izinet 12A,131,0,318182.0
2023-06-27,664,Máy tính bàn Lenovo ThinkCentre M70s Gen 3 -i3-12100( 4.3GHZ) - 4GB RAM - 256GB SSD - Wireless&Bluetooth -None-1Yr; P/n 11TC000PVA,131,0,8454545.0
2023-06-27,664,"Màn hình máy tính Lenovo H20215FE0 -""E22-28(H20215FE0)21.5 inch Monitor-HDMI, Linecord, P/N:62B9MAR4WW",131,0,2445455.0
2023-06-27,663,Màn chiếu chân P84TS,131,0,863636.0
2023-06-27,669,Máy tính để bàn,131,0,66818182.0
2023-06-27,662,Loa SoundMax  A828 / 2.1,131,0,572727.0
2023-06-27,668,"Màn hình máy tính Viewsonic VX3276 - MHD -3/32 inch, Full HD, IPS,75Hz",131,0,7000000.0
2023-06-27,668,Màn hình LCD VIEWSONIC VX2718 - PC - MHD/27'' LCD MONITOR,131,0,10090909.0
2023-06-27,668,Loa SoundMax A2126/2.1,131,0,1063636.0
2023-06-27,666,MÀN HÌNH LCD 23.8 Inch LENOVO THINKVISION S24e -20 (62AEKAR2WW),131,0,5436364.0
2023-06-27,662,Tai nghe SoundMax AH304,131,0,581818.0
2023-06-27,666,Máy  In Canon Laser LBP-2900,131,0,7254546.0
2023-06-27,667,MÁY TÍNH XÁCH TAY (NB) HP Pavilion 15 - eg2056TUi5-1240P/8GD4/512GSSD/15.6FHD/Wlax/BT5/3C41WHr/ALUp/W11SL/VÀNG(6K786PA),131,0,15445455.0
2023-06-27,666,Bộ máy vi tính,131,0,17845454.0
2023-06-28,673,"Máy tính xách tay Asus B1500C i5-1135G7/ 8GB/512GBSSD/ UMA/ 15.6""FHD/ FP/ Chuột/ Win 11/ Đen/2YW_B1500CEAE-EJ2362W",131,0,14409091.0
2023-06-28,670,"Thiết bị chuyển mạch TP -Link, TL - SG108",131,0,490909.0
2023-06-28,672,Máy in đa năng Brother MFC - L2701D,131,0,4990909.0
2023-06-28,671,"Ổ cứng máy tính  SSD Western WDS240G2G0A, 240GB",131,0,500000.0
2023-06-28,672,Hộp mực  in Izinet 12A/303/FX9,131,0,290909.0
2023-06-29,675,Vỏ thùng máy tính Jetek  EN22,131,0,454546.0
2023-06-29,675,"Thiết bị thu phát vô tuyến TP-Link,TL - WN823N",131,0,818182.0
2023-06-29,675,Nguồn Jetek Model Y600T,131,0,1272727.0
2023-06-29,675,Chuột vi tính  Rapoo M20,131,0,1090909.0
2023-06-29,674,Loa vi tính Microlab M300/2.1,131,0,590909.0
2023-06-29,674,Chuột máy tính  Logitech M185,131,0,1818182.0
2023-06-29,674,Tai nghe Logitech H370,131,0,2090909.0
2023-06-29,676,MÁY IN BROTHER HL-L2321D,131,0,3272727.0
2023-06-29,674,"Máy tính xách tay Dell Inspiron 15 3520 Intel Core i5-1235U, 15.6""FHD, 1x8G,256GB SSD PCIe NVMe, 3 Cell-41Whr, Win 11 Microsoft Office Home andStudent 2021, N5I5122W1-Black",131,0,13636364.0
2023-06-29,675,Vỏ thùng máy tính Jetek  EN15,131,0,227272.0
2023-06-29,677,Máy định vị GPSMAP 79s,131,0,7818182.0
2023-06-29,678,"Ổ cứng SSD Western WDS500G2B0A, 500GB, Sata3 2.5""",131,0,1118182.0
2023-06-29,679,BO MẠCH CHÍNH MÁY VI TÍNH (MainBoard) MSI H510M PLUS V3(H510MPLUSV3),131,0,15500000.0
2023-06-29,679,"Bộ Vi xử lý Intel Core i3-10105 Processor3.70GHz 6M Cache, Sockets FCLGA1200-BX8070110105",131,0,25800000.0
2023-06-29,680,MÁY IN HP LASERJET PRO M404DN (W1A53A),131,0,5809091.0
2023-06-29,680,Máy Scan HP 2000S2 (6FW06A),131,0,7172727.0
2023-06-29,682,Usb hiệu Kingston 32GB 3.0DT100G3(DT100G3/32GB),131,0,154545.0
2023-06-29,679,Bộ nhớ trong RAM DESKTOP LEXAR U-DIMMDDR4 8GB_LD4AU008G-B3200GSST,131,0,4600000.0
2023-06-29,681,Phần mềm Win 11 Pro 64bit Eng lntl 1pk DSP OEi DVD(FQC-10528),131,0,3700000.0
2023-06-29,679,"ổ cứng Western SSD 240GB Sata3, màuxanh - green (WDS240G3G0A)",131,0,8727273.0
2023-06-29,679,Thiết bị chuyển mạch TPLINK_TL-SG1008D,131,0,781818.0
2023-06-29,679,"Bộ lưu điện (UPS) APC Easy Back-ups 700VA,230V,AVR,USBcharging Universal sockets(BVX700LUI-MS)",131,0,12500000.0
2023-06-29,679,Chuột máy tính Logitech B100,131,0,700000.0
2023-06-29,679,Tai nghe HyperX Cloud Stinger IICore(683L9AA),131,0,7600000.0
2023-06-29,679,Bàn phím  Logitech K120,131,0,1450000.0
2023-06-29,679,Vỏ thùng máy tính Jetek EN22,131,0,2500000.0
2023-06-29,679,Nguồn Jetek Model 350 ELITE V2,131,0,4200000.0
2023-06-29,679,"Màn hình LCD của máy vi tính hiệuPHILIPS 221V8 21.5""(LED),cáp,mới100%.",131,0,16900000.0
2023-06-30,683,Bàn phím máy tính RAPOO V50S,131,0,263636.0
2023-06-30,683,Bảng mạch chính GIGABYTE H510M-H,131,0,1400000.0
2023-06-30,683,Bộ nhớ trong ram DDR4 16GB/3200 KINGMAX,131,0,1490910.0
2023-06-30,683,Ổ cứng WESTERN SSD 240GB SN350 GREEN M2 NVME ( WDS240G2G0C),131,0,445455.0
2023-06-30,683,Cạc VGA ASUS TUF-GTX1660S-6G-GAMING,131,0,4454545.0
2023-06-30,683,TAI NGHE SOUNDMAX AH327,131,0,354545.0
2023-06-30,683,Máy in Brother HL - L2321D,131,0,4818182.0
2023-06-30,683,Bộ vi xử lý  Intel Core i3-10105,131,0,2272727.0
2023-06-30,683,Ổ cứng máy tính HDD 1TB Western SaTa3 BLUE,131,0,1600000.0
2023-06-30,683,Bàn phím máy tính RAPOO V500SE,131,0,1000000.0
2023-07-01,686,"Màn hình máy tính Lenovo H20215FE0 -"" E22-28 (H20215FE0) 21.5 inch Monitor-HDMI, Linecord, P/N:62B9MAR4WW",131,0,2318182.0
2023-07-01,685,Nguồn  Jetek Model Y600T,131,0,436364.0
2023-07-01,684,Màn hình máy tính Dell 22 Monitor - E2223HN powercord/Advanced Exchange Service,131,0,2954545.0
2023-07-01,684,"Máy tính để bàn Dell OptiPlex 3000 Small Form Factor Intel® Core i5-12500 (6Cores/18MB/12T/3.0GHz to 4.6GHz/65W), 8GB 3200MHz DDR4, 256GB SSD,Intel UHD Graphics , No DVD_RW, Ubuntu, BH 1 năm (1Bộ=Máy, Chuột, Bànphím,cáp)",131,0,12718182.0
2023-07-02,688,Cáp dữ liệu VIDEO HDMI 1.4 truyền âm thanh hình ảnh dài10M Ugreen (10110),131,0,400000.0
2023-07-02,688,Cáp dữ liệu USB 2.0 nối dài truyền dữ liệu,131,0,345455.0
2023-07-02,687,"Thiết bị chuyển mạch  TP-Link,TL- SG1024D",131,0,1718182.0
2023-07-03,692,Máy In Canon Laser LBP 226DW,131,0,5181818.0
2023-07-03,692,Mực Laser TN-2385,131,0,1000000.0
2023-07-03,693,BỘ MÁY VI TÍNH,131,0,13909091.0
2023-07-03,694,MÀN HÌNH LCD 23.8 Inch LENOVO THINKVISION S24e-20 (62AEKAR2WW),131,0,2718182.0
2023-07-03,695,Ổ đĩa cứng máy tính KingmaxSMV32 120GB (Sata 3),131,0,3300000.0
2023-07-03,691,Mực in Brother TN - B022,131,0,500000.0
2023-07-03,690,Camera quan sát CS-H8C (1080P),131,0,1554545.0
2023-07-03,690,"Máy tính xách tay Lenovo S14 G3 IAP - I5-1235U (1.3G) - 8GB- 512GB SSD - WF+BL, Fingerprint - 14"" FHD - Dos - 1Yr; P/n82TW0029VN",131,0,13545455.0
2023-07-03,690,Máy in đa năng Brother DCP-T220,131,0,3000000.0
2023-07-03,689,"Bộ định tuyến có chức năng thuphát vô tuyến TP-LINK, 2,4GHz/ W-CDMA FDD/GSM_TL-MR6400",131,0,1227273.0
2023-07-04,696,MÀN HÌNH VI TÍNH (LCD) DELL SE2422H23.8 INCH/1920x1080@75Hz/VGA/HDMI/LED/ĐEN(60W8F1),131,0,3636364.0
2023-07-04,697,Chuột vi tính có dây Rapoo N100,131,0,218182.0
2023-07-04,698,ổ cứng gắn trong 480GB SSD Exceria BiCS FLASH 2.5''SATA3 Kioxia,131,0,900000.0
2023-07-04,699,Cáp dữ liệu VIDEO HDMI 1.4 truyền âm thanh hình ảnh dài5M Ugreen,131,0,859091.0
2023-07-05,703,"Máy tính xách tay Dell Latitude 3420, CTO Intel Core i3-1115G4 (2 Core,6M cache, base 3.0GHz, up to 4.10), MH 14 inch HD (1366 x 768), RAM8GB, 256GB SSD, Intel® UHD Graphics, Ubuntu",131,0,80727273.0
2023-07-05,704,Cáp dữ liệu VIDEO HDMI 1.4 truyền âm thanh hình ảnh dài5M Ugreen (10109),131,0,427273.0
2023-07-05,702,Máy chiếu đa năng ViewSonic PA503W,131,0,11809091.0
2023-07-05,700,Máy In Canon Laser LBP226DW,131,0,5627273.0
2023-07-05,701,"MÁY TÍNH XÁCH TAY HP Pavilion 15- eg2083TU(i5-1240P, 8GD4, 512GBSSD, 15.6FHD, Wlax,BT5,3C41WHr_7C0W9PA)",131,0,14990909.0
2023-07-05,700,Màn hình  LCD Dell S2421H 23.5 inch,131,0,3636364.0
2023-07-05,700,Bộ máy vi tính intel core  i3 - 12100,131,0,18009090.0
2023-07-06,705,Máy tính bàn Lenovo ThinkCentre M70s Gen 3 i5-12400(4.4GHZ)- 8GB RAM - 256 SSD- Wireless & Bluetooth - None -1Yr; P/n11TC000TVA,131,0,19718182.0
2023-07-06,705,Máy in Brother HL-L2321D,131,0,9781818.0
2023-07-06,705,Bộ nhớ máy tính xách tay Kingmax16GB/ DDR4-3200,131,0,1354546.0
2023-07-06,705,"Máy tính xách tay LenovoThinkPad E15 Gen 4, i7-1255U,8GB, 512GB SSD, Intel Iris XeGraphics, 15.6"" FHD, 3C 45Wh,ax+BT, FP, No OS, Đen (Black),2Y WTY_21E600CMVA",131,0,19181818.0
2023-07-06,706,Thiết bị định tuyến TP-Link 2.4GHz/5GHz Archer C50,131,0,2136364.0
2023-07-07,707,Bàn phím Rapoo NK2500,131,0,272728.0
2023-07-07,707,Chuột vi tính có dây Rapoo N100,131,0,145454.0
2023-07-08,708,Hộp mực in Izinet 12A/303/FX9,131,0,309091.0
2023-07-08,709,"Ổ CỨNG DI ĐỘNG (HDD) SEAGATE ONE TOUCH 1TB2.5"" USB 3.0 - XÁM (GREY)(STKY1000404)",131,0,1327273.0
2023-07-09,710,Máy in đa năng Brother DCP-T220,131,0,3263636.0
2023-07-09,711,"Thiết bị định tuyến TP-Link 2.4GHz,Archer C6",131,0,3541818.0
2023-07-10,714,Bộ nhớ trong RAM DESKTOP LEXAR U­DIMM DDR48GB_LD4AU008G­B3200GSST,131,0,418182.0
2023-07-10,714,Mạch chính vi tính Gigabyte H510MH,131,0,1563636.0
2023-07-10,714,Bộ vi xử lý vi tính Intel Corei5-10400 (BX8070110400SRH3C) +Quạt,131,0,3000000.0
2023-07-10,714,ổ cứng gắn trong 240GB SSD Exceria BiCS FLASH 2.5''SATA3 Kioxia,131,0,4509091.0
2023-07-10,714,"Ổ cứng SSD Western WDS500G2B0A ,500GB, Sata3 2.5""",131,0,1281818.0
2023-07-10,714,"Ổ đĩa cứng  GT Kingston 2.5"" SSD (SA400S37/240G)",131,0,354546.0
2023-07-10,714,"Chuột vi tính hiệu Rapoo mới 100%. Item no:12091, Model: M650Silent BR_F-Yellow Green",131,0,527273.0
2023-07-10,713,Chuột máy tính  Dell MS116,131,0,145454.0
2023-07-10,715,Bộ máy vi tính để bàn (CPU Intel core I3 - 10105 / Ram 4gb / Ssd 240gb),131,0,8918182.0
2023-07-10,715,"Màn hình máy tính Lenovo  E22 -28  / 21.5 inch Monitor-HDMI, Linecord, P/N:62B9MAR4WW",131,0,2445454.0
2023-07-10,714,Vỏ thùng máy tính  Jetek EN15,131,0,250000.0
2023-07-10,714,Bàn phím RAPOO NK2500,131,0,2400000.0
2023-07-10,714,Chuột máy tính N100.BLACK - Optical Mouse,131,0,1000000.0
2023-07-10,714,"Thiết bị chuyển mạch  TP -Link, TL-SF1016D",131,0,381818.0
2023-07-10,714,Bàn phím  Logitech K120,131,0,659091.0
2023-07-10,714,Nguồn Jetek Model Y600T,131,0,250000.0
2023-07-10,720,Thiết bị định tuyến  TP-Link 2.4GHz/5GHz Archer C20,131,0,427272.0
2023-07-10,713,Bàn phím Dell Multimedia KB216,131,0,272728.0
2023-07-10,712,Mực  in phun Brother BT5000Y,131,0,181818.0
2023-07-10,712,Mực  in phun Brother BT5000M,131,0,181818.0
2023-07-10,716,MÁY IN  Brother HL-L2321D,131,0,2636364.0
2023-07-10,717,Máy In Canon Laser LBP-2900,131,0,3627273.0
2023-07-10,717,Bàn phím RAPOO NK2500,131,0,136364.0
2023-07-10,717,Chuột máy tính N100.BLACK - Optical Mouse,131,0,72727.0
2023-07-10,712,Mực  in phun Brother BT5000C,131,0,181818.0
2023-07-10,718,MỰC IN  Brother TN-B022,131,0,500000.0
2023-07-10,713,Máy  in Brother HL - L2321D,131,0,2363636.0
2023-07-10,721,Mực in phun Brother BT5000,131,0,327272.0
2023-07-10,721,Mực  in phun Brother BTD60BK,131,0,454546.0
2023-07-10,720,"Thiết bị chuyển mạch TP-Link, TL-SF1005D",131,0,236364.0
2023-07-10,713,"Thiết bị định tuyến TP - Link 300M, 2.4GHz,TL- WR841N",131,0,245455.0
2023-07-10,719,Hộp mực  in Ecoplus 12A/303/FX9,131,0,136364.0
2023-07-11,722,"Màn hình vi tính  Dell LCD  E2216Hv - 21.5"" WHD",131,0,1954545.0
2023-07-12,723,ổ cứng gắn trong 250GB SSD Exceria NVMe BiCS FLASHM.2 PCIe Kioxia,131,0,590909.0
2023-07-12,725,MÁY QUÉT ẢNH HOẶC TÀI LIỆU HP SCAN JET PRO2000 S2 SCANNER (6FW06A),131,0,7227273.0
2023-07-12,724,Máy In Canon Laser LBP-2900,131,0,3954545.0
2023-07-13,730,"Máy Tính Xách tay DELL Inspiron 16-5620 I71255U/8GB/512GB NVME/16.0"" FHD/Window 11 /Màu Bạc(N6I7110W1)",131,0,18000000.0
2023-07-13,728,"Máy tính xách tay DELL Vostro 5620 I5-1240P/8GB/256GB NVME/16.0"" FHD/Window 11(V6I5001W1)",131,0,15909091.0
2023-07-13,731,Thẻ nhớ 64GB Micro SDXC Exceria UHS-I C10 U1100MB/s Kioxia (Không có Adapter),131,0,218182.0
2023-07-13,731,Chuột vi tính  Rapoo M20,131,0,245454.0
2023-07-13,731,Tai nghe Logitech H370,131,0,400000.0
2023-07-13,726,"Máy tính xách tay MSI Alpha 17 B5EEK031VN / Ryzen 7 5800H / 512GBSSD/ 8GB/ RX6600M8GB/ 17.3""FHD/ 144Hz/ WIN 11/ màu đen,ba lô",131,0,20354545.0
2023-07-13,727,Chuột vi tính Rapoo M20,131,0,110909.0
2023-07-13,729,"Máy Tính Xách tay DELL Inspiron 16-5620 I7 1255U/8GB/512GB NVME/16.0"" FHD/Window 11 /Màu Bạc (N6I7110W1)",131,0,18000000.0
2023-07-13,727,Bộ nhớ máy vi tính Kingmax 8GBDDR4 - 3200 (KM-LD4-3200-8GS),131,0,381818.0
2023-07-13,727,Bộ vi xử lý  Intel Core i3-10105,131,0,2227273.0
2023-07-13,727,Mạch chính vi tính Gigabyte H510M-H,131,0,1400000.0
2023-07-15,732,"Máy tính xách tay MSI Katana GF6612UCK - 699VN/Alder Lake i5-12450H/512GB SSD/DDR4 8GB(3200MHz)/RTX3050 GDDR6 4GB/15.6""FHD/WIN 11/màu đen/ba lô",131,0,15454545.0
2023-07-15,732,Camera quan sát CS-C6N (1080P),131,0,18181818.0
2023-07-15,732,"Camera kỹ thuật số có chức năng ghi hiệu EZVIZ mãCS-C1C(1080P,H.265) - Hỗ trợ thẻ nhớ trong",131,0,6909100.0
2023-07-15,732,"Chuột vi tính hiệu Rapoo mới 100%. Item no:18823, Model: M20, Wireless Optical MouseBLACK",131,0,20909090.0
2023-07-15,732,Máy In Canon Laser LBP-2900,131,0,31818180.0
2023-07-15,732,Thiết bị thu phát vô tuyến TPLINK_TL- WN725N,131,0,1459091.0
2023-07-15,732,"Máy tính xách tay MSI Katana GF6612UCK - 815VN /Alder Lake i5-12450H/512GB SSD/DDR4 8GB(3200MHz)/RTX3050 GDDR6 4GB/15.6""FHD/WIN11/màu đen/ ba lô",131,0,15909090.0
2023-07-15,732,Thiết bị chuyển mạch TPLINK_TL- SF 1005D,131,0,2218180.0
2023-07-15,732,Máy in Brother HL - L2321D,131,0,46363636.0
2023-07-15,733,"Màn hình máy tính Lenovo H20215FE0 - "" E22-28(H20215FE0) 21.5 inch Monitor - HDMI, Linecord, P/N:62B9MAR4WW",131,0,2445455.0
2023-07-15,733,Thiết bị thu phát vô tuyến TP-LINK_TL-WA850RE,131,0,381818.0
2023-07-15,733,"Chuột vi tính hiệu Rapoo mới 100%. Item no:12091, Model: M650 Silent BR_F-Yellow Green",131,0,481818.0
2023-07-15,733,Máy tính bàn Lenovo ThinkCentre M70s Gen 3 i5-12400(4.4GHZ)- 8GB RAM - 256 SSD- Wireless & Bluetooth - None -1Yr; P/n11TC000TVA,131,0,11354545.0
2023-07-15,732,"Máy tính xách tay Asus model B3402FEA - EC0714T 14.0"" Full HD / Touchscreen/INTEL I3 - 1115G4/ 8GB DDR4/256GB M.2 SSD /Fingerprint/NumberPad/Win 10 home/TPM2.0/WIFI6+BT/50WH/BAG/STYLUS/WIRELESS MOUSE/ 2 YW OSS",131,0,16363636.0
2023-07-15,732,"Máy tính xách tay Lenovo ThinkPad E15 Gen 4 -I5- 1235U(4.4G)-8Gb RAM - 512GB SSD - WF+BL,Fingerprint-15.6'' FHD - Dos - 2Yrs; P/N 21E600CFVA",131,0,15000000.0
2023-07-15,732,MÁY TÍNH XÁCH TAY (NB) LENOVO V14 G3 IAP i3 -1215U/4GD4/256GSSD/14.0FHD/WL/BT/2C38/NoOS/ĐEN (82TS0067VN),131,0,16545454.0
2023-07-16,734,ổ cứng gắn trong 240GB SSD Exceria BiCS FLASH 2.5''SATA3 Kioxia,131,0,545455.0
2023-07-16,734,Mực  Laser TN-2385 Brother,131,0,409090.0
2023-07-16,734,Chuột máy tính Logitech M185,131,0,181818.0
2023-07-16,734,Loa SoundMax A150/2.0,131,0,227273.0
2023-07-16,735,Tai nghe SoundMax AH304,131,0,254546.0
2023-07-16,735,Máy chiếu đa năng ViewSonic PA503W,131,0,11354545.0
2023-07-17,737,Máy In Canon Laser LBP-2900,131,0,3627273.0
2023-07-17,736,Máy in đa năng Brother DCP - T220,131,0,5909091.0
2023-07-17,736,Máy In Canon Laser LBP 6030,131,0,6136364.0
2023-07-17,739,Ổ đĩa cứng máy tính KingmaxSMQ32 240GB (Sata 3),131,0,545455.0
2023-07-17,736,Máy in Brother HL - L2321D,131,0,46363636.0
2023-07-17,736,Máy In Canon Laser LBP - 2900,131,0,32454545.0
2023-07-17,739,Bộ nhớ máy vi tính Kingmax 8GBDDR4-3200 (KM-LD4-3200-8GS),131,0,681818.0
2023-07-17,740,Nguồn máy tính Jetek mini A200m,131,0,318182.0
2023-07-17,741,Máy tính bàn Lenovo ThinkCentre M70s Gen 3 - i3-12100 ( 4.3GHZ) - 4GB RAM - 256GB SSD - Wireless & Bluetooth - None-1Yr; P/n 11TC000PVA,131,0,8500000.0
2023-07-17,741,Bàn phím  Dell Multimedia KB 216,131,0,136364.0
2023-07-17,741,Thiết bị truyền ảnh Webcam Logitech C270,131,0,409091.0
2023-07-17,742,"Ổ CỨNG DI ĐỘNG (HDD) SEAGATE ONE TOUCH 1TB2.5"" USB 3.0 - ĐEN (BLACK)(STKY1000400)",131,0,1209091.0
2023-07-17,742,Chuột máy tính Logitech M185,131,0,363636.0
2023-07-17,743,Bàn phím Rapoo V500L,131,0,609091.0
2023-07-17,738,Phần mềm  Kaspersky KL1941MCCFS,131,0,900000.0
2023-07-18,744,Máy In Canon Laser LBP - 2900,131,0,3627273.0
2023-07-19,748,Bàn phím  Dell Multimedia KB216,131,0,136363.0
2023-07-19,748,Chuột máy tính Logitech M185,131,0,181818.0
2023-07-19,748,"Bộ định tuyến có chức năng thuphát vô tuyến TP-LINK, 2,4GHz/ W-CDMA FDD/GSM_TL-MR6400",131,0,1136364.0
2023-07-19,745,Mực laser đen Brother 2240,131,0,363636.0
2023-07-19,746,Máy scan tài liệu Brother ADS - 3100,131,0,18818182.0
2023-07-19,747,Máy in hóa đơn XP-T80L,131,0,809091.0
2023-07-20,749,Hộp mực  in Izinet 12A/303/FX9,131,0,200000.0
2023-07-23,751,"Ổ CỨNG DI ĐỘNG (HDD) SEAGATE ONE TOUCH 1TB2.5"" USB 3.0 - ĐEN (BLACK)(STKY1000400)",131,0,1318182.0
2023-07-23,751,Bộ nhớ máy vi tính Kingmax 8GBDDR4-2400,131,0,354545.0
2023-07-23,751,Chuột máy tính Logitech M221,131,0,227273.0
2023-07-23,753,Mực in 308 Number One,131,0,418182.0
2023-07-23,752,Máy In Canon Laser LBP - 2900,131,0,3627273.0
2023-07-23,752,"Máy tính xách tay Dell Vostro 3520 Intel Core i3 - 1215U,15.6""FHD, 1x8G,256GB SSD PCIe NVMe, 3 Cell-41Whr, Win11, Office H&S 2021,V5I3614W1-Gray",131,0,11718182.0
2023-07-24,754,Loa SoundMax A2130 / 2.1,131,0,1318182.0
2023-07-25,756,Bộ lưu điện Santak - TG500,131,0,1045455.0
2023-07-25,757,MÁY TÍNH XÁCH TAY (NB) LENOVO V14 G3 IAP i5 -1235U/8GD4/256GSSD/14.0FHD/WL/BT/2C38/NoOS/ĐEN(82TS0062VN),131,0,14081818.0
2023-07-25,758,Phần mềm Kaspersky KL1867MUAFS,131,0,300000.0
2023-07-25,759,Hộp mực in Ecoplus 12A/303/FX9,131,0,118182.0
2023-07-25,760,Máy in đa năng Brother MFC - L2701D,131,0,4990909.0
2023-07-25,755,Mực Laser Đen Premium,131,0,354545.0
2023-07-25,755,Trục từ 26A,131,0,272727.0
2023-07-25,761,Tủ Rack 6U​D400,131,0,818182.0
2023-07-26,765,Máy in Brother HL - L2321D,131,0,2636364.0
2023-07-26,766,BỘ MÁY VI TÍNH,131,0,11590909.0
2023-07-26,762,Bàn phím Keyboard NK2500,131,0,118182.0
2023-07-26,762,Chuột máy tính  Logitech   M185,131,0,181818.0
2023-07-26,762,Mực  Laser TN - 2385 Brother,131,0,400000.0
2023-07-26,764,Ổ cứng Kingmax SSD Sata III 240GB SMV32,131,0,354545.0
2023-07-26,763,BỘ LƯU ĐIỆN Santak-TG1000,131,0,2263636.0
2023-07-28,767,Bàn phím Logitech K120,131,0,863636.0
2023-07-28,767,Chuột máy tính Logitech B100,131,0,454545.0
2023-07-28,767,Cạc mạng  PCI Gigabit TP -Link - TG - 3468,131,0,209091.0
2023-07-28,768,Đầu máy in kim Epson LQ 310,131,0,5100000.0
2023-07-29,770,"Chuột bluetooth Logitech M650L, màu đen(910-006247)",131,0,750000.0
2023-07-29,769,"Máy tính xách tay MSI Katana GF6612UCK - 815VN /Alder Lake i5-12450H/512GB SSD/DDR4 8GB(3200MHz)/RTX3050 GDDR6 4GB/15.6""FHD/WIN11/màu đen/ ba lô",131,0,17954545.0
2023-07-29,772,Bàn phím Dell Multimedia KB216,131,0,136364.0
2023-07-29,771,Túi Xách TUCANO 15.6' (Blue),131,0,1950000.0
2023-07-29,770,"Máy tính xách tay Dell Vostro 3430 (i7-1355U, 16GB,512GB SSD, 14.0"" FHD, NV-MX550/2GB, Win11,Office HS 21, Xám, P152G008)(V3430-i7U165W11GRD2)",131,0,23650000.0
2023-07-30,780,Ổ đĩa cứng máy tính KingmaxSA3080 128GB (M.2 Sata 3),131,0,2954545.0
2023-07-30,780,ổ cứng gắn trong 240GB SSD Exceria BiCS FLASH 2.5''SATA3 Kioxia,131,0,9927273.0
2023-07-30,780,MÁY TÍNH XÁCH TAY (NB) LENOVO V14 G3 IAP i5 -1235U/8GD4/256GSSD/14.0FHD/WL/BT/2C38/NoOS/ĐEN(82TS0062VN),131,0,20000000.0
2023-07-30,780,Ổ đĩa cứng máy tính KingmaxSA3080 256GB (M.2 Sata 3),131,0,4136364.0
2023-07-30,780,Bảng mạch chính của máy vi tính hiệu ASUS PRIMEH510M - K R2.0-CSM-SI,131,0,13500000.0
2023-07-30,780,Bộ nhớ máy vi tính Kingmax 16GBDDR4-3200 (KM-LD4-3200-16GS),131,0,6227273.0
2023-07-30,780,Bộ nhớ máy tính xách tay Kingmax8GB DDR4-3200,131,0,5318182.0
2023-07-30,780,"ổ cứng Western SSD 240GB Sata3, màuxanh - green (WDS240G3G0A)",131,0,12363636.0
2023-07-30,776,Máy chiếu đa năng ViewSonic PS501X,131,0,13263636.0
2023-07-30,775,Bàn phím  Dell Multimedia KB216,131,0,345454.0
2023-07-30,775,Chuột máy tính Logitech M331,131,0,490910.0
2023-07-30,780,MÀN HÌNH LCD 23.8 Inch LENOVO THINKVISION S24e-20 (62AEKAR2WW),131,0,21818182.0
2023-07-30,780,Máy In Canon Laser LBP - 2900,131,0,12981818.0
2023-07-30,780,4K0Z7PA: Máy tính xách tay HP 14s- fq1080AU -AMD Ryzen3 5300U / 4GB DDR4-3200/ SSD 256GB /RadeonVegaGraphics/ 14” HD/ Windows 11 Home/NaturalSilver,131,0,12727273.0
2023-07-30,780,"Màn hình máy tính Lenovo H20215FE0 - "" E22 - 28 (H20215FE0)21.5 inch Monitor-HDMI, Linecord, 3YR WTYWarrantyCode:3years limited"", P/N:62B9MAR4WW",131,0,17181818.0
2023-07-30,774,ổ cứng di động 16GB U202 USB 2.0 Kioxia,131,0,2159091.0
2023-07-30,780,Ổ đĩa cứng máy tính KingmaxSMQ32 240GB (Sata 3),131,0,9272727.0
2023-07-30,780,Máy in Brother HL - L2321D,131,0,23181818.0
2023-07-30,777,"Thiết bị đầu cuối GSM/W-CDMA FDD 2.4GHz TP-Link,M7000",131,0,818182.0
2023-07-30,778,MÁY TÍNH ĐỂ BÀN (PC)  HP AIO 22- dd2005d i3 -1215U/4GD4/256GSSD/21.5FHD/Wlac/BT5/KB/M/W11SL/TRẮNG(6K7G4PA),131,0,14363636.0
2023-07-30,780,MÀN HÌNH VI TÍNH (LCD) LENOVO ThinkVision S27e -2027.0INCH/1920x1080/IPS/WLED/VGA/HDMI/ĐEN/3Y(62AFKAR2WW),131,0,12272727.0
2023-07-30,780,"Máy tính xách tay Asus model B3402FEA - EC0714T 14.0"" Full HD / Touchscreen/INTEL I3 - 1115G4/ 8GBDDR4/256GB M.2 SSD /Fingerprint/NumberPad/Win 10home/TPM2.0/WIFI6+BT/50WH/BAG/STYLUS/WIRELESSMOUSE/ 2 YW OSS",131,0,16363636.0
2023-07-30,779,"Thiết bị chuyển mạch TP-Link, TL - SG1024D",131,0,1681818.0
2023-07-30,780,Máy in đa năng Brother DCP - T220,131,0,8863636.0
2023-07-30,773,Màn hình LCD DELL SE2422H (23.8 inch/FHD/IPS/75Hz/VGA+HDMI/LED),131,0,3181818.0
2023-07-30,773,Chuột máy tính  Dell MS116,131,0,81818.0
2023-07-31,784,Chuột máy tính Dell MS116,131,0,290909.0
2023-07-31,784,"MÀN HÌNH LCD VIEWSONIC VA1903A/19""",131,0,1590909.0
2023-07-31,782,Máy  In Canon Laser LBP - 2900,131,0,6945455.0
2023-07-31,781,MỰC IN BROTHER BT5000M,131,0,236364.0
2023-07-31,783,"Máy tính xách tay Dell Vostro 3430 (i7-1355U, 16GB,512GBSSD, 14.0"" FHD, NV-MX550/2GB, Win11,Office HS 21,Xám, P152G008)(V3430-i7U165W11GRD2)",131,0,18000000.0
2023-08-01,787,"Thiết bị định tuyến TP-Link 300M,2.4GHz,TL-WR841N",131,0,300000.0
2023-08-01,788,Máy in đa năng Brother MFC-L2701D,131,0,5490000.0
2023-08-01,785,Máy  in Brother DCP-B7535DW,131,0,5136364.0
2023-08-01,786,Chuột vi tính Rapoo M20,131,0,436364.0
2023-08-01,786,Bàn phím  Dell Multimedia KB216,131,0,681818.0
2023-08-01,786,Nguồn  máy tính Jetek mini A200m,131,0,1132727.0
2023-08-01,789,Ổ đĩa cứng GT Kingston 480GB A400(SA400S37/480G),131,0,772727.0
2023-08-02,790,"Thiết bị thu phát vô tuyến  TP-Link, TL- WN725N",131,0,145455.0
2023-08-02,790,Chuột vi tính có dây Rapoo N100,131,0,72727.0
2023-08-02,790,Bàn phím Rapoo NK2500,131,0,245454.0
2023-08-02,792,Mực Laser đen Premium,131,0,227273.0
2023-08-02,793,Mực MP 3054/3554/2554,131,0,772727.0
2023-08-02,793,Mực  in 93A Number One,131,0,954546.0
2023-08-02,791,MÀN HÌNH VI TÍNH (LCD) LENOVO ThinkVision S27e -20 27.0 INCH/1920x1080/IPS/WLED/VGA/HDMI/ĐEN/(62AFKAR2WW),131,0,2727273.0
2023-08-03,797,Máy  In Canon Laser LBP-2900,131,0,3454546.0
2023-08-03,797,Bộ máy vi tính,131,0,14272727.0
2023-08-03,794,"Máy tính xách tay Lenovo ThinkPad E15 Gen 4-I5-1235U(4.4G)-8Gb RAM - 512GB SSD - WF+BL,Fingerprint-15.6'' FHD - Dos - 2Yrs; P/N 21E600CFVA",131,0,14900000.0
2023-08-03,796,ổ cứng gắn trong 240GB SSD Exceria BiCS FLASH 2.5''SATA3 Kioxia,131,0,545455.0
2023-08-03,795,"Thiết bị chuyển mạch TP-Link,TL- SF1005D",131,0,145455.0
2023-08-03,795,ổ cứng gắn trong 240GB SSD Exceria BiCS FLASH 2.5''SATA3 Kioxia,131,0,681818.0
2023-08-03,795,Tai nghe SoundMax AH304,131,0,227273.0
2023-08-03,795,Bàn phím Dell Multimedia KB216,131,0,172727.0
2023-08-03,795,"Màn hình máy tính Lenovo H20215FE0 - ""E22-28 (H20215FE0)21.5 inch Monitor-HDMI, P/N:62B9MAR4WW",131,0,2372727.0
2023-08-04,804,Chuột máy tính Logitech M331,131,0,309091.0
2023-08-04,798,"Ổ cứng máy tính  SSD Western WDS240G2G0A,240GB",131,0,681818.0
2023-08-04,802,"Thiết bị chuyển mạch  TP-Link,TL-SG1024D",131,0,1590909.0
2023-08-04,800,MÁY IN LASER ĐƠN NĂNG TRẮNG ĐEN - CANONPRINTER I-SENSYS LBP236DW,131,0,5172727.0
2023-08-04,800,Bộ máy vi tính,131,0,9754546.0
2023-08-04,801,Bộ định tuyến Tp-Link 2.4GHz/5GHz Archer MR200,131,0,1318182.0
2023-08-04,801,Bộ máy vi tính,131,0,16354545.0
2023-08-04,799,ổ cứng di động 16GB U202 USB 2.0 Kioxia,131,0,90909.0
2023-08-04,803,Mực in 337 Number One,131,0,763636.0
2023-08-05,807,Vỏ thùng máy tính  Jetek EN22,131,0,272727.0
2023-08-05,805,Bàn phím Dell Multimedia KB216,131,0,145454.0
2023-08-05,807,Nguồn  Jetek Model 350 ELITE V2,131,0,409091.0
2023-08-05,805,Chuột vi tính  Rapoo M20,131,0,136364.0
2023-08-05,807,Bảng mạch chính Asus Prime H510MK,131,0,1463636.0
2023-08-05,807,Bộ nhớ máy vi tính Kingmax 8GBDDR4-3200 (KM-LD4-3200-8GS),131,0,418182.0
2023-08-05,807,Chíp xử lý  Intel i5/10400-2.90Ghz,131,0,2981818.0
2023-08-05,807,Màn hình  LCD VIEWSONIC VA1903A,131,0,4500000.0
2023-08-05,806,MÁY TÍNH XÁCH TAY (NB) LENOVO V14 G3 IAP i3 -1215U/8GD4/256GSSD/14.0FHD/IPS/WL/BT/2C38/NoOS/ĐEN (82TS0060VN),131,0,14909091.0
2023-08-05,807,Ổ cứng Kingmax SSD Sata III 240GB SMV32,131,0,363636.0
2023-08-06,809,Chuột vi tính có dây  Rapoo N100,131,0,90910.0
2023-08-06,809,Máy  In Canon Laser LBP-2900,131,0,3627272.0
2023-08-06,810,"Máy tính xách tay Lenovo V14 G4 IRU - Intel Core i7-1355U (5.00GHz) - 8GB RAM - 512GB SSD - WF+BL - 14"" FHD - NOS -2YR Premium NBD,P/n 83A0000NVN",131,0,14909091.0
2023-08-06,808,"Màn hình máy tính Lenovo H20215FE0 - ""E22-28(H20215FE0)21.5 inch Monitor-HDMI, P/N:62B9MAR4WW",131,0,1954545.0
2023-08-07,817,MÀN HÌNH VI TÍNH (LCD) LENOVO ThinkVision  S27e-20 27.0INCH/1920x1080/IPS/WLED/VGA/HDMI/ĐEN/3Y(62AFKAR2WW),131,0,5454546.0
2023-08-07,816,Thiết bị truyền ảnh Webcam Logitech C270,131,0,636364.0
2023-08-07,816,Máy in hóa đơn XP-T80L,131,0,2727273.0
2023-08-07,816,MÀN HÌNH VI TÍNH (LCD)  LENOVO ThinkVision S24e-20 /23.8INCH/1920x1080/WLED/VGA/HDMI/ĐEN/(62AEKAR2WW),131,0,5090908.0
2023-08-07,815,Mực  in 337 Number One,131,0,800000.0
2023-08-07,817,"ổ cứng lắp trong Western Digital 1TB 3.5""Sata, màu xanh (Blue) (WD10EZEX)",131,0,800000.0
2023-08-07,817,Bộ lưu điện  Santak-TG1000,131,0,2000000.0
2023-08-07,817,Bộ nhớ máy vi tính Kingmax 8GB-DDR4-3200,131,0,363636.0
2023-08-07,817,"Thiết bị chuyển mạch TP-Link, TL- SG1024D",131,0,6909091.0
2023-08-07,817,Nguồn Máy Vi Tính CM PC500 Elite V3,131,0,1363636.0
2023-08-07,818,Phần mềm diệt virus Bkav Pro Internet Security Al,131,0,4000000.0
2023-08-07,819,Phần mềm Kaspersky KL1867MUAFS,131,0,580000.0
2023-08-07,814,Bàn phím  Logitech K120,131,0,345454.0
2023-08-07,815,Chuột máy tính  Logitech M331,131,0,309091.0
2023-08-07,814,Chuột máy tính Dell MS116,131,0,236364.0
2023-08-07,820,"Màn hình LCD VIEWSONIC VA1903A / 19""",131,0,1500000.0
2023-08-07,820,Cáp dữ liệu VIDEO HDMI 1.4 truyền âm thanh hình ảnh dài15M Ugreen (10111),131,0,500000.0
2023-08-07,820,Chuột vi tính  Rapoo N100,131,0,818182.0
2023-08-07,820,Chuột vi tính  Rapoo M20,131,0,1136364.0
2023-08-07,820,Ổ đĩa cứng máy tính KingmaxSMQ32 240GB (Sata 3),131,0,3545454.0
2023-08-07,811,Mực T3008,131,0,1090909.0
2023-08-07,814,"Màn hình máy tính Lenovo H20215FE0 - ""E22-28(H20215FE0) 21.5 inch Monitor-HDMI, P/N:62B9MAR4W",131,0,4454546.0
2023-08-07,813,Chuột máy tính Logitech M221,131,0,909091.0
2023-08-07,813,"Máy tính xách tay Asus model B1400CBA - EB0641W 14"" IPS/ I5-1235U/ 8GB/512GB/ Win 11/ LED KB/ PUR",131,0,13636363.0
2023-08-07,812,Mực T3008,131,0,1136364.0
2023-08-07,813,"Ổ CỨNG DI ĐỘNG (HDD)  SEAGATE ONETOUCH 2TB2.5"" USB3.0 - ĐEN (BLACK)(STKY2000400)",131,0,3636364.0
2023-08-08,821,Bộ nhớ máy vi tính Kingmax 8GB-DDR4-3200,131,0,681818.0
2023-08-08,821,ổ cứng gắn trong 240GB SSD Exceria BiCS FLASH 2.5''SATA3 Kioxia,131,0,681818.0
2023-08-09,824,MÀN HÌNH VI TÍNH (LCD) LENOVO ThinkVision  S24e -20 23.8INCH/1920x1080/WLED/VGA/HDMI/ĐEN/3Y(62AEKAR2WW,131,0,2600000.0
2023-08-09,822,Nguồn Jetek Model 400 ELITE V2,131,0,445455.0
2023-08-09,824,Máy tính bàn Lenovo ThinkCentre M70s Gen 3 i3-12100 ( 4.3GHZ) - 8GB RAM - 256GB SSD - Wireless & Bluetooth - None-1Yr; P/n 11TC000QVA,131,0,8445454.0
2023-08-09,823,Hộp mực in Izinet 12A/303/FX9,131,0,290909.0
2023-08-09,823,Mực in 35A Number One,131,0,363636.0
2023-08-09,824,"ổ cứng lắp trong Western Digital 1TB 3.5""Sata, màu xanh (Blue) (WD10EZEX)",131,0,909091.0
2023-08-10,825,Ổ đĩa cứng máy tính KingmaxSA3080 256GB (M.2 Sata 3),131,0,863636.0
2023-08-11,827,Hộp mực  in Izinet 12A/303/FX9,131,0,200000.0
2023-08-11,827,Mực laser đen Brother 2240,131,0,136364.0
2023-08-11,827,Mực  Laser TN - 2385 Brother,131,0,454545.0
2023-08-11,826,BỘ MÁY VI TÍNH CORE  I5/10400 - MAIN ASUS H510 MK / RAM 4GB/ SSD 240GB/CASE EN22/ NGUỒN 350 ELITE / LOA A130,131,0,6990909.0
2023-08-13,828,Giấy nhiệt - Khổ 57x45mm,131,0,1425926.0
2023-08-14,830,Điện thoại có dây Panasonic KXTS500,131,0,350000.0
2023-08-14,830,Bộ máy vi tính bàn,131,0,9140000.0
2023-08-14,830,Máy  In Canon Laser LBP-2900,131,0,3990000.0
2023-08-14,829,Bộ nhớ máy vi tính Kingmax 16GBDDR4-3200 (KM-LD4-3200-16GS),131,0,818182.0
2023-08-14,831,Thiết bị định tuyến TP-Link 2.4GHz/5GHz Archer C50,131,0,918182.0
2023-08-14,829,Bàn phím máy tính  RAPOO V500SE,131,0,545455.0
2023-08-14,829,ổ cứng gắn trong 240GB SSD Exceria BiCS FLASH 2.5''SATA3 Kioxia,131,0,772727.0
2023-08-15,835,Trống từ Brother DR - 2385,131,0,618182.0
2023-08-15,836,"Máy tính xách tay Dell Inspiron 15-3520 (i5-1235U, 8GB, 512GB SSD,15.6"" FHD, UMA, Win11, OfficeHS 21, Đen, P112F007) (N3520-i5U085W11BLU)",131,0,13636364.0
2023-08-15,834,Màn chiếu điện AP96ES,131,0,1990741.0
2023-08-15,833,Bàn phím Logitech K120,131,0,172727.0
2023-08-15,832,Bàn phím có đèn nền màu đen Rapoo V500SE,131,0,500000.0
2023-08-15,832,"Màn hình máy tính Lenovo H20215FE0 - ""E22-28(H20215FE0)21.5 inch Monitor-HDMI, Linecord, 3YRWTYWarrantyCode:3years limited"", P/N:62B9MAR4WW",131,0,2227273.0
2023-08-15,833,Chuột máy tính Dell MS116,131,0,118182.0
2023-08-16,839,MÁY IN ĐA CHỨC NĂNG  Brother MFC-L2701D,131,0,4990909.0
2023-08-16,838,"BỘ NHỚ NGOÀI Sandisk 16G SDCZ50-016G-B35,USB,Cruzer",131,0,300000.0
2023-08-16,840,Dây cáp mạng Golden Link SFTP Cat 6 PlatinumTAIWAN 305m/cuộn (Xanh lá) - TW1104-1,131,0,5272727.0
2023-08-16,837,"Máy tính xách tay Dell Inspiron 15-3520 (i5-1235U, 8GB,512GB SSD,15.6"" FHD, UMA, Win11, OfficeHS 21, Đen,P112F007) (N3520-i5U085W11BLU)",131,0,27272727.0
2023-08-16,838,MÁY IN ĐA NĂNG Brother MFC-L2701D,131,0,4954545.0
2023-08-17,841,"Bộ Vi xử lý Intel Core i3-10105 Processor3.70GHz 6M Cache, Sockets FCLGA1200-BX8070110105",131,0,4818182.0
2023-08-17,841,CHÍP VI XỬ LÝ INTEL PENTIUM G6405 - 4.1GHZ + QUẠT,131,0,1481818.0
2023-08-17,841,Bảng mạch chính của máy vi tính hiệu ASUS PRIMEH510M - K R2.0-CSM-SI,131,0,6750000.0
2023-08-17,841,Bộ nhớ máy vi tính Kingmax 8GBDDR4-3200 (KM-LD4-3200-8GS),131,0,1954545.0
2023-08-19,843,CHUỘT MÁY TÍNH LOGITECH B100,131,0,363636.0
2023-08-19,842,ổ cứng gắn trong 240GB SSD Exceria BiCS FLASH2.5''SATA3 Kioxia,131,0,681818.0
2023-08-20,848,Vỏ thùng máy tính  Jetek EN15,131,0,272727.0
2023-08-20,848,Nguồn Máy Vi Tính CM PC500 Elite V3,131,0,809091.0
2023-08-20,848,Cạc màn hình Asus TUF - GTX1660SO6G-GAMING,131,0,4772727.0
2023-08-20,848,Ổ cứng gắn trong 500GB SSD Exceria NVME Bics FLASH  M.2 PCIE KIOXIA,131,0,1263636.0
2023-08-20,848,Bộ vi xử lý vi tính Intel Core i3 - 13100F (BX8071513100FSRMBV) + Quạt,131,0,3081818.0
2023-08-20,848,Bảng mạch chính của máy vi tính hiệu ASUS PRIMEB760M - K D4,131,0,2445455.0
2023-08-20,849,Máy  In Canon Laser LBP - 2900,131,0,3627273.0
2023-08-20,848,LOA MICROLAB B26 2.0,131,0,218182.0
2023-08-20,848,ổ cứng di động 32GB U301 USB 3.2 Gen 1 Kioxia,131,0,145455.0
2023-08-20,848,Bàn phím  Logitech K120,131,0,163636.0
2023-08-20,850,"Máy tính xách tay Dell Inspiron 14 Plus 7420 Core i7-12700 Ram 16Gb ,SSD 512 ,RTX 3050 14 inch 2,2 kWindows 11",131,0,26818182.0
2023-08-20,851,MÁY IN Brother HL-L2321D,131,0,2636364.0
2023-08-20,852,Trống Mực HP CF232A,131,0,2445455.0
2023-08-20,848,Bộ nhớ máy vi tính Kingmax 16GB-DDR4 / 3200,131,0,836364.0
2023-08-20,848,Chuột máy tính Logitech B100,131,0,81818.0
2023-08-20,853,S015639 Ruy băng máy in kim Epson,131,0,592593.0
2023-08-20,848,MÀN HÌNH VI TÍNH (LCD)  LENOVO ThinkVision S27e -20 27.0 INCH/1920x1080/IPS/WLED/VGA/HDMI/ĐEN(62AFKAR2WW),131,0,3081818.0
2023-08-20,844,"ổ cứng Western SSD 500GB /2.5"" 7mm Sata3 màu xanh_Blue (WDS500G3B0A)",131,0,2636364.0
2023-08-20,847,MỰC IN 83A NUMBER ONE,131,0,345455.0
2023-08-20,846,Phần mềm Kaspersky KL1867MUAFS,131,0,350000.0
2023-08-20,845,"BỘ MÁY VI TÍNH ( KHÔNG MÀN HÌNH )Bo mạch chủ : ASUS PRIME H510M – SK1200 / Bộ nhớ : DDR4 – 8GB / Bộ vi xử lý : INTEL CORE I3-10105 / GPU : INTEL® HD GRAPHICS / Ổ cứng SSD : 512 GB, SATA / Case + Power HV",131,0,7636364.0
2023-08-20,845,"BỘ MÁY VI TÍNH ( KHÔNG MÀN HÌNH )Bo mạch chủ : ASUS PRIME H510M – SK1200 / Bộ nhớ : DDR4 – 8GB / Bộ vi xử lý : INTEL CORE I3-10105 / GPU : INTEL® HD GRAPHICS / Ổ cứng SSD : 256 GB, SATA / Case + Power HV",131,0,14181818.0
2023-08-20,845,MÁY IN CANON LASER LBP 226DW,131,0,6763636.0
2023-08-21,863,Anten Kenwood KRA 26,131,0,4418182.0
2023-08-21,863,MÁY TÍNH ĐỂ BÀN (PC) DELL VOS 3910MT i5 -12400(6*2.5)/8GD4/256SSD/WLn/BT/KB/M/W11SL+OFICEHOMEST/ProSup/ĐEN(9M2DD1),131,0,46636364.0
2023-08-21,863,Bàn phím Logitech K120,131,0,463635.0
2023-08-21,863,Chuột máy tính  Dell MS116,131,0,300000.0
2023-08-21,863,Bình đun nước điện Panasonic NC­K101WRA,131,0,4745455.0
2023-08-21,863,Ổ cắm 4D+6S dây 5mX2,131,0,281818.0
2023-08-21,863,Ổ RULO QT30 ­3 ­15A,131,0,2200000.0
2023-08-21,863,Bộ đàm Kenwood NX 1200D ­ M3,131,0,32045455.0
2023-08-21,862,Lõi UDF OCB 10 Đại Việt,131,0,750000.0
2023-08-21,861,Phần mềm Kaspersky KL1867MUAFS,131,0,4930000.0
2023-08-21,862,Lõi PP có nắp bịt 10 ĐV,131,0,1500000.0
2023-08-21,860,Ổ cứng  Kingmax SSD Sata III 240GB SMV32,131,0,3090909.0
2023-08-21,862,Bình ắc quy 12V­100Ah,131,0,17314815.0
2023-08-21,862,Quạt đứng LV16 - RA CY - GY,131,0,2398148.0
2023-08-21,862,Ghế xoay SG130,131,0,2416667.0
2023-08-21,862,Màng RO membrane 50GPP TORAY,131,0,1296296.0
2023-08-21,862,Lõi OCB 10 Đại Việt,131,0,1500000.0
2023-08-21,863,MÀN HÌNH VI TÍNH (LCD) DELL SE2422H 23.8 INCH/1920x1080@75Hz/VGA/HDMI/LED/ĐEN(60W8F1),131,0,12272727.0
2023-08-21,864,BỘ 6 CỐC THỦY TINH,131,0,155556.0
2023-08-21,859,Bộ máy vi tính,131,0,25000000.0
2023-08-21,864,BỘ ẤM TÍCH BÁT TRÀNG,131,0,3333333.0
2023-08-21,856,Pin Alkaline AA Philips LR6P2B/97,131,0,1111111.0
2023-08-21,858,Mực laser đen Brother 2240,131,0,118182.0
2023-08-21,855,Máy  In Canon Laser LBP - 2900,131,0,3472727.0
2023-08-21,857,Hộp mực 052 Number One,131,0,480000.0
2023-08-22,866,Nguồn Jetek Model 400 ELITE V2,131,0,445455.0
2023-08-22,867,MÁY TÍNH XÁCH TAY (NB) LENOVO V14 G3 IAP i3-1215U/8GD4/256GSSD/14.0FHD/IPS/WL/BT/2C38/NoOS/ĐEN (82TS0060VN),131,0,14909091.0
2023-08-22,868,MÁY TÍNH XÁCH TAY (NB) LENOVO V14 G3 IAP i3-1215U/8GD4/256GSSD/14.0FHD/IPS/WL/BT/2C38/NoOS/ĐEN (82TS0060VN),131,0,73636364.0
2023-08-22,866,"Thiết bị chuyển mạch  TP -Link, TL- SG108",131,0,490909.0
2023-08-22,866,Cạc mạng PCI Gigabit TP -Link - TG - 3468,131,0,209091.0
2023-08-23,870,"Chuột bluetooth Logitech M650L, màu đen(910-006247)",131,0,590909.0
2023-08-23,869,"Màn hình máy tính Lenovo H20215FE0 -"" E22-28 (H20215FE0) 21.5 inch Monitor-HDMI, P/N:62B9MAR4W",131,0,2172727.0
2023-08-24,877,Máy quét CANON DR F - 120,131,0,8900000.0
2023-08-24,874,Máy in laser Brother HL-L2366DW,131,0,3718182.0
2023-08-24,871,Máy in laser đen trắng HP LJ Pro MFP 4103fdw­ Printer _ 2Z629A,131,0,10772727.0
2023-08-24,871,Ổ cứng gắn ngoài Samsung SSD T7 Portable 1TB Blue (MU-PC1T0H/WW),131,0,2718182.0
2023-08-24,876,Mực T3008,131,0,1136364.0
2023-08-24,876,Nhông sấy máy photo,131,0,590909.0
2023-08-24,873,Mực Laser đen Premium,131,0,363636.0
2023-08-24,873,Mực nạp đổ XP12 - 140,131,0,2290909.0
2023-08-24,873,Mực Laser đen Premium,131,0,363636.0
2023-08-24,872,Máy quét  CANON DR F - 120,131,0,9272727.0
2023-08-24,875,Máy in HP 4103FDN (2Z628A),131,0,7718182.0
2023-08-24,875,Cáp dữ liệu VIDEO HDMI 1.4 truyền âm thanh hình ảnh dài3M Ugreen (10108),131,0,100000.0
2023-08-24,873,Mực nạp đổ XP12 - 140,131,0,763637.0
2023-08-25,878,Bàn phím Rapoo Keyboard NK2500,131,0,109091.0
2023-08-25,878,Chuột vi tính có dây Rapoo N100,131,0,45455.0
2023-08-25,878,MÀN HÌNH VI TÍNH (LCD)  DELL SE2422H23.8 INCH/1920x1080@75Hz/VGA/HDMI/LED/ĐEN(60W8F1),131,0,3363636.0
2023-08-25,878,"Ổ CỨNG DI ĐỘNG (USB) Lexar JumpDrive S60 USB2.0, 64GB(LJDS060064G-BNBNG)",131,0,481818.0
2023-08-25,878,Bộ vi xử  lý Intel Core i3-10105,131,0,2445455.0
2023-08-25,878,Ổ cứng  Kingmax SSD Sata III 240GB SMV32,131,0,363636.0
2023-08-25,878,"Bộ nhớ ngoài  Sandisk 32G SDCZ50-032/B35,USB,Cruzer",131,0,500000.0
2023-08-25,878,Vỏ thùng máy tính Jetek Squid Game R3 Black,131,0,654546.0
2023-08-25,878,Nguồn Jetek Model 350 ELITE V2,131,0,372727.0
2023-08-25,880,Máy  In Canon Laser LBP-2900,131,0,3627273.0
2023-08-25,879,Máy in hóa đơn XP - T80L,131,0,818182.0
2023-08-25,879,LOA SOUNDMAX A120 /2.0,131,0,163636.0
2023-08-25,879,Màn hình LCD Samsung S22F350,131,0,2136364.0
2023-08-25,879,"Thiết bị thu phát vô tuyến  TP-Link,TL - WN722N",131,0,163636.0
2023-08-25,878,Bảng mạch chính Asus Prime H510MK,131,0,1463636.0
2023-08-25,878,Bộ nhớ máy tính  Kingmax 8GB/ DDR4-3200,131,0,418182.0
2023-08-27,881,Máy in đa năng Brother DCP- T226,131,0,3445455.0
2023-08-27,882,Chuột máy tính Dell MS116,131,0,118181.0
2023-08-27,882,"Màn hình LCD VIEWSONIC VX3276-MHD-2 / 31.5""",131,0,13336364.0
2023-08-27,882,Máy tính bàn Lenovo ThinkCentre M70s Gen 3 i5-12400(4.4GHZ)- 8GB RAM - 512 SSD - Wireless & Bluetooth - None -1Yr; P/n11TC000TVA,131,0,23027273.0
2023-08-27,881,Chip xử lý Intel I5 -10400,131,0,5645454.0
2023-08-27,881,Nguồn Jetek Y600T,131,0,736362.0
2023-08-27,881,Card VGA hiệu Asus GT730 - SL - 2GD5 BRK,131,0,2345455.0
2023-08-27,881,Bộ nhớ trong máy tính KingSton 16G D4 - 3200S22 (KVR32S22S8/16),131,0,1945455.0
2023-08-27,881,Bàn phím Dell KB216,131,0,545455.0
2023-08-27,881,Vỏ thùng máy tính Jetek EN22,131,0,545455.0
2023-08-27,881,Ổ cứng gắn trong 240GB SSD Kioxia,131,0,2181818.0
2023-08-27,883,Thiết bị thu phát vô tuyến Reyee RG - EG105GW(T),131,0,2000000.0
2023-08-27,883,Thiết bị thu phát vô tuyến RG - EW1200G Pro,131,0,6045455.0
2023-08-28,884,Hộp mực  in Izinet 12A/303/FX9,131,0,181818.0
2023-08-28,885,"Camera kỹ thuật số có chức năng ghi hiệu EZVIZ mãCS-C1C(1080P,H.265) - Hỗ trợ thẻ nhớ trong",131,0,395455.0
2023-08-28,886,Bàn phím Dell Multimedia KB216,131,0,200000.0
2023-08-28,887,Máy chiếu đa năng ViewSonic LS500WHE,131,0,15172727.0
2023-08-28,887,Cáp dữ liệu VIDEO HDMI 1.4 truyền âm thanh hình ảnh dài5M Ugreen (10109),131,0,245455.0
2023-08-28,888,Màn chiếu chân P70TS,131,0,972222.0
2023-08-28,884,CHUỘT VI TÍNH (MOUSE) LOGITECH M221WIRELESS /OPTICAL/ĐEN,131,0,227273.0
2023-08-29,891,Mực nạp đổ XP12 - 140,131,0,163636.0
2023-08-29,889,Loa hội nghị Jabra Speak 510 MS,131,0,3618182.0
2023-08-29,890,"Máy tính xách tay Lenovo V15 G4 IRU - Intel Core i3-1315U (4.50GHz) - 8GB RAM - 512GB SSD - WF+BL - 15.6FHD 60Hz - NOS- 2YR Premium NBD,P/n 83A10007VN",131,0,10000000.0
2023-08-29,893,"Máy tính xách tay Lenovo V15 G4 IRU - Intel Core i3-1315U(4.50GHz) - 8GB RAM - 512GB SSD - WF+BL - 15.6FHD60Hz - NOS- 2YR Premium NBD,P/n 83A10007VN",131,0,9454545.0
2023-08-29,892,MÁY TÍNH XÁCH TAY (NB) LENOVO V14 G3 IAP i3 - 1215U/8GD4/256GSSD/14.0FHD/IPS/WL/BT/2C38/NoOS/ĐEN (82TS0060VN),131,0,7545455.0
2023-08-29,893,MÁY TÍNH XÁCH TAY (NB) LENOVO V14 G3 IAP i3 -1215U/8GD4/256GSSD/14.0FHD/IPS/WL/BT/2C38/NoOS/ĐEN (82TS0060VN),131,0,15090910.0
2023-08-29,892,4K0Z7PA : Máy tính xách tay HP 14s- fq1080AU -AMD Ryzen3 5300U / 4GB DDR4-3200/ SSD 256GB /RadeonVegaGraphics/ 14” HD/ Windows 11 Home/NaturalSilver,131,0,6954545.0
2023-08-29,894,"Máy tính xách tay Dell Inspiron 15 /3520 (i5-1235U, 8GB, 512GB SSD,15.6"" FHD, UMA, Win11, OfficeHS 21, Đen, P112F007) (N3520-i5U085W11BLU)",131,0,15900000.0
2023-08-29,895,Hộp mực in Izinet 12A/303/FX9,131,0,609091.0
2023-08-30,897,Mực nạp đổ XP12 - 140,131,0,245455.0
2023-08-30,898,"Thiết bị thu phát vô tuyến TP-Link,TL - WN823N",131,0,327273.0
2023-08-30,898,"Ổ CỨNG DI ĐỘNG (USB)  Lexar JumpDrive S60 USB2.0, 64GB",131,0,190909.0
2023-08-30,898,Loa SoundMax A130/2.0,131,0,718182.0
2023-08-30,898,Màn hình LCD VIEWSONIC VA1903A / 19'',131,0,1500000.0
2023-08-30,898,Tai nghe SoundMax AH315,131,0,627273.0
2023-08-30,898,ổ cứng gắn trong 480GB SSD Exceria BiCS FLASH 2.5''SATA3 Kioxia,131,0,2509090.0
2023-08-30,898,"Thiết bị thu phát vô tuyếnTP-Link,TL - WN725N",131,0,590909.0
2023-08-30,899,CHUỘT VI TÍNH (MOUSE)  LOGITECH PEBBLEM350/WIRELESS/BLUETOOTH/ĐEN(GRAPHITE)(910-005602),131,0,363636.0
2023-08-30,899,Bàn phím Logitech K120,131,0,127273.0
2023-08-30,899,Máy In Canon Laser LBP - 2900,131,0,3545455.0
2023-08-30,898,"Ổ cứng máy tính SSD Western WDS240G2G0A, 240GB",131,0,3545455.0
2023-08-30,896,"Ổ CỨNG DI ĐỘNG (HDD) SEAGATE EXPANSIONPORTABLE  1TB 2.5"" USB 3.0 (STKM1000400)",131,0,1290909.0
2023-08-30,900,Bộ lưu điện  Santak - TG500,131,0,4072727.0
2023-08-30,902,Bàn phím  Dell Multimedia KB216,131,0,172727.0
2023-08-30,903,Máy in Brother HL - L2321D,131,0,46363636.0
2023-08-30,901,ổ cứng gắn trong 480GB SSD Exceria BiCS FLASH 2.5''SATA3 Kioxia,131,0,2909091.0
2023-08-30,903,ổ cứng gắn trong 240GB SSD Exceria BiCS FLASH2.5''SATA3 Kioxia,131,0,4963636.0
2023-08-30,903,Máy in hóa đơn XP - T80L,131,0,8181818.0
2023-08-30,903,MÁY IN ĐA CHỨC NĂNG Brother MFC - L2701D,131,0,9454546.0
2023-08-30,903,"Máy tính xách tay Lenovo Thinkpad E15 Gen 4- i5-1235U (4.4G) - 8Gb RAM -512GB SSD -WF+BL, Fingerprint-15,6'' FHD-Dos -2Yrs, P/N 21E600CFVA",131,0,29818182.0
2023-08-30,903,"Máy tính xách tay Lenovo V14 G4 IRU - Intel Core i7-1355U (5.00GHz) - 8GB RAM - 512GB SSD - WF+BL - 14"" FHD -NOS -2YR Premium NBD,P/n 83A0000NVN",131,0,14909091.0
2023-08-30,903,Bảng mạch chính Asus Prime H510 MK,131,0,4090909.0
2023-08-30,903,MÁY TÍNH XÁCH TAY (NB) LENOVO V14 G3 IAP i3-1215U/8GD4/256GSSD/14.0FHD/IPS/WL/BT/2C38/NoOS/ĐEN (82TS0060VN),131,0,22636364.0
2023-08-30,903,MÀN HÌNH LCD 23.8 Inch LENOVO THINKVISION S24e - 20 (62AEKAR2WW),131,0,15272727.0
2023-08-30,903,"Màn hình máy tính Lenovo H20215FE0 - "" E22 - 28(H20215FE0)21.5 inch Monitor-HDMI, Linecord, 3YRWTYWarrantyCode:3years limited"", P/N:62B9MAR4W",131,0,19090909.0
2023-08-30,903,Bộ nhớ máy tính xách tay Kingmax 8GB DDR4-3200,131,0,2836364.0
2023-08-30,903,"Ổ CỨNG DI ĐỘNG (HDD) SEAGATE EXPANSION PORTABLE 1TB 2.5"" USB 3.0",131,0,5909091.0
2023-08-30,903,"Máy tính xách tay Lenovo V15 G4 IRU - Intel Corei3-1315U(4.50GHz) - 8GB RAM - 512GB SSD - WF+BL -15.6FHD60Hz - NOS- 2YR Premium NBD,P/n : 83A10007VN",131,0,28363636.0
2023-08-30,903,"Ổ cứng máy tính SSD Western WDS240G2G0A, 240G",131,0,3000000.0
2023-08-31,904,Chuột máy tính  Logitech B100,131,0,272727.0
2023-08-31,904,Chuột vi tính  Rapoo M20,131,0,545455.0
2023-08-31,904,"Ổ CỨNG DI ĐỘNG (USB) Lexar JumpDrive S60 USB2.0, 64GB",131,0,250000.0
2023-09-03,906,"Thiết bị chuyển mạch TP -Link, TL- SG1008D",131,0,172727.0
2023-09-03,906,"Màn hình vi tính Dell LCD E2216Hv  21.5"" WHD",131,0,2681818.0
2023-09-03,905,Cáp dữ liệu VIDEO HDMI 1.4 truyền âm thanh hình ảnh dài10M Ugreen (10110),131,0,381818.0
2023-09-03,906,"Thiết bị đầu cuối GSM/W-CDMA FDD 2.4GHz TP- Link, M7000",131,0,736364.0
2023-09-04,908,"Thiết bị thu phát vô tuyến TP-Link 150M, TL - WN722N",131,0,681818.0
2023-09-04,908,Camera quan sát CS - H8C (1080P),131,0,1600000.0
2023-09-04,908,"Máy tính xách tay Lenovo V14 G4 IRU - Intel Core i7-1355U (5.00GHz) - 8GB RAM - 512GB SSD - WF+BL - 14"" FHD - NOS -2YR Premium NBD,P/n 83A0000NVN",131,0,14909091.0
2023-09-04,911,Phí dịch vụ tháng 08 /2023 theo hợp đồng số 64/2015/HĐ_NetViet ký ngày 26/10/2015,131,0,101852.0
2023-09-04,910,MÁY TÍNHXÁCHTAY (NB) DELL VOS15 3520 i5-1235U/8GD4/512SSD/15.6FHD/120Hz/3C41WHr/W11SL+OFFICEHOME_ST/ProSup/XÁM(5M2TT2),131,0,14990909.0
2023-09-04,909,Bộ máy vi tính,131,0,16618182.0
2023-09-04,907,ổ cứng gắn trong 250GB SSD Exceria NVMe BiCS FLASHM.2 PCIe Kioxia,131,0,636364.0
2023-09-05,913,ổ cứng gắn ngoài 1TB SSD ESD310S USB 10Gbps TypeC/A Transcend,131,0,1681818.0
2023-09-05,914,ĐẦU ĐỌC MÃ VẠCH OD7200,131,0,1263636.0
2023-09-05,915,Máy in  Canon Laser LBP-2900,131,0,3590909.0
2023-09-05,912,Ổ CỨNG VI TÍNH ( SSD)  Lexar  SSDNS100 256GBSata III 6Gbs ( LNS100-256RB) (LNS100-256RB),131,0,26818182.0
2023-09-05,914,"Ổ CỨNG DI ĐỘNG (HDD) SEAGATE EXPANSIONPORTABLE 1TB 2.5""  USB 3.0 (STKM1000400)",131,0,1327273.0
2023-09-05,916,"Máy tính xách tay Lenovo S14 G3 IAP CLOUD_GREY/14"" FHD/I3-1215U/8Gb/256Gb/UHD/Fingerprint/No Office/No OS",131,0,10181818.0
2023-09-06,922,Loa SoundMax R-200/1.0,131,0,272727.0
2023-09-06,922,Tai nghe SoundMax AH315,131,0,400000.0
2023-09-06,922,Bàn phím Rapoo NK2500,131,0,227273.0
2023-09-06,922,"Thiết bị đầu cuối GSM/W-CDMA FDD 2.4GHz TP-Link, M7000",131,0,736364.0
2023-09-06,917,"ổ cứng lắp trong Western Digital 1TB 3.5""Sata, màu xanh (Blue) (WD10EZEX)",131,0,772727.0
2023-09-06,921,Máy in Brother HL - L2321D,131,0,2636364.0
2023-09-06,923,Bàn phím Rapoo NK2500,131,0,272727.0
2023-09-06,923,Chuột máy tính Rapoo N100,131,0,290909.0
2023-09-06,923,Máy đọc mã vạch WNI - 6710G,131,0,1045455.0
2023-09-06,920,ổ cứng di động 128GB U301 USB 3.2 Gen 1 Kioxia - Trắng,131,0,772727.0
2023-09-06,923,"ổ cứng lắp trong Western Digital 1TB 3.5""Sata, màu xanh (Blue) (WD10EZEX)",131,0,909091.0
2023-09-06,923,Nguồn Máy Vi Tính CM PC500 Elite V3,131,0,654545.0
2023-09-06,924,"Thiết bị đầu cuối  GSM/W-CDMA FDD 2.4GHz TP - Link, M7350",131,0,1300000.0
2023-09-06,918,Thiết bị định tuyến 2G/3G/4G băng tần 2.4 GHzTP-LINK _TL - MR100,131,0,854545.0
2023-09-06,918,Chuột vi tính Rapoo M20,131,0,145455.0
2023-09-06,919,Máy In Canon Laser LBP - 2900,131,0,3727273.0
2023-09-06,920,"Máy tính xách tay Lenovo ThinkPad E15 Gen 4 - I5-1235U (4.4G) -8Gb RAM - 256GB SSD - WF+BL, Fingerprint - 15.6' FHD - Dos -2Yrs,P/N:21E600CGVA",131,0,14454545.0
2023-09-06,920,Thiết bị định tuyến 2G/3G/4G băng tần 2.4 GHzTP-LINK _TL - MR100,131,0,1727273.0
2023-09-06,923,Bộ nhớ máy tính  Kingmax 8GB DDR4 - 3200,131,0,390909.0
2023-09-07,929,Hộp mực 057 Number One,131,0,590909.0
2023-09-07,930,ổ cứng di động 32GB U202 USB 2.0 Kioxia - Trắng,131,0,1181818.0
2023-09-07,928,Cạc mạng PCI Gigabit TP -Link - TG - 3468,131,0,209091.0
2023-09-07,928,Nguồn Jetek Model 400 ELITE V2,131,0,445454.0
2023-09-07,929,Hộp mực  in Izinet 12A/303/FX9,131,0,245455.0
2023-09-07,927,Bộ máy vi tính,131,0,19436364.0
2023-09-07,927,"MÁY IN LASER ĐƠN NĂNG TRẮNG ĐEN - CANON ,PRINTER I-SENSYS LBP 236DW",131,0,4990909.0
2023-09-07,925,"MÁY IN LASER ĐƠN NĂNG TRẮNG ĐEN - CANON ,PRINTER I-SENSYS   LBP 236DW",131,0,4990909.0
2023-09-07,926,Đầu ghi hình DS - 7616NI - K1,131,0,1545455.0
2023-09-08,931,Trống từ  Brother  DR - 2385,131,0,618182.0
2023-09-08,933,Card VGA ASUS GT 710 - SL -2GD5-BRK,131,0,1227273.0
2023-09-08,932,Tai nghe SoundMax AH314,131,0,400000.0
2023-09-08,931,Mực Laser TN - 2385 Brother,131,0,500000.0
2023-09-08,932,LOA SOUNDMAX A827 / 2.1,131,0,472727.0
2023-09-08,932,"Máy tính xách tay Lenovo V14 G4 IRU - Intel Core i7 - 1355U (5.00GHz) - 8GB RAM - 512GB SSD - WF+BL - 14"" FHD -NOS -2YR Premium NBD, P/n 83A0000NVN",131,0,14909091.0
2023-09-09,934,Bàn phím máy tính Rapoo V500SE,131,0,481818.0
2023-09-09,934,Chuột máy tính  Logitech M185,131,0,181818.0
2023-09-09,934,Nguồn Jetek Model 400 ELITE V2,131,0,436364.0
2023-09-10,937,"Thiết bị thu phát vô tuyến  TP-Link 2.4Ghz, Archer T2U",131,0,290909.0
2023-09-10,936,Máy In Canon Laser LBP-2900,131,0,6945455.0
2023-09-10,935,Máy in Brother HL - L2321D,131,0,2454545.0
2023-09-10,939,"Máy tính để bàn Dell Inspiron 3910 STI56020W1 - 8G -512GIntel Core i5-12400 processor (6-Core, 18M Cache, 2.5GHz to4.4GHz), 1x8GB, DDR4,3200MHz, 512GB M.2 PCIe NVMeSSD, Intel(R) UHD Graphics 730,Không ổ đĩa, Chuột, BànPhím",131,0,14263636.0
2023-09-10,935,Máy tính bàn Lenovo ThinkCentre M70s Gen 3 i5 - 12400 (4.4GHZ)- 8GB RAM - 512 SSD - Wireless & Bluetooth - None -1Yr; P/n11TC000TVA,131,0,10454545.0
2023-09-10,935,Thiết bị truyền ảnh  Webcam Logitech C270,131,0,690910.0
2023-09-10,938,Máy in Canon Laser LBP-2900,131,0,3590909.0
2023-09-10,935,LOA SOUNDMAX A2129 / 2.1,131,0,1363636.0
2023-09-11,941,Ổ cứng SSD 250G KIOXIA GEN3X4 NVMe (LRC10Z250GG8),131,0,1418182.0
2023-09-11,941,Ổ CỨNG VI TÍNH ( SSD) Lexar SSDNS100 256GBSata III6Gbs ( LNS100-256RB) (LNS100-256RB),131,0,2454546.0
2023-09-11,941,Bàn phím RAPOO V500L,131,0,1218182.0
2023-09-11,941,BỘ TẢN NHIỆT NƯỚC ID-COOLINGZOOMFLOW 240-XT ELITE SNOW,131,0,1363636.0
2023-09-11,941,Bộ nhớ trong ram 16GB/3200 KINGMAX,131,0,2427273.0
2023-09-11,941,"Màn hình máy tính LCD 27"" LENOVO S27E-20 62AFKAR2WW",131,0,2890909.0
2023-09-11,941,Nguồn Máy Vi Tính CM PC600 Elite V3,131,0,900000.0
2023-09-11,940,Hộp mực  in Izinet 12A/303/FX9,131,0,181818.0
2023-09-11,942,MÁY IN Brother HL-L2321D,131,0,2636364.0
2023-09-11,940,Máy  in Brother HL - L2321D,131,0,2545455.0
2023-09-12,946,Mực in  Brother BT5000Y,131,0,136364.0
2023-09-12,945,"Ổ cứng gắn trong 240GB SSD Exceria BiCSFLASH2.5""SATA3 kioxia",131,0,545455.0
2023-09-12,945,Bàn phím Dell Multimedia KB216,131,0,272727.0
2023-09-12,945,Chuột máy tính Logitech M221,131,0,200000.0
2023-09-12,944,MÀN HÌNH LCD 23.8 Inch LENOVO THINKVISIONS24e-20 (62AEKAR2WW),131,0,6818181.0
2023-09-12,944,CPU MÁY TÍNH,131,0,9072728.0
2023-09-12,943,Máy in đa năng Brother DCP-T226,131,0,3354545.0
2023-09-12,943,Cáp dữ liệu VIDEO HDMI 1.4 truyền âm thanh hình ảnh dài10M Ugreen (10110),131,0,381818.0
2023-09-12,943,Cáp dữ liệu VIDEO VGA truyền hình ảnh dài 15m  màu đenUgreen (11634),131,0,445455.0
2023-09-12,943,Mực Laser TN - 2385 Brother,131,0,454545.0
2023-09-12,943,Chuột máy tính Logitech M331,131,0,518182.0
2023-09-12,943,Bàn phím Dell Multimedia KB216,131,0,300000.0
2023-09-13,947,Bộ nhớ trong máy tính xách tay 8GB/3200 Kingmax,131,0,1890909.0
2023-09-13,947,Bộ nhớ trong ram 8GB/3200 KINGMAX ZERUS,131,0,2618182.0
2023-09-13,947,Ổ cứng máy tính 1tb WD BLUE,131,0,3236364.0
2023-09-13,947,Bảng mạch chính ASUS PRIME H510M-k,131,0,3000000.0
2023-09-13,948,MÁY IN Canon Laser LBP-2900,131,0,3590909.0
2023-09-13,947,Bộ vi xử lý vi tính Intel Core I5-10400 + Quạt,131,0,3181818.0
2023-09-14,949,Bộ nhớ trong ram 8GB/3200 KINGMAX,131,0,454545.0
2023-09-14,954,Tivi SamsungUA75BU8000,131,0,27136364.0
2023-09-14,951,Màn chiếu chân P84TS,131,0,1203704.0
2023-09-14,952,Cáp dữ liệu VIDEO HDMI 1.4 truyền âm thanh hình ảnh dài10M Ugreen (10110),131,0,381818.0
2023-09-14,952,Máy chiếu đa năng ViewSonic LS500WHE,131,0,15172727.0
2023-09-14,953,MÁY IN ĐA NĂNG Brother MFC-L2701D,131,0,5000000.0
2023-09-14,950,Máy chấm công bằng dấu vân tay DG600BID,131,0,3046296.0
2023-09-15,955,"Hộp mực (cartridge) đã có mực in dùng cho máy inlaser, loại 2612A/C-P303/FX9/FX10, hiệu LPT",131,0,172727.0
2023-09-16,957,Bộ nhớ trong Ram 4GB/2666 Kingmax,131,0,409091.0
2023-09-16,957,MÁY TÍNH ĐỂ BÀN (PC) LENOVO ThinkCentre neo50s Gen 3 i5 - 12400 (6*2.5)/4GD4/256GSSD/WL/BT/KB/M/NoOS/ĐEN(11T000AXVA),131,0,10127273.0
2023-09-16,956,"Thiết bị đầu cuối GSM/W-CDMA FDD 2.4GHz TP-Link, M7350",131,0,3681819.0
2023-09-16,957,"Màn hình máy tính Lenovo H20215FE0 - "" E22 - 28 (H20215FE0)21.5 inch Monitor-HDMI, Linecord, P/N:62B9MAR4WW",131,0,2172727.0
2023-09-16,956,Bàn phím Dell Multimedia KB 216,131,0,1363636.0
2023-09-16,956,Camera quan sát CS - H8C (1080P),131,0,3409091.0
2023-09-16,956,Máy  in Brother DCP - B7535DW,131,0,4727272.0
2023-09-16,958,"Ổ cứng SSD Western loại WDS500G3B0A,500GB",131,0,981818.0
2023-09-16,956,Chuột máy tính  Dell MS116,131,0,818182.0
2023-09-17,961,Chuột Logitech G402 Hyperion Fury (910-004070),131,0,909091.0
2023-09-17,959,Máy Scan HP 2000S2 (6FW06A),131,0,6681818.0
2023-09-17,968,Mực in 337 Number One,131,0,1200000.0
2023-09-17,969,"MÀN HÌNH 27"" LENOVO S27E-20 62AFKAR2WW",131,0,3281818.0
2023-09-17,961,"Bút trình chiếu hiệu Rapoo mới 100%. WirelessPrensenter BLACK, XR200",131,0,363636.0
2023-09-17,967,ĐẦU GHI HÌNH KTS 4 KÊNH KX-7104AI,131,0,1622727.0
2023-09-17,960,Thiết bị chuyển mạch TP -LINK 5port _ TL - SG1005D,131,0,381818.0
2023-09-17,962,"Ổ CỨNG DI ĐỘNG (HDD) SEAGATE EXPANSIONPORTABLE 2TB 2.5""  USB 3.0 (STKM2000400)",131,0,1772727.0
2023-09-17,963,MÁY TÍNH XÁCH TAY (NB) HP Pavilion 15 - eg2084TUi5-1240P/8GD4/256GSSD/15.6FHD/WLax/BT5/3C41WHr/ALUp/W11SL/VÀNG(7C0Q6PA),131,0,15627273.0
2023-09-17,963,Chuột vi tính Rapoo M20,131,0,145454.0
2023-09-17,964,Phần mềm Kaspersky KL1867MUAFS,131,0,300000.0
2023-09-17,960,"Máy tính xách tay Lenovo ThinkBook 14 G4 IAP-I3-1215U(1.2G)-8GB RAM-256GB SSD-WF+BL,Fingerprint-14""FHD- DOS - 2Yr; P/N 21DH00B0VN",131,0,12181818.0
2023-09-17,966,MÁY TÍNH ĐỂ BÀN (PC) LENOVO ThinkCentre neo50s Gen 3 i5 - 12400(6*2.5)/4GD4/256GSSD/WL/BT/KB/M/NoOS/ĐEN(11T000AXVA),131,0,10454545.0
2023-09-17,965,Đầu bấm dây cáp mạng Ensoho EN - RJ45C6 RJ - 45cat6,131,0,200000.0
2023-09-17,966,MÀN HÌNH VI TÍNH (LCD) LENOVO ThinkVision S24e -20-23.8 INCH/1920x1080/WLED/VGA/HDMI/ĐEN (62AEKAR2WW),131,0,2727273.0
2023-09-17,965,Tủ Rack 6UD400,131,0,1636364.0
2023-09-17,965,"Thiết bị chuyển mạch TP-Link, TL - SG1024D",131,0,4772727.0
2023-09-17,965,"Thanh phân phối cổng mạng cat 6, 24 Port, loại 1402-04011, hiệu Dintek",131,0,5154546.0
2023-09-17,965,"Bộ định tuyến  Tp-Link 2.4GHz 450M,TL- WR941HP",131,0,2454545.0
2023-09-17,965,"Thiết bị định tuyến có thu phát vô tuyến TP-Link ,2.4/5 GHz, Archer C58HP",131,0,3272727.0
2023-09-18,970,Mực in 308 Number One,131,0,409091.0
2023-09-18,971,Chuột vi tính Rapoo M20,131,0,218182.0
2023-09-18,972,"ổ cứng gắn ngoài 2TB Slim StoreJet 2.5"" M3S Transcend",131,0,2409091.0
2023-09-18,973,Trống từ BROTHER  DR - 2385,131,0,1618182.0
2023-09-18,973,MỰC LASER ĐEN BROTHER 2240,131,0,250000.0
2023-09-18,974,"Laptop Lenovo V15 G3 82TT00N9VN - I5 /1235U 8Gb/ SSD512GB/ Intel Iris Xe/15.6"" FHD Win11/ Xám",131,0,40000000.0
2023-09-18,975,4K0Z7PA : Máy tính xách tay HP 14s- fq1080AU -AMD Ryzen3 5300U / 4GB DDR4-3200/ SSD 256GB /RadeonVegaGraphics/ 14” HD/ Windows 11 Home/Natural Silver,131,0,13909091.0
2023-09-18,976,Nguồn Jetek Model 400 ELITE V2,131,0,363636.0
2023-09-18,977,Cáp dữ liệu VIDEO HDMI 1.4 truyền âm thanh hình ảnh dài5M Ugreen (10109),131,0,245455.0
2023-09-18,977,Chuột máy tính Logitech M187,131,0,254545.0
2023-09-18,976,"Ổ CỨNG DI ĐỘNG (HDD) SEAGATE EXPANSIONPORTABLE 1TB 2.5"" USB 3.0 (STKM1000400)",131,0,1181818.0
2023-09-19,981,ổ cứng di động 32GB U301 USB 3.2 Gen 1 Kioxia - Trắng,131,0,245455.0
2023-09-19,981,Vỏ thùng máy tính Jetek EN15,131,0,681819.0
2023-09-19,981,"Ổ cứng máy tính SSD Western WDS240G2G0A, 240GB",131,0,3545455.0
2023-09-19,981,ổ cứng gắn trong 480GB SSD Exceria BiCS FLASH2.5''SATA3 Kioxia,131,0,2509089.0
2023-09-19,981,"Thiết bị thu phát vô tuyến TP -Link, TL - WN822N",131,0,654545.0
2023-09-19,981,Chuột vi tính Rapoo M20,131,0,568182.0
2023-09-19,981,Bàn phím Rapoo NK2500,131,0,1136364.0
2023-09-19,981,Chuột vi tính Rapoo N100,131,0,454545.0
2023-09-19,981,Nguồn Jetek Model 350 ELITE V2,131,0,327273.0
2023-09-19,982,Chuột máy tính Dell MS116,131,0,500000.0
2023-09-19,980,Máy  In Canon Laser LBP - 2900,131,0,3818182.0
2023-09-19,982,Chuột vi tính  Rapoo M22,131,0,381818.0
2023-09-19,979,Bộ nhớ trong  Kingston 4GD4 / 2666,131,0,363636.0
2023-09-19,983,Máy in Brother HL - L2321D,131,0,2636364.0
2023-09-19,984,Camera quan sát DS-2CE16D0T - LFS,131,0,936363.0
2023-09-19,984,Camera quan sát DS-2CE76D0T - LMFS,131,0,3745456.0
2023-09-19,984,Nguồn 12V 1A ADS-12FG-12N,131,0,545455.0
2023-09-19,984,"Cáp mạng Cat 5e UTP , Hiệu Aptek",131,0,3290908.0
2023-09-19,984,"Đầu ghi hình KTS 4 kênh (DH - XVR 1B04 - I),",131,0,890909.0
2023-09-19,981,Nguồn máy tính  Jetek mini A200m,131,0,581818.0
2023-09-19,984,Ổ cứng máy tính,131,0,590909.0
2023-09-19,978,MÁY TÍNH XÁCH TAY (NB) LENOVO V14 G3 IAP i3 -1215U/8GD4/256GSSD/14.0FHD/IPS/WL/BT/2C38/NoOS/ĐEN (82TS0060VN),131,0,73636364.0
2023-09-19,979,ổ cứng gắn trong 480GB SSD Exceria BiCS FLASH 2.5''SATA3 Kioxia,131,0,1000000.0
2023-09-19,985,"ổ cứng lắp trong Western Digital 2TB 3.5""Sata 3,màu xanh (Blue)(WD20EZBX)",131,0,1136364.0
2023-09-20,988,Phần mềm Win Pro 11 64Bit Eng Intl 1pk DSP OEIDVD (FQC-10528),131,0,2850000.0
2023-09-20,987,Máy  in Brother HL - L2321D,131,0,2636364.0
2023-09-20,993,Màn chiếu chân P70TS,131,0,1157407.0
2023-09-20,995,Máy  In Canon Laser LBP-2900,131,0,3345455.0
2023-09-20,995,Bộ máy vi tính,131,0,8763636.0
2023-09-20,996,ổ cứng gắn trong 240GB SSD Exceria BiCS FLASH 2.5''SATA3 Kioxia,131,0,618182.0
2023-09-20,997,Chuột vi tính Rapoo N100,131,0,45454.0
2023-09-20,997,Bàn phím Rapoo NK2500,131,0,118182.0
2023-09-20,987,CPU MÁY TÍNH,131,0,6445454.0
2023-09-20,987,"Màn hình máy tính Lenovo H20215FE0 - "" E22-28 (H20215FE0)21.5 inch Monitor-HDMI, Linecord, P/N:62B9MAR4WW",131,0,2172727.0
2023-09-20,986,Mực nạp đổ XP12 - 140,131,0,409091.0
2023-09-20,989,MÀN HÌNH VI TÍNH (LCD)  LENOVO ThinkVision S24e -2023.8 INCH/1920x1080/WLED/VGA/HDMI/ĐEN/3Y(62AEKAR2WW),131,0,12272727.0
2023-09-20,989,"Màn hình máy tính Lenovo H20215FE0 - "" E22-28 (H20215FE0)21.5 inch Monitor-HDMI, Linecord, 3YR WTYWarrantyCode:3years limited"", P/N:62B9MAR4WW",131,0,10590909.0
2023-09-20,992,Máy chiếu Panasonic PT-LB306,131,0,13227273.0
2023-09-20,994,Chuột máy tính  Logitech B100,131,0,81818.0
2023-09-20,994,Bàn phím  Logitech K120,131,0,163636.0
2023-09-20,994,Vỏ thùng máy tính JETEK X917,131,0,354546.0
2023-09-20,994,Cạc màn hình Asus GT730-SL-2GD5- BRK,131,0,1354545.0
2023-09-20,994,ổ cứng gắn trong 240GB SSD Exceria BiCS FLASH 2.5''SATA3 Kioxia,131,0,627273.0
2023-09-20,994,Bộ nhớ máy vi tính Kingmax 8GBDDR4-3200 (KM-LD4-3200-8GS),131,0,563636.0
2023-09-20,994,Bộ vi xử lý vi tính Intel Corei3-10105F (BX8070110105FSRH8V)+ Quạt,131,0,1718182.0
2023-09-20,994,Bảng mạch chính của máy vi tính hiệu ASUS PRIMEH510M - K R2.0-CSM-SI,131,0,1536364.0
2023-09-20,994,"Màn hình máy tính Lenovo H20215FE0 - "" E22-28 (H20215FE0) 21.5 inch Monitor-HDMI"", P/N:62B9MAR4WW",131,0,2200000.0
2023-09-20,991,Thiết bị định tuyến 2G/3G/4G băng tần 2.4 GHzTP-LINK_TL-MR100,131,0,1909091.0
2023-09-20,994,Nguồn Jetek Model J450,131,0,627273.0
2023-09-20,990,Loa SoundMax A130/2.0,131,0,290909.0
2023-09-20,989,Bộ nhớ máy vi tính Kingmax 16GBDDR4-3200 (KM-LD4-3200-16GS),131,0,3113635.0
2023-09-20,989,Bộ nhớ máy vi tính Kingmax 8GBDDR4-3200 (KM-LD4-3200-8GS),131,0,7000000.0
2023-09-20,989,Card đồ hoạ ASUS TUF-GTX1660S-O6GGAMING_90YV0DT2-M0NA00,131,0,4245455.0
2023-09-20,989,"Máy tính xách tay LenovoIdeaPad Slim 5 14IAH8, i5-12450H, 16GB, 512GB SSD,Intel UHD Graphics, 14""WUXGA, 3C 56.6Wh, ax+BT,W11H 64, Xám (Cloud Grey), 3YWTY_83BF002NVN",131,0,12322727.0
2023-09-20,989,"Máy tính xách tay MSI GF63 Thin11UC-1228VN (i7-11800H; 8GB;512GB SSD; RTX3050/4GB; 15.6""FHD; Win11; Đen)",131,0,33818182.0
2023-09-20,989,Card đồ hoạ ASUS TUF-GTX1650-O4GD6-GAMING_90YV0EH0-M0NA00,131,0,16136365.0
2023-09-20,989,Card đồ họa ASUS PH-GT1030-O2G_90YV0AU0-M0NA00,131,0,3636364.0
2023-09-20,989,"Máy tính xách tay Lenovo V15 G4 IRU - Intel Corei3-1315U(4.50GHz) - 8GB RAM - 512GB SSD - WF+BL -15.6FHD60Hz - NOS- 2YR Premium NBD,P/n 83A10007VN",131,0,20000000.0
2023-09-20,989,Ổ CỨNG VI TÍNH ( SSD) Lexar SSDNS100 256GB Sata III 6Gbs ( LNS100-256RB) (LNS100-256RB),131,0,5363636.0
2023-09-20,989,"Laptop Lenovo V15 G3 82TT00N9VN - I5 /1235U 8Gb/SSD512GB/ Intel Iris Xe/15.6"" FHD Win11/ Xám",131,0,10000000.0
2023-09-21,1008,Màn hình LCD VIEWSONIC VX3276 - 2K - MHD-2 / 32'',131,0,4545455.0
2023-09-21,1006,Nguồn Jetek Model 400 ELITE V2,131,0,881818.0
2023-09-21,1006,Vỏ Máy Vi Tính SAMA LUX,131,0,636364.0
2023-09-21,1006,Vỏ Máy Vi Tính SAMA 338W,131,0,727273.0
2023-09-21,1006,Chuột máy tính Logitech G402,131,0,1090908.0
2023-09-21,1000,Bàn phím + chuột Logitech MK240,131,0,772728.0
2023-09-21,998,MÁY IN  Canon Laser LBP-2900,131,0,3590909.0
2023-09-21,1000,ổ cứng gắn trong 250GB SSD Exceria NVMe BiCS FLASHM.2 PCIe Kioxia,131,0,2181819.0
2023-09-21,1000,Bảng mạch chính của máy vi tính hiệu ASUS PRIMEH510M - K R2.0 - CSM - SI,131,0,4090908.0
2023-09-21,1006,Bộ vi xử lý vi tính Intel Corei3-12100 (BX8071512100SRL62) +Quạt,131,0,2572727.0
2023-09-21,1002,Bộ máy vi tính,131,0,7227273.0
2023-09-21,1006,"ổ cứng lắp trong Western Digital 1TB 3.5""Sata, màu xanh (Blue) (WD10EZEX)",131,0,1636364.0
2023-09-21,999,Hộp mực  in Izinet 12A/303/FX9,131,0,181818.0
2023-09-21,999,Bàn phím Rapoo NK2500,131,0,136364.0
2023-09-21,1007,Ru lô sấy,131,0,863636.0
2023-09-21,1001,Bàn phím Logitech K120,131,0,818182.0
2023-09-21,1004,MÁY TÍNH ĐỂ BÀN (PC) LENOVO ThinkCentre neo 50s Gen 3 i5 - 12400(6*2.5)/4GD4/256GSSD/WL/BT/KB/M/NoOS/ĐEN(11T000AXVA),131,0,10454545.0
2023-09-21,1003,Máy quét HP ScanJet Pro2000 S2  Sheet-feed (6FW06A),131,0,6772727.0
2023-09-21,1004,MÀN HÌNH VI TÍNH (LCD) LENOVO ThinkVision S24e -20- 23.8   INCH/1920x1080/WLED/VGA/HDMI/ĐEN(62AEKAR2WW),131,0,2727273.0
2023-09-21,1006,Bộ nhớ máy vi tính Kingmax 8GBDDR4-3200 (KM-LD4-3200-8GS),131,0,800000.0
2023-09-21,1006,Cạc màn hình Asus GT730 - SL - 2GD5 - BRK,131,0,1154545.0
2023-09-21,1006,Bộ vi xử lý vi tính Intel Core I5-10400 + Quạt,131,0,3227273.0
2023-09-21,1005,Chuột máy tính Logitech B100,131,0,636364.0
2023-09-21,1005,"Máy tính xách tay Dell Inspiron 15-3520 (i5-1235U, 8GB, 512GB SSD,15.6"" FHD, UMA, Win11, OfficeHS 21, Đen, P112F007) (N3520-i5U085W11BLU)",131,0,14363636.0
2023-09-21,1006,Máy In Canon Laser LBP-2900,131,0,7272728.0
2023-09-22,1009,Bàn phím máy tính hiệu Rapoo V500SE,131,0,504545.0
2023-09-22,1009,Chuột máy tính Logitech M221,131,0,204546.0
2023-09-23,1010,Phần mềm Kaspersky KL1867MUAFS,131,0,870000.0
2023-09-24,1015,"Laptop Lenovo V15 G3 82TT00N9VN - I5 /1235U 8Gb/SSD512GB/ Intel Iris Xe/15.6"" FHD Win11/ Xám",131,0,10000000.0
2023-09-24,1014,Máy  in Brother DCP - B7535DW,131,0,5136364.0
2023-09-24,1015,Bộ nhớ máy tính xách tay Kingmax 8GB DDR4 - 3200,131,0,372727.0
2023-09-24,1017,MÀN HÌNH VI TÍNH (LCD) PHILIPS 271V8LA/74 /27INCH/VA-LCD/WLED/75Hz/4ms/250cd/m2/3000:1/VGA/HDMI/ĐEN(BLACK)(271V8LA/74),131,0,20909091.0
2023-09-24,1017,MÀN HÌNH VI TÍNH (LCD)  PHILIPS 243V7QDSB/74/23.8 INCH/ IPS/ VGA/ DVI-D/ HDMI/ HDMIAUDIOOUT/ĐEN(BLACK)(243V7QDSB/74),131,0,9318182.0
2023-09-24,1016,MÀN HÌNH VI TÍNH (LCD) PHILIPS 243V7 QDSB /74/23.8 INCH/ IPS/ VGA/ DVI-D/ HDMI/ HDMIAUDIOOUT/ĐEN(BLACK)(243V7QDSB/74),131,0,1981818.0
2023-09-24,1011,Máy  in Brother HL - L2321D,131,0,2454545.0
2023-09-24,1013,MÁY TÍNH BẢNG (TAB)  LENOVO Tab M10 Gen 3UnisocT610/4GB/64GB/10.1WUXGAT/IPS/5MP/8MP/4G/WL/BT/5000mAh/2Y/XÁM(ZAAF0009VN),131,0,108687273.0
2023-09-24,1012,"Ổ cứng SSD WesternWDS480G2G0A, 480GB, Sata3",131,0,1045455.0
2023-09-24,1011,Ổ CỨNG VI TÍNH ( SSD) Lexar SSDNS100 256GB Sata III 6Gbs ( LNS100-256RB) (LNS100-256RB),131,0,5909091.0
2023-09-24,1011,Chuột vi tính  Rapoo M20,131,0,227273.0
2023-09-24,1012,Màn hình LCD VIEWSONIC VA1903A,131,0,1772727.0
2023-09-25,1022,Nguồn máy vi tính CM PC600 Elite V3,131,0,900000.0
2023-09-25,1022,Vỏ thùng máy tính JETEK EM3,131,0,318182.0
2023-09-25,1023,Cáp dữ liệu USB 2.0 cho máy in truyền dữ liệu từ máy tính ra máy in dài 5m Ugreen (10329),131,0,136363.0
2023-09-25,1023,Ổ cứng gắn ngoài 1TB SSD  ESD310C USB 10Gbps Type C/A  TRANSCEND,131,0,1627273.0
2023-09-25,1022,Bộ nhớ máy tính xách tay 8GB/2400 Kingmax,131,0,500000.0
2023-09-25,1022,Bộ nhớ máy tính 16GB/3200 Kingston,131,0,772727.0
2023-09-25,1021,Bảng mạch chính của máy vi tính hiệu ASUS PRIMEH510M - K R2.0-CSM-SI,131,0,1436364.0
2023-09-25,1021,Bộ vi xử lý vi tính Intel Core I5-10400 + Quạt,131,0,3363636.0
2023-09-25,1021,Vỏ thùng máy tính Jetek X917,131,0,318182.0
2023-09-25,1020,MÁY In Canon Laser LBP - 2900,131,0,3990000.0
2023-09-25,1022,"Thiết bị chuyển mạch TP-Link,TL - SF1008D",131,0,136364.0
2023-09-25,1023,"Thiết bị chuyển mạch TP-Link,TL - SG108",131,0,436364.0
2023-09-25,1024,Máy tính bàn Lenovo ThinkCentre M70s Gen 3 i5 - 12400(4.4GHZ)- 8GB RAM - 512 SSD - Wireless & Bluetooth -None -1Yr; P/n11TC000TVA,131,0,10454545.0
2023-09-25,1019,4K0Z7PA : Máy tính xách tay HP 14s- fq1080AU -AMD Ryzen3 5300U / 4GB DDR4-3200/ SSD 256GB /RadeonVegaGraphics/ 14” HD/ Windows 11 Home/NaturalSilver,131,0,13909091.0
2023-09-25,1018,Dây chuyển  đổi có chíp RS - 232 dài 2m Ugreen,131,0,227273.0
2023-09-25,1018,"Thiết bị chuyển mạch để bàn 8 cổng 10/100/1000Mbps, hiệu TENDA, Model SG108",131,0,354545.0
2023-09-26,1025,Máy  In Canon Laser LBP - 2900,131,0,3718182.0
2023-09-26,1025,Máy quét Canon Lide 400,131,0,3181818.0
2023-09-26,1025,MÀN HÌNH VI TÍNH (LCD)  PHILIPS 243V7QDSB/74/23.8 INCH/ IPS/ VGA/ DVI-D/ HDMI/ HDMIAUDIOOUT/ĐEN(BLACK)(243V7QDSB/74),131,0,2354545.0
2023-09-26,1026,Máy  in Brother HL - L2321D,131,0,2636364.0
2023-09-27,1029,"Máy tính để bàn Dell OptiPlex 3000 Small Form Factor Intel® Core i5-12500 (6Cores/18MB/12T/3.0GHz to 4.6GHz/65W), 8GB 3200MHz DDR4, 256GB SSD,Intel UHD Graphics , No DVD_RW, Ubuntu, BH 1 năm (1Bộ=Máy, Chuột, Bànphím,cáp)",131,0,12272727.0
2023-09-27,1028,MÁY VI TÍNH ĐỂ BÀN (PC) LENOVO ThinkCentre neo 50t Gen 3 i3 -  12100(4*3.3)/4GD4/256GSSD/WL/BT/KB/M/nOS/ĐEN( 11SC001LVA),131,0,6636364.0
2023-09-27,1029,"Màn hình LCD VIEWSONIC VX3276 - MHD-2 /31.5""",131,0,4000000.0
2023-09-27,1030,"ổ cứng gắn ngoài 2TB Slim StoreJet 2.5"" M3G Transcend",131,0,2409091.0
2023-09-27,1032,Chuột máy tính Dell WM118,131,0,454546.0
2023-09-27,1031,Ổ CỨNG VI TÍNH ( SSD) Lexar SSDNS100 256GB Sata III 6Gbs ( LNS100-256RB) (LNS100-256RB),131,0,636364.0
2023-09-27,1031,Nguồn Jetek Model 350 ELITE V2,131,0,400000.0
2023-09-27,1027,Mực nạp đổ XP Brother 2240,131,0,545455.0
2023-09-29,1035,Bộ máy vi tính,131,0,7772727.0
2023-09-29,1033,Bộ máy vi tính,131,0,14454546.0
2023-09-29,1034,Nguồn Jetek Model 400 ELITE V2,131,0,445455.0
2023-09-29,1037,MÁY TÍNH XÁCH TAY (NB) HP 240 G10 i3 -1315U/8G/256GSSD/14.0FHD/WL/BT/3C/W11SL/BẠC(8F129PA),131,0,10545455.0
2023-09-29,1037,MÁY TÍNH XÁCH TAY (NB) HP 14 - ep0128TU i5 -1335U/8GD4/512GSSD/14.0FHD/Wlax/BT5/3C41WHr/W11SL/BẠC(8U6L5PA),131,0,15227273.0
2023-09-29,1038,4K0Z7PA : Máy tính xách tay HP 14s- fq1080AU -AMD Ryzen3 5300U / 4GB DDR4-3200/ SSD 256GB /RadeonVegaGraphics/ 14” HD/ Windows 11 Home/NaturalSilver,131,0,13909091.0
2023-09-29,1037,"Laptop Lenovo V15 G3 82TT00N9VN - I5 /1235U 8Gb/SSD512GB/ Intel Iris Xe/15.6"" FHD Win11/ Xám",131,0,10000000.0
2023-09-29,1037,"Màn hình máy tính Lenovo H20215FE0 - "" E22-28 (H20215FE0) 21.5 inch Monitor-HDMI, Linecord, 3YRWTYWarrantyCode:3years limited"", P/N:62B9MAR4W",131,0,21181818.0
2023-09-29,1037,"Máy tính xách tay Lenovo ThinkPad E15 Gen 4 - I5-1235U(4.4G) -8Gb RAM - 256GB SSD - WF+BL, Fingerprint - 15.6'FHD - Dos -2Yrs,P/N:21E600CGVA",131,0,14454545.0
2023-09-29,1037,Ổ CỨNG VI TÍNH ( SSD) Lexar SSDNS100 256GB Sata III 6Gbs ( LNS100-256RB) (LNS100-256RB),131,0,26818181.0
2023-09-29,1037,"Màn hình vi tính LCD MSI PRO MP251 24.5"" FHD/IPS/300cd/m2/100Hz/HDMI/VGA/AUDIO",131,0,11136364.0
2023-09-29,1037,Máy In Canon Laser LBP - 2900,131,0,16818182.0
2023-09-29,1036,Ổ cứng HDD BOX SEAGATE ONE TOUCH 1TB 2.5 USB 3.0,131,0,1327273.0
2023-09-30,1040,Hộp mực in iziNet 12A/303/FX9 Universal,131,0,1363636.0
2023-09-30,1039,Ổ cứng HDD BOX SEAGATE ONE TOUCH 1TB 2.5 USB 3.0,131,0,1363636.0
2023-10-01,1043,Màn hình vi tính Dell LCD -  E2222H - 21.5'' WHD,131,0,7336364.0
2023-10-01,1042,"Màn hình máy tính Lenovo H20215FE0 - "" E22 -28 (H20215FE0) 21.5 inch Monitor-HDMI, P/N:62B9MAR4",131,0,2172727.0
2023-10-01,1044,"Ổ CỨNG DI ĐỘNG (HDD) SEAGATE EXPANSION PORTABLE 1TB 2.5"" USB 3.0",131,0,1290909.0
2023-10-01,1045,Máy in hóa đơn XP - T80L,131,0,1863636.0
2023-10-01,1045,"Ổ cứng  SSD Western  WDS240G2G0A , 240GB",131,0,590909.0
2023-10-01,1045,Loa Microlab M106BT 2.1,131,0,500000.0
2023-10-01,1041,Máy tính bàn Dell Inspiron 3020 Core i3 - 13100 3.4GHz/ 8GBRam/256GB SSD/ Win 11home/ Office Home & Student 2021/Wireless Bluetooth/ Mouse/ Keyboard/ 12mths Pre,131,0,11636363.0
2023-10-01,1045,Bàn phím Rapoo NK2500,131,0,236364.0
2023-10-01,1041,MÀN HÌNH VI TÍNH (LCD)  LENOVO ThinkVision S24e -20 /23.8 INCH/1920x1080/WLED/VGA/HDMI/ĐEN (62AEKAR2WW),131,0,2727273.0
2023-10-01,1044,Chuột vi tính Rapoo N100,131,0,363636.0
2023-10-01,1044,Ổ cứng HDD BOX SEAGATE ONE TOUCH 1TB 2.5 USB 3.0,131,0,2654546.0
2023-10-02,1046,MÀN HÌNH VI TÍNH (LCD) PHILIPS  243V7 QDSB /74/23.8INCH/ IPS/ VGA/ DVI-D/ HDMI/ HDMIAUDIOOUT/ĐEN(BLACK)(243V7QDSB/74),131,0,2045455.0
2023-10-02,1046,Bộ máy vi tính,131,0,6172727.0
2023-10-02,1047,"ổ cứng lắp trong Western Digital 2TB 3.5 ""Sata 3, màu xanh (Blue)(WD20EZBX)",131,0,1227273.0
2023-10-02,1048,Phần mềm Kaspersky KL1867MUAFS,131,0,290000.0
2023-10-02,1052,Máy chiếu đa năng ViewSonic LS500WHE,131,0,15181818.0
2023-10-02,1049,Hộp mực in iziNet 12A/303/FX9 Universal,131,0,872727.0
2023-10-02,1050,Thiết bị chuyển mạch TPLINK _ TL - SG108,131,0,490909.0
2023-10-02,1050,Bàn phím Logitech K120,131,0,863636.0
2023-10-02,1051,Thiết bị chuyển mạch TPLINK _ TL - SG108,131,0,490909.0
2023-10-03,1053,MÁY VI TÍNH ĐỂ BÀN (PC) LENOVO ThinkCentre neo 50t Gen 3 i3 -  12100(4*3.3)/4GD4/256GSSD/WL/BT/KB/M/nOS/ĐEN( 11SC001LVA),131,0,14054546.0
2023-10-03,1054,ổ cứng gắn ngoài 1TB SSD ESD310C USB 10Gbps TypeC/A Transcend,131,0,1681818.0
2023-10-04,1056,ổ cứng di động  128GB U301 USB 3.2 Gen 1 KIOXIA,131,0,263636.0
2023-10-04,1057,Thiết bị chuyển mạch TP -LINK_ TL - SG1016D,131,0,1000000.0
2023-10-04,1058,Máy In Canon Laser LBP-2900,131,0,3818182.0
2023-10-04,1055,Chuột máy tính Logitech B100,131,0,454545.0
2023-10-04,1057,"Thiết bị chuyển mạch để bàn 5 cổng10/100/1000Mbps, hiệu TENDA, Model TEG1005D",131,0,1163636.0
2023-10-04,1057,"Thiết bị chuyển mạch để bàn 8 cổng 10/100/1000Mbps, hiệu TENDA, Model SG108",131,0,709091.0
2023-10-04,1057,"Thiết bị chuyển mạch TP -Link ,TL - SF1008D",131,0,209091.0
2023-10-04,1057,"Thiết bị chuyển mạch  TP -Link ,TL - SF1005D",131,0,145455.0
2023-10-05,1059,Máy in đa năng  Brother MFC - L2701D,131,0,4990909.0
2023-10-05,1060,Màn hình Viewsonic  VA2406-H2,131,0,2363636.0
2023-10-05,1061,Máy tính bàn Lenovo ThinkCentre M70s Gen 3 i3 - 12100 ( 4.3GHZ) - 8GB RAM - 256GB SSD - Wireless & Bluetooth - None-1Yr; P/n 11TC000QVA,131,0,45545455.0
2023-10-06,1064,Loa SoundMax A130/2.0,131,0,136364.0
2023-10-06,1062,Màn hình vi tính Dell SE2422H 23.8 Inch/1920x1080@75Hz/Vga/HDMI/Led (60W8F1),131,0,5454546.0
2023-10-06,1062,Bộ lưu điện Santak - TG500,131,0,1763636.0
2023-10-06,1062,Bàn phím Dell Multimedia KB216,131,0,545455.0
2023-10-06,1064,Bàn phím Keyboard NK2500,131,0,118182.0
2023-10-06,1062,Hộp mực in Izinet 12A/303/FX9,131,0,872727.0
2023-10-06,1063,Máy in phun màu khổ A4 Epson L805,131,0,8454545.0
2023-10-06,1064,Chuột vi tính Rapoo M20,131,0,109091.0
2023-10-06,1064,Card VGA ASUS PH - GT1030 - 02G,131,0,2272727.0
2023-10-07,1065,Máy chấm công bằng dấu vân tay DG600BID,131,0,3046296.0
2023-10-07,1066,BỘ MÁY VI TÍNH,131,0,17981818.0
2023-10-07,1067,Loa SoundMax A130/2.0,131,0,136364.0
2023-10-07,1067,Màn hình vi tính (LCD) Lenovo ThinkVision S24e -20 23.8 inch/1920x1080 (62AEKAR2WW),131,0,2500000.0
2023-10-07,1068,Chuột vi tính không dây Rapoo N100,131,0,90910.0
2023-10-07,1068,Loa vi tính Microlab B26,131,0,218181.0
2023-10-07,1068,Bàn phím Keyboard NK2500,131,0,218182.0
2023-10-07,1068,"Thiết bị đinh tuyến Thu phát vô tuyến TP-Link,2.4Ghz,TL-MR6400",131,0,972727.0
2023-10-08,1069,Máy tính để bàn Optiplex 3080SFF XCTO Core i5 - 10505 (3080SFF -10505 -4G1TB3Y),131,0,10454545.0
2023-10-08,1069,Loa SoundMax A130/2.0,131,0,254546.0
2023-10-08,1069,Tai nghe SoundMax AH314,131,0,363636.0
2023-10-08,1076,Mực in phun Brother BTD60BK BH17 ASA,131,0,909091.0
2023-10-08,1075,"Màn hình vi tính (LCD) Lenovo ThinkVision  S27e - 20/ 27.0""/1920/1080 (62AFKAR2WW)",131,0,14454545.0
2023-10-08,1075,CÁP DỮ LIỆU VIDEO HDMI 1.4 TRUYỀN ÂM THANH HÌNH ẢNH UGREEN (10109),131,0,545454.0
2023-10-08,1075,Chuột máy tính Dell MS116,131,0,636365.0
2023-10-08,1074,Chuột máy tính Logitech B100,131,0,318182.0
2023-10-08,1074,"Ổ cứng  máy tính SSD Western WDS240G2G0A, 240GB",131,0,4090909.0
2023-10-08,1075,Bàn phím Dell Multimedia KB216,131,0,909091.0
2023-10-08,1074,"Hộp mực (Cartridge) đã có mực in dùng cho máy inlaser, loại LH2612A ( HP1010/1012/CN2900), hiệuPremium",131,0,590909.0
2023-10-08,1071,Máy đếm tiền XD BC - 35,131,0,4805556.0
2023-10-08,1072,Thiết bị thu phát vô tuyến RG - EW1200G Pro,131,0,863636.0
2023-10-08,1070,Bộ định tuyến thu phát vô tuyến Tp-Link 2.4GHz/5GHz Archer MR200,131,0,1318182.0
2023-10-08,1074,Máy in Brother HL - L2321D,131,0,2454545.0
2023-10-08,1074,"Màn hình LCD VIEWSONIC VA1903A/19""",131,0,1500000.0
2023-10-08,1073,BỘ MÁY VI TÍNH,131,0,25454545.0
2023-10-09,1079,"Máy tính xách tay (NB) HP 14s - dq2620TU i3 - 1115G4/4GD4/256G SSD/14.0"" (6K774PA)",131,0,8454545.0
2023-10-09,1079,"Thiết bị thu phát vô tuyến TP-Link,TL-WN725N",131,0,1000000.0
2023-10-09,1079,Điện  thoại có dây Panasonic KXTS500,131,0,2727273.0
2023-10-09,1079,Máy in hóa đơn Zywell ZY808 cổng USB+LAN,131,0,1454546.0
2023-10-09,1082,Bộ chuyển USB sang DP9 RS-232 (20223),131,0,318182.0
2023-10-09,1077,"Ổ cứng gắn trong 480GB SSD Exceria Bics Flash 2.5"" Sata3 Kioxia",131,0,1136364.0
2023-10-09,1078,Loa vi tính Microlab M106BT / 2.1,131,0,1236364.0
2023-10-09,1081,Ổ cứng Kingmax SSD M2 Sata III 256GB SA3080,131,0,681818.0
2023-10-09,1081,Vỏ máy tính Golden Field H2B,131,0,409091.0
2023-10-09,1081,Nguồn Jetek Model 350 ELITE V2,131,0,363636.0
2023-10-09,1079,USB hỗ trợ kết nối Bluetooth Tp-Link UB400,131,0,1818182.0
2023-10-09,1079,"Thiết bị chuyển  mạch TP-Link,TL- SF1005D",131,0,2181818.0
2023-10-09,1079,Thiết bị ghi hình Logitech C505e,131,0,6818182.0
2023-10-09,1080,Máy in Brother HL - L2321D,131,0,2636364.0
2023-10-09,1080,Camera kỹ thuật số có chức năng ghi hiệu EZVIZ mã CS - C6N,131,0,363636.0
2023-10-09,1079,Camera kỹ thuật số có chức năng ghi hiệu EZVIZ mã CS - C6N (B0-1G2WF)(1080P)- hỗ trợ thẻ nhớ trong,131,0,14181818.0
2023-10-09,1079,Chuột máy tính Dell MS116,131,0,2181818.0
2023-10-09,1079,Chuột vi tính Rapoo M20,131,0,4181818.0
2023-10-09,1079,Loa vi tính Microlab M300BT /2.1,131,0,1750000.0
2023-10-09,1079,"Thiết bị đầu cuối GSM/W-CDMA FDD 2.4GHz TP-Link, M7350",131,0,12000000.0
2023-10-09,1079,Thẻ nhớ Micro SD+Adaptor Hikvision HS-TF-C1/32GB,131,0,2909091.0
2023-10-09,1079,Tai nghe Logitech H370,131,0,4000000.0
2023-10-09,1079,Loa SoundMax A130/2.0,131,0,3250000.0
2023-10-09,1079,Bàn phím Keyboard NK2500,131,0,5000000.0
2023-10-09,1079,Mực Laser đen Premium,131,0,4363636.0
2023-10-10,1083,Máy chiếu Panasonic PT - LB426,131,0,16445455.0
2023-10-10,75485,Chiết khấu bán hàng Máy in Brother Quý 02/2023 theo văn bản số 299/06 ngày 10/07/2023,131,0,6838475.0
2023-10-10,1084,Màn chiếu chân P70TS,131,0,972222.0
2023-10-10,1085,Máy in màu Epson L805,131,0,10909091.0
2023-10-10,75484,Chiết khấu bán hàng Mực in Brother Quý 02/2023 theo văn bản số 175/06 ngày 10/07/2023,131,0,4888078.0
2023-10-11,1091,MÁY TÍNH XÁCH TAY (NB) HP Probook 450G9 i7 - 1255U/16GB (2 * 8GD4 ) /512GSSD/15.6FHD/WL/BT/FP/3C45WHr/ALU/W11SL/LED_KB/BẠC(6M0Z8PA),131,0,24950000.0
2023-10-11,1090,Tai nghe Logitech H340,131,0,445455.0
2023-10-11,1089,Bàn phím Dell Multimedia KB216,131,0,690909.0
2023-10-11,1089,Chuột máy tính Dell MS116,131,0,354546.0
2023-10-11,1087,"Ổ cứng di động (HDD) Seagate One Touch 2TB 2.5"" USB 3.0",131,0,2363636.0
2023-10-11,1088,"Màn hình LCD - DELL  P2722H /27.0""",131,0,16363636.0
2023-10-11,1088,Máy tính để bàn Dell Vos 3671MT i5 - 9400/ (V579Y1W),131,0,34363636.0
2023-10-11,1088,"Ổ cứng gắn trong Western Digital 1TB - 3.5""(WD10EZEX)",131,0,2454546.0
2023-10-11,1086,Mực in phun Brother BT5000C,131,0,163636.0
2023-10-11,1086,Mực in phun Brother BT5000Y,131,0,163636.0
2023-10-11,1086,Mực in phun Brother BTD60BK,131,0,227273.0
2023-10-11,1086,Mực in phun Brother BT5000M,131,0,163636.0
2023-10-12,1092,Giá treo máy chiếu MS12,131,0,327273.0
2023-10-13,1093,"Ổ cứng di động Seagate Expansion 2TB 2.5""(STEA2000400)",131,0,2000000.0
2023-10-14,1095,Mực Laser TN-2385 Brother,131,0,500000.0
2023-10-14,1094,Bảng mạch chính của máy vi tính hiệu ASUS PRIMEH510M - K R2.0-CSM-SI,131,0,1363636.0
2023-10-14,1095,Máy in Brother HL-L2321D,131,0,2636364.0
2023-10-15,1100,MÁY IN Canon Laser LBP-2900,131,0,3590909.0
2023-10-15,1100,Máy quét Canon DR F-120,131,0,8900000.0
2023-10-15,1101,"Ổ cứng gắn trong Western Digital 1TB - 3.5"" (WD10EZEX)",131,0,1118182.0
2023-10-15,1101,Tai nghe Logitech H150,131,0,272727.0
2023-10-15,1101,Bộ nhớ trong Kingston 8GB D - 2666 CL16,131,0,636364.0
2023-10-15,1096,Bàn phím Logitech G213,131,0,763636.0
2023-10-15,1098,MÁY IN  Canon Laser LBP-2900,131,0,3590909.0
2023-10-15,1098,Máy quét Canon DR F-120,131,0,8900000.0
2023-10-15,1099,Mực in Canon GI-790C,131,0,318182.0
2023-10-15,1099,Mực in Canon GI-790M,131,0,318182.0
2023-10-15,1099,Mực in Canon GI-790Y,131,0,318182.0
2023-10-15,1097,"Máy tính xách tay MSI GF63 Thin 11UC - 1228VN (i7-11800H; 8GBx2;512GB SSD; RTX3050/4GB; 15.6"" FHD; Win11; Đen)",131,0,19045455.0
2023-10-16,1103,CARD VGA của máy vi tính hiệu ASUS GT730 - SL -2GD5 - BRK,131,0,1309091.0
2023-10-16,1103,"Màn hình LCD VIEWSONIC VX2476 - SMHD/24""",131,0,2354546.0
2023-10-16,1103,Chuột vi tính có dây Rapoo N100,131,0,63636.0
2023-10-16,1103,Vỏ thùng máy tính Jetek EN15,131,0,272727.0
2023-10-16,1103,Nguồn Jetek Model 450 ELITE V2,131,0,536364.0
2023-10-16,1103,"Cạc mạng PCI Adapter TP -Link, TL - WN781ND",131,0,172727.0
2023-10-16,1104,Chuột máy tính Dell WM118,131,0,418182.0
2023-10-16,1103,Ổ cứng di động 32GB U202 USB 2.0 Kioxia,131,0,90909.0
2023-10-16,1103,Loa SoundMax A600 / 2.1,131,0,300000.0
2023-10-16,1109,Loa SoundMax A130/2.0,131,0,436364.0
2023-10-16,1109,Máy in Brother HL - L2321D,131,0,2454545.0
2023-10-16,1109,Chuột vi tính có dây Rapoo N100,131,0,500000.0
2023-10-16,1108,Phần mềm Kaspersky KL1867MUAFS,131,0,1000000.0
2023-10-16,1103,Ổ cứng gắn trong 250GB SSD Exceria NVMe Bics Flas M.2 PCle Kioxia,131,0,709091.0
2023-10-16,1103,Máy in phun đa năng Brother DCP - T226,131,0,3354545.0
2023-10-16,1103,Bàn phím Keyboard NK2500,131,0,136364.0
2023-10-16,1103,Bộ Nhớ Trong Kingmax 8GBD4 - 3200U C16,131,0,472727.0
2023-10-16,1107,Máy tính xách tay Dell Vos 15 3500 i5 - 1135G7/8G(7G3981),131,0,38727270.0
2023-10-16,1107,Máy In Canon Laser LBP - 2900,131,0,14181820.0
2023-10-16,1107,Chuột máy tính Logitech G402,131,0,3272730.0
2023-10-16,1107,"Thiết bị định tuyến TP - Link 2.4GHz , Archer C6",131,0,2100000.0
2023-10-16,1106,Chuột máy tính Dell MS116,131,0,236364.0
2023-10-16,1106,Mực chai 17A,131,0,109091.0
2023-10-16,1107,"Camera kỹ thuật số có chức năng ghi hiệu EZVIZ mã CS - C3TN (3MP,2.8MM) - hỗ trợ thẻ nhớ trong",131,0,4836363.0
2023-10-16,1103,Chíp xử lý vi tính Intel Core i5-10400F (BX8070110400FSRH3D),131,0,2536364.0
2023-10-16,1103,Bảng mạch chính của máy vi tính hiệu ASUS PRIMEH510M - K R2.0-CSM-SI,131,0,1490909.0
2023-10-16,1102,Bộ nhớ máy vi tính Kingmax  8GB DDR4-3200 (KM-LD4-3200-8GS),131,0,390909.0
2023-10-16,1102,Ổ đĩa cứng máy tính Kingmax SA3080 256GB (M.2 Sata 3),131,0,418182.0
2023-10-16,1102,Bộ vi xử lý vi tính Intel Corei5-10400 (BX8070110400SRH3C) +Quạt,131,0,2790909.0
2023-10-16,1105,"Thiêt bị chuyển mạch TP -Link, TL - SG1024D",131,0,1454545.0
2023-10-16,1105,MÁY IN LASER ĐƠN NĂNG TRẮNG ĐEN - CANONPRINTER I-SENSYS - LBP236DW,131,0,6636364.0
2023-10-17,1116,MÀN CHIẾU CHÂN P70TS,131,0,972222.0
2023-10-17,1114,Mực Laser TN - 2385 Brother,131,0,500000.0
2023-10-17,1117,Cạc mạng PCI Gigabit TP-Link-TG - 3468,131,0,209091.0
2023-10-17,1110,Màn hình vi tính (LCD) Lenovo ThinkVision S24e - 20- 23.8 inch/1920x1080 (62AEKAR2WW),131,0,2500000.0
2023-10-17,1110,Máy tính bàn Lenovo ThinkCentre M70s Gen 3 i3 - 12100( 4.3GHZ) - 8GB RAM - 256GB SSD - Wireless & Bluetooth -None-1Yr; P/n 11TC000QVA,131,0,8445455.0
2023-10-17,1115,BÚT TRÌNH CHIẾU NEWMEN P-026,131,0,254545.0
2023-10-17,1112,Màn chiếu điện 84 x 84,131,0,1750000.0
2023-10-17,1113,Máy In Canon Laser LBP - 2900,131,0,7636364.0
2023-10-17,1111,Ổ cứng Kingmax SSD M2 Sata III 128GB SA3080,131,0,681818.0
2023-10-17,1111,Bàn phím Logitech G213,131,0,681818.0
2023-10-17,1111,Hộp mực in Izinet 12A/303/FX9,131,0,336364.0
2023-10-18,1118,Máy In Canon Laser LBP - 2900,131,0,6945455.0
2023-10-18,1125,Bộ lưu điện Santak - TG500,131,0,1045455.0
2023-10-18,1125,Chuột vi tính có dây Rapoo N100,131,0,54545.0
2023-10-18,1125,"Thiết bị chuyển  mạch TP-Link,TL - SF1008D",131,0,145455.0
2023-10-18,1124,Điện thoại có dây Panasonic KXTSC11,131,0,472727.0
2023-10-18,1121,MÀN HÌNH VI TÍNH (LCD) PHILIPS  271V8LA /74 /27 INCH/VA-LCD/WLED/75Hz/4ms/250cd/m2/3000:1/VGA/HDMI/ĐEN(BLACK)(271V8LA/74),131,0,2354545.0
2023-10-18,1123,Mực laser đen Brother 2240,131,0,409091.0
2023-10-18,1119,Máy In Canon Laser LBP - 2900,131,0,3590909.0
2023-10-18,1120,Bàn phím Dell Multimedia KB216,131,0,2113636.0
2023-10-18,1120,Chuột máy tính Dell MS116,131,0,1159091.0
2023-10-18,1122,"Màn hình máy tính Lenovo H20215FE0 -"" E22 -28 (H20215FE0) 21.5 inch Monitor-HDMI, P/N:62B9MAR4W",131,0,2172727.0
2023-10-18,1122,Bộ máy vi tính,131,0,8227273.0
2023-10-18,1122,Máy In Canon Laser LBP - 2900,131,0,3627273.0
2023-10-19,1128,Hộp mực in Izinet 12A/303/FX9,131,0,750000.0
2023-10-19,1128,"Thiết bị đinh tuyến thu phát vô tuyến TP-Link,2.4Ghz, TL - MR6400",131,0,2918182.0
2023-10-19,1128,Chuột vi tính Rapoo M20,131,0,313636.0
2023-10-19,1128,Máy tính xách tay HP Pa 15 -eg0542TU  i3 - 1125G4 /4G (4P5G9PA),131,0,12272727.0
2023-10-19,1128,"Ổ cứng di động SeagateExpansion 1TB 2.5""",131,0,1190909.0
2023-10-19,1128,Bàn phím Logitech K120,131,0,354546.0
2023-10-19,1126,Mực laser đen Brother 2240,131,0,136364.0
2023-10-19,1127,"Thiết bị định tuyến thu phát vô tuyến TP-Link,2.4Ghz, C58HP",131,0,1318182.0
2023-10-20,1132,Bàn phím Logitech K380,131,0,500000.0
2023-10-20,1134,Mực Laser TN - 2385 Brother,131,0,409091.0
2023-10-20,1134,"Hộp mực (Cartridge) đã có mực in dùng cho máy inlaser, loại LH2612A ( HP1010/1012/CN2900), hiệuPremium",131,0,90909.0
2023-10-20,1131,Phí dịch vụ tháng 09 /2023 theo hợp đồng số 64/2015/HĐ_NetViet ký ngày 26/10/2015,131,0,833333.0
2023-10-20,1129,"Ổ CỨNG LẮP TRONG WESTERN DGITAL 2TB 3.5 ""Sata 3, màu xanh",131,0,1090909.0
2023-10-20,1135,Giá treo máy chiếu 1.2 m,131,0,409091.0
2023-10-20,1130,MÁY TÍNH XÁCH TAY (NB) HP 14S - DQ5121TU i3- 1215U/ 8GD4/ 512GSSD/14.0FHD/Wlac/BT5/3C41WHr/ W11SL/BẠC (8W355PA),131,0,13454545.0
2023-10-20,1135,Hộp mực in Ecoplus 12A/303/FX9,131,0,254546.0
2023-10-20,1133,Thiết bị ghi hình Logitech C920E,131,0,1772727.0
2023-10-20,1133,"Thiết bị thu phát vô tuyến 2.4GHz TP-Link,TL - WA854RE",131,0,409091.0
2023-10-20,1135,"Thiết bị chuyển  mạch TP-Link,TL- SF1008D",131,0,136363.0
2023-10-21,1136,Chuột vi tính Rapoo M20,131,0,127273.0
2023-10-21,1136,MÁY TÍNH XÁCH TAY (NB)  HP 240 G10 i3 -1315U/8G/256GSSD/14.0FHD/WL/BT/3C/W11SL/BẠC(8F129PA),131,0,11409091.0
2023-10-21,1137,"Thiết bị định tuyến 2G/3G/4G băng tần 2.4Ghz TP-Link, TL - MR100",131,0,790909.0
2023-10-21,1138,Chuột vi tính Rapoo M20,131,0,522727.0
2023-10-21,1138,Chuột vi tính có dây Rapoo N100,131,0,681818.0
2023-10-21,1138,Bàn phím Keyboard NK2500,131,0,1045455.0
2023-10-21,1138,"Bộ chuột , bàn phím máy vi tính X1800S",131,0,454545.0
2023-10-22,1140,THIẾT BỊ TRÌNH CHIẾU PRESENTER LOGITECH R400,131,0,568182.0
2023-10-22,1140,CÁP DỮ LIỆU VIDEO HDMI 1.4 TRUYỀN ÂM THANH HÌNH ẢNH UGREEN (10111),131,0,718182.0
2023-10-22,1140,MÀN HÌNH VI TÍNH DELL,131,0,7500000.0
2023-10-22,1142,Ổ CỨNG LẮP TRONG WESTERN DIGITAL 1TB,131,0,1090909.0
2023-10-22,1142,"Cạc mạng PCI Adapter TP -Link, TL- WN781ND",131,0,272727.0
2023-10-22,1141,MÁY TÍNH ĐỂ BÀN DELL OPTIPLEX 3000 CORE i5-12500/8G (3000SFF-I5/12500-8G-256SSD),131,0,12263636.0
2023-10-22,1141,Màn hình vi tính DELL LCD - E2423H - 23.8-WHD,131,0,2900000.0
2023-10-22,1140,MÁY TÍNH CÁ NHÂN ĐỂ BÀN - BỘ MINI PC KIT INTEL NUC11TN(BNUC11TNKI30000),131,0,10778182.0
2023-10-22,1140,BÀN PHÍM LOGITECH K400 WIRELESS,131,0,863636.0
2023-10-22,1139,Cáp dữ liệu VIDEO HDMI 1.4 truyền âm thanh hình ảnh dài10M Ugreen (10110),131,0,2727273.0
2023-10-22,1143,Máy in hóa đơn XP - T80L,131,0,809091.0
2023-10-22,1143,"Thiết bị chuyển mạch 8 cổng 10/100Mbps,TENDA.S108",131,0,127273.0
2023-10-23,1144,Máy In Canon Laser LBP - 2900,131,0,3818182.0
2023-10-24,1146,Máy chiếu đa năng ViewSonic PA503XB,131,0,9900000.0
2023-10-24,1147,Bàn phím Logitech G213,131,0,681818.0
2023-10-24,1147,Cáp dữ liệu VIDEO HDMI 1.4 truyền âm thanh hình ảnh dài5M Ugreen(10109),131,0,245455.0
2023-10-24,1147,"Thiêt bị chuyển mạch TP -Link, TL - SG1024D",131,0,1318182.0
2023-10-24,1153,"Thiết bị định tuyến 2G/3G/4G băng tần 2.4Ghz TP-Link,TL-MR100",131,0,809091.0
2023-10-24,1153,"Thiết bị chuyển mạch TP-Link, TL - SG108",131,0,490909.0
2023-10-24,1153,"Thiết bị  thu phát vô tuyến TP-Link 2.4Ghz,Archer T2U",131,0,245455.0
2023-10-24,1152,Hộp mực in Izinet 12A/303/FX9,131,0,409091.0
2023-10-24,1145,Phần mềm Kaspersky KL1941MUEFS,131,0,2700000.0
2023-10-24,1145,Phần mềm Kaspersky KL1941MCCFS,131,0,650000.0
2023-10-24,1151,Hộp mực in Izinet 12A/303/FX9,131,0,863636.0
2023-10-24,1151,"Ổ cứng gắn trong WesternDigital 2TB-3.5"" (WD20EZAZ)",131,0,1090909.0
2023-10-24,1151,Bộ vi xử  lý Intel Pentium G6405 (BX80701G6405SRH3Z),131,0,1454545.0
2023-10-24,1151,Ổ đĩa cứng Kingmax PQ3480256GB (ZeusM2PCIe-Gen3x4),131,0,654546.0
2023-10-24,1150,Mực MP 3054/3554/2554,131,0,863636.0
2023-10-24,1149,Mực in 93A Number One,131,0,954545.0
2023-10-24,1151,Bộ nhớ MTXT Kingmax 8GB DDR4 - 2400,131,0,500000.0
2023-10-24,1148,"Thiết bị đầu cuối GSM/W-CDMA FDD 2.4GHz TP-Link, M7000",131,0,4045455.0
2023-10-25,1157,Hộp mực in HP MFP M150a/M178NW/M179NW M,131,0,409091.0
2023-10-25,1158,Mực T5018,131,0,1090909.0
2023-10-25,1154,"Thiết bị thu phát vô tuyến 2.4GHz TP-Link ,TL- WA854RE",131,0,181818.0
2023-10-25,1154,Bộ nhớ Máy tính Kingmax 16GB DDR4-3200,131,0,954546.0
2023-10-25,1157,Hộp mực in HP MFP M150a/M178NW/M179NW C,131,0,409091.0
2023-10-25,1155,"Máy tính xách tay MSI GF63 Thin11UC - 1228VN (i7-11800H; 8GB;512GB SSD; RTX3050/4GB; 15.6""FHD; Win11; Đen)",131,0,16909091.0
2023-10-25,1155,"Thiết bị định tuyến 2G/3G/4G băng tần 2.4Ghz TP-Link, TL-MR100",131,0,700000.0
2023-10-25,1156,Mực T3008,131,0,1045455.0
2023-10-25,1157,Hộp mực in HP MFP M150a/M178NW/M179NWBK,131,0,409091.0
2023-10-26,1174,"Máy tính xách tay Dell Vostro 3520 Intel Core i3-1215U, 15.6""FHD, 1x8G,256GB SSD PCIe NVMe, 3 Cell-41Whr, Win 11, Office H&S 2021,V5I3614W1-Gray",131,0,10545455.0
2023-10-26,1173,"Máy tính xách tay Dell Ins 15 3520 Intel Core i5-1235U/15.6""FHD/1x8G/256GB SSD (N5I5122W1)",131,0,12727273.0
2023-10-26,1171,"Máy tính xách tay Dell Ins 16 5620 Core i7-1255U/16.0""FHD/1+8G/512GB SSD (N6I7110W1)",131,0,18636364.0
2023-10-26,1170,"Màn hình máy tính Lenovo H20215FE0 - ""E22 -28 (H20215FE0) 21.5 inch Monitor-HDMI, P/N:62B9MAR4W",131,0,2445455.0
2023-10-26,1160,Phần mềm diệt virus Bkav Pro Internet Security Al,131,0,500000.0
2023-10-26,1161,"Hộp mực (Catridge) đã có mực in dùng cho máy inlaser loại 83A,nhãn hiệu Xppro",131,0,5181818.0
2023-10-26,1162,Phần mềm Kaspersky KL1941MUEFS,131,0,900000.0
2023-10-26,1159,Cáp dữ liệu USB 2.0 cho máy in dài 1.5m (10845),131,0,63636.0
2023-10-26,1163,"Hộp mực(Cartridge) đã có mực in dùng cho máy inLaser loại 230A , nhãn hiệu XPPRO",131,0,2181818.0
2023-10-26,1170,Bộ máy vi tính,131,0,6990909.0
2023-10-26,1172,"Máy tính xách tay Dell Ins 15 3520 Intel Core i5 -1235U/15.6""FHD/1x8G/256GB SSD (N5I5122W1)",131,0,12727273.0
2023-10-26,1169,Máy Photocopy Toshiba E-Studio 2309A+MR3029,131,0,20727273.0
2023-10-26,1164,Máy in mã vạch XP - TT426B,131,0,7500000.0
2023-10-26,1167,"Ổ cứng di động  (HDD) Seagate One Touch 1TB2.5"" USB 3.0",131,0,1409091.0
2023-10-26,1165,Máy In Canon Laser LBP226DW,131,0,4727273.0
2023-10-26,1165,Bàn phím Dell Multimedia KB216,131,0,1363636.0
2023-10-26,1166,Hộp mực in Ecoplus 12A/303/FX9,131,0,354546.0
2023-10-26,1168,Máy chấm công bằng dấu vân tay DG600BID,131,0,2953704.0
2023-10-26,1165,Chuột vi tính Rapoo M20,131,0,2181818.0
2023-10-26,1165,Tai nghe Logitech H370,131,0,2000000.0
2023-10-26,1165,"Camera kỹ thuật số có chức năng ghi hiệu EZVIZ mã CS -C3TN (3MP,2.8MM)-hỗ trợ thẻ nhớ trong",131,0,4045455.0
2023-10-26,1165,Hộp mực in Izinet 12A/303/FX9,131,0,1500000.0
2023-10-26,1165,Loa SoundMax A2126/2.1,131,0,2109091.0
2023-10-27,1181,"Máy Tính Xách Tay (NB) Dell Vos15 3520i5-1235U/8G/512SSD/15.6""FHD (5M2TT2)",131,0,13636364.0
2023-10-27,1182,"Máy tính xách tay Dell Vostro 3520 Intel Core i3-1215U,15.6""FHD, 1x8G,256GB SSD PCIe NVMe, 3 Cell-41Whr, Win11, Office H&S 2021,V5I3614W1-Gray",131,0,10545455.0
2023-10-27,1188,"Máy tính xách tay Dell Vostro 3510(i5-1135G7, 8GB, 512GB SSD, 15.6""FHD, NV-MX350/2GB, Win11,Office HS 21, Đen, P112F002)(P112F002BBL)",131,0,12272727.0
2023-10-27,1187,"Máy tính xách tay Dell Inspiron 153520 (i5-1235U, 8GB,512GB SSD,15.6"" FHD, UMA, Win11, OfficeHS 21, Đen,P112F007) (N3520-i5U085W11BLU)",131,0,12909091.0
2023-10-27,1179,"Máy Tính Xách Tay (NB) Dell Vos15 3520 i5-1235U/8G/512SSD/15.6""FHD (5M2TT2)",131,0,13636364.0
2023-10-27,1192,"Máy tính xách tay Dell Ins 15 3520 Intel Core i5-1235U/15.6""FHD/1x8G/256GB SSD (N5I5122W1)",131,0,11818182.0
2023-10-27,1180,"Máy Tính Xách Tay (NB) Dell Vos15 3520i5-1235U/8G/512SSD/15.6""FHD (5M2TT2",131,0,13636364.0
2023-10-27,1191,"Máy tính xách tay Dell Inspiron 153520 (i3-1215U, 8GB, 256GB SSD,15.6' FHD, UMA, Win11, OfficeHS 21, Đen, P112F007) (N3520-i3U082W11BLU)",131,0,10000000.0
2023-10-27,1175,"Máy Tính Xách Tay (NB) Dell Vos15 3520 i5 -1235U/8G/512SSD/15.6""FHD (5M2TT2)",131,0,13636364.0
2023-10-27,1178,Máy in đa năng Canon G1010,131,0,2445455.0
2023-10-27,1189,"Máy tính xách tay Dell Vostro 3510(i5-1135G7, 8GB, 512GBSSD, 15.6""FHD, NV-MX350/2GB, Win11,Office HS 21, Đen,P112F002)(P112F002BBL)",131,0,12272727.0
2023-10-27,1184,"Máy tính xách tay Dell Inspiron 153520 (i5-1235U, 8GB, 512GB SSD,15.6"" FHD, UMA, Win11, OfficeHS 21, Đen, P112F007) (N3520-i5U085W11BLU)",131,0,12909091.0
2023-10-27,1176,Máy In Canon Laser LBP6030,131,0,23181820.0
2023-10-27,1176,Chuột vi tính Rapoo M20,131,0,31363635.0
2023-10-27,1176,Bàn phím Keyboard NK2500,131,0,20727272.0
2023-10-27,1176,Hộp mực in Izinet 12A/303/FX9,131,0,7181818.0
2023-10-27,1176,Chuột máy tính Logitech B100,131,0,7500000.0
2023-10-27,1190,"Máy tính xách tay Dell Vostro 3510(i5-1135G7, 8GB, 512GBSSD, 15.6""FHD, NV-MX350/2GB, Win11,Office HS 21, Đen,P112F002)(P112F002BBL)",131,0,12272727.0
2023-10-27,1186,"Máy tính xách tay Dell Inspiron 153520 (i5-1235U, 8GB,512GB SSD,15.6"" FHD, UMA, Win11, OfficeHS 21, Đen,P112F007) (N3520-i5U085W11BLU)",131,0,12909091.0
2023-10-27,1185,"Máy tính xách tay Dell Inspiron 153520 (i5-1235U, 8GB, 512GB SSD,15.6"" FHD, UMA, Win11, OfficeHS 21, Đen, P112F007) (N3520-i5U085W11BLU)",131,0,12909091.0
2023-10-27,1183,"Máy tính xách tay Dell Inspiron 153520 (i5-1235U, 8GB, 512GB SSD,15.6"" FHD, UMA, Win11, OfficeHS 21, Đen, P112F007) (N3520-i5U085W11BLU)",131,0,12909091.0
2023-10-27,1177,"Máy Tính Xách Tay (NB) Dell Vos15 3520 i5-1235U/8G/512SSD/15.6""FHD (5M2TT2)",131,0,13636364.0
2023-10-27,1176,Camera kỹ thuật số có chức năng ghi hiệu EZVIZ mã CS - C6N (B0-1G2WF)(1080P) - hỗ trợ thẻ nhớ trong,131,0,24818182.0
2023-10-28,1193,ổ cứng gắn ngoài 1TB SSD ESD310S USB 10Gbps TypeC/A Transcend,131,0,1681818.0
2023-10-29,1202,Hộp mực in Izinet 12A/303/FX9,131,0,736364.0
2023-10-29,1197,Mực in Canon GI-790BK,131,0,245455.0
2023-10-29,1197,Mực in Canon GI-790C,131,0,227273.0
2023-10-29,1197,Mực in Canon GI-790M,131,0,227273.0
2023-10-29,1197,Mực in Canon GI-790Y,131,0,227272.0
2023-10-29,1196,Máy in Brother HL - L2321D,131,0,2636364.0
2023-10-29,1203,"Máy tính xách tay Dell Ins 15 3520 Intel Corei5-1235U/15.6""FHD/1x8G/256GB SSD (N5I5122W1)",131,0,12727273.0
2023-10-29,1194,Bộ máy vi tính,131,0,7263636.0
2023-10-29,1201,Camera quan sát CS-H8C (1080P),131,0,981818.0
2023-10-29,1200,Màn hình vi tính DELL LCD E2423H  23.8 - WHD,131,0,2900000.0
2023-10-29,1198,"Máy tính xách tay Dell Vostro 3510 (i5-1135G7, 8GB, 512GBSSD, 15.6""FHD, NV-MX350/2GB, Win11,Office HS21, Đen,P112F002)(P112F002BBL)",131,0,14045455.0
2023-10-29,1198,Chuột vi tính Rapoo M20,131,0,127272.0
2023-10-29,1201,Thẻ nhớ Patriot VX Series 64GB MICRO SDXCV30 P/N 7FCNB6JPUVI-64G,131,0,100000.0
2023-10-29,1199,"Hộp mực (Catridge) đã có mực in dùng cho máy inlaser loại 35A, nhãn hiệu Xppro",131,0,300000.0
2023-10-29,1199,"Thiết bị định tuyến 2G/3G/4G băng tần 2.4Ghz TP-Link,TL-MR100",131,0,790909.0
2023-10-29,1195,Máy In Canon Laser LBP - 2900,131,0,3590909.0
2023-10-29,1195,Hộp mực in Ecoplus 12A/303/FX9,131,0,181818.0
2023-10-29,1195,Mực Laser đen Premium,131,0,72728.0
2023-10-30,1208,Máy chiếu đa năng ViewSonic PA503SB,131,0,8536364.0
2023-10-30,1209,Màn chiếu treo P84WS,131,0,1342593.0
2023-10-30,1210,Ổ CỨNG VI TÍNH ( SSD) Lexar SSDNS100 256GB Sata III 6Gbs ( LNS100-256RB) (LNS100-256RB),131,0,800000.0
2023-10-30,1208,Giá treo máy chiếu 1.2 m,131,0,409091.0
2023-10-30,1208,Cáp dữ liệu VIDEO HDMI 1.4 truyền âm thanh hình ảnh dài15M Ugreen (10111),131,0,681818.0
2023-10-30,1208,Thiết bị trình chiếu Presenter Logitech  R400,131,0,536364.0
2023-10-30,1208,Dây chuyển đổi có  chíp RS-232 dài 1.5m Ugreen (20211),131,0,127272.0
2023-10-30,1211,Bàn phím máy tính NK2500Wired Keyboard US_BLACK,131,0,10454545.0
2023-10-30,1211,Chuột máy tính N100.BLACK - Optical Mouse,131,0,4545455.0
2023-10-30,1206,"Máy Tính Xách Tay (NB) Dell Vos15 3520i5-1235U/8G/512SSD/15.6""FHD (5M2TT2)",131,0,13181818.0
2023-10-30,1205,Máy in Brother HL-L2321D,131,0,5272727.0
2023-10-30,1207,"Hộp mực (Catridge) đã có mực in dùng cho máy inlaser loại 12a,nhãn hiệu Xppro",131,0,309091.0
2023-10-30,1204,Bảng mạch chính Asus ROGMAXIMUS Z790 HERO,131,0,14500000.0
2023-10-30,1204,Bộ vi xử lý vi tínhIntel Core i9 - 13900K(BX8071513900KSRMBH),131,0,14081818.0
2023-10-30,1204,Card đồ hoạ ASUS TUF-RTX4070-O12GGAMING_90YV0IZ0-M0NA00,131,0,17172727.0
2023-10-30,1204,Nguồn máy tính Corsair RM1000e ATX3.0/CP-9020264-NA,131,0,4172727.0
2023-10-30,1204,Vỏ máy tính MIK LV12 - WHITE,131,0,1627273.0
2023-10-30,1204,Màn hình máy tính Dell 27 Monitor - U2722D,131,0,18527273.0
2023-10-30,1204,"Bộ nhớ trong Corsair DDR5, 5600MHz64GB 2x32GB DIMM,DOMINATORPLATINUM RGB Black Heatspreader,RGBLED,C40,1.25V/CMT64GX5M2B5600C40",131,0,6354546.0
2023-10-30,1204,"ổ cứng lắp trong Western Digital 4TB3.5"" Sata3 , màu vàng(Gold) (WD4003FRYZ )",131,0,3990909.0
2023-10-30,1204,Chuột máy tính Logitech G402,131,0,581818.0
2023-10-30,1204,BỘ TẢN NHIỆT NƯỚC ID - COOLINGZOOMFLOW 360-XT SNOW,131,0,1718182.0
2023-10-30,1204,Ổ cứng SSD Samsung  PRO 1TB M.2NVMe (MZ-V9P1T0BW),131,0,2227273.0
2023-10-30,1204,Bàn phím Logitech  G413 TKL SE,131,0,1263636.0
2023-10-31,1212,Bộ máy vi tính để bàn,131,0,60000000.0
2023-10-31,1213,Ổ cứng Kingmax SSD M2 Sata III 256GB SA3080,131,0,1000000.0
2023-10-31,1219,"Thiết bị chuyển mạch TP -Link, TL- SG108",131,0,490909.0
2023-10-31,1218,"Máy tính xách tay Lenovo V14 G4 IRU - Intel Core i7 -1355U (5.00GHz) - 8GB RAM - 512GB SSD - WF+BL - 14"" FHD - NOS -2YR Premium NBD,P/n 83A0000NVN",131,0,14909091.0
2023-10-31,1213,Chuột máy tính Logitech M185,131,0,345454.0
2023-10-31,1218,"Màn hình AOC 31.5"" Wide Led C32V1Q/74",131,0,3181818.0
2023-10-31,1217,Phần mềm Kaspersky KL1867MUAFS,131,0,3900000.0
2023-10-31,1216,Máy tính để bàn Dell Optiplex   3000 SFF Core i5,131,0,16627273.0
2023-10-31,1215,Mực MP 3054/3554/2554,131,0,1545455.0
2023-10-31,1213,Hộp mực in Izinet 12A/303/FX9,131,0,545455.0
2023-10-31,1214,Máy in hóa đơn XP - T80L,131,0,818182.0
2023-11-01,1220,Mạch chính vi tính Gigabyte H510MH,131,0,1445454.0
2023-11-01,1220,Chuột máy tính Dell MS116,131,0,572727.0
2023-11-01,1220,Nguồn Jetek Model 350 ELITE V2,131,0,1309092.0
2023-11-01,1220,Chíp xử lý vi tính Intel Celeron G4930 - 3.20Ghz,131,0,1445454.0
2023-11-01,1220,"ổ cứng lắp trong Western Digital 1TB  3.5""Sata, màu xanh (Blue) (WD10EZEX)",131,0,4090910.0
2023-11-01,1220,Vỏ thùng máy tính Jetek A3032B,131,0,1500000.0
2023-11-01,1220,Bàn phím Dell Multimedia KB216,131,0,818182.0
2023-11-01,1220,Bộ nhớ trong Kingston 4GB D4 - 2666U19,131,0,1090908.0
2023-11-01,1228,Máy In Canon Laser LBP-2900,131,0,3500000.0
2023-11-01,1222,"Máy tính xách tay Lenovo ThinkPad E15 Gen 4 - I5 -1235U (4.4G) -8Gb RAM - 256GB SSD - WF+BL, Fingerprint - 15.6' FHD - Dos -2Yrs,P/N:21E600CGVA",131,0,14545455.0
2023-11-01,1227,Máy In Canon Laser LBP - 2900,131,0,3590909.0
2023-11-01,1226,Máy in hóa đơn XP-T80L,131,0,1618182.0
2023-11-01,1226,Máy đọc mã vạch EC331,131,0,772727.0
2023-11-01,1226,Máy quét mã vạch WNI-5010G,131,0,1290909.0
2023-11-01,1225,Bàn phím Dell MultimediaKB216,131,0,463637.0
2023-11-01,1223,Máy In Canon Laser LBP - 2900,131,0,3590909.0
2023-11-01,1224,Ổ CỨNG (SSD) LexarSSD NS100 1TB Sata III 6Gb/s(LNS100-1TRB)(LNS100-1TRB),131,0,1172727.0
2023-11-01,1225,Chuột máy tính Dell MS116,131,0,272727.0
2023-11-01,1221,Bàn phím Dell Multimedia KB216,131,0,172727.0
2023-11-02,1230,Máy In Canon Laser LBP - 2900,131,0,3727273.0
2023-11-02,1229,Máy In Canon Laser LBP - 2900,131,0,7272728.0
2023-11-03,1233,Camera kỹ thuật số có chức năng ghi hiệu EZVIZ mã CS -C6N (B0-1G2WF)(1080P),131,0,527273.0
2023-11-03,1233,Thẻ nhớ Patriot VX Series 64GB MICRO SDXCV30 P/N 7FCNB6JPUVI-64G,131,0,109091.0
2023-11-03,1232,MÁY TÍNH XÁCH TAY (NB) LENOVO V14 G3 IAP i5 -1235U/8GD4/512GSSD/14.0FHD/IPS/WL/BT/2C38/WIN11/1Y/XÁM (82TS00AXVN),131,0,10781818.0
2023-11-03,1232,Chuột vi tính Rapoo M20,131,0,127272.0
2023-11-03,1232,Bàn phím EKM 046 Pro Eblue,131,0,409092.0
2023-11-03,1232,Chuột máy tính Eblue EMS 146 Pro,131,0,154546.0
2023-11-03,1231,Máy In Canon Laser LBP - 2900,131,0,3818182.0
2023-11-03,1232,Điện  thoại có dây PanasonicKXTS500,131,0,336363.0
2023-11-03,1234,Bàn phím EKM 046 Pro Eblue,131,0,681818.0
2023-11-03,1234,Thiết bị truyền ảnh Webcam Logitech C270,131,0,1363636.0
2023-11-03,1235,Máy In Canon Laser LBP226DW(3516C007AAME),131,0,4727273.0
2023-11-03,1234,Chuột máy tính Eblue EMS 146 Pro,131,0,540911.0
2023-11-03,1234,"Thiết bị đinh tuyến Thu phát vô tuyến TP-Link,2.4Ghz,TL-MR6400",131,0,1945454.0
2023-11-03,1236,"Thiết bị đinh tuyến Thu phát vô tuyến TP-Link,2.4Ghz,TL-MR6400",131,0,1136364.0
2023-11-03,1236,Camera quan sát CS - H8C (1080P),131,0,1727273.0
2023-11-03,1236,Thẻ nhớ Patriot VX Series 64GB MICRO SDXCV30 P/N 7FCNB6JPUVI-64G,131,0,181818.0
2023-11-04,1237,Cáp dữ liệu VIDEO HDMI 1.4 truyền âm thanh hình ảnh dài5M Ugreen (10109),131,0,1113636.0
2023-11-04,1237,"Thiết bị  thu phát vô tuyến TP-Link 2.4Ghz, Archer T2U",131,0,436364.0
2023-11-04,1237,Ổ CỨNG VI TÍNH ( SSD)  Lexar SSDNS100 512GBSata III 6Gbs ( LNS100-512RB)(LNS100-512RB),131,0,3181818.0
2023-11-04,1237,Nguồn Jetek Model 350 ELITE V2,131,0,1636364.0
2023-11-04,1237,"Màn hình máy tính Lenovo H20215FE0 -"" E22-28 (H20215FE0) 21.5 inch Monitor-HDMI, P/N:62B9MAR4W",131,0,1909091.0
2023-11-05,1238,Phần mềm Kaspersky KL1941MUEFS,131,0,1800000.0
2023-11-05,1239,Ổ CỨNG DI ĐỘNG WESTERN MY PASSPORT 5TB USB 3.2,131,0,13090909.0
2023-11-05,1248,Nguồn Jetek Model 400 ELITE V2,131,0,390909.0
2023-11-05,1240,"Thiết bị đầu cuối GSM/W-CDMA FDD 2.4GHz TP-Link, M7000",131,0,1672728.0
2023-11-05,1248,"Ổ cứng gắn trong Western Digital 1TB-3.5""(WD10EZEX)",131,0,1090909.0
2023-11-05,1241,Mực T2309,131,0,863636.0
2023-11-05,1247,BỘ MÁY VI TÍNH,131,0,14618182.0
2023-11-05,1242,"Thiết bị đầu cuối GSM/W-CDMA FDD 2.4GHz TP-Link,M7000",131,0,718182.0
2023-11-05,1243,Chuột vi tính Rapoo M20,131,0,109091.0
2023-11-05,1243,Camera quan sát CS - H8C (1080P),131,0,1045455.0
2023-11-05,1243,Camera kỹ thuật số có chức năng ghi hiệu EZVIZ mã CS-C6N (B0-1G2WF)(1080P),131,0,636363.0
2023-11-05,1243,Thẻ nhớ Patriot VX Series 64GB MICRO SDXCV30 P/N 7FCNB6JPUVI-64G,131,0,181818.0
2023-11-05,1241,"Thiết bị đinh tuyến Thu phát vô tuyến TP-Link,2.4Ghz,TL-MR6400",131,0,1045455.0
2023-11-05,1243,Bàn phím Keyboard NK2500,131,0,109091.0
2023-11-05,1246,Hộp mực in Izinet 12A/303/FX9,131,0,463636.0
2023-11-05,1246,Nguồn Jetek Model 400 ELITE V2,131,0,336364.0
2023-11-05,1246,Bảng mạch chính Asus Prime -H510MK,131,0,1409091.0
2023-11-05,1245,"Máy tính xách tay Lenovo Notebook ThinkPad NBLN TP L13Clam G3 T (gồm i7-1255U (4.7G) - 16GB RAM - 512GB SSD -WF+BL, Fingerprint - 13.3'' WUXGA - Thunder Black - Dos -P/N:21B3005YVA",131,0,20863636.0
2023-11-05,1244,Hộp mực in Ecoplus 12A/303/FX9,131,0,118182.0
2023-11-05,1245,"MÁY TÍNH ĐỂ BÀN (PC) LENOVO ThinkCentre neo50s Gen 3 i7 -12700(12*2.1)/8GD4/512GSSD/WL/BT/KB/M/NoOS/ĐEN(11T0005BVA)*Màn Hình Lenovo 21.5"" E22-28",131,0,17409091.0
2023-11-06,1254,"Ổ cứng gắn trong Western Digital 1TB - 3.5""(WD10EZEX)",131,0,818181.0
2023-11-06,1254,Bàn phím Keyboard NK2500,131,0,354546.0
2023-11-06,1254,Chuột vi tính Rapoo M20,131,0,354546.0
2023-11-06,1249,Mực Laser TN-2385 Brother,131,0,1780909.0
2023-11-06,1250,MÁY TÍNH XÁCH TAY (NB) LENOVO V14 G3 IAP i5 -1235U/8GD4/512GSSD/14.0FHD/IPS/WL/BT/2C38/WIN11/1Y/XÁM(82TS00AXVN),131,0,10636364.0
2023-11-06,1250,Bộ lưu điện Santak - TG1000,131,0,4072728.0
2023-11-06,1250,Máy quét Canon Lide 400,131,0,2109090.0
2023-11-06,1253,Phần mềm Kaspersky KL1941MUEFS,131,0,900000.0
2023-11-06,1256,Ổ CỨNG VI TÍNH ( SSD) Lexar SSDNS100 256GBSata III6Gbs ( LNS100-256RB)(LNS100-256RB),131,0,409091.0
2023-11-06,1255,Phí dịch vụ tháng 10 /2023 theo hợp đồng số 64/2015/HĐ_NetViet ký ngày 26/10/2015,131,0,277778.0
2023-11-06,1251,Phần mềm Kaspersky KL1171MUAFS,131,0,200000.0
2023-11-06,1256,Mạch chính vi tính Gigabyte H510MH,131,0,1409091.0
2023-11-06,1252,Ổ CỨNG VI TÍNH ( SSD)  Lexar SSDNS100 256GBSata III 6Gbs ( LNS100-256RB)(LNS100-256RB),131,0,709091.0
2023-11-06,1253,Phần mềm Kaspersky KL1941MCCFS,131,0,650000.0
2023-11-06,1252,Bộ nhớ trong Kingston 4GB D4-2666U19,131,0,409091.0
2023-11-07,1258,Hộp mực in Izinet 12A/303/FX9,131,0,927270.0
2023-11-07,1258,Bàn phím Dell Multimedia KB216,131,0,290910.0
2023-11-07,1258,Bộ nhớ Máy tính Kingmax 8GB DDR4-3200,131,0,409091.0
2023-11-07,1258,Chuột máy tính Dell MS116,131,0,163636.0
2023-11-07,1261,"Ổ cứng gắn trong WesternDigital 1TB - 3.5""(WD10EZEX)",131,0,909091.0
2023-11-07,1261,Bộ vi xử lý Intel Core i3 - 10105 (BX8070110105SRH3P),131,0,5000000.0
2023-11-07,1261,Nguồn Jetek Model 400 ELITE V2,131,0,672728.0
2023-11-07,1261,Bộ nhớ trong Kingston 4GD4 /2666S19 1RX16(KVR26S19S6/4),131,0,690908.0
2023-11-07,1258,Vỏ thùng máy tính Jetek A3035B,131,0,490910.0
2023-11-07,1258,Nguồn Jetek Model 400 ELITE V2,131,0,672728.0
2023-11-07,1257,"Ổ cứng gắn trong WesternDigital 2TB - 3.5""(WD20EZAZ)",131,0,1445455.0
2023-11-07,1260,"Thiết bị chuyển  mạch TP -Link, TL- SG1016D",131,0,1436364.0
2023-11-07,1259,Máy tính bàn Lenovo ThinkCentre M70s Gen 3  i3 - 12100( 4.3GHZ) - 8GB RAM - 256GB SSD - Wireless & Bluetooth -None-1Yr; P/n 11TC000QVA,131,0,8445455.0
2023-11-07,1258,"Ổ cứng gắn trong WesternDigital 1TB - 3.5""(WD10EZEX)",131,0,1818182.0
2023-11-07,1258,Bộ vi xử lý Intel Core i3 - 10105 (BX8070110105SRH3P),131,0,2500000.0
2023-11-07,1259,MÁY IN LASER ĐƠN NĂNG TRẮNG ĐEN - CANONPRINTER  I - SENSYS LBP 236DW,131,0,10527273.0
2023-11-07,1259,"Màn hình máy tính Lenovo H20215FE0 -""  E22 -28 (H20215FE0) 21.5 inch Monitor-HDMI, P/N:62B9MAR4W",131,0,2172727.0
2023-11-08,1266,Mạch chính vi tính Gigabyte H510MH V2,131,0,7045450.0
2023-11-08,1266,Ổ đĩa cứng máy tính KingmaxSA3080 256GB (M.2 Sata 3),131,0,4090910.0
2023-11-08,1266,Dây cáp mạng (xoắn)  Ensoho EN- U5CA24 UTP Cat5e,131,0,10363640.0
2023-11-08,1266,"Ổ cứng gắn trong WesternDigital 1TB - 3.5""(WD10EZEX)",131,0,7454550.0
2023-11-08,1266,"Thanh ram SGKILL F4 - 2666C19S - 8GVR,8GB",131,0,5000000.0
2023-11-08,1266,Bảng mạch chính của máy vi tính hiệu ASUS PRIMEH510M - K R2.0-CSM-SI,131,0,6818180.0
2023-11-08,1267,"Laptop Lenovo V15 G3 82TT00N9VN - I5 /1235U 8Gb/SSD512GB/ Intel Iris Xe/15.6"" FHD Win11/ Xám",131,0,10454545.0
2023-11-08,1267,MÁY TÍNH XÁCH TAY (NB) LENOVO V14 G3 IAP i3 - 1215U/8GD4/256GSSD/14.0FHD/IPS/WL/BT/2C38/NoOS/ĐEN (82TS0060VN),131,0,7545455.0
2023-11-08,1268,Máy tính bàn Lenovo ThinkCentre M70s Gen 3 i5 -12400(4.4GHZ)- 8GB RAM - 256 SSD- Wireless & Bluetooth - None -1Yr; P/n11TC000TVA,131,0,11627273.0
2023-11-08,1268,Cáp dữ liệu VIDEO HDMI 1.4 truyền âm thanh hình ảnh dài1.5M Ugreen( 60820),131,0,136363.0
2023-11-08,1265,"Ổ cứng di động (HDD) Seagate One Touch 2TB 2.5"" USB 3.0",131,0,2000000.0
2023-11-08,1269,Máy chiếu Epson EB - FH52,131,0,33636364.0
2023-11-08,1263,Máy in hóa đơn XP - T80L,131,0,1081818.0
2023-11-08,1262,"Máy quét HP ScanJetEnterprise Flow 7000 s3 Sheet-feed Scanner, 1Y WTY_L2757A",131,0,19545455.0
2023-11-08,1264,Chuột máy tính Logitech M331,131,0,300000.0
2023-11-08,1264,Chuột máy tính Logitech M221,131,0,236364.0
2023-11-08,1265,Bộ máy vi tính,131,0,13636364.0
2023-11-09,1273,"Máy tính xách tay Lenovo ThinkPad E15 Gen 4 - I5 -1235U(4.4G) -8Gb RAM - 256GB SSD - WF+BL, Fingerprint - 15.6'FHD - Dos -2Yrs,P/N:21E600CGVA",131,0,14545455.0
2023-11-09,1273,Máy In Canon Laser LBP-2900,131,0,3500000.0
2023-11-09,1272,Phần mềm Kaspersky KL1919MCAFS,131,0,450000.0
2023-11-09,1272,Phần mềm Kaspersky KL1171MUAFS,131,0,200000.0
2023-11-09,1270,Nguồn Jetek model MAXWATT 550,131,0,627273.0
2023-11-09,1271,Ổ CỨNG VI TÍNH ( SSD) Lexar SSDNS100 256GB Sata III 6Gbs ( LNS100-256RB) (LNS100-256RB),131,0,800000.0
2023-11-09,1271,Bộ nhớ trong Kingmax 4GB DDR4 - 2400,131,0,590909.0
2023-11-09,1271,Ổ cứng gắn trong 250GB SSD Exceria NVMe Bics Flas M.2 PCle Kioxia,131,0,1045455.0
2023-11-10,1277,"Thiết bị thu phát vô tuyến TP -Link,TL- WN823N",131,0,181818.0
2023-11-10,1275,"Camera quan sát CS - H8  (5MP,4MM)",131,0,1454546.0
2023-11-10,1275,Thẻ nhớ Patriot VX Series 64GB MICRO SDXCV30 P/N 7FCNB6JPUVI-64G,131,0,90909.0
2023-11-10,1274,Máy in Brother HL - L2321D,131,0,2454545.0
2023-11-10,1274,Máy in hóa đơn XP - T80L,131,0,809091.0
2023-11-10,1274,"Thiết bị đinh tuyến Thu phát vô tuyến TP-Link,2.4Ghz,TL-MR6400",131,0,1018182.0
2023-11-10,1277,Ổ CỨNG VI TÍNH ( SSD) Lexar SSDNS100 256GBSata III 6Gbs ( LNS100-256RB) (LNS100-256RB),131,0,709091.0
2023-11-10,1275,"Cáp mạng Cat 6 FTP 305m/thùng, Hiệu Aptek",131,0,1590909.0
2023-11-10,1276,Mực in 85A Number One,131,0,336364.0
2023-11-10,1280,Máy tính để bàn Dell Vostro 3470 ST PDCG5420/4GD4 (HXKWJ2),131,0,13636364.0
2023-11-10,1280,Bàn phím Dell Multimedia  KB216,131,0,272728.0
2023-11-10,1280,Chuột máy tính Dell MS116,131,0,163636.0
2023-11-10,1279,Hộp mực in Izinet 12A,131,0,390909.0
2023-11-10,1278,"Máy tính xách tay Dell Vostro 3530 Intel Core i5-1335U, 15.6"" FHD, 1x8G,256GB SSD, 3 Cell-41Whr, Win 11, Office H&S 2021, BH 12 tháng,V5I5267W1-Gray",131,0,15227272.0
2023-11-10,1278,Chuột vi tính Rapoo M20,131,0,127273.0
2023-11-11,1281,"Thiết bị chuyển  mạch TP -Link, TL- SF1008D",131,0,136364.0
2023-11-11,1281,Ổ CỨNG VI TÍNH ( SSD) Lexar SSDNS100 256GBSata III 6Gbs ( LNS100-256RB) (LNS100-256RB,131,0,709091.0
2023-11-12,1282,PHẦN MỀM KASPERSKY KL1867MUAFS,131,0,600000.0
2023-11-12,1283,Bộ lưu điện Santak - TG500,131,0,1045455.0
2023-11-12,1284,Hộp mực in Ecoplus 12A/303/FX9,131,0,254546.0
2023-11-13,1285,Bộ nhớ Máy tính Kingmax 16GB DDR4-3200,131,0,1000000.0
2023-11-13,1285,Ỏ đĩa cứng GT 500GB Kingston SSD NV1 M2 2280(SNVS/500G),131,0,1500000.0
2023-11-13,1285,"Ổ cứng gắn trong Western Digital 1TB - 3.5""(WD10EZEX)",131,0,1090909.0
2023-11-13,1285,Card VGA ASUS TUF -GTX1650 - 4GD6-Gaming,131,0,3990909.0
2023-11-13,1285,Chuột máy tính Logitech G102,131,0,327273.0
2023-11-13,1285,Bộ vi xử lý vi tính Intel Core i5 - 12400F (BX8071512400FSRL4W),131,0,3809091.0
2023-11-13,1285,Nguồn Jetek model MAXWATT 650,131,0,772727.0
2023-11-13,1285,Bảng mạch chính của máy vi tính hiệu ASUS PROARTB660 - CREATOR D4,131,0,4027273.0
2023-11-14,1289,Thiết bị định tuyến TP-Link 2.4GHz/5GHz Archer C50,131,0,418182.0
2023-11-14,1290,"Máy tính xách tay LenovoV15 G4 IRU - Intel Core i3 -1315U(4.50GHz) - 8GB RAM - 512GB SSD - WF+BL -15.6FHD60Hz - NOS- 2YR Premium NBD,P/n 83A10007VN",131,0,10000000.0
2023-11-14,1290,Máy In Canon Laser LBP 162DW,131,0,4300000.0
2023-11-14,1291,Mạch chính vi tính Gigabyte H510MH,131,0,1500000.0
2023-11-14,1291,Bộ vi xử lý Intel Core i3 - 10105,131,0,2627273.0
2023-11-14,1291,LINH KIỆN VI TÍNH ( RAM PC ) Lexar 8GB DDR4 - 3200U-DIMMCL22 (LD4AU008G-B3200GSST),131,0,472727.0
2023-11-14,1291,Nguồn Jetek Model 400 ELITE V2,131,0,445455.0
2023-11-14,1288,Nguồn Jetek Model 350  ELITE V2,131,0,354546.0
2023-11-14,1291,Vỏ thùng máy tính Jetek EN22,131,0,318182.0
2023-11-14,1291,Bộ định tuyến Tp-Link 2.4GHz/5GHz Archer MR200,131,0,1272727.0
2023-11-14,1290,"Bộ định tuyến Tp-Link 2.4GHz 450M, TL- WR941HP",131,0,2400000.0
2023-11-14,1288,Bàn phím Dell Multimedia KB 216,131,0,181818.0
2023-11-14,1292,Bộ máy vi tính,131,0,90909091.0
2023-11-14,1286,Nguồn Jetek Model 400 ELITE V2,131,0,445455.0
2023-11-14,1286,USB hiệu Kingston 32GB  3.0 Data 106 (DT106/32GB),131,0,100000.0
2023-11-14,1287,Máy in Brother HL-L2321D,131,0,2636364.0
2023-11-15,1294,MÁY QUÉT ẢNH HOẶC TÀI LIỆU HP SCAN JET PRO2000 S2 SCANNER(6FW06A),131,0,6809091.0
2023-11-15,1295,Máy in Brother HL-L2321D,131,0,2727273.0
2023-11-15,1296,Phần mềm Kaspersky KL1919MCAFS,131,0,350000.0
2023-11-15,1293,Máy Ép Nhựa Plastic YT 320,131,0,1527778.0
2023-11-16,1297,Mực Laser TN - 2385 Brother,131,0,15909091.0
2023-11-16,1302,MÁY TÍNH XÁCH TAY (NB)  HP Pavilion 15-eg3094TUi5-1335U/8GD4/512GSSD/15.6FHD/WLax/BT5/3C41WHr/ALUp/W11SL/VÀNG(8C5L5PA),131,0,16181818.0
2023-11-16,1301,"Máy tính xách tay LenovoV15G3 IAP, i5-1235U, 8GB, 512GBSSD, Intel Iris Xe Graphics,15.6"" FHD, 2C 38Wh, ac+BT,W11H 64, Xám (Iron Grey), 1YWTY_82TT00N9VN",131,0,9454545.0
2023-11-16,1301,Thiết  bị ghi hình Logitech C922,131,0,7272728.0
2023-11-16,1299,Máy In Canon Laser LBP-2900,131,0,3590909.0
2023-11-16,1298,Hộp mực in Ecoplus 12A/303/FX9,131,0,218182.0
2023-11-16,1300,"Thiết bị chuyển  mạch TP -Link, TL - SG1016D",131,0,1136364.0
2023-11-16,1300,Đầu bấm dây cáp mạng Ensoho EN - RJ45C5 RJ - 45 cat 5e,131,0,163636.0
2023-11-16,1300,"Thiêt bị chuyển mạch TP - Link, TL - SG1024D",131,0,1627273.0
2023-11-17,1307,Cáp dữ liệu VIDEO HDMI 1.4 truyền âm thanh hình ảnh dài10M Ugreen(10110),131,0,1018182.0
2023-11-17,1307,Bàn phím + Chuột Logitech MK240,131,0,1063636.0
2023-11-17,1305,Hộp mực Kenice 226,131,0,336364.0
2023-11-17,1307,Máy chiếu đa năng ViewSonic PA503SB,131,0,7272727.0
2023-11-17,1304,Bộ máy vi tính,131,0,7127273.0
2023-11-17,1303,MÁY TÍNH ĐỂ BÀN LENOVO THINK CENTRE  M70s GEN3 i3 - 12100 ( 4.3GHZ) - 8GB RAM - 256GB SSD - Wireless & Bluetooth -None-1Yr; P/n 11TC000QVA,131,0,35154546.0
2023-11-17,1303,"MÁY TÍNH XÁCH TAY LENOVO THINKPAD E15 GEN 4 - I5 -1235U(4.4G) -8Gb RAM - 256GB SSD - WF+BL, Fingerprint - 15.6'FHD - Dos P/N:21E600CGVA",131,0,17727272.0
2023-11-17,1303,"MÀN HÌNH MÁY TÍNH LENOVO H20215FE0 -"" E22 -28 (H20215FE0) 21.5 inch Monitor-HDMI, P/N:62B9MAR4W",131,0,7227273.0
2023-11-17,1306,"MÀN HÌNH MÁY TÍNH LENOVO H20215FE0 -"" E22 -28 (H20215FE0) 21.5 inch Monitor-HDMI, I, P/N:62B9MAR4W",131,0,2172727.0
2023-11-17,1306,Bộ máy vi tính,131,0,9436364.0
2023-11-17,1307,Máy chiếu đa năng Vivitek DS272,131,0,7200000.0
2023-11-18,1309,"Camera kỹ thuật số có chức năng ghi hiệu EZVIZ mã CS -C3TN (3MP,2.8MM) - hỗ trợ thẻ nhớ trong",131,0,1400000.0
2023-11-18,1310,Máy In Canon Inmage Class MF269DW,131,0,4818182.0
2023-11-18,1309,Thẻ nhớ Patriot VX Series 64GB MICRO SDXCV30 P/N 7FCNB6JPUVI - 64G,131,0,163636.0
2023-11-18,1310,"Máy Tính Xách Tay Asus B3402FEA - EC0714T / 14.0 "" I3 - 1115G4/8GB (90NX0491-M00L00)",131,0,10454545.0
2023-11-18,1308,Bộ lưu điện Santak - TG500,131,0,2090909.0
2023-11-19,1311,"Máy chủ Dell T150 (gồm 4x3.5"" E-2324G 3.1GHz/ 8GB Ram /2TBHDD/Embedded SATA / iDRAC9 Express/ BC5720DP 1GbELOM/ DVDRW/ Cabled PSU 300W/ Power cord/ No OS -42SVRDT150-903)",131,0,27809091.0
2023-11-19,1313,Máy chiếu Epson EB - FH52,131,0,33636364.0
2023-11-19,1315,Cáp dữ liệu VIDEO HDMI 1.4truyền âm thanh hình ảnh dài10M Ugreen (10110),131,0,436364.0
2023-11-19,1315,"Ỏ cứng gắn trong Western  Digital 2TB - 3.5""( WD20EZAZ)",131,0,1445455.0
2023-11-19,1312,Máy đếm tiền GL - ­ 8086,131,0,17500000.0
2023-11-19,1315,"Thiết bị định tuyến 2G/3G/4G băng tần 2.4Ghz TP-Link,TL-MR100",131,0,909090.0
2023-11-19,1314,"MÀN HÌNH VI TÍNH (LCD)MSI PRO MP251 24.5""INCH/FHD/IPS/300cd/m2/100Hz/HDMI/VGA/AUDIO/SPEAKER/ĐEN(BLACK) (3PC2)(PROMP251)",131,0,2354545.0
2023-11-20,1322,Hộp mực (Cartridge) đã có mực in dùng cho máy inLaser loại LHW1106A/NN ( Without Chip),131,0,681818.0
2023-11-20,1321,ĐẦU ĐỌC MÃ VẠCH OD7200,131,0,1400000.0
2023-11-20,1318,Bàn phím Dell Multimedia KB216,131,0,172727.0
2023-11-20,1320,Màn hình VIEWSONICVVA1903A/19'' LCD MONITOR,131,0,2890909.0
2023-11-20,1319,Máy In Canon Laser LBP-2900,131,0,3590909.0
2023-11-20,1316,Mực in phun BrotherBT5000M,131,0,186364.0
2023-11-20,1316,Mực in phun BrotherBT5000Y,131,0,186364.0
2023-11-20,1317,"Máy tính bàn Lenovo ThinkCentre Neo 50t Gen 4 - IntelCore i5-13400 (4.60 GHz) - 8GB RAM - 512GB SSD - Wifi & BL -UHD Graphics 730 - NOS - 1YR Premier NBD,P/n 12JB001HVA",131,0,11718182.0
2023-11-20,1317,Dây chuyển đổi có chíp RS - 232 dài 2m Ugreen (20211),131,0,181818.0
2023-11-21,1323,Bộ máy vi tính,131,0,6618182.0
2023-11-21,1324,Máy in Brother HL - L2321D,131,0,2636364.0
2023-11-21,1325,"Thiết bị thu phát vô tuyến TP-Link 150M,TL-WN722N",131,0,181818.0
2023-11-22,1330,Bàn phím Dell Multimedia KB216,131,0,290910.0
2023-11-22,1330,Ổ đĩa cứng máy tính KingmaxSA3080 256GB (M.2 Sata 3),131,0,1227273.0
2023-11-22,1330,Bộ vi xử lý Intel Core i3 -10105 (BX8070110105SRH3P),131,0,5181818.0
2023-11-22,1330,Hộp mực in Izinet 12A/303/FX9,131,0,909091.0
2023-11-22,1331,Hộp mực in Ecoplus 12A/303/FX9,131,0,545455.0
2023-11-22,1330,Mạch chính vi tính Gigabyte H510MH V2,131,0,2818182.0
2023-11-22,1330,Chuột máy tính Dell MS116,131,0,163636.0
2023-11-22,1330,Nguồn Jetek Model 350 ELITE V2,131,0,318181.0
2023-11-22,1329,Mực nạp đổ XP12 - 140,131,0,318182.0
2023-11-22,1328,"Máy Tính Xách Tay  Dell VosV5590/I7-10510U/8GB/15.6""(V5590A)",131,0,15081818.0
2023-11-22,1327,Máy in Brother HL-L2321D,131,0,35454545.0
2023-11-22,1333,Máy In Canon Laser MF3010,131,0,4545455.0
2023-11-22,1335,Máy in Brother DCP - B7535DW,131,0,5036364.0
2023-11-22,1331,L8050 Máy in hiệu Epson,131,0,5818182.0
2023-11-22,1332,Màn hình VIEWSONICVA1903A/19'' LCD MONITOR,131,0,2636364.0
2023-11-22,1332,Vỏ thùng máy tính Jetek EN22,131,0,763636.0
2023-11-22,1334,Máy Tính Xách Tay Dell Vos 3510 i3-1115G4 (V5I3205W),131,0,12727273.0
2023-11-22,1336,Bộ lưu điện Santak - TG1000,131,0,4090908.0
2023-11-22,1336,"Màn hình LCD - DELL P2719H /27.0""",131,0,14869091.0
2023-11-22,1336,Mực Laser TN - 2385 Brother,131,0,2618184.0
2023-11-22,1336,Bàn phím Logitech G213,131,0,1400000.0
2023-11-22,1336,Chuột máy tính LogitechG304,131,0,1290908.0
2023-11-22,1326,Màn chiếu chân P84TS,131,0,1009259.0
2023-11-22,1332,Bàn phím Keyboard NK2500,131,0,1181820.0
2023-11-22,1332,"Màn hình máy tính LenovoH20215FE0 - "" E22-28 (H20215FE0)21.5 inch Monitor-HDMI, Linecord, P/N:62B9MAR4WW",131,0,1909091.0
2023-11-22,1332,Nguồn Jetek Model 400ELITE V2,131,0,1772725.0
2023-11-22,1332,Ổ CỨNG VI TÍNH ( SSD)Lexar SSDNS100 256GBSata III 6Gbs ( LNS100-256RB)(LNS100-256RB),131,0,2045455.0
2023-11-22,1332,Chuột vi tính có dây Rapoo N100,131,0,500000.0
2023-11-23,1338,Điện thoại có dây PanasonicKXTSC11,131,0,590909.0
2023-11-23,1341,L8050 MÁY IN EPSON,131,0,9000000.0
2023-11-23,1341,CPU DELL INSPIRON 3020MTI51012W1,131,0,16540909.0
2023-11-23,1340,Hộp mực in Ecoplus 12A/303/FX9,131,0,136364.0
2023-11-23,1339,Máy in Brother DCP - B7535DW,131,0,5036364.0
2023-11-23,1337,"Máy Photocopy đa chức năng đen trắng hiệu FUJIFILM Apeos2150 NDA (copy, in, scan) tốc độ 21 trang A4/Phút khổ lớn nhấtA3 với khay giấy 1 ngăn - TL200716",131,0,17818182.0
2023-11-24,1342,"Hộp mực (Catridge) đã có mực in dùng cho máy in laser loại 83A, nhãn hiệu Xppro",131,0,800000.0
2023-11-25,1343,Mực nạp đổ XP Brother 2240,131,0,727273.0
2023-11-25,1344,Bộ nhớ Máy tính Kingmax8GB DDR4-3200,131,0,636363.0
2023-11-25,1344,MÁY TÍNH ĐỂ BÀN (PC) HP Pro One 240 G9 AIO i3-1215U/8GD4/512GSSD/23.8FHD/IPS/WL/BT/KB/M/W11SL/ĐEN (6M3T0PA),131,0,14636364.0
2023-11-25,1343,Gạt mực (Linh kiện của hộp mực (Cartridge) dùngcho máy in Laser) loại WB 12A,131,0,136364.0
2023-11-25,1343,Mực nạp đổ XP12 - 140,131,0,2727272.0
2023-11-25,1343,"Hộp mực (Catridge) đã có mực in dùng cho máy inlaser loại 49A, nhãn hiệu Xppro",131,0,509091.0
2023-11-25,1343,"Hộp mực (Catridge) đã có mực in dùng cho máy inlaser loại 35A,nhãn hiệu Xppro",131,0,509090.0
2023-11-25,1343,Hộp mực in Izinet 12A/303/FX9,131,0,2181820.0
2023-11-25,1343,Mực nạp đổ XP NPG 6,131,0,545454.0
2023-11-26,1349,Máy chiếu đa năng ViewSonic LS500WHE,131,0,15172727.0
2023-11-26,1346,Máy in Brother HL - L2321D,131,0,2636364.0
2023-11-26,1348,"Thiết bị chuyển mạch TP -Link, TL- SG108",131,0,436364.0
2023-11-26,1347,Hộp mực in Izinet 12A/303/FX9,131,0,500000.0
2023-11-26,1345,Mực Laser TN - 2385 Brother,131,0,11363636.0
2023-11-26,1347,Mạch chính vi tính Gigabyte H510MH V2,131,0,1409091.0
2023-11-26,1347,Nguồn Jetek Model 400 ELITE V2,131,0,363636.0
2023-11-26,1347,Bàn phím Dell Multimedia KB216,131,0,145455.0
2023-11-26,1347,Chuột máy tính Dell WM118,131,0,145454.0
2023-11-26,1351,Ổ CỨNG GẮN TRONG SAMSUNG SSD 860EVO 250GB-MZ-76E250BW,131,0,1354545.0
2023-11-26,1350,Máy In Canon Laser LBP-2900,131,0,3590909.0
2023-11-27,1354,ổ cứng SSD Samsung 980 1TB M.2 NVMe (MZ­V8V1T0BW),131,0,2354546.0
2023-11-27,1354,Bộ nhớ ram Dell EMC 16GB DDR4 - 3200 UDIMM,131,0,3263636.0
2023-11-27,1354,"Ổ cứng gắn trong 480GBSSD Exceria Bics Flash 2.5"" Sata3  Kioxia",131,0,1090909.0
2023-11-27,1355,Ổ CỨNG VI TÍNH ( SSD) Lexar SSDNS100 256GBSata III 6Gbs ( LNS100-256RB)(LNS100-256RB),131,0,15227273.0
2023-11-27,1354,Bộ chuyển đổi PCI express sang cổng M.2 NVME và M.2SATA Ugreen(70504),131,0,290909.0
2023-11-27,1354,Ổ cứng gắn ngoài 1TB Store Jet 2.5'' H3B Transcend,131,0,1536364.0
2023-11-27,1353,"Máy tính bàn Lenovo ThinkCentre Neo 50t Gen 4 - IntelCore i5-13400 (4.60 GHz) - 8GB RAM - 512GB SSD - Wifi & BL -UHD Graphics 730 - NOS - 1YR Premier NBD, P/n 12JB001HVA",131,0,210909091.0
2023-11-27,1353,"Màn hình máy tính Lenovo H20215FE0 - "" E22-28 (H20215FE0)21.5 inch Monitor-HDMI, Linecord, 3YR , P/N:62B9MAR4WW",131,0,36363636.0
2023-11-27,1352,"Bản quyền phần mềm Kaspersky Ksos 5 for DT+MD+FSSEA 10 - MD; 10-Dt ,1-FS; 10Us",131,0,4190000.0
2023-11-28,1356,"Cạc mạng PCI Adapter TP-Link, TL-WN781ND",131,0,181818.0
2023-11-28,1356,Bộ vi xử  lý Intel Core i3- 9100 (BX80684I39100SRCZV),131,0,2690909.0
2023-11-28,1359,MÁY IN LASER ĐƠN NĂNGTRẮNG ĐEN - CANONPRINTER  I-SENSYSLBP236DW,131,0,5263636.0
2023-11-28,1359,Chuột máy tính Dell WM118,131,0,209091.0
2023-11-28,1359,Ổ cứng di động 32GB U301 USB 3.2 Gen 1 Kioxia,131,0,90909.0
2023-11-28,1356,"Ổ cứng gắn trong Western Digital 1TB-3.5"" (WD10EZEX)",131,0,800000.0
2023-11-28,1356,Mực Laser TN-2385 Brother,131,0,872728.0
2023-11-28,1357,Chuột vi tính Rapoo M20,131,0,109091.0
2023-11-28,1357,Bàn phím Keyboard NK2500,131,0,109091.0
2023-11-28,1358,Máy chấm công bằng dấu vân tay K14 Pro,131,0,2453704.0
2023-11-29,1361,Cạc mạng PCI Gigabit TP-Link- TG - 3468,131,0,209091.0
2023-11-29,1360,Chuột vi tính có dây Rapoo N100,131,0,363635.0
2023-11-29,1360,Bàn phím Keyboard NK2500,131,0,681820.0
2023-11-30,1368,"MÀN HÌNH VI TÍNH (LCD)MSI PRO MP251 24.5""INCH/FHD/IPS/300cd/m2/100Hz/HDMI/VGA/AUDIO/SPEAKER/ĐEN(BLACK) (3PC2)(PROMP251)",131,0,2354545.0
2023-11-30,1368,"Thiết bị thu phát vô tuyến TP-Link, TL- WA850RE",131,0,227273.0
2023-11-30,1368,Tai nghe SoundMax AH314,131,0,200000.0
2023-11-30,1367,Mực T3008,131,0,1045455.0
2023-11-30,1368,Bộ máy vi tính,131,0,7900000.0
2023-11-30,1369,Bộ nhớ máy tính xách tayKingmax  8GB DDR5 - 4800 (KMSD5-4800-08GS),131,0,1818182.0
2023-11-30,1362,"Ổ CỨNG GẮN TRONG WESTERN DIGITAL  2TB-3.5"" (WD20EZAZ)",131,0,2909091.0
2023-11-30,1363,Máy chấm công bằng dấu vân tay K14 Pro,131,0,2481482.0
2023-11-30,1364,Bộ máy vi tính,131,0,7309091.0
2023-11-30,1365,Loa SoundMax A2128/2.1,131,0,1318182.0
2023-11-30,1366,Ổ cứng gắn ngoài 500GB SSD ESD270C USB 3.1 GEN 2 TYPE C TRANSCEND,131,0,1081818.0
2023-12-01,1370,Chuột vi tính hiệu Rapoo Model: M650Silent ENG_F-Whilte,131,0,600000.0
2023-12-01,1370,Máy in Brother DCP - B7535DW,131,0,5036364.0
2023-12-02,1372,Máy In Canon Laser LBP-2900,131,0,3590909.0
2023-12-02,1371,Ổ cứng gắn ngoài 1TB StoreJet 2.5'' H3B Transcend,131,0,1436363.0
2023-12-02,1371,Bàn phím Keyboard NK2500,131,0,136364.0
2023-12-03,1377,Máy chấm công bằng dấu vân tay DG600BID,131,0,2805556.0
2023-12-03,1376,Máy Tính Xách Tay  Dell Ins14 5402 i5 -1135G7/4GB/256GBSSD/14.0FHD/VGA2GB/WIN10 (GVCNH2),131,0,17681818.0
2023-12-03,1375,Ổ cắm điện Mpower 4 ổ cắm 5m MP-245S,131,0,425926.0
2023-12-03,1374,Phần mềm Kaspersky KL1941MUEFS,131,0,900000.0
2023-12-03,1373,Máy in Brother HL - L2321D,131,0,2818182.0
2023-12-04,1380,Mạch chính vi tính Gigabyte H510MH -V2,131,0,4363635.0
2023-12-04,1380,Nguồn Jetek model MAXWATT 550,131,0,981818.0
2023-12-04,1382,Bảng mạch chính Asus PRIME - H410MF,131,0,1409091.0
2023-12-04,1380,Mực Laser TN - 2385 Brother,131,0,2181820.0
2023-12-04,1380,"Ổ cứng gắn trong Western Digital 1TB - 3.5""(WD10EZEX)",131,0,2727273.0
2023-12-04,1380,Bàn phím + Chuột Logitech MK235,131,0,1172727.0
2023-12-04,1381,C11CJ67503 : Máy in EpsonL3250 STD,131,0,4045455.0
2023-12-04,1383,Nguồn Jetek Model 400 ELITE V2,131,0,409091.0
2023-12-04,1383,Chíp Xử Lý Intel i5 10400 -(BX8070110400SRH78),131,0,3500000.0
2023-12-04,1378,Ổ CỨNG VI TÍNH ( SSD) Lexar SSDNS100  256GBSata III 6Gbs ( LNS100-256RB)(LNS100-256RB),131,0,454545.0
2023-12-04,1378,"Hộp mực (Catridge) đã có mực in dùng cho máy inlaser loại 35A, nhãn hiệu Xppro",131,0,345454.0
2023-12-04,1378,Mực Laser đen Premium,131,0,109092.0
2023-12-04,1385,Máy chấm công bằng dấu vân tay K14 Pro,131,0,2509259.0
2023-12-04,1386,"Máy Tính Xách Tay  MSIGF63 Thin 11SC-662VN  i7-11800H/8GB;512GB SSD;GTX1650/4GB;15.6"" FHD 144Hz;Win11",131,0,17454545.0
2023-12-04,1383,Máy In Canon Laser LBP 162DW,131,0,8818182.0
2023-12-04,1379,"Ổ cứng SSD Western WDS500G 2B0A, 500GB, Sata3 2.5""",131,0,1454545.0
2023-12-04,1384,Ổ cứng Kingmax SSD Sata III240GB SMV32,131,0,472727.0
2023-12-05,1390,Bộ cò sấy,131,0,545455.0
2023-12-05,1390,Sửa dàn gương,131,0,409091.0
2023-12-05,1390,Sửa khay ADF,131,0,354545.0
2023-12-05,1390,Gạt máy photo,131,0,418182.0
2023-12-05,1390,Drum máy photo,131,0,681818.0
2023-12-05,1390,Cụm sấy DC V2060,131,0,3500000.0
2023-12-05,1390,Bộ cò máy Photo,131,0,454546.0
2023-12-05,1390,"Trống máy in tương thích Brother HL2385 (PADDR630-1), mới 100%",131,0,327272.0
2023-12-05,1389,Máy in trắng đen đa năngBrother DCP-B7620DW,131,0,5227273.0
2023-12-05,1388,Mực Photo ( DP - 5570 ),131,0,909091.0
2023-12-05,1388,Hộp mực in Ecoplus 12A/303/FX9,131,0,1636365.0
2023-12-05,1388,Mực nạp đổ XP12-140,131,0,1181817.0
2023-12-05,1393,Máy tính để bàn DellVos 3888MT  i5-10400/4GD4(RJMM6Y1),131,0,10000000.0
2023-12-05,1393,Màn hình LCD ViewsonicVX2458 -C-MHD,131,0,4045455.0
2023-12-05,1393,Loa SoundMax A2140/2.1,131,0,1272727.0
2023-12-05,1393,"Thiết bị chuyển  mạch TP -Link,TL - SG1016D",131,0,1136364.0
2023-12-05,1392,"Bộ chuyển đổi quang điện AP1113-20A, hiệuAptek",131,0,500000.0
2023-12-05,1393,Bàn phím + Chuột Logitech MK240,131,0,1172727.0
2023-12-05,1392,"Bộ chuyển đổi quang điện AP1115-20B, hiệuAptek",131,0,500000.0
2023-12-05,1391,"Màn hình LCD VIEWSONICVA1903A/19""",131,0,1272727.0
2023-12-05,1391,Loa SoundMax A150/2.0,131,0,245455.0
2023-12-05,1391,Chuột máy tính Dell MS116,131,0,81818.0
2023-12-05,1391,Bàn phím Dell Multimedia KB216,131,0,136364.0
2023-12-05,1391,Máy tính bàn Lenovo ThinkCentre M70s  Gen 3 i3 -12100( 4.3GHZ) - 8GB RAM - 256GB SSD - Wireless &Bluetooth -None-1Yr; P/n 11TC000QVA,131,0,8272727.0
2023-12-06,1398,Cổng nối  mạng TL - SG1005D TP-Link,131,0,500000.0
2023-12-06,1398,Chuột máy tính Logitech B100,131,0,90909.0
2023-12-06,1398,Hộp mực in Izinet 12A/303/FX9,131,0,290909.0
2023-12-06,1398,Mực Laser đen Premium,131,0,181818.0
2023-12-06,1397,"Thiết bị định tuyến băng tần 2,4/5Ghz, TP-LINK, Deco E4 (2-pack)",131,0,1318182.0
2023-12-06,1395,"Máy tính xách tay DellInspiron15 3530, i7-1355U, 8GB, 512GBSSD, Intel Iris Xe Graphics,15.6"" FHD, 4C 54Wh, ax+BT,OfficeHS21, McAfee MDS, Win11, Đen (Carbon Black), 1Y WTY/ 71011775",131,0,35254546.0
2023-12-06,1396,Mực Laser TN-2385 Brother,131,0,500000.0
2023-12-06,1394,Máy in phun đa năng BrotherMFC - T920DW,131,0,6990909.0
2023-12-07,1399,MÀN HÌNH MÁY VÍ TÍNH DELL,131,0,3590909.0
2023-12-07,1399,"MÁY TÍNH XÁCH TAY DELL INSPIRON 5430 N4I5497W1-Silver Intel Core i5 1335U (Up to 4.6Ghz, 12Mb Cache), 16G LPDDR5 4800Mhz, 512Gb SSD NVMe, 14"" FHD 1920 x 1080 250Nits with Comfort View , 4 cell - 54Whr Battery, Windows 11, Platinium Silver, Microsoft Office Home and Studen 2021, Premium Support",131,0,23545455.0
2023-12-08,1400,"Thiết bị chuyển  mạch TP-Link, TL- SF1024D",131,0,700000.0
2023-12-08,1400,Cáp dữ liệu VIDEO HDMI 1.4truyền âm thanh hình ảnh dài15M Ugreen(10111),131,0,681818.0
2023-12-08,1400,Giá treo máy chiếu MS12,131,0,409091.0
2023-12-08,1401,MÁY TÍNH XÁCH TAY (NB)HP 15s - fq5147TU i7-1255U/8GD4/512GSSD/15.6FHD/Wlac/BT5/3C41WHr/W11SL/BẠC(7C133PA),131,0,15818182.0
2023-12-09,1403,Máy chiếu đa năng ViewSonic LS500WHE,131,0,13636364.0
2023-12-09,1402,Hộp mực in Izinet 12A/303/FX9,131,0,290909.0
2023-12-09,1403,"Màn hình vi tính Dell LCD -U2419H- 23.8""WHD-3Y",131,0,4500000.0
2023-12-09,1404,Thiết bị định tuyến TP-Link 2.4GHz/5GHz Archer C50,131,0,418182.0
2023-12-09,1405,Bộ nhớ Máy Tính Xách Tay  Kingmax 8GB DDR4-2666,131,0,772727.0
2023-12-09,1406,"Màn hình LCD VIEWSONICVA1903A/19""",131,0,1227273.0
2023-12-09,1405,Chuột máy tính Logitech M185,131,0,227273.0
2023-12-10,1411,MÀN HÌNH VI TÍNH (LCD)LENOVO ThinkVision  S24i-3023.8INCH/1920x1080/100Hz/IPS/WLED/VGA/HDMI/ĐEN(63DEKAR3WW),131,0,7227273.0
2023-12-10,1410,MÁY IN LASER ĐƠN NĂNGTRẮNG ĐEN -  CANONPRINTER I- SENSYSLBP236DW,131,0,5263636.0
2023-12-10,1409,Chuột máy tính Logitech M221,131,0,218182.0
2023-12-10,1408,Bộ lưu điện Santak - TG500,131,0,15681818.0
2023-12-10,1419,Mực in 85A Number One,131,0,318182.0
2023-12-10,1407,Máy in Brother HL-L2321D,131,0,2636364.0
2023-12-10,1416,Hộp mực in Izinet 12A/303/FX9,131,0,290909.0
2023-12-10,1412,"Thiết bị chuyển mạch TP-Link, 5Port, TL-SG1005D",131,0,200000.0
2023-12-10,1413,"Thiết bị thu phát vô tuyến TP-Link 150M, TL- WN722N",131,0,181818.0
2023-12-10,1417,Chíp Xử Lý Intel i5 /10400 -(BX8070110400SRH78),131,0,6909090.0
2023-12-10,1417,Bộ nhớ Máy Tính Xách TayKingmax  8GB DDR4-2666,131,0,545455.0
2023-12-10,1417,Bộ nhớ Máy tính Kingmax8GB DDR4-3200,131,0,1090908.0
2023-12-10,1417,"Ổ cứng gắn trong SamsungSSD 970EVO,2.250GB MZ-V7S250BW",131,0,1890909.0
2023-12-10,1417,Mực Laser TN-2385 Brother,131,0,2181820.0
2023-12-10,1418,Máy in Canon Laser LBP-2900,131,0,3686364.0
2023-12-10,1413,Bộ máy vi tính,131,0,6172727.0
2023-12-10,1413,"MÀN HÌNH VI TÍNH (LCD)MSI PRO MP251  24.5""INCH/FHD/IPS/300cd/m2/100Hz/HDMI/VGA/AUDIO/SPEAKER/ĐEN(BLACK) (3PC2)(PROMP251)",131,0,2354546.0
2023-12-10,1414,Bút trình chiếu NewmenP012,131,0,336364.0
2023-12-10,1415,Mực Laser đen Premium,131,0,272727.0
2023-12-11,1421,Máy in Brother HL-L2321D,131,0,2636364.0
2023-12-11,1422,Máy Tính Xách Tay Asus ExpertBook B1500CEAE -EJ2362W  i5-1135G7/8GB (90NX0441-M003A0),131,0,14727273.0
2023-12-11,1422,Máy In Canon Laser LBP6030,131,0,2390909.0
2023-12-11,1420,Chuột vi tính Rapoo M20,131,0,272728.0
2023-12-12,1424,"Thiết bị  thu phát vô tuyến TP-Link 2.4Ghz,Archer T2U",131,0,254545.0
2023-12-12,1427,"Màn  hình  LCD - DELL P2719H  27.0""",131,0,4609091.0
2023-12-12,1426,Bộ nhớ Máy tính xách tay Kingmax 8GB DDR4-3200,131,0,636363.0
2023-12-12,1426,Ổ cứng di động 32GB U202 USB2.0 Kioxia,131,0,272728.0
2023-12-12,1426,Chuột vi tính Rapoo M20,131,0,136364.0
2023-12-12,1426,"Máy tính xách tay LenovoThinkPad E15 Gen 4 - I5 -1235U(4.4G) -8Gb RAM - 256GB SSD - WF+BL, Fingerprint - 15.6'FHD - Dos -2Yrs,P/N:21E600CGVA",131,0,15581818.0
2023-12-12,1428,Cáp dữ liệu VIDEO VGA truyền hình ảnh dài 10M Ugreen(11633),131,0,436364.0
2023-12-12,1428,"Thiết bị chuyển mạch TP-Link,TL-SG1008D",131,0,400000.0
2023-12-12,1428,Camera quan sát DS - 2CD1023G0E-IUF,131,0,1363636.0
2023-12-12,1425,"Ổ  cứng gắn trong Western Digital 1TB - 3.5""(WD10EZEX)",131,0,1090909.0
2023-12-12,1423,"Ổ cứng di động SeagateExpansion 2TB 2.5""(STEA2000400)",131,0,2172727.0
2023-12-12,1429,Cạc màn hình Gigabyte 4GB GV-N1650OC - 4GD,131,0,3727273.0
2023-12-12,1429,Mạch chính Gigabyte GA-B460 AORUS PRO AC,131,0,3318182.0
2023-12-12,1429,Mạch chính Gigabyte GA-C246 - WU4,131,0,4136364.0
2023-12-12,1429,Chíp Xử Lý Intel i5 -10400 -2.90Ghz(BS8070110400SRH3C),131,0,6872726.0
2023-12-13,1435,Hộp mực in Izinet 12A/303/FX9,131,0,1227273.0
2023-12-13,1435,Mực nạp đổ XP Brother 2240,131,0,454545.0
2023-12-13,1435,Trống từ Brother DR-2385,131,0,636364.0
2023-12-13,1432,MÀN HÌNH VI TÍNH (LCD)LENOVO ThinkVision  S24i-3023.8INCH/1920x1080/100Hz/IPS/WLED/VGA/HDMI/ĐEN(63DEKAR3WW),131,0,2318182.0
2023-12-13,1432,Bộ máy vi tính,131,0,6900000.0
2023-12-13,1430,Ổ cắm điện Mpower 6 ổ cắm 5m MP-265S,131,0,324074.0
2023-12-13,1435,Mực Laser TN - 2385 Brother,131,0,1500000.0
2023-12-13,1433,MÁY IN LASER ĐƠN NĂNG TRẮNG ĐEN - CANONPRINTER I - SENSYS LBP 236DW,131,0,10527273.0
2023-12-13,1431,Máy In Canon Laser LBP-2900,131,0,3681818.0
2023-12-13,1431,Màn hình vi tính DellSE2422H 23.8Inch/1920x1080@75Hz/Vga/HDMI/Led (60W8F1),131,0,3590909.0
2023-12-13,1434,Bộ nguồn Acbel Power 80plus 550 (PCB041-YKAGT),131,0,690909.0
2023-12-13,1434,Bảng mạch chính Asus Prime H510MK,131,0,1454546.0
2023-12-13,1434,Chuột máy tính Logitech G102,131,0,709090.0
2023-12-13,1434,Bàn phím hiệu Rapoo Model: V500SE (19776),131,0,1054546.0
2023-12-13,1434,Chíp Xử Lý  Intel i5 -10400 -(BX8070110400SRH78),131,0,3454545.0
2023-12-14,1438,"Thiết bị đầu cuối GSM/W-CDMA FDD 2.4GHz TP-Link, M7000",131,0,754546.0
2023-12-14,1438,Màn hình vi tính Samsung LC27F397 Fhexxv,131,0,3590909.0
2023-12-14,1438,"Máy tính để bàn (PC) HP ProOne 240 G9 AIO i3-1215U/8GD4/512SSD/23.8"" (6M3T0PA)",131,0,13363636.0
2023-12-14,1440,"Hộp mực (Catridge) đã có mực in dùng cho máy inlaser loại 214, nhãn hiệu Xppro",131,0,954545.0
2023-12-14,1441,Chuột máy tính Logitech B100,131,0,72727.0
2023-12-14,1437,Máy in canon Laser LBP -2900,131,0,3645455.0
2023-12-14,1436,"Thiết bị chuyển mạch TP-Link, TL-SG105E",131,0,436364.0
2023-12-14,1436,Thiết bị định tuyến TP-Link 2.4GHz/5GHz Archer C50,131,0,418182.0
2023-12-14,1436,"Cáp mạng Cat 6 FTP 305m/thùng, Hiệu Aptek",131,0,1590909.0
2023-12-14,1442,"Máy tính xách tay LenovoV15 G3 IAP , i5-1235U, 8GB,512GBSSD, Intel Iris Xe Graphics,15.6"" FHD, 2C 38Wh, ac+BT,W11H 64, Xám (Iron Grey), 1YWTY_Y_82TT00N9VN",131,0,9454545.0
2023-12-14,1442,"Màn hình vi tính Dell LCD-U2419H - 23.8"" WHD-3Y",131,0,4500000.0
2023-12-14,1442,Loa SoundMax A2128/2.1,131,0,1227273.0
2023-12-14,1441,Máy In Canon Laser LBP-2900,131,0,3500000.0
2023-12-14,1439,Máy hủy giấy Magitech DM-120C,131,0,3703704.0
2023-12-14,1441,"Máy tính xách tay Lenovo V15G3 IAP, i5-1235U, 8GB, 512GBSSD, Intel Iris Xe Graphics,15.6"" FHD, 2C 38Wh, ac+BT,W11H 64, Xám (Iron Grey), 1YWTY_82TT00N9VN",131,0,9954546.0
2023-12-14,1444,Cạc màn hình Asus GT730 -SL - 2GD5-BRK,131,0,1363636.0
2023-12-14,1443,"Màn hình Viewsonic VA2215 -H /21.5""",131,0,1718182.0
2023-12-14,1443,Máy in Brother HL - L2321D,131,0,2636364.0
2023-12-14,1443,Máy in Brother DCP - B7535DW,131,0,5136364.0
2023-12-14,1443,BỘ LƯU ĐIỆN SANTAK - MÃ HÀNGBLAZER-1200 PRO,131,0,3354545.0
2023-12-14,1445,"Máy Tính Xách Tay  Dell Ins15 3520 Intel Core i5 - 1235U/15.6""FHD/1x8G/256GB SSD (N5I5122W1)",131,0,15272727.0
2023-12-15,1446,Máy in Canon Laser LBP 2900,131,0,3590909.0
2023-12-15,1447,Hộp mực in Izinet 12A/303/FX9,131,0,581818.0
2023-12-17,1454,"Máy tính xách tay MSI Bravo15 B7ED -010VN/Ryzen 5 7535HS/512GBSSD/DDR5 16GB(8GB*2)/Radeon RX6550M,GDDR6 4GB/15.6"" FHD144Hz/Win11/Màu đen",131,0,15090909.0
2023-12-17,1455,Ổ đĩa SDRW - 08D2S - U lite hiệu Asus,131,0,809091.0
2023-12-17,1456,Chuột vi tính Rapoo M20,131,0,127273.0
2023-12-17,1456,Bàn phím Dell Multimedia KB216,131,0,145455.0
2023-12-17,1456,Loa SoundMax A2129/2.1,131,0,1409090.0
2023-12-17,1457,MÁY TÍNH XÁCH TAY (NB)DELL VOS 15 3530 i3-1305U/8GD4/256SSD/15.6FHD/120Hz/41WHr/W11SL+OFFICEHOME_ST/Pro/XÁM(80GG92),131,0,10545455.0
2023-12-17,1457,"Thiết bị đinh tuyến Thu phát vô tuyến TP-Link,2.4Ghz,TL-MR6400",131,0,1000000.0
2023-12-17,1457,"Ổ CỨNG DI ĐỘNG (HDD)SEAGATE EXPANSIONPORTABLE 1TB 2.5"" USB 3.0 (STKM1000400)",131,0,1272727.0
2023-12-17,1454,Chuột máy tính Logitech G402,131,0,536364.0
2023-12-17,1449,"Camera quan sát CS - H3C (1080P,4MM,COLOR)",131,0,772727.0
2023-12-17,1454,Bàn phím Logitech Gaming G413 SE,131,0,1136363.0
2023-12-17,1449,Thẻ nhớ Patriot VX Series 64GB MICRO SDXCV30 P/N 7FCNB6JPUVI-64G,131,0,181818.0
2023-12-17,1449,Camera quan sát CS - C6N (1080P),131,0,545455.0
2023-12-17,1449,Máy in Brother DCP -B7535DW,131,0,5136364.0
2023-12-17,1450,Hộp mực in Ecoplus 12A/303/FX9,131,0,254545.0
2023-12-17,1451,"Ổ cứng gắn trong Western Digital 1 TB-3.5""(WD10EZEX)",131,0,1000000.0
2023-12-17,1451,Nguồn Jetek Model 400 ELITE V2,131,0,436364.0
2023-12-17,1452,Hộp mực in Ecoplus 12A/303/FX9,131,0,236364.0
2023-12-17,1453,Hộp mực in Izinet12A/303/FX9,131,0,227273.0
2023-12-17,1448,Màn hình Viewsonic VA2215 -H /21.5'',131,0,1718182.0
2023-12-17,1448,Bộ máy vi tính,131,0,7354545.0
2023-12-18,1461,Chuột máy tính Logitech M185,131,0,200000.0
2023-12-18,1464,Máy In Canon Laser LBP-2900,131,0,3500000.0
2023-12-18,1464,MÁY TÍNH XÁCH TAY (NB)DELL  VOS 15  3530 i5 -1335U/8GD4/512SSD/15.6FHD/120Hz/3C41WHr/W11SL+OFFICEHOME_ST/ProSup/XÁM (80GG9),131,0,14227273.0
2023-12-18,1463,Phần mềm Kaspersky KL1867MUAFS,131,0,840000.0
2023-12-18,1458,"Thiết bị thu phát vô tuyến , TP-LINK,2.4GHz/5GHz,Archer C24",131,0,690910.0
2023-12-18,1458,Bàn phím Keyboard NK2500,131,0,236362.0
2023-12-18,1458,Chuột vi tính Rapoo M20,131,0,254546.0
2023-12-18,1459,Bộ vi xử lý Intel Core i3 -10105 (BX8070110105SRH3P),131,0,5000000.0
2023-12-18,1459,"Thiết bị định tuyến 2G/3G/4G băng tần 2.4Ghz TP-Link,TL-MR100",131,0,4254546.0
2023-12-18,1459,Chuột máy tính Logitech M331,131,0,2636360.0
2023-12-18,1459,Mạch chính vi tính Gigabyte H510MH V2,131,0,7045455.0
2023-12-18,1459,Máy tính để  bàn Dell Ins 3881MT i3 -10100/8GD4(0K2RY1),131,0,24872727.0
2023-12-18,1459,Máy tính để  bàn HP Pro i3 -10100/4G (22C51PA),131,0,16363636.0
2023-12-18,1459,"Máy tính để  bàn HP 20-c403d AIO,J5005(WTY-3JU96AA)70162689",131,0,7200000.0
2023-12-18,1460,"Thiết bị thu phát vô tuyến TP-Link,TL-WN822N",131,0,263636.0
2023-12-18,1462,"Ổ cứng gắn trong 240GBSSD Exceria Bics Flash 2.5"" Sata3 Kioxia",131,0,636364.0
2023-12-18,1462,Bộ nhớ  Máy Tính Xách TayKingmax 4GB DDR4 - 2666,131,0,363636.0
2023-12-18,1462,Chuột máy tính Logitech M221,131,0,227273.0
2023-12-18,1459,Cạc màn hình Asus GT730-SL- 2GD5 - BRK,131,0,7200000.0
2023-12-18,1459,Cạc màn hình MSI RX550 AERO ITX2GOC,131,0,4672728.0
2023-12-18,1459,Bộ nhớ  Máy Tính Xách TayKingmax 4GB DDR4 - 2666,131,0,4909100.0
2023-12-18,1459,Bảng mạch chính Asus Ex- B365M-V,131,0,2636362.0
2023-12-18,1459,Bàn phím + Chuột LogitechMK220,131,0,1636360.0
2023-12-18,1459,Bàn phím + Chuột LogitechMK240,131,0,3818180.0
2023-12-18,1459,Máy In Canon Laser LBP-2900,131,0,17350000.0
2023-12-18,1459,Card VGA ASUS TUF-GTX1650 - 4GD6 - Gaming,131,0,15163636.0
2023-12-18,1459,"Màn hình LCD VIEWSONICVA2261-2/22""",131,0,4000000.0
2023-12-18,1459,Cạc màn hình Asus Cerberus GTX1050TI - O4G,131,0,9000000.0
2023-12-18,1459,Màn hình vi tính SamsungL24R350FHEXXV,131,0,2645455.0
2023-12-19,1466,"Ổ cứng gắn trong Western Digital 1TB-3.5""(WD10EZEX)",131,0,2145454.0
2023-12-19,1466,"Bộ chuột,bàn phím máy vi tính X1800S",131,0,263636.0
2023-12-19,1466,Loa SoundMax A130/2.0,131,0,309090.0
2023-12-19,1466,Màn hình VIEWSONICVA1903A/19'' LCD MONITOR,131,0,2636364.0
2023-12-19,1466,"Hộp mực (cartridge) đã có mực in dùng cho máy inlaser, loại LH2612A (HP1010/1012/3050/FX9) , hiệuMaetone",131,0,681820.0
2023-12-19,1465,Máy hủy giấy Magitech DM - 120C,131,0,3416667.0
2023-12-19,1466,Nguồn Jetek Model 400ELITE V2,131,0,1840910.0
2023-12-19,1466,Tai nghe Logitech H151,131,0,736362.0
2023-12-19,1466,Ổ CỨNG VI TÍNH ( SSD) Lexar  SSDNS100 256GB Sata III6Gbs ( LNS100-256RB)(LNS100-256RB,131,0,2045455.0
2023-12-19,1471,Mực Laser TN-2385 Brother,131,0,409091.0
2023-12-19,1470,Dây cáp mạng(xoắn) Ensoho EN-U5CA24 UTP Cat5e,131,0,1181818.0
2023-12-19,1470,"Thiết bị định tuyến TP-Link 2.4GHz,Archer C6",131,0,500000.0
2023-12-19,1470,"Thiết bị chuyển  mạch TP-Link, TL - SF1024D",131,0,772727.0
2023-12-19,1468,Bộ lưu điện Santak - TG500,131,0,1045455.0
2023-12-19,1469,Chuột máy tính Dell MS116,131,0,354546.0
2023-12-19,1467,Phần mềm Kaspersky KL1867MUAFS,131,0,520000.0
2023-12-19,1467,Phần mềm Kaspersky KL1171MUAFS,131,0,480000.0
2023-12-19,1466,Máy In Canon Laser LBP-2900,131,0,3500000.0
2023-12-19,1466,Ổ CỨNG VI TÍNH ( SSD)Lexar SSDNS100 512GB Sata III 6Gbs ( LNS100-512RB)(LNS100-512RB),131,0,2045454.0
2023-12-19,1474,Bộ nhớ Máy Tính Xách Tay Kingmax 4GB DDR4 - 2666,131,0,4909100.0
2023-12-19,1474,Cạc màn hình Asus CerberusGTX1050TI - O4G,131,0,6000000.0
2023-12-19,1474,"Máy tính xách tay   HP 240G8 (i3-1005G1/4GB DDR4;256GB SSD,14.0FHD Wlac,BT4.2, 3C41WHr,W11SL_617K5PA",131,0,14000000.0
2023-12-19,1474,Chuột máy tính LogitechM221,131,0,3000000.0
2023-12-19,1474,Bàn phím + Chuột LogitechMK220,131,0,1963638.0
2023-12-19,1474,Máy tính xách tay (NB)Lenovo IdeaPad 3 15 IAU7 i3-1215U/8GD4/512GSSD/15.6FHD (82RK001NVN),131,0,18727272.0
2023-12-19,1474,Máy tính xách tay(NB) Lenovo IdeaPad 3 14 IAU7 i3-1215U/8GD4/512GSSD/14.0FHD(82RJ001AVN),131,0,18727272.0
2023-12-19,1474,Máy tính xách tay AsusA415EA - EBI750W (i3-1125G4/8GB/256GB (90NB0RLB-M32730),131,0,19818182.0
2023-12-19,1475,BỘ LƯU ĐIỆN SANTAK - MÃ HÀNG BLAZER - 2200 PRO,131,0,4172727.0
2023-12-19,1472,Máy Tính Xách Tay (NB) DellVos 13 5320 i5 -1240P/8GD5/256SSD/13.3FHD (M32DH1),131,0,17818182.0
2023-12-19,1474,Cạc màn hình Asus GT730-SL- 2GD5 - BRK,131,0,3600000.0
2023-12-19,1474,Cạc màn hình Asus PH - GTX1650 - 4G,131,0,5727272.0
2023-12-19,1474,"Thiết bị định tuyến TP-Link 2.4GHz,Archer C6",131,0,4545450.0
2023-12-19,1473,"MÁY TÍNH XÁCH TAY DELL INSPIRON 3530, i7-1355U",131,0,23809091.0
2023-12-19,1474,Bộ vi xử lý  Celeron G5920(BX80701G5920SHR42),131,0,1227273.0
2023-12-19,1474,Bộ vi xử  lý Intel Pentium G6405(BX80701G6405SRH3Z),131,0,5636364.0
2023-12-19,1474,"Thiết bị đầu cuối W-CDMA FDD 2.4GHz TP-Link, M7200",131,0,6363630.0
2023-12-19,1474,Mạch chính vi tính Gigabyte H510MH V2,131,0,4227273.0
2023-12-19,1474,"Ổ cứng gắn trong WesternDigital 1TB - 3.5""(WD10EZEX)",131,0,4090910.0
2023-12-19,1474,Máy In Canon Laser LBP - 2900,131,0,17350000.0
2023-12-20,1477,Đầu ghi hình DS - 7632NXI-K2,131,0,4990909.0
2023-12-20,1476,Máy In Canon Laser LBP - 2900,131,0,3590909.0
2023-12-20,1486,Máy in đa năng Canon G1010,131,0,4890909.0
2023-12-20,1478,Bàn phím Logitech GamingG413 TKL SE,131,0,1136363.0
2023-12-20,1478,Chuột máy tính Logitech G102,131,0,345454.0
2023-12-20,1478,Cạc màn hình Gigabyte 8GBGV-N3050GAMING OC-8GD,131,0,9409091.0
2023-12-20,1478,"Màn hình vi tính Dell  LCD -E2720H  27""- WHD -3Y",131,0,7272728.0
2023-12-20,1477,Chuột vi tính Rapoo M20,131,0,172727.0
2023-12-20,1479,Chuột máy tính LogitechM185,131,0,181818.0
2023-12-20,1484,"Hộp mực (Catridge) đã có mực in dùng cho máy in laser loại83A, nhãn hiệu Xppro",131,0,318182.0
2023-12-20,1477,"Cáp mạng Cat 6 FTP , Hiệu Aptek",131,0,7636364.0
2023-12-20,1477,Đầu bấm dây cáp mạng Ensoho EN-RJ45C5 RJ-45 cat5e,131,0,1636364.0
2023-12-20,1477,"Thiết bị chuyển  mạch TP-Link,TL - SF1008D",131,0,318182.0
2023-12-20,1477,Cáp dữ liệu VIDEO HDMI 1.4 truyền âm thanh hình ảnh dài1.5M Ugreen (60820),131,0,229091.0
2023-12-20,1477,Ổ cứng hiệu Western WD40EFRX  4TB,131,0,2554545.0
2023-12-20,1477,"Thiêt bị chuyển mạch TP-Link,TL-SF1016D",131,0,445455.0
2023-12-20,1477,"Camera quan sát CS-H8C (4MP,4MM)",131,0,18954545.0
2023-12-20,1482,Bộ vi xử lý vi tính Intel Corei3-10105 (BX8070110105SRH3P) +Quạt,131,0,2500000.0
2023-12-20,1482,"Ổ cứng gắn trong WesternDigital 1TB - 3.5""(WD10EZEX)",131,0,1000000.0
2023-12-20,1483,MÁY TÍNH XÁCH TAY (NB) LENOVO V14 G3 IAP i3-1215U/8GD4/256GSSD/14.0FHD/IPS/WL/BT/2C38/NoOS/ĐEN (82TS0060VN),131,0,7545455.0
2023-12-20,89585,Chiết khấu bán hàng-23GL-HV-542,131,0,1818182.0
2023-12-20,1485,Bộ nhớ máy tính Kingmax 4GB DDR4 - 2666,131,0,2454545.0
2023-12-20,1485,Mạch chính vi tính GigabyteH410MH V2,131,0,6818182.0
2023-12-20,1487,Bộ vi xử lý  Intel Pentium G5400,131,0,3545454.0
2023-12-20,1482,Bộ nhớ máy tính xách tayKingmax  8GB-DDR4-2400,131,0,400000.0
2023-12-20,1481,Bản quyền phần mềm kaspersky dùng cho máy tính Kaspersky Plus SEA 5-Dvc 1Y BsRP ( KL 10424UEFS ),131,0,11700000.0
2023-12-20,1487,Vỏ thùng máy tính Jetek A3033B,131,0,627273.0
2023-12-20,1482,"Ổ cứng gắn trong 480GBSSD Exceria Bics Flash 2.5"" Sata3 Kioxia",131,0,1000000.0
2023-12-20,1487,Cạc màn hình Asus GT730-SL-2GD5-BRK,131,0,1218182.0
2023-12-20,1487,Bộ nhớ máy tính xách tay Kingmax 8GB DDR4-2666,131,0,1563636.0
2023-12-20,1487,Bảng mạch chính AsusPrime H510MK,131,0,1409091.0
2023-12-20,1480,Chuột máy tính Logitech -B100,131,0,72727.0
2023-12-20,1480,Máy in mã vạch XP - 350B,131,0,3181818.0
2023-12-20,1481,Bản quyền phần mềm kaspersky dùng cho máy tính Kaspersky Plus SEA 1-Dvc 1Y BsRP ( KL 10424UAFS ),131,0,300000.0
2023-12-20,1480,ĐẦU ĐỌC MÃ VẠCH EC331,131,0,772727.0
2023-12-21,1490,Bút trình chiếu Newmen P026,131,0,254545.0
2023-12-21,1489,Hộp mực in Izinet 12A/303/FX9,131,0,154545.0
2023-12-21,1499,Máy in Brother HL-L2321D,131,0,2636364.0
2023-12-21,1499,Máy in Epson L8050,131,0,7000000.0
2023-12-21,1499,MÀN HÌNH VI TÍNH (LCD) PHILIPS 271V8LA/74 /27INCH/VA-LCD/WLED/75Hz/4ms/250cd/m2/3000:1/VGA/HDMI/ĐEN(BLACK)(271V8LA/74),131,0,2354545.0
2023-12-21,1499,"Card PCIe Adapter TP-Link,TL-WN881ND",131,0,263636.0
2023-12-21,1499,Bộ máy vi tính,131,0,6445455.0
2023-12-21,1498,Vỏ thùng máy tính Jetek Squid  Z1,131,0,818182.0
2023-12-21,1498,"Ổ cứng di động SeagateExpansion 2TB 2.5""(STEA2000400)",131,0,4000000.0
2023-12-21,1498,Nguồn máy tính Corsair CX650/CP-9020122-NA,131,0,4036365.0
2023-12-21,1490,"Thiết bị chuyển mạch TP-Link,TL-SG1008D",131,0,418182.0
2023-12-21,1490,Đầu bấm dây cáp mạng hiệu ENSOHO mã EN-RJ45C6B RJ-45 Cat6e,131,0,227273.0
2023-12-21,1492,Cáp truyền dữ liệu HDMI 1.4 dài 3m Ugreen (10108),131,0,163636.0
2023-12-21,1491,Hộp mực in Izinet 12A/303/FX9,131,0,1000000.0
2023-12-21,1491,Bộ nguồn  Gigabyte GP-P550B 550W,131,0,772727.0
2023-12-21,1491,Chuột máy tính Logitech G102,131,0,690910.0
2023-12-21,1491,Bàn phím Logitech K380,131,0,981818.0
2023-12-21,1492,Máy chiếu đa năng ViewSonic LS500WHE,131,0,14454546.0
2023-12-21,1498,"Ỏ cứng gắn trong Western Digital 2TB - 3.5""(WD20EZAZ)",131,0,3600000.0
2023-12-21,1495,"Thiết bị chuyển mạch TP-Link,TL-SG1008D",131,0,409091.0
2023-12-21,1498,Bàn phím Logitech K380,131,0,1472727.0
2023-12-21,1488,Máy in Brother HL - L2321D,131,0,5272728.0
2023-12-21,1493,"Thiết bị chuyển mạch TP-Link,TL-SG1008D",131,0,409091.0
2023-12-21,1498,Chuột máy tính LogitechM590,131,0,1390908.0
2023-12-21,1498,Bộ vi xử lý vi tính Intel Core I5-10400 + Quạt,131,0,10363635.0
2023-12-21,1498,Bảng mạch chính AsusPrime H510MK,131,0,4227273.0
2023-12-21,1493,"Thiết bị định tuyến TP-Link 300M,2.4GHz,TL-WR841N",131,0,290909.0
2023-12-21,1498,Máy In Canon Laser LBP-2900,131,0,3636364.0
2023-12-21,1497,Máy Tính Xách Tay Lenovo   ThinkBook 14 G4 IAP i5-1240P/8G/512GB (21DH00B5VN),131,0,16536364.0
2023-12-21,1496,Ổ cứng di động 16GB U301 USB3.2 Gen 1 Kioxia,131,0,327273.0
2023-12-21,1494,Màn chiếu chân P84TS,131,0,1101852.0
2023-12-21,1493,Đầu bấm dây cáp mạng Ensoho EN-RJ45C5 RJ-45 cat5e,131,0,163636.0
2023-12-21,1498,Bộ nhớ Máy tính Kingmax16GB DDR4-3200,131,0,2454546.0
2023-12-22,1501,MÀN HÌNH VI TÍNH (LCD)PHILIPS 271V8LA/74 /27INCH/VA-LCD/WLED/75Hz/4ms/250cd/m2/3000:1/VGA/HDMI/ĐEN(BLACK)(271V8LA/74),131,0,2409090.0
2023-12-22,1501,Máy  tính bàn Lenovo ThinkCentre M70s Gen 3 i3 - 12100( 4.3GHZ) - 8GB RAM - 256GB SSD - Wireless & Bluetooth -None-1Yr; P/n 11TC000QVA,131,0,8445455.0
2023-12-22,1503,Mực laser đen Brother 2240,131,0,136364.0
2023-12-22,1504,Màn hình LCD VIEWSONIC VX2718MHD,131,0,3318182.0
2023-12-22,1502,Máy Tính Xách Tay MSI Bravo 15 B5DD - 028VN i7-5800H,131,0,18154545.0
2023-12-22,1500,"Bộ định tuyến Vigor2926 Plus, hiệu Draytek",131,0,3809091.0
2023-12-23,1511,"Thiết bị chuyển  mạch TP-Link,TL- SF1005D",131,0,145455.0
2023-12-23,1511,"Ổ cứng gắn trong Western Digital 1TB -3.5"" (WD10EZEX)",131,0,1081818.0
2023-12-23,1511,"Máy tính để bàn Dell Inspiron3020, Core i5-13400 (2.5GHz to 4.6GHz),1x8GB 3200MHz, 512GB M.2 PCIe NVMe SSD, Non DVD, Chuột, Bànphím, Win 11, BH 12 tháng, MTI51012W1-8G-512G",131,0,13181818.0
2023-12-23,1511,Loa SoundMax A130/2.0,131,0,145455.0
2023-12-23,1510,Ổ đĩa SDRW-08D2S-U LITE hiệu ASUS,131,0,1618182.0
2023-12-23,1511,Cáp dữ liệu VIDEO HDMI 1.4truyền âm thanh hình ảnh dài 10M Ugreen,131,0,409091.0
2023-12-23,1509,Chuột máy tính Logitech B100,131,0,72727.0
2023-12-23,1506,Chuột máy tính Logitech M185,131,0,181818.0
2023-12-23,1506,Bộ vi xử lý Intel Core i3 - 10105 (BX8070110105SRH3P),131,0,2545455.0
2023-12-23,1508,MÁY  TÍNH XÁCH TAY (NB)HP 14 - ep0128TU i5-1335U/8GD4/512GSSD/14.0FHD/Wlax/BT5/3C41WHr/W11SL/BẠC(8U6L5PA),131,0,15654545.0
2023-12-23,1508,Chuột máy tính Logitech M221,131,0,209091.0
2023-12-23,1511,Màn hình máy tính Dell 22 Monitor E2223HN,131,0,2354545.0
2023-12-23,1509,Bảng mạch chính AsusPrime H510MK,131,0,1445455.0
2023-12-23,1507,Chuột máy tính Logitech M221,131,0,209091.0
2023-12-23,1507,Bàn phím Logitech  K270 Wireless,131,0,309091.0
2023-12-23,1507,Màn  hình vi tính Asus VP247 HAE,131,0,2754546.0
2023-12-23,1507,"Ổ cứng gắn ngoài WDELEMENTS 1TB 2.5"" USB3.0",131,0,1272727.0
2023-12-23,1505,Chuột máy tính Dell WM118,131,0,327272.0
2023-12-23,1505,Bàn phím Dell Multimedia KB216,131,0,290910.0
2023-12-23,1505,Mạch chính vi tính Gigabyte H510MH -V2,131,0,1436363.0
2023-12-23,1505,Bộ vi xử lý Intel Core i3 - 10105 (BX8070110105SRH3P),131,0,5090908.0
2023-12-23,1505,Mực Laser TN-2385 Brother,131,0,1781820.0
2023-12-23,1505,"Ỏ cứng gắn trong Western Digital 2TB-3.5""(WD20EZAZ)",131,0,1322727.0
2023-12-23,1505,Nguồn Jetek Model 400 ELITE V2,131,0,400000.0
2023-12-23,1509,"Ổ cứng gắn trong Western Digital 1TB-3.5"" (WD10EZEX)",131,0,1000000.0
2023-12-24,1514,Bộ chuyển đổi nguồn dùng cho camera DS-3E1309P-EI,131,0,5272724.0
2023-12-24,1515,Chuột máy tính Logitech B100,131,0,654545.0
2023-12-24,1514,Camera quan sát DS-2CD2T43G2-2I,131,0,12727275.0
2023-12-24,1514,"Camera KTS EZVIZ mã CS-C6N (4MP,W1)",131,0,1218182.0
2023-12-24,1515,Máy in mã vạch XP - 350B,131,0,1590909.0
2023-12-24,1516,Vỏ máy tính Jetek X917,131,0,636364.0
2023-12-24,1516,Nguồn Jetek Model 400 ELITE V2,131,0,1000000.0
2023-12-24,1516,Bộ nhớ trong Kingston Fury 16GB D4-3200U C16 (KF432C16BB/16),131,0,1636364.0
2023-12-24,1514,"Cáp mạng Cat 5e UTP 305m/thùng, Hiệu Aptek",131,0,2481819.0
2023-12-24,1516,Bộ vi xử lý vi tính Intel Core I5-10400 + Quạt,131,0,7000000.0
2023-12-24,1520,Hộp mực in Izinet 12A/303/FX9,131,0,2418182.0
2023-12-24,1520,Mực Laser TN-2385 Brother,131,0,6236364.0
2023-12-24,1513,Nguồn máy tính Corsair CV550/CP-9020210-NA,131,0,1000000.0
2023-12-24,1513,Ổ điã cứng GT Kingston 480GB A400(SA400S37/480G),131,0,1274545.0
2023-12-24,1513,Ram máy tính DDR4 4GB bus 2666 Kingston,131,0,1180000.0
2023-12-24,1513,Bộ vi xử lý vi tính Intel Core I5 - 10400 + Quạt,131,0,3600000.0
2023-12-24,1513,Bảng mạch chính Asus Prime H610M - ED4,131,0,1900000.0
2023-12-24,1514,"Bộ chuyển đổi quang sang HDMI + USB, Mãhàng: HDMI-A-USB",131,0,3318182.0
2023-12-24,1514,Thiết bị định tuyến TP-Link 2.4GHz/5GHz Archer C50,131,0,436363.0
2023-12-24,1520,"Màn hình vi tính  LCD  DELL U2721DE -27"" -3Y",131,0,9272727.0
2023-12-24,1519,Mực Laser TN-2385 Brother,131,0,1727273.0
2023-12-24,1518,"Camera KTS EZVIZ mã CS-C6N (4MP,W1)",131,0,563636.0
2023-12-24,1512,Vỏ thùng máy tính JetekA3033B,131,0,263636.0
2023-12-24,1512,Bộ vi xử lý Intel Core i3 -10105 (BX8070110105SRH3P),131,0,2536364.0
2023-12-24,1512,"Ổ cứng gắn trong Western Digital 1TB-3.5""(WD10EZEX)",131,0,1000000.0
2023-12-24,1512,Bảng mạch chính AsusPrime H510MK,131,0,1436363.0
2023-12-24,1512,Hộp mực in Izinet 12A/303/FX9,131,0,1227273.0
2023-12-24,1512,Bàn phím Logitech K380,131,0,981818.0
2023-12-24,1512,Chuột máy tính Logitech G102,131,0,690910.0
2023-12-24,1516,Bảng mạch chính Asus Prime H510MK,131,0,3000000.0
2023-12-24,1517,Điện  thoại có dây Panasonic KXTS500,131,0,336364.0
2023-12-25,1529,MÁY TÍNH XÁCH TAY (NB) LENOVO V14 G3 IAP i3-1215U/8GD4/256GSSD/14.0FHD/IpS/WL/BT/2C38/NoOS/ĐEN(82TS0060VN),131,0,9090909.0
2023-12-25,1530,Mực Laser đen Premium,131,0,981818.0
2023-12-25,1528,Bộ máy vi tính,131,0,87927273.0
2023-12-25,1530,Mực Laser TN - 2385 Brother,131,0,454546.0
2023-12-25,1527,Máy In Canon Laser LBP-2900,131,0,3590909.0
2023-12-25,1525,Máy In Canon Laser LBP-2900,131,0,34090909.0
2023-12-25,1525,"Máy tính Surface Pro 8 13"" (2800x1920) Bundle Intel Core i5-1135G7 8GB Ram 256GB SSD,Win11, DR1-00003",131,0,25181818.0
2023-12-25,1525,Bộ Nhớ Trong Kingston 8GB D-2666 CL16-18-18 (HX426C16FB3/8),131,0,7818182.0
2023-12-25,1527,Hộp mực in Izinet 12A/303/FX9,131,0,818182.0
2023-12-25,1522,Chuột vi tính Rapoo M20,131,0,600000.0
2023-12-25,1522,Bàn phím Dell MultimediaKB216,131,0,772727.0
2023-12-25,1525,Nguồn máy tính Jetek Model G350,131,0,7272727.0
2023-12-25,1526,MÁY IN LASER ĐƠN NĂNG TRẮNG ĐEN -CANON PRINTER I - SENSYS LBP 236DW,131,0,5263636.0
2023-12-25,1521,Ổ CỨNG VI TÍNH ( SSD) Lexar SSDNS100 256GB Sata III 6Gbs ( LNS100-256RB)(LNS100-256RB),131,0,15227273.0
2023-12-25,1523,Ổ CỨNG KINGMAX SSD SATA III 240GB SMV32,131,0,500000.0
2023-12-25,1523,BÀN PHÍM + CHUỘT LOGITECH MK240,131,0,409091.0
2023-12-25,1525,"Thiết bị chuyển mạch TP-Link,TL-SG1008D",131,0,1309092.0
2023-12-25,1525,Thiết bị định tuyến TP-Link 2.4GHz/5GHz Archer C20,131,0,5454540.0
2023-12-25,1525,Loa vi tính Microlab U210,131,0,1500000.0
2023-12-25,1525,Mạch chính vi tính Gigabyte H410MH V2,131,0,19090909.0
2023-12-25,1524,"Thiết bị đầu cuối GSM/W-CDMA FDD 2.4GHz TP-Link, M7000",131,0,800000.0
2023-12-25,1524,Loa  Microlab FC861-5.1,131,0,2400000.0
2023-12-25,1524,Máy quét HP 2000S2-6FW06A,131,0,6900000.0
2023-12-25,1524,"MÀN HÌNH VI TÍNH (LCD)MSI PRO MP251 24.5""INCH/FHD/IPS/300cd/m2/100Hz/HDMI/VGA/AUDIO/SPEAKER/ĐEN(BLACK) (3PC2)(PROMP251)",131,0,5180000.0
2023-12-25,1525,Nguồn máy tính Jetek mini A200m,131,0,5181820.0
2023-12-25,1525,Bộ nhớ Máy Tính Xách Tay Kingmax 4GB DDR4 - 2666,131,0,4909100.0
2023-12-25,1525,Hộp mực in Izinet 12A/303/FX9,131,0,15454545.0
2023-12-25,1525,"Màn hình AOC 31.5"" Curve Gaming C32G2E/74",131,0,4727273.0
2023-12-25,1525,"Màn hình AOC 23.8""  Wide  IPS 24V2Q/74",131,0,5181818.0
2023-12-25,1525,"Màn hình AOC 27"" Wide IPS 27V2Q/74",131,0,2863636.0
2023-12-25,1525,"Máy tính để bàn (PC) HP AIO22-dd2005d i3-1215U/4GD4/256G SSD/21.5"" (6K7G4PA)",131,0,12272727.0
2023-12-25,1525,"Màn hình vi tính HP 22FW21.5 inch,3Y WTY- 3KS61AA",131,0,2863636.0
2023-12-25,1525,Máy chiếu Sony VPL - EX430,131,0,11600000.0
2023-12-25,1525,Máy chiếu đa năng ViewSonic PA502SP,131,0,14472726.0
2023-12-25,1525,"Màn hình LCD 18.5"" HP 19ka",131,0,5563636.0
2023-12-25,1525,Máy in mã vạch XP-318B,131,0,4145452.0
2023-12-26,1531,Chuột máy tính Logitech B100,131,0,454545.0
2023-12-26,1540,"Hộp mực đã có mực in, tương thích xerox C-XD2065, 10K",131,0,1445455.0
2023-12-26,1541,Máy in Brother HL - L2321D,131,0,5272728.0
2023-12-26,1531,Bàn phím Logitech K120,131,0,863636.0
2023-12-26,1531,"Ổ cứng di động SeagateExpansion 1TB 2.5""(STEA1000401)",131,0,2890910.0
2023-12-26,1542,"Máy hủy giấy hiệu Ziba model PC-415CD ,hoạt động bằng điện",131,0,7592593.0
2023-12-26,1539,Bộ máy vi tính,131,0,87927273.0
2023-12-26,1532,Mực nạp NB 35a,131,0,136364.0
2023-12-26,1532,Mực laser đen Brother 2240,131,0,181818.0
2023-12-26,1532,Mực Laser đen Premium,131,0,1363636.0
2023-12-26,1532,Hộp mực in Izinet 12A/303/FX9,131,0,1090910.0
2023-12-26,1533,Phần mềm Kaspersky KL1919MCAFS,131,0,700000.0
2023-12-26,1534,Máy In Laser Canon  LBP-2900,131,0,19272727.0
2023-12-26,1534,"MÀN HÌNH VI TÍNH (LCD) MSI PRO MP251 24.5"" INCH/FHD/IPS/300cd/m2/100Hz/HDMI/VGA/AUDIO/SPEAKER/ĐEN(BLACK) (3PC2)(PROMP251)",131,0,7609092.0
2023-12-26,1534,BỘ MÁY VI TÍNH,131,0,38318181.0
2023-12-26,1536,Máy in đa năng Brother MFC - L2701D,131,0,4990909.0
2023-12-26,1537,Máy in Canon LBP -233DW,131,0,5181818.0
2023-12-26,1538,Hộp mực 057 Number One,131,0,636364.0
2023-12-26,1543,MÁY TÍNH ĐỂ BÀN DELL INSPIRON  3020 Core i3-13100 - Màn hình máy  tính  Dell 22 	Monitor - E2223HN (Theo Hợp đồng kinh tế số 01/HĐKT-XDBTN-HV ký ngày 18 tháng 12 năm 2023),131,0,456000000.0
2023-12-26,1548,Dây cáp mạng Ensoho EN-F6CA24 FTP cat6 (305m/h),131,0,4772727.0
2023-12-26,1535,"Máy tính xách tay Lenovo V15 G4 IAH, i5-12500H, 16GB,512GB SSD, Intel Iris XeGraphics, 15.6"" FHD, 2C 38Wh,ax+BT, FP, W11H, Xám (IronGrey), 1Y WTY_83FS0032VN",131,0,25636364.0
2023-12-26,1547,Giấy in BILL K57x38,131,0,712963.0
2023-12-26,1544,Mực T3008,131,0,1045455.0
2023-12-26,1544,Bộ cò sấy,131,0,500000.0
2023-12-26,1545,Bàn phím Keyboard NK2500,131,0,136363.0
2023-12-26,1545,Nguồn Jetek Model 350 ELITE V2,131,0,436364.0
2023-12-26,1545,Vỏ máy tính Jetek X917,131,0,363636.0
2023-12-26,1545,Chuột vi tính có dây Rapoo N100,131,0,72727.0
2023-12-26,1545,LINH KIỆN VI TÍNH ( RAM PC ) Lexar 8GB DDR4 -3200U-DIMMCL22 (LD4AU008G-B3200GSST ),131,0,636364.0
2023-12-26,1546,Dây cáp mạng Ensoho EN-F6CA24 FTP cat6 (305m/h),131,0,4881818.0
2023-12-26,1545,Bảng mạch chính Asus Prime H510MK,131,0,1500000.0
2023-12-26,1545,Ổ CỨNG VI TÍNH ( SSD) Lexar SSDNS100 256GB Sata III6Gbs ( LNS100-256RB)(LNS100-256RB),131,0,545455.0
2023-12-26,1545,"Ỏ cứng gắn trong Western Digital 2TB-3.5""(WD20EZAZ)",131,0,1300000.0
2023-12-26,1545,Bộ vi xử lý vi tính Intel Core I5-10400 + Quạt,131,0,3636364.0
2023-12-27,1549,CPU  MÁY  TÍNH,131,0,16818182.0
2023-12-27,1554,Máy tính để bàn Dell Vos 3681 - STI38400W4G - 1T Intel Core i3-10105,131,0,9000000.0
2023-12-27,1553,BỘ MÁY VI TÍNH,131,0,5454545.0
2023-12-27,1552,Ổ CỨNG VI TÍNH ( SSD) Lexar SSDNS100 256GB Sata III6Gbs ( LNS100-256RB)(LNS100-256RB ),131,0,15227273.0
2023-12-27,1549,Máy chiếu đa năng Viewsonic  PA503W,131,0,10118182.0
2023-12-27,1552,Máy tính bàn Dell Inspiron 3020 Core i3-13100 3.4GHz/ 8GBRam/256GB SSD/ Win 11home/ Office Home & Student 2021/Wireless Bluetooth/ Mouse/ Keyboard/ 12mths Pre,131,0,102500000.0
2023-12-27,1551,Máy hủy giấy Magitech DM-120C,131,0,3690000.0
2023-12-27,1557,Máy In Canon MF241D,131,0,4177273.0
2023-12-27,1556,Mực nạp đổ XP12 - 140,131,0,6000000.0
2023-12-27,1555,Bàn phím + Chuột Logitech MK240,131,0,781818.0
2023-12-27,1555,"Thiết bị đầu cuối GSM/W-CDMA FDD 2.4GHz TP-Link, M7350",131,0,1227273.0
2023-12-27,1555,"Màn hình Ultrasharp Dell 23.8"" U2422H",131,0,4727273.0
2023-12-27,1555,Máy chiếu Boxlight ALX350,131,0,11000000.0
2023-12-27,1558,Máy in đa năng Brother MFC - L2701D,131,0,4727273.0
2023-12-27,1558,"Ổ cứng di động Seagate Expansion 1TB  2.5""",131,0,1272727.0
2023-12-27,1550,Bộ máy vi tính,131,0,87927273.0
2023-12-27,1559,"Camera quan sát CS - H8C (4MP,4MM)",131,0,2520000.0
2023-12-27,1559,Hộp mực in Izinet 12A/303/FX9,131,0,30000000.0
2023-12-27,1559,Camera quan sát DS-2CD2T43G2-2I,131,0,3900000.0
2023-12-27,1559,Mực nạp đổ XP12 - 140,131,0,4000000.0
2023-12-27,1558,Bàn phím Dell Multimedia KB216,131,0,154545.0
2023-12-27,1558,Chuột máy tính Logitech M221,131,0,218182.0
2023-12-27,1558,Bộ vi xử lý vi tính Intel Core i3-10105 (BX8070110105SRH3P) +Quạt,131,0,2500000.0
2023-12-28,1566,"Ổ cứng gắn trong Western Digital  1TB - 3.5""(WD10EZEX)",131,0,2043636.0
2023-12-28,1565,Máy in Brother DCP-B7535DW,131,0,5136364.0
2023-12-28,1564,Máy in Brother DCP - B7535DW,131,0,5136364.0
2023-12-28,1563,Camera quan sát CS-C6N (1080P),131,0,39999960.0
2023-12-28,1563,"Thiết bị thu phát vô tuyến TP-Link,TL - WN725N",131,0,5000000.0
2023-12-28,1563,Vỏ thùng máy tính Jetek A3033B,131,0,11363650.0
2023-12-28,1563,"Thiết bị chuyển  mạch TP-Link,TL-SF1005D",131,0,7636370.0
2023-12-28,1567,Thiết bị chuyển mạch DS-3E1318P-EI/M,131,0,5780000.0
2023-12-28,1563,Vỏ thùng máy tính Jetek A3035B,131,0,22727300.0
2023-12-28,1567,"Ổ cứng gắn trong Western Digital  4TB 3.5 '' sata3 , màu tím ( Purple ) WD43PURZ",131,0,2430000.0
2023-12-28,1567,Thiết bị thu phát vô tuyến RG - EW1200G Pro,131,0,909091.0
2023-12-28,1566,Màn  hình Dell  S2421H23.5 inch (70X9V1),131,0,5600000.0
2023-12-28,1566,Bộ vi xử lý vi tính Intel Core I5-10400 + Quạt,131,0,3227273.0
2023-12-28,1566,Nguồn Jetek Model 350 ELITE V2,131,0,954546.0
2023-12-28,1566,Bảng mạch chính Asus Prime H510MK,131,0,2909090.0
2023-12-28,1566,USB hiệu Kingston 64GB 3.0 DT100G3 (DT100G3/64GB),131,0,720000.0
2023-12-28,1573,Tai nghe SoundMax AH314,131,0,400000.0
2023-12-28,1573,Loa SoundMax A4000/4.1,131,0,800000.0
2023-12-28,1573,"Màn hình vi tính Dell LCD E2216H - 21.5"" WHD-3Y",131,0,1909091.0
2023-12-28,1573,Mực in 26A Number One,131,0,409091.0
2023-12-28,1573,Hộp mực in Izinet12A/303/FX9,131,0,363636.0
2023-12-28,1573,Máy tính bàn Dell Inspiron 3020 Core i3-13100 3.4GHz/8GBRam/256GB SSD/ Win 11home/ Office Home & Student2021/Wireless Bluetooth/ Mouse/ Keyboard/ 12mths Pre,131,0,10250000.0
2023-12-28,1562,"Thiết bị đầu cuối GSM/W-CDMA FDD 2.4GHz TP-Link, M7350",131,0,1227273.0
2023-12-28,1563,Bàn phím Dell Multimedia KB216,131,0,1363636.0
2023-12-28,1563,"Camera quan sát CS - H3C (1080P,4MM,COLOR)",131,0,2840910.0
2023-12-28,1563,Thẻ nhớ 32GB Micro SDHC Exceria Plus UHS-I C10 U3 V30 A1 98MB/65MB/s Kioxia ( Có Adapter),131,0,3272720.0
2023-12-28,1563,"Thiết bị  thu phát vô tuyến TP-Link,TL-WN821N",131,0,5454560.0
2023-12-28,1563,Máy in hóa đơn XP-T80L,131,0,20454540.0
2023-12-28,1563,Thẻ nhớ 64GB Micro SDXC Exceria UHS-I C10 U1 100MB/s Kioxia ( không có Adapter),131,0,3545460.0
2023-12-28,1563,Bàn phím Keyboard NK2500,131,0,31363635.0
2023-12-28,1563,Chuột vi tính có dây Rapoo N100,131,0,27272724.0
2023-12-28,1563,Loa SoundMax A130/2.0,131,0,7909080.0
2023-12-28,1563,Chuột máy tính Logitech B100,131,0,3381818.0
2023-12-28,1567,Camera quan sát DS-2CD1023G0-IUF(C),131,0,24920000.0
2023-12-28,1567,Đầu ghi hình DS-7632NXI-K2,131,0,4850000.0
2023-12-28,1570,6FW06A : Máy quét ảnh hoặc tài liệu HP ScanJetPro 2000S2 Sheet-feed- Scanner,131,0,7263636.0
2023-12-28,1571,Máy in HP LJ 181FW(T6B71A),131,0,7772727.0
2023-12-28,1572,Máy In Canon Laser LBP-2900,131,0,19318182.0
2023-12-28,1572,"Màn hình máy tính LenovoThinkVision S22e - 20, 21.5""FHD, 3Y WTY_62C6KAR1WW",131,0,54318182.0
2023-12-28,1572,Bộ máy vi tính,131,0,10990909.0
2023-12-28,1561,"Thiết bị chuyển  mạch TP-Link,TL - SF1005D",131,0,236364.0
2023-12-28,1561,MÁY TÍNH XÁCH TAY (NB) LENOVO V14 G3 IAP i3-1215U/8GD4/256GSSD/14.0FHD/IPS/WL/BT/2C38/NoOS/ĐEN (82TS0060VN),131,0,8172727.0
2023-12-28,1561,"Thiết bị đầu cuối GSM/W-CDMA FDD 2.4GHz TP-Link, M7350",131,0,1227272.0
2023-12-28,1561,Camera quan sát CS - C6N (1080P),131,0,2460000.0
2023-12-28,1561,Bàn phím Dell Multimedia KB216,131,0,581820.0
2023-12-28,1561,Chuột máy tính Dell MS116,131,0,327272.0
2023-12-28,1561,Tai nghe SoundMax AH314,131,0,381818.0
2023-12-28,1561,Loa SoundMax A926 /2.1,131,0,709091.0
2023-12-28,1560,Ổ đĩa cứng gắn trong  máy tính hiệu LEXAR 2.5 inch SSD256GB (LNS100-256RB),131,0,818182.0
2023-12-28,1569,MÀN HÌNH VI TÍNH (LCD) DELL S2421H  23.8INCH/1920x1080@75Hz/SP/2HDM I/LED/IPS/BẠC(70X9V1),131,0,3590000.0
2023-12-28,1569,Cáp dữ liệu VIDEO HDMI sang DVI truyền hình ảnh dài 1.5M Ugreen (11150),131,0,250000.0
2023-12-28,1568,Máy quét Canon Lide 400,131,0,2945455.0
2023-12-29,1580,Máy quét Canon Lide 400,131,0,5527272.0
2023-12-29,1580,MÁY IN CANON LBP 233DW,131,0,16609092.0
2023-12-29,1579,Máy in hóa đơn XP-T80L,131,0,818182.0
2023-12-29,1578,ổ cứng gắn ngoài 2TB SSDESD310C USB 10Gbps TypeC/A Transcend,131,0,3409091.0
2023-12-29,1580,Máy in sổ Olivetti PR2 Plus,131,0,11024546.0
2023-12-29,1577,MÁY TÍNH XÁCH TAY (NB)  Lenovo Ideapad 320 15IKB i5-8250U/4G /15.6,131,0,6818182.0
2023-12-29,1580,Đầu bấm dây cáp mạng hiệu ENSOHO mã EN-RJ45C6B RJ-45 Cat6e 8P8C,131,0,272727.0
2023-12-29,1580,"Thiết bị chuyển mạch TP-Link, TL-SG108",131,0,599091.0
2023-12-29,1580,Dây cáp mạng EN-R5BC20-MP3L-200-RG59+2C,131,0,3660000.0
2023-12-29,1580,BỘ LƯU ĐIỆN SANTAK - MÃ HÀNG  BLAZER-2200 PRO,131,0,4000000.0
2023-12-29,1581,Phần mềm Kaspersky KL1941MUEFS,131,0,1900000.0
2023-12-29,1580,"Thiêt bị chuyển mạch TP-Link,TL-SG1024D",131,0,1772727.0
2023-12-29,1577,"Máy tính xách tay LenovoV15 G4 IRU - Intel Core i3 -1315U (4.50GHz) - 8GB RAM - 512GB SSD - WF+BL -15.6FHD60Hz - NOS- 2YR Premium NBD, ,P/n 83A10007VN",131,0,9181818.0
2023-12-29,1583,Chuột máy tính Logitech M221,131,0,263636.0
2023-12-29,1577,MÁY TÍNH XÁCH TAY (NB)LENOVO V14 G3 IAP i3-1215U/8GD4/256GSSD/14.0FHD/IPS/WL/BT/2C38/NoOS/ĐEN (82TS0060VN),131,0,29454545.0
2023-12-29,1582,"Máy Tính Xách Tay Asus Expert  Center B1500CEAE -EJ2701 / 15.6"" i5-1135G7/8GB DDR4/512GB (90NX0441-M01BE0)",131,0,10909091.0
2023-12-29,1582,"Màn hình LCD VIEWSONIC VA1903A/19""",131,0,1181818.0
2023-12-29,1582,Máy In Canon Laser LBP6030,131,0,2300000.0
2023-12-29,1576,MÁY TÍNH XÁCH TAY (NB) LENOVO V14 G3 IAP i3-1215U/8GD4/256GSSD/14.0FHD/IPS/WL/BT/2C38/NoOS/ĐEN (82TS0060VN),131,0,7545455.0
2023-12-29,1575,Máy quét Canon Lide 300,131,0,1718182.0
2023-12-29,1574,"Màn hình LCD VIEWSONIC VA1903A/19""",131,0,1318182.0
2023-12-29,1583,Bảng mạch chính Asus PRIME H310M-KR2.0,131,0,1136364.0
2023-12-29,1583,Ổ cứng di động 32GB U202 USB 2.0 Kioxia,131,0,1363636.0
2023-12-30,1585,Chuột máy tính Logitech M590,131,0,472727.0
2023-12-30,1585,Loa SoundMax A2126/2.1,131,0,1077273.0
2023-12-30,1585,Mực Laser Mitsubishi (140g) 26A,131,0,181820.0
2023-12-30,1585,Mực nước Epson EIMB,131,0,818180.0
2023-12-30,1585,Mực in 85A Number One,131,0,810000.0
2023-12-30,1585,Trống nhãn hiệu Hanp loại DMHP1010PG11-1-100/DMHP1010(Canon2900/12A),131,0,300000.0
2023-12-30,1585,Hộp mực in Izinet 12A/303/FX9,131,0,8400000.0
2023-12-30,1585,Gạt mực (Linh kiện của hộp mực (Cartridge) dùngcho máy in Laser) loại WB 12A,131,0,80000.0
2023-12-30,1586,"Máy Tính Xách Tay Asus Expert Center B1500CEAE -EJ2701 / 15.6"" i5-1135G7/8GB DDR4/512GB (90NX0441-M01BE0)",131,0,10909091.0
2023-12-30,1586,Máy in canon laser LBP - 2900,131,0,3500000.0
2023-12-30,1587,Hộp mực in Izinet 12A/303/FX9,131,0,327273.0
2023-12-30,1584,Máy đếm tiền XD BC -­ 35,131,0,4490741.0
2023-12-30,1585,Mực nạp đổ XP12 - 140,131,0,940000.0
